state	N_v	L_v	F_hat	R_star	eligible_relobstq	variant
primary::APC+KRAS+TP53	580	0.0456944772709367	0.05071783375952916	0.8232529403046509	True	full_mhn
metastatic::APC+KRAS+TP53	389	0.0306468132041282	0.033530655816497855	0.8351674243413262	True	full_mhn
unknown::TP53	17	0.0013393208855274	0.02347240672796237	0.052138351086996194	True	full_mhn
primary::APC+KRAS+PIK3CA+TP53	155	0.0122114551327503	0.02060843805450747	0.5414428384575979	True	full_mhn
primary::APC+TP53	938	0.0738989994485149	0.016668420939906108	4.051113133320732	True	full_mhn
unknown::APC	3	0.0002363507445048	0.015155143567082434	0.014250404519255633	False	full_mhn
primary::APC+KRAS+SMAD4+TP53	117	0.0092176790356889	0.013491623821286863	0.6242918006206393	True	full_mhn
metastatic::APC+KRAS+PIK3CA+TP53	69	0.0054360671236114	0.012358833348040811	0.401918139580346	True	full_mhn
primary::APC+FBXW7+KRAS+TP53	87	0.0068541715906405	0.012005526271316338	0.5216798267167779	True	full_mhn
primary::KRAS+TP53	183	0.0144173954147955	0.011108082544231086	1.1859816900266977	True	full_mhn
metastatic::APC+KRAS+SMAD4+TP53	77	0.0060663357756243	0.00998969291561345	0.5548870377712055	True	full_mhn
primary::APC+KRAS+SOX9+TP53	59	0.0046482313085952	0.009296029988592193	0.4568992954135536	True	full_mhn
metastatic::APC+TP53	584	0.0460096115969431	0.008711448194106085	4.82601293487723	True	full_mhn
unknown::KRAS	4	0.0003151343260064	0.008506934787733718	0.033849548516360836	False	full_mhn
primary::APC+KRAS+TCF7L2+TP53	53	0.0041755298195855	0.007699625950426247	0.4955326042683872	True	full_mhn
primary::APC+PIK3CA+TP53	113	0.0089025447096825	0.007451482499059708	1.0916960789198438	True	full_mhn
metastatic::KRAS+TP53	175	0.0137871267627826	0.007185250644092382	1.7533237639859172	True	full_mhn
primary::APC+KRAS+PIK3CA	133	0.0104782163397148	0.007080496260565356	1.3522404903611025	True	full_mhn
primary::APC+FBXW7+KRAS+PIK3CA+TP53	24	0.0018908059560387	0.006564768581515378	0.26318298801004014	True	full_mhn
primary::APC+FBXW7+TP53	93	0.0073268730796502	0.006136952086876778	1.090928301590705	True	full_mhn
metastatic::APC+FBXW7+KRAS+TP53	43	0.0033876940045694	0.006119868570505126	0.505815755484337	True	full_mhn
metastatic::APC+KRAS+SOX9+TP53	35	0.0027574253525565	0.006062742451993109	0.4155898359171103	True	full_mhn
primary::APC+SMAD4+TP53	58	0.0045694477270936	0.005993017817271571	0.6967041820222638	True	full_mhn
primary::APC+KRAS+PIK3CA+SMAD4+TP53	22	0.0017332387930355	0.005736356548758961	0.2760911820027996	True	full_mhn
primary::APC+SOX9+TP53	64	0.0050421492161033	0.005586737778865474	0.8246842095065933	True	full_mhn
primary::APC+NRAS+TP53	57	0.004490664145592	0.005170098979950605	0.7936737026851056	True	full_mhn
primary::APC+ARID1A+KRAS+TP53	18	0.001418104467029	0.0048972935679930515	0.2645954423806445	True	full_mhn
metastatic::APC+KRAS+TCF7L2+TP53	32	0.0025210746080516	0.00486473093875517	0.47354051917419715	True	full_mhn
primary::APC+KRAS	215	0.0169384700228472	0.00470676356402751	3.2883805423766383	True	full_mhn
primary::TP53	409	0.0322224848341605	0.004700213313047387	6.264288234932313	True	full_mhn
primary::BRAF+TP53	129	0.0101630820137083	0.004649013597566012	1.9975372491374694	True	full_mhn
primary::APC+BRAF+TP53	56	0.0044118805640904	0.004481559507471881	0.8995490561654922	True	full_mhn
metastatic::APC+PIK3CA+TP53	49	0.0038603954935791	0.0041351719257021104	0.8530382436986538	True	full_mhn
primary::APC+ARID1A+TP53	50	0.0039391790750807	0.004086620336569442	0.8807886409509096	True	full_mhn
primary::APC+KRAS+PIK3CA+TCF7L2+TP53	14	0.0011029701410226	0.0038597343151158246	0.26111788375969613	True	full_mhn
primary::APC+KRAS+PIK3CA+SOX9+TP53	21	0.0016544552115339	0.00380080764488712	0.39774927478483635	True	full_mhn
unknown::PIK3CA	1	7.878358150161507e-05	0.003756738649303617	0.01916262539540397	False	full_mhn
primary::APC+TCF7L2+TP53	69	0.0054360671236114	0.003677410110325057	1.3507439085275716	True	full_mhn
metastatic::APC+KRAS+PIK3CA	73	0.0057512014496178	0.0036532884674365306	1.4384835071991466	True	full_mhn
metastatic::APC+NRAS+TP53	46	0.0036240447490742	0.003619109692743421	0.9150020727689102	True	full_mhn
metastatic::TP53	265	0.0208776490979279	0.0036111394966095623	5.282841748606556	True	full_mhn
unknown::BRAF	1	7.878358150161507e-05	0.0035913970796251694	0.02004483877668918	False	full_mhn
primary::KRAS+SMAD4+TP53	53	0.0041755298195855	0.003589125546300787	1.0630488260495936	True	full_mhn
metastatic::APC+SMAD4+TP53	56	0.0044118805640904	0.0034842159468804106	1.1570415514709476	True	full_mhn
metastatic::APC+FBXW7+TP53	31	0.00244229102655	0.003368902713924703	0.6624288168084227	True	full_mhn
metastatic::APC+KRAS+PIK3CA+SMAD4+TP53	11	0.0008666193965177	0.0033637197107639944	0.23541757279500125	True	full_mhn
metastatic::APC+ARID1A+KRAS+TP53	16	0.0012605373040258	0.0032471892248104824	0.3547140395366803	True	full_mhn
metastatic::APC+SOX9+TP53	42	0.0033089104230678	0.0032125019917531614	0.9411782393651718	True	full_mhn
metastatic::APC+FBXW7+KRAS+PIK3CA+TP53	15	0.0011817537225242	0.0031702531145943167	0.34061464261366997	True	full_mhn
primary::KRAS+PIK3CA+TP53	49	0.0038603954935791	0.003048383490017836	1.1571574928612902	True	full_mhn
primary::APC	122	0.009611596943197	0.0030347296031764436	2.894048614593533	True	full_mhn
primary::APC+KRAS+SMAD4+SOX9+TP53	13	0.0010241865595209	0.002942388277343064	0.3180602260832707	True	full_mhn
primary::APC+FBXW7+KRAS+SMAD4+TP53	17	0.0013393208855274	0.002870773892987245	0.4263005823811666	True	full_mhn
metastatic::KRAS+SMAD4+TP53	41	0.0032301268415662	0.002860626139697981	1.031783899350151	True	full_mhn
primary::APC+KRAS+PIK3CA+SOX9	26	0.0020483731190419	0.0028406565455295577	0.6589016769225035	True	full_mhn
primary::APC+CTNNB1+KRAS+TP53	21	0.0016544552115339	0.002822967772783676	0.535524528047308	True	full_mhn
metastatic::BRAF+TP53	62	0.0048845820531001	0.0027480188161514048	1.6241942926021413	True	full_mhn
metastatic::APC+KRAS	120	0.0094540297801938	0.0027270310172570955	3.167795671508571	True	full_mhn
primary::APC+FBXW7+KRAS+PIK3CA	35	0.0027574253525565	0.0026397543609709972	0.9544881059940029	True	full_mhn
metastatic::KRAS+PIK3CA+TP53	33	0.0025998581895532	0.0026337031611410253	0.9020136454509929	True	full_mhn
primary::APC+KRAS+PIK3CA+SMAD4	31	0.00244229102655	0.002566620688486505	0.8694928115134668	True	full_mhn
metastatic::APC+ARID1A+TP53	32	0.0025210746080516	0.0025588522823406824	0.9002658066087901	True	full_mhn
primary::SMAD4+TP53	48	0.0037816119120775	0.0025414407538313206	1.3596503541201386	True	full_mhn
primary::BRAF+RNF43+TP53	39	0.0030725596785629	0.002531083440359602	1.1092364626255644	True	full_mhn
primary::APC+KRAS+PTEN+TP53	19	0.0014968880485306	0.002378678445057916	0.5750211997281826	True	full_mhn
primary::APC+KRAS+SOX9	26	0.0020483731190419	0.0023593229830477496	0.7933264647208352	True	full_mhn
primary::APC+FBXW7+KRAS+SOX9+TP53	14	0.0011029701410226	0.0023395656346905306	0.43078323647943867	True	full_mhn
metastatic::APC	48	0.0037816119120775	0.0023315605487818918	1.4820420694650212	True	full_mhn
metastatic::APC+TCF7L2+TP53	42	0.0033089104230678	0.0022540797047298088	1.3413620475845545	True	full_mhn
primary::APC+KRAS+PIK3CA+TCF7L2	16	0.0012605373040258	0.002160110870301114	0.5332243000718923	True	full_mhn
metastatic::APC+KRAS+SMAD4+SOX9+TP53	5	0.000393917907508	0.0021492855765767923	0.16747187115393425	True	full_mhn
primary::APC+KRAS+SMAD4	44	0.003466477586071	0.002146665268877766	1.4755513888782803	True	full_mhn
metastatic::APC+BRAF+TP53	25	0.0019695895375403	0.0021237895362298392	0.8474118339204598	True	full_mhn
primary::APC+KRAS+SMAD4+TCF7L2+TP53	8	0.0006302686520129	0.002065659918492101	0.27880281661040046	True	full_mhn
primary::PIK3CA+TP53	37	0.0029149925155597	0.002039889830006818	1.3057529145389333	True	full_mhn
metastatic::APC+KRAS+PIK3CA+SOX9+TP53	4	0.0003151343260064	0.0019986776011607036	0.14407321198049164	False	full_mhn
primary::BRAF+SMAD4+TP53	43	0.0033876940045694	0.0019356401338288683	1.599225955931315	True	full_mhn
metastatic::APC+KRAS+PIK3CA+TCF7L2+TP53	3	0.0002363507445048	0.0019331763730193073	0.11171610065953191	False	full_mhn
metastatic::APC+CTNNB1+KRAS+TP53	11	0.0008666193965177	0.0019023810544250082	0.41625663157651044	True	full_mhn
primary::APC+ARID1A+KRAS+PIK3CA+TP53	10	0.0007878358150161	0.0018498082730189064	0.389169928988345	True	full_mhn
primary::APC+FBXW7+PIK3CA+TP53	15	0.0011817537225242	0.0018198788776962252	0.5933552197367297	True	full_mhn
primary::KRAS+PIK3CA	60	0.0047270148900969	0.0018149128123601701	2.379915165101126	True	full_mhn
primary::APC+FBXW7+KRAS+TCF7L2+TP53	7	0.0005514850705113	0.0018064818646403521	0.2789526082902543	True	full_mhn
primary::APC+NRAS+PIK3CA+TP53	8	0.0006302686520129	0.001776163736343754	0.3242447706847595	True	full_mhn
metastatic::SMAD4+TP53	27	0.0021271567005436	0.0017550505533034102	1.107490797212369	True	full_mhn
primary::KRAS	108	0.0085086268021744	0.0017034643530992955	4.564116256042761	True	full_mhn
primary::APC+FBXW7+KRAS	25	0.0019695895375403	0.0017004969780049608	1.0583520046346242	True	full_mhn
primary::APC+BRAF+SMAD4+TP53	10	0.0007878358150161	0.001658745583228351	0.43399648595108925	True	full_mhn
primary::APC+CTNNB1+TP53	18	0.001418104467029	0.0016445280138830125	0.78794739075806	True	full_mhn
primary::APC+BRAF+PIK3CA+TP53	24	0.0018908059560387	0.0016437902419603795	1.0510680535670247	True	full_mhn
metastatic::APC+KRAS+PTEN+TP53	14	0.0011029701410226	0.001639429201019784	0.6147539980727267	True	full_mhn
primary::APC+KRAS+TCF7L2	23	0.0018120223745371	0.0016353217898919259	1.0124896793392433	True	full_mhn
primary::APC+KRAS+NRAS+TP53	7	0.0005514850705113	0.001612933215669394	0.3124263441545274	True	full_mhn
primary::BRAF+PIK3CA+TP53	26	0.0020483731190419	0.0015549511254929753	1.203712020383985	True	full_mhn
primary::APC+FBXW7+KRAS+PIK3CA+SMAD4+TP53	7	0.0005514850705113	0.0015518612629754353	0.3247215714106501	True	full_mhn
primary::APC+FBXW7+KRAS+PIK3CA+SOX9+TP53	4	0.0003151343260064	0.0015392136515958318	0.18707987768373277	False	full_mhn
primary::FBXW7+KRAS+TP53	29	0.0022847238635468	0.0015336069368685058	1.3612877178056138	True	full_mhn
primary::APC+CTNNB1+KRAS+PIK3CA+TP53	10	0.0007878358150161	0.0015055477232525873	0.47815804377730525	True	full_mhn
metastatic::APC+KRAS+PIK3CA+SMAD4	16	0.0012605373040258	0.0014950240494429154	0.7704381792961678	True	full_mhn
metastatic::APC+KRAS+PIK3CA+SOX9	7	0.0005514850705113	0.0014861776380405236	0.3390730791608153	True	full_mhn
primary::KRAS+PIK3CA+SMAD4+TP53	7	0.0005514850705113	0.0014041788887224375	0.35887366769132306	True	full_mhn
metastatic::APC+FBXW7+KRAS+PIK3CA	5	0.000393917907508	0.0013930794604089165	0.25838072220009106	True	full_mhn
primary::APC+KRAS+PIK3CA+PTEN+TP53	7	0.0005514850705113	0.001392586183408735	0.36186114288027127	True	full_mhn
primary::FBXW7+TP53	31	0.00244229102655	0.0013748098849430397	1.6232486121959082	True	full_mhn
primary::CTNNB1+KRAS+TP53	13	0.0010241865595209	0.0013569070828734382	0.6896984267803042	True	full_mhn
primary::APC+PTEN+TP53	14	0.0011029701410226	0.0013536018551158755	0.7445658056282727	True	full_mhn
metastatic::APC+KRAS+PIK3CA+TCF7L2	6	0.0004727014890096	0.0013340733682081077	0.32377068814553367	True	full_mhn
primary::APC+FBXW7+KRAS+PIK3CA+SOX9	11	0.0008666193965177	0.0013291717497516493	0.5957685526030565	True	full_mhn
primary::APC+ARID1A+KRAS+PIK3CA	13	0.0010241865595209	0.0013267369641131086	0.7053822314770403	True	full_mhn
primary::BRAF+RNF43+SMAD4+TP53	8	0.0006302686520129	0.001323913061936361	0.4350072673475044	True	full_mhn
metastatic::PIK3CA+TP53	27	0.0021271567005436	0.0013232223409375436	1.4689159001709458	True	full_mhn
metastatic::KRAS	65	0.0051209327976049	0.0013087591981128677	3.5753585597296924	True	full_mhn
primary::APC+RNF43+TP53	7	0.0005514850705113	0.0013074257077584385	0.3854313288117592	True	full_mhn
primary::APC+KRAS+PIK3CA+SMAD4+SOX9	7	0.0005514850705113	0.001304065129848225	0.3864245859573333	True	full_mhn
metastatic::APC+FBXW7+KRAS+SOX9+TP53	4	0.0003151343260064	0.001278926377220972	0.22515440040990925	False	full_mhn
metastatic::APC+KRAS+SMAD4+TCF7L2+TP53	7	0.0005514850705113	0.0012659735044403386	0.3980516385879209	True	full_mhn
metastatic::BRAF+RNF43+TP53	21	0.0016544552115339	0.0012490757584959675	1.2103096815827235	True	full_mhn
metastatic::APC+KRAS+SOX9	12	0.0009454029780193	0.0012308737334139053	0.7018329186963367	True	full_mhn
metastatic::APC+KRAS+NRAS+TP53	1	7.878358150161507e-05	0.001222243361262025	0.05889905209300755	False	full_mhn
primary::APC+ARID1A+KRAS+SMAD4+TP53	7	0.0005514850705113	0.0012077322943814012	0.4172471251919967	True	full_mhn
primary::APC+KRAS+RNF43+TP53	6	0.0004727014890096	0.0012031808533703463	0.35899328950939896	True	full_mhn
primary::APC+KRAS+TGFBR2+TP53	2	0.0001575671630032	0.0011935685234858297	0.1206281398802832	False	full_mhn
primary::APC+PIK3CA+TCF7L2+TP53	16	0.0012605373040258	0.0011900736967785789	0.9678590574493364	True	full_mhn
primary::APC+KRAS+PIK3CA+SMAD4+SOX9+TP53	4	0.0003151343260064	0.0011733160882614522	0.24542056867047193	False	full_mhn
primary::APC+KRAS+SOX9+TCF7L2+TP53	5	0.000393917907508	0.0011561006605840583	0.31134389009670044	True	full_mhn
metastatic::APC+KRAS+SMAD4	25	0.0019695895375403	0.0011539774206542745	1.5595837083407085	True	full_mhn
primary::BRAF+FBXW7+TP53	11	0.0008666193965177	0.0011348548018763778	0.6977797759670246	True	full_mhn
primary::APC+FBXW7+NRAS+TP53	8	0.0006302686520129	0.0011164609761599381	0.5158369307081557	True	full_mhn
primary::APC+KRAS+PIK3CA+PTEN	8	0.0006302686520129	0.0011153355417005614	0.5163574383356923	True	full_mhn
metastatic::KRAS+PIK3CA	29	0.0022847238635468	0.001110006738129002	1.8807816339025392	True	full_mhn
primary::APC+ARID1A+KRAS	7	0.0005514850705113	0.0011030934595085357	0.45682695645490295	True	full_mhn
primary::APC+PIK3CA+SOX9+TP53	4	0.0003151343260064	0.001098028691686559	0.26224806671692236	False	full_mhn
primary::APC+FBXW7+SOX9+TP53	8	0.0006302686520129	0.0010806051730504994	0.5329530318227933	True	full_mhn
metastatic::APC+NRAS+PIK3CA+TP53	7	0.0005514850705113	0.0010713165813313415	0.4703771383364675	True	full_mhn
metastatic::APC+FBXW7+KRAS+TCF7L2+TP53	2	0.0001575671630032	0.001060643303409726	0.13574587265085047	False	full_mhn
primary::APC+ARID1A+FBXW7+KRAS+TP53	4	0.0003151343260064	0.0010590122256749074	0.27190989358157397	False	full_mhn
primary::RNF43+TP53	20	0.0015756716300323	0.0010482241597905113	1.373541617470707	True	full_mhn
primary::APC+NRAS+SOX9+TP53	7	0.0005514850705113	0.001039953380164088	0.4845629019306107	True	full_mhn
primary::APC+NRAS+SMAD4+TP53	9	0.0007090522335145	0.0010267977471885518	0.6309916245149637	True	full_mhn
primary::APC+BRAF	15	0.0011817537225242	0.001024341827957103	1.0541741061794059	True	full_mhn
primary::BRAF+PTEN+TP53	17	0.0013393208855274	0.0010222848055395646	1.1971346684042181	True	full_mhn
primary::APC+CTNNB1+KRAS+PIK3CA	3	0.0002363507445048	0.0010152419528453621	0.21272458803989214	False	full_mhn
metastatic::BRAF+SMAD4+TP53	18	0.001418104467029	0.001009188222914231	1.2840038435344738	True	full_mhn
primary::APC+PIK3CA+SMAD4+TP53	6	0.0004727014890096	0.0010063634148114382	0.4292026578061448	True	full_mhn
primary::KRAS+PTEN+TP53	10	0.0007878358150161	0.0009985021399245614	0.7209696655987239	True	full_mhn
primary::APC+BRAF+FBXW7+TP53	8	0.0006302686520129	0.0009975505995675883	0.5773259054587582	True	full_mhn
primary::APC+ARID1A+TCF7L2+TP53	5	0.000393917907508	0.0009885140518363532	0.3641272233694162	True	full_mhn
primary::APC+FBXW7+KRAS+PIK3CA+TCF7L2+TP53	1	7.878358150161507e-05	0.0009849024445899475	0.07309249335966769	False	full_mhn
metastatic::FBXW7+KRAS+TP53	8	0.0006302686520129	0.0009784436203865575	0.588599885701624	True	full_mhn
primary::APC+ARID1A+FBXW7+TP53	7	0.0005514850705113	0.0009671552931910524	0.5210361058623082	True	full_mhn
primary::BRAF+KRAS+TP53	7	0.0005514850705113	0.0009548777108687729	0.5277354597199712	True	full_mhn
metastatic::APC+FBXW7+KRAS	12	0.0009454029780193	0.0009547854730226556	0.9047767577891245	True	full_mhn
primary::APC+ARID1A+SOX9+TP53	8	0.0006302686520129	0.0009439389441334185	0.6101155235545559	True	full_mhn
metastatic::APC+NRAS+SMAD4+TP53	12	0.0009454029780193	0.0009353446806530732	0.9235822071961982	True	full_mhn
primary::APC+FBXW7+TCF7L2+TP53	6	0.0004727014890096	0.0009334867373502077	0.46271021862454675	True	full_mhn
metastatic::APC+ARID1A+KRAS+PIK3CA+TP53	4	0.0003151343260064	0.0009295592279860071	0.3097768198922314	False	full_mhn
metastatic::APC+KRAS+TCF7L2	14	0.0011029701410226	0.0009288753059163498	1.085017169683039	True	full_mhn
primary::ARID1A+BRAF+RNF43+TP53	4	0.0003151343260064	0.0009067496860179967	0.3175693424320361	False	full_mhn
primary::APC+BRAF+KRAS+TP53	4	0.0003151343260064	0.0009044336407507521	0.31838256403128795	False	full_mhn
primary::APC+ARID1A+KRAS+SOX9+TP53	6	0.0004727014890096	0.0009000736429429848	0.4798872355521395	True	full_mhn
metastatic::APC+CTNNB1+TP53	10	0.0007878358150161	0.0008997548458696222	0.8000954450499399	True	full_mhn
primary::APC+FBXW7+KRAS+PIK3CA+TCF7L2	5	0.000393917907508	0.0008973095687729457	0.4011379009498693	True	full_mhn
metastatic::APC+ARID1A+KRAS+SMAD4+TP53	2	0.0001575671630032	0.0008914624631965501	0.16150758636612159	False	full_mhn
metastatic::CTNNB1+KRAS+TP53	15	0.0011817537225242	0.0008895020296701468	1.2139765787262895	True	full_mhn
primary::KRAS+SMAD4	21	0.0016544552115339	0.0008820036401579549	1.7140161493704376	True	full_mhn
primary::APC+FBXW7+KRAS+PIK3CA+SMAD4	3	0.0002363507445048	0.0008812693610573737	0.2450634683229912	False	full_mhn
metastatic::KRAS+PIK3CA+SMAD4+TP53	8	0.0006302686520129	0.0008758877014153672	0.6575178554573421	True	full_mhn
primary::APC+ARID1A+PIK3CA+TP53	7	0.0005514850705113	0.0008691284577015391	0.5798024713196848	True	full_mhn
primary::PTEN+TP53	14	0.0011029701410226	0.000867089296117146	1.162332022606755	True	full_mhn
primary::NRAS+TP53	22	0.0017332387930355	0.0008649492947102949	1.831040811371346	True	full_mhn
primary::APC+ARID1A+KRAS+TCF7L2+TP53	5	0.000393917907508	0.0008615864051340978	0.4177699122900596	True	full_mhn
primary::APC+CTNNB1+KRAS+SMAD4+TP53	2	0.0001575671630032	0.0008522572555482223	0.16893719569078655	False	full_mhn
metastatic::APC+PTEN+TP53	5	0.000393917907508	0.0008506412615629417	0.42314532948525546	True	full_mhn
unknown::ARID1A	2	0.0001575671630032	0.0008505031269985469	0.1692856218732518	False	full_mhn
primary::APC+KRAS+PTEN+SMAD4+TP53	3	0.0002363507445048	0.0008282486758813322	0.26075130865981766	False	full_mhn
primary::APC+SMAD4+SOX9+TP53	5	0.000393917907508	0.0008240817602688325	0.436782967707895	True	full_mhn
primary::APC+KRAS+PIK3CA+SMAD4+TCF7L2+TP53	2	0.0001575671630032	0.0008239114259620986	0.17474930704535932	False	full_mhn
primary::APC+ARID1A+KRAS+PIK3CA+SOX9	5	0.000393917907508	0.0008125214897456481	0.44299736243361343	True	full_mhn
primary::BRAF+PIK3CA+RNF43+TP53	6	0.0004727014890096	0.0008047696694521574	0.5367173598160813	True	full_mhn
metastatic::APC+KRAS+RNF43+TP53	4	0.0003151343260064	0.0007978264005326816	0.36092551124351846	False	full_mhn
metastatic::KRAS+PTEN+TP53	13	0.0010241865595209	0.0007936184718065999	1.1792274412728083	True	full_mhn
metastatic::APC+CTNNB1+KRAS+PIK3CA+TP53	1	7.878358150161507e-05	0.0007894697378059812	0.09118649129361449	False	full_mhn
primary::APC+NRAS+TCF7L2+TP53	8	0.0006302686520129	0.0007885474103516668	0.7303451833370773	True	full_mhn
primary::APC+FBXW7+KRAS+SMAD4+SOX9+TP53	4	0.0003151343260064	0.0007871501031159829	0.365820826740729	False	full_mhn
metastatic::APC+NRAS+SOX9+TP53	5	0.000393917907508	0.0007816061052352153	0.46051953080907543	True	full_mhn
primary::KRAS+RNF43+TP53	16	0.0012605373040258	0.0007788797505228866	1.4788208387432662	True	full_mhn
primary::APC+KRAS+SMAD4+SOX9	12	0.0009454029780193	0.0007758872900319186	1.1133932924992747	True	full_mhn
metastatic::BRAF+PIK3CA+TP53	1	7.878358150161507e-05	0.000770561506074735	0.09342404831185225	False	full_mhn
metastatic::APC+RNF43+TP53	6	0.0004727014890096	0.000766934217898647	0.5631954372898065	True	full_mhn
primary::FBXW7+KRAS+PIK3CA+TP53	10	0.0007878358150161	0.0007667860475107654	0.938840444528359	True	full_mhn
primary::APC+PIK3CA	23	0.0018120223745371	0.0007654108124213291	2.1632127566575394	True	full_mhn
metastatic::FBXW7+TP53	11	0.0008666193965177	0.0007567960495752786	1.0463568480626109	True	full_mhn
primary::BRAF+RNF43	7	0.0005514850705113	0.0007534010428422219	0.6688639899932939	True	full_mhn
primary::PIK3CA	23	0.0018120223745371	0.0007522651263562763	2.2010144767650166	True	full_mhn
primary::APC+KRAS+PIK3CA+SOX9+TCF7L2	5	0.000393917907508	0.0007463183157174211	0.4822940416417996	True	full_mhn
primary::APC+BRAF+RNF43+TP53	2	0.0001575671630032	0.0007450394875617322	0.19324875142701947	False	full_mhn
primary::APC+BRAF+SOX9+TP53	2	0.0001575671630032	0.0007445511028537782	0.1933755120140895	False	full_mhn
primary::BRAF+PIK3CA	21	0.0016544552115339	0.0007401065106165013	2.0426363787103274	True	full_mhn
primary::KRAS+PIK3CA+SMAD4	14	0.0011029701410226	0.0007366307546971925	1.3681829718675744	True	full_mhn
metastatic::APC+BRAF+SMAD4+TP53	8	0.0006302686520129	0.0007270177661668256	0.7921564365035098	True	full_mhn
primary::APC+FBXW7+SMAD4+TP53	5	0.000393917907508	0.0007199014267257164	0.49999189258184007	True	full_mhn
primary::APC+CTNNB1+FBXW7+KRAS+TP53	1	7.878358150161507e-05	0.0007191922755221252	0.10009698075781415	False	full_mhn
primary::BRAF	65	0.0051209327976049	0.0007191564359688949	6.506627994453393	True	full_mhn
primary::BRAF+PIK3CA+SMAD4+TP53	2	0.0001575671630032	0.0007055714669960687	0.2040586353885587	False	full_mhn
primary::APC+ARID1A+NRAS+TP53	5	0.000393917907508	0.0007046723149001813	0.5107975284386465	True	full_mhn
primary::APC+FBXW7+KRAS+PTEN+TP53	3	0.0002363507445048	0.0007005047107388977	0.3083018897281425	False	full_mhn
primary::APC+ARID1A+KRAS+PIK3CA+TCF7L2	1	7.878358150161507e-05	0.0006944568395603216	0.10366227425468155	False	full_mhn
metastatic::APC+KRAS+PTEN+SMAD4+TP53	2	0.0001575671630032	0.0006803577411529383	0.21162094881550558	False	full_mhn
unknown::APC+KRAS+TP53	8	0.0006302686520129	0.0006736519765643802	0.8549099874921271	True	full_mhn
primary::APC+ARID1A+BRAF+TP53	2	0.0001575671630032	0.0006720720677764252	0.21422992803510826	False	full_mhn
primary::APC+CTNNB1+KRAS	8	0.0006302686520129	0.0006648985210433372	0.8661649629536607	True	full_mhn
primary::APC+SMAD4+TCF7L2+TP53	8	0.0006302686520129	0.0006622519753445369	0.8696264024646603	True	full_mhn
primary::CTNNB1+TP53	28	0.0022059402820452	0.000656229017006192	3.0716278276171334	True	full_mhn
metastatic::RNF43+TP53	13	0.0010241865595209	0.0006560176670089768	1.4265723724711552	True	full_mhn
metastatic::APC+FBXW7+PIK3CA+TP53	10	0.0007878358150161	0.0006558175572652251	1.0976982021436728	True	full_mhn
metastatic::APC+ARID1A+KRAS+PIK3CA	2	0.0001575671630032	0.0006533157942432645	0.22038033057928622	False	full_mhn
metastatic::APC+KRAS+TGFBR2+TP53	6	0.0004727014890096	0.0006530320846990157	0.661428224193289	True	full_mhn
metastatic::NRAS+TP53	18	0.001418104467029	0.0006526711242064009	1.9853820834280316	True	full_mhn
metastatic::APC+PIK3CA+SOX9+TP53	4	0.0003151343260064	0.0006478507547187865	0.4444787619909071	False	full_mhn
metastatic::KRAS+RNF43+TP53	9	0.0007090522335145	0.0006474628265485573	1.0006764120048433	True	full_mhn
metastatic::APC+ARID1A+TCF7L2+TP53	6	0.0004727014890096	0.0006395363506835605	0.6753859286467244	True	full_mhn
unknown::NRAS	1	7.878358150161507e-05	0.0006377585288334829	0.11287810683300444	False	full_mhn
primary::APC+KRAS+NRAS+PIK3CA+TP53	1	7.878358150161507e-05	0.0006371329166603019	0.11298894385894193	False	full_mhn
metastatic::APC+KRAS+SOX9+TCF7L2+TP53	2	0.0001575671630032	0.0006355185196110805	0.2265519355595466	False	full_mhn
metastatic::APC+KRAS+PIK3CA+SMAD4+SOX9	7	0.0005514850705113	0.0006336146219223127	0.7953143914596915	True	full_mhn
metastatic::APC+KRAS+PIK3CA+PTEN+TP53	6	0.0004727014890096	0.0006329824817253828	0.6823788407625376	True	full_mhn
metastatic::APC+ARID1A+SOX9+TP53	2	0.0001575671630032	0.0006213497624572741	0.2317180425518586	False	full_mhn
metastatic::BRAF+RNF43+SMAD4+TP53	3	0.0002363507445048	0.0006156829567734816	0.3507761968490723	False	full_mhn
metastatic::APC+SMAD4+SOX9+TP53	10	0.0007878358150161	0.0006122631334028229	1.1757849104276752	True	full_mhn
metastatic::APC+FBXW7+NRAS+TP53	2	0.0001575671630032	0.0006116369010112753	0.2353977506179405	False	full_mhn
primary::APC+ARID1A+FBXW7+KRAS+PIK3CA	2	0.0001575671630032	0.0006089800567066399	0.2364247385548009	False	full_mhn
primary::APC+BRAF+FBXW7+PIK3CA+TP53	4	0.0003151343260064	0.0006073844072182372	0.4740916921155068	False	full_mhn
primary::APC+SOX9+TCF7L2+TP53	4	0.0003151343260064	0.000600081116356122	0.4798616279169979	False	full_mhn
primary::BRAF+PTEN+RNF43+TP53	3	0.0002363507445048	0.0006000524828535336	0.3599133945844728	False	full_mhn
primary::APC+KRAS+PTEN	14	0.0011029701410226	0.0005990257967025188	1.6824745451102365	True	full_mhn
metastatic::APC+ARID1A+KRAS	3	0.0002363507445048	0.0005985352441147799	0.36082574611149976	False	full_mhn
metastatic::KRAS+SMAD4	11	0.0008666193965177	0.0005956729315222172	1.3293851153403642	True	full_mhn
metastatic::APC+ARID1A+KRAS+SOX9+TP53	1	7.878358150161507e-05	0.0005939503591369682	0.12120369023364624	False	full_mhn
primary::BRAF+FBXW7+RNF43+TP53	6	0.0004727014890096	0.0005929577899591402	0.7284394595548938	True	full_mhn
primary::APC+BRAF+PTEN+TP53	5	0.000393917907508	0.0005928158115443979	0.6071782663421994	True	full_mhn
metastatic::APC+ARID1A+FBXW7+KRAS+TP53	2	0.0001575671630032	0.0005896496231172966	0.2441754306956684	False	full_mhn
primary::APC+KRAS+PIK3CA+SOX9+TCF7L2+TP53	1	7.878358150161507e-05	0.0005859341445865901	0.12286188816003231	False	full_mhn
primary::APC+FBXW7+KRAS+SOX9	5	0.000393917907508	0.0005846772484239952	0.6156300380689613	True	full_mhn
primary::APC+ARID1A+KRAS+PIK3CA+TCF7L2+TP53	3	0.0002363507445048	0.0005839316485834621	0.3698496674167709	False	full_mhn
metastatic::PIK3CA	15	0.0011817537225242	0.0005779597922005512	1.8683559733165225	True	full_mhn
primary::APC+KRAS+PIK3CA+SMAD4+TCF7L2	8	0.0006302686520129	0.0005749165975560586	1.001731042659147	True	full_mhn
metastatic::APC+PIK3CA+SMAD4+TP53	2	0.0001575671630032	0.0005727966074962882	0.2513596428343952	False	full_mhn
primary::APC+FBXW7+KRAS+PIK3CA+SOX9+TCF7L2	5	0.000393917907508	0.0005701768917943821	0.6312863286284621	True	full_mhn
primary::KRAS+SOX9+TP53	5	0.000393917907508	0.0005663915302741315	0.6355054012040615	True	full_mhn
metastatic::APC+NRAS+TCF7L2+TP53	5	0.000393917907508	0.0005570020401696081	0.6462182374863971	True	full_mhn
primary::APC+ARID1A+KRAS+PIK3CA+SOX9+TP53	2	0.0001575671630032	0.000556937412654577	0.2585172900911945	False	full_mhn
primary::APC+ARID1A+FBXW7+KRAS+PIK3CA+TP53	2	0.0001575671630032	0.0005550493622550624	0.2593966599367443	False	full_mhn
unknown::APC+TP53	11	0.0008666193965177	0.0005535170720325393	1.430631083821382	True	full_mhn
metastatic::BRAF	28	0.0022059402820452	0.0005525226276346364	3.6481606517704983	True	full_mhn
metastatic::APC+KRAS+SMAD4+SOX9	7	0.0005514850705113	0.0005509485037799418	0.9146459675949141	True	full_mhn
primary::BRAF+PTEN+SMAD4+TP53	5	0.000393917907508	0.0005499722894310272	0.6544782047816478	True	full_mhn
primary::SOX9+TP53	9	0.0007090522335145	0.0005497766666560408	1.178479948849248	True	full_mhn
primary::APC+TGFBR2+TP53	6	0.0004727014890096	0.0005450617253308217	0.7924494271369557	True	full_mhn
metastatic::ARID1A+BRAF+RNF43+TP53	1	7.878358150161507e-05	0.0005444002673530588	0.13223537835862503	False	full_mhn
metastatic::APC+ARID1A+NRAS+TP53	1	7.878358150161507e-05	0.0005401479615090922	0.1332763991736652	False	full_mhn
metastatic::PTEN+TP53	7	0.0005514850705113	0.0005393014448948007	0.9343991789477217	True	full_mhn
primary::APC+CTNNB1+KRAS+TCF7L2+TP53	1	7.878358150161507e-05	0.0005261730367067236	0.13681616180479522	False	full_mhn
primary::FBXW7+KRAS+SMAD4+TP53	4	0.0003151343260064	0.0005237994988666539	0.549744514704703	False	full_mhn
metastatic::APC+FBXW7+KRAS+PIK3CA+SMAD4+TP53	5	0.000393917907508	0.0005166550826781117	0.6966831232134044	True	full_mhn
metastatic::APC+PIK3CA+TCF7L2+TP53	8	0.0006302686520129	0.0005117594199578091	1.1253565252120503	True	full_mhn
metastatic::APC+KRAS+PIK3CA+PTEN	5	0.000393917907508	0.0005104763400334419	0.7051156897736996	True	full_mhn
primary::KRAS+RNF43+SMAD4+TP53	5	0.000393917907508	0.0005103687507914023	0.7052643330092948	True	full_mhn
metastatic::KRAS+SOX9+TP53	1	7.878358150161507e-05	0.0005068080601890777	0.14204386428917987	False	full_mhn
metastatic::CTNNB1+KRAS+PIK3CA+TP53	4	0.0003151343260064	0.0004994569790117203	0.5765379469719345	False	full_mhn
primary::APC+BRAF+PIK3CA	8	0.0006302686520129	0.0004993526806671672	1.1533167335576113	True	full_mhn
primary::ARID1A+TP53	9	0.0007090522335145	0.0004977018220614198	1.3017850229932661	True	full_mhn
metastatic::APC+FBXW7+SOX9+TP53	4	0.0003151343260064	0.0004942758941326921	0.5825813168158965	False	full_mhn
primary::APC+CTNNB1+KRAS+SOX9+TP53	1	7.878358150161507e-05	0.00048346939461776245	0.14890079106707138	False	full_mhn
metastatic::BRAF+PTEN+TP53	6	0.0004727014890096	0.0004764329823974951	0.9065993913875835	True	full_mhn
primary::APC+BRAF+KRAS+PIK3CA+TP53	2	0.0001575671630032	0.0004762465588001187	0.3023180912609797	False	full_mhn
primary::BRAF+KRAS+SMAD4+TP53	1	7.878358150161507e-05	0.0004753107120875853	0.15145666504457336	False	full_mhn
primary::FBXW7+KRAS	8	0.0006302686520129	0.00047359405182150627	1.21604526130033	True	full_mhn
primary::APC+BRAF+PIK3CA+SMAD4+TP53	1	7.878358150161507e-05	0.00047207534455512604	0.15249467302629402	False	full_mhn
primary::APC+KRAS+PIK3CA+PTEN+SMAD4+TP53	2	0.0001575671630032	0.000470319471149942	0.3061279820506314	False	full_mhn
metastatic::APC+CTNNB1+KRAS+SMAD4+TP53	3	0.0002363507445048	0.0004663297661804478	0.46312061033196017	False	full_mhn
primary::APC+BRAF+NRAS+TP53	4	0.0003151343260064	0.00046539161809265866	0.6187389072845084	False	full_mhn
unknown::KRAS+TP53	4	0.0003151343260064	0.00046053386453466397	0.6252654221692315	False	full_mhn
primary::APC+KRAS+NRAS+SMAD4+TP53	2	0.0001575671630032	0.0004561291429554605	0.31565172459674895	False	full_mhn
primary::CTNNB1+KRAS+PIK3CA+TP53	12	0.0009454029780193	0.00045255480668354535	1.9088686959092944	True	full_mhn
primary::FBXW7+KRAS+PIK3CA	7	0.0005514850705113	0.00044907984313430284	1.1221230140507414	True	full_mhn
primary::APC+FBXW7+KRAS+PIK3CA+SMAD4+SOX9	2	0.0001575671630032	0.00044817804788980847	0.3212516795167251	False	full_mhn
metastatic::BRAF+FBXW7+TP53	3	0.0002363507445048	0.0004479926166638688	0.48207697599742805	False	full_mhn
metastatic::APC+PIK3CA	4	0.0003151343260064	0.0004479436806475171	0.6428395212489005	False	full_mhn
primary::APC+PIK3CA+PTEN+TP53	3	0.0002363507445048	0.0004476459855983722	0.4824502684223444	False	full_mhn
primary::ARID1A+BRAF+TP53	6	0.0004727014890096	0.0004468080348183237	0.9667101264059809	True	full_mhn
primary::APC+BRAF+TCF7L2+TP53	2	0.0001575671630032	0.0004459494058858515	0.3228571418758127	False	full_mhn
metastatic::APC+CTNNB1+KRAS+PIK3CA	3	0.0002363507445048	0.0004449941033040504	0.4853253656704774	False	full_mhn
metastatic::APC+ARID1A+PIK3CA+TP53	3	0.0002363507445048	0.00044207101046822746	0.4885344679699538	False	full_mhn
metastatic::APC+BRAF	3	0.0002363507445048	0.00044028587708562776	0.4905152246345001	False	full_mhn
primary::APC+KRAS+PIK3CA+TGFBR2+TP53	3	0.0002363507445048	0.00043512460970503435	0.4963335124681586	False	full_mhn
primary::BRAF+SOX9+TP53	1	7.878358150161507e-05	0.0004347018910103481	0.1656053879390293	False	full_mhn
primary::SMAD4	13	0.0010241865595209	0.00043291524188926396	2.1617549772299074	True	full_mhn
metastatic::APC+KRAS+PTEN	6	0.0004727014890096	0.00043222621478630557	0.9993235879951566	True	full_mhn
primary::APC+ARID1A+SMAD4+TP53	5	0.000393917907508	0.00043168886304491196	0.8338062602502108	True	full_mhn
primary::APC+KRAS+SMAD4+TCF7L2	3	0.0002363507445048	0.0004301346800656841	0.5020914050861908	False	full_mhn
primary::APC+KRAS+SOX9+TCF7L2	3	0.0002363507445048	0.0004298635027831393	0.5024081469859382	False	full_mhn
metastatic::APC+ARID1A+FBXW7+TP53	4	0.0003151343260064	0.0004290386053671248	0.6711654792444443	False	full_mhn
primary::KRAS+PIK3CA+PTEN+TP53	7	0.0005514850705113	0.00042774080120861065	1.1781032476851627	True	full_mhn
metastatic::APC+FBXW7+TCF7L2+TP53	5	0.000393917907508	0.00042757023610631717	0.8418380094857909	True	full_mhn
primary::CTNNB1+KRAS+SMAD4+TP53	4	0.0003151343260064	0.00042613096382862134	0.6757450775081977	False	full_mhn
metastatic::APC+BRAF+PIK3CA+TP53	12	0.0009454029780193	0.0004258004199077616	2.0288089516884362	True	full_mhn
primary::APC+FBXW7+KRAS+SMAD4	3	0.0002363507445048	0.00042243822637154556	0.5112390697601836	False	full_mhn
primary::APC+KRAS+PIK3CA+RNF43+TP53	3	0.0002363507445048	0.00042191572442586817	0.5118721900554424	False	full_mhn
primary::APC+ARID1A+KRAS+PIK3CA+SMAD4+TP53	2	0.0001575671630032	0.00041759433478425183	0.34477946320317293	False	full_mhn
primary::APC+FBXW7+KRAS+PIK3CA+PTEN+TP53	1	7.878358150161507e-05	0.00041742747889840574	0.172458639957591	False	full_mhn
metastatic::CTNNB1+TP53	15	0.0011817537225242	0.00041641484145256414	2.593170372129666	True	full_mhn
primary::BRAF+SMAD4	9	0.0007090522335145	0.0004141039582699709	1.564584845602523	True	full_mhn
primary::BRAF+NRAS+TP53	4	0.0003151343260064	0.0004107205415121014	0.7010993414050516	False	full_mhn
metastatic::APC+SMAD4+TCF7L2+TP53	4	0.0003151343260064	0.00040588898063484674	0.7094449834457836	False	full_mhn
primary::KRAS+PTEN	7	0.0005514850705113	0.00040252676268330686	1.2518989386899224	True	full_mhn
primary::KRAS+PIK3CA+PTEN	6	0.0004727014890096	0.000402268376086533	1.0737454828377555	True	full_mhn
primary::APC+KRAS+TGFBR2	3	0.0002363507445048	0.0004020711749051881	0.5371360578294644	False	full_mhn
primary::BRAF+PIK3CA+PTEN+TP53	6	0.0004727014890096	0.0004004688807040344	1.0785703272304672	True	full_mhn
primary::BRAF+FBXW7+SMAD4+TP53	2	0.0001575671630032	0.00039723722346394255	0.36244828546134616	False	full_mhn
primary::PIK3CA+SMAD4+TP53	9	0.0007090522335145	0.00039536114860992894	1.638756817196208	True	full_mhn
primary::APC+FBXW7+KRAS+SMAD4+TCF7L2+TP53	1	7.878358150161507e-05	0.0003952653571931792	0.18212821835254364	False	full_mhn
primary::CTNNB1+KRAS+PIK3CA	12	0.0009454029780193	0.0003944796133682147	2.1898918831430927	True	full_mhn
metastatic::APC+FBXW7+SMAD4+TP53	2	0.0001575671630032	0.0003935651883404098	0.36582999418642126	False	full_mhn
primary::APC+FBXW7+KRAS+TCF7L2	2	0.0001575671630032	0.0003915960683804248	0.36766955081081076	False	full_mhn
primary::APC+FBXW7	8	0.0006302686520129	0.00038997220860703533	1.476802165708018	True	full_mhn
metastatic::APC+BRAF+FBXW7+TP53	5	0.000393917907508	0.00038961833092032304	0.9238396857429143	True	full_mhn
primary::APC+ARID1A+KRAS+SMAD4+SOX9+TP53	5	0.000393917907508	0.0003889157650116634	0.9255085773770231	True	full_mhn
metastatic::APC+SOX9+TCF7L2+TP53	2	0.0001575671630032	0.00038853226693095534	0.3705688376800809	False	full_mhn
metastatic::APC+BRAF+KRAS+TP53	3	0.0002363507445048	0.0003876337235900685	0.5571417363671332	False	full_mhn
metastatic::APC+CTNNB1+KRAS	4	0.0003151343260064	0.0003864493767108747	0.7451322694901488	False	full_mhn
primary::BRAF+PIK3CA+RNF43	4	0.0003151343260064	0.00038340062420330574	0.7510574655533373	False	full_mhn
metastatic::SOX9+TP53	7	0.0005514850705113	0.0003771227913174261	1.3362301046638059	True	full_mhn
primary::APC+KRAS+PTEN+SOX9+TP53	2	0.0001575671630032	0.0003759092019049152	0.3830125727589557	False	full_mhn
primary::ARID1A+KRAS+TP53	7	0.0005514850705113	0.0003753551788505121	1.3425226433537214	True	full_mhn
metastatic::ARID1A+TP53	5	0.000393917907508	0.0003753543750414992	0.9589467988010194	True	full_mhn
primary::KRAS+PTEN+SMAD4+TP53	2	0.0001575671630032	0.00037484562782035767	0.38409931944912823	False	full_mhn
metastatic::FBXW7+KRAS+PIK3CA+TP53	7	0.0005514850705113	0.0003701714102240828	1.361322924920239	True	full_mhn
metastatic::APC+ARID1A+SMAD4+TP53	4	0.0003151343260064	0.00036490715407861953	0.7891210074922194	False	full_mhn
primary::APC+ARID1A+FBXW7+KRAS+PIK3CA+SOX9	1	7.878358150161507e-05	0.0003618085698248566	0.19896979029568637	False	full_mhn
primary::BRAF+CTNNB1+TP53	7	0.0005514850705113	0.0003562931216204084	1.414349018424069	True	full_mhn
primary::BRAF+KRAS+PIK3CA+TP53	3	0.0002363507445048	0.00035560863769240614	0.607316310387433	False	full_mhn
primary::BRAF+FBXW7+PIK3CA+TP53	5	0.000393917907508	0.0003541051956808217	1.016491372323439	True	full_mhn
primary::APC+BRAF+PIK3CA+SOX9+TP53	2	0.0001575671630032	0.00035329404665676773	0.4075300783676304	False	full_mhn
primary::APC+KRAS+PTEN+TCF7L2+TP53	3	0.0002363507445048	0.0003520740193271872	0.6134134128722954	False	full_mhn
metastatic::BRAF+PIK3CA	4	0.0003151343260064	0.0003512489861021758	0.8198056433768319	False	full_mhn
primary::APC+SMAD4	11	0.0008666193965177	0.0003484437462111784	2.272615698930173	True	full_mhn
primary::BRAF+PTEN	13	0.0010241865595209	0.0003444153425453247	2.7172328369610015	True	full_mhn
primary::BRAF+PIK3CA+PTEN	3	0.0002363507445048	0.0003432759108915652	0.6291351036037449	False	full_mhn
primary::TCF7L2+TP53	2	0.0001575671630032	0.00033887925632915364	0.4248650450403166	False	full_mhn
primary::APC+KRAS+PIK3CA+SMAD4+SOX9+TCF7L2	3	0.0002363507445048	0.00033743493419579934	0.6400253911683842	False	full_mhn
primary::APC+ARID1A+CTNNB1+TP53	2	0.0001575671630032	0.0003366617047218861	0.4276635818132493	False	full_mhn
metastatic::APC+NRAS	11	0.0008666193965177	0.00033569364696994097	2.3589327200408867	True	full_mhn
metastatic::APC+BRAF+SOX9+TP53	2	0.0001575671630032	0.0003355866954089582	0.42903354772122165	False	full_mhn
metastatic::KRAS+PIK3CA+SMAD4	9	0.0007090522335145	0.0003343576515816778	1.9377477206672575	True	full_mhn
primary::APC+KRAS+PIK3CA+TGFBR2	3	0.0002363507445048	0.0003331260408384297	0.6483039428581105	False	full_mhn
primary::APC+CTNNB1+FBXW7+TP53	3	0.0002363507445048	0.0003329091513459655	0.6487263112794596	False	full_mhn
metastatic::SMAD4	13	0.0010241865595209	0.00033260561267101844	2.813712825545453	True	full_mhn
primary::APC+KRAS+RNF43+SMAD4+TP53	1	7.878358150161507e-05	0.00033254179640028204	0.2164809838251709	False	full_mhn
primary::APC+KRAS+SMAD4+SOX9+TCF7L2+TP53	1	7.878358150161507e-05	0.0003305760710347102	0.21776825836518784	False	full_mhn
metastatic::KRAS+PTEN+SMAD4+TP53	6	0.0004727014890096	0.00032859637884445625	1.3144814711275854	True	full_mhn
metastatic::APC+FBXW7+KRAS+PIK3CA+SOX9	3	0.0002363507445048	0.0003230050027010311	0.6686178973018815	False	full_mhn
primary::APC+FBXW7+KRAS+RNF43+TP53	1	7.878358150161507e-05	0.000322450068683313	0.22325619447037506	False	full_mhn
primary::APC+BRAF+PIK3CA+PTEN+TP53	1	7.878358150161507e-05	0.0003194099570621383	0.22538112431109278	False	full_mhn
primary::KRAS+PIK3CA+RNF43+TP53	1	7.878358150161507e-05	0.00031812561974848674	0.2262910333811778	False	full_mhn
metastatic::APC+KRAS+PIK3CA+PTEN+SMAD4+TP53	1	7.878358150161507e-05	0.0003178040093567653	0.22652003473269336	False	full_mhn
primary::KRAS+SOX9	4	0.0003151343260064	0.0003171751693536655	0.9078765577257362	False	full_mhn
metastatic::CTNNB1+KRAS+SMAD4+TP53	1	7.878358150161507e-05	0.0003165228855795419	0.22743687270813814	False	full_mhn
metastatic::KRAS+RNF43+SMAD4+TP53	4	0.0003151343260064	0.0003139566314267809	0.9171836875397595	False	full_mhn
metastatic::BRAF+RNF43	2	0.0001575671630032	0.0003126575162481878	0.46049732690127543	False	full_mhn
primary::BRAF+FBXW7	10	0.0007878358150161	0.0003114189938204725	2.3116436910246736	True	full_mhn
primary::APC+KRAS+PIK3CA+PTEN+SMAD4	6	0.0004727014890096	0.000311176511623053	1.3880670142619904	True	full_mhn
metastatic::APC+KRAS+SMAD4+TCF7L2	2	0.0001575671630032	0.0003098610477182504	0.46465327450464994	False	full_mhn
metastatic::APC+SMAD4	4	0.0003151343260064	0.0003076089210665658	0.9361103700186136	False	full_mhn
primary::APC+ARID1A+RNF43+TP53	3	0.0002363507445048	0.0003063522371751096	0.7049627829685517	False	full_mhn
primary::APC+FBXW7+NRAS+PIK3CA+TP53	3	0.0002363507445048	0.0003050734611461351	0.7079177745362795	False	full_mhn
metastatic::KRAS+PIK3CA+PTEN+TP53	1	7.878358150161507e-05	0.0003050604941505829	0.2359826218359371	False	full_mhn
primary::APC+ARID1A+KRAS+SOX9	6	0.0004727014890096	0.00030482623800477416	1.4169838337912073	True	full_mhn
primary::APC+FBXW7+KRAS+PIK3CA+SMAD4+TCF7L2	1	7.878358150161507e-05	0.0003038927443447035	0.23688941762182278	False	full_mhn
primary::FBXW7+PIK3CA+TP53	5	0.000393917907508	0.00030260125296466034	1.189502266117464	True	full_mhn
metastatic::ARID1A+KRAS+TP53	5	0.000393917907508	0.00030221914228338587	1.1910062129434185	True	full_mhn
metastatic::APC+FBXW7+KRAS+PIK3CA+SMAD4	1	7.878358150161507e-05	0.00030203594575823207	0.23834572088807715	False	full_mhn
primary::KRAS+TCF7L2+TP53	5	0.000393917907508	0.00030074122385250125	1.1968591186575268	True	full_mhn
primary::APC+ARID1A+FBXW7+KRAS+SOX9+TP53	1	7.878358150161507e-05	0.0002946251439566211	0.24434090808781087	False	full_mhn
primary::CTNNB1+KRAS	9	0.0007090522335145	0.00029338195848530843	2.208386569898295	True	full_mhn
primary::NRAS+SMAD4+TP53	2	0.0001575671630032	0.0002900306016070599	0.49642330717577593	False	full_mhn
primary::APC+KRAS+NRAS+PIK3CA	1	7.878358150161507e-05	0.0002894010217179291	0.24875162771753337	False	full_mhn
metastatic::KRAS+TCF7L2+TP53	1	7.878358150161507e-05	0.00028790305677487945	0.2500458870447086	False	full_mhn
primary::APC+FBXW7+KRAS+PIK3CA+PTEN	2	0.0001575671630032	0.0002877435315870462	0.5003690252701845	False	full_mhn
primary::FBXW7	13	0.0010241865595209	0.0002847098579916111	3.2870540006910525	True	full_mhn
primary::APC+SOX9	17	0.0013393208855274	0.0002841630758192308	4.3067262523692875	True	full_mhn
metastatic::APC+KRAS+PIK3CA+SMAD4+TCF7L2	3	0.0002363507445048	0.00028243796570504714	0.7646526028779492	False	full_mhn
metastatic::APC+ARID1A+FBXW7+KRAS+PIK3CA+TP53	1	7.878358150161507e-05	0.00028189961204269154	0.25537096233367845	False	full_mhn
primary::APC+BRAF+FBXW7+SMAD4+TP53	2	0.0001575671630032	0.00027972441259173527	0.5147135678279383	False	full_mhn
primary::APC+ARID1A+KRAS+SMAD4	2	0.0001575671630032	0.00027909136499443553	0.5158810643079891	False	full_mhn
primary::APC+ARID1A+PIK3CA+TCF7L2+TP53	4	0.0003151343260064	0.0002790074845869254	1.032072316092202	False	full_mhn
metastatic::APC+CTNNB1+FBXW7+KRAS+TP53	1	7.878358150161507e-05	0.0002786713806905792	0.25832927309391307	False	full_mhn
primary::APC+CTNNB1+PIK3CA+TP53	2	0.0001575671630032	0.00027837384590026953	0.517210767216798	False	full_mhn
primary::APC+BRAF+KRAS+PIK3CA	1	7.878358150161507e-05	0.00027817354631255145	0.25879159308889294	False	full_mhn
primary::BRAF+RNF43+TGFBR2+TP53	2	0.0001575671630032	0.00027582831145140166	0.5219839459147163	False	full_mhn
primary::APC+KRAS+PIK3CA+PTEN+SOX9	4	0.0003151343260064	0.0002745042016291039	1.0490036185195721	False	full_mhn
primary::ARID1A+BRAF+RNF43+SOX9+TGFBR2	1	7.878358150161507e-05	0.0002741769166155133	0.262563953560657	False	full_mhn
primary::APC+CTNNB1+KRAS+PIK3CA+TCF7L2+TP53	1	7.878358150161507e-05	0.0002725165807928963	0.2641636519531607	False	full_mhn
primary::APC+CTNNB1+KRAS+PIK3CA+SOX9+TP53	3	0.0002363507445048	0.0002722437841272523	0.793285056228639	False	full_mhn
primary::APC+KRAS+PIK3CA+PTEN+SMAD4+SOX9	1	7.878358150161507e-05	0.0002683593240821841	0.2682559118903632	False	full_mhn
primary::APC+ARID1A+KRAS+PIK3CA+SOX9+TCF7L2	2	0.0001575671630032	0.0002682068433955136	0.5368168409455708	False	full_mhn
primary::APC+BRAF+TGFBR2+TP53	1	7.878358150161507e-05	0.0002676824213823024	0.26893426480349725	False	full_mhn
primary::APC+ARID1A+NRAS+TCF7L2+TP53	2	0.0001575671630032	0.0002673718396554863	0.5384933229146529	False	full_mhn
metastatic::BRAF+PTEN+RNF43+TP53	1	7.878358150161507e-05	0.0002660764011717133	0.27055753489084455	False	full_mhn
primary::APC+BRAF+KRAS+SMAD4+TP53	2	0.0001575671630032	0.00026554096208169066	0.5422061788790256	False	full_mhn
metastatic::APC+BRAF+PTEN+TP53	2	0.0001575671630032	0.00026547254323996624	0.5423459188240393	False	full_mhn
primary::ARID1A+BRAF+RNF43+SMAD4+TP53	2	0.0001575671630032	0.0002654404230898814	0.542411546478042	False	full_mhn
primary::APC+FBXW7+PTEN+TP53	1	7.878358150161507e-05	0.00026418282501283904	0.27249680287962824	False	full_mhn
primary::APC+BRAF+PIK3CA+RNF43+TP53	1	7.878358150161507e-05	0.00026332228652112516	0.27338732373129776	False	full_mhn
metastatic::APC+BRAF+NRAS+TP53	2	0.0001575671630032	0.0002630772333352151	0.5472839612755015	False	full_mhn
metastatic::APC+BRAF+TCF7L2+TP53	2	0.0001575671630032	0.00026174874432367454	0.5500616660085188	False	full_mhn
primary::APC+BRAF+PTEN	4	0.0003151343260064	0.00026127118562721595	1.1021341678507315	False	full_mhn
primary::ARID1A+RNF43+TP53	2	0.0001575671630032	0.00026123792216728713	0.5511372513713552	False	full_mhn
metastatic::APC+NRAS+SMAD4+SOX9+TP53	2	0.0001575671630032	0.0002610263284889002	0.5515840153378182	False	full_mhn
metastatic::BRAF+NRAS+TP53	2	0.0001575671630032	0.00026096921899966893	0.5517047218387001	False	full_mhn
metastatic::BRAF+FBXW7+RNF43+TP53	2	0.0001575671630032	0.00026030736503753404	0.5531074787473342	False	full_mhn
primary::APC+ARID1A+KRAS+TCF7L2	5	0.000393917907508	0.00025967762590140925	1.3861220222010444	True	full_mhn
primary::CTNNB1+KRAS+PIK3CA+SMAD4+TP53	1	7.878358150161507e-05	0.0002593285635638495	0.2775975549985325	False	full_mhn
primary::BRAF+FBXW7+PIK3CA	2	0.0001575671630032	0.00025780214382785914	0.558482362606089	False	full_mhn
metastatic::APC+KRAS+RNF43+SMAD4+TP53	2	0.0001575671630032	0.0002575632750248004	0.5590003091687515	False	full_mhn
primary::APC+ARID1A+KRAS+SOX9+TCF7L2+TP53	1	7.878358150161507e-05	0.00025707181845398177	0.28003448848305373	False	full_mhn
primary::CTNNB1+FBXW7+KRAS+TP53	1	7.878358150161507e-05	0.00025584701204554085	0.2813750866475414	False	full_mhn
primary::BRAF+KRAS	1	7.878358150161507e-05	0.0002552755071592157	0.28200502266478344	False	full_mhn
primary::APC+CTNNB1+NRAS+TP53	2	0.0001575671630032	0.0002550788470016056	0.5644448846165151	False	full_mhn
primary::APC+ARID1A+PIK3CA+SOX9+TP53	1	7.878358150161507e-05	0.00025447503364287613	0.2828920941703819	False	full_mhn
primary::APC+KRAS+PTEN+SMAD4	3	0.0002363507445048	0.00025106786054896987	0.860193435592099	False	full_mhn
metastatic::APC+FBXW7+KRAS+SOX9	3	0.0002363507445048	0.00025072468059914976	0.8613708272161675	False	full_mhn
metastatic::APC+BRAF+PIK3CA+SMAD4+TP53	1	7.878358150161507e-05	0.00025014656638410403	0.28778718099962375	False	full_mhn
primary::ARID1A+BRAF+RNF43	6	0.0004727014890096	0.00024997658428530195	1.7278972440245441	True	full_mhn
primary::APC+KRAS+NRAS+SOX9+TP53	1	7.878358150161507e-05	0.00024930304628126396	0.2887609126694135	False	full_mhn
primary::APC+NRAS+PIK3CA+SMAD4+TP53	4	0.0003151343260064	0.00024684955301970224	1.1665238894204226	False	full_mhn
metastatic::FBXW7+KRAS+SMAD4+TP53	1	7.878358150161507e-05	0.000245130977426527	0.2936755522549384	False	full_mhn
metastatic::FBXW7+KRAS+PIK3CA	4	0.0003151343260064	0.00024241112760779582	1.1878823530525788	False	full_mhn
primary::KRAS+PIK3CA+SOX9	3	0.0002363507445048	0.0002418634042030237	0.8929293218677874	False	full_mhn
primary::FBXW7+SMAD4+TP53	2	0.0001575671630032	0.00024083124702353758	0.5978374987049365	False	full_mhn
primary::APC+CTNNB1+FBXW7+KRAS+PIK3CA	1	7.878358150161507e-05	0.00023794633510427606	0.3025429037606855	False	full_mhn
primary::APC+FBXW7+KRAS+PIK3CA+PTEN+TCF7L2	1	7.878358150161507e-05	0.00023757431725589755	0.30301665597820426	False	full_mhn
metastatic::TCF7L2+TP53	2	0.0001575671630032	0.0002374871051753284	0.6062558647798169	False	full_mhn
metastatic::CTNNB1+KRAS+PIK3CA	3	0.0002363507445048	0.0002370306527454065	0.9111350071393673	False	full_mhn
primary::KRAS+RNF43	2	0.0001575671630032	0.00023560761951167483	0.6110920801954515	False	full_mhn
primary::RNF43	6	0.0004727014890096	0.00023498752344797193	1.8381139756241538	True	full_mhn
metastatic::FBXW7+KRAS	5	0.000393917907508	0.00023353791004505204	1.5412695767905211	True	full_mhn
primary::APC+ARID1A+FBXW7+KRAS	2	0.0001575671630032	0.00023326540670732716	0.6172280422694555	False	full_mhn
primary::CTNNB1+PIK3CA+TP53	2	0.0001575671630032	0.0002330055862691735	0.6179163024191913	False	full_mhn
primary::NRAS+PIK3CA+TP53	7	0.0005514850705113	0.00023277785706661295	2.164822859162214	True	full_mhn
primary::APC+CTNNB1+KRAS+PIK3CA+SMAD4+SOX9	1	7.878358150161507e-05	0.00023271913718096919	0.30933844129408467	False	full_mhn
primary::APC+NRAS+PIK3CA+SOX9+TP53	1	7.878358150161507e-05	0.00023062849468259117	0.31214258780615095	False	full_mhn
primary::BRAF+PIK3CA+SMAD4	3	0.0002363507445048	0.0002302986965634261	0.9377687701993661	False	full_mhn
primary::APC+PTEN	3	0.0002363507445048	0.00022964512185003408	0.9404376792865898	False	full_mhn
primary::APC+ARID1A+KRAS+PIK3CA+SMAD4+SOX9+TP53	1	7.878358150161507e-05	0.00022937340068012742	0.31385058135291516	False	full_mhn
primary::APC+FBXW7+PIK3CA+SOX9+TP53	3	0.0002363507445048	0.00022921179514199185	0.9422155841350457	False	full_mhn
metastatic::APC+FBXW7+KRAS+SMAD4	2	0.0001575671630032	0.00022736562956868325	0.633244130030843	False	full_mhn
primary::RNF43+SMAD4+TP53	11	0.0008666193965177	0.0002249838282924964	3.519713983873379	True	full_mhn
primary::APC+ARID1A+BRAF+PIK3CA+RNF43+TCF7L2+TGFBR2	2	0.0001575671630032	0.00022482087070634335	0.6404118524922414	False	full_mhn
primary::APC+FBXW7+KRAS+PIK3CA+PTEN+SMAD4+TP53	2	0.0001575671630032	0.00022449615623436342	0.6413381534102327	False	full_mhn
primary::APC+ARID1A+KRAS+SMAD4+TCF7L2+TP53	1	7.878358150161507e-05	0.00022186045322174783	0.3244786265165187	False	full_mhn
primary::FBXW7+KRAS+PTEN+TP53	3	0.0002363507445048	0.00022129903430409371	0.9759054127633369	False	full_mhn
primary::APC+KRAS+PIK3CA+SOX9+TGFBR2	1	7.878358150161507e-05	0.00022114773967020726	0.32552435419884884	False	full_mhn
metastatic::PIK3CA+SMAD4+TP53	2	0.0001575671630032	0.00022075245118023212	0.6522145031975903	False	full_mhn
primary::APC+CTNNB1+KRAS+PIK3CA+SMAD4	2	0.0001575671630032	0.00022004818239919528	0.6543019292605823	False	full_mhn
metastatic::KRAS+PIK3CA+PTEN	2	0.0001575671630032	0.00021969242893131374	0.6553614568030143	False	full_mhn
primary::APC+FBXW7+KRAS+PIK3CA+SMAD4+TCF7L2+TP53	1	7.878358150161507e-05	0.0002196345965755032	0.32776701056606644	False	full_mhn
primary::KRAS+NRAS+TP53	1	7.878358150161507e-05	0.00021929149141979894	0.3282798373517938	False	full_mhn
primary::APC+ARID1A+FBXW7+KRAS+SOX9	1	7.878358150161507e-05	0.0002192664204711113	0.3283173729074079	False	full_mhn
metastatic::FBXW7	3	0.0002363507445048	0.00021874050065209051	0.9873202482458777	False	full_mhn
metastatic::BRAF+SMAD4	7	0.0005514850705113	0.00021740453644735305	2.3179039139026782	True	full_mhn
primary::APC+KRAS+PIK3CA+PTEN+SOX9+TP53	2	0.0001575671630032	0.0002172328559127363	0.6627816481105189	False	full_mhn
metastatic::APC+ARID1A+KRAS+PIK3CA+SMAD4+TP53	1	7.878358150161507e-05	0.0002161428198694754	0.33306207060042264	False	full_mhn
primary::CTNNB1+SMAD4+TP53	3	0.0002363507445048	0.0002136340387276038	1.0109200138140002	False	full_mhn
primary::APC+KRAS+RNF43	2	0.0001575671630032	0.0002134017577608678	0.674680245206965	False	full_mhn
unknown::APC+KRAS+SMAD4+TP53	3	0.0002363507445048	0.00021326227487769675	1.0126822735232563	False	full_mhn
primary::APC+FBXW7+KRAS+PIK3CA+SMAD4+SOX9+TCF7L2	1	7.878358150161507e-05	0.00021287303000602455	0.33817799804882914	False	full_mhn
primary::APC+ARID1A+FBXW7+PIK3CA+TP53	1	7.878358150161507e-05	0.00021277590946326396	0.3383323577723932	False	full_mhn
primary::PTEN	8	0.0006302686520129	0.0002122891859917612	2.7128645216205083	True	full_mhn
metastatic::BRAF+PTEN+SMAD4+TP53	3	0.0002363507445048	0.00021154980792243994	1.0208797989117984	False	full_mhn
metastatic::KRAS+SOX9	1	7.878358150161507e-05	0.00021134821589049164	0.3406178510675783	False	full_mhn
primary::CTNNB1+FBXW7+KRAS+PIK3CA+TP53	2	0.0001575671630032	0.00021096747614848837	0.6824651499578855	False	full_mhn
metastatic::NRAS+SMAD4+TP53	4	0.0003151343260064	0.00021028134038040438	1.369383987977517	False	full_mhn
primary::BRAF+KRAS+RNF43+TP53	1	7.878358150161507e-05	0.00020987407247678442	0.34301033125069114	False	full_mhn
metastatic::APC+NRAS+SMAD4+TCF7L2+TP53	1	7.878358150161507e-05	0.00020949218145824966	0.3436356174223858	False	full_mhn
metastatic::APC+FBXW7+KRAS+TCF7L2	2	0.0001575671630032	0.00020940295312064884	0.6875640868248023	False	full_mhn
primary::APC+BRAF+PTEN+SMAD4+TP53	1	7.878358150161507e-05	0.00020936320627859323	0.3438473091807874	False	full_mhn
primary::FBXW7+KRAS+RNF43+TP53	3	0.0002363507445048	0.0002088255716594056	1.0341976973519993	False	full_mhn
primary::APC+PIK3CA+SMAD4+TCF7L2+TP53	1	7.878358150161507e-05	0.00020880760289270118	0.3447622314616296	False	full_mhn
primary::CTNNB1+KRAS+PIK3CA+PTEN	1	7.878358150161507e-05	0.00020879060732490137	0.34479029512755127	False	full_mhn
primary::APC+FBXW7+NRAS+TCF7L2+TP53	1	7.878358150161507e-05	0.000208722289804801	0.344903149474957	False	full_mhn
metastatic::ARID1A+BRAF+TP53	5	0.000393917907508	0.00020848030376385097	1.726517417214375	True	full_mhn
primary::APC+ARID1A+FBXW7+KRAS+PIK3CA+SOX9+TP53	1	7.878358150161507e-05	0.0002070057581738737	0.3477631528296604	False	full_mhn
primary::APC+CTNNB1+TCF7L2+TP53	1	7.878358150161507e-05	0.0002057000677870307	0.34997059499643	False	full_mhn
metastatic::BRAF+KRAS+SMAD4+TP53	1	7.878358150161507e-05	0.000203783281846831	0.3532624190685581	False	full_mhn
metastatic::KRAS+PTEN	6	0.0004727014890096	0.00020327528563279196	2.124871448664636	True	full_mhn
primary::APC+FBXW7+KRAS+SMAD4+SOX9	2	0.0001575671630032	0.0002027694911999944	0.7100572643658466	False	full_mhn
primary::BRAF+SOX9	5	0.000393917907508	0.00020059432708931788	1.794392098467901	True	full_mhn
primary::APC+NRAS+SMAD4+TCF7L2+TP53	1	7.878358150161507e-05	0.00019904561896512722	0.3616707339594621	False	full_mhn
primary::APC+ARID1A+NRAS+SOX9+TP53	1	7.878358150161507e-05	0.0001984011077920326	0.36284563076541965	False	full_mhn
primary::APC+NRAS+PTEN+TP53	4	0.0003151343260064	0.00019833862012293125	1.4518397890760937	False	full_mhn
primary::SOX9	5	0.000393917907508	0.0001981096187657618	1.8168975224248904	True	full_mhn
primary::APC+KRAS+PIK3CA+RNF43	2	0.0001575671630032	0.00019697650214514176	0.7309397244314466	False	full_mhn
primary::APC+ARID1A+CTNNB1+KRAS+PIK3CA+TP53	1	7.878358150161507e-05	0.00019683947906989945	0.36572427156706466	False	full_mhn
primary::BRAF+PTEN+RNF43+SMAD4+TP53	1	7.878358150161507e-05	0.00019593157537870515	0.36741895714175377	False	full_mhn
primary::ARID1A+BRAF+PIK3CA+RNF43+TGFBR2	5	0.000393917907508	0.000195197752819098	1.844001123366067	True	full_mhn
primary::APC+FBXW7+KRAS+PIK3CA+SOX9+TCF7L2+TP53	1	7.878358150161507e-05	0.0001948563056228001	0.36944647423477495	False	full_mhn
metastatic::APC+SOX9	5	0.000393917907508	0.0001941701251076538	1.853760331398175	True	full_mhn
primary::ARID1A+BRAF+FBXW7+RNF43+TP53	2	0.0001575671630032	0.0001938920460635621	0.7425675942303128	False	full_mhn
primary::APC+FBXW7+RNF43+TP53	3	0.0002363507445048	0.00019387216234454098	1.1139656290354745	False	full_mhn
primary::APC+BRAF+FBXW7+KRAS+TP53	1	7.878358150161507e-05	0.00019349610925072298	0.37204352775321353	False	full_mhn
metastatic::APC+BRAF+KRAS+SMAD4+TP53	4	0.0003151343260064	0.00019326345600671193	1.4899655957554316	False	full_mhn
primary::PTEN+SMAD4+TP53	1	7.878358150161507e-05	0.0001932505791351629	0.3725162191691913	False	full_mhn
primary::APC+ARID1A+SOX9+TCF7L2+TP53	1	7.878358150161507e-05	0.00019324431044044648	0.3725283033047474	False	full_mhn
primary::APC+NRAS+RNF43+TP53	1	7.878358150161507e-05	0.000192958078341834	0.37308090809025923	False	full_mhn
metastatic::KRAS+NRAS+TP53	2	0.0001575671630032	0.0001923423158809634	0.7485505699584809	False	full_mhn
primary::APC+BRAF+SMAD4	4	0.0003151343260064	0.00019136219358423422	1.5047690192014742	False	full_mhn
metastatic::APC+KRAS+PIK3CA+TGFBR2	2	0.0001575671630032	0.00019025088829934157	0.7567793846253426	False	full_mhn
primary::APC+BRAF+SMAD4+SOX9+TP53	1	7.878358150161507e-05	0.0001877754787786641	0.38337793384449886	False	full_mhn
primary::FBXW7+RNF43+TP53	1	7.878358150161507e-05	0.00018716868692183466	0.3846208266110608	False	full_mhn
primary::KRAS+TCF7L2	3	0.0002363507445048	0.0001868269933681739	1.1559728139016723	False	full_mhn
primary::BRAF+TCF7L2+TP53	1	7.878358150161507e-05	0.00018634770056358667	0.3863153388003512	False	full_mhn
metastatic::KRAS+PIK3CA+RNF43+TP53	1	7.878358150161507e-05	0.00018577429584851118	0.3875077267707643	False	full_mhn
metastatic::APC+BRAF+PIK3CA+SOX9+TP53	2	0.0001575671630032	0.0001848305320884938	0.778972762359808	False	full_mhn
primary::APC+FBXW7+NRAS+SMAD4+TP53	1	7.878358150161507e-05	0.00018468952844874942	0.3897837396579667	False	full_mhn
primary::APC+PIK3CA+SMAD4+SOX9+TP53	1	7.878358150161507e-05	0.00018454729269908252	0.3900841568643475	False	full_mhn
primary::APC+ARID1A+BRAF+FBXW7+TP53	1	7.878358150161507e-05	0.00018429438181455138	0.39061947719070506	False	full_mhn
primary::APC+KRAS+RNF43+TCF7L2+TP53	2	0.0001575671630032	0.00018376532927674719	0.7834881079665668	False	full_mhn
primary::PIK3CA+RNF43+TP53	1	7.878358150161507e-05	0.00018281154472975814	0.3937879042422282	False	full_mhn
metastatic::APC+PIK3CA+PTEN+TP53	1	7.878358150161507e-05	0.0001823862183167407	0.3947062214123984	False	full_mhn
metastatic::BRAF+PIK3CA+SMAD4+TP53	3	0.0002363507445048	0.0001819982040206398	1.1866431669921018	False	full_mhn
metastatic::APC+KRAS+TGFBR2	2	0.0001575671630032	0.00018146179438109032	0.7934339601678133	False	full_mhn
metastatic::CTNNB1+KRAS+PIK3CA+SMAD4+TP53	2	0.0001575671630032	0.00018128829909660395	0.7941932868897644	False	full_mhn
primary::APC+ARID1A+FBXW7+KRAS+PIK3CA+TCF7L2	2	0.0001575671630032	0.00018096108248347647	0.7956293594005062	False	full_mhn
primary::APC+CTNNB1+KRAS+PTEN+TP53	2	0.0001575671630032	0.0001809331377781488	0.7957522425171571	False	full_mhn
metastatic::RNF43	1	7.878358150161507e-05	0.00018053919484417277	0.3987443010787471	False	full_mhn
metastatic::NRAS+PIK3CA+TP53	5	0.000393917907508	0.0001792577625099067	2.007973714907234	True	full_mhn
primary::APC+KRAS+SOX9+TGFBR2+TP53	2	0.0001575671630032	0.00017892136743693062	0.8046995849974834	False	full_mhn
metastatic::APC+RNF43+SMAD4+TP53	1	7.878358150161507e-05	0.00017815033043880682	0.40409116773903586	False	full_mhn
primary::APC+NRAS	10	0.0007878358150161	0.0001768233631884176	4.071236614833876	True	full_mhn
primary::BRAF+FBXW7+RNF43	3	0.0002363507445048	0.0001767311518225102	1.222008247801472	False	full_mhn
primary::APC+CTNNB1+KRAS+SMAD4	1	7.878358150161507e-05	0.00017657752431536386	0.4076904766653224	False	full_mhn
metastatic::CTNNB1+KRAS	6	0.0004727014890096	0.00017646187602301405	2.4477459951806315	True	full_mhn
primary::ARID1A+BRAF+SMAD4+TP53	2	0.0001575671630032	0.00017532944195107703	0.8211852413661903	False	full_mhn
primary::APC+BRAF+NRAS+PIK3CA+TP53	3	0.0002363507445048	0.00017497546650743436	1.2342697491772316	False	full_mhn
primary::APC+FBXW7+KRAS+PIK3CA+TGFBR2+TP53	1	7.878358150161507e-05	0.00017488992225412361	0.4116244899919146	False	full_mhn
primary::BRAF+KRAS+PIK3CA	2	0.0001575671630032	0.00017454630701418887	0.8248696438579264	False	full_mhn
primary::ARID1A+KRAS+PIK3CA	3	0.0002363507445048	0.00017439134148171943	1.2384039443655788	False	full_mhn
primary::APC+KRAS+PIK3CA+RNF43+SMAD4+TP53	1	7.878358150161507e-05	0.00017374181787797548	0.4143445483022364	False	full_mhn
metastatic::APC+FBXW7+KRAS+SMAD4+SOX9+TP53	6	0.0004727014890096	0.00017327149846386983	2.4928153454065627	True	full_mhn
primary::ARID1A+BRAF+PIK3CA+RNF43	3	0.0002363507445048	0.0001725075613371789	1.2519272979490974	False	full_mhn
primary::ARID1A+BRAF+FBXW7+RNF43	6	0.0004727014890096	0.00017179398806931086	2.514254748522514	True	full_mhn
primary::APC+KRAS+SMAD4+SOX9+TCF7L2	1	7.878358150161507e-05	0.00017151800985121902	0.41971671142250816	False	full_mhn
unknown::APC+FBXW7+KRAS+TP53	2	0.0001575671630032	0.00017124657431273464	0.8407639724499242	False	full_mhn
primary::ARID1A	2	0.0001575671630032	0.00017030831847101468	0.8453958759946778	False	full_mhn
metastatic::APC+ARID1A+CTNNB1+TP53	1	7.878358150161507e-05	0.00016997771288081512	0.4235200828426302	False	full_mhn
primary::CTNNB1	5	0.000393917907508	0.0001698565858855494	2.119110503282885	True	full_mhn
metastatic::APC+NRAS+PTEN+TP53	3	0.0002363507445048	0.00016974459799458085	1.2723051435613846	False	full_mhn
primary::CTNNB1+KRAS+PIK3CA+SMAD4	1	7.878358150161507e-05	0.00016954941233441204	0.4245899413536497	False	full_mhn
primary::KRAS+PIK3CA+RNF43	1	7.878358150161507e-05	0.00016805398821024544	0.4283681440857751	False	full_mhn
unknown::APC+KRAS	3	0.0002363507445048	0.00016800924163225224	1.2854466992943359	False	full_mhn
primary::KRAS+PIK3CA+PTEN+SMAD4+TP53	4	0.0003151343260064	0.0001679625143078613	1.714405748978935	False	full_mhn
primary::APC+ARID1A+FBXW7+NRAS+TP53	1	7.878358150161507e-05	0.0001679611831204781	0.42860483415362344	False	full_mhn
primary::BRAF+RNF43+SOX9+TP53	2	0.0001575671630032	0.00016765880243768414	0.8587556870038977	False	full_mhn
primary::APC+CTNNB1+SMAD4+TP53	2	0.0001575671630032	0.0001672604043356751	0.8608011599603049	False	full_mhn
primary::APC+ARID1A+KRAS+PIK3CA+PTEN	1	7.878358150161507e-05	0.00016703484463462945	0.43098178221849454	False	full_mhn
primary::APC+ARID1A+NRAS+PIK3CA+TP53	1	7.878358150161507e-05	0.00016684619992566235	0.4314690719045986	False	full_mhn
primary::FBXW7+KRAS+PIK3CA+SMAD4+TP53	4	0.0003151343260064	0.00016656312438474754	1.7288094300080201	False	full_mhn
primary::APC+BRAF+FBXW7+SOX9+TP53	2	0.0001575671630032	0.00016609997540121735	0.8668149993025807	False	full_mhn
primary::ARID1A+BRAF+FBXW7+PTEN+RNF43	1	7.878358150161507e-05	0.00016554533805635972	0.43485957306049644	False	full_mhn
primary::BRAF+FBXW7+RNF43+SMAD4+TP53	2	0.0001575671630032	0.0001652161743316108	0.8714519062034758	False	full_mhn
primary::APC+PIK3CA+RNF43+TP53	4	0.0003151343260064	0.00016475942082827365	1.7477355689976386	False	full_mhn
primary::ARID1A+BRAF+PIK3CA+RNF43+TP53	2	0.0001575671630032	0.00016462434732018212	0.8745847889302103	False	full_mhn
metastatic::APC+CTNNB1+PIK3CA+TP53	3	0.0002363507445048	0.00016461946719867817	1.311916073814069	False	full_mhn
metastatic::APC+KRAS+PIK3CA+PTEN+SMAD4	3	0.0002363507445048	0.0001646003566529866	1.3120683908103965	False	full_mhn
metastatic::FBXW7+PIK3CA+TP53	3	0.0002363507445048	0.0001642196856997387	1.3151098429961472	False	full_mhn
primary::APC+PIK3CA+SOX9	3	0.0002363507445048	0.00016354031172605298	1.320573030542854	False	full_mhn
primary::PIK3CA+PTEN+TP53	3	0.0002363507445048	0.00016333263995605053	1.322252093203355	False	full_mhn
primary::BRAF+NRAS+RNF43+TP53	1	7.878358150161507e-05	0.00016328563265019565	0.4408775827665563	False	full_mhn
metastatic::KRAS+PIK3CA+PTEN+SMAD4+TP53	1	7.878358150161507e-05	0.00016328545843122096	0.44087805316508843	False	full_mhn
metastatic::PTEN	2	0.0001575671630032	0.00016310022826196215	0.8827575018127708	False	full_mhn
primary::ARID1A+KRAS	3	0.0002363507445048	0.00016192141688308747	1.3337761564594561	False	full_mhn
unknown::BRAF+TP53	4	0.0003151343260064	0.00016138562739562094	1.7842722720691357	False	full_mhn
metastatic::ARID1A+RNF43+TP53	3	0.0002363507445048	0.0001610063540432582	1.341356534247019	False	full_mhn
primary::FBXW7+NRAS+TP53	1	7.878358150161507e-05	0.000160451646703378	0.44866460703032174	False	full_mhn
primary::ARID1A+BRAF	6	0.0004727014890096	0.00015921125712225941	2.712960489599641	True	full_mhn
primary::BRAF+TGFBR2+TP53	2	0.0001575671630032	0.00015904619618456247	0.9052586825531145	False	full_mhn
primary::APC+FBXW7+PIK3CA+SMAD4+TP53	2	0.0001575671630032	0.00015871065277238438	0.9071725653330528	False	full_mhn
primary::BRAF+RNF43+TCF7L2+TP53	1	7.878358150161507e-05	0.0001586604806017194	0.4537297173023555	False	full_mhn
primary::APC+BRAF+SOX9	1	7.878358150161507e-05	0.00015847350509227086	0.45426505186481003	False	full_mhn
metastatic::APC+KRAS+SMAD4+SOX9+TCF7L2+TP53	1	7.878358150161507e-05	0.00015747948050809978	0.457132413536052	False	full_mhn
primary::APC+KRAS+PIK3CA+PTEN+TCF7L2	4	0.0003151343260064	0.0001566252471802584	1.8385024458212145	False	full_mhn
metastatic::APC+ARID1A+KRAS+SMAD4	3	0.0002363507445048	0.0001557579886098495	1.3865544036202235	False	full_mhn
primary::BRAF+FBXW7+PTEN	3	0.0002363507445048	0.00015540732982627587	1.389683004297856	False	full_mhn
primary::APC+ARID1A+FBXW7+PIK3CA+TCF7L2+TP53	2	0.0001575671630032	0.00015514193288226633	0.9280401972921225	False	full_mhn
primary::APC+FBXW7+PIK3CA	6	0.0004727014890096	0.00015433829623898423	2.798617456018154	True	full_mhn
primary::APC+ARID1A+CTNNB1+KRAS+PIK3CA	1	7.878358150161507e-05	0.00015397870678940864	0.46752552023400895	False	full_mhn
primary::APC+BRAF+FBXW7+PIK3CA+PTEN+TP53	1	7.878358150161507e-05	0.0001530008411646158	0.4705135896359952	False	full_mhn
primary::ARID1A+KRAS+SMAD4+TP53	1	7.878358150161507e-05	0.000152551886717424	0.47189829336986544	False	full_mhn
primary::APC+ARID1A+RNF43	3	0.0002363507445048	0.00015252228667879693	1.4159696243698077	False	full_mhn
metastatic::SOX9	5	0.000393917907508	0.0001522061705151578	2.3648507398736047	True	full_mhn
primary::BRAF+FBXW7+KRAS+TP53	1	7.878358150161507e-05	0.00015177716445378823	0.4743070227261708	False	full_mhn
primary::ARID1A+BRAF+PIK3CA	1	7.878358150161507e-05	0.0001517718971181822	0.4743234838385372	False	full_mhn
primary::APC+ARID1A	4	0.0003151343260064	0.00015149402072819944	1.900774027726264	False	full_mhn
primary::FBXW7+KRAS+PIK3CA+PTEN+TP53	1	7.878358150161507e-05	0.0001514536782829591	0.4753200833748487	False	full_mhn
primary::APC+ARID1A+SMAD4+SOX9+TP53	3	0.0002363507445048	0.0001514043000177135	1.4264253058920886	False	full_mhn
primary::APC+ARID1A+FBXW7+KRAS+PIK3CA+SMAD4+TP53	1	7.878358150161507e-05	0.00015065139410357033	0.47785136947927037	False	full_mhn
primary::BRAF+PTEN+SMAD4	2	0.0001575671630032	0.00015061639675966647	0.9559248067937508	False	full_mhn
primary::APC+NRAS+PIK3CA	8	0.0006302686520129	0.00015042005666950805	3.8286902201497774	True	full_mhn
primary::APC+PIK3CA+SMAD4	2	0.0001575671630032	0.000150374865241411	0.9574602094557375	False	full_mhn
metastatic::APC+ARID1A+KRAS+PIK3CA+SOX9	2	0.0001575671630032	0.0001500519057686052	0.9595209686365935	False	full_mhn
metastatic::APC+KRAS+PIK3CA+PTEN+SMAD4+SOX9	1	7.878358150161507e-05	0.00014966512688803664	0.48100032706388446	False	full_mhn
primary::APC+FBXW7+KRAS+PIK3CA+PTEN+SMAD4	1	7.878358150161507e-05	0.00014948855583945286	0.4815684690937123	False	full_mhn
primary::APC+PTEN+SMAD4+TP53	3	0.0002363507445048	0.00014817430461578019	1.457519409286639	False	full_mhn
primary::APC+ARID1A+PIK3CA+RNF43+TP53	1	7.878358150161507e-05	0.00014782378360726862	0.4869918305464895	False	full_mhn
primary::ARID1A+RNF43+SMAD4+TP53	1	7.878358150161507e-05	0.00014700630348971853	0.4896999194292279	False	full_mhn
primary::BRAF+KRAS+PTEN+TP53	1	7.878358150161507e-05	0.00014675257614342842	0.49054658436318566	False	full_mhn
primary::APC+PIK3CA+PTEN	7	0.0005514850705113	0.00014596103860120424	3.4524475135710353	True	full_mhn
metastatic::APC+ARID1A	3	0.0002363507445048	0.00014572547789323576	1.482012123293798	False	full_mhn
primary::CTNNB1+KRAS+PIK3CA+PTEN+TP53	4	0.0003151343260064	0.0001455701279761881	1.9781249345726875	False	full_mhn
primary::APC+NRAS+SOX9+TCF7L2+TP53	1	7.878358150161507e-05	0.00014552029067421297	0.49470059904340186	False	full_mhn
primary::APC+CTNNB1+FBXW7+KRAS+PIK3CA+SOX9	1	7.878358150161507e-05	0.00014520145460836638	0.49578687185044845	False	full_mhn
primary::ARID1A+BRAF+PIK3CA+RNF43+TCF7L2+TGFBR2	3	0.0002363507445048	0.00014496198100363928	1.489817698457986	False	full_mhn
primary::APC+BRAF+KRAS+PIK3CA+SOX9+TP53	1	7.878358150161507e-05	0.00014467264803821016	0.4975990689517988	False	full_mhn
metastatic::CTNNB1+PIK3CA+TP53	4	0.0003151343260064	0.00014436030774745535	1.9947027292696589	False	full_mhn
primary::KRAS+PTEN+SMAD4	2	0.0001575671630032	0.00014388957850705196	1.0006141613703416	False	full_mhn
primary::APC+ARID1A+RNF43+TCF7L2+TP53	3	0.0002363507445048	0.00014385501866663483	1.5012818245275343	False	full_mhn
primary::APC+BRAF+FBXW7+PIK3CA+SMAD4+TP53	1	7.878358150161507e-05	0.00014362611101599885	0.5012248431273048	False	full_mhn
primary::APC+CTNNB1+FBXW7+KRAS	1	7.878358150161507e-05	0.0001431335109021251	0.5029498299002814	False	full_mhn
primary::ARID1A+BRAF+FBXW7+RNF43+TCF7L2	3	0.0002363507445048	0.00014301370580029754	1.5101134795012567	False	full_mhn
primary::CTNNB1+FBXW7+TP53	3	0.0002363507445048	0.00014275167368886518	1.5128854135216359	False	full_mhn
primary::APC+CTNNB1+KRAS+TCF7L2	3	0.0002363507445048	0.00014264179359481892	1.5140508222434708	False	full_mhn
metastatic::APC+ARID1A+KRAS+PTEN+TP53	1	7.878358150161507e-05	0.0001423875454516922	0.5055847737964037	False	full_mhn
primary::APC+PTEN+TCF7L2+TP53	2	0.0001575671630032	0.00014200708374193552	1.0138786469000893	False	full_mhn
primary::APC+ARID1A+RNF43+TCF7L2	1	7.878358150161507e-05	0.00014198758547393154	0.5070089382596884	False	full_mhn
metastatic::APC+ARID1A+NRAS+SMAD4+TP53	1	7.878358150161507e-05	0.00014143486754566106	0.5089902949990205	False	full_mhn
primary::BRAF+RNF43+SMAD4	4	0.0003151343260064	0.00014135519625646756	2.0371086981280744	False	full_mhn
unknown::APC+BRAF+TP53	3	0.0002363507445048	0.0001409267085423076	1.5324768959267754	False	full_mhn
primary::CTNNB1+KRAS+PIK3CA+SOX9	3	0.0002363507445048	0.00014064139075928222	1.5355858164587326	False	full_mhn
primary::APC+KRAS+TCF7L2+TGFBR2+TP53	1	7.878358150161507e-05	0.0001406258531034011	0.5119184941004574	False	full_mhn
metastatic::APC+BRAF+SMAD4+SOX9+TP53	1	7.878358150161507e-05	0.000140546070133303	0.5122090918921861	False	full_mhn
metastatic::APC+ARID1A+KRAS+SOX9	1	7.878358150161507e-05	0.00014020387585640507	0.5134592357808612	False	full_mhn
metastatic::BRAF+PTEN	2	0.0001575671630032	0.00013935031723075067	1.033208626692666	False	full_mhn
metastatic::APC+CTNNB1+SOX9+TP53	1	7.878358150161507e-05	0.0001387570061814921	0.518813261589328	False	full_mhn
primary::APC+BRAF+PIK3CA+PTEN	3	0.0002363507445048	0.00013837694778737138	1.5607146152963847	False	full_mhn
metastatic::APC+BRAF+KRAS+PIK3CA+SMAD4+TP53	2	0.0001575671630032	0.00013836463177051126	1.0405690243631749	False	full_mhn
primary::CTNNB1+KRAS+PTEN+TP53	1	7.878358150161507e-05	0.0001373792919733717	0.524016202923372	False	full_mhn
metastatic::APC+KRAS+PIK3CA+SOX9+TCF7L2+TP53	1	7.878358150161507e-05	0.00013721464780459656	0.5246449711555299	False	full_mhn
primary::FBXW7+PIK3CA	3	0.0002363507445048	0.0001370129874828624	1.5762514837750803	False	full_mhn
primary::BRAF+PIK3CA+PTEN+SMAD4+TP53	2	0.0001575671630032	0.00013692747836747428	1.0514905524696336	False	full_mhn
primary::CTNNB1+NRAS+TP53	2	0.0001575671630032	0.00013686996549680004	1.0519323896506252	False	full_mhn
primary::APC+BRAF+FBXW7+NRAS+PIK3CA+TP53	1	7.878358150161507e-05	0.00013686168737198483	0.5259980080659274	False	full_mhn
metastatic::RNF43+SMAD4+TP53	6	0.0004727014890096	0.00013645413559043815	3.1654141353117975	True	full_mhn
primary::APC+ARID1A+NRAS+SMAD4+TP53	1	7.878358150161507e-05	0.00013619526666187588	0.5285717830000274	False	full_mhn
metastatic::APC+BRAF+SMAD4	1	7.878358150161507e-05	0.00013477935053016999	0.5341246611361621	False	full_mhn
primary::FBXW7+PTEN+TP53	2	0.0001575671630032	0.0001340854952297356	1.0737772166028683	False	full_mhn
primary::APC+BRAF+PIK3CA+SOX9	2	0.0001575671630032	0.00013313344521074817	1.0814559002736626	False	full_mhn
primary::BRAF+PIK3CA+SOX9	3	0.0002363507445048	0.00013301527403162053	1.6236250035285795	False	full_mhn
metastatic::BRAF+KRAS	2	0.0001575671630032	0.0001328529767721677	1.083738982315403	False	full_mhn
primary::APC+ARID1A+KRAS+PIK3CA+PTEN+SOX9	4	0.0003151343260064	0.00013190190185043585	2.183106502893095	False	full_mhn
primary::APC+ARID1A+FBXW7+RNF43+TP53	1	7.878358150161507e-05	0.00013158314373576646	0.5470987610819422	False	full_mhn
primary::APC+SMAD4+SOX9+TCF7L2+TP53	1	7.878358150161507e-05	0.00013090810239536324	0.5499199331212186	False	full_mhn
metastatic::ARID1A	5	0.000393917907508	0.00013084663492285217	2.750891337651012	True	full_mhn
metastatic::CTNNB1	3	0.0002363507445048	0.00013049957208279957	1.6549243901015893	False	full_mhn
metastatic::BRAF+FBXW7+SMAD4+TP53	1	7.878358150161507e-05	0.00012949799869776995	0.5559080111833066	False	full_mhn
primary::KRAS+PIK3CA+PTEN+SMAD4	1	7.878358150161507e-05	0.0001294425950518144	0.5561459493240336	False	full_mhn
primary::APC+ARID1A+KRAS+PTEN	2	0.0001575671630032	0.00012830437699549082	1.1221592994546132	False	full_mhn
primary::FBXW7+KRAS+PIK3CA+PTEN+SMAD4+TP53	2	0.0001575671630032	0.00012810980488035578	1.1238636257309116	False	full_mhn
primary::CTNNB1+RNF43+TP53	1	7.878358150161507e-05	0.00012796269178862142	0.5625778412081451	False	full_mhn
metastatic::APC+ARID1A+KRAS+SMAD4+SOX9	2	0.0001575671630032	0.0001278750805637554	1.125926561826637	False	full_mhn
primary::NRAS	4	0.0003151343260064	0.0001277074465551779	2.2548089979822374	False	full_mhn
primary::APC+BRAF+KRAS+PIK3CA+SMAD4+TP53	1	7.878358150161507e-05	0.0001265492942222836	0.568861133029269	False	full_mhn
metastatic::CTNNB1+KRAS+PIK3CA+SMAD4	1	7.878358150161507e-05	0.00012608399999091332	0.5709604303355812	False	full_mhn
primary::PIK3CA+SMAD4	4	0.0003151343260064	0.0001249119942531901	2.305270212625202	False	full_mhn
metastatic::ARID1A+KRAS	1	7.878358150161507e-05	0.000124013192425427	0.5804944899470952	False	full_mhn
primary::APC+CTNNB1+FBXW7+KRAS+TCF7L2	1	7.878358150161507e-05	0.00012327005712110855	0.5839940092627932	False	full_mhn
primary::CTNNB1+PTEN+TP53	1	7.878358150161507e-05	0.00012308269304078172	0.5848830010200393	False	full_mhn
primary::APC+KRAS+NRAS	4	0.0003151343260064	0.0001226821532792759	2.3471702428802454	False	full_mhn
metastatic::APC+KRAS+PIK3CA+SOX9+TGFBR2	1	7.878358150161507e-05	0.00012234428296090246	0.5884130678897039	False	full_mhn
metastatic::APC+KRAS+NRAS+PIK3CA	1	7.878358150161507e-05	0.0001218188648030494	0.590950958126567	False	full_mhn
primary::APC+BRAF+FBXW7+KRAS+PIK3CA	1	7.878358150161507e-05	0.00012167403794665427	0.5916543585420547	False	full_mhn
primary::CTNNB1+KRAS+SMAD4	1	7.878358150161507e-05	0.00012131049661115819	0.5934274187461757	False	full_mhn
metastatic::KRAS+RNF43	1	7.878358150161507e-05	0.00012101588598335231	0.5948721052972736	False	full_mhn
metastatic::BRAF+FBXW7	1	7.878358150161507e-05	0.00012062106493097154	0.5968192612839388	False	full_mhn
metastatic::APC+CTNNB1+TCF7L2+TP53	2	0.0001575671630032	0.00012029908449789235	1.1968332953861267	False	full_mhn
primary::APC+ARID1A+BRAF	1	7.878358150161507e-05	0.00012028730512187598	0.5984752488451605	False	full_mhn
primary::APC+BRAF+FBXW7+NRAS+TP53	2	0.0001575671630032	0.00012016102108413409	1.1982084408999927	False	full_mhn
primary::APC+NRAS+PIK3CA+PTEN	2	0.0001575671630032	0.00011931867085658365	1.2066673948687237	False	full_mhn
metastatic::ARID1A+KRAS+SMAD4+TP53	2	0.0001575671630032	0.00011876000961304061	1.2123437021027867	False	full_mhn
primary::APC+ARID1A+KRAS+PIK3CA+SMAD4+TCF7L2	2	0.0001575671630032	0.00011866040178504113	1.2133613871950417	False	full_mhn
metastatic::APC+ARID1A+KRAS+SMAD4+TCF7L2+TP53	1	7.878358150161507e-05	0.0001184021365333499	0.6080040188795311	False	full_mhn
metastatic::KRAS+TCF7L2	2	0.0001575671630032	0.00011826276973291093	1.217441042824416	False	full_mhn
primary::APC+ARID1A+FBXW7+KRAS+PIK3CA+PTEN+TCF7L2	1	7.878358150161507e-05	0.00011802024560390788	0.6099714035152678	False	full_mhn
primary::APC+KRAS+PTEN+SMAD4+SOX9+TP53	1	7.878358150161507e-05	0.00011699681088064598	0.6153071550158401	False	full_mhn
primary::NRAS+RNF43+TP53	4	0.0003151343260064	0.0001158874818186151	2.484788648895437	False	full_mhn
metastatic::APC+BRAF+NRAS+PIK3CA+TP53	1	7.878358150161507e-05	0.00011571729652776312	0.6221107561463054	False	full_mhn
primary::APC+NRAS+PIK3CA+SOX9	1	7.878358150161507e-05	0.00011532932368336771	0.6242035636803278	False	full_mhn
primary::APC+BRAF+KRAS+SOX9+TP53	4	0.0003151343260064	0.00011503958914773821	2.5031026404645207	False	full_mhn
primary::ARID1A+BRAF+RNF43+SMAD4	2	0.0001575671630032	0.00011449670724553507	1.2574855044707756	False	full_mhn
metastatic::ARID1A+BRAF+RNF43+SMAD4+TP53	2	0.0001575671630032	0.00011427713573041226	1.2599016307875646	False	full_mhn
primary::APC+ARID1A+FBXW7+RNF43+SOX9+TGFBR2	1	7.878358150161507e-05	0.00011425679875900619	0.6300629425648626	False	full_mhn
metastatic::APC+BRAF+KRAS+PIK3CA	1	7.878358150161507e-05	0.00011424145412308998	0.6301475710952636	False	full_mhn
primary::ARID1A+BRAF+RNF43+SOX9	5	0.000393917907508	0.00011401305602616528	3.1570496108910104	True	full_mhn
metastatic::FBXW7+KRAS+PIK3CA+SMAD4+TP53	2	0.0001575671630032	0.00011220825411116956	1.2831315377441235	False	full_mhn
primary::BRAF+FBXW7+PIK3CA+PTEN+TP53	1	7.878358150161507e-05	0.00011205756632131638	0.6424285051430834	False	full_mhn
metastatic::APC+FBXW7+NRAS+TCF7L2+TP53	1	7.878358150161507e-05	0.00011202743433421791	0.6426012989535541	False	full_mhn
metastatic::CTNNB1+NRAS+TP53	1	7.878358150161507e-05	0.00011182378988520023	0.6437715524964499	False	full_mhn
primary::ARID1A+BRAF+PTEN+RNF43+TP53	1	7.878358150161507e-05	0.00011171853671265508	0.6443780677595556	False	full_mhn
primary::APC+ARID1A+BRAF+RNF43+SOX9+TCF7L2+TGFBR2	1	7.878358150161507e-05	0.00011138385788680147	0.6463142522056587	False	full_mhn
primary::CTNNB1+KRAS+RNF43+TP53	1	7.878358150161507e-05	0.00011124335833759364	0.6471305423790428	False	full_mhn
primary::APC+CTNNB1+FBXW7+KRAS+SMAD4+TP53	1	7.878358150161507e-05	0.00011054765890267443	0.6512030695862981	False	full_mhn
metastatic::APC+BRAF+PTEN+SMAD4+TP53	1	7.878358150161507e-05	0.00011043101587853636	0.651890904376845	False	full_mhn
primary::ARID1A+BRAF+PTEN+RNF43+SOX9	3	0.0002363507445048	0.00010997091381381979	1.963854958906187	False	full_mhn
primary::APC+BRAF+FBXW7+PTEN+TP53	2	0.0001575671630032	0.00010988689442850511	1.310237679997568	False	full_mhn
primary::APC+FBXW7+KRAS+SOX9+TCF7L2	2	0.0001575671630032	0.00010987199200743695	1.310415393289848	False	full_mhn
primary::ARID1A+PIK3CA+TP53	1	7.878358150161507e-05	0.00010976914556368063	0.6558215830022929	False	full_mhn
primary::APC+NRAS+PIK3CA+PTEN+TP53	1	7.878358150161507e-05	0.00010945101233366934	0.6577278114798272	False	full_mhn
metastatic::APC+KRAS+RNF43	3	0.0002363507445048	0.00010940922988557096	1.9739369762908356	False	full_mhn
primary::APC+BRAF+PIK3CA+SMAD4	3	0.0002363507445048	0.00010892438102237724	1.9827234488987229	False	full_mhn
primary::APC+BRAF+NRAS+SMAD4+TP53	1	7.878358150161507e-05	0.00010819207588648892	0.665381214002684	False	full_mhn
primary::APC+PIK3CA+TGFBR2+TP53	1	7.878358150161507e-05	0.00010771267679792918	0.6683426402160038	False	full_mhn
metastatic::APC+FBXW7	1	7.878358150161507e-05	0.00010771096851115285	0.6683532400731912	False	full_mhn
primary::BRAF+PIK3CA+RNF43+SOX9+TGFBR2	1	7.878358150161507e-05	0.00010738500372038048	0.6703820114517443	False	full_mhn
primary::ARID1A+BRAF+FBXW7+RNF43+SMAD4+TP53	1	7.878358150161507e-05	0.00010661433000695479	0.6752279434132326	False	full_mhn
primary::ARID1A+BRAF+RNF43+TGFBR2	2	0.0001575671630032	0.00010659784418347884	1.350664740741818	False	full_mhn
metastatic::APC+CTNNB1+SMAD4+TP53	1	7.878358150161507e-05	0.000106511764131878	0.6758781565122901	False	full_mhn
primary::APC+RNF43	6	0.0004727014890096	0.00010631057272876042	4.062943483751399	True	full_mhn
primary::PIK3CA+PTEN	4	0.0003151343260064	0.00010520230767878372	2.7371633329452987	False	full_mhn
metastatic::APC+ARID1A+NRAS+TCF7L2+TP53	1	7.878358150161507e-05	0.00010514994348714923	0.6846316069429953	False	full_mhn
metastatic::BRAF+SOX9	1	7.878358150161507e-05	0.00010461312684293406	0.6881447572458385	False	full_mhn
primary::APC+ARID1A+BRAF+FBXW7+RNF43	1	7.878358150161507e-05	0.00010434979278387957	0.6898813390403163	False	full_mhn
metastatic::TCF7L2	1	7.878358150161507e-05	0.00010417869048841546	0.691014394937076	False	full_mhn
primary::BRAF+FBXW7+PIK3CA+RNF43	2	0.0001575671630032	0.00010387756655987017	1.3860350633008205	False	full_mhn
unknown::APC+KRAS+PIK3CA	2	0.0001575671630032	0.00010356138867255057	1.3902666947944782	False	full_mhn
primary::APC+ARID1A+PIK3CA+PTEN+RNF43+TCF7L2	1	7.878358150161507e-05	0.00010353646261183159	0.6953006984485918	False	full_mhn
metastatic::APC+ARID1A+FBXW7+SOX9+TP53	1	7.878358150161507e-05	0.0001033132355019553	0.6968030225521127	False	full_mhn
metastatic::APC+KRAS+RNF43+SOX9+TP53	1	7.878358150161507e-05	0.0001027263389981937	0.7007840001451385	False	full_mhn
primary::ARID1A+BRAF+RNF43+SOX9+TCF7L2	1	7.878358150161507e-05	0.00010268012098700423	0.7010994345460073	False	full_mhn
primary::ARID1A+BRAF+PIK3CA+RNF43+SOX9	3	0.0002363507445048	0.00010244340541508682	2.1081583866657176	False	full_mhn
metastatic::APC+ARID1A+KRAS+SMAD4+SOX9+TP53	1	7.878358150161507e-05	0.00010236830573998336	0.7032349929070969	False	full_mhn
primary::KRAS+PIK3CA+RNF43+SMAD4+TP53	4	0.0003151343260064	0.00010195875935130746	2.8242389458697184	False	full_mhn
primary::APC+FBXW7+SMAD4+SOX9+TP53	2	0.0001575671630032	0.00010171969229984533	1.4154383114778701	False	full_mhn
metastatic::APC+PIK3CA+SMAD4+SOX9+TP53	2	0.0001575671630032	0.00010166884243354368	1.4161462456538296	False	full_mhn
primary::APC+FBXW7+NRAS	2	0.0001575671630032	0.00010134643496373837	1.4206513486068224	False	full_mhn
metastatic::APC+BRAF+FBXW7+KRAS+TP53	1	7.878358150161507e-05	0.00010106932538577241	0.7122732290648536	False	full_mhn
primary::APC+TCF7L2	8	0.0006302686520129	0.00010104589584700288	5.69950707237147	True	full_mhn
metastatic::APC+FBXW7+SMAD4+SOX9+TP53	1	7.878358150161507e-05	0.00010066867343461846	0.7151080101979349	False	full_mhn
unknown::APC+BRAF+SMAD4+TP53	1	7.878358150161507e-05	0.00010055816061166493	0.7158939096580786	False	full_mhn
metastatic::BRAF+NRAS+SMAD4+TP53	1	7.878358150161507e-05	0.00010048181276308164	0.7164378584361645	False	full_mhn
metastatic::FBXW7+KRAS+RNF43+TP53	1	7.878358150161507e-05	0.0001001682969806722	0.7186802303269066	False	full_mhn
primary::BRAF+CTNNB1+PTEN+TP53	1	7.878358150161507e-05	0.00010014738762430463	0.7188302805804047	False	full_mhn
primary::APC+ARID1A+FBXW7+KRAS+PIK3CA+RNF43+TCF7L2	2	0.0001575671630032	9.99922072403594e-05	1.4398917021843183	False	full_mhn
primary::BRAF+RNF43+SOX9	2	0.0001575671630032	9.995566461241637e-05	1.4404181098314364	False	full_mhn
metastatic::APC+NRAS+PIK3CA	3	0.0002363507445048	9.932653231998307e-05	2.1743125343640726	False	full_mhn
metastatic::APC+CTNNB1+KRAS+SOX9	1	7.878358150161507e-05	9.914919343823609e-05	0.7260671745452099	False	full_mhn
primary::ARID1A+BRAF+FBXW7+RNF43+SMAD4	1	7.878358150161507e-05	9.845426596335186e-05	0.7311920314332394	False	full_mhn
primary::APC+ARID1A+FBXW7+PIK3CA+SOX9+TCF7L2+TP53	1	7.878358150161507e-05	9.843825722593159e-05	0.7313109431393785	False	full_mhn
primary::FBXW7+KRAS+PIK3CA+SMAD4	3	0.0002363507445048	9.826505427726756e-05	2.1977998769063047	False	full_mhn
metastatic::NRAS	10	0.0007878358150161	9.811669674361184e-05	7.337076880870272	True	full_mhn
primary::APC+KRAS+PTEN+SMAD4+TCF7L2+TP53	2	0.0001575671630032	9.796197054314374e-05	1.4697330878540977	False	full_mhn
primary::APC+CTNNB1+KRAS+SMAD4+SOX9	1	7.878358150161507e-05	9.782680204881886e-05	0.7358819180493796	False	full_mhn
primary::CTNNB1+KRAS+PTEN	1	7.878358150161507e-05	9.76303935680236e-05	0.7373623325269435	False	full_mhn
primary::ARID1A+SMAD4+TP53	1	7.878358150161507e-05	9.760593788752582e-05	0.7375470825311021	False	full_mhn
primary::KRAS+TGFBR2+TP53	2	0.0001575671630032	9.757819271777026e-05	1.4755135901040937	False	full_mhn
metastatic::APC+FBXW7+KRAS+SOX9+TCF7L2+TP53	1	7.878358150161507e-05	9.734607416830351e-05	0.7395159521299712	False	full_mhn
metastatic::KRAS+PIK3CA+SOX9	1	7.878358150161507e-05	9.721344591115032e-05	0.7405248733747618	False	full_mhn
metastatic::ARID1A+BRAF	1	7.878358150161507e-05	9.651124011229257e-05	0.7459128556894553	False	full_mhn
primary::APC+KRAS+SOX9+TGFBR2	2	0.0001575671630032	9.643670796602788e-05	1.4929786849020277	False	full_mhn
primary::APC+KRAS+PIK3CA+TCF7L2+TGFBR2	1	7.878358150161507e-05	9.642450476660735e-05	0.7465838159279851	False	full_mhn
metastatic::FBXW7+RNF43+TP53	1	7.878358150161507e-05	9.637334696669726e-05	0.7469801245161702	False	full_mhn
metastatic::ARID1A+BRAF+SMAD4+TP53	2	0.0001575671630032	9.631750127933776e-05	1.494826459585906	False	full_mhn
metastatic::APC+BRAF+PIK3CA+RNF43+TP53	1	7.878358150161507e-05	9.624670159405258e-05	0.7479630317086019	False	full_mhn
metastatic::APC+ARID1A+FBXW7+KRAS+PIK3CA+SOX9	1	7.878358150161507e-05	9.596654709805002e-05	0.7501465551376489	False	full_mhn
metastatic::APC+RNF43+TCF7L2+TP53	1	7.878358150161507e-05	9.58089249658046e-05	0.7513806750103585	False	full_mhn
primary::BRAF+FBXW7+KRAS+PIK3CA+TP53	1	7.878358150161507e-05	9.557014325139055e-05	0.7532579973390202	False	full_mhn
metastatic::APC+BRAF+PIK3CA	1	7.878358150161507e-05	9.554213641617525e-05	0.7534788043376557	False	full_mhn
primary::APC+BRAF+KRAS+SOX9	1	7.878358150161507e-05	9.523720507987582e-05	0.7558912994972393	False	full_mhn
primary::BRAF+KRAS+PIK3CA+PTEN+TP53	1	7.878358150161507e-05	9.518514799014819e-05	0.7563046990834115	False	full_mhn
primary::ARID1A+FBXW7+KRAS+TP53	1	7.878358150161507e-05	9.507064622033218e-05	0.7572155819804693	False	full_mhn
metastatic::NRAS+PIK3CA	1	7.878358150161507e-05	9.50627799239003e-05	0.7572782403855023	False	full_mhn
primary::APC+ARID1A+RNF43+TCF7L2+TGFBR2	1	7.878358150161507e-05	9.483948355489265e-05	0.7590612264719431	False	full_mhn
metastatic::KRAS+PIK3CA+RNF43+SMAD4+TP53	1	7.878358150161507e-05	9.47422400866969e-05	0.7598403271707276	False	full_mhn
metastatic::BRAF+KRAS+PIK3CA	3	0.0002363507445048	9.456798258825335e-05	2.283721384320559	False	full_mhn
metastatic::BRAF+PTEN+RNF43+SMAD4+TP53	1	7.878358150161507e-05	9.448001159624014e-05	0.7619492576895417	False	full_mhn
primary::APC+ARID1A+CTNNB1+KRAS+PIK3CA+SOX9+TP53	1	7.878358150161507e-05	9.428903679130956e-05	0.7634925241631727	False	full_mhn
primary::APC+ARID1A+BRAF+FBXW7+PIK3CA+RNF43+TCF7L2+TGFBR2	1	7.878358150161507e-05	9.376611539203098e-05	0.7677504223724246	False	full_mhn
unknown::SMAD4+TP53	1	7.878358150161507e-05	9.28377320067631e-05	0.7754279766715051	False	full_mhn
primary::APC+ARID1A+CTNNB1+PIK3CA+TP53	1	7.878358150161507e-05	9.210772211492399e-05	0.7815737164014157	False	full_mhn
metastatic::BRAF+RNF43+SMAD4	2	0.0001575671630032	9.198184562384841e-05	1.5652865887457657	False	full_mhn
primary::APC+FBXW7+PIK3CA+PTEN	1	7.878358150161507e-05	9.186162862948956e-05	0.7836675198835543	False	full_mhn
primary::ARID1A+BRAF+FBXW7+PTEN+RNF43+TGFBR2	2	0.0001575671630032	9.160032272962222e-05	1.5718061363337683	False	full_mhn
metastatic::BRAF+KRAS+PIK3CA+TP53	1	7.878358150161507e-05	9.128738814250103e-05	0.7885971560850296	False	full_mhn
primary::ARID1A+CTNNB1+KRAS+TP53	1	7.878358150161507e-05	9.109498295778081e-05	0.7902627821699598	False	full_mhn
primary::APC+BRAF+PIK3CA+SMAD4+SOX9+TP53	1	7.878358150161507e-05	9.103161248776457e-05	0.7908129132950023	False	full_mhn
metastatic::APC+FBXW7+RNF43+TP53	1	7.878358150161507e-05	9.09087138713258e-05	0.7918820056591769	False	full_mhn
primary::BRAF+FBXW7+PTEN+RNF43+TP53	1	7.878358150161507e-05	9.061849335764803e-05	0.7944181369873752	False	full_mhn
metastatic::APC+BRAF+PIK3CA+PTEN+TP53	1	7.878358150161507e-05	9.038425798928412e-05	0.7964769116792634	False	full_mhn
primary::KRAS+NRAS+PIK3CA+TP53	1	7.878358150161507e-05	9.012912864885852e-05	0.7987315060588234	False	full_mhn
primary::APC+ARID1A+FBXW7+KRAS+PIK3CA+PTEN+RNF43+TCF7L2	2	0.0001575671630032	9.012490452948123e-05	1.5975378845893216	False	full_mhn
primary::ARID1A+FBXW7+TP53	1	7.878358150161507e-05	8.992732479848148e-05	0.8005239211218637	False	full_mhn
primary::ARID1A+CTNNB1+KRAS+PIK3CA	1	7.878358150161507e-05	8.963260344495901e-05	0.8031561272819003	False	full_mhn
primary::BRAF+PIK3CA+RNF43+SOX9	1	7.878358150161507e-05	8.899045042698611e-05	0.8089516831282559	False	full_mhn
metastatic::NRAS+RNF43+TP53	3	0.0002363507445048	8.88651458671577e-05	2.430277043433163	False	full_mhn
metastatic::APC+FBXW7+KRAS+PIK3CA+PTEN+SMAD4+TP53	1	7.878358150161507e-05	8.866425552943324e-05	0.811927808138853	False	full_mhn
metastatic::APC+ARID1A+SMAD4+TCF7L2+TP53	1	7.878358150161507e-05	8.859946236371619e-05	0.8125215744104055	False	full_mhn
primary::ARID1A+BRAF+RNF43+TCF7L2	4	0.0003151343260064	8.839236919120811e-05	3.257700876601238	False	full_mhn
metastatic::KRAS+TGFBR2+TP53	2	0.0001575671630032	8.833994470208835e-05	1.6298170638900027	False	full_mhn
primary::BRAF+KRAS+PIK3CA+SMAD4+TP53	1	7.878358150161507e-05	8.833213015149145e-05	0.8149806251220308	False	full_mhn
primary::APC+BRAF+RNF43	1	7.878358150161507e-05	8.814914340849211e-05	0.816672424301698	False	full_mhn
primary::APC+ARID1A+FBXW7+KRAS+PIK3CA+SOX9+TCF7L2+TP53	1	7.878358150161507e-05	8.79989958078953e-05	0.8180658652434188	False	full_mhn
primary::ARID1A+BRAF+RNF43+SOX9+TP53	1	7.878358150161507e-05	8.770750866126817e-05	0.8207846254240897	False	full_mhn
primary::BRAF+FBXW7+PIK3CA+RNF43+SMAD4+TP53	1	7.878358150161507e-05	8.760522216438318e-05	0.8217429607949631	False	full_mhn
primary::APC+FBXW7+KRAS+RNF43	1	7.878358150161507e-05	8.742754028291136e-05	0.8234130161713095	False	full_mhn
metastatic::APC+PIK3CA+RNF43+TP53	2	0.0001575671630032	8.719254069097207e-05	1.6512645248795104	False	full_mhn
primary::NRAS+PIK3CA+SMAD4+TP53	1	7.878358150161507e-05	8.689142418620762e-05	0.8284934366070291	False	full_mhn
primary::APC+ARID1A+KRAS+PIK3CA+RNF43+TCF7L2	2	0.0001575671630032	8.670974752777797e-05	1.6604586378457287	False	full_mhn
primary::ARID1A+BRAF+FBXW7+PIK3CA+PTEN+RNF43+TGFBR2	1	7.878358150161507e-05	8.668793074467338e-05	0.8304382630356981	False	full_mhn
metastatic::KRAS+PIK3CA+TCF7L2	2	0.0001575671630032	8.644648204859819e-05	1.6655154246985255	False	full_mhn
primary::APC+BRAF+KRAS	7	0.0005514850705113	8.604782280949767e-05	5.8563111295535135	True	full_mhn
metastatic::KRAS+PIK3CA+SOX9+TP53	1	7.878358150161507e-05	8.601635912945158e-05	0.8369218989952941	False	full_mhn
metastatic::APC+FBXW7+KRAS+PIK3CA+SMAD4+TCF7L2+TP53	1	7.878358150161507e-05	8.590184747942768e-05	0.8380375595927264	False	full_mhn
primary::BRAF+TCF7L2	1	7.878358150161507e-05	8.584806604399515e-05	0.8385625669045179	False	full_mhn
primary::ARID1A+BRAF+FBXW7+PTEN+RNF43+TP53	2	0.0001575671630032	8.571887806983607e-05	1.679652749671161	False	full_mhn
unknown::PIK3CA+TP53	1	7.878358150161507e-05	8.547759592018845e-05	0.8421969973187333	False	full_mhn
metastatic::APC+RNF43+SOX9+TP53	1	7.878358150161507e-05	8.545166660298324e-05	0.8424525522272017	False	full_mhn
primary::ARID1A+BRAF+FBXW7+PIK3CA+RNF43+TCF7L2+TGFBR2	1	7.878358150161507e-05	8.518363691701665e-05	0.8451033229448739	False	full_mhn
primary::APC+CTNNB1+KRAS+PIK3CA+SOX9+TCF7L2+TP53	1	7.878358150161507e-05	8.511939255478414e-05	0.8457411696415637	False	full_mhn
metastatic::APC+CTNNB1+KRAS+PIK3CA+TCF7L2	1	7.878358150161507e-05	8.484530130914493e-05	0.8484733215034403	False	full_mhn
primary::APC+KRAS+NRAS+PTEN+TP53	2	0.0001575671630032	8.456541785612375e-05	1.70256297285464	False	full_mhn
primary::KRAS+TGFBR2	4	0.0003151343260064	8.438011908569558e-05	3.412603603364332	False	full_mhn
primary::CTNNB1+KRAS+SOX9+TP53	2	0.0001575671630032	8.432814966310068e-05	1.7073533546773259	False	full_mhn
primary::KRAS+RNF43+TCF7L2+TP53	1	7.878358150161507e-05	8.40603641987073e-05	0.8563961778423345	False	full_mhn
primary::ARID1A+BRAF+PTEN+RNF43+TGFBR2	2	0.0001575671630032	8.397482026053702e-05	1.7145371525314652	False	full_mhn
unknown::APC+PIK3CA+TP53	2	0.0001575671630032	8.383529557190818e-05	1.7173906077243428	False	full_mhn
metastatic::APC+KRAS+PTEN+SOX9	1	7.878358150161507e-05	8.371225838586514e-05	0.859957382494912	False	full_mhn
primary::BRAF+PIK3CA+SOX9+TP53	1	7.878358150161507e-05	8.344960016574271e-05	0.8626641045440521	False	full_mhn
primary::ARID1A+CTNNB1+TP53	1	7.878358150161507e-05	8.248721725927501e-05	0.8727288540380516	False	full_mhn
primary::ARID1A+BRAF+PIK3CA+RNF43+TCF7L2	2	0.0001575671630032	8.241255181303729e-05	1.7470390858418263	False	full_mhn
primary::APC+CTNNB1+SMAD4+SOX9+TP53	1	7.878358150161507e-05	8.239585676456337e-05	0.8736965354484674	False	full_mhn
metastatic::APC+FBXW7+KRAS+PTEN	3	0.0002363507445048	8.237380007328779e-05	2.6217914382805345	False	full_mhn
primary::ARID1A+RNF43	3	0.0002363507445048	8.218627050403081e-05	2.6277737442071185	False	full_mhn
primary::PIK3CA+RNF43	1	7.878358150161507e-05	8.206954004366467e-05	0.877170440442726	False	full_mhn
primary::CTNNB1+KRAS+PIK3CA+RNF43+TP53	1	7.878358150161507e-05	8.150136992387134e-05	0.8832854545655073	False	full_mhn
metastatic::APC+KRAS+PIK3CA+SMAD4+TGFBR2	1	7.878358150161507e-05	8.14796214945558e-05	0.8835212199100921	False	full_mhn
primary::APC+ARID1A+FBXW7+PIK3CA+PTEN+TCF7L2	1	7.878358150161507e-05	8.126325552609753e-05	0.8858736228603465	False	full_mhn
primary::APC+ARID1A+KRAS+PIK3CA+RNF43	1	7.878358150161507e-05	8.125907585343558e-05	0.8859191889916243	False	full_mhn
metastatic::APC+KRAS+SMAD4+TGFBR2	1	7.878358150161507e-05	8.089075532955995e-05	0.8899530518779035	False	full_mhn
metastatic::APC+KRAS+PTEN+SMAD4	1	7.878358150161507e-05	8.085603526351696e-05	0.8903352030463786	False	full_mhn
primary::ARID1A+KRAS+RNF43+SMAD4+TP53	3	0.0002363507445048	8.059076030204623e-05	2.6797975711278754	False	full_mhn
primary::APC+ARID1A+FBXW7+KRAS+PIK3CA+PTEN	1	7.878358150161507e-05	8.055318556657095e-05	0.8936825286819712	False	full_mhn
metastatic::APC+FBXW7+KRAS+PTEN+SMAD4+TP53	1	7.878358150161507e-05	8.049531632941143e-05	0.8943250098586834	False	full_mhn
primary::APC+ARID1A+FBXW7+SOX9	1	7.878358150161507e-05	8.0272177362957e-05	0.8968110363057532	False	full_mhn
primary::BRAF+FBXW7+RNF43+SMAD4	2	0.0001575671630032	8.026455110884384e-05	1.7937924917731631	False	full_mhn
metastatic::KRAS+PIK3CA+SMAD4+SOX9	1	7.878358150161507e-05	7.987856289089295e-05	0.9012302169394819	False	full_mhn
metastatic::APC+CTNNB1+KRAS+PTEN+TP53	1	7.878358150161507e-05	7.986557337916226e-05	0.9013767949934932	False	full_mhn
primary::KRAS+PIK3CA+SMAD4+SOX9	1	7.878358150161507e-05	7.98151784608729e-05	0.9019459199423869	False	full_mhn
primary::APC+ARID1A+CTNNB1+FBXW7+KRAS+PIK3CA+TP53	1	7.878358150161507e-05	7.946018753292853e-05	0.9059753921219464	False	full_mhn
metastatic::SMAD4+SOX9+TP53	1	7.878358150161507e-05	7.931074745445378e-05	0.9076824625548102	False	full_mhn
primary::BRAF+PIK3CA+PTEN+RNF43	3	0.0002363507445048	7.929277947763509e-05	2.7236644381954087	False	full_mhn
primary::APC+ARID1A+FBXW7+KRAS+PIK3CA+SMAD4+SOX9	1	7.878358150161507e-05	7.884644500431349e-05	0.9130275251755213	False	full_mhn
primary::BRAF+KRAS+PIK3CA+PTEN	1	7.878358150161507e-05	7.876877012933681e-05	0.91392787309071	False	full_mhn
metastatic::APC+KRAS+NRAS	2	0.0001575671630032	7.860872884054096e-05	1.83157711898464	False	full_mhn
primary::APC+FBXW7+NRAS+PIK3CA+SOX9+TP53	1	7.878358150161507e-05	7.851192921935169e-05	0.9169176615971136	False	full_mhn
metastatic::APC+BRAF+FBXW7+PIK3CA+SMAD4+TP53	1	7.878358150161507e-05	7.840343367872116e-05	0.9181865024051256	False	full_mhn
unknown::KRAS+SMAD4+TP53	2	0.0001575671630032	7.804672845915375e-05	1.844765974514431	False	full_mhn
primary::APC+ARID1A+BRAF+PIK3CA+RNF43+SOX9+TGFBR2	1	7.878358150161507e-05	7.728424427807837e-05	0.9314831917576265	False	full_mhn
metastatic::KRAS+PIK3CA+RNF43	1	7.878358150161507e-05	7.699870857334066e-05	0.9349374276933147	False	full_mhn
primary::APC+CTNNB1+KRAS+PIK3CA+PTEN+SMAD4	1	7.878358150161507e-05	7.695424356896213e-05	0.9354776447670952	False	full_mhn
primary::ARID1A+BRAF+PIK3CA+PTEN+RNF43+TGFBR2	1	7.878358150161507e-05	7.691943809816313e-05	0.9359009414035475	False	full_mhn
primary::CTNNB1+SOX9+TP53	1	7.878358150161507e-05	7.676404574763586e-05	0.937795472154688	False	full_mhn
metastatic::APC+TCF7L2	4	0.0003151343260064	7.670042981080058e-05	3.7542931481971715	False	full_mhn
primary::BRAF+TGFBR2	2	0.0001575671630032	7.626589856427593e-05	1.8878417713677806	False	full_mhn
primary::APC+BRAF+PIK3CA+TGFBR2+TP53	1	7.878358150161507e-05	7.626548819454989e-05	0.9439259647382976	False	full_mhn
primary::APC+ARID1A+BRAF+PIK3CA+RNF43	1	7.878358150161507e-05	7.626047349579791e-05	0.9439880349573545	False	full_mhn
metastatic::APC+PIK3CA+SMAD4+TCF7L2+TP53	1	7.878358150161507e-05	7.606566670283069e-05	0.9464056208044662	False	full_mhn
primary::BRAF+FBXW7+SMAD4	3	0.0002363507445048	7.603398518055303e-05	2.840399895380035	False	full_mhn
primary::APC+TCF7L2+TGFBR2+TP53	1	7.878358150161507e-05	7.598409000643392e-05	0.9474216840747373	False	full_mhn
primary::APC+ARID1A+BRAF+RNF43	2	0.0001575671630032	7.581729695098009e-05	1.8990118985969306	False	full_mhn
primary::APC+FBXW7+KRAS+PIK3CA+SOX9+TGFBR2+TP53	1	7.878358150161507e-05	7.579325192460349e-05	0.9498071752615745	False	full_mhn
primary::APC+BRAF+PIK3CA+SMAD4+SOX9	2	0.0001575671630032	7.552809142492712e-05	1.9062834278714254	False	full_mhn
primary::APC+BRAF+FBXW7+PIK3CA+TCF7L2+TP53	1	7.878358150161507e-05	7.530490198268759e-05	0.9559666451034908	False	full_mhn
primary::APC+BRAF+KRAS+PTEN	3	0.0002363507445048	7.480224150036711e-05	2.887171816961369	False	full_mhn
primary::APC+BRAF+FBXW7+SMAD4	1	7.878358150161507e-05	7.477715797226849e-05	0.9627134335352486	False	full_mhn
primary::APC+KRAS+PIK3CA+RNF43+SOX9	1	7.878358150161507e-05	7.351555259645006e-05	0.9792346237283853	False	full_mhn
metastatic::CTNNB1+KRAS+SMAD4	3	0.0002363507445048	7.330958375341933e-05	2.945957573201186	False	full_mhn
primary::FBXW7+KRAS+RNF43+SMAD4+TP53	2	0.0001575671630032	7.317671227506852e-05	1.9675378202239309	False	full_mhn
metastatic::APC+FBXW7+KRAS+PIK3CA+SMAD4+TCF7L2	1	7.878358150161507e-05	7.258526722813632e-05	0.9917849340714916	False	full_mhn
primary::APC+PIK3CA+PTEN+SOX9	1	7.878358150161507e-05	7.224994172775942e-05	0.9963879934889495	False	full_mhn
primary::ARID1A+BRAF+PIK3CA+RNF43+SOX9+TCF7L2+TGFBR2	1	7.878358150161507e-05	7.220970787784838e-05	0.9969431615626916	False	full_mhn
metastatic::CTNNB1+RNF43+TP53	1	7.878358150161507e-05	7.20807219592872e-05	0.9987271562864971	False	full_mhn
primary::APC+FBXW7+KRAS+SOX9+TGFBR2+TP53	1	7.878358150161507e-05	7.194611108550778e-05	1.000595770604602	False	full_mhn
unknown::KRAS+PIK3CA+TP53	1	7.878358150161507e-05	7.189088100132183e-05	1.0013644771096297	False	full_mhn
metastatic::BRAF+KRAS+PIK3CA+SMAD4+TP53	1	7.878358150161507e-05	7.187119597102217e-05	1.0016387440051824	False	full_mhn
primary::PIK3CA+RNF43+SMAD4+TP53	1	7.878358150161507e-05	7.174671653796522e-05	1.0033765715638532	False	full_mhn
primary::APC+KRAS+PIK3CA+RNF43+SOX9+TP53	1	7.878358150161507e-05	7.137700927796776e-05	1.0085737015861655	False	full_mhn
primary::APC+CTNNB1	4	0.0003151343260064	7.11066398401064e-05	4.049634442783908	False	full_mhn
metastatic::BRAF+NRAS+PIK3CA+TP53	1	7.878358150161507e-05	7.089697098893596e-05	1.0154026814493313	False	full_mhn
primary::APC+ARID1A+KRAS+PTEN+SMAD4+TP53	1	7.878358150161507e-05	7.060611999139315e-05	1.0195854757830294	False	full_mhn
primary::BRAF+PIK3CA+PTEN+SMAD4	1	7.878358150161507e-05	7.037562717421794e-05	1.0229248012677326	False	full_mhn
primary::APC+ARID1A+FBXW7+KRAS+PIK3CA+SMAD4+TCF7L2	1	7.878358150161507e-05	7.027389367480631e-05	1.0244056601293265	False	full_mhn
metastatic::APC+BRAF+TGFBR2+TP53	2	0.0001575671630032	6.976422175139861e-05	2.0637791872409768	False	full_mhn
unknown::KRAS+PIK3CA	1	7.878358150161507e-05	6.948434998609692e-05	1.0360458785692328	False	full_mhn
primary::ARID1A+BRAF+FBXW7+PTEN+RNF43+TCF7L2	2	0.0001575671630032	6.943358045713384e-05	2.073606861505012	False	full_mhn
primary::FBXW7+SOX9+TP53	2	0.0001575671630032	6.89673629087044e-05	2.087624388819193	False	full_mhn
metastatic::NRAS+PTEN+TP53	1	7.878358150161507e-05	6.894909809926623e-05	1.0440887031832131	False	full_mhn
primary::APC+ARID1A+BRAF+FBXW7+SOX9	1	7.878358150161507e-05	6.884298772456871e-05	1.0456979976889393	False	full_mhn
primary::BRAF+CTNNB1+KRAS+TP53	1	7.878358150161507e-05	6.880631016377985e-05	1.0462554124264585	False	full_mhn
primary::APC+ARID1A+FBXW7+PIK3CA+SOX9+TP53	1	7.878358150161507e-05	6.849881803881442e-05	1.0509520671212103	False	full_mhn
primary::PIK3CA+SOX9	1	7.878358150161507e-05	6.846916227469803e-05	1.0514072616220564	False	full_mhn
primary::APC+ARID1A+CTNNB1+NRAS+TP53	1	7.878358150161507e-05	6.84199345156797e-05	1.0521637432368833	False	full_mhn
primary::ARID1A+FBXW7+KRAS+RNF43+SMAD4+TP53	1	7.878358150161507e-05	6.835884612410996e-05	1.0531040017907707	False	full_mhn
primary::APC+ARID1A+BRAF+FBXW7+RNF43+TGFBR2+TP53	1	7.878358150161507e-05	6.821126615042506e-05	1.0553824679058923	False	full_mhn
metastatic::APC+CTNNB1+KRAS+SMAD4+SOX9+TP53	1	7.878358150161507e-05	6.807291519237078e-05	1.0575274204614116	False	full_mhn
primary::APC+BRAF+PIK3CA+RNF43	1	7.878358150161507e-05	6.762319793563323e-05	1.0645603372405679	False	full_mhn
metastatic::APC+FBXW7+PIK3CA	1	7.878358150161507e-05	6.76069822310402e-05	1.0648156747090531	False	full_mhn
primary::ARID1A+BRAF+FBXW7	1	7.878358150161507e-05	6.75794529294123e-05	1.0652494401537664	False	full_mhn
primary::BRAF+FBXW7+PTEN+RNF43	2	0.0001575671630032	6.736693690000169e-05	2.1372197611549195	False	full_mhn
primary::APC+KRAS+PTEN+SMAD4+SOX9	3	0.0002363507445048	6.73088962247926e-05	3.208594038783635	False	full_mhn
primary::APC+ARID1A+FBXW7+KRAS+PTEN+TCF7L2	1	7.878358150161507e-05	6.729408619438301e-05	1.0697667278888745	False	full_mhn
primary::APC+KRAS+RNF43+SOX9	1	7.878358150161507e-05	6.71325574385139e-05	1.0723407112532108	False	full_mhn
primary::APC+ARID1A+BRAF+PIK3CA	1	7.878358150161507e-05	6.689756211577859e-05	1.0761075906399387	False	full_mhn
primary::APC+ARID1A+CTNNB1+SOX9+TP53	1	7.878358150161507e-05	6.601335079373356e-05	1.0905214401041428	False	full_mhn
primary::APC+ARID1A+SOX9	1	7.878358150161507e-05	6.593216321214228e-05	1.0918642869445805	False	full_mhn
primary::BRAF+FBXW7+PIK3CA+SMAD4+TP53	3	0.0002363507445048	6.562534183991022e-05	3.2909074002007204	False	full_mhn
primary::BRAF+FBXW7+PTEN+SMAD4+TP53	1	7.878358150161507e-05	6.558954964367488e-05	1.0975677490961127	False	full_mhn
primary::APC+ARID1A+BRAF+KRAS+PIK3CA+TCF7L2	1	7.878358150161507e-05	6.552920469099933e-05	1.0985784842817294	False	full_mhn
primary::APC+ARID1A+BRAF+PIK3CA+RNF43+TGFBR2	3	0.0002363507445048	6.534478296794263e-05	3.305036963600961	False	full_mhn
metastatic::NRAS+PIK3CA+SMAD4+TP53	1	7.878358150161507e-05	6.478671483663436e-05	1.1111687717854155	False	full_mhn
primary::ARID1A+BRAF+FBXW7+PIK3CA+RNF43+TCF7L2	1	7.878358150161507e-05	6.457562262906827e-05	1.1148010877559436	False	full_mhn
primary::CTNNB1+PIK3CA	1	7.878358150161507e-05	6.452158634597179e-05	1.1157347242278925	False	full_mhn
primary::BRAF+FBXW7+RNF43+TGFBR2+TP53	1	7.878358150161507e-05	6.44953155166175e-05	1.11618919562408	False	full_mhn
unknown::KRAS+PTEN+TP53	1	7.878358150161507e-05	6.444178243203893e-05	1.1171164364208532	False	full_mhn
primary::CTNNB1+FBXW7+KRAS	1	7.878358150161507e-05	6.424347372885141e-05	1.1205647852648581	False	full_mhn
primary::APC+FBXW7+KRAS+PIK3CA+PTEN+SMAD4+SOX9	2	0.0001575671630032	6.390862186380302e-05	2.2528720613369226	False	full_mhn
primary::BRAF+NRAS	1	7.878358150161507e-05	6.374252040815993e-05	1.1293713187660024	False	full_mhn
primary::ARID1A+BRAF+FBXW7+PIK3CA+RNF43+SOX9	3	0.0002363507445048	6.350784011792985e-05	3.4006340412600955	False	full_mhn
primary::APC+BRAF+KRAS+SMAD4	3	0.0002363507445048	6.321115852229223e-05	3.416594918123695	False	full_mhn
primary::CTNNB1+KRAS+PIK3CA+SMAD4+SOX9	3	0.0002363507445048	6.284125553655942e-05	3.4367060478322213	False	full_mhn
primary::APC+PIK3CA+SMAD4+SOX9	3	0.0002363507445048	6.275772573114632e-05	3.4412802636681015	False	full_mhn
primary::APC+BRAF+PTEN+SMAD4	1	7.878358150161507e-05	6.269152300306533e-05	1.1483047606353258	False	full_mhn
primary::APC+PIK3CA+TCF7L2	2	0.0001575671630032	6.263695394308392e-05	2.2986103181294135	False	full_mhn
primary::BRAF+KRAS+RNF43+SMAD4+TP53	1	7.878358150161507e-05	6.258018797842275e-05	1.1503476841373084	False	full_mhn
primary::APC+BRAF+KRAS+TCF7L2+TP53	1	7.878358150161507e-05	6.244682096423093e-05	1.15280446946425	False	full_mhn
metastatic::BRAF+TGFBR2+TP53	1	7.878358150161507e-05	6.244629614618444e-05	1.1528141579905087	False	full_mhn
metastatic::ARID1A+CTNNB1+KRAS+TP53	1	7.878358150161507e-05	6.204678651284633e-05	1.1602369494036888	False	full_mhn
primary::APC+BRAF+FBXW7+KRAS	1	7.878358150161507e-05	6.202622194293367e-05	1.1606216217685241	False	full_mhn
primary::ARID1A+BRAF+FBXW7+RNF43+TGFBR2+TP53	1	7.878358150161507e-05	6.192554086767812e-05	1.1625086078056295	False	full_mhn
primary::APC+ARID1A+NRAS+PIK3CA+SMAD4+TP53	1	7.878358150161507e-05	6.177971233148996e-05	1.1652526627621946	False	full_mhn
primary::APC+KRAS+PIK3CA+SOX9+TCF7L2+TGFBR2	1	7.878358150161507e-05	6.17239978530658e-05	1.1663044650683396	False	full_mhn
primary::APC+BRAF+RNF43+TGFBR2+TP53	3	0.0002363507445048	6.153151962549436e-05	3.509858430234995	False	full_mhn
primary::APC+ARID1A+FBXW7+PIK3CA+SOX9	1	7.878358150161507e-05	6.076100548715616e-05	1.1847890551223992	False	full_mhn
metastatic::APC+CTNNB1+NRAS+SMAD4+TP53	1	7.878358150161507e-05	6.0560441271804195e-05	1.1887128423056519	False	full_mhn
primary::NRAS+SOX9+TP53	3	0.0002363507445048	6.034035016456841e-05	3.5791459980661275	False	full_mhn
metastatic::APC+PTEN	3	0.0002363507445048	6.033597697867807e-05	3.579405416597203	False	full_mhn
unknown::APC+KRAS+SMAD4	1	7.878358150161507e-05	6.019931541923835e-05	1.1958437362122214	False	full_mhn
primary::APC+FBXW7+KRAS+SMAD4+TCF7L2	2	0.0001575671630032	5.9995603599254994e-05	2.399808317460772	False	full_mhn
primary::APC+CTNNB1+PIK3CA+PTEN	1	7.878358150161507e-05	5.98042228837704e-05	1.203743996479486	False	full_mhn
metastatic::FBXW7+PIK3CA	2	0.0001575671630032	5.9378941748145775e-05	2.4247307928512396	False	full_mhn
primary::APC+BRAF+PTEN+RNF43+TP53	1	7.878358150161507e-05	5.917792326452979e-05	1.2164836188306902	False	full_mhn
primary::APC+ARID1A+BRAF+FBXW7+RNF43+TGFBR2	1	7.878358150161507e-05	5.898273204812459e-05	1.2205093210154774	False	full_mhn
primary::APC+FBXW7+RNF43+TCF7L2+TP53	1	7.878358150161507e-05	5.877276631846242e-05	1.2248695909472627	False	full_mhn
metastatic::APC+KRAS+PIK3CA+SMAD4+SOX9+TGFBR2	1	7.878358150161507e-05	5.871111326031736e-05	1.2261558372919659	False	full_mhn
primary::APC+BRAF+PIK3CA+PTEN+SMAD4	1	7.878358150161507e-05	5.860832057476592e-05	1.2283063826076004	False	full_mhn
primary::ARID1A+FBXW7+KRAS+PIK3CA	1	7.878358150161507e-05	5.8560998450121906e-05	1.2292989556218008	False	full_mhn
primary::CTNNB1+KRAS+SOX9	2	0.0001575671630032	5.850941044398173e-05	2.4607656678657195	False	full_mhn
primary::APC+BRAF+FBXW7+PIK3CA+RNF43+TP53	1	7.878358150161507e-05	5.8400575538723535e-05	1.2326757667618256	False	full_mhn
primary::BRAF+FBXW7+SOX9+TP53	1	7.878358150161507e-05	5.826745275843736e-05	1.2354920426530467	False	full_mhn
primary::APC+NRAS+SOX9	1	7.878358150161507e-05	5.817644285917953e-05	1.237424818169678	False	full_mhn
primary::APC+ARID1A+KRAS+PIK3CA+RNF43+SOX9	1	7.878358150161507e-05	5.790141687838254e-05	1.2433024630832186	False	full_mhn
primary::ARID1A+BRAF+PIK3CA+RNF43+TGFBR2+TP53	1	7.878358150161507e-05	5.789166304176223e-05	1.2435119400311567	False	full_mhn
primary::CTNNB1+KRAS+PIK3CA+SOX9+TGFBR2	1	7.878358150161507e-05	5.7890055852503926e-05	1.2435464633870017	False	full_mhn
primary::ARID1A+NRAS+TP53	1	7.878358150161507e-05	5.778683301285203e-05	1.245767772087896	False	full_mhn
primary::APC+KRAS+PIK3CA+PTEN+SOX9+TCF7L2+TP53	1	7.878358150161507e-05	5.757015698856804e-05	1.2504564513875207	False	full_mhn
primary::APC+ARID1A+KRAS+RNF43+SOX9+TCF7L2	1	7.878358150161507e-05	5.75383906232892e-05	1.2511468157734447	False	full_mhn
primary::NRAS+PIK3CA	2	0.0001575671630032	5.7498189173675826e-05	2.5040431793329163	False	full_mhn
unknown::APC+FBXW7+TP53	1	7.878358150161507e-05	5.7459207193070636e-05	1.2528709971482919	False	full_mhn
primary::APC+ARID1A+CTNNB1+PIK3CA+RNF43+TCF7L2	1	7.878358150161507e-05	5.725170496979562e-05	1.2574118839739563	False	full_mhn
primary::APC+ARID1A+BRAF+FBXW7+RNF43+SOX9+TGFBR2	1	7.878358150161507e-05	5.7035504451839206e-05	1.262178267622985	False	full_mhn
primary::RNF43+TCF7L2+TP53	1	7.878358150161507e-05	5.6712096135785315e-05	1.2693760079413232	False	full_mhn
metastatic::APC+FBXW7+KRAS+PTEN+SOX9	1	7.878358150161507e-05	5.661233366684324e-05	1.271612907113797	False	full_mhn
metastatic::APC+NRAS+PTEN+SMAD4+TP53	1	7.878358150161507e-05	5.6471435008536986e-05	1.274785635933198	False	full_mhn
primary::APC+FBXW7+SOX9	1	7.878358150161507e-05	5.6440205258507384e-05	1.2754910060831435	False	full_mhn
primary::BRAF+RNF43+SMAD4+SOX9+TP53	1	7.878358150161507e-05	5.611502041072723e-05	1.2828824377930639	False	full_mhn
primary::APC+ARID1A+CTNNB1+KRAS+PIK3CA+TCF7L2	2	0.0001575671630032	5.596660207642654e-05	2.5725690503632554	False	full_mhn
primary::APC+ARID1A+FBXW7+KRAS+PIK3CA+RNF43+SOX9	1	7.878358150161507e-05	5.5292234534921796e-05	1.3019725964730886	False	full_mhn
primary::APC+ARID1A+BRAF+FBXW7+PIK3CA+SOX9	1	7.878358150161507e-05	5.520416566563558e-05	1.3040496725588038	False	full_mhn
primary::APC+ARID1A+BRAF+PIK3CA+RNF43+TP53	1	7.878358150161507e-05	5.511924169960584e-05	1.3060588632637093	False	full_mhn
unknown::APC+ARID1A+KRAS+TP53	1	7.878358150161507e-05	5.485930785122104e-05	1.3122472187799246	False	full_mhn
metastatic::ARID1A+SMAD4+TP53	1	7.878358150161507e-05	5.4645024392014744e-05	1.3173930279612136	False	full_mhn
primary::APC+FBXW7+PIK3CA+SOX9+TCF7L2+TP53	1	7.878358150161507e-05	5.458169212023114e-05	1.3189216264440216	False	full_mhn
primary::APC+CTNNB1+FBXW7+KRAS+PIK3CA+PTEN+SMAD4+TP53	1	7.878358150161507e-05	5.4418032820981914e-05	1.3228882120406007	False	full_mhn
metastatic::ARID1A+BRAF+RNF43	1	7.878358150161507e-05	5.435910147582092e-05	1.3243223707791092	False	full_mhn
primary::APC+ARID1A+FBXW7+KRAS+PIK3CA+PTEN+RNF43+SOX9+TCF7L2	1	7.878358150161507e-05	5.4334240438721964e-05	1.3249283243494383	False	full_mhn
primary::APC+ARID1A+CTNNB1+RNF43+TCF7L2+TP53	1	7.878358150161507e-05	5.412213536357745e-05	1.3301207288012766	False	full_mhn
metastatic::CTNNB1+KRAS+TCF7L2+TP53	1	7.878358150161507e-05	5.3847679248687056e-05	1.336900218017451	False	full_mhn
primary::FBXW7+KRAS+PIK3CA+RNF43	1	7.878358150161507e-05	5.3627545185625865e-05	1.3423880185571382	False	full_mhn
primary::CTNNB1+KRAS+PIK3CA+RNF43	1	7.878358150161507e-05	5.3430392108423e-05	1.347341302882068	False	full_mhn
primary::APC+FBXW7+KRAS+PIK3CA+PTEN+TGFBR2	2	0.0001575671630032	5.319790598854942e-05	2.7064589394347864	False	full_mhn
primary::APC+ARID1A+FBXW7+KRAS+PIK3CA+PTEN+RNF43+SOX9+TCF7L2+TGFBR2	1	7.878358150161507e-05	5.2981900730906114e-05	1.3587465363141191	False	full_mhn
primary::APC+CTNNB1+PTEN+TP53	1	7.878358150161507e-05	5.265338764428077e-05	1.3672239777491164	False	full_mhn
metastatic::APC+KRAS+NRAS+PTEN+TP53	1	7.878358150161507e-05	5.240260562376557e-05	1.3737670719523971	False	full_mhn
unknown::APC+SOX9+TP53	1	7.878358150161507e-05	5.2354190947739886e-05	1.3750374666476244	False	full_mhn
primary::BRAF+KRAS+PIK3CA+PTEN+SMAD4+TP53	1	7.878358150161507e-05	5.2213434218015435e-05	1.3787442860944923	False	full_mhn
primary::APC+PIK3CA+RNF43+TCF7L2+TP53	2	0.0001575671630032	5.201259121805973e-05	2.768136422133333	False	full_mhn
primary::ARID1A+BRAF+CTNNB1+PIK3CA+RNF43	1	7.878358150161507e-05	5.1851281520060494e-05	1.388374056829785	False	full_mhn
metastatic::APC+KRAS+SOX9+TGFBR2	2	0.0001575671630032	5.119007024669929e-05	2.8126147790361498	False	full_mhn
metastatic::FBXW7+PTEN+TP53	1	7.878358150161507e-05	5.111960622929945e-05	1.4082458642785283	False	full_mhn
unknown::BRAF+SMAD4+TP53	1	7.878358150161507e-05	5.106500841432409e-05	1.4097515361274036	False	full_mhn
metastatic::APC+BRAF+FBXW7+PTEN+TP53	1	7.878358150161507e-05	5.094238506518618e-05	1.41314494715827	False	full_mhn
primary::CTNNB1+KRAS+PTEN+SMAD4+TP53	1	7.878358150161507e-05	5.081778232230948e-05	1.4166099101099494	False	full_mhn
primary::ARID1A+BRAF+SOX9	1	7.878358150161507e-05	5.071536715441693e-05	1.4194706276214624	False	full_mhn
metastatic::KRAS+PIK3CA+PTEN+SMAD4	1	7.878358150161507e-05	5.0588030553037975e-05	1.4230436183058113	False	full_mhn
primary::APC+ARID1A+KRAS+PIK3CA+SOX9+TGFBR2	1	7.878358150161507e-05	5.053187873331992e-05	1.4246249267615374	False	full_mhn
metastatic::APC+NRAS+PIK3CA+SOX9	1	7.878358150161507e-05	5.049664637315698e-05	1.425618911533355	False	full_mhn
primary::APC+ARID1A+KRAS+PTEN+SOX9	1	7.878358150161507e-05	5.036855003770114e-05	1.4292445182772793	False	full_mhn
primary::PTEN+SMAD4	2	0.0001575671630032	5.0268521647925336e-05	2.8641770902396333	False	full_mhn
metastatic::BRAF+FBXW7+PIK3CA	4	0.0003151343260064	4.993501783453321e-05	5.766612461105554	False	full_mhn
metastatic::APC+PIK3CA+PTEN	4	0.0003151343260064	4.992831761408246e-05	5.7673863220288935	False	full_mhn
primary::APC+ARID1A+BRAF+FBXW7+PIK3CA+SOX9+TCF7L2+TP53	1	7.878358150161507e-05	4.943445744503708e-05	1.4562509174494855	False	full_mhn
primary::APC+BRAF+KRAS+PIK3CA+TCF7L2+TP53	1	7.878358150161507e-05	4.936374123828219e-05	1.4583370749467892	False	full_mhn
primary::ARID1A+PIK3CA	2	0.0001575671630032	4.92660587290356e-05	2.922457199139971	False	full_mhn
primary::BRAF+FBXW7+PIK3CA+RNF43+SOX9+TGFBR2+TP53	1	7.878358150161507e-05	4.9156663425813114e-05	1.4644804789968806	False	full_mhn
primary::APC+ARID1A+RNF43+SMAD4+TP53	1	7.878358150161507e-05	4.908843966525672e-05	1.4665158332306791	False	full_mhn
primary::ARID1A+BRAF+CTNNB1+PIK3CA+RNF43+SOX9	1	7.878358150161507e-05	4.888146452442069e-05	1.4727253917589427	False	full_mhn
primary::FBXW7+PTEN	2	0.0001575671630032	4.863534319838855e-05	2.960356368427847	False	full_mhn
metastatic::APC+ARID1A+FBXW7+NRAS+TP53	1	7.878358150161507e-05	4.861811700878145e-05	1.4807026354084911	False	full_mhn
primary::BRAF+FBXW7+NRAS+TP53	1	7.878358150161507e-05	4.857080877821803e-05	1.4821448477576702	False	full_mhn
metastatic::NRAS+SOX9+TP53	1	7.878358150161507e-05	4.8547718928602795e-05	1.482849772761214	False	full_mhn
metastatic::APC+ARID1A+FBXW7+RNF43+TP53	1	7.878358150161507e-05	4.8296784273632575e-05	1.4905541860879463	False	full_mhn
metastatic::APC+NRAS+SOX9	2	0.0001575671630032	4.813965084133446e-05	2.9908390572271477	False	full_mhn
primary::BRAF+FBXW7+PTEN+SMAD4	1	7.878358150161507e-05	4.808038395631226e-05	1.4972628761108244	False	full_mhn
metastatic::APC+CTNNB1+KRAS+PIK3CA+TCF7L2+TP53	1	7.878358150161507e-05	4.799428685446008e-05	1.4999488206285327	False	full_mhn
primary::ARID1A+BRAF+FBXW7+PIK3CA+RNF43+TP53	1	7.878358150161507e-05	4.792755990055584e-05	1.5020371183414178	False	full_mhn
primary::ARID1A+FBXW7+KRAS+RNF43	1	7.878358150161507e-05	4.789172301400706e-05	1.5031610773324602	False	full_mhn
primary::APC+BRAF+FBXW7+PIK3CA+PTEN	4	0.0003151343260064	4.773350221313886e-05	6.032574239753235	False	full_mhn
primary::APC+CTNNB1+FBXW7+SOX9+TP53	1	7.878358150161507e-05	4.696659805142777e-05	1.532769604743507	False	full_mhn
primary::APC+SOX9+TCF7L2	1	7.878358150161507e-05	4.691642795317051e-05	1.5344086724089612	False	full_mhn
metastatic::BRAF+FBXW7+PIK3CA+PTEN	1	7.878358150161507e-05	4.68779282179679e-05	1.5356688459824492	False	full_mhn
primary::APC+ARID1A+FBXW7+SOX9+TCF7L2+TP53	2	0.0001575671630032	4.684426815776073e-05	3.0735446089145984	False	full_mhn
primary::APC+NRAS+PIK3CA+TCF7L2	2	0.0001575671630032	4.6693239944731464e-05	3.083485918203871	False	full_mhn
primary::BRAF+CTNNB1+PIK3CA	1	7.878358150161507e-05	4.6540257557745495e-05	1.5468108191724452	False	full_mhn
unknown::APC+NRAS+TP53	2	0.0001575671630032	4.5943434041853556e-05	3.133809015308038	False	full_mhn
primary::APC+KRAS+PTEN+SMAD4+SOX9+TCF7L2	1	7.878358150161507e-05	4.5684260553907624e-05	1.5757937857714173	False	full_mhn
primary::CTNNB1+FBXW7+KRAS+SOX9+TP53	1	7.878358150161507e-05	4.503706845955979e-05	1.5984382715852525	False	full_mhn
primary::APC+ARID1A+CTNNB1+KRAS+SOX9	2	0.0001575671630032	4.5030310808695805e-05	3.1973562950229515	False	full_mhn
primary::APC+SMAD4+SOX9	3	0.0002363507445048	4.5010403913675745e-05	4.7981555999499905	False	full_mhn
primary::APC+NRAS+PTEN	1	7.878358150161507e-05	4.4850928924379745e-05	1.605072081795844	False	full_mhn
primary::APC+ARID1A+CTNNB1+FBXW7+KRAS+PIK3CA+TCF7L2+TGFBR2	1	7.878358150161507e-05	4.4595199445896656e-05	1.6142763065173675	False	full_mhn
primary::ARID1A+BRAF+PIK3CA+RNF43+TCF7L2+TP53	1	7.878358150161507e-05	4.455361194652441e-05	1.615783113944287	False	full_mhn
primary::APC+PIK3CA+RNF43	1	7.878358150161507e-05	4.451691044615542e-05	1.6171152293724733	False	full_mhn
primary::ARID1A+BRAF+CTNNB1+RNF43+SOX9	2	0.0001575671630032	4.433118479564788e-05	3.2477802780207745	False	full_mhn
primary::TGFBR2	2	0.0001575671630032	4.419709498267619e-05	3.257633736497405	False	full_mhn
primary::FBXW7+PIK3CA+PTEN	1	7.878358150161507e-05	4.412753961382219e-05	1.6313842662161508	False	full_mhn
metastatic::PIK3CA+PTEN	1	7.878358150161507e-05	4.4070133524315895e-05	1.6335093196614472	False	full_mhn
primary::KRAS+SMAD4+TGFBR2+TP53	1	7.878358150161507e-05	4.392559337615062e-05	1.6388844928935118	False	full_mhn
primary::APC+ARID1A+BRAF+PTEN+RNF43+TGFBR2+TP53	1	7.878358150161507e-05	4.381261989079766e-05	1.643110455401315	False	full_mhn
primary::APC+ARID1A+KRAS+SOX9+TGFBR2+TP53	1	7.878358150161507e-05	4.3741968851569176e-05	1.6457643702029394	False	full_mhn
primary::APC+ARID1A+KRAS+PTEN+TCF7L2	1	7.878358150161507e-05	4.369975132539943e-05	1.6473543128609875	False	full_mhn
primary::CTNNB1+KRAS+RNF43+SMAD4+TP53	1	7.878358150161507e-05	4.3678716628129774e-05	1.6481476419958283	False	full_mhn
primary::APC+BRAF+TGFBR2	2	0.0001575671630032	4.3564624991368044e-05	3.3049279696997256	False	full_mhn
primary::APC+ARID1A+BRAF+KRAS	1	7.878358150161507e-05	4.3464352967350534e-05	1.6562762101164612	False	full_mhn
primary::BRAF+KRAS+PTEN	2	0.0001575671630032	4.329652559422411e-05	3.325392641256054	False	full_mhn
primary::APC+ARID1A+FBXW7+KRAS+PTEN+SOX9	1	7.878358150161507e-05	4.3218818554732126e-05	1.6656858332985514	False	full_mhn
primary::ARID1A+BRAF+FBXW7+PIK3CA+PTEN+RNF43+TCF7L2+TGFBR2	1	7.878358150161507e-05	4.319921038541244e-05	1.6664418899210052	False	full_mhn
primary::APC+ARID1A+FBXW7	2	0.0001575671630032	4.3178775998586134e-05	3.3344610694530408	False	full_mhn
metastatic::APC+FBXW7+KRAS+PIK3CA+TGFBR2+TP53	1	7.878358150161507e-05	4.293675200228333e-05	1.6766283062991607	False	full_mhn
primary::ARID1A+BRAF+RNF43+SOX9+TCF7L2+TGFBR2	1	7.878358150161507e-05	4.28675506298675e-05	1.6793348984747283	False	full_mhn
metastatic::FBXW7+KRAS+SOX9+TP53	1	7.878358150161507e-05	4.285026037633592e-05	1.6800125168888622	False	full_mhn
metastatic::APC+BRAF+PTEN	3	0.0002363507445048	4.2513720391330544e-05	5.079934649913054	False	full_mhn
metastatic::FBXW7+KRAS+PTEN+SMAD4+TP53	1	7.878358150161507e-05	4.249549018939084e-05	1.6940379661307698	False	full_mhn
primary::APC+ARID1A+PIK3CA+RNF43	2	0.0001575671630032	4.2448955957096195e-05	3.3917900756407415	False	full_mhn
metastatic::APC+ARID1A+BRAF+PIK3CA+RNF43+TP53	1	7.878358150161507e-05	4.235528470158533e-05	1.6996456114451193	False	full_mhn
primary::ARID1A+KRAS+RNF43	1	7.878358150161507e-05	4.219315190976338e-05	1.7061767253602338	False	full_mhn
primary::APC+ARID1A+FBXW7+RNF43+TCF7L2	2	0.0001575671630032	4.218094189361514e-05	3.4133412164708528	False	full_mhn
metastatic::BRAF+CTNNB1+RNF43+TP53	2	0.0001575671630032	4.2096181155916173e-05	3.4202139850857067	False	full_mhn
metastatic::APC+BRAF+PIK3CA+PTEN	1	7.878358150161507e-05	4.19917240848907e-05	1.7143609918066098	False	full_mhn
primary::ARID1A+BRAF+PIK3CA+PTEN+RNF43+TCF7L2+TGFBR2+TP53	1	7.878358150161507e-05	4.1901110248329506e-05	1.7180684072447776	False	full_mhn
primary::APC+FBXW7+PIK3CA+SOX9	1	7.878358150161507e-05	4.1711350861004625e-05	1.7258844955227937	False	full_mhn
primary::BRAF+FBXW7+KRAS+PIK3CA+PTEN+SMAD4+TP53	1	7.878358150161507e-05	4.152517811325825e-05	1.733622274520639	False	full_mhn
primary::PIK3CA+TCF7L2+TP53	3	0.0002363507445048	4.146171611105071e-05	5.2088273578763244	False	full_mhn
primary::BRAF+RNF43+SMAD4+SOX9	1	7.878358150161507e-05	4.1335733152292426e-05	1.7415676034439393	False	full_mhn
primary::SMAD4+TCF7L2+TP53	2	0.0001575671630032	4.1198823824961626e-05	3.494710141371465	False	full_mhn
metastatic::APC+KRAS+RNF43+SOX9	1	7.878358150161507e-05	4.089999280134786e-05	1.7601219162490755	False	full_mhn
primary::APC+ARID1A+RNF43+SOX9	3	0.0002363507445048	4.058475875169352e-05	5.321379939511851	False	full_mhn
metastatic::CTNNB1+PIK3CA	1	7.878358150161507e-05	4.054615852873764e-05	1.7754819766143464	False	full_mhn
primary::APC+ARID1A+KRAS+RNF43+TCF7L2	3	0.0002363507445048	4.05025650804915e-05	5.332178854134199	False	full_mhn
primary::APC+BRAF+NRAS+PTEN+TP53	1	7.878358150161507e-05	4.03157232974428e-05	1.7856302154732695	False	full_mhn
unknown::BRAF+PIK3CA+TP53	1	7.878358150161507e-05	4.0280356157767416e-05	1.7871980425159115	False	full_mhn
primary::APC+ARID1A+BRAF+CTNNB1+FBXW7+KRAS+PIK3CA+PTEN+RNF43+TCF7L2+TP53	1	7.878358150161507e-05	3.9958055449087514e-05	1.8016135383343366	False	full_mhn
primary::ARID1A+BRAF+FBXW7+PTEN+RNF43+SOX9+TGFBR2+TP53	1	7.878358150161507e-05	3.950114329846338e-05	1.8224529122566238	False	full_mhn
metastatic::ARID1A+KRAS+PIK3CA+SMAD4+TP53	1	7.878358150161507e-05	3.937090830802093e-05	1.8284814023723244	False	full_mhn
metastatic::APC+BRAF+KRAS+PIK3CA+SMAD4	1	7.878358150161507e-05	3.9087338716147985e-05	1.8417466112298047	False	full_mhn
primary::PIK3CA+PTEN+SMAD4+TP53	1	7.878358150161507e-05	3.908595851737075e-05	1.841811646768197	False	full_mhn
primary::ARID1A+CTNNB1+KRAS	1	7.878358150161507e-05	3.9004811383662496e-05	1.8456434235883397	False	full_mhn
primary::APC+ARID1A+CTNNB1+FBXW7+RNF43+TCF7L2	1	7.878358150161507e-05	3.889279655059439e-05	1.8509590463518486	False	full_mhn
primary::BRAF+PIK3CA+SMAD4+SOX9	1	7.878358150161507e-05	3.887530533734794e-05	1.8517918505774735	False	full_mhn
metastatic::APC+ARID1A+CTNNB1+KRAS+SMAD4+TP53	1	7.878358150161507e-05	3.8668064428531185e-05	1.8617165008489598	False	full_mhn
primary::APC+ARID1A+BRAF+PTEN	1	7.878358150161507e-05	3.866753667163298e-05	1.8617419106315576	False	full_mhn
metastatic::KRAS+SMAD4+SOX9	3	0.0002363507445048	3.858885749919625e-05	5.596613499128721	False	full_mhn
primary::APC+FBXW7+PIK3CA+RNF43+SOX9+TCF7L2	1	7.878358150161507e-05	3.839970863545319e-05	1.8747270786063093	False	full_mhn
primary::RNF43+TGFBR2+TP53	1	7.878358150161507e-05	3.805497047957641e-05	1.8917101410216328	False	full_mhn
primary::ARID1A+BRAF+FBXW7+PTEN	1	7.878358150161507e-05	3.8011303455551004e-05	1.8938833195894373	False	full_mhn
primary::ARID1A+PIK3CA+RNF43+SOX9+TGFBR2	1	7.878358150161507e-05	3.7804619960214925e-05	1.9042374618691176	False	full_mhn
primary::ARID1A+BRAF+CTNNB1+FBXW7+RNF43+TGFBR2+TP53	1	7.878358150161507e-05	3.7715134064542576e-05	1.9087556054355288	False	full_mhn
primary::APC+ARID1A+BRAF+PTEN+SOX9	1	7.878358150161507e-05	3.771403869131022e-05	1.9088110436705845	False	full_mhn
primary::APC+BRAF+FBXW7+RNF43	1	7.878358150161507e-05	3.762687340584608e-05	1.9132329379189357	False	full_mhn
metastatic::APC+KRAS+PTEN+SMAD4+SOX9	2	0.0001575671630032	3.7610210080600716e-05	3.8281612038769826	False	full_mhn
primary::BRAF+RNF43+TCF7L2	1	7.878358150161507e-05	3.756383145572954e-05	1.916443843930077	False	full_mhn
primary::APC+BRAF+FBXW7+PIK3CA+RNF43	1	7.878358150161507e-05	3.725167467466038e-05	1.9325030125603884	False	full_mhn
primary::APC+FBXW7+KRAS+NRAS+PIK3CA+PTEN+SMAD4+TP53	1	7.878358150161507e-05	3.7173443598804714e-05	1.9365699423646758	False	full_mhn
metastatic::APC+ARID1A+FBXW7+KRAS+PIK3CA+TCF7L2+TP53	1	7.878358150161507e-05	3.703758344941871e-05	1.9436736097765024	False	full_mhn
primary::CTNNB1+FBXW7+PIK3CA+TP53	1	7.878358150161507e-05	3.6920759639151724e-05	1.9498237365095006	False	full_mhn
primary::APC+ARID1A+CTNNB1+FBXW7+KRAS+PIK3CA+PTEN+RNF43+TCF7L2	1	7.878358150161507e-05	3.688183425430905e-05	1.9518815961250995	False	full_mhn
primary::APC+CTNNB1+KRAS+PIK3CA+SOX9+TCF7L2	1	7.878358150161507e-05	3.66866456754899e-05	1.962266437185687	False	full_mhn
primary::ARID1A+BRAF+PTEN+RNF43	3	0.0002363507445048	3.650330191030362e-05	5.9163667168213925	False	full_mhn
metastatic::KRAS+TGFBR2	1	7.878358150161507e-05	3.635057271223235e-05	1.9804082332812993	False	full_mhn
primary::KRAS+PTEN+SOX9+TP53	1	7.878358150161507e-05	3.627403739065243e-05	1.9845867363572836	False	full_mhn
primary::ARID1A+BRAF+CTNNB1+PTEN+RNF43+TGFBR2	1	7.878358150161507e-05	3.622585001543045e-05	1.9872266198395148	False	full_mhn
primary::APC+ARID1A+KRAS+PIK3CA+PTEN+RNF43+TP53	1	7.878358150161507e-05	3.615221453515631e-05	1.9912742386202544	False	full_mhn
primary::APC+ARID1A+BRAF+FBXW7+PTEN+RNF43+SOX9+TP53	1	7.878358150161507e-05	3.6071108437696716e-05	1.9957516302221197	False	full_mhn
unknown::APC+TCF7L2+TP53	1	7.878358150161507e-05	3.599935605299411e-05	1.9997294773412155	False	full_mhn
primary::APC+ARID1A+BRAF+FBXW7+PTEN+TP53	1	7.878358150161507e-05	3.595408677124816e-05	2.0022473083511803	False	full_mhn
metastatic::APC+CTNNB1	1	7.878358150161507e-05	3.591206379926427e-05	2.0045902642077698	False	full_mhn
metastatic::FBXW7+SOX9+TP53	1	7.878358150161507e-05	3.5816373389782795e-05	2.0099459169362417	False	full_mhn
primary::APC+CTNNB1+FBXW7+KRAS+PIK3CA+PTEN+SMAD4	1	7.878358150161507e-05	3.5812958711014156e-05	2.010137560400062	False	full_mhn
primary::APC+ARID1A+CTNNB1+FBXW7+KRAS+TCF7L2	1	7.878358150161507e-05	3.562311334672406e-05	2.0208501357721382	False	full_mhn
primary::CTNNB1+PIK3CA+PTEN	3	0.0002363507445048	3.561224448530285e-05	6.064400698397388	False	full_mhn
primary::APC+BRAF+SOX9+TCF7L2+TP53	1	7.878358150161507e-05	3.554931870283898e-05	2.0250450941387395	False	full_mhn
primary::APC+ARID1A+PTEN+SOX9	1	7.878358150161507e-05	3.5397145726769675e-05	2.03375079974344	False	full_mhn
metastatic::ARID1A+FBXW7+TP53	1	7.878358150161507e-05	3.53494937016223e-05	2.0364923479627532	False	full_mhn
primary::APC+BRAF+PTEN+TCF7L2+TP53	1	7.878358150161507e-05	3.531323728547064e-05	2.038583232787887	False	full_mhn
primary::ARID1A+KRAS+TCF7L2+TP53	1	7.878358150161507e-05	3.52931077294447e-05	2.0397459463281566	False	full_mhn
primary::APC+FBXW7+KRAS+PIK3CA+RNF43+SOX9	1	7.878358150161507e-05	3.5291210101711336e-05	2.039855624583902	False	full_mhn
primary::APC+ARID1A+CTNNB1+KRAS+PIK3CA+RNF43	2	0.0001575671630032	3.5127474908311086e-05	4.098727483414628	False	full_mhn
primary::APC+RNF43+TCF7L2	3	0.0002363507445048	3.509753479601891e-05	6.153335882260623	False	full_mhn
metastatic::APC+ARID1A+CTNNB1+KRAS	1	7.878358150161507e-05	3.5019534627868924e-05	2.055680470157751	False	full_mhn
primary::ARID1A+BRAF+FBXW7+PIK3CA+PTEN+RNF43	1	7.878358150161507e-05	3.494597874224767e-05	2.060007359792898	False	full_mhn
primary::FBXW7+KRAS+SOX9	1	7.878358150161507e-05	3.4926445490167776e-05	2.0611594564728906	False	full_mhn
primary::BRAF+FBXW7+RNF43+TCF7L2+TP53	1	7.878358150161507e-05	3.488058573107541e-05	2.063869395868508	False	full_mhn
primary::APC+ARID1A+CTNNB1+FBXW7+KRAS+PIK3CA+RNF43+TCF7L2+TGFBR2+TP53	1	7.878358150161507e-05	3.4794596483993884e-05	2.0689699168763163	False	full_mhn
metastatic::CTNNB1+SOX9+TP53	2	0.0001575671630032	3.4746775513033954e-05	4.143634759165988	False	full_mhn
primary::APC+ARID1A+KRAS+PTEN+SOX9+TCF7L2	1	7.878358150161507e-05	3.460580552509907e-05	2.0802571213588448	False	full_mhn
primary::APC+FBXW7+PTEN+TCF7L2+TP53	1	7.878358150161507e-05	3.456729335424336e-05	2.082574780845311	False	full_mhn
primary::APC+ARID1A+RNF43+TGFBR2	2	0.0001575671630032	3.44826102965313e-05	4.175378415812233	False	full_mhn
metastatic::APC+ARID1A+BRAF+TCF7L2+TP53	1	7.878358150161507e-05	3.447277022489939e-05	2.0882851278346513	False	full_mhn
primary::APC+ARID1A+BRAF+SOX9	2	0.0001575671630032	3.440867127319953e-05	4.184350671401013	False	full_mhn
primary::ARID1A+BRAF+CTNNB1+FBXW7+RNF43	1	7.878358150161507e-05	3.437999379337596e-05	2.093920487680642	False	full_mhn
primary::APC+BRAF+FBXW7+KRAS+PIK3CA+SOX9	1	7.878358150161507e-05	3.436844091836654e-05	2.0946243543770513	False	full_mhn
primary::ARID1A+BRAF+PIK3CA+RNF43+TCF7L2+TGFBR2+TP53	2	0.0001575671630032	3.3958501527498306e-05	4.2398203752297965	False	full_mhn
unknown::PTEN+TP53	2	0.0001575671630032	3.368967775553661e-05	4.273651641891015	False	full_mhn
metastatic::APC+KRAS+RNF43+SMAD4	1	7.878358150161507e-05	3.3639068457792414e-05	2.1400406320552254	False	full_mhn
metastatic::APC+ARID1A+NRAS	1	7.878358150161507e-05	3.3633165924280535e-05	2.1404162036324106	False	full_mhn
primary::APC+BRAF+FBXW7+RNF43+TGFBR2	1	7.878358150161507e-05	3.359732066882954e-05	2.1426998310699465	False	full_mhn
primary::ARID1A+BRAF+FBXW7+RNF43+SOX9+TCF7L2	1	7.878358150161507e-05	3.301195918567964e-05	2.180693756423226	False	full_mhn
metastatic::APC+ARID1A+RNF43+SMAD4+TP53	1	7.878358150161507e-05	3.2901412193808534e-05	2.188020771027269	False	full_mhn
primary::BRAF+PTEN+RNF43+TGFBR2+TP53	1	7.878358150161507e-05	3.289252197912185e-05	2.1886121508495378	False	full_mhn
metastatic::BRAF+FBXW7+PIK3CA+SMAD4+TP53	1	7.878358150161507e-05	3.28325387972203e-05	2.192610620708012	False	full_mhn
metastatic::KRAS+PIK3CA+SMAD4+SOX9+TP53	1	7.878358150161507e-05	3.274568451203815e-05	2.1984262762719906	False	full_mhn
primary::APC+ARID1A+BRAF+KRAS+PIK3CA	2	0.0001575671630032	3.270555619971547e-05	4.402247301557439	False	full_mhn
primary::APC+ARID1A+CTNNB1+FBXW7+KRAS+PIK3CA+PTEN	1	7.878358150161507e-05	3.266050904890049e-05	2.2041595601666732	False	full_mhn
primary::BRAF+FBXW7+KRAS+PIK3CA	2	0.0001575671630032	3.2616854096401765e-05	4.414219289469857	False	full_mhn
primary::BRAF+KRAS+SOX9+TP53	1	7.878358150161507e-05	3.2468760566395354e-05	2.2171765103203427	False	full_mhn
primary::APC+ARID1A+CTNNB1+TCF7L2	1	7.878358150161507e-05	3.229367687562041e-05	2.229197174179737	False	full_mhn
primary::ARID1A+BRAF+FBXW7+SOX9	1	7.878358150161507e-05	3.2239950260676917e-05	2.2329120438841574	False	full_mhn
metastatic::APC+PIK3CA+SOX9	3	0.0002363507445048	3.2216556992076056e-05	6.7036002556725265	False	full_mhn
primary::APC+ARID1A+TCF7L2	1	7.878358150161507e-05	3.215068490192181e-05	2.2391116532882607	False	full_mhn
metastatic::APC+CTNNB1+FBXW7+KRAS+SOX9+TP53	1	7.878358150161507e-05	3.2055480156307906e-05	2.2457618125640786	False	full_mhn
primary::BRAF+PIK3CA+RNF43+TGFBR2	4	0.0003151343260064	3.169112280874808e-05	9.086326619230583	False	full_mhn
primary::BRAF+FBXW7+KRAS+PIK3CA+PTEN	1	7.878358150161507e-05	3.165787813175178e-05	2.273967095666911	False	full_mhn
primary::ARID1A+BRAF+FBXW7+RNF43+SOX9+TP53	1	7.878358150161507e-05	3.1561531434410304e-05	2.2809087490858633	False	full_mhn
metastatic::APC+PIK3CA+TGFBR2+TP53	1	7.878358150161507e-05	3.148795075446035e-05	2.2862387501596158	False	full_mhn
primary::ARID1A+FBXW7+KRAS	1	7.878358150161507e-05	3.1483642247070965e-05	2.2865516198129674	False	full_mhn
primary::APC+ARID1A+PIK3CA+PTEN+SOX9	1	7.878358150161507e-05	3.141837975110277e-05	2.2913012619747097	False	full_mhn
metastatic::APC+BRAF+KRAS+PTEN+TP53	1	7.878358150161507e-05	3.139536558214525e-05	2.2929808854388183	False	full_mhn
primary::APC+ARID1A+FBXW7+RNF43+TGFBR2	2	0.0001575671630032	3.1338128722187325e-05	4.594337703134971	False	full_mhn
primary::APC+BRAF+NRAS	2	0.0001575671630032	3.124560361118309e-05	4.60794254808079	False	full_mhn
metastatic::APC+ARID1A+KRAS+RNF43+SMAD4	1	7.878358150161507e-05	3.123415831012916e-05	2.304815530631486	False	full_mhn
primary::APC+BRAF+KRAS+SMAD4+TCF7L2+TP53	1	7.878358150161507e-05	3.120547756268478e-05	2.3069338712301453	False	full_mhn
primary::BRAF+FBXW7+RNF43+SOX9+TGFBR2+TP53	1	7.878358150161507e-05	3.0845345552161436e-05	2.333868265751717	False	full_mhn
metastatic::APC+ARID1A+KRAS+PTEN+SMAD4+TP53	1	7.878358150161507e-05	3.073630337222641e-05	2.342148053728072	False	full_mhn
primary::BRAF+FBXW7+RNF43+SOX9	1	7.878358150161507e-05	3.0451077590863927e-05	2.364086226022949	False	full_mhn
primary::APC+ARID1A+BRAF+FBXW7+PTEN+RNF43+TP53	2	0.0001575671630032	3.0312654595465052e-05	4.749763691107282	False	full_mhn
primary::APC+ARID1A+BRAF+FBXW7+RNF43+TP53	2	0.0001575671630032	3.029496262602273e-05	4.7525375077429	False	full_mhn
primary::BRAF+KRAS+PIK3CA+RNF43	1	7.878358150161507e-05	3.0264434360585945e-05	2.37866573773772	False	full_mhn
primary::APC+BRAF+FBXW7+KRAS+PIK3CA+TCF7L2+TP53	1	7.878358150161507e-05	3.0216803840388343e-05	2.3824152104918093	False	full_mhn
primary::ARID1A+FBXW7+KRAS+RNF43+SOX9	1	7.878358150161507e-05	3.0165022716991062e-05	2.3865048520964516	False	full_mhn
metastatic::ARID1A+BRAF+FBXW7+PIK3CA+RNF43+TCF7L2	1	7.878358150161507e-05	3.0069118101430348e-05	2.394116542668498	False	full_mhn
metastatic::PIK3CA+RNF43+SMAD4+TP53	1	7.878358150161507e-05	2.9903514266966022e-05	2.4073750133225604	False	full_mhn
primary::APC+BRAF+RNF43+SOX9	1	7.878358150161507e-05	2.9877055258305563e-05	2.409506975580682	False	full_mhn
primary::BRAF+PIK3CA+RNF43+TCF7L2+TP53	1	7.878358150161507e-05	2.983829342747016e-05	2.412637077470762	False	full_mhn
primary::BRAF+RNF43+SOX9+TGFBR2+TP53	1	7.878358150161507e-05	2.9826509723542802e-05	2.4135902496761394	False	full_mhn
primary::ARID1A+FBXW7+RNF43+TGFBR2	1	7.878358150161507e-05	2.972133816462818e-05	2.422130949936432	False	full_mhn
metastatic::APC+ARID1A+SOX9	1	7.878358150161507e-05	2.9691210620443454e-05	2.424588675749317	False	full_mhn
primary::APC+KRAS+PIK3CA+SMAD4+TCF7L2+TGFBR2	1	7.878358150161507e-05	2.966632874982853e-05	2.4266222371043327	False	full_mhn
metastatic::CTNNB1+KRAS+PIK3CA+PTEN	1	7.878358150161507e-05	2.9553910080537108e-05	2.4358527461230826	False	full_mhn
primary::CTNNB1+FBXW7+KRAS+PIK3CA+SOX9	1	7.878358150161507e-05	2.9478261723103518e-05	2.442103733873792	False	full_mhn
metastatic::ARID1A+CTNNB1+RNF43+TP53	1	7.878358150161507e-05	2.9465745010296446e-05	2.4431411116843282	False	full_mhn
primary::ARID1A+CTNNB1+RNF43+TP53	1	7.878358150161507e-05	2.9108655974017523e-05	2.473112226663748	False	full_mhn
primary::APC+ARID1A+BRAF+PTEN+RNF43+SOX9+TGFBR2	1	7.878358150161507e-05	2.9095842270514844e-05	2.4742013762892356	False	full_mhn
primary::APC+ARID1A+BRAF+FBXW7+PIK3CA	1	7.878358150161507e-05	2.9052312578787993e-05	2.4779085241860095	False	full_mhn
primary::ARID1A+BRAF+FBXW7+PIK3CA+PTEN	1	7.878358150161507e-05	2.898203040893002e-05	2.4839175159413527	False	full_mhn
primary::ARID1A+CTNNB1+FBXW7+KRAS+PIK3CA+TCF7L2	1	7.878358150161507e-05	2.876496177053808e-05	2.5026618681369177	False	full_mhn
unknown::APC+KRAS+SOX9	1	7.878358150161507e-05	2.8760174054017976e-05	2.5030784871438536	False	full_mhn
primary::ARID1A+FBXW7+RNF43+SOX9	1	7.878358150161507e-05	2.8616108550616702e-05	2.515680034592693	False	full_mhn
primary::APC+ARID1A+BRAF+NRAS+RNF43+TCF7L2+TGFBR2	1	7.878358150161507e-05	2.8515011058880202e-05	2.524599159051899	False	full_mhn
unknown::APC+FBXW7+KRAS+SOX9+TP53	1	7.878358150161507e-05	2.8364507810316425e-05	2.5379947858649565	False	full_mhn
primary::APC+ARID1A+PIK3CA+PTEN+RNF43	1	7.878358150161507e-05	2.828875988718794e-05	2.544790694484173	False	full_mhn
primary::APC+ARID1A+FBXW7+KRAS+PIK3CA+PTEN+TCF7L2+TP53	1	7.878358150161507e-05	2.82632699273043e-05	2.5470857796100774	False	full_mhn
primary::APC+ARID1A+KRAS+RNF43+SOX9+TCF7L2+TGFBR2	1	7.878358150161507e-05	2.8022479426618326e-05	2.5689722811197675	False	full_mhn
metastatic::APC+PIK3CA+PTEN+SMAD4+TP53	2	0.0001575671630032	2.79805028481782e-05	5.145652548274403	False	full_mhn
primary::APC+ARID1A+BRAF+FBXW7+RNF43+SOX9+TGFBR2+TP53	1	7.878358150161507e-05	2.7926137800214063e-05	2.5778349086932097	False	full_mhn
primary::APC+ARID1A+PIK3CA+RNF43+TCF7L2+TGFBR2+TP53	1	7.878358150161507e-05	2.7923469755908753e-05	2.578081216819026	False	full_mhn
primary::ARID1A+RNF43+TCF7L2+TP53	2	0.0001575671630032	2.7912436030061317e-05	5.15820065346919	False	full_mhn
metastatic::PTEN+SMAD4	1	7.878358150161507e-05	2.7763985914522133e-05	2.5928904118071534	False	full_mhn
primary::APC+BRAF+FBXW7+PIK3CA+RNF43+SOX9+TCF7L2+TGFBR2	1	7.878358150161507e-05	2.7710191648912588e-05	2.5979240338131944	False	full_mhn
primary::ARID1A+BRAF+PIK3CA+RNF43+SMAD4	1	7.878358150161507e-05	2.7607848143307127e-05	2.6075546519586714	False	full_mhn
primary::APC+ARID1A+CTNNB1+PIK3CA+SOX9+TP53	1	7.878358150161507e-05	2.7453478128094526e-05	2.6222168464809905	False	full_mhn
primary::BRAF+CTNNB1+KRAS+PIK3CA	1	7.878358150161507e-05	2.7442693743312436e-05	2.623247320919417	False	full_mhn
primary::APC+KRAS+PTEN+SMAD4+TCF7L2	2	0.0001575671630032	2.733227019294769e-05	5.267690705686006	False	full_mhn
primary::APC+ARID1A+FBXW7+KRAS+PIK3CA+SOX9+TGFBR2+TP53	3	0.0002363507445048	2.7329602273287227e-05	7.902307407574497	False	full_mhn
primary::BRAF+CTNNB1+PIK3CA+RNF43	1	7.878358150161507e-05	2.722614726729562e-05	2.64411163699853	False	full_mhn
primary::APC+ARID1A+BRAF+PTEN+RNF43+SOX9	1	7.878358150161507e-05	2.717022975962861e-05	2.6495533328767262	False	full_mhn
primary::KRAS+PIK3CA+PTEN+SOX9	1	7.878358150161507e-05	2.7148125871232377e-05	2.6517105878301725	False	full_mhn
primary::APC+ARID1A+BRAF+FBXW7+PIK3CA+PTEN+TCF7L2	1	7.878358150161507e-05	2.7134842630596844e-05	2.6530086719582204	False	full_mhn
unknown::APC+KRAS+NRAS+SMAD4+TP53	1	7.878358150161507e-05	2.6861824417358927e-05	2.6799733207141707	False	full_mhn
primary::APC+BRAF+FBXW7+RNF43+SOX9	1	7.878358150161507e-05	2.6737281501433144e-05	2.692456701998232	False	full_mhn
primary::APC+CTNNB1+FBXW7+KRAS+PIK3CA+RNF43+TCF7L2	1	7.878358150161507e-05	2.6668633296059324e-05	2.6993874026328046	False	full_mhn
unknown::KRAS+SMAD4	1	7.878358150161507e-05	2.66354147568073e-05	2.702753961923994	False	full_mhn
primary::APC+ARID1A+BRAF+FBXW7+KRAS+PIK3CA+SOX9+TCF7L2	1	7.878358150161507e-05	2.6615845554559423e-05	2.704741151728336	False	full_mhn
primary::FBXW7+KRAS+RNF43	2	0.0001575671630032	2.6292036378735604e-05	5.476104755762517	False	full_mhn
primary::APC+FBXW7+NRAS+SMAD4+SOX9+TP53	1	7.878358150161507e-05	2.6285096549165076e-05	2.7387752824409963	False	full_mhn
metastatic::CTNNB1+KRAS+SOX9	1	7.878358150161507e-05	2.6241131997665678e-05	2.74336384296393	False	full_mhn
primary::APC+KRAS+PIK3CA+RNF43+SOX9+TCF7L2	1	7.878358150161507e-05	2.6180167718347724e-05	2.74975215930339	False	full_mhn
primary::APC+ARID1A+PIK3CA+SMAD4+SOX9	1	7.878358150161507e-05	2.613547447071977e-05	2.754454402211078	False	full_mhn
primary::APC+ARID1A+FBXW7+PTEN+SOX9+TCF7L2+TP53	1	7.878358150161507e-05	2.611988041805848e-05	2.7560988624715868	False	full_mhn
metastatic::APC+ARID1A+NRAS+PIK3CA	1	7.878358150161507e-05	2.605570220914502e-05	2.7628874525611367	False	full_mhn
primary::APC+ARID1A+CTNNB1+PIK3CA+TCF7L2	1	7.878358150161507e-05	2.6023492410229146e-05	2.7663071336881604	False	full_mhn
primary::APC+ARID1A+CTNNB1+FBXW7+KRAS+PTEN+RNF43+TCF7L2+TP53	1	7.878358150161507e-05	2.5902613863880826e-05	2.7792165324816964	False	full_mhn
primary::APC+ARID1A+BRAF+PIK3CA+PTEN+RNF43+TCF7L2	1	7.878358150161507e-05	2.5860637133567672e-05	2.7837277290833926	False	full_mhn
primary::KRAS+NRAS+PIK3CA	1	7.878358150161507e-05	2.584197757160004e-05	2.7857377586141396	False	full_mhn
primary::APC+ARID1A+FBXW7+PIK3CA+RNF43+TCF7L2	1	7.878358150161507e-05	2.5756956463057216e-05	2.794933196883069	False	full_mhn
primary::APC+ARID1A+PTEN+SMAD4+TP53	1	7.878358150161507e-05	2.5680818400521368e-05	2.803219567937237	False	full_mhn
metastatic::ARID1A+BRAF+PIK3CA+RNF43	1	7.878358150161507e-05	2.5622977821959612e-05	2.8095474755069128	False	full_mhn
primary::APC+BRAF+FBXW7+PIK3CA+SOX9	1	7.878358150161507e-05	2.5564090407099383e-05	2.8160193263982665	False	full_mhn
primary::BRAF+FBXW7+PTEN+RNF43+SOX9	1	7.878358150161507e-05	2.5558353114166215e-05	2.8166514613044833	False	full_mhn
primary::APC+ARID1A+BRAF+FBXW7+PIK3CA+TCF7L2+TP53	1	7.878358150161507e-05	2.550709279062738e-05	2.822311944085773	False	full_mhn
primary::ARID1A+PIK3CA+PTEN+RNF43+TCF7L2	2	0.0001575671630032	2.546924710327189e-05	5.653011441271557	False	full_mhn
primary::APC+KRAS+PIK3CA+PTEN+TGFBR2	1	7.878358150161507e-05	2.54315357088047e-05	2.8306970313469213	False	full_mhn
primary::CTNNB1+PTEN	2	0.0001575671630032	2.520159736941632e-05	5.713048387562034	False	full_mhn
unknown::APC+FBXW7+NRAS+TP53	1	7.878358150161507e-05	2.520072923954512e-05	2.856622597040392	False	full_mhn
primary::APC+FBXW7+PIK3CA+TCF7L2	1	7.878358150161507e-05	2.512188864269181e-05	2.8655876006184897	False	full_mhn
primary::APC+BRAF+KRAS+TGFBR2+TP53	1	7.878358150161507e-05	2.5092936791593072e-05	2.868893872136498	False	full_mhn
primary::ARID1A+BRAF+PIK3CA+RNF43+SMAD4+TP53	1	7.878358150161507e-05	2.5010066106941918e-05	2.878399932170598	False	full_mhn
metastatic::KRAS+SMAD4+TCF7L2	1	7.878358150161507e-05	2.474481458946636e-05	2.9092548782157324	False	full_mhn
primary::APC+ARID1A+BRAF+KRAS+PIK3CA+SOX9+TCF7L2	1	7.878358150161507e-05	2.4741723784242785e-05	2.909618310444193	False	full_mhn
primary::APC+BRAF+SMAD4+SOX9	1	7.878358150161507e-05	2.4677661153399072e-05	2.9171716111806827	False	full_mhn
metastatic::APC+ARID1A+BRAF+SOX9+TP53	1	7.878358150161507e-05	2.45962666778932e-05	2.926825175549153	False	full_mhn
primary::APC+BRAF+FBXW7+PIK3CA+RNF43+SMAD4+TP53	1	7.878358150161507e-05	2.4568323667436046e-05	2.9301540271332023	False	full_mhn
primary::APC+NRAS+SMAD4	3	0.0002363507445048	2.4023433305343934e-05	8.989843985151145	False	full_mhn
metastatic::ARID1A+BRAF+PIK3CA	1	7.878358150161507e-05	2.399897947992639e-05	2.999668070250646	False	full_mhn
primary::APC+FBXW7+RNF43	1	7.878358150161507e-05	2.3963615788544543e-05	3.0040947532851967	False	full_mhn
primary::APC+PIK3CA+SOX9+TCF7L2	1	7.878358150161507e-05	2.3959877091055748e-05	3.0045635119937146	False	full_mhn
primary::ARID1A+BRAF+PIK3CA+PTEN	1	7.878358150161507e-05	2.3787878684880785e-05	3.0262880264170335	False	full_mhn
primary::APC+ARID1A+FBXW7+KRAS+SMAD4+SOX9	1	7.878358150161507e-05	2.3774844457020857e-05	3.0279471466740886	False	full_mhn
primary::ARID1A+KRAS+PIK3CA+SOX9	1	7.878358150161507e-05	2.3751889996724095e-05	3.0308734354722566	False	full_mhn
metastatic::ARID1A+KRAS+SOX9+TP53	1	7.878358150161507e-05	2.3645873599532772e-05	3.044462371699551	False	full_mhn
primary::APC+ARID1A+PIK3CA+SOX9	4	0.0003151343260064	2.3583166863264716e-05	12.210229920184135	False	full_mhn
primary::APC+ARID1A+FBXW7+KRAS+PTEN	1	7.878358150161507e-05	2.35822863376302e-05	3.0526714577568175	False	full_mhn
metastatic::PTEN+SOX9+TP53	2	0.0001575671630032	2.3401663187062783e-05	6.152466327927895	False	full_mhn
primary::ARID1A+BRAF+CTNNB1+FBXW7+PIK3CA+RNF43+TP53	1	7.878358150161507e-05	2.3216534135021958e-05	3.100763100330545	False	full_mhn
primary::ARID1A+FBXW7+PIK3CA	1	7.878358150161507e-05	2.3203631600288815e-05	3.102487300342261	False	full_mhn
primary::APC+ARID1A+NRAS+PIK3CA+SOX9	1	7.878358150161507e-05	2.3189679877466528e-05	3.104353865177834	False	full_mhn
metastatic::APC+FBXW7+PIK3CA+PTEN+TP53	1	7.878358150161507e-05	2.3065118921300335e-05	3.1211186289008994	False	full_mhn
primary::ARID1A+KRAS+RNF43+TCF7L2	1	7.878358150161507e-05	2.2952993176387736e-05	3.1363653434923275	False	full_mhn
primary::ARID1A+CTNNB1+PIK3CA+PTEN+RNF43	1	7.878358150161507e-05	2.2866087209322674e-05	3.1482855661710114	False	full_mhn
metastatic::ARID1A+BRAF+PIK3CA+RNF43+SOX9+TP53	1	7.878358150161507e-05	2.282445315992321e-05	3.154028348708862	False	full_mhn
metastatic::APC+FBXW7+KRAS+PIK3CA+SMAD4+SOX9+TCF7L2	1	7.878358150161507e-05	2.282030588070222e-05	3.154601550300821	False	full_mhn
metastatic::APC+ARID1A+FBXW7+KRAS+PIK3CA+PTEN+SMAD4+TP53	1	7.878358150161507e-05	2.275105951798067e-05	3.1642030668112913	False	full_mhn
primary::ARID1A+FBXW7	1	7.878358150161507e-05	2.268386148295182e-05	3.1735766128148333	False	full_mhn
primary::BRAF+FBXW7+RNF43+TGFBR2	1	7.878358150161507e-05	2.268341038136755e-05	3.1736397252547475	False	full_mhn
primary::APC+ARID1A+CTNNB1+KRAS+PIK3CA+SMAD4	1	7.878358150161507e-05	2.2659659991669532e-05	3.176966128957946	False	full_mhn
metastatic::APC+ARID1A+KRAS+SOX9+TCF7L2	1	7.878358150161507e-05	2.254624467942888e-05	3.1929473530879786	False	full_mhn
metastatic::APC+ARID1A+BRAF+RNF43+SOX9+TCF7L2+TGFBR2+TP53	1	7.878358150161507e-05	2.2367595981883895e-05	3.2184492380880023	False	full_mhn
primary::ARID1A+FBXW7+RNF43	3	0.0002363507445048	2.2144161757093458e-05	9.752770008131781	False	full_mhn
primary::APC+FBXW7+RNF43+TCF7L2	1	7.878358150161507e-05	2.2108828551228656e-05	3.2561187962210814	False	full_mhn
primary::APC+ARID1A+BRAF+RNF43+SOX9+TCF7L2+TP53	1	7.878358150161507e-05	2.2107129686131646e-05	3.256369018950261	False	full_mhn
primary::BRAF+FBXW7+PTEN+RNF43+TGFBR2	1	7.878358150161507e-05	2.204133938434506e-05	3.266088822589671	False	full_mhn
primary::BRAF+FBXW7+PIK3CA+SOX9+TGFBR2	1	7.878358150161507e-05	2.1960201312507307e-05	3.2781562956368036	False	full_mhn
metastatic::APC+FBXW7+TGFBR2+TP53	1	7.878358150161507e-05	2.182672166612071e-05	3.2982036087325435	False	full_mhn
primary::NRAS+PIK3CA+PTEN	2	0.0001575671630032	2.1762755995729803e-05	6.615795551851756	False	full_mhn
metastatic::APC+NRAS+SMAD4	2	0.0001575671630032	2.175315495882077e-05	6.618715518839359	False	full_mhn
primary::APC+ARID1A+BRAF+FBXW7	2	0.0001575671630032	2.1718420373045938e-05	6.629300926404646	False	full_mhn
metastatic::APC+RNF43	2	0.0001575671630032	2.1487353107628152e-05	6.700590040412038	False	full_mhn
metastatic::APC+ARID1A+TCF7L2	1	7.878358150161507e-05	2.1454838453570436e-05	3.3553723680847014	False	full_mhn
primary::ARID1A+CTNNB1+RNF43+TCF7L2	1	7.878358150161507e-05	2.1454054700467183e-05	3.3554949455377843	False	full_mhn
primary::ARID1A+BRAF+FBXW7+RNF43+SMAD4+TGFBR2+TP53	1	7.878358150161507e-05	2.1425545471916824e-05	3.359959829195585	False	full_mhn
primary::CTNNB1+KRAS+SMAD4+SOX9	1	7.878358150161507e-05	2.1422771354218223e-05	3.3603949233969628	False	full_mhn
primary::ARID1A+BRAF+CTNNB1+PTEN+RNF43	1	7.878358150161507e-05	2.1327767346537766e-05	3.375363718065234	False	full_mhn
metastatic::APC+ARID1A+KRAS+PIK3CA+SOX9+TCF7L2+TGFBR2+TP53	1	7.878358150161507e-05	2.1321187967790612e-05	3.376405301456484	False	full_mhn
primary::APC+ARID1A+BRAF+PIK3CA+RNF43+SMAD4+TCF7L2	1	7.878358150161507e-05	2.116193779346063e-05	3.401813801977796	False	full_mhn
unknown::BRAF+FBXW7+TP53	1	7.878358150161507e-05	2.1160056906403225e-05	3.402116184304921	False	full_mhn
primary::APC+BRAF+KRAS+TGFBR2	1	7.878358150161507e-05	2.1073392761371545e-05	3.4161073569537086	False	full_mhn
metastatic::APC+FBXW7+KRAS+PIK3CA+SOX9+TGFBR2+TP53	1	7.878358150161507e-05	2.1073341943230183e-05	3.416115594860102	False	full_mhn
primary::FBXW7+NRAS	2	0.0001575671630032	2.1046071205376585e-05	6.8410841473592505	False	full_mhn
primary::APC+BRAF+FBXW7+PTEN+RNF43	1	7.878358150161507e-05	2.103985432278738e-05	3.4215527797016505	False	full_mhn
metastatic::APC+ARID1A+BRAF+RNF43+TCF7L2	1	7.878358150161507e-05	2.0748965129479698e-05	3.4695210843263795	False	full_mhn
primary::ARID1A+KRAS+PIK3CA+TCF7L2	1	7.878358150161507e-05	2.0690257395620483e-05	3.479365703786554	False	full_mhn
primary::APC+ARID1A+CTNNB1+RNF43+TCF7L2	2	0.0001575671630032	2.057749786722849e-05	6.996863508892117	False	full_mhn
metastatic::CTNNB1+NRAS	2	0.0001575671630032	2.0566634712403044e-05	7.000559203834765	False	full_mhn
primary::ARID1A+PIK3CA+PTEN+RNF43+SOX9	1	7.878358150161507e-05	2.05299213111074e-05	3.506539107810222	False	full_mhn
primary::APC+FBXW7+PIK3CA+PTEN+SOX9	1	7.878358150161507e-05	2.0501220179184888e-05	3.511448163746212	False	full_mhn
primary::BRAF+RNF43+SOX9+TGFBR2	4	0.0003151343260064	2.0488022417925048e-05	14.05484052721387	False	full_mhn
primary::BRAF+FBXW7+RNF43+TCF7L2	1	7.878358150161507e-05	2.0423366877548517e-05	3.5248337049905203	False	full_mhn
primary::BRAF+FBXW7+RNF43+TCF7L2+TGFBR2	1	7.878358150161507e-05	2.0128254280951138e-05	3.576513436429447	False	full_mhn
primary::ARID1A+CTNNB1+FBXW7+KRAS+PIK3CA	1	7.878358150161507e-05	2.0071664140470597e-05	3.5865970740540103	False	full_mhn
primary::APC+BRAF+PTEN+RNF43+TGFBR2+TP53	1	7.878358150161507e-05	1.9895125734894405e-05	3.6184225626439974	False	full_mhn
metastatic::ARID1A+BRAF+PIK3CA+RNF43+SOX9+TCF7L2	1	7.878358150161507e-05	1.974099820671705e-05	3.646673337573958	False	full_mhn
primary::APC+CTNNB1+FBXW7+KRAS+PIK3CA+PTEN	1	7.878358150161507e-05	1.9711053353494923e-05	3.6522133303051603	False	full_mhn
primary::APC+BRAF+PIK3CA+PTEN+TCF7L2	1	7.878358150161507e-05	1.9707622113435202e-05	3.652849207123661	False	full_mhn
unknown::CTNNB1+TP53	1	7.878358150161507e-05	1.9669200572981107e-05	3.6599846311551585	False	full_mhn
primary::ARID1A+RNF43+TGFBR2	1	7.878358150161507e-05	1.964749860703167e-05	3.664027326838042	False	full_mhn
primary::APC+ARID1A+BRAF+FBXW7+PIK3CA+RNF43+SMAD4+TCF7L2	1	7.878358150161507e-05	1.963457132446911e-05	3.6664397000636066	False	full_mhn
primary::APC+KRAS+PIK3CA+RNF43+SMAD4+TCF7L2	2	0.0001575671630032	1.9557545983478442e-05	7.361759174093133	False	full_mhn
metastatic::CTNNB1+PIK3CA+SMAD4+TP53	2	0.0001575671630032	1.9551789699171875e-05	7.363926565277631	False	full_mhn
metastatic::CTNNB1+KRAS+TGFBR2+TP53	1	7.878358150161507e-05	1.9508729267469526e-05	3.6900902558606847	False	full_mhn
primary::APC+FBXW7+TCF7L2	1	7.878358150161507e-05	1.9456237130671075e-05	3.700045968841188	False	full_mhn
primary::APC+ARID1A+BRAF+PIK3CA+SOX9+TCF7L2+TGFBR2	2	0.0001575671630032	1.9391744528504184e-05	7.424702985955792	False	full_mhn
primary::APC+ARID1A+KRAS+PIK3CA+TCF7L2+TGFBR2	2	0.0001575671630032	1.910588524208276e-05	7.53579023260659	False	full_mhn
primary::APC+ARID1A+FBXW7+PIK3CA+PTEN+SOX9+TCF7L2	1	7.878358150161507e-05	1.8953117405517152e-05	3.79826548454676	False	full_mhn
primary::ARID1A+BRAF+FBXW7+KRAS+RNF43+SOX9	1	7.878358150161507e-05	1.8946426907932332e-05	3.7996067551110246	False	full_mhn
primary::APC+FBXW7+PIK3CA+RNF43+TGFBR2	1	7.878358150161507e-05	1.887005968751268e-05	3.8149837807274585	False	full_mhn
metastatic::BRAF+FBXW7+PTEN	1	7.878358150161507e-05	1.8867071488077245e-05	3.8155880044292	False	full_mhn
primary::BRAF+FBXW7+NRAS+PIK3CA+TP53	1	7.878358150161507e-05	1.8783106816493238e-05	3.8326445318591524	False	full_mhn
unknown::APC+NRAS+SMAD4+TP53	1	7.878358150161507e-05	1.8770592798230887e-05	3.8351996872357135	False	full_mhn
primary::APC+PTEN+SOX9	3	0.0002363507445048	1.8758832442021082e-05	11.512812193789674	False	full_mhn
primary::ARID1A+FBXW7+KRAS+SOX9	2	0.0001575671630032	1.8715879848672292e-05	7.692822587006036	False	full_mhn
primary::APC+FBXW7+PIK3CA+TGFBR2+TP53	1	7.878358150161507e-05	1.8537384546570912e-05	3.8834481423147826	False	full_mhn
primary::APC+FBXW7+KRAS+PIK3CA+PTEN+RNF43+TCF7L2	1	7.878358150161507e-05	1.852423348242465e-05	3.88620515101475	False	full_mhn
primary::APC+CTNNB1+KRAS+PIK3CA+RNF43	1	7.878358150161507e-05	1.8327942980845182e-05	3.9278260310834927	False	full_mhn
primary::ARID1A+CTNNB1+KRAS+PIK3CA+RNF43+TP53	1	7.878358150161507e-05	1.8317943561892655e-05	3.929970156911843	False	full_mhn
primary::APC+BRAF+FBXW7+PTEN+RNF43+TGFBR2	1	7.878358150161507e-05	1.825598414334554e-05	3.9433081753160995	False	full_mhn
primary::FBXW7+KRAS+TGFBR2	2	0.0001575671630032	1.8145011356005058e-05	7.934849979902641	False	full_mhn
primary::CTNNB1+NRAS+PIK3CA	1	7.878358150161507e-05	1.8129763737357396e-05	3.9707617008325764	False	full_mhn
primary::APC+ARID1A+CTNNB1+FBXW7+KRAS	1	7.878358150161507e-05	1.80978241422213e-05	3.977769422484756	False	full_mhn
primary::APC+CTNNB1+PIK3CA+RNF43+TCF7L2+TP53	1	7.878358150161507e-05	1.8096565409052708e-05	3.9780461020600915	False	full_mhn
metastatic::APC+ARID1A+CTNNB1+KRAS+RNF43+TCF7L2+TGFBR2	1	7.878358150161507e-05	1.794529956328714e-05	4.011578140489897	False	full_mhn
primary::APC+BRAF+SOX9+TGFBR2+TP53	1	7.878358150161507e-05	1.7876077696306982e-05	4.027112248005258	False	full_mhn
primary::CTNNB1+KRAS+TGFBR2+TP53	1	7.878358150161507e-05	1.7874018331051143e-05	4.02757623402269	False	full_mhn
metastatic::APC+KRAS+NRAS+PIK3CA+SMAD4+SOX9	1	7.878358150161507e-05	1.7859944980145505e-05	4.030749899480783	False	full_mhn
metastatic::APC+BRAF+KRAS+PIK3CA+SOX9+TP53	1	7.878358150161507e-05	1.7841754698595973e-05	4.034859387177281	False	full_mhn
metastatic::CTNNB1+NRAS+SMAD4+TP53	1	7.878358150161507e-05	1.7837065514510035e-05	4.0359201108345015	False	full_mhn
primary::APC+ARID1A+PIK3CA+TGFBR2+TP53	1	7.878358150161507e-05	1.7834562796815345e-05	4.036486470000379	False	full_mhn
primary::ARID1A+BRAF+KRAS+RNF43+TP53	1	7.878358150161507e-05	1.7832869475512653e-05	4.036869754819111	False	full_mhn
primary::APC+ARID1A+FBXW7+PTEN+TP53	1	7.878358150161507e-05	1.7708481329063724e-05	4.065225586613548	False	full_mhn
primary::NRAS+PTEN	1	7.878358150161507e-05	1.7677167482996154e-05	4.072426844460448	False	full_mhn
primary::KRAS+PTEN+TCF7L2	1	7.878358150161507e-05	1.751013428685714e-05	4.111274658068326	False	full_mhn
primary::APC+ARID1A+PTEN+RNF43+SOX9	1	7.878358150161507e-05	1.7477289158895493e-05	4.119000989839559	False	full_mhn
primary::CTNNB1+KRAS+TGFBR2	1	7.878358150161507e-05	1.7433950242874005e-05	4.129240380526398	False	full_mhn
primary::ARID1A+CTNNB1+KRAS+SMAD4	1	7.878358150161507e-05	1.7399893547340815e-05	4.1373225147048736	False	full_mhn
primary::APC+ARID1A+FBXW7+PIK3CA+PTEN+TCF7L2+TP53	1	7.878358150161507e-05	1.7282108107380498e-05	4.165520250850638	False	full_mhn
primary::ARID1A+BRAF+FBXW7+RNF43+SMAD4+TGFBR2	1	7.878358150161507e-05	1.703822500234274e-05	4.225145003611602	False	full_mhn
primary::APC+ARID1A+BRAF+SOX9+TGFBR2	1	7.878358150161507e-05	1.685704051041009e-05	4.270558117789935	False	full_mhn
primary::FBXW7+KRAS+RNF43+SOX9	1	7.878358150161507e-05	1.6825760508164692e-05	4.278497316705167	False	full_mhn
primary::APC+FBXW7+PIK3CA+SOX9+TCF7L2	1	7.878358150161507e-05	1.6768370612478447e-05	4.293140510473419	False	full_mhn
primary::APC+ARID1A+BRAF+FBXW7+PTEN+TCF7L2	1	7.878358150161507e-05	1.6531418882680198e-05	4.354675882355746	False	full_mhn
primary::APC+ARID1A+KRAS+PIK3CA+PTEN+RNF43	1	7.878358150161507e-05	1.6522774105263467e-05	4.356954264981252	False	full_mhn
metastatic::KRAS+RNF43+SMAD4+SOX9+TP53	1	7.878358150161507e-05	1.6489238033324565e-05	4.3658155066291915	False	full_mhn
primary::NRAS+PIK3CA+TCF7L2+TP53	1	7.878358150161507e-05	1.6479728159216293e-05	4.368334865742855	False	full_mhn
metastatic::APC+NRAS+PIK3CA+TCF7L2	3	0.0002363507445048	1.646745739423708e-05	13.11476982192645	False	full_mhn
primary::ARID1A+CTNNB1+FBXW7+TP53	1	7.878358150161507e-05	1.6374556144725293e-05	4.3963922094463115	False	full_mhn
primary::ARID1A+KRAS+RNF43+SOX9+TGFBR2	1	7.878358150161507e-05	1.6107982123060877e-05	4.469148925363674	False	full_mhn
primary::APC+KRAS+PIK3CA+PTEN+RNF43+TP53	1	7.878358150161507e-05	1.6050893954385754e-05	4.485044333589225	False	full_mhn
primary::APC+FBXW7+SMAD4	1	7.878358150161507e-05	1.605051397261286e-05	4.4851505130545135	False	full_mhn
unknown::APC+BRAF	1	7.878358150161507e-05	1.5998097227044254e-05	4.499845821830793	False	full_mhn
primary::BRAF+CTNNB1+RNF43+SMAD4+TP53	1	7.878358150161507e-05	1.5971464254192588e-05	4.50734947097645	False	full_mhn
primary::APC+ARID1A+FBXW7+NRAS+PIK3CA+RNF43+SMAD4+TCF7L2+TGFBR2+TP53	1	7.878358150161507e-05	1.5900684694825397e-05	4.527413272977987	False	full_mhn
metastatic::BRAF+FBXW7+PTEN+RNF43	1	7.878358150161507e-05	1.5834233914618352e-05	4.546413252827433	False	full_mhn
primary::FBXW7+KRAS+PIK3CA+SMAD4+SOX9	1	7.878358150161507e-05	1.5831421901545277e-05	4.547220797012314	False	full_mhn
metastatic::APC+BRAF+CTNNB1+SMAD4+TP53	1	7.878358150161507e-05	1.572435564817801e-05	4.578182565742372	False	full_mhn
primary::APC+ARID1A+BRAF+KRAS+TCF7L2	1	7.878358150161507e-05	1.56715702195086e-05	4.593602929525596	False	full_mhn
unknown::FBXW7+KRAS+TP53	1	7.878358150161507e-05	1.5632301789953937e-05	4.605142085046309	False	full_mhn
primary::APC+ARID1A+BRAF+RNF43+SOX9+TGFBR2	1	7.878358150161507e-05	1.5570672542274467e-05	4.623369391744888	False	full_mhn
primary::BRAF+CTNNB1+FBXW7+PIK3CA+RNF43	1	7.878358150161507e-05	1.55064089383612e-05	4.642530137560125	False	full_mhn
primary::APC+PIK3CA+PTEN+SMAD4	1	7.878358150161507e-05	1.5496474244894283e-05	4.645506434627601	False	full_mhn
primary::ARID1A+BRAF+PTEN+RNF43+SOX9+TP53	1	7.878358150161507e-05	1.5486169183005913e-05	4.648597723871225	False	full_mhn
primary::APC+ARID1A+BRAF+PIK3CA+PTEN+RNF43+SMAD4+SOX9+TP53	1	7.878358150161507e-05	1.5478478442994553e-05	4.65090745698444	False	full_mhn
primary::KRAS+RNF43+SOX9	1	7.878358150161507e-05	1.538523764665535e-05	4.679093845570842	False	full_mhn
primary::CTNNB1+SOX9	1	7.878358150161507e-05	1.5323780626048986e-05	4.697859655075561	False	full_mhn
primary::CTNNB1+KRAS+PIK3CA+PTEN+SOX9+TP53	1	7.878358150161507e-05	1.5253231125391989e-05	4.719588272990613	False	full_mhn
metastatic::APC+KRAS+RNF43+SOX9+TCF7L2+TP53	1	7.878358150161507e-05	1.5118560993809458e-05	4.761628486471186	False	full_mhn
primary::BRAF+FBXW7+PTEN+RNF43+TCF7L2	1	7.878358150161507e-05	1.5072605271764828e-05	4.776146484968498	False	full_mhn
primary::APC+BRAF+FBXW7+PIK3CA+SOX9+TCF7L2+TP53	1	7.878358150161507e-05	1.5048443959984761e-05	4.783814916134473	False	full_mhn
primary::APC+BRAF+PTEN+SMAD4+SOX9+TP53	1	7.878358150161507e-05	1.4993109331168017e-05	4.801470400344577	False	full_mhn
primary::BRAF+PTEN+SMAD4+SOX9	1	7.878358150161507e-05	1.4988612357186023e-05	4.802910966389688	False	full_mhn
primary::APC+CTNNB1+KRAS+PTEN+SMAD4	1	7.878358150161507e-05	1.4988417984854654e-05	4.802973251344683	False	full_mhn
primary::ARID1A+CTNNB1+PTEN+TCF7L2	1	7.878358150161507e-05	1.4884150458809567e-05	4.836619384277711	False	full_mhn
primary::APC+ARID1A+FBXW7+SOX9+TCF7L2	1	7.878358150161507e-05	1.483179390949851e-05	4.85369275286438	False	full_mhn
primary::APC+ARID1A+PTEN	1	7.878358150161507e-05	1.477182326914349e-05	4.87339777082102	False	full_mhn
metastatic::KRAS+RNF43+SMAD4+TCF7L2+TP53	1	7.878358150161507e-05	1.4741292747686718e-05	4.883491008073875	False	full_mhn
metastatic::APC+SMAD4+SOX9	1	7.878358150161507e-05	1.4532815150657022e-05	4.953546148104897	False	full_mhn
primary::ARID1A+BRAF+FBXW7+RNF43+SOX9+TGFBR2	1	7.878358150161507e-05	1.4478221802719913e-05	4.972224591728185	False	full_mhn
primary::APC+ARID1A+BRAF+CTNNB1+PIK3CA+TCF7L2+TP53	1	7.878358150161507e-05	1.4435925986363528e-05	4.986792710451222	False	full_mhn
primary::APC+ARID1A+PIK3CA+RNF43+SOX9+TP53	1	7.878358150161507e-05	1.419978124964158e-05	5.069723901295797	False	full_mhn
primary::APC+ARID1A+FBXW7+KRAS+RNF43+SOX9+TP53	1	7.878358150161507e-05	1.4194094489909795e-05	5.071755048807356	False	full_mhn
primary::ARID1A+CTNNB1+NRAS+TP53	1	7.878358150161507e-05	1.4175428256003568e-05	5.078433546110429	False	full_mhn
primary::ARID1A+BRAF+FBXW7+RNF43+SMAD4+SOX9+TCF7L2	1	7.878358150161507e-05	1.4143872896148302e-05	5.08976366678495	False	full_mhn
metastatic::APC+ARID1A+BRAF+PIK3CA+PTEN	1	7.878358150161507e-05	1.4137121237342902e-05	5.092194454826626	False	full_mhn
primary::APC+ARID1A+FBXW7+PIK3CA+PTEN+RNF43	1	7.878358150161507e-05	1.4098204025836617e-05	5.106251138515539	False	full_mhn
primary::APC+ARID1A+CTNNB1+RNF43+TCF7L2+TGFBR2+TP53	1	7.878358150161507e-05	1.407173845747404e-05	5.115854772735123	False	full_mhn
primary::APC+ARID1A+FBXW7+KRAS+PIK3CA+RNF43+SOX9+TP53	2	0.0001575671630032	1.3922190875130646e-05	10.341615186727113	False	full_mhn
primary::CTNNB1+PIK3CA+SOX9	1	7.878358150161507e-05	1.3896565705545019e-05	5.180342525573502	False	full_mhn
unknown::APC+ARID1A+KRAS	1	7.878358150161507e-05	1.388115360804514e-05	5.186094204474955	False	full_mhn
primary::ARID1A+BRAF+CTNNB1+PIK3CA+SMAD4	1	7.878358150161507e-05	1.3867613930277051e-05	5.191157659492749	False	full_mhn
primary::APC+ARID1A+BRAF+CTNNB1+FBXW7+PIK3CA+TP53	1	7.878358150161507e-05	1.3808622470044837e-05	5.213334668757534	False	full_mhn
metastatic::ARID1A+BRAF+PIK3CA+RNF43+TCF7L2	1	7.878358150161507e-05	1.3542097493428381e-05	5.315939438716831	False	full_mhn
primary::NRAS+PIK3CA+SMAD4	1	7.878358150161507e-05	1.3482455865036187e-05	5.33945527768692	False	full_mhn
primary::BRAF+CTNNB1+FBXW7+NRAS+PIK3CA+PTEN+SMAD4+TP53	1	7.878358150161507e-05	1.345020019312751e-05	5.352260120910836	False	full_mhn
primary::APC+ARID1A+FBXW7+PTEN+SOX9	1	7.878358150161507e-05	1.3436329653632941e-05	5.357785344820998	False	full_mhn
primary::APC+ARID1A+CTNNB1+FBXW7+PIK3CA+SOX9+TCF7L2+TP53	1	7.878358150161507e-05	1.3406324257171125e-05	5.369776883915029	False	full_mhn
primary::CTNNB1+FBXW7+SOX9+TP53	1	7.878358150161507e-05	1.334205055415742e-05	5.395645127886779	False	full_mhn
primary::APC+CTNNB1+FBXW7+KRAS+PTEN+TCF7L2	1	7.878358150161507e-05	1.3318298878609982e-05	5.4052676482996524	False	full_mhn
primary::KRAS+RNF43+TCF7L2	1	7.878358150161507e-05	1.3317742583693646e-05	5.405493431510997	False	full_mhn
primary::APC+ARID1A+FBXW7+KRAS+RNF43+TCF7L2+TGFBR2+TP53	1	7.878358150161507e-05	1.3299794683352041e-05	5.412788074204448	False	full_mhn
primary::ARID1A+FBXW7+RNF43+SMAD4+TP53	1	7.878358150161507e-05	1.3179309680060914e-05	5.462271678071632	False	full_mhn
metastatic::ARID1A+FBXW7+KRAS+SMAD4+TP53	1	7.878358150161507e-05	1.3143974853492446e-05	5.4769558516098265	False	full_mhn
primary::ARID1A+CTNNB1+PIK3CA+RNF43+SOX9+TCF7L2	2	0.0001575671630032	1.3086740259627759e-05	11.001818410863518	False	full_mhn
primary::APC+ARID1A+FBXW7+PIK3CA+TCF7L2	2	0.0001575671630032	1.2928081315316582e-05	11.136837422345433	False	full_mhn
primary::ARID1A+BRAF+CTNNB1+SOX9+TGFBR2	1	7.878358150161507e-05	1.2927827768415305e-05	5.568527921725261	False	full_mhn
metastatic::BRAF+CTNNB1+PTEN+TP53	1	7.878358150161507e-05	1.2841927701180215e-05	5.605775981110041	False	full_mhn
metastatic::APC+ARID1A+CTNNB1+KRAS+PIK3CA+TCF7L2	1	7.878358150161507e-05	1.276767353637992e-05	5.6383780193550495	False	full_mhn
primary::APC+FBXW7+KRAS+RNF43+SOX9+TGFBR2	2	0.0001575671630032	1.272631102595833e-05	11.313407264783603	False	full_mhn
primary::ARID1A+BRAF+FBXW7+RNF43+SMAD4+SOX9	1	7.878358150161507e-05	1.2651102830482003e-05	5.690331565436291	False	full_mhn
primary::BRAF+FBXW7+PIK3CA+SMAD4+SOX9+TP53	1	7.878358150161507e-05	1.2562874794890905e-05	5.730294292448575	False	full_mhn
metastatic::APC+ARID1A+PIK3CA+SMAD4+SOX9+TP53	1	7.878358150161507e-05	1.2561691183852715e-05	5.7308342228558296	False	full_mhn
metastatic::BRAF+KRAS+PIK3CA+PTEN+TP53	1	7.878358150161507e-05	1.2558409508511906e-05	5.732331764072424	False	full_mhn
primary::APC+BRAF+FBXW7+PIK3CA+PTEN+SOX9+TP53	1	7.878358150161507e-05	1.2518784942581827e-05	5.750475788497825	False	full_mhn
primary::ARID1A+KRAS+RNF43+TGFBR2	1	7.878358150161507e-05	1.249849424981655e-05	5.75981140331756	False	full_mhn
primary::CTNNB1+PTEN+SMAD4	1	7.878358150161507e-05	1.2442827690609123e-05	5.785579569904019	False	full_mhn
primary::ARID1A+RNF43+TCF7L2+TGFBR2	1	7.878358150161507e-05	1.2401150632343928e-05	5.80502340415276	False	full_mhn
primary::APC+FBXW7+PIK3CA+SMAD4	1	7.878358150161507e-05	1.2388543707030906e-05	5.810930756325852	False	full_mhn
primary::ARID1A+BRAF+CTNNB1+SMAD4+SOX9	1	7.878358150161507e-05	1.2364431517399962e-05	5.822262797980948	False	full_mhn
metastatic::APC+ARID1A+BRAF+RNF43+TP53	1	7.878358150161507e-05	1.23191001051172e-05	5.843687364031813	False	full_mhn
primary::APC+FBXW7+KRAS+PIK3CA+PTEN+TGFBR2+TP53	1	7.878358150161507e-05	1.2210190358538728e-05	5.895810585626982	False	full_mhn
metastatic::ARID1A+BRAF+FBXW7+PIK3CA+RNF43	1	7.878358150161507e-05	1.2153577059067777e-05	5.923274208988421	False	full_mhn
primary::BRAF+PTEN+RNF43+SOX9	1	7.878358150161507e-05	1.2153136602416794e-05	5.923488881578027	False	full_mhn
primary::CTNNB1+SMAD4+SOX9+TP53	1	7.878358150161507e-05	1.2130566523465981e-05	5.934510098142121	False	full_mhn
primary::CTNNB1+NRAS	1	7.878358150161507e-05	1.2012272209459976e-05	5.9929518925285965	False	full_mhn
primary::ARID1A+BRAF+PIK3CA+PTEN+RNF43+TGFBR2+TP53	1	7.878358150161507e-05	1.1983754376412658e-05	6.007213365344382	False	full_mhn
metastatic::APC+ARID1A+SMAD4+SOX9+TCF7L2+TP53	1	7.878358150161507e-05	1.1980154636597193e-05	6.009018384059261	False	full_mhn
primary::APC+KRAS+RNF43+TCF7L2+TGFBR2+TP53	1	7.878358150161507e-05	1.197074239699538e-05	6.013743096545928	False	full_mhn
primary::APC+ARID1A+CTNNB1+FBXW7+KRAS+PIK3CA+TGFBR2	1	7.878358150161507e-05	1.196618555305002e-05	6.0160331902777076	False	full_mhn
unknown::PIK3CA+PTEN+TP53	1	7.878358150161507e-05	1.1945694621048162e-05	6.026352733896892	False	full_mhn
primary::APC+ARID1A+BRAF+PIK3CA+SMAD4+TP53	1	7.878358150161507e-05	1.1915589985018887e-05	6.041578261180104	False	full_mhn
primary::BRAF+CTNNB1+FBXW7+RNF43+TP53	1	7.878358150161507e-05	1.190864270869675e-05	6.0451028030699225	False	full_mhn
primary::APC+ARID1A+PIK3CA+TCF7L2	1	7.878358150161507e-05	1.1854973929769068e-05	6.072469650140884	False	full_mhn
primary::BRAF+FBXW7+PIK3CA+PTEN+RNF43+SOX9	1	7.878358150161507e-05	1.17832449320028e-05	6.109435030010253	False	full_mhn
metastatic::APC+PIK3CA+SMAD4+SOX9+TCF7L2+TP53	1	7.878358150161507e-05	1.1658561934079466e-05	6.17477264318493	False	full_mhn
primary::CTNNB1+PIK3CA+PTEN+SOX9	1	7.878358150161507e-05	1.1639913890053399e-05	6.184665106591124	False	full_mhn
primary::ARID1A+KRAS+TGFBR2+TP53	1	7.878358150161507e-05	1.160970518122862e-05	6.200757740157154	False	full_mhn
primary::KRAS+SOX9+TCF7L2+TP53	1	7.878358150161507e-05	1.1587389475150403e-05	6.212699539088356	False	full_mhn
primary::ARID1A+BRAF+CTNNB1+SOX9	1	7.878358150161507e-05	1.1504801964542519e-05	6.257297555296838	False	full_mhn
primary::ARID1A+BRAF+CTNNB1+PIK3CA+RNF43+TP53	1	7.878358150161507e-05	1.1462933771273043e-05	6.280152238553549	False	full_mhn
primary::CTNNB1+FBXW7+KRAS+TCF7L2+TGFBR2	1	7.878358150161507e-05	1.145916040577962e-05	6.282220217955467	False	full_mhn
metastatic::APC+PIK3CA+SMAD4	1	7.878358150161507e-05	1.1444069877328109e-05	6.290504160265325	False	full_mhn
unknown::APC+CTNNB1+KRAS+SMAD4+TP53	1	7.878358150161507e-05	1.1320433590207866e-05	6.359205990772997	False	full_mhn
metastatic::APC+KRAS+PTEN+SMAD4+TCF7L2	1	7.878358150161507e-05	1.1317442001574373e-05	6.36088694718315	False	full_mhn
metastatic::APC+FBXW7+RNF43+SMAD4+TP53	1	7.878358150161507e-05	1.1279665293922089e-05	6.3821901808384265	False	full_mhn
primary::APC+ARID1A+BRAF+KRAS+TGFBR2	1	7.878358150161507e-05	1.1278774469495194e-05	6.382694261350141	False	full_mhn
primary::NRAS+PTEN+SMAD4+TP53	2	0.0001575671630032	1.1255687951044213e-05	12.791571582566057	False	full_mhn
primary::BRAF+CTNNB1+PTEN+SMAD4	1	7.878358150161507e-05	1.1189864221073545e-05	6.433408628428249	False	full_mhn
primary::BRAF+FBXW7+PIK3CA+RNF43+SOX9+TCF7L2+TGFBR2	1	7.878358150161507e-05	1.1079394263217965e-05	6.497554582531865	False	full_mhn
primary::BRAF+FBXW7+PTEN+RNF43+SOX9+TGFBR2+TP53	1	7.878358150161507e-05	1.1072310552168774e-05	6.50171151028558	False	full_mhn
metastatic::KRAS+SMAD4+TGFBR2	1	7.878358150161507e-05	1.0886574435797617e-05	6.612637361376936	False	full_mhn
primary::APC+FBXW7+KRAS+PIK3CA+RNF43+TCF7L2	1	7.878358150161507e-05	1.0847594303731747e-05	6.6363994460079425	False	full_mhn
metastatic::BRAF+CTNNB1+FBXW7+KRAS+PIK3CA+PTEN+SMAD4+TP53	2	0.0001575671630032	1.0837032112634995e-05	13.285735074530198	False	full_mhn
primary::BRAF+RNF43+SOX9+TCF7L2	1	7.878358150161507e-05	1.0720492017713492e-05	6.715080672619831	False	full_mhn
primary::APC+ARID1A+KRAS+PIK3CA+RNF43+TGFBR2+TP53	1	7.878358150161507e-05	1.0688574447722558e-05	6.735132835642995	False	full_mhn
primary::APC+FBXW7+PIK3CA+RNF43+TCF7L2+TGFBR2	1	7.878358150161507e-05	1.0659684923938265e-05	6.753386167085783	False	full_mhn
primary::APC+CTNNB1+FBXW7+KRAS+PIK3CA+SMAD4+TCF7L2+TP53	1	7.878358150161507e-05	1.0657996594248305e-05	6.754455968638357	False	full_mhn
metastatic::APC+ARID1A+PIK3CA+PTEN+TP53	1	7.878358150161507e-05	1.0612198821476924e-05	6.7836053481119665	False	full_mhn
primary::APC+ARID1A+FBXW7+PIK3CA+PTEN+TGFBR2+TP53	1	7.878358150161507e-05	1.056290818427727e-05	6.815260285618873	False	full_mhn
primary::ARID1A+CTNNB1+KRAS+RNF43+TCF7L2	1	7.878358150161507e-05	1.054428305327269e-05	6.827298572429873	False	full_mhn
metastatic::ARID1A+CTNNB1+KRAS+PIK3CA	1	7.878358150161507e-05	1.0516593461828453e-05	6.845274458903824	False	full_mhn
primary::APC+ARID1A+CTNNB1	1	7.878358150161507e-05	1.0510137642033046e-05	6.849479147334865	False	full_mhn
primary::APC+CTNNB1+FBXW7+KRAS+PIK3CA+RNF43	1	7.878358150161507e-05	1.0436183092369668e-05	6.898017017238884	False	full_mhn
primary::PIK3CA+SMAD4+SOX9	1	7.878358150161507e-05	1.032475853694888e-05	6.972460250195574	False	full_mhn
unknown::APC+KRAS+RNF43+TP53	1	7.878358150161507e-05	1.0319581233033678e-05	6.975958312901676	False	full_mhn
primary::APC+BRAF+SOX9+TCF7L2+TGFBR2+TP53	1	7.878358150161507e-05	1.0285549489601234e-05	6.999039627192058	False	full_mhn
primary::BRAF+CTNNB1+FBXW7+RNF43+TGFBR2+TP53	1	7.878358150161507e-05	1.024168251553048e-05	7.029017773790773	False	full_mhn
primary::APC+FBXW7+NRAS+PTEN	1	7.878358150161507e-05	1.0226339054339732e-05	7.039564016224348	False	full_mhn
primary::ARID1A+RNF43+SOX9+TP53	1	7.878358150161507e-05	1.0213855707742984e-05	7.048167751328434	False	full_mhn
metastatic::APC+ARID1A+PIK3CA+TGFBR2+TP53	1	7.878358150161507e-05	1.0169521894433684e-05	7.078894084953295	False	full_mhn
primary::APC+ARID1A+KRAS+SMAD4+SOX9+TCF7L2	1	7.878358150161507e-05	1.0158307593851116e-05	7.086708855033118	False	full_mhn
primary::APC+ARID1A+CTNNB1+PIK3CA+SOX9+TCF7L2	1	7.878358150161507e-05	1.0027569149648705e-05	7.1791046474729185	False	full_mhn
metastatic::APC+NRAS+PTEN	1	7.878358150161507e-05	1.0001961637268643e-05	7.197484941201762	False	full_mhn
metastatic::CTNNB1+KRAS+PIK3CA+SMAD4+SOX9	1	7.878358150161507e-05	9.998676079236812e-06	7.199850029529962	False	full_mhn
metastatic::APC+BRAF+NRAS+SOX9	1	7.878358150161507e-05	9.994406332037198e-06	7.2029259037143865	False	full_mhn
primary::APC+BRAF+CTNNB1+FBXW7+PIK3CA+TP53	1	7.878358150161507e-05	9.956711740455778e-06	7.230195079516611	False	full_mhn
primary::APC+ARID1A+CTNNB1+FBXW7+KRAS+PIK3CA+PTEN+RNF43+TP53	1	7.878358150161507e-05	9.947248560421323e-06	7.237073426873446	False	full_mhn
primary::ARID1A+FBXW7+KRAS+PIK3CA+RNF43+SMAD4	1	7.878358150161507e-05	9.905356011494047e-06	7.26768105184585	False	full_mhn
primary::APC+ARID1A+BRAF+FBXW7+RNF43+SMAD4+SOX9	1	7.878358150161507e-05	9.838579470489392e-06	7.317008350964154	False	full_mhn
primary::ARID1A+FBXW7+SMAD4+TP53	1	7.878358150161507e-05	9.832778005698858e-06	7.321325479041127	False	full_mhn
primary::APC+ARID1A+FBXW7+KRAS+PIK3CA+SMAD4+SOX9+TGFBR2	1	7.878358150161507e-05	9.803058291928082e-06	7.343521376380944	False	full_mhn
metastatic::APC+BRAF+PIK3CA+TCF7L2	1	7.878358150161507e-05	9.68394675678677e-06	7.433845914105837	False	full_mhn
metastatic::APC+BRAF+PIK3CA+SOX9	1	7.878358150161507e-05	9.646817630088558e-06	7.46245764792023	False	full_mhn
primary::ARID1A+BRAF+PTEN+RNF43+SOX9+TCF7L2+TP53	2	0.0001575671630032	9.628474802786894e-06	14.953348159914004	False	full_mhn
primary::APC+ARID1A+BRAF+PIK3CA+RNF43+SMAD4	1	7.878358150161507e-05	9.483136284997756e-06	7.59126155202769	False	full_mhn
primary::APC+PIK3CA+PTEN+SOX9+TCF7L2+TP53	1	7.878358150161507e-05	9.377487996561256e-06	7.676785916848552	False	full_mhn
primary::APC+ARID1A+PIK3CA+RNF43+TGFBR2+TP53	1	7.878358150161507e-05	9.318046031734196e-06	7.725757899593446	False	full_mhn
metastatic::ARID1A+BRAF+PIK3CA+RNF43+SOX9	1	7.878358150161507e-05	9.251977613146377e-06	7.780927569580923	False	full_mhn
metastatic::APC+NRAS+PIK3CA+SMAD4+SOX9+TCF7L2+TP53	1	7.878358150161507e-05	9.245663132833842e-06	7.7862416836613715	False	full_mhn
primary::ARID1A+FBXW7+PIK3CA+RNF43+SOX9	2	0.0001575671630032	9.158975288722893e-06	15.71987374895321	False	full_mhn
primary::APC+BRAF+RNF43+TGFBR2	2	0.0001575671630032	9.150789843326562e-06	15.733935284225115	False	full_mhn
primary::BRAF+NRAS+RNF43+TGFBR2+TP53	1	7.878358150161507e-05	8.83549733802944e-06	8.147698376485604	False	full_mhn
metastatic::APC+ARID1A+BRAF+FBXW7+PIK3CA+RNF43	1	7.878358150161507e-05	8.78676040670822e-06	8.192890660402364	False	full_mhn
metastatic::APC+BRAF+KRAS+SMAD4	1	7.878358150161507e-05	8.78230883056838e-06	8.197043471824848	False	full_mhn
primary::BRAF+PIK3CA+PTEN+RNF43+SOX9+TGFBR2	1	7.878358150161507e-05	8.746796636329071e-06	8.230323651847586	False	full_mhn
primary::APC+BRAF+FBXW7+RNF43+SOX9+TCF7L2	1	7.878358150161507e-05	8.714176033684753e-06	8.261133000388849	False	full_mhn
primary::ARID1A+CTNNB1+PTEN+RNF43+SOX9	1	7.878358150161507e-05	8.697149148393942e-06	8.277306271123484	False	full_mhn
unknown::CTNNB1+KRAS	1	7.878358150161507e-05	8.654018636612531e-06	8.31855929233627	False	full_mhn
primary::APC+SMAD4+SOX9+TCF7L2	1	7.878358150161507e-05	8.623355887486746e-06	8.348138248651878	False	full_mhn
primary::ARID1A+PIK3CA+RNF43+TCF7L2+TGFBR2	1	7.878358150161507e-05	8.576638099848763e-06	8.393611369921482	False	full_mhn
primary::APC+ARID1A+BRAF+FBXW7+PIK3CA+RNF43+TGFBR2+TP53	1	7.878358150161507e-05	8.444128074951824e-06	8.525328642565123	False	full_mhn
primary::ARID1A+KRAS+PIK3CA+RNF43+TCF7L2+TGFBR2+TP53	1	7.878358150161507e-05	8.372439424028703e-06	8.59832639209914	False	full_mhn
primary::APC+BRAF+PIK3CA+RNF43+TCF7L2+TGFBR2	1	7.878358150161507e-05	8.352821246807364e-06	8.618521182073463	False	full_mhn
primary::APC+ARID1A+CTNNB1+PIK3CA+PTEN	1	7.878358150161507e-05	8.350061817663137e-06	8.621369328135268	False	full_mhn
metastatic::ARID1A+FBXW7+KRAS+PIK3CA	1	7.878358150161507e-05	8.331877683047077e-06	8.64018526946151	False	full_mhn
metastatic::APC+PIK3CA+RNF43	1	7.878358150161507e-05	8.321764321546345e-06	8.650685603667899	False	full_mhn
primary::ARID1A+CTNNB1+SOX9+TGFBR2	1	7.878358150161507e-05	8.291537785805897e-06	8.682221397485357	False	full_mhn
primary::APC+ARID1A+FBXW7+PIK3CA+TCF7L2+TGFBR2+TP53	1	7.878358150161507e-05	8.220424712150652e-06	8.757329362857261	False	full_mhn
primary::APC+ARID1A+CTNNB1+KRAS+RNF43+SOX9+TCF7L2	1	7.878358150161507e-05	8.217130544314499e-06	8.760840090726488	False	full_mhn
primary::APC+PIK3CA+PTEN+SOX9+TCF7L2	1	7.878358150161507e-05	8.16617303986908e-06	8.815508353451387	False	full_mhn
primary::ARID1A+CTNNB1+FBXW7+KRAS+PIK3CA+TP53	2	0.0001575671630032	8.05856178672173e-06	17.866455190448537	False	full_mhn
primary::BRAF+CTNNB1+SMAD4+SOX9+TP53	1	7.878358150161507e-05	8.04609510571433e-06	8.947068804345651	False	full_mhn
metastatic::APC+KRAS+NRAS+PIK3CA+TCF7L2+TP53	1	7.878358150161507e-05	8.009917837517348e-06	8.987478765329975	False	full_mhn
primary::APC+ARID1A+CTNNB1+KRAS+RNF43+SMAD4+SOX9	1	7.878358150161507e-05	7.994661746012501e-06	9.004629432318415	False	full_mhn
primary::APC+BRAF+PIK3CA+RNF43+TCF7L2	1	7.878358150161507e-05	7.969446688283006e-06	9.03311976939691	False	full_mhn
primary::APC+ARID1A+CTNNB1+KRAS+PIK3CA+PTEN+TCF7L2	1	7.878358150161507e-05	7.958551467482526e-06	9.04548606776673	False	full_mhn
primary::APC+CTNNB1+KRAS+NRAS+PIK3CA+SOX9+TP53	1	7.878358150161507e-05	7.945349467422883e-06	9.060516053932323	False	full_mhn
primary::APC+ARID1A+BRAF+CTNNB1+FBXW7+PIK3CA+PTEN+TGFBR2	1	7.878358150161507e-05	7.807465758907389e-06	9.22052923018505	False	full_mhn
primary::APC+ARID1A+CTNNB1+PTEN+SOX9	1	7.878358150161507e-05	7.80041535142366e-06	9.228863206906253	False	full_mhn
metastatic::CTNNB1+KRAS+TGFBR2	1	7.878358150161507e-05	7.782947900632467e-06	9.249575756350357	False	full_mhn
primary::BRAF+CTNNB1+PIK3CA+TCF7L2	1	7.878358150161507e-05	7.779999111320208e-06	9.253081546805753	False	full_mhn
primary::APC+ARID1A+KRAS+PTEN+RNF43+SOX9+TP53	1	7.878358150161507e-05	7.766720179503306e-06	9.268901741211666	False	full_mhn
primary::APC+ARID1A+KRAS+RNF43+SOX9+TP53	1	7.878358150161507e-05	7.72008678239108e-06	9.32489079054321	False	full_mhn
primary::BRAF+FBXW7+PIK3CA+SMAD4+SOX9	1	7.878358150161507e-05	7.669015881037476e-06	9.386988786294722	False	full_mhn
metastatic::SOX9+TCF7L2+TP53	1	7.878358150161507e-05	7.662328830463122e-06	9.395180977200587	False	full_mhn
metastatic::CTNNB1+FBXW7+PIK3CA	1	7.878358150161507e-05	7.60137665810923e-06	9.470516885502342	False	full_mhn
primary::BRAF+PIK3CA+SOX9+TGFBR2	1	7.878358150161507e-05	7.598871258324007e-06	9.47363937923092	False	full_mhn
primary::CTNNB1+FBXW7+KRAS+TCF7L2+TP53	1	7.878358150161507e-05	7.594589208964942e-06	9.47898089079582	False	full_mhn
primary::NRAS+PTEN+SMAD4	1	7.878358150161507e-05	7.544917100398427e-06	9.541385937695225	False	full_mhn
metastatic::APC+ARID1A+BRAF+PIK3CA+RNF43+SOX9	1	7.878358150161507e-05	7.53193121370036e-06	9.557836345534007	False	full_mhn
primary::ARID1A+FBXW7+PIK3CA+RNF43+TCF7L2+TGFBR2+TP53	1	7.878358150161507e-05	7.523297879939218e-06	9.568804405227262	False	full_mhn
primary::ARID1A+RNF43+SOX9+TGFBR2	2	0.0001575671630032	7.3872936888936125e-06	19.489942799336642	False	full_mhn
primary::APC+CTNNB1+FBXW7+RNF43+TP53	1	7.878358150161507e-05	7.322137065021551e-06	9.831687797325333	False	full_mhn
primary::ARID1A+FBXW7+PTEN	2	0.0001575671630032	7.20540774064218e-06	19.981926926125762	False	full_mhn
primary::CTNNB1+KRAS+SOX9+TGFBR2	2	0.0001575671630032	7.204208784392143e-06	19.98525240621211	False	full_mhn
primary::ARID1A+CTNNB1+RNF43+SOX9+TCF7L2	1	7.878358150161507e-05	6.981636084528554e-06	10.311188420797855	False	full_mhn
metastatic::APC+ARID1A+BRAF+RNF43	1	7.878358150161507e-05	6.937462094947663e-06	10.37684445725283	False	full_mhn
primary::APC+ARID1A+CTNNB1+FBXW7+KRAS+PIK3CA+PTEN+TGFBR2	1	7.878358150161507e-05	6.879449974809646e-06	10.464348932466322	False	full_mhn
primary::APC+ARID1A+BRAF+RNF43+SOX9+TP53	1	7.878358150161507e-05	6.857826576985469e-06	10.497344043147885	False	full_mhn
metastatic::ARID1A+RNF43+TCF7L2+TGFBR2	1	7.878358150161507e-05	6.808409253037234e-06	10.573536668429963	False	full_mhn
metastatic::APC+TGFBR2	1	7.878358150161507e-05	6.792520987074231e-06	10.59826903780282	False	full_mhn
primary::APC+BRAF+FBXW7+TGFBR2	1	7.878358150161507e-05	6.717100534651655e-06	10.71726772222106	False	full_mhn
primary::APC+ARID1A+FBXW7+KRAS+PIK3CA+PTEN+RNF43+SOX9+TP53	1	7.878358150161507e-05	6.678399239810692e-06	10.779374233228696	False	full_mhn
primary::FBXW7+PIK3CA+PTEN+SMAD4+TP53	2	0.0001575671630032	6.675322604946966e-06	21.568684823261652	False	full_mhn
metastatic::APC+BRAF+NRAS	1	7.878358150161507e-05	6.605295785429168e-06	10.898673867767222	False	full_mhn
metastatic::APC+ARID1A+CTNNB1+FBXW7+SOX9+TP53	1	7.878358150161507e-05	6.571240469608124e-06	10.95515600775766	False	full_mhn
primary::APC+ARID1A+FBXW7+NRAS+PTEN+TP53	1	7.878358150161507e-05	6.555844342749088e-06	10.98088373055126	False	full_mhn
primary::APC+CTNNB1+FBXW7	1	7.878358150161507e-05	6.485001762204653e-06	11.100839599292662	False	full_mhn
primary::APC+ARID1A+CTNNB1+FBXW7+RNF43+SOX9+TGFBR2	1	7.878358150161507e-05	6.4770405406382386e-06	11.114484137940238	False	full_mhn
primary::APC+KRAS+PIK3CA+PTEN+RNF43+SMAD4+TCF7L2	1	7.878358150161507e-05	6.385791910026631e-06	11.27330254496203	False	full_mhn
metastatic::APC+BRAF+TCF7L2	1	7.878358150161507e-05	6.313634461868214e-06	11.40214317075919	False	full_mhn
primary::BRAF+RNF43+TCF7L2+TGFBR2	1	7.878358150161507e-05	6.3079851678292636e-06	11.412354680063753	False	full_mhn
primary::ARID1A+BRAF+PTEN+SOX9	1	7.878358150161507e-05	6.285857432035168e-06	11.45252891750155	False	full_mhn
primary::APC+ARID1A+BRAF+PIK3CA+PTEN+RNF43+SMAD4+TP53	1	7.878358150161507e-05	6.285538211410328e-06	11.453110551521174	False	full_mhn
primary::ARID1A+CTNNB1+FBXW7+PIK3CA+PTEN+SOX9+TCF7L2	3	0.0002363507445048	6.274851212396578e-06	34.41785066521667	False	full_mhn
primary::APC+ARID1A+CTNNB1+FBXW7+KRAS+NRAS+PIK3CA+PTEN+RNF43+SMAD4+TCF7L2+TP53	1	7.878358150161507e-05	6.225929139626144e-06	11.562766341693408	False	full_mhn
primary::APC+KRAS+PIK3CA+PTEN+SOX9+TGFBR2+TP53	1	7.878358150161507e-05	6.214506296355057e-06	11.584019783262109	False	full_mhn
primary::APC+PIK3CA+SMAD4+TCF7L2	1	7.878358150161507e-05	6.160435245371191e-06	11.685694421120672	False	full_mhn
unknown::APC+FBXW7+KRAS+PTEN+TP53	1	7.878358150161507e-05	6.146829029665815e-06	11.711561100074464	False	full_mhn
primary::NRAS+PIK3CA+SOX9	1	7.878358150161507e-05	6.123858063206035e-06	11.755491875496428	False	full_mhn
primary::APC+KRAS+PIK3CA+PTEN+RNF43+TCF7L2	1	7.878358150161507e-05	5.995942792375163e-06	12.006279237598864	False	full_mhn
primary::APC+RNF43+SMAD4+SOX9+TP53	2	0.0001575671630032	5.8368479351798155e-06	24.667068229331235	False	full_mhn
primary::KRAS+NRAS+SMAD4	1	7.878358150161507e-05	5.768840865747853e-06	12.478930284366758	False	full_mhn
primary::BRAF+PIK3CA+RNF43+SOX9+TCF7L2+TGFBR2	1	7.878358150161507e-05	5.760047171464974e-06	12.4979814962024	False	full_mhn
primary::APC+BRAF+FBXW7+PIK3CA+PTEN+RNF43+SMAD4+SOX9+TCF7L2+TP53	1	7.878358150161507e-05	5.747426099416191e-06	12.525426459348424	False	full_mhn
primary::APC+ARID1A+CTNNB1+FBXW7+PIK3CA	1	7.878358150161507e-05	5.594892711889937e-06	12.866906713744536	False	full_mhn
primary::BRAF+FBXW7+KRAS+PTEN+SMAD4+TP53	1	7.878358150161507e-05	5.582096240751143e-06	12.896402975329872	False	full_mhn
primary::ARID1A+BRAF+CTNNB1+SMAD4	1	7.878358150161507e-05	5.569537002121497e-06	12.925484202959444	False	full_mhn
primary::APC+ARID1A+FBXW7+PIK3CA+PTEN+TCF7L2+TGFBR2	1	7.878358150161507e-05	5.470968643339889e-06	13.158357687442084	False	full_mhn
primary::APC+ARID1A+BRAF+FBXW7+TGFBR2+TP53	2	0.0001575671630032	5.456669885236415e-06	26.385676167116298	False	full_mhn
primary::BRAF+CTNNB1+FBXW7+KRAS+PIK3CA+PTEN+SMAD4+TP53	1	7.878358150161507e-05	5.418516056318534e-06	13.285733848573448	False	full_mhn
primary::APC+BRAF+CTNNB1+KRAS+SMAD4+TP53	1	7.878358150161507e-05	5.363838247969799e-06	13.421165724056957	False	full_mhn
primary::ARID1A+BRAF+FBXW7+PTEN+RNF43+SMAD4+TCF7L2	1	7.878358150161507e-05	5.346992935410122e-06	13.46344812315222	False	full_mhn
metastatic::APC+BRAF+NRAS+SMAD4	1	7.878358150161507e-05	5.310357793313316e-06	13.556329857570189	False	full_mhn
primary::ARID1A+BRAF+PIK3CA+RNF43+SOX9+TCF7L2+TP53	1	7.878358150161507e-05	5.286851133073161e-06	13.616604673669528	False	full_mhn
primary::CTNNB1+FBXW7+KRAS+RNF43+TCF7L2+TGFBR2	1	7.878358150161507e-05	5.271221545312798e-06	13.656978973163772	False	full_mhn
primary::ARID1A+CTNNB1+FBXW7+PIK3CA+SOX9+TCF7L2	1	7.878358150161507e-05	5.223713715523924e-06	13.781184345742629	False	full_mhn
metastatic::APC+BRAF+PTEN+TGFBR2	1	7.878358150161507e-05	5.0667157882352535e-06	14.208209867060203	False	full_mhn
primary::ARID1A+FBXW7+RNF43+SMAD4	1	7.878358150161507e-05	5.020018549117186e-06	14.340377514438883	False	full_mhn
primary::APC+BRAF+NRAS+PIK3CA+SMAD4+SOX9	1	7.878358150161507e-05	4.889455614648462e-06	14.723307953797953	False	full_mhn
primary::APC+BRAF+FBXW7+SMAD4+TGFBR2+TP53	1	7.878358150161507e-05	4.8661969180285155e-06	14.793680133209465	False	full_mhn
metastatic::APC+NRAS+PIK3CA+SMAD4+SOX9	1	7.878358150161507e-05	4.849994160862152e-06	14.843102534437728	False	full_mhn
primary::APC+BRAF+CTNNB1+FBXW7+PTEN+SOX9+TGFBR2	1	7.878358150161507e-05	4.842803823850735e-06	14.865140777439386	False	full_mhn
primary::ARID1A+PTEN+SMAD4	1	7.878358150161507e-05	4.838443456783494e-06	14.87853712225119	False	full_mhn
primary::ARID1A+BRAF+PIK3CA+PTEN+SOX9+TGFBR2+TP53	1	7.878358150161507e-05	4.802263060283909e-06	14.990632451799772	False	full_mhn
primary::APC+ARID1A+BRAF+CTNNB1+FBXW7+PIK3CA+RNF43+TGFBR2+TP53	1	7.878358150161507e-05	4.796990314103936e-06	15.00710982163849	False	full_mhn
metastatic::PIK3CA+PTEN+SMAD4+TP53	1	7.878358150161507e-05	4.787525339554121e-06	15.036778987394207	False	full_mhn
metastatic::APC+BRAF+NRAS+TCF7L2	1	7.878358150161507e-05	4.677918764885468e-06	15.38910008773232	False	full_mhn
metastatic::FBXW7+PIK3CA+PTEN+SMAD4+TP53	1	7.878358150161507e-05	4.667043896490767e-06	15.424958846728362	False	full_mhn
primary::APC+ARID1A+FBXW7+KRAS+PIK3CA+PTEN+SOX9+TP53	1	7.878358150161507e-05	4.657228617431641e-06	15.457467502730525	False	full_mhn
primary::CTNNB1+FBXW7+KRAS+TCF7L2	2	0.0001575671630032	4.6146586566216875e-06	31.20012344177591	False	full_mhn
primary::APC+ARID1A+SOX9+TCF7L2+TGFBR2+TP53	1	7.878358150161507e-05	4.607898359126788e-06	15.62294873511427	False	full_mhn
metastatic::APC+BRAF+KRAS+TCF7L2	1	7.878358150161507e-05	4.421444802034792e-06	16.281772679668194	False	full_mhn
primary::APC+FBXW7+KRAS+PTEN+TCF7L2	2	0.0001575671630032	4.352704218456783e-06	33.077808788398976	False	full_mhn
metastatic::NRAS+SMAD4+TCF7L2+TP53	1	7.878358150161507e-05	4.27074054717912e-06	16.856317496373283	False	full_mhn
primary::APC+PTEN+RNF43	1	7.878358150161507e-05	4.206381424953222e-06	17.114225049331857	False	full_mhn
primary::ARID1A+BRAF+CTNNB1+PIK3CA+TCF7L2	1	7.878358150161507e-05	4.163072227546428e-06	17.292267401847155	False	full_mhn
primary::ARID1A+FBXW7+SOX9	2	0.0001575671630032	4.1616990587281765e-06	34.59594610294424	False	full_mhn
primary::ARID1A+CTNNB1+PTEN+SOX9+TGFBR2	1	7.878358150161507e-05	4.104774028557312e-06	17.537861384209737	False	full_mhn
metastatic::APC+ARID1A+BRAF+PTEN+TCF7L2+TP53	1	7.878358150161507e-05	4.102626530887032e-06	17.547041480667616	False	full_mhn
primary::PIK3CA+RNF43+TCF7L2	1	7.878358150161507e-05	4.072815504670039e-06	17.675477248154575	False	full_mhn
primary::APC+FBXW7+KRAS+PTEN+TCF7L2+TGFBR2	1	7.878358150161507e-05	4.054110590086745e-06	17.757028602822295	False	full_mhn
primary::APC+BRAF+KRAS+NRAS+SMAD4+TP53	1	7.878358150161507e-05	4.02783902797522e-06	17.872848714002252	False	full_mhn
primary::ARID1A+FBXW7+SOX9+TGFBR2	1	7.878358150161507e-05	4.009906658849465e-06	17.952776370131925	False	full_mhn
primary::APC+CTNNB1+FBXW7+KRAS+PTEN+SMAD4+TP53	1	7.878358150161507e-05	3.940176803103536e-06	18.270489064605304	False	full_mhn
primary::CTNNB1+FBXW7+PTEN+SOX9+TP53	1	7.878358150161507e-05	3.926118517125579e-06	18.335910343582416	False	full_mhn
primary::ARID1A+NRAS+TCF7L2+TP53	1	7.878358150161507e-05	3.9252863772056684e-06	18.33979745846053	False	full_mhn
primary::APC+ARID1A+CTNNB1+PIK3CA	1	7.878358150161507e-05	3.867711170277768e-06	18.612805786691638	False	full_mhn
primary::APC+ARID1A+BRAF+RNF43+SMAD4+SOX9+TCF7L2+TP53	1	7.878358150161507e-05	3.835059354334957e-06	18.771275759149663	False	full_mhn
primary::FBXW7+KRAS+PTEN+RNF43+SOX9	1	7.878358150161507e-05	3.8010287510929253e-06	18.939334911415635	False	full_mhn
metastatic::APC+BRAF+KRAS+PTEN+SMAD4	1	7.878358150161507e-05	3.769915028522588e-06	19.09564428479216	False	full_mhn
primary::APC+ARID1A+CTNNB1+FBXW7+KRAS+PIK3CA+PTEN+TP53	1	7.878358150161507e-05	3.7676990598215843e-06	19.106875367253274	False	full_mhn
primary::CTNNB1+KRAS+TCF7L2+TGFBR2+TP53	1	7.878358150161507e-05	3.746252750466298e-06	19.216257162303332	False	full_mhn
primary::ARID1A+FBXW7+KRAS+PTEN+RNF43	2	0.0001575671630032	3.5918510230836587e-06	40.084599811763034	False	full_mhn
primary::CTNNB1+KRAS+SMAD4+TCF7L2	1	7.878358150161507e-05	3.5644458552277063e-06	20.19639466881738	False	full_mhn
primary::APC+BRAF+CTNNB1+SOX9+TP53	1	7.878358150161507e-05	3.5560746559293194e-06	20.243938101871073	False	full_mhn
primary::ARID1A+KRAS+PIK3CA+RNF43+TCF7L2+TGFBR2	1	7.878358150161507e-05	3.519822352146862e-06	20.45243987039723	False	full_mhn
primary::CTNNB1+KRAS+PTEN+TCF7L2+TP53	1	7.878358150161507e-05	3.4922818529990625e-06	20.613729899450114	False	full_mhn
primary::PTEN+SMAD4+SOX9	1	7.878358150161507e-05	3.4497196195290156e-06	20.86805959203509	False	full_mhn
primary::BRAF+CTNNB1+FBXW7+PIK3CA+PTEN+RNF43+SOX9	1	7.878358150161507e-05	3.4040158709582947e-06	21.148242853431416	False	full_mhn
primary::ARID1A+SMAD4+SOX9+TP53	1	7.878358150161507e-05	3.40118499585742e-06	21.165844958754068	False	full_mhn
primary::BRAF+CTNNB1+PIK3CA+RNF43+SMAD4	1	7.878358150161507e-05	3.3914620639392255e-06	21.22652498552871	False	full_mhn
primary::APC+CTNNB1+FBXW7+PIK3CA+SMAD4+TP53	1	7.878358150161507e-05	3.3834932519422717e-06	21.27651773691619	False	full_mhn
primary::APC+ARID1A+BRAF+CTNNB1+FBXW7+KRAS+PIK3CA+RNF43	1	7.878358150161507e-05	3.3374115301932134e-06	21.570295794399758	False	full_mhn
unknown::FBXW7+PIK3CA+TP53	1	7.878358150161507e-05	3.207704884300705e-06	22.44251127153999	False	full_mhn
primary::APC+ARID1A+BRAF+CTNNB1+FBXW7+PIK3CA+PTEN+TGFBR2+TP53	1	7.878358150161507e-05	3.200215630951602e-06	22.495031982505946	False	full_mhn
metastatic::APC+RNF43+SMAD4	1	7.878358150161507e-05	3.0927873806992242e-06	23.276398706570507	False	full_mhn
primary::APC+ARID1A+RNF43+SMAD4	2	0.0001575671630032	3.043579201447314e-06	47.30545653435189	False	full_mhn
primary::APC+CTNNB1+SMAD4+SOX9	1	7.878358150161507e-05	3.0228175849958286e-06	23.815182234729797	False	full_mhn
primary::ARID1A+PTEN+RNF43+TGFBR2	2	0.0001575671630032	3.001094475823257e-06	47.9751317771335	False	full_mhn
primary::APC+CTNNB1+KRAS+PIK3CA+PTEN+RNF43+TCF7L2	1	7.878358150161507e-05	2.9674489464382706e-06	24.259541614378247	False	full_mhn
primary::APC+CTNNB1+FBXW7+KRAS+PIK3CA+PTEN+RNF43+SMAD4+TP53	1	7.878358150161507e-05	2.8048888149531847e-06	25.665527066490224	False	full_mhn
primary::APC+ARID1A+BRAF+PIK3CA+PTEN+RNF43	1	7.878358150161507e-05	2.7810496427246956e-06	25.885532020975184	False	full_mhn
primary::BRAF+FBXW7+KRAS+RNF43+TGFBR2+TP53	1	7.878358150161507e-05	2.700466760262073e-06	26.65796515830923	False	full_mhn
primary::APC+CTNNB1+FBXW7+KRAS+PIK3CA+TGFBR2	1	7.878358150161507e-05	2.69966234504846e-06	26.66590839789007	False	full_mhn
unknown::PIK3CA+SMAD4	2	0.0001575671630032	2.670901708084824e-06	53.90610091957246	False	full_mhn
primary::PIK3CA+RNF43+SMAD4+SOX9+TGFBR2	1	7.878358150161507e-05	2.6688512879369395e-06	26.97375789195595	False	full_mhn
primary::ARID1A+BRAF+PIK3CA+PTEN+RNF43+SMAD4+TGFBR2	1	7.878358150161507e-05	2.6402001308695666e-06	27.26647399037122	False	full_mhn
primary::APC+ARID1A+SOX9+TGFBR2	1	7.878358150161507e-05	2.6149537883633255e-06	27.529720890226525	False	full_mhn
metastatic::APC+ARID1A+BRAF+FBXW7+PTEN+TCF7L2	1	7.878358150161507e-05	2.5772501183427506e-06	27.932464536282666	False	full_mhn
primary::BRAF+FBXW7+KRAS+PTEN+SMAD4	1	7.878358150161507e-05	2.5767031947690743e-06	27.938393398181823	False	full_mhn
primary::ARID1A+CTNNB1+KRAS+PTEN+TCF7L2+TP53	1	7.878358150161507e-05	2.513463318790528e-06	28.6413357556015	False	full_mhn
metastatic::CTNNB1+PIK3CA+TCF7L2	1	7.878358150161507e-05	2.505560365628937e-06	28.731675245213285	False	full_mhn
primary::CTNNB1+PIK3CA+TCF7L2	1	7.878358150161507e-05	2.505560365628937e-06	28.731675245213285	False	full_mhn
primary::BRAF+FBXW7+KRAS+RNF43+SOX9	1	7.878358150161507e-05	2.4761629176097055e-06	29.072782683020527	False	full_mhn
primary::ARID1A+BRAF+FBXW7+KRAS	1	7.878358150161507e-05	2.431440795070597e-06	29.60752571176129	False	full_mhn
metastatic::ARID1A+CTNNB1+KRAS+SOX9	1	7.878358150161507e-05	2.420018351030536e-06	29.747272654471995	False	full_mhn
metastatic::PIK3CA+PTEN+RNF43	1	7.878358150161507e-05	2.384099613753158e-06	30.195443534941866	False	full_mhn
primary::APC+FBXW7+SMAD4+SOX9+TGFBR2+TP53	1	7.878358150161507e-05	2.3577370140039956e-06	30.533068151176582	False	full_mhn
primary::APC+ARID1A+PTEN+SOX9+TCF7L2+TP53	1	7.878358150161507e-05	2.3259764015803727e-06	30.949989202513834	False	full_mhn
primary::FBXW7+PIK3CA+PTEN+SMAD4	1	7.878358150161507e-05	2.2639406394911857e-06	31.798070324985513	False	full_mhn
metastatic::APC+ARID1A+BRAF+PTEN+RNF43+TCF7L2	1	7.878358150161507e-05	2.2478621917217948e-06	32.02551459951722	False	full_mhn
primary::ARID1A+CTNNB1+SOX9	1	7.878358150161507e-05	2.2163109135100633e-06	32.481427828536944	False	full_mhn
primary::BRAF+FBXW7+PIK3CA+SOX9+TGFBR2+TP53	1	7.878358150161507e-05	2.093594437751305e-06	34.385332603478474	False	full_mhn
primary::APC+BRAF+PIK3CA+PTEN+RNF43+TCF7L2+TGFBR2	1	7.878358150161507e-05	2.090495861558309e-06	34.4362992300985	False	full_mhn
primary::APC+ARID1A+FBXW7+PTEN+TGFBR2+TP53	1	7.878358150161507e-05	2.0738128764962597e-06	34.71332518317902	False	full_mhn
primary::APC+FBXW7+KRAS+NRAS+PIK3CA+PTEN	1	7.878358150161507e-05	2.0424936698818555e-06	35.245612400235935	False	full_mhn
primary::APC+FBXW7+PTEN+RNF43+SOX9+TGFBR2	1	7.878358150161507e-05	1.9675249836751076e-06	36.588576751467734	False	full_mhn
metastatic::APC+FBXW7+NRAS+PIK3CA+PTEN+SMAD4	1	7.878358150161507e-05	1.9043873755807402e-06	37.80162512399856	False	full_mhn
primary::APC+CTNNB1+KRAS+RNF43+SOX9	1	7.878358150161507e-05	1.892045981273761e-06	38.048196570541506	False	full_mhn
primary::ARID1A+CTNNB1+PTEN+TCF7L2+TGFBR2	1	7.878358150161507e-05	1.7844194199076145e-06	40.343057421373175	False	full_mhn
primary::APC+KRAS+NRAS+PTEN+SMAD4+TCF7L2	1	7.878358150161507e-05	1.6447366016571485e-06	43.76927686925351	False	full_mhn
metastatic::BRAF+CTNNB1+FBXW7+KRAS+NRAS+PIK3CA+PTEN+SMAD4+TP53	1	7.878358150161507e-05	1.5209521860064562e-06	47.33148667989189	False	full_mhn
primary::APC+FBXW7+KRAS+NRAS+SMAD4+TCF7L2	1	7.878358150161507e-05	1.51811389169578e-06	47.41997846012159	False	full_mhn
metastatic::APC+BRAF+CTNNB1	1	7.878358150161507e-05	1.5149153832471317e-06	47.52009831057454	False	full_mhn
primary::APC+ARID1A+BRAF+FBXW7+RNF43+SMAD4+SOX9+TP53	1	7.878358150161507e-05	1.4749978556760973e-06	48.80612292489273	False	full_mhn
unknown::APC+BRAF+SMAD4	1	7.878358150161507e-05	1.4665046281648647e-06	49.08878226010511	False	full_mhn
unknown::APC+KRAS+PTEN+RNF43+TP53	1	7.878358150161507e-05	1.4451366216951552e-06	49.814615842441505	False	full_mhn
primary::APC+ARID1A+BRAF+CTNNB1+RNF43+TCF7L2	1	7.878358150161507e-05	1.4334573551729242e-06	50.220486144168014	False	full_mhn
primary::CTNNB1+PIK3CA+PTEN+SOX9+TGFBR2	1	7.878358150161507e-05	1.361020223888598e-06	52.89335258014767	False	full_mhn
primary::APC+ARID1A+NRAS+TCF7L2	1	7.878358150161507e-05	1.2524282548226497e-06	57.4794745387816	False	full_mhn
metastatic::APC+BRAF+FBXW7+RNF43+SMAD4	1	7.878358150161507e-05	1.2472621172174416e-06	57.71755331369549	False	full_mhn
primary::APC+CTNNB1+FBXW7+PIK3CA+TCF7L2	1	7.878358150161507e-05	1.2249361047206423e-06	58.769527991905704	False	full_mhn
primary::ARID1A+FBXW7+NRAS+PIK3CA	1	7.878358150161507e-05	1.2114462438437034e-06	59.423945887891655	False	full_mhn
primary::APC+ARID1A+PTEN+RNF43+TCF7L2	1	7.878358150161507e-05	1.2020069816289405e-06	59.890596871616026	False	full_mhn
primary::APC+ARID1A+PIK3CA+PTEN+TCF7L2	3	0.0002363507445048	1.1990716379701382e-06	180.11162923221363	False	full_mhn
primary::APC+ARID1A+KRAS+PTEN+RNF43	1	7.878358150161507e-05	1.19115707883183e-06	60.43612241189967	False	full_mhn
primary::APC+ARID1A+FBXW7+KRAS+PTEN+RNF43+TCF7L2	1	7.878358150161507e-05	1.0724426718571073e-06	67.1261133366038	False	full_mhn
primary::ARID1A+BRAF+CTNNB1+KRAS	1	7.878358150161507e-05	1.0218809827600259e-06	70.44744567250999	False	full_mhn
primary::APC+FBXW7+PIK3CA+PTEN+TGFBR2	1	7.878358150161507e-05	1.0206672427511674e-06	70.53121910618138	False	full_mhn
primary::APC+ARID1A+PTEN+RNF43+SOX9+TP53	1	7.878358150161507e-05	9.863129518400338e-07	72.98789125906973	False	full_mhn
primary::APC+PIK3CA+TCF7L2+TGFBR2	1	7.878358150161507e-05	9.579857792688988e-07	75.14610537646784	False	full_mhn
primary::ARID1A+PTEN+RNF43+TGFBR2+TP53	1	7.878358150161507e-05	8.222597168311988e-07	87.55006044996587	False	full_mhn
primary::APC+BRAF+FBXW7+PIK3CA+TCF7L2	1	7.878358150161507e-05	8.20297091395134e-07	87.75953061376433	False	full_mhn
metastatic::KRAS+NRAS+PIK3CA+PTEN+SMAD4+TP53	1	7.878358150161507e-05	7.999136050099687e-07	89.9958258210657	False	full_mhn
primary::APC+FBXW7+PTEN+RNF43+TCF7L2	1	7.878358150161507e-05	7.798226051030161e-07	92.31443494800833	False	full_mhn
metastatic::APC+ARID1A+FBXW7+RNF43+SMAD4	1	7.878358150161507e-05	7.283785045354044e-07	98.8344331711005	False	full_mhn
metastatic::APC+BRAF+KRAS+NRAS+PIK3CA	1	7.878358150161507e-05	7.277286481718346e-07	98.92269147622439	False	full_mhn
metastatic::APC+BRAF+KRAS+PIK3CA+SOX9+TGFBR2	1	7.878358150161507e-05	6.579988622406248e-07	109.40576069281603	False	full_mhn
primary::ARID1A+BRAF+FBXW7+KRAS+PTEN+RNF43+TCF7L2	1	7.878358150161507e-05	6.579755051947513e-07	109.40964441108129	False	full_mhn
primary::FBXW7+PTEN+TGFBR2+TP53	1	7.878358150161507e-05	6.564357726415962e-07	109.66627474952341	False	full_mhn
primary::APC+ARID1A+BRAF+FBXW7+KRAS+SOX9+TP53	1	7.878358150161507e-05	6.553464479811969e-07	109.84856305760606	False	full_mhn
unknown::APC+KRAS+NRAS+SMAD4	1	7.878358150161507e-05	6.191768027114046e-07	116.26543320668326	False	full_mhn
metastatic::APC+CTNNB1+SMAD4+TGFBR2+TP53	1	7.878358150161507e-05	5.290867976032519e-07	136.06243763381258	False	full_mhn
primary::APC+PIK3CA+RNF43+SMAD4+TCF7L2	1	7.878358150161507e-05	4.929800842509743e-07	146.02786549829256	False	full_mhn
primary::BRAF+KRAS+NRAS+PIK3CA+PTEN+SMAD4+TP53	1	7.878358150161507e-05	4.919237901938237e-07	146.34142637096875	False	full_mhn
primary::ARID1A+CTNNB1+KRAS+NRAS+PIK3CA	1	7.878358150161507e-05	4.882337776816221e-07	147.4474551076485	False	full_mhn
metastatic::NRAS+PIK3CA+SMAD4+TGFBR2+TP53	1	7.878358150161507e-05	4.4411165838487055e-07	162.09620263022916	False	full_mhn
primary::PIK3CA+PTEN+RNF43+TGFBR2+TP53	1	7.878358150161507e-05	4.331715088171167e-07	166.19008362462148	False	full_mhn
primary::ARID1A+BRAF+KRAS+PIK3CA+RNF43+SOX9+TCF7L2+TGFBR2	1	7.878358150161507e-05	4.22004994587909e-07	170.58756602379862	False	full_mhn
primary::APC+ARID1A+BRAF+KRAS+PIK3CA+PTEN+RNF43+TCF7L2	1	7.878358150161507e-05	3.683639530359966e-07	195.4284056365399	False	full_mhn
metastatic::APC+PIK3CA+SMAD4+TGFBR2	1	7.878358150161507e-05	3.298440431861533e-07	218.25089371913222	False	full_mhn
primary::APC+ARID1A+BRAF+CTNNB1+KRAS+RNF43+TCF7L2	1	7.878358150161507e-05	3.168678877854195e-07	227.18852572535914	False	full_mhn
primary::ARID1A+BRAF+RNF43+SOX9+TCF7L2+TGFBR2+TP53	1	7.878358150161507e-05	2.8757363228125117e-07	250.3314527193682	False	full_mhn
primary::APC+ARID1A+BRAF+CTNNB1+KRAS+PIK3CA+SMAD4	1	7.878358150161507e-05	1.8483377270025526e-07	389.4774474116271	False	full_mhn
primary::APC+ARID1A+BRAF+CTNNB1+FBXW7+KRAS+PIK3CA+PTEN+RNF43+TP53	1	7.878358150161507e-05	1.7474415820339856e-07	411.9654942336687	False	full_mhn
primary::APC+BRAF+CTNNB1+KRAS+PTEN+SMAD4	1	7.878358150161507e-05	1.7015625981641807e-07	423.07319441951705	False	full_mhn
primary::APC+ARID1A+FBXW7+KRAS+PTEN+RNF43+TCF7L2+TP53	1	7.878358150161507e-05	1.376873395422617e-07	522.8400291813208	False	full_mhn
unknown::WT	819	0.0645237532498227	0.0	58958970905.1828	False	full_mhn
primary::WT	164	0.0129205073662648	0.0	11806191976.129343	False	full_mhn
metastatic::WT	126	0.0099267312692034	0.0	9070610908.489578	False	full_mhn
metastatic::APC+ARID1A+FBXW7+KRAS+PIK3CA+TCF7L2	2	0.0001575671630032	0.0	143977950.9283799	False	full_mhn
metastatic::APC+FBXW7+KRAS+NRAS+SMAD4+TP53	2	0.0001575671630032	0.0	143977950.9283799	False	full_mhn
metastatic::BRAF+FBXW7+KRAS+PIK3CA+PTEN+SMAD4+TP53	2	0.0001575671630032	0.0	143977950.9283799	False	full_mhn
metastatic::FBXW7+RNF43+SMAD4+SOX9	2	0.0001575671630032	0.0	143977950.9283799	False	full_mhn
primary::APC+ARID1A+BRAF+CTNNB1+FBXW7+PIK3CA+PTEN+SMAD4+TCF7L2+TP53	2	0.0001575671630032	0.0	143977950.9283799	False	full_mhn
primary::APC+ARID1A+BRAF+PTEN+RNF43+TCF7L2+TP53	2	0.0001575671630032	0.0	143977950.9283799	False	full_mhn
primary::APC+ARID1A+FBXW7+PIK3CA+RNF43+SMAD4+TCF7L2+TGFBR2+TP53	2	0.0001575671630032	0.0	143977950.9283799	False	full_mhn
primary::APC+FBXW7+RNF43+SOX9+TGFBR2	2	0.0001575671630032	0.0	143977950.9283799	False	full_mhn
primary::APC+KRAS+RNF43+SMAD4+SOX9+TGFBR2	2	0.0001575671630032	0.0	143977950.9283799	False	full_mhn
primary::ARID1A+BRAF+FBXW7+TCF7L2+TGFBR2	2	0.0001575671630032	0.0	143977950.9283799	False	full_mhn
primary::ARID1A+BRAF+KRAS+RNF43+TCF7L2+TGFBR2	2	0.0001575671630032	0.0	143977950.9283799	False	full_mhn
primary::ARID1A+PIK3CA+PTEN+RNF43	2	0.0001575671630032	0.0	143977950.9283799	False	full_mhn
primary::ARID1A+PTEN+TCF7L2	2	0.0001575671630032	0.0	143977950.9283799	False	full_mhn
metastatic::APC+ARID1A+BRAF+CTNNB1+FBXW7+KRAS+PIK3CA+PTEN+RNF43+SMAD4+SOX9+TCF7L2+TGFBR2+TP53	1	7.878358150161507e-05	0.0	71988975.46420372	False	full_mhn
metastatic::APC+ARID1A+BRAF+CTNNB1+FBXW7+KRAS+RNF43+SMAD4+TCF7L2+TP53	1	7.878358150161507e-05	0.0	71988975.46420372	False	full_mhn
metastatic::APC+ARID1A+BRAF+CTNNB1+PTEN+RNF43+SOX9+TCF7L2+TP53	1	7.878358150161507e-05	0.0	71988975.46420372	False	full_mhn
metastatic::APC+ARID1A+BRAF+CTNNB1+PTEN+SOX9+TCF7L2	1	7.878358150161507e-05	0.0	71988975.46420372	False	full_mhn
metastatic::APC+ARID1A+BRAF+FBXW7+KRAS+SOX9+TCF7L2	1	7.878358150161507e-05	0.0	71988975.46420372	False	full_mhn
metastatic::APC+ARID1A+BRAF+FBXW7+KRAS+TCF7L2+TGFBR2	1	7.878358150161507e-05	0.0	71988975.46420372	False	full_mhn
metastatic::APC+ARID1A+BRAF+FBXW7+PTEN+RNF43	1	7.878358150161507e-05	0.0	71988975.46420372	False	full_mhn
metastatic::APC+ARID1A+BRAF+FBXW7+RNF43+SMAD4+SOX9	1	7.878358150161507e-05	0.0	71988975.46420372	False	full_mhn
metastatic::APC+ARID1A+BRAF+FBXW7+RNF43+SMAD4+TGFBR2+TP53	1	7.878358150161507e-05	0.0	71988975.46420372	False	full_mhn
metastatic::APC+ARID1A+BRAF+FBXW7+TCF7L2	1	7.878358150161507e-05	0.0	71988975.46420372	False	full_mhn
metastatic::APC+ARID1A+BRAF+PIK3CA+PTEN+RNF43+SMAD4+TP53	1	7.878358150161507e-05	0.0	71988975.46420372	False	full_mhn
metastatic::APC+ARID1A+BRAF+PIK3CA+PTEN+RNF43+TGFBR2	1	7.878358150161507e-05	0.0	71988975.46420372	False	full_mhn
metastatic::APC+ARID1A+BRAF+PIK3CA+TCF7L2+TGFBR2	1	7.878358150161507e-05	0.0	71988975.46420372	False	full_mhn
metastatic::APC+ARID1A+BRAF+PTEN+SOX9	1	7.878358150161507e-05	0.0	71988975.46420372	False	full_mhn
metastatic::APC+ARID1A+BRAF+PTEN+TGFBR2+TP53	1	7.878358150161507e-05	0.0	71988975.46420372	False	full_mhn
metastatic::APC+ARID1A+BRAF+RNF43+TCF7L2+TGFBR2+TP53	1	7.878358150161507e-05	0.0	71988975.46420372	False	full_mhn
metastatic::APC+ARID1A+CTNNB1+FBXW7+KRAS+PTEN+RNF43+SOX9	1	7.878358150161507e-05	0.0	71988975.46420372	False	full_mhn
metastatic::APC+ARID1A+CTNNB1+FBXW7+NRAS+PIK3CA+PTEN+SMAD4+SOX9+TCF7L2	1	7.878358150161507e-05	0.0	71988975.46420372	False	full_mhn
metastatic::APC+ARID1A+CTNNB1+FBXW7+PIK3CA+RNF43+SOX9	1	7.878358150161507e-05	0.0	71988975.46420372	False	full_mhn
metastatic::APC+ARID1A+CTNNB1+FBXW7+PIK3CA+RNF43+SOX9+TCF7L2+TP53	1	7.878358150161507e-05	0.0	71988975.46420372	False	full_mhn
metastatic::APC+ARID1A+CTNNB1+KRAS+PTEN+TGFBR2+TP53	1	7.878358150161507e-05	0.0	71988975.46420372	False	full_mhn
metastatic::APC+ARID1A+CTNNB1+KRAS+RNF43+SMAD4+SOX9+TGFBR2+TP53	1	7.878358150161507e-05	0.0	71988975.46420372	False	full_mhn
metastatic::APC+ARID1A+CTNNB1+KRAS+RNF43+TCF7L2	1	7.878358150161507e-05	0.0	71988975.46420372	False	full_mhn
metastatic::APC+ARID1A+CTNNB1+NRAS+PIK3CA+SOX9+TCF7L2	1	7.878358150161507e-05	0.0	71988975.46420372	False	full_mhn
metastatic::APC+ARID1A+CTNNB1+PIK3CA+PTEN+TCF7L2	1	7.878358150161507e-05	0.0	71988975.46420372	False	full_mhn
metastatic::APC+ARID1A+CTNNB1+PTEN+TCF7L2+TGFBR2	1	7.878358150161507e-05	0.0	71988975.46420372	False	full_mhn
metastatic::APC+ARID1A+CTNNB1+RNF43+SOX9	1	7.878358150161507e-05	0.0	71988975.46420372	False	full_mhn
metastatic::APC+ARID1A+FBXW7+KRAS+PIK3CA+PTEN+SMAD4	1	7.878358150161507e-05	0.0	71988975.46420372	False	full_mhn
metastatic::APC+ARID1A+FBXW7+KRAS+RNF43+SMAD4+SOX9	1	7.878358150161507e-05	0.0	71988975.46420372	False	full_mhn
metastatic::APC+ARID1A+FBXW7+NRAS+PIK3CA+RNF43+SOX9+TCF7L2+TGFBR2+TP53	1	7.878358150161507e-05	0.0	71988975.46420372	False	full_mhn
metastatic::APC+ARID1A+FBXW7+PIK3CA+SOX9	1	7.878358150161507e-05	0.0	71988975.46420372	False	full_mhn
metastatic::APC+ARID1A+FBXW7+RNF43	1	7.878358150161507e-05	0.0	71988975.46420372	False	full_mhn
metastatic::APC+ARID1A+KRAS+NRAS+RNF43+TP53	1	7.878358150161507e-05	0.0	71988975.46420372	False	full_mhn
metastatic::APC+ARID1A+KRAS+PIK3CA+PTEN+RNF43+TP53	1	7.878358150161507e-05	0.0	71988975.46420372	False	full_mhn
metastatic::APC+ARID1A+KRAS+PIK3CA+RNF43+SOX9+TP53	1	7.878358150161507e-05	0.0	71988975.46420372	False	full_mhn
metastatic::APC+ARID1A+KRAS+PIK3CA+TCF7L2+TGFBR2+TP53	1	7.878358150161507e-05	0.0	71988975.46420372	False	full_mhn
metastatic::APC+ARID1A+KRAS+TCF7L2+TGFBR2	1	7.878358150161507e-05	0.0	71988975.46420372	False	full_mhn
metastatic::APC+ARID1A+NRAS+PIK3CA+RNF43+SOX9	1	7.878358150161507e-05	0.0	71988975.46420372	False	full_mhn
metastatic::APC+ARID1A+PIK3CA+RNF43+TCF7L2+TGFBR2	1	7.878358150161507e-05	0.0	71988975.46420372	False	full_mhn
metastatic::APC+BRAF+CTNNB1+FBXW7+PIK3CA+RNF43+SOX9+TP53	1	7.878358150161507e-05	0.0	71988975.46420372	False	full_mhn
metastatic::APC+BRAF+CTNNB1+FBXW7+PIK3CA+RNF43+TCF7L2+TGFBR2	1	7.878358150161507e-05	0.0	71988975.46420372	False	full_mhn
metastatic::APC+BRAF+CTNNB1+FBXW7+PTEN+SOX9+TP53	1	7.878358150161507e-05	0.0	71988975.46420372	False	full_mhn
metastatic::APC+BRAF+FBXW7+KRAS+PIK3CA+PTEN	1	7.878358150161507e-05	0.0	71988975.46420372	False	full_mhn
metastatic::APC+BRAF+FBXW7+PIK3CA+SMAD4	1	7.878358150161507e-05	0.0	71988975.46420372	False	full_mhn
metastatic::APC+BRAF+FBXW7+RNF43	1	7.878358150161507e-05	0.0	71988975.46420372	False	full_mhn
metastatic::APC+BRAF+NRAS+RNF43+TGFBR2+TP53	1	7.878358150161507e-05	0.0	71988975.46420372	False	full_mhn
metastatic::APC+BRAF+PIK3CA+PTEN+SOX9+TGFBR2	1	7.878358150161507e-05	0.0	71988975.46420372	False	full_mhn
metastatic::APC+BRAF+SOX9+TGFBR2	1	7.878358150161507e-05	0.0	71988975.46420372	False	full_mhn
metastatic::APC+CTNNB1+KRAS+PTEN+RNF43+TCF7L2	1	7.878358150161507e-05	0.0	71988975.46420372	False	full_mhn
metastatic::APC+FBXW7+KRAS+RNF43+SMAD4+TCF7L2	1	7.878358150161507e-05	0.0	71988975.46420372	False	full_mhn
metastatic::APC+FBXW7+KRAS+RNF43+SOX9+TCF7L2	1	7.878358150161507e-05	0.0	71988975.46420372	False	full_mhn
metastatic::APC+FBXW7+NRAS+PIK3CA+SMAD4	1	7.878358150161507e-05	0.0	71988975.46420372	False	full_mhn
metastatic::APC+FBXW7+RNF43+TCF7L2	1	7.878358150161507e-05	0.0	71988975.46420372	False	full_mhn
metastatic::ARID1A+BRAF+FBXW7+KRAS+PIK3CA+PTEN+RNF43+TCF7L2+TGFBR2	1	7.878358150161507e-05	0.0	71988975.46420372	False	full_mhn
metastatic::ARID1A+BRAF+FBXW7+PTEN+RNF43+TP53	1	7.878358150161507e-05	0.0	71988975.46420372	False	full_mhn
metastatic::ARID1A+BRAF+NRAS+PIK3CA+RNF43+SOX9+TGFBR2+TP53	1	7.878358150161507e-05	0.0	71988975.46420372	False	full_mhn
metastatic::ARID1A+BRAF+NRAS+PIK3CA+SMAD4	1	7.878358150161507e-05	0.0	71988975.46420372	False	full_mhn
metastatic::ARID1A+BRAF+PTEN+RNF43+TGFBR2	1	7.878358150161507e-05	0.0	71988975.46420372	False	full_mhn
metastatic::ARID1A+BRAF+PTEN+SMAD4+SOX9	1	7.878358150161507e-05	0.0	71988975.46420372	False	full_mhn
metastatic::ARID1A+CTNNB1+FBXW7+PTEN+RNF43+SOX9	1	7.878358150161507e-05	0.0	71988975.46420372	False	full_mhn
metastatic::ARID1A+CTNNB1+KRAS+PTEN+SMAD4+TCF7L2	1	7.878358150161507e-05	0.0	71988975.46420372	False	full_mhn
metastatic::ARID1A+CTNNB1+PIK3CA+RNF43	1	7.878358150161507e-05	0.0	71988975.46420372	False	full_mhn
metastatic::ARID1A+FBXW7+KRAS+PTEN+RNF43+SMAD4	1	7.878358150161507e-05	0.0	71988975.46420372	False	full_mhn
metastatic::ARID1A+FBXW7+PIK3CA+RNF43+TP53	1	7.878358150161507e-05	0.0	71988975.46420372	False	full_mhn
metastatic::ARID1A+KRAS+PIK3CA+RNF43+SOX9+TCF7L2+TGFBR2+TP53	1	7.878358150161507e-05	0.0	71988975.46420372	False	full_mhn
metastatic::ARID1A+KRAS+PIK3CA+SOX9+TGFBR2	1	7.878358150161507e-05	0.0	71988975.46420372	False	full_mhn
metastatic::ARID1A+PIK3CA+RNF43+TGFBR2	1	7.878358150161507e-05	0.0	71988975.46420372	False	full_mhn
metastatic::ARID1A+RNF43+SMAD4+TGFBR2+TP53	1	7.878358150161507e-05	0.0	71988975.46420372	False	full_mhn
metastatic::ARID1A+RNF43+SOX9	1	7.878358150161507e-05	0.0	71988975.46420372	False	full_mhn
metastatic::ARID1A+RNF43+TCF7L2	1	7.878358150161507e-05	0.0	71988975.46420372	False	full_mhn
metastatic::ARID1A+SMAD4+SOX9	1	7.878358150161507e-05	0.0	71988975.46420372	False	full_mhn
metastatic::BRAF+CTNNB1+KRAS+PIK3CA+TGFBR2+TP53	1	7.878358150161507e-05	0.0	71988975.46420372	False	full_mhn
metastatic::BRAF+CTNNB1+NRAS+PIK3CA+RNF43+TCF7L2	1	7.878358150161507e-05	0.0	71988975.46420372	False	full_mhn
metastatic::BRAF+FBXW7+PIK3CA+SMAD4+SOX9	1	7.878358150161507e-05	0.0	71988975.46420372	False	full_mhn
metastatic::BRAF+FBXW7+RNF43+SMAD4+TGFBR2+TP53	1	7.878358150161507e-05	0.0	71988975.46420372	False	full_mhn
metastatic::BRAF+PIK3CA+RNF43+SOX9+TP53	1	7.878358150161507e-05	0.0	71988975.46420372	False	full_mhn
metastatic::BRAF+PIK3CA+RNF43+TGFBR2	1	7.878358150161507e-05	0.0	71988975.46420372	False	full_mhn
metastatic::CTNNB1+FBXW7+KRAS+PIK3CA+PTEN+TP53	1	7.878358150161507e-05	0.0	71988975.46420372	False	full_mhn
metastatic::CTNNB1+FBXW7+KRAS+PIK3CA+SOX9	1	7.878358150161507e-05	0.0	71988975.46420372	False	full_mhn
metastatic::CTNNB1+FBXW7+PTEN	1	7.878358150161507e-05	0.0	71988975.46420372	False	full_mhn
metastatic::FBXW7+KRAS+RNF43+TGFBR2	1	7.878358150161507e-05	0.0	71988975.46420372	False	full_mhn
metastatic::KRAS+RNF43+SOX9+TGFBR2+TP53	1	7.878358150161507e-05	0.0	71988975.46420372	False	full_mhn
metastatic::NRAS+PTEN+SOX9	1	7.878358150161507e-05	0.0	71988975.46420372	False	full_mhn
primary::APC+ARID1A+BRAF+CTNNB1+FBXW7+KRAS+PIK3CA+PTEN+RNF43+SMAD4+TCF7L2	1	7.878358150161507e-05	0.0	71988975.46420372	False	full_mhn
primary::APC+ARID1A+BRAF+CTNNB1+FBXW7+KRAS+PIK3CA+PTEN+SMAD4	1	7.878358150161507e-05	0.0	71988975.46420372	False	full_mhn
primary::APC+ARID1A+BRAF+CTNNB1+FBXW7+KRAS+PIK3CA+SMAD4+TGFBR2+TP53	1	7.878358150161507e-05	0.0	71988975.46420372	False	full_mhn
primary::APC+ARID1A+BRAF+CTNNB1+FBXW7+NRAS+PIK3CA+PTEN+SMAD4+TCF7L2	1	7.878358150161507e-05	0.0	71988975.46420372	False	full_mhn
primary::APC+ARID1A+BRAF+CTNNB1+FBXW7+NRAS+PIK3CA+PTEN+SMAD4+TGFBR2+TP53	1	7.878358150161507e-05	0.0	71988975.46420372	False	full_mhn
primary::APC+ARID1A+BRAF+CTNNB1+FBXW7+PIK3CA+PTEN	1	7.878358150161507e-05	0.0	71988975.46420372	False	full_mhn
primary::APC+ARID1A+BRAF+CTNNB1+FBXW7+PIK3CA+PTEN+RNF43+SMAD4+SOX9+TCF7L2+TGFBR2+TP53	1	7.878358150161507e-05	0.0	71988975.46420372	False	full_mhn
primary::APC+ARID1A+BRAF+CTNNB1+FBXW7+PIK3CA+RNF43+SMAD4+TCF7L2+TP53	1	7.878358150161507e-05	0.0	71988975.46420372	False	full_mhn
primary::APC+ARID1A+BRAF+CTNNB1+FBXW7+PIK3CA+RNF43+SOX9+TCF7L2	1	7.878358150161507e-05	0.0	71988975.46420372	False	full_mhn
primary::APC+ARID1A+BRAF+CTNNB1+KRAS+PIK3CA+PTEN+SMAD4+TCF7L2+TGFBR2+TP53	1	7.878358150161507e-05	0.0	71988975.46420372	False	full_mhn
primary::APC+ARID1A+BRAF+CTNNB1+KRAS+PIK3CA+RNF43+SMAD4+SOX9+TGFBR2	1	7.878358150161507e-05	0.0	71988975.46420372	False	full_mhn
primary::APC+ARID1A+BRAF+CTNNB1+KRAS+RNF43+TGFBR2	1	7.878358150161507e-05	0.0	71988975.46420372	False	full_mhn
primary::APC+ARID1A+BRAF+CTNNB1+RNF43+SMAD4+SOX9	1	7.878358150161507e-05	0.0	71988975.46420372	False	full_mhn
primary::APC+ARID1A+BRAF+CTNNB1+RNF43+SMAD4+TP53	1	7.878358150161507e-05	0.0	71988975.46420372	False	full_mhn
primary::APC+ARID1A+BRAF+CTNNB1+TCF7L2+TP53	1	7.878358150161507e-05	0.0	71988975.46420372	False	full_mhn
primary::APC+ARID1A+BRAF+FBXW7+KRAS+NRAS+PIK3CA+PTEN+TGFBR2	1	7.878358150161507e-05	0.0	71988975.46420372	False	full_mhn
primary::APC+ARID1A+BRAF+FBXW7+KRAS+PIK3CA+RNF43	1	7.878358150161507e-05	0.0	71988975.46420372	False	full_mhn
primary::APC+ARID1A+BRAF+FBXW7+KRAS+PIK3CA+RNF43+TCF7L2+TGFBR2+TP53	1	7.878358150161507e-05	0.0	71988975.46420372	False	full_mhn
primary::APC+ARID1A+BRAF+FBXW7+PIK3CA+PTEN+RNF43+SOX9+TCF7L2+TP53	1	7.878358150161507e-05	0.0	71988975.46420372	False	full_mhn
primary::APC+ARID1A+BRAF+FBXW7+PIK3CA+PTEN+SOX9+TGFBR2	1	7.878358150161507e-05	0.0	71988975.46420372	False	full_mhn
primary::APC+ARID1A+BRAF+FBXW7+PIK3CA+RNF43+SMAD4+SOX9+TGFBR2+TP53	1	7.878358150161507e-05	0.0	71988975.46420372	False	full_mhn
primary::APC+ARID1A+BRAF+KRAS+PIK3CA+PTEN+TP53	1	7.878358150161507e-05	0.0	71988975.46420372	False	full_mhn
primary::APC+ARID1A+BRAF+KRAS+RNF43+SMAD4+TCF7L2+TP53	1	7.878358150161507e-05	0.0	71988975.46420372	False	full_mhn
primary::APC+ARID1A+BRAF+NRAS+PIK3CA+RNF43+TCF7L2	1	7.878358150161507e-05	0.0	71988975.46420372	False	full_mhn
primary::APC+ARID1A+BRAF+NRAS+RNF43+TGFBR2	1	7.878358150161507e-05	0.0	71988975.46420372	False	full_mhn
primary::APC+ARID1A+BRAF+PIK3CA+TCF7L2+TGFBR2	1	7.878358150161507e-05	0.0	71988975.46420372	False	full_mhn
primary::APC+ARID1A+BRAF+PTEN+RNF43+SMAD4+TP53	1	7.878358150161507e-05	0.0	71988975.46420372	False	full_mhn
primary::APC+ARID1A+BRAF+PTEN+SMAD4+TCF7L2	1	7.878358150161507e-05	0.0	71988975.46420372	False	full_mhn
primary::APC+ARID1A+CTNNB1+FBXW7+KRAS+NRAS+PIK3CA+PTEN+RNF43+SMAD4	1	7.878358150161507e-05	0.0	71988975.46420372	False	full_mhn
primary::APC+ARID1A+CTNNB1+FBXW7+KRAS+NRAS+PIK3CA+RNF43+SMAD4+TCF7L2+TP53	1	7.878358150161507e-05	0.0	71988975.46420372	False	full_mhn
primary::APC+ARID1A+CTNNB1+FBXW7+KRAS+PIK3CA+PTEN+SMAD4+TCF7L2+TP53	1	7.878358150161507e-05	0.0	71988975.46420372	False	full_mhn
primary::APC+ARID1A+CTNNB1+FBXW7+KRAS+PIK3CA+RNF43+TCF7L2+TP53	1	7.878358150161507e-05	0.0	71988975.46420372	False	full_mhn
primary::APC+ARID1A+CTNNB1+FBXW7+KRAS+PIK3CA+SOX9+TCF7L2	1	7.878358150161507e-05	0.0	71988975.46420372	False	full_mhn
primary::APC+ARID1A+CTNNB1+FBXW7+KRAS+PTEN+SOX9+TCF7L2+TGFBR2	1	7.878358150161507e-05	0.0	71988975.46420372	False	full_mhn
primary::APC+ARID1A+CTNNB1+FBXW7+KRAS+PTEN+TCF7L2+TP53	1	7.878358150161507e-05	0.0	71988975.46420372	False	full_mhn
primary::APC+ARID1A+CTNNB1+FBXW7+KRAS+RNF43+SOX9+TCF7L2+TP53	1	7.878358150161507e-05	0.0	71988975.46420372	False	full_mhn
primary::APC+ARID1A+CTNNB1+FBXW7+NRAS+PIK3CA+SMAD4+TCF7L2+TP53	1	7.878358150161507e-05	0.0	71988975.46420372	False	full_mhn
primary::APC+ARID1A+CTNNB1+FBXW7+PIK3CA+PTEN+RNF43+TP53	1	7.878358150161507e-05	0.0	71988975.46420372	False	full_mhn
primary::APC+ARID1A+CTNNB1+FBXW7+PIK3CA+PTEN+SMAD4	1	7.878358150161507e-05	0.0	71988975.46420372	False	full_mhn
primary::APC+ARID1A+CTNNB1+FBXW7+PIK3CA+RNF43+TCF7L2+TGFBR2	1	7.878358150161507e-05	0.0	71988975.46420372	False	full_mhn
primary::APC+ARID1A+CTNNB1+FBXW7+PTEN+RNF43+TCF7L2+TP53	1	7.878358150161507e-05	0.0	71988975.46420372	False	full_mhn
primary::APC+ARID1A+CTNNB1+FBXW7+PTEN+SOX9+TGFBR2+TP53	1	7.878358150161507e-05	0.0	71988975.46420372	False	full_mhn
primary::APC+ARID1A+CTNNB1+FBXW7+RNF43+SMAD4+TGFBR2	1	7.878358150161507e-05	0.0	71988975.46420372	False	full_mhn
primary::APC+ARID1A+CTNNB1+KRAS+PIK3CA+PTEN+RNF43+SMAD4	1	7.878358150161507e-05	0.0	71988975.46420372	False	full_mhn
primary::APC+ARID1A+CTNNB1+KRAS+PTEN+RNF43+TCF7L2	1	7.878358150161507e-05	0.0	71988975.46420372	False	full_mhn
primary::APC+ARID1A+CTNNB1+NRAS+PIK3CA+RNF43+TCF7L2+TGFBR2+TP53	1	7.878358150161507e-05	0.0	71988975.46420372	False	full_mhn
primary::APC+ARID1A+CTNNB1+NRAS+PTEN+RNF43+SMAD4+TGFBR2	1	7.878358150161507e-05	0.0	71988975.46420372	False	full_mhn
primary::APC+ARID1A+CTNNB1+NRAS+PTEN+RNF43+TP53	1	7.878358150161507e-05	0.0	71988975.46420372	False	full_mhn
primary::APC+ARID1A+CTNNB1+PIK3CA+PTEN+RNF43+TCF7L2+TGFBR2	1	7.878358150161507e-05	0.0	71988975.46420372	False	full_mhn
primary::APC+ARID1A+CTNNB1+PIK3CA+PTEN+SMAD4+TCF7L2	1	7.878358150161507e-05	0.0	71988975.46420372	False	full_mhn
primary::APC+ARID1A+CTNNB1+PIK3CA+PTEN+TCF7L2+TP53	1	7.878358150161507e-05	0.0	71988975.46420372	False	full_mhn
primary::APC+ARID1A+CTNNB1+RNF43+SMAD4+TCF7L2+TGFBR2	1	7.878358150161507e-05	0.0	71988975.46420372	False	full_mhn
primary::APC+ARID1A+FBXW7+KRAS+PIK3CA+PTEN+RNF43+TGFBR2	1	7.878358150161507e-05	0.0	71988975.46420372	False	full_mhn
primary::APC+ARID1A+FBXW7+NRAS+SOX9+TCF7L2+TGFBR2+TP53	1	7.878358150161507e-05	0.0	71988975.46420372	False	full_mhn
primary::APC+ARID1A+FBXW7+PTEN+TCF7L2	1	7.878358150161507e-05	0.0	71988975.46420372	False	full_mhn
primary::APC+ARID1A+FBXW7+RNF43+TCF7L2+TGFBR2+TP53	1	7.878358150161507e-05	0.0	71988975.46420372	False	full_mhn
primary::APC+ARID1A+FBXW7+SMAD4+TCF7L2+TP53	1	7.878358150161507e-05	0.0	71988975.46420372	False	full_mhn
primary::APC+ARID1A+FBXW7+SOX9+TGFBR2+TP53	1	7.878358150161507e-05	0.0	71988975.46420372	False	full_mhn
primary::APC+ARID1A+KRAS+NRAS+PTEN+RNF43+SOX9+TCF7L2+TP53	1	7.878358150161507e-05	0.0	71988975.46420372	False	full_mhn
primary::APC+ARID1A+KRAS+PIK3CA+RNF43+SOX9+TCF7L2+TP53	1	7.878358150161507e-05	0.0	71988975.46420372	False	full_mhn
primary::APC+ARID1A+KRAS+PTEN+SOX9+TCF7L2+TGFBR2+TP53	1	7.878358150161507e-05	0.0	71988975.46420372	False	full_mhn
primary::APC+ARID1A+PIK3CA+PTEN+RNF43+SMAD4+SOX9+TCF7L2	1	7.878358150161507e-05	0.0	71988975.46420372	False	full_mhn
primary::APC+ARID1A+PIK3CA+PTEN+RNF43+SOX9+TGFBR2+TP53	1	7.878358150161507e-05	0.0	71988975.46420372	False	full_mhn
primary::APC+ARID1A+PIK3CA+PTEN+SMAD4+TGFBR2	1	7.878358150161507e-05	0.0	71988975.46420372	False	full_mhn
primary::APC+ARID1A+PIK3CA+RNF43+SOX9+TCF7L2	1	7.878358150161507e-05	0.0	71988975.46420372	False	full_mhn
primary::APC+ARID1A+RNF43+SMAD4+SOX9+TCF7L2	1	7.878358150161507e-05	0.0	71988975.46420372	False	full_mhn
primary::APC+ARID1A+RNF43+SOX9+TGFBR2+TP53	1	7.878358150161507e-05	0.0	71988975.46420372	False	full_mhn
primary::APC+ARID1A+SMAD4+SOX9+TCF7L2+TGFBR2	1	7.878358150161507e-05	0.0	71988975.46420372	False	full_mhn
primary::APC+BRAF+CTNNB1+FBXW7+NRAS+RNF43	1	7.878358150161507e-05	0.0	71988975.46420372	False	full_mhn
primary::APC+BRAF+CTNNB1+FBXW7+PIK3CA+RNF43+SMAD4+TGFBR2+TP53	1	7.878358150161507e-05	0.0	71988975.46420372	False	full_mhn
primary::APC+BRAF+CTNNB1+FBXW7+PTEN+SOX9	1	7.878358150161507e-05	0.0	71988975.46420372	False	full_mhn
primary::APC+BRAF+CTNNB1+KRAS+PTEN+RNF43	1	7.878358150161507e-05	0.0	71988975.46420372	False	full_mhn
primary::APC+BRAF+CTNNB1+KRAS+RNF43+TP53	1	7.878358150161507e-05	0.0	71988975.46420372	False	full_mhn
primary::APC+BRAF+CTNNB1+PIK3CA+PTEN+SMAD4+SOX9	1	7.878358150161507e-05	0.0	71988975.46420372	False	full_mhn
primary::APC+BRAF+CTNNB1+PIK3CA+RNF43+SOX9	1	7.878358150161507e-05	0.0	71988975.46420372	False	full_mhn
primary::APC+BRAF+CTNNB1+PIK3CA+RNF43+SOX9+TCF7L2+TP53	1	7.878358150161507e-05	0.0	71988975.46420372	False	full_mhn
primary::APC+BRAF+CTNNB1+RNF43+SOX9+TCF7L2	1	7.878358150161507e-05	0.0	71988975.46420372	False	full_mhn
primary::APC+BRAF+CTNNB1+RNF43+TCF7L2+TP53	1	7.878358150161507e-05	0.0	71988975.46420372	False	full_mhn
primary::APC+BRAF+FBXW7+KRAS+NRAS+PIK3CA+SOX9+TP53	1	7.878358150161507e-05	0.0	71988975.46420372	False	full_mhn
primary::APC+BRAF+FBXW7+KRAS+PIK3CA+PTEN+RNF43+TCF7L2+TP53	1	7.878358150161507e-05	0.0	71988975.46420372	False	full_mhn
primary::APC+BRAF+FBXW7+PIK3CA+PTEN+RNF43+SMAD4+SOX9+TP53	1	7.878358150161507e-05	0.0	71988975.46420372	False	full_mhn
primary::APC+BRAF+FBXW7+PIK3CA+PTEN+TCF7L2+TGFBR2	1	7.878358150161507e-05	0.0	71988975.46420372	False	full_mhn
primary::APC+BRAF+FBXW7+PIK3CA+RNF43+SMAD4+SOX9+TCF7L2	1	7.878358150161507e-05	0.0	71988975.46420372	False	full_mhn
primary::APC+BRAF+FBXW7+PTEN+SMAD4+SOX9	1	7.878358150161507e-05	0.0	71988975.46420372	False	full_mhn
primary::APC+BRAF+FBXW7+PTEN+TCF7L2	1	7.878358150161507e-05	0.0	71988975.46420372	False	full_mhn
primary::APC+BRAF+KRAS+NRAS+PTEN+SMAD4+SOX9	1	7.878358150161507e-05	0.0	71988975.46420372	False	full_mhn
primary::APC+BRAF+KRAS+NRAS+PTEN+TGFBR2	1	7.878358150161507e-05	0.0	71988975.46420372	False	full_mhn
primary::APC+BRAF+PIK3CA+PTEN+RNF43+SOX9	1	7.878358150161507e-05	0.0	71988975.46420372	False	full_mhn
primary::APC+BRAF+PTEN+RNF43+SMAD4+TCF7L2+TGFBR2	1	7.878358150161507e-05	0.0	71988975.46420372	False	full_mhn
primary::APC+BRAF+PTEN+SOX9+TGFBR2	1	7.878358150161507e-05	0.0	71988975.46420372	False	full_mhn
primary::APC+BRAF+RNF43+SOX9+TCF7L2+TGFBR2	1	7.878358150161507e-05	0.0	71988975.46420372	False	full_mhn
primary::APC+CTNNB1+FBXW7+KRAS+NRAS+PIK3CA+PTEN+RNF43+SOX9+TCF7L2+TGFBR2	1	7.878358150161507e-05	0.0	71988975.46420372	False	full_mhn
primary::APC+CTNNB1+FBXW7+KRAS+PIK3CA+PTEN+RNF43+SOX9+TCF7L2	1	7.878358150161507e-05	0.0	71988975.46420372	False	full_mhn
primary::APC+CTNNB1+FBXW7+KRAS+PIK3CA+PTEN+SMAD4+TCF7L2+TGFBR2+TP53	1	7.878358150161507e-05	0.0	71988975.46420372	False	full_mhn
primary::APC+CTNNB1+FBXW7+PIK3CA+PTEN+SOX9+TGFBR2	1	7.878358150161507e-05	0.0	71988975.46420372	False	full_mhn
primary::APC+CTNNB1+FBXW7+PIK3CA+TCF7L2+TGFBR2+TP53	1	7.878358150161507e-05	0.0	71988975.46420372	False	full_mhn
primary::APC+CTNNB1+KRAS+NRAS+PIK3CA+PTEN+SMAD4+TCF7L2+TGFBR2+TP53	1	7.878358150161507e-05	0.0	71988975.46420372	False	full_mhn
primary::APC+CTNNB1+KRAS+PIK3CA+PTEN+RNF43+TGFBR2	1	7.878358150161507e-05	0.0	71988975.46420372	False	full_mhn
primary::APC+CTNNB1+KRAS+PTEN+TGFBR2	1	7.878358150161507e-05	0.0	71988975.46420372	False	full_mhn
primary::APC+CTNNB1+KRAS+RNF43+TCF7L2+TGFBR2	1	7.878358150161507e-05	0.0	71988975.46420372	False	full_mhn
primary::APC+CTNNB1+NRAS+PTEN+SMAD4+TP53	1	7.878358150161507e-05	0.0	71988975.46420372	False	full_mhn
primary::APC+CTNNB1+PIK3CA+RNF43+TCF7L2	1	7.878358150161507e-05	0.0	71988975.46420372	False	full_mhn
primary::APC+FBXW7+KRAS+NRAS+PTEN+SMAD4+TP53	1	7.878358150161507e-05	0.0	71988975.46420372	False	full_mhn
primary::APC+FBXW7+KRAS+PTEN+RNF43+SMAD4	1	7.878358150161507e-05	0.0	71988975.46420372	False	full_mhn
primary::APC+FBXW7+NRAS+PIK3CA+PTEN+TCF7L2	1	7.878358150161507e-05	0.0	71988975.46420372	False	full_mhn
primary::APC+FBXW7+NRAS+SMAD4+SOX9+TGFBR2	1	7.878358150161507e-05	0.0	71988975.46420372	False	full_mhn
primary::APC+KRAS+NRAS+PTEN+RNF43+SMAD4+TCF7L2+TP53	1	7.878358150161507e-05	0.0	71988975.46420372	False	full_mhn
primary::ARID1A+BRAF+CTNNB1+KRAS+NRAS+PIK3CA+SOX9+TP53	1	7.878358150161507e-05	0.0	71988975.46420372	False	full_mhn
primary::ARID1A+BRAF+CTNNB1+KRAS+TCF7L2+TGFBR2+TP53	1	7.878358150161507e-05	0.0	71988975.46420372	False	full_mhn
primary::ARID1A+BRAF+CTNNB1+PIK3CA+SMAD4+TGFBR2+TP53	1	7.878358150161507e-05	0.0	71988975.46420372	False	full_mhn
primary::ARID1A+BRAF+CTNNB1+RNF43+SMAD4+TGFBR2	1	7.878358150161507e-05	0.0	71988975.46420372	False	full_mhn
primary::ARID1A+BRAF+FBXW7+SMAD4+SOX9+TP53	1	7.878358150161507e-05	0.0	71988975.46420372	False	full_mhn
primary::ARID1A+BRAF+KRAS+PTEN+RNF43+SMAD4+SOX9+TGFBR2	1	7.878358150161507e-05	0.0	71988975.46420372	False	full_mhn
primary::ARID1A+BRAF+KRAS+SMAD4+SOX9+TCF7L2	1	7.878358150161507e-05	0.0	71988975.46420372	False	full_mhn
primary::ARID1A+BRAF+PIK3CA+PTEN+SOX9+TP53	1	7.878358150161507e-05	0.0	71988975.46420372	False	full_mhn
primary::ARID1A+BRAF+PIK3CA+RNF43+SMAD4+SOX9+TGFBR2	1	7.878358150161507e-05	0.0	71988975.46420372	False	full_mhn
primary::ARID1A+BRAF+PIK3CA+TGFBR2+TP53	1	7.878358150161507e-05	0.0	71988975.46420372	False	full_mhn
primary::ARID1A+BRAF+RNF43+SMAD4+SOX9+TGFBR2+TP53	1	7.878358150161507e-05	0.0	71988975.46420372	False	full_mhn
primary::ARID1A+CTNNB1+FBXW7+KRAS+NRAS+PTEN+SOX9+TGFBR2+TP53	1	7.878358150161507e-05	0.0	71988975.46420372	False	full_mhn
primary::ARID1A+CTNNB1+FBXW7+KRAS+PIK3CA+SOX9+TCF7L2+TGFBR2+TP53	1	7.878358150161507e-05	0.0	71988975.46420372	False	full_mhn
primary::ARID1A+CTNNB1+FBXW7+KRAS+RNF43+SOX9+TCF7L2+TGFBR2+TP53	1	7.878358150161507e-05	0.0	71988975.46420372	False	full_mhn
primary::ARID1A+CTNNB1+FBXW7+KRAS+SOX9+TCF7L2	1	7.878358150161507e-05	0.0	71988975.46420372	False	full_mhn
primary::ARID1A+CTNNB1+FBXW7+PIK3CA+PTEN+RNF43+SOX9+TP53	1	7.878358150161507e-05	0.0	71988975.46420372	False	full_mhn
primary::ARID1A+CTNNB1+FBXW7+PIK3CA+PTEN+RNF43+TCF7L2	1	7.878358150161507e-05	0.0	71988975.46420372	False	full_mhn
primary::ARID1A+CTNNB1+FBXW7+PIK3CA+TCF7L2	1	7.878358150161507e-05	0.0	71988975.46420372	False	full_mhn
primary::ARID1A+CTNNB1+KRAS+PIK3CA+PTEN+RNF43+TCF7L2	1	7.878358150161507e-05	0.0	71988975.46420372	False	full_mhn
primary::ARID1A+CTNNB1+KRAS+PIK3CA+RNF43+SMAD4+TCF7L2	1	7.878358150161507e-05	0.0	71988975.46420372	False	full_mhn
primary::ARID1A+CTNNB1+KRAS+PIK3CA+RNF43+SOX9+TCF7L2+TGFBR2	1	7.878358150161507e-05	0.0	71988975.46420372	False	full_mhn
primary::ARID1A+CTNNB1+KRAS+RNF43+SMAD4+SOX9	1	7.878358150161507e-05	0.0	71988975.46420372	False	full_mhn
primary::ARID1A+CTNNB1+KRAS+RNF43+SMAD4+TCF7L2+TGFBR2	1	7.878358150161507e-05	0.0	71988975.46420372	False	full_mhn
primary::ARID1A+CTNNB1+KRAS+TCF7L2+TGFBR2	1	7.878358150161507e-05	0.0	71988975.46420372	False	full_mhn
primary::ARID1A+CTNNB1+PIK3CA+RNF43	1	7.878358150161507e-05	0.0	71988975.46420372	False	full_mhn
primary::ARID1A+CTNNB1+PIK3CA+RNF43+SMAD4+SOX9	1	7.878358150161507e-05	0.0	71988975.46420372	False	full_mhn
primary::ARID1A+CTNNB1+PIK3CA+SMAD4+TP53	1	7.878358150161507e-05	0.0	71988975.46420372	False	full_mhn
primary::ARID1A+CTNNB1+PTEN+SMAD4+TGFBR2	1	7.878358150161507e-05	0.0	71988975.46420372	False	full_mhn
primary::ARID1A+CTNNB1+SMAD4	1	7.878358150161507e-05	0.0	71988975.46420372	False	full_mhn
primary::ARID1A+CTNNB1+TCF7L2	1	7.878358150161507e-05	0.0	71988975.46420372	False	full_mhn
primary::ARID1A+CTNNB1+TCF7L2+TGFBR2+TP53	1	7.878358150161507e-05	0.0	71988975.46420372	False	full_mhn
primary::ARID1A+CTNNB1+TGFBR2	1	7.878358150161507e-05	0.0	71988975.46420372	False	full_mhn
primary::ARID1A+FBXW7+KRAS+RNF43+SMAD4+TGFBR2	1	7.878358150161507e-05	0.0	71988975.46420372	False	full_mhn
primary::ARID1A+FBXW7+KRAS+RNF43+SOX9+TCF7L2+TGFBR2	1	7.878358150161507e-05	0.0	71988975.46420372	False	full_mhn
primary::ARID1A+FBXW7+PIK3CA+RNF43+SOX9+TCF7L2+TGFBR2	1	7.878358150161507e-05	0.0	71988975.46420372	False	full_mhn
primary::ARID1A+FBXW7+PIK3CA+RNF43+TCF7L2+TP53	1	7.878358150161507e-05	0.0	71988975.46420372	False	full_mhn
primary::ARID1A+FBXW7+PTEN+RNF43+SMAD4+TCF7L2+TGFBR2	1	7.878358150161507e-05	0.0	71988975.46420372	False	full_mhn
primary::ARID1A+FBXW7+PTEN+RNF43+TP53	1	7.878358150161507e-05	0.0	71988975.46420372	False	full_mhn
primary::ARID1A+KRAS+NRAS+PIK3CA+SMAD4+TP53	1	7.878358150161507e-05	0.0	71988975.46420372	False	full_mhn
primary::ARID1A+KRAS+PIK3CA+RNF43+SMAD4	1	7.878358150161507e-05	0.0	71988975.46420372	False	full_mhn
primary::ARID1A+KRAS+PIK3CA+RNF43+TCF7L2+TP53	1	7.878358150161507e-05	0.0	71988975.46420372	False	full_mhn
primary::ARID1A+KRAS+PIK3CA+SOX9+TCF7L2+TGFBR2+TP53	1	7.878358150161507e-05	0.0	71988975.46420372	False	full_mhn
primary::ARID1A+NRAS+PTEN+RNF43+TCF7L2	1	7.878358150161507e-05	0.0	71988975.46420372	False	full_mhn
primary::ARID1A+PIK3CA+PTEN+RNF43+SOX9+TCF7L2+TP53	1	7.878358150161507e-05	0.0	71988975.46420372	False	full_mhn
primary::ARID1A+PTEN+RNF43+SOX9	1	7.878358150161507e-05	0.0	71988975.46420372	False	full_mhn
primary::BRAF+CTNNB1+FBXW7+PIK3CA+RNF43+SMAD4+TCF7L2	1	7.878358150161507e-05	0.0	71988975.46420372	False	full_mhn
primary::BRAF+CTNNB1+FBXW7+TCF7L2	1	7.878358150161507e-05	0.0	71988975.46420372	False	full_mhn
primary::BRAF+CTNNB1+FBXW7+TGFBR2	1	7.878358150161507e-05	0.0	71988975.46420372	False	full_mhn
primary::BRAF+CTNNB1+KRAS+PIK3CA+PTEN+SMAD4	1	7.878358150161507e-05	0.0	71988975.46420372	False	full_mhn
primary::BRAF+CTNNB1+KRAS+RNF43+TCF7L2	1	7.878358150161507e-05	0.0	71988975.46420372	False	full_mhn
primary::BRAF+FBXW7+KRAS+NRAS+PIK3CA+PTEN+TP53	1	7.878358150161507e-05	0.0	71988975.46420372	False	full_mhn
primary::BRAF+FBXW7+NRAS+PIK3CA+PTEN+RNF43+TCF7L2	1	7.878358150161507e-05	0.0	71988975.46420372	False	full_mhn
primary::BRAF+FBXW7+NRAS+PIK3CA+RNF43+SOX9+TGFBR2	1	7.878358150161507e-05	0.0	71988975.46420372	False	full_mhn
primary::BRAF+FBXW7+PIK3CA+RNF43+SOX9+TP53	1	7.878358150161507e-05	0.0	71988975.46420372	False	full_mhn
primary::BRAF+FBXW7+SOX9+TGFBR2	1	7.878358150161507e-05	0.0	71988975.46420372	False	full_mhn
primary::BRAF+KRAS+PIK3CA+PTEN+RNF43+TGFBR2+TP53	1	7.878358150161507e-05	0.0	71988975.46420372	False	full_mhn
primary::BRAF+KRAS+PIK3CA+RNF43+SMAD4+SOX9+TP53	1	7.878358150161507e-05	0.0	71988975.46420372	False	full_mhn
primary::CTNNB1+FBXW7+KRAS+PIK3CA+PTEN+TCF7L2	1	7.878358150161507e-05	0.0	71988975.46420372	False	full_mhn
primary::CTNNB1+FBXW7+KRAS+PIK3CA+SMAD4+SOX9+TCF7L2+TGFBR2	1	7.878358150161507e-05	0.0	71988975.46420372	False	full_mhn
primary::CTNNB1+FBXW7+KRAS+PTEN+RNF43+TCF7L2	1	7.878358150161507e-05	0.0	71988975.46420372	False	full_mhn
primary::CTNNB1+FBXW7+NRAS+PIK3CA+PTEN+SMAD4+TP53	1	7.878358150161507e-05	0.0	71988975.46420372	False	full_mhn
primary::CTNNB1+FBXW7+PTEN+RNF43+SOX9+TCF7L2	1	7.878358150161507e-05	0.0	71988975.46420372	False	full_mhn
primary::CTNNB1+FBXW7+PTEN+RNF43+TCF7L2+TGFBR2	1	7.878358150161507e-05	0.0	71988975.46420372	False	full_mhn
primary::CTNNB1+FBXW7+PTEN+TCF7L2+TP53	1	7.878358150161507e-05	0.0	71988975.46420372	False	full_mhn
primary::CTNNB1+FBXW7+TCF7L2+TGFBR2	1	7.878358150161507e-05	0.0	71988975.46420372	False	full_mhn
primary::CTNNB1+KRAS+NRAS+PIK3CA+PTEN+SMAD4	1	7.878358150161507e-05	0.0	71988975.46420372	False	full_mhn
primary::CTNNB1+KRAS+PIK3CA+RNF43+TCF7L2+TGFBR2	1	7.878358150161507e-05	0.0	71988975.46420372	False	full_mhn
primary::CTNNB1+KRAS+PTEN+RNF43+TGFBR2	1	7.878358150161507e-05	0.0	71988975.46420372	False	full_mhn
primary::CTNNB1+NRAS+PIK3CA+PTEN+RNF43	1	7.878358150161507e-05	0.0	71988975.46420372	False	full_mhn
primary::CTNNB1+NRAS+PIK3CA+SOX9+TP53	1	7.878358150161507e-05	0.0	71988975.46420372	False	full_mhn
primary::CTNNB1+NRAS+SMAD4+SOX9	1	7.878358150161507e-05	0.0	71988975.46420372	False	full_mhn
primary::CTNNB1+PIK3CA+RNF43+TGFBR2+TP53	1	7.878358150161507e-05	0.0	71988975.46420372	False	full_mhn
primary::CTNNB1+RNF43+TCF7L2	1	7.878358150161507e-05	0.0	71988975.46420372	False	full_mhn
primary::CTNNB1+SOX9+TCF7L2+TGFBR2	1	7.878358150161507e-05	0.0	71988975.46420372	False	full_mhn
primary::FBXW7+KRAS+PTEN+RNF43+SMAD4+TCF7L2+TP53	1	7.878358150161507e-05	0.0	71988975.46420372	False	full_mhn
primary::FBXW7+KRAS+RNF43+TCF7L2+TGFBR2	1	7.878358150161507e-05	0.0	71988975.46420372	False	full_mhn
primary::FBXW7+PIK3CA+PTEN+RNF43+SOX9+TCF7L2+TGFBR2+TP53	1	7.878358150161507e-05	0.0	71988975.46420372	False	full_mhn
primary::FBXW7+PIK3CA+RNF43+SOX9+TCF7L2	1	7.878358150161507e-05	0.0	71988975.46420372	False	full_mhn
primary::FBXW7+PIK3CA+RNF43+TGFBR2	1	7.878358150161507e-05	0.0	71988975.46420372	False	full_mhn
primary::FBXW7+RNF43+SOX9+TGFBR2+TP53	1	7.878358150161507e-05	0.0	71988975.46420372	False	full_mhn
primary::KRAS+PTEN+RNF43+SOX9+TGFBR2	1	7.878358150161507e-05	0.0	71988975.46420372	False	full_mhn
primary::PIK3CA+PTEN+RNF43+SMAD4	1	7.878358150161507e-05	0.0	71988975.46420372	False	full_mhn
primary::PIK3CA+PTEN+RNF43+TGFBR2	1	7.878358150161507e-05	0.0	71988975.46420372	False	full_mhn
primary::PIK3CA+RNF43+SOX9+TGFBR2	1	7.878358150161507e-05	0.0	71988975.46420372	False	full_mhn
primary::RNF43+SMAD4+SOX9	1	7.878358150161507e-05	0.0	71988975.46420372	False	full_mhn
unknown::APC+ARID1A+BRAF+CTNNB1+PTEN+TCF7L2+TP53	1	7.878358150161507e-05	0.0	71988975.46420372	False	full_mhn
unknown::APC+ARID1A+BRAF+KRAS+PIK3CA+TCF7L2	1	7.878358150161507e-05	0.0	71988975.46420372	False	full_mhn
unknown::APC+ARID1A+PIK3CA+TCF7L2+TP53	1	7.878358150161507e-05	0.0	71988975.46420372	False	full_mhn
unknown::APC+BRAF+FBXW7+PIK3CA+SOX9+TP53	1	7.878358150161507e-05	0.0	71988975.46420372	False	full_mhn
unknown::APC+CTNNB1+KRAS+PTEN+TP53	1	7.878358150161507e-05	0.0	71988975.46420372	False	full_mhn
unknown::APC+FBXW7+PIK3CA+PTEN+RNF43+SOX9	1	7.878358150161507e-05	0.0	71988975.46420372	False	full_mhn
unknown::APC+NRAS+PIK3CA	1	7.878358150161507e-05	0.0	71988975.46420372	False	full_mhn
unknown::ARID1A+BRAF+FBXW7+KRAS+PIK3CA+RNF43+SOX9+TCF7L2+TP53	1	7.878358150161507e-05	0.0	71988975.46420372	False	full_mhn
unknown::ARID1A+BRAF+FBXW7+PIK3CA+PTEN+RNF43+TGFBR2+TP53	1	7.878358150161507e-05	0.0	71988975.46420372	False	full_mhn
unknown::ARID1A+BRAF+PIK3CA+SOX9	1	7.878358150161507e-05	0.0	71988975.46420372	False	full_mhn
unknown::ARID1A+CTNNB1+KRAS+SOX9+TCF7L2	1	7.878358150161507e-05	0.0	71988975.46420372	False	full_mhn
unknown::ARID1A+FBXW7+KRAS+PIK3CA+PTEN+TCF7L2	1	7.878358150161507e-05	0.0	71988975.46420372	False	full_mhn
unknown::ARID1A+KRAS+RNF43+TP53	1	7.878358150161507e-05	0.0	71988975.46420372	False	full_mhn
unknown::BRAF+FBXW7+PIK3CA+RNF43+TCF7L2	1	7.878358150161507e-05	0.0	71988975.46420372	False	full_mhn
unknown::BRAF+KRAS+NRAS+RNF43+TP53	1	7.878358150161507e-05	0.0	71988975.46420372	False	full_mhn
unknown::BRAF+RNF43+SOX9	1	7.878358150161507e-05	0.0	71988975.46420372	False	full_mhn
primary::APC+KRAS+TP53	580	0.0456944772709367	0.00809652806816597	5.484702310597163	True	uniform_inflow
primary::APC+BRAF+TP53	56	0.0044118805640904	0.006557218091134415	0.6538713239494808	True	uniform_inflow
primary::APC+PIK3CA+TP53	113	0.0089025447096825	0.006048154949123977	1.4304722175240092	True	uniform_inflow
primary::APC+SMAD4+TP53	58	0.0045694477270936	0.006042094673623854	0.7349611120010001	True	uniform_inflow
primary::APC+FBXW7+TP53	93	0.0073268730796502	0.005920889163621369	1.2025964293511975	True	uniform_inflow
primary::APC+NRAS+TP53	57	0.004490664145592	0.0058784672351205	0.742394330496135	True	uniform_inflow
primary::APC+CTNNB1+TP53	18	0.001418104467029	0.0058784672351205	0.2344403148935076	True	uniform_inflow
primary::APC+SOX9+TP53	64	0.0050421492161033	0.005842105582119754	0.8387537314761464	True	uniform_inflow
primary::APC+RNF43+TP53	7	0.0005514850705113	0.005842105582119754	0.09173868938020377	True	uniform_inflow
primary::APC+PTEN+TP53	14	0.0011029701410226	0.005787563102618638	0.18520648494737954	True	uniform_inflow
primary::APC+ARID1A+TP53	50	0.0039391790750807	0.005763322000618139	0.6642338633191315	True	uniform_inflow
primary::APC+TCF7L2+TP53	69	0.0054360671236114	0.005745141174117769	0.9195434995171816	True	uniform_inflow
primary::APC+KRAS+PIK3CA+TP53	155	0.0122114551327503	0.005744636151159425	2.0658227893978514	True	uniform_inflow
primary::APC+TGFBR2+TP53	6	0.0004727014890096	0.005684538419116531	0.0808127595754621	True	uniform_inflow
metastatic::APC+KRAS+TP53	389	0.0306468132041282	0.005326982164609193	5.591035521249756	True	uniform_inflow
primary::APC+KRAS+SMAD4+TP53	117	0.0092176790356889	0.0048254943669739	1.856384534189972	True	uniform_inflow
primary::APC+FBXW7+KRAS+TP53	87	0.0068541715906405	0.0047729719793061665	1.3955784695153652	True	uniform_inflow
primary::APC+KRAS+TCF7L2+TP53	53	0.0041755298195855	0.0044447070563827665	0.912970237322592	True	uniform_inflow
primary::APC+KRAS+SOX9+TP53	59	0.0046482313085952	0.004431576459465824	1.019336692923891	True	uniform_inflow
unknown::TP53	17	0.0013393208855274	0.0043015835499881794	0.3025829492151851	True	uniform_inflow
unknown::KRAS	4	0.0003151343260064	0.0043015835499881794	0.07119598805062115	False	uniform_inflow
unknown::APC	3	0.0002363507445048	0.0043015835499881794	0.053396991037965864	False	uniform_inflow
unknown::ARID1A	2	0.0001575671630032	0.0043015835499881794	0.035597994025310574	False	uniform_inflow
unknown::BRAF	1	7.878358150161507e-05	0.0043015835499881794	0.01779899701265869	False	uniform_inflow
unknown::NRAS	1	7.878358150161507e-05	0.0043015835499881794	0.01779899701265869	False	uniform_inflow
unknown::PIK3CA	1	7.878358150161507e-05	0.0043015835499881794	0.01779899701265869	False	uniform_inflow
primary::APC+BRAF+KRAS+TP53	4	0.0003151343260064	0.004267443998004141	0.07176555595489273	False	uniform_inflow
primary::APC+ARID1A+KRAS+TP53	18	0.001418104467029	0.004228052207253333	0.3259538061609202	True	uniform_inflow
primary::APC+KRAS+NRAS+TP53	7	0.0005514850705113	0.0042149216103363925	0.1271547038916932	True	uniform_inflow
primary::APC+CTNNB1+KRAS+TP53	21	0.0016544552115339	0.004063919745791625	0.39563806089376813	True	uniform_inflow
primary::APC+KRAS+PTEN+TP53	19	0.0014968880485306	0.004057354447333166	0.3585374660324797	True	uniform_inflow
primary::APC+KRAS+RNF43+TP53	6	0.0004727014890096	0.003972005567373083	0.11565523480132375	True	uniform_inflow
metastatic::APC+BRAF+TP53	25	0.0019695895375403	0.0039331187995806155	0.4866613281706292	True	uniform_inflow
primary::APC+KRAS+TGFBR2+TP53	2	0.0001575671630032	0.0038800913889545244	0.03946498423823108	False	uniform_inflow
metastatic::APC+SMAD4+TP53	56	0.0044118805640904	0.003727069432576392	1.1503882478559513	True	uniform_inflow
metastatic::APC+PIK3CA+TP53	49	0.0038603954935791	0.003727069432576392	1.0065897168739573	True	uniform_inflow
metastatic::APC+NRAS+TP53	46	0.0036240447490742	0.0037149488815761385	0.948044847699135	True	uniform_inflow
metastatic::APC+CTNNB1+TP53	10	0.0007878358150161	0.003636165300074532	0.21056213465078136	True	uniform_inflow
metastatic::APC+RNF43+TP53	6	0.0004727014890096	0.0036301050245744	0.12654819444780804	True	uniform_inflow
metastatic::APC+FBXW7+TP53	31	0.00244229102655	0.003611924198074032	0.6571234403519215	True	uniform_inflow
metastatic::APC+SOX9+TP53	42	0.0033089104230678	0.0036119241980740306	0.8902962740251998	True	uniform_inflow
metastatic::APC+PTEN+TP53	5	0.000393917907508	0.0035998036470737843	0.10634451244958071	True	uniform_inflow
metastatic::APC+ARID1A+TP53	32	0.0025210746080516	0.0035876830960735306	0.6829042204865057	True	uniform_inflow
metastatic::APC+TCF7L2+TP53	42	0.0033089104230678	0.0035755625450732847	0.8993501344364835	True	uniform_inflow
metastatic::APC+KRAS+PIK3CA+TP53	69	0.0054360671236114	0.0035715223614065247	1.4791751766684658	True	uniform_inflow
metastatic::APC+KRAS+SMAD4+TP53	77	0.0060663357756243	0.0033548675122770915	1.7572730309755826	True	uniform_inflow
primary::APC+TP53	938	0.0738989994485149	0.0029881486983826784	24.0339152722236	True	uniform_inflow
metastatic::APC+KRAS+TCF7L2+TP53	32	0.0025210746080516	0.0029281231124766846	0.8367284549899171	True	uniform_inflow
metastatic::APC+KRAS+SOX9+TP53	35	0.0027574253525565	0.002914992515559743	0.9192941429034935	True	uniform_inflow
primary::KRAS+TP53	183	0.0144173954147955	0.002909365116881064	4.815892179184096	True	uniform_inflow
metastatic::APC+FBXW7+KRAS+TP53	43	0.0033876940045694	0.0028887313217258667	1.1396859594973194	True	uniform_inflow
metastatic::APC+KRAS+NRAS+TP53	1	7.878358150161507e-05	0.0028821660232674	0.02656469895525941	False	uniform_inflow
metastatic::APC+ARID1A+KRAS+TP53	16	0.0012605373040258	0.0028165130386827164	0.43494276331055304	True	uniform_inflow
metastatic::APC+CTNNB1+KRAS+TP53	11	0.0008666193965177	0.0027442947556395743	0.3068921800303873	True	uniform_inflow
metastatic::APC+BRAF+KRAS+TP53	3	0.0002363507445048	0.002718033561805708	0.08450654232690068	False	uniform_inflow
metastatic::APC+KRAS+PTEN+TP53	14	0.0011029701410226	0.002711468263347225	0.3953187403764096	True	uniform_inflow
metastatic::APC+KRAS+RNF43+TP53	4	0.0003151343260064	0.0026720764725964245	0.11461329573502245	False	uniform_inflow
primary::BRAF+TP53	129	0.0101630820137083	0.0026673869736975283	3.7027771678807313	True	uniform_inflow
metastatic::APC+KRAS+TGFBR2+TP53	6	0.0004727014890096	0.0025801622941778834	0.17804431818142016	True	uniform_inflow
primary::PIK3CA+TP53	37	0.0029149925155597	0.002431036229192686	1.1652904458786295	True	uniform_inflow
primary::SMAD4+TP53	48	0.0037816119120775	0.002374762242405814	1.5475510878381005	True	uniform_inflow
primary::FBXW7+TP53	31	0.00244229102655	0.002374762242405814	0.9994600775620853	True	uniform_inflow
primary::PTEN+TP53	14	0.0011029701410226	0.0023466252490123856	0.4567811664119344	True	uniform_inflow
primary::RNF43+TP53	20	0.0015756716300323	0.002335370451655007	0.6556893163283566	True	uniform_inflow
primary::CTNNB1+TP53	28	0.0022059402820452	0.0023297430529763213	0.9201823497255497	True	uniform_inflow
primary::SOX9+TP53	9	0.0007090522335145	0.0023297430529763213	0.2957728981260576	True	uniform_inflow
primary::NRAS+TP53	22	0.0017332387930355	0.0023241156542976355	0.7247510239788587	True	uniform_inflow
primary::ARID1A+TP53	9	0.0007090522335145	0.0023128608569402643	0.29793182438881755	True	uniform_inflow
primary::TCF7L2+TP53	2	0.0001575671630032	0.0023016060595828928	0.06653082305000149	False	uniform_inflow
primary::APC+KRAS+PIK3CA+SMAD4+TP53	22	0.0017332387930355	0.0022632374322281907	0.7442459091089217	True	uniform_inflow
primary::APC+FBXW7+KRAS+PIK3CA+TP53	24	0.0018908059560387	0.0021629674194079637	0.8495425909943325	True	uniform_inflow
primary::BRAF+KRAS+TP53	7	0.0005514850705113	0.0018968662315388782	0.2825434393962688	True	uniform_inflow
metastatic::KRAS+TP53	175	0.0137871267627826	0.0018570415639666284	7.215066150468909	True	uniform_inflow
primary::APC+KRAS+PIK3CA	133	0.0104782163397148	0.0018059620990370155	5.6385430672652275	True	uniform_inflow
metastatic::APC+TP53	584	0.0460096115969431	0.001761375786428957	25.385441323189383	True	uniform_inflow
primary::APC+KRAS+PIK3CA+SOX9+TP53	21	0.0016544552115339	0.0017475630805812547	0.9200476624819186	True	uniform_inflow
primary::APC+KRAS+PIK3CA+TCF7L2+TP53	14	0.0011029701410226	0.0017189145054897638	0.6235878601206847	True	uniform_inflow
primary::KRAS+PIK3CA+TP53	49	0.0038603954935791	0.001696877140034777	2.2109024131384376	True	uniform_inflow
metastatic::BRAF+TP53	62	0.0048845820531001	0.0016488278128552213	2.878990803092242	True	uniform_inflow
metastatic::PIK3CA+TP53	27	0.0021271567005436	0.0015756716300322929	1.3119640692754317	True	uniform_inflow
metastatic::SMAD4+TP53	27	0.0021271567005436	0.0015644168326749144	1.3214026596958446	True	uniform_inflow
metastatic::NRAS+TP53	18	0.001418104467029	0.0015475346366388572	0.890545307619067	True	uniform_inflow
primary::APC+FBXW7+KRAS+SMAD4+TP53	17	0.0013393208855274	0.0015470230549407818	0.8413487001084198	True	uniform_inflow
primary::KRAS+SMAD4+TP53	53	0.0041755298195855	0.0015271894260313	2.6570936029175227	True	uniform_inflow
metastatic::SOX9+TP53	7	0.0005514850705113	0.0015193976432454214	0.35273656731404557	True	uniform_inflow
metastatic::ARID1A+TP53	5	0.000393917907508	0.0015193976432454214	0.25195469093855827	True	uniform_inflow
metastatic::CTNNB1+TP53	15	0.0011817537225242	0.00150814284588805	0.761504849474866	True	uniform_inflow
metastatic::FBXW7+TP53	11	0.0008666193965177	0.00150814284588805	0.5584368896148716	True	uniform_inflow
metastatic::PTEN+TP53	7	0.0005514850705113	0.0015025154472093642	0.3566998995284188	True	uniform_inflow
metastatic::RNF43+TP53	13	0.0010241865595209	0.0014968880485306797	0.664933056530579	True	uniform_inflow
metastatic::TCF7L2+TP53	2	0.0001575671630032	0.0014968880485306797	0.10229739331238678	False	uniform_inflow
primary::APC+KRAS+SMAD4	44	0.003466477586071	0.001496888048530677	2.250542652872903	True	uniform_inflow
primary::APC+KRAS+SOX9	26	0.0020483731190419	0.001430225018029308	1.3918513979487086	True	uniform_inflow
primary::APC+FBXW7+PIK3CA+TP53	15	0.0011817537225242	0.0014246697654875249	0.8061223159368117	True	uniform_inflow
primary::APC+BRAF+KRAS	7	0.0005514850705113	0.0013999236405286936	0.3828402446514382	True	uniform_inflow
primary::APC+FBXW7+KRAS	25	0.0019695895375403	0.0013999236405286926	1.3672865880408118	True	uniform_inflow
metastatic::KRAS+PIK3CA+TP53	33	0.0025998581895532	0.0013999236405286921	1.804818296213875	True	uniform_inflow
primary::APC+ARID1A+KRAS+PIK3CA+TP53	10	0.0007878358150161	0.0013822937481646818	0.5538900311167788	True	uniform_inflow
primary::APC+CTNNB1+KRAS+PIK3CA+TP53	10	0.0007878358150161	0.0013822937481646818	0.5538900311167788	True	uniform_inflow
primary::APC+KRAS+SMAD4+SOX9+TP53	13	0.0010241865595209	0.0013822937481646727	0.7200570404517961	True	uniform_inflow
primary::APC+CTNNB1+KRAS	8	0.0006302686520129	0.0013817428140283155	0.4432887043290694	True	uniform_inflow
primary::APC+KRAS+PIK3CA+PTEN+TP53	7	0.0005514850705113	0.001375131604391809	0.38974241251874414	True	uniform_inflow
primary::APC+KRAS+TCF7L2	23	0.0018120223745371	0.0013696222630280694	1.2857333879904669	True	uniform_inflow
primary::APC+KRAS+PTEN	14	0.0011029701410226	0.0013635619875279462	0.7860986356693135	True	uniform_inflow
primary::APC+KRAS+NRAS	4	0.0003151343260064	0.0013635619875279462	0.2245996101911917	False	uniform_inflow
primary::APC+KRAS+RNF43	2	0.0001575671630032	0.0013514414365276923	0.11330697823472187	False	uniform_inflow
primary::APC+ARID1A+KRAS	7	0.0005514850705113	0.0013453811610275694	0.398360795098746	True	uniform_inflow
primary::FBXW7+KRAS+TP53	29	0.0022847238635468	0.0013453811610275692	1.6503518654090803	True	uniform_inflow
primary::APC+BRAF+KRAS+PIK3CA+TP53	2	0.0001575671630032	0.0013393208855274378	0.11433238075191805	False	uniform_inflow
primary::CTNNB1+KRAS+TP53	13	0.0010241865595209	0.001333260610027323	0.7465384770435808	True	uniform_inflow
primary::APC+BRAF+PIK3CA+TP53	24	0.0018908059560387	0.001332755587068975	1.378747133397583	True	uniform_inflow
primary::APC+KRAS+TGFBR2	3	0.0002363507445048	0.0013272003345272002	0.17306476812329724	False	uniform_inflow
primary::APC+KRAS+SMAD4+TCF7L2+TP53	8	0.0006302686520129	0.001296348022890191	0.47248961768139097	True	uniform_inflow
primary::APC+KRAS	215	0.0169384700228472	0.001294301696097957	12.718234615053822	True	uniform_inflow
metastatic::KRAS+SMAD4+TP53	41	0.0032301268415662	0.0012908386815264536	2.431844370808129	True	uniform_inflow
primary::APC+KRAS+PIK3CA+SMAD4	31	0.00244229102655	0.0012671026024842998	1.8731553778354266	True	uniform_inflow
primary::KRAS+RNF43+TP53	16	0.0012605373040258	0.0012423564775254615	0.9860470690616678	True	uniform_inflow
primary::KRAS+NRAS+TP53	1	7.878358150161507e-05	0.0012423564775254615	0.061627941816356245	False	uniform_inflow
primary::KRAS+PTEN+TP53	10	0.0007878358150161	0.0012362962020253385	0.619300395701096	True	uniform_inflow
primary::APC+KRAS+NRAS+PIK3CA+TP53	1	7.878358150161507e-05	0.0012318887289343393	0.062151613951222116	False	uniform_inflow
metastatic::APC+KRAS+PIK3CA+SMAD4+TP53	11	0.0008666193965177	0.0012318887289343272	0.6836677534633981	True	uniform_inflow
primary::APC+PIK3CA+TCF7L2+TP53	16	0.0012605373040258	0.0012277108117334915	0.9978098683128	True	uniform_inflow
primary::APC+NRAS+PIK3CA+TP53	8	0.0006302686520129	0.0012145802148165582	0.5042985010077031	True	uniform_inflow
primary::APC+KRAS+PIK3CA+RNF43+TP53	3	0.0002363507445048	0.0012032401538428288	0.19089424284645842	False	uniform_inflow
primary::APC+PIK3CA+SMAD4+TP53	6	0.0004727014890096	0.00119488431944115	0.38445833524098016	True	uniform_inflow
primary::KRAS+SOX9+TP53	5	0.000393917907508	0.0011878139980243385	0.32228898142560497	True	uniform_inflow
metastatic::CTNNB1+KRAS+TP53	15	0.0011817537225242	0.0011878139980243383	0.9668669442769788	True	uniform_inflow
primary::APC+PIK3CA+SOX9+TP53	4	0.0003151343260064	0.0011817537225242167	0.2591533963452133	False	uniform_inflow
primary::ARID1A+KRAS+TP53	7	0.0005514850705113	0.0011817537225242154	0.453518443604206	True	uniform_inflow
metastatic::KRAS+NRAS+TP53	2	0.0001575671630032	0.0011696331715239693	0.13091946188309173	False	uniform_inflow
metastatic::FBXW7+KRAS+TP53	8	0.0006302686520129	0.0011575126205237154	0.5291613851982121	True	uniform_inflow
primary::APC+KRAS+PIK3CA+TGFBR2+TP53	3	0.0002363507445048	0.0011531051474327197	0.19919399252823564	False	uniform_inflow
metastatic::KRAS+RNF43+TP53	9	0.0007090522335145	0.0011453920695234704	0.6016060986424551	True	uniform_inflow
metastatic::KRAS+PTEN+TP53	13	0.0010241865595209	0.0011393317940233461	0.8736088560032998	True	uniform_inflow
primary::KRAS+TCF7L2+TP53	5	0.000393917907508	0.0011393317940233461	0.33600340615508256	True	uniform_inflow
primary::APC+FBXW7+KRAS+SOX9+TP53	14	0.0011029701410226	0.0011387808598869635	0.9412646942428302	True	uniform_inflow
primary::BRAF+PIK3CA+TP53	26	0.0020483731190419	0.0011332715185232232	1.7565611222230733	True	uniform_inflow
primary::KRAS+TGFBR2+TP53	2	0.0001575671630032	0.0011332715185232232	0.135120086324832	False	uniform_inflow
primary::BRAF+SMAD4+TP53	43	0.0033876940045694	0.0011272112430231	2.920700575626374	True	uniform_inflow
primary::APC+FBXW7+KRAS+PIK3CA	35	0.0027574253525565	0.0011226660363979999	2.386939176757945	True	uniform_inflow
metastatic::KRAS+SOX9+TP53	1	7.878358150161507e-05	0.0011090304165227319	0.06903676541601352	False	uniform_inflow
metastatic::ARID1A+KRAS+TP53	5	0.000393917907508	0.001096909865522478	0.3489980130111118	True	uniform_inflow
metastatic::KRAS+TCF7L2+TP53	1	7.878358150161507e-05	0.0010847893145222306	0.07057948642947466	False	uniform_inflow
primary::APC+KRAS+PIK3CA+SOX9	26	0.0020483731190419	0.0010832742456471916	1.8376331739431568	True	uniform_inflow
primary::APC+ARID1A+PIK3CA+TP53	7	0.0005514850705113	0.0010767089471887346	0.4977641453781548	True	uniform_inflow
primary::APC+FBXW7+TCF7L2+TP53	6	0.0004727014890096	0.0010701436487302678	0.4292724969756565	True	uniform_inflow
metastatic::KRAS+TGFBR2+TP53	2	0.0001575671630032	0.0010666084880218626	0.14356509171221563	False	uniform_inflow
primary::APC+FBXW7+KRAS+TCF7L2+TP53	7	0.0005514850705113	0.0010599972783853454	0.5056117782933875	True	uniform_inflow
primary::APC+BRAF+SMAD4+TP53	10	0.0007878358150161	0.0010570130518133165	0.7243417909547586	True	uniform_inflow
primary::APC+BRAF	15	0.0011817537225242	0.0010523235529144213	1.091354543318981	True	uniform_inflow
primary::APC+FBXW7+SOX9+TP53	8	0.0006302686520129	0.0010504477533548595	0.5830951417151453	True	uniform_inflow
primary::APC+BRAF+FBXW7+TP53	8	0.0006302686520129	0.0010504477533548582	0.5830951417151461	True	uniform_inflow
primary::APC+KRAS+PIK3CA+PTEN	8	0.0006302686520129	0.0010504477533548582	0.5830951417151461	True	uniform_inflow
primary::APC+CTNNB1+KRAS+SMAD4+TP53	2	0.0001575671630032	0.0010385108470667287	0.1474493461792056	False	uniform_inflow
primary::APC+KRAS+PIK3CA+TCF7L2	16	0.0012605373040258	0.001037317156437925	1.180952185737961	True	uniform_inflow
primary::APC+KRAS+PTEN+SMAD4+TP53	3	0.0002363507445048	0.0010313487032938453	0.2227099499566879	False	uniform_inflow
primary::BRAF+FBXW7+TP53	11	0.0008666193965177	0.0010302468350211079	0.817476522193197	True	uniform_inflow
primary::APC+ARID1A+KRAS+SMAD4+TP53	7	0.0005514850705113	0.001024186559520974	0.5232905117828889	True	uniform_inflow
primary::APC+FBXW7+SMAD4+TP53	5	0.000393917907508	0.0010110559626040512	0.3786332088918354	True	uniform_inflow
primary::APC+FBXW7+NRAS+TP53	8	0.0006302686520129	0.0010044906641455847	0.6097726971918942	True	uniform_inflow
primary::APC+CTNNB1+KRAS+PIK3CA	3	0.0002363507445048	0.0010044906641455834	0.22866476144692438	False	uniform_inflow
primary::APC+BRAF+KRAS+PIK3CA	1	7.878358150161507e-05	0.0009847947687701831	0.07774601889042092	False	uniform_inflow
primary::BRAF+KRAS	1	7.878358150161507e-05	0.000973539971412807	0.07864481679574555	False	uniform_inflow
primary::APC+BRAF+KRAS+SMAD4+TP53	2	0.0001575671630032	0.0009668894093379832	0.1583715199589626	False	uniform_inflow
metastatic::APC+FBXW7+KRAS+PIK3CA+TP53	15	0.0011817537225242	0.0009597272655651091	1.1966504772928295	True	uniform_inflow
primary::APC+ARID1A+FBXW7+TP53	7	0.0005514850705113	0.0009585335749363095	0.5591323276210293	True	uniform_inflow
primary::APC+KRAS+NRAS+PIK3CA	1	7.878358150161507e-05	0.0009585335749363095	0.07987604680300497	False	uniform_inflow
primary::APC+KRAS+NRAS+SMAD4+TP53	2	0.0001575671630032	0.0009525651217922454	0.160753046572385	False	uniform_inflow
primary::BRAF+CTNNB1+TP53	7	0.0005514850705113	0.0009514632535195001	0.5632872387560954	True	uniform_inflow
primary::BRAF+RNF43+TP53	39	0.0030725596785629	0.000945402978019377	3.1584320172896225	True	uniform_inflow
primary::BRAF+PTEN+TP53	17	0.0013393208855274	0.0009454029780193694	1.376752417792905	True	uniform_inflow
primary::APC+ARID1A+KRAS+PIK3CA	13	0.0010241865595209	0.0009388376795609083	1.0601729848165786	True	uniform_inflow
metastatic::APC+KRAS+PIK3CA	73	0.0057512014496178	0.000927222151519	6.027857183199061	True	uniform_inflow
metastatic::APC+KRAS+SMAD4+SOX9+TP53	5	0.000393917907508	0.0009239165467007455	0.414344092895956	True	uniform_inflow
primary::BRAF+NRAS+TP53	4	0.0003151343260064	0.0009211618760188782	0.33246652812644195	False	uniform_inflow
primary::APC+KRAS+RNF43+SMAD4+TP53	1	7.878358150161507e-05	0.0009167544029278635	0.08351623122365164	False	uniform_inflow
primary::APC+KRAS+PIK3CA+RNF43	2	0.0001575671630032	0.0008994458888101025	0.17024675667791522	False	uniform_inflow
primary::APC+PIK3CA+PTEN+TP53	3	0.0002363507445048	0.0008994458888100999	0.2553701350168736	False	uniform_inflow
primary::APC+KRAS+PIK3CA+TGFBR2	3	0.0002363507445048	0.0008928805903516333	0.25724785659577665	False	uniform_inflow
primary::APC+SOX9+TCF7L2+TP53	4	0.0003151343260064	0.0008797499934346929	0.3481165024521491	False	uniform_inflow
primary::APC+CTNNB1+PIK3CA+TP53	2	0.0001575671630032	0.0008731846949762249	0.17536695988041093	False	uniform_inflow
primary::ARID1A+BRAF+TP53	6	0.0004727014890096	0.000872679672017877	0.5264053361684566	True	uniform_inflow
primary::BRAF+SOX9+TP53	1	7.878358150161507e-05	0.0008666193965177539	0.08834774872688199	False	uniform_inflow
primary::TP53	409	0.0322224848341605	0.0008613671577509866	36.354559895070864	True	uniform_inflow
primary::APC	122	0.009611596943197	0.0008613671577509866	10.844147450363414	True	uniform_inflow
primary::KRAS	108	0.0085086268021744	0.0008613671577509866	9.599737087206965	True	uniform_inflow
primary::BRAF	65	0.0051209327976049	0.0008613671577509866	5.777619543226342	True	uniform_inflow
primary::PIK3CA	23	0.0018120223745371	0.0008613671577509866	2.044388453756993	True	uniform_inflow
primary::FBXW7	13	0.0010241865595209	0.0008613671577509866	1.1555239086451783	True	uniform_inflow
primary::SMAD4	13	0.0010241865595209	0.0008613671577509866	1.1555239086451783	True	uniform_inflow
primary::PTEN	8	0.0006302686520129	0.0008613671577509866	0.7110916360893837	True	uniform_inflow
primary::RNF43	6	0.0004727014890096	0.0008613671577509866	0.5333187270669533	True	uniform_inflow
primary::CTNNB1	5	0.000393917907508	0.0008613671577509866	0.4444322725557943	True	uniform_inflow
primary::SOX9	5	0.000393917907508	0.0008613671577509866	0.4444322725557943	True	uniform_inflow
primary::NRAS	4	0.0003151343260064	0.0008613671577509866	0.3555458180446355	False	uniform_inflow
primary::ARID1A	2	0.0001575671630032	0.0008613671577509866	0.17777290902231774	False	uniform_inflow
primary::TGFBR2	2	0.0001575671630032	0.0008613671577509866	0.17777290902231774	False	uniform_inflow
primary::APC+KRAS+SOX9+TCF7L2+TP53	5	0.000393917907508	0.0008594572527448651	0.4454198998270027	True	uniform_inflow
primary::APC+SMAD4+TCF7L2+TP53	8	0.0006302686520129	0.0008469235011423499	0.7232187802564403	True	uniform_inflow
metastatic::APC+KRAS+PIK3CA+SOX9+TP53	4	0.0003151343260064	0.0008308086776533832	0.3686233653592754	False	uniform_inflow
primary::APC+BRAF+TCF7L2+TP53	2	0.0001575671630032	0.0008272276057669512	0.18510956875087828	False	uniform_inflow
primary::APC+NRAS+TCF7L2+TP53	8	0.0006302686520129	0.00082722760576695	0.7404382750036317	True	uniform_inflow
primary::APC+ARID1A+FBXW7+KRAS+TP53	4	0.0003151343260064	0.0008236465338805105	0.37182878592372465	False	uniform_inflow
metastatic::APC+KRAS+SMAD4+TCF7L2+TP53	7	0.0005514850705113	0.0008236465338805001	0.6507003753666444	True	uniform_inflow
metastatic::APC+KRAS+PIK3CA+TCF7L2+TP53	3	0.0002363507445048	0.0008236465338805	0.27887158944279705	False	uniform_inflow
primary::APC+NRAS+SOX9+TP53	7	0.0005514850705113	0.0008206623073084763	0.653066558546907	True	uniform_inflow
primary::KRAS+PIK3CA+SMAD4+TP53	7	0.0005514850705113	0.000820662307308475	0.653066558546908	True	uniform_inflow
primary::APC+SMAD4+SOX9+TP53	5	0.000393917907508	0.000820662307308475	0.46647611324770677	True	uniform_inflow
metastatic::APC+KRAS+SMAD4	25	0.0019695895375403	0.0008181371925167616	2.3395792716814308	True	uniform_inflow
primary::APC+PIK3CA	23	0.0018120223745371	0.0008159728084095785	2.1581222480565074	True	uniform_inflow
primary::APC+CTNNB1+FBXW7+KRAS+TP53	1	7.878358150161507e-05	0.0008093222463347664	0.09460245659362265	False	uniform_inflow
primary::APC+PIK3CA+RNF43+TP53	4	0.0003151343260064	0.0008009664119330858	0.38235746986370583	False	uniform_inflow
primary::APC+BRAF+SOX9+TP53	2	0.0001575671630032	0.0008009664119330776	0.1911787349318549	False	uniform_inflow
primary::BRAF+TCF7L2+TP53	1	7.878358150161507e-05	0.0007999563660163936	0.09571006111158478	False	uniform_inflow
primary::BRAF+TGFBR2+TP53	2	0.0001575671630032	0.0007938960905162694	0.19288134452833922	False	uniform_inflow
metastatic::APC+KRAS+NRAS	2	0.0001575671630032	0.0007938960905162693	0.19288134452833924	False	uniform_inflow
primary::APC+ARID1A+TCF7L2+TP53	5	0.000393917907508	0.0007878358150161429	0.4859126179416862	True	uniform_inflow
primary::APC+FBXW7+KRAS+PTEN+TP53	3	0.0002363507445048	0.0007878358150161377	0.2915475707650137	False	uniform_inflow
primary::APC+NRAS+SMAD4+TP53	9	0.0007090522335145	0.0007878358150161333	0.8746427122951692	True	uniform_inflow
metastatic::APC+KRAS+PTEN	6	0.0004727014890096	0.0007817755395160154	0.5876152589004459	True	uniform_inflow
primary::APC+PIK3CA+TGFBR2+TP53	1	7.878358150161507e-05	0.0007812705165576749	0.09799918344939758	False	uniform_inflow
primary::APC+BRAF+NRAS+TP53	4	0.0003151343260064	0.0007812705165576667	0.3919967337975194	False	uniform_inflow
metastatic::APC+CTNNB1+KRAS	4	0.0003151343260064	0.0007696549885157705	0.39791269499543425	False	uniform_inflow
metastatic::APC+FBXW7+KRAS	12	0.0009454029780193	0.0007635947130156473	1.2032121967596268	True	uniform_inflow
metastatic::APC+KRAS+SOX9	12	0.0009454029780193	0.0007635947130156473	1.2032121967596268	True	uniform_inflow
metastatic::APC+KRAS+TCF7L2	14	0.0011029701410226	0.0007635947130156462	1.4037475628863394	True	uniform_inflow
primary::APC+SMAD4	11	0.0008666193965177	0.0007596988216227071	1.108600639400158	True	uniform_inflow
primary::APC+FBXW7	8	0.0006302686520129	0.0007596988216227071	0.806255010472877	True	uniform_inflow
primary::APC+ARID1A+SOX9+TP53	8	0.0006302686520129	0.0007550093227238012	0.8112628055623493	True	uniform_inflow
primary::APC+CTNNB1+FBXW7+TP53	3	0.0002363507445048	0.0007550093227238012	0.30422355208583274	False	uniform_inflow
metastatic::APC+ARID1A+KRAS	3	0.0002363507445048	0.0007514741620154012	0.3056547112671254	False	uniform_inflow
metastatic::APC+KRAS+RNF43	3	0.0002363507445048	0.0007454138865152782	0.3081397089163695	False	uniform_inflow
primary::APC+ARID1A+BRAF+TP53	2	0.0001575671630032	0.0007418787258068596	0.20640535981740946	False	uniform_inflow
metastatic::APC+KRAS+TGFBR2	2	0.0001575671630032	0.0007393536110151562	0.207110296154626	False	uniform_inflow
primary::KRAS+PIK3CA	60	0.0047270148900969	0.0007371892269079642	6.231551130312968	True	uniform_inflow
primary::APC+PTEN	3	0.0002363507445048	0.0007315618282292785	0.3139743069470477	False	uniform_inflow
metastatic::APC+ARID1A+KRAS+SMAD4+TP53	2	0.0001575671630032	0.0007305386648331364	0.20960936458143287	False	uniform_inflow
primary::APC+BRAF+FBXW7+KRAS+TP53	1	7.878358150161507e-05	0.0007233765210602755	0.10584235241099056	False	uniform_inflow
primary::APC+RNF43	6	0.0004727014890096	0.0007203070308719	0.6377603109725736	True	uniform_inflow
primary::APC+FBXW7+KRAS+RNF43+TP53	1	7.878358150161507e-05	0.0007162143772873924	0.10690077593362404	False	uniform_inflow
primary::APC+FBXW7+PTEN+TP53	1	7.878358150161507e-05	0.0007156175319729999	0.10698993421200752	False	uniform_inflow
primary::APC+ARID1A+SMAD4+TP53	5	0.000393917907508	0.0007156175319729928	0.5349496710599405	True	uniform_inflow
primary::APC+SOX9	17	0.0013393208855274	0.0007146796321932143	1.8212157961435107	True	uniform_inflow
primary::APC+CTNNB1	4	0.0003151343260064	0.0007146796321932143	0.42852136379840905	False	uniform_inflow
primary::APC+NRAS	10	0.0007878358150161	0.0007090522335145285	1.0798058174960403	True	uniform_inflow
primary::APC+ARID1A+NRAS+TP53	5	0.000393917907508	0.0007090522335145262	0.5399029087479532	True	uniform_inflow
metastatic::APC+PIK3CA+SMAD4+TP53	2	0.0001575671630032	0.0007090522335145262	0.21596116349918132	False	uniform_inflow
metastatic::APC+KRAS+PIK3CA+SMAD4	16	0.0012605373040258	0.0007090522335145178	1.7276893079937452	True	uniform_inflow
metastatic::APC+NRAS+SMAD4+TP53	12	0.0009454029780193	0.0007090522335145166	1.2957669809952426	True	uniform_inflow
metastatic::APC+KRAS+PTEN+SMAD4+TP53	2	0.0001575671630032	0.0007018900897416469	0.2181648488378717	False	uniform_inflow
primary::APC+ARID1A	4	0.0003151343260064	0.0006977974361571572	0.4388888161335113	False	uniform_inflow
primary::APC+TCF7L2	8	0.0006302686520129	0.0006865426387997857	0.8921674294964806	True	uniform_inflow
primary::KRAS+SMAD4	21	0.0016544552115339	0.0006809152401210928	2.361294374320807	True	uniform_inflow
primary::FBXW7+KRAS	8	0.0006302686520129	0.0006809152401210928	0.8995407140269535	True	uniform_inflow
primary::APC+BRAF+RNF43+TP53	2	0.0001575671630032	0.0006762257412221846	0.22644471510985298	False	uniform_inflow
primary::BRAF+KRAS+SMAD4+TP53	1	7.878358150161507e-05	0.0006762257412221833	0.11322235755494837	False	uniform_inflow
metastatic::APC+NRAS+PIK3CA+TP53	7	0.0005514850705113	0.0006762257412221749	0.7925565028846405	True	uniform_inflow
primary::APC+FBXW7+RNF43+TP53	3	0.0002363507445048	0.0006696604427637275	0.342997141999652	False	uniform_inflow
metastatic::TP53	265	0.0208776490979279	0.0006617820846135601	30.658772315104464	True	uniform_inflow
metastatic::KRAS	65	0.0051209327976049	0.0006617820846135601	7.520076228233087	True	uniform_inflow
metastatic::APC	48	0.0037816119120775	0.0006617820846135601	5.553287060849102	True	uniform_inflow
metastatic::BRAF	28	0.0022059402820452	0.0006617820846135601	3.239417452161964	True	uniform_inflow
metastatic::PIK3CA	15	0.0011817537225242	0.0006617820846135601	1.7354022065153165	True	uniform_inflow
metastatic::SMAD4	13	0.0010241865595209	0.0006617820846135601	1.5040152456465	True	uniform_inflow
metastatic::NRAS	10	0.0007878358150161	0.0006617820846135601	1.1569348043434955	True	uniform_inflow
metastatic::ARID1A	5	0.000393917907508	0.0006617820846135601	0.5784674021716742	True	uniform_inflow
metastatic::SOX9	5	0.000393917907508	0.0006617820846135601	0.5784674021716742	True	uniform_inflow
metastatic::CTNNB1	3	0.0002363507445048	0.0006617820846135601	0.34708044130300464	False	uniform_inflow
metastatic::FBXW7	3	0.0002363507445048	0.0006617820846135601	0.34708044130300464	False	uniform_inflow
metastatic::PTEN	2	0.0001575671630032	0.0006617820846135601	0.23138696086866972	False	uniform_inflow
metastatic::RNF43	1	7.878358150161507e-05	0.0006617820846135601	0.115693480434357	False	uniform_inflow
metastatic::TCF7L2	1	7.878358150161507e-05	0.0006617820846135601	0.115693480434357	False	uniform_inflow
metastatic::APC+SMAD4+SOX9+TP53	10	0.0007878358150161	0.0006565298458467858	1.1661902827641457	True	uniform_inflow
metastatic::APC+BRAF+SMAD4+TP53	8	0.0006302686520129	0.0006565298458467762	0.9329522262113599	True	uniform_inflow
primary::KRAS+PTEN	7	0.0005514850705113	0.0006527782467276642	0.8210247680308301	True	uniform_inflow
primary::APC+ARID1A+KRAS+SOX9+TP53	6	0.0004727014890096	0.0006517550833315182	0.704840280783582	True	uniform_inflow
metastatic::APC+BRAF+KRAS+SMAD4+TP53	4	0.0003151343260064	0.0006445929395586574	0.47511455963119403	False	uniform_inflow
metastatic::APC+CTNNB1+KRAS+SMAD4+TP53	3	0.0002363507445048	0.0006445929395586574	0.35633591972339557	False	uniform_inflow
metastatic::APC+KRAS+PIK3CA+PTEN+TP53	6	0.0004727014890096	0.0006445929395586573	0.7126718394467912	True	uniform_inflow
metastatic::APC+ARID1A+KRAS+PIK3CA+TP53	4	0.0003151343260064	0.0006445929395586545	0.47511455963119614	False	uniform_inflow
metastatic::APC+CTNNB1+KRAS+PIK3CA+TP53	1	7.878358150161507e-05	0.0006445929395586456	0.1187786399078234	False	uniform_inflow
metastatic::APC+SMAD4+TCF7L2+TP53	4	0.0003151343260064	0.0006433992489298499	0.47599603376642746	False	uniform_inflow
primary::KRAS+RNF43	2	0.0001575671630032	0.0006415234493702856	0.23869391751629115	False	uniform_inflow
primary::BRAF+RNF43+SMAD4+TP53	8	0.0006302686520129	0.0006368339504713666	0.9618064187292985	True	uniform_inflow
metastatic::APC+KRAS	120	0.0094540297801938	0.0006358960506916	14.448375183975376	True	uniform_inflow
primary::CTNNB1+KRAS	9	0.0007090522335145	0.0006358960506916	1.0836281387981	True	uniform_inflow
primary::KRAS+SOX9	4	0.0003151343260064	0.0006358960506916	0.4816125061324209	False	uniform_inflow
metastatic::APC+KRAS+RNF43+SMAD4+TP53	2	0.0001575671630032	0.00062310650824003	0.2457489101409216	False	uniform_inflow
primary::KRAS+TGFBR2	4	0.0003151343260064	0.0006190138546555428	0.4947473926420836	False	uniform_inflow
primary::ARID1A+KRAS	3	0.0002363507445048	0.0006190138546555428	0.3710605444815627	False	uniform_inflow
metastatic::APC+PIK3CA+SOX9+TP53	4	0.0003151343260064	0.0006171380550959749	0.49625118410664865	False	uniform_inflow
metastatic::APC+FBXW7+KRAS+SOX9+TP53	4	0.0003151343260064	0.000615944364467156	0.4972129112060745	False	uniform_inflow
primary::KRAS+TCF7L2	3	0.0002363507445048	0.0006077590572981713	0.37793203603472864	False	uniform_inflow
metastatic::APC+PIK3CA+TCF7L2+TP53	8	0.0006302686520129	0.000597442159720575	1.0252222264514335	True	uniform_inflow
metastatic::APC+NRAS+SOX9+TP53	5	0.000393917907508	0.0005974421597205678	0.6407638915320519	True	uniform_inflow
primary::APC+BRAF+PTEN+TP53	5	0.000393917907508	0.0005974421597205666	0.6407638915320532	True	uniform_inflow
primary::FBXW7+KRAS+PIK3CA+TP53	10	0.0007878358150161	0.0005908768612620999	1.2957669806297714	True	uniform_inflow
metastatic::APC+FBXW7+KRAS+PIK3CA	5	0.000393917907508	0.0005908768612620928	0.6478834903148112	True	uniform_inflow
primary::APC+CTNNB1+KRAS+SOX9+TP53	1	7.878358150161507e-05	0.0005872957893756636	0.13036679987909722	False	uniform_inflow
metastatic::APC+FBXW7+KRAS+TCF7L2+TP53	2	0.0001575671630032	0.0005872957893756545	0.26073359975814864	False	uniform_inflow
primary::APC+ARID1A+KRAS+TCF7L2+TP53	5	0.000393917907508	0.0005872957893756468	0.6518339993953801	True	uniform_inflow
metastatic::APC+ARID1A+SMAD4+TP53	4	0.0003151343260064	0.0005843115628036345	0.5241304640649282	False	uniform_inflow
metastatic::APC+KRAS+PIK3CA+TCF7L2	6	0.0004727014890096	0.0005843115628036332	0.7861956960973941	True	uniform_inflow
metastatic::APC+KRAS+PIK3CA+SOX9	7	0.0005514850705113	0.0005843115628036262	0.917228312113804	True	uniform_inflow
metastatic::BRAF+SMAD4+TP53	18	0.001418104467029	0.0005817864480119231	2.3688240114011556	True	uniform_inflow
metastatic::APC+NRAS+TCF7L2+TP53	5	0.000393917907508	0.0005777462643451666	0.6626081150691964	True	uniform_inflow
primary::APC+FBXW7+KRAS+PIK3CA+SOX9+TP53	4	0.0003151343260064	0.0005751201449617701	0.5325069783162502	False	uniform_inflow
metastatic::APC+FBXW7+SMAD4+TP53	2	0.0001575671630032	0.0005711809658867	0.26808972011461657	False	uniform_inflow
primary::APC+CTNNB1+TCF7L2+TP53	1	7.878358150161507e-05	0.0005711809658867	0.13404486005733393	False	uniform_inflow
primary::APC+FBXW7+KRAS+PIK3CA+SMAD4+TP53	7	0.0005514850705113	0.0005672417868116	0.9448300899759933	True	uniform_inflow
primary::APC+KRAS+PTEN+SOX9+TP53	2	0.0001575671630032	0.0005658093580570377	0.27063487568082994	False	uniform_inflow
metastatic::BRAF+PIK3CA+TP53	1	7.878358150161507e-05	0.0005636056215115462	0.13584653828071394	False	uniform_inflow
primary::APC+CTNNB1+KRAS+TCF7L2+TP53	1	7.878358150161507e-05	0.0005586472142841651	0.13705227678400742	False	uniform_inflow
metastatic::APC+SOX9+TCF7L2+TP53	2	0.0001575671630032	0.0005580503689697679	0.27439771351777276	False	uniform_inflow
metastatic::KRAS+PIK3CA+SMAD4+TP53	8	0.0006302686520129	0.0005580503689697583	1.097590854071284	True	uniform_inflow
metastatic::APC+KRAS+PIK3CA+PTEN	5	0.000393917907508	0.00055805036896975	0.6859942837944538	True	uniform_inflow
metastatic::APC+FBXW7+PIK3CA+TP53	10	0.0007878358150161	0.0005514850705112929	1.388321764792642	True	uniform_inflow
primary::FBXW7+KRAS+SMAD4+TP53	4	0.0003151343260064	0.0005514850705112917	0.5553287059169876	False	uniform_inflow
primary::BRAF+KRAS+PIK3CA+TP53	3	0.0002363507445048	0.0005514850705112917	0.4164965294377407	False	uniform_inflow
primary::APC+PTEN+TCF7L2+TP53	2	0.0001575671630032	0.0005449197720528333	0.28100970660245206	False	uniform_inflow
primary::PIK3CA+SMAD4+TP53	9	0.0007090522335145	0.0005393645195110462	1.2775680059762413	True	uniform_inflow
metastatic::APC+ARID1A+PIK3CA+TP53	3	0.0002363507445048	0.0005317891751358916	0.43192232679531367	False	uniform_inflow
primary::BRAF+PIK3CA+SMAD4+TP53	2	0.0001575671630032	0.0005317891751358833	0.28794821786354696	False	uniform_inflow
primary::APC+KRAS+PTEN+TCF7L2+TP53	3	0.0002363507445048	0.0005299986391926637	0.4333815238425523	False	uniform_inflow
primary::KRAS+RNF43+SMAD4+TP53	5	0.000393917907508	0.0005252238766774167	0.7288689264499691	True	uniform_inflow
metastatic::APC+CTNNB1+KRAS+PIK3CA	3	0.0002363507445048	0.0005252238766774165	0.4373213558699817	False	uniform_inflow
metastatic::BRAF+KRAS	2	0.0001575671630032	0.0005233480771178643	0.29259254394923995	False	uniform_inflow
primary::APC+KRAS+NRAS+SOX9+TP53	1	7.878358150161507e-05	0.0005228364954198001	0.14643941901153185	False	uniform_inflow
primary::APC+FBXW7+KRAS+PIK3CA+SMAD4	3	0.0002363507445048	0.0005228364954197923	0.43931825703451816	False	uniform_inflow
primary::APC+KRAS+PIK3CA+SMAD4+SOX9	7	0.0005514850705113	0.0005228364954197833	1.025075933080746	True	uniform_inflow
metastatic::APC+ARID1A+NRAS+TP53	1	7.878358150161507e-05	0.0005186585782189512	0.14761902307494468	False	uniform_inflow
primary::APC+CTNNB1+SMAD4+TP53	2	0.0001575671630032	0.0005186585782189499	0.2952380461498336	False	uniform_inflow
primary::KRAS+PIK3CA+SMAD4	14	0.0011029701410226	0.0005151234175105538	2.0808493271994264	True	uniform_inflow
metastatic::APC+KRAS+NRAS+PIK3CA	1	7.878358150161507e-05	0.0005120932797604833	0.14951157464913292	False	uniform_inflow
metastatic::APC+BRAF+KRAS+PIK3CA	1	7.878358150161507e-05	0.0005055279813020178	0.15145328340696834	False	uniform_inflow
primary::APC+CTNNB1+NRAS+TP53	2	0.0001575671630032	0.0005055279813020167	0.3029065668138794	False	uniform_inflow
metastatic::APC+FBXW7+NRAS+TP53	2	0.0001575671630032	0.0005055279813020166	0.30290656681387945	False	uniform_inflow
primary::APC+KRAS+PIK3CA+SMAD4+SOX9+TP53	4	0.0003151343260064	0.0005042149216103215	0.6073907719934541	False	uniform_inflow
metastatic::APC+BRAF+PIK3CA+TP53	12	0.0009454029780193	0.0004989626828435525	1.841353077162943	True	uniform_inflow
metastatic::APC+ARID1A+KRAS+PIK3CA	2	0.0001575671630032	0.00049896268284355	0.3068921795271262	False	uniform_inflow
primary::CTNNB1+KRAS+PIK3CA+TP53	12	0.0009454029780193	0.0004989626828435416	1.841353077162983	True	uniform_inflow
primary::BRAF+KRAS+PIK3CA	2	0.0001575671630032	0.0004969425910101858	0.30813970870967894	False	uniform_inflow
primary::BRAF+PIK3CA	21	0.0016544552115339	0.0004952110837244285	3.2467797629030293	True	uniform_inflow
metastatic::APC+KRAS+SOX9+TCF7L2+TP53	2	0.0001575671630032	0.0004941879203283	0.3098573213523066	False	uniform_inflow
metastatic::APC+ARID1A+TCF7L2+TP53	6	0.0004727014890096	0.0004923973843850845	0.9329522257375289	True	uniform_inflow
metastatic::APC+ARID1A+SOX9+TP53	2	0.0001575671630032	0.0004923973843850845	0.31098407524584293	False	uniform_inflow
primary::APC+TCF7L2+TGFBR2+TP53	1	7.878358150161507e-05	0.0004923973843850833	0.1554920376229516	False	uniform_inflow
metastatic::APC+KRAS+PIK3CA+TGFBR2	2	0.0001575671630032	0.0004923973843850832	0.3109840752458438	False	uniform_inflow
metastatic::APC+FBXW7+SOX9+TP53	4	0.0003151343260064	0.0004858320859266179	0.6303731254810286	False	uniform_inflow
metastatic::APC+BRAF+NRAS+TP53	2	0.0001575671630032	0.0004858320859266096	0.3151865627405197	False	uniform_inflow
metastatic::BRAF+NRAS+TP53	2	0.0001575671630032	0.0004848220400099308	0.3158432014115359	False	uniform_inflow
primary::APC+BRAF+KRAS+SOX9+TP53	4	0.0003151343260064	0.0004798636327825482	0.6382135872244147	False	uniform_inflow
primary::APC+FBXW7+KRAS+PIK3CA+SOX9	11	0.0008666193965177	0.00047986363278254687	1.7550873648673477	True	uniform_inflow
primary::APC+PTEN+SMAD4+TP53	3	0.0002363507445048	0.00047926678746815124	0.47925628031795264	False	uniform_inflow
metastatic::APC+FBXW7+TCF7L2+TP53	5	0.000393917907508	0.00047926678746814993	0.7987604671965899	True	uniform_inflow
primary::APC+KRAS+SMAD4+SOX9	12	0.0009454029780193	0.00047926678746814164	1.9170251212720515	True	uniform_inflow
primary::FBXW7+SMAD4+TP53	2	0.0001575671630032	0.00047876176450980775	0.31984121661092535	False	uniform_inflow
primary::APC+NRAS+PTEN+TP53	4	0.0003151343260064	0.00047270148900968465	0.6478834900406775	False	uniform_inflow
metastatic::BRAF+RNF43+TP53	21	0.0016544552115339	0.00046664121350955385	3.4455621969405223	True	uniform_inflow
primary::CTNNB1+SMAD4+TP53	3	0.0002363507445048	0.0004605809380094385	0.4986997916482823	False	uniform_inflow
primary::APC+ARID1A+CTNNB1+TP53	2	0.0001575671630032	0.00045957089209274415	0.33319722342935537	False	uniform_inflow
primary::APC+FBXW7+KRAS+SMAD4	3	0.0002363507445048	0.00045957089209274285	0.49979583514403453	False	uniform_inflow
primary::BRAF+PIK3CA+RNF43+TP53	6	0.0004727014890096	0.0004595708920927346	0.999591670288087	True	uniform_inflow
primary::CTNNB1+KRAS+SMAD4+TP53	4	0.0003151343260064	0.00045957089209273456	0.6663944468587246	False	uniform_inflow
metastatic::APC+RNF43+SMAD4+TP53	1	7.878358150161507e-05	0.0004530055936342679	0.16901308434292933	False	uniform_inflow
metastatic::APC+ARID1A+FBXW7+KRAS+TP53	2	0.0001575671630032	0.00045121505769105455	0.3393675423680785	False	uniform_inflow
primary::APC+KRAS+SOX9+TGFBR2+TP53	2	0.0001575671630032	0.00045121505769105455	0.3393675423680785	False	uniform_inflow
metastatic::KRAS+PIK3CA	29	0.0022847238635468	0.00045019189429493564	4.93201306741386	True	uniform_inflow
metastatic::BRAF+FBXW7+TP53	3	0.0002363507445048	0.0004484603870091858	0.5121781643654834	False	uniform_inflow
metastatic::APC+BRAF+TCF7L2+TP53	2	0.0001575671630032	0.00044644029517580956	0.3429971417435609	False	uniform_inflow
primary::APC+NRAS+RNF43+TP53	1	7.878358150161507e-05	0.00044644029517580837	0.17149857087181372	False	uniform_inflow
primary::KRAS+PIK3CA+PTEN+TP53	7	0.0005514850705113	0.00044644029517579997	1.2004899961027067	True	uniform_inflow
primary::KRAS+PIK3CA+RNF43+TP53	1	7.878358150161507e-05	0.00043987499671734417	0.17405825102825906	False	uniform_inflow
primary::APC+KRAS+SMAD4+TCF7L2	3	0.0002363507445048	0.0004398749967173416	0.5221747530846803	False	uniform_inflow
metastatic::APC+BRAF+SOX9+TP53	2	0.0001575671630032	0.0004398749967173416	0.34811650205645356	False	uniform_inflow
metastatic::KRAS+SMAD4	11	0.0008666193965177	0.0004389370969375571	1.9187318740392534	True	uniform_inflow
primary::BRAF+FBXW7	10	0.0007878358150161	0.0004389370969375571	1.7443017036720687	True	uniform_inflow
primary::BRAF+SMAD4	9	0.0007090522335145	0.0004389370969375571	1.569871533304884	True	uniform_inflow
metastatic::APC+CTNNB1+SMAD4+TP53	1	7.878358150161507e-05	0.000433309698258875	0.17669549724987424	False	uniform_inflow
primary::KRAS+PTEN+SMAD4+TP53	2	0.0001575671630032	0.00043330969825886793	0.35339099449968664	False	uniform_inflow
primary::APC+BRAF+TGFBR2+TP53	1	7.878358150161507e-05	0.0004333096982588667	0.17669549724987763	False	uniform_inflow
primary::FBXW7+KRAS+PIK3CA	7	0.0005514850705113	0.0004302795605088154	1.245578822142583	True	uniform_inflow
metastatic::BRAF+PTEN+TP53	6	0.0004727014890096	0.0004302795605088154	1.0676389904077346	True	uniform_inflow
primary::KRAS+PIK3CA+PTEN	6	0.0004727014890096	0.0004302795605088154	1.0676389904077346	True	uniform_inflow
primary::FBXW7+PIK3CA+TP53	5	0.000393917907508	0.0004302795605088077	0.889699158673128	True	uniform_inflow
primary::APC+KRAS+RNF43+TCF7L2+TP53	2	0.0001575671630032	0.0004297286263724287	0.3563359194469996	False	uniform_inflow
metastatic::APC+BRAF	3	0.0002363507445048	0.0004276822995801929	0.5370613139930693	False	uniform_inflow
primary::CTNNB1+KRAS+PIK3CA	12	0.0009454029780193	0.0004242192850086935	2.1657819518982873	True	uniform_inflow
primary::NRAS+SMAD4+TP53	2	0.0001575671630032	0.00042421928500869236	0.36096365864967733	False	uniform_inflow
primary::APC+BRAF+KRAS+TCF7L2+TP53	1	7.878358150161507e-05	0.0004225664825995546	0.1811877556439052	False	uniform_inflow
metastatic::APC+ARID1A+FBXW7+TP53	4	0.0003151343260064	0.00042017910134193454	0.7288689261030347	False	uniform_inflow
primary::APC+KRAS+PIK3CA+SMAD4+TCF7L2+TP53	2	0.0001575671630032	0.0004175529819585515	0.36672650369414733	False	uniform_inflow
primary::BRAF+PTEN+SMAD4+TP53	5	0.000393917907508	0.00041361380288346795	0.9255478426355535	True	uniform_inflow
metastatic::APC+CTNNB1+PIK3CA+TP53	3	0.0002363507445048	0.00041361380288346665	0.5553287055813338	False	uniform_inflow
primary::RNF43+SMAD4+TP53	11	0.0008666193965177	0.0004120987340084462	2.0436913025074412	True	uniform_inflow
metastatic::ARID1A+BRAF+TP53	5	0.000393917907508	0.00041209873400843965	0.9289505920487444	True	uniform_inflow
primary::BRAF+PTEN	13	0.0010241865595209	0.0004108001035441285	2.422906749653985	True	uniform_inflow
primary::BRAF+KRAS+RNF43+TP53	1	7.878358150161507e-05	0.000407048504425	0.18809520672186208	False	uniform_inflow
primary::APC+ARID1A+RNF43+TP53	3	0.0002363507445048	0.00040704850442499995	0.5642856201654785	False	uniform_inflow
primary::APC+KRAS+TCF7L2+TGFBR2+TP53	1	7.878358150161507e-05	0.0004010800512809378	0.19089424252919707	False	uniform_inflow
primary::ARID1A+KRAS+SMAD4+TP53	1	7.878358150161507e-05	0.00040048320596653455	0.1911787346932084	False	uniform_inflow
primary::CTNNB1+PIK3CA+TP53	2	0.0001575671630032	0.00039997818300819345	0.3828402439676927	False	uniform_inflow
primary::BRAF+RNF43	7	0.0005514850705113	0.00039954530618674996	1.3413925774522295	True	uniform_inflow
primary::KRAS+PIK3CA+SOX9	3	0.0002363507445048	0.0003939179075080704	0.5830951407899024	False	uniform_inflow
primary::ARID1A+KRAS+PIK3CA	3	0.0002363507445048	0.00039391790750806926	0.5830951407899041	False	uniform_inflow
primary::APC+KRAS+PTEN+SMAD4	3	0.0002363507445048	0.00039391790750806666	0.5830951407899079	False	uniform_inflow
metastatic::APC+ARID1A+KRAS+SOX9+TP53	1	7.878358150161507e-05	0.0003939179075080664	0.1943650469300066	False	uniform_inflow
primary::BRAF+SOX9	5	0.000393917907508	0.0003939179075080642	0.9718252346498525	True	uniform_inflow
metastatic::ARID1A+KRAS	1	7.878358150161507e-05	0.0003939179075080642	0.19436504693000767	False	uniform_inflow
metastatic::KRAS+SOX9	1	7.878358150161507e-05	0.0003939179075080642	0.19436504693000767	False	uniform_inflow
primary::APC+FBXW7+KRAS+PIK3CA+TCF7L2+TP53	1	7.878358150161507e-05	0.00039391790750806005	0.19436504693000975	False	uniform_inflow
primary::BRAF+NRAS	1	7.878358150161507e-05	0.00038829050882937854	0.1971819316608687	False	uniform_inflow
primary::PTEN+SMAD4+TP53	1	7.878358150161507e-05	0.0003878576320079462	0.19740200078045592	False	uniform_inflow
metastatic::BRAF+KRAS+SMAD4+TP53	1	7.878358150161507e-05	0.00038735260904959997	0.19765936975082338	False	uniform_inflow
metastatic::CTNNB1+KRAS+SMAD4+TP53	1	7.878358150161507e-05	0.00038735260904959997	0.19765936975082338	False	uniform_inflow
metastatic::APC+BRAF+FBXW7+TP53	5	0.000393917907508	0.00038735260904959167	0.9882968487539489	True	uniform_inflow
primary::BRAF+FBXW7+SMAD4+TP53	2	0.0001575671630032	0.00038735260904959167	0.3953187395015796	False	uniform_inflow
primary::APC+FBXW7+KRAS+PIK3CA+TCF7L2	5	0.000393917907508	0.0003867557637351923	0.9898219982079417	True	uniform_inflow
metastatic::APC+CTNNB1+FBXW7+KRAS+TP53	1	7.878358150161507e-05	0.00038675576373519094	0.19796439964162693	False	uniform_inflow
metastatic::CTNNB1+KRAS	6	0.0004727014890096	0.0003826631101506928	1.2004899956542956	True	uniform_inflow
metastatic::FBXW7+KRAS	5	0.000393917907508	0.0003826631101506928	1.0004083297119128	True	uniform_inflow
primary::KRAS+PIK3CA+RNF43	1	7.878358150161507e-05	0.00038179735650782426	0.2005353658640011	False	uniform_inflow
primary::KRAS+NRAS+PIK3CA+TP53	1	7.878358150161507e-05	0.0003807873105911358	0.2010672899099894	False	uniform_inflow
metastatic::APC+PIK3CA+PTEN+TP53	1	7.878358150161507e-05	0.000380787310591125	0.20106728990999512	False	uniform_inflow
primary::APC+FBXW7+KRAS+SMAD4+SOX9+TP53	4	0.0003151343260064	0.00037816119120773006	0.8098543621225729	False	uniform_inflow
metastatic::KRAS+PTEN	6	0.0004727014890096	0.0003770357114720071	1.2184077567359384	True	uniform_inflow
primary::ARID1A+BRAF	6	0.0004727014890096	0.0003770357114720071	1.2184077567359384	True	uniform_inflow
primary::BRAF+TGFBR2	2	0.0001575671630032	0.0003770357114720071	0.4061359189119794	False	uniform_inflow
metastatic::BRAF+TGFBR2+TP53	1	7.878358150161507e-05	0.0003757370810077	0.20376980724029614	False	uniform_inflow
primary::KRAS+NRAS+PIK3CA	1	7.878358150161507e-05	0.0003757370810077	0.20376980724029614	False	uniform_inflow
primary::APC+BRAF+FBXW7+PIK3CA+TP53	4	0.0003151343260064	0.00037243147618943635	0.8223136599679163	False	uniform_inflow
metastatic::KRAS+TCF7L2	2	0.0001575671630032	0.0003714083127933225	0.4122894934243783	False	uniform_inflow
metastatic::KRAS+RNF43	1	7.878358150161507e-05	0.0003714083127933225	0.2061447467122286	False	uniform_inflow
primary::NRAS+PIK3CA+TP53	7	0.0005514850705113	0.0003696768055075692	1.4497720711218156	True	uniform_inflow
metastatic::APC+PIK3CA+RNF43+TP53	2	0.0001575671630032	0.00036765671367419294	0.41649652906012874	False	uniform_inflow
metastatic::KRAS+RNF43+SMAD4+TP53	4	0.0003151343260064	0.0003676567136741917	0.8329930581202604	False	uniform_inflow
primary::BRAF+PTEN+RNF43+TP53	3	0.0002363507445048	0.0003676567136741917	0.6247447935901953	False	uniform_inflow
metastatic::KRAS+TGFBR2	1	7.878358150161507e-05	0.00036578091411463567	0.20931620434528486	False	uniform_inflow
primary::BRAF+TCF7L2	1	7.878358150161507e-05	0.00036578091411463567	0.20931620434528486	False	uniform_inflow
primary::APC+KRAS+PIK3CA+SMAD4+TCF7L2	8	0.0006302686520129	0.0003652693324165651	1.6768749143563484	True	uniform_inflow
primary::APC+ARID1A+FBXW7+KRAS+PIK3CA	2	0.0001575671630032	0.000365269332416565	0.41921872858902065	False	uniform_inflow
metastatic::APC+BRAF+FBXW7+KRAS+TP53	1	7.878358150161507e-05	0.00036526933241656367	0.2096093642945512	False	uniform_inflow
primary::APC+BRAF+KRAS+SMAD4	3	0.0002363507445048	0.000361091415215725	0.6361037898058306	False	uniform_inflow
primary::KRAS+SMAD4+TGFBR2+TP53	1	7.878358150161507e-05	0.000361091415215725	0.21203459660198407	False	uniform_inflow
metastatic::CTNNB1+KRAS+PIK3CA+TP53	4	0.0003151343260064	0.00036109141521571664	0.8481383864077936	False	uniform_inflow
primary::APC+ARID1A+KRAS+PIK3CA+SOX9	5	0.000393917907508	0.0003581071886436741	1.069007757843521	True	uniform_inflow
primary::APC+BRAF+PIK3CA	8	0.0006302686520129	0.0003575562545073231	1.7130478708052086	True	uniform_inflow
primary::CTNNB1+FBXW7+TP53	3	0.0002363507445048	0.0003575562545073231	0.6423929515518513	False	uniform_inflow
metastatic::APC+PIK3CA	4	0.0003151343260064	0.00035452611675726426	0.8638446527784137	False	uniform_inflow
metastatic::KRAS+PTEN+SMAD4+TP53	6	0.0004727014890096	0.0003545261167572583	1.2957669791676425	True	uniform_inflow
metastatic::APC+CTNNB1+SOX9+TP53	1	7.878358150161507e-05	0.0003545261167572583	0.21596116319464836	False	uniform_inflow
primary::BRAF+FBXW7+RNF43+TP53	6	0.0004727014890096	0.0003545261167572513	1.2957669791676678	True	uniform_inflow
primary::APC+KRAS+PIK3CA+SOX9+TCF7L2+TP53	1	7.878358150161507e-05	0.00035452611675725	0.2159611631946534	False	uniform_inflow
primary::PIK3CA+RNF43+TP53	1	7.878358150161507e-05	0.00035149597900720116	0.2178228973548198	False	uniform_inflow
primary::APC+CTNNB1+KRAS+SMAD4	1	7.878358150161507e-05	0.0003479608182987929	0.22003590211113744	False	uniform_inflow
primary::APC+FBXW7+KRAS+SOX9	5	0.000393917907508	0.00034796081829878585	1.100179510555499	True	uniform_inflow
metastatic::APC+NRAS+PTEN+TP53	3	0.0002363507445048	0.00034796081829878585	0.6601077063332994	False	uniform_inflow
primary::ARID1A+BRAF+RNF43+TP53	4	0.0003151343260064	0.000347960818298775	0.8801436084444266	False	uniform_inflow
primary::ARID1A+SMAD4+TP53	1	7.878358150161507e-05	0.000345435703507077	0.22164435168331537	False	uniform_inflow
metastatic::APC+SMAD4	4	0.0003151343260064	0.0003432713193998857	0.89216742819685	False	uniform_inflow
metastatic::APC+CTNNB1+TCF7L2+TP53	2	0.0001575671630032	0.00034139551984032495	0.4485347235093669	False	uniform_inflow
primary::APC+ARID1A+KRAS+PIK3CA+SOX9+TP53	2	0.0001575671630032	0.0003387694004569215	0.4520117368596627	False	uniform_inflow
primary::APC+ARID1A+KRAS+SMAD4	2	0.0001575671630032	0.0003348302213818583	0.4573295219832825	False	uniform_inflow
primary::FBXW7+NRAS+TP53	1	7.878358150161507e-05	0.00033331515250682313	0.2297041462658045	False	uniform_inflow
primary::PIK3CA+PTEN+TP53	3	0.0002363507445048	0.0003333151525068231	0.6891124387972818	False	uniform_inflow
primary::APC+KRAS+PIK3CA+PTEN+SMAD4+TP53	2	0.0001575671630032	0.00033089104230676	0.46277392103808296	False	uniform_inflow
primary::APC+KRAS+PIK3CA+SOX9+TCF7L2	5	0.000393917907508	0.00032945861355219226	1.1619649538955463	True	uniform_inflow
primary::APC+KRAS+SOX9+TCF7L2	3	0.0002363507445048	0.00032826492292338457	0.6997141685926398	False	uniform_inflow
primary::ARID1A+BRAF+SMAD4+TP53	2	0.0001575671630032	0.00032826492292338457	0.46647611239509323	False	uniform_inflow
metastatic::PIK3CA+SMAD4+TP53	2	0.0001575671630032	0.00032725487700670773	0.46791585347831793	False	uniform_inflow
metastatic::APC+NRAS	11	0.0008666193965177	0.00032638912336382855	2.5803635527152866	True	uniform_inflow
primary::APC+ARID1A+FBXW7+KRAS+PIK3CA+TP53	2	0.0001575671630032	0.00032301268415660156	0.4740610898089428	False	uniform_inflow
primary::APC+BRAF+PIK3CA+SMAD4+TP53	1	7.878358150161507e-05	0.0003222964697793091	0.23755727944711846	False	uniform_inflow
metastatic::APC+PIK3CA+TGFBR2+TP53	1	7.878358150161507e-05	0.00032169962446492497	0.23799801651335203	False	uniform_inflow
metastatic::FBXW7+KRAS+SMAD4+TP53	1	7.878358150161507e-05	0.00032169962446492497	0.23799801651335203	False	uniform_inflow
primary::APC+FBXW7+KRAS+TCF7L2	2	0.0001575671630032	0.00032169962446491787	0.4759960330266235	False	uniform_inflow
primary::BRAF+PIK3CA+PTEN+TP53	6	0.0004727014890096	0.00032169962446490833	1.427988099079913	True	uniform_inflow
primary::APC+FBXW7+KRAS+PIK3CA+PTEN	2	0.0001575671630032	0.00031513432600645594	0.48591261701653476	False	uniform_inflow
primary::FBXW7+KRAS+RNF43+TP53	3	0.0002363507445048	0.0003151343260064512	0.7288689255248131	False	uniform_inflow
metastatic::APC+RNF43+SOX9+TP53	1	7.878358150161507e-05	0.00031513432600645	0.24295630850831848	False	uniform_inflow
metastatic::APC+RNF43+TCF7L2+TP53	1	7.878358150161507e-05	0.00031513432600645	0.24295630850831848	False	uniform_inflow
primary::APC+KRAS+PIK3CA+PTEN+SMAD4	6	0.0004727014890096	0.00031513432600644825	1.4577378510496402	True	uniform_inflow
metastatic::FBXW7+KRAS+PIK3CA+TP53	7	0.0005514850705113	0.00031513432600644163	1.7006941595582574	True	uniform_inflow
metastatic::KRAS+PIK3CA+PTEN+TP53	1	7.878358150161507e-05	0.00031513432600644163	0.2429563085083249	False	uniform_inflow
primary::CTNNB1+NRAS+TP53	2	0.0001575671630032	0.0003090740505063319	0.4954403153585812	False	uniform_inflow
primary::FBXW7+RNF43+TP53	1	7.878358150161507e-05	0.0003090740505063308	0.2477201576793389	False	uniform_inflow
metastatic::ARID1A+KRAS+SMAD4+TP53	2	0.0001575671630032	0.0003085690275479846	0.49625118330253637	False	uniform_inflow
primary::BRAF+FBXW7+KRAS+TP53	1	7.878358150161507e-05	0.0003085690275479833	0.24812559165131667	False	uniform_inflow
primary::BRAF+NRAS+RNF43+TP53	1	7.878358150161507e-05	0.00030856902754797504	0.2481255916513233	False	uniform_inflow
metastatic::BRAF+RNF43+SMAD4+TP53	3	0.0002363507445048	0.000308569027547975	0.7443767749538277	False	uniform_inflow
primary::APC+ARID1A+KRAS+PIK3CA+SMAD4+TP53	2	0.0001575671630032	0.00030725596785629	0.49837191484821075	False	uniform_inflow
primary::SMAD4+TCF7L2+TP53	2	0.0001575671630032	0.00030301377500620774	0.505349121633052	False	uniform_inflow
primary::CTNNB1+FBXW7+KRAS+TP53	1	7.878358150161507e-05	0.00030200372908950954	0.2535196262345765	False	uniform_inflow
primary::APC+CTNNB1+KRAS+PTEN+TP53	2	0.0001575671630032	0.0003008100384607027	0.5090513129880289	False	uniform_inflow
metastatic::APC+SOX9	5	0.000393917907508	0.00029825212997039284	1.2835427616999349	True	uniform_inflow
metastatic::APC+ARID1A	3	0.0002363507445048	0.00029825212997039284	0.7701256570199609	False	uniform_inflow
metastatic::APC+KRAS+RNF43+SOX9+TP53	1	7.878358150161507e-05	0.00029364789468783	0.26073359931423984	False	uniform_inflow
primary::APC+BRAF+PIK3CA+PTEN+TP53	1	7.878358150161507e-05	0.0002936478946878091	0.26073359931425844	False	uniform_inflow
primary::APC+FBXW7+KRAS+PIK3CA+PTEN+TP53	1	7.878358150161507e-05	0.0002914992515559615	0.2626554685900671	False	uniform_inflow
primary::CTNNB1+RNF43+TP53	1	7.878358150161507e-05	0.00029089322400596153	0.26320266748107074	False	uniform_inflow
primary::ARID1A+PIK3CA+TP53	1	7.878358150161507e-05	0.00029089322400595384	0.2632026674810777	False	uniform_inflow
primary::BRAF+FBXW7+PIK3CA+TP53	5	0.000393917907508	0.00028887313217256666	1.3252162278447006	True	uniform_inflow
metastatic::APC+CTNNB1	1	7.878358150161507e-05	0.0002869973326130214	0.2667755543575077	False	uniform_inflow
metastatic::APC+FBXW7	1	7.878358150161507e-05	0.0002869973326130214	0.2667755543575077	False	uniform_inflow
primary::FBXW7+PTEN+TP53	2	0.0001575671630032	0.00028483294850583084	0.537605448432562	False	uniform_inflow
metastatic::KRAS+PIK3CA+RNF43+TP53	1	7.878358150161507e-05	0.00028230783371410956	0.2712070419557285	False	uniform_inflow
metastatic::APC+PTEN	3	0.0002363507445048	0.0002813699339343357	0.8163331962769269	False	uniform_inflow
primary::APC+BRAF+FBXW7+KRAS+PIK3CA	1	7.878358150161507e-05	0.0002793236071420846	0.2741045530773551	False	uniform_inflow
primary::APC+CTNNB1+FBXW7+KRAS+PIK3CA	1	7.878358150161507e-05	0.0002793236071420832	0.27410455307735654	False	uniform_inflow
metastatic::NRAS+PIK3CA+TP53	5	0.000393917907508	0.0002787726730057089	1.3732313083913992	True	uniform_inflow
metastatic::APC+TCF7L2	4	0.0003151343260064	0.0002757425352556511	1.1106574098200148	False	uniform_inflow
metastatic::APC+RNF43	2	0.0001575671630032	0.0002757425352556511	0.5553287049100074	False	uniform_inflow
primary::BRAF+RNF43+TCF7L2+TP53	1	7.878358150161507e-05	0.00027574253525564546	0.27766435245506244	False	uniform_inflow
primary::BRAF+RNF43+SOX9+TP53	2	0.0001575671630032	0.00027574253525564297	0.5553287049100236	False	uniform_inflow
primary::BRAF+RNF43+TGFBR2+TP53	2	0.0001575671630032	0.0002757425352556429	0.5553287049100237	False	uniform_inflow
metastatic::APC+ARID1A+CTNNB1+TP53	1	7.878358150161507e-05	0.0002757425352556416	0.2776643524550663	False	uniform_inflow
metastatic::NRAS+SMAD4+TP53	4	0.0003151343260064	0.00027271239750558464	1.12299804766167	False	uniform_inflow
metastatic::APC+TGFBR2	1	7.878358150161507e-05	0.0002701151365769643	0.2834490264431216	False	uniform_inflow
primary::FBXW7+KRAS+PTEN+TP53	3	0.0002363507445048	0.00026917723679717497	0.8533099611277304	False	uniform_inflow
metastatic::APC+KRAS+SMAD4+SOX9	7	0.0005514850705113	0.0002691772367971679	1.9910565759651175	True	uniform_inflow
primary::APC+KRAS+PIK3CA+PTEN+SOX9+TP53	2	0.0001575671630032	0.00026786417710548	0.5716619020522877	False	uniform_inflow
primary::APC+FBXW7+KRAS+SMAD4+TCF7L2+TP53	1	7.878358150161507e-05	0.00026786417710548	0.28583095102619854	False	uniform_inflow
primary::APC+ARID1A+KRAS+PIK3CA+TCF7L2+TP53	3	0.0002363507445048	0.00026786417710547155	0.8574928530784587	False	uniform_inflow
primary::CTNNB1+PTEN+TP53	1	7.878358150161507e-05	0.0002666521220054616	0.2871301826168929	False	uniform_inflow
primary::APC+BRAF+PIK3CA+RNF43+TP53	1	7.878358150161507e-05	0.00026499931959631954	0.28892101534996817	False	uniform_inflow
metastatic::APC+KRAS+SMAD4+TCF7L2	2	0.0001575671630032	0.00026261193833870957	0.5830951400497887	False	uniform_inflow
metastatic::CTNNB1+PIK3CA+TP53	4	0.0003151343260064	0.00026059184650533963	1.1752305147943187	False	uniform_inflow
primary::APC+KRAS+PIK3CA+PTEN+SOX9	4	0.0003151343260064	0.0002578371758234573	1.1877863963139725	False	uniform_inflow
primary::APC+CTNNB1+KRAS+PIK3CA+SMAD4	2	0.0001575671630032	0.0002578371758234573	0.5938931981569863	False	uniform_inflow
primary::APC+BRAF+NRAS+PIK3CA+TP53	3	0.0002363507445048	0.00025783717582345456	0.8908397972354891	False	uniform_inflow
primary::APC+ARID1A+KRAS+PIK3CA+TCF7L2	1	7.878358150161507e-05	0.00025783717582344816	0.2969465990785605	False	uniform_inflow
metastatic::APC+BRAF+PTEN+TP53	2	0.0001575671630032	0.000256046639880225	0.5980462974286098	False	uniform_inflow
primary::NRAS+RNF43+TP53	4	0.0003151343260064	0.0002545315710052154	1.2032121936080593	False	uniform_inflow
primary::APC+CTNNB1+KRAS+PIK3CA+SOX9+TP53	3	0.0002363507445048	0.0002521074608051615	0.9110861561832385	False	uniform_inflow
primary::ARID1A+FBXW7+KRAS+TP53	1	7.878358150161507e-05	0.0002494813414217775	0.3068921789121215	False	uniform_inflow
metastatic::APC+FBXW7+RNF43+TP53	1	7.878358150161507e-05	0.00024948134142176794	0.3068921789121332	False	uniform_inflow
primary::APC+PIK3CA+SOX9	3	0.0002363507445048	0.0002484712955050858	0.9244191242688502	False	uniform_inflow
primary::ARID1A+FBXW7+TP53	1	7.878358150161507e-05	0.0002484712955050858	0.30813970808967567	False	uniform_inflow
metastatic::BRAF+KRAS+PIK3CA+TP53	1	7.878358150161507e-05	0.00024291604296330124	0.3151865620918285	False	uniform_inflow
metastatic::APC+FBXW7+KRAS+SMAD4	2	0.0001575671630032	0.0002429160429633	0.6303731241835395	False	uniform_inflow
primary::FBXW7+SOX9+TP53	2	0.0001575671630032	0.00024241102000496158	0.6316864015201574	False	uniform_inflow
metastatic::RNF43+SMAD4+TP53	6	0.0004727014890096	0.00024241102000496155	1.8950592045604726	True	uniform_inflow
metastatic::FBXW7+PIK3CA+TP53	3	0.0002363507445048	0.00024241102000496155	0.9475296022802363	False	uniform_inflow
metastatic::KRAS+PIK3CA+SMAD4	9	0.0007090522335145	0.00024241102000496152	2.84258880684111	True	uniform_inflow
metastatic::BRAF+PIK3CA	4	0.0003151343260064	0.00024197814318352857	1.265632861712598	False	uniform_inflow
primary::PIK3CA+TCF7L2+TP53	3	0.0002363507445048	0.00023635074450483845	0.971825233005136	False	uniform_inflow
primary::BRAF+KRAS+PTEN+TP53	1	7.878358150161507e-05	0.00023635074450483332	0.3239417443351143	False	uniform_inflow
primary::APC+KRAS+PIK3CA+RNF43+SMAD4+TP53	1	7.878358150161507e-05	0.0002363507445048315	0.32394174433511674	False	uniform_inflow
primary::APC+BRAF+PIK3CA+SOX9+TP53	2	0.0001575671630032	0.00023635074450482864	0.6478834886701175	False	uniform_inflow
metastatic::BRAF+SMAD4	7	0.0005514850705113	0.00023072334582615	2.322899337187638	True	uniform_inflow
primary::CTNNB1+SOX9+TP53	1	7.878358150161507e-05	0.00023029046900471657	0.3324665270437473	False	uniform_inflow
primary::BRAF+PIK3CA+PTEN	3	0.0002363507445048	0.0002302904690047077	0.9973995811310896	False	uniform_inflow
primary::APC+PIK3CA+SMAD4	2	0.0001575671630032	0.0002302904690047077	0.664933054087393	False	uniform_inflow
metastatic::KRAS+PIK3CA+SOX9+TP53	1	7.878358150161507e-05	0.00022978544604636915	0.3331972227044052	False	uniform_inflow
primary::APC+CTNNB1+FBXW7+KRAS	1	7.878358150161507e-05	0.00022978544604636915	0.3331972227044052	False	uniform_inflow
primary::APC+ARID1A+FBXW7+KRAS	2	0.0001575671630032	0.0002297854460463679	0.6663944454086865	False	uniform_inflow
metastatic::APC+FBXW7+KRAS+PIK3CA+SMAD4+TP53	5	0.000393917907508	0.00022847238635467153	1.675560746316162	True	uniform_inflow
primary::APC+BRAF+KRAS+PIK3CA+SOX9+TP53	1	7.878358150161507e-05	0.00022847238635467	0.33511214926329874	False	uniform_inflow
primary::APC+ARID1A+KRAS+SMAD4+SOX9+TP53	5	0.000393917907508	0.00022847238635466	1.6755607463162463	True	uniform_inflow
primary::ARID1A+CTNNB1+TP53	1	7.878358150161507e-05	0.00022423019350459233	0.3414521088156676	False	uniform_inflow
primary::APC+BRAF+SOX9	1	7.878358150161507e-05	0.00022423019350458463	0.34145210881567933	False	uniform_inflow
primary::APC+ARID1A+KRAS+SOX9	6	0.0004727014890096	0.00022322014758790126	2.0579828458516376	True	uniform_inflow
primary::APC+BRAF+KRAS+SOX9	1	7.878358150161507e-05	0.00022322014758790126	0.3429971409753385	False	uniform_inflow
metastatic::APC+KRAS+PIK3CA+SMAD4+SOX9	7	0.0005514850705113	0.00022202645695909226	2.4138884813220054	True	uniform_inflow
primary::APC+FBXW7+NRAS+PIK3CA+TP53	3	0.0002363507445048	0.0002220264569590909	1.034523634852107	False	uniform_inflow
primary::APC+PIK3CA+SMAD4+TCF7L2+TP53	1	7.878358150161507e-05	0.00022202645695908318	0.3448412116174469	False	uniform_inflow
primary::APC+KRAS+PIK3CA+SOX9+TGFBR2	1	7.878358150161507e-05	0.00022202645695908185	0.34484121161744896	False	uniform_inflow
primary::APC+BRAF+KRAS+PIK3CA+SMAD4+TP53	1	7.878358150161507e-05	0.000220594028204513	0.34708044025415535	False	uniform_inflow
primary::APC+FBXW7+KRAS+PIK3CA+TGFBR2+TP53	1	7.878358150161507e-05	0.00022059402820451152	0.3470804402541577	False	uniform_inflow
primary::APC+KRAS+SMAD4+SOX9+TCF7L2+TP53	1	7.878358150161507e-05	0.000220594028204503	0.3470804402541711	False	uniform_inflow
metastatic::CTNNB1+KRAS+PIK3CA	3	0.0002363507445048	0.0002181699180044627	1.052810668717711	False	uniform_inflow
metastatic::KRAS+PIK3CA+PTEN	2	0.0001575671630032	0.0002181699180044627	0.7018737791451406	False	uniform_inflow
metastatic::FBXW7+KRAS+PIK3CA	4	0.0003151343260064	0.00021816991800446153	1.4037475582902887	False	uniform_inflow
primary::APC+CTNNB1+PTEN+TP53	1	7.878358150161507e-05	0.00021665484912943456	0.3533909936841911	False	uniform_inflow
metastatic::APC+ARID1A+KRAS+PTEN+TP53	1	7.878358150161507e-05	0.00021486431318621816	0.35633591861784997	False	uniform_inflow
primary::APC+KRAS+NRAS+PTEN+TP53	2	0.0001575671630032	0.00021486431318620908	0.7126718372355937	False	uniform_inflow
primary::APC+NRAS+PIK3CA	8	0.0006302686520129	0.00021210964250433848	2.887709262390867	True	uniform_inflow
metastatic::CTNNB1+NRAS+TP53	1	7.878358150161507e-05	0.00021210964250433848	0.3609636577988702	False	uniform_inflow
primary::APC+BRAF+SMAD4	4	0.0003151343260064	0.00021210964250433845	1.4438546311952047	False	uniform_inflow
metastatic::BRAF+KRAS+PIK3CA	3	0.0002363507445048	0.00021210964250433845	1.0828909733964036	False	uniform_inflow
primary::APC+BRAF+FBXW7+KRAS	1	7.878358150161507e-05	0.00021008955067096667	0.36443446218425685	False	uniform_inflow
primary::APC+ARID1A+FBXW7+PIK3CA+TP53	1	7.878358150161507e-05	0.00020770216941334548	0.3686233640282698	False	uniform_inflow
primary::APC+KRAS+PIK3CA+RNF43+SOX9	1	7.878358150161507e-05	0.00020770216941333775	0.3686233640282835	False	uniform_inflow
primary::APC+ARID1A+PIK3CA+TCF7L2+TP53	4	0.0003151343260064	0.00020770216941333773	1.474493456112852	False	uniform_inflow
metastatic::SMAD4+SOX9+TP53	1	7.878358150161507e-05	0.0002060493670042231	0.37158023591788525	False	uniform_inflow
primary::APC+FBXW7+PIK3CA	6	0.0004727014890096	0.0002060493670042154	2.229481415506968	True	uniform_inflow
primary::BRAF+PIK3CA+SMAD4	3	0.0002363507445048	0.0002060493670042154	1.114740707753484	False	uniform_inflow
primary::BRAF+FBXW7+PIK3CA	2	0.0001575671630032	0.00020604936700421538	0.7431604718356561	False	uniform_inflow
primary::APC+ARID1A+KRAS+TCF7L2	5	0.000393917907508	0.00020352425221250125	1.8809520625972964	True	uniform_inflow
metastatic::APC+FBXW7+TGFBR2+TP53	1	7.878358150161507e-05	0.0002035242522125	0.37619041251953356	False	uniform_inflow
primary::APC+CTNNB1+KRAS+TCF7L2	3	0.0002363507445048	0.00020352425221249997	1.1285712375583852	False	uniform_inflow
metastatic::APC+KRAS+PTEN+SMAD4	1	7.878358150161507e-05	0.00020352425221249165	0.376190412519549	False	uniform_inflow
primary::PIK3CA+SMAD4	4	0.0003151343260064	0.0002025863524327143	1.5117281391642239	False	uniform_inflow
primary::FBXW7+PIK3CA	3	0.0002363507445048	0.0002025863524327143	1.133796104373168	False	uniform_inflow
primary::APC+FBXW7+PIK3CA+SOX9+TP53	3	0.0002363507445048	0.000200540025640465	1.1453654523192827	False	uniform_inflow
primary::APC+CTNNB1+KRAS+PIK3CA+TCF7L2+TP53	1	7.878358150161507e-05	0.00019695895375403154	0.38873009287318633	False	uniform_inflow
primary::APC+KRAS+PIK3CA+RNF43+SOX9+TP53	1	7.878358150161507e-05	0.00019695895375403152	0.3887300928731864	False	uniform_inflow
primary::APC+FBXW7+KRAS+RNF43	1	7.878358150161507e-05	0.00019695895375402626	0.3887300928731967	False	uniform_inflow
primary::BRAF+PIK3CA+SOX9+TP53	1	7.878358150161507e-05	0.00019695895375402626	0.3887300928731967	False	uniform_inflow
metastatic::ARID1A+BRAF+RNF43+TP53	1	7.878358150161507e-05	0.00019695895375402623	0.38873009287319676	False	uniform_inflow
primary::CTNNB1+KRAS+RNF43+TP53	1	7.878358150161507e-05	0.00019695895375402623	0.38873009287319676	False	uniform_inflow
primary::APC+ARID1A+FBXW7+KRAS+SOX9+TP53	1	7.878358150161507e-05	0.00019695895375402151	0.3887300928732061	False	uniform_inflow
metastatic::APC+KRAS+PIK3CA+PTEN+SMAD4+TP53	1	7.878358150161507e-05	0.0001969589537540115	0.3887300928732258	False	uniform_inflow
metastatic::ARID1A+SMAD4+TP53	1	7.878358150161507e-05	0.00019392881600396926	0.39480400054301007	False	uniform_inflow
primary::ARID1A+RNF43+TP53	2	0.0001575671630032	0.00019392881600396923	0.7896080010858693	False	uniform_inflow
primary::APC+FBXW7+PIK3CA+SMAD4+TP53	2	0.0001575671630032	0.0001933778818675832	0.7918575965189707	False	uniform_inflow
metastatic::APC+NRAS+SMAD4+SOX9+TP53	2	0.0001575671630032	0.00019337788186758184	0.7918575965189762	False	uniform_inflow
metastatic::APC+KRAS+RNF43+SMAD4	1	7.878358150161507e-05	0.0001903936552955596	0.40213457876393555	False	uniform_inflow
primary::APC+KRAS+RNF43+SOX9	1	7.878358150161507e-05	0.0001903936552955596	0.40213457876393555	False	uniform_inflow
primary::APC+KRAS+SOX9+TGFBR2	2	0.0001575671630032	0.00019039365529555834	0.8042691575277225	False	uniform_inflow
primary::APC+FBXW7+KRAS+PIK3CA+SMAD4+SOX9	2	0.0001575671630032	0.00018908059560386153	0.8098543599810293	False	uniform_inflow
primary::APC+FBXW7+KRAS+PIK3CA+SOX9+TCF7L2	5	0.000393917907508	0.0001890805956038515	2.024635899952681	True	uniform_inflow
primary::APC+PIK3CA+TCF7L2	2	0.0001575671630032	0.00018786854050384619	0.8150792267917645	False	uniform_inflow
primary::NRAS+SOX9+TP53	3	0.0002363507445048	0.00018786854050384616	1.222618840187647	False	uniform_inflow
primary::ARID1A+NRAS+TP53	1	7.878358150161507e-05	0.00018786854050384616	0.40753961339596023	False	uniform_inflow
metastatic::KRAS+PIK3CA+TCF7L2	2	0.0001575671630032	0.00018786854050384613	0.8150792267917647	False	uniform_inflow
primary::APC+BRAF+PTEN	4	0.0003151343260064	0.00018786854050383846	1.630158453583596	False	uniform_inflow
metastatic::NRAS+RNF43+TP53	3	0.0002363507445048	0.00018786854050383846	1.2226188401876972	False	uniform_inflow
primary::APC+BRAF+PIK3CA+TGFBR2+TP53	1	7.878358150161507e-05	0.0001862157380947209	0.41115682888005095	False	uniform_inflow
primary::APC+BRAF+FBXW7+SMAD4+TP53	2	0.0001575671630032	0.00018621573809471045	0.8223136577599909	False	uniform_inflow
metastatic::ARID1A+BRAF	1	7.878358150161507e-05	0.00018570415639665715	0.4122894923143955	False	uniform_inflow
metastatic::BRAF+SOX9	1	7.878358150161507e-05	0.00018570415639665715	0.4122894923143955	False	uniform_inflow
metastatic::APC+KRAS+SMAD4+TGFBR2	1	7.878358150161507e-05	0.00018382835683709292	0.4164965279273757	False	uniform_inflow
metastatic::APC+ARID1A+KRAS+SMAD4	3	0.0002363507445048	0.00018382835683709167	1.2494895837818965	False	uniform_inflow
metastatic::KRAS+PIK3CA+RNF43	1	7.878358150161507e-05	0.00018180826500372422	0.421124267101101	False	uniform_inflow
metastatic::KRAS+PIK3CA+SOX9	1	7.878358150161507e-05	0.00018180826500372422	0.421124267101101	False	uniform_inflow
primary::KRAS+PTEN+SMAD4	2	0.0001575671630032	0.00018180826500372309	0.8422485342020462	False	uniform_inflow
primary::CTNNB1+KRAS+SMAD4	1	7.878358150161507e-05	0.00018180826500372309	0.4211242671011036	False	uniform_inflow
primary::APC+PIK3CA+RNF43	1	7.878358150161507e-05	0.00018180826500371658	0.4211242671011187	False	uniform_inflow
primary::APC+PIK3CA+PTEN	7	0.0005514850705113	0.00018180826500371541	2.9478698697078203	True	uniform_inflow
metastatic::APC+CTNNB1+KRAS+PTEN+TP53	1	7.878358150161507e-05	0.00017905359432184546	0.4276031019434056	False	uniform_inflow
primary::APC+NRAS+SMAD4+TCF7L2+TP53	1	7.878358150161507e-05	0.00017905359432184546	0.4276031019434056	False	uniform_inflow
metastatic::APC+BRAF+PIK3CA+SMAD4+TP53	1	7.878358150161507e-05	0.00017905359432183635	0.4276031019434273	False	uniform_inflow
primary::CTNNB1+KRAS+PIK3CA+SMAD4	1	7.878358150161507e-05	0.00017726305837862625	0.4319223251709948	False	uniform_inflow
primary::APC+BRAF+KRAS+PTEN	3	0.0002363507445048	0.000177263058378625	1.2957669755127459	False	uniform_inflow
primary::BRAF+CTNNB1+KRAS+TP53	1	7.878358150161507e-05	0.000177263058378625	0.43192232517099793	False	uniform_inflow
metastatic::BRAF+PTEN+RNF43+TP53	1	7.878358150161507e-05	0.00017726305837862497	0.431922325170998	False	uniform_inflow
primary::BRAF+PIK3CA+RNF43	4	0.0003151343260064	0.00017574798950360118	1.7425831738806004	False	uniform_inflow
primary::ARID1A+BRAF+PIK3CA	1	7.878358150161507e-05	0.00017574798950359231	0.4356457934702554	False	uniform_inflow
primary::PIK3CA+PTEN	4	0.0003151343260064	0.0001744493590392857	1.7555552569865243	False	uniform_inflow
metastatic::BRAF+FBXW7	1	7.878358150161507e-05	0.0001744493590392857	0.43888881424671505	False	uniform_inflow
primary::APC+ARID1A+CTNNB1+KRAS+PIK3CA+TP53	1	7.878358150161507e-05	0.00017332387930354303	0.4417387415955243	False	uniform_inflow
primary::APC+KRAS+PIK3CA+PTEN+TCF7L2	4	0.0003151343260064	0.00017189145054897272	1.781679591015899	False	uniform_inflow
primary::CTNNB1+FBXW7+KRAS+PIK3CA+TP53	2	0.0001575671630032	0.00017189145054896638	0.8908397955079823	False	uniform_inflow
primary::CTNNB1+KRAS+PIK3CA+SMAD4+TP53	1	7.878358150161507e-05	0.00017189145054896502	0.4454198977540799	False	uniform_inflow
primary::APC+NRAS+PIK3CA+SMAD4+TP53	4	0.0003151343260064	0.000171891450548965	1.7816795910159788	False	uniform_inflow
primary::FBXW7+KRAS+PIK3CA+SMAD4+TP53	4	0.0003151343260064	0.00017189145054896364	1.781679591015993	False	uniform_inflow
metastatic::APC+KRAS+PIK3CA+SMAD4+TCF7L2	3	0.0002363507445048	0.00017189145054896364	1.336259693261995	False	uniform_inflow
primary::APC+BRAF+PTEN+SMAD4+TP53	1	7.878358150161507e-05	0.00017189145054895592	0.4454198977541035	False	uniform_inflow
metastatic::APC+BRAF+TGFBR2+TP53	2	0.0001575671630032	0.00017069775992015958	0.8970694443910947	False	uniform_inflow
metastatic::APC+BRAF+KRAS+SMAD4	1	7.878358150161507e-05	0.00017069775992015958	0.4485347221956331	False	uniform_inflow
metastatic::APC+FBXW7+KRAS+TCF7L2	2	0.0001575671630032	0.00017069775992015833	0.8970694443911011	False	uniform_inflow
primary::APC+SMAD4+SOX9	3	0.0002363507445048	0.00016968771400346924	1.353613715150099	False	uniform_inflow
metastatic::CTNNB1+RNF43+TP53	1	7.878358150161507e-05	0.00016968771400346924	0.45120457171678596	False	uniform_inflow
primary::APC+BRAF+RNF43	1	7.878358150161507e-05	0.00016968771400346924	0.45120457171678596	False	uniform_inflow
metastatic::BRAF+PTEN	2	0.0001575671630032	0.0001688219603606	0.9070368826030516	False	uniform_inflow
primary::APC+KRAS+PIK3CA+SMAD4+SOX9+TCF7L2	3	0.0002363507445048	0.0001654455211533815	1.3883217589185297	False	uniform_inflow
metastatic::APC+ARID1A+FBXW7+KRAS+PIK3CA+TP53	1	7.878358150161507e-05	0.00016544552115338	0.4627739196396026	False	uniform_inflow
primary::APC+KRAS+PTEN+SMAD4+SOX9+TP53	1	7.878358150161507e-05	0.00016544552115337	0.4627739196396306	False	uniform_inflow
metastatic::APC+KRAS+PIK3CA+PTEN+SMAD4	3	0.0002363507445048	0.00016472930677609364	1.3943579404424065	False	uniform_inflow
primary::APC+BRAF+NRAS+SMAD4+TP53	1	7.878358150161507e-05	0.00016472930677609093	0.46478598014756534	False	uniform_inflow
metastatic::APC+FBXW7+KRAS+PIK3CA+SMAD4	1	7.878358150161507e-05	0.0001647293067760909	0.4647859801475654	False	uniform_inflow
primary::APC+ARID1A+KRAS+PIK3CA+PTEN	1	7.878358150161507e-05	0.0001647293067760909	0.4647859801475654	False	uniform_inflow
primary::APC+ARID1A+PIK3CA+SOX9+TP53	1	7.878358150161507e-05	0.0001647293067760909	0.4647859801475654	False	uniform_inflow
metastatic::BRAF+FBXW7+RNF43+TP53	2	0.0001575671630032	0.0001641324614616929	0.9329522219481119	False	uniform_inflow
primary::BRAF+CTNNB1+PTEN+TP53	1	7.878358150161507e-05	0.0001641324614616929	0.4664761109741452	False	uniform_inflow
primary::CTNNB1+KRAS+PTEN+TP53	1	7.878358150161507e-05	0.00016413246146168583	0.4664761109741653	False	uniform_inflow
primary::BRAF+PIK3CA+SOX9	3	0.0002363507445048	0.0001636274385033473	1.4037475561455477	False	uniform_inflow
primary::APC+NRAS+SOX9	1	7.878358150161507e-05	0.00016362743850334617	0.4679158520486086	False	uniform_inflow
metastatic::BRAF+RNF43	2	0.0001575671630032	0.00016319456168191536	0.9383140162942484	False	uniform_inflow
primary::PIK3CA+RNF43	1	7.878358150161507e-05	0.00016319456168190714	0.46915700814723754	False	uniform_inflow
primary::APC+BRAF+NRAS	2	0.0001575671630032	0.00015756716300322426	0.9718252309492481	False	uniform_inflow
primary::APC+CTNNB1+FBXW7+KRAS+SMAD4+TP53	1	7.878358150161507e-05	0.00015756716300322152	0.4859126154747254	False	uniform_inflow
primary::CTNNB1+PIK3CA	1	7.878358150161507e-05	0.00015756716300322144	0.4859126154747257	False	uniform_inflow
primary::PIK3CA+SOX9	1	7.878358150161507e-05	0.00015756716300322144	0.4859126154747257	False	uniform_inflow
primary::APC+ARID1A+KRAS+SMAD4+TCF7L2+TP53	1	7.878358150161507e-05	0.00015756716300322	0.48591261547473014	False	uniform_inflow
metastatic::APC+BRAF+NRAS+PIK3CA+TP53	1	7.878358150161507e-05	0.00015756716300321954	0.4859126154747315	False	uniform_inflow
primary::APC+FBXW7+NRAS+SMAD4+TP53	1	7.878358150161507e-05	0.0001575671630032182	0.48591261547473574	False	uniform_inflow
primary::APC+FBXW7+NRAS+TCF7L2+TP53	1	7.878358150161507e-05	0.0001575671630032182	0.48591261547473574	False	uniform_inflow
metastatic::ARID1A+BRAF+SMAD4+TP53	2	0.0001575671630032	0.00015756716300321792	0.9718252309492872	False	uniform_inflow
metastatic::APC+FBXW7+KRAS+SOX9	3	0.0002363507445048	0.00015756716300321667	1.4577378464239426	False	uniform_inflow
metastatic::BRAF+PTEN+SMAD4+TP53	3	0.0002363507445048	0.00015756716300321667	1.4577378464239426	False	uniform_inflow
metastatic::BRAF+NRAS+SMAD4+TP53	1	7.878358150161507e-05	0.00015756716300321667	0.4859126154747404	False	uniform_inflow
primary::APC+ARID1A+FBXW7+KRAS+PIK3CA+SOX9	1	7.878358150161507e-05	0.000157567163003213	0.4859126154747517	False	uniform_inflow
metastatic::APC+NRAS+SMAD4+TCF7L2+TP53	1	7.878358150161507e-05	0.00015756716300321046	0.4859126154747595	False	uniform_inflow
primary::APC+KRAS+PIK3CA+PTEN+SMAD4+SOX9	1	7.878358150161507e-05	0.00015756716300321	0.485912615474761	False	uniform_inflow
primary::NRAS+PIK3CA	2	0.0001575671630032	0.0001519397643245357	1.0078187577845623	False	uniform_inflow
metastatic::NRAS+PTEN+TP53	1	7.878358150161507e-05	0.00015150688750310002	0.5053491199654185	False	uniform_inflow
metastatic::NRAS+SOX9+TP53	1	7.878358150161507e-05	0.00015150688750310002	0.5053491199654185	False	uniform_inflow
primary::APC+FBXW7+SOX9	1	7.878358150161507e-05	0.00015150688750310002	0.5053491199654185	False	uniform_inflow
primary::APC+SOX9+TCF7L2	1	7.878358150161507e-05	0.00015150688750310002	0.5053491199654185	False	uniform_inflow
primary::BRAF+FBXW7+PTEN	3	0.0002363507445048	0.00015150688750309232	1.5160473598960427	False	uniform_inflow
primary::APC+ARID1A+BRAF	1	7.878358150161507e-05	0.00015150688750309232	0.5053491199654442	False	uniform_inflow
primary::KRAS+RNF43+TCF7L2+TP53	1	7.878358150161507e-05	0.0001510018645447525	0.5070392507902435	False	uniform_inflow
primary::CTNNB1+KRAS+PIK3CA+PTEN+TP53	4	0.0003151343260064	0.0001504050192303482	2.0362052451830843	False	uniform_inflow
primary::APC+BRAF+FBXW7+NRAS+TP53	2	0.0001575671630032	0.0001504050192303468	1.0181026225915517	False	uniform_inflow
primary::BRAF+FBXW7+KRAS+PIK3CA+TP53	1	7.878358150161507e-05	0.00015040501923033775	0.5090513112959039	False	uniform_inflow
primary::BRAF+PTEN+SMAD4	2	0.0001575671630032	0.00014544661200296925	1.0528106663049308	False	uniform_inflow
metastatic::FBXW7+RNF43+TP53	1	7.878358150161507e-05	0.00014544661200296922	0.5264053331525662	False	uniform_inflow
primary::APC+ARID1A+KRAS+PTEN	2	0.0001575671630032	0.00014443656608629292	1.0601729786056604	False	uniform_inflow
metastatic::BRAF+CTNNB1+RNF43+TP53	2	0.0001575671630032	0.0001444365660862929	1.0601729786056606	False	uniform_inflow
primary::ARID1A+CTNNB1+KRAS+TP53	1	7.878358150161507e-05	0.00014443656608628582	0.5300864893029578	False	uniform_inflow
primary::APC+BRAF+PIK3CA+PTEN	3	0.0002363507445048	0.00014443656608628333	1.5902594679085962	False	uniform_inflow
primary::KRAS+PIK3CA+PTEN+SMAD4	1	7.878358150161507e-05	0.00014443656608628333	0.5300864893029669	False	uniform_inflow
primary::CTNNB1+KRAS+PIK3CA+PTEN	1	7.878358150161507e-05	0.00014443656608627625	0.5300864893029927	False	uniform_inflow
metastatic::APC+KRAS+PIK3CA+SMAD4+TGFBR2	1	7.878358150161507e-05	0.00014324287545747547	0.5345038766829701	False	uniform_inflow
primary::APC+KRAS+PIK3CA+TCF7L2+TGFBR2	1	7.878358150161507e-05	0.0001432428754574741	0.5345038766829752	False	uniform_inflow
primary::APC+NRAS+PIK3CA+SOX9+TP53	1	7.878358150161507e-05	0.0001432428754574741	0.5345038766829752	False	uniform_inflow
metastatic::APC+BRAF+SMAD4+SOX9+TP53	1	7.878358150161507e-05	0.00014324287545747273	0.5345038766829803	False	uniform_inflow
primary::APC+ARID1A+FBXW7+NRAS+TP53	1	7.878358150161507e-05	0.00014324287545747273	0.5345038766829803	False	uniform_inflow
primary::APC+ARID1A+NRAS+PIK3CA+TP53	1	7.878358150161507e-05	0.00014324287545747273	0.5345038766829803	False	uniform_inflow
primary::APC+ARID1A+NRAS+SOX9+TP53	1	7.878358150161507e-05	0.00014324287545747273	0.5345038766829803	False	uniform_inflow
primary::FBXW7+KRAS+PIK3CA+PTEN+TP53	1	7.878358150161507e-05	0.00014324287545747273	0.5345038766829803	False	uniform_inflow
primary::APC+PIK3CA+RNF43+TCF7L2+TP53	2	0.0001575671630032	0.0001432428754574727	1.0690077533657563	False	uniform_inflow
primary::APC+ARID1A+NRAS+TCF7L2+TP53	2	0.0001575671630032	0.00014324287545746636	1.0690077533658036	False	uniform_inflow
primary::APC+FBXW7+KRAS+SMAD4+SOX9	2	0.0001575671630032	0.00014324287545746365	1.0690077533658238	False	uniform_inflow
metastatic::APC+BRAF+KRAS+PIK3CA+SMAD4+TP53	2	0.0001575671630032	0.0001418104467028945	1.079805811404444	False	uniform_inflow
metastatic::APC+ARID1A+KRAS+PIK3CA+SMAD4+TP53	1	7.878358150161507e-05	0.0001418104467028915	0.5399029057023367	False	uniform_inflow
primary::APC+FBXW7+KRAS+PIK3CA+SMAD4+TCF7L2	1	7.878358150161507e-05	0.00014181044670288998	0.5399029057023425	False	uniform_inflow
primary::ARID1A+PIK3CA	2	0.0001575671630032	0.0001406849669671643	1.0884442578342222	False	uniform_inflow
metastatic::NRAS+PIK3CA	1	7.878358150161507e-05	0.00014068496696716427	0.5442221289172153	False	uniform_inflow
primary::FBXW7+KRAS+PIK3CA+SMAD4	3	0.0002363507445048	0.00013787126762782498	1.6659861086882115	False	uniform_inflow
metastatic::BRAF+PIK3CA+SMAD4+TP53	3	0.0002363507445048	0.00013787126762781793	1.6659861086882963	False	uniform_inflow
primary::PIK3CA+RNF43+SMAD4+TP53	1	7.878358150161507e-05	0.0001378712676278179	0.5553287028962052	False	uniform_inflow
metastatic::BRAF+FBXW7+SMAD4+TP53	1	7.878358150161507e-05	0.00013787126762781666	0.5553287028962102	False	uniform_inflow
primary::CTNNB1+KRAS+SOX9+TP53	2	0.0001575671630032	0.00013787126762780958	1.110657405792265	False	uniform_inflow
primary::APC+BRAF+FBXW7+SOX9+TP53	2	0.0001575671630032	0.00013608073168460137	1.1252713189188985	False	uniform_inflow
metastatic::APC+BRAF+KRAS+PTEN+TP53	1	7.878358150161507e-05	0.00013608073168460002	0.5626356594595625	False	uniform_inflow
primary::APC+ARID1A+BRAF+FBXW7+TP53	1	7.878358150161507e-05	0.0001360807316846	0.5626356594595627	False	uniform_inflow
primary::APC+NRAS+SOX9+TCF7L2+TP53	1	7.878358150161507e-05	0.0001360807316846	0.5626356594595627	False	uniform_inflow
metastatic::APC+BRAF+PIK3CA+SOX9+TP53	2	0.0001575671630032	0.0001360807316845923	1.1252713189189738	False	uniform_inflow
primary::APC+KRAS+SMAD4+SOX9+TCF7L2	1	7.878358150161507e-05	0.0001360807316845923	0.5626356594595945	False	uniform_inflow
primary::APC+ARID1A+SMAD4+SOX9+TP53	3	0.0002363507445048	0.00013608073168459227	1.687906978378461	False	uniform_inflow
primary::APC+ARID1A+NRAS+SMAD4+TP53	1	7.878358150161507e-05	0.0001360807316845909	0.5626356594596001	False	uniform_inflow
primary::APC+BRAF+KRAS+PIK3CA+TCF7L2+TP53	1	7.878358150161507e-05	0.00013393208855274152	0.5716618999182422	False	uniform_inflow
primary::APC+ARID1A+KRAS+SOX9+TCF7L2+TP53	1	7.878358150161507e-05	0.00013393208855272152	0.5716618999183276	False	uniform_inflow
primary::BRAF+CTNNB1+PIK3CA	1	7.878358150161507e-05	0.00013332606100273194	0.5742603630801871	False	uniform_inflow
metastatic::CTNNB1+SOX9+TP53	2	0.0001575671630032	0.00013332606100273077	1.1485207261601644	False	uniform_inflow
primary::RNF43+TCF7L2+TP53	1	7.878358150161507e-05	0.00013332606100273077	0.5742603630801921	False	uniform_inflow
metastatic::ARID1A+CTNNB1+KRAS+TP53	1	7.878358150161507e-05	0.00013130596916935	0.5830951378295536	False	uniform_inflow
primary::KRAS+PIK3CA+PTEN+SMAD4+TP53	4	0.0003151343260064	0.00012891858791173002	2.3755727834144595	False	uniform_inflow
metastatic::APC+BRAF+KRAS+PIK3CA+SMAD4	1	7.878358150161507e-05	0.00012891858791173002	0.5938931958537285	False	uniform_inflow
metastatic::APC+KRAS+NRAS+PTEN+TP53	1	7.878358150161507e-05	0.00012891858791172866	0.5938931958537348	False	uniform_inflow
primary::APC+ARID1A+CTNNB1+KRAS+PIK3CA	1	7.878358150161507e-05	0.00012891858791172094	0.5938931958537702	False	uniform_inflow
primary::BRAF+KRAS+PIK3CA+PTEN+TP53	1	7.878358150161507e-05	0.00012891858791172094	0.5938931958537702	False	uniform_inflow
primary::APC+BRAF+SMAD4+SOX9+TP53	1	7.878358150161507e-05	0.00012891858791171955	0.5938931958537766	False	uniform_inflow
primary::APC+SMAD4+SOX9+TCF7L2+TP53	1	7.878358150161507e-05	0.00012891858791171955	0.5938931958537766	False	uniform_inflow
primary::APC+FBXW7+SMAD4+SOX9+TP53	2	0.0001575671630032	0.00012891858791171817	1.1877863917073388	False	uniform_inflow
primary::BRAF+FBXW7+RNF43+SMAD4+TP53	2	0.0001575671630032	0.00012891858791171817	1.1877863917073388	False	uniform_inflow
primary::APC+PIK3CA+SMAD4+SOX9+TP53	1	7.878358150161507e-05	0.0001289185879117091	0.5938931958538248	False	uniform_inflow
primary::KRAS+NRAS+SMAD4	1	7.878358150161507e-05	0.0001272657855026077	0.6016060944405633	False	uniform_inflow
primary::BRAF+KRAS+PTEN	2	0.0001575671630032	0.00012726578550260116	1.2032121888809584	False	uniform_inflow
primary::APC+ARID1A+SOX9	1	7.878358150161507e-05	0.00012726578550260003	0.6016060944405996	False	uniform_inflow
primary::APC+NRAS+SMAD4	3	0.0002363507445048	0.0001272657855026	1.804818283321454	False	uniform_inflow
primary::APC+FBXW7+KRAS+SOX9+TGFBR2+TP53	1	7.878358150161507e-05	0.00012605373040258002	0.607390768379692	False	uniform_inflow
primary::APC+KRAS+PTEN+SMAD4+TCF7L2+TP53	2	0.0001575671630032	0.00012605373040257	1.214781536759248	False	uniform_inflow
primary::NRAS+PIK3CA+SMAD4+TP53	1	7.878358150161507e-05	0.0001247406707108846	0.6137843553640219	False	uniform_inflow
metastatic::KRAS+PIK3CA+PTEN+SMAD4+TP53	1	7.878358150161507e-05	0.00012175644413884956	0.6288280894405868	False	uniform_inflow
metastatic::APC+ARID1A+NRAS+SMAD4+TP53	1	7.878358150161507e-05	0.00012175644413884683	0.6288280894406009	False	uniform_inflow
primary::ARID1A+BRAF+RNF43+SMAD4+TP53	2	0.0001575671630032	0.00012175644413884681	1.257656178880961	False	uniform_inflow
primary::APC+ARID1A+KRAS+PIK3CA+RNF43	1	7.878358150161507e-05	0.00012175644413884546	0.6288280894406079	False	uniform_inflow
primary::APC+ARID1A+SOX9+TCF7L2+TP53	1	7.878358150161507e-05	0.00012175644413884546	0.6288280894406079	False	uniform_inflow
primary::APC+NRAS+PIK3CA+PTEN+TP53	1	7.878358150161507e-05	0.00012175644413884546	0.6288280894406079	False	uniform_inflow
primary::RNF43+TGFBR2+TP53	1	7.878358150161507e-05	0.00012120551000248462	0.6316863989144098	False	uniform_inflow
primary::APC+PTEN+SOX9	3	0.0002363507445048	0.00012120551000247694	1.895059196742987	False	uniform_inflow
primary::APC+FBXW7+NRAS	2	0.0001575671630032	0.00012120551000247693	1.2633727978286582	False	uniform_inflow
metastatic::APC+FBXW7+KRAS+PIK3CA+TGFBR2+TP53	1	7.878358150161507e-05	0.00011817537225242001	0.6478834859290151	False	uniform_inflow
primary::APC+NRAS+PIK3CA+PTEN	2	0.0001575671630032	0.00011817537225241792	1.2957669718578055	False	uniform_inflow
metastatic::CTNNB1+KRAS+TGFBR2+TP53	1	7.878358150161507e-05	0.00011817537225241792	0.6478834859290266	False	uniform_inflow
metastatic::FBXW7+KRAS+RNF43+TP53	1	7.878358150161507e-05	0.00011817537225241792	0.6478834859290266	False	uniform_inflow
primary::KRAS+PIK3CA+SMAD4+SOX9	1	7.878358150161507e-05	0.00011817537225241792	0.6478834859290266	False	uniform_inflow
unknown::KRAS+TP53	4	0.0003151343260064	0.00011817537225241429	2.59153394371569	False	uniform_inflow
primary::FBXW7+PTEN	2	0.0001575671630032	0.00011817537225241428	1.2957669718578453	False	uniform_inflow
primary::PTEN+SMAD4	2	0.0001575671630032	0.00011817537225241428	1.2957669718578453	False	uniform_inflow
primary::CTNNB1+KRAS+PIK3CA+SOX9	3	0.0002363507445048	0.00011817537225240959	1.9436504577868454	False	uniform_inflow
metastatic::APC+FBXW7+KRAS+PTEN	3	0.0002363507445048	0.00011817537225240833	1.943650457786866	False	uniform_inflow
metastatic::APC+KRAS+PTEN+SOX9	1	7.878358150161507e-05	0.00011817537225240833	0.6478834859290793	False	uniform_inflow
primary::BRAF+FBXW7+SMAD4	3	0.0002363507445048	0.00011514523450235385	1.9947991536000789	False	uniform_inflow
primary::APC+FBXW7+SMAD4	1	7.878358150161507e-05	0.00011514523450235385	0.6649330512001534	False	uniform_inflow
primary::APC+FBXW7+PIK3CA+TGFBR2+TP53	1	7.878358150161507e-05	0.00011459430036598319	0.6681298446876175	False	uniform_inflow
metastatic::FBXW7+KRAS+PIK3CA+SMAD4+TP53	2	0.0001575671630032	0.00011459430036598318	1.3362596893749794	False	uniform_inflow
primary::APC+ARID1A+BRAF+KRAS+PIK3CA	2	0.0001575671630032	0.00011459430036597684	1.3362596893750533	False	uniform_inflow
metastatic::CTNNB1+KRAS+PIK3CA+SMAD4+TP53	2	0.0001575671630032	0.00011459430036597547	1.3362596893750693	False	uniform_inflow
metastatic::APC+BRAF+PIK3CA+PTEN+TP53	1	7.878358150161507e-05	0.00011459430036597547	0.6681298446876625	False	uniform_inflow
metastatic::APC+PIK3CA+SMAD4+SOX9+TP53	2	0.0001575671630032	0.00011459430036597273	1.3362596893751013	False	uniform_inflow
metastatic::APC+FBXW7+SMAD4+SOX9+TP53	1	7.878358150161507e-05	0.00011459430036597273	0.6681298446876784	False	uniform_inflow
primary::APC+ARID1A+PIK3CA+RNF43+TP53	1	7.878358150161507e-05	0.00011459430036597273	0.6681298446876784	False	uniform_inflow
primary::BRAF+PTEN+RNF43+SMAD4+TP53	1	7.878358150161507e-05	0.00011459430036597273	0.6681298446876784	False	uniform_inflow
primary::APC+ARID1A+FBXW7+KRAS+SOX9	1	7.878358150161507e-05	0.00011459430036596502	0.6681298446877234	False	uniform_inflow
primary::ARID1A+BRAF+FBXW7+RNF43+TP53	2	0.0001575671630032	0.00011459430036596365	1.3362596893752072	False	uniform_inflow
primary::APC+FBXW7+KRAS+PIK3CA+PTEN+SMAD4+TP53	2	0.0001575671630032	0.00011379850661343668	1.3456041626451964	False	uniform_inflow
primary::APC+ARID1A+KRAS+PIK3CA+SMAD4+SOX9+TP53	1	7.878358150161507e-05	0.00011379850661342222	0.6728020813228124	False	uniform_inflow
unknown::APC+TP53	11	0.0008666193965177	0.00011254797357372857	7.4830542593137945	True	uniform_inflow
metastatic::APC+CTNNB1+KRAS+SOX9	1	7.878358150161507e-05	0.00011161007379394292	0.6859942788775507	False	uniform_inflow
primary::APC+BRAF+PIK3CA+SMAD4	3	0.0002363507445048	0.00011161007379394166	2.057982836632282	False	uniform_inflow
metastatic::APC+KRAS+SMAD4+SOX9+TCF7L2+TP53	1	7.878358150161507e-05	0.00011029701410225001	0.6941608773615716	False	uniform_inflow
metastatic::FBXW7+PTEN+TP53	1	7.878358150161507e-05	0.00010908495900223078	0.7018737759281817	False	uniform_inflow
metastatic::FBXW7+SOX9+TP53	1	7.878358150161507e-05	0.00010908495900223078	0.7018737759281817	False	uniform_inflow
primary::CTNNB1+KRAS+PTEN	1	7.878358150161507e-05	0.00010908495900223078	0.7018737759281817	False	uniform_inflow
unknown::APC+KRAS+TP53	8	0.0006302686520129	0.00010908495900222308	5.614990207425666	True	uniform_inflow
metastatic::ARID1A+RNF43+TP53	3	0.0002363507445048	0.00010908495900222308	2.1056213277842906	False	uniform_inflow
primary::APC+CTNNB1+KRAS+SMAD4+SOX9	1	7.878358150161507e-05	0.00010743215659310411	0.7126718339188869	False	uniform_inflow
primary::CTNNB1+KRAS+PIK3CA+RNF43+TP53	1	7.878358150161507e-05	0.00010743215659310411	0.7126718339188869	False	uniform_inflow
primary::BRAF+KRAS+RNF43+SMAD4+TP53	1	7.878358150161507e-05	0.00010743215659310274	0.712671833918896	False	uniform_inflow
metastatic::APC+FBXW7+KRAS+PIK3CA+SOX9	3	0.0002363507445048	0.0001074321565931	2.138015501756334	False	uniform_inflow
primary::APC+KRAS+PTEN+SMAD4+SOX9	3	0.0002363507445048	0.0001074321565931	2.138015501756334	False	uniform_inflow
metastatic::APC+NRAS+PTEN+SMAD4+TP53	1	7.878358150161507e-05	0.0001074321565931	0.7126718339189141	False	uniform_inflow
primary::BRAF+PIK3CA+PTEN+SMAD4+TP53	2	0.0001575671630032	0.00010743215659309366	1.4253436678376399	False	uniform_inflow
metastatic::CTNNB1+KRAS+TCF7L2+TP53	1	7.878358150161507e-05	0.00010504477533548458	0.7288689208991801	False	uniform_inflow
primary::APC+FBXW7+KRAS+PIK3CA+SMAD4+TCF7L2+TP53	1	7.878358150161507e-05	0.0001050447753354828	0.7288689208991925	False	uniform_inflow
metastatic::APC+ARID1A+KRAS+SOX9	1	7.878358150161507e-05	0.00010504477533547626	0.7288689208992378	False	uniform_inflow
primary::ARID1A+CTNNB1+KRAS+PIK3CA	1	7.878358150161507e-05	0.00010504477533547626	0.7288689208992378	False	uniform_inflow
primary::BRAF+FBXW7+NRAS+TP53	1	7.878358150161507e-05	0.00010504477533547626	0.7288689208992378	False	uniform_inflow
primary::CTNNB1+KRAS+TGFBR2+TP53	1	7.878358150161507e-05	0.00010504477533547625	0.7288689208992379	False	uniform_inflow
primary::APC+FBXW7+KRAS+PIK3CA+SOX9+TCF7L2+TP53	1	7.878358150161507e-05	0.00010504477533547168	0.7288689208992697	False	uniform_inflow
primary::BRAF+FBXW7+RNF43	3	0.0002363507445048	0.0001030246835021077	2.2294814046868363	False	uniform_inflow
primary::APC+BRAF+TGFBR2	2	0.0001575671630032	0.0001030246835021077	1.4863209364578909	False	uniform_inflow
primary::CTNNB1+FBXW7+KRAS	1	7.878358150161507e-05	0.0001030246835021077	0.7431604682290875	False	uniform_inflow
primary::ARID1A+BRAF+FBXW7	1	7.878358150161507e-05	0.00010302468350210117	0.7431604682291346	False	uniform_inflow
metastatic::CTNNB1+KRAS+SMAD4	3	0.0002363507445048	0.0001030246835021	2.229481404687003	False	uniform_inflow
primary::APC+BRAF+FBXW7+KRAS+PIK3CA+SOX9	1	7.878358150161507e-05	0.00010241865595209301	0.7475578674064592	False	uniform_inflow
primary::APC+CTNNB1+FBXW7+KRAS+PIK3CA+SOX9	1	7.878358150161507e-05	0.000102418655952093	0.7475578674064594	False	uniform_inflow
primary::APC+CTNNB1+KRAS+PIK3CA+SMAD4+SOX9	1	7.878358150161507e-05	0.00010241865595209152	0.74755786740647	False	uniform_inflow
primary::APC+BRAF+FBXW7+NRAS+PIK3CA+TP53	1	7.878358150161507e-05	0.00010241865595208152	0.7475578674065431	False	uniform_inflow
primary::APC+FBXW7+KRAS+PIK3CA+PTEN+TCF7L2	1	7.878358150161507e-05	0.00010241865595208001	0.747557867406554	False	uniform_inflow
unknown::BRAF+TP53	4	0.0003151343260064	0.00010129317621635822	3.0234562634041318	False	uniform_inflow
unknown::PIK3CA+TP53	1	7.878358150161507e-05	0.00010129317621635822	0.7558640658511775	False	uniform_inflow
metastatic::FBXW7+PIK3CA	2	0.0001575671630032	0.00010129317621635713	1.511728131702082	False	uniform_inflow
metastatic::CTNNB1+PIK3CA	1	7.878358150161507e-05	0.00010129317621635713	0.7558640658511856	False	uniform_inflow
primary::KRAS+PIK3CA+RNF43+SMAD4+TP53	4	0.0003151343260064	0.00010027001282023001	3.0543078576210814	False	uniform_inflow
metastatic::APC+CTNNB1+NRAS+SMAD4+TP53	1	7.878358150161507e-05	0.00010027001282023001	0.7635769644054163	False	uniform_inflow
metastatic::KRAS+PIK3CA+RNF43+SMAD4+TP53	1	7.878358150161507e-05	0.00010027001282023001	0.7635769644054163	False	uniform_inflow
primary::APC+BRAF+FBXW7+PTEN+TP53	2	0.0001575671630032	0.00010027001282022864	1.5271539288105613	False	uniform_inflow
metastatic::APC+BRAF+PIK3CA+RNF43+TP53	1	7.878358150161507e-05	0.00010027001282022728	0.7635769644054372	False	uniform_inflow
metastatic::APC+PIK3CA+SMAD4+TCF7L2+TP53	1	7.878358150161507e-05	0.00010027001282022726	0.7635769644054373	False	uniform_inflow
metastatic::APC+ARID1A+SMAD4+TCF7L2+TP53	1	7.878358150161507e-05	0.00010027001282021818	0.7635769644055064	False	uniform_inflow
metastatic::APC+BRAF+KRAS+TCF7L2	1	7.878358150161507e-05	9.847947687701791e-05	0.7774601817990349	False	uniform_inflow
primary::APC+ARID1A+BRAF+KRAS	1	7.878358150161507e-05	9.847947687701791e-05	0.7774601817990349	False	uniform_inflow
primary::APC+BRAF+PIK3CA+SOX9	2	0.0001575671630032	9.847947687700959e-05	1.5549203635979039	False	uniform_inflow
primary::BRAF+CTNNB1+KRAS+PIK3CA	1	7.878358150161507e-05	9.847947687700959e-05	0.7774601817991006	False	uniform_inflow
metastatic::APC+KRAS+RNF43+SOX9	1	7.878358150161507e-05	9.847947687700833e-05	0.7774601817991105	False	uniform_inflow
metastatic::CTNNB1+KRAS+PIK3CA+SMAD4	1	7.878358150161507e-05	9.847947687700833e-05	0.7774601817991105	False	uniform_inflow
primary::KRAS+PTEN+SOX9+TP53	1	7.878358150161507e-05	9.847947687700832e-05	0.7774601817991106	False	uniform_inflow
primary::BRAF+RNF43+SMAD4	4	0.0003151343260064	9.696440800198463e-05	3.158431988056923	False	uniform_inflow
primary::APC+FBXW7+TCF7L2	1	7.878358150161507e-05	9.696440800198462e-05	0.7896079970143819	False	uniform_inflow
metastatic::APC+NRAS+PIK3CA	3	0.0002363507445048	9.696440800197808e-05	2.3688239910428526	False	uniform_inflow
unknown::APC+BRAF+TP53	3	0.0002363507445048	9.696440800197808e-05	2.3688239910428526	False	uniform_inflow
primary::ARID1A+BRAF+RNF43	6	0.0004727014890096	9.696440800197693e-05	4.737647982085761	True	uniform_inflow
metastatic::APC+NRAS+SOX9	2	0.0001575671630032	9.696440800197692e-05	1.5792159940285873	False	uniform_inflow
metastatic::ARID1A+FBXW7+TP53	1	7.878358150161507e-05	9.696440800197692e-05	0.7896079970144446	False	uniform_inflow
primary::APC+ARID1A+FBXW7+KRAS+PIK3CA+SMAD4+TP53	1	7.878358150161507e-05	9.629104405752221e-05	0.795129731201928	False	uniform_inflow
primary::APC+ARID1A+FBXW7+KRAS+PIK3CA+SOX9+TP53	1	7.878358150161507e-05	9.629104405751613e-05	0.7951297312019783	False	uniform_inflow
primary::APC+FBXW7+KRAS+PIK3CA+SMAD4+SOX9+TCF7L2	1	7.878358150161507e-05	9.629104405751278e-05	0.7951297312020059	False	uniform_inflow
unknown::PTEN+TP53	2	0.0001575671630032	9.566577753767143e-05	1.600653314990298	False	uniform_inflow
unknown::CTNNB1+TP53	1	7.878358150161507e-05	9.566577753767143e-05	0.8003266574953021	False	uniform_inflow
unknown::SMAD4+TP53	1	7.878358150161507e-05	9.566577753767143e-05	0.8003266574953021	False	uniform_inflow
metastatic::PIK3CA+PTEN	1	7.878358150161507e-05	9.566577753767141e-05	0.8003266574953022	False	uniform_inflow
primary::FBXW7+NRAS	2	0.0001575671630032	9.566577753766429e-05	1.6006533149904174	False	uniform_inflow
primary::APC+FBXW7+KRAS+PIK3CA+RNF43+SOX9	1	7.878358150161507e-05	9.45402978019315e-05	0.8098543556980607	False	uniform_inflow
metastatic::APC+KRAS+PIK3CA+PTEN+SMAD4+SOX9	1	7.878358150161507e-05	9.454029780193e-05	0.8098543556980736	False	uniform_inflow
primary::APC+ARID1A+KRAS+PIK3CA+PTEN+SOX9	4	0.0003151343260064	9.454029780192453e-05	3.2394174227918624	False	uniform_inflow
primary::APC+BRAF+FBXW7+PIK3CA+PTEN+TP53	1	7.878358150161507e-05	9.454029780192301e-05	0.8098543556981335	False	uniform_inflow
primary::APC+BRAF+FBXW7+PIK3CA+SMAD4+TP53	1	7.878358150161507e-05	9.454029780192152e-05	0.8098543556981462	False	uniform_inflow
metastatic::BRAF+KRAS+PIK3CA+SMAD4+TP53	1	7.878358150161507e-05	9.310786904735729e-05	0.8223136533442108	False	uniform_inflow
primary::BRAF+KRAS+PIK3CA+SMAD4+TP53	1	7.878358150161507e-05	9.310786904735593e-05	0.8223136533442227	False	uniform_inflow
metastatic::APC+BRAF+PTEN+SMAD4+TP53	1	7.878358150161507e-05	9.310786904735455e-05	0.8223136533442349	False	uniform_inflow
primary::APC+ARID1A+FBXW7+RNF43+TP53	1	7.878358150161507e-05	9.310786904735455e-05	0.8223136533442349	False	uniform_inflow
primary::ARID1A+BRAF+PIK3CA+RNF43+TP53	2	0.0001575671630032	9.310786904734547e-05	1.6446273066883157	False	uniform_inflow
primary::APC+BRAF+NRAS+PTEN+TP53	1	7.878358150161507e-05	9.310786904734545e-05	0.8223136533443152	False	uniform_inflow
primary::ARID1A+BRAF+RNF43+SOX9+TGFBR2	1	7.878358150161507e-05	9.310786904734545e-05	0.8223136533443152	False	uniform_inflow
primary::APC+BRAF+PIK3CA+RNF43	1	7.878358150161507e-05	9.191417841854417e-05	0.8329930513234088	False	uniform_inflow
primary::APC+FBXW7+PIK3CA+PTEN	1	7.878358150161507e-05	9.191417841854292e-05	0.8329930513234202	False	uniform_inflow
primary::ARID1A+RNF43+SMAD4+TP53	1	7.878358150161507e-05	9.191417841854292e-05	0.8329930513234202	False	uniform_inflow
primary::BRAF+FBXW7+SOX9+TP53	1	7.878358150161507e-05	9.191417841854292e-05	0.8329930513234202	False	uniform_inflow
metastatic::APC+KRAS+SOX9+TGFBR2	2	0.0001575671630032	9.191417841854167e-05	1.6659861026465443	False	uniform_inflow
metastatic::APC+NRAS+SMAD4	2	0.0001575671630032	9.090413250185384e-05	1.6844970591389958	False	uniform_inflow
primary::APC+ARID1A+KRAS+PTEN+SMAD4+TP53	1	7.878358150161507e-05	8.666193965177152e-05	0.8834774780937851	False	uniform_inflow
primary::APC+BRAF+KRAS+SMAD4+TCF7L2+TP53	1	7.878358150161507e-05	8.66619396517715e-05	0.8834774780937853	False	uniform_inflow
primary::APC+ARID1A+KRAS+PIK3CA+SOX9+TCF7L2	2	0.0001575671630032	8.666193965176151e-05	1.7669549561874363	False	uniform_inflow
primary::FBXW7+KRAS+PIK3CA+PTEN+SMAD4+TP53	2	0.0001575671630032	8.666193965176151e-05	1.7669549561874363	False	uniform_inflow
primary::APC+FBXW7+KRAS+PIK3CA+PTEN+SMAD4	1	7.878358150161507e-05	8.666193965176001e-05	0.8834774780939025	False	uniform_inflow
primary::APC+ARID1A+CTNNB1+PIK3CA+TP53	1	7.878358150161507e-05	8.594572527448319e-05	0.890839790325581	False	uniform_inflow
primary::APC+CTNNB1+FBXW7+SOX9+TP53	1	7.878358150161507e-05	8.594572527448319e-05	0.890839790325581	False	uniform_inflow
metastatic::APC+ARID1A+NRAS+TCF7L2+TP53	1	7.878358150161507e-05	8.594572527447411e-05	0.8908397903256751	False	uniform_inflow
primary::ARID1A+BRAF+FBXW7+PTEN+RNF43	1	7.878358150161507e-05	8.594572527447411e-05	0.8908397903256751	False	uniform_inflow
primary::ARID1A+BRAF+RNF43+SOX9+TP53	1	7.878358150161507e-05	8.59457252744741e-05	0.8908397903256753	False	uniform_inflow
primary::FBXW7+KRAS+RNF43+SMAD4+TP53	2	0.0001575671630032	8.594572527447273e-05	1.7816795806510382	False	uniform_inflow
metastatic::APC+FBXW7+NRAS+TCF7L2+TP53	1	7.878358150161507e-05	8.594572527447273e-05	0.8908397903256894	False	uniform_inflow
primary::APC+NRAS+PIK3CA+SOX9	1	7.878358150161507e-05	8.53488799600775e-05	0.8970694391359816	False	uniform_inflow
metastatic::KRAS+PIK3CA+SMAD4+SOX9	1	7.878358150161507e-05	8.534887996007625e-05	0.8970694391359947	False	uniform_inflow
primary::BRAF+KRAS+SOX9+TP53	1	7.878358150161507e-05	8.534887996007625e-05	0.8970694391359947	False	uniform_inflow
primary::CTNNB1+KRAS+PIK3CA+RNF43	1	7.878358150161507e-05	8.534887996007625e-05	0.8970694391359947	False	uniform_inflow
primary::PIK3CA+PTEN+SMAD4+TP53	1	7.878358150161507e-05	8.534887996007625e-05	0.8970694391359947	False	uniform_inflow
primary::APC+PIK3CA+PTEN+SOX9	1	7.878358150161507e-05	8.5348879960075e-05	0.8970694391360078	False	uniform_inflow
primary::ARID1A+BRAF+FBXW7+RNF43	6	0.0004727014890096	8.534887996006792e-05	5.382416634815464	True	uniform_inflow
primary::BRAF+KRAS+PIK3CA+PTEN	1	7.878358150161507e-05	8.534887996006667e-05	0.8970694391360954	False	uniform_inflow
metastatic::PTEN+SOX9+TP53	2	0.0001575671630032	8.484385700173847e-05	1.8048182762306004	False	uniform_inflow
primary::CTNNB1+KRAS+SOX9	2	0.0001575671630032	8.484385700173194e-05	1.8048182762307394	False	uniform_inflow
primary::APC+NRAS+PTEN	1	7.878358150161507e-05	8.484385700173194e-05	0.9024091381155424	False	uniform_inflow
primary::APC+RNF43+TCF7L2	3	0.0002363507445048	8.484385700173077e-05	2.7072274143461468	False	uniform_inflow
metastatic::APC+ARID1A+NRAS	1	7.878358150161507e-05	8.484385700173077e-05	0.9024091381155548	False	uniform_inflow
metastatic::APC+BRAF+NRAS	1	7.878358150161507e-05	8.484385700173077e-05	0.9024091381155548	False	uniform_inflow
metastatic::APC+BRAF+SMAD4	1	7.878358150161507e-05	8.484385700173077e-05	0.9024091381155548	False	uniform_inflow
metastatic::APC+NRAS+PTEN	1	7.878358150161507e-05	8.484385700173077e-05	0.9024091381155548	False	uniform_inflow
primary::APC+FBXW7+RNF43	1	7.878358150161507e-05	8.484385700173077e-05	0.9024091381155548	False	uniform_inflow
metastatic::PTEN+SMAD4	1	7.878358150161507e-05	8.441098018029285e-05	0.9070368772305598	False	uniform_inflow
primary::ARID1A+FBXW7	1	7.878358150161507e-05	8.441098018029285e-05	0.9070368772305598	False	uniform_inflow
metastatic::APC+ARID1A+KRAS+SMAD4+TCF7L2+TP53	1	7.878358150161507e-05	7.878358150161152e-05	0.9718252247817528	False	uniform_inflow
primary::ARID1A+FBXW7+KRAS+PIK3CA	1	7.878358150161507e-05	7.878358150161084e-05	0.9718252247817611	False	uniform_inflow
metastatic::APC+ARID1A+KRAS+SMAD4+SOX9	2	0.0001575671630032	7.878358150161048e-05	1.9436504495631595	False	uniform_inflow
metastatic::APC+FBXW7+PIK3CA+PTEN+TP53	1	7.878358150161507e-05	7.878358150161046e-05	0.9718252247817659	False	uniform_inflow
primary::BRAF+RNF43+SMAD4+SOX9+TP53	1	7.878358150161507e-05	7.878358150161046e-05	0.9718252247817659	False	uniform_inflow
primary::APC+KRAS+PIK3CA+PTEN+RNF43+TP53	1	7.878358150161507e-05	7.878358150161001e-05	0.9718252247817714	False	uniform_inflow
metastatic::APC+KRAS+PIK3CA+SOX9+TGFBR2	1	7.878358150161507e-05	7.87835815016091e-05	0.9718252247817827	False	uniform_inflow
primary::APC+KRAS+PIK3CA+PTEN+TGFBR2	1	7.878358150161507e-05	7.87835815016091e-05	0.9718252247817827	False	uniform_inflow
primary::APC+ARID1A+FBXW7	2	0.0001575671630032	7.878358150160885e-05	1.9436504495631997	False	uniform_inflow
primary::APC+BRAF+KRAS+TGFBR2	1	7.878358150161507e-05	7.878358150160833e-05	0.9718252247817921	False	uniform_inflow
primary::ARID1A+KRAS+TCF7L2+TP53	1	7.878358150161507e-05	7.878358150160833e-05	0.9718252247817921	False	uniform_inflow
primary::CTNNB1+KRAS+TGFBR2	1	7.878358150161507e-05	7.87835815016077e-05	0.9718252247818	False	uniform_inflow
metastatic::KRAS+SMAD4+TCF7L2	1	7.878358150161507e-05	7.878358150160768e-05	0.9718252247818001	False	uniform_inflow
primary::ARID1A+BRAF+PTEN+RNF43+SOX9	3	0.0002363507445048	7.87835815016041e-05	2.9154756743449752	False	uniform_inflow
primary::BRAF+PIK3CA+RNF43+SOX9+TGFBR2	1	7.878358150161507e-05	7.87835815016041e-05	0.9718252247818442	False	uniform_inflow
metastatic::APC+FBXW7+KRAS+SMAD4+SOX9+TP53	6	0.0004727014890096	7.87835815016015e-05	5.830951348690143	True	uniform_inflow
primary::APC+ARID1A+FBXW7+KRAS+PIK3CA+TCF7L2	2	0.0001575671630032	7.87835815016015e-05	1.9436504495633808	False	uniform_inflow
metastatic::APC+ARID1A+KRAS+SMAD4+SOX9+TP53	1	7.878358150161507e-05	7.87835815016015e-05	0.9718252247818764	False	uniform_inflow
primary::APC+ARID1A+BRAF+FBXW7+RNF43	1	7.878358150161507e-05	7.878358150160138e-05	0.9718252247818778	False	uniform_inflow
primary::APC+ARID1A+RNF43+TCF7L2+TP53	3	0.0002363507445048	7.878358150160137e-05	2.9154756743450765	False	uniform_inflow
primary::ARID1A+BRAF+FBXW7+RNF43+TCF7L2	3	0.0002363507445048	7.878358150160137e-05	2.9154756743450765	False	uniform_inflow
primary::APC+ARID1A+RNF43+SMAD4+TP53	1	7.878358150161507e-05	7.878358150160137e-05	0.9718252247818779	False	uniform_inflow
primary::ARID1A+BRAF+FBXW7+RNF43+SMAD4	1	7.878358150161507e-05	7.878358150160137e-05	0.9718252247818779	False	uniform_inflow
primary::APC+ARID1A+RNF43	3	0.0002363507445048	7.878358150160001e-05	2.9154756743451267	False	uniform_inflow
primary::BRAF+FBXW7+PIK3CA+PTEN+TP53	1	7.878358150161507e-05	7.878358150160001e-05	0.9718252247818947	False	uniform_inflow
primary::BRAF+FBXW7+PTEN+RNF43+TP53	1	7.878358150161507e-05	7.878358150160001e-05	0.9718252247818947	False	uniform_inflow
metastatic::CTNNB1+NRAS	2	0.0001575671630032	7.315618282292144e-05	2.093162020562822	False	uniform_inflow
primary::CTNNB1+PTEN	2	0.0001575671630032	7.315618282292142e-05	2.0931620205628225	False	uniform_inflow
metastatic::KRAS+SMAD4+SOX9	3	0.0002363507445048	7.272330600148578e-05	3.1584319771993385	False	uniform_inflow
unknown::APC+PIK3CA+TP53	2	0.0001575671630032	7.272330600148578e-05	2.105621318132892	False	uniform_inflow
metastatic::KRAS+SMAD4+TGFBR2	1	7.878358150161507e-05	7.272330600148578e-05	1.0528106590666475	False	uniform_inflow
primary::ARID1A+FBXW7+KRAS	1	7.878358150161507e-05	7.272330600148578e-05	1.0528106590666475	False	uniform_inflow
primary::BRAF+RNF43+SOX9	2	0.0001575671630032	7.272330600148462e-05	2.1056213181329255	False	uniform_inflow
primary::ARID1A+CTNNB1+KRAS	1	7.878358150161507e-05	7.272330600148462e-05	1.0528106590666644	False	uniform_inflow
primary::FBXW7+KRAS+TGFBR2	2	0.0001575671630032	7.272330600148461e-05	2.105621318132926	False	uniform_inflow
primary::APC+ARID1A+TCF7L2	1	7.878358150161507e-05	7.272330600148461e-05	1.0528106590666644	False	uniform_inflow
primary::APC+CTNNB1+FBXW7	1	7.878358150161507e-05	7.272330600148461e-05	1.0528106590666644	False	uniform_inflow
primary::FBXW7+KRAS+SOX9	1	7.878358150161507e-05	7.272330600148461e-05	1.0528106590666644	False	uniform_inflow
unknown::APC+KRAS+SMAD4+TP53	3	0.0002363507445048	7.221828304314291e-05	3.18051891379696	False	uniform_inflow
primary::BRAF+FBXW7+KRAS+PIK3CA	2	0.0001575671630032	7.221828304314166e-05	2.120345942531343	False	uniform_inflow
metastatic::KRAS+PIK3CA+PTEN+SMAD4	1	7.878358150161507e-05	7.221828304314166e-05	1.0601729712658743	False	uniform_inflow
primary::APC+ARID1A+BRAF+RNF43	2	0.0001575671630032	7.221828304313584e-05	2.1203459425315145	False	uniform_inflow
primary::ARID1A+BRAF+PIK3CA+RNF43	3	0.0002363507445048	7.221828304313459e-05	3.1805189137973264	False	uniform_inflow
metastatic::NRAS+PIK3CA+SMAD4+TP53	1	7.878358150161507e-05	7.221828304313333e-05	1.0601729712659966	False	uniform_inflow
metastatic::KRAS+PIK3CA+SMAD4+SOX9+TP53	1	7.878358150161507e-05	7.16214377287391e-05	1.0690077459030163	False	uniform_inflow
metastatic::APC+ARID1A+KRAS+PIK3CA+SOX9	2	0.0001575671630032	7.162143772873773e-05	2.1380154918056644	False	uniform_inflow
metastatic::ARID1A+KRAS+PIK3CA+SMAD4+TP53	1	7.878358150161507e-05	7.162143772873635e-05	1.0690077459030571	False	uniform_inflow
primary::APC+ARID1A+CTNNB1+SOX9+TP53	1	7.878358150161507e-05	7.162143772873635e-05	1.0690077459030571	False	uniform_inflow
primary::APC+BRAF+PIK3CA+SMAD4+SOX9	2	0.0001575671630032	7.162143772873001e-05	2.1380154918058953	False	uniform_inflow
primary::APC+FBXW7+RNF43+TCF7L2+TP53	1	7.878358150161507e-05	7.162143772872865e-05	1.0690077459031722	False	uniform_inflow
primary::APC+ARID1A+CTNNB1+NRAS+TP53	1	7.878358150161507e-05	7.162143772872864e-05	1.0690077459031724	False	uniform_inflow
primary::ARID1A+BRAF+RNF43+SOX9+TCF7L2	1	7.878358150161507e-05	7.162143772872864e-05	1.0690077459031724	False	uniform_inflow
primary::CTNNB1+KRAS+RNF43+SMAD4+TP53	1	7.878358150161507e-05	7.162143772872864e-05	1.0690077459031724	False	uniform_inflow
primary::APC+FBXW7+KRAS+SOX9+TCF7L2	2	0.0001575671630032	7.162143772872727e-05	2.1380154918059766	False	uniform_inflow
metastatic::APC+ARID1A+FBXW7+SOX9+TP53	1	7.878358150161507e-05	7.162143772872727e-05	1.0690077459031928	False	uniform_inflow
primary::APC+BRAF+PTEN+RNF43+TP53	1	7.878358150161507e-05	7.162143772872727e-05	1.0690077459031928	False	uniform_inflow
primary::ARID1A+BRAF+PTEN+RNF43+TP53	1	7.878358150161507e-05	7.162143772872727e-05	1.0690077459031928	False	uniform_inflow
metastatic::APC+KRAS+PIK3CA+SMAD4+SOX9+TGFBR2	1	7.878358150161507e-05	7.090522335145301e-05	1.0798058037901324	False	uniform_inflow
primary::APC+ARID1A+KRAS+PIK3CA+SMAD4+TCF7L2	2	0.0001575671630032	7.09052233514515e-05	2.159611607579898	False	uniform_inflow
primary::APC+KRAS+PIK3CA+RNF43+SMAD4+TCF7L2	2	0.0001575671630032	7.09052233514515e-05	2.159611607579898	False	uniform_inflow
primary::APC+KRAS+PIK3CA+SMAD4+TCF7L2+TGFBR2	1	7.878358150161507e-05	7.09052233514515e-05	1.0798058037901554	False	uniform_inflow
primary::APC+CTNNB1+KRAS+PIK3CA+PTEN+SMAD4	1	7.878358150161507e-05	7.090522335144151e-05	1.0798058037903076	False	uniform_inflow
metastatic::APC+KRAS+PIK3CA+SOX9+TCF7L2+TP53	1	7.878358150161507e-05	7.090522335144e-05	1.0798058037903304	False	uniform_inflow
primary::APC+ARID1A+BRAF+PIK3CA+RNF43+TCF7L2+TGFBR2	2	0.0001575671630032	7.00298502236478e-05	2.186606752289416	False	uniform_inflow
primary::NRAS+PTEN	1	7.878358150161507e-05	6.75287841442357e-05	1.133796093180212	False	uniform_inflow
unknown::APC+NRAS+TP53	2	0.0001575671630032	6.666303050136154e-05	2.2970414350917117	False	uniform_inflow
unknown::APC+FBXW7+TP53	1	7.878358150161507e-05	6.666303050136154e-05	1.1485207175460754	False	uniform_inflow
unknown::APC+SOX9+TP53	1	7.878358150161507e-05	6.666303050136154e-05	1.1485207175460754	False	uniform_inflow
unknown::APC+TCF7L2+TP53	1	7.878358150161507e-05	6.666303050136154e-05	1.1485207175460754	False	uniform_inflow
metastatic::APC+BRAF+PIK3CA	1	7.878358150161507e-05	6.666303050135385e-05	1.1485207175462078	False	uniform_inflow
primary::ARID1A+BRAF+SOX9	1	7.878358150161507e-05	6.666303050135385e-05	1.1485207175462078	False	uniform_inflow
unknown::APC+FBXW7+KRAS+TP53	2	0.0001575671630032	6.56529845846775e-05	2.3323805335547356	False	uniform_inflow
metastatic::FBXW7+KRAS+SOX9+TP53	1	7.878358150161507e-05	6.56529845846775e-05	1.1661902667775907	False	uniform_inflow
primary::APC+ARID1A+BRAF+PIK3CA	1	7.878358150161507e-05	6.56529845846775e-05	1.1661902667775907	False	uniform_inflow
primary::FBXW7+KRAS+PIK3CA+RNF43	1	7.878358150161507e-05	6.565298458467625e-05	1.1661902667776132	False	uniform_inflow
primary::APC+NRAS+PIK3CA+TCF7L2	2	0.0001575671630032	6.5652984584675e-05	2.332380533554825	False	uniform_inflow
primary::APC+CTNNB1+PIK3CA+PTEN	1	7.878358150161507e-05	6.5652984584675e-05	1.1661902667776354	False	uniform_inflow
primary::NRAS+PIK3CA+TCF7L2+TP53	1	7.878358150161507e-05	6.5652984584675e-05	1.1661902667776354	False	uniform_inflow
primary::APC+FBXW7+PIK3CA+SOX9	1	7.878358150161507e-05	6.565298458466792e-05	1.166190266777761	False	uniform_inflow
primary::ARID1A+BRAF+RNF43+SMAD4	2	0.0001575671630032	6.565298458466667e-05	2.33238053355512	False	uniform_inflow
primary::BRAF+FBXW7+RNF43+SMAD4	2	0.0001575671630032	6.565298458466667e-05	2.33238053355512	False	uniform_inflow
primary::APC+BRAF+PTEN+SMAD4	1	7.878358150161507e-05	6.565298458466667e-05	1.166190266777783	False	uniform_inflow
primary::CTNNB1+FBXW7+PIK3CA+TP53	1	7.878358150161507e-05	6.565298458466666e-05	1.1661902667777833	False	uniform_inflow
primary::KRAS+SOX9+TCF7L2+TP53	1	7.878358150161507e-05	6.565298458466666e-05	1.1661902667777833	False	uniform_inflow
metastatic::APC+KRAS+PTEN+SMAD4+SOX9	2	0.0001575671630032	6.445929395586638e-05	2.375572764987487	False	uniform_inflow
metastatic::APC+BRAF+CTNNB1+SMAD4+TP53	1	7.878358150161507e-05	6.445929395586501e-05	1.187786382493996	False	uniform_inflow
primary::APC+BRAF+PIK3CA+PTEN+SMAD4	1	7.878358150161507e-05	6.445929395585867e-05	1.187786382494113	False	uniform_inflow
primary::APC+ARID1A+BRAF+PIK3CA+RNF43	1	7.878358150161507e-05	6.44592939558573e-05	1.187786382494138	False	uniform_inflow
primary::APC+CTNNB1+SMAD4+SOX9+TP53	1	7.878358150161507e-05	6.445929395585728e-05	1.1877863824941384	False	uniform_inflow
primary::APC+FBXW7+PTEN+TCF7L2+TP53	1	7.878358150161507e-05	6.445929395585593e-05	1.1877863824941632	False	uniform_inflow
primary::BRAF+FBXW7+RNF43+TGFBR2+TP53	1	7.878358150161507e-05	6.445929395585593e-05	1.1877863824941632	False	uniform_inflow
primary::ARID1A+BRAF+PIK3CA+RNF43+SOX9	3	0.0002363507445048	6.445929395585591e-05	3.563359147481809	False	uniform_inflow
primary::APC+ARID1A+KRAS+PTEN+SOX9	1	7.878358150161507e-05	6.445929395585591e-05	1.1877863824941637	False	uniform_inflow
metastatic::APC+CTNNB1+KRAS+PIK3CA+TCF7L2	1	7.878358150161507e-05	6.445929395585456e-05	1.1877863824941886	False	uniform_inflow
primary::ARID1A+BRAF+PIK3CA+RNF43+TGFBR2	5	0.000393917907508	6.445929395585455e-05	5.938931912469808	True	uniform_inflow
primary::BRAF+FBXW7+PIK3CA+SMAD4+TP53	3	0.0002363507445048	6.445929395585455e-05	3.563359147481885	False	uniform_inflow
primary::APC+BRAF+PTEN+TCF7L2+TP53	1	7.878358150161507e-05	6.445929395585455e-05	1.1877863824941888	False	uniform_inflow
metastatic::APC+KRAS+NRAS+PIK3CA+SMAD4+SOX9	1	7.878358150161507e-05	6.302686520129151e-05	1.2147815271223412	False	uniform_inflow
primary::ARID1A+BRAF+FBXW7+RNF43+SMAD4+TP53	1	7.878358150161507e-05	6.302686520128302e-05	1.214781527122505	False	uniform_inflow
primary::BRAF+KRAS+PIK3CA+PTEN+SMAD4+TP53	1	7.878358150161507e-05	6.302686520128302e-05	1.214781527122505	False	uniform_inflow
primary::ARID1A+BRAF+PIK3CA+RNF43+TCF7L2+TGFBR2	3	0.0002363507445048	6.302686520128151e-05	3.644344581366905	False	uniform_inflow
primary::ARID1A+BRAF+PIK3CA+RNF43+TGFBR2+TP53	1	7.878358150161507e-05	6.302686520128151e-05	1.2147815271225342	False	uniform_inflow
metastatic::APC+FBXW7+KRAS+SOX9+TCF7L2+TP53	1	7.878358150161507e-05	6.302686520128001e-05	1.214781527122563	False	uniform_inflow
primary::APC+ARID1A+KRAS+SOX9+TGFBR2+TP53	1	7.878358150161507e-05	6.302686520128001e-05	1.214781527122563	False	uniform_inflow
metastatic::APC+CTNNB1+KRAS+SMAD4+SOX9+TP53	1	7.878358150161507e-05	6.302686520128e-05	1.2147815271225633	False	uniform_inflow
metastatic::APC+FBXW7+KRAS+PIK3CA+PTEN+SMAD4+TP53	1	7.878358150161507e-05	6.127611894569223e-05	1.2494895701881479	False	uniform_inflow
primary::APC+ARID1A+CTNNB1+KRAS+PIK3CA+SOX9+TP53	1	7.878358150161507e-05	6.127611894569223e-05	1.2494895701881479	False	uniform_inflow
primary::FBXW7+KRAS+RNF43	2	0.0001575671630032	6.060275500123846e-05	2.526745574810528	False	uniform_inflow
primary::KRAS+PTEN+TCF7L2	1	7.878358150161507e-05	6.060275500123846e-05	1.2633727874055058	False	uniform_inflow
unknown::APC+ARID1A+KRAS+TP53	1	7.878358150161507e-05	5.9087686126209585e-05	1.2957669608932596	False	uniform_inflow
primary::APC+PIK3CA+PTEN+SMAD4	1	7.878358150161507e-05	5.908768612620833e-05	1.2957669608932871	False	uniform_inflow
primary::ARID1A+KRAS+TGFBR2+TP53	1	7.878358150161507e-05	5.908768612620833e-05	1.2957669608932871	False	uniform_inflow
primary::ARID1A+BRAF+RNF43+SOX9	5	0.000393917907508	5.908768612620126e-05	6.478834804465971	True	uniform_inflow
primary::APC+PIK3CA+SMAD4+SOX9	3	0.0002363507445048	5.908768612620126e-05	3.8873008826795834	False	uniform_inflow
primary::APC+FBXW7+PIK3CA+SMAD4	1	7.878358150161507e-05	5.908768612620126e-05	1.2957669608934423	False	uniform_inflow
primary::APC+FBXW7+PIK3CA+TCF7L2	1	7.878358150161507e-05	5.908768612620126e-05	1.2957669608934423	False	uniform_inflow
primary::BRAF+FBXW7+PIK3CA+RNF43	2	0.0001575671630032	5.90876861262e-05	2.5915339217864437	False	uniform_inflow
primary::BRAF+PIK3CA+RNF43+SOX9	1	7.878358150161507e-05	5.90876861262e-05	1.2957669608934697	False	uniform_inflow
primary::KRAS+PIK3CA+PTEN+SOX9	1	7.878358150161507e-05	5.90876861262e-05	1.2957669608934697	False	uniform_inflow
primary::APC+ARID1A+FBXW7+PTEN+TP53	1	7.878358150161507e-05	5.729715018299228e-05	1.3362596777144324	False	uniform_inflow
primary::APC+ARID1A+PIK3CA+TGFBR2+TP53	1	7.878358150161507e-05	5.729715018299228e-05	1.3362596777144324	False	uniform_inflow
primary::BRAF+CTNNB1+RNF43+SMAD4+TP53	1	7.878358150161507e-05	5.7297150182990905e-05	1.3362596777144644	False	uniform_inflow
primary::BRAF+FBXW7+RNF43+TCF7L2+TP53	1	7.878358150161507e-05	5.729715018298456e-05	1.3362596777146125	False	uniform_inflow
primary::APC+BRAF+KRAS+TGFBR2+TP53	1	7.878358150161507e-05	5.7297150182984555e-05	1.3362596777146125	False	uniform_inflow
primary::APC+CTNNB1+FBXW7+KRAS+TCF7L2	1	7.878358150161507e-05	5.7297150182983193e-05	1.3362596777146445	False	uniform_inflow
primary::BRAF+FBXW7+PTEN+SMAD4+TP53	1	7.878358150161507e-05	5.729715018298319e-05	1.3362596777146445	False	uniform_inflow
primary::APC+FBXW7+KRAS+SMAD4+TCF7L2	2	0.0001575671630032	5.7297150182981825e-05	2.6725193554288413	False	uniform_inflow
metastatic::APC+ARID1A+BRAF+TCF7L2+TP53	1	7.878358150161507e-05	5.7297150182981825e-05	1.3362596777146762	False	uniform_inflow
primary::APC+ARID1A+PTEN+SMAD4+TP53	1	7.878358150161507e-05	5.729715018298182e-05	1.3362596777146762	False	uniform_inflow
primary::APC+BRAF+SOX9+TCF7L2+TP53	1	7.878358150161507e-05	5.729715018298182e-05	1.3362596777146762	False	uniform_inflow
primary::BRAF+RNF43+SOX9+TGFBR2+TP53	1	7.878358150161507e-05	5.729715018298182e-05	1.3362596777146762	False	uniform_inflow
primary::CTNNB1+SOX9	1	7.878358150161507e-05	5.627398678685714e-05	1.3605553077868415	False	uniform_inflow
primary::APC+BRAF+PIK3CA+SMAD4+SOX9+TP53	1	7.878358150161507e-05	5.5148507051124525e-05	1.3883217421360354	False	uniform_inflow
primary::APC+ARID1A+PIK3CA+PTEN+RNF43+TCF7L2	1	7.878358150161507e-05	5.514850705112302e-05	1.3883217421360734	False	uniform_inflow
primary::APC+ARID1A+KRAS+PIK3CA+RNF43+SOX9	1	7.878358150161507e-05	5.5148507051123014e-05	1.3883217421360734	False	uniform_inflow
primary::APC+KRAS+PIK3CA+SOX9+TCF7L2+TGFBR2	1	7.878358150161507e-05	5.5148507051123014e-05	1.3883217421360734	False	uniform_inflow
primary::APC+ARID1A+FBXW7+PIK3CA+TCF7L2+TP53	2	0.0001575671630032	5.5148507051121516e-05	2.7766434842716907	False	uniform_inflow
primary::APC+FBXW7+NRAS+PIK3CA+SOX9+TP53	1	7.878358150161507e-05	5.514850705112151e-05	1.3883217421361114	False	uniform_inflow
primary::ARID1A+BRAF+PIK3CA+PTEN+RNF43+TGFBR2	1	7.878358150161507e-05	5.514850705112e-05	1.3883217421361493	False	uniform_inflow
metastatic::BRAF+RNF43+SMAD4	2	0.0001575671630032	5.454247950111539e-05	2.8074950779754144	False	uniform_inflow
metastatic::SOX9+TCF7L2+TP53	1	7.878358150161507e-05	5.454247950111539e-05	1.4037475389879757	False	uniform_inflow
metastatic::APC+PIK3CA+SOX9	3	0.0002363507445048	5.454247950110769e-05	4.211242616963716	False	uniform_inflow
metastatic::APC+SMAD4+SOX9	1	7.878358150161507e-05	5.454247950110769e-05	1.4037475389881737	False	uniform_inflow
primary::APC+PTEN+RNF43	1	7.878358150161507e-05	5.454247950110769e-05	1.4037475389881737	False	uniform_inflow
primary::FBXW7+PIK3CA+PTEN	1	7.878358150161507e-05	5.454247950110769e-05	1.4037475389881737	False	uniform_inflow
unknown::APC+KRAS+RNF43+TP53	1	7.878358150161507e-05	5.252238766774166e-05	1.4577378279210782	False	uniform_inflow
primary::APC+ARID1A+FBXW7+KRAS+PIK3CA+PTEN+TCF7L2	1	7.878358150161507e-05	5.252238766774003e-05	1.4577378279211235	False	uniform_inflow
primary::APC+CTNNB1+KRAS+PIK3CA+SOX9+TCF7L2+TP53	1	7.878358150161507e-05	5.2522387667738354e-05	1.45773782792117	False	uniform_inflow
primary::APC+ARID1A+FBXW7+KRAS+PIK3CA+RNF43+TCF7L2	2	0.0001575671630032	5.252238766773668e-05	2.915475655841875	False	uniform_inflow
primary::APC+ARID1A+BRAF+FBXW7+RNF43+TGFBR2+TP53	1	7.878358150161507e-05	5.252238766773668e-05	1.4577378279212163	False	uniform_inflow
primary::APC+ARID1A+FBXW7+PIK3CA+SOX9+TCF7L2+TP53	1	7.878358150161507e-05	5.252238766773668e-05	1.4577378279212163	False	uniform_inflow
primary::APC+FBXW7+KRAS+PIK3CA+SOX9+TGFBR2+TP53	1	7.878358150161507e-05	5.252238766773668e-05	1.4577378279212163	False	uniform_inflow
metastatic::APC+FBXW7+KRAS+PIK3CA+SMAD4+TCF7L2+TP53	1	7.878358150161507e-05	5.252238766773501e-05	1.4577378279212627	False	uniform_inflow
metastatic::APC+BRAF+PIK3CA+PTEN	1	7.878358150161507e-05	5.252238766773459e-05	1.4577378279212743	False	uniform_inflow
metastatic::BRAF+NRAS+PIK3CA+TP53	1	7.878358150161507e-05	5.252238766773459e-05	1.4577378279212743	False	uniform_inflow
primary::APC+BRAF+FBXW7+SMAD4	1	7.878358150161507e-05	5.252238766773459e-05	1.4577378279212743	False	uniform_inflow
primary::APC+BRAF+SMAD4+SOX9	1	7.878358150161507e-05	5.252238766773459e-05	1.4577378279212743	False	uniform_inflow
metastatic::APC+NRAS+PIK3CA+SOX9	1	7.878358150161507e-05	5.252238766773333e-05	1.4577378279213091	False	uniform_inflow
metastatic::PIK3CA+RNF43+SMAD4+TP53	1	7.878358150161507e-05	5.252238766773333e-05	1.4577378279213091	False	uniform_inflow
primary::BRAF+FBXW7+PTEN+SMAD4	1	7.878358150161507e-05	5.252238766773333e-05	1.4577378279213091	False	uniform_inflow
primary::BRAF+PIK3CA+PTEN+SMAD4	1	7.878358150161507e-05	5.252238766773333e-05	1.4577378279213091	False	uniform_inflow
primary::CTNNB1+NRAS	1	7.878358150161507e-05	5.0646588108171424e-05	1.5117281167783005	False	uniform_inflow
primary::APC+ARID1A+KRAS+RNF43+TCF7L2	3	0.0002363507445048	5.013500641011183e-05	4.581461740740667	False	uniform_inflow
primary::ARID1A+KRAS+RNF43+SMAD4+TP53	3	0.0002363507445048	5.013500641011183e-05	4.581461740740667	False	uniform_inflow
metastatic::APC+FBXW7+KRAS+PTEN+SOX9	1	7.878358150161507e-05	5.0135006410110466e-05	1.5271539135805559	False	uniform_inflow
metastatic::BRAF+PTEN+RNF43+SMAD4+TP53	1	7.878358150161507e-05	5.0135006410110466e-05	1.5271539135805559	False	uniform_inflow
metastatic::FBXW7+KRAS+PTEN+SMAD4+TP53	1	7.878358150161507e-05	5.0135006410110466e-05	1.5271539135805559	False	uniform_inflow
primary::BRAF+PIK3CA+RNF43+TCF7L2+TP53	1	7.878358150161507e-05	5.0135006410110466e-05	1.5271539135805559	False	uniform_inflow
primary::APC+BRAF+RNF43+TGFBR2+TP53	3	0.0002363507445048	5.013500641011046e-05	4.581461740740792	False	uniform_inflow
metastatic::APC+ARID1A+FBXW7+NRAS+TP53	1	7.878358150161507e-05	5.013500641011046e-05	1.527153913580556	False	uniform_inflow
primary::CTNNB1+KRAS+PTEN+SMAD4+TP53	1	7.878358150161507e-05	5.013500641011046e-05	1.527153913580556	False	uniform_inflow
primary::ARID1A+BRAF+PIK3CA+RNF43+TCF7L2	2	0.0001575671630032	5.013500641010909e-05	3.0543078271606117	False	uniform_inflow
primary::ARID1A+BRAF+PTEN+RNF43+TGFBR2	2	0.0001575671630032	5.013500641010909e-05	3.0543078271606117	False	uniform_inflow
metastatic::APC+BRAF+FBXW7+PTEN+TP53	1	7.878358150161507e-05	5.013500641010909e-05	1.5271539135805978	False	uniform_inflow
primary::APC+ARID1A+KRAS+PTEN+TCF7L2	1	7.878358150161507e-05	5.013500641010909e-05	1.5271539135805978	False	uniform_inflow
primary::APC+ARID1A+PIK3CA+SMAD4+SOX9	1	7.878358150161507e-05	5.013500641010909e-05	1.5271539135805978	False	uniform_inflow
primary::APC+ARID1A+FBXW7+KRAS+PIK3CA+PTEN+RNF43+TCF7L2	2	0.0001575671630032	4.923973843850565e-05	3.109840695617187	False	uniform_inflow
primary::BRAF+RNF43+TCF7L2	1	7.878358150161507e-05	4.8482204000993474e-05	1.5792159777421728	False	uniform_inflow
metastatic::APC+PIK3CA+PTEN	4	0.0003151343260064	4.8482204000985776e-05	6.316863910968486	False	uniform_inflow
metastatic::APC+BRAF+PTEN	3	0.0002363507445048	4.848220400098462e-05	4.737647933226478	False	uniform_inflow
metastatic::APC+ARID1A+SOX9	1	7.878358150161507e-05	4.848220400098462e-05	1.5792159777424615	False	uniform_inflow
metastatic::APC+PIK3CA+SMAD4	1	7.878358150161507e-05	4.848220400098462e-05	1.5792159777424615	False	uniform_inflow
primary::APC+ARID1A+CTNNB1	1	7.878358150161507e-05	4.848220400098462e-05	1.5792159777424615	False	uniform_inflow
primary::ARID1A+KRAS+RNF43	1	7.878358150161507e-05	4.848220400098462e-05	1.5792159777424615	False	uniform_inflow
primary::ARID1A+BRAF+FBXW7+PTEN+RNF43+TP53	2	0.0001575671630032	4.727014890096603e-05	3.239417388526667	False	uniform_inflow
primary::APC+ARID1A+FBXW7+PIK3CA+SOX9+TP53	1	7.878358150161507e-05	4.727014890096452e-05	1.6197086942636947	False	uniform_inflow
primary::APC+ARID1A+FBXW7+KRAS+PIK3CA+PTEN	1	7.878358150161507e-05	4.727014890096302e-05	1.6197086942637464	False	uniform_inflow
primary::APC+ARID1A+NRAS+PIK3CA+SMAD4+TP53	1	7.878358150161507e-05	4.727014890096302e-05	1.6197086942637464	False	uniform_inflow
primary::APC+BRAF+FBXW7+PIK3CA+RNF43+TP53	1	7.878358150161507e-05	4.727014890096302e-05	1.6197086942637464	False	uniform_inflow
primary::APC+ARID1A+BRAF+PIK3CA+RNF43+TGFBR2	3	0.0002363507445048	4.727014890096151e-05	4.859126082790465	False	uniform_inflow
metastatic::APC+ARID1A+FBXW7+KRAS+PIK3CA+SOX9	1	7.878358150161507e-05	4.727014890096151e-05	1.6197086942637982	False	uniform_inflow
primary::APC+ARID1A+FBXW7+PIK3CA+PTEN+TCF7L2	1	7.878358150161507e-05	4.727014890096151e-05	1.6197086942637982	False	uniform_inflow
primary::APC+ARID1A+KRAS+PIK3CA+SOX9+TGFBR2	1	7.878358150161507e-05	4.727014890096151e-05	1.6197086942637982	False	uniform_inflow
primary::APC+KRAS+PIK3CA+RNF43+SOX9+TCF7L2	1	7.878358150161507e-05	4.727014890096151e-05	1.6197086942637982	False	uniform_inflow
primary::APC+KRAS+PTEN+SMAD4+SOX9+TCF7L2	1	7.878358150161507e-05	4.727014890096151e-05	1.6197086942637982	False	uniform_inflow
primary::ARID1A+BRAF+CTNNB1+PIK3CA+RNF43+SOX9	1	7.878358150161507e-05	4.727014890096151e-05	1.6197086942637982	False	uniform_inflow
primary::ARID1A+FBXW7+KRAS+RNF43+SMAD4+TP53	1	7.878358150161507e-05	4.727014890096151e-05	1.6197086942637982	False	uniform_inflow
metastatic::APC+BRAF+KRAS+PIK3CA+SOX9+TP53	1	7.878358150161507e-05	4.727014890096e-05	1.6197086942638497	False	uniform_inflow
primary::APC+ARID1A+KRAS+RNF43+SOX9+TP53	1	7.878358150161507e-05	4.727014890096e-05	1.6197086942638497	False	uniform_inflow
primary::ARID1A+FBXW7+KRAS+RNF43	1	7.878358150161507e-05	4.595708920926918e-05	1.6659860845214707	False	uniform_inflow
primary::ARID1A+BRAF+RNF43+TCF7L2	4	0.0003151343260064	4.5957089209267923e-05	6.66394433808479	False	uniform_inflow
primary::ARID1A+BRAF+RNF43+TGFBR2	2	0.0001575671630032	4.5957089209267923e-05	3.331972169042395	False	uniform_inflow
primary::APC+ARID1A+RNF43+TCF7L2	1	7.878358150161507e-05	4.5957089209267923e-05	1.665986084521516	False	uniform_inflow
primary::BRAF+KRAS+PIK3CA+RNF43	1	7.878358150161507e-05	4.5957089209267923e-05	1.665986084521516	False	uniform_inflow
primary::BRAF+PIK3CA+SMAD4+SOX9	1	7.878358150161507e-05	4.5957089209267923e-05	1.665986084521516	False	uniform_inflow
primary::BRAF+RNF43+SMAD4+SOX9	1	7.878358150161507e-05	4.5957089209267923e-05	1.665986084521516	False	uniform_inflow
primary::BRAF+PIK3CA+PTEN+RNF43	3	0.0002363507445048	4.595708920926666e-05	4.99795825356373	False	uniform_inflow
metastatic::APC+ARID1A+CTNNB1+KRAS	1	7.878358150161507e-05	4.595708920926666e-05	1.6659860845215617	False	uniform_inflow
primary::ARID1A+RNF43	3	0.0002363507445048	4.501918942948571e-05	5.102082381533424	False	uniform_inflow
primary::ARID1A+BRAF+PIK3CA+RNF43+TCF7L2+TGFBR2+TP53	2	0.0001575671630032	4.376865638978113e-05	3.4985707736879976	False	uniform_inflow
primary::ARID1A+BRAF+PIK3CA+RNF43+SOX9+TCF7L2+TGFBR2	1	7.878358150161507e-05	4.376865638978113e-05	1.7492853868443334	False	uniform_inflow
primary::APC+ARID1A+BRAF+FBXW7+PTEN+RNF43+TP53	2	0.0001575671630032	4.376865638977945e-05	3.4985707736881317	False	uniform_inflow
primary::APC+ARID1A+CTNNB1+FBXW7+KRAS+PIK3CA+TP53	1	7.878358150161507e-05	4.376865638977945e-05	1.7492853868444005	False	uniform_inflow
primary::APC+ARID1A+FBXW7+KRAS+PIK3CA+SMAD4+TCF7L2	1	7.878358150161507e-05	4.376865638977945e-05	1.7492853868444005	False	uniform_inflow
primary::CTNNB1+KRAS+PIK3CA+SMAD4+SOX9	3	0.0002363507445048	4.2972862637240477e-05	5.345038679761742	False	uniform_inflow
metastatic::APC+ARID1A+FBXW7+RNF43+TP53	1	7.878358150161507e-05	4.29728626372391e-05	1.7816795599209783	False	uniform_inflow
primary::APC+ARID1A+BRAF+FBXW7+SOX9	1	7.878358150161507e-05	4.29728626372391e-05	1.7816795599209783	False	uniform_inflow
primary::APC+ARID1A+FBXW7+PIK3CA+SOX9	1	7.878358150161507e-05	4.29728626372391e-05	1.7816795599209783	False	uniform_inflow
primary::APC+ARID1A+PIK3CA+PTEN+SOX9	1	7.878358150161507e-05	4.29728626372391e-05	1.7816795599209783	False	uniform_inflow
metastatic::ARID1A+BRAF+RNF43+SMAD4+TP53	2	0.0001575671630032	4.297286263723774e-05	3.563359119841388	False	uniform_inflow
primary::APC+CTNNB1+KRAS+PIK3CA+RNF43	1	7.878358150161507e-05	4.297286263723774e-05	1.7816795599210347	False	uniform_inflow
primary::ARID1A+BRAF+CTNNB1+RNF43+SOX9	2	0.0001575671630032	4.297286263723773e-05	3.5633591198413885	False	uniform_inflow
primary::APC+ARID1A+BRAF+KRAS+TCF7L2	1	7.878358150161507e-05	4.297286263723773e-05	1.7816795599210349	False	uniform_inflow
primary::BRAF+FBXW7+NRAS+PIK3CA+TP53	1	7.878358150161507e-05	4.297286263723773e-05	1.7816795599210349	False	uniform_inflow
primary::APC+ARID1A+CTNNB1+KRAS+SOX9	2	0.0001575671630032	4.297286263723637e-05	3.5633591198415013	False	uniform_inflow
primary::APC+KRAS+PTEN+SMAD4+TCF7L2	2	0.0001575671630032	4.297286263723637e-05	3.5633591198415013	False	uniform_inflow
primary::APC+CTNNB1+FBXW7+RNF43+TP53	1	7.878358150161507e-05	4.297286263723637e-05	1.7816795599210915	False	uniform_inflow
primary::ARID1A+BRAF+CTNNB1+FBXW7+RNF43	1	7.878358150161507e-05	4.297286263723637e-05	1.7816795599210915	False	uniform_inflow
primary::BRAF+CTNNB1+FBXW7+RNF43+TP53	1	7.878358150161507e-05	4.297286263723637e-05	1.7816795599210915	False	uniform_inflow
metastatic::BRAF+FBXW7+PIK3CA	4	0.0003151343260064	4.24219285008627e-05	7.219273019834583	False	uniform_inflow
primary::CTNNB1+PIK3CA+PTEN	3	0.0002363507445048	4.24219285008627e-05	5.414454764875939	False	uniform_inflow
metastatic::APC+FBXW7+PIK3CA	1	7.878358150161507e-05	4.24219285008627e-05	1.804818254958991	False	uniform_inflow
metastatic::CTNNB1+KRAS+SOX9	1	7.878358150161507e-05	4.24219285008627e-05	1.804818254958991	False	uniform_inflow
metastatic::CTNNB1+KRAS+TGFBR2	1	7.878358150161507e-05	4.24219285008627e-05	1.804818254958991	False	uniform_inflow
primary::NRAS+PIK3CA+PTEN	2	0.0001575671630032	4.2421928500862695e-05	3.6096365099172925	False	uniform_inflow
metastatic::APC+ARID1A+TCF7L2	1	7.878358150161507e-05	4.2421928500861543e-05	1.8048182549590406	False	uniform_inflow
metastatic::APC+BRAF+TCF7L2	1	7.878358150161507e-05	4.2421928500861543e-05	1.8048182549590406	False	uniform_inflow
primary::APC+ARID1A+PTEN	1	7.878358150161507e-05	4.2421928500861543e-05	1.8048182549590406	False	uniform_inflow
primary::APC+ARID1A+BRAF+FBXW7+RNF43+TP53	2	0.0001575671630032	3.939179075080452e-05	3.88730084978488	False	uniform_inflow
primary::APC+ARID1A+BRAF+PIK3CA+RNF43+TP53	1	7.878358150161507e-05	3.939179075080452e-05	1.943650424892812	False	uniform_inflow
primary::APC+ARID1A+FBXW7+KRAS+PTEN+TCF7L2	1	7.878358150161507e-05	3.939179075080452e-05	1.943650424892812	False	uniform_inflow
primary::APC+CTNNB1+FBXW7+KRAS+PIK3CA+PTEN+SMAD4+TP53	1	7.878358150161507e-05	3.939179075080377e-05	1.943650424892849	False	uniform_inflow
primary::APC+ARID1A+KRAS+PIK3CA+RNF43+TCF7L2	2	0.0001575671630032	3.9391790750803015e-05	3.8873008497850288	False	uniform_inflow
primary::ARID1A+BRAF+FBXW7+PTEN+RNF43+TCF7L2	2	0.0001575671630032	3.9391790750803015e-05	3.8873008497850288	False	uniform_inflow
metastatic::APC+CTNNB1+KRAS+PIK3CA+TCF7L2+TP53	1	7.878358150161507e-05	3.9391790750803015e-05	1.943650424892886	False	uniform_inflow
primary::APC+ARID1A+BRAF+PTEN+RNF43+SOX9	1	7.878358150161507e-05	3.9391790750803015e-05	1.943650424892886	False	uniform_inflow
primary::APC+BRAF+PTEN+RNF43+TGFBR2+TP53	1	7.878358150161507e-05	3.9391790750803015e-05	1.943650424892886	False	uniform_inflow
primary::ARID1A+BRAF+PTEN+RNF43+SOX9+TP53	1	7.878358150161507e-05	3.9391790750803015e-05	1.943650424892886	False	uniform_inflow
primary::APC+ARID1A+BRAF+PTEN	1	7.878358150161507e-05	3.9391790750802514e-05	1.943650424892911	False	uniform_inflow
primary::APC+ARID1A+FBXW7+SOX9	1	7.878358150161507e-05	3.9391790750802514e-05	1.943650424892911	False	uniform_inflow
metastatic::APC+ARID1A+KRAS+PTEN+SMAD4+TP53	1	7.878358150161507e-05	3.939179075080151e-05	1.9436504248929605	False	uniform_inflow
metastatic::APC+CTNNB1+FBXW7+KRAS+SOX9+TP53	1	7.878358150161507e-05	3.939179075080151e-05	1.9436504248929605	False	uniform_inflow
primary::APC+BRAF+FBXW7+PIK3CA+TCF7L2+TP53	1	7.878358150161507e-05	3.939179075080151e-05	1.9436504248929605	False	uniform_inflow
primary::APC+BRAF+KRAS+NRAS+SMAD4+TP53	1	7.878358150161507e-05	3.939179075080151e-05	1.9436504248929605	False	uniform_inflow
primary::ARID1A+BRAF+PIK3CA+RNF43+SMAD4+TP53	1	7.878358150161507e-05	3.939179075080151e-05	1.9436504248929605	False	uniform_inflow
primary::ARID1A+BRAF+PIK3CA+RNF43+TCF7L2+TP53	1	7.878358150161507e-05	3.939179075080151e-05	1.9436504248929605	False	uniform_inflow
metastatic::ARID1A+KRAS+SOX9+TP53	1	7.878358150161507e-05	3.9391790750801253e-05	1.9436504248929731	False	uniform_inflow
primary::APC+PIK3CA+SOX9+TCF7L2	1	7.878358150161507e-05	3.9391790750801253e-05	1.9436504248929731	False	uniform_inflow
primary::ARID1A+BRAF+FBXW7+PTEN	1	7.878358150161507e-05	3.9391790750801253e-05	1.9436504248929731	False	uniform_inflow
primary::CTNNB1+FBXW7+SOX9+TP53	1	7.878358150161507e-05	3.9391790750801253e-05	1.9436504248929731	False	uniform_inflow
primary::ARID1A+BRAF+FBXW7+PIK3CA+RNF43+SOX9	3	0.0002363507445048	3.9391790750800007e-05	5.8309512746779895	False	uniform_inflow
metastatic::APC+ARID1A+CTNNB1+KRAS+SMAD4+TP53	1	7.878358150161507e-05	3.9391790750800007e-05	1.9436504248930346	False	uniform_inflow
primary::APC+ARID1A+CTNNB1+RNF43+TCF7L2+TP53	1	7.878358150161507e-05	3.9391790750800007e-05	1.9436504248930346	False	uniform_inflow
primary::ARID1A+BRAF+FBXW7+PIK3CA+RNF43+TCF7L2	1	7.878358150161507e-05	3.9391790750800007e-05	1.9436504248930346	False	uniform_inflow
primary::BRAF+FBXW7+PIK3CA+RNF43+SMAD4+TP53	1	7.878358150161507e-05	3.9391790750800007e-05	1.9436504248930346	False	uniform_inflow
primary::ARID1A+BRAF+PTEN+RNF43	3	0.0002363507445048	3.93917907508e-05	5.8309512746779895	False	uniform_inflow
unknown::APC+KRAS	3	0.0002363507445048	3.93917907508e-05	5.8309512746779895	False	uniform_inflow
metastatic::CTNNB1+PIK3CA+SMAD4+TP53	2	0.0001575671630032	3.93917907508e-05	3.8873008497853263	False	uniform_inflow
primary::BRAF+FBXW7+PTEN+RNF43	2	0.0001575671630032	3.93917907508e-05	3.8873008497853263	False	uniform_inflow
metastatic::BRAF+CTNNB1+PTEN+TP53	1	7.878358150161507e-05	3.93917907508e-05	1.943650424893035	False	uniform_inflow
primary::APC+CTNNB1+KRAS+PIK3CA+SOX9+TCF7L2	1	7.878358150161507e-05	3.93917907508e-05	1.943650424893035	False	uniform_inflow
primary::APC+FBXW7+KRAS+PIK3CA+RNF43+TCF7L2	1	7.878358150161507e-05	3.93917907508e-05	1.943650424893035	False	uniform_inflow
primary::ARID1A+KRAS+PIK3CA+SOX9	1	7.878358150161507e-05	3.93917907508e-05	1.943650424893035	False	uniform_inflow
unknown::KRAS+SMAD4+TP53	2	0.0001575671630032	3.636165300074078e-05	4.211242578358284	False	uniform_inflow
unknown::KRAS+PIK3CA+TP53	1	7.878358150161507e-05	3.636165300074078e-05	2.1056212891795454	False	uniform_inflow
primary::ARID1A+FBXW7+PIK3CA	1	7.878358150161507e-05	3.636165300073962e-05	2.1056212891796124	False	uniform_inflow
metastatic::APC+PIK3CA+RNF43	1	7.878358150161507e-05	3.636165300073846e-05	2.105621289179679	False	uniform_inflow
metastatic::APC+RNF43+SMAD4	1	7.878358150161507e-05	3.636165300073846e-05	2.105621289179679	False	uniform_inflow
primary::KRAS+RNF43+SOX9	1	7.878358150161507e-05	3.636165300073846e-05	2.105621289179679	False	uniform_inflow
primary::NRAS+PIK3CA+SMAD4	1	7.878358150161507e-05	3.636165300073846e-05	2.105621289179679	False	uniform_inflow
unknown::KRAS+PTEN+TP53	1	7.878358150161507e-05	3.636165300073846e-05	2.105621289179679	False	uniform_inflow
primary::APC+ARID1A+BRAF+PTEN+SOX9	1	7.878358150161507e-05	3.581071886436775e-05	2.1380154619545273	False	uniform_inflow
primary::APC+BRAF+FBXW7+RNF43+TGFBR2	1	7.878358150161507e-05	3.581071886436775e-05	2.1380154619545273	False	uniform_inflow
primary::ARID1A+FBXW7+KRAS+RNF43+SOX9	1	7.878358150161507e-05	3.581071886436775e-05	2.1380154619545273	False	uniform_inflow
primary::APC+ARID1A+PTEN+RNF43+SOX9	1	7.878358150161507e-05	3.581071886436638e-05	2.1380154619546086	False	uniform_inflow
primary::ARID1A+BRAF+CTNNB1+PIK3CA+RNF43	1	7.878358150161507e-05	3.581071886436638e-05	2.1380154619546086	False	uniform_inflow
unknown::APC+KRAS+NRAS+SMAD4+TP53	1	7.878358150161507e-05	3.581071886436638e-05	2.1380154619546086	False	uniform_inflow
metastatic::APC+ARID1A+RNF43+SMAD4+TP53	1	7.878358150161507e-05	3.5810718864365005e-05	2.1380154619546907	False	uniform_inflow
primary::APC+ARID1A+NRAS+PIK3CA+SOX9	1	7.878358150161507e-05	3.5810718864365005e-05	2.1380154619546907	False	uniform_inflow
primary::ARID1A+BRAF+KRAS+RNF43+TP53	1	7.878358150161507e-05	3.5810718864365005e-05	2.1380154619546907	False	uniform_inflow
primary::APC+RNF43+SMAD4+SOX9+TP53	2	0.0001575671630032	3.5810718864363636e-05	4.276030923908727	False	uniform_inflow
primary::ARID1A+BRAF+PIK3CA+RNF43+SMAD4	1	7.878358150161507e-05	3.5810718864363636e-05	2.138015461954773	False	uniform_inflow
primary::BRAF+PTEN+RNF43+TGFBR2+TP53	1	7.878358150161507e-05	3.5810718864363636e-05	2.138015461954773	False	uniform_inflow
primary::CTNNB1+KRAS+PIK3CA+SOX9+TGFBR2	1	7.878358150161507e-05	3.5810718864363636e-05	2.138015461954773	False	uniform_inflow
primary::APC+ARID1A+BRAF+FBXW7+RNF43+SOX9+TGFBR2	1	7.878358150161507e-05	3.501492511182892e-05	2.186606721065597	False	uniform_inflow
primary::APC+FBXW7+KRAS+PIK3CA+PTEN+SMAD4+SOX9	2	0.0001575671630032	3.501492511182557e-05	4.3732134421307745	False	uniform_inflow
primary::ARID1A+BRAF+FBXW7+PIK3CA+PTEN+RNF43+TGFBR2	1	7.878358150161507e-05	3.501492511182557e-05	2.1866067210658056	False	uniform_inflow
primary::APC+ARID1A+FBXW7+KRAS+PIK3CA+SMAD4+SOX9	1	7.878358150161507e-05	3.5014925111825565e-05	2.186606721065806	False	uniform_inflow
primary::APC+FBXW7+KRAS+PIK3CA+PTEN+TGFBR2+TP53	1	7.878358150161507e-05	3.5014925111825565e-05	2.186606721065806	False	uniform_inflow
primary::APC+KRAS+PIK3CA+PTEN+SOX9+TCF7L2+TP53	1	7.878358150161507e-05	3.5014925111825565e-05	2.186606721065806	False	uniform_inflow
primary::BRAF+FBXW7+KRAS+PIK3CA+PTEN+SMAD4+TP53	1	7.878358150161507e-05	3.5014925111825565e-05	2.186606721065806	False	uniform_inflow
primary::APC+ARID1A+BRAF+PIK3CA+RNF43+SOX9+TGFBR2	1	7.878358150161507e-05	3.50149251118239e-05	2.18660672106591	False	uniform_inflow
primary::ARID1A+BRAF+FBXW7+PIK3CA+RNF43+TCF7L2+TGFBR2	1	7.878358150161507e-05	3.50149251118239e-05	2.18660672106591	False	uniform_inflow
primary::APC+ARID1A+CTNNB1+FBXW7+KRAS+PTEN+RNF43+TCF7L2+TP53	1	7.878358150161507e-05	3.3764392072120745e-05	2.2675921527805913	False	uniform_inflow
primary::APC+ARID1A+FBXW7+KRAS+PIK3CA+PTEN+RNF43+SOX9+TP53	1	7.878358150161507e-05	3.3764392072116436e-05	2.267592152780881	False	uniform_inflow
primary::APC+ARID1A+PTEN+SOX9	1	7.878358150161507e-05	3.2826492292335844e-05	2.3323804980295018	False	uniform_inflow
primary::APC+BRAF+FBXW7+RNF43	1	7.878358150161507e-05	3.2826492292335844e-05	2.3323804980295018	False	uniform_inflow
primary::APC+FBXW7+RNF43+TCF7L2	1	7.878358150161507e-05	3.2826492292335844e-05	2.3323804980295018	False	uniform_inflow
primary::ARID1A+CTNNB1+FBXW7+TP53	1	7.878358150161507e-05	3.2826492292335844e-05	2.3323804980295018	False	uniform_inflow
unknown::APC+BRAF+SMAD4+TP53	1	7.878358150161507e-05	3.2826492292335844e-05	2.3323804980295018	False	uniform_inflow
metastatic::BRAF+FBXW7+PIK3CA+PTEN	1	7.878358150161507e-05	3.282649229233459e-05	2.3323804980295906	False	uniform_inflow
metastatic::CTNNB1+NRAS+SMAD4+TP53	1	7.878358150161507e-05	3.282649229233459e-05	2.3323804980295906	False	uniform_inflow
primary::BRAF+CTNNB1+PIK3CA+RNF43	1	7.878358150161507e-05	3.282649229233459e-05	2.3323804980295906	False	uniform_inflow
metastatic::CTNNB1+KRAS+PIK3CA+PTEN	1	7.878358150161507e-05	3.2826492292333337e-05	2.33238049802968	False	uniform_inflow
primary::ARID1A+FBXW7+RNF43+SOX9	1	7.878358150161507e-05	3.2826492292333337e-05	2.33238049802968	False	uniform_inflow
primary::BRAF+FBXW7+RNF43+SOX9	1	7.878358150161507e-05	3.2826492292333337e-05	2.33238049802968	False	uniform_inflow
primary::APC+ARID1A+BRAF+FBXW7+PIK3CA+SOX9	1	7.878358150161507e-05	3.151343260064603e-05	2.4295630156966075	False	uniform_inflow
primary::APC+ARID1A+FBXW7+KRAS+PTEN+SOX9	1	7.878358150161507e-05	3.151343260064603e-05	2.4295630156966075	False	uniform_inflow
primary::APC+ARID1A+KRAS+PIK3CA+PTEN+RNF43	1	7.878358150161507e-05	3.151343260064603e-05	2.4295630156966075	False	uniform_inflow
primary::APC+FBXW7+KRAS+PIK3CA+PTEN+TGFBR2	2	0.0001575671630032	3.151343260064302e-05	4.85912603139275	False	uniform_inflow
primary::ARID1A+BRAF+FBXW7+PTEN+RNF43+TGFBR2	2	0.0001575671630032	3.151343260064302e-05	4.85912603139275	False	uniform_inflow
primary::APC+ARID1A+BRAF+FBXW7+PTEN+TP53	1	7.878358150161507e-05	3.151343260064302e-05	2.4295630156968397	False	uniform_inflow
primary::APC+ARID1A+BRAF+FBXW7+RNF43+TGFBR2	1	7.878358150161507e-05	3.151343260064302e-05	2.4295630156968397	False	uniform_inflow
primary::APC+ARID1A+BRAF+KRAS+PIK3CA+TCF7L2	1	7.878358150161507e-05	3.151343260064302e-05	2.4295630156968397	False	uniform_inflow
primary::APC+ARID1A+CTNNB1+PIK3CA+RNF43+TCF7L2	1	7.878358150161507e-05	3.151343260064302e-05	2.4295630156968397	False	uniform_inflow
metastatic::APC+FBXW7+KRAS+PIK3CA+SMAD4+TCF7L2	1	7.878358150161507e-05	3.151343260064151e-05	2.429563015696956	False	uniform_inflow
primary::APC+FBXW7+PIK3CA+SOX9+TCF7L2+TP53	1	7.878358150161507e-05	3.151343260064151e-05	2.429563015696956	False	uniform_inflow
primary::ARID1A+BRAF+FBXW7+RNF43+SOX9+TCF7L2	1	7.878358150161507e-05	3.151343260064151e-05	2.429563015696956	False	uniform_inflow
primary::BRAF+FBXW7+PIK3CA+SMAD4+SOX9+TP53	1	7.878358150161507e-05	3.151343260064151e-05	2.429563015696956	False	uniform_inflow
primary::APC+ARID1A+CTNNB1+FBXW7+RNF43+TCF7L2	1	7.878358150161507e-05	3.1513432600640004e-05	2.429563015697072	False	uniform_inflow
primary::APC+ARID1A+FBXW7+PIK3CA+RNF43+TCF7L2	1	7.878358150161507e-05	3.1513432600640004e-05	2.429563015697072	False	uniform_inflow
primary::APC+ARID1A+FBXW7+RNF43+SOX9+TGFBR2	1	7.878358150161507e-05	3.1513432600640004e-05	2.429563015697072	False	uniform_inflow
primary::APC+BRAF+CTNNB1+FBXW7+PIK3CA+TP53	1	7.878358150161507e-05	3.1513432600640004e-05	2.429563015697072	False	uniform_inflow
primary::APC+BRAF+CTNNB1+KRAS+SMAD4+TP53	1	7.878358150161507e-05	3.1513432600640004e-05	2.429563015697072	False	uniform_inflow
primary::APC+KRAS+PIK3CA+PTEN+RNF43+TCF7L2	1	7.878358150161507e-05	3.1513432600640004e-05	2.429563015697072	False	uniform_inflow
primary::ARID1A+BRAF+FBXW7+PIK3CA+RNF43+TP53	1	7.878358150161507e-05	3.1513432600640004e-05	2.429563015697072	False	uniform_inflow
primary::CTNNB1+KRAS+PIK3CA+PTEN+SOX9+TP53	1	7.878358150161507e-05	3.1513432600640004e-05	2.429563015697072	False	uniform_inflow
metastatic::ARID1A+BRAF+PIK3CA	1	7.878358150161507e-05	3.0301377500616545e-05	2.526745533117661	False	uniform_inflow
primary::PIK3CA+SMAD4+SOX9	1	7.878358150161507e-05	3.0301377500616545e-05	2.526745533117661	False	uniform_inflow
unknown::BRAF+PIK3CA+TP53	1	7.878358150161507e-05	3.0301377500616545e-05	2.526745533117661	False	uniform_inflow
unknown::BRAF+SMAD4+TP53	1	7.878358150161507e-05	3.0301377500616545e-05	2.526745533117661	False	uniform_inflow
primary::KRAS+RNF43+TCF7L2	1	7.878358150161507e-05	3.0301377500615386e-05	2.5267455331177575	False	uniform_inflow
primary::APC+ARID1A+FBXW7+KRAS+PIK3CA+RNF43+SOX9+TP53	2	0.0001575671630032	2.9543843063105653e-05	5.183067755853659	False	uniform_inflow
primary::APC+ARID1A+BRAF+FBXW7+PIK3CA+SOX9+TCF7L2+TP53	1	7.878358150161507e-05	2.9543843063105653e-05	2.591533877927325	False	uniform_inflow
primary::APC+ARID1A+FBXW7+KRAS+PIK3CA+SOX9+TCF7L2+TP53	1	7.878358150161507e-05	2.9543843063105653e-05	2.591533877927325	False	uniform_inflow
primary::APC+ARID1A+BRAF+FBXW7+PIK3CA+RNF43+TCF7L2+TGFBR2	1	7.878358150161507e-05	2.9543843063101885e-05	2.5915338779276555	False	uniform_inflow
primary::APC+FBXW7+KRAS+NRAS+PIK3CA+PTEN+SMAD4+TP53	1	7.878358150161507e-05	2.9543843063101885e-05	2.5915338779276555	False	uniform_inflow
primary::ARID1A+BRAF+PIK3CA+PTEN+RNF43+TCF7L2+TGFBR2+TP53	1	7.878358150161507e-05	2.9543843063101885e-05	2.5915338779276555	False	uniform_inflow
metastatic::APC+PIK3CA+PTEN+SMAD4+TP53	2	0.0001575671630032	2.864857509149365e-05	5.345038617570883	False	uniform_inflow
metastatic::APC+FBXW7+RNF43+SMAD4+TP53	1	7.878358150161507e-05	2.864857509149365e-05	2.6725193087859527	False	uniform_inflow
primary::APC+ARID1A+RNF43+TCF7L2+TGFBR2	1	7.878358150161507e-05	2.864857509149365e-05	2.6725193087859527	False	uniform_inflow
primary::APC+BRAF+FBXW7+PIK3CA+RNF43	1	7.878358150161507e-05	2.864857509149365e-05	2.6725193087859527	False	uniform_inflow
primary::BRAF+FBXW7+PTEN+RNF43+SOX9	1	7.878358150161507e-05	2.864857509149365e-05	2.6725193087859527	False	uniform_inflow
primary::CTNNB1+FBXW7+KRAS+SOX9+TP53	1	7.878358150161507e-05	2.864857509149365e-05	2.6725193087859527	False	uniform_inflow
primary::APC+BRAF+FBXW7+PIK3CA+PTEN	4	0.0003151343260064	2.8648575091492285e-05	10.690077235142276	False	uniform_inflow
metastatic::APC+ARID1A+KRAS+RNF43+SMAD4	1	7.878358150161507e-05	2.8648575091492285e-05	2.67251930878608	False	uniform_inflow
metastatic::APC+ARID1A+PIK3CA+PTEN+TP53	1	7.878358150161507e-05	2.8648575091492285e-05	2.67251930878608	False	uniform_inflow
metastatic::APC+ARID1A+PIK3CA+TGFBR2+TP53	1	7.878358150161507e-05	2.8648575091492285e-05	2.67251930878608	False	uniform_inflow
metastatic::BRAF+FBXW7+PIK3CA+SMAD4+TP53	1	7.878358150161507e-05	2.8648575091492285e-05	2.67251930878608	False	uniform_inflow
primary::APC+CTNNB1+KRAS+PTEN+SMAD4	1	7.878358150161507e-05	2.8648575091492285e-05	2.67251930878608	False	uniform_inflow
primary::FBXW7+KRAS+PIK3CA+SMAD4+SOX9	1	7.878358150161507e-05	2.8648575091492285e-05	2.67251930878608	False	uniform_inflow
metastatic::APC+ARID1A+BRAF+SOX9+TP53	1	7.878358150161507e-05	2.864857509149091e-05	2.6725193087862085	False	uniform_inflow
metastatic::KRAS+RNF43+SMAD4+SOX9+TP53	1	7.878358150161507e-05	2.864857509149091e-05	2.6725193087862085	False	uniform_inflow
metastatic::KRAS+RNF43+SMAD4+TCF7L2+TP53	1	7.878358150161507e-05	2.864857509149091e-05	2.6725193087862085	False	uniform_inflow
primary::APC+ARID1A+FBXW7+KRAS+PTEN	1	7.878358150161507e-05	2.864857509149091e-05	2.6725193087862085	False	uniform_inflow
primary::APC+ARID1A+PIK3CA+PTEN+RNF43	1	7.878358150161507e-05	2.864857509149091e-05	2.6725193087862085	False	uniform_inflow
unknown::KRAS+PIK3CA	1	7.878358150161507e-05	2.8136993393429646e-05	2.721110567218901	False	uniform_inflow
primary::APC+ARID1A+BRAF+SOX9	2	0.0001575671630032	2.6261193833871688e-05	5.830951200664614	False	uniform_inflow
primary::APC+ARID1A+BRAF+RNF43+SOX9+TCF7L2+TGFBR2	1	7.878358150161507e-05	2.6261193833871688e-05	2.9154756003328646	False	uniform_inflow
primary::APC+ARID1A+FBXW7+KRAS+PIK3CA+RNF43+SOX9	1	7.878358150161507e-05	2.6261193833871688e-05	2.9154756003328646	False	uniform_inflow
primary::APC+BRAF+FBXW7+KRAS+PIK3CA+TCF7L2+TP53	1	7.878358150161507e-05	2.6261193833871688e-05	2.9154756003328646	False	uniform_inflow
primary::APC+BRAF+FBXW7+PIK3CA+RNF43+SMAD4+TP53	1	7.878358150161507e-05	2.6261193833871688e-05	2.9154756003328646	False	uniform_inflow
primary::APC+CTNNB1+FBXW7+KRAS+PIK3CA+PTEN+SMAD4	1	7.878358150161507e-05	2.6261193833871688e-05	2.9154756003328646	False	uniform_inflow
primary::APC+FBXW7+KRAS+PIK3CA+PTEN+RNF43+TCF7L2	1	7.878358150161507e-05	2.6261193833871688e-05	2.9154756003328646	False	uniform_inflow
primary::ARID1A+BRAF+FBXW7+RNF43+SMAD4+TGFBR2+TP53	1	7.878358150161507e-05	2.6261193833871688e-05	2.9154756003328646	False	uniform_inflow
primary::BRAF+FBXW7+PIK3CA+RNF43+SOX9+TGFBR2+TP53	1	7.878358150161507e-05	2.6261193833871688e-05	2.9154756003328646	False	uniform_inflow
primary::APC+ARID1A+BRAF+FBXW7	2	0.0001575671630032	2.6261193833869177e-05	5.830951200665171	False	uniform_inflow
primary::ARID1A+FBXW7+KRAS+SOX9	2	0.0001575671630032	2.6261193833869177e-05	5.830951200665171	False	uniform_inflow
primary::NRAS+PTEN+SMAD4+TP53	2	0.0001575671630032	2.6261193833869177e-05	5.830951200665171	False	uniform_inflow
metastatic::APC+BRAF+NRAS+SMAD4	1	7.878358150161507e-05	2.6261193833869177e-05	2.915475600333143	False	uniform_inflow
primary::APC+BRAF+RNF43+SOX9	1	7.878358150161507e-05	2.6261193833869177e-05	2.915475600333143	False	uniform_inflow
primary::ARID1A+BRAF+FBXW7+SOX9	1	7.878358150161507e-05	2.6261193833869177e-05	2.915475600333143	False	uniform_inflow
primary::ARID1A+CTNNB1+NRAS+TP53	1	7.878358150161507e-05	2.6261193833869177e-05	2.915475600333143	False	uniform_inflow
primary::ARID1A+CTNNB1+RNF43+TP53	1	7.878358150161507e-05	2.6261193833869177e-05	2.915475600333143	False	uniform_inflow
primary::ARID1A+FBXW7+SMAD4+TP53	1	7.878358150161507e-05	2.6261193833869177e-05	2.915475600333143	False	uniform_inflow
primary::FBXW7+KRAS+RNF43+SOX9	1	7.878358150161507e-05	2.6261193833869177e-05	2.915475600333143	False	uniform_inflow
metastatic::APC+ARID1A+FBXW7+KRAS+PIK3CA+TCF7L2+TP53	1	7.878358150161507e-05	2.626119383386834e-05	2.915475600333236	False	uniform_inflow
primary::APC+ARID1A+BRAF+FBXW7+PIK3CA+TCF7L2+TP53	1	7.878358150161507e-05	2.626119383386834e-05	2.915475600333236	False	uniform_inflow
primary::APC+ARID1A+BRAF+KRAS+PIK3CA+SOX9+TCF7L2	1	7.878358150161507e-05	2.626119383386834e-05	2.915475600333236	False	uniform_inflow
primary::APC+ARID1A+FBXW7+PIK3CA+PTEN+TCF7L2+TP53	1	7.878358150161507e-05	2.626119383386834e-05	2.915475600333236	False	uniform_inflow
primary::APC+ARID1A+FBXW7+PTEN+SOX9+TCF7L2+TP53	1	7.878358150161507e-05	2.626119383386834e-05	2.915475600333236	False	uniform_inflow
primary::APC+KRAS+PIK3CA+PTEN+RNF43+SMAD4+TCF7L2	1	7.878358150161507e-05	2.626119383386834e-05	2.915475600333236	False	uniform_inflow
primary::APC+ARID1A+PIK3CA+SOX9	4	0.0003151343260064	2.626119383386792e-05	11.6619024013309	False	uniform_inflow
primary::APC+ARID1A+RNF43+SOX9	3	0.0002363507445048	2.626119383386792e-05	8.746426800998174	False	uniform_inflow
primary::APC+ARID1A+PIK3CA+RNF43	2	0.0001575671630032	2.626119383386792e-05	5.83095120066545	False	uniform_inflow
primary::APC+ARID1A+RNF43+TGFBR2	2	0.0001575671630032	2.626119383386792e-05	5.83095120066545	False	uniform_inflow
metastatic::APC+ARID1A+NRAS+PIK3CA	1	7.878358150161507e-05	2.626119383386792e-05	2.9154756003332825	False	uniform_inflow
metastatic::APC+BRAF+PIK3CA+SOX9	1	7.878358150161507e-05	2.626119383386792e-05	2.9154756003332825	False	uniform_inflow
metastatic::ARID1A+CTNNB1+RNF43+TP53	1	7.878358150161507e-05	2.626119383386792e-05	2.9154756003332825	False	uniform_inflow
primary::APC+SMAD4+SOX9+TCF7L2	1	7.878358150161507e-05	2.626119383386792e-05	2.9154756003332825	False	uniform_inflow
primary::ARID1A+BRAF+PIK3CA+PTEN	1	7.878358150161507e-05	2.626119383386792e-05	2.9154756003332825	False	uniform_inflow
primary::ARID1A+FBXW7+RNF43+TGFBR2	1	7.878358150161507e-05	2.626119383386792e-05	2.9154756003332825	False	uniform_inflow
primary::BRAF+FBXW7+RNF43+TCF7L2	1	7.878358150161507e-05	2.626119383386792e-05	2.9154756003332825	False	uniform_inflow
primary::CTNNB1+PIK3CA+PTEN+SOX9	1	7.878358150161507e-05	2.626119383386792e-05	2.9154756003332825	False	uniform_inflow
primary::CTNNB1+SMAD4+SOX9+TP53	1	7.878358150161507e-05	2.626119383386792e-05	2.9154756003332825	False	uniform_inflow
primary::BRAF+PIK3CA+RNF43+TGFBR2	4	0.0003151343260064	2.6261193833866667e-05	11.661902401331458	False	uniform_inflow
metastatic::ARID1A+FBXW7+KRAS+PIK3CA	1	7.878358150161507e-05	2.6261193833866667e-05	2.915475600333422	False	uniform_inflow
metastatic::NRAS+SMAD4+TCF7L2+TP53	1	7.878358150161507e-05	2.6261193833866667e-05	2.915475600333422	False	uniform_inflow
primary::APC+ARID1A+FBXW7+NRAS+PIK3CA+RNF43+SMAD4+TCF7L2+TGFBR2+TP53	1	7.878358150161507e-05	2.6261193833866667e-05	2.915475600333422	False	uniform_inflow
primary::APC+CTNNB1+KRAS+NRAS+PIK3CA+SOX9+TP53	1	7.878358150161507e-05	2.6261193833866667e-05	2.915475600333422	False	uniform_inflow
primary::APC+PIK3CA+SMAD4+TCF7L2	1	7.878358150161507e-05	2.6261193833866667e-05	2.915475600333422	False	uniform_inflow
primary::CTNNB1+NRAS+PIK3CA	1	7.878358150161507e-05	2.4241102000494626e-05	3.1584318903384117	False	uniform_inflow
primary::ARID1A+FBXW7+RNF43	3	0.0002363507445048	2.4241102000493467e-05	9.475295671013875	False	uniform_inflow
unknown::APC+KRAS+PIK3CA	2	0.0001575671630032	2.4241102000493467e-05	6.3168637806759165	False	uniform_inflow
metastatic::APC+BRAF+CTNNB1	1	7.878358150161507e-05	2.4241102000493467e-05	3.1584318903385626	False	uniform_inflow
unknown::APC+KRAS+SMAD4	1	7.878358150161507e-05	2.4241102000493467e-05	3.1584318903385626	False	uniform_inflow
primary::CTNNB1+PTEN+SMAD4	1	7.878358150161507e-05	2.424110200049231e-05	3.158431890338713	False	uniform_inflow
unknown::BRAF+FBXW7+TP53	1	7.878358150161507e-05	2.424110200049231e-05	3.158431890338713	False	uniform_inflow
unknown::FBXW7+KRAS+TP53	1	7.878358150161507e-05	2.424110200049231e-05	3.158431890338713	False	uniform_inflow
primary::APC+ARID1A+CTNNB1+KRAS+PIK3CA+RNF43	2	0.0001575671630032	2.363507445048452e-05	6.4788346399931775	False	uniform_inflow
primary::APC+ARID1A+CTNNB1+KRAS+PIK3CA+TCF7L2	2	0.0001575671630032	2.363507445048452e-05	6.4788346399931775	False	uniform_inflow
metastatic::APC+BRAF+FBXW7+PIK3CA+SMAD4+TP53	1	7.878358150161507e-05	2.363507445048452e-05	3.2394173199972083	False	uniform_inflow
primary::APC+ARID1A+CTNNB1+PIK3CA+SOX9+TP53	1	7.878358150161507e-05	2.363507445048452e-05	3.2394173199972083	False	uniform_inflow
primary::APC+BRAF+FBXW7+PTEN+RNF43+TGFBR2	1	7.878358150161507e-05	2.363507445048452e-05	3.2394173199972083	False	uniform_inflow
primary::BRAF+FBXW7+RNF43+SOX9+TGFBR2+TP53	1	7.878358150161507e-05	2.363507445048452e-05	3.2394173199972083	False	uniform_inflow
primary::ARID1A+CTNNB1+FBXW7+KRAS+PIK3CA+TP53	2	0.0001575671630032	2.363507445048151e-05	6.478834639994003	False	uniform_inflow
metastatic::APC+FBXW7+KRAS+PTEN+SMAD4+TP53	1	7.878358150161507e-05	2.363507445048151e-05	3.2394173199976213	False	uniform_inflow
metastatic::APC+KRAS+RNF43+SOX9+TCF7L2+TP53	1	7.878358150161507e-05	2.363507445048151e-05	3.2394173199976213	False	uniform_inflow
metastatic::APC+PIK3CA+SMAD4+SOX9+TCF7L2+TP53	1	7.878358150161507e-05	2.363507445048151e-05	3.2394173199976213	False	uniform_inflow
primary::APC+ARID1A+CTNNB1+KRAS+PIK3CA+SMAD4	1	7.878358150161507e-05	2.363507445048151e-05	3.2394173199976213	False	uniform_inflow
primary::APC+ARID1A+FBXW7+KRAS+SMAD4+SOX9	1	7.878358150161507e-05	2.363507445048151e-05	3.2394173199976213	False	uniform_inflow
primary::APC+CTNNB1+FBXW7+KRAS+PIK3CA+PTEN	1	7.878358150161507e-05	2.363507445048151e-05	3.2394173199976213	False	uniform_inflow
primary::APC+CTNNB1+FBXW7+KRAS+PTEN+TCF7L2	1	7.878358150161507e-05	2.363507445048151e-05	3.2394173199976213	False	uniform_inflow
primary::APC+CTNNB1+PIK3CA+RNF43+TCF7L2+TP53	1	7.878358150161507e-05	2.363507445048151e-05	3.2394173199976213	False	uniform_inflow
primary::APC+FBXW7+NRAS+SMAD4+SOX9+TP53	1	7.878358150161507e-05	2.363507445048151e-05	3.2394173199976213	False	uniform_inflow
primary::APC+KRAS+RNF43+TCF7L2+TGFBR2+TP53	1	7.878358150161507e-05	2.363507445048151e-05	3.2394173199976213	False	uniform_inflow
primary::ARID1A+BRAF+CTNNB1+PIK3CA+RNF43+TP53	1	7.878358150161507e-05	2.363507445048151e-05	3.2394173199976213	False	uniform_inflow
primary::ARID1A+BRAF+CTNNB1+PTEN+RNF43+TGFBR2	1	7.878358150161507e-05	2.363507445048151e-05	3.2394173199976213	False	uniform_inflow
primary::ARID1A+BRAF+FBXW7+RNF43+SOX9+TP53	1	7.878358150161507e-05	2.363507445048151e-05	3.2394173199976213	False	uniform_inflow
primary::ARID1A+BRAF+FBXW7+RNF43+TGFBR2+TP53	1	7.878358150161507e-05	2.363507445048151e-05	3.2394173199976213	False	uniform_inflow
metastatic::APC+KRAS+NRAS+PIK3CA+TCF7L2+TP53	1	7.878358150161507e-05	2.363507445048e-05	3.239417319997828	False	uniform_inflow
primary::APC+ARID1A+KRAS+RNF43+SOX9+TCF7L2	1	7.878358150161507e-05	2.363507445048e-05	3.239417319997828	False	uniform_inflow
primary::APC+ARID1A+CTNNB1+FBXW7+KRAS+PIK3CA+PTEN+RNF43+TP53	1	7.878358150161507e-05	2.2509594714747162e-05	3.4013881788014326	False	uniform_inflow
unknown::APC+BRAF	1	7.878358150161507e-05	2.2509594714743933e-05	3.4013881788019202	False	uniform_inflow
metastatic::BRAF+CTNNB1+FBXW7+KRAS+NRAS+PIK3CA+PTEN+SMAD4+TP53	1	7.878358150161507e-05	2.2509594714742856e-05	3.401388178802083	False	uniform_inflow
primary::APC+ARID1A+CTNNB1+FBXW7+KRAS+PIK3CA+PTEN+RNF43+TCF7L2	1	7.878358150161507e-05	2.2509594714742856e-05	3.401388178802083	False	uniform_inflow
primary::APC+ARID1A+FBXW7+KRAS+PIK3CA+PTEN+RNF43+SOX9+TCF7L2	1	7.878358150161507e-05	2.2509594714742856e-05	3.401388178802083	False	uniform_inflow
unknown::CTNNB1+KRAS	1	7.878358150161507e-05	2.2509594714742856e-05	3.401388178802083	False	uniform_inflow
unknown::KRAS+SMAD4	1	7.878358150161507e-05	2.2509594714742856e-05	3.401388178802083	False	uniform_inflow
primary::APC+ARID1A+CTNNB1+RNF43+TCF7L2	2	0.0001575671630032	2.1486431318622295e-05	7.126718073839351	False	uniform_inflow
primary::APC+ARID1A+CTNNB1+PIK3CA+TCF7L2	1	7.878358150161507e-05	2.1486431318622295e-05	3.563359036920357	False	uniform_inflow
primary::APC+BRAF+FBXW7+RNF43+SOX9	1	7.878358150161507e-05	2.1486431318622295e-05	3.563359036920357	False	uniform_inflow
primary::APC+FBXW7+PIK3CA+PTEN+SOX9	1	7.878358150161507e-05	2.1486431318622295e-05	3.563359036920357	False	uniform_inflow
primary::APC+FBXW7+PIK3CA+SOX9+TCF7L2	1	7.878358150161507e-05	2.1486431318622295e-05	3.563359036920357	False	uniform_inflow
primary::ARID1A+FBXW7+RNF43+SMAD4+TP53	1	7.878358150161507e-05	2.1486431318622295e-05	3.563359036920357	False	uniform_inflow
primary::BRAF+FBXW7+RNF43+TCF7L2+TGFBR2	1	7.878358150161507e-05	2.1486431318622295e-05	3.563359036920357	False	uniform_inflow
primary::APC+ARID1A+FBXW7+RNF43+TGFBR2	2	0.0001575671630032	2.148643131861955e-05	7.126718073840261	False	uniform_inflow
metastatic::APC+KRAS+PTEN+SMAD4+TCF7L2	1	7.878358150161507e-05	2.148643131861955e-05	3.5633590369208124	False	uniform_inflow
metastatic::ARID1A+FBXW7+KRAS+SMAD4+TP53	1	7.878358150161507e-05	2.148643131861955e-05	3.5633590369208124	False	uniform_inflow
primary::APC+ARID1A+BRAF+FBXW7+PIK3CA	1	7.878358150161507e-05	2.148643131861955e-05	3.5633590369208124	False	uniform_inflow
primary::APC+ARID1A+BRAF+SOX9+TGFBR2	1	7.878358150161507e-05	2.148643131861955e-05	3.5633590369208124	False	uniform_inflow
primary::APC+ARID1A+CTNNB1+FBXW7+KRAS	1	7.878358150161507e-05	2.148643131861955e-05	3.5633590369208124	False	uniform_inflow
primary::APC+BRAF+FBXW7+PIK3CA+SOX9	1	7.878358150161507e-05	2.148643131861955e-05	3.5633590369208124	False	uniform_inflow
primary::APC+BRAF+FBXW7+PTEN+RNF43	1	7.878358150161507e-05	2.148643131861955e-05	3.5633590369208124	False	uniform_inflow
primary::APC+BRAF+SOX9+TGFBR2+TP53	1	7.878358150161507e-05	2.148643131861955e-05	3.5633590369208124	False	uniform_inflow
primary::ARID1A+CTNNB1+PIK3CA+PTEN+RNF43	1	7.878358150161507e-05	2.148643131861955e-05	3.5633590369208124	False	uniform_inflow
primary::ARID1A+KRAS+RNF43+SOX9+TGFBR2	1	7.878358150161507e-05	2.148643131861955e-05	3.5633590369208124	False	uniform_inflow
primary::ARID1A+PIK3CA+PTEN+RNF43+SOX9	1	7.878358150161507e-05	2.148643131861955e-05	3.5633590369208124	False	uniform_inflow
primary::ARID1A+PIK3CA+RNF43+SOX9+TGFBR2	1	7.878358150161507e-05	2.148643131861955e-05	3.5633590369208124	False	uniform_inflow
primary::BRAF+CTNNB1+FBXW7+PIK3CA+RNF43	1	7.878358150161507e-05	2.148643131861955e-05	3.5633590369208124	False	uniform_inflow
primary::BRAF+FBXW7+KRAS+PIK3CA+PTEN	1	7.878358150161507e-05	2.148643131861955e-05	3.5633590369208124	False	uniform_inflow
primary::BRAF+FBXW7+PTEN+RNF43+TCF7L2	1	7.878358150161507e-05	2.148643131861955e-05	3.5633590369208124	False	uniform_inflow
primary::BRAF+FBXW7+PTEN+RNF43+TGFBR2	1	7.878358150161507e-05	2.148643131861955e-05	3.5633590369208124	False	uniform_inflow
primary::BRAF+NRAS+RNF43+TGFBR2+TP53	1	7.878358150161507e-05	2.148643131861955e-05	3.5633590369208124	False	uniform_inflow
primary::CTNNB1+FBXW7+KRAS+TCF7L2+TGFBR2	1	7.878358150161507e-05	2.148643131861955e-05	3.5633590369208124	False	uniform_inflow
primary::CTNNB1+FBXW7+KRAS+TCF7L2+TP53	1	7.878358150161507e-05	2.148643131861955e-05	3.5633590369208124	False	uniform_inflow
primary::APC+BRAF+PIK3CA+PTEN+TCF7L2	1	7.878358150161507e-05	2.1486431318618185e-05	3.563359036921039	False	uniform_inflow
primary::ARID1A+BRAF+CTNNB1+PTEN+RNF43	1	7.878358150161507e-05	2.1486431318618185e-05	3.563359036921039	False	uniform_inflow
primary::CTNNB1+FBXW7+KRAS+PIK3CA+SOX9	1	7.878358150161507e-05	2.1486431318618185e-05	3.563359036921039	False	uniform_inflow
unknown::APC+CTNNB1+KRAS+SMAD4+TP53	1	7.878358150161507e-05	2.1486431318618185e-05	3.563359036921039	False	uniform_inflow
primary::APC+ARID1A+FBXW7+KRAS+PIK3CA+SOX9+TGFBR2+TP53	3	0.0002363507445048	1.9695895375403767e-05	11.661902253304707	False	uniform_inflow
metastatic::APC+ARID1A+FBXW7+KRAS+PIK3CA+PTEN+SMAD4+TP53	1	7.878358150161507e-05	1.9695895375403767e-05	3.8873007511023125	False	uniform_inflow
primary::APC+ARID1A+BRAF+FBXW7+RNF43+SOX9+TGFBR2+TP53	1	7.878358150161507e-05	1.9695895375403767e-05	3.8873007511023125	False	uniform_inflow
primary::APC+ARID1A+CTNNB1+FBXW7+KRAS+NRAS+PIK3CA+PTEN+RNF43+SMAD4+TCF7L2+TP53	1	7.878358150161507e-05	1.9695895375403767e-05	3.8873007511023125	False	uniform_inflow
primary::APC+ARID1A+CTNNB1+FBXW7+KRAS+PIK3CA+PTEN+TGFBR2	1	7.878358150161507e-05	1.9695895375403767e-05	3.8873007511023125	False	uniform_inflow
primary::APC+ARID1A+CTNNB1+FBXW7+KRAS+PIK3CA+PTEN+TP53	1	7.878358150161507e-05	1.9695895375403767e-05	3.8873007511023125	False	uniform_inflow
primary::APC+ARID1A+FBXW7+KRAS+PIK3CA+PTEN+TCF7L2+TP53	1	7.878358150161507e-05	1.9695895375403767e-05	3.8873007511023125	False	uniform_inflow
primary::ARID1A+BRAF+FBXW7+PIK3CA+PTEN+RNF43+TCF7L2+TGFBR2	1	7.878358150161507e-05	1.9695895375403767e-05	3.8873007511023125	False	uniform_inflow
primary::APC+ARID1A+CTNNB1+TCF7L2	1	7.878358150161507e-05	1.9695895375403764e-05	3.887300751102313	False	uniform_inflow
primary::ARID1A+CTNNB1+KRAS+SMAD4	1	7.878358150161507e-05	1.9695895375403764e-05	3.887300751102313	False	uniform_inflow
primary::APC+BRAF+RNF43+TGFBR2	2	0.0001575671630032	1.9695895375401257e-05	7.774601502204129	False	uniform_inflow
primary::ARID1A+RNF43+TCF7L2+TP53	2	0.0001575671630032	1.9695895375401257e-05	7.774601502204129	False	uniform_inflow
primary::CTNNB1+KRAS+SOX9+TGFBR2	2	0.0001575671630032	1.9695895375401257e-05	7.774601502204129	False	uniform_inflow
metastatic::APC+BRAF+NRAS+SOX9	1	7.878358150161507e-05	1.9695895375401257e-05	3.8873007511028077	False	uniform_inflow
primary::APC+ARID1A+PIK3CA+TCF7L2	1	7.878358150161507e-05	1.9695895375401257e-05	3.8873007511028077	False	uniform_inflow
primary::APC+FBXW7+NRAS+PTEN	1	7.878358150161507e-05	1.9695895375401257e-05	3.8873007511028077	False	uniform_inflow
primary::ARID1A+CTNNB1+PTEN+TCF7L2	1	7.878358150161507e-05	1.9695895375401257e-05	3.8873007511028077	False	uniform_inflow
primary::BRAF+CTNNB1+PTEN+SMAD4	1	7.878358150161507e-05	1.9695895375401257e-05	3.8873007511028077	False	uniform_inflow
primary::BRAF+PTEN+SMAD4+SOX9	1	7.878358150161507e-05	1.9695895375401257e-05	3.8873007511028077	False	uniform_inflow
primary::BRAF+RNF43+SOX9+TCF7L2	1	7.878358150161507e-05	1.9695895375401257e-05	3.8873007511028077	False	uniform_inflow
primary::CTNNB1+KRAS+SMAD4+SOX9	1	7.878358150161507e-05	1.9695895375401257e-05	3.8873007511028077	False	uniform_inflow
unknown::APC+FBXW7+NRAS+TP53	1	7.878358150161507e-05	1.9695895375401257e-05	3.8873007511028077	False	uniform_inflow
metastatic::APC+NRAS+PIK3CA+TCF7L2	3	0.0002363507445048	1.96958953754e-05	11.66190225330694	False	uniform_inflow
metastatic::BRAF+CTNNB1+FBXW7+KRAS+PIK3CA+PTEN+SMAD4+TP53	2	0.0001575671630032	1.96958953754e-05	7.774601502204625	False	uniform_inflow
primary::APC+ARID1A+RNF43+SMAD4	2	0.0001575671630032	1.96958953754e-05	7.774601502204625	False	uniform_inflow
metastatic::APC+BRAF+PTEN+TGFBR2	1	7.878358150161507e-05	1.96958953754e-05	3.887300751103056	False	uniform_inflow
metastatic::ARID1A+CTNNB1+KRAS+PIK3CA	1	7.878358150161507e-05	1.96958953754e-05	3.887300751103056	False	uniform_inflow
primary::APC+ARID1A+BRAF+FBXW7+PTEN+RNF43+SOX9+TP53	1	7.878358150161507e-05	1.96958953754e-05	3.887300751103056	False	uniform_inflow
primary::APC+CTNNB1+SMAD4+SOX9	1	7.878358150161507e-05	1.96958953754e-05	3.887300751103056	False	uniform_inflow
primary::ARID1A+FBXW7+RNF43+SMAD4	1	7.878358150161507e-05	1.96958953754e-05	3.887300751103056	False	uniform_inflow
primary::ARID1A+KRAS+PIK3CA+TCF7L2	1	7.878358150161507e-05	1.96958953754e-05	3.887300751103056	False	uniform_inflow
primary::BRAF+FBXW7+RNF43+TGFBR2	1	7.878358150161507e-05	1.96958953754e-05	3.887300751103056	False	uniform_inflow
primary::BRAF+PIK3CA+SOX9+TGFBR2	1	7.878358150161507e-05	1.96958953754e-05	3.887300751103056	False	uniform_inflow
primary::CTNNB1+PIK3CA+SOX9	1	7.878358150161507e-05	1.818082650037271e-05	4.211242462543072	False	uniform_inflow
primary::ARID1A+FBXW7+PTEN	2	0.0001575671630032	1.818082650037039e-05	8.422484925085609	False	uniform_inflow
metastatic::ARID1A+BRAF+RNF43	1	7.878358150161507e-05	1.818082650037039e-05	4.21124246254361	False	uniform_inflow
metastatic::BRAF+FBXW7+PTEN	1	7.878358150161507e-05	1.818082650037039e-05	4.21124246254361	False	uniform_inflow
metastatic::CTNNB1+FBXW7+PIK3CA	1	7.878358150161507e-05	1.818082650037039e-05	4.21124246254361	False	uniform_inflow
primary::NRAS+PIK3CA+SOX9	1	7.878358150161507e-05	1.818082650037039e-05	4.21124246254361	False	uniform_inflow
primary::NRAS+PTEN+SMAD4	1	7.878358150161507e-05	1.818082650037039e-05	4.21124246254361	False	uniform_inflow
unknown::PIK3CA+PTEN+TP53	1	7.878358150161507e-05	1.818082650037039e-05	4.21124246254361	False	uniform_inflow
primary::ARID1A+RNF43+TGFBR2	1	7.878358150161507e-05	1.818082650036923e-05	4.211242462543878	False	uniform_inflow
unknown::APC+ARID1A+KRAS	1	7.878358150161507e-05	1.818082650036923e-05	4.211242462543878	False	uniform_inflow
unknown::APC+KRAS+SOX9	1	7.878358150161507e-05	1.818082650036923e-05	4.211242462543878	False	uniform_inflow
primary::APC+ARID1A+BRAF+FBXW7+PIK3CA+PTEN+TCF7L2	1	7.878358150161507e-05	1.750746255591446e-05	4.373213317235505	False	uniform_inflow
primary::APC+ARID1A+BRAF+PIK3CA+PTEN+RNF43+TCF7L2	1	7.878358150161507e-05	1.750746255591446e-05	4.373213317235505	False	uniform_inflow
primary::APC+ARID1A+BRAF+PTEN+RNF43+SOX9+TGFBR2	1	7.878358150161507e-05	1.750746255591446e-05	4.373213317235505	False	uniform_inflow
primary::APC+ARID1A+CTNNB1+FBXW7+KRAS+PIK3CA+PTEN	1	7.878358150161507e-05	1.750746255591446e-05	4.373213317235505	False	uniform_inflow
primary::APC+ARID1A+FBXW7+KRAS+RNF43+SOX9+TP53	1	7.878358150161507e-05	1.750746255591446e-05	4.373213317235505	False	uniform_inflow
primary::APC+ARID1A+KRAS+PIK3CA+PTEN+RNF43+TP53	1	7.878358150161507e-05	1.750746255591446e-05	4.373213317235505	False	uniform_inflow
primary::APC+ARID1A+KRAS+PTEN+RNF43+SOX9+TP53	1	7.878358150161507e-05	1.750746255591446e-05	4.373213317235505	False	uniform_inflow
primary::APC+BRAF+FBXW7+PIK3CA+SOX9+TCF7L2+TP53	1	7.878358150161507e-05	1.750746255591446e-05	4.373213317235505	False	uniform_inflow
primary::APC+CTNNB1+FBXW7+KRAS+PIK3CA+RNF43+TCF7L2	1	7.878358150161507e-05	1.750746255591446e-05	4.373213317235505	False	uniform_inflow
primary::ARID1A+BRAF+CTNNB1+FBXW7+PIK3CA+RNF43+TP53	1	7.878358150161507e-05	1.750746255591446e-05	4.373213317235505	False	uniform_inflow
primary::ARID1A+BRAF+CTNNB1+FBXW7+RNF43+TGFBR2+TP53	1	7.878358150161507e-05	1.750746255591446e-05	4.373213317235505	False	uniform_inflow
primary::ARID1A+BRAF+FBXW7+RNF43+SMAD4+SOX9+TCF7L2	1	7.878358150161507e-05	1.750746255591446e-05	4.373213317235505	False	uniform_inflow
primary::ARID1A+BRAF+PIK3CA+PTEN+RNF43+TGFBR2+TP53	1	7.878358150161507e-05	1.750746255591446e-05	4.373213317235505	False	uniform_inflow
primary::ARID1A+KRAS+PIK3CA+RNF43+TCF7L2+TGFBR2+TP53	1	7.878358150161507e-05	1.750746255591446e-05	4.373213317235505	False	uniform_inflow
primary::APC+ARID1A+CTNNB1+KRAS+PIK3CA+PTEN+TCF7L2	1	7.878358150161507e-05	1.750746255591111e-05	4.373213317236342	False	uniform_inflow
primary::APC+ARID1A+FBXW7+PIK3CA+TCF7L2+TGFBR2+TP53	1	7.878358150161507e-05	1.750746255591111e-05	4.373213317236342	False	uniform_inflow
primary::APC+KRAS+PIK3CA+PTEN+SOX9+TGFBR2+TP53	1	7.878358150161507e-05	1.750746255591111e-05	4.373213317236342	False	uniform_inflow
primary::ARID1A+BRAF+FBXW7+KRAS+PTEN+RNF43+TCF7L2	1	7.878358150161507e-05	1.750746255591111e-05	4.373213317236342	False	uniform_inflow
primary::ARID1A+BRAF+FBXW7+PTEN+RNF43+SMAD4+TCF7L2	1	7.878358150161507e-05	1.750746255591111e-05	4.373213317236342	False	uniform_inflow
primary::APC+ARID1A+FBXW7+SOX9+TCF7L2+TP53	2	0.0001575671630032	1.5756716300323014e-05	9.718251754400159	False	uniform_inflow
primary::APC+ARID1A+KRAS+PIK3CA+TCF7L2+TGFBR2	2	0.0001575671630032	1.5756716300323014e-05	9.718251754400159	False	uniform_inflow
metastatic::APC+ARID1A+BRAF+PIK3CA+RNF43+TP53	1	7.878358150161507e-05	1.5756716300323014e-05	4.859125877201009	False	uniform_inflow
metastatic::ARID1A+BRAF+FBXW7+PIK3CA+RNF43+TCF7L2	1	7.878358150161507e-05	1.5756716300323014e-05	4.859125877201009	False	uniform_inflow
metastatic::ARID1A+BRAF+PIK3CA+RNF43+SOX9+TCF7L2	1	7.878358150161507e-05	1.5756716300323014e-05	4.859125877201009	False	uniform_inflow
metastatic::ARID1A+BRAF+PIK3CA+RNF43+SOX9+TP53	1	7.878358150161507e-05	1.5756716300323014e-05	4.859125877201009	False	uniform_inflow
primary::APC+ARID1A+BRAF+CTNNB1+FBXW7+KRAS+PIK3CA+PTEN+RNF43+TCF7L2+TP53	1	7.878358150161507e-05	1.5756716300323014e-05	4.859125877201009	False	uniform_inflow
primary::APC+ARID1A+BRAF+FBXW7+PTEN+TCF7L2	1	7.878358150161507e-05	1.5756716300323014e-05	4.859125877201009	False	uniform_inflow
primary::APC+ARID1A+BRAF+PIK3CA+PTEN+RNF43	1	7.878358150161507e-05	1.5756716300323014e-05	4.859125877201009	False	uniform_inflow
primary::APC+ARID1A+BRAF+PIK3CA+RNF43+SMAD4	1	7.878358150161507e-05	1.5756716300323014e-05	4.859125877201009	False	uniform_inflow
primary::APC+ARID1A+BRAF+RNF43+SOX9+TGFBR2	1	7.878358150161507e-05	1.5756716300323014e-05	4.859125877201009	False	uniform_inflow
primary::APC+ARID1A+CTNNB1+FBXW7+KRAS+TCF7L2	1	7.878358150161507e-05	1.5756716300323014e-05	4.859125877201009	False	uniform_inflow
primary::APC+ARID1A+FBXW7+NRAS+PTEN+TP53	1	7.878358150161507e-05	1.5756716300323014e-05	4.859125877201009	False	uniform_inflow
primary::APC+ARID1A+KRAS+PTEN+SOX9+TCF7L2	1	7.878358150161507e-05	1.5756716300323014e-05	4.859125877201009	False	uniform_inflow
primary::APC+ARID1A+PIK3CA+RNF43+SOX9+TP53	1	7.878358150161507e-05	1.5756716300323014e-05	4.859125877201009	False	uniform_inflow
primary::APC+ARID1A+PIK3CA+RNF43+TGFBR2+TP53	1	7.878358150161507e-05	1.5756716300323014e-05	4.859125877201009	False	uniform_inflow
primary::APC+BRAF+PTEN+SMAD4+SOX9+TP53	1	7.878358150161507e-05	1.5756716300323014e-05	4.859125877201009	False	uniform_inflow
primary::APC+BRAF+SOX9+TCF7L2+TGFBR2+TP53	1	7.878358150161507e-05	1.5756716300323014e-05	4.859125877201009	False	uniform_inflow
primary::APC+CTNNB1+FBXW7+KRAS+PIK3CA+RNF43	1	7.878358150161507e-05	1.5756716300323014e-05	4.859125877201009	False	uniform_inflow
primary::APC+FBXW7+PIK3CA+RNF43+SOX9+TCF7L2	1	7.878358150161507e-05	1.5756716300323014e-05	4.859125877201009	False	uniform_inflow
primary::ARID1A+BRAF+FBXW7+KRAS+RNF43+SOX9	1	7.878358150161507e-05	1.5756716300323014e-05	4.859125877201009	False	uniform_inflow
primary::ARID1A+BRAF+FBXW7+PIK3CA+PTEN+RNF43	1	7.878358150161507e-05	1.5756716300323014e-05	4.859125877201009	False	uniform_inflow
primary::ARID1A+BRAF+RNF43+SOX9+TCF7L2+TGFBR2	1	7.878358150161507e-05	1.5756716300323014e-05	4.859125877201009	False	uniform_inflow
primary::ARID1A+CTNNB1+FBXW7+KRAS+PIK3CA+TCF7L2	1	7.878358150161507e-05	1.5756716300323014e-05	4.859125877201009	False	uniform_inflow
primary::BRAF+CTNNB1+FBXW7+RNF43+TGFBR2+TP53	1	7.878358150161507e-05	1.5756716300323014e-05	4.859125877201009	False	uniform_inflow
primary::BRAF+FBXW7+KRAS+PTEN+SMAD4+TP53	1	7.878358150161507e-05	1.5756716300323014e-05	4.859125877201009	False	uniform_inflow
primary::CTNNB1+FBXW7+KRAS+RNF43+TCF7L2+TGFBR2	1	7.878358150161507e-05	1.5756716300323014e-05	4.859125877201009	False	uniform_inflow
primary::APC+FBXW7+KRAS+RNF43+SOX9+TGFBR2	2	0.0001575671630032	1.5756716300320002e-05	9.718251754402017	False	uniform_inflow
metastatic::APC+ARID1A+PIK3CA+SMAD4+SOX9+TP53	1	7.878358150161507e-05	1.5756716300320002e-05	4.8591258772019374	False	uniform_inflow
primary::APC+ARID1A+BRAF+CTNNB1+RNF43+TCF7L2	1	7.878358150161507e-05	1.5756716300320002e-05	4.8591258772019374	False	uniform_inflow
primary::APC+BRAF+FBXW7+SMAD4+TGFBR2+TP53	1	7.878358150161507e-05	1.5756716300320002e-05	4.8591258772019374	False	uniform_inflow
primary::APC+BRAF+NRAS+PIK3CA+SMAD4+SOX9	1	7.878358150161507e-05	1.5756716300320002e-05	4.8591258772019374	False	uniform_inflow
primary::APC+CTNNB1+FBXW7+PIK3CA+SMAD4+TP53	1	7.878358150161507e-05	1.5756716300320002e-05	4.8591258772019374	False	uniform_inflow
primary::APC+FBXW7+KRAS+NRAS+PIK3CA+PTEN	1	7.878358150161507e-05	1.5756716300320002e-05	4.8591258772019374	False	uniform_inflow
primary::APC+FBXW7+KRAS+NRAS+SMAD4+TCF7L2	1	7.878358150161507e-05	1.5756716300320002e-05	4.8591258772019374	False	uniform_inflow
primary::APC+FBXW7+KRAS+PTEN+TCF7L2+TGFBR2	1	7.878358150161507e-05	1.5756716300320002e-05	4.8591258772019374	False	uniform_inflow
primary::APC+FBXW7+PTEN+RNF43+SOX9+TGFBR2	1	7.878358150161507e-05	1.5756716300320002e-05	4.8591258772019374	False	uniform_inflow
primary::APC+FBXW7+SMAD4+SOX9+TGFBR2+TP53	1	7.878358150161507e-05	1.5756716300320002e-05	4.8591258772019374	False	uniform_inflow
primary::APC+KRAS+NRAS+PTEN+SMAD4+TCF7L2	1	7.878358150161507e-05	1.5756716300320002e-05	4.8591258772019374	False	uniform_inflow
primary::APC+ARID1A+FBXW7+PIK3CA+TCF7L2	2	0.0001575671630032	1.4324287545748195e-05	10.690076861995605	False	uniform_inflow
primary::APC+ARID1A+FBXW7+RNF43+TCF7L2	2	0.0001575671630032	1.4324287545748195e-05	10.690076861995605	False	uniform_inflow
primary::FBXW7+PIK3CA+PTEN+SMAD4+TP53	2	0.0001575671630032	1.4324287545748195e-05	10.690076861995605	False	uniform_inflow
metastatic::APC+ARID1A+BRAF+RNF43+TP53	1	7.878358150161507e-05	1.4324287545748195e-05	5.345038430998826	False	uniform_inflow
metastatic::APC+BRAF+KRAS+NRAS+PIK3CA	1	7.878358150161507e-05	1.4324287545748195e-05	5.345038430998826	False	uniform_inflow
metastatic::APC+BRAF+KRAS+PTEN+SMAD4	1	7.878358150161507e-05	1.4324287545748195e-05	5.345038430998826	False	uniform_inflow
metastatic::BRAF+KRAS+PIK3CA+PTEN+TP53	1	7.878358150161507e-05	1.4324287545748195e-05	5.345038430998826	False	uniform_inflow
metastatic::CTNNB1+KRAS+PIK3CA+SMAD4+SOX9	1	7.878358150161507e-05	1.4324287545748195e-05	5.345038430998826	False	uniform_inflow
primary::APC+ARID1A+BRAF+KRAS+TGFBR2	1	7.878358150161507e-05	1.4324287545748195e-05	5.345038430998826	False	uniform_inflow
primary::APC+ARID1A+CTNNB1+PIK3CA+PTEN	1	7.878358150161507e-05	1.4324287545748195e-05	5.345038430998826	False	uniform_inflow
primary::APC+ARID1A+FBXW7+PTEN+SOX9	1	7.878358150161507e-05	1.4324287545748195e-05	5.345038430998826	False	uniform_inflow
primary::APC+PIK3CA+PTEN+SOX9+TCF7L2	1	7.878358150161507e-05	1.4324287545748195e-05	5.345038430998826	False	uniform_inflow
primary::ARID1A+BRAF+CTNNB1+SMAD4+SOX9	1	7.878358150161507e-05	1.4324287545748195e-05	5.345038430998826	False	uniform_inflow
primary::ARID1A+BRAF+CTNNB1+SOX9+TGFBR2	1	7.878358150161507e-05	1.4324287545748195e-05	5.345038430998826	False	uniform_inflow
primary::ARID1A+BRAF+FBXW7+PIK3CA+PTEN	1	7.878358150161507e-05	1.4324287545748195e-05	5.345038430998826	False	uniform_inflow
primary::ARID1A+CTNNB1+FBXW7+KRAS+PIK3CA	1	7.878358150161507e-05	1.4324287545748195e-05	5.345038430998826	False	uniform_inflow
primary::ARID1A+CTNNB1+KRAS+RNF43+TCF7L2	1	7.878358150161507e-05	1.4324287545748195e-05	5.345038430998826	False	uniform_inflow
primary::BRAF+FBXW7+KRAS+RNF43+SOX9	1	7.878358150161507e-05	1.4324287545748195e-05	5.345038430998826	False	uniform_inflow
primary::BRAF+FBXW7+PIK3CA+SOX9+TGFBR2	1	7.878358150161507e-05	1.4324287545748195e-05	5.345038430998826	False	uniform_inflow
primary::APC+FBXW7+KRAS+PTEN+TCF7L2	2	0.0001575671630032	1.4324287545745454e-05	10.690076861997651	False	uniform_inflow
primary::ARID1A+PIK3CA+PTEN+RNF43+TCF7L2	2	0.0001575671630032	1.4324287545745454e-05	10.690076861997651	False	uniform_inflow
primary::APC+ARID1A+KRAS+PTEN+RNF43	1	7.878358150161507e-05	1.4324287545745454e-05	5.345038430999848	False	uniform_inflow
primary::APC+BRAF+CTNNB1+SOX9+TP53	1	7.878358150161507e-05	1.4324287545745454e-05	5.345038430999848	False	uniform_inflow
primary::ARID1A+PTEN+RNF43+TGFBR2+TP53	1	7.878358150161507e-05	1.4324287545745454e-05	5.345038430999848	False	uniform_inflow
unknown::APC+FBXW7+KRAS+PTEN+TP53	1	7.878358150161507e-05	1.4324287545745454e-05	5.345038430999848	False	uniform_inflow
unknown::APC+FBXW7+KRAS+SOX9+TP53	1	7.878358150161507e-05	1.4324287545745454e-05	5.345038430999848	False	uniform_inflow
metastatic::APC+BRAF+NRAS+TCF7L2	1	7.878358150161507e-05	1.3130596916935844e-05	5.830950978628954	False	uniform_inflow
metastatic::APC+BRAF+PIK3CA+TCF7L2	1	7.878358150161507e-05	1.3130596916935844e-05	5.830950978628954	False	uniform_inflow
metastatic::ARID1A+BRAF+PIK3CA+RNF43	1	7.878358150161507e-05	1.3130596916935844e-05	5.830950978628954	False	uniform_inflow
primary::APC+ARID1A+BRAF+CTNNB1+FBXW7+KRAS+PIK3CA+PTEN+RNF43+TP53	1	7.878358150161507e-05	1.3130596916935844e-05	5.830950978628954	False	uniform_inflow
primary::APC+ARID1A+CTNNB1+FBXW7+KRAS+PIK3CA+RNF43+TCF7L2+TGFBR2+TP53	1	7.878358150161507e-05	1.3130596916935844e-05	5.830950978628954	False	uniform_inflow
primary::APC+ARID1A+FBXW7+KRAS+PIK3CA+PTEN+RNF43+SOX9+TCF7L2+TGFBR2	1	7.878358150161507e-05	1.3130596916935844e-05	5.830950978628954	False	uniform_inflow
primary::APC+BRAF+FBXW7+PIK3CA+PTEN+RNF43+SMAD4+SOX9+TCF7L2+TP53	1	7.878358150161507e-05	1.3130596916935844e-05	5.830950978628954	False	uniform_inflow
primary::ARID1A+BRAF+CTNNB1+SOX9	1	7.878358150161507e-05	1.3130596916935844e-05	5.830950978628954	False	uniform_inflow
primary::ARID1A+BRAF+FBXW7+KRAS	1	7.878358150161507e-05	1.3130596916935844e-05	5.830950978628954	False	uniform_inflow
primary::ARID1A+CTNNB1+RNF43+TCF7L2	1	7.878358150161507e-05	1.3130596916935844e-05	5.830950978628954	False	uniform_inflow
primary::ARID1A+CTNNB1+SOX9+TGFBR2	1	7.878358150161507e-05	1.3130596916935844e-05	5.830950978628954	False	uniform_inflow
primary::ARID1A+KRAS+RNF43+TCF7L2	1	7.878358150161507e-05	1.3130596916935844e-05	5.830950978628954	False	uniform_inflow
primary::ARID1A+KRAS+RNF43+TGFBR2	1	7.878358150161507e-05	1.3130596916935844e-05	5.830950978628954	False	uniform_inflow
primary::BRAF+CTNNB1+PIK3CA+TCF7L2	1	7.878358150161507e-05	1.3130596916935844e-05	5.830950978628954	False	uniform_inflow
primary::BRAF+RNF43+SOX9+TGFBR2	4	0.0003151343260064	1.3130596916933333e-05	23.323803914515818	False	uniform_inflow
metastatic::PIK3CA+PTEN+SMAD4+TP53	1	7.878358150161507e-05	1.3130596916933333e-05	5.83095097863007	False	uniform_inflow
primary::APC+BRAF+FBXW7+TGFBR2	1	7.878358150161507e-05	1.3130596916933333e-05	5.83095097863007	False	uniform_inflow
primary::APC+PIK3CA+TCF7L2+TGFBR2	1	7.878358150161507e-05	1.3130596916933333e-05	5.83095097863007	False	uniform_inflow
primary::ARID1A+FBXW7+SOX9+TGFBR2	1	7.878358150161507e-05	1.3130596916933333e-05	5.83095097863007	False	uniform_inflow
primary::ARID1A+RNF43+SOX9+TP53	1	7.878358150161507e-05	1.3130596916933333e-05	5.83095097863007	False	uniform_inflow
primary::BRAF+PTEN+RNF43+SOX9	1	7.878358150161507e-05	1.3130596916933333e-05	5.83095097863007	False	uniform_inflow
primary::FBXW7+PTEN+TGFBR2+TP53	1	7.878358150161507e-05	1.3130596916933333e-05	5.83095097863007	False	uniform_inflow
unknown::APC+NRAS+SMAD4+TP53	1	7.878358150161507e-05	1.3130596916933333e-05	5.83095097863007	False	uniform_inflow
primary::ARID1A+PTEN+SMAD4	1	7.878358150161507e-05	1.2120551000246154e-05	6.316863520092604	False	uniform_inflow
primary::PTEN+SMAD4+SOX9	1	7.878358150161507e-05	1.2120551000246154e-05	6.316863520092604	False	uniform_inflow
primary::APC+ARID1A+BRAF+CTNNB1+FBXW7+PIK3CA+PTEN+TGFBR2+TP53	1	7.878358150161507e-05	1.1254797357373581e-05	6.8027760553861505	False	uniform_inflow
primary::APC+ARID1A+BRAF+CTNNB1+FBXW7+PIK3CA+RNF43+TGFBR2+TP53	1	7.878358150161507e-05	1.1254797357373581e-05	6.8027760553861505	False	uniform_inflow
primary::APC+ARID1A+BRAF+PIK3CA+PTEN+RNF43+SMAD4+SOX9+TP53	1	7.878358150161507e-05	1.1254797357373581e-05	6.8027760553861505	False	uniform_inflow
primary::APC+CTNNB1+FBXW7+KRAS+PIK3CA+PTEN+RNF43+SMAD4+TP53	1	7.878358150161507e-05	1.1254797357373581e-05	6.8027760553861505	False	uniform_inflow
metastatic::APC+ARID1A+BRAF+RNF43+SOX9+TCF7L2+TGFBR2+TP53	1	7.878358150161507e-05	9.847947687701884e-06	7.774601107472598	False	uniform_inflow
metastatic::APC+ARID1A+KRAS+PIK3CA+SOX9+TCF7L2+TGFBR2+TP53	1	7.878358150161507e-05	9.847947687701884e-06	7.774601107472598	False	uniform_inflow
primary::APC+ARID1A+BRAF+CTNNB1+FBXW7+KRAS+PIK3CA+RNF43	1	7.878358150161507e-05	9.847947687701884e-06	7.774601107472598	False	uniform_inflow
primary::APC+ARID1A+BRAF+CTNNB1+FBXW7+PIK3CA+PTEN+TGFBR2	1	7.878358150161507e-05	9.847947687701884e-06	7.774601107472598	False	uniform_inflow
primary::APC+ARID1A+BRAF+FBXW7+KRAS+PIK3CA+SOX9+TCF7L2	1	7.878358150161507e-05	9.847947687701884e-06	7.774601107472598	False	uniform_inflow
primary::APC+ARID1A+BRAF+FBXW7+PIK3CA+RNF43+SMAD4+TCF7L2	1	7.878358150161507e-05	9.847947687701884e-06	7.774601107472598	False	uniform_inflow
primary::APC+ARID1A+BRAF+FBXW7+PIK3CA+RNF43+TGFBR2+TP53	1	7.878358150161507e-05	9.847947687701884e-06	7.774601107472598	False	uniform_inflow
primary::APC+ARID1A+BRAF+FBXW7+RNF43+SMAD4+SOX9+TP53	1	7.878358150161507e-05	9.847947687701884e-06	7.774601107472598	False	uniform_inflow
primary::APC+ARID1A+BRAF+KRAS+PIK3CA+PTEN+RNF43+TCF7L2	1	7.878358150161507e-05	9.847947687701884e-06	7.774601107472598	False	uniform_inflow
primary::APC+ARID1A+BRAF+PIK3CA+PTEN+RNF43+SMAD4+TP53	1	7.878358150161507e-05	9.847947687701884e-06	7.774601107472598	False	uniform_inflow
primary::APC+ARID1A+BRAF+RNF43+SMAD4+SOX9+TCF7L2+TP53	1	7.878358150161507e-05	9.847947687701884e-06	7.774601107472598	False	uniform_inflow
primary::APC+ARID1A+CTNNB1+FBXW7+KRAS+PIK3CA+TCF7L2+TGFBR2	1	7.878358150161507e-05	9.847947687701884e-06	7.774601107472598	False	uniform_inflow
primary::APC+ARID1A+CTNNB1+FBXW7+PIK3CA+SOX9+TCF7L2+TP53	1	7.878358150161507e-05	9.847947687701884e-06	7.774601107472598	False	uniform_inflow
primary::APC+ARID1A+FBXW7+KRAS+PIK3CA+PTEN+SOX9+TP53	1	7.878358150161507e-05	9.847947687701884e-06	7.774601107472598	False	uniform_inflow
primary::APC+ARID1A+FBXW7+KRAS+PIK3CA+SMAD4+SOX9+TGFBR2	1	7.878358150161507e-05	9.847947687701884e-06	7.774601107472598	False	uniform_inflow
primary::APC+ARID1A+FBXW7+KRAS+PTEN+RNF43+TCF7L2+TP53	1	7.878358150161507e-05	9.847947687701884e-06	7.774601107472598	False	uniform_inflow
primary::APC+ARID1A+FBXW7+KRAS+RNF43+TCF7L2+TGFBR2+TP53	1	7.878358150161507e-05	9.847947687701884e-06	7.774601107472598	False	uniform_inflow
primary::APC+BRAF+FBXW7+PIK3CA+RNF43+SOX9+TCF7L2+TGFBR2	1	7.878358150161507e-05	9.847947687701884e-06	7.774601107472598	False	uniform_inflow
primary::APC+CTNNB1+FBXW7+KRAS+PIK3CA+SMAD4+TCF7L2+TP53	1	7.878358150161507e-05	9.847947687701884e-06	7.774601107472598	False	uniform_inflow
primary::ARID1A+BRAF+FBXW7+PTEN+RNF43+SOX9+TGFBR2+TP53	1	7.878358150161507e-05	9.847947687701884e-06	7.774601107472598	False	uniform_inflow
primary::ARID1A+BRAF+KRAS+PIK3CA+RNF43+SOX9+TCF7L2+TGFBR2	1	7.878358150161507e-05	9.847947687701884e-06	7.774601107472598	False	uniform_inflow
primary::BRAF+CTNNB1+FBXW7+KRAS+PIK3CA+PTEN+SMAD4+TP53	1	7.878358150161507e-05	9.847947687701884e-06	7.774601107472598	False	uniform_inflow
primary::BRAF+CTNNB1+FBXW7+NRAS+PIK3CA+PTEN+SMAD4+TP53	1	7.878358150161507e-05	9.847947687701884e-06	7.774601107472598	False	uniform_inflow
primary::ARID1A+CTNNB1+FBXW7+PIK3CA+PTEN+SOX9+TCF7L2	3	0.0002363507445048	8.75373127795723e-06	26.239278404659874	False	uniform_inflow
primary::APC+ARID1A+BRAF+PIK3CA+SOX9+TCF7L2+TGFBR2	2	0.0001575671630032	8.75373127795723e-06	17.49285226977325	False	uniform_inflow
primary::ARID1A+BRAF+PTEN+RNF43+SOX9+TCF7L2+TP53	2	0.0001575671630032	8.75373127795723e-06	17.49285226977325	False	uniform_inflow
metastatic::APC+ARID1A+CTNNB1+KRAS+RNF43+TCF7L2+TGFBR2	1	7.878358150161507e-05	8.75373127795723e-06	8.746426134888297	False	uniform_inflow
metastatic::APC+FBXW7+KRAS+PIK3CA+SMAD4+SOX9+TCF7L2	1	7.878358150161507e-05	8.75373127795723e-06	8.746426134888297	False	uniform_inflow
metastatic::APC+FBXW7+KRAS+PIK3CA+SOX9+TGFBR2+TP53	1	7.878358150161507e-05	8.75373127795723e-06	8.746426134888297	False	uniform_inflow
metastatic::APC+NRAS+PIK3CA+SMAD4+SOX9+TCF7L2+TP53	1	7.878358150161507e-05	8.75373127795723e-06	8.746426134888297	False	uniform_inflow
primary::APC+ARID1A+BRAF+CTNNB1+FBXW7+PIK3CA+TP53	1	7.878358150161507e-05	8.75373127795723e-06	8.746426134888297	False	uniform_inflow
primary::APC+ARID1A+BRAF+CTNNB1+KRAS+PIK3CA+SMAD4	1	7.878358150161507e-05	8.75373127795723e-06	8.746426134888297	False	uniform_inflow
primary::APC+ARID1A+BRAF+CTNNB1+KRAS+RNF43+TCF7L2	1	7.878358150161507e-05	8.75373127795723e-06	8.746426134888297	False	uniform_inflow
primary::APC+ARID1A+BRAF+CTNNB1+PIK3CA+TCF7L2+TP53	1	7.878358150161507e-05	8.75373127795723e-06	8.746426134888297	False	uniform_inflow
primary::APC+ARID1A+BRAF+FBXW7+KRAS+SOX9+TP53	1	7.878358150161507e-05	8.75373127795723e-06	8.746426134888297	False	uniform_inflow
primary::APC+ARID1A+BRAF+FBXW7+RNF43+SMAD4+SOX9	1	7.878358150161507e-05	8.75373127795723e-06	8.746426134888297	False	uniform_inflow
primary::APC+ARID1A+BRAF+NRAS+RNF43+TCF7L2+TGFBR2	1	7.878358150161507e-05	8.75373127795723e-06	8.746426134888297	False	uniform_inflow
primary::APC+ARID1A+BRAF+PIK3CA+RNF43+SMAD4+TCF7L2	1	7.878358150161507e-05	8.75373127795723e-06	8.746426134888297	False	uniform_inflow
primary::APC+ARID1A+BRAF+PTEN+RNF43+TGFBR2+TP53	1	7.878358150161507e-05	8.75373127795723e-06	8.746426134888297	False	uniform_inflow
primary::APC+ARID1A+BRAF+RNF43+SOX9+TCF7L2+TP53	1	7.878358150161507e-05	8.75373127795723e-06	8.746426134888297	False	uniform_inflow
primary::APC+ARID1A+CTNNB1+FBXW7+KRAS+PIK3CA+TGFBR2	1	7.878358150161507e-05	8.75373127795723e-06	8.746426134888297	False	uniform_inflow
primary::APC+ARID1A+CTNNB1+FBXW7+RNF43+SOX9+TGFBR2	1	7.878358150161507e-05	8.75373127795723e-06	8.746426134888297	False	uniform_inflow
primary::APC+ARID1A+CTNNB1+KRAS+RNF43+SMAD4+SOX9	1	7.878358150161507e-05	8.75373127795723e-06	8.746426134888297	False	uniform_inflow
primary::APC+ARID1A+CTNNB1+KRAS+RNF43+SOX9+TCF7L2	1	7.878358150161507e-05	8.75373127795723e-06	8.746426134888297	False	uniform_inflow
primary::APC+ARID1A+CTNNB1+RNF43+TCF7L2+TGFBR2+TP53	1	7.878358150161507e-05	8.75373127795723e-06	8.746426134888297	False	uniform_inflow
primary::APC+ARID1A+FBXW7+KRAS+PTEN+RNF43+TCF7L2	1	7.878358150161507e-05	8.75373127795723e-06	8.746426134888297	False	uniform_inflow
primary::APC+ARID1A+FBXW7+PIK3CA+PTEN+SOX9+TCF7L2	1	7.878358150161507e-05	8.75373127795723e-06	8.746426134888297	False	uniform_inflow
primary::APC+ARID1A+FBXW7+PIK3CA+PTEN+TCF7L2+TGFBR2	1	7.878358150161507e-05	8.75373127795723e-06	8.746426134888297	False	uniform_inflow
primary::APC+ARID1A+FBXW7+PIK3CA+PTEN+TGFBR2+TP53	1	7.878358150161507e-05	8.75373127795723e-06	8.746426134888297	False	uniform_inflow
primary::APC+ARID1A+KRAS+PIK3CA+RNF43+TGFBR2+TP53	1	7.878358150161507e-05	8.75373127795723e-06	8.746426134888297	False	uniform_inflow
primary::APC+ARID1A+KRAS+RNF43+SOX9+TCF7L2+TGFBR2	1	7.878358150161507e-05	8.75373127795723e-06	8.746426134888297	False	uniform_inflow
primary::APC+ARID1A+PIK3CA+RNF43+TCF7L2+TGFBR2+TP53	1	7.878358150161507e-05	8.75373127795723e-06	8.746426134888297	False	uniform_inflow
primary::APC+BRAF+CTNNB1+FBXW7+PTEN+SOX9+TGFBR2	1	7.878358150161507e-05	8.75373127795723e-06	8.746426134888297	False	uniform_inflow
primary::APC+BRAF+FBXW7+PIK3CA+PTEN+SOX9+TP53	1	7.878358150161507e-05	8.75373127795723e-06	8.746426134888297	False	uniform_inflow
primary::APC+BRAF+PIK3CA+PTEN+RNF43+TCF7L2+TGFBR2	1	7.878358150161507e-05	8.75373127795723e-06	8.746426134888297	False	uniform_inflow
primary::APC+CTNNB1+FBXW7+KRAS+PTEN+SMAD4+TP53	1	7.878358150161507e-05	8.75373127795723e-06	8.746426134888297	False	uniform_inflow
primary::APC+CTNNB1+KRAS+PIK3CA+PTEN+RNF43+TCF7L2	1	7.878358150161507e-05	8.75373127795723e-06	8.746426134888297	False	uniform_inflow
primary::ARID1A+BRAF+PIK3CA+PTEN+RNF43+SMAD4+TGFBR2	1	7.878358150161507e-05	8.75373127795723e-06	8.746426134888297	False	uniform_inflow
primary::ARID1A+BRAF+PIK3CA+PTEN+SOX9+TGFBR2+TP53	1	7.878358150161507e-05	8.75373127795723e-06	8.746426134888297	False	uniform_inflow
primary::ARID1A+BRAF+PIK3CA+RNF43+SOX9+TCF7L2+TP53	1	7.878358150161507e-05	8.75373127795723e-06	8.746426134888297	False	uniform_inflow
primary::ARID1A+BRAF+RNF43+SOX9+TCF7L2+TGFBR2+TP53	1	7.878358150161507e-05	8.75373127795723e-06	8.746426134888297	False	uniform_inflow
primary::ARID1A+FBXW7+PIK3CA+RNF43+TCF7L2+TGFBR2+TP53	1	7.878358150161507e-05	8.75373127795723e-06	8.746426134888297	False	uniform_inflow
primary::BRAF+CTNNB1+FBXW7+PIK3CA+PTEN+RNF43+SOX9	1	7.878358150161507e-05	8.75373127795723e-06	8.746426134888297	False	uniform_inflow
primary::BRAF+FBXW7+PIK3CA+RNF43+SOX9+TCF7L2+TGFBR2	1	7.878358150161507e-05	8.75373127795723e-06	8.746426134888297	False	uniform_inflow
primary::BRAF+FBXW7+PTEN+RNF43+SOX9+TGFBR2+TP53	1	7.878358150161507e-05	8.75373127795723e-06	8.746426134888297	False	uniform_inflow
primary::BRAF+KRAS+NRAS+PIK3CA+PTEN+SMAD4+TP53	1	7.878358150161507e-05	8.75373127795723e-06	8.746426134888297	False	uniform_inflow
primary::APC+ARID1A+BRAF+FBXW7+TGFBR2+TP53	2	0.0001575671630032	7.878358150161507e-06	19.43650227526278	False	uniform_inflow
primary::ARID1A+CTNNB1+PIK3CA+RNF43+SOX9+TCF7L2	2	0.0001575671630032	7.878358150161507e-06	19.43650227526278	False	uniform_inflow
metastatic::APC+ARID1A+BRAF+FBXW7+PIK3CA+RNF43	1	7.878358150161507e-05	7.878358150161507e-06	9.71825113763325	False	uniform_inflow
metastatic::APC+ARID1A+BRAF+FBXW7+PTEN+TCF7L2	1	7.878358150161507e-05	7.878358150161507e-06	9.71825113763325	False	uniform_inflow
metastatic::APC+ARID1A+BRAF+PIK3CA+RNF43+SOX9	1	7.878358150161507e-05	7.878358150161507e-06	9.71825113763325	False	uniform_inflow
metastatic::APC+ARID1A+BRAF+PTEN+RNF43+TCF7L2	1	7.878358150161507e-05	7.878358150161507e-06	9.71825113763325	False	uniform_inflow
metastatic::APC+ARID1A+BRAF+PTEN+TCF7L2+TP53	1	7.878358150161507e-05	7.878358150161507e-06	9.71825113763325	False	uniform_inflow
metastatic::APC+ARID1A+CTNNB1+FBXW7+SOX9+TP53	1	7.878358150161507e-05	7.878358150161507e-06	9.71825113763325	False	uniform_inflow
metastatic::APC+ARID1A+CTNNB1+KRAS+PIK3CA+TCF7L2	1	7.878358150161507e-05	7.878358150161507e-06	9.71825113763325	False	uniform_inflow
metastatic::APC+ARID1A+SMAD4+SOX9+TCF7L2+TP53	1	7.878358150161507e-05	7.878358150161507e-06	9.71825113763325	False	uniform_inflow
metastatic::APC+BRAF+KRAS+PIK3CA+SOX9+TGFBR2	1	7.878358150161507e-05	7.878358150161507e-06	9.71825113763325	False	uniform_inflow
metastatic::APC+FBXW7+NRAS+PIK3CA+PTEN+SMAD4	1	7.878358150161507e-05	7.878358150161507e-06	9.71825113763325	False	uniform_inflow
metastatic::KRAS+NRAS+PIK3CA+PTEN+SMAD4+TP53	1	7.878358150161507e-05	7.878358150161507e-06	9.71825113763325	False	uniform_inflow
primary::APC+ARID1A+BRAF+PIK3CA+SMAD4+TP53	1	7.878358150161507e-05	7.878358150161507e-06	9.71825113763325	False	uniform_inflow
primary::APC+ARID1A+BRAF+RNF43+SOX9+TP53	1	7.878358150161507e-05	7.878358150161507e-06	9.71825113763325	False	uniform_inflow
primary::APC+ARID1A+CTNNB1+PIK3CA+SOX9+TCF7L2	1	7.878358150161507e-05	7.878358150161507e-06	9.71825113763325	False	uniform_inflow
primary::APC+ARID1A+FBXW7+PIK3CA+PTEN+RNF43	1	7.878358150161507e-05	7.878358150161507e-06	9.71825113763325	False	uniform_inflow
primary::APC+ARID1A+FBXW7+PTEN+TGFBR2+TP53	1	7.878358150161507e-05	7.878358150161507e-06	9.71825113763325	False	uniform_inflow
primary::APC+ARID1A+KRAS+SMAD4+SOX9+TCF7L2	1	7.878358150161507e-05	7.878358150161507e-06	9.71825113763325	False	uniform_inflow
primary::APC+ARID1A+PTEN+RNF43+SOX9+TP53	1	7.878358150161507e-05	7.878358150161507e-06	9.71825113763325	False	uniform_inflow
primary::APC+ARID1A+PTEN+SOX9+TCF7L2+TP53	1	7.878358150161507e-05	7.878358150161507e-06	9.71825113763325	False	uniform_inflow
primary::APC+ARID1A+SOX9+TCF7L2+TGFBR2+TP53	1	7.878358150161507e-05	7.878358150161507e-06	9.71825113763325	False	uniform_inflow
primary::APC+BRAF+CTNNB1+KRAS+PTEN+SMAD4	1	7.878358150161507e-05	7.878358150161507e-06	9.71825113763325	False	uniform_inflow
primary::APC+BRAF+FBXW7+RNF43+SOX9+TCF7L2	1	7.878358150161507e-05	7.878358150161507e-06	9.71825113763325	False	uniform_inflow
primary::APC+BRAF+PIK3CA+RNF43+TCF7L2+TGFBR2	1	7.878358150161507e-05	7.878358150161507e-06	9.71825113763325	False	uniform_inflow
primary::APC+CTNNB1+FBXW7+KRAS+PIK3CA+TGFBR2	1	7.878358150161507e-05	7.878358150161507e-06	9.71825113763325	False	uniform_inflow
primary::APC+FBXW7+PIK3CA+RNF43+TCF7L2+TGFBR2	1	7.878358150161507e-05	7.878358150161507e-06	9.71825113763325	False	uniform_inflow
primary::APC+PIK3CA+PTEN+SOX9+TCF7L2+TP53	1	7.878358150161507e-05	7.878358150161507e-06	9.71825113763325	False	uniform_inflow
primary::ARID1A+BRAF+FBXW7+RNF43+SMAD4+SOX9	1	7.878358150161507e-05	7.878358150161507e-06	9.71825113763325	False	uniform_inflow
primary::ARID1A+BRAF+FBXW7+RNF43+SMAD4+TGFBR2	1	7.878358150161507e-05	7.878358150161507e-06	9.71825113763325	False	uniform_inflow
primary::ARID1A+BRAF+FBXW7+RNF43+SOX9+TGFBR2	1	7.878358150161507e-05	7.878358150161507e-06	9.71825113763325	False	uniform_inflow
primary::ARID1A+CTNNB1+FBXW7+PIK3CA+SOX9+TCF7L2	1	7.878358150161507e-05	7.878358150161507e-06	9.71825113763325	False	uniform_inflow
primary::ARID1A+CTNNB1+KRAS+PIK3CA+RNF43+TP53	1	7.878358150161507e-05	7.878358150161507e-06	9.71825113763325	False	uniform_inflow
primary::ARID1A+CTNNB1+KRAS+PTEN+TCF7L2+TP53	1	7.878358150161507e-05	7.878358150161507e-06	9.71825113763325	False	uniform_inflow
primary::ARID1A+FBXW7+KRAS+PIK3CA+RNF43+SMAD4	1	7.878358150161507e-05	7.878358150161507e-06	9.71825113763325	False	uniform_inflow
primary::ARID1A+KRAS+PIK3CA+RNF43+TCF7L2+TGFBR2	1	7.878358150161507e-05	7.878358150161507e-06	9.71825113763325	False	uniform_inflow
primary::BRAF+FBXW7+KRAS+RNF43+TGFBR2+TP53	1	7.878358150161507e-05	7.878358150161507e-06	9.71825113763325	False	uniform_inflow
primary::BRAF+FBXW7+PIK3CA+PTEN+RNF43+SOX9	1	7.878358150161507e-05	7.878358150161507e-06	9.71825113763325	False	uniform_inflow
primary::BRAF+FBXW7+PIK3CA+SOX9+TGFBR2+TP53	1	7.878358150161507e-05	7.878358150161507e-06	9.71825113763325	False	uniform_inflow
primary::BRAF+PIK3CA+PTEN+RNF43+SOX9+TGFBR2	1	7.878358150161507e-05	7.878358150161507e-06	9.71825113763325	False	uniform_inflow
primary::BRAF+PIK3CA+RNF43+SOX9+TCF7L2+TGFBR2	1	7.878358150161507e-05	7.878358150161507e-06	9.71825113763325	False	uniform_inflow
primary::APC+ARID1A+PIK3CA+PTEN+TCF7L2	3	0.0002363507445048	7.162143772874098e-06	32.07022834711623	False	uniform_inflow
primary::ARID1A+FBXW7+KRAS+PTEN+RNF43	2	0.0001575671630032	7.162143772874098e-06	21.38015223141082	False	uniform_inflow
primary::ARID1A+FBXW7+PIK3CA+RNF43+SOX9	2	0.0001575671630032	7.162143772874098e-06	21.38015223141082	False	uniform_inflow
metastatic::APC+ARID1A+BRAF+PIK3CA+PTEN	1	7.878358150161507e-05	7.162143772874098e-06	10.690076115707452	False	uniform_inflow
metastatic::APC+ARID1A+BRAF+RNF43+TCF7L2	1	7.878358150161507e-05	7.162143772874098e-06	10.690076115707452	False	uniform_inflow
metastatic::APC+ARID1A+FBXW7+RNF43+SMAD4	1	7.878358150161507e-05	7.162143772874098e-06	10.690076115707452	False	uniform_inflow
metastatic::APC+ARID1A+KRAS+SOX9+TCF7L2	1	7.878358150161507e-05	7.162143772874098e-06	10.690076115707452	False	uniform_inflow
metastatic::APC+BRAF+FBXW7+RNF43+SMAD4	1	7.878358150161507e-05	7.162143772874098e-06	10.690076115707452	False	uniform_inflow
metastatic::APC+CTNNB1+SMAD4+TGFBR2+TP53	1	7.878358150161507e-05	7.162143772874098e-06	10.690076115707452	False	uniform_inflow
metastatic::APC+NRAS+PIK3CA+SMAD4+SOX9	1	7.878358150161507e-05	7.162143772874098e-06	10.690076115707452	False	uniform_inflow
metastatic::ARID1A+BRAF+FBXW7+PIK3CA+RNF43	1	7.878358150161507e-05	7.162143772874098e-06	10.690076115707452	False	uniform_inflow
metastatic::ARID1A+BRAF+PIK3CA+RNF43+SOX9	1	7.878358150161507e-05	7.162143772874098e-06	10.690076115707452	False	uniform_inflow
metastatic::ARID1A+BRAF+PIK3CA+RNF43+TCF7L2	1	7.878358150161507e-05	7.162143772874098e-06	10.690076115707452	False	uniform_inflow
metastatic::FBXW7+PIK3CA+PTEN+SMAD4+TP53	1	7.878358150161507e-05	7.162143772874098e-06	10.690076115707452	False	uniform_inflow
metastatic::NRAS+PIK3CA+SMAD4+TGFBR2+TP53	1	7.878358150161507e-05	7.162143772874098e-06	10.690076115707452	False	uniform_inflow
primary::APC+ARID1A+CTNNB1+FBXW7+PIK3CA	1	7.878358150161507e-05	7.162143772874098e-06	10.690076115707452	False	uniform_inflow
primary::APC+ARID1A+CTNNB1+PTEN+SOX9	1	7.878358150161507e-05	7.162143772874098e-06	10.690076115707452	False	uniform_inflow
primary::APC+ARID1A+FBXW7+SOX9+TCF7L2	1	7.878358150161507e-05	7.162143772874098e-06	10.690076115707452	False	uniform_inflow
primary::APC+ARID1A+PTEN+RNF43+TCF7L2	1	7.878358150161507e-05	7.162143772874098e-06	10.690076115707452	False	uniform_inflow
primary::APC+BRAF+FBXW7+PIK3CA+TCF7L2	1	7.878358150161507e-05	7.162143772874098e-06	10.690076115707452	False	uniform_inflow
primary::APC+BRAF+PIK3CA+RNF43+TCF7L2	1	7.878358150161507e-05	7.162143772874098e-06	10.690076115707452	False	uniform_inflow
primary::APC+CTNNB1+FBXW7+PIK3CA+TCF7L2	1	7.878358150161507e-05	7.162143772874098e-06	10.690076115707452	False	uniform_inflow
primary::APC+CTNNB1+KRAS+RNF43+SOX9	1	7.878358150161507e-05	7.162143772874098e-06	10.690076115707452	False	uniform_inflow
primary::APC+FBXW7+PIK3CA+PTEN+TGFBR2	1	7.878358150161507e-05	7.162143772874098e-06	10.690076115707452	False	uniform_inflow
primary::APC+FBXW7+PIK3CA+RNF43+TGFBR2	1	7.878358150161507e-05	7.162143772874098e-06	10.690076115707452	False	uniform_inflow
primary::APC+FBXW7+PTEN+RNF43+TCF7L2	1	7.878358150161507e-05	7.162143772874098e-06	10.690076115707452	False	uniform_inflow
primary::APC+PIK3CA+RNF43+SMAD4+TCF7L2	1	7.878358150161507e-05	7.162143772874098e-06	10.690076115707452	False	uniform_inflow
primary::ARID1A+BRAF+CTNNB1+PIK3CA+SMAD4	1	7.878358150161507e-05	7.162143772874098e-06	10.690076115707452	False	uniform_inflow
primary::ARID1A+BRAF+CTNNB1+PIK3CA+TCF7L2	1	7.878358150161507e-05	7.162143772874098e-06	10.690076115707452	False	uniform_inflow
primary::ARID1A+CTNNB1+KRAS+NRAS+PIK3CA	1	7.878358150161507e-05	7.162143772874098e-06	10.690076115707452	False	uniform_inflow
primary::ARID1A+CTNNB1+PTEN+RNF43+SOX9	1	7.878358150161507e-05	7.162143772874098e-06	10.690076115707452	False	uniform_inflow
primary::ARID1A+CTNNB1+PTEN+SOX9+TGFBR2	1	7.878358150161507e-05	7.162143772874098e-06	10.690076115707452	False	uniform_inflow
primary::ARID1A+CTNNB1+PTEN+TCF7L2+TGFBR2	1	7.878358150161507e-05	7.162143772874098e-06	10.690076115707452	False	uniform_inflow
primary::ARID1A+CTNNB1+RNF43+SOX9+TCF7L2	1	7.878358150161507e-05	7.162143772874098e-06	10.690076115707452	False	uniform_inflow
primary::ARID1A+PIK3CA+RNF43+TCF7L2+TGFBR2	1	7.878358150161507e-05	7.162143772874098e-06	10.690076115707452	False	uniform_inflow
primary::BRAF+CTNNB1+PIK3CA+RNF43+SMAD4	1	7.878358150161507e-05	7.162143772874098e-06	10.690076115707452	False	uniform_inflow
primary::BRAF+CTNNB1+SMAD4+SOX9+TP53	1	7.878358150161507e-05	7.162143772874098e-06	10.690076115707452	False	uniform_inflow
primary::BRAF+FBXW7+KRAS+PTEN+SMAD4	1	7.878358150161507e-05	7.162143772874098e-06	10.690076115707452	False	uniform_inflow
primary::BRAF+FBXW7+PIK3CA+SMAD4+SOX9	1	7.878358150161507e-05	7.162143772874098e-06	10.690076115707452	False	uniform_inflow
primary::CTNNB1+FBXW7+PTEN+SOX9+TP53	1	7.878358150161507e-05	7.162143772874098e-06	10.690076115707452	False	uniform_inflow
primary::CTNNB1+KRAS+PTEN+TCF7L2+TP53	1	7.878358150161507e-05	7.162143772874098e-06	10.690076115707452	False	uniform_inflow
primary::CTNNB1+KRAS+TCF7L2+TGFBR2+TP53	1	7.878358150161507e-05	7.162143772874098e-06	10.690076115707452	False	uniform_inflow
primary::CTNNB1+PIK3CA+PTEN+SOX9+TGFBR2	1	7.878358150161507e-05	7.162143772874098e-06	10.690076115707452	False	uniform_inflow
primary::FBXW7+KRAS+PTEN+RNF43+SOX9	1	7.878358150161507e-05	7.162143772874098e-06	10.690076115707452	False	uniform_inflow
primary::PIK3CA+PTEN+RNF43+TGFBR2+TP53	1	7.878358150161507e-05	7.162143772874098e-06	10.690076115707452	False	uniform_inflow
primary::PIK3CA+RNF43+SMAD4+SOX9+TGFBR2	1	7.878358150161507e-05	7.162143772874098e-06	10.690076115707452	False	uniform_inflow
unknown::APC+KRAS+PTEN+RNF43+TP53	1	7.878358150161507e-05	7.162143772874098e-06	10.690076115707452	False	uniform_inflow
primary::ARID1A+PTEN+RNF43+TGFBR2	2	0.0001575671630032	6.565298458467922e-06	23.32380213821737	False	uniform_inflow
primary::ARID1A+RNF43+SOX9+TGFBR2	2	0.0001575671630032	6.565298458467922e-06	23.32380213821737	False	uniform_inflow
primary::CTNNB1+FBXW7+KRAS+TCF7L2	2	0.0001575671630032	6.565298458467922e-06	23.32380213821737	False	uniform_inflow
metastatic::APC+ARID1A+BRAF+RNF43	1	7.878358150161507e-05	6.565298458467922e-06	11.661901069110916	False	uniform_inflow
metastatic::APC+PIK3CA+SMAD4+TGFBR2	1	7.878358150161507e-05	6.565298458467922e-06	11.661901069110916	False	uniform_inflow
metastatic::ARID1A+CTNNB1+KRAS+SOX9	1	7.878358150161507e-05	6.565298458467922e-06	11.661901069110916	False	uniform_inflow
metastatic::ARID1A+RNF43+TCF7L2+TGFBR2	1	7.878358150161507e-05	6.565298458467922e-06	11.661901069110916	False	uniform_inflow
metastatic::BRAF+FBXW7+PTEN+RNF43	1	7.878358150161507e-05	6.565298458467922e-06	11.661901069110916	False	uniform_inflow
primary::APC+ARID1A+CTNNB1+PIK3CA	1	7.878358150161507e-05	6.565298458467922e-06	11.661901069110916	False	uniform_inflow
primary::APC+ARID1A+NRAS+TCF7L2	1	7.878358150161507e-05	6.565298458467922e-06	11.661901069110916	False	uniform_inflow
primary::APC+ARID1A+SOX9+TGFBR2	1	7.878358150161507e-05	6.565298458467922e-06	11.661901069110916	False	uniform_inflow
primary::ARID1A+BRAF+CTNNB1+KRAS	1	7.878358150161507e-05	6.565298458467922e-06	11.661901069110916	False	uniform_inflow
primary::ARID1A+BRAF+CTNNB1+SMAD4	1	7.878358150161507e-05	6.565298458467922e-06	11.661901069110916	False	uniform_inflow
primary::ARID1A+BRAF+PTEN+SOX9	1	7.878358150161507e-05	6.565298458467922e-06	11.661901069110916	False	uniform_inflow
primary::ARID1A+FBXW7+NRAS+PIK3CA	1	7.878358150161507e-05	6.565298458467922e-06	11.661901069110916	False	uniform_inflow
primary::ARID1A+NRAS+TCF7L2+TP53	1	7.878358150161507e-05	6.565298458467922e-06	11.661901069110916	False	uniform_inflow
primary::ARID1A+RNF43+TCF7L2+TGFBR2	1	7.878358150161507e-05	6.565298458467922e-06	11.661901069110916	False	uniform_inflow
primary::ARID1A+SMAD4+SOX9+TP53	1	7.878358150161507e-05	6.565298458467922e-06	11.661901069110916	False	uniform_inflow
primary::BRAF+RNF43+TCF7L2+TGFBR2	1	7.878358150161507e-05	6.565298458467922e-06	11.661901069110916	False	uniform_inflow
primary::CTNNB1+KRAS+SMAD4+TCF7L2	1	7.878358150161507e-05	6.565298458467922e-06	11.661901069110916	False	uniform_inflow
primary::FBXW7+PIK3CA+PTEN+SMAD4	1	7.878358150161507e-05	6.565298458467922e-06	11.661901069110916	False	uniform_inflow
unknown::APC+KRAS+NRAS+SMAD4	1	7.878358150161507e-05	6.565298458467922e-06	11.661901069110916	False	uniform_inflow
primary::ARID1A+FBXW7+SOX9	2	0.0001575671630032	6.060275500124237e-06	25.267451995682425	False	uniform_inflow
metastatic::CTNNB1+PIK3CA+TCF7L2	1	7.878358150161507e-05	6.060275500124237e-06	12.63372599784363	False	uniform_inflow
metastatic::PIK3CA+PTEN+RNF43	1	7.878358150161507e-05	6.060275500124237e-06	12.63372599784363	False	uniform_inflow
primary::ARID1A+CTNNB1+SOX9	1	7.878358150161507e-05	6.060275500124237e-06	12.63372599784363	False	uniform_inflow
primary::CTNNB1+PIK3CA+TCF7L2	1	7.878358150161507e-05	6.060275500124237e-06	12.63372599784363	False	uniform_inflow
primary::PIK3CA+RNF43+TCF7L2	1	7.878358150161507e-05	6.060275500124237e-06	12.63372599784363	False	uniform_inflow
unknown::APC+BRAF+SMAD4	1	7.878358150161507e-05	6.060275500124237e-06	12.63372599784363	False	uniform_inflow
unknown::FBXW7+PIK3CA+TP53	1	7.878358150161507e-05	6.060275500124237e-06	12.63372599784363	False	uniform_inflow
unknown::PIK3CA+SMAD4	2	0.0001575671630032	5.627398678686791e-06	27.211101803806002	False	uniform_inflow
unknown::WT	819	0.0645237532498227	0.0	62705811801.69332	False	uniform_inflow
primary::WT	164	0.0129205073662648	0.0	12556475134.89335	False	uniform_inflow
metastatic::WT	126	0.0099267312692034	0.0	9647047969.491192	False	uniform_inflow
metastatic::APC+ARID1A+FBXW7+KRAS+PIK3CA+TCF7L2	2	0.0001575671630032	0.0	153127745.54745147	False	uniform_inflow
metastatic::APC+FBXW7+KRAS+NRAS+SMAD4+TP53	2	0.0001575671630032	0.0	153127745.54745147	False	uniform_inflow
metastatic::BRAF+FBXW7+KRAS+PIK3CA+PTEN+SMAD4+TP53	2	0.0001575671630032	0.0	153127745.54745147	False	uniform_inflow
metastatic::FBXW7+RNF43+SMAD4+SOX9	2	0.0001575671630032	0.0	153127745.54745147	False	uniform_inflow
primary::APC+ARID1A+BRAF+CTNNB1+FBXW7+PIK3CA+PTEN+SMAD4+TCF7L2+TP53	2	0.0001575671630032	0.0	153127745.54745147	False	uniform_inflow
primary::APC+ARID1A+BRAF+PTEN+RNF43+TCF7L2+TP53	2	0.0001575671630032	0.0	153127745.54745147	False	uniform_inflow
primary::APC+ARID1A+FBXW7+PIK3CA+RNF43+SMAD4+TCF7L2+TGFBR2+TP53	2	0.0001575671630032	0.0	153127745.54745147	False	uniform_inflow
primary::APC+FBXW7+RNF43+SOX9+TGFBR2	2	0.0001575671630032	0.0	153127745.54745147	False	uniform_inflow
primary::APC+KRAS+RNF43+SMAD4+SOX9+TGFBR2	2	0.0001575671630032	0.0	153127745.54745147	False	uniform_inflow
primary::ARID1A+BRAF+FBXW7+TCF7L2+TGFBR2	2	0.0001575671630032	0.0	153127745.54745147	False	uniform_inflow
primary::ARID1A+BRAF+KRAS+RNF43+TCF7L2+TGFBR2	2	0.0001575671630032	0.0	153127745.54745147	False	uniform_inflow
primary::ARID1A+PIK3CA+PTEN+RNF43	2	0.0001575671630032	0.0	153127745.54745147	False	uniform_inflow
primary::ARID1A+PTEN+TCF7L2	2	0.0001575671630032	0.0	153127745.54745147	False	uniform_inflow
metastatic::APC+ARID1A+BRAF+CTNNB1+FBXW7+KRAS+PIK3CA+PTEN+RNF43+SMAD4+SOX9+TCF7L2+TGFBR2+TP53	1	7.878358150161507e-05	0.0	76563872.77374038	False	uniform_inflow
metastatic::APC+ARID1A+BRAF+CTNNB1+FBXW7+KRAS+RNF43+SMAD4+TCF7L2+TP53	1	7.878358150161507e-05	0.0	76563872.77374038	False	uniform_inflow
metastatic::APC+ARID1A+BRAF+CTNNB1+PTEN+RNF43+SOX9+TCF7L2+TP53	1	7.878358150161507e-05	0.0	76563872.77374038	False	uniform_inflow
metastatic::APC+ARID1A+BRAF+CTNNB1+PTEN+SOX9+TCF7L2	1	7.878358150161507e-05	0.0	76563872.77374038	False	uniform_inflow
metastatic::APC+ARID1A+BRAF+FBXW7+KRAS+SOX9+TCF7L2	1	7.878358150161507e-05	0.0	76563872.77374038	False	uniform_inflow
metastatic::APC+ARID1A+BRAF+FBXW7+KRAS+TCF7L2+TGFBR2	1	7.878358150161507e-05	0.0	76563872.77374038	False	uniform_inflow
metastatic::APC+ARID1A+BRAF+FBXW7+PTEN+RNF43	1	7.878358150161507e-05	0.0	76563872.77374038	False	uniform_inflow
metastatic::APC+ARID1A+BRAF+FBXW7+RNF43+SMAD4+SOX9	1	7.878358150161507e-05	0.0	76563872.77374038	False	uniform_inflow
metastatic::APC+ARID1A+BRAF+FBXW7+RNF43+SMAD4+TGFBR2+TP53	1	7.878358150161507e-05	0.0	76563872.77374038	False	uniform_inflow
metastatic::APC+ARID1A+BRAF+FBXW7+TCF7L2	1	7.878358150161507e-05	0.0	76563872.77374038	False	uniform_inflow
metastatic::APC+ARID1A+BRAF+PIK3CA+PTEN+RNF43+SMAD4+TP53	1	7.878358150161507e-05	0.0	76563872.77374038	False	uniform_inflow
metastatic::APC+ARID1A+BRAF+PIK3CA+PTEN+RNF43+TGFBR2	1	7.878358150161507e-05	0.0	76563872.77374038	False	uniform_inflow
metastatic::APC+ARID1A+BRAF+PIK3CA+TCF7L2+TGFBR2	1	7.878358150161507e-05	0.0	76563872.77374038	False	uniform_inflow
metastatic::APC+ARID1A+BRAF+PTEN+SOX9	1	7.878358150161507e-05	0.0	76563872.77374038	False	uniform_inflow
metastatic::APC+ARID1A+BRAF+PTEN+TGFBR2+TP53	1	7.878358150161507e-05	0.0	76563872.77374038	False	uniform_inflow
metastatic::APC+ARID1A+BRAF+RNF43+TCF7L2+TGFBR2+TP53	1	7.878358150161507e-05	0.0	76563872.77374038	False	uniform_inflow
metastatic::APC+ARID1A+CTNNB1+FBXW7+KRAS+PTEN+RNF43+SOX9	1	7.878358150161507e-05	0.0	76563872.77374038	False	uniform_inflow
metastatic::APC+ARID1A+CTNNB1+FBXW7+NRAS+PIK3CA+PTEN+SMAD4+SOX9+TCF7L2	1	7.878358150161507e-05	0.0	76563872.77374038	False	uniform_inflow
metastatic::APC+ARID1A+CTNNB1+FBXW7+PIK3CA+RNF43+SOX9	1	7.878358150161507e-05	0.0	76563872.77374038	False	uniform_inflow
metastatic::APC+ARID1A+CTNNB1+FBXW7+PIK3CA+RNF43+SOX9+TCF7L2+TP53	1	7.878358150161507e-05	0.0	76563872.77374038	False	uniform_inflow
metastatic::APC+ARID1A+CTNNB1+KRAS+PTEN+TGFBR2+TP53	1	7.878358150161507e-05	0.0	76563872.77374038	False	uniform_inflow
metastatic::APC+ARID1A+CTNNB1+KRAS+RNF43+SMAD4+SOX9+TGFBR2+TP53	1	7.878358150161507e-05	0.0	76563872.77374038	False	uniform_inflow
metastatic::APC+ARID1A+CTNNB1+KRAS+RNF43+TCF7L2	1	7.878358150161507e-05	0.0	76563872.77374038	False	uniform_inflow
metastatic::APC+ARID1A+CTNNB1+NRAS+PIK3CA+SOX9+TCF7L2	1	7.878358150161507e-05	0.0	76563872.77374038	False	uniform_inflow
metastatic::APC+ARID1A+CTNNB1+PIK3CA+PTEN+TCF7L2	1	7.878358150161507e-05	0.0	76563872.77374038	False	uniform_inflow
metastatic::APC+ARID1A+CTNNB1+PTEN+TCF7L2+TGFBR2	1	7.878358150161507e-05	0.0	76563872.77374038	False	uniform_inflow
metastatic::APC+ARID1A+CTNNB1+RNF43+SOX9	1	7.878358150161507e-05	0.0	76563872.77374038	False	uniform_inflow
metastatic::APC+ARID1A+FBXW7+KRAS+PIK3CA+PTEN+SMAD4	1	7.878358150161507e-05	0.0	76563872.77374038	False	uniform_inflow
metastatic::APC+ARID1A+FBXW7+KRAS+RNF43+SMAD4+SOX9	1	7.878358150161507e-05	0.0	76563872.77374038	False	uniform_inflow
metastatic::APC+ARID1A+FBXW7+NRAS+PIK3CA+RNF43+SOX9+TCF7L2+TGFBR2+TP53	1	7.878358150161507e-05	0.0	76563872.77374038	False	uniform_inflow
metastatic::APC+ARID1A+FBXW7+PIK3CA+SOX9	1	7.878358150161507e-05	0.0	76563872.77374038	False	uniform_inflow
metastatic::APC+ARID1A+FBXW7+RNF43	1	7.878358150161507e-05	0.0	76563872.77374038	False	uniform_inflow
metastatic::APC+ARID1A+KRAS+NRAS+RNF43+TP53	1	7.878358150161507e-05	0.0	76563872.77374038	False	uniform_inflow
metastatic::APC+ARID1A+KRAS+PIK3CA+PTEN+RNF43+TP53	1	7.878358150161507e-05	0.0	76563872.77374038	False	uniform_inflow
metastatic::APC+ARID1A+KRAS+PIK3CA+RNF43+SOX9+TP53	1	7.878358150161507e-05	0.0	76563872.77374038	False	uniform_inflow
metastatic::APC+ARID1A+KRAS+PIK3CA+TCF7L2+TGFBR2+TP53	1	7.878358150161507e-05	0.0	76563872.77374038	False	uniform_inflow
metastatic::APC+ARID1A+KRAS+TCF7L2+TGFBR2	1	7.878358150161507e-05	0.0	76563872.77374038	False	uniform_inflow
metastatic::APC+ARID1A+NRAS+PIK3CA+RNF43+SOX9	1	7.878358150161507e-05	0.0	76563872.77374038	False	uniform_inflow
metastatic::APC+ARID1A+PIK3CA+RNF43+TCF7L2+TGFBR2	1	7.878358150161507e-05	0.0	76563872.77374038	False	uniform_inflow
metastatic::APC+BRAF+CTNNB1+FBXW7+PIK3CA+RNF43+SOX9+TP53	1	7.878358150161507e-05	0.0	76563872.77374038	False	uniform_inflow
metastatic::APC+BRAF+CTNNB1+FBXW7+PIK3CA+RNF43+TCF7L2+TGFBR2	1	7.878358150161507e-05	0.0	76563872.77374038	False	uniform_inflow
metastatic::APC+BRAF+CTNNB1+FBXW7+PTEN+SOX9+TP53	1	7.878358150161507e-05	0.0	76563872.77374038	False	uniform_inflow
metastatic::APC+BRAF+FBXW7+KRAS+PIK3CA+PTEN	1	7.878358150161507e-05	0.0	76563872.77374038	False	uniform_inflow
metastatic::APC+BRAF+FBXW7+PIK3CA+SMAD4	1	7.878358150161507e-05	0.0	76563872.77374038	False	uniform_inflow
metastatic::APC+BRAF+FBXW7+RNF43	1	7.878358150161507e-05	0.0	76563872.77374038	False	uniform_inflow
metastatic::APC+BRAF+NRAS+RNF43+TGFBR2+TP53	1	7.878358150161507e-05	0.0	76563872.77374038	False	uniform_inflow
metastatic::APC+BRAF+PIK3CA+PTEN+SOX9+TGFBR2	1	7.878358150161507e-05	0.0	76563872.77374038	False	uniform_inflow
metastatic::APC+BRAF+SOX9+TGFBR2	1	7.878358150161507e-05	0.0	76563872.77374038	False	uniform_inflow
metastatic::APC+CTNNB1+KRAS+PTEN+RNF43+TCF7L2	1	7.878358150161507e-05	0.0	76563872.77374038	False	uniform_inflow
metastatic::APC+FBXW7+KRAS+RNF43+SMAD4+TCF7L2	1	7.878358150161507e-05	0.0	76563872.77374038	False	uniform_inflow
metastatic::APC+FBXW7+KRAS+RNF43+SOX9+TCF7L2	1	7.878358150161507e-05	0.0	76563872.77374038	False	uniform_inflow
metastatic::APC+FBXW7+NRAS+PIK3CA+SMAD4	1	7.878358150161507e-05	0.0	76563872.77374038	False	uniform_inflow
metastatic::APC+FBXW7+RNF43+TCF7L2	1	7.878358150161507e-05	0.0	76563872.77374038	False	uniform_inflow
metastatic::ARID1A+BRAF+FBXW7+KRAS+PIK3CA+PTEN+RNF43+TCF7L2+TGFBR2	1	7.878358150161507e-05	0.0	76563872.77374038	False	uniform_inflow
metastatic::ARID1A+BRAF+FBXW7+PTEN+RNF43+TP53	1	7.878358150161507e-05	0.0	76563872.77374038	False	uniform_inflow
metastatic::ARID1A+BRAF+NRAS+PIK3CA+RNF43+SOX9+TGFBR2+TP53	1	7.878358150161507e-05	0.0	76563872.77374038	False	uniform_inflow
metastatic::ARID1A+BRAF+NRAS+PIK3CA+SMAD4	1	7.878358150161507e-05	0.0	76563872.77374038	False	uniform_inflow
metastatic::ARID1A+BRAF+PTEN+RNF43+TGFBR2	1	7.878358150161507e-05	0.0	76563872.77374038	False	uniform_inflow
metastatic::ARID1A+BRAF+PTEN+SMAD4+SOX9	1	7.878358150161507e-05	0.0	76563872.77374038	False	uniform_inflow
metastatic::ARID1A+CTNNB1+FBXW7+PTEN+RNF43+SOX9	1	7.878358150161507e-05	0.0	76563872.77374038	False	uniform_inflow
metastatic::ARID1A+CTNNB1+KRAS+PTEN+SMAD4+TCF7L2	1	7.878358150161507e-05	0.0	76563872.77374038	False	uniform_inflow
metastatic::ARID1A+CTNNB1+PIK3CA+RNF43	1	7.878358150161507e-05	0.0	76563872.77374038	False	uniform_inflow
metastatic::ARID1A+FBXW7+KRAS+PTEN+RNF43+SMAD4	1	7.878358150161507e-05	0.0	76563872.77374038	False	uniform_inflow
metastatic::ARID1A+FBXW7+PIK3CA+RNF43+TP53	1	7.878358150161507e-05	0.0	76563872.77374038	False	uniform_inflow
metastatic::ARID1A+KRAS+PIK3CA+RNF43+SOX9+TCF7L2+TGFBR2+TP53	1	7.878358150161507e-05	0.0	76563872.77374038	False	uniform_inflow
metastatic::ARID1A+KRAS+PIK3CA+SOX9+TGFBR2	1	7.878358150161507e-05	0.0	76563872.77374038	False	uniform_inflow
metastatic::ARID1A+PIK3CA+RNF43+TGFBR2	1	7.878358150161507e-05	0.0	76563872.77374038	False	uniform_inflow
metastatic::ARID1A+RNF43+SMAD4+TGFBR2+TP53	1	7.878358150161507e-05	0.0	76563872.77374038	False	uniform_inflow
metastatic::ARID1A+RNF43+SOX9	1	7.878358150161507e-05	0.0	76563872.77374038	False	uniform_inflow
metastatic::ARID1A+RNF43+TCF7L2	1	7.878358150161507e-05	0.0	76563872.77374038	False	uniform_inflow
metastatic::ARID1A+SMAD4+SOX9	1	7.878358150161507e-05	0.0	76563872.77374038	False	uniform_inflow
metastatic::BRAF+CTNNB1+KRAS+PIK3CA+TGFBR2+TP53	1	7.878358150161507e-05	0.0	76563872.77374038	False	uniform_inflow
metastatic::BRAF+CTNNB1+NRAS+PIK3CA+RNF43+TCF7L2	1	7.878358150161507e-05	0.0	76563872.77374038	False	uniform_inflow
metastatic::BRAF+FBXW7+PIK3CA+SMAD4+SOX9	1	7.878358150161507e-05	0.0	76563872.77374038	False	uniform_inflow
metastatic::BRAF+FBXW7+RNF43+SMAD4+TGFBR2+TP53	1	7.878358150161507e-05	0.0	76563872.77374038	False	uniform_inflow
metastatic::BRAF+PIK3CA+RNF43+SOX9+TP53	1	7.878358150161507e-05	0.0	76563872.77374038	False	uniform_inflow
metastatic::BRAF+PIK3CA+RNF43+TGFBR2	1	7.878358150161507e-05	0.0	76563872.77374038	False	uniform_inflow
metastatic::CTNNB1+FBXW7+KRAS+PIK3CA+PTEN+TP53	1	7.878358150161507e-05	0.0	76563872.77374038	False	uniform_inflow
metastatic::CTNNB1+FBXW7+KRAS+PIK3CA+SOX9	1	7.878358150161507e-05	0.0	76563872.77374038	False	uniform_inflow
metastatic::CTNNB1+FBXW7+PTEN	1	7.878358150161507e-05	0.0	76563872.77374038	False	uniform_inflow
metastatic::FBXW7+KRAS+RNF43+TGFBR2	1	7.878358150161507e-05	0.0	76563872.77374038	False	uniform_inflow
metastatic::KRAS+RNF43+SOX9+TGFBR2+TP53	1	7.878358150161507e-05	0.0	76563872.77374038	False	uniform_inflow
metastatic::NRAS+PTEN+SOX9	1	7.878358150161507e-05	0.0	76563872.77374038	False	uniform_inflow
primary::APC+ARID1A+BRAF+CTNNB1+FBXW7+KRAS+PIK3CA+PTEN+RNF43+SMAD4+TCF7L2	1	7.878358150161507e-05	0.0	76563872.77374038	False	uniform_inflow
primary::APC+ARID1A+BRAF+CTNNB1+FBXW7+KRAS+PIK3CA+PTEN+SMAD4	1	7.878358150161507e-05	0.0	76563872.77374038	False	uniform_inflow
primary::APC+ARID1A+BRAF+CTNNB1+FBXW7+KRAS+PIK3CA+SMAD4+TGFBR2+TP53	1	7.878358150161507e-05	0.0	76563872.77374038	False	uniform_inflow
primary::APC+ARID1A+BRAF+CTNNB1+FBXW7+NRAS+PIK3CA+PTEN+SMAD4+TCF7L2	1	7.878358150161507e-05	0.0	76563872.77374038	False	uniform_inflow
primary::APC+ARID1A+BRAF+CTNNB1+FBXW7+NRAS+PIK3CA+PTEN+SMAD4+TGFBR2+TP53	1	7.878358150161507e-05	0.0	76563872.77374038	False	uniform_inflow
primary::APC+ARID1A+BRAF+CTNNB1+FBXW7+PIK3CA+PTEN	1	7.878358150161507e-05	0.0	76563872.77374038	False	uniform_inflow
primary::APC+ARID1A+BRAF+CTNNB1+FBXW7+PIK3CA+PTEN+RNF43+SMAD4+SOX9+TCF7L2+TGFBR2+TP53	1	7.878358150161507e-05	0.0	76563872.77374038	False	uniform_inflow
primary::APC+ARID1A+BRAF+CTNNB1+FBXW7+PIK3CA+RNF43+SMAD4+TCF7L2+TP53	1	7.878358150161507e-05	0.0	76563872.77374038	False	uniform_inflow
primary::APC+ARID1A+BRAF+CTNNB1+FBXW7+PIK3CA+RNF43+SOX9+TCF7L2	1	7.878358150161507e-05	0.0	76563872.77374038	False	uniform_inflow
primary::APC+ARID1A+BRAF+CTNNB1+KRAS+PIK3CA+PTEN+SMAD4+TCF7L2+TGFBR2+TP53	1	7.878358150161507e-05	0.0	76563872.77374038	False	uniform_inflow
primary::APC+ARID1A+BRAF+CTNNB1+KRAS+PIK3CA+RNF43+SMAD4+SOX9+TGFBR2	1	7.878358150161507e-05	0.0	76563872.77374038	False	uniform_inflow
primary::APC+ARID1A+BRAF+CTNNB1+KRAS+RNF43+TGFBR2	1	7.878358150161507e-05	0.0	76563872.77374038	False	uniform_inflow
primary::APC+ARID1A+BRAF+CTNNB1+RNF43+SMAD4+SOX9	1	7.878358150161507e-05	0.0	76563872.77374038	False	uniform_inflow
primary::APC+ARID1A+BRAF+CTNNB1+RNF43+SMAD4+TP53	1	7.878358150161507e-05	0.0	76563872.77374038	False	uniform_inflow
primary::APC+ARID1A+BRAF+CTNNB1+TCF7L2+TP53	1	7.878358150161507e-05	0.0	76563872.77374038	False	uniform_inflow
primary::APC+ARID1A+BRAF+FBXW7+KRAS+NRAS+PIK3CA+PTEN+TGFBR2	1	7.878358150161507e-05	0.0	76563872.77374038	False	uniform_inflow
primary::APC+ARID1A+BRAF+FBXW7+KRAS+PIK3CA+RNF43	1	7.878358150161507e-05	0.0	76563872.77374038	False	uniform_inflow
primary::APC+ARID1A+BRAF+FBXW7+KRAS+PIK3CA+RNF43+TCF7L2+TGFBR2+TP53	1	7.878358150161507e-05	0.0	76563872.77374038	False	uniform_inflow
primary::APC+ARID1A+BRAF+FBXW7+PIK3CA+PTEN+RNF43+SOX9+TCF7L2+TP53	1	7.878358150161507e-05	0.0	76563872.77374038	False	uniform_inflow
primary::APC+ARID1A+BRAF+FBXW7+PIK3CA+PTEN+SOX9+TGFBR2	1	7.878358150161507e-05	0.0	76563872.77374038	False	uniform_inflow
primary::APC+ARID1A+BRAF+FBXW7+PIK3CA+RNF43+SMAD4+SOX9+TGFBR2+TP53	1	7.878358150161507e-05	0.0	76563872.77374038	False	uniform_inflow
primary::APC+ARID1A+BRAF+KRAS+PIK3CA+PTEN+TP53	1	7.878358150161507e-05	0.0	76563872.77374038	False	uniform_inflow
primary::APC+ARID1A+BRAF+KRAS+RNF43+SMAD4+TCF7L2+TP53	1	7.878358150161507e-05	0.0	76563872.77374038	False	uniform_inflow
primary::APC+ARID1A+BRAF+NRAS+PIK3CA+RNF43+TCF7L2	1	7.878358150161507e-05	0.0	76563872.77374038	False	uniform_inflow
primary::APC+ARID1A+BRAF+NRAS+RNF43+TGFBR2	1	7.878358150161507e-05	0.0	76563872.77374038	False	uniform_inflow
primary::APC+ARID1A+BRAF+PIK3CA+TCF7L2+TGFBR2	1	7.878358150161507e-05	0.0	76563872.77374038	False	uniform_inflow
primary::APC+ARID1A+BRAF+PTEN+RNF43+SMAD4+TP53	1	7.878358150161507e-05	0.0	76563872.77374038	False	uniform_inflow
primary::APC+ARID1A+BRAF+PTEN+SMAD4+TCF7L2	1	7.878358150161507e-05	0.0	76563872.77374038	False	uniform_inflow
primary::APC+ARID1A+CTNNB1+FBXW7+KRAS+NRAS+PIK3CA+PTEN+RNF43+SMAD4	1	7.878358150161507e-05	0.0	76563872.77374038	False	uniform_inflow
primary::APC+ARID1A+CTNNB1+FBXW7+KRAS+NRAS+PIK3CA+RNF43+SMAD4+TCF7L2+TP53	1	7.878358150161507e-05	0.0	76563872.77374038	False	uniform_inflow
primary::APC+ARID1A+CTNNB1+FBXW7+KRAS+PIK3CA+PTEN+SMAD4+TCF7L2+TP53	1	7.878358150161507e-05	0.0	76563872.77374038	False	uniform_inflow
primary::APC+ARID1A+CTNNB1+FBXW7+KRAS+PIK3CA+RNF43+TCF7L2+TP53	1	7.878358150161507e-05	0.0	76563872.77374038	False	uniform_inflow
primary::APC+ARID1A+CTNNB1+FBXW7+KRAS+PIK3CA+SOX9+TCF7L2	1	7.878358150161507e-05	0.0	76563872.77374038	False	uniform_inflow
primary::APC+ARID1A+CTNNB1+FBXW7+KRAS+PTEN+SOX9+TCF7L2+TGFBR2	1	7.878358150161507e-05	0.0	76563872.77374038	False	uniform_inflow
primary::APC+ARID1A+CTNNB1+FBXW7+KRAS+PTEN+TCF7L2+TP53	1	7.878358150161507e-05	0.0	76563872.77374038	False	uniform_inflow
primary::APC+ARID1A+CTNNB1+FBXW7+KRAS+RNF43+SOX9+TCF7L2+TP53	1	7.878358150161507e-05	0.0	76563872.77374038	False	uniform_inflow
primary::APC+ARID1A+CTNNB1+FBXW7+NRAS+PIK3CA+SMAD4+TCF7L2+TP53	1	7.878358150161507e-05	0.0	76563872.77374038	False	uniform_inflow
primary::APC+ARID1A+CTNNB1+FBXW7+PIK3CA+PTEN+RNF43+TP53	1	7.878358150161507e-05	0.0	76563872.77374038	False	uniform_inflow
primary::APC+ARID1A+CTNNB1+FBXW7+PIK3CA+PTEN+SMAD4	1	7.878358150161507e-05	0.0	76563872.77374038	False	uniform_inflow
primary::APC+ARID1A+CTNNB1+FBXW7+PIK3CA+RNF43+TCF7L2+TGFBR2	1	7.878358150161507e-05	0.0	76563872.77374038	False	uniform_inflow
primary::APC+ARID1A+CTNNB1+FBXW7+PTEN+RNF43+TCF7L2+TP53	1	7.878358150161507e-05	0.0	76563872.77374038	False	uniform_inflow
primary::APC+ARID1A+CTNNB1+FBXW7+PTEN+SOX9+TGFBR2+TP53	1	7.878358150161507e-05	0.0	76563872.77374038	False	uniform_inflow
primary::APC+ARID1A+CTNNB1+FBXW7+RNF43+SMAD4+TGFBR2	1	7.878358150161507e-05	0.0	76563872.77374038	False	uniform_inflow
primary::APC+ARID1A+CTNNB1+KRAS+PIK3CA+PTEN+RNF43+SMAD4	1	7.878358150161507e-05	0.0	76563872.77374038	False	uniform_inflow
primary::APC+ARID1A+CTNNB1+KRAS+PTEN+RNF43+TCF7L2	1	7.878358150161507e-05	0.0	76563872.77374038	False	uniform_inflow
primary::APC+ARID1A+CTNNB1+NRAS+PIK3CA+RNF43+TCF7L2+TGFBR2+TP53	1	7.878358150161507e-05	0.0	76563872.77374038	False	uniform_inflow
primary::APC+ARID1A+CTNNB1+NRAS+PTEN+RNF43+SMAD4+TGFBR2	1	7.878358150161507e-05	0.0	76563872.77374038	False	uniform_inflow
primary::APC+ARID1A+CTNNB1+NRAS+PTEN+RNF43+TP53	1	7.878358150161507e-05	0.0	76563872.77374038	False	uniform_inflow
primary::APC+ARID1A+CTNNB1+PIK3CA+PTEN+RNF43+TCF7L2+TGFBR2	1	7.878358150161507e-05	0.0	76563872.77374038	False	uniform_inflow
primary::APC+ARID1A+CTNNB1+PIK3CA+PTEN+SMAD4+TCF7L2	1	7.878358150161507e-05	0.0	76563872.77374038	False	uniform_inflow
primary::APC+ARID1A+CTNNB1+PIK3CA+PTEN+TCF7L2+TP53	1	7.878358150161507e-05	0.0	76563872.77374038	False	uniform_inflow
primary::APC+ARID1A+CTNNB1+RNF43+SMAD4+TCF7L2+TGFBR2	1	7.878358150161507e-05	0.0	76563872.77374038	False	uniform_inflow
primary::APC+ARID1A+FBXW7+KRAS+PIK3CA+PTEN+RNF43+TGFBR2	1	7.878358150161507e-05	0.0	76563872.77374038	False	uniform_inflow
primary::APC+ARID1A+FBXW7+NRAS+SOX9+TCF7L2+TGFBR2+TP53	1	7.878358150161507e-05	0.0	76563872.77374038	False	uniform_inflow
primary::APC+ARID1A+FBXW7+PTEN+TCF7L2	1	7.878358150161507e-05	0.0	76563872.77374038	False	uniform_inflow
primary::APC+ARID1A+FBXW7+RNF43+TCF7L2+TGFBR2+TP53	1	7.878358150161507e-05	0.0	76563872.77374038	False	uniform_inflow
primary::APC+ARID1A+FBXW7+SMAD4+TCF7L2+TP53	1	7.878358150161507e-05	0.0	76563872.77374038	False	uniform_inflow
primary::APC+ARID1A+FBXW7+SOX9+TGFBR2+TP53	1	7.878358150161507e-05	0.0	76563872.77374038	False	uniform_inflow
primary::APC+ARID1A+KRAS+NRAS+PTEN+RNF43+SOX9+TCF7L2+TP53	1	7.878358150161507e-05	0.0	76563872.77374038	False	uniform_inflow
primary::APC+ARID1A+KRAS+PIK3CA+RNF43+SOX9+TCF7L2+TP53	1	7.878358150161507e-05	0.0	76563872.77374038	False	uniform_inflow
primary::APC+ARID1A+KRAS+PTEN+SOX9+TCF7L2+TGFBR2+TP53	1	7.878358150161507e-05	0.0	76563872.77374038	False	uniform_inflow
primary::APC+ARID1A+PIK3CA+PTEN+RNF43+SMAD4+SOX9+TCF7L2	1	7.878358150161507e-05	0.0	76563872.77374038	False	uniform_inflow
primary::APC+ARID1A+PIK3CA+PTEN+RNF43+SOX9+TGFBR2+TP53	1	7.878358150161507e-05	0.0	76563872.77374038	False	uniform_inflow
primary::APC+ARID1A+PIK3CA+PTEN+SMAD4+TGFBR2	1	7.878358150161507e-05	0.0	76563872.77374038	False	uniform_inflow
primary::APC+ARID1A+PIK3CA+RNF43+SOX9+TCF7L2	1	7.878358150161507e-05	0.0	76563872.77374038	False	uniform_inflow
primary::APC+ARID1A+RNF43+SMAD4+SOX9+TCF7L2	1	7.878358150161507e-05	0.0	76563872.77374038	False	uniform_inflow
primary::APC+ARID1A+RNF43+SOX9+TGFBR2+TP53	1	7.878358150161507e-05	0.0	76563872.77374038	False	uniform_inflow
primary::APC+ARID1A+SMAD4+SOX9+TCF7L2+TGFBR2	1	7.878358150161507e-05	0.0	76563872.77374038	False	uniform_inflow
primary::APC+BRAF+CTNNB1+FBXW7+NRAS+RNF43	1	7.878358150161507e-05	0.0	76563872.77374038	False	uniform_inflow
primary::APC+BRAF+CTNNB1+FBXW7+PIK3CA+RNF43+SMAD4+TGFBR2+TP53	1	7.878358150161507e-05	0.0	76563872.77374038	False	uniform_inflow
primary::APC+BRAF+CTNNB1+FBXW7+PTEN+SOX9	1	7.878358150161507e-05	0.0	76563872.77374038	False	uniform_inflow
primary::APC+BRAF+CTNNB1+KRAS+PTEN+RNF43	1	7.878358150161507e-05	0.0	76563872.77374038	False	uniform_inflow
primary::APC+BRAF+CTNNB1+KRAS+RNF43+TP53	1	7.878358150161507e-05	0.0	76563872.77374038	False	uniform_inflow
primary::APC+BRAF+CTNNB1+PIK3CA+PTEN+SMAD4+SOX9	1	7.878358150161507e-05	0.0	76563872.77374038	False	uniform_inflow
primary::APC+BRAF+CTNNB1+PIK3CA+RNF43+SOX9	1	7.878358150161507e-05	0.0	76563872.77374038	False	uniform_inflow
primary::APC+BRAF+CTNNB1+PIK3CA+RNF43+SOX9+TCF7L2+TP53	1	7.878358150161507e-05	0.0	76563872.77374038	False	uniform_inflow
primary::APC+BRAF+CTNNB1+RNF43+SOX9+TCF7L2	1	7.878358150161507e-05	0.0	76563872.77374038	False	uniform_inflow
primary::APC+BRAF+CTNNB1+RNF43+TCF7L2+TP53	1	7.878358150161507e-05	0.0	76563872.77374038	False	uniform_inflow
primary::APC+BRAF+FBXW7+KRAS+NRAS+PIK3CA+SOX9+TP53	1	7.878358150161507e-05	0.0	76563872.77374038	False	uniform_inflow
primary::APC+BRAF+FBXW7+KRAS+PIK3CA+PTEN+RNF43+TCF7L2+TP53	1	7.878358150161507e-05	0.0	76563872.77374038	False	uniform_inflow
primary::APC+BRAF+FBXW7+PIK3CA+PTEN+RNF43+SMAD4+SOX9+TP53	1	7.878358150161507e-05	0.0	76563872.77374038	False	uniform_inflow
primary::APC+BRAF+FBXW7+PIK3CA+PTEN+TCF7L2+TGFBR2	1	7.878358150161507e-05	0.0	76563872.77374038	False	uniform_inflow
primary::APC+BRAF+FBXW7+PIK3CA+RNF43+SMAD4+SOX9+TCF7L2	1	7.878358150161507e-05	0.0	76563872.77374038	False	uniform_inflow
primary::APC+BRAF+FBXW7+PTEN+SMAD4+SOX9	1	7.878358150161507e-05	0.0	76563872.77374038	False	uniform_inflow
primary::APC+BRAF+FBXW7+PTEN+TCF7L2	1	7.878358150161507e-05	0.0	76563872.77374038	False	uniform_inflow
primary::APC+BRAF+KRAS+NRAS+PTEN+SMAD4+SOX9	1	7.878358150161507e-05	0.0	76563872.77374038	False	uniform_inflow
primary::APC+BRAF+KRAS+NRAS+PTEN+TGFBR2	1	7.878358150161507e-05	0.0	76563872.77374038	False	uniform_inflow
primary::APC+BRAF+PIK3CA+PTEN+RNF43+SOX9	1	7.878358150161507e-05	0.0	76563872.77374038	False	uniform_inflow
primary::APC+BRAF+PTEN+RNF43+SMAD4+TCF7L2+TGFBR2	1	7.878358150161507e-05	0.0	76563872.77374038	False	uniform_inflow
primary::APC+BRAF+PTEN+SOX9+TGFBR2	1	7.878358150161507e-05	0.0	76563872.77374038	False	uniform_inflow
primary::APC+BRAF+RNF43+SOX9+TCF7L2+TGFBR2	1	7.878358150161507e-05	0.0	76563872.77374038	False	uniform_inflow
primary::APC+CTNNB1+FBXW7+KRAS+NRAS+PIK3CA+PTEN+RNF43+SOX9+TCF7L2+TGFBR2	1	7.878358150161507e-05	0.0	76563872.77374038	False	uniform_inflow
primary::APC+CTNNB1+FBXW7+KRAS+PIK3CA+PTEN+RNF43+SOX9+TCF7L2	1	7.878358150161507e-05	0.0	76563872.77374038	False	uniform_inflow
primary::APC+CTNNB1+FBXW7+KRAS+PIK3CA+PTEN+SMAD4+TCF7L2+TGFBR2+TP53	1	7.878358150161507e-05	0.0	76563872.77374038	False	uniform_inflow
primary::APC+CTNNB1+FBXW7+PIK3CA+PTEN+SOX9+TGFBR2	1	7.878358150161507e-05	0.0	76563872.77374038	False	uniform_inflow
primary::APC+CTNNB1+FBXW7+PIK3CA+TCF7L2+TGFBR2+TP53	1	7.878358150161507e-05	0.0	76563872.77374038	False	uniform_inflow
primary::APC+CTNNB1+KRAS+NRAS+PIK3CA+PTEN+SMAD4+TCF7L2+TGFBR2+TP53	1	7.878358150161507e-05	0.0	76563872.77374038	False	uniform_inflow
primary::APC+CTNNB1+KRAS+PIK3CA+PTEN+RNF43+TGFBR2	1	7.878358150161507e-05	0.0	76563872.77374038	False	uniform_inflow
primary::APC+CTNNB1+KRAS+PTEN+TGFBR2	1	7.878358150161507e-05	0.0	76563872.77374038	False	uniform_inflow
primary::APC+CTNNB1+KRAS+RNF43+TCF7L2+TGFBR2	1	7.878358150161507e-05	0.0	76563872.77374038	False	uniform_inflow
primary::APC+CTNNB1+NRAS+PTEN+SMAD4+TP53	1	7.878358150161507e-05	0.0	76563872.77374038	False	uniform_inflow
primary::APC+CTNNB1+PIK3CA+RNF43+TCF7L2	1	7.878358150161507e-05	0.0	76563872.77374038	False	uniform_inflow
primary::APC+FBXW7+KRAS+NRAS+PTEN+SMAD4+TP53	1	7.878358150161507e-05	0.0	76563872.77374038	False	uniform_inflow
primary::APC+FBXW7+KRAS+PTEN+RNF43+SMAD4	1	7.878358150161507e-05	0.0	76563872.77374038	False	uniform_inflow
primary::APC+FBXW7+NRAS+PIK3CA+PTEN+TCF7L2	1	7.878358150161507e-05	0.0	76563872.77374038	False	uniform_inflow
primary::APC+FBXW7+NRAS+SMAD4+SOX9+TGFBR2	1	7.878358150161507e-05	0.0	76563872.77374038	False	uniform_inflow
primary::APC+KRAS+NRAS+PTEN+RNF43+SMAD4+TCF7L2+TP53	1	7.878358150161507e-05	0.0	76563872.77374038	False	uniform_inflow
primary::ARID1A+BRAF+CTNNB1+KRAS+NRAS+PIK3CA+SOX9+TP53	1	7.878358150161507e-05	0.0	76563872.77374038	False	uniform_inflow
primary::ARID1A+BRAF+CTNNB1+KRAS+TCF7L2+TGFBR2+TP53	1	7.878358150161507e-05	0.0	76563872.77374038	False	uniform_inflow
primary::ARID1A+BRAF+CTNNB1+PIK3CA+SMAD4+TGFBR2+TP53	1	7.878358150161507e-05	0.0	76563872.77374038	False	uniform_inflow
primary::ARID1A+BRAF+CTNNB1+RNF43+SMAD4+TGFBR2	1	7.878358150161507e-05	0.0	76563872.77374038	False	uniform_inflow
primary::ARID1A+BRAF+FBXW7+SMAD4+SOX9+TP53	1	7.878358150161507e-05	0.0	76563872.77374038	False	uniform_inflow
primary::ARID1A+BRAF+KRAS+PTEN+RNF43+SMAD4+SOX9+TGFBR2	1	7.878358150161507e-05	0.0	76563872.77374038	False	uniform_inflow
primary::ARID1A+BRAF+KRAS+SMAD4+SOX9+TCF7L2	1	7.878358150161507e-05	0.0	76563872.77374038	False	uniform_inflow
primary::ARID1A+BRAF+PIK3CA+PTEN+SOX9+TP53	1	7.878358150161507e-05	0.0	76563872.77374038	False	uniform_inflow
primary::ARID1A+BRAF+PIK3CA+RNF43+SMAD4+SOX9+TGFBR2	1	7.878358150161507e-05	0.0	76563872.77374038	False	uniform_inflow
primary::ARID1A+BRAF+PIK3CA+TGFBR2+TP53	1	7.878358150161507e-05	0.0	76563872.77374038	False	uniform_inflow
primary::ARID1A+BRAF+RNF43+SMAD4+SOX9+TGFBR2+TP53	1	7.878358150161507e-05	0.0	76563872.77374038	False	uniform_inflow
primary::ARID1A+CTNNB1+FBXW7+KRAS+NRAS+PTEN+SOX9+TGFBR2+TP53	1	7.878358150161507e-05	0.0	76563872.77374038	False	uniform_inflow
primary::ARID1A+CTNNB1+FBXW7+KRAS+PIK3CA+SOX9+TCF7L2+TGFBR2+TP53	1	7.878358150161507e-05	0.0	76563872.77374038	False	uniform_inflow
primary::ARID1A+CTNNB1+FBXW7+KRAS+RNF43+SOX9+TCF7L2+TGFBR2+TP53	1	7.878358150161507e-05	0.0	76563872.77374038	False	uniform_inflow
primary::ARID1A+CTNNB1+FBXW7+KRAS+SOX9+TCF7L2	1	7.878358150161507e-05	0.0	76563872.77374038	False	uniform_inflow
primary::ARID1A+CTNNB1+FBXW7+PIK3CA+PTEN+RNF43+SOX9+TP53	1	7.878358150161507e-05	0.0	76563872.77374038	False	uniform_inflow
primary::ARID1A+CTNNB1+FBXW7+PIK3CA+PTEN+RNF43+TCF7L2	1	7.878358150161507e-05	0.0	76563872.77374038	False	uniform_inflow
primary::ARID1A+CTNNB1+FBXW7+PIK3CA+TCF7L2	1	7.878358150161507e-05	0.0	76563872.77374038	False	uniform_inflow
primary::ARID1A+CTNNB1+KRAS+PIK3CA+PTEN+RNF43+TCF7L2	1	7.878358150161507e-05	0.0	76563872.77374038	False	uniform_inflow
primary::ARID1A+CTNNB1+KRAS+PIK3CA+RNF43+SMAD4+TCF7L2	1	7.878358150161507e-05	0.0	76563872.77374038	False	uniform_inflow
primary::ARID1A+CTNNB1+KRAS+PIK3CA+RNF43+SOX9+TCF7L2+TGFBR2	1	7.878358150161507e-05	0.0	76563872.77374038	False	uniform_inflow
primary::ARID1A+CTNNB1+KRAS+RNF43+SMAD4+SOX9	1	7.878358150161507e-05	0.0	76563872.77374038	False	uniform_inflow
primary::ARID1A+CTNNB1+KRAS+RNF43+SMAD4+TCF7L2+TGFBR2	1	7.878358150161507e-05	0.0	76563872.77374038	False	uniform_inflow
primary::ARID1A+CTNNB1+KRAS+TCF7L2+TGFBR2	1	7.878358150161507e-05	0.0	76563872.77374038	False	uniform_inflow
primary::ARID1A+CTNNB1+PIK3CA+RNF43	1	7.878358150161507e-05	0.0	76563872.77374038	False	uniform_inflow
primary::ARID1A+CTNNB1+PIK3CA+RNF43+SMAD4+SOX9	1	7.878358150161507e-05	0.0	76563872.77374038	False	uniform_inflow
primary::ARID1A+CTNNB1+PIK3CA+SMAD4+TP53	1	7.878358150161507e-05	0.0	76563872.77374038	False	uniform_inflow
primary::ARID1A+CTNNB1+PTEN+SMAD4+TGFBR2	1	7.878358150161507e-05	0.0	76563872.77374038	False	uniform_inflow
primary::ARID1A+CTNNB1+SMAD4	1	7.878358150161507e-05	0.0	76563872.77374038	False	uniform_inflow
primary::ARID1A+CTNNB1+TCF7L2	1	7.878358150161507e-05	0.0	76563872.77374038	False	uniform_inflow
primary::ARID1A+CTNNB1+TCF7L2+TGFBR2+TP53	1	7.878358150161507e-05	0.0	76563872.77374038	False	uniform_inflow
primary::ARID1A+CTNNB1+TGFBR2	1	7.878358150161507e-05	0.0	76563872.77374038	False	uniform_inflow
primary::ARID1A+FBXW7+KRAS+RNF43+SMAD4+TGFBR2	1	7.878358150161507e-05	0.0	76563872.77374038	False	uniform_inflow
primary::ARID1A+FBXW7+KRAS+RNF43+SOX9+TCF7L2+TGFBR2	1	7.878358150161507e-05	0.0	76563872.77374038	False	uniform_inflow
primary::ARID1A+FBXW7+PIK3CA+RNF43+SOX9+TCF7L2+TGFBR2	1	7.878358150161507e-05	0.0	76563872.77374038	False	uniform_inflow
primary::ARID1A+FBXW7+PIK3CA+RNF43+TCF7L2+TP53	1	7.878358150161507e-05	0.0	76563872.77374038	False	uniform_inflow
primary::ARID1A+FBXW7+PTEN+RNF43+SMAD4+TCF7L2+TGFBR2	1	7.878358150161507e-05	0.0	76563872.77374038	False	uniform_inflow
primary::ARID1A+FBXW7+PTEN+RNF43+TP53	1	7.878358150161507e-05	0.0	76563872.77374038	False	uniform_inflow
primary::ARID1A+KRAS+NRAS+PIK3CA+SMAD4+TP53	1	7.878358150161507e-05	0.0	76563872.77374038	False	uniform_inflow
primary::ARID1A+KRAS+PIK3CA+RNF43+SMAD4	1	7.878358150161507e-05	0.0	76563872.77374038	False	uniform_inflow
primary::ARID1A+KRAS+PIK3CA+RNF43+TCF7L2+TP53	1	7.878358150161507e-05	0.0	76563872.77374038	False	uniform_inflow
primary::ARID1A+KRAS+PIK3CA+SOX9+TCF7L2+TGFBR2+TP53	1	7.878358150161507e-05	0.0	76563872.77374038	False	uniform_inflow
primary::ARID1A+NRAS+PTEN+RNF43+TCF7L2	1	7.878358150161507e-05	0.0	76563872.77374038	False	uniform_inflow
primary::ARID1A+PIK3CA+PTEN+RNF43+SOX9+TCF7L2+TP53	1	7.878358150161507e-05	0.0	76563872.77374038	False	uniform_inflow
primary::ARID1A+PTEN+RNF43+SOX9	1	7.878358150161507e-05	0.0	76563872.77374038	False	uniform_inflow
primary::BRAF+CTNNB1+FBXW7+PIK3CA+RNF43+SMAD4+TCF7L2	1	7.878358150161507e-05	0.0	76563872.77374038	False	uniform_inflow
primary::BRAF+CTNNB1+FBXW7+TCF7L2	1	7.878358150161507e-05	0.0	76563872.77374038	False	uniform_inflow
primary::BRAF+CTNNB1+FBXW7+TGFBR2	1	7.878358150161507e-05	0.0	76563872.77374038	False	uniform_inflow
primary::BRAF+CTNNB1+KRAS+PIK3CA+PTEN+SMAD4	1	7.878358150161507e-05	0.0	76563872.77374038	False	uniform_inflow
primary::BRAF+CTNNB1+KRAS+RNF43+TCF7L2	1	7.878358150161507e-05	0.0	76563872.77374038	False	uniform_inflow
primary::BRAF+FBXW7+KRAS+NRAS+PIK3CA+PTEN+TP53	1	7.878358150161507e-05	0.0	76563872.77374038	False	uniform_inflow
primary::BRAF+FBXW7+NRAS+PIK3CA+PTEN+RNF43+TCF7L2	1	7.878358150161507e-05	0.0	76563872.77374038	False	uniform_inflow
primary::BRAF+FBXW7+NRAS+PIK3CA+RNF43+SOX9+TGFBR2	1	7.878358150161507e-05	0.0	76563872.77374038	False	uniform_inflow
primary::BRAF+FBXW7+PIK3CA+RNF43+SOX9+TP53	1	7.878358150161507e-05	0.0	76563872.77374038	False	uniform_inflow
primary::BRAF+FBXW7+SOX9+TGFBR2	1	7.878358150161507e-05	0.0	76563872.77374038	False	uniform_inflow
primary::BRAF+KRAS+PIK3CA+PTEN+RNF43+TGFBR2+TP53	1	7.878358150161507e-05	0.0	76563872.77374038	False	uniform_inflow
primary::BRAF+KRAS+PIK3CA+RNF43+SMAD4+SOX9+TP53	1	7.878358150161507e-05	0.0	76563872.77374038	False	uniform_inflow
primary::CTNNB1+FBXW7+KRAS+PIK3CA+PTEN+TCF7L2	1	7.878358150161507e-05	0.0	76563872.77374038	False	uniform_inflow
primary::CTNNB1+FBXW7+KRAS+PIK3CA+SMAD4+SOX9+TCF7L2+TGFBR2	1	7.878358150161507e-05	0.0	76563872.77374038	False	uniform_inflow
primary::CTNNB1+FBXW7+KRAS+PTEN+RNF43+TCF7L2	1	7.878358150161507e-05	0.0	76563872.77374038	False	uniform_inflow
primary::CTNNB1+FBXW7+NRAS+PIK3CA+PTEN+SMAD4+TP53	1	7.878358150161507e-05	0.0	76563872.77374038	False	uniform_inflow
primary::CTNNB1+FBXW7+PTEN+RNF43+SOX9+TCF7L2	1	7.878358150161507e-05	0.0	76563872.77374038	False	uniform_inflow
primary::CTNNB1+FBXW7+PTEN+RNF43+TCF7L2+TGFBR2	1	7.878358150161507e-05	0.0	76563872.77374038	False	uniform_inflow
primary::CTNNB1+FBXW7+PTEN+TCF7L2+TP53	1	7.878358150161507e-05	0.0	76563872.77374038	False	uniform_inflow
primary::CTNNB1+FBXW7+TCF7L2+TGFBR2	1	7.878358150161507e-05	0.0	76563872.77374038	False	uniform_inflow
primary::CTNNB1+KRAS+NRAS+PIK3CA+PTEN+SMAD4	1	7.878358150161507e-05	0.0	76563872.77374038	False	uniform_inflow
primary::CTNNB1+KRAS+PIK3CA+RNF43+TCF7L2+TGFBR2	1	7.878358150161507e-05	0.0	76563872.77374038	False	uniform_inflow
primary::CTNNB1+KRAS+PTEN+RNF43+TGFBR2	1	7.878358150161507e-05	0.0	76563872.77374038	False	uniform_inflow
primary::CTNNB1+NRAS+PIK3CA+PTEN+RNF43	1	7.878358150161507e-05	0.0	76563872.77374038	False	uniform_inflow
primary::CTNNB1+NRAS+PIK3CA+SOX9+TP53	1	7.878358150161507e-05	0.0	76563872.77374038	False	uniform_inflow
primary::CTNNB1+NRAS+SMAD4+SOX9	1	7.878358150161507e-05	0.0	76563872.77374038	False	uniform_inflow
primary::CTNNB1+PIK3CA+RNF43+TGFBR2+TP53	1	7.878358150161507e-05	0.0	76563872.77374038	False	uniform_inflow
primary::CTNNB1+RNF43+TCF7L2	1	7.878358150161507e-05	0.0	76563872.77374038	False	uniform_inflow
primary::CTNNB1+SOX9+TCF7L2+TGFBR2	1	7.878358150161507e-05	0.0	76563872.77374038	False	uniform_inflow
primary::FBXW7+KRAS+PTEN+RNF43+SMAD4+TCF7L2+TP53	1	7.878358150161507e-05	0.0	76563872.77374038	False	uniform_inflow
primary::FBXW7+KRAS+RNF43+TCF7L2+TGFBR2	1	7.878358150161507e-05	0.0	76563872.77374038	False	uniform_inflow
primary::FBXW7+PIK3CA+PTEN+RNF43+SOX9+TCF7L2+TGFBR2+TP53	1	7.878358150161507e-05	0.0	76563872.77374038	False	uniform_inflow
primary::FBXW7+PIK3CA+RNF43+SOX9+TCF7L2	1	7.878358150161507e-05	0.0	76563872.77374038	False	uniform_inflow
primary::FBXW7+PIK3CA+RNF43+TGFBR2	1	7.878358150161507e-05	0.0	76563872.77374038	False	uniform_inflow
primary::FBXW7+RNF43+SOX9+TGFBR2+TP53	1	7.878358150161507e-05	0.0	76563872.77374038	False	uniform_inflow
primary::KRAS+PTEN+RNF43+SOX9+TGFBR2	1	7.878358150161507e-05	0.0	76563872.77374038	False	uniform_inflow
primary::PIK3CA+PTEN+RNF43+SMAD4	1	7.878358150161507e-05	0.0	76563872.77374038	False	uniform_inflow
primary::PIK3CA+PTEN+RNF43+TGFBR2	1	7.878358150161507e-05	0.0	76563872.77374038	False	uniform_inflow
primary::PIK3CA+RNF43+SOX9+TGFBR2	1	7.878358150161507e-05	0.0	76563872.77374038	False	uniform_inflow
primary::RNF43+SMAD4+SOX9	1	7.878358150161507e-05	0.0	76563872.77374038	False	uniform_inflow
unknown::APC+ARID1A+BRAF+CTNNB1+PTEN+TCF7L2+TP53	1	7.878358150161507e-05	0.0	76563872.77374038	False	uniform_inflow
unknown::APC+ARID1A+BRAF+KRAS+PIK3CA+TCF7L2	1	7.878358150161507e-05	0.0	76563872.77374038	False	uniform_inflow
unknown::APC+ARID1A+PIK3CA+TCF7L2+TP53	1	7.878358150161507e-05	0.0	76563872.77374038	False	uniform_inflow
unknown::APC+BRAF+FBXW7+PIK3CA+SOX9+TP53	1	7.878358150161507e-05	0.0	76563872.77374038	False	uniform_inflow
unknown::APC+CTNNB1+KRAS+PTEN+TP53	1	7.878358150161507e-05	0.0	76563872.77374038	False	uniform_inflow
unknown::APC+FBXW7+PIK3CA+PTEN+RNF43+SOX9	1	7.878358150161507e-05	0.0	76563872.77374038	False	uniform_inflow
unknown::APC+NRAS+PIK3CA	1	7.878358150161507e-05	0.0	76563872.77374038	False	uniform_inflow
unknown::ARID1A+BRAF+FBXW7+KRAS+PIK3CA+RNF43+SOX9+TCF7L2+TP53	1	7.878358150161507e-05	0.0	76563872.77374038	False	uniform_inflow
unknown::ARID1A+BRAF+FBXW7+PIK3CA+PTEN+RNF43+TGFBR2+TP53	1	7.878358150161507e-05	0.0	76563872.77374038	False	uniform_inflow
unknown::ARID1A+BRAF+PIK3CA+SOX9	1	7.878358150161507e-05	0.0	76563872.77374038	False	uniform_inflow
unknown::ARID1A+CTNNB1+KRAS+SOX9+TCF7L2	1	7.878358150161507e-05	0.0	76563872.77374038	False	uniform_inflow
unknown::ARID1A+FBXW7+KRAS+PIK3CA+PTEN+TCF7L2	1	7.878358150161507e-05	0.0	76563872.77374038	False	uniform_inflow
unknown::ARID1A+KRAS+RNF43+TP53	1	7.878358150161507e-05	0.0	76563872.77374038	False	uniform_inflow
unknown::BRAF+FBXW7+PIK3CA+RNF43+TCF7L2	1	7.878358150161507e-05	0.0	76563872.77374038	False	uniform_inflow
unknown::BRAF+KRAS+NRAS+RNF43+TP53	1	7.878358150161507e-05	0.0	76563872.77374038	False	uniform_inflow
unknown::BRAF+RNF43+SOX9	1	7.878358150161507e-05	0.0	76563872.77374038	False	uniform_inflow
primary::APC+KRAS+TP53	580	0.0456944772709367	0.030750140697804428	1.2435907552908911	True	frequency_inflow
metastatic::APC+KRAS+TP53	389	0.0306468132041282	0.020407755530764078	1.2567559694740515	True	frequency_inflow
primary::APC+KRAS+PIK3CA+TP53	155	0.0122114551327503	0.016995250473916573	0.6013131856204288	True	frequency_inflow
unknown::TP53	17	0.0013393208855274	0.014959001478536557	0.07492778854730114	True	frequency_inflow
unknown::APC	3	0.0002363507445048	0.013817952902255619	0.014314432836905278	False	frequency_inflow
primary::APC+TP53	938	0.0738989994485149	0.011818744684925084	5.232727103242307	True	frequency_inflow
primary::APC+PIK3CA+TP53	113	0.0089025447096825	0.011509501337879363	0.6473192679026767	True	frequency_inflow
metastatic::APC+KRAS+PIK3CA+TP53	69	0.0054360671236114	0.010229163667868617	0.4447393549602851	True	frequency_inflow
primary::APC+KRAS+SMAD4+TP53	117	0.0092176790356889	0.009743856301685422	0.7916834929292993	True	frequency_inflow
unknown::KRAS	4	0.0003151343260064	0.009495413789242322	0.027774272667707177	False	frequency_inflow
primary::APC+BRAF+TP53	56	0.0044118805640904	0.009486771948256437	0.3891940254904746	True	frequency_inflow
primary::APC+FBXW7+KRAS+TP53	87	0.0068541715906405	0.008512203203734806	0.6738665027813802	True	frequency_inflow
primary::KRAS+TP53	183	0.0144173954147955	0.008486052955167099	1.421811264639982	True	frequency_inflow
primary::APC+SMAD4+TP53	58	0.0045694477270936	0.007915447107332477	0.4831134637571067	True	frequency_inflow
metastatic::APC+PIK3CA+TP53	49	0.0038603954935791	0.006997120856499718	0.4617142763653065	True	frequency_inflow
metastatic::APC+KRAS+SMAD4+TP53	77	0.0060663357756243	0.0069487151971511524	0.7306052889651411	True	frequency_inflow
metastatic::APC+TP53	584	0.0460096115969431	0.006936028220281726	5.551349804270973	True	frequency_inflow
primary::APC+BRAF+KRAS+TP53	4	0.0003151343260064	0.006837744118393521	0.03856947658437512	False	frequency_inflow
primary::APC+FBXW7+TP53	93	0.0073268730796502	0.006608132570403868	0.9278991993332363	True	frequency_inflow
primary::APC+KRAS+SOX9+TP53	59	0.0046482313085952	0.006140453999671735	0.6335022006830205	True	frequency_inflow
primary::APC+KRAS+TCF7L2+TP53	53	0.0041755298195855	0.005514373156974572	0.6336892163365064	True	frequency_inflow
metastatic::KRAS+TP53	175	0.0137871267627826	0.005391738661203054	2.1399607779375334	True	frequency_inflow
metastatic::APC+BRAF+TP53	25	0.0019695895375403	0.005322272865355578	0.30969876301589006	True	frequency_inflow
primary::APC+ARID1A+KRAS+TP53	18	0.001418104467029	0.005266923552251513	0.2253264055694434	True	frequency_inflow
primary::APC+KRAS+PIK3CA+SMAD4+TP53	22	0.0017332387930355	0.0052315185743389446	0.2772627380515816	True	frequency_inflow
primary::APC+SOX9+TP53	64	0.0050421492161033	0.00511571570631911	0.8248408685435756	True	frequency_inflow
primary::APC+FBXW7+KRAS+PIK3CA+TP53	24	0.0018908059560387	0.0049449053891797105	0.3199999080589338	True	frequency_inflow
unknown::PIK3CA	1	7.878358150161507e-05	0.004845822536530669	0.013605956969141195	False	frequency_inflow
metastatic::APC+SMAD4+TP53	56	0.0044118805640904	0.004789903722409552	0.7708286381199012	True	frequency_inflow
primary::APC+ARID1A+TP53	50	0.0039391790750807	0.004747275646624119	0.6944198927940192	True	frequency_inflow
metastatic::APC+FBXW7+KRAS+TP53	43	0.0033876940045694	0.004517575797596651	0.6275662882485205	True	frequency_inflow
primary::APC+RNF43+TP53	7	0.0005514850705113	0.004337909095148629	0.10639327847831427	True	frequency_inflow
metastatic::APC+BRAF+KRAS+TP53	3	0.0002363507445048	0.004017203066426078	0.04923728162537369	False	frequency_inflow
primary::APC+TCF7L2+TP53	69	0.0054360671236114	0.003994624228960086	1.1388584732840488	True	frequency_inflow
primary::APC+KRAS	215	0.0169384700228472	0.003936482478418533	3.601029968543713	True	frequency_inflow
metastatic::APC+KRAS+SOX9+TP53	35	0.0027574253525565	0.003865959749865814	0.5969078834522158	True	frequency_inflow
metastatic::APC+FBXW7+TP53	31	0.00244229102655	0.0038233633391039513	0.5345800173525275	True	frequency_inflow
primary::APC+KRAS+RNF43+TP53	6	0.0004727014890096	0.0038162230359692637	0.10366069113940309	True	frequency_inflow
primary::APC+KRAS+PTEN+TP53	19	0.0014968880485306	0.003782947358769364	0.33114629585152433	True	frequency_inflow
primary::KRAS+PIK3CA+TP53	49	0.0038603954935791	0.0037716221349408576	0.8565732400855056	True	frequency_inflow
primary::APC+PTEN+TP53	14	0.0011029701410226	0.0036876329208216634	0.2503092798358922	True	frequency_inflow
primary::APC+KRAS+PIK3CA	133	0.0104782163397148	0.0036685362755862734	2.3903165671521966	True	frequency_inflow
primary::PIK3CA+TP53	37	0.0029149925155597	0.0036045177372345458	0.6767856715964037	True	frequency_inflow
metastatic::APC+KRAS+TCF7L2+TP53	32	0.0025210746080516	0.003494486963786984	0.6037583527664186	True	frequency_inflow
metastatic::APC+ARID1A+KRAS+TP53	16	0.0012605373040258	0.0034559298738718676	0.3052471794876532	True	frequency_inflow
primary::APC+CTNNB1+TP53	18	0.001418104467029	0.0033747832353755586	0.351660201423122	True	frequency_inflow
primary::APC+CTNNB1+KRAS+TP53	21	0.0016544552115339	0.00322136092055694	0.4298099918500509	True	frequency_inflow
primary::APC+KRAS+PIK3CA+SOX9+TP53	21	0.0016544552115339	0.003176667719576977	0.4358570783062515	True	frequency_inflow
primary::BRAF+TP53	129	0.0101630820137083	0.003163635371050487	2.688437138666653	True	frequency_inflow
primary::BRAF+KRAS+TP53	7	0.0005514850705113	0.0031553236708702186	0.1462684714708205	True	frequency_inflow
metastatic::APC+SOX9+TP53	42	0.0033089104230678	0.0030815260679747433	0.8986281994369908	True	frequency_inflow
primary::APC+KRAS+NRAS+TP53	7	0.0005514850705113	0.0030729335349919938	0.15019015708426833	True	frequency_inflow
primary::TP53	409	0.0322224848341605	0.0029954532875213474	9.00238029080992	True	frequency_inflow
metastatic::APC+KRAS+PIK3CA+SMAD4+TP53	11	0.0008666193965177	0.002966430874216589	0.2444865943926968	True	frequency_inflow
metastatic::APC+ARID1A+TP53	32	0.0025210746080516	0.0029541744211789983	0.7141845375762562	True	frequency_inflow
unknown::BRAF	1	7.878358150161507e-05	0.002952554038943508	0.02233051521962944	False	frequency_inflow
primary::APC+KRAS+PIK3CA+TCF7L2+TP53	14	0.0011029701410226	0.002821978358850052	0.32709277792241975	True	frequency_inflow
metastatic::KRAS+PIK3CA+TP53	33	0.0025998581895532	0.002800087385942606	0.7770320871752968	True	frequency_inflow
primary::APC	122	0.009611596943197	0.0027669649279241887	2.907051828830844	True	frequency_inflow
primary::APC+NRAS+TP53	57	0.004490664145592	0.002750739169992842	1.3662244157487708	True	frequency_inflow
metastatic::APC+RNF43+TP53	6	0.0004727014890096	0.00267144782732419	0.14808161827457525	True	frequency_inflow
metastatic::APC+KRAS+RNF43+TP53	4	0.0003151343260064	0.0025886271066217627	0.10187956810248769	False	frequency_inflow
primary::APC+BRAF+KRAS+PIK3CA+TP53	2	0.0001575671630032	0.0025287892663236715	0.05214515402898959	False	frequency_inflow
metastatic::APC+KRAS+PTEN+TP53	14	0.0011029701410226	0.0025182531006608527	0.36654327571423734	True	frequency_inflow
metastatic::APC+TCF7L2+TP53	42	0.0033089104230678	0.0024806235936838486	1.1163105232149682	True	frequency_inflow
primary::APC+BRAF+PIK3CA+TP53	24	0.0018908059560387	0.0023999626079577335	0.659330801368123	True	frequency_inflow
primary::KRAS+SMAD4+TP53	53	0.0041755298195855	0.002385029339268728	1.4651387075474085	True	frequency_inflow
primary::APC+FBXW7+KRAS+SMAD4+TP53	17	0.0013393208855274	0.0023709150679798964	0.47274780712399456	True	frequency_inflow
metastatic::PIK3CA+TP53	27	0.0021271567005436	0.002337376828864571	0.7616082294689445	True	frequency_inflow
metastatic::TP53	265	0.0208776490979279	0.0023013848428517568	7.591947983839965	True	frequency_inflow
primary::SMAD4+TP53	48	0.0037816119120775	0.0022990568263470857	1.3765377622645318	True	frequency_inflow
metastatic::APC+PTEN+TP53	5	0.000393917907508	0.0022841420145320954	0.1443256427958252	True	frequency_inflow
metastatic::APC+CTNNB1+KRAS+TP53	11	0.0008666193965177	0.0022515305330323403	0.3221153660679751	True	frequency_inflow
metastatic::APC+KRAS+NRAS+TP53	1	7.878358150161507e-05	0.0022451948247640846	0.0293658493103372	False	frequency_inflow
primary::APC+FBXW7+PIK3CA+TP53	15	0.0011817537225242	0.002162878852172525	0.45725205202103114	True	frequency_inflow
unknown::ARID1A	2	0.0001575671630032	0.002149459340350874	0.061347569276921386	False	frequency_inflow
primary::APC+ARID1A+KRAS+PIK3CA+TP53	10	0.0007878358150161	0.00214125347426608	0.3079133492943412	True	frequency_inflow
metastatic::APC	48	0.0037816119120775	0.0021258389080393066	1.488701014445886	True	frequency_inflow
metastatic::APC+FBXW7+KRAS+PIK3CA+TP53	15	0.0011817537225242	0.002073423117295493	0.47697972746587625	True	frequency_inflow
primary::FBXW7+TP53	31	0.00244229102655	0.00203757308431774	1.003102001800864	True	frequency_inflow
primary::APC+BRAF+SMAD4+TP53	10	0.0007878358150161	0.0020208301099474612	0.32626222545160205	True	frequency_inflow
metastatic::APC+CTNNB1+TP53	10	0.0007878358150161	0.0020107542132830176	0.32789712664728793	True	frequency_inflow
metastatic::APC+KRAS	120	0.0094540297801938	0.001994060538566884	3.9677061925145445	True	frequency_inflow
primary::APC+KRAS+SMAD4+SOX9+TP53	13	0.0010241865595209	0.0019935877316889024	0.42993677879349773	True	frequency_inflow
metastatic::APC+NRAS+TP53	46	0.0036240447490742	0.0019221600656833045	1.5778469687059191	True	frequency_inflow
primary::APC+KRAS+SMAD4	44	0.003466477586071	0.0019094563329563044	1.5192860277258147	True	frequency_inflow
primary::KRAS	108	0.0085086268021744	0.0019014015402145706	3.7449542148951083	True	frequency_inflow
primary::APC+PIK3CA+SMAD4+TP53	6	0.0004727014890096	0.0018784519278118824	0.2105948581843972	True	frequency_inflow
metastatic::APC+KRAS+PIK3CA	73	0.0057512014496178	0.0018060318218678316	2.6649806513021423	True	frequency_inflow
metastatic::BRAF+TP53	62	0.0048845820531001	0.0017796170545655865	2.2970038799142123	True	frequency_inflow
primary::APC+KRAS+PIK3CA+PTEN+TP53	7	0.0005514850705113	0.0017786256491329182	0.259483703299603	True	frequency_inflow
metastatic::KRAS+SMAD4+TP53	41	0.0032301268415662	0.001769780304172924	1.527429230653049	True	frequency_inflow
primary::APC+BRAF	15	0.0011817537225242	0.0017089265602106092	0.5787146249195368	True	frequency_inflow
primary::APC+KRAS+PIK3CA+SMAD4	31	0.00244229102655	0.0017088244415040784	1.1960816979552944	True	frequency_inflow
primary::BRAF+PIK3CA+TP53	26	0.0020483731190419	0.001685314542777034	1.0171593085687358	True	frequency_inflow
primary::FBXW7+KRAS+TP53	29	0.0022847238635468	0.0016662006556068757	1.1475385796210642	True	frequency_inflow
primary::APC+BRAF+KRAS+SMAD4+TP53	2	0.0001575671630032	0.0016059993202754128	0.08210719899104812	False	frequency_inflow
primary::APC+CTNNB1+KRAS+PIK3CA+TP53	10	0.0007878358150161	0.0015879862664011266	0.4151928406385782	True	frequency_inflow
metastatic::SMAD4+TP53	27	0.0021271567005436	0.001577502150502533	1.1284709991040744	True	frequency_inflow
primary::APC+KRAS+TGFBR2+TP53	2	0.0001575671630032	0.0015676761320619847	0.08411437992226853	False	frequency_inflow
primary::APC+KRAS+SMAD4+TCF7L2+TP53	8	0.0006302686520129	0.0015557741600768374	0.3390314845188045	True	frequency_inflow
primary::APC+TGFBR2+TP53	6	0.0004727014890096	0.0015400320104651374	0.2568727887532622	True	frequency_inflow
primary::APC+FBXW7+KRAS+SOX9+TP53	14	0.0011029701410226	0.0015224115358927642	0.6063069798093137	True	frequency_inflow
primary::SOX9+TP53	9	0.0007090522335145	0.0015084301090379157	0.39338148475217516	True	frequency_inflow
metastatic::APC+KRAS+PIK3CA+SOX9+TP53	4	0.0003151343260064	0.0014857078258943106	0.17751014494834325	False	frequency_inflow
primary::APC+BRAF+KRAS	7	0.0005514850705113	0.001469459949187667	0.3140775428559395	True	frequency_inflow
metastatic::KRAS	65	0.0051209327976049	0.0014608328906526517	2.933657548827859	True	frequency_inflow
primary::APC+PIK3CA+SOX9+TP53	4	0.0003151343260064	0.0014353109808901074	0.18374290661080522	False	frequency_inflow
primary::ARID1A+TP53	9	0.0007090522335145	0.0014351713490607697	0.4134617628107447	True	frequency_inflow
primary::APC+PIK3CA+TCF7L2+TP53	16	0.0012605373040258	0.0014294778948550245	0.7379707303419146	True	frequency_inflow
primary::APC+FBXW7+KRAS	25	0.0019695895375403	0.0014228224212338965	1.1584729741294415	True	frequency_inflow
metastatic::APC+KRAS+SMAD4+SOX9+TP53	5	0.000393917907508	0.0014080451645995253	0.23412620041080628	True	frequency_inflow
primary::KRAS+PIK3CA+SMAD4+TP53	7	0.0005514850705113	0.0014063884427801647	0.32816280062686254	True	frequency_inflow
metastatic::APC+KRAS+PIK3CA+TCF7L2+TP53	3	0.0002363507445048	0.0013718544429479305	0.14418159277011486	False	frequency_inflow
primary::APC+PIK3CA	23	0.0018120223745371	0.0013381149761094863	1.1332637652465591	True	frequency_inflow
primary::APC+KRAS+PIK3CA+RNF43+TP53	3	0.0002363507445048	0.0013287065779464607	0.14886368586660165	False	frequency_inflow
primary::APC+FBXW7+KRAS+PIK3CA	35	0.0027574253525565	0.0013061363183641157	1.766754218674678	True	frequency_inflow
primary::APC+BRAF+FBXW7+TP53	8	0.0006302686520129	0.0012990160407484199	0.4060430406201483	True	frequency_inflow
primary::APC+NRAS+PIK3CA+TP53	8	0.0006302686520129	0.0012917696407520943	0.408320807640642	True	frequency_inflow
primary::RNF43+TP53	20	0.0015756716300323	0.0012880621627898235	1.0237402320979152	True	frequency_inflow
primary::APC+BRAF+RNF43+TP53	2	0.0001575671630032	0.0012644423391942308	0.10428637325699876	False	frequency_inflow
primary::APC+ARID1A+KRAS+SMAD4+TP53	7	0.0005514850705113	0.0012630370288781736	0.3654084239514894	True	frequency_inflow
primary::BRAF+KRAS	1	7.878358150161507e-05	0.0012462739087130946	0.05290334043895306	False	frequency_inflow
primary::APC+KRAS+SOX9	26	0.0020483731190419	0.0012383713879602237	1.3842643582943301	True	frequency_inflow
metastatic::FBXW7+KRAS+TP53	8	0.0006302686520129	0.0012356580603235857	0.42686277046652243	True	frequency_inflow
primary::APC+FBXW7+KRAS+PIK3CA+SMAD4+TP53	7	0.0005514850705113	0.0012243767369123455	0.37694637294978955	True	frequency_inflow
metastatic::FBXW7+TP53	11	0.0008666193965177	0.0012167234133716254	0.5960702108766487	True	frequency_inflow
primary::APC+ARID1A+PIK3CA+TP53	7	0.0005514850705113	0.0012129873319247837	0.3804857296962164	True	frequency_inflow
primary::APC+FBXW7+KRAS+TCF7L2+TP53	7	0.0005514850705113	0.0012086705980618696	0.38184462403435127	True	frequency_inflow
primary::APC+FBXW7+KRAS+PIK3CA+SOX9+TP53	4	0.0003151343260064	0.0012067128530403794	0.21855092603005633	False	frequency_inflow
primary::PTEN+TP53	14	0.0011029701410226	0.001186934584457097	0.7776744837246735	True	frequency_inflow
primary::TCF7L2+TP53	2	0.0001575671630032	0.001181219430116958	0.11163387798891711	False	frequency_inflow
primary::APC+BRAF+FBXW7+KRAS+TP53	1	7.878358150161507e-05	0.0011625272293330955	0.05671441597703098	False	frequency_inflow
primary::APC+FBXW7+SMAD4+TP53	5	0.000393917907508	0.0011621231495681096	0.2836706802265021	True	frequency_inflow
metastatic::APC+PIK3CA+SMAD4+TP53	2	0.0001575671630032	0.001129716970524263	0.1167231343559722	False	frequency_inflow
primary::BRAF+KRAS+SMAD4+TP53	1	7.878358150161507e-05	0.0011209593754092713	0.058817522127282314	False	frequency_inflow
primary::BRAF+SMAD4+TP53	43	0.0033876940045694	0.001109470542274565	2.555343441060641	True	frequency_inflow
primary::APC+BRAF+KRAS+PIK3CA	1	7.878358150161507e-05	0.0011061893764437991	0.05960286210494426	False	frequency_inflow
primary::CTNNB1+KRAS+TP53	13	0.0010241865595209	0.0010920620982217794	0.7848607589671815	True	frequency_inflow
metastatic::APC+BRAF+KRAS+SMAD4+TP53	4	0.0003151343260064	0.0010749120773276516	0.24534863550254785	False	frequency_inflow
metastatic::APC+BRAF+SMAD4+TP53	8	0.0006302686520129	0.0010662876788736975	0.4946661518853482	True	frequency_inflow
primary::APC+KRAS+PTEN+SMAD4+TP53	3	0.0002363507445048	0.0010589897263534505	0.186778165706565	False	frequency_inflow
primary::APC+ARID1A+FBXW7+KRAS+TP53	4	0.0003151343260064	0.0010545692121635818	0.2500814630381101	False	frequency_inflow
primary::KRAS+PIK3CA	60	0.0047270148900969	0.0010375864935629792	3.8126201490415546	True	frequency_inflow
metastatic::APC+KRAS+SMAD4	25	0.0019695895375403	0.0010169562428118696	1.6208183323256955	True	frequency_inflow
primary::KRAS+SOX9+TP53	5	0.000393917907508	0.0010138153879216548	0.32516794303079644	True	frequency_inflow
metastatic::SOX9+TP53	7	0.0005514850705113	0.0010106197649538062	0.4566745931834953	True	frequency_inflow
primary::APC+KRAS+PIK3CA+SMAD4+SOX9+TP53	4	0.0003151343260064	0.0010099712308565515	0.2611244789795706	False	frequency_inflow
primary::KRAS+RNF43+TP53	16	0.0012605373040258	0.0010080686720708731	1.0464692287264334	True	frequency_inflow
primary::APC+ARID1A+KRAS	7	0.0005514850705113	0.001006867545789177	0.45837644877116096	True	frequency_inflow
primary::APC+KRAS+PIK3CA+SOX9	26	0.0020483731190419	0.001000367113361193	1.7136042873258033	True	frequency_inflow
metastatic::ARID1A+TP53	5	0.000393917907508	0.000999866493030935	0.3297042821183105	True	frequency_inflow
metastatic::APC+ARID1A+KRAS+SMAD4+TP53	2	0.0001575671630032	0.0009887419618898534	0.13336554005055243	False	frequency_inflow
metastatic::APC+KRAS+TGFBR2+TP53	6	0.0004727014890096	0.0009832988961574567	0.402311360968606	True	frequency_inflow
primary::ARID1A+KRAS+TP53	7	0.0005514850705113	0.0009822563779903627	0.4698614133252495	True	frequency_inflow
unknown::NRAS	1	7.878358150161507e-05	0.0009775225064317585	0.06744811748525356	False	frequency_inflow
metastatic::APC+KRAS+PIK3CA+SMAD4	16	0.0012605373040258	0.0009751941084422755	1.0817465329185307	True	frequency_inflow
primary::APC+FBXW7+SOX9+TP53	8	0.0006302686520129	0.0009709168925397201	0.5432559953539419	True	frequency_inflow
primary::PIK3CA	23	0.0018120223745371	0.000970347858352901	1.5627768976614025	True	frequency_inflow
metastatic::APC+KRAS+SMAD4+TCF7L2+TP53	7	0.0005514850705113	0.0009646963950629627	0.47841411283766366	True	frequency_inflow
primary::BRAF+FBXW7+TP53	11	0.0008666193965177	0.00095458954693815	0.7597533240852554	True	frequency_inflow
primary::KRAS+PTEN+TP53	10	0.0007878358150161	0.0009467245695177005	0.6964227503853503	True	frequency_inflow
metastatic::APC+ARID1A+KRAS+PIK3CA+TP53	4	0.0003151343260064	0.0009462513214526971	0.2787084207389109	False	frequency_inflow
primary::APC+KRAS+SOX9+TCF7L2+TP53	5	0.000393917907508	0.0009418469164354007	0.35001469827630677	True	frequency_inflow
primary::APC+KRAS+RNF43+SMAD4+TP53	1	7.878358150161507e-05	0.0009374323794722395	0.07033259603484474	False	frequency_inflow
primary::APC+KRAS+TCF7L2	23	0.0018120223745371	0.0009306024930627722	1.6295219784674475	True	frequency_inflow
primary::APC+KRAS+NRAS+PIK3CA+TP53	1	7.878358150161507e-05	0.0009284864568929137	0.07101024723113529	False	frequency_inflow
primary::CTNNB1+TP53	28	0.0022059402820452	0.0009259342358976769	1.9937673847182984	True	frequency_inflow
primary::APC+ARID1A+KRAS+SOX9+TP53	6	0.0004727014890096	0.0009251035980042001	0.42761947740790235	True	frequency_inflow
primary::APC+CTNNB1+KRAS+SMAD4+TP53	2	0.0001575671630032	0.000922055037022611	0.1430111006542919	False	frequency_inflow
metastatic::KRAS+PIK3CA+SMAD4+TP53	8	0.0006302686520129	0.0009182017057444052	0.5744450478926229	True	frequency_inflow
primary::BRAF+KRAS+PIK3CA+TP53	3	0.0002363507445048	0.0009111861063097196	0.2170754768871167	False	frequency_inflow
metastatic::KRAS+SOX9+TP53	1	7.878358150161507e-05	0.0008811401636385437	0.07482583994202917	False	frequency_inflow
primary::APC+PIK3CA+PTEN+TP53	3	0.0002363507445048	0.0008782077971916545	0.22522705808859952	False	frequency_inflow
primary::APC+ARID1A+FBXW7+TP53	7	0.0005514850705113	0.0008759001694400058	0.5269143517215076	True	frequency_inflow
primary::APC+KRAS+RNF43	2	0.0001575671630032	0.0008757824220651499	0.15056719840292926	False	frequency_inflow
primary::APC+FBXW7+TCF7L2+TP53	6	0.0004727014890096	0.0008700506961167684	0.4546773180750107	True	frequency_inflow
primary::FBXW7+KRAS+PIK3CA+TP53	10	0.0007878358150161	0.0008614370264376279	0.7653728691213758	True	frequency_inflow
primary::APC+SMAD4+SOX9+TP53	5	0.000393917907508	0.0008562749498561379	0.3849934700285392	True	frequency_inflow
metastatic::APC+FBXW7+KRAS+SOX9+TP53	4	0.0003151343260064	0.0008543196233692515	0.30869969994849294	False	frequency_inflow
metastatic::APC+KRAS+PIK3CA+PTEN+TP53	6	0.0004727014890096	0.0008492835101854964	0.4657953584924155	True	frequency_inflow
metastatic::KRAS+RNF43+TP53	9	0.0007090522335145	0.0008478368897216974	0.6998851817199142	True	frequency_inflow
primary::APC+KRAS+PIK3CA+PTEN	8	0.0006302686520129	0.0008473254350204654	0.6224956799162327	True	frequency_inflow
primary::APC+KRAS+PTEN	14	0.0011029701410226	0.0008440156493694075	1.0936393662324968	True	frequency_inflow
metastatic::ARID1A+KRAS+TP53	5	0.000393917907508	0.0008407631247598048	0.3920964829787279	True	frequency_inflow
metastatic::APC+NRAS+PIK3CA+TP53	7	0.0005514850705113	0.0008304190281164051	0.5557728740527921	True	frequency_inflow
metastatic::APC+PIK3CA+SOX9+TP53	4	0.0003151343260064	0.0008302519992793466	0.3176483906261751	False	frequency_inflow
primary::APC+SMAD4	11	0.0008666193965177	0.000828159385953803	0.8757403388866102	True	frequency_inflow
primary::APC+BRAF+PTEN+TP53	5	0.000393917907508	0.0008232088317161798	0.40045763787653543	True	frequency_inflow
primary::APC+KRAS+PIK3CA+SMAD4+TCF7L2+TP53	2	0.0001575671630032	0.0008226972394830247	0.160282664585125	False	frequency_inflow
primary::APC+SMAD4+TCF7L2+TP53	8	0.0006302686520129	0.0008086084885791207	0.6523013673532144	True	frequency_inflow
primary::APC+ARID1A+BRAF+TP53	2	0.0001575671630032	0.000808095749216449	0.16317881366920775	False	frequency_inflow
metastatic::APC+FBXW7+PIK3CA+TP53	10	0.0007878358150161	0.0008077463840749699	0.8162469575102247	True	frequency_inflow
metastatic::CTNNB1+KRAS+TP53	15	0.0011817537225242	0.0008047172474540668	1.2289792418218342	True	frequency_inflow
metastatic::APC+CTNNB1+KRAS+PIK3CA+TP53	1	7.878358150161507e-05	0.0007983181557034442	0.0825886927061701	False	frequency_inflow
metastatic::KRAS+PTEN+TP53	13	0.0010241865595209	0.000790410649594179	1.0843941530774859	True	frequency_inflow
primary::APC+BRAF+SOX9+TP53	2	0.0001575671630032	0.0007863915036619633	0.16768251573131046	False	frequency_inflow
metastatic::TCF7L2+TP53	2	0.0001575671630032	0.0007841319666616564	0.16816570588835675	False	frequency_inflow
primary::APC+KRAS+PIK3CA+TCF7L2	16	0.0012605373040258	0.0007804134399531146	1.351735876721186	True	frequency_inflow
metastatic::RNF43+TP53	13	0.0010241865595209	0.0007803025553440622	1.0984414712804902	True	frequency_inflow
primary::APC+ARID1A+KRAS+TCF7L2+TP53	5	0.000393917907508	0.0007802865373737871	0.42248616170628017	True	frequency_inflow
metastatic::APC+KRAS+PTEN+SMAD4+TP53	2	0.0001575671630032	0.0007772251517659699	0.16966011120738156	False	frequency_inflow
primary::APC+FBXW7+KRAS+RNF43+TP53	1	7.878358150161507e-05	0.0007766515153032544	0.08489271126330075	False	frequency_inflow
primary::BRAF+KRAS+RNF43+TP53	1	7.878358150161507e-05	0.0007753042954624427	0.08504022643311997	False	frequency_inflow
primary::APC+CTNNB1+KRAS	8	0.0006302686520129	0.0007693370838125615	0.6855985936702707	True	frequency_inflow
primary::APC+ARID1A+KRAS+PIK3CA	13	0.0010241865595209	0.0007557615252505938	1.13410997816565	True	frequency_inflow
primary::KRAS+TCF7L2+TP53	5	0.000393917907508	0.000751539826007274	0.43864643333856296	True	frequency_inflow
metastatic::APC+FBXW7+KRAS	12	0.0009454029780193	0.0007512154312742994	1.0532060459853296	True	frequency_inflow
primary::APC+FBXW7	8	0.0006302686520129	0.0007508957843797314	0.7024362550378956	True	frequency_inflow
primary::APC+FBXW7+KRAS+PTEN+TP53	3	0.0002363507445048	0.0007476877581447531	0.26454379700347525	False	frequency_inflow
metastatic::PIK3CA	15	0.0011817537225242	0.0007455111594662499	1.3265808029855828	True	frequency_inflow
primary::APC+BRAF+TCF7L2+TP53	2	0.0001575671630032	0.0007417845870301084	0.1777660360963125	False	frequency_inflow
metastatic::BRAF+PIK3CA+TP53	1	7.878358150161507e-05	0.0007313517836086034	0.09015094283392179	False	frequency_inflow
metastatic::APC+FBXW7+KRAS+TCF7L2+TP53	2	0.0001575671630032	0.000730257926435202	0.1805719608064772	False	frequency_inflow
metastatic::APC+BRAF	3	0.0002363507445048	0.0007152622174971578	0.2765365675161253	False	frequency_inflow
metastatic::APC+BRAF+PIK3CA+TP53	12	0.0009454029780193	0.0007134231213731227	1.108997746634546	True	frequency_inflow
primary::APC+CTNNB1+KRAS+PIK3CA	3	0.0002363507445048	0.0007127273432849694	0.2775200928703082	False	frequency_inflow
primary::APC+BRAF+KRAS+SOX9+TP53	4	0.0003151343260064	0.0007121205128254173	0.37034210724556155	False	frequency_inflow
primary::NRAS+TP53	22	0.0017332387930355	0.0007096797586128134	2.043886900702298	True	frequency_inflow
metastatic::PTEN+TP53	7	0.0005514850705113	0.0007094225455197622	0.650563437466527	True	frequency_inflow
metastatic::KRAS+TCF7L2+TP53	1	7.878358150161507e-05	0.0007008121396806398	0.09407949591412992	False	frequency_inflow
metastatic::APC+PIK3CA+TCF7L2+TP53	8	0.0006302686520129	0.0006995635442165025	0.7539792875322562	True	frequency_inflow
metastatic::APC+KRAS+RNF43+SMAD4+TP53	2	0.0001575671630032	0.000696270137308163	0.18938641569759046	False	frequency_inflow
primary::APC+ARID1A+SMAD4+TP53	5	0.000393917907508	0.0006955409842608224	0.47396238555949566	True	frequency_inflow
primary::KRAS+NRAS+TP53	1	7.878358150161507e-05	0.0006904507877780109	0.0954913137870785	False	frequency_inflow
primary::APC+CTNNB1+FBXW7+KRAS+TP53	1	7.878358150161507e-05	0.0006886937490038667	0.09573493722771073	False	frequency_inflow
primary::PIK3CA+SMAD4+TP53	9	0.0007090522335145	0.0006837181705947662	0.8678846065295137	True	frequency_inflow
primary::APC+KRAS+NRAS+SMAD4+TP53	2	0.0001575671630032	0.0006718168012189482	0.19627985697278444	False	frequency_inflow
primary::BRAF+PTEN+TP53	17	0.0013393208855274	0.0006711661968085889	1.6699960507503626	True	frequency_inflow
primary::APC+NRAS+SMAD4+TP53	9	0.0007090522335145	0.0006680246850691141	0.8882732759822143	True	frequency_inflow
metastatic::APC+FBXW7+KRAS+PIK3CA	5	0.000393917907508	0.0006636368174781328	0.496748003500779	True	frequency_inflow
primary::APC+KRAS+PIK3CA+PTEN+SMAD4+TP53	2	0.0001575671630032	0.0006590361592217142	0.20008629846211565	False	frequency_inflow
primary::APC+BRAF+NRAS+TP53	4	0.0003151343260064	0.0006586600868659848	0.40040108177399836	False	frequency_inflow
metastatic::APC+SMAD4+SOX9+TP53	10	0.0007878358150161	0.0006556758565383461	1.0055586486479218	True	frequency_inflow
primary::APC+PIK3CA+RNF43+TP53	4	0.0003151343260064	0.0006517099916815292	0.40467111854117765	False	frequency_inflow
primary::BRAF+PIK3CA+SMAD4+TP53	2	0.0001575671630032	0.0006486991815409246	0.2032746601204937	False	frequency_inflow
primary::APC+FBXW7+KRAS+PIK3CA+TCF7L2+TP53	1	7.878358150161507e-05	0.0006477640661061775	0.10178405421634745	False	frequency_inflow
primary::APC+SOX9+TCF7L2+TP53	4	0.0003151343260064	0.0006465673042679365	0.4078898044397846	False	frequency_inflow
primary::APC+FBXW7+NRAS+TP53	8	0.0006302686520129	0.0006465284192312301	0.815828673420472	True	frequency_inflow
primary::KRAS+SMAD4	21	0.0016544552115339	0.0006458981947879567	2.1436398498549227	True	frequency_inflow
primary::APC+BRAF+PIK3CA	8	0.0006302686520129	0.0006395966087266241	0.8246704491309341	True	frequency_inflow
metastatic::KRAS+PIK3CA	29	0.0022847238635468	0.0006389818393311612	2.9923065323036457	True	frequency_inflow
metastatic::APC+PIK3CA	4	0.0003151343260064	0.0006350246239613595	0.41530391316548504	False	frequency_inflow
metastatic::APC+ARID1A+PIK3CA+TP53	3	0.0002363507445048	0.0006321480026823583	0.31289533087976257	False	frequency_inflow
primary::ARID1A+BRAF+TP53	6	0.0004727014890096	0.000631808960079104	0.6261264748108196	True	frequency_inflow
primary::SMAD4	13	0.0010241865595209	0.0006312536686322771	1.357800721433895	True	frequency_inflow
primary::BRAF+RNF43+TP53	39	0.0030725596785629	0.0006296332769946696	4.083885261422656	True	frequency_inflow
primary::APC+CTNNB1+PIK3CA+TP53	2	0.0001575671630032	0.0006185475232016299	0.21318346722290718	False	frequency_inflow
primary::BRAF+SOX9+TP53	1	7.878358150161507e-05	0.0006175881579073406	0.10675731387464792	False	frequency_inflow
metastatic::BRAF+KRAS	2	0.0001575671630032	0.0006149610899314026	0.21442674633565992	False	frequency_inflow
metastatic::KRAS+NRAS+TP53	2	0.0001575671630032	0.0006134881198992581	0.21494157972962966	False	frequency_inflow
metastatic::APC+NRAS+SMAD4+TP53	12	0.0009454029780193	0.0006073426637962063	1.3026989226489742	True	frequency_inflow
metastatic::BRAF+SMAD4+TP53	18	0.001418104467029	0.0006068846899058574	1.9555229691027127	True	frequency_inflow
metastatic::APC+FBXW7+SMAD4+TP53	2	0.0001575671630032	0.0006059444406868713	0.21761748566313419	False	frequency_inflow
primary::APC+ARID1A+SOX9+TP53	8	0.0006302686520129	0.0006032353186903938	0.8743792118747145	True	frequency_inflow
metastatic::NRAS+TP53	18	0.001418104467029	0.0005972109846672283	1.9871987976532097	True	frequency_inflow
metastatic::APC+KRAS+SOX9	12	0.0009454029780193	0.0005966106055691865	1.3261323657292785	True	frequency_inflow
metastatic::CTNNB1+TP53	15	0.0011817537225242	0.0005954678522607469	1.660846657750592	True	frequency_inflow
primary::CTNNB1+KRAS+PIK3CA+TP53	12	0.0009454029780193	0.0005919829861250367	1.336498940537397	True	frequency_inflow
primary::BRAF	65	0.0051209327976049	0.0005912318222060232	7.248566927493444	True	frequency_inflow
primary::APC+ARID1A+KRAS+PIK3CA+SOX9+TP53	2	0.0001575671630032	0.0005904326763353307	0.2233347016743072	False	frequency_inflow
primary::APC+FBXW7+KRAS+PIK3CA+SMAD4	3	0.0002363507445048	0.0005859607957129682	0.33755868973955083	False	frequency_inflow
primary::FBXW7+KRAS	8	0.0006302686520129	0.0005830653902702854	0.9046265329807075	True	frequency_inflow
primary::APC+ARID1A+TCF7L2+TP53	5	0.000393917907508	0.0005826224883322893	0.565821386343027	True	frequency_inflow
primary::APC+KRAS+PIK3CA+RNF43	2	0.0001575671630032	0.0005797904973484556	0.22743405803831904	False	frequency_inflow
primary::APC+KRAS+PIK3CA+TGFBR2+TP53	3	0.0002363507445048	0.0005789820926684714	0.3416274198117638	False	frequency_inflow
metastatic::APC+BRAF+FBXW7+KRAS+TP53	1	7.878358150161507e-05	0.0005780876464156776	0.11405200097335419	False	frequency_inflow
primary::APC+BRAF+KRAS+TCF7L2+TP53	1	7.878358150161507e-05	0.0005774280315822823	0.1141822862857662	False	frequency_inflow
metastatic::BRAF+KRAS+SMAD4+TP53	1	7.878358150161507e-05	0.0005681781475283909	0.11604116261159307	False	frequency_inflow
primary::APC+FBXW7+KRAS+SMAD4+SOX9+TP53	4	0.0003151343260064	0.0005661844629662075	0.46579909638537453	False	frequency_inflow
primary::BRAF+KRAS+PIK3CA	2	0.0001575671630032	0.0005623948960098144	0.23446888752468067	False	frequency_inflow
metastatic::APC+ARID1A+KRAS	3	0.0002363507445048	0.0005599117804896121	0.35326307699928705	False	frequency_inflow
primary::APC+KRAS+PIK3CA+SMAD4+SOX9	7	0.0005514850705113	0.0005561117626178302	0.8299129791423031	True	frequency_inflow
metastatic::APC+BRAF+KRAS+PIK3CA	1	7.878358150161507e-05	0.0005535416053883064	0.11910948005502936	False	frequency_inflow
metastatic::APC+SMAD4+TCF7L2+TP53	4	0.0003151343260064	0.0005533685620762888	0.47658690663014575	False	frequency_inflow
primary::APC+KRAS+NRAS	4	0.0003151343260064	0.0005522195642722854	0.47757853630712893	False	frequency_inflow
metastatic::APC+ARID1A+SMAD4+TP53	4	0.0003151343260064	0.0005520901720505091	0.47769046539208987	False	frequency_inflow
primary::APC+BRAF+FBXW7+PIK3CA+TP53	4	0.0003151343260064	0.0005513698382070597	0.47831454125632267	False	frequency_inflow
primary::FBXW7	13	0.0010241865595209	0.0005512099757797694	1.554973103066587	True	frequency_inflow
metastatic::APC+ARID1A+FBXW7+KRAS+TP53	2	0.0001575671630032	0.0005508565515126506	0.23938011674721843	False	frequency_inflow
primary::APC+KRAS+PIK3CA+SOX9+TCF7L2+TP53	1	7.878358150161507e-05	0.0005465567378683331	0.12063167140204284	False	frequency_inflow
primary::FBXW7+KRAS+SMAD4+TP53	4	0.0003151343260064	0.0005386227073760344	0.4896344093958581	False	frequency_inflow
primary::APC+BRAF+PIK3CA+SMAD4+TP53	1	7.878358150161507e-05	0.0005376831426863624	0.1226225030483677	False	frequency_inflow
metastatic::APC+KRAS+PIK3CA+SOX9	7	0.0005514850705113	0.0005353793858759373	0.8620510647099344	True	frequency_inflow
metastatic::APC+KRAS+PTEN	6	0.0004727014890096	0.0005339131876127676	0.7409300350534286	True	frequency_inflow
primary::APC+NRAS+SOX9+TP53	7	0.0005514850705113	0.0005228647459715615	0.8826840462152173	True	frequency_inflow
metastatic::APC+KRAS+TCF7L2	14	0.0011029701410226	0.0005189498939153804	1.778685668894526	True	frequency_inflow
primary::BRAF+PIK3CA+RNF43+TP53	6	0.0004727014890096	0.0005122383175373725	0.7722817743973279	True	frequency_inflow
primary::APC+ARID1A+FBXW7+KRAS+PIK3CA+TP53	2	0.0001575671630032	0.0005057276580171448	0.2607413367655618	False	frequency_inflow
primary::KRAS+PIK3CA+SMAD4	14	0.0011029701410226	0.000504430023720761	1.8298846137703293	True	frequency_inflow
metastatic::APC+CTNNB1+KRAS+SMAD4+TP53	3	0.0002363507445048	0.0005002549695146194	0.3953906916181105	False	frequency_inflow
primary::APC+SOX9	17	0.0013393208855274	0.0004995664242912899	2.24363536657599	True	frequency_inflow
primary::BRAF+RNF43+SMAD4+TP53	8	0.0006302686520129	0.0004977451355280886	1.0596917673270176	True	frequency_inflow
primary::APC+FBXW7+RNF43+TP53	3	0.0002363507445048	0.0004959252582024512	0.3988426786231243	False	frequency_inflow
primary::APC+CTNNB1+FBXW7+TP53	3	0.0002363507445048	0.0004946961866548996	0.3998336023465691	False	frequency_inflow
primary::FBXW7+PIK3CA+TP53	5	0.000393917907508	0.0004943598785096177	0.666842675331237	True	frequency_inflow
primary::KRAS+RNF43+SMAD4+TP53	5	0.000393917907508	0.000492825152482809	0.6689193161081637	True	frequency_inflow
primary::BRAF+PIK3CA	21	0.0016544552115339	0.0004926809355279389	2.8102835096440653	True	frequency_inflow
primary::APC+FBXW7+PTEN+TP53	1	7.878358150161507e-05	0.000491312679712748	0.13419570777226666	False	frequency_inflow
metastatic::SMAD4	13	0.0010241865595209	0.00048498757468089373	1.7672961762601	True	frequency_inflow
metastatic::APC+KRAS+SOX9+TCF7L2+TP53	2	0.0001575671630032	0.0004796074854507869	0.2749417170846838	False	frequency_inflow
primary::APC+KRAS+NRAS+PIK3CA	1	7.878358150161507e-05	0.00047508812949701145	0.13877857326547466	False	frequency_inflow
primary::KRAS+PIK3CA+PTEN+TP53	7	0.0005514850705113	0.00047164433592247366	0.9785432249470994	True	frequency_inflow
primary::APC+KRAS+PTEN+SOX9+TP53	2	0.0001575671630032	0.0004700177278102284	0.2805513447019128	False	frequency_inflow
metastatic::APC+ARID1A+KRAS+SOX9+TP53	1	7.878358150161507e-05	0.0004699407325390294	0.14029865517129325	False	frequency_inflow
metastatic::APC+KRAS+PIK3CA+TCF7L2	6	0.0004727014890096	0.00046805295796765567	0.8451870882877652	True	frequency_inflow
metastatic::APC+KRAS+RNF43	3	0.0002363507445048	0.0004657946229942604	0.424642425198128	False	frequency_inflow
metastatic::APC+SMAD4	4	0.0003151343260064	0.00046570466029384916	0.566299274244306	False	frequency_inflow
metastatic::APC+RNF43+SMAD4+TP53	1	7.878358150161507e-05	0.0004608152834192715	0.14307696631379266	False	frequency_inflow
primary::APC+ARID1A+KRAS+PIK3CA+SMAD4+TP53	2	0.0001575671630032	0.0004606437869804995	0.28626046696418445	False	frequency_inflow
metastatic::APC+BRAF+FBXW7+TP53	5	0.000393917907508	0.00045834016482366774	0.7192480371782386	True	frequency_inflow
metastatic::APC+FBXW7+SOX9+TP53	4	0.0003151343260064	0.0004566888838900732	0.5774789368179555	False	frequency_inflow
primary::APC+CTNNB1+KRAS+TCF7L2+TP53	1	7.878358150161507e-05	0.0004549636404461413	0.14491719100050754	False	frequency_inflow
metastatic::BRAF	28	0.0022059402820452	0.00045423908291438174	4.064153762401873	True	frequency_inflow
metastatic::KRAS+SMAD4	11	0.0008666193965177	0.0004518267063798446	1.6051565131880101	True	frequency_inflow
primary::APC+CTNNB1+KRAS+SOX9+TP53	1	7.878358150161507e-05	0.0004508694751524065	0.14623312602215283	False	frequency_inflow
primary::APC+RNF43	6	0.0004727014890096	0.0004468417241708403	0.885307470789796	True	frequency_inflow
metastatic::APC+FBXW7+KRAS+PIK3CA+SMAD4+TP53	5	0.000393917907508	0.00044336729784676484	0.7435376165226779	True	frequency_inflow
unknown::APC+TP53	11	0.0008666193965177	0.0004431109044097381	1.6367292552017434	True	frequency_inflow
primary::APC+ARID1A	4	0.0003151343260064	0.00044234956169368996	0.5961986490885688	False	frequency_inflow
primary::APC+BRAF+PIK3CA+PTEN+TP53	1	7.878358150161507e-05	0.0004411029727275004	0.14947088741792897	False	frequency_inflow
primary::APC+PTEN	3	0.0002363507445048	0.0004407922039347922	0.4487288036466831	False	frequency_inflow
metastatic::APC+BRAF+NRAS+TP53	2	0.0001575671630032	0.0004393631430013192	0.3001255513845573	False	frequency_inflow
metastatic::FBXW7+KRAS+PIK3CA+TP53	7	0.0005514850705113	0.00043788988427952407	1.0539735810192161	True	frequency_inflow
primary::SOX9	5	0.000393917907508	0.0004355104561111445	0.7569514330731453	True	frequency_inflow
metastatic::APC+CTNNB1+KRAS	4	0.0003151343260064	0.00043052522615617713	0.6125731898336056	False	frequency_inflow
primary::ARID1A	2	0.0001575671630032	0.0004304167665659849	0.3063637752709836	False	frequency_inflow
primary::APC+KRAS+PTEN+TCF7L2+TP53	3	0.0002363507445048	0.0004291941913672836	0.4608546953680782	False	frequency_inflow
primary::APC+FBXW7+KRAS+SMAD4	3	0.0002363507445048	0.0004288737315572754	0.4611990517529714	False	frequency_inflow
primary::APC+ARID1A+KRAS+PIK3CA+TCF7L2+TP53	3	0.0002363507445048	0.0004284964292718869	0.46160514954971377	False	frequency_inflow
primary::BRAF+TCF7L2+TP53	1	7.878358150161507e-05	0.0004256259809839862	0.15490608119928526	False	frequency_inflow
unknown::APC+KRAS+TP53	8	0.0006302686520129	0.0004246675119298585	1.242045617680665	True	frequency_inflow
metastatic::FBXW7	3	0.0002363507445048	0.00042349059114786975	0.4670615178816265	False	frequency_inflow
metastatic::APC+BRAF+TCF7L2+TP53	2	0.0001575671630032	0.000422719544190581	0.3119422968531022	False	frequency_inflow
metastatic::APC+KRAS+PIK3CA+PTEN	5	0.000393917907508	0.00042253534279789687	0.780195714908766	True	frequency_inflow
metastatic::APC+BRAF+SOX9+TP53	2	0.0001575671630032	0.00042163145435151355	0.3127473156420781	False	frequency_inflow
primary::APC+ARID1A+NRAS+TP53	5	0.000393917907508	0.00041566985301481093	0.7930819650367887	True	frequency_inflow
metastatic::APC+SOX9+TCF7L2+TP53	2	0.0001575671630032	0.00041507083596265405	0.3176906062983968	False	frequency_inflow
primary::APC+FBXW7+KRAS+PIK3CA+SOX9	11	0.0008666193965177	0.0004142283094515331	1.7508522809377347	True	frequency_inflow
primary::BRAF+CTNNB1+TP53	7	0.0005514850705113	0.0004141858578481927	1.1142929209693553	True	frequency_inflow
primary::BRAF+KRAS+PTEN+TP53	1	7.878358150161507e-05	0.00041335770839593517	0.15950362465015452	False	frequency_inflow
primary::APC+KRAS+SMAD4+SOX9	12	0.0009454029780193	0.00041297688653268354	1.9158085088869765	True	frequency_inflow
primary::APC+BRAF+KRAS+PIK3CA+SMAD4+TP53	1	7.878358150161507e-05	0.0004127348563405878	0.15974432920583184	False	frequency_inflow
primary::BRAF+FBXW7+KRAS+TP53	1	7.878358150161507e-05	0.0004092905543194361	0.16108862535144347	False	frequency_inflow
metastatic::APC+FBXW7+TCF7L2+TP53	5	0.000393917907508	0.0004029428691321997	0.8181315245023808	True	frequency_inflow
primary::APC+BRAF+KRAS+PIK3CA+SOX9+TP53	1	7.878358150161507e-05	0.0004029277747865804	0.16363243461443389	False	frequency_inflow
metastatic::APC+ARID1A+SOX9+TP53	2	0.0001575671630032	0.00040046390876025524	0.32927837599745585	False	frequency_inflow
primary::KRAS+PIK3CA+RNF43+TP53	1	7.878358150161507e-05	0.0003995805615833545	0.16500315355550643	False	frequency_inflow
primary::APC+FBXW7+KRAS+PIK3CA+PTEN+TP53	1	7.878358150161507e-05	0.00039950896767248833	0.1650327229068718	False	frequency_inflow
primary::APC+KRAS+NRAS+SOX9+TP53	1	7.878358150161507e-05	0.0003968374972369579	0.166143706727956	False	frequency_inflow
primary::KRAS+SOX9	4	0.0003151343260064	0.0003962799554620404	0.6655098432366957	False	frequency_inflow
metastatic::APC+NRAS+SOX9+TP53	5	0.000393917907508	0.00039606057481217746	0.832348092088204	True	frequency_inflow
primary::APC+NRAS+TCF7L2+TP53	8	0.0006302686520129	0.00039128468773484584	1.3480119171320524	True	frequency_inflow
metastatic::APC+KRAS+PIK3CA+PTEN+SMAD4+TP53	1	7.878358150161507e-05	0.00039122368000918677	0.16852776589510354	False	frequency_inflow
metastatic::APC+ARID1A+FBXW7+TP53	4	0.0003151343260064	0.0003900378831526887	0.676160502397903	False	frequency_inflow
metastatic::APC+KRAS+NRAS	2	0.0001575671630032	0.0003897298440637063	0.33834746689695705	False	frequency_inflow
primary::FBXW7+SMAD4+TP53	2	0.0001575671630032	0.00038875406495869223	0.33919672460856015	False	frequency_inflow
primary::APC+KRAS+TGFBR2	3	0.0002363507445048	0.0003864115288642973	0.5118795467791457	False	frequency_inflow
metastatic::CTNNB1+KRAS+PIK3CA+TP53	4	0.0003151343260064	0.00038337098928113115	0.6879190611410155	False	frequency_inflow
primary::APC+CTNNB1+SMAD4+TP53	2	0.0001575671630032	0.00038164948415269105	0.3455110277397391	False	frequency_inflow
primary::APC+BRAF+KRAS+SMAD4	3	0.0002363507445048	0.00038146424143157084	0.5185182168487381	False	frequency_inflow
primary::APC+KRAS+PIK3CA+PTEN+SOX9+TP53	2	0.0001575671630032	0.00037638417619277153	0.3503444454943496	False	frequency_inflow
primary::APC+KRAS+RNF43+TCF7L2+TP53	2	0.0001575671630032	0.00037395009775630984	0.35262487238271806	False	frequency_inflow
metastatic::PIK3CA+SMAD4+TP53	2	0.0001575671630032	0.00037204427629106986	0.3544312166594201	False	frequency_inflow
primary::APC+KRAS+PIK3CA+RNF43+SMAD4+TP53	1	7.878358150161507e-05	0.0003715050931758703	0.1774728098197348	False	frequency_inflow
metastatic::APC+ARID1A+TCF7L2+TP53	6	0.0004727014890096	0.00037117526719718035	1.0657830719049801	True	frequency_inflow
primary::APC+BRAF+PIK3CA+RNF43+TP53	1	7.878358150161507e-05	0.0003710703532275721	0.17768073405643642	False	frequency_inflow
metastatic::APC+CTNNB1+PIK3CA+TP53	3	0.0002363507445048	0.00037104161991476396	0.5330834807413986	False	frequency_inflow
primary::APC+ARID1A+RNF43+TP53	3	0.0002363507445048	0.000370263095440486	0.5342043554399041	False	frequency_inflow
metastatic::APC+ARID1A+KRAS+PIK3CA	2	0.0001575671630032	0.0003692668167533877	0.3570970894533857	False	frequency_inflow
metastatic::BRAF+FBXW7+TP53	3	0.0002363507445048	0.0003631560383573918	0.5446588720572432	False	frequency_inflow
primary::RNF43	6	0.0004727014890096	0.0003620157926738419	1.0927487818687673	True	frequency_inflow
metastatic::APC+PIK3CA+PTEN+TP53	1	7.878358150161507e-05	0.0003616876288926531	0.18229004112002714	False	frequency_inflow
metastatic::APC+FBXW7+NRAS+TP53	2	0.0001575671630032	0.0003592743692268914	0.3670289805759672	False	frequency_inflow
primary::FBXW7+KRAS+PIK3CA	7	0.0005514850705113	0.00035714232821819206	1.292270147564028	True	frequency_inflow
primary::ARID1A+KRAS	3	0.0002363507445048	0.00035634195664717953	0.5550740083574843	False	frequency_inflow
primary::KRAS+TGFBR2+TP53	2	0.0001575671630032	0.00035488439764261943	0.3715691824036485	False	frequency_inflow
primary::APC+ARID1A+KRAS+PIK3CA+SOX9	5	0.000393917907508	0.00035176302127691616	0.9371657728398327	True	frequency_inflow
primary::APC+FBXW7+KRAS+SMAD4+TCF7L2+TP53	1	7.878358150161507e-05	0.0003516921102726412	0.18747094635462153	False	frequency_inflow
metastatic::APC+BRAF+PTEN+TP53	2	0.0001575671630032	0.0003515604501220763	0.37508230926026404	False	frequency_inflow
primary::KRAS+RNF43	2	0.0001575671630032	0.0003511065950402466	0.3755671563525206	False	frequency_inflow
primary::BRAF+FBXW7+SMAD4+TP53	2	0.0001575671630032	0.0003510306164024359	0.3756484457886309	False	frequency_inflow
primary::APC+PTEN+SMAD4+TP53	3	0.0002363507445048	0.00034974762726893154	0.565539671437261	False	frequency_inflow
primary::APC+TCF7L2	8	0.0006302686520129	0.00034441527011850074	1.5314548094599423	True	frequency_inflow
primary::APC+NRAS+RNF43+TP53	1	7.878358150161507e-05	0.0003424679026194448	0.1925203857906682	False	frequency_inflow
unknown::KRAS+TP53	4	0.0003151343260064	0.0003422483288737313	0.7705755987186168	False	frequency_inflow
primary::KRAS+PTEN	7	0.0005514850705113	0.00034177019536306527	1.3503938476539146	True	frequency_inflow
primary::BRAF+NRAS+TP53	4	0.0003151343260064	0.0003379092002320077	0.780470643419449	False	frequency_inflow
metastatic::SOX9	5	0.000393917907508	0.0003345994967683169	0.985238372524051	True	frequency_inflow
metastatic::ARID1A	5	0.000393917907508	0.00033068605236166986	0.996897998199136	True	frequency_inflow
primary::APC+CTNNB1	4	0.0003151343260064	0.0003288800992054378	0.8018977479578637	False	frequency_inflow
primary::CTNNB1+PIK3CA+TP53	2	0.0001575671630032	0.0003250708699258172	0.4056472530925129	False	frequency_inflow
metastatic::APC+BRAF+KRAS+PIK3CA+SMAD4+TP53	2	0.0001575671630032	0.00032248284478248867	0.40890269847218336	False	frequency_inflow
metastatic::APC+ARID1A+NRAS+TP53	1	7.878358150161507e-05	0.00032216199325156266	0.20465496893545224	False	frequency_inflow
metastatic::APC+PIK3CA+RNF43+TP53	2	0.0001575671630032	0.0003200992588333421	0.4119475500196498	False	frequency_inflow
primary::PTEN	8	0.0006302686520129	0.00031944710147500824	1.6511541952306272	True	frequency_inflow
metastatic::KRAS+RNF43+SMAD4+TP53	4	0.0003151343260064	0.00031723242379785274	0.8313406546350057	False	frequency_inflow
primary::APC+PTEN+TCF7L2+TP53	2	0.0001575671630032	0.0003142700000080261	0.41958858761094703	False	frequency_inflow
primary::BRAF+SMAD4	9	0.0007090522335145	0.0003114628507244761	1.9051661315183777	True	frequency_inflow
metastatic::APC+BRAF+PIK3CA+SMAD4+TP53	1	7.878358150161507e-05	0.00031101533400122836	0.21198971724489563	False	frequency_inflow
metastatic::BRAF+KRAS+PIK3CA+TP53	1	7.878358150161507e-05	0.0003106986658831649	0.21220577991900422	False	frequency_inflow
primary::APC+KRAS+SMAD4+TCF7L2	3	0.0002363507445048	0.0003105011719338721	0.6370222595561589	False	frequency_inflow
primary::APC+ARID1A+KRAS+SMAD4+SOX9+TP53	5	0.000393917907508	0.00030981008673137294	1.064072080552974	True	frequency_inflow
primary::KRAS+PTEN+SMAD4+TP53	2	0.0001575671630032	0.0003085588860517203	0.4273547494010298	False	frequency_inflow
primary::APC+BRAF+FBXW7+KRAS+PIK3CA	1	7.878358150161507e-05	0.00030841470901369657	0.2137772641350631	False	frequency_inflow
metastatic::APC+CTNNB1+KRAS+PIK3CA	3	0.0002363507445048	0.0003076174842124628	0.6429938748135873	False	frequency_inflow
primary::ARID1A+KRAS+SMAD4+TP53	1	7.878358150161507e-05	0.0003058649211204325	0.21555937983557505	False	frequency_inflow
primary::APC+ARID1A+FBXW7+KRAS+PIK3CA	2	0.0001575671630032	0.0003038054117412884	0.4340413314615303	False	frequency_inflow
primary::BRAF+PIK3CA+PTEN+TP53	6	0.0004727014890096	0.00030272285197304214	1.3067804880577474	True	frequency_inflow
primary::BRAF+FBXW7+PIK3CA+TP53	5	0.000393917907508	0.0003021356778811602	1.0911000840727834	True	frequency_inflow
primary::CTNNB1+KRAS+SMAD4+TP53	4	0.0003151343260064	0.00030114202191039473	0.8757602447977507	False	frequency_inflow
primary::ARID1A+BRAF+RNF43+TP53	4	0.0003151343260064	0.0002995583264273193	0.8803901863381998	False	frequency_inflow
primary::APC+BRAF+SMAD4	4	0.0003151343260064	0.00029953499828223385	0.8804587521820844	False	frequency_inflow
primary::APC+KRAS+PIK3CA+SMAD4+TCF7L2	8	0.0006302686520129	0.00029853149042396445	1.7668367946375274	True	frequency_inflow
primary::PIK3CA+RNF43+TP53	1	7.878358150161507e-05	0.0002980918195819603	0.22118034905157313	False	frequency_inflow
primary::PIK3CA+PTEN+TP53	3	0.0002363507445048	0.0002965711204321736	0.6669434226164507	False	frequency_inflow
primary::APC+PIK3CA+SMAD4+TCF7L2+TP53	1	7.878358150161507e-05	0.0002956373925617278	0.22301662225949292	False	frequency_inflow
metastatic::KRAS+PIK3CA+PTEN+TP53	1	7.878358150161507e-05	0.00029525704444093476	0.2233039107577414	False	frequency_inflow
metastatic::FBXW7+KRAS+SMAD4+TP53	1	7.878358150161507e-05	0.00029409610662190405	0.2241853979601134	False	frequency_inflow
primary::APC+FBXW7+KRAS+SOX9	5	0.000393917907508	0.0002939026955550792	1.121664647832998	True	frequency_inflow
metastatic::FBXW7+KRAS	5	0.000393917907508	0.0002924967054138293	1.127056330549625	True	frequency_inflow
metastatic::BRAF+RNF43+TP53	21	0.0016544552115339	0.00029221005047338084	4.738280235259429	True	frequency_inflow
primary::BRAF+FBXW7+RNF43+TP53	6	0.0004727014890096	0.0002916783540029239	1.356262166078042	True	frequency_inflow
metastatic::APC+KRAS+RNF43+SOX9+TP53	1	7.878358150161507e-05	0.0002902994330342168	0.2271174008488272	False	frequency_inflow
primary::APC+PIK3CA+SMAD4	2	0.0001575671630032	0.00028990574246904195	0.4548516503107151	False	frequency_inflow
primary::APC+BRAF+PIK3CA+SOX9+TP53	2	0.0001575671630032	0.00028982922552784154	0.45497173432501103	False	frequency_inflow
primary::APC+BRAF+PTEN	4	0.0003151343260064	0.0002896523672844735	0.9104990691596359	False	frequency_inflow
primary::APC+FBXW7+KRAS+PIK3CA+TCF7L2	5	0.000393917907508	0.00028845157809137176	1.1428617089462911	True	frequency_inflow
primary::APC+FBXW7+KRAS+PIK3CA+SOX9+TCF7L2+TP53	1	7.878358150161507e-05	0.00028728836924428745	0.22949781388530782	False	frequency_inflow
primary::APC+ARID1A+CTNNB1+TP53	2	0.0001575671630032	0.00028715350210829706	0.4592112038477112	False	frequency_inflow
metastatic::APC+NRAS+TCF7L2+TP53	5	0.000393917907508	0.00028471368368596095	1.1578658925096506	True	frequency_inflow
primary::KRAS+TCF7L2	3	0.0002363507445048	0.0002809425741984547	0.704044798612143	False	frequency_inflow
metastatic::APC+CTNNB1+FBXW7+KRAS+TP53	1	7.878358150161507e-05	0.0002802033438821318	0.23530073473416735	False	frequency_inflow
primary::APC+PIK3CA+TGFBR2+TP53	1	7.878358150161507e-05	0.0002800631059837051	0.2354185584664424	False	frequency_inflow
primary::APC+CTNNB1+TCF7L2+TP53	1	7.878358150161507e-05	0.0002799870337734338	0.2354825214642145	False	frequency_inflow
metastatic::TCF7L2	1	7.878358150161507e-05	0.0002795317433319272	0.2358660662434336	False	frequency_inflow
metastatic::RNF43	1	7.878358150161507e-05	0.00027813408461526757	0.23705132285346076	False	frequency_inflow
metastatic::KRAS+TGFBR2+TP53	2	0.0001575671630032	0.00027803497701118173	0.47427164306695757	False	frequency_inflow
metastatic::CTNNB1+KRAS+SMAD4+TP53	1	7.878358150161507e-05	0.0002780035845355929	0.23716259917552604	False	frequency_inflow
primary::BRAF+FBXW7	10	0.0007878358150161	0.0002778980541867414	2.372526604456723	True	frequency_inflow
primary::NRAS+PIK3CA+TP53	7	0.0005514850705113	0.00027673710452056244	1.6677357725918	True	frequency_inflow
primary::APC+KRAS+PTEN+SMAD4	3	0.0002363507445048	0.00027637767115683666	0.7156734378489483	False	frequency_inflow
primary::APC+ARID1A+PIK3CA+SOX9+TP53	1	7.878358150161507e-05	0.00027598944105505373	0.23889338822093392	False	frequency_inflow
primary::APC+FBXW7+PIK3CA+SMAD4+TP53	2	0.0001575671630032	0.00027270347822003075	0.48354390720865736	False	frequency_inflow
metastatic::APC+KRAS+SMAD4+SOX9	7	0.0005514850705113	0.0002711006655833262	1.7024095746304566	True	frequency_inflow
primary::APC+KRAS+SMAD4+SOX9+TCF7L2+TP53	1	7.878358150161507e-05	0.000269882430972503	0.24429916554351486	False	frequency_inflow
metastatic::ARID1A+BRAF+TP53	5	0.000393917907508	0.0002696084949696689	1.2227369298692587	True	frequency_inflow
primary::BRAF+PTEN+SMAD4+TP53	5	0.000393917907508	0.0002648124832806111	1.2448818850975836	True	frequency_inflow
primary::FBXW7+KRAS+RNF43+TP53	3	0.0002363507445048	0.00026470232545626655	0.7472399711222495	False	frequency_inflow
metastatic::KRAS+SOX9	1	7.878358150161507e-05	0.000262387406975291	0.25127750388061953	False	frequency_inflow
primary::APC+BRAF+PTEN+SMAD4+TP53	1	7.878358150161507e-05	0.0002621364282310889	0.25151808590332886	False	frequency_inflow
primary::APC+NRAS+PTEN+TP53	4	0.0003151343260064	0.0002620963092550434	1.0062263426992382	False	frequency_inflow
metastatic::FBXW7+PIK3CA+TP53	3	0.0002363507445048	0.00026205330343682747	0.7547936065994355	False	frequency_inflow
primary::KRAS+NRAS+PIK3CA+TP53	1	7.878358150161507e-05	0.0002605677066286747	0.25303232517090796	False	frequency_inflow
metastatic::ARID1A+KRAS	1	7.878358150161507e-05	0.00025999573993518485	0.25358897299080485	False	frequency_inflow
primary::APC+BRAF+FBXW7+SMAD4+TP53	2	0.0001575671630032	0.0002599220991619036	0.5073216389422498	False	frequency_inflow
metastatic::APC+FBXW7	1	7.878358150161507e-05	0.00025816485101777504	0.2553874100615268	False	frequency_inflow
primary::CTNNB1+KRAS	9	0.0007090522335145	0.00025720822109418694	2.30703541084433	True	frequency_inflow
primary::CTNNB1	5	0.000393917907508	0.00025650365209553625	1.2852068992009154	True	frequency_inflow
primary::APC+NRAS	10	0.0007878358150161	0.000253820506799669	2.5975857308492327	True	frequency_inflow
primary::ARID1A+PIK3CA+TP53	1	7.878358150161507e-05	0.00025354865951091174	0.2600370784561863	False	frequency_inflow
primary::KRAS+PIK3CA+PTEN	6	0.0004727014890096	0.0002518029005215569	1.5710395518237463	True	frequency_inflow
primary::BRAF+FBXW7+KRAS+PIK3CA+TP53	1	7.878358150161507e-05	0.0002517764229282504	0.2618674612064781	False	frequency_inflow
primary::APC+CTNNB1+NRAS+TP53	2	0.0001575671630032	0.0002516880898958989	0.5239187336280805	False	frequency_inflow
primary::RNF43+SMAD4+TP53	11	0.0008666193965177	0.0002513125184651895	2.88585934248894	True	frequency_inflow
primary::ARID1A+KRAS+PIK3CA	3	0.0002363507445048	0.00025013801823863625	0.7907480813161462	False	frequency_inflow
metastatic::APC+SOX9	5	0.000393917907508	0.0002495039997293506	1.3212624393394807	True	frequency_inflow
primary::APC+FBXW7+PIK3CA+SOX9+TP53	3	0.0002363507445048	0.0002493983964125241	0.7930931426556156	False	frequency_inflow
primary::CTNNB1+SMAD4+TP53	3	0.0002363507445048	0.00024839483160325656	0.7962973975915941	False	frequency_inflow
primary::FBXW7+KRAS+PIK3CA+SMAD4+TP53	4	0.0003151343260064	0.0002483700077727399	1.0618359801412662	False	frequency_inflow
metastatic::BRAF+RNF43+SMAD4+TP53	3	0.0002363507445048	0.0002483243190523997	0.7965235089959585	False	frequency_inflow
primary::APC+KRAS+PIK3CA+PTEN+SMAD4	6	0.0004727014890096	0.0002480225347828067	1.594985376251317	True	frequency_inflow
metastatic::KRAS+PIK3CA+RNF43+TP53	1	7.878358150161507e-05	0.00024760357480739157	0.2662806977271798	False	frequency_inflow
metastatic::APC+ARID1A	3	0.0002363507445048	0.0002475712895670288	0.7989462684633073	False	frequency_inflow
primary::KRAS+PIK3CA+SOX9	3	0.0002363507445048	0.0002467698163516422	0.8015411321365821	False	frequency_inflow
metastatic::APC+CTNNB1+SMAD4+TP53	1	7.878358150161507e-05	0.0002454456621928985	0.26862178808969284	False	frequency_inflow
metastatic::PTEN	2	0.0001575671630032	0.0002454288706454321	0.5372803328613713	False	frequency_inflow
metastatic::APC+NRAS	11	0.0008666193965177	0.00024421584291554963	2.969719615873263	True	frequency_inflow
primary::APC+KRAS+PIK3CA+TGFBR2	3	0.0002363507445048	0.00024295668614053941	0.8141210727933442	False	frequency_inflow
primary::PTEN+SMAD4+TP53	1	7.878358150161507e-05	0.00024189722754673875	0.27256225018302627	False	frequency_inflow
metastatic::BRAF+PTEN+TP53	6	0.0004727014890096	0.00024041746210942946	1.6454391974608191	True	frequency_inflow
primary::APC+ARID1A+KRAS+SMAD4	2	0.0001575671630032	0.00024028937886222713	0.5487720927452328	False	frequency_inflow
primary::APC+PIK3CA+SOX9	3	0.0002363507445048	0.00023859783370821	0.8289939387717621	False	frequency_inflow
metastatic::ARID1A+KRAS+SMAD4+TP53	2	0.0001575671630032	0.00023772041742114812	0.5547024808690882	False	frequency_inflow
primary::APC+BRAF+TGFBR2+TP53	1	7.878358150161507e-05	0.00023770412058288763	0.277370255453254	False	frequency_inflow
primary::APC+ARID1A+FBXW7+KRAS+SOX9+TP53	1	7.878358150161507e-05	0.00023715325763123393	0.2780145350153473	False	frequency_inflow
primary::APC+KRAS+PIK3CA+SOX9+TCF7L2	5	0.000393917907508	0.00023685322801559732	1.3918335249164473	True	frequency_inflow
primary::APC+FBXW7+KRAS+TCF7L2	2	0.0001575671630032	0.00023588749578230128	0.5590126973671051	False	frequency_inflow
primary::APC+CTNNB1+KRAS+PTEN+TP53	2	0.0001575671630032	0.0002354939405848003	0.5599469139802261	False	frequency_inflow
metastatic::APC+KRAS+PIK3CA+SMAD4+SOX9	7	0.0005514850705113	0.0002321403364510987	1.9881265597685092	True	frequency_inflow
metastatic::BRAF+PIK3CA	4	0.0003151343260064	0.00023208059677403515	1.1363647553152012	False	frequency_inflow
primary::APC+FBXW7+PIK3CA	6	0.0004727014890096	0.00022982662213992208	1.721264108351376	True	frequency_inflow
primary::APC+ARID1A+FBXW7+PIK3CA+TP53	1	7.878358150161507e-05	0.00022968119895601133	0.2870589884516636	False	frequency_inflow
primary::APC+KRAS+PTEN+SMAD4+SOX9+TP53	1	7.878358150161507e-05	0.00022719986108886507	0.2901940710683565	False	frequency_inflow
primary::APC+BRAF+SOX9	1	7.878358150161507e-05	0.00022694585792099522	0.2905188631297709	False	frequency_inflow
metastatic::APC+ARID1A+KRAS+PIK3CA+SMAD4+TP53	1	7.878358150161507e-05	0.0002264717507022183	0.2911270497542192	False	frequency_inflow
primary::APC+ARID1A+KRAS+PIK3CA+TCF7L2	1	7.878358150161507e-05	0.00022548023919852095	0.2924072320824562	False	frequency_inflow
metastatic::APC+NRAS+PTEN+TP53	3	0.0002363507445048	0.0002252049703486406	0.8782939274948951	False	frequency_inflow
metastatic::KRAS+PIK3CA+SMAD4	9	0.0007090522335145	0.00022447670563912757	2.6434300699428173	True	frequency_inflow
metastatic::APC+KRAS+NRAS+PIK3CA	1	7.878358150161507e-05	0.00022357997247065964	0.29489248031594895	False	frequency_inflow
primary::CTNNB1+FBXW7+KRAS+TP53	1	7.878358150161507e-05	0.00022351125885189665	0.2949831385202915	False	frequency_inflow
metastatic::KRAS+PTEN+SMAD4+TP53	6	0.0004727014890096	0.0002235011969888081	1.769978510693062	True	frequency_inflow
metastatic::APC+CTNNB1+SOX9+TP53	1	7.878358150161507e-05	0.00022318790514084608	0.2954105088656976	False	frequency_inflow
primary::ARID1A+SMAD4+TP53	1	7.878358150161507e-05	0.00022227647929503176	0.2966218145897579	False	frequency_inflow
primary::APC+PIK3CA+SMAD4+SOX9+TP53	1	7.878358150161507e-05	0.00022161161087513255	0.2975117249852703	False	frequency_inflow
metastatic::APC+FBXW7+KRAS+SMAD4	2	0.0001575671630032	0.00021995384609754695	0.5995080676764357	False	frequency_inflow
primary::APC+KRAS+SOX9+TGFBR2+TP53	2	0.0001575671630032	0.00021881364953513655	0.6026319908696653	False	frequency_inflow
primary::APC+NRAS+PIK3CA+SMAD4+TP53	4	0.0003151343260064	0.0002185458327093833	1.2067409715693607	False	frequency_inflow
primary::APC+KRAS+PIK3CA+RNF43+SOX9+TP53	1	7.878358150161507e-05	0.00021815922625169533	0.30221986828762265	False	frequency_inflow
metastatic::APC+ARID1A+FBXW7+KRAS+PIK3CA+TP53	1	7.878358150161507e-05	0.00021699241948275645	0.30384495817436286	False	frequency_inflow
primary::APC+FBXW7+KRAS+PIK3CA+PTEN+SMAD4+TP53	2	0.0001575671630032	0.0002167216830596395	0.6084490641700669	False	frequency_inflow
primary::APC+ARID1A+PIK3CA+TCF7L2+TP53	4	0.0003151343260064	0.0002162067582632338	1.2197963310749482	False	frequency_inflow
primary::APC+BRAF+KRAS+PTEN	3	0.0002363507445048	0.00021316019121061518	0.9279225953302682	False	frequency_inflow
primary::BRAF+CTNNB1+KRAS+TP53	1	7.878358150161507e-05	0.000212511260843085	0.31025204195728734	False	frequency_inflow
primary::APC+CTNNB1+KRAS+PIK3CA+SOX9+TP53	3	0.0002363507445048	0.0002120934607586996	0.9325896099626453	False	frequency_inflow
primary::ARID1A+FBXW7+KRAS+TP53	1	7.878358150161507e-05	0.00021189565592147407	0.3111533944755201	False	frequency_inflow
primary::APC+KRAS+SOX9+TCF7L2	3	0.0002363507445048	0.00021139932684346248	0.9356517865735007	False	frequency_inflow
metastatic::APC+RNF43+SOX9+TP53	1	7.878358150161507e-05	0.0002084792214986414	0.31625239261512766	False	frequency_inflow
primary::BRAF+KRAS+PIK3CA+PTEN+TP53	1	7.878358150161507e-05	0.0002084114051709878	0.31635530001483697	False	frequency_inflow
metastatic::NRAS+PIK3CA+TP53	5	0.000393917907508	0.0002080089133858445	1.584837196049784	True	frequency_inflow
primary::APC+BRAF+FBXW7+PIK3CA+PTEN+TP53	1	7.878358150161507e-05	0.00020637243641084994	0.3194809042957524	False	frequency_inflow
primary::ARID1A+BRAF+SMAD4+TP53	2	0.0001575671630032	0.0002063204773790391	0.639122722511316	False	frequency_inflow
metastatic::APC+KRAS+TGFBR2	2	0.0001575671630032	0.00020592655564992494	0.6403453153233534	False	frequency_inflow
metastatic::APC+KRAS+SMAD4+TCF7L2	2	0.0001575671630032	0.00020404274975596316	0.6462572444397162	False	frequency_inflow
primary::APC+ARID1A+FBXW7+KRAS	2	0.0001575671630032	0.00020332994298622698	0.6485228061656314	False	frequency_inflow
primary::APC+BRAF+KRAS+SOX9	1	7.878358150161507e-05	0.0002026983599151417	0.32527176158735144	False	frequency_inflow
metastatic::BRAF+KRAS+PIK3CA	3	0.0002363507445048	0.00020183804346638062	0.9799746093463514	False	frequency_inflow
metastatic::APC+RNF43+TCF7L2+TP53	1	7.878358150161507e-05	0.00020161405307346383	0.3270211158082892	False	frequency_inflow
primary::APC+FBXW7+KRAS+PIK3CA+SMAD4+SOX9	2	0.0001575671630032	0.000201592838178992	0.6541110606332992	False	frequency_inflow
primary::BRAF+TGFBR2+TP53	2	0.0001575671630032	0.00020117599303891168	0.6554664063245204	False	frequency_inflow
primary::APC+BRAF+RNF43	1	7.878358150161507e-05	0.00020079175361610439	0.32836036047293377	False	frequency_inflow
metastatic::CTNNB1+PIK3CA+TP53	4	0.0003151343260064	0.00019971500795575728	1.3205227442936982	False	frequency_inflow
primary::APC+ARID1A+CTNNB1+KRAS+PIK3CA+TP53	1	7.878358150161507e-05	0.0001995715886473567	0.33036792983529834	False	frequency_inflow
primary::BRAF+SOX9	5	0.000393917907508	0.0001995422784308939	1.6520822833578501	True	frequency_inflow
primary::APC+BRAF+KRAS+PIK3CA+TCF7L2+TP53	1	7.878358150161507e-05	0.00019953510191452124	0.33042834049095365	False	frequency_inflow
primary::APC+FBXW7+KRAS+PIK3CA+PTEN	2	0.0001575671630032	0.00019879233286435003	0.6633259104520031	False	frequency_inflow
primary::KRAS+PIK3CA+RNF43	1	7.878358150161507e-05	0.00019756880181802996	0.33371692284061355	False	frequency_inflow
primary::CTNNB1+KRAS+PIK3CA	12	0.0009454029780193	0.00019739923574280065	4.008043030782541	True	frequency_inflow
metastatic::CTNNB1	3	0.0002363507445048	0.0001970698790490087	1.0036853867672906	False	frequency_inflow
metastatic::APC+FBXW7+RNF43+TP53	1	7.878358150161507e-05	0.00019635125876087323	0.33578624861400114	False	frequency_inflow
metastatic::APC+BRAF+KRAS+PTEN+TP53	1	7.878358150161507e-05	0.00019621879214607726	0.33601293672544935	False	frequency_inflow
primary::NRAS	4	0.0003151343260064	0.00019574321252113262	1.3473172681638068	False	frequency_inflow
metastatic::KRAS+PIK3CA+SOX9+TP53	1	7.878358150161507e-05	0.00019515305473346382	0.33784791469412395	False	frequency_inflow
primary::BRAF+KRAS+PTEN	2	0.0001575671630032	0.00019503658927000865	0.6760993189477723	False	frequency_inflow
primary::APC+FBXW7+NRAS+PIK3CA+TP53	3	0.0002363507445048	0.00019441188976786206	1.0174077212867179	False	frequency_inflow
primary::APC+ARID1A+KRAS+PIK3CA+SMAD4+SOX9+TP53	1	7.878358150161507e-05	0.00019416186556085163	0.3395726158466516	False	frequency_inflow
primary::BRAF+RNF43+SOX9+TP53	2	0.0001575671630032	0.00019328293003995615	0.6822335792506641	False	frequency_inflow
primary::CTNNB1+FBXW7+TP53	3	0.0002363507445048	0.00019259227902384266	1.0270201835332444	False	frequency_inflow
primary::NRAS+SMAD4+TP53	2	0.0001575671630032	0.0001921025456166462	0.6864256001488228	False	frequency_inflow
primary::APC+BRAF+FBXW7+KRAS	1	7.878358150161507e-05	0.00019089330382896993	0.3453869321651089	False	frequency_inflow
unknown::APC+BRAF+TP53	3	0.0002363507445048	0.00018967901492860127	1.0427941003849737	False	frequency_inflow
metastatic::BRAF+NRAS+TP53	2	0.0001575671630032	0.00018861199446440895	0.699128947375626	False	frequency_inflow
metastatic::FBXW7+KRAS+PIK3CA	4	0.0003151343260064	0.00018812339405337798	1.401889497199788	False	frequency_inflow
primary::BRAF+KRAS+RNF43+SMAD4+TP53	1	7.878358150161507e-05	0.0001880373787713462	0.35063269338208386	False	frequency_inflow
primary::FBXW7+NRAS+TP53	1	7.878358150161507e-05	0.00018796680989977482	0.350764332331479	False	frequency_inflow
primary::APC+CTNNB1+KRAS+SMAD4	1	7.878358150161507e-05	0.00018795071044070585	0.35079437805978697	False	frequency_inflow
primary::FBXW7+KRAS+PTEN+TP53	3	0.0002363507445048	0.00018712772676671786	1.0570114922987508	False	frequency_inflow
primary::APC+BRAF+FBXW7+PIK3CA+SMAD4+TP53	1	7.878358150161507e-05	0.0001862527398130459	0.3539923903289951	False	frequency_inflow
primary::ARID1A+BRAF	6	0.0004727014890096	0.0001862311043646669	2.12420109293622	True	frequency_inflow
primary::FBXW7+PTEN+TP53	2	0.0001575671630032	0.0001856921801901892	0.7101220148649717	False	frequency_inflow
primary::FBXW7+RNF43+TP53	1	7.878358150161507e-05	0.0001851418686745588	0.356116382758972	False	frequency_inflow
primary::APC+KRAS+NRAS+PTEN+TP53	2	0.0001575671630032	0.0001843569265519275	0.7152652607226091	False	frequency_inflow
primary::APC+ARID1A+BRAF	1	7.878358150161507e-05	0.00018227733090700444	0.36171284841592144	False	frequency_inflow
metastatic::KRAS+TCF7L2	2	0.0001575671630032	0.00018101565894312262	0.7284679452202197	False	frequency_inflow
metastatic::KRAS+RNF43	1	7.878358150161507e-05	0.00018016850178810364	0.36594661056422084	False	frequency_inflow
primary::BRAF+PIK3CA+SOX9+TP53	1	7.878358150161507e-05	0.00018006881755368238	0.36614919482065206	False	frequency_inflow
metastatic::APC+ARID1A+KRAS+PTEN+TP53	1	7.878358150161507e-05	0.00017958826778583095	0.3671289520829702	False	frequency_inflow
primary::APC+ARID1A+FBXW7+KRAS+PIK3CA+SOX9+TP53	1	7.878358150161507e-05	0.0001788156593701014	0.3687152053084997	False	frequency_inflow
primary::CTNNB1+KRAS+PIK3CA+SMAD4+TP53	1	7.878358150161507e-05	0.00017844423722574294	0.3694826663012161	False	frequency_inflow
primary::PIK3CA+SMAD4	4	0.0003151343260064	0.0001765868366508596	1.493476043918573	False	frequency_inflow
primary::APC+BRAF+NRAS+PIK3CA+TP53	3	0.0002363507445048	0.00017631778119740353	1.1218162814441617	False	frequency_inflow
primary::APC+KRAS+PIK3CA+PTEN+SOX9	4	0.0003151343260064	0.00017623075056314306	1.4964937127241607	False	frequency_inflow
metastatic::BRAF+PIK3CA+SMAD4+TP53	3	0.0002363507445048	0.00017525921615108646	1.1285920477817601	False	frequency_inflow
primary::ARID1A+BRAF+FBXW7+RNF43+TP53	2	0.0001575671630032	0.00017339044580811185	0.7605038701894588	False	frequency_inflow
primary::ARID1A+FBXW7+TP53	1	7.878358150161507e-05	0.00017307280797827912	0.3809498055469329	False	frequency_inflow
primary::BRAF+RNF43	7	0.0005514850705113	0.00017261628526515056	2.6737011927786485	True	frequency_inflow
metastatic::APC+PIK3CA+SMAD4+SOX9+TP53	2	0.0001575671630032	0.00017243518381058597	0.7647169340543618	False	frequency_inflow
metastatic::KRAS+PTEN	6	0.0004727014890096	0.00017223299370703148	2.2968439829270153	True	frequency_inflow
metastatic::APC+BRAF+KRAS+SMAD4	1	7.878358150161507e-05	0.00016957447650538813	0.3888088225048014	False	frequency_inflow
primary::APC+KRAS+PTEN+SMAD4+TCF7L2+TP53	2	0.0001575671630032	0.00016787072838879582	0.785509816580624	False	frequency_inflow
primary::APC+FBXW7+KRAS+PIK3CA+SMAD4+TCF7L2+TP53	1	7.878358150161507e-05	0.00016753509947472442	0.39354172790605085	False	frequency_inflow
primary::BRAF+PIK3CA+SMAD4	3	0.0002363507445048	0.00016722004576088346	1.182849560256443	False	frequency_inflow
primary::APC+ARID1A+KRAS+SMAD4+TCF7L2+TP53	1	7.878358150161507e-05	0.0001672102883590305	0.3943061947830791	False	frequency_inflow
primary::APC+ARID1A+BRAF+FBXW7+TP53	1	7.878358150161507e-05	0.00016704455002774412	0.3946974176654608	False	frequency_inflow
metastatic::APC+CTNNB1+TCF7L2+TP53	2	0.0001575671630032	0.00016645418684957354	0.7921945825154942	False	frequency_inflow
primary::APC+NRAS+PIK3CA+SOX9+TP53	1	7.878358150161507e-05	0.00016611768794302717	0.39689965195909627	False	frequency_inflow
unknown::APC+KRAS+SMAD4+TP53	3	0.0002363507445048	0.00016563005149295335	1.1942045287076632	False	frequency_inflow
metastatic::APC+BRAF+SMAD4	1	7.878358150161507e-05	0.00016561335765485945	0.3981083015358695	False	frequency_inflow
primary::FBXW7+PIK3CA	3	0.0002363507445048	0.00016392636472929782	1.2066158966996585	False	frequency_inflow
primary::BRAF+PTEN+RNF43+TP53	3	0.0002363507445048	0.0001631874208750338	1.212079684233518	False	frequency_inflow
metastatic::APC+FBXW7+KRAS+PIK3CA+SMAD4	1	7.878358150161507e-05	0.00016304782186275923	0.4043724826748118	False	frequency_inflow
primary::APC+FBXW7+KRAS+RNF43	1	7.878358150161507e-05	0.00016294987208122021	0.40461555249493153	False	frequency_inflow
primary::BRAF+PTEN	13	0.0010241865595209	0.0001622532383926115	5.2825859825238695	True	frequency_inflow
metastatic::BRAF+SMAD4	7	0.0005514850705113	0.0001622164726297472	2.8451140636527774	True	frequency_inflow
primary::APC+PIK3CA+PTEN	7	0.0005514850705113	0.0001613252165934921	2.8608321585724097	True	frequency_inflow
primary::APC+KRAS+TCF7L2+TGFBR2+TP53	1	7.878358150161507e-05	0.0001610699407710729	0.409338031669779	False	frequency_inflow
metastatic::APC+BRAF+PIK3CA+SOX9+TP53	2	0.0001575671630032	0.00015982988812369075	0.8250278253612519	False	frequency_inflow
primary::APC+CTNNB1+KRAS+PIK3CA+TCF7L2+TP53	1	7.878358150161507e-05	0.00015974504695733644	0.4127330002952302	False	frequency_inflow
primary::APC+ARID1A+KRAS+SOX9	6	0.0004727014890096	0.00015962748571837814	2.4782218005616237	True	frequency_inflow
primary::SMAD4+TCF7L2+TP53	2	0.0001575671630032	0.00015844600588403596	0.8322336955323699	False	frequency_inflow
primary::BRAF+FBXW7+PIK3CA	2	0.0001575671630032	0.00015745056974315883	0.8374952547269697	False	frequency_inflow
primary::ARID1A+RNF43+TP53	2	0.0001575671630032	0.0001563285765664411	0.8435060812563532	False	frequency_inflow
metastatic::CTNNB1+KRAS	6	0.0004727014890096	0.00015469171879504756	2.5572947154409396	True	frequency_inflow
primary::FBXW7+SOX9+TP53	2	0.0001575671630032	0.00015465530716518957	0.8526322660105699	False	frequency_inflow
metastatic::APC+PTEN	3	0.0002363507445048	0.00015357461348673138	1.2879482682618888	False	frequency_inflow
primary::BRAF+RNF43+TCF7L2+TP53	1	7.878358150161507e-05	0.0001531831420629842	0.4304132400431793	False	frequency_inflow
metastatic::APC+TCF7L2	4	0.0003151343260064	0.00015286825045050564	1.7251993739739004	False	frequency_inflow
primary::APC+BRAF+PIK3CA+PTEN	3	0.0002363507445048	0.00015254200320164392	1.296666841453767	False	frequency_inflow
primary::APC+NRAS+PIK3CA	8	0.0006302686520129	0.00015248637234587661	3.45903972815641	True	frequency_inflow
primary::APC+BRAF+PIK3CA+SMAD4	3	0.0002363507445048	0.00015239963819933756	1.297878130265499	False	frequency_inflow
metastatic::APC+RNF43	2	0.0001575671630032	0.000152188197423931	0.8664542140391974	False	frequency_inflow
primary::APC+FBXW7+KRAS+PIK3CA+SOX9+TCF7L2	5	0.000393917907508	0.00015180723262878386	2.171571517038139	True	frequency_inflow
primary::BRAF+TCF7L2	1	7.878358150161507e-05	0.00015111791535411513	0.43629540769499553	False	frequency_inflow
unknown::PIK3CA+TP53	1	7.878358150161507e-05	0.00015069013868041777	0.4375339558750491	False	frequency_inflow
metastatic::RNF43+SMAD4+TP53	6	0.0004727014890096	0.00015046413813393436	2.629146850747025	True	frequency_inflow
metastatic::NRAS	10	0.0007878358150161	0.00015038807791257686	4.3841276118740815	True	frequency_inflow
primary::APC+ARID1A+PIK3CA+RNF43+TP53	1	7.878358150161507e-05	0.00015023835624304515	0.43884966619460974	False	frequency_inflow
primary::APC+CTNNB1+KRAS+PIK3CA+SMAD4	2	0.0001575671630032	0.00014960981858860167	0.8813867045228019	False	frequency_inflow
primary::TGFBR2	2	0.0001575671630032	0.00014917233667967358	0.8839715720927295	False	frequency_inflow
metastatic::KRAS+PIK3CA+PTEN+SMAD4+TP53	1	7.878358150161507e-05	0.0001482412686461602	0.4447617932786958	False	frequency_inflow
metastatic::APC+CTNNB1	1	7.878358150161507e-05	0.00014717329158125194	0.4479892497433724	False	frequency_inflow
primary::APC+CTNNB1+FBXW7+KRAS	1	7.878358150161507e-05	0.0001464296681896686	0.45026430292849934	False	frequency_inflow
primary::APC+BRAF+FBXW7+SOX9+TP53	2	0.0001575671630032	0.00014629149662581951	0.9013791504734407	False	frequency_inflow
primary::KRAS+PIK3CA+PTEN+SMAD4+TP53	4	0.0003151343260064	0.00014540126397017197	1.8137958549191378	False	frequency_inflow
primary::BRAF+PIK3CA+PTEN	3	0.0002363507445048	0.00014529800308126677	1.3613136672307162	False	frequency_inflow
metastatic::APC+ARID1A+CTNNB1+TP53	1	7.878358150161507e-05	0.00014525345548449138	0.45391038892610736	False	frequency_inflow
primary::APC+ARID1A+SMAD4+SOX9+TP53	3	0.0002363507445048	0.000145071316650198	1.3634408371068027	False	frequency_inflow
primary::APC+TCF7L2+TGFBR2+TP53	1	7.878358150161507e-05	0.00014389051863908804	0.45820984656327823	False	frequency_inflow
primary::APC+NRAS+PIK3CA+PTEN+TP53	1	7.878358150161507e-05	0.00014196880694994197	0.4644122457447446	False	frequency_inflow
unknown::APC+PIK3CA+TP53	2	0.0001575671630032	0.00014182237864111748	0.9297834811764659	False	frequency_inflow
primary::APC+ARID1A+KRAS+SOX9+TCF7L2+TP53	1	7.878358150161507e-05	0.0001409206513862153	0.4678665036622147	False	frequency_inflow
primary::CTNNB1+PTEN+TP53	1	7.878358150161507e-05	0.00014057132303218217	0.46902918059335147	False	frequency_inflow
primary::APC+ARID1A+KRAS+TCF7L2	5	0.000393917907508	0.00014052927277351452	2.345847635702735	True	frequency_inflow
primary::APC+BRAF+SMAD4+SOX9+TP53	1	7.878358150161507e-05	0.0001400404422566966	0.4708072282010868	False	frequency_inflow
primary::APC+ARID1A+BRAF+FBXW7+RNF43	1	7.878358150161507e-05	0.00013953173735177166	0.4725236975082791	False	frequency_inflow
metastatic::APC+BRAF+SMAD4+SOX9+TP53	1	7.878358150161507e-05	0.00013893513080119927	0.474552779206906	False	frequency_inflow
primary::KRAS+TGFBR2	4	0.0003151343260064	0.00013864511857032441	1.902181717756948	False	frequency_inflow
metastatic::APC+BRAF+NRAS+PIK3CA+TP53	1	7.878358150161507e-05	0.00013816901906259246	0.47718405251675644	False	frequency_inflow
metastatic::APC+ARID1A+KRAS+SMAD4+SOX9+TP53	1	7.878358150161507e-05	0.00013802285732189323	0.47768937498723524	False	frequency_inflow
primary::CTNNB1+SOX9+TP53	1	7.878358150161507e-05	0.00013782879252612903	0.4783619680545035	False	frequency_inflow
primary::APC+PIK3CA+RNF43	1	7.878358150161507e-05	0.00013708940901426795	0.4809419846425398	False	frequency_inflow
metastatic::NRAS+SMAD4+TP53	4	0.0003151343260064	0.00013681047783013067	1.9276901444833958	False	frequency_inflow
primary::CTNNB1+FBXW7+KRAS+PIK3CA+TP53	2	0.0001575671630032	0.00013673165935158956	0.9644006773001611	False	frequency_inflow
primary::APC+FBXW7+NRAS+SMAD4+TP53	1	7.878358150161507e-05	0.00013669399356943047	0.48233320807848856	False	frequency_inflow
metastatic::APC+KRAS+PIK3CA+TGFBR2	2	0.0001575671630032	0.00013668616330730603	0.9647216784500864	False	frequency_inflow
metastatic::SMAD4+SOX9+TP53	1	7.878358150161507e-05	0.0001363645656144294	0.48349842310693264	False	frequency_inflow
primary::ARID1A+BRAF+RNF43+SOX9+TP53	1	7.878358150161507e-05	0.00013565890387391181	0.4860134540155506	False	frequency_inflow
primary::APC+ARID1A+BRAF+RNF43	2	0.0001575671630032	0.00013510789240047424	0.9759911322174883	False	frequency_inflow
metastatic::BRAF+KRAS+PIK3CA+SMAD4+TP53	1	7.878358150161507e-05	0.0001350808046447657	0.4880934238660407	False	frequency_inflow
primary::APC+ARID1A+FBXW7+KRAS+PIK3CA+SOX9	1	7.878358150161507e-05	0.00013446256831946038	0.49033759550654915	False	frequency_inflow
primary::PIK3CA+TCF7L2+TP53	3	0.0002363507445048	0.00013442901348951662	1.4713799660608082	False	frequency_inflow
primary::APC+FBXW7+KRAS+PIK3CA+TGFBR2+TP53	1	7.878358150161507e-05	0.0001343032034325725	0.4909194326695189	False	frequency_inflow
primary::APC+PIK3CA+TCF7L2	2	0.0001575671630032	0.00013426341192034855	0.9821298519327573	False	frequency_inflow
primary::APC+CTNNB1+FBXW7+KRAS+PIK3CA	1	7.878358150161507e-05	0.00013389930541609602	0.49240025725638265	False	frequency_inflow
primary::APC+ARID1A+FBXW7+KRAS+PIK3CA+SMAD4+TP53	1	7.878358150161507e-05	0.00013350651370944145	0.49384895612943636	False	frequency_inflow
metastatic::APC+KRAS+PIK3CA+SMAD4+TCF7L2	3	0.0002363507445048	0.0001331627486621996	1.4853715418082907	False	frequency_inflow
primary::CTNNB1+KRAS+SOX9+TP53	2	0.0001575671630032	0.000132670520613517	0.9939216658511558	False	frequency_inflow
primary::APC+BRAF+FBXW7+NRAS+TP53	2	0.0001575671630032	0.00013128247578969162	1.0044303632592848	False	frequency_inflow
primary::APC+FBXW7+KRAS+PIK3CA+SMAD4+TCF7L2	1	7.878358150161507e-05	0.00013121647522970577	0.5024677907850318	False	frequency_inflow
metastatic::ARID1A+BRAF+RNF43+TP53	1	7.878358150161507e-05	0.0001311448348626004	0.5027422733962128	False	frequency_inflow
primary::PIK3CA+RNF43+SMAD4+TP53	1	7.878358150161507e-05	0.00013077631056940674	0.5041589882334682	False	frequency_inflow
metastatic::APC+KRAS+PIK3CA+PTEN+SMAD4	3	0.0002363507445048	0.00013069340434381264	1.5134364144605024	False	frequency_inflow
primary::APC+ARID1A+FBXW7+KRAS+SOX9	1	7.878358150161507e-05	0.00013060318048375294	0.5048273110708169	False	frequency_inflow
metastatic::APC+BRAF+KRAS+PIK3CA+SMAD4	1	7.878358150161507e-05	0.00013036977098471427	0.5057311363056411	False	frequency_inflow
primary::APC+CTNNB1+PTEN+TP53	1	7.878358150161507e-05	0.00013032545563956567	0.5059031030912229	False	frequency_inflow
metastatic::APC+ARID1A+KRAS+SMAD4	3	0.0002363507445048	0.00013031431842663014	1.5178390191304838	False	frequency_inflow
metastatic::APC+KRAS+RNF43+SMAD4	1	7.878358150161507e-05	0.00012882412215974438	0.5117989651983106	False	frequency_inflow
primary::APC+FBXW7+SMAD4+SOX9+TP53	2	0.0001575671630032	0.00012882379109165385	1.0236005609711567	False	frequency_inflow
primary::APC+KRAS+PIK3CA+RNF43+SOX9	1	7.878358150161507e-05	0.00012848516297842276	0.513149151888145	False	frequency_inflow
metastatic::APC+NRAS+SMAD4+SOX9+TP53	2	0.0001575671630032	0.0001284487957304142	1.0265888759409896	False	frequency_inflow
metastatic::KRAS+PIK3CA+PTEN	2	0.0001575671630032	0.00012837944764661338	1.0271434193055877	False	frequency_inflow
metastatic::APC+PIK3CA+SMAD4+TCF7L2+TP53	1	7.878358150161507e-05	0.00012824931029355939	0.5140928419866531	False	frequency_inflow
primary::ARID1A+BRAF+PIK3CA+RNF43+TP53	2	0.0001575671630032	0.0001282307746756453	1.0283343070854816	False	frequency_inflow
metastatic::CTNNB1+KRAS+PIK3CA+SMAD4+TP53	2	0.0001575671630032	0.00012805440307747643	1.0297506501351343	False	frequency_inflow
metastatic::APC+BRAF+PTEN+SMAD4+TP53	1	7.878358150161507e-05	0.00012785210399559425	0.5156900070437549	False	frequency_inflow
primary::BRAF+FBXW7+RNF43+SMAD4+TP53	2	0.0001575671630032	0.00012785118962869673	1.0313873903169668	False	frequency_inflow
metastatic::APC+NRAS+SMAD4+TCF7L2+TP53	1	7.878358150161507e-05	0.00012698226048934514	0.5192225445698897	False	frequency_inflow
primary::APC+SMAD4+SOX9	3	0.0002363507445048	0.0001266338119425467	1.561953748221356	False	frequency_inflow
primary::APC+ARID1A+RNF43+SMAD4+TP53	1	7.878358150161507e-05	0.0001265369059420153	0.5210499807455372	False	frequency_inflow
primary::APC+SMAD4+SOX9+TCF7L2+TP53	1	7.878358150161507e-05	0.0001264055327185154	0.5215915077939299	False	frequency_inflow
primary::APC+KRAS+PIK3CA+SMAD4+SOX9+TCF7L2	3	0.0002363507445048	0.0001255124040680064	1.5759092391704306	False	frequency_inflow
metastatic::APC+FBXW7+KRAS+SMAD4+SOX9+TP53	6	0.0004727014890096	0.0001254494211713212	3.1534008742910054	True	frequency_inflow
primary::APC+ARID1A+NRAS+TCF7L2+TP53	2	0.0001575671630032	0.00012532075928066628	1.052212782272689	False	frequency_inflow
primary::APC+KRAS+RNF43+SOX9	1	7.878358150161507e-05	0.0001248912076914237	0.5279158846852	False	frequency_inflow
primary::CTNNB1+RNF43+TP53	1	7.878358150161507e-05	0.00012485946549058648	0.5280500932679197	False	frequency_inflow
primary::APC+KRAS+PIK3CA+PTEN+SMAD4+SOX9	1	7.878358150161507e-05	0.00012474429445715604	0.528537619168177	False	frequency_inflow
metastatic::ARID1A+SMAD4+TP53	1	7.878358150161507e-05	0.00012470314779861285	0.528712013777717	False	frequency_inflow
primary::BRAF+KRAS+PIK3CA+SMAD4+TP53	1	7.878358150161507e-05	0.00012384648981935076	0.5323691651619663	False	frequency_inflow
primary::APC+BRAF+NRAS+SMAD4+TP53	1	7.878358150161507e-05	0.0001234199444537744	0.5342090590246698	False	frequency_inflow
unknown::APC+KRAS	3	0.0002363507445048	0.00012339234368542018	1.6029856575093033	False	frequency_inflow
primary::APC+ARID1A+NRAS+PIK3CA+TP53	1	7.878358150161507e-05	0.00012254164744166207	0.5380379141637295	False	frequency_inflow
primary::APC+ARID1A+BRAF+KRAS+PIK3CA	2	0.0001575671630032	0.00012237652879771075	1.0775277422020453	False	frequency_inflow
metastatic::APC+FBXW7+KRAS+TCF7L2	2	0.0001575671630032	0.00012173819429914861	1.0831777613214773	False	frequency_inflow
primary::APC+FBXW7+KRAS+SMAD4+SOX9	2	0.0001575671630032	0.00012130970432297494	1.0870037603370117	False	frequency_inflow
primary::APC+NRAS+SMAD4+TCF7L2+TP53	1	7.878358150161507e-05	0.0001210610952081128	0.5446180068648554	False	frequency_inflow
metastatic::APC+BRAF+PIK3CA	1	7.878358150161507e-05	0.00012103773897664294	0.54472309990636	False	frequency_inflow
metastatic::APC+KRAS+PTEN+SMAD4	1	7.878358150161507e-05	0.00012017568818912081	0.5486305372626525	False	frequency_inflow
metastatic::APC+FBXW7+KRAS+SOX9	3	0.0002363507445048	0.00012013288280495038	1.646478070886218	False	frequency_inflow
primary::ARID1A+BRAF+PIK3CA+RNF43+TGFBR2+TP53	1	7.878358150161507e-05	0.00012003792734503265	0.549260169970813	False	frequency_inflow
primary::APC+CTNNB1+KRAS+PIK3CA+SMAD4+SOX9	1	7.878358150161507e-05	0.00011947586674563726	0.5518441018240225	False	frequency_inflow
primary::APC+BRAF+PIK3CA+RNF43	1	7.878358150161507e-05	0.00011943739452696756	0.5520218574328357	False	frequency_inflow
metastatic::FBXW7+KRAS+PIK3CA+SMAD4+TP53	2	0.0001575671630032	0.00011881181385513386	1.1098568438856795	False	frequency_inflow
unknown::APC+FBXW7+KRAS+TP53	2	0.0001575671630032	0.00011793514770380776	1.1181069197837123	False	frequency_inflow
primary::BRAF+PIK3CA+PTEN+SMAD4+TP53	2	0.0001575671630032	0.00011769409141105928	1.1203969812766725	False	frequency_inflow
primary::KRAS+RNF43+TCF7L2+TP53	1	7.878358150161507e-05	0.00011768832181500725	0.5602259540173296	False	frequency_inflow
primary::KRAS+NRAS+PIK3CA	1	7.878358150161507e-05	0.00011756730907633796	0.5608025979579389	False	frequency_inflow
primary::ARID1A+CTNNB1+TP53	1	7.878358150161507e-05	0.00011735777471941469	0.5618038729991851	False	frequency_inflow
primary::APC+BRAF+FBXW7+NRAS+PIK3CA+TP53	1	7.878358150161507e-05	0.00011692394232787946	0.5638883794814333	False	frequency_inflow
metastatic::BRAF+FBXW7+RNF43+TP53	2	0.0001575671630032	0.00011655741870118199	1.1313231383253703	False	frequency_inflow
metastatic::APC+KRAS+NRAS+PTEN+TP53	1	7.878358150161507e-05	0.00011635232312891863	0.5666586672792546	False	frequency_inflow
primary::APC+BRAF+PIK3CA+SOX9	2	0.0001575671630032	0.00011616659638722275	1.1351292782717968	False	frequency_inflow
primary::FBXW7+KRAS+PIK3CA+PTEN+TP53	1	7.878358150161507e-05	0.00011591134306124267	0.5688144974912996	False	frequency_inflow
primary::APC+CTNNB1+FBXW7+KRAS+SMAD4+TP53	1	7.878358150161507e-05	0.00011537852811839379	0.571441267534983	False	frequency_inflow
metastatic::APC+FBXW7+SMAD4+SOX9+TP53	1	7.878358150161507e-05	0.00011501000324166693	0.5732723284419322	False	frequency_inflow
metastatic::APC+BRAF+PIK3CA+PTEN+TP53	1	7.878358150161507e-05	0.00011490141804010353	0.5738140875590486	False	frequency_inflow
primary::ARID1A+CTNNB1+KRAS+TP53	1	7.878358150161507e-05	0.00011444063025123054	0.5761245128139569	False	frequency_inflow
metastatic::CTNNB1+KRAS+PIK3CA	3	0.0002363507445048	0.00011374834470585209	1.7388926190510454	False	frequency_inflow
primary::APC+BRAF+KRAS+SMAD4+TCF7L2+TP53	1	7.878358150161507e-05	0.00011321208210327473	0.5823764665260344	False	frequency_inflow
metastatic::APC+KRAS+SMAD4+SOX9+TCF7L2+TP53	1	7.878358150161507e-05	0.00011287951795020812	0.5840922564067619	False	frequency_inflow
metastatic::APC+CTNNB1+KRAS+PTEN+TP53	1	7.878358150161507e-05	0.00011266820196653559	0.5851877565254134	False	frequency_inflow
primary::APC+BRAF+PIK3CA+SMAD4+SOX9+TP53	1	7.878358150161507e-05	0.00011189835045906675	0.5892138004361515	False	frequency_inflow
primary::APC+ARID1A+RNF43+TCF7L2+TP53	3	0.0002363507445048	0.00011186660781091968	1.768142977423173	False	frequency_inflow
primary::KRAS+PIK3CA+RNF43+SMAD4+TP53	4	0.0003151343260064	0.00011170499438483664	2.3609348068483684	False	frequency_inflow
primary::ARID1A+BRAF+RNF43+SMAD4+TP53	2	0.0001575671630032	0.0001114691674724268	1.1829648292753407	False	frequency_inflow
metastatic::BRAF+FBXW7	1	7.878358150161507e-05	0.00010991904854923667	0.5998237175095257	False	frequency_inflow
primary::APC+BRAF+RNF43+TGFBR2+TP53	3	0.0002363507445048	0.00010979520571997281	1.8015008549657554	False	frequency_inflow
metastatic::APC+NRAS+PIK3CA	3	0.0002363507445048	0.00010971130247364714	1.8028785778184093	False	frequency_inflow
primary::ARID1A+BRAF+PIK3CA	1	7.878358150161507e-05	0.00010932675973761858	0.6030733233190008	False	frequency_inflow
primary::CTNNB1+NRAS+TP53	2	0.0001575671630032	0.00010928262716509025	1.2066337355306382	False	frequency_inflow
primary::KRAS+PTEN+SMAD4	2	0.0001575671630032	0.0001084435696076244	1.215969790671735	False	frequency_inflow
primary::APC+ARID1A+KRAS+PIK3CA+PTEN	1	7.878358150161507e-05	0.00010709637616025935	0.6156328969660287	False	frequency_inflow
primary::CTNNB1+KRAS+PTEN+TP53	1	7.878358150161507e-05	0.00010697357147312745	0.6163396379259888	False	frequency_inflow
metastatic::BRAF+FBXW7+SMAD4+TP53	1	7.878358150161507e-05	0.00010680879187770594	0.6172904978078712	False	frequency_inflow
primary::APC+BRAF+FBXW7+KRAS+PIK3CA+SOX9	1	7.878358150161507e-05	0.000106678252242073	0.6180458614758594	False	frequency_inflow
primary::APC+BRAF+PTEN+RNF43+TP53	1	7.878358150161507e-05	0.00010652163169739035	0.6189545846808275	False	frequency_inflow
metastatic::APC+BRAF+KRAS+PIK3CA+SOX9+TP53	1	7.878358150161507e-05	0.00010643419421977629	0.6194630662598012	False	frequency_inflow
metastatic::KRAS+PIK3CA+SOX9	1	7.878358150161507e-05	0.00010624252018894494	0.6205806506462824	False	frequency_inflow
primary::APC+ARID1A+BRAF+PIK3CA+RNF43+TGFBR2	3	0.0002363507445048	0.00010613608479831057	1.8636089440215753	False	frequency_inflow
primary::CTNNB1+KRAS+RNF43+TP53	1	7.878358150161507e-05	0.00010603349785089489	0.6218039925142058	False	frequency_inflow
metastatic::KRAS+PIK3CA+RNF43+SMAD4+TP53	1	7.878358150161507e-05	0.00010527221234758073	0.6263006241547032	False	frequency_inflow
primary::APC+FBXW7+SOX9	1	7.878358150161507e-05	0.00010455233784759462	0.6306128935273815	False	frequency_inflow
metastatic::ARID1A+BRAF+SMAD4+TP53	2	0.0001575671630032	0.00010332158157643582	1.2762493814290676	False	frequency_inflow
primary::APC+FBXW7+NRAS+TCF7L2+TP53	1	7.878358150161507e-05	0.00010323884600835228	0.6386360835703911	False	frequency_inflow
primary::APC+ARID1A+BRAF+PIK3CA+RNF43+TP53	1	7.878358150161507e-05	0.00010295429926518324	0.6404011562014723	False	frequency_inflow
primary::BRAF+PIK3CA+RNF43	4	0.0003151343260064	0.00010146440892076685	2.5992188976296364	False	frequency_inflow
metastatic::APC+FBXW7+KRAS+PIK3CA+SOX9	3	0.0002363507445048	0.00010145656351711981	1.9495649169531726	False	frequency_inflow
primary::FBXW7+KRAS+PIK3CA+SMAD4	3	0.0002363507445048	0.00010121165166931944	1.9542824720332954	False	frequency_inflow
primary::CTNNB1+KRAS+PIK3CA+PTEN+TP53	4	0.0003151343260064	0.00010061775711606708	2.621090120082728	False	frequency_inflow
primary::APC+ARID1A+KRAS+PIK3CA+RNF43	1	7.878358150161507e-05	9.962296175223973e-05	0.6618158214156767	False	frequency_inflow
primary::BRAF+PIK3CA+SOX9	3	0.0002363507445048	9.961600248175992e-05	1.9855861695293782	False	frequency_inflow
primary::BRAF+NRAS+RNF43+TP53	1	7.878358150161507e-05	9.941047919687757e-05	0.6632304038282655	False	frequency_inflow
primary::APC+ARID1A+CTNNB1+FBXW7+KRAS+PIK3CA+TP53	1	7.878358150161507e-05	9.926808088741876e-05	0.6641817961236655	False	frequency_inflow
primary::APC+KRAS+SMAD4+SOX9+TCF7L2	1	7.878358150161507e-05	9.924679910479425e-05	0.664324218575506	False	frequency_inflow
metastatic::CTNNB1+NRAS+TP53	1	7.878358150161507e-05	9.916686742686491e-05	0.6648596852119161	False	frequency_inflow
metastatic::APC+BRAF+KRAS+TCF7L2	1	7.878358150161507e-05	9.895329503376365e-05	0.6662946619104062	False	frequency_inflow
unknown::BRAF+TP53	4	0.0003151343260064	9.89236803544048e-05	2.665976519394403	False	frequency_inflow
primary::APC+ARID1A+NRAS+SMAD4+TP53	1	7.878358150161507e-05	9.892121995606787e-05	0.6665107070910308	False	frequency_inflow
primary::CTNNB1+KRAS+PIK3CA+SMAD4	1	7.878358150161507e-05	9.85321442341688e-05	0.6691425703667021	False	frequency_inflow
primary::APC+ARID1A+KRAS+PTEN	2	0.0001575671630032	9.829866281710022e-05	1.3414638686930884	False	frequency_inflow
metastatic::FBXW7+KRAS+RNF43+TP53	1	7.878358150161507e-05	9.81691628576175e-05	0.6716167311087967	False	frequency_inflow
primary::APC+ARID1A+BRAF+PIK3CA+RNF43	1	7.878358150161507e-05	9.80427838928565e-05	0.6724824575086175	False	frequency_inflow
primary::APC+PIK3CA+RNF43+TCF7L2+TP53	2	0.0001575671630032	9.803651763849868e-05	1.345050881882967	False	frequency_inflow
primary::APC+ARID1A+FBXW7+PIK3CA+TCF7L2+TP53	2	0.0001575671630032	9.793192423693226e-05	1.3464874251417223	False	frequency_inflow
metastatic::KRAS+PIK3CA+TCF7L2	2	0.0001575671630032	9.707213572747106e-05	1.3584135499320014	False	frequency_inflow
primary::PIK3CA+PTEN	4	0.0003151343260064	9.697228853454448e-05	2.7196244717822107	False	frequency_inflow
primary::KRAS+SMAD4+TGFBR2+TP53	1	7.878358150161507e-05	9.688993963322104e-05	0.6804839851778225	False	frequency_inflow
primary::NRAS+RNF43+TP53	4	0.0003151343260064	9.674369305600244e-05	2.7260506669326854	False	frequency_inflow
primary::PIK3CA+SOX9	1	7.878358150161507e-05	9.665290626770047e-05	0.682152816605136	False	frequency_inflow
metastatic::BRAF+SOX9	1	7.878358150161507e-05	9.657518069061119e-05	0.6827018264066766	False	frequency_inflow
primary::APC+ARID1A+BRAF+FBXW7+RNF43+TP53	2	0.0001575671630032	9.6396495490042e-05	1.3679346309548757	False	frequency_inflow
primary::BRAF+NRAS	1	7.878358150161507e-05	9.594355202374377e-05	0.687196282062019	False	frequency_inflow
metastatic::ARID1A+BRAF	1	7.878358150161507e-05	9.565621591632912e-05	0.6892605107246499	False	frequency_inflow
metastatic::APC+ARID1A+KRAS+SMAD4+TCF7L2+TP53	1	7.878358150161507e-05	9.549641037572398e-05	0.6904139325857159	False	frequency_inflow
primary::NRAS+PIK3CA+SMAD4+TP53	1	7.878358150161507e-05	9.444160593601785e-05	0.6981250644157765	False	frequency_inflow
primary::FBXW7+KRAS+PIK3CA+PTEN+SMAD4+TP53	2	0.0001575671630032	9.385469806123737e-05	1.4049813932641904	False	frequency_inflow
primary::APC+ARID1A+CTNNB1+KRAS+PIK3CA	1	7.878358150161507e-05	9.374049077047978e-05	0.7033465654006719	False	frequency_inflow
primary::BRAF+RNF43+SOX9+TGFBR2+TP53	1	7.878358150161507e-05	9.346260855073906e-05	0.7054377493059794	False	frequency_inflow
metastatic::APC+PIK3CA+TGFBR2+TP53	1	7.878358150161507e-05	9.306533500131893e-05	0.7084490934927964	False	frequency_inflow
primary::APC+ARID1A+FBXW7+NRAS+TP53	1	7.878358150161507e-05	9.303270187661759e-05	0.708697596512677	False	frequency_inflow
metastatic::FBXW7+RNF43+TP53	1	7.878358150161507e-05	9.25023830173546e-05	0.7127605804556045	False	frequency_inflow
primary::APC+FBXW7+NRAS	2	0.0001575671630032	9.227226926628584e-05	1.4290762053529822	False	frequency_inflow
primary::NRAS+SOX9+TP53	3	0.0002363507445048	9.221028902215109e-05	2.145055163904783	False	frequency_inflow
primary::APC+FBXW7+SMAD4	1	7.878358150161507e-05	9.159900276879793e-05	0.71979006553558	False	frequency_inflow
primary::APC+ARID1A+KRAS+PTEN+SMAD4+TP53	1	7.878358150161507e-05	9.155062959458946e-05	0.7201703854744765	False	frequency_inflow
primary::PIK3CA+RNF43	1	7.878358150161507e-05	9.141693412683072e-05	0.7212236204841432	False	frequency_inflow
primary::ARID1A+NRAS+TP53	1	7.878358150161507e-05	9.129502163271108e-05	0.722186719762238	False	frequency_inflow
primary::APC+KRAS+PIK3CA+PTEN+TCF7L2	4	0.0003151343260064	9.114348263388718e-05	2.893549831409372	False	frequency_inflow
metastatic::APC+KRAS+PIK3CA+SOX9+TCF7L2+TP53	1	7.878358150161507e-05	9.03181251950147e-05	0.7299980159395307	False	frequency_inflow
primary::CTNNB1+KRAS+PIK3CA+PTEN	1	7.878358150161507e-05	9.013422557052355e-05	0.731487420865034	False	frequency_inflow
primary::BRAF+KRAS+PIK3CA+PTEN	1	7.878358150161507e-05	8.988104641574599e-05	0.7335478927027552	False	frequency_inflow
metastatic::KRAS+PIK3CA+RNF43	1	7.878358150161507e-05	8.948268023548176e-05	0.7368135600701408	False	frequency_inflow
primary::APC+ARID1A+BRAF+KRAS	1	7.878358150161507e-05	8.907421642106352e-05	0.740192334377398	False	frequency_inflow
primary::APC+BRAF+NRAS	2	0.0001575671630032	8.893362622792036e-05	1.4827249260114552	False	frequency_inflow
primary::CTNNB1+KRAS+PIK3CA+RNF43+TP53	1	7.878358150161507e-05	8.872344351139671e-05	0.7431187245809396	False	frequency_inflow
metastatic::APC+ARID1A+FBXW7+KRAS+PIK3CA+TCF7L2+TP53	1	7.878358150161507e-05	8.818161294363052e-05	0.7476848061307145	False	frequency_inflow
metastatic::APC+ARID1A+SMAD4+TCF7L2+TP53	1	7.878358150161507e-05	8.770495698340785e-05	0.7517482984053195	False	frequency_inflow
primary::APC+CTNNB1+KRAS+TCF7L2	3	0.0002363507445048	8.76013037548292e-05	2.2579133876001882	False	frequency_inflow
primary::APC+ARID1A+CTNNB1+PIK3CA+TP53	1	7.878358150161507e-05	8.740748601784602e-05	0.7543066981467563	False	frequency_inflow
metastatic::APC+FBXW7+KRAS+PIK3CA+SMAD4+TCF7L2+TP53	1	7.878358150161507e-05	8.73208605893936e-05	0.7550549974617442	False	frequency_inflow
primary::ARID1A+BRAF+PTEN+RNF43+TP53	1	7.878358150161507e-05	8.66576577542691e-05	0.760833535933589	False	frequency_inflow
primary::APC+ARID1A+RNF43	3	0.0002363507445048	8.643461954429741e-05	2.288390433504629	False	frequency_inflow
primary::APC+FBXW7+KRAS+PIK3CA+PTEN+TGFBR2+TP53	1	7.878358150161507e-05	8.58322930396973e-05	0.768149723404147	False	frequency_inflow
unknown::SMAD4+TP53	1	7.878358150161507e-05	8.518353812053369e-05	0.7739999254133341	False	frequency_inflow
metastatic::BRAF+PTEN+SMAD4+TP53	3	0.0002363507445048	8.515675089573312e-05	2.3227301931308593	False	frequency_inflow
primary::APC+ARID1A+SOX9+TCF7L2+TP53	1	7.878358150161507e-05	8.473331817809963e-05	0.7781124776565799	False	frequency_inflow
primary::APC+ARID1A+BRAF+PIK3CA+RNF43+TCF7L2+TGFBR2	2	0.0001575671630032	8.441296640138402e-05	1.5621309131858163	False	frequency_inflow
primary::BRAF+KRAS+PIK3CA+PTEN+SMAD4+TP53	1	7.878358150161507e-05	8.335983741298078e-05	0.7909330701805916	False	frequency_inflow
primary::APC+BRAF+FBXW7+SMAD4	1	7.878358150161507e-05	8.33109073123861e-05	0.791397600402042	False	frequency_inflow
primary::KRAS+PIK3CA+PTEN+SMAD4	1	7.878358150161507e-05	8.326864202257158e-05	0.7917992960190876	False	frequency_inflow
primary::APC+BRAF+KRAS+TGFBR2+TP53	1	7.878358150161507e-05	8.307371666394379e-05	0.7936571852056786	False	frequency_inflow
primary::CTNNB1+KRAS+SMAD4	1	7.878358150161507e-05	8.24405878167211e-05	0.7997523291871996	False	frequency_inflow
primary::APC+ARID1A+NRAS+SOX9+TP53	1	7.878358150161507e-05	8.22392533571214e-05	0.8017102470242375	False	frequency_inflow
primary::APC+NRAS+SOX9+TCF7L2+TP53	1	7.878358150161507e-05	8.204168589512426e-05	0.8036408735722282	False	frequency_inflow
metastatic::APC+ARID1A+NRAS+SMAD4+TP53	1	7.878358150161507e-05	8.200488611849547e-05	0.8040015082328734	False	frequency_inflow
unknown::APC+ARID1A+KRAS+TP53	1	7.878358150161507e-05	8.177772134081393e-05	0.8062348893866329	False	frequency_inflow
metastatic::APC+ARID1A+KRAS+SOX9	1	7.878358150161507e-05	8.134672732502339e-05	0.810506510628225	False	frequency_inflow
primary::BRAF+PTEN+SMAD4	2	0.0001575671630032	8.097815989851715e-05	1.6283909684822593	False	frequency_inflow
primary::APC+ARID1A+FBXW7+KRAS+PIK3CA+TCF7L2	2	0.0001575671630032	8.064882512066558e-05	1.6350406099421144	False	frequency_inflow
primary::APC+NRAS+PIK3CA+PTEN	2	0.0001575671630032	8.063957316440325e-05	1.635228201758751	False	frequency_inflow
primary::APC+FBXW7+KRAS+PIK3CA+SMAD4+SOX9+TCF7L2	1	7.878358150161507e-05	8.029361134019898e-05	0.8211369622578063	False	frequency_inflow
primary::KRAS+PIK3CA+SMAD4+SOX9	1	7.878358150161507e-05	8.029059794145666e-05	0.8211677804746581	False	frequency_inflow
primary::BRAF+KRAS+SOX9+TP53	1	7.878358150161507e-05	7.984161414560949e-05	0.825785560643966	False	frequency_inflow
primary::APC+CTNNB1+SMAD4+SOX9+TP53	1	7.878358150161507e-05	7.959965730003025e-05	0.828295677818404	False	frequency_inflow
metastatic::NRAS+PIK3CA	1	7.878358150161507e-05	7.9434804663628e-05	0.8300146563577002	False	frequency_inflow
primary::APC+ARID1A+CTNNB1+KRAS+PIK3CA+SOX9+TP53	1	7.878358150161507e-05	7.922498032420754e-05	0.8322129184976036	False	frequency_inflow
primary::APC+CTNNB1+FBXW7+KRAS+PIK3CA+PTEN+SMAD4+TP53	1	7.878358150161507e-05	7.909424164798283e-05	0.8335885232402359	False	frequency_inflow
primary::APC+KRAS+PIK3CA+SOX9+TGFBR2	1	7.878358150161507e-05	7.900370328276905e-05	0.8345438169551359	False	frequency_inflow
metastatic::ARID1A+CTNNB1+KRAS+TP53	1	7.878358150161507e-05	7.879367672932885e-05	0.8367683147399965	False	frequency_inflow
unknown::KRAS+PIK3CA+TP53	1	7.878358150161507e-05	7.83243557649599e-05	0.8417822456377073	False	frequency_inflow
primary::APC+SOX9+TCF7L2	1	7.878358150161507e-05	7.818153800068955e-05	0.843319967456197	False	frequency_inflow
metastatic::BRAF+TGFBR2+TP53	1	7.878358150161507e-05	7.806496615619556e-05	0.8445792693900372	False	frequency_inflow
metastatic::BRAF+PTEN+RNF43+TP53	1	7.878358150161507e-05	7.789158419388506e-05	0.8464592518129024	False	frequency_inflow
primary::APC+CTNNB1+KRAS+SMAD4+SOX9	1	7.878358150161507e-05	7.785532510632641e-05	0.8468534681325977	False	frequency_inflow
primary::ARID1A+PIK3CA	2	0.0001575671630032	7.750610449229446e-05	1.7013383012072296	False	frequency_inflow
metastatic::APC+BRAF+PIK3CA+RNF43+TP53	1	7.878358150161507e-05	7.714525564131268e-05	0.8546481766505537	False	frequency_inflow
primary::APC+CTNNB1+KRAS+PIK3CA+SOX9+TCF7L2+TP53	1	7.878358150161507e-05	7.69838540962637e-05	0.856440000871518	False	frequency_inflow
primary::APC+FBXW7+KRAS+PIK3CA+PTEN+TCF7L2	1	7.878358150161507e-05	7.681867602317477e-05	0.858281546632812	False	frequency_inflow
metastatic::KRAS+PIK3CA+SMAD4+SOX9+TP53	1	7.878358150161507e-05	7.653049093191556e-05	0.8615135126060937	False	frequency_inflow
primary::CTNNB1+KRAS+PIK3CA+SOX9	3	0.0002363507445048	7.646425778957826e-05	2.586779260117952	False	frequency_inflow
primary::BRAF+FBXW7+PTEN	3	0.0002363507445048	7.610560809576393e-05	2.598969525732135	False	frequency_inflow
primary::ARID1A+BRAF+PIK3CA+RNF43+TCF7L2+TGFBR2+TP53	2	0.0001575671630032	7.591385994981473e-05	1.737022780841321	False	frequency_inflow
primary::BRAF+FBXW7+SMAD4	3	0.0002363507445048	7.563510382531581e-05	2.6151369689246278	False	frequency_inflow
primary::APC+BRAF+FBXW7+PTEN+TP53	2	0.0001575671630032	7.563273200371912e-05	1.743479319264641	False	frequency_inflow
primary::BRAF+FBXW7+PTEN+RNF43+TP53	1	7.878358150161507e-05	7.552382442191426e-05	0.8729967339102215	False	frequency_inflow
primary::APC+ARID1A+KRAS+PIK3CA+PTEN+SOX9	4	0.0003151343260064	7.519571474901227e-05	3.5072239033293773	False	frequency_inflow
primary::APC+ARID1A+FBXW7+KRAS+PIK3CA+PTEN+TCF7L2+TP53	1	7.878358150161507e-05	7.513551402900425e-05	0.8775084978160518	False	frequency_inflow
primary::ARID1A+BRAF+KRAS+RNF43+TP53	1	7.878358150161507e-05	7.494817076569048e-05	0.8797019509943411	False	frequency_inflow
metastatic::NRAS+SOX9+TP53	1	7.878358150161507e-05	7.485384053471145e-05	0.8808105445752265	False	frequency_inflow
primary::BRAF+CTNNB1+KRAS+PIK3CA	1	7.878358150161507e-05	7.48470264992418e-05	0.8808907331210286	False	frequency_inflow
primary::APC+ARID1A+FBXW7+KRAS+PIK3CA+RNF43+SOX9+TP53	2	0.0001575671630032	7.481074647419102e-05	1.7626358551883257	False	frequency_inflow
unknown::APC+BRAF+SMAD4+TP53	1	7.878358150161507e-05	7.419263400674661e-05	0.8886603490998999	False	frequency_inflow
metastatic::APC+FBXW7+KRAS+PIK3CA+PTEN+SMAD4+TP53	1	7.878358150161507e-05	7.392048829347442e-05	0.8919320415206894	False	frequency_inflow
metastatic::NRAS+RNF43+TP53	3	0.0002363507445048	7.372973216053843e-05	2.6827190374674674	False	frequency_inflow
primary::APC+CTNNB1+PIK3CA+PTEN	1	7.878358150161507e-05	7.345539529360432e-05	0.897579432587957	False	frequency_inflow
primary::APC+ARID1A+SOX9	1	7.878358150161507e-05	7.343447332042708e-05	0.8978351589751455	False	frequency_inflow
metastatic::FBXW7+PIK3CA	2	0.0001575671630032	7.305053390972418e-05	1.805108012068716	False	frequency_inflow
primary::ARID1A+BRAF+PTEN+RNF43+SOX9+TP53	1	7.878358150161507e-05	7.294153564612033e-05	0.9039027138351868	False	frequency_inflow
primary::APC+BRAF+PIK3CA+SMAD4+SOX9	2	0.0001575671630032	7.252033517796691e-05	1.8183052203157248	False	frequency_inflow
metastatic::FBXW7+SOX9+TP53	1	7.878358150161507e-05	7.229687239667168e-05	0.9119627146804414	False	frequency_inflow
metastatic::APC+KRAS+SMAD4+TGFBR2	1	7.878358150161507e-05	7.211910794957952e-05	0.9142105869864786	False	frequency_inflow
metastatic::APC+FBXW7+KRAS+PTEN	3	0.0002363507445048	7.206291349930862e-05	2.7447704571964064	False	frequency_inflow
primary::APC+ARID1A+BRAF+FBXW7+RNF43+TGFBR2+TP53	1	7.878358150161507e-05	7.203973675626996e-05	0.9152178364224891	False	frequency_inflow
primary::APC+ARID1A+BRAF+FBXW7+PTEN+RNF43+TP53	2	0.0001575671630032	7.189011501967687e-05	1.834245278104105	False	frequency_inflow
metastatic::CTNNB1+RNF43+TP53	1	7.878358150161507e-05	7.171909045925445e-05	0.9193096508088738	False	frequency_inflow
primary::APC+FBXW7+PIK3CA+PTEN	1	7.878358150161507e-05	7.146384909096571e-05	0.9225930710675756	False	frequency_inflow
primary::BRAF+FBXW7+KRAS+PIK3CA	2	0.0001575671630032	7.123471910383616e-05	1.8511212742779821	False	frequency_inflow
primary::APC+BRAF+PTEN+SMAD4	1	7.878358150161507e-05	7.111039819262215e-05	0.9271787765828979	False	frequency_inflow
metastatic::APC+BRAF+FBXW7+PIK3CA+SMAD4+TP53	1	7.878358150161507e-05	7.095267961553566e-05	0.9292397743645016	False	frequency_inflow
primary::APC+CTNNB1+FBXW7+KRAS+TCF7L2	1	7.878358150161507e-05	7.070266988988726e-05	0.9325256329908648	False	frequency_inflow
primary::APC+PIK3CA+SMAD4+SOX9	3	0.0002363507445048	7.034865246958231e-05	2.8116552204186385	False	frequency_inflow
metastatic::APC+KRAS+PIK3CA+SMAD4+TGFBR2	1	7.878358150161507e-05	7.02780046067143e-05	0.9381605575818703	False	frequency_inflow
metastatic::APC+NRAS+PTEN+SMAD4+TP53	1	7.878358150161507e-05	7.016173924128336e-05	0.9397151880640254	False	frequency_inflow
primary::APC+BRAF+PIK3CA+TGFBR2+TP53	1	7.878358150161507e-05	7.002419118903203e-05	0.9415610643211948	False	frequency_inflow
primary::APC+KRAS+PIK3CA+PTEN+RNF43+TP53	1	7.878358150161507e-05	6.956751410664527e-05	0.9477419572147245	False	frequency_inflow
primary::APC+ARID1A+BRAF+PTEN+RNF43+SOX9	1	7.878358150161507e-05	6.947192987019561e-05	0.9490459254533636	False	frequency_inflow
metastatic::KRAS+TGFBR2	1	7.878358150161507e-05	6.932518150359932e-05	0.9510548770977091	False	frequency_inflow
metastatic::APC+CTNNB1+KRAS+SOX9	1	7.878358150161507e-05	6.92971008625387e-05	0.9514402645080758	False	frequency_inflow
primary::BRAF+TGFBR2	2	0.0001575671630032	6.925270572707713e-05	1.904100389478221	False	frequency_inflow
primary::APC+ARID1A+FBXW7+RNF43+TP53	1	7.878358150161507e-05	6.907970965307228e-05	0.9544344106601236	False	frequency_inflow
primary::CTNNB1+PIK3CA	1	7.878358150161507e-05	6.907705350632108e-05	0.9544711105147601	False	frequency_inflow
primary::APC+FBXW7+KRAS+PIK3CA+PTEN+SMAD4	1	7.878358150161507e-05	6.904831803556313e-05	0.9548683276674526	False	frequency_inflow
primary::FBXW7+KRAS+RNF43+SMAD4+TP53	2	0.0001575671630032	6.854360638815254e-05	1.9237987447132918	False	frequency_inflow
metastatic::BRAF+RNF43	2	0.0001575671630032	6.848045665974795e-05	1.9255727890521506	False	frequency_inflow
metastatic::APC+BRAF+TGFBR2+TP53	2	0.0001575671630032	6.847539618752494e-05	1.9257150928285816	False	frequency_inflow
metastatic::CTNNB1+SOX9+TP53	2	0.0001575671630032	6.813766406994858e-05	1.9352601195840784	False	frequency_inflow
primary::APC+FBXW7+RNF43+TCF7L2+TP53	1	7.878358150161507e-05	6.776698411279496e-05	0.9729229183797405	False	frequency_inflow
primary::APC+NRAS+SMAD4	3	0.0002363507445048	6.775769437477263e-05	2.9191689251405064	False	frequency_inflow
primary::APC+CTNNB1+FBXW7+SOX9+TP53	1	7.878358150161507e-05	6.751408901647952e-05	0.9765673048343468	False	frequency_inflow
primary::APC+BRAF+FBXW7+RNF43	1	7.878358150161507e-05	6.70464907515841e-05	0.9833781187242974	False	frequency_inflow
metastatic::APC+KRAS+PIK3CA+PTEN+SMAD4+SOX9	1	7.878358150161507e-05	6.687286790882632e-05	0.9859312752923444	False	frequency_inflow
unknown::APC+FBXW7+TP53	1	7.878358150161507e-05	6.673418652659934e-05	0.9879801548412839	False	frequency_inflow
primary::BRAF+RNF43+SMAD4+SOX9+TP53	1	7.878358150161507e-05	6.621181816857127e-05	0.9957746782017558	False	frequency_inflow
primary::RNF43+TCF7L2+TP53	1	7.878358150161507e-05	6.591389388961628e-05	1.000275481158427	False	frequency_inflow
metastatic::NRAS+PIK3CA+SMAD4+TP53	1	7.878358150161507e-05	6.570542925010957e-05	1.0034490707201016	False	frequency_inflow
unknown::APC+KRAS+NRAS+SMAD4+TP53	1	7.878358150161507e-05	6.544587199885634e-05	1.0074287331592178	False	frequency_inflow
metastatic::APC+CTNNB1+NRAS+SMAD4+TP53	1	7.878358150161507e-05	6.5417663327945e-05	1.0078631452693454	False	frequency_inflow
primary::APC+CTNNB1+FBXW7+KRAS+PIK3CA+SOX9	1	7.878358150161507e-05	6.536785428589841e-05	1.008631117502186	False	frequency_inflow
primary::BRAF+KRAS+PIK3CA+RNF43	1	7.878358150161507e-05	6.532767571204351e-05	1.0092514573318963	False	frequency_inflow
metastatic::APC+FBXW7+PIK3CA	1	7.878358150161507e-05	6.512452651746469e-05	1.0123997123519346	False	frequency_inflow
primary::APC+ARID1A+FBXW7+PIK3CA+SOX9+TP53	1	7.878358150161507e-05	6.469776953366526e-05	1.0190776649935624	False	frequency_inflow
metastatic::APC+KRAS+PTEN+SOX9	1	7.878358150161507e-05	6.458801539666262e-05	1.020809379263484	False	frequency_inflow
primary::APC+ARID1A+PIK3CA+PTEN+RNF43+TCF7L2	1	7.878358150161507e-05	6.458759214092636e-05	1.02081606883658	False	frequency_inflow
metastatic::BRAF+PTEN	2	0.0001575671630032	6.454804765585556e-05	2.0428829158646664	False	frequency_inflow
primary::APC+ARID1A+FBXW7	2	0.0001575671630032	6.437538861464499e-05	2.0483620625955843	False	frequency_inflow
metastatic::ARID1A+KRAS+PIK3CA+SMAD4+TP53	1	7.878358150161507e-05	6.420308782825501e-05	1.0269296092919595	False	frequency_inflow
primary::APC+ARID1A+CTNNB1+RNF43+TCF7L2+TP53	1	7.878358150161507e-05	6.409917556879958e-05	1.0285943822534138	False	frequency_inflow
unknown::KRAS+SMAD4+TP53	2	0.0001575671630032	6.36292250084539e-05	2.072382678895526	False	frequency_inflow
metastatic::BRAF+NRAS+SMAD4+TP53	1	7.878358150161507e-05	6.326029950844496e-05	1.0422342669228275	False	frequency_inflow
primary::APC+NRAS+PIK3CA+SOX9	1	7.878358150161507e-05	6.311735602670706e-05	1.0445946413415068	False	frequency_inflow
primary::APC+BRAF+PIK3CA+PTEN+SMAD4	1	7.878358150161507e-05	6.299896363559426e-05	1.0465577221325546	False	frequency_inflow
metastatic::ARID1A+FBXW7+TP53	1	7.878358150161507e-05	6.266122947620302e-05	1.0521985033596817	False	frequency_inflow
primary::BRAF+CTNNB1+PTEN+TP53	1	7.878358150161507e-05	6.250029247886749e-05	1.054907893321009	False	frequency_inflow
primary::BRAF+RNF43+TGFBR2+TP53	2	0.0001575671630032	6.224531314086408e-05	2.118458355805449	False	frequency_inflow
metastatic::APC+FBXW7+KRAS+SOX9+TCF7L2+TP53	1	7.878358150161507e-05	6.214279579813681e-05	1.0609765945988723	False	frequency_inflow
primary::BRAF+FBXW7+PIK3CA+SMAD4+TP53	3	0.0002363507445048	6.181925725278603e-05	3.1995880307777504	False	frequency_inflow
primary::APC+BRAF+FBXW7+PIK3CA+RNF43+TP53	1	7.878358150161507e-05	6.164128761654357e-05	1.0696086082152696	False	frequency_inflow
primary::APC+NRAS+SOX9	1	7.878358150161507e-05	6.143344384109584e-05	1.0732273454024464	False	frequency_inflow
metastatic::APC+NRAS+SMAD4	2	0.0001575671630032	6.141550983594894e-05	2.1470814791996045	False	frequency_inflow
metastatic::FBXW7+PTEN+TP53	1	7.878358150161507e-05	6.11796644984524e-05	1.0776791992660488	False	frequency_inflow
primary::KRAS+PTEN+SOX9+TP53	1	7.878358150161507e-05	6.111874592339967e-05	1.0787533489253267	False	frequency_inflow
metastatic::ARID1A+RNF43+TP53	3	0.0002363507445048	6.111644650328572e-05	3.2363818064938905	False	frequency_inflow
metastatic::KRAS+PIK3CA+SMAD4+SOX9	1	7.878358150161507e-05	6.100735766673227e-05	1.0807229548472501	False	frequency_inflow
primary::ARID1A+BRAF+FBXW7+RNF43+SMAD4+TP53	1	7.878358150161507e-05	6.078549878014341e-05	1.0846674480625838	False	frequency_inflow
primary::APC+PIK3CA+PTEN+SOX9	1	7.878358150161507e-05	6.012945015628637e-05	1.0965018249437966	False	frequency_inflow
primary::APC+ARID1A+BRAF+PIK3CA	1	7.878358150161507e-05	5.989200157874316e-05	1.1008490297022973	False	frequency_inflow
primary::APC+BRAF+KRAS+TGFBR2	1	7.878358150161507e-05	5.981143829497556e-05	1.1023318231914792	False	frequency_inflow
primary::ARID1A+FBXW7+KRAS+PIK3CA	1	7.878358150161507e-05	5.981082268504957e-05	1.1023431690712093	False	frequency_inflow
primary::APC+FBXW7+TCF7L2	1	7.878358150161507e-05	5.936835768313935e-05	1.1105587957657592	False	frequency_inflow
metastatic::FBXW7+KRAS+SOX9+TP53	1	7.878358150161507e-05	5.9215553589530616e-05	1.1134245618868823	False	frequency_inflow
primary::APC+BRAF+FBXW7+KRAS+PIK3CA+TCF7L2+TP53	1	7.878358150161507e-05	5.885077433010927e-05	1.1203259864616377	False	frequency_inflow
primary::CTNNB1+KRAS+PTEN	1	7.878358150161507e-05	5.8536001311954096e-05	1.1263504564996982	False	frequency_inflow
metastatic::APC+BRAF+PTEN	3	0.0002363507445048	5.8407463928648595e-05	3.386487652199997	False	frequency_inflow
primary::BRAF+PTEN+RNF43+SMAD4+TP53	1	7.878358150161507e-05	5.8394030238915156e-05	1.1290889073230865	False	frequency_inflow
primary::BRAF+FBXW7+SOX9+TP53	1	7.878358150161507e-05	5.8276418813636924e-05	1.1313675949308835	False	frequency_inflow
primary::ARID1A+BRAF+PIK3CA+RNF43+TCF7L2+TP53	1	7.878358150161507e-05	5.827288297134685e-05	1.1314362432818	False	frequency_inflow
metastatic::PIK3CA+RNF43+SMAD4+TP53	1	7.878358150161507e-05	5.820736696522628e-05	1.1327097450124428	False	frequency_inflow
primary::PTEN+SMAD4	2	0.0001575671630032	5.819621141815541e-05	2.265853744982054	False	frequency_inflow
metastatic::APC+ARID1A+FBXW7+SOX9+TP53	1	7.878358150161507e-05	5.800260376824219e-05	1.1367084838547847	False	frequency_inflow
metastatic::APC+CTNNB1+KRAS+PIK3CA+TCF7L2+TP53	1	7.878358150161507e-05	5.7995219812496495e-05	1.1368532096618935	False	frequency_inflow
metastatic::CTNNB1+KRAS+TCF7L2+TP53	1	7.878358150161507e-05	5.799486706449156e-05	1.1368601244582366	False	frequency_inflow
primary::APC+ARID1A+KRAS+RNF43+TCF7L2	3	0.0002363507445048	5.787299459464184e-05	3.417762580713651	False	frequency_inflow
metastatic::NRAS+PTEN+TP53	1	7.878358150161507e-05	5.779947153526063e-05	1.1407033668951732	False	frequency_inflow
metastatic::CTNNB1+KRAS+PIK3CA+SMAD4	1	7.878358150161507e-05	5.7185552466331325e-05	1.1529494588970828	False	frequency_inflow
primary::APC+FBXW7+KRAS+SOX9+TGFBR2+TP53	1	7.878358150161507e-05	5.712253360925149e-05	1.1542214185128021	False	frequency_inflow
metastatic::APC+KRAS+RNF43+SOX9	1	7.878358150161507e-05	5.683078322957539e-05	1.1601468080995632	False	frequency_inflow
primary::APC+FBXW7+KRAS+PIK3CA+RNF43+SOX9	1	7.878358150161507e-05	5.6534556258031496e-05	1.1662256878534298	False	frequency_inflow
primary::APC+KRAS+PIK3CA+TCF7L2+TGFBR2	1	7.878358150161507e-05	5.651479821445137e-05	1.166633410048061	False	frequency_inflow
metastatic::APC+ARID1A+FBXW7+KRAS+PIK3CA+PTEN+SMAD4+TP53	1	7.878358150161507e-05	5.629352038454869e-05	1.1712191972384545	False	frequency_inflow
metastatic::APC+BRAF+NRAS	1	7.878358150161507e-05	5.629260503583045e-05	1.1712382419064218	False	frequency_inflow
primary::ARID1A+BRAF+PIK3CA+RNF43+SMAD4+TP53	1	7.878358150161507e-05	5.6219605651320374e-05	1.1727590577901776	False	frequency_inflow
primary::APC+BRAF+NRAS+PTEN+TP53	1	7.878358150161507e-05	5.619061351551899e-05	1.1733641551032952	False	frequency_inflow
primary::APC+KRAS+PTEN+SMAD4+SOX9	3	0.0002363507445048	5.612833572983673e-05	3.5239982208848937	False	frequency_inflow
primary::ARID1A+RNF43+SMAD4+TP53	1	7.878358150161507e-05	5.5870808162305495e-05	1.1800805092012063	False	frequency_inflow
primary::APC+BRAF+FBXW7+PIK3CA+RNF43	1	7.878358150161507e-05	5.58534234857815e-05	1.1804478155591174	False	frequency_inflow
primary::APC+ARID1A+FBXW7+PIK3CA+SOX9+TCF7L2+TP53	1	7.878358150161507e-05	5.5624567216372255e-05	1.1853045343070328	False	frequency_inflow
metastatic::APC+TGFBR2	1	7.878358150161507e-05	5.5558135376492465e-05	1.1867218237657409	False	frequency_inflow
primary::APC+ARID1A+FBXW7+KRAS+PIK3CA+SOX9+TCF7L2+TP53	1	7.878358150161507e-05	5.553379057241969e-05	1.1872420567530886	False	frequency_inflow
primary::APC+KRAS+PIK3CA+RNF43+SMAD4+TCF7L2	2	0.0001575671630032	5.543461528917859e-05	2.378732183579483	False	frequency_inflow
primary::ARID1A+CTNNB1+KRAS+PIK3CA	1	7.878358150161507e-05	5.5257026104554204e-05	1.1931885658811143	False	frequency_inflow
metastatic::APC+FBXW7+TGFBR2+TP53	1	7.878358150161507e-05	5.514286694672064e-05	1.1956587566218142	False	frequency_inflow
metastatic::APC+ARID1A+KRAS+PIK3CA+SOX9	2	0.0001575671630032	5.503698193981012e-05	2.395918141000908	False	frequency_inflow
metastatic::APC+ARID1A+BRAF+TCF7L2+TP53	1	7.878358150161507e-05	5.484960238063642e-05	1.2020515894744448	False	frequency_inflow
primary::APC+BRAF+KRAS+NRAS+SMAD4+TP53	1	7.878358150161507e-05	5.477388925170916e-05	1.2037131674005856	False	frequency_inflow
primary::ARID1A+BRAF+PIK3CA+RNF43	3	0.0002363507445048	5.470232627938511e-05	3.6158636865110765	False	frequency_inflow
primary::ARID1A+BRAF+FBXW7	1	7.878358150161507e-05	5.458981059234971e-05	1.207772128214795	False	frequency_inflow
primary::APC+PTEN+SOX9	3	0.0002363507445048	5.449257259260095e-05	3.62978192690884	False	frequency_inflow
primary::APC+ARID1A+CTNNB1+NRAS+TP53	1	7.878358150161507e-05	5.4456234955962165e-05	1.2107346710311564	False	frequency_inflow
metastatic::APC+PIK3CA+SOX9	3	0.0002363507445048	5.427795693865713e-05	3.6441341253242157	False	frequency_inflow
primary::APC+BRAF+TGFBR2	2	0.0001575671630032	5.423006724057609e-05	2.431568134240057	False	frequency_inflow
metastatic::APC+FBXW7+NRAS+TCF7L2+TP53	1	7.878358150161507e-05	5.419897000607296e-05	1.2164816361245907	False	frequency_inflow
metastatic::APC+ARID1A+KRAS+SMAD4+SOX9	2	0.0001575671630032	5.4083299710025485e-05	2.4381667561019396	False	frequency_inflow
primary::FBXW7+PTEN	2	0.0001575671630032	5.402037711236845e-05	2.4410067174494117	False	frequency_inflow
primary::BRAF+FBXW7+PTEN+SMAD4+TP53	1	7.878358150161507e-05	5.387193216862567e-05	1.22386647457706	False	frequency_inflow
primary::APC+ARID1A+KRAS+PIK3CA+SOX9+TCF7L2	2	0.0001575671630032	5.378237920194543e-05	2.4518086658923792	False	frequency_inflow
metastatic::APC+PIK3CA+SMAD4	1	7.878358150161507e-05	5.377543274853691e-05	1.2260626894065867	False	frequency_inflow
primary::APC+ARID1A+FBXW7+SOX9	1	7.878358150161507e-05	5.375711645413985e-05	1.226480437348291	False	frequency_inflow
primary::NRAS+PIK3CA	2	0.0001575671630032	5.3711953115676554e-05	2.4550234304910954	False	frequency_inflow
metastatic::APC+FBXW7+KRAS+PTEN+SMAD4+TP53	1	7.878358150161507e-05	5.359552991890778e-05	1.2301781845485358	False	frequency_inflow
primary::APC+BRAF+FBXW7+PIK3CA+TCF7L2+TP53	1	7.878358150161507e-05	5.346601890146413e-05	1.233158051548389	False	frequency_inflow
primary::APC+FBXW7+PIK3CA+SMAD4	1	7.878358150161507e-05	5.324591615349076e-05	1.238255559307507	False	frequency_inflow
metastatic::APC+PIK3CA+PTEN	4	0.0003151343260064	5.302617130842666e-05	4.973547971158889	False	frequency_inflow
primary::PIK3CA+PTEN+SMAD4+TP53	1	7.878358150161507e-05	5.3008950157266334e-05	1.2437909350466196	False	frequency_inflow
primary::APC+KRAS+PIK3CA+PTEN+SOX9+TCF7L2+TP53	1	7.878358150161507e-05	5.300376526871549e-05	1.2439126040870059	False	frequency_inflow
unknown::APC+SOX9+TP53	1	7.878358150161507e-05	5.2726614701214134e-05	1.2504510681920873	False	frequency_inflow
primary::ARID1A+FBXW7+KRAS+RNF43	1	7.878358150161507e-05	5.2617314729537856e-05	1.2530485831819906	False	frequency_inflow
metastatic::APC+ARID1A+BRAF+RNF43+TP53	1	7.878358150161507e-05	5.243121627597165e-05	1.2574961320982423	False	frequency_inflow
metastatic::BRAF+CTNNB1+RNF43+TP53	2	0.0001575671630032	5.2305836764982385e-05	2.5210208169102053	False	frequency_inflow
metastatic::APC+FBXW7+PIK3CA+PTEN+TP53	1	7.878358150161507e-05	5.205028865208034e-05	1.2666990590532041	False	frequency_inflow
primary::CTNNB1+FBXW7+KRAS+TCF7L2+TP53	1	7.878358150161507e-05	5.19015011050871e-05	1.2703303421207648	False	frequency_inflow
primary::APC+KRAS+SOX9+TGFBR2	2	0.0001575671630032	5.179423949778237e-05	2.5459221833187122	False	frequency_inflow
primary::CTNNB1+FBXW7+KRAS	1	7.878358150161507e-05	5.175833053561071e-05	1.2738442482515957	False	frequency_inflow
primary::ARID1A+KRAS+RNF43	1	7.878358150161507e-05	5.14987003832289e-05	1.2802663204087776	False	frequency_inflow
primary::BRAF+RNF43+SMAD4	4	0.0003151343260064	5.103281312330079e-05	5.167816359601516	False	frequency_inflow
primary::APC+ARID1A+KRAS+PIK3CA+SMAD4+TCF7L2	2	0.0001575671630032	5.081693315622206e-05	2.594885111448681	False	frequency_inflow
primary::ARID1A+FBXW7+KRAS	1	7.878358150161507e-05	5.076602030633402e-05	1.2987437508227697	False	frequency_inflow
metastatic::APC+ARID1A+FBXW7+RNF43+TP53	1	7.878358150161507e-05	5.068792821883534e-05	1.300744653447727	False	frequency_inflow
primary::APC+ARID1A+FBXW7+KRAS+PIK3CA+PTEN+TCF7L2	1	7.878358150161507e-05	5.040928565655991e-05	1.3079346544801176	False	frequency_inflow
primary::APC+FBXW7+RNF43	1	7.878358150161507e-05	5.0372180420941796e-05	1.3088981073653922	False	frequency_inflow
metastatic::CTNNB1+KRAS+TGFBR2+TP53	1	7.878358150161507e-05	5.0064100818270426e-05	1.3169526772909286	False	frequency_inflow
primary::APC+BRAF+SOX9+TCF7L2+TP53	1	7.878358150161507e-05	4.971373555136037e-05	1.3262341054895563	False	frequency_inflow
primary::BRAF+FBXW7+RNF43	3	0.0002363507445048	4.9616577186194504e-05	3.9864933457303264	False	frequency_inflow
unknown::APC+KRAS+PIK3CA	2	0.0001575671630032	4.9485239652704126e-05	2.6647158650170737	False	frequency_inflow
primary::APC+ARID1A+CTNNB1+FBXW7+KRAS+PIK3CA+PTEN+TP53	1	7.878358150161507e-05	4.948343703426636e-05	1.3324064686063277	False	frequency_inflow
primary::APC+ARID1A+FBXW7+KRAS+PIK3CA+RNF43+TCF7L2	2	0.0001575671630032	4.9473012721940735e-05	2.6653744320606907	False	frequency_inflow
metastatic::CTNNB1+KRAS+SMAD4	3	0.0002363507445048	4.912426442602372e-05	4.026445119572002	False	frequency_inflow
primary::ARID1A+FBXW7+KRAS+RNF43+SMAD4+TP53	1	7.878358150161507e-05	4.904893710950677e-05	1.3442095887690135	False	frequency_inflow
primary::APC+BRAF+FBXW7+PIK3CA+RNF43+SMAD4+TP53	1	7.878358150161507e-05	4.9048792687616104e-05	1.3442135467315988	False	frequency_inflow
metastatic::APC+ARID1A+FBXW7+KRAS+PIK3CA+SOX9	1	7.878358150161507e-05	4.89862761612241e-05	1.3459290386313842	False	frequency_inflow
metastatic::APC+BRAF+PIK3CA+PTEN	1	7.878358150161507e-05	4.876224099272584e-05	1.3521128281093469	False	frequency_inflow
primary::CTNNB1+KRAS+SOX9	2	0.0001575671630032	4.857951395681617e-05	2.7143973332929865	False	frequency_inflow
primary::ARID1A+KRAS+TCF7L2+TP53	1	7.878358150161507e-05	4.855962043703283e-05	1.357754673010185	False	frequency_inflow
primary::BRAF+FBXW7+PIK3CA+PTEN+TP53	1	7.878358150161507e-05	4.8498943721158994e-05	1.3594533510947142	False	frequency_inflow
metastatic::APC+CTNNB1+KRAS+SMAD4+SOX9+TP53	1	7.878358150161507e-05	4.767560856626731e-05	1.3829304654006322	False	frequency_inflow
primary::APC+ARID1A+KRAS+PIK3CA+PTEN+RNF43+TP53	1	7.878358150161507e-05	4.765556119446808e-05	1.3835122258486412	False	frequency_inflow
primary::APC+NRAS+PTEN	1	7.878358150161507e-05	4.7550716042929204e-05	1.386562748700779	False	frequency_inflow
primary::BRAF+PIK3CA+RNF43+SOX9+TGFBR2	1	7.878358150161507e-05	4.750966968785356e-05	1.3877606805343157	False	frequency_inflow
primary::ARID1A+BRAF+PIK3CA+RNF43+SOX9	3	0.0002363507445048	4.738386734287125e-05	4.17433539503177	False	frequency_inflow
primary::APC+ARID1A+NRAS+PIK3CA+SMAD4+TP53	1	7.878358150161507e-05	4.720014185517654e-05	1.3968613003573989	False	frequency_inflow
metastatic::APC+FBXW7+KRAS+PIK3CA+TGFBR2+TP53	1	7.878358150161507e-05	4.7196476352515294e-05	1.3969697872424602	False	frequency_inflow
primary::CTNNB1+FBXW7+PIK3CA+TP53	1	7.878358150161507e-05	4.716338365721422e-05	1.397949986094812	False	frequency_inflow
primary::APC+FBXW7+PIK3CA+SOX9	1	7.878358150161507e-05	4.708180078265212e-05	1.400372339828982	False	frequency_inflow
primary::CTNNB1+KRAS+TGFBR2+TP53	1	7.878358150161507e-05	4.703793739165655e-05	1.4016782023217182	False	frequency_inflow
primary::BRAF+FBXW7+RNF43+TCF7L2+TP53	1	7.878358150161507e-05	4.6821768471721524e-05	1.408149535347168	False	frequency_inflow
primary::APC+FBXW7+PIK3CA+SOX9+TCF7L2+TP53	1	7.878358150161507e-05	4.666318206984566e-05	1.412935179047891	False	frequency_inflow
primary::APC+FBXW7+KRAS+SOX9+TCF7L2	2	0.0001575671630032	4.655977798016115e-05	2.832146301803432	False	frequency_inflow
primary::APC+ARID1A+KRAS+PTEN+SOX9	1	7.878358150161507e-05	4.629419316078794e-05	1.4241970104662192	False	frequency_inflow
primary::APC+ARID1A+PIK3CA+PTEN+RNF43	1	7.878358150161507e-05	4.6224984637714086e-05	1.4263293328520623	False	frequency_inflow
primary::ARID1A+BRAF+FBXW7+RNF43	6	0.0004727014890096	4.607975631197178e-05	8.584947938768085	True	frequency_inflow
metastatic::APC+NRAS+SOX9	2	0.0001575671630032	4.5836531174818925e-05	2.876834254138674	False	frequency_inflow
primary::ARID1A+KRAS+RNF43+SMAD4+TP53	3	0.0002363507445048	4.58338571751845e-05	4.315503137902194	False	frequency_inflow
primary::ARID1A+BRAF+RNF43	6	0.0004727014890096	4.573835178948928e-05	8.64902851606963	True	frequency_inflow
primary::ARID1A+BRAF+FBXW7+RNF43+SMAD4	1	7.878358150161507e-05	4.5670266480624745e-05	1.4436537503028213	False	frequency_inflow
primary::BRAF+FBXW7+KRAS+PTEN+SMAD4+TP53	1	7.878358150161507e-05	4.556566425640043e-05	1.4469678551763419	False	frequency_inflow
primary::APC+ARID1A+CTNNB1+FBXW7+KRAS+PIK3CA+PTEN+RNF43+TP53	1	7.878358150161507e-05	4.5548962811675864e-05	1.4474984150756047	False	frequency_inflow
primary::APC+ARID1A+CTNNB1+FBXW7+KRAS+PTEN+RNF43+TCF7L2+TP53	1	7.878358150161507e-05	4.553836348911733e-05	1.4478353288575658	False	frequency_inflow
primary::APC+BRAF+PTEN+TCF7L2+TP53	1	7.878358150161507e-05	4.5443250948868245e-05	1.4508656422723047	False	frequency_inflow
metastatic::BRAF+NRAS+PIK3CA+TP53	1	7.878358150161507e-05	4.51650636887528e-05	1.459802025749242	False	frequency_inflow
primary::APC+PIK3CA+PTEN+SMAD4	1	7.878358150161507e-05	4.5161096498152754e-05	1.4599302625104216	False	frequency_inflow
metastatic::APC+PIK3CA+PTEN+SMAD4+TP53	2	0.0001575671630032	4.476872391396866e-05	2.945451453103694	False	frequency_inflow
primary::APC+BRAF+RNF43+SOX9	1	7.878358150161507e-05	4.466147735375448e-05	1.4762622142398092	False	frequency_inflow
metastatic::APC+ARID1A+NRAS+TCF7L2+TP53	1	7.878358150161507e-05	4.462301603669019e-05	1.4775346290800075	False	frequency_inflow
unknown::APC+TCF7L2+TP53	1	7.878358150161507e-05	4.4048968004355996e-05	1.496789923033542	False	frequency_inflow
unknown::KRAS+PTEN+TP53	1	7.878358150161507e-05	4.373645350212591e-05	1.507485087126395	False	frequency_inflow
metastatic::PIK3CA+PTEN	1	7.878358150161507e-05	4.3723688883987494e-05	1.5079251797063575	False	frequency_inflow
primary::APC+FBXW7+KRAS+SMAD4+TCF7L2	2	0.0001575671630032	4.3672063799867744e-05	3.0194154193471494	False	frequency_inflow
metastatic::PTEN+SOX9+TP53	2	0.0001575671630032	4.3568563808475005e-05	3.0265882392756303	False	frequency_inflow
primary::ARID1A+BRAF+FBXW7+PTEN+RNF43+TP53	2	0.0001575671630032	4.353018829973522e-05	3.0292564303700527	False	frequency_inflow
metastatic::CTNNB1+PIK3CA	1	7.878358150161507e-05	4.3475488001200715e-05	1.5165339008358472	False	frequency_inflow
unknown::APC+KRAS+RNF43+TP53	1	7.878358150161507e-05	4.340512934335793e-05	1.518992165308084	False	frequency_inflow
primary::BRAF+FBXW7+NRAS+TP53	1	7.878358150161507e-05	4.3398845935793996e-05	1.519212089281529	False	frequency_inflow
primary::APC+ARID1A+BRAF+FBXW7+SOX9	1	7.878358150161507e-05	4.329309435035189e-05	1.5229230525601811	False	frequency_inflow
unknown::PTEN+TP53	2	0.0001575671630032	4.3107289031601495e-05	3.058974613221578	False	frequency_inflow
primary::FBXW7+KRAS+SOX9	1	7.878358150161507e-05	4.263462679481868e-05	1.5464437321474518	False	frequency_inflow
primary::ARID1A+FBXW7	1	7.878358150161507e-05	4.259253218936198e-05	1.547972097189191	False	frequency_inflow
primary::APC+FBXW7+KRAS+PIK3CA+SOX9+TGFBR2+TP53	1	7.878358150161507e-05	4.236670401929654e-05	1.5562232865573842	False	frequency_inflow
metastatic::APC+ARID1A+NRAS	1	7.878358150161507e-05	4.2216977272063245e-05	1.5617425885112888	False	frequency_inflow
primary::APC+BRAF+FBXW7+PTEN+RNF43	1	7.878358150161507e-05	4.2199565420459755e-05	1.5623869749943884	False	frequency_inflow
primary::APC+FBXW7+PTEN+TCF7L2+TP53	1	7.878358150161507e-05	4.2160316717902375e-05	1.563841462649614	False	frequency_inflow
primary::APC+ARID1A+FBXW7+PIK3CA+PTEN+TCF7L2+TP53	1	7.878358150161507e-05	4.178390995242958e-05	1.577929193866023	False	frequency_inflow
metastatic::APC+KRAS+PIK3CA+SOX9+TGFBR2	1	7.878358150161507e-05	4.15778528596789e-05	1.5857493065479273	False	frequency_inflow
primary::BRAF+CTNNB1+PIK3CA	1	7.878358150161507e-05	4.134367733545808e-05	1.594731179716798	False	frequency_inflow
primary::KRAS+SOX9+TCF7L2+TP53	1	7.878358150161507e-05	4.128430543177405e-05	1.5970245990372978	False	frequency_inflow
primary::BRAF+FBXW7+PIK3CA+RNF43	2	0.0001575671630032	4.116316586109502e-05	3.203449003241747	False	frequency_inflow
primary::APC+CTNNB1+KRAS+PIK3CA+RNF43	1	7.878358150161507e-05	4.113618616578515e-05	1.6027750131537617	False	frequency_inflow
primary::APC+ARID1A+KRAS+PIK3CA+RNF43+TCF7L2	2	0.0001575671630032	4.113390483209102e-05	3.2057278097956226	False	frequency_inflow
metastatic::KRAS+SMAD4+SOX9	3	0.0002363507445048	4.103200812352515e-05	4.820533115541961	False	frequency_inflow
primary::APC+RNF43+TCF7L2	3	0.0002363507445048	4.0871556628755684e-05	4.839457320755765	False	frequency_inflow
primary::FBXW7+KRAS+PIK3CA+RNF43	1	7.878358150161507e-05	4.063319798284339e-05	1.6226153632052318	False	frequency_inflow
metastatic::FBXW7+KRAS+PTEN+SMAD4+TP53	1	7.878358150161507e-05	4.051739297045078e-05	1.627253050228772	False	frequency_inflow
primary::ARID1A+PTEN+RNF43+TGFBR2+TP53	1	7.878358150161507e-05	4.048088538367802e-05	1.6287205843476993	False	frequency_inflow
unknown::KRAS+PIK3CA	1	7.878358150161507e-05	4.0286215691865193e-05	1.636590832790964	False	frequency_inflow
primary::APC+BRAF+PTEN+RNF43+TGFBR2+TP53	1	7.878358150161507e-05	4.010121299647609e-05	1.644141070929441	False	frequency_inflow
metastatic::APC+SMAD4+SOX9	1	7.878358150161507e-05	4.000065616272837e-05	1.6482742435334476	False	frequency_inflow
metastatic::KRAS+SMAD4+TCF7L2	1	7.878358150161507e-05	3.968818410723577e-05	1.6612513962931619	False	frequency_inflow
primary::APC+ARID1A+TCF7L2	1	7.878358150161507e-05	3.9502735757054785e-05	1.6690502567258736	False	frequency_inflow
primary::BRAF+FBXW7+RNF43+TGFBR2+TP53	1	7.878358150161507e-05	3.916397345046951e-05	1.683487282658731	False	frequency_inflow
unknown::APC+KRAS+SMAD4	1	7.878358150161507e-05	3.9065050603494485e-05	1.687750309277438	False	frequency_inflow
primary::APC+ARID1A+KRAS+RNF43+SOX9+TP53	1	7.878358150161507e-05	3.8973979247974146e-05	1.6916941124883957	False	frequency_inflow
metastatic::APC+ARID1A+KRAS+PTEN+SMAD4+TP53	1	7.878358150161507e-05	3.8783585867575575e-05	1.6999988461835225	False	frequency_inflow
primary::BRAF+FBXW7+PIK3CA+SMAD4+SOX9+TP53	1	7.878358150161507e-05	3.856092674356397e-05	1.7098150066356042	False	frequency_inflow
primary::APC+FBXW7+PIK3CA+TGFBR2+TP53	1	7.878358150161507e-05	3.846692215297619e-05	1.7139934136020367	False	frequency_inflow
primary::APC+FBXW7+PIK3CA+TCF7L2	1	7.878358150161507e-05	3.8047023432579726e-05	1.7329095746388823	False	frequency_inflow
unknown::BRAF+PIK3CA+TP53	1	7.878358150161507e-05	3.796315193847423e-05	1.7367380689530987	False	frequency_inflow
primary::APC+ARID1A+FBXW7+KRAS+PTEN+RNF43+TCF7L2+TP53	1	7.878358150161507e-05	3.7909130713196776e-05	1.739212953347198	False	frequency_inflow
primary::APC+CTNNB1+KRAS+PIK3CA+PTEN+SMAD4	1	7.878358150161507e-05	3.787494961073895e-05	1.740782545259418	False	frequency_inflow
primary::ARID1A+BRAF+RNF43+SMAD4	2	0.0001575671630032	3.782982293350128e-05	3.4857182016824706	False	frequency_inflow
primary::APC+ARID1A+BRAF+FBXW7+RNF43+SOX9+TGFBR2+TP53	1	7.878358150161507e-05	3.767549127994404e-05	1.7499984455633717	False	frequency_inflow
primary::ARID1A+CTNNB1+FBXW7+KRAS+PIK3CA+TP53	2	0.0001575671630032	3.764377417141833e-05	3.502945845653881	False	frequency_inflow
primary::BRAF+FBXW7+KRAS+PIK3CA+PTEN+SMAD4+TP53	1	7.878358150161507e-05	3.755107931748305e-05	1.7557964343049863	False	frequency_inflow
primary::APC+ARID1A+FBXW7+KRAS+PTEN+TCF7L2	1	7.878358150161507e-05	3.751833414309381e-05	1.757328854659302	False	frequency_inflow
primary::APC+ARID1A+KRAS+PIK3CA+PTEN+RNF43	1	7.878358150161507e-05	3.751060068387174e-05	1.7576911583928387	False	frequency_inflow
primary::APC+ARID1A+FBXW7+KRAS+PIK3CA+SMAD4+TCF7L2	1	7.878358150161507e-05	3.749819640571404e-05	1.7582725967432784	False	frequency_inflow
primary::CTNNB1+KRAS+RNF43+SMAD4+TP53	1	7.878358150161507e-05	3.707532797083853e-05	1.778326848497973	False	frequency_inflow
primary::CTNNB1+KRAS+PIK3CA+RNF43	1	7.878358150161507e-05	3.70373552777826e-05	1.7801500849910066	False	frequency_inflow
primary::APC+ARID1A+PTEN+SMAD4+TP53	1	7.878358150161507e-05	3.702938551592392e-05	1.7805332231843434	False	frequency_inflow
primary::APC+ARID1A+PIK3CA+SMAD4+SOX9	1	7.878358150161507e-05	3.645142682654757e-05	1.8087646179313335	False	frequency_inflow
primary::APC+ARID1A+CTNNB1+SOX9+TP53	1	7.878358150161507e-05	3.629755888287188e-05	1.8164321000775854	False	frequency_inflow
metastatic::APC+KRAS+NRAS+PIK3CA+SMAD4+SOX9	1	7.878358150161507e-05	3.6281502349044395e-05	1.817235969839531	False	frequency_inflow
primary::APC+ARID1A+FBXW7+KRAS+PIK3CA+PTEN	1	7.878358150161507e-05	3.621403008136928e-05	1.8206217578372925	False	frequency_inflow
primary::APC+BRAF+SMAD4+SOX9	1	7.878358150161507e-05	3.619431341726027e-05	1.8216135320495348	False	frequency_inflow
primary::APC+ARID1A+BRAF+FBXW7+RNF43+SOX9+TGFBR2	1	7.878358150161507e-05	3.6179208112735494e-05	1.822374080104699	False	frequency_inflow
primary::APC+CTNNB1+PIK3CA+RNF43+TCF7L2+TP53	1	7.878358150161507e-05	3.617636626396882e-05	1.8225172374177088	False	frequency_inflow
primary::BRAF+FBXW7+RNF43+SMAD4	2	0.0001575671630032	3.6068374622839295e-05	3.6559480036009515	False	frequency_inflow
metastatic::APC+KRAS+PTEN+SMAD4+SOX9	2	0.0001575671630032	3.5850595386566916e-05	3.6781565480695195	False	frequency_inflow
primary::APC+FBXW7+NRAS+PIK3CA+SOX9+TP53	1	7.878358150161507e-05	3.562941633092345e-05	1.8504948400745582	False	frequency_inflow
primary::APC+ARID1A+FBXW7+SOX9+TCF7L2+TP53	2	0.0001575671630032	3.55116103271623e-05	3.7132673208378932	False	frequency_inflow
primary::ARID1A+BRAF+PIK3CA+RNF43+TCF7L2	2	0.0001575671630032	3.5506868892033615e-05	3.713763174630998	False	frequency_inflow
primary::APC+ARID1A+BRAF+KRAS+TCF7L2	1	7.878358150161507e-05	3.519259935841924e-05	1.8734635194402098	False	frequency_inflow
primary::APC+ARID1A+BRAF+FBXW7+PIK3CA+RNF43+TCF7L2+TGFBR2	1	7.878358150161507e-05	3.486058436357207e-05	1.8913065353926404	False	frequency_inflow
metastatic::APC+BRAF+FBXW7+PTEN+TP53	1	7.878358150161507e-05	3.4820278763787534e-05	1.8934957838651554	False	frequency_inflow
metastatic::APC+BRAF+CTNNB1+SMAD4+TP53	1	7.878358150161507e-05	3.466522435935186e-05	1.9019652185226594	False	frequency_inflow
unknown::CTNNB1+TP53	1	7.878358150161507e-05	3.461348378961168e-05	1.90480829441145	False	frequency_inflow
primary::APC+FBXW7+KRAS+RNF43+SOX9+TGFBR2	2	0.0001575671630032	3.461311449578492e-05	3.8096572343366946	False	frequency_inflow
metastatic::PTEN+SMAD4	1	7.878358150161507e-05	3.451609698055568e-05	1.910182691070094	False	frequency_inflow
primary::APC+ARID1A+BRAF+PTEN+SOX9	1	7.878358150161507e-05	3.443679792718968e-05	1.9145813484330574	False	frequency_inflow
primary::APC+CTNNB1+FBXW7	1	7.878358150161507e-05	3.43873677210308e-05	1.9173334680130336	False	frequency_inflow
primary::APC+ARID1A+BRAF+CTNNB1+FBXW7+PIK3CA+PTEN+TGFBR2+TP53	1	7.878358150161507e-05	3.427527089953482e-05	1.923604081653739	False	frequency_inflow
metastatic::KRAS+PIK3CA+PTEN+SMAD4	1	7.878358150161507e-05	3.427467131987775e-05	1.9236377319791123	False	frequency_inflow
primary::ARID1A+BRAF+FBXW7+RNF43+TCF7L2	3	0.0002363507445048	3.427047980087021e-05	5.7716190189006715	False	frequency_inflow
primary::FBXW7+PIK3CA+PTEN	1	7.878358150161507e-05	3.4247132726615545e-05	1.925184555649311	False	frequency_inflow
primary::APC+ARID1A+BRAF+FBXW7	2	0.0001575671630032	3.4122677750527476e-05	3.8644124869419922	False	frequency_inflow
primary::ARID1A+CTNNB1+KRAS	1	7.878358150161507e-05	3.408176951655578e-05	1.9345254640955145	False	frequency_inflow
primary::ARID1A+BRAF+FBXW7+PTEN+RNF43	1	7.878358150161507e-05	3.405743254159445e-05	1.9359078494629922	False	frequency_inflow
primary::BRAF+PIK3CA+PTEN+SMAD4	1	7.878358150161507e-05	3.3989991771919245e-05	1.9397489539982045	False	frequency_inflow
primary::APC+ARID1A+FBXW7+PTEN+TP53	1	7.878358150161507e-05	3.391611237203963e-05	1.9439743051481577	False	frequency_inflow
primary::CTNNB1+FBXW7+KRAS+SOX9+TP53	1	7.878358150161507e-05	3.3855511320426673e-05	1.9474540010418595	False	frequency_inflow
primary::APC+ARID1A+FBXW7+PIK3CA+SOX9	1	7.878358150161507e-05	3.377245393221845e-05	1.9522434202092498	False	frequency_inflow
primary::BRAF+PIK3CA+RNF43+SOX9	1	7.878358150161507e-05	3.3571828126362746e-05	1.963910059162157	False	frequency_inflow
primary::APC+BRAF+FBXW7+RNF43+TGFBR2	1	7.878358150161507e-05	3.352092666345257e-05	1.9668922527350499	False	frequency_inflow
primary::APC+ARID1A+BRAF+FBXW7+RNF43+SMAD4+SOX9+TP53	1	7.878358150161507e-05	3.2997162664841885e-05	1.9981127346404857	False	frequency_inflow
primary::APC+ARID1A+KRAS+PTEN+RNF43+SOX9+TP53	1	7.878358150161507e-05	3.29457575113768e-05	2.001230383054295	False	frequency_inflow
metastatic::APC+ARID1A+CTNNB1+KRAS+SMAD4+TP53	1	7.878358150161507e-05	3.29191399817326e-05	2.0028485239734453	False	frequency_inflow
primary::ARID1A+FBXW7+KRAS+SOX9	2	0.0001575671630032	3.284273326438356e-05	4.015016069915017	False	frequency_inflow
metastatic::APC+NRAS+PIK3CA+SOX9	1	7.878358150161507e-05	3.279824816639898e-05	2.010230869069764	False	frequency_inflow
primary::APC+ARID1A+FBXW7+KRAS+PIK3CA+SMAD4+SOX9	1	7.878358150161507e-05	3.277698289671336e-05	2.0115350800275458	False	frequency_inflow
primary::APC+ARID1A+KRAS+PIK3CA+RNF43+SOX9	1	7.878358150161507e-05	3.274368018675481e-05	2.0135809577942982	False	frequency_inflow
primary::APC+ARID1A+FBXW7+KRAS+PTEN+SOX9	1	7.878358150161507e-05	3.2560645008108834e-05	2.024900025304084	False	frequency_inflow
primary::APC+FBXW7+KRAS+NRAS+PIK3CA+PTEN+SMAD4+TP53	1	7.878358150161507e-05	3.255669182070776e-05	2.025145898228356	False	frequency_inflow
metastatic::APC+NRAS+PTEN	1	7.878358150161507e-05	3.2505683262611015e-05	2.0283237969419967	False	frequency_inflow
primary::APC+ARID1A+FBXW7+KRAS+PIK3CA+PTEN+RNF43+TCF7L2	2	0.0001575671630032	3.235217798592578e-05	4.075895657872491	False	frequency_inflow
primary::BRAF+RNF43+SOX9	2	0.0001575671630032	3.2059403436187634e-05	4.1131177628054925	False	frequency_inflow
primary::APC+ARID1A+FBXW7+PIK3CA+PTEN+TCF7L2	1	7.878358150161507e-05	3.1572535030972165e-05	2.0882723155675103	False	frequency_inflow
primary::ARID1A+BRAF+SOX9	1	7.878358150161507e-05	3.15566334623541e-05	2.089324607932807	False	frequency_inflow
primary::BRAF+FBXW7+PIK3CA+RNF43+SMAD4+TP53	1	7.878358150161507e-05	3.154387023211925e-05	2.0901699870814268	False	frequency_inflow
primary::APC+ARID1A+BRAF+SOX9	2	0.0001575671630032	3.150427954848472e-05	4.1855933084556955	False	frequency_inflow
unknown::APC+BRAF	1	7.878358150161507e-05	3.144329152124631e-05	2.09685588368923	False	frequency_inflow
primary::APC+BRAF+CTNNB1+KRAS+SMAD4+TP53	1	7.878358150161507e-05	3.134147957396839e-05	2.1036674630010537	False	frequency_inflow
primary::ARID1A+BRAF+RNF43+SOX9+TGFBR2	1	7.878358150161507e-05	3.1305897175095865e-05	2.1060584991676246	False	frequency_inflow
primary::APC+ARID1A+FBXW7+KRAS+PIK3CA+PTEN+RNF43+SOX9+TP53	1	7.878358150161507e-05	3.126177639961513e-05	2.109030848852138	False	frequency_inflow
primary::KRAS+NRAS+SMAD4	1	7.878358150161507e-05	3.117568224598922e-05	2.1148551069596557	False	frequency_inflow
primary::ARID1A+BRAF+FBXW7+RNF43+SMAD4+TGFBR2+TP53	1	7.878358150161507e-05	3.1064342087639424e-05	2.1224351256914686	False	frequency_inflow
primary::APC+ARID1A+PTEN+RNF43+SOX9	1	7.878358150161507e-05	3.0806479746049727e-05	2.140200741176555	False	frequency_inflow
primary::ARID1A+BRAF+FBXW7+PIK3CA+RNF43+TP53	1	7.878358150161507e-05	3.060704223476546e-05	2.1541464302846145	False	frequency_inflow
primary::APC+ARID1A+KRAS+SOX9+TGFBR2+TP53	1	7.878358150161507e-05	3.057578522220545e-05	2.1563485709438335	False	frequency_inflow
primary::BRAF+PIK3CA+RNF43+TCF7L2+TP53	1	7.878358150161507e-05	3.0375257251131428e-05	2.170584110944342	False	frequency_inflow
primary::ARID1A+BRAF+PTEN+RNF43+SOX9	3	0.0002363507445048	3.01906548217538e-05	6.551568801451849	False	frequency_inflow
metastatic::APC+FBXW7+KRAS+PTEN+SOX9	1	7.878358150161507e-05	3.01290404105571e-05	2.188322291018345	False	frequency_inflow
primary::ARID1A+BRAF+FBXW7+PIK3CA+RNF43+TCF7L2	1	7.878358150161507e-05	3.010441747946698e-05	2.190112158144045	False	frequency_inflow
primary::ARID1A+FBXW7+RNF43+SMAD4+TP53	1	7.878358150161507e-05	3.0099846048636644e-05	2.190444782632982	False	frequency_inflow
metastatic::BRAF+FBXW7+PIK3CA	4	0.0003151343260064	2.9955628655625726e-05	8.80396155029138	False	frequency_inflow
primary::FBXW7+KRAS+RNF43	2	0.0001575671630032	2.994660220497998e-05	4.4033076121808765	False	frequency_inflow
primary::FBXW7+NRAS	2	0.0001575671630032	2.985863134343474e-05	4.416280837472537	False	frequency_inflow
primary::CTNNB1+KRAS+PIK3CA+SMAD4+SOX9	3	0.0002363507445048	2.9825199848523353e-05	6.631846664897338	False	frequency_inflow
metastatic::APC+CTNNB1+KRAS+PIK3CA+TCF7L2	1	7.878358150161507e-05	2.9767243247280626e-05	2.2149196068682135	False	frequency_inflow
primary::ARID1A+KRAS+RNF43+SOX9+TGFBR2	1	7.878358150161507e-05	2.935882874554969e-05	2.245731641797851	False	frequency_inflow
primary::ARID1A+BRAF+PIK3CA+RNF43+TGFBR2	5	0.000393917907508	2.9266941855409295e-05	11.263911856365674	True	frequency_inflow
primary::APC+PIK3CA+PTEN+SOX9+TCF7L2+TP53	1	7.878358150161507e-05	2.9263488675966477e-05	2.2530482063417603	False	frequency_inflow
primary::ARID1A+BRAF+FBXW7+KRAS+PTEN+RNF43+TCF7L2	1	7.878358150161507e-05	2.9080590261856302e-05	2.2672184458717313	False	frequency_inflow
primary::KRAS+PIK3CA+PTEN+SOX9	1	7.878358150161507e-05	2.9013314110520914e-05	2.2724756779630595	False	frequency_inflow
primary::APC+NRAS+PIK3CA+TCF7L2	2	0.0001575671630032	2.901204247258411e-05	4.545150567420661	False	frequency_inflow
primary::ARID1A+KRAS+PIK3CA+RNF43+TCF7L2+TGFBR2+TP53	1	7.878358150161507e-05	2.898410878620306e-05	2.2747654977874014	False	frequency_inflow
primary::APC+BRAF+FBXW7+RNF43+SOX9	1	7.878358150161507e-05	2.87741742763671e-05	2.29136203878929	False	frequency_inflow
primary::APC+ARID1A+KRAS+PIK3CA+RNF43+TGFBR2+TP53	1	7.878358150161507e-05	2.8554199107250176e-05	2.309014179283423	False	frequency_inflow
primary::APC+ARID1A+FBXW7+RNF43+TGFBR2	2	0.0001575671630032	2.8503980566866905e-05	4.626164437487839	False	frequency_inflow
primary::APC+FBXW7+KRAS+PIK3CA+PTEN+TGFBR2	2	0.0001575671630032	2.8390276521415728e-05	4.644692386398094	False	frequency_inflow
primary::APC+ARID1A+PIK3CA+RNF43	2	0.0001575671630032	2.8343624089127426e-05	4.652337357582092	False	frequency_inflow
metastatic::SOX9+TCF7L2+TP53	1	7.878358150161507e-05	2.8321412058320992e-05	2.3279930556418926	False	frequency_inflow
primary::APC+ARID1A+BRAF+PIK3CA+RNF43+SMAD4	1	7.878358150161507e-05	2.8317564847523755e-05	2.3283093356522504	False	frequency_inflow
primary::NRAS+PIK3CA+TCF7L2+TP53	1	7.878358150161507e-05	2.829316939556191e-05	2.330316892873874	False	frequency_inflow
primary::APC+ARID1A+FBXW7+KRAS+RNF43+TCF7L2+TGFBR2+TP53	1	7.878358150161507e-05	2.82563308576927e-05	2.333354989522007	False	frequency_inflow
primary::ARID1A+BRAF+RNF43+SOX9+TCF7L2	1	7.878358150161507e-05	2.823017692606987e-05	2.3355167331357936	False	frequency_inflow
primary::ARID1A+BRAF+CTNNB1+PIK3CA+RNF43+TP53	1	7.878358150161507e-05	2.822800079719549e-05	2.3356967807862117	False	frequency_inflow
primary::APC+ARID1A+BRAF+RNF43+SOX9+TCF7L2+TGFBR2	1	7.878358150161507e-05	2.8199252413260282e-05	2.3380779611255003	False	frequency_inflow
primary::ARID1A+BRAF+PIK3CA+RNF43+SMAD4	1	7.878358150161507e-05	2.8139716457225723e-05	2.3430246954667573	False	frequency_inflow
metastatic::APC+PIK3CA+RNF43	1	7.878358150161507e-05	2.803811219885747e-05	2.351515326945166	False	frequency_inflow
metastatic::APC+ARID1A+SOX9	1	7.878358150161507e-05	2.8033265282262595e-05	2.351921900997098	False	frequency_inflow
metastatic::APC+BRAF+TCF7L2	1	7.878358150161507e-05	2.8024847483163902e-05	2.352628345710628	False	frequency_inflow
primary::FBXW7+PIK3CA+PTEN+SMAD4+TP53	2	0.0001575671630032	2.8012373690263987e-05	4.707351922480153	False	frequency_inflow
metastatic::ARID1A+BRAF+PIK3CA+RNF43+SOX9+TP53	1	7.878358150161507e-05	2.7776029920315713e-05	2.3737031800865913	False	frequency_inflow
metastatic::CTNNB1+PIK3CA+SMAD4+TP53	2	0.0001575671630032	2.7725951462230566e-05	4.75598109861435	False	frequency_inflow
primary::BRAF+PIK3CA+SMAD4+SOX9	1	7.878358150161507e-05	2.7533446242491952e-05	2.394616712722588	False	frequency_inflow
primary::APC+ARID1A+BRAF+KRAS+PIK3CA+TCF7L2	1	7.878358150161507e-05	2.747064741025976e-05	2.4000908875930476	False	frequency_inflow
primary::BRAF+FBXW7+PTEN+SMAD4	1	7.878358150161507e-05	2.7426900049648477e-05	2.4039191597470664	False	frequency_inflow
primary::APC+ARID1A+PTEN+RNF43+SOX9+TP53	1	7.878358150161507e-05	2.742137594076253e-05	2.4044034356176813	False	frequency_inflow
primary::NRAS+PTEN+SMAD4+TP53	2	0.0001575671630032	2.7294234672410078e-05	4.831207124980649	False	frequency_inflow
metastatic::APC+ARID1A+FBXW7+NRAS+TP53	1	7.878358150161507e-05	2.7213883165698263e-05	2.4227358551353335	False	frequency_inflow
metastatic::ARID1A+KRAS+SOX9+TP53	1	7.878358150161507e-05	2.7061968145253643e-05	2.436336120695807	False	frequency_inflow
primary::APC+ARID1A+BRAF+RNF43+SOX9+TP53	1	7.878358150161507e-05	2.6892999565500367e-05	2.451643607605382	False	frequency_inflow
primary::ARID1A+BRAF+PIK3CA+PTEN+RNF43+TGFBR2+TP53	1	7.878358150161507e-05	2.6761463093310664e-05	2.463693791036544	False	frequency_inflow
metastatic::APC+CTNNB1+FBXW7+KRAS+SOX9+TP53	1	7.878358150161507e-05	2.664274693849724e-05	2.474671647156518	False	frequency_inflow
primary::APC+ARID1A+BRAF+FBXW7+PIK3CA+SOX9+TCF7L2+TP53	1	7.878358150161507e-05	2.6627534364777102e-05	2.4760854514891304	False	frequency_inflow
metastatic::APC+KRAS+SOX9+TGFBR2	2	0.0001575671630032	2.651080785840771e-05	4.973975202179801	False	frequency_inflow
primary::CTNNB1+KRAS+PTEN+SMAD4+TP53	1	7.878358150161507e-05	2.649916905645811e-05	2.4880799204376816	False	frequency_inflow
primary::APC+ARID1A+BRAF+FBXW7+PIK3CA+TCF7L2+TP53	1	7.878358150161507e-05	2.6482020040496984e-05	2.489691131387288	False	frequency_inflow
primary::ARID1A+FBXW7+KRAS+RNF43+SOX9	1	7.878358150161507e-05	2.643872825693271e-05	2.493767846593774	False	frequency_inflow
primary::APC+KRAS+PIK3CA+RNF43+SOX9+TCF7L2	1	7.878358150161507e-05	2.641913883205617e-05	2.495616940780826	False	frequency_inflow
unknown::BRAF+SMAD4+TP53	1	7.878358150161507e-05	2.632465431302628e-05	2.5045742153786765	False	frequency_inflow
primary::APC+ARID1A+RNF43+TCF7L2+TGFBR2	1	7.878358150161507e-05	2.6297472057286577e-05	2.5071630563936735	False	frequency_inflow
metastatic::BRAF+FBXW7+PIK3CA+SMAD4+TP53	1	7.878358150161507e-05	2.6227327453477726e-05	2.5138684270755127	False	frequency_inflow
primary::ARID1A+BRAF+RNF43+SOX9	5	0.000393917907508	2.6213384621871415e-05	12.576027735752143	True	frequency_inflow
primary::APC+KRAS+PTEN+SMAD4+SOX9+TCF7L2	1	7.878358150161507e-05	2.6105247950742263e-05	2.5256243696485496	False	frequency_inflow
metastatic::APC+KRAS+PIK3CA+SMAD4+SOX9+TGFBR2	1	7.878358150161507e-05	2.594014440156392e-05	2.5416994355691576	False	frequency_inflow
primary::ARID1A+BRAF+PIK3CA+PTEN+RNF43+TGFBR2	1	7.878358150161507e-05	2.5893354983454494e-05	2.546292298606121	False	frequency_inflow
primary::APC+ARID1A+CTNNB1+KRAS+PIK3CA+TCF7L2	2	0.0001575671630032	2.588133890118243e-05	5.094948961488047	False	frequency_inflow
metastatic::APC+ARID1A+BRAF+SOX9+TP53	1	7.878358150161507e-05	2.586663627230088e-05	2.5489224684160936	False	frequency_inflow
primary::KRAS+PTEN+TCF7L2	1	7.878358150161507e-05	2.5838734250797653e-05	2.551674928582332	False	frequency_inflow
primary::APC+PIK3CA+SOX9+TCF7L2	1	7.878358150161507e-05	2.578372127192695e-05	2.557119264254682	False	frequency_inflow
metastatic::APC+FBXW7+KRAS+PIK3CA+SMAD4+TCF7L2	1	7.878358150161507e-05	2.5422491907508834e-05	2.593453488830086	False	frequency_inflow
primary::APC+ARID1A+FBXW7+PIK3CA+RNF43+TCF7L2	1	7.878358150161507e-05	2.5380352674978134e-05	2.597759423295101	False	frequency_inflow
metastatic::BRAF+RNF43+SMAD4	2	0.0001575671630032	2.5378086173256248e-05	5.195982855256665	False	frequency_inflow
primary::APC+ARID1A+CTNNB1+PIK3CA+RNF43+TCF7L2	1	7.878358150161507e-05	2.513412717950852e-05	2.623208271034852	False	frequency_inflow
metastatic::BRAF+PTEN+RNF43+SMAD4+TP53	1	7.878358150161507e-05	2.500673482226354e-05	2.636571737885017	False	frequency_inflow
primary::FBXW7+KRAS+TGFBR2	2	0.0001575671630032	2.4961954067600334e-05	5.282603285453516	False	frequency_inflow
primary::APC+FBXW7+PIK3CA+RNF43+SOX9+TCF7L2	1	7.878358150161507e-05	2.4934526951534747e-05	2.6442069829390418	False	frequency_inflow
metastatic::ARID1A+BRAF+RNF43+SMAD4+TP53	2	0.0001575671630032	2.491511606955285e-05	5.292534066098816	False	frequency_inflow
primary::BRAF+RNF43+SMAD4+SOX9	1	7.878358150161507e-05	2.4785534932967653e-05	2.6601019685049287	False	frequency_inflow
metastatic::APC+ARID1A+CTNNB1+KRAS	1	7.878358150161507e-05	2.471496531485171e-05	2.6676974625742065	False	frequency_inflow
primary::APC+ARID1A+PIK3CA+PTEN+SOX9	1	7.878358150161507e-05	2.4651251392254058e-05	2.6745924254320697	False	frequency_inflow
primary::RNF43+TGFBR2+TP53	1	7.878358150161507e-05	2.4578655011156717e-05	2.6824921954971455	False	frequency_inflow
metastatic::APC+FBXW7+RNF43+SMAD4+TP53	1	7.878358150161507e-05	2.455369060183987e-05	2.685219558626225	False	frequency_inflow
primary::APC+ARID1A+KRAS+PTEN+TCF7L2	1	7.878358150161507e-05	2.4514334381398638e-05	2.6895305093918975	False	frequency_inflow
primary::APC+ARID1A+CTNNB1+KRAS+RNF43+SMAD4+SOX9	1	7.878358150161507e-05	2.4484047947357386e-05	2.6928574218870396	False	frequency_inflow
primary::APC+ARID1A+BRAF+FBXW7+PTEN+TP53	1	7.878358150161507e-05	2.436487491782319e-05	2.706028676202157	False	frequency_inflow
primary::APC+ARID1A+BRAF+FBXW7+PIK3CA+SOX9	1	7.878358150161507e-05	2.4350650516019204e-05	2.70760939937739	False	frequency_inflow
primary::APC+ARID1A+CTNNB1+RNF43+TCF7L2	2	0.0001575671630032	2.4322280734798867e-05	5.421535170476432	False	frequency_inflow
primary::APC+BRAF+FBXW7+PTEN+RNF43+TGFBR2	1	7.878358150161507e-05	2.428434535539779e-05	2.715002164803249	False	frequency_inflow
metastatic::APC+ARID1A+RNF43+SMAD4+TP53	1	7.878358150161507e-05	2.4213746221684332e-05	2.7229181969279104	False	frequency_inflow
primary::APC+PTEN+RNF43	1	7.878358150161507e-05	2.412243333396189e-05	2.7332255116935436	False	frequency_inflow
primary::APC+KRAS+PIK3CA+PTEN+TGFBR2	1	7.878358150161507e-05	2.4089263129268326e-05	2.7369890824365117	False	frequency_inflow
unknown::APC+NRAS+TP53	2	0.0001575671630032	2.3698344786343528e-05	5.564274698339363	False	frequency_inflow
primary::APC+ARID1A+CTNNB1+TCF7L2	1	7.878358150161507e-05	2.3552379979182787e-05	2.799379518529875	False	frequency_inflow
primary::APC+RNF43+SMAD4+SOX9+TP53	2	0.0001575671630032	2.3411080992143114e-05	5.6325506824376115	False	frequency_inflow
primary::ARID1A+BRAF+CTNNB1+PIK3CA+RNF43+SOX9	1	7.878358150161507e-05	2.3410464929933902e-05	2.8163494534054774	False	frequency_inflow
primary::APC+ARID1A+BRAF+RNF43+SOX9+TGFBR2	1	7.878358150161507e-05	2.324083075179067e-05	2.8369059089572786	False	frequency_inflow
primary::APC+CTNNB1+FBXW7+RNF43+TP53	1	7.878358150161507e-05	2.3181595709536753e-05	2.8441549454879826	False	frequency_inflow
primary::APC+ARID1A+BRAF+FBXW7+PIK3CA	1	7.878358150161507e-05	2.3139346997864277e-05	2.849347912993154	False	frequency_inflow
primary::BRAF+FBXW7+PIK3CA+SOX9+TGFBR2+TP53	1	7.878358150161507e-05	2.308439129129464e-05	2.8561311943481633	False	frequency_inflow
primary::APC+ARID1A+RNF43+TCF7L2	1	7.878358150161507e-05	2.3023977519330725e-05	2.863625540233237	False	frequency_inflow
primary::APC+BRAF+FBXW7+PIK3CA+RNF43+SOX9+TCF7L2+TGFBR2	1	7.878358150161507e-05	2.2953267337845558e-05	2.8724472678702373	False	frequency_inflow
primary::ARID1A+FBXW7+PIK3CA	1	7.878358150161507e-05	2.28671398603236e-05	2.8832661384499763	False	frequency_inflow
primary::APC+ARID1A+BRAF+PIK3CA+RNF43+SOX9+TGFBR2	1	7.878358150161507e-05	2.279441936917411e-05	2.8924645530754396	False	frequency_inflow
primary::CTNNB1+PTEN	2	0.0001575671630032	2.276607689350444e-05	5.792131014761734	False	frequency_inflow
primary::APC+ARID1A+CTNNB1+PIK3CA+SOX9+TP53	1	7.878358150161507e-05	2.2700671571349847e-05	2.9044096697358945	False	frequency_inflow
metastatic::APC+ARID1A+TCF7L2	1	7.878358150161507e-05	2.26994138859193e-05	2.9045705916690956	False	frequency_inflow
primary::APC+FBXW7+KRAS+PIK3CA+RNF43+TCF7L2	1	7.878358150161507e-05	2.2398326645548884e-05	2.943614986310787	False	frequency_inflow
primary::APC+ARID1A+BRAF+PTEN	1	7.878358150161507e-05	2.2384286628431105e-05	2.9454612994694624	False	frequency_inflow
primary::APC+KRAS+PIK3CA+SMAD4+TCF7L2+TGFBR2	1	7.878358150161507e-05	2.230247492217438e-05	2.956266073587979	False	frequency_inflow
primary::ARID1A+BRAF+RNF43+SOX9+TCF7L2+TGFBR2+TP53	1	7.878358150161507e-05	2.2287994862992126e-05	2.958186699738808	False	frequency_inflow
primary::APC+FBXW7+KRAS+PIK3CA+PTEN+SMAD4+SOX9	2	0.0001575671630032	2.2189200437786445e-05	5.942715253686169	False	frequency_inflow
primary::APC+KRAS+PTEN+SMAD4+TCF7L2	2	0.0001575671630032	2.218138192835361e-05	5.944809946132427	False	frequency_inflow
metastatic::APC+RNF43+SMAD4	1	7.878358150161507e-05	2.2138948937136467e-05	2.9781020831137393	False	frequency_inflow
primary::ARID1A+BRAF+FBXW7+PIK3CA+RNF43+SOX9	3	0.0002363507445048	2.2018692801861356e-05	8.983101384535903	False	frequency_inflow
primary::APC+ARID1A+CTNNB1	1	7.878358150161507e-05	2.2018508036034484e-05	2.9943922550721087	False	frequency_inflow
primary::APC+ARID1A+BRAF+FBXW7+RNF43+SMAD4+SOX9	1	7.878358150161507e-05	2.1977446163883155e-05	2.999986869907573	False	frequency_inflow
primary::APC+ARID1A+RNF43+TGFBR2	2	0.0001575671630032	2.196427102240032e-05	6.003572789344742	False	frequency_inflow
metastatic::APC+ARID1A+BRAF+FBXW7+PIK3CA+RNF43	1	7.878358150161507e-05	2.176587122896729e-05	3.0291482111151367	False	frequency_inflow
unknown::FBXW7+KRAS+TP53	1	7.878358150161507e-05	2.1649140883312746e-05	3.0454811225823972	False	frequency_inflow
primary::CTNNB1+SOX9	1	7.878358150161507e-05	2.1639716952842395e-05	3.0468074061509043	False	frequency_inflow
metastatic::APC+ARID1A+BRAF+PIK3CA+RNF43+SOX9	1	7.878358150161507e-05	2.1517297084567522e-05	3.064141820530162	False	frequency_inflow
primary::CTNNB1+PIK3CA+PTEN	3	0.0002363507445048	2.14877966046538e-05	9.205045692273945	False	frequency_inflow
primary::APC+BRAF+FBXW7+PIK3CA+PTEN	4	0.0003151343260064	2.1351907116880366e-05	12.351505554409874	False	frequency_inflow
primary::ARID1A+KRAS+PIK3CA+SOX9	1	7.878358150161507e-05	2.1283965907999064e-05	3.0977332943022913	False	frequency_inflow
primary::PIK3CA+PTEN+RNF43+TGFBR2+TP53	1	7.878358150161507e-05	2.122325850738816e-05	3.10659410741243	False	frequency_inflow
primary::APC+ARID1A+BRAF+KRAS+PIK3CA+SOX9+TCF7L2	1	7.878358150161507e-05	2.1212044697766324e-05	3.108236417418226	False	frequency_inflow
primary::CTNNB1+KRAS+PIK3CA+PTEN+SOX9+TP53	1	7.878358150161507e-05	2.1188327148776095e-05	3.1117156796321064	False	frequency_inflow
primary::ARID1A+CTNNB1+KRAS+SMAD4	1	7.878358150161507e-05	2.107149405487354e-05	3.128968910560893	False	frequency_inflow
primary::APC+ARID1A+BRAF+KRAS+PIK3CA+PTEN+RNF43+TCF7L2	1	7.878358150161507e-05	2.105030916342555e-05	3.1321178839584216	False	frequency_inflow
metastatic::CTNNB1+KRAS+SOX9	1	7.878358150161507e-05	2.1037339177677273e-05	3.134048903943542	False	frequency_inflow
primary::ARID1A+BRAF+PIK3CA+RNF43+SOX9+TCF7L2+TGFBR2	1	7.878358150161507e-05	2.0833182785455027e-05	3.164761258035282	False	frequency_inflow
primary::ARID1A+RNF43	3	0.0002363507445048	2.0767847090658095e-05	9.524152811294233	False	frequency_inflow
primary::APC+ARID1A+PTEN	1	7.878358150161507e-05	2.069809086329786e-05	3.1854169631283025	False	frequency_inflow
primary::CTNNB1+FBXW7+SOX9+TP53	1	7.878358150161507e-05	2.0514898057463603e-05	3.2138619225498894	False	frequency_inflow
primary::ARID1A+BRAF+PIK3CA+RNF43+TCF7L2+TGFBR2	3	0.0002363507445048	2.0437556113958534e-05	9.67807246601313	False	frequency_inflow
primary::ARID1A+BRAF+FBXW7+PIK3CA+PTEN+RNF43+TGFBR2	1	7.878358150161507e-05	2.0050506769341327e-05	3.2882984153923402	False	frequency_inflow
primary::APC+FBXW7+PIK3CA+RNF43+TGFBR2	1	7.878358150161507e-05	2.002169214101195e-05	3.2930308371714716	False	frequency_inflow
primary::APC+FBXW7+RNF43+TCF7L2	1	7.878358150161507e-05	2.000800898140832e-05	3.295282888553221	False	frequency_inflow
metastatic::APC+BRAF+PIK3CA+SOX9	1	7.878358150161507e-05	1.9967686169059764e-05	3.3019373935254563	False	frequency_inflow
primary::APC+ARID1A+PIK3CA+TGFBR2+TP53	1	7.878358150161507e-05	1.9904515289945063e-05	3.312416738257691	False	frequency_inflow
primary::APC+ARID1A+PIK3CA+SOX9	4	0.0003151343260064	1.986040676530313e-05	13.279093501979354	False	frequency_inflow
metastatic::APC+ARID1A+BRAF+PIK3CA+RNF43+TP53	1	7.878358150161507e-05	1.9717115880638243e-05	3.3438992792339053	False	frequency_inflow
primary::APC+ARID1A+BRAF+CTNNB1+FBXW7+KRAS+PIK3CA+PTEN+RNF43+TP53	1	7.878358150161507e-05	1.9680756332071406e-05	3.3500770226100607	False	frequency_inflow
metastatic::CTNNB1+NRAS	2	0.0001575671630032	1.9534254972765835e-05	6.750403293337109	False	frequency_inflow
metastatic::KRAS+RNF43+SMAD4+SOX9+TP53	1	7.878358150161507e-05	1.9521595416325665e-05	3.377390430559191	False	frequency_inflow
primary::ARID1A+KRAS+TGFBR2+TP53	1	7.878358150161507e-05	1.9446732751010086e-05	3.3903921229091907	False	frequency_inflow
primary::BRAF+CTNNB1+RNF43+SMAD4+TP53	1	7.878358150161507e-05	1.9383153012959973e-05	3.401513132571375	False	frequency_inflow
metastatic::APC+ARID1A+NRAS+PIK3CA	1	7.878358150161507e-05	1.9343015285056587e-05	3.4085714427419775	False	frequency_inflow
metastatic::APC+KRAS+RNF43+SOX9+TCF7L2+TP53	1	7.878358150161507e-05	1.9225432035618645e-05	3.429418354509137	False	frequency_inflow
primary::BRAF+RNF43+TCF7L2	1	7.878358150161507e-05	1.9150147517250224e-05	3.4429003444201016	False	frequency_inflow
primary::ARID1A+BRAF+FBXW7+PTEN	1	7.878358150161507e-05	1.911329975516839e-05	3.449537773213155	False	frequency_inflow
metastatic::APC+ARID1A+BRAF+RNF43	1	7.878358150161507e-05	1.8895239122008975e-05	3.4893471847939073	False	frequency_inflow
metastatic::APC+ARID1A+PIK3CA+PTEN+TP53	1	7.878358150161507e-05	1.8892473242749473e-05	3.4898580291059655	False	frequency_inflow
primary::CTNNB1+KRAS+PIK3CA+SOX9+TGFBR2	1	7.878358150161507e-05	1.8790305054721333e-05	3.5088333704479777	False	frequency_inflow
primary::BRAF+FBXW7+NRAS+PIK3CA+TP53	1	7.878358150161507e-05	1.877279760226334e-05	3.5121056973246287	False	frequency_inflow
unknown::PIK3CA+PTEN+TP53	1	7.878358150161507e-05	1.8727759924837763e-05	3.5205518262620634	False	frequency_inflow
primary::APC+CTNNB1+FBXW7+KRAS+PIK3CA+PTEN+SMAD4	1	7.878358150161507e-05	1.8725645131291884e-05	3.5209494221702586	False	frequency_inflow
unknown::BRAF+FBXW7+TP53	1	7.878358150161507e-05	1.8610294842897638e-05	3.5427729619300465	False	frequency_inflow
primary::APC+ARID1A+FBXW7+KRAS+PTEN	1	7.878358150161507e-05	1.8499913917864198e-05	3.5639111432923665	False	frequency_inflow
primary::BRAF+FBXW7+KRAS+RNF43+SOX9	1	7.878358150161507e-05	1.8458955849072756e-05	3.571819007153096	False	frequency_inflow
primary::APC+KRAS+PIK3CA+SOX9+TCF7L2+TGFBR2	1	7.878358150161507e-05	1.8413835336859723e-05	3.5805712465119517	False	frequency_inflow
primary::APC+ARID1A+BRAF+CTNNB1+KRAS+RNF43+TCF7L2	1	7.878358150161507e-05	1.8381311528525394e-05	3.586906692512788	False	frequency_inflow
metastatic::ARID1A+BRAF+PIK3CA	1	7.878358150161507e-05	1.836596267711928e-05	3.5899043515955817	False	frequency_inflow
primary::ARID1A+FBXW7+SMAD4+TP53	1	7.878358150161507e-05	1.8217670483428162e-05	3.6191262415568572	False	frequency_inflow
primary::APC+ARID1A+FBXW7+KRAS+RNF43+SOX9+TP53	1	7.878358150161507e-05	1.8207301283638307e-05	3.621187362006158	False	frequency_inflow
primary::APC+ARID1A+CTNNB1+KRAS+PIK3CA+SMAD4	1	7.878358150161507e-05	1.814776343972141e-05	3.633067485790499	False	frequency_inflow
primary::ARID1A+CTNNB1+FBXW7+TP53	1	7.878358150161507e-05	1.8118117278037818e-05	3.6390121707979763	False	frequency_inflow
primary::BRAF+FBXW7+KRAS+RNF43+TGFBR2+TP53	1	7.878358150161507e-05	1.811045117126068e-05	3.640552555079983	False	frequency_inflow
unknown::KRAS+SMAD4	1	7.878358150161507e-05	1.8053161712378787e-05	3.6521053942824246	False	frequency_inflow
primary::APC+PIK3CA+SMAD4+TCF7L2	1	7.878358150161507e-05	1.798157206893799e-05	3.6666454415843224	False	frequency_inflow
primary::ARID1A+BRAF+FBXW7+KRAS	1	7.878358150161507e-05	1.7841447778903936e-05	3.6954427716484655	False	frequency_inflow
primary::ARID1A+BRAF+RNF43+TCF7L2	4	0.0003151343260064	1.7829880093850904e-05	14.791361216303942	False	frequency_inflow
metastatic::APC+PIK3CA+SMAD4+SOX9+TCF7L2+TP53	1	7.878358150161507e-05	1.7802444689001124e-05	3.7035390573594986	False	frequency_inflow
primary::APC+ARID1A+FBXW7+KRAS+PIK3CA+RNF43+SOX9	1	7.878358150161507e-05	1.7751916218043654e-05	3.714080688632398	False	frequency_inflow
primary::ARID1A+CTNNB1+FBXW7+KRAS+PIK3CA+TCF7L2	1	7.878358150161507e-05	1.77292495407746e-05	3.718829105274536	False	frequency_inflow
primary::NRAS+PTEN	1	7.878358150161507e-05	1.7701756920252017e-05	3.724604823021907	False	frequency_inflow
primary::APC+ARID1A+FBXW7+KRAS+SMAD4+SOX9	1	7.878358150161507e-05	1.7498905341120544e-05	3.767781348186525	False	frequency_inflow
metastatic::ARID1A+FBXW7+KRAS+SMAD4+TP53	1	7.878358150161507e-05	1.7431975743849505e-05	3.7822476414787323	False	frequency_inflow
primary::APC+KRAS+PIK3CA+PTEN+RNF43+TCF7L2	1	7.878358150161507e-05	1.728929501413586e-05	3.813460818290713	False	frequency_inflow
primary::CTNNB1+KRAS+TGFBR2	1	7.878358150161507e-05	1.7264033650574083e-05	3.8190408128927404	False	frequency_inflow
primary::KRAS+RNF43+SOX9	1	7.878358150161507e-05	1.721839350962535e-05	3.829163798569016	False	frequency_inflow
primary::APC+ARID1A+PTEN+SOX9	1	7.878358150161507e-05	1.718234193449348e-05	3.8371980571624253	False	frequency_inflow
primary::APC+ARID1A+FBXW7+PTEN+SOX9+TCF7L2+TP53	1	7.878358150161507e-05	1.7103266419172926e-05	3.8549390189518076	False	frequency_inflow
metastatic::APC+BRAF+NRAS+SMAD4	1	7.878358150161507e-05	1.702483430885059e-05	3.8726984273064438	False	frequency_inflow
metastatic::KRAS+SMAD4+TGFBR2	1	7.878358150161507e-05	1.7020114506707152e-05	3.873772354820678	False	frequency_inflow
primary::APC+BRAF+FBXW7+PIK3CA+SOX9+TCF7L2+TP53	1	7.878358150161507e-05	1.695856605342456e-05	3.8878316026366613	False	frequency_inflow
primary::BRAF+PIK3CA+PTEN+RNF43	3	0.0002363507445048	1.6904883629931455e-05	11.700532899642443	False	frequency_inflow
primary::APC+ARID1A+CTNNB1+FBXW7+KRAS+NRAS+PIK3CA+PTEN+RNF43+SMAD4+TCF7L2+TP53	1	7.878358150161507e-05	1.6830166559225796e-05	3.917492365641655	False	frequency_inflow
primary::CTNNB1+SMAD4+SOX9+TP53	1	7.878358150161507e-05	1.677617844705755e-05	3.930099408736417	False	frequency_inflow
metastatic::APC+ARID1A+KRAS+RNF43+SMAD4	1	7.878358150161507e-05	1.657095212394541e-05	3.9787725203605557	False	frequency_inflow
primary::BRAF+FBXW7+RNF43+SOX9	1	7.878358150161507e-05	1.6548141709414617e-05	3.984256969709757	False	frequency_inflow
primary::APC+KRAS+PIK3CA+PTEN+RNF43+SMAD4+TCF7L2	1	7.878358150161507e-05	1.647011827854276e-05	4.003131477719961	False	frequency_inflow
primary::FBXW7+KRAS+PIK3CA+SMAD4+SOX9	1	7.878358150161507e-05	1.6444314307439383e-05	4.009413082459526	False	frequency_inflow
primary::PIK3CA+SMAD4+SOX9	1	7.878358150161507e-05	1.6444283172725293e-05	4.009420673664389	False	frequency_inflow
primary::APC+ARID1A+CTNNB1+KRAS+SOX9	2	0.0001575671630032	1.641567162956347e-05	8.03281771189629	False	frequency_inflow
primary::APC+BRAF+FBXW7+PIK3CA+SOX9	1	7.878358150161507e-05	1.6331182889779523e-05	4.0371875897496245	False	frequency_inflow
primary::ARID1A+PIK3CA+RNF43+SOX9+TGFBR2	1	7.878358150161507e-05	1.6326973826416746e-05	4.038228369107304	False	frequency_inflow
metastatic::KRAS+RNF43+SMAD4+TCF7L2+TP53	1	7.878358150161507e-05	1.6308768100522693e-05	4.042736304582532	False	frequency_inflow
primary::APC+ARID1A+BRAF+FBXW7+RNF43+TGFBR2	1	7.878358150161507e-05	1.617583631988989e-05	4.075959199012623	False	frequency_inflow
primary::APC+ARID1A+BRAF+CTNNB1+FBXW7+KRAS+PIK3CA+PTEN+RNF43+TCF7L2+TP53	1	7.878358150161507e-05	1.6144176537216205e-05	4.083952420229998	False	frequency_inflow
primary::APC+BRAF+CTNNB1+FBXW7+PIK3CA+TP53	1	7.878358150161507e-05	1.602146822200274e-05	4.115231381850457	False	frequency_inflow
metastatic::BRAF+FBXW7+PIK3CA+PTEN	1	7.878358150161507e-05	1.5986138112144482e-05	4.1243262343219005	False	frequency_inflow
primary::APC+ARID1A+RNF43+SMAD4	2	0.0001575671630032	1.593798988362657e-05	8.273571419024673	False	frequency_inflow
primary::APC+ARID1A+BRAF+FBXW7+PIK3CA+PTEN+TCF7L2	1	7.878358150161507e-05	1.5875555974955716e-05	4.153054474230237	False	frequency_inflow
primary::APC+FBXW7+KRAS+PIK3CA+PTEN+RNF43+TCF7L2	1	7.878358150161507e-05	1.5870781285845585e-05	4.154303911316245	False	frequency_inflow
primary::APC+ARID1A+PIK3CA+TCF7L2	1	7.878358150161507e-05	1.5857934321067672e-05	4.15766943116135	False	frequency_inflow
primary::APC+ARID1A+BRAF+PIK3CA+PTEN+RNF43+SMAD4+TP53	1	7.878358150161507e-05	1.5848228380208735e-05	4.160215715206194	False	frequency_inflow
primary::APC+ARID1A+FBXW7+RNF43+SOX9+TGFBR2	1	7.878358150161507e-05	1.575867678733802e-05	4.18385690826884	False	frequency_inflow
primary::NRAS+PIK3CA+PTEN	2	0.0001575671630032	1.5748309140891575e-05	8.373222566213903	False	frequency_inflow
primary::APC+CTNNB1+KRAS+PIK3CA+SOX9+TCF7L2	1	7.878358150161507e-05	1.5586918380936182e-05	4.229960476114099	False	frequency_inflow
primary::ARID1A+BRAF+KRAS+PIK3CA+RNF43+SOX9+TCF7L2+TGFBR2	1	7.878358150161507e-05	1.557491949791717e-05	4.233219227960359	False	frequency_inflow
primary::ARID1A+BRAF+PTEN+RNF43+TGFBR2	2	0.0001575671630032	1.5553112213290002e-05	8.478309393309877	False	frequency_inflow
primary::BRAF+FBXW7+PIK3CA+RNF43+SOX9+TGFBR2+TP53	1	7.878358150161507e-05	1.5377535475120433e-05	4.287556269654079	False	frequency_inflow
primary::CTNNB1+FBXW7+KRAS+TCF7L2+TGFBR2	1	7.878358150161507e-05	1.5300815917991068e-05	4.309054430173098	False	frequency_inflow
primary::APC+ARID1A+BRAF+FBXW7+PIK3CA+RNF43+TGFBR2+TP53	1	7.878358150161507e-05	1.5066385477183952e-05	4.376102592720708	False	frequency_inflow
primary::ARID1A+CTNNB1+KRAS+RNF43+TCF7L2	1	7.878358150161507e-05	1.5066193667390565e-05	4.376158305483796	False	frequency_inflow
primary::ARID1A+BRAF+FBXW7+SOX9	1	7.878358150161507e-05	1.4910286742571728e-05	4.421916871361795	False	frequency_inflow
primary::APC+ARID1A+FBXW7+KRAS+PIK3CA+SOX9+TGFBR2+TP53	3	0.0002363507445048	1.4859507351130693e-05	13.311083657900573	False	frequency_inflow
primary::BRAF+FBXW7+RNF43+SOX9+TGFBR2+TP53	1	7.878358150161507e-05	1.4853179782912314e-05	4.438918093664338	False	frequency_inflow
unknown::APC+FBXW7+NRAS+TP53	1	7.878358150161507e-05	1.4808751525791123e-05	4.45223544730785	False	frequency_inflow
primary::APC+SMAD4+SOX9+TCF7L2	1	7.878358150161507e-05	1.4780082690241123e-05	4.4608714204554865	False	frequency_inflow
primary::APC+ARID1A+CTNNB1+FBXW7+RNF43+TCF7L2	1	7.878358150161507e-05	1.4721743104214806e-05	4.4785490400461905	False	frequency_inflow
unknown::APC+FBXW7+KRAS+SOX9+TP53	1	7.878358150161507e-05	1.4583460458890466e-05	4.521015337243063	False	frequency_inflow
primary::APC+ARID1A+KRAS+RNF43+SOX9+TCF7L2	1	7.878358150161507e-05	1.4506067844549333e-05	4.545135807108134	False	frequency_inflow
primary::BRAF+CTNNB1+FBXW7+RNF43+TP53	1	7.878358150161507e-05	1.4399176881773592e-05	4.578876201619355	False	frequency_inflow
unknown::APC+NRAS+SMAD4+TP53	1	7.878358150161507e-05	1.4286111403143394e-05	4.6151150897587625	False	frequency_inflow
metastatic::ARID1A+FBXW7+KRAS+PIK3CA	1	7.878358150161507e-05	1.4281485889732269e-05	4.616609841454183	False	frequency_inflow
primary::APC+ARID1A+KRAS+PIK3CA+SOX9+TGFBR2	1	7.878358150161507e-05	1.4222147778074024e-05	4.63587141117402	False	frequency_inflow
primary::APC+ARID1A+CTNNB1+PIK3CA+TCF7L2	1	7.878358150161507e-05	1.418090813396032e-05	4.649353035331379	False	frequency_inflow
primary::ARID1A+BRAF+FBXW7+PIK3CA+RNF43+TCF7L2+TGFBR2	1	7.878358150161507e-05	1.4176251352387493e-05	4.650880309324696	False	frequency_inflow
metastatic::CTNNB1+NRAS+SMAD4+TP53	1	7.878358150161507e-05	1.4134675414276883e-05	4.664560474772632	False	frequency_inflow
primary::BRAF+FBXW7+PTEN+RNF43	2	0.0001575671630032	1.4080737266941588e-05	9.364857392530041	False	frequency_inflow
primary::ARID1A+KRAS+PIK3CA+RNF43+TCF7L2+TGFBR2	1	7.878358150161507e-05	1.4072632085567227e-05	4.685125557160746	False	frequency_inflow
primary::APC+ARID1A+RNF43+SOX9	3	0.0002363507445048	1.4066688058802861e-05	14.061315918076192	False	frequency_inflow
primary::APC+ARID1A+BRAF+FBXW7+PTEN+RNF43+SOX9+TP53	1	7.878358150161507e-05	1.3993759765160294e-05	4.71153209149361	False	frequency_inflow
primary::ARID1A+BRAF+FBXW7+RNF43+SOX9+TP53	1	7.878358150161507e-05	1.3945693385402715e-05	4.727771246353249	False	frequency_inflow
primary::CTNNB1+FBXW7+KRAS+PIK3CA+SOX9	1	7.878358150161507e-05	1.3923528324640198e-05	4.7352974514197514	False	frequency_inflow
primary::NRAS+PIK3CA+SMAD4	1	7.878358150161507e-05	1.3911680654887246e-05	4.73933019467669	False	frequency_inflow
primary::FBXW7+KRAS+RNF43+SOX9	1	7.878358150161507e-05	1.3881693755195782e-05	4.749567980599716	False	frequency_inflow
primary::APC+ARID1A+BRAF+CTNNB1+PIK3CA+TCF7L2+TP53	1	7.878358150161507e-05	1.3858967869191175e-05	4.757356304645827	False	frequency_inflow
primary::ARID1A+FBXW7+RNF43+SOX9	1	7.878358150161507e-05	1.3849989831819617e-05	4.760440185582038	False	frequency_inflow
primary::BRAF+FBXW7+KRAS+PTEN+SMAD4	1	7.878358150161507e-05	1.3835243016480405e-05	4.765514279849295	False	frequency_inflow
primary::ARID1A+BRAF+FBXW7+RNF43+SOX9+TCF7L2	1	7.878358150161507e-05	1.373511204189449e-05	4.80025557304353	False	frequency_inflow
primary::ARID1A+KRAS+RNF43+TGFBR2	1	7.878358150161507e-05	1.3654438593901398e-05	4.82861654426189	False	frequency_inflow
metastatic::BRAF+CTNNB1+PTEN+TP53	1	7.878358150161507e-05	1.3450700264440105e-05	4.901755799159916	False	frequency_inflow
metastatic::APC+BRAF+NRAS+SOX9	1	7.878358150161507e-05	1.3446370626483247e-05	4.903334130367235	False	frequency_inflow
primary::KRAS+RNF43+TCF7L2	1	7.878358150161507e-05	1.3409453559013653e-05	4.916833316044034	False	frequency_inflow
primary::APC+ARID1A+FBXW7+PIK3CA+PTEN+TGFBR2+TP53	1	7.878358150161507e-05	1.3393409731311027e-05	4.922723139640702	False	frequency_inflow
metastatic::APC+ARID1A+PIK3CA+SMAD4+SOX9+TP53	1	7.878358150161507e-05	1.3243478069824908e-05	4.978454119051104	False	frequency_inflow
primary::ARID1A+BRAF+CTNNB1+PIK3CA+RNF43	1	7.878358150161507e-05	1.3167529624076845e-05	5.007169135052556	False	frequency_inflow
primary::ARID1A+FBXW7+RNF43	3	0.0002363507445048	1.3130835610997993e-05	15.063484881953732	False	frequency_inflow
unknown::APC+CTNNB1+KRAS+SMAD4+TP53	1	7.878358150161507e-05	1.3106841412403366e-05	5.030353677201732	False	frequency_inflow
primary::ARID1A+BRAF+PTEN+RNF43	3	0.0002363507445048	1.3088773135400954e-05	15.111893347001644	False	frequency_inflow
primary::APC+ARID1A+FBXW7+KRAS+PIK3CA+PTEN+RNF43+SOX9+TCF7L2	1	7.878358150161507e-05	1.3058775470112194e-05	5.048869094025502	False	frequency_inflow
primary::ARID1A+PIK3CA+PTEN+RNF43+SOX9	1	7.878358150161507e-05	1.3053231189973178e-05	5.051013570139548	False	frequency_inflow
primary::CTNNB1+KRAS+SMAD4+SOX9	1	7.878358150161507e-05	1.3018072818234139e-05	5.064655020882373	False	frequency_inflow
primary::ARID1A+BRAF+FBXW7+PTEN+RNF43+TCF7L2	2	0.0001575671630032	1.2955025494718665e-05	10.178605648178735	False	frequency_inflow
primary::ARID1A+FBXW7+RNF43+SMAD4	1	7.878358150161507e-05	1.2887537060115903e-05	5.115954080460264	False	frequency_inflow
primary::APC+CTNNB1+KRAS+NRAS+PIK3CA+SOX9+TP53	1	7.878358150161507e-05	1.2871414165763987e-05	5.122362388022893	False	frequency_inflow
primary::APC+FBXW7+PIK3CA+SOX9+TCF7L2	1	7.878358150161507e-05	1.2826685530931852e-05	5.1402248559470305	False	frequency_inflow
metastatic::NRAS+SMAD4+TCF7L2+TP53	1	7.878358150161507e-05	1.260234847662161e-05	5.231727071848487	False	frequency_inflow
primary::APC+ARID1A+CTNNB1+KRAS+PIK3CA+RNF43	2	0.0001575671630032	1.2527827491579216e-05	10.525695330206922	False	frequency_inflow
unknown::APC+KRAS+SOX9	1	7.878358150161507e-05	1.2473517092378892e-05	5.285762399785211	False	frequency_inflow
primary::CTNNB1+NRAS	1	7.878358150161507e-05	1.2441080218251131e-05	5.299543646497077	False	frequency_inflow
primary::APC+FBXW7+PIK3CA+PTEN+SOX9	1	7.878358150161507e-05	1.2350595529630701e-05	5.338369913352546	False	frequency_inflow
primary::BRAF+FBXW7+PTEN+RNF43+SOX9	1	7.878358150161507e-05	1.2349142686508711e-05	5.338997958033872	False	frequency_inflow
unknown::APC+ARID1A+KRAS	1	7.878358150161507e-05	1.2327628003579138e-05	5.348315795891857	False	frequency_inflow
primary::APC+ARID1A+BRAF+FBXW7+KRAS+SOX9+TP53	1	7.878358150161507e-05	1.2131462137792521e-05	5.434798109417006	False	frequency_inflow
primary::ARID1A+BRAF+FBXW7+PTEN+RNF43+TGFBR2	2	0.0001575671630032	1.2046362496125352e-05	10.946382773013777	False	frequency_inflow
metastatic::CTNNB1+KRAS+PIK3CA+PTEN	1	7.878358150161507e-05	1.1864437218265404e-05	5.557115449784545	False	frequency_inflow
metastatic::APC+KRAS+NRAS+PIK3CA+TCF7L2+TP53	1	7.878358150161507e-05	1.1794518184174234e-05	5.590058559928738	False	frequency_inflow
metastatic::APC+ARID1A+PIK3CA+TGFBR2+TP53	1	7.878358150161507e-05	1.1739381716723059e-05	5.616313439701983	False	frequency_inflow
primary::APC+CTNNB1+KRAS+PTEN+SMAD4	1	7.878358150161507e-05	1.1720552416337835e-05	5.62533615808884	False	frequency_inflow
primary::APC+ARID1A+PIK3CA+RNF43+SOX9+TP53	1	7.878358150161507e-05	1.1718671384565427e-05	5.626239113278352	False	frequency_inflow
metastatic::APC+BRAF+PIK3CA+TCF7L2	1	7.878358150161507e-05	1.1647052590771455e-05	5.660835370241463	False	frequency_inflow
primary::ARID1A+BRAF+CTNNB1+RNF43+SOX9	2	0.0001575671630032	1.1646688247798242e-05	11.322024915911355	False	frequency_inflow
primary::ARID1A+BRAF+PIK3CA+PTEN	1	7.878358150161507e-05	1.1517938749780718e-05	5.7242922222259525	False	frequency_inflow
primary::APC+FBXW7+NRAS+SMAD4+SOX9+TP53	1	7.878358150161507e-05	1.1503452013727485e-05	5.73150104121413	False	frequency_inflow
primary::CTNNB1+PTEN+SMAD4	1	7.878358150161507e-05	1.1433927195632062e-05	5.766351843185788	False	frequency_inflow
primary::APC+ARID1A+NRAS+PIK3CA+SOX9	1	7.878358150161507e-05	1.1381702497625772e-05	5.792810622723598	False	frequency_inflow
primary::CTNNB1+PIK3CA+PTEN+SOX9	1	7.878358150161507e-05	1.1285168542432792e-05	5.842362640439662	False	frequency_inflow
primary::APC+CTNNB1+FBXW7+KRAS+PIK3CA+PTEN+RNF43+SMAD4+TP53	1	7.878358150161507e-05	1.1282335002030366e-05	5.8438299403485034	False	frequency_inflow
primary::BRAF+FBXW7+RNF43+TCF7L2	1	7.878358150161507e-05	1.1275152555344804e-05	5.847552550136479	False	frequency_inflow
primary::APC+KRAS+RNF43+TCF7L2+TGFBR2+TP53	1	7.878358150161507e-05	1.1200108147971303e-05	5.886733071496834	False	frequency_inflow
primary::ARID1A+BRAF+PIK3CA+PTEN+RNF43+TCF7L2+TGFBR2+TP53	1	7.878358150161507e-05	1.1167337412135842e-05	5.904007785246912	False	frequency_inflow
primary::ARID1A+CTNNB1+RNF43+TP53	1	7.878358150161507e-05	1.1156468164303746e-05	5.909759795392361	False	frequency_inflow
metastatic::APC+BRAF+CTNNB1	1	7.878358150161507e-05	1.104637062104519e-05	5.968661492442033	False	frequency_inflow
primary::ARID1A+BRAF+CTNNB1+FBXW7+RNF43	1	7.878358150161507e-05	1.1037111669595547e-05	5.973668558024511	False	frequency_inflow
primary::ARID1A+BRAF+FBXW7+PIK3CA+PTEN	1	7.878358150161507e-05	1.1025318953500894e-05	5.980058012266696	False	frequency_inflow
primary::ARID1A+CTNNB1+NRAS+TP53	1	7.878358150161507e-05	1.1001898871779538e-05	5.992787945185371	False	frequency_inflow
primary::CTNNB1+PIK3CA+SOX9	1	7.878358150161507e-05	1.0940753424272571e-05	6.026280306544819	False	frequency_inflow
primary::APC+CTNNB1+FBXW7+KRAS+PIK3CA+RNF43	1	7.878358150161507e-05	1.092266008886762e-05	6.036262810803025	False	frequency_inflow
primary::CTNNB1+NRAS+PIK3CA	1	7.878358150161507e-05	1.0888560464935866e-05	6.055166528476334	False	frequency_inflow
metastatic::APC+KRAS+PTEN+SMAD4+TCF7L2	1	7.878358150161507e-05	1.0861756703402527e-05	6.07010897555588	False	frequency_inflow
primary::BRAF+FBXW7+PIK3CA+SOX9+TGFBR2	1	7.878358150161507e-05	1.0860268126113039e-05	6.070940983148031	False	frequency_inflow
metastatic::BRAF+KRAS+PIK3CA+PTEN+TP53	1	7.878358150161507e-05	1.0811787899526852e-05	6.098163175256061	False	frequency_inflow
unknown::APC+FBXW7+KRAS+PTEN+TP53	1	7.878358150161507e-05	1.0696974338267192e-05	6.163616428082489	False	frequency_inflow
primary::APC+BRAF+PTEN+SMAD4+SOX9+TP53	1	7.878358150161507e-05	1.0685125920690511e-05	6.170451077943408	False	frequency_inflow
primary::APC+ARID1A+BRAF+CTNNB1+RNF43+TCF7L2	1	7.878358150161507e-05	1.0657952042965367e-05	6.186183468809184	False	frequency_inflow
primary::BRAF+FBXW7+KRAS+PIK3CA+PTEN	1	7.878358150161507e-05	1.0403771461533746e-05	6.337321694559346	False	frequency_inflow
primary::APC+BRAF+PIK3CA+PTEN+TCF7L2	1	7.878358150161507e-05	1.0394983705185381e-05	6.342679166506872	False	frequency_inflow
metastatic::ARID1A+CTNNB1+KRAS+PIK3CA	1	7.878358150161507e-05	1.0388754207816691e-05	6.346482480993334	False	frequency_inflow
metastatic::ARID1A+CTNNB1+RNF43+TP53	1	7.878358150161507e-05	1.0281924468797584e-05	6.412422763209087	False	frequency_inflow
metastatic::APC+ARID1A+KRAS+PIK3CA+SOX9+TCF7L2+TGFBR2+TP53	1	7.878358150161507e-05	1.0263816614870837e-05	6.42373582615211	False	frequency_inflow
primary::APC+CTNNB1+FBXW7+KRAS+PIK3CA+PTEN	1	7.878358150161507e-05	1.0191494141761297e-05	6.469320939532186	False	frequency_inflow
primary::APC+ARID1A+CTNNB1+FBXW7+KRAS	1	7.878358150161507e-05	1.0114022450282605e-05	6.518874832537058	False	frequency_inflow
primary::BRAF+PTEN+SMAD4+SOX9	1	7.878358150161507e-05	1.0069156690990632e-05	6.547921380229205	False	frequency_inflow
primary::ARID1A+BRAF+FBXW7+PIK3CA+PTEN+RNF43	1	7.878358150161507e-05	1.0002958794518267e-05	6.591254416704583	False	frequency_inflow
primary::ARID1A+BRAF+RNF43+TGFBR2	2	0.0001575671630032	1.0000519220855747e-05	13.185724636249464	False	frequency_inflow
primary::APC+ARID1A+BRAF+RNF43+SMAD4+SOX9+TCF7L2+TP53	1	7.878358150161507e-05	9.996307876649273e-06	6.595639824590643	False	frequency_inflow
primary::ARID1A+RNF43+TCF7L2+TP53	2	0.0001575671630032	9.963490373360429e-06	13.234728762250556	False	frequency_inflow
metastatic::APC+BRAF+KRAS+PTEN+SMAD4	1	7.878358150161507e-05	9.959620935322358e-06	6.619935310185337	False	frequency_inflow
primary::BRAF+CTNNB1+PIK3CA+RNF43	1	7.878358150161507e-05	9.919417219813134e-06	6.646766117194618	False	frequency_inflow
primary::APC+ARID1A+BRAF+PIK3CA+PTEN+RNF43+TCF7L2	1	7.878358150161507e-05	9.87546954515925e-06	6.676345458602518	False	frequency_inflow
primary::APC+FBXW7+NRAS+PTEN	1	7.878358150161507e-05	9.856542325828646e-06	6.689165841027128	False	frequency_inflow
primary::BRAF+PTEN+RNF43+TGFBR2+TP53	1	7.878358150161507e-05	9.779982686982384e-06	6.7415299489196014	False	frequency_inflow
primary::ARID1A+BRAF+FBXW7+PTEN+RNF43+SMAD4+TCF7L2	1	7.878358150161507e-05	9.654577899793472e-06	6.829096702202858	False	frequency_inflow
metastatic::APC+FBXW7+KRAS+PIK3CA+SOX9+TGFBR2+TP53	1	7.878358150161507e-05	9.56817644657399e-06	6.890764024171053	False	frequency_inflow
metastatic::APC+NRAS+PIK3CA+TCF7L2	3	0.0002363507445048	9.568081309400048e-06	20.672497620850354	False	frequency_inflow
primary::APC+ARID1A+BRAF+FBXW7+PTEN+TCF7L2	1	7.878358150161507e-05	9.5591300126242e-06	6.897285207061624	False	frequency_inflow
metastatic::BRAF+FBXW7+PTEN	1	7.878358150161507e-05	9.368577302260317e-06	7.037572916461588	False	frequency_inflow
primary::APC+CTNNB1+FBXW7+KRAS+PTEN+TCF7L2	1	7.878358150161507e-05	9.31366263992343e-06	7.079067429826029	False	frequency_inflow
primary::APC+ARID1A+FBXW7+PIK3CA+TCF7L2	2	0.0001575671630032	9.277864376274261e-06	14.212763443265398	False	frequency_inflow
metastatic::ARID1A+BRAF+PIK3CA+RNF43	1	7.878358150161507e-05	9.236147813429588e-06	7.138478846277364	False	frequency_inflow
primary::APC+BRAF+FBXW7+TGFBR2	1	7.878358150161507e-05	9.226741340052874e-06	7.14575637812371	False	frequency_inflow
primary::APC+BRAF+SOX9+TGFBR2+TP53	1	7.878358150161507e-05	9.17985525413228e-06	7.18225330555234	False	frequency_inflow
primary::APC+ARID1A+BRAF+PIK3CA+PTEN+RNF43	1	7.878358150161507e-05	8.997732230191994e-06	7.327629219379516	False	frequency_inflow
primary::ARID1A+KRAS+PIK3CA+TCF7L2	1	7.878358150161507e-05	8.9404881413527e-06	7.374546502246671	False	frequency_inflow
primary::APC+ARID1A+BRAF+PIK3CA+PTEN+RNF43+SMAD4+SOX9+TP53	1	7.878358150161507e-05	8.90415891393006e-06	7.404634863148615	False	frequency_inflow
primary::APC+ARID1A+CTNNB1+FBXW7+KRAS+PIK3CA+PTEN	1	7.878358150161507e-05	8.888538544355714e-06	7.4176474770373515	False	frequency_inflow
metastatic::APC+BRAF+KRAS+NRAS+PIK3CA	1	7.878358150161507e-05	8.878330152848852e-06	7.4261763602477044	False	frequency_inflow
primary::APC+ARID1A+CTNNB1+FBXW7+KRAS+TCF7L2	1	7.878358150161507e-05	8.875824788874289e-06	7.428272534188504	False	frequency_inflow
primary::APC+ARID1A+KRAS+PTEN+SOX9+TCF7L2	1	7.878358150161507e-05	8.862721715052698e-06	7.439254848146838	False	frequency_inflow
primary::ARID1A+BRAF+CTNNB1+FBXW7+PIK3CA+RNF43+TP53	1	7.878358150161507e-05	8.815724780145769e-06	7.478913769553152	False	frequency_inflow
primary::ARID1A+BRAF+FBXW7+KRAS+RNF43+SOX9	1	7.878358150161507e-05	8.775993371282496e-06	7.5127729276450985	False	frequency_inflow
primary::APC+ARID1A+FBXW7+KRAS+PIK3CA+PTEN+SOX9+TP53	1	7.878358150161507e-05	8.771491828356333e-06	7.516628493680447	False	frequency_inflow
primary::APC+BRAF+FBXW7+PIK3CA+PTEN+RNF43+SMAD4+SOX9+TCF7L2+TP53	1	7.878358150161507e-05	8.693840377578357e-06	7.583765341725394	False	frequency_inflow
primary::APC+ARID1A+FBXW7+RNF43+TCF7L2	2	0.0001575671630032	8.646787305185765e-06	15.250067562353214	False	frequency_inflow
metastatic::CTNNB1+KRAS+TGFBR2	1	7.878358150161507e-05	8.410858368990848e-06	7.838919904999856	False	frequency_inflow
primary::APC+ARID1A+FBXW7+NRAS+PIK3CA+RNF43+SMAD4+TCF7L2+TGFBR2+TP53	1	7.878358150161507e-05	8.336231064580746e-06	7.9090951901244635	False	frequency_inflow
metastatic::BRAF+CTNNB1+FBXW7+KRAS+PIK3CA+PTEN+SMAD4+TP53	2	0.0001575671630032	8.148232224547494e-06	16.183153110320003	False	frequency_inflow
primary::APC+ARID1A+CTNNB1+KRAS+PIK3CA+PTEN+TCF7L2	1	7.878358150161507e-05	8.078008239916478e-06	8.161918483571652	False	frequency_inflow
primary::APC+ARID1A+CTNNB1+PIK3CA	1	7.878358150161507e-05	8.075476069979914e-06	8.164477758327768	False	frequency_inflow
primary::APC+CTNNB1+FBXW7+PIK3CA+SMAD4+TP53	1	7.878358150161507e-05	8.074787374955006e-06	8.165174102919357	False	frequency_inflow
metastatic::ARID1A+BRAF+RNF43	1	7.878358150161507e-05	8.064035113074194e-06	8.176061218133867	False	frequency_inflow
primary::APC+CTNNB1+FBXW7+KRAS+PIK3CA+RNF43+TCF7L2	1	7.878358150161507e-05	8.055169773073627e-06	8.18505960744257	False	frequency_inflow
primary::APC+ARID1A+BRAF+FBXW7+KRAS+PIK3CA+SOX9+TCF7L2	1	7.878358150161507e-05	7.952370309477436e-06	8.290867008078552	False	frequency_inflow
primary::BRAF+RNF43+SOX9+TCF7L2	1	7.878358150161507e-05	7.928335237914988e-06	8.316001106314818	False	frequency_inflow
primary::BRAF+CTNNB1+FBXW7+PIK3CA+RNF43	1	7.878358150161507e-05	7.912467182216191e-06	8.33267842693177	False	frequency_inflow
primary::APC+ARID1A+BRAF+CTNNB1+KRAS+PIK3CA+SMAD4	1	7.878358150161507e-05	7.810586293705355e-06	8.441369444634761	False	frequency_inflow
primary::APC+ARID1A+BRAF+SOX9+TGFBR2	1	7.878358150161507e-05	7.799887307754357e-06	8.45294834032299	False	frequency_inflow
primary::ARID1A+BRAF+FBXW7+RNF43+SMAD4+SOX9+TCF7L2	1	7.878358150161507e-05	7.77215945955729e-06	8.483104957600483	False	frequency_inflow
primary::ARID1A+FBXW7+PTEN	2	0.0001575671630032	7.736250462442119e-06	17.04496117940597	False	frequency_inflow
primary::APC+ARID1A+FBXW7+PTEN+SOX9	1	7.878358150161507e-05	7.722996177494558e-06	8.537106956075068	False	frequency_inflow
primary::APC+ARID1A+CTNNB1+FBXW7+KRAS+PIK3CA+PTEN+RNF43+TCF7L2	1	7.878358150161507e-05	7.691258735529737e-06	8.572334727062213	False	frequency_inflow
primary::APC+ARID1A+KRAS+PTEN+RNF43	1	7.878358150161507e-05	7.603265140067119e-06	8.671543480280551	False	frequency_inflow
primary::ARID1A+BRAF+CTNNB1+SMAD4+SOX9	1	7.878358150161507e-05	7.553726786656406e-06	8.728412617966626	False	frequency_inflow
primary::BRAF+CTNNB1+PTEN+SMAD4	1	7.878358150161507e-05	7.528607757557875e-06	8.75753476491238	False	frequency_inflow
primary::ARID1A+RNF43+SOX9+TP53	1	7.878358150161507e-05	7.513959368743493e-06	8.77460748928095	False	frequency_inflow
primary::BRAF+FBXW7+PTEN+RNF43+TCF7L2	1	7.878358150161507e-05	7.443422926700519e-06	8.857758684041913	False	frequency_inflow
primary::BRAF+FBXW7+RNF43+TCF7L2+TGFBR2	1	7.878358150161507e-05	7.398741891880292e-06	8.91125072045599	False	frequency_inflow
primary::APC+CTNNB1+FBXW7+KRAS+PIK3CA+SMAD4+TCF7L2+TP53	1	7.878358150161507e-05	7.375172614345853e-06	8.939728930243602	False	frequency_inflow
primary::APC+BRAF+RNF43+TGFBR2	2	0.0001575671630032	7.3371933601415005e-06	17.97200665254089	False	frequency_inflow
unknown::CTNNB1+KRAS	1	7.878358150161507e-05	7.335722770736048e-06	8.98780474651398	False	frequency_inflow
primary::APC+ARID1A+PIK3CA+RNF43+TGFBR2+TP53	1	7.878358150161507e-05	7.263864553448475e-06	9.076717133680436	False	frequency_inflow
primary::APC+BRAF+FBXW7+PIK3CA+PTEN+SOX9+TP53	1	7.878358150161507e-05	7.260293098578276e-06	9.081182116113977	False	frequency_inflow
metastatic::CTNNB1+FBXW7+PIK3CA	1	7.878358150161507e-05	7.259301274621914e-06	9.082422859870626	False	frequency_inflow
primary::NRAS+PIK3CA+SOX9	1	7.878358150161507e-05	7.177269544629483e-06	9.186229293679292	False	frequency_inflow
primary::BRAF+FBXW7+PIK3CA+PTEN+RNF43+SOX9	1	7.878358150161507e-05	7.170698650768118e-06	9.194647124660188	False	frequency_inflow
metastatic::ARID1A+BRAF+FBXW7+PIK3CA+RNF43+TCF7L2	1	7.878358150161507e-05	7.118417443066973e-06	9.262177189085001	False	frequency_inflow
primary::APC+ARID1A+BRAF+CTNNB1+FBXW7+PIK3CA+TP53	1	7.878358150161507e-05	7.081064953381753e-06	9.311034999504455	False	frequency_inflow
primary::ARID1A+BRAF+FBXW7+RNF43+TGFBR2+TP53	1	7.878358150161507e-05	7.041323261639585e-06	9.36358708615764	False	frequency_inflow
metastatic::APC+BRAF+KRAS+PIK3CA+SOX9+TGFBR2	1	7.878358150161507e-05	6.955143148808849e-06	9.47960984202298	False	frequency_inflow
primary::ARID1A+BRAF+CTNNB1+PIK3CA+SMAD4	1	7.878358150161507e-05	6.942764071662946e-06	9.496512159807923	False	frequency_inflow
primary::ARID1A+CTNNB1+PIK3CA+RNF43+SOX9+TCF7L2	2	0.0001575671630032	6.904436509753136e-06	19.0984574290344	False	frequency_inflow
primary::APC+ARID1A+CTNNB1+PIK3CA+PTEN	1	7.878358150161507e-05	6.901822520480797e-06	9.552845379208408	False	frequency_inflow
primary::ARID1A+CTNNB1+FBXW7+KRAS+PIK3CA	1	7.878358150161507e-05	6.867390703224858e-06	9.60074155880403	False	frequency_inflow
primary::ARID1A+FBXW7+PIK3CA+RNF43+SOX9	2	0.0001575671630032	6.861596625459062e-06	19.217697254963483	False	frequency_inflow
primary::APC+FBXW7+KRAS+PTEN+TCF7L2	2	0.0001575671630032	6.860258311852107e-06	19.22144628317969	False	frequency_inflow
primary::APC+ARID1A+FBXW7+NRAS+PTEN+TP53	1	7.878358150161507e-05	6.841024549199221e-06	9.63774399782129	False	frequency_inflow
primary::APC+ARID1A+BRAF+PIK3CA+SMAD4+TP53	1	7.878358150161507e-05	6.829411366337702e-06	9.654132652864423	False	frequency_inflow
primary::APC+BRAF+SOX9+TCF7L2+TGFBR2+TP53	1	7.878358150161507e-05	6.82928353099831e-06	9.65431336569292	False	frequency_inflow
primary::APC+ARID1A+KRAS+PIK3CA+TCF7L2+TGFBR2	2	0.0001575671630032	6.821250950828899e-06	19.331364213196203	False	frequency_inflow
primary::ARID1A+BRAF+CTNNB1+FBXW7+RNF43+TGFBR2+TP53	1	7.878358150161507e-05	6.808086150958774e-06	9.684372638568787	False	frequency_inflow
primary::BRAF+CTNNB1+PIK3CA+TCF7L2	1	7.878358150161507e-05	6.693016233457094e-06	9.850871531624833	False	frequency_inflow
primary::APC+CTNNB1+SMAD4+SOX9	1	7.878358150161507e-05	6.671762757793154e-06	9.882252327763101	False	frequency_inflow
primary::ARID1A+FBXW7+RNF43+TGFBR2	1	7.878358150161507e-05	6.670701476408821e-06	9.883824553547091	False	frequency_inflow
primary::APC+KRAS+PIK3CA+PTEN+SOX9+TGFBR2+TP53	1	7.878358150161507e-05	6.655938268216773e-06	9.905747373713806	False	frequency_inflow
primary::BRAF+CTNNB1+FBXW7+NRAS+PIK3CA+PTEN+SMAD4+TP53	1	7.878358150161507e-05	6.653672882912763e-06	9.909119996857132	False	frequency_inflow
primary::APC+BRAF+CTNNB1+KRAS+PTEN+SMAD4	1	7.878358150161507e-05	6.611750242220961e-06	9.971950019037555	False	frequency_inflow
primary::APC+CTNNB1+FBXW7+KRAS+PTEN+SMAD4+TP53	1	7.878358150161507e-05	6.5922028550860594e-06	10.00151912396771	False	frequency_inflow
primary::APC+BRAF+CTNNB1+SOX9+TP53	1	7.878358150161507e-05	6.591790287043437e-06	10.0021451005784	False	frequency_inflow
primary::NRAS+PTEN+SMAD4	1	7.878358150161507e-05	6.585668926060694e-06	10.011442065268373	False	frequency_inflow
primary::ARID1A+PIK3CA+RNF43+TCF7L2+TGFBR2	1	7.878358150161507e-05	6.581750778875059e-06	10.017401922897474	False	frequency_inflow
metastatic::BRAF+CTNNB1+FBXW7+KRAS+NRAS+PIK3CA+PTEN+SMAD4+TP53	1	7.878358150161507e-05	6.557173089087376e-06	10.054949286074738	False	frequency_inflow
metastatic::APC+ARID1A+BRAF+RNF43+SOX9+TCF7L2+TGFBR2+TP53	1	7.878358150161507e-05	6.521260428561873e-06	10.110322005642521	False	frequency_inflow
primary::APC+PIK3CA+PTEN+SOX9+TCF7L2	1	7.878358150161507e-05	6.402840217552654e-06	10.297311878512893	False	frequency_inflow
primary::APC+ARID1A+BRAF+FBXW7+PIK3CA+RNF43+SMAD4+TCF7L2	1	7.878358150161507e-05	6.382051437009241e-06	10.330854153344122	False	frequency_inflow
primary::APC+ARID1A+CTNNB1+FBXW7+KRAS+PIK3CA+PTEN+TGFBR2	1	7.878358150161507e-05	6.322702252736019e-06	10.427826562508079	False	frequency_inflow
metastatic::ARID1A+BRAF+PIK3CA+RNF43+SOX9+TCF7L2	1	7.878358150161507e-05	6.192315556988656e-06	10.647397031297745	False	frequency_inflow
primary::APC+ARID1A+BRAF+KRAS+TGFBR2	1	7.878358150161507e-05	6.139623541508315e-06	10.738776040780408	False	frequency_inflow
primary::ARID1A+KRAS+RNF43+TCF7L2	1	7.878358150161507e-05	6.0972566172446906e-06	10.813394654551455	False	frequency_inflow
metastatic::PIK3CA+PTEN+SMAD4+TP53	1	7.878358150161507e-05	6.0472950612759365e-06	10.902732768110198	False	frequency_inflow
primary::ARID1A+CTNNB1+PIK3CA+PTEN+RNF43	1	7.878358150161507e-05	6.037713142244591e-06	10.92003552543577	False	frequency_inflow
metastatic::CTNNB1+KRAS+PIK3CA+SMAD4+SOX9	1	7.878358150161507e-05	5.995206551078346e-06	10.997459614868184	False	frequency_inflow
metastatic::APC+ARID1A+SMAD4+SOX9+TCF7L2+TP53	1	7.878358150161507e-05	5.985272090469234e-06	11.01571339004148	False	frequency_inflow
metastatic::APC+FBXW7+KRAS+PIK3CA+SMAD4+SOX9+TCF7L2	1	7.878358150161507e-05	5.982234652209671e-06	11.021306541373614	False	frequency_inflow
primary::APC+ARID1A+BRAF+PTEN+RNF43+TGFBR2+TP53	1	7.878358150161507e-05	5.911516993302716e-06	11.153151018136578	False	frequency_inflow
metastatic::APC+NRAS+PIK3CA+SMAD4+SOX9	1	7.878358150161507e-05	5.815337753895007e-06	11.337611739570082	False	frequency_inflow
primary::APC+FBXW7+PTEN+RNF43+SOX9+TGFBR2	1	7.878358150161507e-05	5.815215179353073e-06	11.337850716509676	False	frequency_inflow
metastatic::APC+BRAF+FBXW7+RNF43+SMAD4	1	7.878358150161507e-05	5.750021618092805e-06	11.466398883071793	False	frequency_inflow
primary::PTEN+SMAD4+SOX9	1	7.878358150161507e-05	5.732936992456622e-06	11.500569692623579	False	frequency_inflow
primary::ARID1A+BRAF+CTNNB1+SOX9	1	7.878358150161507e-05	5.710906835383232e-06	11.544933804961765	False	frequency_inflow
primary::ARID1A+PTEN+SMAD4	1	7.878358150161507e-05	5.665885097808006e-06	11.636671085083126	False	frequency_inflow
primary::ARID1A+BRAF+FBXW7+PIK3CA+PTEN+RNF43+TCF7L2+TGFBR2	1	7.878358150161507e-05	5.6510800047804586e-06	11.667157641159722	False	frequency_inflow
metastatic::APC+ARID1A+FBXW7+RNF43+SMAD4	1	7.878358150161507e-05	5.645061282947969e-06	11.679597074579272	False	frequency_inflow
primary::APC+BRAF+FBXW7+PIK3CA+TCF7L2	1	7.878358150161507e-05	5.6335894363091085e-06	11.703380583153075	False	frequency_inflow
primary::ARID1A+CTNNB1+PTEN+TCF7L2	1	7.878358150161507e-05	5.543435524193899e-06	11.893714781071552	False	frequency_inflow
primary::CTNNB1+KRAS+SOX9+TGFBR2	2	0.0001575671630032	5.508817360290608e-06	23.936913005149858	False	frequency_inflow
primary::APC+ARID1A+PIK3CA+RNF43+TCF7L2+TGFBR2+TP53	1	7.878358150161507e-05	5.463872772148905e-06	12.066906315042166	False	frequency_inflow
metastatic::FBXW7+PIK3CA+PTEN+SMAD4+TP53	1	7.878358150161507e-05	5.425570524794165e-06	12.152093585797529	False	frequency_inflow
primary::BRAF+CTNNB1+SMAD4+SOX9+TP53	1	7.878358150161507e-05	5.415079939942665e-06	12.175635721233556	False	frequency_inflow
primary::ARID1A+BRAF+CTNNB1+PTEN+RNF43	1	7.878358150161507e-05	5.4045368257884595e-06	12.199387820200549	False	frequency_inflow
primary::APC+ARID1A+FBXW7+PIK3CA+PTEN+RNF43	1	7.878358150161507e-05	5.380324827576039e-06	12.25428627162545	False	frequency_inflow
primary::APC+ARID1A+BRAF+RNF43+SOX9+TCF7L2+TP53	1	7.878358150161507e-05	5.368923367971587e-06	12.280309500922701	False	frequency_inflow
primary::APC+ARID1A+CTNNB1+FBXW7+KRAS+PIK3CA+TGFBR2	1	7.878358150161507e-05	5.361307922020859e-06	12.297753008585236	False	frequency_inflow
primary::ARID1A+PIK3CA+PTEN+RNF43+TCF7L2	2	0.0001575671630032	5.289441169666655e-06	24.929680979905438	False	frequency_inflow
primary::ARID1A+CTNNB1+KRAS+PIK3CA+RNF43+TP53	1	7.878358150161507e-05	5.26976008800241e-06	12.511393177926692	False	frequency_inflow
primary::ARID1A+CTNNB1+RNF43+TCF7L2	1	7.878358150161507e-05	5.243275967293395e-06	12.574589009317837	False	frequency_inflow
unknown::APC+BRAF+SMAD4	1	7.878358150161507e-05	5.200879457625072e-06	12.677094477161676	False	frequency_inflow
unknown::APC+KRAS+PTEN+RNF43+TP53	1	7.878358150161507e-05	5.14175162108214e-06	12.822875347095314	False	frequency_inflow
primary::APC+ARID1A+CTNNB1+FBXW7+PIK3CA	1	7.878358150161507e-05	5.111216425785664e-06	12.899481167268528	False	frequency_inflow
metastatic::APC+ARID1A+CTNNB1+KRAS+PIK3CA+TCF7L2	1	7.878358150161507e-05	5.090446060211406e-06	12.952114450041787	False	frequency_inflow
primary::APC+ARID1A+CTNNB1+FBXW7+KRAS+PIK3CA+RNF43+TCF7L2+TGFBR2+TP53	1	7.878358150161507e-05	5.06051518340313e-06	13.028720892539159	False	frequency_inflow
primary::CTNNB1+FBXW7+KRAS+RNF43+TCF7L2+TGFBR2	1	7.878358150161507e-05	5.0473814696833216e-06	13.06262272014301	False	frequency_inflow
primary::ARID1A+BRAF+CTNNB1+SOX9+TGFBR2	1	7.878358150161507e-05	5.047278874782535e-06	13.062888241080076	False	frequency_inflow
primary::ARID1A+FBXW7+KRAS+PIK3CA+RNF43+SMAD4	1	7.878358150161507e-05	5.034890997002734e-06	13.095028247872282	False	frequency_inflow
primary::APC+ARID1A+KRAS+SMAD4+SOX9+TCF7L2	1	7.878358150161507e-05	4.970983888015927e-06	13.263378266284048	False	frequency_inflow
primary::ARID1A+BRAF+PIK3CA+PTEN+RNF43+SMAD4+TGFBR2	1	7.878358150161507e-05	4.9250383334042705e-06	13.387111952294509	False	frequency_inflow
primary::APC+ARID1A+BRAF+CTNNB1+FBXW7+PIK3CA+RNF43+TGFBR2+TP53	1	7.878358150161507e-05	4.924410405057064e-06	13.388818988200047	False	frequency_inflow
primary::APC+ARID1A+CTNNB1+FBXW7+KRAS+PIK3CA+TCF7L2+TGFBR2	1	7.878358150161507e-05	4.862883865293196e-06	13.55821796158476	False	frequency_inflow
primary::APC+ARID1A+FBXW7+PIK3CA+TCF7L2+TGFBR2+TP53	1	7.878358150161507e-05	4.85404890159381e-06	13.582895574289076	False	frequency_inflow
unknown::FBXW7+PIK3CA+TP53	1	7.878358150161507e-05	4.849550055864897e-06	13.59549619464274	False	frequency_inflow
primary::BRAF+NRAS+RNF43+TGFBR2+TP53	1	7.878358150161507e-05	4.834995725789342e-06	13.636421421769025	False	frequency_inflow
primary::APC+FBXW7+KRAS+NRAS+PIK3CA+PTEN	1	7.878358150161507e-05	4.810801526344794e-06	13.705000894275223	False	frequency_inflow
primary::ARID1A+CTNNB1+KRAS+PTEN+TCF7L2+TP53	1	7.878358150161507e-05	4.7869017419830835e-06	13.773426467909191	False	frequency_inflow
primary::ARID1A+BRAF+PIK3CA+RNF43+SOX9+TCF7L2+TP53	1	7.878358150161507e-05	4.760661671837713e-06	13.849343562140222	False	frequency_inflow
metastatic::APC+BRAF+NRAS+TCF7L2	1	7.878358150161507e-05	4.736781258515458e-06	13.919164810079423	False	frequency_inflow
primary::ARID1A+BRAF+CTNNB1+PTEN+RNF43+TGFBR2	1	7.878358150161507e-05	4.723790112405812e-06	13.957444636487727	False	frequency_inflow
primary::BRAF+CTNNB1+PIK3CA+RNF43+SMAD4	1	7.878358150161507e-05	4.630403587577986e-06	14.238939962743904	False	frequency_inflow
primary::APC+FBXW7+KRAS+NRAS+SMAD4+TCF7L2	1	7.878358150161507e-05	4.599377879427139e-06	14.33499058332608	False	frequency_inflow
primary::APC+ARID1A+CTNNB1+FBXW7+PIK3CA+SOX9+TCF7L2+TP53	1	7.878358150161507e-05	4.585735217853255e-06	14.377637481425396	False	frequency_inflow
primary::APC+ARID1A+FBXW7+PIK3CA+PTEN+SOX9+TCF7L2	1	7.878358150161507e-05	4.563683074788678e-06	14.447111554011304	False	frequency_inflow
primary::APC+ARID1A+BRAF+PTEN+RNF43+SOX9+TGFBR2	1	7.878358150161507e-05	4.541027002256704e-06	14.519191005422423	False	frequency_inflow
primary::PIK3CA+RNF43+SMAD4+SOX9+TGFBR2	1	7.878358150161507e-05	4.519707499431344e-06	14.587678150932135	False	frequency_inflow
primary::ARID1A+BRAF+FBXW7+PTEN+RNF43+SOX9+TGFBR2+TP53	1	7.878358150161507e-05	4.5113982727339475e-06	14.61454616181234	False	frequency_inflow
primary::ARID1A+BRAF+CTNNB1+KRAS	1	7.878358150161507e-05	4.5081808556984464e-06	14.624976328849122	False	frequency_inflow
primary::FBXW7+PIK3CA+PTEN+SMAD4	1	7.878358150161507e-05	4.488687570777031e-06	14.688489051117994	False	frequency_inflow
primary::APC+ARID1A+BRAF+PIK3CA+SOX9+TCF7L2+TGFBR2	2	0.0001575671630032	4.485964563668216e-06	29.3948100982795	False	frequency_inflow
primary::APC+KRAS+NRAS+PTEN+SMAD4+TCF7L2	1	7.878358150161507e-05	4.445727590503546e-06	14.830426910579598	False	frequency_inflow
primary::APC+BRAF+FBXW7+SMAD4+TGFBR2+TP53	1	7.878358150161507e-05	4.365331227198595e-06	15.103559017785935	False	frequency_inflow
primary::BRAF+PTEN+RNF43+SOX9	1	7.878358150161507e-05	4.36485152600756e-06	15.105218912411587	False	frequency_inflow
metastatic::APC+ARID1A+BRAF+PTEN+TCF7L2+TP53	1	7.878358150161507e-05	4.359762042002901e-06	15.122852386823139	False	frequency_inflow
primary::BRAF+FBXW7+PTEN+RNF43+TGFBR2	1	7.878358150161507e-05	4.3519175949168444e-06	15.150111723768745	False	frequency_inflow
primary::APC+ARID1A+FBXW7+KRAS+PTEN+RNF43+TCF7L2	1	7.878358150161507e-05	4.3297245840434685e-06	15.22776712887284	False	frequency_inflow
primary::BRAF+FBXW7+PIK3CA+RNF43+SOX9+TCF7L2+TGFBR2	1	7.878358150161507e-05	4.321715040008214e-06	15.255989129172768	False	frequency_inflow
primary::BRAF+PIK3CA+RNF43+TGFBR2	4	0.0003151343260064	4.274774976430902e-06	61.694042718722585	False	frequency_inflow
primary::APC+ARID1A+PTEN+SOX9+TCF7L2+TP53	1	7.878358150161507e-05	4.245242700283419e-06	15.530805197669844	False	frequency_inflow
primary::APC+FBXW7+SMAD4+SOX9+TGFBR2+TP53	1	7.878358150161507e-05	4.2426306449932355e-06	15.540367027513183	False	frequency_inflow
primary::BRAF+FBXW7+PIK3CA+SMAD4+SOX9	1	7.878358150161507e-05	4.219355414838336e-06	15.626092333388021	False	frequency_inflow
primary::APC+ARID1A+CTNNB1+PIK3CA+SOX9+TCF7L2	1	7.878358150161507e-05	4.219038433134988e-06	15.6272663412263	False	frequency_inflow
unknown::PIK3CA+SMAD4	2	0.0001575671630032	4.1616536430294445e-06	31.68549943766095	False	frequency_inflow
metastatic::ARID1A+BRAF+FBXW7+PIK3CA+RNF43	1	7.878358150161507e-05	4.1098108248380556e-06	16.04259653137158	False	frequency_inflow
metastatic::APC+ARID1A+BRAF+PIK3CA+PTEN	1	7.878358150161507e-05	4.099088574412219e-06	16.084560175826624	False	frequency_inflow
primary::APC+BRAF+NRAS+PIK3CA+SMAD4+SOX9	1	7.878358150161507e-05	4.098589841692288e-06	16.086517408630588	False	frequency_inflow
primary::BRAF+CTNNB1+FBXW7+KRAS+PIK3CA+PTEN+SMAD4+TP53	1	7.878358150161507e-05	4.0741161122745264e-06	16.183151124226736	False	frequency_inflow
primary::ARID1A+BRAF+CTNNB1+SMAD4	1	7.878358150161507e-05	4.014654581207454e-06	16.422841659036433	False	frequency_inflow
primary::APC+ARID1A+BRAF+PIK3CA+RNF43+SMAD4+TCF7L2	1	7.878358150161507e-05	3.99876060814207e-06	16.488117919180144	False	frequency_inflow
primary::ARID1A+BRAF+FBXW7+RNF43+SOX9+TGFBR2	1	7.878358150161507e-05	3.965089561323063e-06	16.628132928125815	False	frequency_inflow
primary::BRAF+CTNNB1+FBXW7+RNF43+TGFBR2+TP53	1	7.878358150161507e-05	3.882658141344557e-06	16.981159181257606	False	frequency_inflow
metastatic::APC+ARID1A+KRAS+SOX9+TCF7L2	1	7.878358150161507e-05	3.880773434885723e-06	16.989406117771022	False	frequency_inflow
primary::ARID1A+SMAD4+SOX9+TP53	1	7.878358150161507e-05	3.871103282190109e-06	17.031846243221146	False	frequency_inflow
primary::CTNNB1+KRAS+PTEN+TCF7L2+TP53	1	7.878358150161507e-05	3.848733830074014e-06	17.130838012155014	False	frequency_inflow
primary::ARID1A+CTNNB1+SOX9+TGFBR2	1	7.878358150161507e-05	3.835405671713738e-06	17.190368211013485	False	frequency_inflow
metastatic::APC+BRAF+PTEN+TGFBR2	1	7.878358150161507e-05	3.8145097325999066e-06	17.284537270340493	False	frequency_inflow
primary::APC+ARID1A+BRAF+CTNNB1+FBXW7+KRAS+PIK3CA+RNF43	1	7.878358150161507e-05	3.779424670566047e-06	17.444992618643617	False	frequency_inflow
primary::CTNNB1+KRAS+TCF7L2+TGFBR2+TP53	1	7.878358150161507e-05	3.7627080667501707e-06	17.52249556266704	False	frequency_inflow
primary::ARID1A+BRAF+RNF43+SOX9+TCF7L2+TGFBR2	1	7.878358150161507e-05	3.7117338582972664e-06	17.763136496226668	False	frequency_inflow
primary::ARID1A+BRAF+PTEN+RNF43+SOX9+TCF7L2+TP53	2	0.0001575671630032	3.6813037475639024e-06	35.81993746611427	False	frequency_inflow
primary::APC+FBXW7+PIK3CA+RNF43+TCF7L2+TGFBR2	1	7.878358150161507e-05	3.529730354015012e-06	18.679056934670186	False	frequency_inflow
metastatic::APC+ARID1A+CTNNB1+FBXW7+SOX9+TP53	1	7.878358150161507e-05	3.5200218618821617e-06	18.73057520157211	False	frequency_inflow
primary::APC+BRAF+FBXW7+RNF43+SOX9+TCF7L2	1	7.878358150161507e-05	3.489859645697234e-06	18.892460077747437	False	frequency_inflow
primary::APC+PIK3CA+RNF43+SMAD4+TCF7L2	1	7.878358150161507e-05	3.483211001737702e-06	18.92852140290191	False	frequency_inflow
primary::APC+BRAF+PIK3CA+RNF43+TCF7L2	1	7.878358150161507e-05	3.4829169540943887e-06	18.930119455794134	False	frequency_inflow
primary::APC+ARID1A+BRAF+NRAS+RNF43+TCF7L2+TGFBR2	1	7.878358150161507e-05	3.402296661842074e-06	19.37868448877572	False	frequency_inflow
primary::APC+FBXW7+KRAS+PTEN+TCF7L2+TGFBR2	1	7.878358150161507e-05	3.349364207347159e-06	19.684939934620598	False	frequency_inflow
primary::ARID1A+CTNNB1+FBXW7+PIK3CA+SOX9+TCF7L2	1	7.878358150161507e-05	3.3156580781039746e-06	19.885051922599793	False	frequency_inflow
primary::ARID1A+BRAF+FBXW7+RNF43+SMAD4+SOX9	1	7.878358150161507e-05	3.3136774678461383e-06	19.896937365981724	False	frequency_inflow
metastatic::ARID1A+CTNNB1+KRAS+SOX9	1	7.878358150161507e-05	3.283574440403418e-06	20.07934768742104	False	frequency_inflow
primary::APC+ARID1A+FBXW7+SOX9+TCF7L2	1	7.878358150161507e-05	3.2810087248715256e-06	20.09504952879059	False	frequency_inflow
metastatic::APC+ARID1A+BRAF+RNF43+TCF7L2	1	7.878358150161507e-05	3.26848579080713e-06	20.172042032164807	False	frequency_inflow
primary::APC+BRAF+PIK3CA+PTEN+RNF43+TCF7L2+TGFBR2	1	7.878358150161507e-05	3.2612911154369653e-06	20.216543195764284	False	frequency_inflow
metastatic::ARID1A+BRAF+PIK3CA+RNF43+SOX9	1	7.878358150161507e-05	3.24715746358492e-06	20.304538157015827	False	frequency_inflow
metastatic::APC+NRAS+PIK3CA+SMAD4+SOX9+TCF7L2+TP53	1	7.878358150161507e-05	3.241725953947909e-06	20.33855838643107	False	frequency_inflow
primary::APC+CTNNB1+KRAS+PIK3CA+PTEN+RNF43+TCF7L2	1	7.878358150161507e-05	3.240325824551579e-06	20.347346578183846	False	frequency_inflow
primary::BRAF+PIK3CA+SOX9+TGFBR2	1	7.878358150161507e-05	3.227652308129368e-06	20.42724129003457	False	frequency_inflow
metastatic::APC+FBXW7+NRAS+PIK3CA+PTEN+SMAD4	1	7.878358150161507e-05	3.2245004921880492e-06	20.44720806781125	False	frequency_inflow
primary::BRAF+FBXW7+PTEN+RNF43+SOX9+TGFBR2+TP53	1	7.878358150161507e-05	3.2117743677586495e-06	20.528226720833175	False	frequency_inflow
primary::ARID1A+BRAF+CTNNB1+PIK3CA+TCF7L2	1	7.878358150161507e-05	3.157749514362549e-06	20.879436999805705	False	frequency_inflow
primary::BRAF+FBXW7+RNF43+TGFBR2	1	7.878358150161507e-05	3.0883706296640218e-06	21.348484195507755	False	frequency_inflow
primary::ARID1A+NRAS+TCF7L2+TP53	1	7.878358150161507e-05	3.0825409461466106e-06	21.388858311614054	False	frequency_inflow
metastatic::APC+ARID1A+BRAF+FBXW7+PTEN+TCF7L2	1	7.878358150161507e-05	3.062875688913303e-06	21.526185877606892	False	frequency_inflow
primary::APC+ARID1A+CTNNB1+KRAS+RNF43+SOX9+TCF7L2	1	7.878358150161507e-05	3.0341103987019897e-06	21.730267700105873	False	frequency_inflow
primary::APC+ARID1A+PIK3CA+PTEN+TCF7L2	3	0.0002363507445048	3.000042701063366e-06	65.93109250610715	False	frequency_inflow
metastatic::APC+ARID1A+BRAF+PTEN+RNF43+TCF7L2	1	7.878358150161507e-05	2.993939774862276e-06	22.021829382636945	False	frequency_inflow
primary::ARID1A+CTNNB1+RNF43+SOX9+TCF7L2	1	7.878358150161507e-05	2.981565874906992e-06	22.113222909948515	False	frequency_inflow
primary::ARID1A+RNF43+TGFBR2	1	7.878358150161507e-05	2.9070560162887148e-06	22.67999992993218	False	frequency_inflow
primary::CTNNB1+FBXW7+PTEN+SOX9+TP53	1	7.878358150161507e-05	2.898834320610931e-06	22.744325093928303	False	frequency_inflow
primary::ARID1A+FBXW7+SOX9	2	0.0001575671630032	2.8738936751823384e-06	45.88341632355829	False	frequency_inflow
primary::ARID1A+RNF43+SOX9+TGFBR2	2	0.0001575671630032	2.8642919164570905e-06	46.037227929381714	False	frequency_inflow
primary::APC+FBXW7+PTEN+RNF43+TCF7L2	1	7.878358150161507e-05	2.835265998213634e-06	23.254265988803713	False	frequency_inflow
primary::CTNNB1+KRAS+SMAD4+TCF7L2	1	7.878358150161507e-05	2.8292602708329767e-06	23.303628267008907	False	frequency_inflow
primary::CTNNB1+FBXW7+KRAS+TCF7L2	2	0.0001575671630032	2.807082644538412e-06	46.97548151370882	False	frequency_inflow
primary::BRAF+KRAS+NRAS+PIK3CA+PTEN+SMAD4+TP53	1	7.878358150161507e-05	2.798096570363672e-06	23.56317150054479	False	frequency_inflow
primary::APC+ARID1A+PTEN+RNF43+TCF7L2	1	7.878358150161507e-05	2.7972010416279686e-06	23.570715287825443	False	frequency_inflow
primary::ARID1A+CTNNB1+SOX9	1	7.878358150161507e-05	2.7730132971261713e-06	23.776311933936274	False	frequency_inflow
primary::BRAF+PIK3CA+RNF43+SOX9+TCF7L2+TGFBR2	1	7.878358150161507e-05	2.7529380635130013e-06	23.94969572686494	False	frequency_inflow
metastatic::ARID1A+BRAF+PIK3CA+RNF43+TCF7L2	1	7.878358150161507e-05	2.71274641903502e-06	24.304530699430277	False	frequency_inflow
primary::APC+CTNNB1+KRAS+RNF43+SOX9	1	7.878358150161507e-05	2.710841181055133e-06	24.321612444467114	False	frequency_inflow
primary::APC+PIK3CA+TCF7L2+TGFBR2	1	7.878358150161507e-05	2.665121156407261e-06	24.7388483740712	False	frequency_inflow
primary::FBXW7+KRAS+PTEN+RNF43+SOX9	1	7.878358150161507e-05	2.6025051566431404e-06	25.334062229762328	False	frequency_inflow
primary::ARID1A+FBXW7+KRAS+PTEN+RNF43	2	0.0001575671630032	2.6011350565343517e-06	50.69481295305213	False	frequency_inflow
primary::FBXW7+PTEN+TGFBR2+TP53	1	7.878358150161507e-05	2.5959389548867635e-06	25.398142511587057	False	frequency_inflow
primary::ARID1A+CTNNB1+FBXW7+PIK3CA+PTEN+SOX9+TCF7L2	3	0.0002363507445048	2.53888730256627e-06	77.90660131729446	False	frequency_inflow
metastatic::KRAS+NRAS+PIK3CA+PTEN+SMAD4+TP53	1	7.878358150161507e-05	2.52701167637685e-06	26.09090707857792	False	frequency_inflow
metastatic::BRAF+FBXW7+PTEN+RNF43	1	7.878358150161507e-05	2.4890348508956304e-06	26.48899287730731	False	frequency_inflow
primary::PIK3CA+RNF43+TCF7L2	1	7.878358150161507e-05	2.4735818367854025e-06	26.65447542133673	False	frequency_inflow
primary::APC+ARID1A+CTNNB1+FBXW7+RNF43+SOX9+TGFBR2	1	7.878358150161507e-05	2.456868445996312e-06	26.835798309584202	False	frequency_inflow
metastatic::PIK3CA+PTEN+RNF43	1	7.878358150161507e-05	2.4522058245724337e-06	26.886823845795636	False	frequency_inflow
metastatic::CTNNB1+PIK3CA+TCF7L2	1	7.878358150161507e-05	2.451262647841166e-06	26.897169133072826	False	frequency_inflow
primary::CTNNB1+PIK3CA+TCF7L2	1	7.878358150161507e-05	2.451262647841166e-06	26.897169133072826	False	frequency_inflow
primary::APC+CTNNB1+FBXW7+PIK3CA+TCF7L2	1	7.878358150161507e-05	2.4441111092910286e-06	26.975870981982908	False	frequency_inflow
primary::APC+ARID1A+FBXW7+KRAS+PIK3CA+PTEN+RNF43+SOX9+TCF7L2+TGFBR2	1	7.878358150161507e-05	2.438567749936749e-06	27.03719258579321	False	frequency_inflow
primary::BRAF+PIK3CA+PTEN+RNF43+SOX9+TGFBR2	1	7.878358150161507e-05	2.417079619764415e-06	27.277556398662067	False	frequency_inflow
primary::ARID1A+RNF43+TCF7L2+TGFBR2	1	7.878358150161507e-05	2.3928921607828655e-06	27.55327902068406	False	frequency_inflow
primary::APC+ARID1A+CTNNB1+PTEN+SOX9	1	7.878358150161507e-05	2.2533338049672857e-06	29.259767692042598	False	frequency_inflow
primary::APC+ARID1A+FBXW7+KRAS+PIK3CA+SMAD4+SOX9+TGFBR2	1	7.878358150161507e-05	2.2456387941923096e-06	29.360030533948883	False	frequency_inflow
primary::ARID1A+BRAF+PTEN+SOX9	1	7.878358150161507e-05	2.1954481403630315e-06	30.0312367586136	False	frequency_inflow
primary::ARID1A+CTNNB1+PTEN+SOX9+TGFBR2	1	7.878358150161507e-05	2.1604767641695983e-06	30.51734853243378	False	frequency_inflow
primary::APC+ARID1A+BRAF+FBXW7+TGFBR2+TP53	2	0.0001575671630032	2.1041800804939213e-06	62.66766062761845	False	frequency_inflow
primary::ARID1A+PTEN+RNF43+TGFBR2	2	0.0001575671630032	2.1009593171673563e-06	62.76372988769053	False	frequency_inflow
primary::BRAF+CTNNB1+FBXW7+PIK3CA+PTEN+RNF43+SOX9	1	7.878358150161507e-05	2.0853172501835413e-06	31.617261739273523	False	frequency_inflow
primary::APC+ARID1A+CTNNB1+RNF43+TCF7L2+TGFBR2+TP53	1	7.878358150161507e-05	2.0455492632298257e-06	32.23193979190389	False	frequency_inflow
primary::ARID1A+FBXW7+SOX9+TGFBR2	1	7.878358150161507e-05	2.0432848414242974e-06	32.267660054737206	False	frequency_inflow
primary::BRAF+RNF43+SOX9+TGFBR2	4	0.0003151343260064	2.0382564073611613e-06	129.38906084699775	False	frequency_inflow
unknown::APC+KRAS+NRAS+SMAD4	1	7.878358150161507e-05	2.023563775798191e-06	32.58213115502079	False	frequency_inflow
primary::APC+ARID1A+FBXW7+PTEN+TGFBR2+TP53	1	7.878358150161507e-05	2.0065392232365626e-06	32.85857525416962	False	frequency_inflow
primary::APC+ARID1A+SOX9+TCF7L2+TGFBR2+TP53	1	7.878358150161507e-05	1.9824026276949907e-06	33.25864218801818	False	frequency_inflow
metastatic::APC+CTNNB1+SMAD4+TGFBR2+TP53	1	7.878358150161507e-05	1.8742757581328875e-06	35.177330476752495	False	frequency_inflow
primary::APC+CTNNB1+FBXW7+KRAS+PIK3CA+TGFBR2	1	7.878358150161507e-05	1.8152898963505776e-06	36.320378765896585	False	frequency_inflow
primary::ARID1A+CTNNB1+PTEN+RNF43+SOX9	1	7.878358150161507e-05	1.776845867066721e-06	37.10620996539773	False	frequency_inflow
primary::APC+ARID1A+KRAS+RNF43+SOX9+TCF7L2+TGFBR2	1	7.878358150161507e-05	1.764518104209668e-06	37.36545145271635	False	frequency_inflow
metastatic::APC+ARID1A+CTNNB1+KRAS+RNF43+TCF7L2+TGFBR2	1	7.878358150161507e-05	1.7183353769370242e-06	38.36970095649279	False	frequency_inflow
primary::APC+ARID1A+BRAF+CTNNB1+FBXW7+PIK3CA+PTEN+TGFBR2	1	7.878358150161507e-05	1.670697652615195e-06	39.463761356682404	False	frequency_inflow
primary::APC+ARID1A+NRAS+TCF7L2	1	7.878358150161507e-05	1.6477051332556722e-06	40.01444893299205	False	frequency_inflow
primary::ARID1A+CTNNB1+KRAS+NRAS+PIK3CA	1	7.878358150161507e-05	1.647256882665614e-06	40.02533763507921	False	frequency_inflow
primary::ARID1A+BRAF+PIK3CA+PTEN+SOX9+TGFBR2+TP53	1	7.878358150161507e-05	1.6372481329850566e-06	40.27001853134508	False	frequency_inflow
primary::ARID1A+FBXW7+PIK3CA+RNF43+TCF7L2+TGFBR2+TP53	1	7.878358150161507e-05	1.6216310264401918e-06	40.65783843112114	False	frequency_inflow
primary::APC+ARID1A+FBXW7+PIK3CA+PTEN+TCF7L2+TGFBR2	1	7.878358150161507e-05	1.5631662996352198e-06	42.17850062569936	False	frequency_inflow
primary::APC+BRAF+PIK3CA+RNF43+TCF7L2+TGFBR2	1	7.878358150161507e-05	1.4940457176531998e-06	44.129846909540305	False	frequency_inflow
primary::APC+BRAF+CTNNB1+FBXW7+PTEN+SOX9+TGFBR2	1	7.878358150161507e-05	1.4691075824651922e-06	44.87895157150444	False	frequency_inflow
metastatic::NRAS+PIK3CA+SMAD4+TGFBR2+TP53	1	7.878358150161507e-05	1.4459585664381657e-06	45.597438860719606	False	frequency_inflow
primary::APC+FBXW7+PIK3CA+PTEN+TGFBR2	1	7.878358150161507e-05	1.4138078704277227e-06	46.63434662550273	False	frequency_inflow
primary::ARID1A+FBXW7+NRAS+PIK3CA	1	7.878358150161507e-05	1.4059630095156704e-06	46.894552406394325	False	frequency_inflow
metastatic::APC+PIK3CA+SMAD4+TGFBR2	1	7.878358150161507e-05	1.3742296709492524e-06	47.97742789439724	False	frequency_inflow
primary::APC+ARID1A+SOX9+TGFBR2	1	7.878358150161507e-05	1.2653765979418728e-06	52.10464689194347	False	frequency_inflow
primary::ARID1A+BRAF+FBXW7+RNF43+SMAD4+TGFBR2	1	7.878358150161507e-05	1.1350106615011836e-06	58.0893176362031	False	frequency_inflow
primary::CTNNB1+PIK3CA+PTEN+SOX9+TGFBR2	1	7.878358150161507e-05	1.0743811214256506e-06	61.367414452363	False	frequency_inflow
primary::ARID1A+CTNNB1+PTEN+TCF7L2+TGFBR2	1	7.878358150161507e-05	1.0174909725843313e-06	64.79859763244701	False	frequency_inflow
primary::BRAF+RNF43+TCF7L2+TGFBR2	1	7.878358150161507e-05	1.0128329491929694e-06	65.0966063867348	False	frequency_inflow
metastatic::ARID1A+RNF43+TCF7L2+TGFBR2	1	7.878358150161507e-05	9.989877038307103e-07	65.99879725658019	False	frequency_inflow
unknown::WT	819	0.0645237532498227	0.0	53998351346.178474	False	frequency_inflow
primary::WT	164	0.0129205073662648	0.0	10812856679.82079	False	frequency_inflow
metastatic::WT	126	0.0099267312692034	0.0	8307438668.642766	False	frequency_inflow
metastatic::APC+ARID1A+FBXW7+KRAS+PIK3CA+TCF7L2	2	0.0001575671630032	0.0	131864105.85144855	False	frequency_inflow
metastatic::APC+FBXW7+KRAS+NRAS+SMAD4+TP53	2	0.0001575671630032	0.0	131864105.85144855	False	frequency_inflow
metastatic::BRAF+FBXW7+KRAS+PIK3CA+PTEN+SMAD4+TP53	2	0.0001575671630032	0.0	131864105.85144855	False	frequency_inflow
metastatic::FBXW7+RNF43+SMAD4+SOX9	2	0.0001575671630032	0.0	131864105.85144855	False	frequency_inflow
primary::APC+ARID1A+BRAF+CTNNB1+FBXW7+PIK3CA+PTEN+SMAD4+TCF7L2+TP53	2	0.0001575671630032	0.0	131864105.85144855	False	frequency_inflow
primary::APC+ARID1A+BRAF+PTEN+RNF43+TCF7L2+TP53	2	0.0001575671630032	0.0	131864105.85144855	False	frequency_inflow
primary::APC+ARID1A+FBXW7+PIK3CA+RNF43+SMAD4+TCF7L2+TGFBR2+TP53	2	0.0001575671630032	0.0	131864105.85144855	False	frequency_inflow
primary::APC+FBXW7+RNF43+SOX9+TGFBR2	2	0.0001575671630032	0.0	131864105.85144855	False	frequency_inflow
primary::APC+KRAS+RNF43+SMAD4+SOX9+TGFBR2	2	0.0001575671630032	0.0	131864105.85144855	False	frequency_inflow
primary::ARID1A+BRAF+FBXW7+TCF7L2+TGFBR2	2	0.0001575671630032	0.0	131864105.85144855	False	frequency_inflow
primary::ARID1A+BRAF+KRAS+RNF43+TCF7L2+TGFBR2	2	0.0001575671630032	0.0	131864105.85144855	False	frequency_inflow
primary::ARID1A+PIK3CA+PTEN+RNF43	2	0.0001575671630032	0.0	131864105.85144855	False	frequency_inflow
primary::ARID1A+PTEN+TCF7L2	2	0.0001575671630032	0.0	131864105.85144855	False	frequency_inflow
metastatic::APC+ARID1A+BRAF+CTNNB1+FBXW7+KRAS+PIK3CA+PTEN+RNF43+SMAD4+SOX9+TCF7L2+TGFBR2+TP53	1	7.878358150161507e-05	0.0	65932052.9257369	False	frequency_inflow
metastatic::APC+ARID1A+BRAF+CTNNB1+FBXW7+KRAS+RNF43+SMAD4+TCF7L2+TP53	1	7.878358150161507e-05	0.0	65932052.9257369	False	frequency_inflow
metastatic::APC+ARID1A+BRAF+CTNNB1+PTEN+RNF43+SOX9+TCF7L2+TP53	1	7.878358150161507e-05	0.0	65932052.9257369	False	frequency_inflow
metastatic::APC+ARID1A+BRAF+CTNNB1+PTEN+SOX9+TCF7L2	1	7.878358150161507e-05	0.0	65932052.9257369	False	frequency_inflow
metastatic::APC+ARID1A+BRAF+FBXW7+KRAS+SOX9+TCF7L2	1	7.878358150161507e-05	0.0	65932052.9257369	False	frequency_inflow
metastatic::APC+ARID1A+BRAF+FBXW7+KRAS+TCF7L2+TGFBR2	1	7.878358150161507e-05	0.0	65932052.9257369	False	frequency_inflow
metastatic::APC+ARID1A+BRAF+FBXW7+PTEN+RNF43	1	7.878358150161507e-05	0.0	65932052.9257369	False	frequency_inflow
metastatic::APC+ARID1A+BRAF+FBXW7+RNF43+SMAD4+SOX9	1	7.878358150161507e-05	0.0	65932052.9257369	False	frequency_inflow
metastatic::APC+ARID1A+BRAF+FBXW7+RNF43+SMAD4+TGFBR2+TP53	1	7.878358150161507e-05	0.0	65932052.9257369	False	frequency_inflow
metastatic::APC+ARID1A+BRAF+FBXW7+TCF7L2	1	7.878358150161507e-05	0.0	65932052.9257369	False	frequency_inflow
metastatic::APC+ARID1A+BRAF+PIK3CA+PTEN+RNF43+SMAD4+TP53	1	7.878358150161507e-05	0.0	65932052.9257369	False	frequency_inflow
metastatic::APC+ARID1A+BRAF+PIK3CA+PTEN+RNF43+TGFBR2	1	7.878358150161507e-05	0.0	65932052.9257369	False	frequency_inflow
metastatic::APC+ARID1A+BRAF+PIK3CA+TCF7L2+TGFBR2	1	7.878358150161507e-05	0.0	65932052.9257369	False	frequency_inflow
metastatic::APC+ARID1A+BRAF+PTEN+SOX9	1	7.878358150161507e-05	0.0	65932052.9257369	False	frequency_inflow
metastatic::APC+ARID1A+BRAF+PTEN+TGFBR2+TP53	1	7.878358150161507e-05	0.0	65932052.9257369	False	frequency_inflow
metastatic::APC+ARID1A+BRAF+RNF43+TCF7L2+TGFBR2+TP53	1	7.878358150161507e-05	0.0	65932052.9257369	False	frequency_inflow
metastatic::APC+ARID1A+CTNNB1+FBXW7+KRAS+PTEN+RNF43+SOX9	1	7.878358150161507e-05	0.0	65932052.9257369	False	frequency_inflow
metastatic::APC+ARID1A+CTNNB1+FBXW7+NRAS+PIK3CA+PTEN+SMAD4+SOX9+TCF7L2	1	7.878358150161507e-05	0.0	65932052.9257369	False	frequency_inflow
metastatic::APC+ARID1A+CTNNB1+FBXW7+PIK3CA+RNF43+SOX9	1	7.878358150161507e-05	0.0	65932052.9257369	False	frequency_inflow
metastatic::APC+ARID1A+CTNNB1+FBXW7+PIK3CA+RNF43+SOX9+TCF7L2+TP53	1	7.878358150161507e-05	0.0	65932052.9257369	False	frequency_inflow
metastatic::APC+ARID1A+CTNNB1+KRAS+PTEN+TGFBR2+TP53	1	7.878358150161507e-05	0.0	65932052.9257369	False	frequency_inflow
metastatic::APC+ARID1A+CTNNB1+KRAS+RNF43+SMAD4+SOX9+TGFBR2+TP53	1	7.878358150161507e-05	0.0	65932052.9257369	False	frequency_inflow
metastatic::APC+ARID1A+CTNNB1+KRAS+RNF43+TCF7L2	1	7.878358150161507e-05	0.0	65932052.9257369	False	frequency_inflow
metastatic::APC+ARID1A+CTNNB1+NRAS+PIK3CA+SOX9+TCF7L2	1	7.878358150161507e-05	0.0	65932052.9257369	False	frequency_inflow
metastatic::APC+ARID1A+CTNNB1+PIK3CA+PTEN+TCF7L2	1	7.878358150161507e-05	0.0	65932052.9257369	False	frequency_inflow
metastatic::APC+ARID1A+CTNNB1+PTEN+TCF7L2+TGFBR2	1	7.878358150161507e-05	0.0	65932052.9257369	False	frequency_inflow
metastatic::APC+ARID1A+CTNNB1+RNF43+SOX9	1	7.878358150161507e-05	0.0	65932052.9257369	False	frequency_inflow
metastatic::APC+ARID1A+FBXW7+KRAS+PIK3CA+PTEN+SMAD4	1	7.878358150161507e-05	0.0	65932052.9257369	False	frequency_inflow
metastatic::APC+ARID1A+FBXW7+KRAS+RNF43+SMAD4+SOX9	1	7.878358150161507e-05	0.0	65932052.9257369	False	frequency_inflow
metastatic::APC+ARID1A+FBXW7+NRAS+PIK3CA+RNF43+SOX9+TCF7L2+TGFBR2+TP53	1	7.878358150161507e-05	0.0	65932052.9257369	False	frequency_inflow
metastatic::APC+ARID1A+FBXW7+PIK3CA+SOX9	1	7.878358150161507e-05	0.0	65932052.9257369	False	frequency_inflow
metastatic::APC+ARID1A+FBXW7+RNF43	1	7.878358150161507e-05	0.0	65932052.9257369	False	frequency_inflow
metastatic::APC+ARID1A+KRAS+NRAS+RNF43+TP53	1	7.878358150161507e-05	0.0	65932052.9257369	False	frequency_inflow
metastatic::APC+ARID1A+KRAS+PIK3CA+PTEN+RNF43+TP53	1	7.878358150161507e-05	0.0	65932052.9257369	False	frequency_inflow
metastatic::APC+ARID1A+KRAS+PIK3CA+RNF43+SOX9+TP53	1	7.878358150161507e-05	0.0	65932052.9257369	False	frequency_inflow
metastatic::APC+ARID1A+KRAS+PIK3CA+TCF7L2+TGFBR2+TP53	1	7.878358150161507e-05	0.0	65932052.9257369	False	frequency_inflow
metastatic::APC+ARID1A+KRAS+TCF7L2+TGFBR2	1	7.878358150161507e-05	0.0	65932052.9257369	False	frequency_inflow
metastatic::APC+ARID1A+NRAS+PIK3CA+RNF43+SOX9	1	7.878358150161507e-05	0.0	65932052.9257369	False	frequency_inflow
metastatic::APC+ARID1A+PIK3CA+RNF43+TCF7L2+TGFBR2	1	7.878358150161507e-05	0.0	65932052.9257369	False	frequency_inflow
metastatic::APC+BRAF+CTNNB1+FBXW7+PIK3CA+RNF43+SOX9+TP53	1	7.878358150161507e-05	0.0	65932052.9257369	False	frequency_inflow
metastatic::APC+BRAF+CTNNB1+FBXW7+PIK3CA+RNF43+TCF7L2+TGFBR2	1	7.878358150161507e-05	0.0	65932052.9257369	False	frequency_inflow
metastatic::APC+BRAF+CTNNB1+FBXW7+PTEN+SOX9+TP53	1	7.878358150161507e-05	0.0	65932052.9257369	False	frequency_inflow
metastatic::APC+BRAF+FBXW7+KRAS+PIK3CA+PTEN	1	7.878358150161507e-05	0.0	65932052.9257369	False	frequency_inflow
metastatic::APC+BRAF+FBXW7+PIK3CA+SMAD4	1	7.878358150161507e-05	0.0	65932052.9257369	False	frequency_inflow
metastatic::APC+BRAF+FBXW7+RNF43	1	7.878358150161507e-05	0.0	65932052.9257369	False	frequency_inflow
metastatic::APC+BRAF+NRAS+RNF43+TGFBR2+TP53	1	7.878358150161507e-05	0.0	65932052.9257369	False	frequency_inflow
metastatic::APC+BRAF+PIK3CA+PTEN+SOX9+TGFBR2	1	7.878358150161507e-05	0.0	65932052.9257369	False	frequency_inflow
metastatic::APC+BRAF+SOX9+TGFBR2	1	7.878358150161507e-05	0.0	65932052.9257369	False	frequency_inflow
metastatic::APC+CTNNB1+KRAS+PTEN+RNF43+TCF7L2	1	7.878358150161507e-05	0.0	65932052.9257369	False	frequency_inflow
metastatic::APC+FBXW7+KRAS+RNF43+SMAD4+TCF7L2	1	7.878358150161507e-05	0.0	65932052.9257369	False	frequency_inflow
metastatic::APC+FBXW7+KRAS+RNF43+SOX9+TCF7L2	1	7.878358150161507e-05	0.0	65932052.9257369	False	frequency_inflow
metastatic::APC+FBXW7+NRAS+PIK3CA+SMAD4	1	7.878358150161507e-05	0.0	65932052.9257369	False	frequency_inflow
metastatic::APC+FBXW7+RNF43+TCF7L2	1	7.878358150161507e-05	0.0	65932052.9257369	False	frequency_inflow
metastatic::ARID1A+BRAF+FBXW7+KRAS+PIK3CA+PTEN+RNF43+TCF7L2+TGFBR2	1	7.878358150161507e-05	0.0	65932052.9257369	False	frequency_inflow
metastatic::ARID1A+BRAF+FBXW7+PTEN+RNF43+TP53	1	7.878358150161507e-05	0.0	65932052.9257369	False	frequency_inflow
metastatic::ARID1A+BRAF+NRAS+PIK3CA+RNF43+SOX9+TGFBR2+TP53	1	7.878358150161507e-05	0.0	65932052.9257369	False	frequency_inflow
metastatic::ARID1A+BRAF+NRAS+PIK3CA+SMAD4	1	7.878358150161507e-05	0.0	65932052.9257369	False	frequency_inflow
metastatic::ARID1A+BRAF+PTEN+RNF43+TGFBR2	1	7.878358150161507e-05	0.0	65932052.9257369	False	frequency_inflow
metastatic::ARID1A+BRAF+PTEN+SMAD4+SOX9	1	7.878358150161507e-05	0.0	65932052.9257369	False	frequency_inflow
metastatic::ARID1A+CTNNB1+FBXW7+PTEN+RNF43+SOX9	1	7.878358150161507e-05	0.0	65932052.9257369	False	frequency_inflow
metastatic::ARID1A+CTNNB1+KRAS+PTEN+SMAD4+TCF7L2	1	7.878358150161507e-05	0.0	65932052.9257369	False	frequency_inflow
metastatic::ARID1A+CTNNB1+PIK3CA+RNF43	1	7.878358150161507e-05	0.0	65932052.9257369	False	frequency_inflow
metastatic::ARID1A+FBXW7+KRAS+PTEN+RNF43+SMAD4	1	7.878358150161507e-05	0.0	65932052.9257369	False	frequency_inflow
metastatic::ARID1A+FBXW7+PIK3CA+RNF43+TP53	1	7.878358150161507e-05	0.0	65932052.9257369	False	frequency_inflow
metastatic::ARID1A+KRAS+PIK3CA+RNF43+SOX9+TCF7L2+TGFBR2+TP53	1	7.878358150161507e-05	0.0	65932052.9257369	False	frequency_inflow
metastatic::ARID1A+KRAS+PIK3CA+SOX9+TGFBR2	1	7.878358150161507e-05	0.0	65932052.9257369	False	frequency_inflow
metastatic::ARID1A+PIK3CA+RNF43+TGFBR2	1	7.878358150161507e-05	0.0	65932052.9257369	False	frequency_inflow
metastatic::ARID1A+RNF43+SMAD4+TGFBR2+TP53	1	7.878358150161507e-05	0.0	65932052.9257369	False	frequency_inflow
metastatic::ARID1A+RNF43+SOX9	1	7.878358150161507e-05	0.0	65932052.9257369	False	frequency_inflow
metastatic::ARID1A+RNF43+TCF7L2	1	7.878358150161507e-05	0.0	65932052.9257369	False	frequency_inflow
metastatic::ARID1A+SMAD4+SOX9	1	7.878358150161507e-05	0.0	65932052.9257369	False	frequency_inflow
metastatic::BRAF+CTNNB1+KRAS+PIK3CA+TGFBR2+TP53	1	7.878358150161507e-05	0.0	65932052.9257369	False	frequency_inflow
metastatic::BRAF+CTNNB1+NRAS+PIK3CA+RNF43+TCF7L2	1	7.878358150161507e-05	0.0	65932052.9257369	False	frequency_inflow
metastatic::BRAF+FBXW7+PIK3CA+SMAD4+SOX9	1	7.878358150161507e-05	0.0	65932052.9257369	False	frequency_inflow
metastatic::BRAF+FBXW7+RNF43+SMAD4+TGFBR2+TP53	1	7.878358150161507e-05	0.0	65932052.9257369	False	frequency_inflow
metastatic::BRAF+PIK3CA+RNF43+SOX9+TP53	1	7.878358150161507e-05	0.0	65932052.9257369	False	frequency_inflow
metastatic::BRAF+PIK3CA+RNF43+TGFBR2	1	7.878358150161507e-05	0.0	65932052.9257369	False	frequency_inflow
metastatic::CTNNB1+FBXW7+KRAS+PIK3CA+PTEN+TP53	1	7.878358150161507e-05	0.0	65932052.9257369	False	frequency_inflow
metastatic::CTNNB1+FBXW7+KRAS+PIK3CA+SOX9	1	7.878358150161507e-05	0.0	65932052.9257369	False	frequency_inflow
metastatic::CTNNB1+FBXW7+PTEN	1	7.878358150161507e-05	0.0	65932052.9257369	False	frequency_inflow
metastatic::FBXW7+KRAS+RNF43+TGFBR2	1	7.878358150161507e-05	0.0	65932052.9257369	False	frequency_inflow
metastatic::KRAS+RNF43+SOX9+TGFBR2+TP53	1	7.878358150161507e-05	0.0	65932052.9257369	False	frequency_inflow
metastatic::NRAS+PTEN+SOX9	1	7.878358150161507e-05	0.0	65932052.9257369	False	frequency_inflow
primary::APC+ARID1A+BRAF+CTNNB1+FBXW7+KRAS+PIK3CA+PTEN+RNF43+SMAD4+TCF7L2	1	7.878358150161507e-05	0.0	65932052.9257369	False	frequency_inflow
primary::APC+ARID1A+BRAF+CTNNB1+FBXW7+KRAS+PIK3CA+PTEN+SMAD4	1	7.878358150161507e-05	0.0	65932052.9257369	False	frequency_inflow
primary::APC+ARID1A+BRAF+CTNNB1+FBXW7+KRAS+PIK3CA+SMAD4+TGFBR2+TP53	1	7.878358150161507e-05	0.0	65932052.9257369	False	frequency_inflow
primary::APC+ARID1A+BRAF+CTNNB1+FBXW7+NRAS+PIK3CA+PTEN+SMAD4+TCF7L2	1	7.878358150161507e-05	0.0	65932052.9257369	False	frequency_inflow
primary::APC+ARID1A+BRAF+CTNNB1+FBXW7+NRAS+PIK3CA+PTEN+SMAD4+TGFBR2+TP53	1	7.878358150161507e-05	0.0	65932052.9257369	False	frequency_inflow
primary::APC+ARID1A+BRAF+CTNNB1+FBXW7+PIK3CA+PTEN	1	7.878358150161507e-05	0.0	65932052.9257369	False	frequency_inflow
primary::APC+ARID1A+BRAF+CTNNB1+FBXW7+PIK3CA+PTEN+RNF43+SMAD4+SOX9+TCF7L2+TGFBR2+TP53	1	7.878358150161507e-05	0.0	65932052.9257369	False	frequency_inflow
primary::APC+ARID1A+BRAF+CTNNB1+FBXW7+PIK3CA+RNF43+SMAD4+TCF7L2+TP53	1	7.878358150161507e-05	0.0	65932052.9257369	False	frequency_inflow
primary::APC+ARID1A+BRAF+CTNNB1+FBXW7+PIK3CA+RNF43+SOX9+TCF7L2	1	7.878358150161507e-05	0.0	65932052.9257369	False	frequency_inflow
primary::APC+ARID1A+BRAF+CTNNB1+KRAS+PIK3CA+PTEN+SMAD4+TCF7L2+TGFBR2+TP53	1	7.878358150161507e-05	0.0	65932052.9257369	False	frequency_inflow
primary::APC+ARID1A+BRAF+CTNNB1+KRAS+PIK3CA+RNF43+SMAD4+SOX9+TGFBR2	1	7.878358150161507e-05	0.0	65932052.9257369	False	frequency_inflow
primary::APC+ARID1A+BRAF+CTNNB1+KRAS+RNF43+TGFBR2	1	7.878358150161507e-05	0.0	65932052.9257369	False	frequency_inflow
primary::APC+ARID1A+BRAF+CTNNB1+RNF43+SMAD4+SOX9	1	7.878358150161507e-05	0.0	65932052.9257369	False	frequency_inflow
primary::APC+ARID1A+BRAF+CTNNB1+RNF43+SMAD4+TP53	1	7.878358150161507e-05	0.0	65932052.9257369	False	frequency_inflow
primary::APC+ARID1A+BRAF+CTNNB1+TCF7L2+TP53	1	7.878358150161507e-05	0.0	65932052.9257369	False	frequency_inflow
primary::APC+ARID1A+BRAF+FBXW7+KRAS+NRAS+PIK3CA+PTEN+TGFBR2	1	7.878358150161507e-05	0.0	65932052.9257369	False	frequency_inflow
primary::APC+ARID1A+BRAF+FBXW7+KRAS+PIK3CA+RNF43	1	7.878358150161507e-05	0.0	65932052.9257369	False	frequency_inflow
primary::APC+ARID1A+BRAF+FBXW7+KRAS+PIK3CA+RNF43+TCF7L2+TGFBR2+TP53	1	7.878358150161507e-05	0.0	65932052.9257369	False	frequency_inflow
primary::APC+ARID1A+BRAF+FBXW7+PIK3CA+PTEN+RNF43+SOX9+TCF7L2+TP53	1	7.878358150161507e-05	0.0	65932052.9257369	False	frequency_inflow
primary::APC+ARID1A+BRAF+FBXW7+PIK3CA+PTEN+SOX9+TGFBR2	1	7.878358150161507e-05	0.0	65932052.9257369	False	frequency_inflow
primary::APC+ARID1A+BRAF+FBXW7+PIK3CA+RNF43+SMAD4+SOX9+TGFBR2+TP53	1	7.878358150161507e-05	0.0	65932052.9257369	False	frequency_inflow
primary::APC+ARID1A+BRAF+KRAS+PIK3CA+PTEN+TP53	1	7.878358150161507e-05	0.0	65932052.9257369	False	frequency_inflow
primary::APC+ARID1A+BRAF+KRAS+RNF43+SMAD4+TCF7L2+TP53	1	7.878358150161507e-05	0.0	65932052.9257369	False	frequency_inflow
primary::APC+ARID1A+BRAF+NRAS+PIK3CA+RNF43+TCF7L2	1	7.878358150161507e-05	0.0	65932052.9257369	False	frequency_inflow
primary::APC+ARID1A+BRAF+NRAS+RNF43+TGFBR2	1	7.878358150161507e-05	0.0	65932052.9257369	False	frequency_inflow
primary::APC+ARID1A+BRAF+PIK3CA+TCF7L2+TGFBR2	1	7.878358150161507e-05	0.0	65932052.9257369	False	frequency_inflow
primary::APC+ARID1A+BRAF+PTEN+RNF43+SMAD4+TP53	1	7.878358150161507e-05	0.0	65932052.9257369	False	frequency_inflow
primary::APC+ARID1A+BRAF+PTEN+SMAD4+TCF7L2	1	7.878358150161507e-05	0.0	65932052.9257369	False	frequency_inflow
primary::APC+ARID1A+CTNNB1+FBXW7+KRAS+NRAS+PIK3CA+PTEN+RNF43+SMAD4	1	7.878358150161507e-05	0.0	65932052.9257369	False	frequency_inflow
primary::APC+ARID1A+CTNNB1+FBXW7+KRAS+NRAS+PIK3CA+RNF43+SMAD4+TCF7L2+TP53	1	7.878358150161507e-05	0.0	65932052.9257369	False	frequency_inflow
primary::APC+ARID1A+CTNNB1+FBXW7+KRAS+PIK3CA+PTEN+SMAD4+TCF7L2+TP53	1	7.878358150161507e-05	0.0	65932052.9257369	False	frequency_inflow
primary::APC+ARID1A+CTNNB1+FBXW7+KRAS+PIK3CA+RNF43+TCF7L2+TP53	1	7.878358150161507e-05	0.0	65932052.9257369	False	frequency_inflow
primary::APC+ARID1A+CTNNB1+FBXW7+KRAS+PIK3CA+SOX9+TCF7L2	1	7.878358150161507e-05	0.0	65932052.9257369	False	frequency_inflow
primary::APC+ARID1A+CTNNB1+FBXW7+KRAS+PTEN+SOX9+TCF7L2+TGFBR2	1	7.878358150161507e-05	0.0	65932052.9257369	False	frequency_inflow
primary::APC+ARID1A+CTNNB1+FBXW7+KRAS+PTEN+TCF7L2+TP53	1	7.878358150161507e-05	0.0	65932052.9257369	False	frequency_inflow
primary::APC+ARID1A+CTNNB1+FBXW7+KRAS+RNF43+SOX9+TCF7L2+TP53	1	7.878358150161507e-05	0.0	65932052.9257369	False	frequency_inflow
primary::APC+ARID1A+CTNNB1+FBXW7+NRAS+PIK3CA+SMAD4+TCF7L2+TP53	1	7.878358150161507e-05	0.0	65932052.9257369	False	frequency_inflow
primary::APC+ARID1A+CTNNB1+FBXW7+PIK3CA+PTEN+RNF43+TP53	1	7.878358150161507e-05	0.0	65932052.9257369	False	frequency_inflow
primary::APC+ARID1A+CTNNB1+FBXW7+PIK3CA+PTEN+SMAD4	1	7.878358150161507e-05	0.0	65932052.9257369	False	frequency_inflow
primary::APC+ARID1A+CTNNB1+FBXW7+PIK3CA+RNF43+TCF7L2+TGFBR2	1	7.878358150161507e-05	0.0	65932052.9257369	False	frequency_inflow
primary::APC+ARID1A+CTNNB1+FBXW7+PTEN+RNF43+TCF7L2+TP53	1	7.878358150161507e-05	0.0	65932052.9257369	False	frequency_inflow
primary::APC+ARID1A+CTNNB1+FBXW7+PTEN+SOX9+TGFBR2+TP53	1	7.878358150161507e-05	0.0	65932052.9257369	False	frequency_inflow
primary::APC+ARID1A+CTNNB1+FBXW7+RNF43+SMAD4+TGFBR2	1	7.878358150161507e-05	0.0	65932052.9257369	False	frequency_inflow
primary::APC+ARID1A+CTNNB1+KRAS+PIK3CA+PTEN+RNF43+SMAD4	1	7.878358150161507e-05	0.0	65932052.9257369	False	frequency_inflow
primary::APC+ARID1A+CTNNB1+KRAS+PTEN+RNF43+TCF7L2	1	7.878358150161507e-05	0.0	65932052.9257369	False	frequency_inflow
primary::APC+ARID1A+CTNNB1+NRAS+PIK3CA+RNF43+TCF7L2+TGFBR2+TP53	1	7.878358150161507e-05	0.0	65932052.9257369	False	frequency_inflow
primary::APC+ARID1A+CTNNB1+NRAS+PTEN+RNF43+SMAD4+TGFBR2	1	7.878358150161507e-05	0.0	65932052.9257369	False	frequency_inflow
primary::APC+ARID1A+CTNNB1+NRAS+PTEN+RNF43+TP53	1	7.878358150161507e-05	0.0	65932052.9257369	False	frequency_inflow
primary::APC+ARID1A+CTNNB1+PIK3CA+PTEN+RNF43+TCF7L2+TGFBR2	1	7.878358150161507e-05	0.0	65932052.9257369	False	frequency_inflow
primary::APC+ARID1A+CTNNB1+PIK3CA+PTEN+SMAD4+TCF7L2	1	7.878358150161507e-05	0.0	65932052.9257369	False	frequency_inflow
primary::APC+ARID1A+CTNNB1+PIK3CA+PTEN+TCF7L2+TP53	1	7.878358150161507e-05	0.0	65932052.9257369	False	frequency_inflow
primary::APC+ARID1A+CTNNB1+RNF43+SMAD4+TCF7L2+TGFBR2	1	7.878358150161507e-05	0.0	65932052.9257369	False	frequency_inflow
primary::APC+ARID1A+FBXW7+KRAS+PIK3CA+PTEN+RNF43+TGFBR2	1	7.878358150161507e-05	0.0	65932052.9257369	False	frequency_inflow
primary::APC+ARID1A+FBXW7+NRAS+SOX9+TCF7L2+TGFBR2+TP53	1	7.878358150161507e-05	0.0	65932052.9257369	False	frequency_inflow
primary::APC+ARID1A+FBXW7+PTEN+TCF7L2	1	7.878358150161507e-05	0.0	65932052.9257369	False	frequency_inflow
primary::APC+ARID1A+FBXW7+RNF43+TCF7L2+TGFBR2+TP53	1	7.878358150161507e-05	0.0	65932052.9257369	False	frequency_inflow
primary::APC+ARID1A+FBXW7+SMAD4+TCF7L2+TP53	1	7.878358150161507e-05	0.0	65932052.9257369	False	frequency_inflow
primary::APC+ARID1A+FBXW7+SOX9+TGFBR2+TP53	1	7.878358150161507e-05	0.0	65932052.9257369	False	frequency_inflow
primary::APC+ARID1A+KRAS+NRAS+PTEN+RNF43+SOX9+TCF7L2+TP53	1	7.878358150161507e-05	0.0	65932052.9257369	False	frequency_inflow
primary::APC+ARID1A+KRAS+PIK3CA+RNF43+SOX9+TCF7L2+TP53	1	7.878358150161507e-05	0.0	65932052.9257369	False	frequency_inflow
primary::APC+ARID1A+KRAS+PTEN+SOX9+TCF7L2+TGFBR2+TP53	1	7.878358150161507e-05	0.0	65932052.9257369	False	frequency_inflow
primary::APC+ARID1A+PIK3CA+PTEN+RNF43+SMAD4+SOX9+TCF7L2	1	7.878358150161507e-05	0.0	65932052.9257369	False	frequency_inflow
primary::APC+ARID1A+PIK3CA+PTEN+RNF43+SOX9+TGFBR2+TP53	1	7.878358150161507e-05	0.0	65932052.9257369	False	frequency_inflow
primary::APC+ARID1A+PIK3CA+PTEN+SMAD4+TGFBR2	1	7.878358150161507e-05	0.0	65932052.9257369	False	frequency_inflow
primary::APC+ARID1A+PIK3CA+RNF43+SOX9+TCF7L2	1	7.878358150161507e-05	0.0	65932052.9257369	False	frequency_inflow
primary::APC+ARID1A+RNF43+SMAD4+SOX9+TCF7L2	1	7.878358150161507e-05	0.0	65932052.9257369	False	frequency_inflow
primary::APC+ARID1A+RNF43+SOX9+TGFBR2+TP53	1	7.878358150161507e-05	0.0	65932052.9257369	False	frequency_inflow
primary::APC+ARID1A+SMAD4+SOX9+TCF7L2+TGFBR2	1	7.878358150161507e-05	0.0	65932052.9257369	False	frequency_inflow
primary::APC+BRAF+CTNNB1+FBXW7+NRAS+RNF43	1	7.878358150161507e-05	0.0	65932052.9257369	False	frequency_inflow
primary::APC+BRAF+CTNNB1+FBXW7+PIK3CA+RNF43+SMAD4+TGFBR2+TP53	1	7.878358150161507e-05	0.0	65932052.9257369	False	frequency_inflow
primary::APC+BRAF+CTNNB1+FBXW7+PTEN+SOX9	1	7.878358150161507e-05	0.0	65932052.9257369	False	frequency_inflow
primary::APC+BRAF+CTNNB1+KRAS+PTEN+RNF43	1	7.878358150161507e-05	0.0	65932052.9257369	False	frequency_inflow
primary::APC+BRAF+CTNNB1+KRAS+RNF43+TP53	1	7.878358150161507e-05	0.0	65932052.9257369	False	frequency_inflow
primary::APC+BRAF+CTNNB1+PIK3CA+PTEN+SMAD4+SOX9	1	7.878358150161507e-05	0.0	65932052.9257369	False	frequency_inflow
primary::APC+BRAF+CTNNB1+PIK3CA+RNF43+SOX9	1	7.878358150161507e-05	0.0	65932052.9257369	False	frequency_inflow
primary::APC+BRAF+CTNNB1+PIK3CA+RNF43+SOX9+TCF7L2+TP53	1	7.878358150161507e-05	0.0	65932052.9257369	False	frequency_inflow
primary::APC+BRAF+CTNNB1+RNF43+SOX9+TCF7L2	1	7.878358150161507e-05	0.0	65932052.9257369	False	frequency_inflow
primary::APC+BRAF+CTNNB1+RNF43+TCF7L2+TP53	1	7.878358150161507e-05	0.0	65932052.9257369	False	frequency_inflow
primary::APC+BRAF+FBXW7+KRAS+NRAS+PIK3CA+SOX9+TP53	1	7.878358150161507e-05	0.0	65932052.9257369	False	frequency_inflow
primary::APC+BRAF+FBXW7+KRAS+PIK3CA+PTEN+RNF43+TCF7L2+TP53	1	7.878358150161507e-05	0.0	65932052.9257369	False	frequency_inflow
primary::APC+BRAF+FBXW7+PIK3CA+PTEN+RNF43+SMAD4+SOX9+TP53	1	7.878358150161507e-05	0.0	65932052.9257369	False	frequency_inflow
primary::APC+BRAF+FBXW7+PIK3CA+PTEN+TCF7L2+TGFBR2	1	7.878358150161507e-05	0.0	65932052.9257369	False	frequency_inflow
primary::APC+BRAF+FBXW7+PIK3CA+RNF43+SMAD4+SOX9+TCF7L2	1	7.878358150161507e-05	0.0	65932052.9257369	False	frequency_inflow
primary::APC+BRAF+FBXW7+PTEN+SMAD4+SOX9	1	7.878358150161507e-05	0.0	65932052.9257369	False	frequency_inflow
primary::APC+BRAF+FBXW7+PTEN+TCF7L2	1	7.878358150161507e-05	0.0	65932052.9257369	False	frequency_inflow
primary::APC+BRAF+KRAS+NRAS+PTEN+SMAD4+SOX9	1	7.878358150161507e-05	0.0	65932052.9257369	False	frequency_inflow
primary::APC+BRAF+KRAS+NRAS+PTEN+TGFBR2	1	7.878358150161507e-05	0.0	65932052.9257369	False	frequency_inflow
primary::APC+BRAF+PIK3CA+PTEN+RNF43+SOX9	1	7.878358150161507e-05	0.0	65932052.9257369	False	frequency_inflow
primary::APC+BRAF+PTEN+RNF43+SMAD4+TCF7L2+TGFBR2	1	7.878358150161507e-05	0.0	65932052.9257369	False	frequency_inflow
primary::APC+BRAF+PTEN+SOX9+TGFBR2	1	7.878358150161507e-05	0.0	65932052.9257369	False	frequency_inflow
primary::APC+BRAF+RNF43+SOX9+TCF7L2+TGFBR2	1	7.878358150161507e-05	0.0	65932052.9257369	False	frequency_inflow
primary::APC+CTNNB1+FBXW7+KRAS+NRAS+PIK3CA+PTEN+RNF43+SOX9+TCF7L2+TGFBR2	1	7.878358150161507e-05	0.0	65932052.9257369	False	frequency_inflow
primary::APC+CTNNB1+FBXW7+KRAS+PIK3CA+PTEN+RNF43+SOX9+TCF7L2	1	7.878358150161507e-05	0.0	65932052.9257369	False	frequency_inflow
primary::APC+CTNNB1+FBXW7+KRAS+PIK3CA+PTEN+SMAD4+TCF7L2+TGFBR2+TP53	1	7.878358150161507e-05	0.0	65932052.9257369	False	frequency_inflow
primary::APC+CTNNB1+FBXW7+PIK3CA+PTEN+SOX9+TGFBR2	1	7.878358150161507e-05	0.0	65932052.9257369	False	frequency_inflow
primary::APC+CTNNB1+FBXW7+PIK3CA+TCF7L2+TGFBR2+TP53	1	7.878358150161507e-05	0.0	65932052.9257369	False	frequency_inflow
primary::APC+CTNNB1+KRAS+NRAS+PIK3CA+PTEN+SMAD4+TCF7L2+TGFBR2+TP53	1	7.878358150161507e-05	0.0	65932052.9257369	False	frequency_inflow
primary::APC+CTNNB1+KRAS+PIK3CA+PTEN+RNF43+TGFBR2	1	7.878358150161507e-05	0.0	65932052.9257369	False	frequency_inflow
primary::APC+CTNNB1+KRAS+PTEN+TGFBR2	1	7.878358150161507e-05	0.0	65932052.9257369	False	frequency_inflow
primary::APC+CTNNB1+KRAS+RNF43+TCF7L2+TGFBR2	1	7.878358150161507e-05	0.0	65932052.9257369	False	frequency_inflow
primary::APC+CTNNB1+NRAS+PTEN+SMAD4+TP53	1	7.878358150161507e-05	0.0	65932052.9257369	False	frequency_inflow
primary::APC+CTNNB1+PIK3CA+RNF43+TCF7L2	1	7.878358150161507e-05	0.0	65932052.9257369	False	frequency_inflow
primary::APC+FBXW7+KRAS+NRAS+PTEN+SMAD4+TP53	1	7.878358150161507e-05	0.0	65932052.9257369	False	frequency_inflow
primary::APC+FBXW7+KRAS+PTEN+RNF43+SMAD4	1	7.878358150161507e-05	0.0	65932052.9257369	False	frequency_inflow
primary::APC+FBXW7+NRAS+PIK3CA+PTEN+TCF7L2	1	7.878358150161507e-05	0.0	65932052.9257369	False	frequency_inflow
primary::APC+FBXW7+NRAS+SMAD4+SOX9+TGFBR2	1	7.878358150161507e-05	0.0	65932052.9257369	False	frequency_inflow
primary::APC+KRAS+NRAS+PTEN+RNF43+SMAD4+TCF7L2+TP53	1	7.878358150161507e-05	0.0	65932052.9257369	False	frequency_inflow
primary::ARID1A+BRAF+CTNNB1+KRAS+NRAS+PIK3CA+SOX9+TP53	1	7.878358150161507e-05	0.0	65932052.9257369	False	frequency_inflow
primary::ARID1A+BRAF+CTNNB1+KRAS+TCF7L2+TGFBR2+TP53	1	7.878358150161507e-05	0.0	65932052.9257369	False	frequency_inflow
primary::ARID1A+BRAF+CTNNB1+PIK3CA+SMAD4+TGFBR2+TP53	1	7.878358150161507e-05	0.0	65932052.9257369	False	frequency_inflow
primary::ARID1A+BRAF+CTNNB1+RNF43+SMAD4+TGFBR2	1	7.878358150161507e-05	0.0	65932052.9257369	False	frequency_inflow
primary::ARID1A+BRAF+FBXW7+SMAD4+SOX9+TP53	1	7.878358150161507e-05	0.0	65932052.9257369	False	frequency_inflow
primary::ARID1A+BRAF+KRAS+PTEN+RNF43+SMAD4+SOX9+TGFBR2	1	7.878358150161507e-05	0.0	65932052.9257369	False	frequency_inflow
primary::ARID1A+BRAF+KRAS+SMAD4+SOX9+TCF7L2	1	7.878358150161507e-05	0.0	65932052.9257369	False	frequency_inflow
primary::ARID1A+BRAF+PIK3CA+PTEN+SOX9+TP53	1	7.878358150161507e-05	0.0	65932052.9257369	False	frequency_inflow
primary::ARID1A+BRAF+PIK3CA+RNF43+SMAD4+SOX9+TGFBR2	1	7.878358150161507e-05	0.0	65932052.9257369	False	frequency_inflow
primary::ARID1A+BRAF+PIK3CA+TGFBR2+TP53	1	7.878358150161507e-05	0.0	65932052.9257369	False	frequency_inflow
primary::ARID1A+BRAF+RNF43+SMAD4+SOX9+TGFBR2+TP53	1	7.878358150161507e-05	0.0	65932052.9257369	False	frequency_inflow
primary::ARID1A+CTNNB1+FBXW7+KRAS+NRAS+PTEN+SOX9+TGFBR2+TP53	1	7.878358150161507e-05	0.0	65932052.9257369	False	frequency_inflow
primary::ARID1A+CTNNB1+FBXW7+KRAS+PIK3CA+SOX9+TCF7L2+TGFBR2+TP53	1	7.878358150161507e-05	0.0	65932052.9257369	False	frequency_inflow
primary::ARID1A+CTNNB1+FBXW7+KRAS+RNF43+SOX9+TCF7L2+TGFBR2+TP53	1	7.878358150161507e-05	0.0	65932052.9257369	False	frequency_inflow
primary::ARID1A+CTNNB1+FBXW7+KRAS+SOX9+TCF7L2	1	7.878358150161507e-05	0.0	65932052.9257369	False	frequency_inflow
primary::ARID1A+CTNNB1+FBXW7+PIK3CA+PTEN+RNF43+SOX9+TP53	1	7.878358150161507e-05	0.0	65932052.9257369	False	frequency_inflow
primary::ARID1A+CTNNB1+FBXW7+PIK3CA+PTEN+RNF43+TCF7L2	1	7.878358150161507e-05	0.0	65932052.9257369	False	frequency_inflow
primary::ARID1A+CTNNB1+FBXW7+PIK3CA+TCF7L2	1	7.878358150161507e-05	0.0	65932052.9257369	False	frequency_inflow
primary::ARID1A+CTNNB1+KRAS+PIK3CA+PTEN+RNF43+TCF7L2	1	7.878358150161507e-05	0.0	65932052.9257369	False	frequency_inflow
primary::ARID1A+CTNNB1+KRAS+PIK3CA+RNF43+SMAD4+TCF7L2	1	7.878358150161507e-05	0.0	65932052.9257369	False	frequency_inflow
primary::ARID1A+CTNNB1+KRAS+PIK3CA+RNF43+SOX9+TCF7L2+TGFBR2	1	7.878358150161507e-05	0.0	65932052.9257369	False	frequency_inflow
primary::ARID1A+CTNNB1+KRAS+RNF43+SMAD4+SOX9	1	7.878358150161507e-05	0.0	65932052.9257369	False	frequency_inflow
primary::ARID1A+CTNNB1+KRAS+RNF43+SMAD4+TCF7L2+TGFBR2	1	7.878358150161507e-05	0.0	65932052.9257369	False	frequency_inflow
primary::ARID1A+CTNNB1+KRAS+TCF7L2+TGFBR2	1	7.878358150161507e-05	0.0	65932052.9257369	False	frequency_inflow
primary::ARID1A+CTNNB1+PIK3CA+RNF43	1	7.878358150161507e-05	0.0	65932052.9257369	False	frequency_inflow
primary::ARID1A+CTNNB1+PIK3CA+RNF43+SMAD4+SOX9	1	7.878358150161507e-05	0.0	65932052.9257369	False	frequency_inflow
primary::ARID1A+CTNNB1+PIK3CA+SMAD4+TP53	1	7.878358150161507e-05	0.0	65932052.9257369	False	frequency_inflow
primary::ARID1A+CTNNB1+PTEN+SMAD4+TGFBR2	1	7.878358150161507e-05	0.0	65932052.9257369	False	frequency_inflow
primary::ARID1A+CTNNB1+SMAD4	1	7.878358150161507e-05	0.0	65932052.9257369	False	frequency_inflow
primary::ARID1A+CTNNB1+TCF7L2	1	7.878358150161507e-05	0.0	65932052.9257369	False	frequency_inflow
primary::ARID1A+CTNNB1+TCF7L2+TGFBR2+TP53	1	7.878358150161507e-05	0.0	65932052.9257369	False	frequency_inflow
primary::ARID1A+CTNNB1+TGFBR2	1	7.878358150161507e-05	0.0	65932052.9257369	False	frequency_inflow
primary::ARID1A+FBXW7+KRAS+RNF43+SMAD4+TGFBR2	1	7.878358150161507e-05	0.0	65932052.9257369	False	frequency_inflow
primary::ARID1A+FBXW7+KRAS+RNF43+SOX9+TCF7L2+TGFBR2	1	7.878358150161507e-05	0.0	65932052.9257369	False	frequency_inflow
primary::ARID1A+FBXW7+PIK3CA+RNF43+SOX9+TCF7L2+TGFBR2	1	7.878358150161507e-05	0.0	65932052.9257369	False	frequency_inflow
primary::ARID1A+FBXW7+PIK3CA+RNF43+TCF7L2+TP53	1	7.878358150161507e-05	0.0	65932052.9257369	False	frequency_inflow
primary::ARID1A+FBXW7+PTEN+RNF43+SMAD4+TCF7L2+TGFBR2	1	7.878358150161507e-05	0.0	65932052.9257369	False	frequency_inflow
primary::ARID1A+FBXW7+PTEN+RNF43+TP53	1	7.878358150161507e-05	0.0	65932052.9257369	False	frequency_inflow
primary::ARID1A+KRAS+NRAS+PIK3CA+SMAD4+TP53	1	7.878358150161507e-05	0.0	65932052.9257369	False	frequency_inflow
primary::ARID1A+KRAS+PIK3CA+RNF43+SMAD4	1	7.878358150161507e-05	0.0	65932052.9257369	False	frequency_inflow
primary::ARID1A+KRAS+PIK3CA+RNF43+TCF7L2+TP53	1	7.878358150161507e-05	0.0	65932052.9257369	False	frequency_inflow
primary::ARID1A+KRAS+PIK3CA+SOX9+TCF7L2+TGFBR2+TP53	1	7.878358150161507e-05	0.0	65932052.9257369	False	frequency_inflow
primary::ARID1A+NRAS+PTEN+RNF43+TCF7L2	1	7.878358150161507e-05	0.0	65932052.9257369	False	frequency_inflow
primary::ARID1A+PIK3CA+PTEN+RNF43+SOX9+TCF7L2+TP53	1	7.878358150161507e-05	0.0	65932052.9257369	False	frequency_inflow
primary::ARID1A+PTEN+RNF43+SOX9	1	7.878358150161507e-05	0.0	65932052.9257369	False	frequency_inflow
primary::BRAF+CTNNB1+FBXW7+PIK3CA+RNF43+SMAD4+TCF7L2	1	7.878358150161507e-05	0.0	65932052.9257369	False	frequency_inflow
primary::BRAF+CTNNB1+FBXW7+TCF7L2	1	7.878358150161507e-05	0.0	65932052.9257369	False	frequency_inflow
primary::BRAF+CTNNB1+FBXW7+TGFBR2	1	7.878358150161507e-05	0.0	65932052.9257369	False	frequency_inflow
primary::BRAF+CTNNB1+KRAS+PIK3CA+PTEN+SMAD4	1	7.878358150161507e-05	0.0	65932052.9257369	False	frequency_inflow
primary::BRAF+CTNNB1+KRAS+RNF43+TCF7L2	1	7.878358150161507e-05	0.0	65932052.9257369	False	frequency_inflow
primary::BRAF+FBXW7+KRAS+NRAS+PIK3CA+PTEN+TP53	1	7.878358150161507e-05	0.0	65932052.9257369	False	frequency_inflow
primary::BRAF+FBXW7+NRAS+PIK3CA+PTEN+RNF43+TCF7L2	1	7.878358150161507e-05	0.0	65932052.9257369	False	frequency_inflow
primary::BRAF+FBXW7+NRAS+PIK3CA+RNF43+SOX9+TGFBR2	1	7.878358150161507e-05	0.0	65932052.9257369	False	frequency_inflow
primary::BRAF+FBXW7+PIK3CA+RNF43+SOX9+TP53	1	7.878358150161507e-05	0.0	65932052.9257369	False	frequency_inflow
primary::BRAF+FBXW7+SOX9+TGFBR2	1	7.878358150161507e-05	0.0	65932052.9257369	False	frequency_inflow
primary::BRAF+KRAS+PIK3CA+PTEN+RNF43+TGFBR2+TP53	1	7.878358150161507e-05	0.0	65932052.9257369	False	frequency_inflow
primary::BRAF+KRAS+PIK3CA+RNF43+SMAD4+SOX9+TP53	1	7.878358150161507e-05	0.0	65932052.9257369	False	frequency_inflow
primary::CTNNB1+FBXW7+KRAS+PIK3CA+PTEN+TCF7L2	1	7.878358150161507e-05	0.0	65932052.9257369	False	frequency_inflow
primary::CTNNB1+FBXW7+KRAS+PIK3CA+SMAD4+SOX9+TCF7L2+TGFBR2	1	7.878358150161507e-05	0.0	65932052.9257369	False	frequency_inflow
primary::CTNNB1+FBXW7+KRAS+PTEN+RNF43+TCF7L2	1	7.878358150161507e-05	0.0	65932052.9257369	False	frequency_inflow
primary::CTNNB1+FBXW7+NRAS+PIK3CA+PTEN+SMAD4+TP53	1	7.878358150161507e-05	0.0	65932052.9257369	False	frequency_inflow
primary::CTNNB1+FBXW7+PTEN+RNF43+SOX9+TCF7L2	1	7.878358150161507e-05	0.0	65932052.9257369	False	frequency_inflow
primary::CTNNB1+FBXW7+PTEN+RNF43+TCF7L2+TGFBR2	1	7.878358150161507e-05	0.0	65932052.9257369	False	frequency_inflow
primary::CTNNB1+FBXW7+PTEN+TCF7L2+TP53	1	7.878358150161507e-05	0.0	65932052.9257369	False	frequency_inflow
primary::CTNNB1+FBXW7+TCF7L2+TGFBR2	1	7.878358150161507e-05	0.0	65932052.9257369	False	frequency_inflow
primary::CTNNB1+KRAS+NRAS+PIK3CA+PTEN+SMAD4	1	7.878358150161507e-05	0.0	65932052.9257369	False	frequency_inflow
primary::CTNNB1+KRAS+PIK3CA+RNF43+TCF7L2+TGFBR2	1	7.878358150161507e-05	0.0	65932052.9257369	False	frequency_inflow
primary::CTNNB1+KRAS+PTEN+RNF43+TGFBR2	1	7.878358150161507e-05	0.0	65932052.9257369	False	frequency_inflow
primary::CTNNB1+NRAS+PIK3CA+PTEN+RNF43	1	7.878358150161507e-05	0.0	65932052.9257369	False	frequency_inflow
primary::CTNNB1+NRAS+PIK3CA+SOX9+TP53	1	7.878358150161507e-05	0.0	65932052.9257369	False	frequency_inflow
primary::CTNNB1+NRAS+SMAD4+SOX9	1	7.878358150161507e-05	0.0	65932052.9257369	False	frequency_inflow
primary::CTNNB1+PIK3CA+RNF43+TGFBR2+TP53	1	7.878358150161507e-05	0.0	65932052.9257369	False	frequency_inflow
primary::CTNNB1+RNF43+TCF7L2	1	7.878358150161507e-05	0.0	65932052.9257369	False	frequency_inflow
primary::CTNNB1+SOX9+TCF7L2+TGFBR2	1	7.878358150161507e-05	0.0	65932052.9257369	False	frequency_inflow
primary::FBXW7+KRAS+PTEN+RNF43+SMAD4+TCF7L2+TP53	1	7.878358150161507e-05	0.0	65932052.9257369	False	frequency_inflow
primary::FBXW7+KRAS+RNF43+TCF7L2+TGFBR2	1	7.878358150161507e-05	0.0	65932052.9257369	False	frequency_inflow
primary::FBXW7+PIK3CA+PTEN+RNF43+SOX9+TCF7L2+TGFBR2+TP53	1	7.878358150161507e-05	0.0	65932052.9257369	False	frequency_inflow
primary::FBXW7+PIK3CA+RNF43+SOX9+TCF7L2	1	7.878358150161507e-05	0.0	65932052.9257369	False	frequency_inflow
primary::FBXW7+PIK3CA+RNF43+TGFBR2	1	7.878358150161507e-05	0.0	65932052.9257369	False	frequency_inflow
primary::FBXW7+RNF43+SOX9+TGFBR2+TP53	1	7.878358150161507e-05	0.0	65932052.9257369	False	frequency_inflow
primary::KRAS+PTEN+RNF43+SOX9+TGFBR2	1	7.878358150161507e-05	0.0	65932052.9257369	False	frequency_inflow
primary::PIK3CA+PTEN+RNF43+SMAD4	1	7.878358150161507e-05	0.0	65932052.9257369	False	frequency_inflow
primary::PIK3CA+PTEN+RNF43+TGFBR2	1	7.878358150161507e-05	0.0	65932052.9257369	False	frequency_inflow
primary::PIK3CA+RNF43+SOX9+TGFBR2	1	7.878358150161507e-05	0.0	65932052.9257369	False	frequency_inflow
primary::RNF43+SMAD4+SOX9	1	7.878358150161507e-05	0.0	65932052.9257369	False	frequency_inflow
unknown::APC+ARID1A+BRAF+CTNNB1+PTEN+TCF7L2+TP53	1	7.878358150161507e-05	0.0	65932052.9257369	False	frequency_inflow
unknown::APC+ARID1A+BRAF+KRAS+PIK3CA+TCF7L2	1	7.878358150161507e-05	0.0	65932052.9257369	False	frequency_inflow
unknown::APC+ARID1A+PIK3CA+TCF7L2+TP53	1	7.878358150161507e-05	0.0	65932052.9257369	False	frequency_inflow
unknown::APC+BRAF+FBXW7+PIK3CA+SOX9+TP53	1	7.878358150161507e-05	0.0	65932052.9257369	False	frequency_inflow
unknown::APC+CTNNB1+KRAS+PTEN+TP53	1	7.878358150161507e-05	0.0	65932052.9257369	False	frequency_inflow
unknown::APC+FBXW7+PIK3CA+PTEN+RNF43+SOX9	1	7.878358150161507e-05	0.0	65932052.9257369	False	frequency_inflow
unknown::APC+NRAS+PIK3CA	1	7.878358150161507e-05	0.0	65932052.9257369	False	frequency_inflow
unknown::ARID1A+BRAF+FBXW7+KRAS+PIK3CA+RNF43+SOX9+TCF7L2+TP53	1	7.878358150161507e-05	0.0	65932052.9257369	False	frequency_inflow
unknown::ARID1A+BRAF+FBXW7+PIK3CA+PTEN+RNF43+TGFBR2+TP53	1	7.878358150161507e-05	0.0	65932052.9257369	False	frequency_inflow
unknown::ARID1A+BRAF+PIK3CA+SOX9	1	7.878358150161507e-05	0.0	65932052.9257369	False	frequency_inflow
unknown::ARID1A+CTNNB1+KRAS+SOX9+TCF7L2	1	7.878358150161507e-05	0.0	65932052.9257369	False	frequency_inflow
unknown::ARID1A+FBXW7+KRAS+PIK3CA+PTEN+TCF7L2	1	7.878358150161507e-05	0.0	65932052.9257369	False	frequency_inflow
unknown::ARID1A+KRAS+RNF43+TP53	1	7.878358150161507e-05	0.0	65932052.9257369	False	frequency_inflow
unknown::BRAF+FBXW7+PIK3CA+RNF43+TCF7L2	1	7.878358150161507e-05	0.0	65932052.9257369	False	frequency_inflow
unknown::BRAF+KRAS+NRAS+RNF43+TP53	1	7.878358150161507e-05	0.0	65932052.9257369	False	frequency_inflow
unknown::BRAF+RNF43+SOX9	1	7.878358150161507e-05	0.0	65932052.9257369	False	frequency_inflow
primary::APC+TP53	938	0.0738989994485149		93.80000000000598	True	occupancy_only
unknown::WT	819	0.0645237532498227		81.9000000000052	True	occupancy_only
metastatic::APC+TP53	584	0.0460096115969431		58.40000000000362	True	occupancy_only
primary::APC+KRAS+TP53	580	0.0456944772709367		58.00000000000368	True	occupancy_only
primary::TP53	409	0.0322224848341605		40.90000000000255	True	occupancy_only
metastatic::APC+KRAS+TP53	389	0.0306468132041282		38.90000000000242	True	occupancy_only
metastatic::TP53	265	0.0208776490979279		26.500000000001585	True	occupancy_only
primary::APC+KRAS	215	0.0169384700228472		21.500000000001332	True	occupancy_only
primary::KRAS+TP53	183	0.0144173954147955		18.300000000001102	True	occupancy_only
metastatic::KRAS+TP53	175	0.0137871267627826		17.500000000001076	True	occupancy_only
primary::WT	164	0.0129205073662648		16.40000000000096	True	occupancy_only
primary::APC+KRAS+PIK3CA+TP53	155	0.0122114551327503		15.50000000000095	True	occupancy_only
primary::APC+KRAS+PIK3CA	133	0.0104782163397148		13.30000000000085	True	occupancy_only
primary::BRAF+TP53	129	0.0101630820137083		12.900000000000775	True	occupancy_only
metastatic::WT	126	0.0099267312692034		12.600000000000685	True	occupancy_only
primary::APC	122	0.009611596943197		12.200000000000735	True	occupancy_only
metastatic::APC+KRAS	120	0.0094540297801938		12.00000000000076	True	occupancy_only
primary::APC+KRAS+SMAD4+TP53	117	0.0092176790356889		11.70000000000067	True	occupancy_only
primary::APC+PIK3CA+TP53	113	0.0089025447096825		11.300000000000724	True	occupancy_only
primary::KRAS	108	0.0085086268021744		10.80000000000066	True	occupancy_only
primary::APC+FBXW7+TP53	93	0.0073268730796502		9.300000000000596	True	occupancy_only
primary::APC+FBXW7+KRAS+TP53	87	0.0068541715906405		8.700000000000545	True	occupancy_only
metastatic::APC+KRAS+SMAD4+TP53	77	0.0060663357756243		7.7000000000004185	True	occupancy_only
metastatic::APC+KRAS+PIK3CA	73	0.0057512014496178		7.300000000000342	True	occupancy_only
metastatic::APC+KRAS+PIK3CA+TP53	69	0.0054360671236114		6.900000000000393	True	occupancy_only
primary::APC+TCF7L2+TP53	69	0.0054360671236114		6.900000000000393	True	occupancy_only
metastatic::KRAS	65	0.0051209327976049		6.500000000000316	True	occupancy_only
primary::BRAF	65	0.0051209327976049		6.500000000000316	True	occupancy_only
primary::APC+SOX9+TP53	64	0.0050421492161033		6.40000000000033	True	occupancy_only
metastatic::BRAF+TP53	62	0.0048845820531001		6.2000000000003554	True	occupancy_only
primary::KRAS+PIK3CA	60	0.0047270148900969		6.00000000000038	True	occupancy_only
primary::APC+KRAS+SOX9+TP53	59	0.0046482313085952		5.900000000000266	True	occupancy_only
primary::APC+SMAD4+TP53	58	0.0045694477270936		5.800000000000279	True	occupancy_only
primary::APC+NRAS+TP53	57	0.004490664145592		5.700000000000292	True	occupancy_only
metastatic::APC+SMAD4+TP53	56	0.0044118805640904		5.600000000000304	True	occupancy_only
primary::APC+BRAF+TP53	56	0.0044118805640904		5.600000000000304	True	occupancy_only
primary::APC+KRAS+TCF7L2+TP53	53	0.0041755298195855		5.300000000000216	True	occupancy_only
primary::KRAS+SMAD4+TP53	53	0.0041755298195855		5.300000000000216	True	occupancy_only
primary::APC+ARID1A+TP53	50	0.0039391790750807		5.000000000000253	True	occupancy_only
metastatic::APC+PIK3CA+TP53	49	0.0038603954935791		4.900000000000266	True	occupancy_only
primary::KRAS+PIK3CA+TP53	49	0.0038603954935791		4.900000000000266	True	occupancy_only
metastatic::APC	48	0.0037816119120775		4.80000000000028	True	occupancy_only
primary::SMAD4+TP53	48	0.0037816119120775		4.80000000000028	True	occupancy_only
metastatic::APC+NRAS+TP53	46	0.0036240447490742		4.600000000000177	True	occupancy_only
primary::APC+KRAS+SMAD4	44	0.003466477586071		4.400000000000203	True	occupancy_only
metastatic::APC+FBXW7+KRAS+TP53	43	0.0033876940045694		4.300000000000216	True	occupancy_only
primary::BRAF+SMAD4+TP53	43	0.0033876940045694		4.300000000000216	True	occupancy_only
metastatic::APC+SOX9+TP53	42	0.0033089104230678		4.200000000000228	True	occupancy_only
metastatic::APC+TCF7L2+TP53	42	0.0033089104230678		4.200000000000228	True	occupancy_only
metastatic::KRAS+SMAD4+TP53	41	0.0032301268415662		4.10000000000024	True	occupancy_only
primary::BRAF+RNF43+TP53	39	0.0030725596785629		3.90000000000014	True	occupancy_only
primary::PIK3CA+TP53	37	0.0029149925155597		3.7000000000001645	True	occupancy_only
metastatic::APC+KRAS+SOX9+TP53	35	0.0027574253525565		3.50000000000019	True	occupancy_only
primary::APC+FBXW7+KRAS+PIK3CA	35	0.0027574253525565		3.50000000000019	True	occupancy_only
metastatic::KRAS+PIK3CA+TP53	33	0.0025998581895532		3.3000000000000886	True	occupancy_only
metastatic::APC+ARID1A+TP53	32	0.0025210746080516		3.200000000000101	True	occupancy_only
metastatic::APC+KRAS+TCF7L2+TP53	32	0.0025210746080516		3.200000000000101	True	occupancy_only
metastatic::APC+FBXW7+TP53	31	0.00244229102655		3.100000000000114	True	occupancy_only
primary::APC+KRAS+PIK3CA+SMAD4	31	0.00244229102655		3.100000000000114	True	occupancy_only
primary::FBXW7+TP53	31	0.00244229102655		3.100000000000114	True	occupancy_only
metastatic::KRAS+PIK3CA	29	0.0022847238635468		2.9000000000001394	True	occupancy_only
primary::FBXW7+KRAS+TP53	29	0.0022847238635468		2.9000000000001394	True	occupancy_only
metastatic::BRAF	28	0.0022059402820452		2.800000000000152	True	occupancy_only
primary::CTNNB1+TP53	28	0.0022059402820452		2.800000000000152	True	occupancy_only
metastatic::PIK3CA+TP53	27	0.0021271567005436		2.700000000000165	True	occupancy_only
metastatic::SMAD4+TP53	27	0.0021271567005436		2.700000000000165	True	occupancy_only
primary::APC+KRAS+PIK3CA+SOX9	26	0.0020483731190419		2.6000000000000507	True	occupancy_only
primary::APC+KRAS+SOX9	26	0.0020483731190419		2.6000000000000507	True	occupancy_only
primary::BRAF+PIK3CA+TP53	26	0.0020483731190419		2.6000000000000507	True	occupancy_only
metastatic::APC+BRAF+TP53	25	0.0019695895375403		2.500000000000063	True	occupancy_only
metastatic::APC+KRAS+SMAD4	25	0.0019695895375403		2.500000000000063	True	occupancy_only
primary::APC+FBXW7+KRAS	25	0.0019695895375403		2.500000000000063	True	occupancy_only
primary::APC+BRAF+PIK3CA+TP53	24	0.0018908059560387		2.400000000000076	True	occupancy_only
primary::APC+FBXW7+KRAS+PIK3CA+TP53	24	0.0018908059560387		2.400000000000076	True	occupancy_only
primary::APC+KRAS+TCF7L2	23	0.0018120223745371		2.3000000000000886	True	occupancy_only
primary::APC+PIK3CA	23	0.0018120223745371		2.3000000000000886	True	occupancy_only
primary::PIK3CA	23	0.0018120223745371		2.3000000000000886	True	occupancy_only
primary::APC+KRAS+PIK3CA+SMAD4+TP53	22	0.0017332387930355		2.2000000000001014	True	occupancy_only
primary::NRAS+TP53	22	0.0017332387930355		2.2000000000001014	True	occupancy_only
metastatic::BRAF+RNF43+TP53	21	0.0016544552115339		2.100000000000114	True	occupancy_only
primary::APC+CTNNB1+KRAS+TP53	21	0.0016544552115339		2.100000000000114	True	occupancy_only
primary::APC+KRAS+PIK3CA+SOX9+TP53	21	0.0016544552115339		2.100000000000114	True	occupancy_only
primary::BRAF+PIK3CA	21	0.0016544552115339		2.100000000000114	True	occupancy_only
primary::KRAS+SMAD4	21	0.0016544552115339		2.100000000000114	True	occupancy_only
primary::RNF43+TP53	20	0.0015756716300323		2.000000000000127	True	occupancy_only
primary::APC+KRAS+PTEN+TP53	19	0.0014968880485306		1.9000000000000126	True	occupancy_only
metastatic::BRAF+SMAD4+TP53	18	0.001418104467029		1.8000000000000254	True	occupancy_only
metastatic::NRAS+TP53	18	0.001418104467029		1.8000000000000254	True	occupancy_only
primary::APC+ARID1A+KRAS+TP53	18	0.001418104467029		1.8000000000000254	True	occupancy_only
primary::APC+CTNNB1+TP53	18	0.001418104467029		1.8000000000000254	True	occupancy_only
primary::APC+FBXW7+KRAS+SMAD4+TP53	17	0.0013393208855274		1.7000000000000381	True	occupancy_only
primary::APC+SOX9	17	0.0013393208855274		1.7000000000000381	True	occupancy_only
primary::BRAF+PTEN+TP53	17	0.0013393208855274		1.7000000000000381	True	occupancy_only
unknown::TP53	17	0.0013393208855274		1.7000000000000381	True	occupancy_only
metastatic::APC+ARID1A+KRAS+TP53	16	0.0012605373040258		1.6000000000000505	True	occupancy_only
metastatic::APC+KRAS+PIK3CA+SMAD4	16	0.0012605373040258		1.6000000000000505	True	occupancy_only
primary::APC+KRAS+PIK3CA+TCF7L2	16	0.0012605373040258		1.6000000000000505	True	occupancy_only
primary::APC+PIK3CA+TCF7L2+TP53	16	0.0012605373040258		1.6000000000000505	True	occupancy_only
primary::KRAS+RNF43+TP53	16	0.0012605373040258		1.6000000000000505	True	occupancy_only
metastatic::APC+FBXW7+KRAS+PIK3CA+TP53	15	0.0011817537225242		1.5000000000000633	True	occupancy_only
metastatic::CTNNB1+KRAS+TP53	15	0.0011817537225242		1.5000000000000633	True	occupancy_only
metastatic::CTNNB1+TP53	15	0.0011817537225242		1.5000000000000633	True	occupancy_only
metastatic::PIK3CA	15	0.0011817537225242		1.5000000000000633	True	occupancy_only
primary::APC+BRAF	15	0.0011817537225242		1.5000000000000633	True	occupancy_only
primary::APC+FBXW7+PIK3CA+TP53	15	0.0011817537225242		1.5000000000000633	True	occupancy_only
metastatic::APC+KRAS+PTEN+TP53	14	0.0011029701410226		1.400000000000076	True	occupancy_only
metastatic::APC+KRAS+TCF7L2	14	0.0011029701410226		1.400000000000076	True	occupancy_only
primary::APC+FBXW7+KRAS+SOX9+TP53	14	0.0011029701410226		1.400000000000076	True	occupancy_only
primary::APC+KRAS+PIK3CA+TCF7L2+TP53	14	0.0011029701410226		1.400000000000076	True	occupancy_only
primary::APC+KRAS+PTEN	14	0.0011029701410226		1.400000000000076	True	occupancy_only
primary::APC+PTEN+TP53	14	0.0011029701410226		1.400000000000076	True	occupancy_only
primary::KRAS+PIK3CA+SMAD4	14	0.0011029701410226		1.400000000000076	True	occupancy_only
primary::PTEN+TP53	14	0.0011029701410226		1.400000000000076	True	occupancy_only
metastatic::KRAS+PTEN+TP53	13	0.0010241865595209		1.2999999999999619	True	occupancy_only
metastatic::RNF43+TP53	13	0.0010241865595209		1.2999999999999619	True	occupancy_only
metastatic::SMAD4	13	0.0010241865595209		1.2999999999999619	True	occupancy_only
primary::APC+ARID1A+KRAS+PIK3CA	13	0.0010241865595209		1.2999999999999619	True	occupancy_only
primary::APC+KRAS+SMAD4+SOX9+TP53	13	0.0010241865595209		1.2999999999999619	True	occupancy_only
primary::BRAF+PTEN	13	0.0010241865595209		1.2999999999999619	True	occupancy_only
primary::CTNNB1+KRAS+TP53	13	0.0010241865595209		1.2999999999999619	True	occupancy_only
primary::FBXW7	13	0.0010241865595209		1.2999999999999619	True	occupancy_only
primary::SMAD4	13	0.0010241865595209		1.2999999999999619	True	occupancy_only
metastatic::APC+BRAF+PIK3CA+TP53	12	0.0009454029780193		1.1999999999999746	True	occupancy_only
metastatic::APC+FBXW7+KRAS	12	0.0009454029780193		1.1999999999999746	True	occupancy_only
metastatic::APC+KRAS+SOX9	12	0.0009454029780193		1.1999999999999746	True	occupancy_only
metastatic::APC+NRAS+SMAD4+TP53	12	0.0009454029780193		1.1999999999999746	True	occupancy_only
primary::APC+KRAS+SMAD4+SOX9	12	0.0009454029780193		1.1999999999999746	True	occupancy_only
primary::CTNNB1+KRAS+PIK3CA	12	0.0009454029780193		1.1999999999999746	True	occupancy_only
primary::CTNNB1+KRAS+PIK3CA+TP53	12	0.0009454029780193		1.1999999999999746	True	occupancy_only
metastatic::APC+CTNNB1+KRAS+TP53	11	0.0008666193965177		1.0999999999999872	True	occupancy_only
metastatic::APC+KRAS+PIK3CA+SMAD4+TP53	11	0.0008666193965177		1.0999999999999872	True	occupancy_only
metastatic::APC+NRAS	11	0.0008666193965177		1.0999999999999872	True	occupancy_only
metastatic::FBXW7+TP53	11	0.0008666193965177		1.0999999999999872	True	occupancy_only
metastatic::KRAS+SMAD4	11	0.0008666193965177		1.0999999999999872	True	occupancy_only
primary::APC+FBXW7+KRAS+PIK3CA+SOX9	11	0.0008666193965177		1.0999999999999872	True	occupancy_only
primary::APC+SMAD4	11	0.0008666193965177		1.0999999999999872	True	occupancy_only
primary::BRAF+FBXW7+TP53	11	0.0008666193965177		1.0999999999999872	True	occupancy_only
primary::RNF43+SMAD4+TP53	11	0.0008666193965177		1.0999999999999872	True	occupancy_only
unknown::APC+TP53	11	0.0008666193965177		1.0999999999999872	True	occupancy_only
metastatic::APC+CTNNB1+TP53	10	0.0007878358150161		1.0	True	occupancy_only
metastatic::APC+FBXW7+PIK3CA+TP53	10	0.0007878358150161		1.0	True	occupancy_only
metastatic::APC+SMAD4+SOX9+TP53	10	0.0007878358150161		1.0	True	occupancy_only
metastatic::NRAS	10	0.0007878358150161		1.0	True	occupancy_only
primary::APC+ARID1A+KRAS+PIK3CA+TP53	10	0.0007878358150161		1.0	True	occupancy_only
primary::APC+BRAF+SMAD4+TP53	10	0.0007878358150161		1.0	True	occupancy_only
primary::APC+CTNNB1+KRAS+PIK3CA+TP53	10	0.0007878358150161		1.0	True	occupancy_only
primary::APC+NRAS	10	0.0007878358150161		1.0	True	occupancy_only
primary::BRAF+FBXW7	10	0.0007878358150161		1.0	True	occupancy_only
primary::FBXW7+KRAS+PIK3CA+TP53	10	0.0007878358150161		1.0	True	occupancy_only
primary::KRAS+PTEN+TP53	10	0.0007878358150161		1.0	True	occupancy_only
metastatic::KRAS+PIK3CA+SMAD4	9	0.0007090522335145		0.9000000000000127	True	occupancy_only
metastatic::KRAS+RNF43+TP53	9	0.0007090522335145		0.9000000000000127	True	occupancy_only
primary::APC+NRAS+SMAD4+TP53	9	0.0007090522335145		0.9000000000000127	True	occupancy_only
primary::ARID1A+TP53	9	0.0007090522335145		0.9000000000000127	True	occupancy_only
primary::BRAF+SMAD4	9	0.0007090522335145		0.9000000000000127	True	occupancy_only
primary::CTNNB1+KRAS	9	0.0007090522335145		0.9000000000000127	True	occupancy_only
primary::PIK3CA+SMAD4+TP53	9	0.0007090522335145		0.9000000000000127	True	occupancy_only
primary::SOX9+TP53	9	0.0007090522335145		0.9000000000000127	True	occupancy_only
metastatic::APC+BRAF+SMAD4+TP53	8	0.0006302686520129		0.8000000000000252	True	occupancy_only
metastatic::APC+PIK3CA+TCF7L2+TP53	8	0.0006302686520129		0.8000000000000252	True	occupancy_only
metastatic::FBXW7+KRAS+TP53	8	0.0006302686520129		0.8000000000000252	True	occupancy_only
metastatic::KRAS+PIK3CA+SMAD4+TP53	8	0.0006302686520129		0.8000000000000252	True	occupancy_only
primary::APC+ARID1A+SOX9+TP53	8	0.0006302686520129		0.8000000000000252	True	occupancy_only
primary::APC+BRAF+FBXW7+TP53	8	0.0006302686520129		0.8000000000000252	True	occupancy_only
primary::APC+BRAF+PIK3CA	8	0.0006302686520129		0.8000000000000252	True	occupancy_only
primary::APC+CTNNB1+KRAS	8	0.0006302686520129		0.8000000000000252	True	occupancy_only
primary::APC+FBXW7	8	0.0006302686520129		0.8000000000000252	True	occupancy_only
primary::APC+FBXW7+NRAS+TP53	8	0.0006302686520129		0.8000000000000252	True	occupancy_only
primary::APC+FBXW7+SOX9+TP53	8	0.0006302686520129		0.8000000000000252	True	occupancy_only
primary::APC+KRAS+PIK3CA+PTEN	8	0.0006302686520129		0.8000000000000252	True	occupancy_only
primary::APC+KRAS+PIK3CA+SMAD4+TCF7L2	8	0.0006302686520129		0.8000000000000252	True	occupancy_only
primary::APC+KRAS+SMAD4+TCF7L2+TP53	8	0.0006302686520129		0.8000000000000252	True	occupancy_only
primary::APC+NRAS+PIK3CA	8	0.0006302686520129		0.8000000000000252	True	occupancy_only
primary::APC+NRAS+PIK3CA+TP53	8	0.0006302686520129		0.8000000000000252	True	occupancy_only
primary::APC+NRAS+TCF7L2+TP53	8	0.0006302686520129		0.8000000000000252	True	occupancy_only
primary::APC+SMAD4+TCF7L2+TP53	8	0.0006302686520129		0.8000000000000252	True	occupancy_only
primary::APC+TCF7L2	8	0.0006302686520129		0.8000000000000252	True	occupancy_only
primary::BRAF+RNF43+SMAD4+TP53	8	0.0006302686520129		0.8000000000000252	True	occupancy_only
primary::FBXW7+KRAS	8	0.0006302686520129		0.8000000000000252	True	occupancy_only
primary::PTEN	8	0.0006302686520129		0.8000000000000252	True	occupancy_only
unknown::APC+KRAS+TP53	8	0.0006302686520129		0.8000000000000252	True	occupancy_only
metastatic::APC+KRAS+PIK3CA+SMAD4+SOX9	7	0.0005514850705113		0.700000000000038	True	occupancy_only
metastatic::APC+KRAS+PIK3CA+SOX9	7	0.0005514850705113		0.700000000000038	True	occupancy_only
metastatic::APC+KRAS+SMAD4+SOX9	7	0.0005514850705113		0.700000000000038	True	occupancy_only
metastatic::APC+KRAS+SMAD4+TCF7L2+TP53	7	0.0005514850705113		0.700000000000038	True	occupancy_only
metastatic::APC+NRAS+PIK3CA+TP53	7	0.0005514850705113		0.700000000000038	True	occupancy_only
metastatic::BRAF+SMAD4	7	0.0005514850705113		0.700000000000038	True	occupancy_only
metastatic::FBXW7+KRAS+PIK3CA+TP53	7	0.0005514850705113		0.700000000000038	True	occupancy_only
metastatic::PTEN+TP53	7	0.0005514850705113		0.700000000000038	True	occupancy_only
metastatic::SOX9+TP53	7	0.0005514850705113		0.700000000000038	True	occupancy_only
primary::APC+ARID1A+FBXW7+TP53	7	0.0005514850705113		0.700000000000038	True	occupancy_only
primary::APC+ARID1A+KRAS	7	0.0005514850705113		0.700000000000038	True	occupancy_only
primary::APC+ARID1A+KRAS+SMAD4+TP53	7	0.0005514850705113		0.700000000000038	True	occupancy_only
primary::APC+ARID1A+PIK3CA+TP53	7	0.0005514850705113		0.700000000000038	True	occupancy_only
primary::APC+BRAF+KRAS	7	0.0005514850705113		0.700000000000038	True	occupancy_only
primary::APC+FBXW7+KRAS+PIK3CA+SMAD4+TP53	7	0.0005514850705113		0.700000000000038	True	occupancy_only
primary::APC+FBXW7+KRAS+TCF7L2+TP53	7	0.0005514850705113		0.700000000000038	True	occupancy_only
primary::APC+KRAS+NRAS+TP53	7	0.0005514850705113		0.700000000000038	True	occupancy_only
primary::APC+KRAS+PIK3CA+PTEN+TP53	7	0.0005514850705113		0.700000000000038	True	occupancy_only
primary::APC+KRAS+PIK3CA+SMAD4+SOX9	7	0.0005514850705113		0.700000000000038	True	occupancy_only
primary::APC+NRAS+SOX9+TP53	7	0.0005514850705113		0.700000000000038	True	occupancy_only
primary::APC+PIK3CA+PTEN	7	0.0005514850705113		0.700000000000038	True	occupancy_only
primary::APC+RNF43+TP53	7	0.0005514850705113		0.700000000000038	True	occupancy_only
primary::ARID1A+KRAS+TP53	7	0.0005514850705113		0.700000000000038	True	occupancy_only
primary::BRAF+CTNNB1+TP53	7	0.0005514850705113		0.700000000000038	True	occupancy_only
primary::BRAF+KRAS+TP53	7	0.0005514850705113		0.700000000000038	True	occupancy_only
primary::BRAF+RNF43	7	0.0005514850705113		0.700000000000038	True	occupancy_only
primary::FBXW7+KRAS+PIK3CA	7	0.0005514850705113		0.700000000000038	True	occupancy_only
primary::KRAS+PIK3CA+PTEN+TP53	7	0.0005514850705113		0.700000000000038	True	occupancy_only
primary::KRAS+PIK3CA+SMAD4+TP53	7	0.0005514850705113		0.700000000000038	True	occupancy_only
primary::KRAS+PTEN	7	0.0005514850705113		0.700000000000038	True	occupancy_only
primary::NRAS+PIK3CA+TP53	7	0.0005514850705113		0.700000000000038	True	occupancy_only
metastatic::APC+ARID1A+TCF7L2+TP53	6	0.0004727014890096		0.5999999999999238	True	occupancy_only
metastatic::APC+FBXW7+KRAS+SMAD4+SOX9+TP53	6	0.0004727014890096		0.5999999999999238	True	occupancy_only
metastatic::APC+KRAS+PIK3CA+PTEN+TP53	6	0.0004727014890096		0.5999999999999238	True	occupancy_only
metastatic::APC+KRAS+PIK3CA+TCF7L2	6	0.0004727014890096		0.5999999999999238	True	occupancy_only
metastatic::APC+KRAS+PTEN	6	0.0004727014890096		0.5999999999999238	True	occupancy_only
metastatic::APC+KRAS+TGFBR2+TP53	6	0.0004727014890096		0.5999999999999238	True	occupancy_only
metastatic::APC+RNF43+TP53	6	0.0004727014890096		0.5999999999999238	True	occupancy_only
metastatic::BRAF+PTEN+TP53	6	0.0004727014890096		0.5999999999999238	True	occupancy_only
metastatic::CTNNB1+KRAS	6	0.0004727014890096		0.5999999999999238	True	occupancy_only
metastatic::KRAS+PTEN	6	0.0004727014890096		0.5999999999999238	True	occupancy_only
metastatic::KRAS+PTEN+SMAD4+TP53	6	0.0004727014890096		0.5999999999999238	True	occupancy_only
metastatic::RNF43+SMAD4+TP53	6	0.0004727014890096		0.5999999999999238	True	occupancy_only
primary::APC+ARID1A+KRAS+SOX9	6	0.0004727014890096		0.5999999999999238	True	occupancy_only
primary::APC+ARID1A+KRAS+SOX9+TP53	6	0.0004727014890096		0.5999999999999238	True	occupancy_only
primary::APC+FBXW7+PIK3CA	6	0.0004727014890096		0.5999999999999238	True	occupancy_only
primary::APC+FBXW7+TCF7L2+TP53	6	0.0004727014890096		0.5999999999999238	True	occupancy_only
primary::APC+KRAS+PIK3CA+PTEN+SMAD4	6	0.0004727014890096		0.5999999999999238	True	occupancy_only
primary::APC+KRAS+RNF43+TP53	6	0.0004727014890096		0.5999999999999238	True	occupancy_only
primary::APC+PIK3CA+SMAD4+TP53	6	0.0004727014890096		0.5999999999999238	True	occupancy_only
primary::APC+RNF43	6	0.0004727014890096		0.5999999999999238	True	occupancy_only
primary::APC+TGFBR2+TP53	6	0.0004727014890096		0.5999999999999238	True	occupancy_only
primary::ARID1A+BRAF	6	0.0004727014890096		0.5999999999999238	True	occupancy_only
primary::ARID1A+BRAF+FBXW7+RNF43	6	0.0004727014890096		0.5999999999999238	True	occupancy_only
primary::ARID1A+BRAF+RNF43	6	0.0004727014890096		0.5999999999999238	True	occupancy_only
primary::ARID1A+BRAF+TP53	6	0.0004727014890096		0.5999999999999238	True	occupancy_only
primary::BRAF+FBXW7+RNF43+TP53	6	0.0004727014890096		0.5999999999999238	True	occupancy_only
primary::BRAF+PIK3CA+PTEN+TP53	6	0.0004727014890096		0.5999999999999238	True	occupancy_only
primary::BRAF+PIK3CA+RNF43+TP53	6	0.0004727014890096		0.5999999999999238	True	occupancy_only
primary::KRAS+PIK3CA+PTEN	6	0.0004727014890096		0.5999999999999238	True	occupancy_only
primary::RNF43	6	0.0004727014890096		0.5999999999999238	True	occupancy_only
metastatic::APC+BRAF+FBXW7+TP53	5	0.000393917907508		0.4999999999999365	True	occupancy_only
metastatic::APC+FBXW7+KRAS+PIK3CA	5	0.000393917907508		0.4999999999999365	True	occupancy_only
metastatic::APC+FBXW7+KRAS+PIK3CA+SMAD4+TP53	5	0.000393917907508		0.4999999999999365	True	occupancy_only
metastatic::APC+FBXW7+TCF7L2+TP53	5	0.000393917907508		0.4999999999999365	True	occupancy_only
metastatic::APC+KRAS+PIK3CA+PTEN	5	0.000393917907508		0.4999999999999365	True	occupancy_only
metastatic::APC+KRAS+SMAD4+SOX9+TP53	5	0.000393917907508		0.4999999999999365	True	occupancy_only
metastatic::APC+NRAS+SOX9+TP53	5	0.000393917907508		0.4999999999999365	True	occupancy_only
metastatic::APC+NRAS+TCF7L2+TP53	5	0.000393917907508		0.4999999999999365	True	occupancy_only
metastatic::APC+PTEN+TP53	5	0.000393917907508		0.4999999999999365	True	occupancy_only
metastatic::APC+SOX9	5	0.000393917907508		0.4999999999999365	True	occupancy_only
metastatic::ARID1A	5	0.000393917907508		0.4999999999999365	True	occupancy_only
metastatic::ARID1A+BRAF+TP53	5	0.000393917907508		0.4999999999999365	True	occupancy_only
metastatic::ARID1A+KRAS+TP53	5	0.000393917907508		0.4999999999999365	True	occupancy_only
metastatic::ARID1A+TP53	5	0.000393917907508		0.4999999999999365	True	occupancy_only
metastatic::FBXW7+KRAS	5	0.000393917907508		0.4999999999999365	True	occupancy_only
metastatic::NRAS+PIK3CA+TP53	5	0.000393917907508		0.4999999999999365	True	occupancy_only
metastatic::SOX9	5	0.000393917907508		0.4999999999999365	True	occupancy_only
primary::APC+ARID1A+KRAS+PIK3CA+SOX9	5	0.000393917907508		0.4999999999999365	True	occupancy_only
primary::APC+ARID1A+KRAS+SMAD4+SOX9+TP53	5	0.000393917907508		0.4999999999999365	True	occupancy_only
primary::APC+ARID1A+KRAS+TCF7L2	5	0.000393917907508		0.4999999999999365	True	occupancy_only
primary::APC+ARID1A+KRAS+TCF7L2+TP53	5	0.000393917907508		0.4999999999999365	True	occupancy_only
primary::APC+ARID1A+NRAS+TP53	5	0.000393917907508		0.4999999999999365	True	occupancy_only
primary::APC+ARID1A+SMAD4+TP53	5	0.000393917907508		0.4999999999999365	True	occupancy_only
primary::APC+ARID1A+TCF7L2+TP53	5	0.000393917907508		0.4999999999999365	True	occupancy_only
primary::APC+BRAF+PTEN+TP53	5	0.000393917907508		0.4999999999999365	True	occupancy_only
primary::APC+FBXW7+KRAS+PIK3CA+SOX9+TCF7L2	5	0.000393917907508		0.4999999999999365	True	occupancy_only
primary::APC+FBXW7+KRAS+PIK3CA+TCF7L2	5	0.000393917907508		0.4999999999999365	True	occupancy_only
primary::APC+FBXW7+KRAS+SOX9	5	0.000393917907508		0.4999999999999365	True	occupancy_only
primary::APC+FBXW7+SMAD4+TP53	5	0.000393917907508		0.4999999999999365	True	occupancy_only
primary::APC+KRAS+PIK3CA+SOX9+TCF7L2	5	0.000393917907508		0.4999999999999365	True	occupancy_only
primary::APC+KRAS+SOX9+TCF7L2+TP53	5	0.000393917907508		0.4999999999999365	True	occupancy_only
primary::APC+SMAD4+SOX9+TP53	5	0.000393917907508		0.4999999999999365	True	occupancy_only
primary::ARID1A+BRAF+PIK3CA+RNF43+TGFBR2	5	0.000393917907508		0.4999999999999365	True	occupancy_only
primary::ARID1A+BRAF+RNF43+SOX9	5	0.000393917907508		0.4999999999999365	True	occupancy_only
primary::BRAF+FBXW7+PIK3CA+TP53	5	0.000393917907508		0.4999999999999365	True	occupancy_only
primary::BRAF+PTEN+SMAD4+TP53	5	0.000393917907508		0.4999999999999365	True	occupancy_only
primary::BRAF+SOX9	5	0.000393917907508		0.4999999999999365	True	occupancy_only
primary::CTNNB1	5	0.000393917907508		0.4999999999999365	True	occupancy_only
primary::FBXW7+PIK3CA+TP53	5	0.000393917907508		0.4999999999999365	True	occupancy_only
primary::KRAS+RNF43+SMAD4+TP53	5	0.000393917907508		0.4999999999999365	True	occupancy_only
primary::KRAS+SOX9+TP53	5	0.000393917907508		0.4999999999999365	True	occupancy_only
primary::KRAS+TCF7L2+TP53	5	0.000393917907508		0.4999999999999365	True	occupancy_only
primary::SOX9	5	0.000393917907508		0.4999999999999365	True	occupancy_only
metastatic::APC+ARID1A+FBXW7+TP53	4	0.0003151343260064		0.39999999999994923	False	occupancy_only
metastatic::APC+ARID1A+KRAS+PIK3CA+TP53	4	0.0003151343260064		0.39999999999994923	False	occupancy_only
metastatic::APC+ARID1A+SMAD4+TP53	4	0.0003151343260064		0.39999999999994923	False	occupancy_only
metastatic::APC+BRAF+KRAS+SMAD4+TP53	4	0.0003151343260064		0.39999999999994923	False	occupancy_only
metastatic::APC+CTNNB1+KRAS	4	0.0003151343260064		0.39999999999994923	False	occupancy_only
metastatic::APC+FBXW7+KRAS+SOX9+TP53	4	0.0003151343260064		0.39999999999994923	False	occupancy_only
metastatic::APC+FBXW7+SOX9+TP53	4	0.0003151343260064		0.39999999999994923	False	occupancy_only
metastatic::APC+KRAS+PIK3CA+SOX9+TP53	4	0.0003151343260064		0.39999999999994923	False	occupancy_only
metastatic::APC+KRAS+RNF43+TP53	4	0.0003151343260064		0.39999999999994923	False	occupancy_only
metastatic::APC+PIK3CA	4	0.0003151343260064		0.39999999999994923	False	occupancy_only
metastatic::APC+PIK3CA+PTEN	4	0.0003151343260064		0.39999999999994923	False	occupancy_only
metastatic::APC+PIK3CA+SOX9+TP53	4	0.0003151343260064		0.39999999999994923	False	occupancy_only
metastatic::APC+SMAD4	4	0.0003151343260064		0.39999999999994923	False	occupancy_only
metastatic::APC+SMAD4+TCF7L2+TP53	4	0.0003151343260064		0.39999999999994923	False	occupancy_only
metastatic::APC+TCF7L2	4	0.0003151343260064		0.39999999999994923	False	occupancy_only
metastatic::BRAF+FBXW7+PIK3CA	4	0.0003151343260064		0.39999999999994923	False	occupancy_only
metastatic::BRAF+PIK3CA	4	0.0003151343260064		0.39999999999994923	False	occupancy_only
metastatic::CTNNB1+KRAS+PIK3CA+TP53	4	0.0003151343260064		0.39999999999994923	False	occupancy_only
metastatic::CTNNB1+PIK3CA+TP53	4	0.0003151343260064		0.39999999999994923	False	occupancy_only
metastatic::FBXW7+KRAS+PIK3CA	4	0.0003151343260064		0.39999999999994923	False	occupancy_only
metastatic::KRAS+RNF43+SMAD4+TP53	4	0.0003151343260064		0.39999999999994923	False	occupancy_only
metastatic::NRAS+SMAD4+TP53	4	0.0003151343260064		0.39999999999994923	False	occupancy_only
primary::APC+ARID1A	4	0.0003151343260064		0.39999999999994923	False	occupancy_only
primary::APC+ARID1A+FBXW7+KRAS+TP53	4	0.0003151343260064		0.39999999999994923	False	occupancy_only
primary::APC+ARID1A+KRAS+PIK3CA+PTEN+SOX9	4	0.0003151343260064		0.39999999999994923	False	occupancy_only
primary::APC+ARID1A+PIK3CA+SOX9	4	0.0003151343260064		0.39999999999994923	False	occupancy_only
primary::APC+ARID1A+PIK3CA+TCF7L2+TP53	4	0.0003151343260064		0.39999999999994923	False	occupancy_only
primary::APC+BRAF+FBXW7+PIK3CA+PTEN	4	0.0003151343260064		0.39999999999994923	False	occupancy_only
primary::APC+BRAF+FBXW7+PIK3CA+TP53	4	0.0003151343260064		0.39999999999994923	False	occupancy_only
primary::APC+BRAF+KRAS+SOX9+TP53	4	0.0003151343260064		0.39999999999994923	False	occupancy_only
primary::APC+BRAF+KRAS+TP53	4	0.0003151343260064		0.39999999999994923	False	occupancy_only
primary::APC+BRAF+NRAS+TP53	4	0.0003151343260064		0.39999999999994923	False	occupancy_only
primary::APC+BRAF+PTEN	4	0.0003151343260064		0.39999999999994923	False	occupancy_only
primary::APC+BRAF+SMAD4	4	0.0003151343260064		0.39999999999994923	False	occupancy_only
primary::APC+CTNNB1	4	0.0003151343260064		0.39999999999994923	False	occupancy_only
primary::APC+FBXW7+KRAS+PIK3CA+SOX9+TP53	4	0.0003151343260064		0.39999999999994923	False	occupancy_only
primary::APC+FBXW7+KRAS+SMAD4+SOX9+TP53	4	0.0003151343260064		0.39999999999994923	False	occupancy_only
primary::APC+KRAS+NRAS	4	0.0003151343260064		0.39999999999994923	False	occupancy_only
primary::APC+KRAS+PIK3CA+PTEN+SOX9	4	0.0003151343260064		0.39999999999994923	False	occupancy_only
primary::APC+KRAS+PIK3CA+PTEN+TCF7L2	4	0.0003151343260064		0.39999999999994923	False	occupancy_only
primary::APC+KRAS+PIK3CA+SMAD4+SOX9+TP53	4	0.0003151343260064		0.39999999999994923	False	occupancy_only
primary::APC+NRAS+PIK3CA+SMAD4+TP53	4	0.0003151343260064		0.39999999999994923	False	occupancy_only
primary::APC+NRAS+PTEN+TP53	4	0.0003151343260064		0.39999999999994923	False	occupancy_only
primary::APC+PIK3CA+RNF43+TP53	4	0.0003151343260064		0.39999999999994923	False	occupancy_only
primary::APC+PIK3CA+SOX9+TP53	4	0.0003151343260064		0.39999999999994923	False	occupancy_only
primary::APC+SOX9+TCF7L2+TP53	4	0.0003151343260064		0.39999999999994923	False	occupancy_only
primary::ARID1A+BRAF+RNF43+TCF7L2	4	0.0003151343260064		0.39999999999994923	False	occupancy_only
primary::ARID1A+BRAF+RNF43+TP53	4	0.0003151343260064		0.39999999999994923	False	occupancy_only
primary::BRAF+NRAS+TP53	4	0.0003151343260064		0.39999999999994923	False	occupancy_only
primary::BRAF+PIK3CA+RNF43	4	0.0003151343260064		0.39999999999994923	False	occupancy_only
primary::BRAF+PIK3CA+RNF43+TGFBR2	4	0.0003151343260064		0.39999999999994923	False	occupancy_only
primary::BRAF+RNF43+SMAD4	4	0.0003151343260064		0.39999999999994923	False	occupancy_only
primary::BRAF+RNF43+SOX9+TGFBR2	4	0.0003151343260064		0.39999999999994923	False	occupancy_only
primary::CTNNB1+KRAS+PIK3CA+PTEN+TP53	4	0.0003151343260064		0.39999999999994923	False	occupancy_only
primary::CTNNB1+KRAS+SMAD4+TP53	4	0.0003151343260064		0.39999999999994923	False	occupancy_only
primary::FBXW7+KRAS+PIK3CA+SMAD4+TP53	4	0.0003151343260064		0.39999999999994923	False	occupancy_only
primary::FBXW7+KRAS+SMAD4+TP53	4	0.0003151343260064		0.39999999999994923	False	occupancy_only
primary::KRAS+PIK3CA+PTEN+SMAD4+TP53	4	0.0003151343260064		0.39999999999994923	False	occupancy_only
primary::KRAS+PIK3CA+RNF43+SMAD4+TP53	4	0.0003151343260064		0.39999999999994923	False	occupancy_only
primary::KRAS+SOX9	4	0.0003151343260064		0.39999999999994923	False	occupancy_only
primary::KRAS+TGFBR2	4	0.0003151343260064		0.39999999999994923	False	occupancy_only
primary::NRAS	4	0.0003151343260064		0.39999999999994923	False	occupancy_only
primary::NRAS+RNF43+TP53	4	0.0003151343260064		0.39999999999994923	False	occupancy_only
primary::PIK3CA+PTEN	4	0.0003151343260064		0.39999999999994923	False	occupancy_only
primary::PIK3CA+SMAD4	4	0.0003151343260064		0.39999999999994923	False	occupancy_only
unknown::BRAF+TP53	4	0.0003151343260064		0.39999999999994923	False	occupancy_only
unknown::KRAS	4	0.0003151343260064		0.39999999999994923	False	occupancy_only
unknown::KRAS+TP53	4	0.0003151343260064		0.39999999999994923	False	occupancy_only
metastatic::APC+ARID1A	3	0.0002363507445048		0.2999999999999619	False	occupancy_only
metastatic::APC+ARID1A+KRAS	3	0.0002363507445048		0.2999999999999619	False	occupancy_only
metastatic::APC+ARID1A+KRAS+SMAD4	3	0.0002363507445048		0.2999999999999619	False	occupancy_only
metastatic::APC+ARID1A+PIK3CA+TP53	3	0.0002363507445048		0.2999999999999619	False	occupancy_only
metastatic::APC+BRAF	3	0.0002363507445048		0.2999999999999619	False	occupancy_only
metastatic::APC+BRAF+KRAS+TP53	3	0.0002363507445048		0.2999999999999619	False	occupancy_only
metastatic::APC+BRAF+PTEN	3	0.0002363507445048		0.2999999999999619	False	occupancy_only
metastatic::APC+CTNNB1+KRAS+PIK3CA	3	0.0002363507445048		0.2999999999999619	False	occupancy_only
metastatic::APC+CTNNB1+KRAS+SMAD4+TP53	3	0.0002363507445048		0.2999999999999619	False	occupancy_only
metastatic::APC+CTNNB1+PIK3CA+TP53	3	0.0002363507445048		0.2999999999999619	False	occupancy_only
metastatic::APC+FBXW7+KRAS+PIK3CA+SOX9	3	0.0002363507445048		0.2999999999999619	False	occupancy_only
metastatic::APC+FBXW7+KRAS+PTEN	3	0.0002363507445048		0.2999999999999619	False	occupancy_only
metastatic::APC+FBXW7+KRAS+SOX9	3	0.0002363507445048		0.2999999999999619	False	occupancy_only
metastatic::APC+KRAS+PIK3CA+PTEN+SMAD4	3	0.0002363507445048		0.2999999999999619	False	occupancy_only
metastatic::APC+KRAS+PIK3CA+SMAD4+TCF7L2	3	0.0002363507445048		0.2999999999999619	False	occupancy_only
metastatic::APC+KRAS+PIK3CA+TCF7L2+TP53	3	0.0002363507445048		0.2999999999999619	False	occupancy_only
metastatic::APC+KRAS+RNF43	3	0.0002363507445048		0.2999999999999619	False	occupancy_only
metastatic::APC+NRAS+PIK3CA	3	0.0002363507445048		0.2999999999999619	False	occupancy_only
metastatic::APC+NRAS+PIK3CA+TCF7L2	3	0.0002363507445048		0.2999999999999619	False	occupancy_only
metastatic::APC+NRAS+PTEN+TP53	3	0.0002363507445048		0.2999999999999619	False	occupancy_only
metastatic::APC+PIK3CA+SOX9	3	0.0002363507445048		0.2999999999999619	False	occupancy_only
metastatic::APC+PTEN	3	0.0002363507445048		0.2999999999999619	False	occupancy_only
metastatic::ARID1A+RNF43+TP53	3	0.0002363507445048		0.2999999999999619	False	occupancy_only
metastatic::BRAF+FBXW7+TP53	3	0.0002363507445048		0.2999999999999619	False	occupancy_only
metastatic::BRAF+KRAS+PIK3CA	3	0.0002363507445048		0.2999999999999619	False	occupancy_only
metastatic::BRAF+PIK3CA+SMAD4+TP53	3	0.0002363507445048		0.2999999999999619	False	occupancy_only
metastatic::BRAF+PTEN+SMAD4+TP53	3	0.0002363507445048		0.2999999999999619	False	occupancy_only
metastatic::BRAF+RNF43+SMAD4+TP53	3	0.0002363507445048		0.2999999999999619	False	occupancy_only
metastatic::CTNNB1	3	0.0002363507445048		0.2999999999999619	False	occupancy_only
metastatic::CTNNB1+KRAS+PIK3CA	3	0.0002363507445048		0.2999999999999619	False	occupancy_only
metastatic::CTNNB1+KRAS+SMAD4	3	0.0002363507445048		0.2999999999999619	False	occupancy_only
metastatic::FBXW7	3	0.0002363507445048		0.2999999999999619	False	occupancy_only
metastatic::FBXW7+PIK3CA+TP53	3	0.0002363507445048		0.2999999999999619	False	occupancy_only
metastatic::KRAS+SMAD4+SOX9	3	0.0002363507445048		0.2999999999999619	False	occupancy_only
metastatic::NRAS+RNF43+TP53	3	0.0002363507445048		0.2999999999999619	False	occupancy_only
primary::APC+ARID1A+BRAF+PIK3CA+RNF43+TGFBR2	3	0.0002363507445048		0.2999999999999619	False	occupancy_only
primary::APC+ARID1A+FBXW7+KRAS+PIK3CA+SOX9+TGFBR2+TP53	3	0.0002363507445048		0.2999999999999619	False	occupancy_only
primary::APC+ARID1A+KRAS+PIK3CA+TCF7L2+TP53	3	0.0002363507445048		0.2999999999999619	False	occupancy_only
primary::APC+ARID1A+KRAS+RNF43+TCF7L2	3	0.0002363507445048		0.2999999999999619	False	occupancy_only
primary::APC+ARID1A+PIK3CA+PTEN+TCF7L2	3	0.0002363507445048		0.2999999999999619	False	occupancy_only
primary::APC+ARID1A+RNF43	3	0.0002363507445048		0.2999999999999619	False	occupancy_only
primary::APC+ARID1A+RNF43+SOX9	3	0.0002363507445048		0.2999999999999619	False	occupancy_only
primary::APC+ARID1A+RNF43+TCF7L2+TP53	3	0.0002363507445048		0.2999999999999619	False	occupancy_only
primary::APC+ARID1A+RNF43+TP53	3	0.0002363507445048		0.2999999999999619	False	occupancy_only
primary::APC+ARID1A+SMAD4+SOX9+TP53	3	0.0002363507445048		0.2999999999999619	False	occupancy_only
primary::APC+BRAF+KRAS+PTEN	3	0.0002363507445048		0.2999999999999619	False	occupancy_only
primary::APC+BRAF+KRAS+SMAD4	3	0.0002363507445048		0.2999999999999619	False	occupancy_only
primary::APC+BRAF+NRAS+PIK3CA+TP53	3	0.0002363507445048		0.2999999999999619	False	occupancy_only
primary::APC+BRAF+PIK3CA+PTEN	3	0.0002363507445048		0.2999999999999619	False	occupancy_only
primary::APC+BRAF+PIK3CA+SMAD4	3	0.0002363507445048		0.2999999999999619	False	occupancy_only
primary::APC+BRAF+RNF43+TGFBR2+TP53	3	0.0002363507445048		0.2999999999999619	False	occupancy_only
primary::APC+CTNNB1+FBXW7+TP53	3	0.0002363507445048		0.2999999999999619	False	occupancy_only
primary::APC+CTNNB1+KRAS+PIK3CA	3	0.0002363507445048		0.2999999999999619	False	occupancy_only
primary::APC+CTNNB1+KRAS+PIK3CA+SOX9+TP53	3	0.0002363507445048		0.2999999999999619	False	occupancy_only
primary::APC+CTNNB1+KRAS+TCF7L2	3	0.0002363507445048		0.2999999999999619	False	occupancy_only
primary::APC+FBXW7+KRAS+PIK3CA+SMAD4	3	0.0002363507445048		0.2999999999999619	False	occupancy_only
primary::APC+FBXW7+KRAS+PTEN+TP53	3	0.0002363507445048		0.2999999999999619	False	occupancy_only
primary::APC+FBXW7+KRAS+SMAD4	3	0.0002363507445048		0.2999999999999619	False	occupancy_only
primary::APC+FBXW7+NRAS+PIK3CA+TP53	3	0.0002363507445048		0.2999999999999619	False	occupancy_only
primary::APC+FBXW7+PIK3CA+SOX9+TP53	3	0.0002363507445048		0.2999999999999619	False	occupancy_only
primary::APC+FBXW7+RNF43+TP53	3	0.0002363507445048		0.2999999999999619	False	occupancy_only
primary::APC+KRAS+PIK3CA+RNF43+TP53	3	0.0002363507445048		0.2999999999999619	False	occupancy_only
primary::APC+KRAS+PIK3CA+SMAD4+SOX9+TCF7L2	3	0.0002363507445048		0.2999999999999619	False	occupancy_only
primary::APC+KRAS+PIK3CA+TGFBR2	3	0.0002363507445048		0.2999999999999619	False	occupancy_only
primary::APC+KRAS+PIK3CA+TGFBR2+TP53	3	0.0002363507445048		0.2999999999999619	False	occupancy_only
primary::APC+KRAS+PTEN+SMAD4	3	0.0002363507445048		0.2999999999999619	False	occupancy_only
primary::APC+KRAS+PTEN+SMAD4+SOX9	3	0.0002363507445048		0.2999999999999619	False	occupancy_only
primary::APC+KRAS+PTEN+SMAD4+TP53	3	0.0002363507445048		0.2999999999999619	False	occupancy_only
primary::APC+KRAS+PTEN+TCF7L2+TP53	3	0.0002363507445048		0.2999999999999619	False	occupancy_only
primary::APC+KRAS+SMAD4+TCF7L2	3	0.0002363507445048		0.2999999999999619	False	occupancy_only
primary::APC+KRAS+SOX9+TCF7L2	3	0.0002363507445048		0.2999999999999619	False	occupancy_only
primary::APC+KRAS+TGFBR2	3	0.0002363507445048		0.2999999999999619	False	occupancy_only
primary::APC+NRAS+SMAD4	3	0.0002363507445048		0.2999999999999619	False	occupancy_only
primary::APC+PIK3CA+PTEN+TP53	3	0.0002363507445048		0.2999999999999619	False	occupancy_only
primary::APC+PIK3CA+SMAD4+SOX9	3	0.0002363507445048		0.2999999999999619	False	occupancy_only
primary::APC+PIK3CA+SOX9	3	0.0002363507445048		0.2999999999999619	False	occupancy_only
primary::APC+PTEN	3	0.0002363507445048		0.2999999999999619	False	occupancy_only
primary::APC+PTEN+SMAD4+TP53	3	0.0002363507445048		0.2999999999999619	False	occupancy_only
primary::APC+PTEN+SOX9	3	0.0002363507445048		0.2999999999999619	False	occupancy_only
primary::APC+RNF43+TCF7L2	3	0.0002363507445048		0.2999999999999619	False	occupancy_only
primary::APC+SMAD4+SOX9	3	0.0002363507445048		0.2999999999999619	False	occupancy_only
primary::ARID1A+BRAF+FBXW7+PIK3CA+RNF43+SOX9	3	0.0002363507445048		0.2999999999999619	False	occupancy_only
primary::ARID1A+BRAF+FBXW7+RNF43+TCF7L2	3	0.0002363507445048		0.2999999999999619	False	occupancy_only
primary::ARID1A+BRAF+PIK3CA+RNF43	3	0.0002363507445048		0.2999999999999619	False	occupancy_only
primary::ARID1A+BRAF+PIK3CA+RNF43+SOX9	3	0.0002363507445048		0.2999999999999619	False	occupancy_only
primary::ARID1A+BRAF+PIK3CA+RNF43+TCF7L2+TGFBR2	3	0.0002363507445048		0.2999999999999619	False	occupancy_only
primary::ARID1A+BRAF+PTEN+RNF43	3	0.0002363507445048		0.2999999999999619	False	occupancy_only
primary::ARID1A+BRAF+PTEN+RNF43+SOX9	3	0.0002363507445048		0.2999999999999619	False	occupancy_only
primary::ARID1A+CTNNB1+FBXW7+PIK3CA+PTEN+SOX9+TCF7L2	3	0.0002363507445048		0.2999999999999619	False	occupancy_only
primary::ARID1A+FBXW7+RNF43	3	0.0002363507445048		0.2999999999999619	False	occupancy_only
primary::ARID1A+KRAS	3	0.0002363507445048		0.2999999999999619	False	occupancy_only
primary::ARID1A+KRAS+PIK3CA	3	0.0002363507445048		0.2999999999999619	False	occupancy_only
primary::ARID1A+KRAS+RNF43+SMAD4+TP53	3	0.0002363507445048		0.2999999999999619	False	occupancy_only
primary::ARID1A+RNF43	3	0.0002363507445048		0.2999999999999619	False	occupancy_only
primary::BRAF+FBXW7+PIK3CA+SMAD4+TP53	3	0.0002363507445048		0.2999999999999619	False	occupancy_only
primary::BRAF+FBXW7+PTEN	3	0.0002363507445048		0.2999999999999619	False	occupancy_only
primary::BRAF+FBXW7+RNF43	3	0.0002363507445048		0.2999999999999619	False	occupancy_only
primary::BRAF+FBXW7+SMAD4	3	0.0002363507445048		0.2999999999999619	False	occupancy_only
primary::BRAF+KRAS+PIK3CA+TP53	3	0.0002363507445048		0.2999999999999619	False	occupancy_only
primary::BRAF+PIK3CA+PTEN	3	0.0002363507445048		0.2999999999999619	False	occupancy_only
primary::BRAF+PIK3CA+PTEN+RNF43	3	0.0002363507445048		0.2999999999999619	False	occupancy_only
primary::BRAF+PIK3CA+SMAD4	3	0.0002363507445048		0.2999999999999619	False	occupancy_only
primary::BRAF+PIK3CA+SOX9	3	0.0002363507445048		0.2999999999999619	False	occupancy_only
primary::BRAF+PTEN+RNF43+TP53	3	0.0002363507445048		0.2999999999999619	False	occupancy_only
primary::CTNNB1+FBXW7+TP53	3	0.0002363507445048		0.2999999999999619	False	occupancy_only
primary::CTNNB1+KRAS+PIK3CA+SMAD4+SOX9	3	0.0002363507445048		0.2999999999999619	False	occupancy_only
primary::CTNNB1+KRAS+PIK3CA+SOX9	3	0.0002363507445048		0.2999999999999619	False	occupancy_only
primary::CTNNB1+PIK3CA+PTEN	3	0.0002363507445048		0.2999999999999619	False	occupancy_only
primary::CTNNB1+SMAD4+TP53	3	0.0002363507445048		0.2999999999999619	False	occupancy_only
primary::FBXW7+KRAS+PIK3CA+SMAD4	3	0.0002363507445048		0.2999999999999619	False	occupancy_only
primary::FBXW7+KRAS+PTEN+TP53	3	0.0002363507445048		0.2999999999999619	False	occupancy_only
primary::FBXW7+KRAS+RNF43+TP53	3	0.0002363507445048		0.2999999999999619	False	occupancy_only
primary::FBXW7+PIK3CA	3	0.0002363507445048		0.2999999999999619	False	occupancy_only
primary::KRAS+PIK3CA+SOX9	3	0.0002363507445048		0.2999999999999619	False	occupancy_only
primary::KRAS+TCF7L2	3	0.0002363507445048		0.2999999999999619	False	occupancy_only
primary::NRAS+SOX9+TP53	3	0.0002363507445048		0.2999999999999619	False	occupancy_only
primary::PIK3CA+PTEN+TP53	3	0.0002363507445048		0.2999999999999619	False	occupancy_only
primary::PIK3CA+TCF7L2+TP53	3	0.0002363507445048		0.2999999999999619	False	occupancy_only
unknown::APC	3	0.0002363507445048		0.2999999999999619	False	occupancy_only
unknown::APC+BRAF+TP53	3	0.0002363507445048		0.2999999999999619	False	occupancy_only
unknown::APC+KRAS	3	0.0002363507445048		0.2999999999999619	False	occupancy_only
unknown::APC+KRAS+SMAD4+TP53	3	0.0002363507445048		0.2999999999999619	False	occupancy_only
metastatic::APC+ARID1A+FBXW7+KRAS+PIK3CA+TCF7L2	2	0.0001575671630032		0.19999999999997461	False	occupancy_only
metastatic::APC+ARID1A+FBXW7+KRAS+TP53	2	0.0001575671630032		0.19999999999997461	False	occupancy_only
metastatic::APC+ARID1A+KRAS+PIK3CA	2	0.0001575671630032		0.19999999999997461	False	occupancy_only
metastatic::APC+ARID1A+KRAS+PIK3CA+SOX9	2	0.0001575671630032		0.19999999999997461	False	occupancy_only
metastatic::APC+ARID1A+KRAS+SMAD4+SOX9	2	0.0001575671630032		0.19999999999997461	False	occupancy_only
metastatic::APC+ARID1A+KRAS+SMAD4+TP53	2	0.0001575671630032		0.19999999999997461	False	occupancy_only
metastatic::APC+ARID1A+SOX9+TP53	2	0.0001575671630032		0.19999999999997461	False	occupancy_only
metastatic::APC+BRAF+KRAS+PIK3CA+SMAD4+TP53	2	0.0001575671630032		0.19999999999997461	False	occupancy_only
metastatic::APC+BRAF+NRAS+TP53	2	0.0001575671630032		0.19999999999997461	False	occupancy_only
metastatic::APC+BRAF+PIK3CA+SOX9+TP53	2	0.0001575671630032		0.19999999999997461	False	occupancy_only
metastatic::APC+BRAF+PTEN+TP53	2	0.0001575671630032		0.19999999999997461	False	occupancy_only
metastatic::APC+BRAF+SOX9+TP53	2	0.0001575671630032		0.19999999999997461	False	occupancy_only
metastatic::APC+BRAF+TCF7L2+TP53	2	0.0001575671630032		0.19999999999997461	False	occupancy_only
metastatic::APC+BRAF+TGFBR2+TP53	2	0.0001575671630032		0.19999999999997461	False	occupancy_only
metastatic::APC+CTNNB1+TCF7L2+TP53	2	0.0001575671630032		0.19999999999997461	False	occupancy_only
metastatic::APC+FBXW7+KRAS+NRAS+SMAD4+TP53	2	0.0001575671630032		0.19999999999997461	False	occupancy_only
metastatic::APC+FBXW7+KRAS+SMAD4	2	0.0001575671630032		0.19999999999997461	False	occupancy_only
metastatic::APC+FBXW7+KRAS+TCF7L2	2	0.0001575671630032		0.19999999999997461	False	occupancy_only
metastatic::APC+FBXW7+KRAS+TCF7L2+TP53	2	0.0001575671630032		0.19999999999997461	False	occupancy_only
metastatic::APC+FBXW7+NRAS+TP53	2	0.0001575671630032		0.19999999999997461	False	occupancy_only
metastatic::APC+FBXW7+SMAD4+TP53	2	0.0001575671630032		0.19999999999997461	False	occupancy_only
metastatic::APC+KRAS+NRAS	2	0.0001575671630032		0.19999999999997461	False	occupancy_only
metastatic::APC+KRAS+PIK3CA+TGFBR2	2	0.0001575671630032		0.19999999999997461	False	occupancy_only
metastatic::APC+KRAS+PTEN+SMAD4+SOX9	2	0.0001575671630032		0.19999999999997461	False	occupancy_only
metastatic::APC+KRAS+PTEN+SMAD4+TP53	2	0.0001575671630032		0.19999999999997461	False	occupancy_only
metastatic::APC+KRAS+RNF43+SMAD4+TP53	2	0.0001575671630032		0.19999999999997461	False	occupancy_only
metastatic::APC+KRAS+SMAD4+TCF7L2	2	0.0001575671630032		0.19999999999997461	False	occupancy_only
metastatic::APC+KRAS+SOX9+TCF7L2+TP53	2	0.0001575671630032		0.19999999999997461	False	occupancy_only
metastatic::APC+KRAS+SOX9+TGFBR2	2	0.0001575671630032		0.19999999999997461	False	occupancy_only
metastatic::APC+KRAS+TGFBR2	2	0.0001575671630032		0.19999999999997461	False	occupancy_only
metastatic::APC+NRAS+SMAD4	2	0.0001575671630032		0.19999999999997461	False	occupancy_only
metastatic::APC+NRAS+SMAD4+SOX9+TP53	2	0.0001575671630032		0.19999999999997461	False	occupancy_only
metastatic::APC+NRAS+SOX9	2	0.0001575671630032		0.19999999999997461	False	occupancy_only
metastatic::APC+PIK3CA+PTEN+SMAD4+TP53	2	0.0001575671630032		0.19999999999997461	False	occupancy_only
metastatic::APC+PIK3CA+RNF43+TP53	2	0.0001575671630032		0.19999999999997461	False	occupancy_only
metastatic::APC+PIK3CA+SMAD4+SOX9+TP53	2	0.0001575671630032		0.19999999999997461	False	occupancy_only
metastatic::APC+PIK3CA+SMAD4+TP53	2	0.0001575671630032		0.19999999999997461	False	occupancy_only
metastatic::APC+RNF43	2	0.0001575671630032		0.19999999999997461	False	occupancy_only
metastatic::APC+SOX9+TCF7L2+TP53	2	0.0001575671630032		0.19999999999997461	False	occupancy_only
metastatic::ARID1A+BRAF+RNF43+SMAD4+TP53	2	0.0001575671630032		0.19999999999997461	False	occupancy_only
metastatic::ARID1A+BRAF+SMAD4+TP53	2	0.0001575671630032		0.19999999999997461	False	occupancy_only
metastatic::ARID1A+KRAS+SMAD4+TP53	2	0.0001575671630032		0.19999999999997461	False	occupancy_only
metastatic::BRAF+CTNNB1+FBXW7+KRAS+PIK3CA+PTEN+SMAD4+TP53	2	0.0001575671630032		0.19999999999997461	False	occupancy_only
metastatic::BRAF+CTNNB1+RNF43+TP53	2	0.0001575671630032		0.19999999999997461	False	occupancy_only
metastatic::BRAF+FBXW7+KRAS+PIK3CA+PTEN+SMAD4+TP53	2	0.0001575671630032		0.19999999999997461	False	occupancy_only
metastatic::BRAF+FBXW7+RNF43+TP53	2	0.0001575671630032		0.19999999999997461	False	occupancy_only
metastatic::BRAF+KRAS	2	0.0001575671630032		0.19999999999997461	False	occupancy_only
metastatic::BRAF+NRAS+TP53	2	0.0001575671630032		0.19999999999997461	False	occupancy_only
metastatic::BRAF+PTEN	2	0.0001575671630032		0.19999999999997461	False	occupancy_only
metastatic::BRAF+RNF43	2	0.0001575671630032		0.19999999999997461	False	occupancy_only
metastatic::BRAF+RNF43+SMAD4	2	0.0001575671630032		0.19999999999997461	False	occupancy_only
metastatic::CTNNB1+KRAS+PIK3CA+SMAD4+TP53	2	0.0001575671630032		0.19999999999997461	False	occupancy_only
metastatic::CTNNB1+NRAS	2	0.0001575671630032		0.19999999999997461	False	occupancy_only
metastatic::CTNNB1+PIK3CA+SMAD4+TP53	2	0.0001575671630032		0.19999999999997461	False	occupancy_only
metastatic::CTNNB1+SOX9+TP53	2	0.0001575671630032		0.19999999999997461	False	occupancy_only
metastatic::FBXW7+KRAS+PIK3CA+SMAD4+TP53	2	0.0001575671630032		0.19999999999997461	False	occupancy_only
metastatic::FBXW7+PIK3CA	2	0.0001575671630032		0.19999999999997461	False	occupancy_only
metastatic::FBXW7+RNF43+SMAD4+SOX9	2	0.0001575671630032		0.19999999999997461	False	occupancy_only
metastatic::KRAS+NRAS+TP53	2	0.0001575671630032		0.19999999999997461	False	occupancy_only
metastatic::KRAS+PIK3CA+PTEN	2	0.0001575671630032		0.19999999999997461	False	occupancy_only
metastatic::KRAS+PIK3CA+TCF7L2	2	0.0001575671630032		0.19999999999997461	False	occupancy_only
metastatic::KRAS+TCF7L2	2	0.0001575671630032		0.19999999999997461	False	occupancy_only
metastatic::KRAS+TGFBR2+TP53	2	0.0001575671630032		0.19999999999997461	False	occupancy_only
metastatic::PIK3CA+SMAD4+TP53	2	0.0001575671630032		0.19999999999997461	False	occupancy_only
metastatic::PTEN	2	0.0001575671630032		0.19999999999997461	False	occupancy_only
metastatic::PTEN+SOX9+TP53	2	0.0001575671630032		0.19999999999997461	False	occupancy_only
metastatic::TCF7L2+TP53	2	0.0001575671630032		0.19999999999997461	False	occupancy_only
primary::APC+ARID1A+BRAF+CTNNB1+FBXW7+PIK3CA+PTEN+SMAD4+TCF7L2+TP53	2	0.0001575671630032		0.19999999999997461	False	occupancy_only
primary::APC+ARID1A+BRAF+FBXW7	2	0.0001575671630032		0.19999999999997461	False	occupancy_only
primary::APC+ARID1A+BRAF+FBXW7+PTEN+RNF43+TP53	2	0.0001575671630032		0.19999999999997461	False	occupancy_only
primary::APC+ARID1A+BRAF+FBXW7+RNF43+TP53	2	0.0001575671630032		0.19999999999997461	False	occupancy_only
primary::APC+ARID1A+BRAF+FBXW7+TGFBR2+TP53	2	0.0001575671630032		0.19999999999997461	False	occupancy_only
primary::APC+ARID1A+BRAF+KRAS+PIK3CA	2	0.0001575671630032		0.19999999999997461	False	occupancy_only
primary::APC+ARID1A+BRAF+PIK3CA+RNF43+TCF7L2+TGFBR2	2	0.0001575671630032		0.19999999999997461	False	occupancy_only
primary::APC+ARID1A+BRAF+PIK3CA+SOX9+TCF7L2+TGFBR2	2	0.0001575671630032		0.19999999999997461	False	occupancy_only
primary::APC+ARID1A+BRAF+PTEN+RNF43+TCF7L2+TP53	2	0.0001575671630032		0.19999999999997461	False	occupancy_only
primary::APC+ARID1A+BRAF+RNF43	2	0.0001575671630032		0.19999999999997461	False	occupancy_only
primary::APC+ARID1A+BRAF+SOX9	2	0.0001575671630032		0.19999999999997461	False	occupancy_only
primary::APC+ARID1A+BRAF+TP53	2	0.0001575671630032		0.19999999999997461	False	occupancy_only
primary::APC+ARID1A+CTNNB1+KRAS+PIK3CA+RNF43	2	0.0001575671630032		0.19999999999997461	False	occupancy_only
primary::APC+ARID1A+CTNNB1+KRAS+PIK3CA+TCF7L2	2	0.0001575671630032		0.19999999999997461	False	occupancy_only
primary::APC+ARID1A+CTNNB1+KRAS+SOX9	2	0.0001575671630032		0.19999999999997461	False	occupancy_only
primary::APC+ARID1A+CTNNB1+RNF43+TCF7L2	2	0.0001575671630032		0.19999999999997461	False	occupancy_only
primary::APC+ARID1A+CTNNB1+TP53	2	0.0001575671630032		0.19999999999997461	False	occupancy_only
primary::APC+ARID1A+FBXW7	2	0.0001575671630032		0.19999999999997461	False	occupancy_only
primary::APC+ARID1A+FBXW7+KRAS	2	0.0001575671630032		0.19999999999997461	False	occupancy_only
primary::APC+ARID1A+FBXW7+KRAS+PIK3CA	2	0.0001575671630032		0.19999999999997461	False	occupancy_only
primary::APC+ARID1A+FBXW7+KRAS+PIK3CA+PTEN+RNF43+TCF7L2	2	0.0001575671630032		0.19999999999997461	False	occupancy_only
primary::APC+ARID1A+FBXW7+KRAS+PIK3CA+RNF43+SOX9+TP53	2	0.0001575671630032		0.19999999999997461	False	occupancy_only
primary::APC+ARID1A+FBXW7+KRAS+PIK3CA+RNF43+TCF7L2	2	0.0001575671630032		0.19999999999997461	False	occupancy_only
primary::APC+ARID1A+FBXW7+KRAS+PIK3CA+TCF7L2	2	0.0001575671630032		0.19999999999997461	False	occupancy_only
primary::APC+ARID1A+FBXW7+KRAS+PIK3CA+TP53	2	0.0001575671630032		0.19999999999997461	False	occupancy_only
primary::APC+ARID1A+FBXW7+PIK3CA+RNF43+SMAD4+TCF7L2+TGFBR2+TP53	2	0.0001575671630032		0.19999999999997461	False	occupancy_only
primary::APC+ARID1A+FBXW7+PIK3CA+TCF7L2	2	0.0001575671630032		0.19999999999997461	False	occupancy_only
primary::APC+ARID1A+FBXW7+PIK3CA+TCF7L2+TP53	2	0.0001575671630032		0.19999999999997461	False	occupancy_only
primary::APC+ARID1A+FBXW7+RNF43+TCF7L2	2	0.0001575671630032		0.19999999999997461	False	occupancy_only
primary::APC+ARID1A+FBXW7+RNF43+TGFBR2	2	0.0001575671630032		0.19999999999997461	False	occupancy_only
primary::APC+ARID1A+FBXW7+SOX9+TCF7L2+TP53	2	0.0001575671630032		0.19999999999997461	False	occupancy_only
primary::APC+ARID1A+KRAS+PIK3CA+RNF43+TCF7L2	2	0.0001575671630032		0.19999999999997461	False	occupancy_only
primary::APC+ARID1A+KRAS+PIK3CA+SMAD4+TCF7L2	2	0.0001575671630032		0.19999999999997461	False	occupancy_only
primary::APC+ARID1A+KRAS+PIK3CA+SMAD4+TP53	2	0.0001575671630032		0.19999999999997461	False	occupancy_only
primary::APC+ARID1A+KRAS+PIK3CA+SOX9+TCF7L2	2	0.0001575671630032		0.19999999999997461	False	occupancy_only
primary::APC+ARID1A+KRAS+PIK3CA+SOX9+TP53	2	0.0001575671630032		0.19999999999997461	False	occupancy_only
primary::APC+ARID1A+KRAS+PIK3CA+TCF7L2+TGFBR2	2	0.0001575671630032		0.19999999999997461	False	occupancy_only
primary::APC+ARID1A+KRAS+PTEN	2	0.0001575671630032		0.19999999999997461	False	occupancy_only
primary::APC+ARID1A+KRAS+SMAD4	2	0.0001575671630032		0.19999999999997461	False	occupancy_only
primary::APC+ARID1A+NRAS+TCF7L2+TP53	2	0.0001575671630032		0.19999999999997461	False	occupancy_only
primary::APC+ARID1A+PIK3CA+RNF43	2	0.0001575671630032		0.19999999999997461	False	occupancy_only
primary::APC+ARID1A+RNF43+SMAD4	2	0.0001575671630032		0.19999999999997461	False	occupancy_only
primary::APC+ARID1A+RNF43+TGFBR2	2	0.0001575671630032		0.19999999999997461	False	occupancy_only
primary::APC+BRAF+FBXW7+NRAS+TP53	2	0.0001575671630032		0.19999999999997461	False	occupancy_only
primary::APC+BRAF+FBXW7+PTEN+TP53	2	0.0001575671630032		0.19999999999997461	False	occupancy_only
primary::APC+BRAF+FBXW7+SMAD4+TP53	2	0.0001575671630032		0.19999999999997461	False	occupancy_only
primary::APC+BRAF+FBXW7+SOX9+TP53	2	0.0001575671630032		0.19999999999997461	False	occupancy_only
primary::APC+BRAF+KRAS+PIK3CA+TP53	2	0.0001575671630032		0.19999999999997461	False	occupancy_only
primary::APC+BRAF+KRAS+SMAD4+TP53	2	0.0001575671630032		0.19999999999997461	False	occupancy_only
primary::APC+BRAF+NRAS	2	0.0001575671630032		0.19999999999997461	False	occupancy_only
primary::APC+BRAF+PIK3CA+SMAD4+SOX9	2	0.0001575671630032		0.19999999999997461	False	occupancy_only
primary::APC+BRAF+PIK3CA+SOX9	2	0.0001575671630032		0.19999999999997461	False	occupancy_only
primary::APC+BRAF+PIK3CA+SOX9+TP53	2	0.0001575671630032		0.19999999999997461	False	occupancy_only
primary::APC+BRAF+RNF43+TGFBR2	2	0.0001575671630032		0.19999999999997461	False	occupancy_only
primary::APC+BRAF+RNF43+TP53	2	0.0001575671630032		0.19999999999997461	False	occupancy_only
primary::APC+BRAF+SOX9+TP53	2	0.0001575671630032		0.19999999999997461	False	occupancy_only
primary::APC+BRAF+TCF7L2+TP53	2	0.0001575671630032		0.19999999999997461	False	occupancy_only
primary::APC+BRAF+TGFBR2	2	0.0001575671630032		0.19999999999997461	False	occupancy_only
primary::APC+CTNNB1+KRAS+PIK3CA+SMAD4	2	0.0001575671630032		0.19999999999997461	False	occupancy_only
primary::APC+CTNNB1+KRAS+PTEN+TP53	2	0.0001575671630032		0.19999999999997461	False	occupancy_only
primary::APC+CTNNB1+KRAS+SMAD4+TP53	2	0.0001575671630032		0.19999999999997461	False	occupancy_only
primary::APC+CTNNB1+NRAS+TP53	2	0.0001575671630032		0.19999999999997461	False	occupancy_only
primary::APC+CTNNB1+PIK3CA+TP53	2	0.0001575671630032		0.19999999999997461	False	occupancy_only
primary::APC+CTNNB1+SMAD4+TP53	2	0.0001575671630032		0.19999999999997461	False	occupancy_only
primary::APC+FBXW7+KRAS+PIK3CA+PTEN	2	0.0001575671630032		0.19999999999997461	False	occupancy_only
primary::APC+FBXW7+KRAS+PIK3CA+PTEN+SMAD4+SOX9	2	0.0001575671630032		0.19999999999997461	False	occupancy_only
primary::APC+FBXW7+KRAS+PIK3CA+PTEN+SMAD4+TP53	2	0.0001575671630032		0.19999999999997461	False	occupancy_only
primary::APC+FBXW7+KRAS+PIK3CA+PTEN+TGFBR2	2	0.0001575671630032		0.19999999999997461	False	occupancy_only
primary::APC+FBXW7+KRAS+PIK3CA+SMAD4+SOX9	2	0.0001575671630032		0.19999999999997461	False	occupancy_only
primary::APC+FBXW7+KRAS+PTEN+TCF7L2	2	0.0001575671630032		0.19999999999997461	False	occupancy_only
primary::APC+FBXW7+KRAS+RNF43+SOX9+TGFBR2	2	0.0001575671630032		0.19999999999997461	False	occupancy_only
primary::APC+FBXW7+KRAS+SMAD4+SOX9	2	0.0001575671630032		0.19999999999997461	False	occupancy_only
primary::APC+FBXW7+KRAS+SMAD4+TCF7L2	2	0.0001575671630032		0.19999999999997461	False	occupancy_only
primary::APC+FBXW7+KRAS+SOX9+TCF7L2	2	0.0001575671630032		0.19999999999997461	False	occupancy_only
primary::APC+FBXW7+KRAS+TCF7L2	2	0.0001575671630032		0.19999999999997461	False	occupancy_only
primary::APC+FBXW7+NRAS	2	0.0001575671630032		0.19999999999997461	False	occupancy_only
primary::APC+FBXW7+PIK3CA+SMAD4+TP53	2	0.0001575671630032		0.19999999999997461	False	occupancy_only
primary::APC+FBXW7+RNF43+SOX9+TGFBR2	2	0.0001575671630032		0.19999999999997461	False	occupancy_only
primary::APC+FBXW7+SMAD4+SOX9+TP53	2	0.0001575671630032		0.19999999999997461	False	occupancy_only
primary::APC+KRAS+NRAS+PTEN+TP53	2	0.0001575671630032		0.19999999999997461	False	occupancy_only
primary::APC+KRAS+NRAS+SMAD4+TP53	2	0.0001575671630032		0.19999999999997461	False	occupancy_only
primary::APC+KRAS+PIK3CA+PTEN+SMAD4+TP53	2	0.0001575671630032		0.19999999999997461	False	occupancy_only
primary::APC+KRAS+PIK3CA+PTEN+SOX9+TP53	2	0.0001575671630032		0.19999999999997461	False	occupancy_only
primary::APC+KRAS+PIK3CA+RNF43	2	0.0001575671630032		0.19999999999997461	False	occupancy_only
primary::APC+KRAS+PIK3CA+RNF43+SMAD4+TCF7L2	2	0.0001575671630032		0.19999999999997461	False	occupancy_only
primary::APC+KRAS+PIK3CA+SMAD4+TCF7L2+TP53	2	0.0001575671630032		0.19999999999997461	False	occupancy_only
primary::APC+KRAS+PTEN+SMAD4+TCF7L2	2	0.0001575671630032		0.19999999999997461	False	occupancy_only
primary::APC+KRAS+PTEN+SMAD4+TCF7L2+TP53	2	0.0001575671630032		0.19999999999997461	False	occupancy_only
primary::APC+KRAS+PTEN+SOX9+TP53	2	0.0001575671630032		0.19999999999997461	False	occupancy_only
primary::APC+KRAS+RNF43	2	0.0001575671630032		0.19999999999997461	False	occupancy_only
primary::APC+KRAS+RNF43+SMAD4+SOX9+TGFBR2	2	0.0001575671630032		0.19999999999997461	False	occupancy_only
primary::APC+KRAS+RNF43+TCF7L2+TP53	2	0.0001575671630032		0.19999999999997461	False	occupancy_only
primary::APC+KRAS+SOX9+TGFBR2	2	0.0001575671630032		0.19999999999997461	False	occupancy_only
primary::APC+KRAS+SOX9+TGFBR2+TP53	2	0.0001575671630032		0.19999999999997461	False	occupancy_only
primary::APC+KRAS+TGFBR2+TP53	2	0.0001575671630032		0.19999999999997461	False	occupancy_only
primary::APC+NRAS+PIK3CA+PTEN	2	0.0001575671630032		0.19999999999997461	False	occupancy_only
primary::APC+NRAS+PIK3CA+TCF7L2	2	0.0001575671630032		0.19999999999997461	False	occupancy_only
primary::APC+PIK3CA+RNF43+TCF7L2+TP53	2	0.0001575671630032		0.19999999999997461	False	occupancy_only
primary::APC+PIK3CA+SMAD4	2	0.0001575671630032		0.19999999999997461	False	occupancy_only
primary::APC+PIK3CA+TCF7L2	2	0.0001575671630032		0.19999999999997461	False	occupancy_only
primary::APC+PTEN+TCF7L2+TP53	2	0.0001575671630032		0.19999999999997461	False	occupancy_only
primary::APC+RNF43+SMAD4+SOX9+TP53	2	0.0001575671630032		0.19999999999997461	False	occupancy_only
primary::ARID1A	2	0.0001575671630032		0.19999999999997461	False	occupancy_only
primary::ARID1A+BRAF+CTNNB1+RNF43+SOX9	2	0.0001575671630032		0.19999999999997461	False	occupancy_only
primary::ARID1A+BRAF+FBXW7+PTEN+RNF43+TCF7L2	2	0.0001575671630032		0.19999999999997461	False	occupancy_only
primary::ARID1A+BRAF+FBXW7+PTEN+RNF43+TGFBR2	2	0.0001575671630032		0.19999999999997461	False	occupancy_only
primary::ARID1A+BRAF+FBXW7+PTEN+RNF43+TP53	2	0.0001575671630032		0.19999999999997461	False	occupancy_only
primary::ARID1A+BRAF+FBXW7+RNF43+TP53	2	0.0001575671630032		0.19999999999997461	False	occupancy_only
primary::ARID1A+BRAF+FBXW7+TCF7L2+TGFBR2	2	0.0001575671630032		0.19999999999997461	False	occupancy_only
primary::ARID1A+BRAF+KRAS+RNF43+TCF7L2+TGFBR2	2	0.0001575671630032		0.19999999999997461	False	occupancy_only
primary::ARID1A+BRAF+PIK3CA+RNF43+TCF7L2	2	0.0001575671630032		0.19999999999997461	False	occupancy_only
primary::ARID1A+BRAF+PIK3CA+RNF43+TCF7L2+TGFBR2+TP53	2	0.0001575671630032		0.19999999999997461	False	occupancy_only
primary::ARID1A+BRAF+PIK3CA+RNF43+TP53	2	0.0001575671630032		0.19999999999997461	False	occupancy_only
primary::ARID1A+BRAF+PTEN+RNF43+SOX9+TCF7L2+TP53	2	0.0001575671630032		0.19999999999997461	False	occupancy_only
primary::ARID1A+BRAF+PTEN+RNF43+TGFBR2	2	0.0001575671630032		0.19999999999997461	False	occupancy_only
primary::ARID1A+BRAF+RNF43+SMAD4	2	0.0001575671630032		0.19999999999997461	False	occupancy_only
primary::ARID1A+BRAF+RNF43+SMAD4+TP53	2	0.0001575671630032		0.19999999999997461	False	occupancy_only
primary::ARID1A+BRAF+RNF43+TGFBR2	2	0.0001575671630032		0.19999999999997461	False	occupancy_only
primary::ARID1A+BRAF+SMAD4+TP53	2	0.0001575671630032		0.19999999999997461	False	occupancy_only
primary::ARID1A+CTNNB1+FBXW7+KRAS+PIK3CA+TP53	2	0.0001575671630032		0.19999999999997461	False	occupancy_only
primary::ARID1A+CTNNB1+PIK3CA+RNF43+SOX9+TCF7L2	2	0.0001575671630032		0.19999999999997461	False	occupancy_only
primary::ARID1A+FBXW7+KRAS+PTEN+RNF43	2	0.0001575671630032		0.19999999999997461	False	occupancy_only
primary::ARID1A+FBXW7+KRAS+SOX9	2	0.0001575671630032		0.19999999999997461	False	occupancy_only
primary::ARID1A+FBXW7+PIK3CA+RNF43+SOX9	2	0.0001575671630032		0.19999999999997461	False	occupancy_only
primary::ARID1A+FBXW7+PTEN	2	0.0001575671630032		0.19999999999997461	False	occupancy_only
primary::ARID1A+FBXW7+SOX9	2	0.0001575671630032		0.19999999999997461	False	occupancy_only
primary::ARID1A+PIK3CA	2	0.0001575671630032		0.19999999999997461	False	occupancy_only
primary::ARID1A+PIK3CA+PTEN+RNF43	2	0.0001575671630032		0.19999999999997461	False	occupancy_only
primary::ARID1A+PIK3CA+PTEN+RNF43+TCF7L2	2	0.0001575671630032		0.19999999999997461	False	occupancy_only
primary::ARID1A+PTEN+RNF43+TGFBR2	2	0.0001575671630032		0.19999999999997461	False	occupancy_only
primary::ARID1A+PTEN+TCF7L2	2	0.0001575671630032		0.19999999999997461	False	occupancy_only
primary::ARID1A+RNF43+SOX9+TGFBR2	2	0.0001575671630032		0.19999999999997461	False	occupancy_only
primary::ARID1A+RNF43+TCF7L2+TP53	2	0.0001575671630032		0.19999999999997461	False	occupancy_only
primary::ARID1A+RNF43+TP53	2	0.0001575671630032		0.19999999999997461	False	occupancy_only
primary::BRAF+FBXW7+KRAS+PIK3CA	2	0.0001575671630032		0.19999999999997461	False	occupancy_only
primary::BRAF+FBXW7+PIK3CA	2	0.0001575671630032		0.19999999999997461	False	occupancy_only
primary::BRAF+FBXW7+PIK3CA+RNF43	2	0.0001575671630032		0.19999999999997461	False	occupancy_only
primary::BRAF+FBXW7+PTEN+RNF43	2	0.0001575671630032		0.19999999999997461	False	occupancy_only
primary::BRAF+FBXW7+RNF43+SMAD4	2	0.0001575671630032		0.19999999999997461	False	occupancy_only
primary::BRAF+FBXW7+RNF43+SMAD4+TP53	2	0.0001575671630032		0.19999999999997461	False	occupancy_only
primary::BRAF+FBXW7+SMAD4+TP53	2	0.0001575671630032		0.19999999999997461	False	occupancy_only
primary::BRAF+KRAS+PIK3CA	2	0.0001575671630032		0.19999999999997461	False	occupancy_only
primary::BRAF+KRAS+PTEN	2	0.0001575671630032		0.19999999999997461	False	occupancy_only
primary::BRAF+PIK3CA+PTEN+SMAD4+TP53	2	0.0001575671630032		0.19999999999997461	False	occupancy_only
primary::BRAF+PIK3CA+SMAD4+TP53	2	0.0001575671630032		0.19999999999997461	False	occupancy_only
primary::BRAF+PTEN+SMAD4	2	0.0001575671630032		0.19999999999997461	False	occupancy_only
primary::BRAF+RNF43+SOX9	2	0.0001575671630032		0.19999999999997461	False	occupancy_only
primary::BRAF+RNF43+SOX9+TP53	2	0.0001575671630032		0.19999999999997461	False	occupancy_only
primary::BRAF+RNF43+TGFBR2+TP53	2	0.0001575671630032		0.19999999999997461	False	occupancy_only
primary::BRAF+TGFBR2	2	0.0001575671630032		0.19999999999997461	False	occupancy_only
primary::BRAF+TGFBR2+TP53	2	0.0001575671630032		0.19999999999997461	False	occupancy_only
primary::CTNNB1+FBXW7+KRAS+PIK3CA+TP53	2	0.0001575671630032		0.19999999999997461	False	occupancy_only
primary::CTNNB1+FBXW7+KRAS+TCF7L2	2	0.0001575671630032		0.19999999999997461	False	occupancy_only
primary::CTNNB1+KRAS+SOX9	2	0.0001575671630032		0.19999999999997461	False	occupancy_only
primary::CTNNB1+KRAS+SOX9+TGFBR2	2	0.0001575671630032		0.19999999999997461	False	occupancy_only
primary::CTNNB1+KRAS+SOX9+TP53	2	0.0001575671630032		0.19999999999997461	False	occupancy_only
primary::CTNNB1+NRAS+TP53	2	0.0001575671630032		0.19999999999997461	False	occupancy_only
primary::CTNNB1+PIK3CA+TP53	2	0.0001575671630032		0.19999999999997461	False	occupancy_only
primary::CTNNB1+PTEN	2	0.0001575671630032		0.19999999999997461	False	occupancy_only
primary::FBXW7+KRAS+PIK3CA+PTEN+SMAD4+TP53	2	0.0001575671630032		0.19999999999997461	False	occupancy_only
primary::FBXW7+KRAS+RNF43	2	0.0001575671630032		0.19999999999997461	False	occupancy_only
primary::FBXW7+KRAS+RNF43+SMAD4+TP53	2	0.0001575671630032		0.19999999999997461	False	occupancy_only
primary::FBXW7+KRAS+TGFBR2	2	0.0001575671630032		0.19999999999997461	False	occupancy_only
primary::FBXW7+NRAS	2	0.0001575671630032		0.19999999999997461	False	occupancy_only
primary::FBXW7+PIK3CA+PTEN+SMAD4+TP53	2	0.0001575671630032		0.19999999999997461	False	occupancy_only
primary::FBXW7+PTEN	2	0.0001575671630032		0.19999999999997461	False	occupancy_only
primary::FBXW7+PTEN+TP53	2	0.0001575671630032		0.19999999999997461	False	occupancy_only
primary::FBXW7+SMAD4+TP53	2	0.0001575671630032		0.19999999999997461	False	occupancy_only
primary::FBXW7+SOX9+TP53	2	0.0001575671630032		0.19999999999997461	False	occupancy_only
primary::KRAS+PTEN+SMAD4	2	0.0001575671630032		0.19999999999997461	False	occupancy_only
primary::KRAS+PTEN+SMAD4+TP53	2	0.0001575671630032		0.19999999999997461	False	occupancy_only
primary::KRAS+RNF43	2	0.0001575671630032		0.19999999999997461	False	occupancy_only
primary::KRAS+TGFBR2+TP53	2	0.0001575671630032		0.19999999999997461	False	occupancy_only
primary::NRAS+PIK3CA	2	0.0001575671630032		0.19999999999997461	False	occupancy_only
primary::NRAS+PIK3CA+PTEN	2	0.0001575671630032		0.19999999999997461	False	occupancy_only
primary::NRAS+PTEN+SMAD4+TP53	2	0.0001575671630032		0.19999999999997461	False	occupancy_only
primary::NRAS+SMAD4+TP53	2	0.0001575671630032		0.19999999999997461	False	occupancy_only
primary::PTEN+SMAD4	2	0.0001575671630032		0.19999999999997461	False	occupancy_only
primary::SMAD4+TCF7L2+TP53	2	0.0001575671630032		0.19999999999997461	False	occupancy_only
primary::TCF7L2+TP53	2	0.0001575671630032		0.19999999999997461	False	occupancy_only
primary::TGFBR2	2	0.0001575671630032		0.19999999999997461	False	occupancy_only
unknown::APC+FBXW7+KRAS+TP53	2	0.0001575671630032		0.19999999999997461	False	occupancy_only
unknown::APC+KRAS+PIK3CA	2	0.0001575671630032		0.19999999999997461	False	occupancy_only
unknown::APC+NRAS+TP53	2	0.0001575671630032		0.19999999999997461	False	occupancy_only
unknown::APC+PIK3CA+TP53	2	0.0001575671630032		0.19999999999997461	False	occupancy_only
unknown::ARID1A	2	0.0001575671630032		0.19999999999997461	False	occupancy_only
unknown::KRAS+SMAD4+TP53	2	0.0001575671630032		0.19999999999997461	False	occupancy_only
unknown::PIK3CA+SMAD4	2	0.0001575671630032		0.19999999999997461	False	occupancy_only
unknown::PTEN+TP53	2	0.0001575671630032		0.19999999999997461	False	occupancy_only
metastatic::APC+ARID1A+BRAF+CTNNB1+FBXW7+KRAS+PIK3CA+PTEN+RNF43+SMAD4+SOX9+TCF7L2+TGFBR2+TP53	1	7.878358150161507e-05		0.10000000000000643	False	occupancy_only
metastatic::APC+ARID1A+BRAF+CTNNB1+FBXW7+KRAS+RNF43+SMAD4+TCF7L2+TP53	1	7.878358150161507e-05		0.10000000000000643	False	occupancy_only
metastatic::APC+ARID1A+BRAF+CTNNB1+PTEN+RNF43+SOX9+TCF7L2+TP53	1	7.878358150161507e-05		0.10000000000000643	False	occupancy_only
metastatic::APC+ARID1A+BRAF+CTNNB1+PTEN+SOX9+TCF7L2	1	7.878358150161507e-05		0.10000000000000643	False	occupancy_only
metastatic::APC+ARID1A+BRAF+FBXW7+KRAS+SOX9+TCF7L2	1	7.878358150161507e-05		0.10000000000000643	False	occupancy_only
metastatic::APC+ARID1A+BRAF+FBXW7+KRAS+TCF7L2+TGFBR2	1	7.878358150161507e-05		0.10000000000000643	False	occupancy_only
metastatic::APC+ARID1A+BRAF+FBXW7+PIK3CA+RNF43	1	7.878358150161507e-05		0.10000000000000643	False	occupancy_only
metastatic::APC+ARID1A+BRAF+FBXW7+PTEN+RNF43	1	7.878358150161507e-05		0.10000000000000643	False	occupancy_only
metastatic::APC+ARID1A+BRAF+FBXW7+PTEN+TCF7L2	1	7.878358150161507e-05		0.10000000000000643	False	occupancy_only
metastatic::APC+ARID1A+BRAF+FBXW7+RNF43+SMAD4+SOX9	1	7.878358150161507e-05		0.10000000000000643	False	occupancy_only
metastatic::APC+ARID1A+BRAF+FBXW7+RNF43+SMAD4+TGFBR2+TP53	1	7.878358150161507e-05		0.10000000000000643	False	occupancy_only
metastatic::APC+ARID1A+BRAF+FBXW7+TCF7L2	1	7.878358150161507e-05		0.10000000000000643	False	occupancy_only
metastatic::APC+ARID1A+BRAF+PIK3CA+PTEN	1	7.878358150161507e-05		0.10000000000000643	False	occupancy_only
metastatic::APC+ARID1A+BRAF+PIK3CA+PTEN+RNF43+SMAD4+TP53	1	7.878358150161507e-05		0.10000000000000643	False	occupancy_only
metastatic::APC+ARID1A+BRAF+PIK3CA+PTEN+RNF43+TGFBR2	1	7.878358150161507e-05		0.10000000000000643	False	occupancy_only
metastatic::APC+ARID1A+BRAF+PIK3CA+RNF43+SOX9	1	7.878358150161507e-05		0.10000000000000643	False	occupancy_only
metastatic::APC+ARID1A+BRAF+PIK3CA+RNF43+TP53	1	7.878358150161507e-05		0.10000000000000643	False	occupancy_only
metastatic::APC+ARID1A+BRAF+PIK3CA+TCF7L2+TGFBR2	1	7.878358150161507e-05		0.10000000000000643	False	occupancy_only
metastatic::APC+ARID1A+BRAF+PTEN+RNF43+TCF7L2	1	7.878358150161507e-05		0.10000000000000643	False	occupancy_only
metastatic::APC+ARID1A+BRAF+PTEN+SOX9	1	7.878358150161507e-05		0.10000000000000643	False	occupancy_only
metastatic::APC+ARID1A+BRAF+PTEN+TCF7L2+TP53	1	7.878358150161507e-05		0.10000000000000643	False	occupancy_only
metastatic::APC+ARID1A+BRAF+PTEN+TGFBR2+TP53	1	7.878358150161507e-05		0.10000000000000643	False	occupancy_only
metastatic::APC+ARID1A+BRAF+RNF43	1	7.878358150161507e-05		0.10000000000000643	False	occupancy_only
metastatic::APC+ARID1A+BRAF+RNF43+SOX9+TCF7L2+TGFBR2+TP53	1	7.878358150161507e-05		0.10000000000000643	False	occupancy_only
metastatic::APC+ARID1A+BRAF+RNF43+TCF7L2	1	7.878358150161507e-05		0.10000000000000643	False	occupancy_only
metastatic::APC+ARID1A+BRAF+RNF43+TCF7L2+TGFBR2+TP53	1	7.878358150161507e-05		0.10000000000000643	False	occupancy_only
metastatic::APC+ARID1A+BRAF+RNF43+TP53	1	7.878358150161507e-05		0.10000000000000643	False	occupancy_only
metastatic::APC+ARID1A+BRAF+SOX9+TP53	1	7.878358150161507e-05		0.10000000000000643	False	occupancy_only
metastatic::APC+ARID1A+BRAF+TCF7L2+TP53	1	7.878358150161507e-05		0.10000000000000643	False	occupancy_only
metastatic::APC+ARID1A+CTNNB1+FBXW7+KRAS+PTEN+RNF43+SOX9	1	7.878358150161507e-05		0.10000000000000643	False	occupancy_only
metastatic::APC+ARID1A+CTNNB1+FBXW7+NRAS+PIK3CA+PTEN+SMAD4+SOX9+TCF7L2	1	7.878358150161507e-05		0.10000000000000643	False	occupancy_only
metastatic::APC+ARID1A+CTNNB1+FBXW7+PIK3CA+RNF43+SOX9	1	7.878358150161507e-05		0.10000000000000643	False	occupancy_only
metastatic::APC+ARID1A+CTNNB1+FBXW7+PIK3CA+RNF43+SOX9+TCF7L2+TP53	1	7.878358150161507e-05		0.10000000000000643	False	occupancy_only
metastatic::APC+ARID1A+CTNNB1+FBXW7+SOX9+TP53	1	7.878358150161507e-05		0.10000000000000643	False	occupancy_only
metastatic::APC+ARID1A+CTNNB1+KRAS	1	7.878358150161507e-05		0.10000000000000643	False	occupancy_only
metastatic::APC+ARID1A+CTNNB1+KRAS+PIK3CA+TCF7L2	1	7.878358150161507e-05		0.10000000000000643	False	occupancy_only
metastatic::APC+ARID1A+CTNNB1+KRAS+PTEN+TGFBR2+TP53	1	7.878358150161507e-05		0.10000000000000643	False	occupancy_only
metastatic::APC+ARID1A+CTNNB1+KRAS+RNF43+SMAD4+SOX9+TGFBR2+TP53	1	7.878358150161507e-05		0.10000000000000643	False	occupancy_only
metastatic::APC+ARID1A+CTNNB1+KRAS+RNF43+TCF7L2	1	7.878358150161507e-05		0.10000000000000643	False	occupancy_only
metastatic::APC+ARID1A+CTNNB1+KRAS+RNF43+TCF7L2+TGFBR2	1	7.878358150161507e-05		0.10000000000000643	False	occupancy_only
metastatic::APC+ARID1A+CTNNB1+KRAS+SMAD4+TP53	1	7.878358150161507e-05		0.10000000000000643	False	occupancy_only
metastatic::APC+ARID1A+CTNNB1+NRAS+PIK3CA+SOX9+TCF7L2	1	7.878358150161507e-05		0.10000000000000643	False	occupancy_only
metastatic::APC+ARID1A+CTNNB1+PIK3CA+PTEN+TCF7L2	1	7.878358150161507e-05		0.10000000000000643	False	occupancy_only
metastatic::APC+ARID1A+CTNNB1+PTEN+TCF7L2+TGFBR2	1	7.878358150161507e-05		0.10000000000000643	False	occupancy_only
metastatic::APC+ARID1A+CTNNB1+RNF43+SOX9	1	7.878358150161507e-05		0.10000000000000643	False	occupancy_only
metastatic::APC+ARID1A+CTNNB1+TP53	1	7.878358150161507e-05		0.10000000000000643	False	occupancy_only
metastatic::APC+ARID1A+FBXW7+KRAS+PIK3CA+PTEN+SMAD4	1	7.878358150161507e-05		0.10000000000000643	False	occupancy_only
metastatic::APC+ARID1A+FBXW7+KRAS+PIK3CA+PTEN+SMAD4+TP53	1	7.878358150161507e-05		0.10000000000000643	False	occupancy_only
metastatic::APC+ARID1A+FBXW7+KRAS+PIK3CA+SOX9	1	7.878358150161507e-05		0.10000000000000643	False	occupancy_only
metastatic::APC+ARID1A+FBXW7+KRAS+PIK3CA+TCF7L2+TP53	1	7.878358150161507e-05		0.10000000000000643	False	occupancy_only
metastatic::APC+ARID1A+FBXW7+KRAS+PIK3CA+TP53	1	7.878358150161507e-05		0.10000000000000643	False	occupancy_only
metastatic::APC+ARID1A+FBXW7+KRAS+RNF43+SMAD4+SOX9	1	7.878358150161507e-05		0.10000000000000643	False	occupancy_only
metastatic::APC+ARID1A+FBXW7+NRAS+PIK3CA+RNF43+SOX9+TCF7L2+TGFBR2+TP53	1	7.878358150161507e-05		0.10000000000000643	False	occupancy_only
metastatic::APC+ARID1A+FBXW7+NRAS+TP53	1	7.878358150161507e-05		0.10000000000000643	False	occupancy_only
metastatic::APC+ARID1A+FBXW7+PIK3CA+SOX9	1	7.878358150161507e-05		0.10000000000000643	False	occupancy_only
metastatic::APC+ARID1A+FBXW7+RNF43	1	7.878358150161507e-05		0.10000000000000643	False	occupancy_only
metastatic::APC+ARID1A+FBXW7+RNF43+SMAD4	1	7.878358150161507e-05		0.10000000000000643	False	occupancy_only
metastatic::APC+ARID1A+FBXW7+RNF43+TP53	1	7.878358150161507e-05		0.10000000000000643	False	occupancy_only
metastatic::APC+ARID1A+FBXW7+SOX9+TP53	1	7.878358150161507e-05		0.10000000000000643	False	occupancy_only
metastatic::APC+ARID1A+KRAS+NRAS+RNF43+TP53	1	7.878358150161507e-05		0.10000000000000643	False	occupancy_only
metastatic::APC+ARID1A+KRAS+PIK3CA+PTEN+RNF43+TP53	1	7.878358150161507e-05		0.10000000000000643	False	occupancy_only
metastatic::APC+ARID1A+KRAS+PIK3CA+RNF43+SOX9+TP53	1	7.878358150161507e-05		0.10000000000000643	False	occupancy_only
metastatic::APC+ARID1A+KRAS+PIK3CA+SMAD4+TP53	1	7.878358150161507e-05		0.10000000000000643	False	occupancy_only
metastatic::APC+ARID1A+KRAS+PIK3CA+SOX9+TCF7L2+TGFBR2+TP53	1	7.878358150161507e-05		0.10000000000000643	False	occupancy_only
metastatic::APC+ARID1A+KRAS+PIK3CA+TCF7L2+TGFBR2+TP53	1	7.878358150161507e-05		0.10000000000000643	False	occupancy_only
metastatic::APC+ARID1A+KRAS+PTEN+SMAD4+TP53	1	7.878358150161507e-05		0.10000000000000643	False	occupancy_only
metastatic::APC+ARID1A+KRAS+PTEN+TP53	1	7.878358150161507e-05		0.10000000000000643	False	occupancy_only
metastatic::APC+ARID1A+KRAS+RNF43+SMAD4	1	7.878358150161507e-05		0.10000000000000643	False	occupancy_only
metastatic::APC+ARID1A+KRAS+SMAD4+SOX9+TP53	1	7.878358150161507e-05		0.10000000000000643	False	occupancy_only
metastatic::APC+ARID1A+KRAS+SMAD4+TCF7L2+TP53	1	7.878358150161507e-05		0.10000000000000643	False	occupancy_only
metastatic::APC+ARID1A+KRAS+SOX9	1	7.878358150161507e-05		0.10000000000000643	False	occupancy_only
metastatic::APC+ARID1A+KRAS+SOX9+TCF7L2	1	7.878358150161507e-05		0.10000000000000643	False	occupancy_only
metastatic::APC+ARID1A+KRAS+SOX9+TP53	1	7.878358150161507e-05		0.10000000000000643	False	occupancy_only
metastatic::APC+ARID1A+KRAS+TCF7L2+TGFBR2	1	7.878358150161507e-05		0.10000000000000643	False	occupancy_only
metastatic::APC+ARID1A+NRAS	1	7.878358150161507e-05		0.10000000000000643	False	occupancy_only
metastatic::APC+ARID1A+NRAS+PIK3CA	1	7.878358150161507e-05		0.10000000000000643	False	occupancy_only
metastatic::APC+ARID1A+NRAS+PIK3CA+RNF43+SOX9	1	7.878358150161507e-05		0.10000000000000643	False	occupancy_only
metastatic::APC+ARID1A+NRAS+SMAD4+TP53	1	7.878358150161507e-05		0.10000000000000643	False	occupancy_only
metastatic::APC+ARID1A+NRAS+TCF7L2+TP53	1	7.878358150161507e-05		0.10000000000000643	False	occupancy_only
metastatic::APC+ARID1A+NRAS+TP53	1	7.878358150161507e-05		0.10000000000000643	False	occupancy_only
metastatic::APC+ARID1A+PIK3CA+PTEN+TP53	1	7.878358150161507e-05		0.10000000000000643	False	occupancy_only
metastatic::APC+ARID1A+PIK3CA+RNF43+TCF7L2+TGFBR2	1	7.878358150161507e-05		0.10000000000000643	False	occupancy_only
metastatic::APC+ARID1A+PIK3CA+SMAD4+SOX9+TP53	1	7.878358150161507e-05		0.10000000000000643	False	occupancy_only
metastatic::APC+ARID1A+PIK3CA+TGFBR2+TP53	1	7.878358150161507e-05		0.10000000000000643	False	occupancy_only
metastatic::APC+ARID1A+RNF43+SMAD4+TP53	1	7.878358150161507e-05		0.10000000000000643	False	occupancy_only
metastatic::APC+ARID1A+SMAD4+SOX9+TCF7L2+TP53	1	7.878358150161507e-05		0.10000000000000643	False	occupancy_only
metastatic::APC+ARID1A+SMAD4+TCF7L2+TP53	1	7.878358150161507e-05		0.10000000000000643	False	occupancy_only
metastatic::APC+ARID1A+SOX9	1	7.878358150161507e-05		0.10000000000000643	False	occupancy_only
metastatic::APC+ARID1A+TCF7L2	1	7.878358150161507e-05		0.10000000000000643	False	occupancy_only
metastatic::APC+BRAF+CTNNB1	1	7.878358150161507e-05		0.10000000000000643	False	occupancy_only
metastatic::APC+BRAF+CTNNB1+FBXW7+PIK3CA+RNF43+SOX9+TP53	1	7.878358150161507e-05		0.10000000000000643	False	occupancy_only
metastatic::APC+BRAF+CTNNB1+FBXW7+PIK3CA+RNF43+TCF7L2+TGFBR2	1	7.878358150161507e-05		0.10000000000000643	False	occupancy_only
metastatic::APC+BRAF+CTNNB1+FBXW7+PTEN+SOX9+TP53	1	7.878358150161507e-05		0.10000000000000643	False	occupancy_only
metastatic::APC+BRAF+CTNNB1+SMAD4+TP53	1	7.878358150161507e-05		0.10000000000000643	False	occupancy_only
metastatic::APC+BRAF+FBXW7+KRAS+PIK3CA+PTEN	1	7.878358150161507e-05		0.10000000000000643	False	occupancy_only
metastatic::APC+BRAF+FBXW7+KRAS+TP53	1	7.878358150161507e-05		0.10000000000000643	False	occupancy_only
metastatic::APC+BRAF+FBXW7+PIK3CA+SMAD4	1	7.878358150161507e-05		0.10000000000000643	False	occupancy_only
metastatic::APC+BRAF+FBXW7+PIK3CA+SMAD4+TP53	1	7.878358150161507e-05		0.10000000000000643	False	occupancy_only
metastatic::APC+BRAF+FBXW7+PTEN+TP53	1	7.878358150161507e-05		0.10000000000000643	False	occupancy_only
metastatic::APC+BRAF+FBXW7+RNF43	1	7.878358150161507e-05		0.10000000000000643	False	occupancy_only
metastatic::APC+BRAF+FBXW7+RNF43+SMAD4	1	7.878358150161507e-05		0.10000000000000643	False	occupancy_only
metastatic::APC+BRAF+KRAS+NRAS+PIK3CA	1	7.878358150161507e-05		0.10000000000000643	False	occupancy_only
metastatic::APC+BRAF+KRAS+PIK3CA	1	7.878358150161507e-05		0.10000000000000643	False	occupancy_only
metastatic::APC+BRAF+KRAS+PIK3CA+SMAD4	1	7.878358150161507e-05		0.10000000000000643	False	occupancy_only
metastatic::APC+BRAF+KRAS+PIK3CA+SOX9+TGFBR2	1	7.878358150161507e-05		0.10000000000000643	False	occupancy_only
metastatic::APC+BRAF+KRAS+PIK3CA+SOX9+TP53	1	7.878358150161507e-05		0.10000000000000643	False	occupancy_only
metastatic::APC+BRAF+KRAS+PTEN+SMAD4	1	7.878358150161507e-05		0.10000000000000643	False	occupancy_only
metastatic::APC+BRAF+KRAS+PTEN+TP53	1	7.878358150161507e-05		0.10000000000000643	False	occupancy_only
metastatic::APC+BRAF+KRAS+SMAD4	1	7.878358150161507e-05		0.10000000000000643	False	occupancy_only
metastatic::APC+BRAF+KRAS+TCF7L2	1	7.878358150161507e-05		0.10000000000000643	False	occupancy_only
metastatic::APC+BRAF+NRAS	1	7.878358150161507e-05		0.10000000000000643	False	occupancy_only
metastatic::APC+BRAF+NRAS+PIK3CA+TP53	1	7.878358150161507e-05		0.10000000000000643	False	occupancy_only
metastatic::APC+BRAF+NRAS+RNF43+TGFBR2+TP53	1	7.878358150161507e-05		0.10000000000000643	False	occupancy_only
metastatic::APC+BRAF+NRAS+SMAD4	1	7.878358150161507e-05		0.10000000000000643	False	occupancy_only
metastatic::APC+BRAF+NRAS+SOX9	1	7.878358150161507e-05		0.10000000000000643	False	occupancy_only
metastatic::APC+BRAF+NRAS+TCF7L2	1	7.878358150161507e-05		0.10000000000000643	False	occupancy_only
metastatic::APC+BRAF+PIK3CA	1	7.878358150161507e-05		0.10000000000000643	False	occupancy_only
metastatic::APC+BRAF+PIK3CA+PTEN	1	7.878358150161507e-05		0.10000000000000643	False	occupancy_only
metastatic::APC+BRAF+PIK3CA+PTEN+SOX9+TGFBR2	1	7.878358150161507e-05		0.10000000000000643	False	occupancy_only
metastatic::APC+BRAF+PIK3CA+PTEN+TP53	1	7.878358150161507e-05		0.10000000000000643	False	occupancy_only
metastatic::APC+BRAF+PIK3CA+RNF43+TP53	1	7.878358150161507e-05		0.10000000000000643	False	occupancy_only
metastatic::APC+BRAF+PIK3CA+SMAD4+TP53	1	7.878358150161507e-05		0.10000000000000643	False	occupancy_only
metastatic::APC+BRAF+PIK3CA+SOX9	1	7.878358150161507e-05		0.10000000000000643	False	occupancy_only
metastatic::APC+BRAF+PIK3CA+TCF7L2	1	7.878358150161507e-05		0.10000000000000643	False	occupancy_only
metastatic::APC+BRAF+PTEN+SMAD4+TP53	1	7.878358150161507e-05		0.10000000000000643	False	occupancy_only
metastatic::APC+BRAF+PTEN+TGFBR2	1	7.878358150161507e-05		0.10000000000000643	False	occupancy_only
metastatic::APC+BRAF+SMAD4	1	7.878358150161507e-05		0.10000000000000643	False	occupancy_only
metastatic::APC+BRAF+SMAD4+SOX9+TP53	1	7.878358150161507e-05		0.10000000000000643	False	occupancy_only
metastatic::APC+BRAF+SOX9+TGFBR2	1	7.878358150161507e-05		0.10000000000000643	False	occupancy_only
metastatic::APC+BRAF+TCF7L2	1	7.878358150161507e-05		0.10000000000000643	False	occupancy_only
metastatic::APC+CTNNB1	1	7.878358150161507e-05		0.10000000000000643	False	occupancy_only
metastatic::APC+CTNNB1+FBXW7+KRAS+SOX9+TP53	1	7.878358150161507e-05		0.10000000000000643	False	occupancy_only
metastatic::APC+CTNNB1+FBXW7+KRAS+TP53	1	7.878358150161507e-05		0.10000000000000643	False	occupancy_only
metastatic::APC+CTNNB1+KRAS+PIK3CA+TCF7L2	1	7.878358150161507e-05		0.10000000000000643	False	occupancy_only
metastatic::APC+CTNNB1+KRAS+PIK3CA+TCF7L2+TP53	1	7.878358150161507e-05		0.10000000000000643	False	occupancy_only
metastatic::APC+CTNNB1+KRAS+PIK3CA+TP53	1	7.878358150161507e-05		0.10000000000000643	False	occupancy_only
metastatic::APC+CTNNB1+KRAS+PTEN+RNF43+TCF7L2	1	7.878358150161507e-05		0.10000000000000643	False	occupancy_only
metastatic::APC+CTNNB1+KRAS+PTEN+TP53	1	7.878358150161507e-05		0.10000000000000643	False	occupancy_only
metastatic::APC+CTNNB1+KRAS+SMAD4+SOX9+TP53	1	7.878358150161507e-05		0.10000000000000643	False	occupancy_only
metastatic::APC+CTNNB1+KRAS+SOX9	1	7.878358150161507e-05		0.10000000000000643	False	occupancy_only
metastatic::APC+CTNNB1+NRAS+SMAD4+TP53	1	7.878358150161507e-05		0.10000000000000643	False	occupancy_only
metastatic::APC+CTNNB1+SMAD4+TGFBR2+TP53	1	7.878358150161507e-05		0.10000000000000643	False	occupancy_only
metastatic::APC+CTNNB1+SMAD4+TP53	1	7.878358150161507e-05		0.10000000000000643	False	occupancy_only
metastatic::APC+CTNNB1+SOX9+TP53	1	7.878358150161507e-05		0.10000000000000643	False	occupancy_only
metastatic::APC+FBXW7	1	7.878358150161507e-05		0.10000000000000643	False	occupancy_only
metastatic::APC+FBXW7+KRAS+PIK3CA+PTEN+SMAD4+TP53	1	7.878358150161507e-05		0.10000000000000643	False	occupancy_only
metastatic::APC+FBXW7+KRAS+PIK3CA+SMAD4	1	7.878358150161507e-05		0.10000000000000643	False	occupancy_only
metastatic::APC+FBXW7+KRAS+PIK3CA+SMAD4+SOX9+TCF7L2	1	7.878358150161507e-05		0.10000000000000643	False	occupancy_only
metastatic::APC+FBXW7+KRAS+PIK3CA+SMAD4+TCF7L2	1	7.878358150161507e-05		0.10000000000000643	False	occupancy_only
metastatic::APC+FBXW7+KRAS+PIK3CA+SMAD4+TCF7L2+TP53	1	7.878358150161507e-05		0.10000000000000643	False	occupancy_only
metastatic::APC+FBXW7+KRAS+PIK3CA+SOX9+TGFBR2+TP53	1	7.878358150161507e-05		0.10000000000000643	False	occupancy_only
metastatic::APC+FBXW7+KRAS+PIK3CA+TGFBR2+TP53	1	7.878358150161507e-05		0.10000000000000643	False	occupancy_only
metastatic::APC+FBXW7+KRAS+PTEN+SMAD4+TP53	1	7.878358150161507e-05		0.10000000000000643	False	occupancy_only
metastatic::APC+FBXW7+KRAS+PTEN+SOX9	1	7.878358150161507e-05		0.10000000000000643	False	occupancy_only
metastatic::APC+FBXW7+KRAS+RNF43+SMAD4+TCF7L2	1	7.878358150161507e-05		0.10000000000000643	False	occupancy_only
metastatic::APC+FBXW7+KRAS+RNF43+SOX9+TCF7L2	1	7.878358150161507e-05		0.10000000000000643	False	occupancy_only
metastatic::APC+FBXW7+KRAS+SOX9+TCF7L2+TP53	1	7.878358150161507e-05		0.10000000000000643	False	occupancy_only
metastatic::APC+FBXW7+NRAS+PIK3CA+PTEN+SMAD4	1	7.878358150161507e-05		0.10000000000000643	False	occupancy_only
metastatic::APC+FBXW7+NRAS+PIK3CA+SMAD4	1	7.878358150161507e-05		0.10000000000000643	False	occupancy_only
metastatic::APC+FBXW7+NRAS+TCF7L2+TP53	1	7.878358150161507e-05		0.10000000000000643	False	occupancy_only
metastatic::APC+FBXW7+PIK3CA	1	7.878358150161507e-05		0.10000000000000643	False	occupancy_only
metastatic::APC+FBXW7+PIK3CA+PTEN+TP53	1	7.878358150161507e-05		0.10000000000000643	False	occupancy_only
metastatic::APC+FBXW7+RNF43+SMAD4+TP53	1	7.878358150161507e-05		0.10000000000000643	False	occupancy_only
metastatic::APC+FBXW7+RNF43+TCF7L2	1	7.878358150161507e-05		0.10000000000000643	False	occupancy_only
metastatic::APC+FBXW7+RNF43+TP53	1	7.878358150161507e-05		0.10000000000000643	False	occupancy_only
metastatic::APC+FBXW7+SMAD4+SOX9+TP53	1	7.878358150161507e-05		0.10000000000000643	False	occupancy_only
metastatic::APC+FBXW7+TGFBR2+TP53	1	7.878358150161507e-05		0.10000000000000643	False	occupancy_only
metastatic::APC+KRAS+NRAS+PIK3CA	1	7.878358150161507e-05		0.10000000000000643	False	occupancy_only
metastatic::APC+KRAS+NRAS+PIK3CA+SMAD4+SOX9	1	7.878358150161507e-05		0.10000000000000643	False	occupancy_only
metastatic::APC+KRAS+NRAS+PIK3CA+TCF7L2+TP53	1	7.878358150161507e-05		0.10000000000000643	False	occupancy_only
metastatic::APC+KRAS+NRAS+PTEN+TP53	1	7.878358150161507e-05		0.10000000000000643	False	occupancy_only
metastatic::APC+KRAS+NRAS+TP53	1	7.878358150161507e-05		0.10000000000000643	False	occupancy_only
metastatic::APC+KRAS+PIK3CA+PTEN+SMAD4+SOX9	1	7.878358150161507e-05		0.10000000000000643	False	occupancy_only
metastatic::APC+KRAS+PIK3CA+PTEN+SMAD4+TP53	1	7.878358150161507e-05		0.10000000000000643	False	occupancy_only
metastatic::APC+KRAS+PIK3CA+SMAD4+SOX9+TGFBR2	1	7.878358150161507e-05		0.10000000000000643	False	occupancy_only
metastatic::APC+KRAS+PIK3CA+SMAD4+TGFBR2	1	7.878358150161507e-05		0.10000000000000643	False	occupancy_only
metastatic::APC+KRAS+PIK3CA+SOX9+TCF7L2+TP53	1	7.878358150161507e-05		0.10000000000000643	False	occupancy_only
metastatic::APC+KRAS+PIK3CA+SOX9+TGFBR2	1	7.878358150161507e-05		0.10000000000000643	False	occupancy_only
metastatic::APC+KRAS+PTEN+SMAD4	1	7.878358150161507e-05		0.10000000000000643	False	occupancy_only
metastatic::APC+KRAS+PTEN+SMAD4+TCF7L2	1	7.878358150161507e-05		0.10000000000000643	False	occupancy_only
metastatic::APC+KRAS+PTEN+SOX9	1	7.878358150161507e-05		0.10000000000000643	False	occupancy_only
metastatic::APC+KRAS+RNF43+SMAD4	1	7.878358150161507e-05		0.10000000000000643	False	occupancy_only
metastatic::APC+KRAS+RNF43+SOX9	1	7.878358150161507e-05		0.10000000000000643	False	occupancy_only
metastatic::APC+KRAS+RNF43+SOX9+TCF7L2+TP53	1	7.878358150161507e-05		0.10000000000000643	False	occupancy_only
metastatic::APC+KRAS+RNF43+SOX9+TP53	1	7.878358150161507e-05		0.10000000000000643	False	occupancy_only
metastatic::APC+KRAS+SMAD4+SOX9+TCF7L2+TP53	1	7.878358150161507e-05		0.10000000000000643	False	occupancy_only
metastatic::APC+KRAS+SMAD4+TGFBR2	1	7.878358150161507e-05		0.10000000000000643	False	occupancy_only
metastatic::APC+NRAS+PIK3CA+SMAD4+SOX9	1	7.878358150161507e-05		0.10000000000000643	False	occupancy_only
metastatic::APC+NRAS+PIK3CA+SMAD4+SOX9+TCF7L2+TP53	1	7.878358150161507e-05		0.10000000000000643	False	occupancy_only
metastatic::APC+NRAS+PIK3CA+SOX9	1	7.878358150161507e-05		0.10000000000000643	False	occupancy_only
metastatic::APC+NRAS+PTEN	1	7.878358150161507e-05		0.10000000000000643	False	occupancy_only
metastatic::APC+NRAS+PTEN+SMAD4+TP53	1	7.878358150161507e-05		0.10000000000000643	False	occupancy_only
metastatic::APC+NRAS+SMAD4+TCF7L2+TP53	1	7.878358150161507e-05		0.10000000000000643	False	occupancy_only
metastatic::APC+PIK3CA+PTEN+TP53	1	7.878358150161507e-05		0.10000000000000643	False	occupancy_only
metastatic::APC+PIK3CA+RNF43	1	7.878358150161507e-05		0.10000000000000643	False	occupancy_only
metastatic::APC+PIK3CA+SMAD4	1	7.878358150161507e-05		0.10000000000000643	False	occupancy_only
metastatic::APC+PIK3CA+SMAD4+SOX9+TCF7L2+TP53	1	7.878358150161507e-05		0.10000000000000643	False	occupancy_only
metastatic::APC+PIK3CA+SMAD4+TCF7L2+TP53	1	7.878358150161507e-05		0.10000000000000643	False	occupancy_only
metastatic::APC+PIK3CA+SMAD4+TGFBR2	1	7.878358150161507e-05		0.10000000000000643	False	occupancy_only
metastatic::APC+PIK3CA+TGFBR2+TP53	1	7.878358150161507e-05		0.10000000000000643	False	occupancy_only
metastatic::APC+RNF43+SMAD4	1	7.878358150161507e-05		0.10000000000000643	False	occupancy_only
metastatic::APC+RNF43+SMAD4+TP53	1	7.878358150161507e-05		0.10000000000000643	False	occupancy_only
metastatic::APC+RNF43+SOX9+TP53	1	7.878358150161507e-05		0.10000000000000643	False	occupancy_only
metastatic::APC+RNF43+TCF7L2+TP53	1	7.878358150161507e-05		0.10000000000000643	False	occupancy_only
metastatic::APC+SMAD4+SOX9	1	7.878358150161507e-05		0.10000000000000643	False	occupancy_only
metastatic::APC+TGFBR2	1	7.878358150161507e-05		0.10000000000000643	False	occupancy_only
metastatic::ARID1A+BRAF	1	7.878358150161507e-05		0.10000000000000643	False	occupancy_only
metastatic::ARID1A+BRAF+FBXW7+KRAS+PIK3CA+PTEN+RNF43+TCF7L2+TGFBR2	1	7.878358150161507e-05		0.10000000000000643	False	occupancy_only
metastatic::ARID1A+BRAF+FBXW7+PIK3CA+RNF43	1	7.878358150161507e-05		0.10000000000000643	False	occupancy_only
metastatic::ARID1A+BRAF+FBXW7+PIK3CA+RNF43+TCF7L2	1	7.878358150161507e-05		0.10000000000000643	False	occupancy_only
metastatic::ARID1A+BRAF+FBXW7+PTEN+RNF43+TP53	1	7.878358150161507e-05		0.10000000000000643	False	occupancy_only
metastatic::ARID1A+BRAF+NRAS+PIK3CA+RNF43+SOX9+TGFBR2+TP53	1	7.878358150161507e-05		0.10000000000000643	False	occupancy_only
metastatic::ARID1A+BRAF+NRAS+PIK3CA+SMAD4	1	7.878358150161507e-05		0.10000000000000643	False	occupancy_only
metastatic::ARID1A+BRAF+PIK3CA	1	7.878358150161507e-05		0.10000000000000643	False	occupancy_only
metastatic::ARID1A+BRAF+PIK3CA+RNF43	1	7.878358150161507e-05		0.10000000000000643	False	occupancy_only
metastatic::ARID1A+BRAF+PIK3CA+RNF43+SOX9	1	7.878358150161507e-05		0.10000000000000643	False	occupancy_only
metastatic::ARID1A+BRAF+PIK3CA+RNF43+SOX9+TCF7L2	1	7.878358150161507e-05		0.10000000000000643	False	occupancy_only
metastatic::ARID1A+BRAF+PIK3CA+RNF43+SOX9+TP53	1	7.878358150161507e-05		0.10000000000000643	False	occupancy_only
metastatic::ARID1A+BRAF+PIK3CA+RNF43+TCF7L2	1	7.878358150161507e-05		0.10000000000000643	False	occupancy_only
metastatic::ARID1A+BRAF+PTEN+RNF43+TGFBR2	1	7.878358150161507e-05		0.10000000000000643	False	occupancy_only
metastatic::ARID1A+BRAF+PTEN+SMAD4+SOX9	1	7.878358150161507e-05		0.10000000000000643	False	occupancy_only
metastatic::ARID1A+BRAF+RNF43	1	7.878358150161507e-05		0.10000000000000643	False	occupancy_only
metastatic::ARID1A+BRAF+RNF43+TP53	1	7.878358150161507e-05		0.10000000000000643	False	occupancy_only
metastatic::ARID1A+CTNNB1+FBXW7+PTEN+RNF43+SOX9	1	7.878358150161507e-05		0.10000000000000643	False	occupancy_only
metastatic::ARID1A+CTNNB1+KRAS+PIK3CA	1	7.878358150161507e-05		0.10000000000000643	False	occupancy_only
metastatic::ARID1A+CTNNB1+KRAS+PTEN+SMAD4+TCF7L2	1	7.878358150161507e-05		0.10000000000000643	False	occupancy_only
metastatic::ARID1A+CTNNB1+KRAS+SOX9	1	7.878358150161507e-05		0.10000000000000643	False	occupancy_only
metastatic::ARID1A+CTNNB1+KRAS+TP53	1	7.878358150161507e-05		0.10000000000000643	False	occupancy_only
metastatic::ARID1A+CTNNB1+PIK3CA+RNF43	1	7.878358150161507e-05		0.10000000000000643	False	occupancy_only
metastatic::ARID1A+CTNNB1+RNF43+TP53	1	7.878358150161507e-05		0.10000000000000643	False	occupancy_only
metastatic::ARID1A+FBXW7+KRAS+PIK3CA	1	7.878358150161507e-05		0.10000000000000643	False	occupancy_only
metastatic::ARID1A+FBXW7+KRAS+PTEN+RNF43+SMAD4	1	7.878358150161507e-05		0.10000000000000643	False	occupancy_only
metastatic::ARID1A+FBXW7+KRAS+SMAD4+TP53	1	7.878358150161507e-05		0.10000000000000643	False	occupancy_only
metastatic::ARID1A+FBXW7+PIK3CA+RNF43+TP53	1	7.878358150161507e-05		0.10000000000000643	False	occupancy_only
metastatic::ARID1A+FBXW7+TP53	1	7.878358150161507e-05		0.10000000000000643	False	occupancy_only
metastatic::ARID1A+KRAS	1	7.878358150161507e-05		0.10000000000000643	False	occupancy_only
metastatic::ARID1A+KRAS+PIK3CA+RNF43+SOX9+TCF7L2+TGFBR2+TP53	1	7.878358150161507e-05		0.10000000000000643	False	occupancy_only
metastatic::ARID1A+KRAS+PIK3CA+SMAD4+TP53	1	7.878358150161507e-05		0.10000000000000643	False	occupancy_only
metastatic::ARID1A+KRAS+PIK3CA+SOX9+TGFBR2	1	7.878358150161507e-05		0.10000000000000643	False	occupancy_only
metastatic::ARID1A+KRAS+SOX9+TP53	1	7.878358150161507e-05		0.10000000000000643	False	occupancy_only
metastatic::ARID1A+PIK3CA+RNF43+TGFBR2	1	7.878358150161507e-05		0.10000000000000643	False	occupancy_only
metastatic::ARID1A+RNF43+SMAD4+TGFBR2+TP53	1	7.878358150161507e-05		0.10000000000000643	False	occupancy_only
metastatic::ARID1A+RNF43+SOX9	1	7.878358150161507e-05		0.10000000000000643	False	occupancy_only
metastatic::ARID1A+RNF43+TCF7L2	1	7.878358150161507e-05		0.10000000000000643	False	occupancy_only
metastatic::ARID1A+RNF43+TCF7L2+TGFBR2	1	7.878358150161507e-05		0.10000000000000643	False	occupancy_only
metastatic::ARID1A+SMAD4+SOX9	1	7.878358150161507e-05		0.10000000000000643	False	occupancy_only
metastatic::ARID1A+SMAD4+TP53	1	7.878358150161507e-05		0.10000000000000643	False	occupancy_only
metastatic::BRAF+CTNNB1+FBXW7+KRAS+NRAS+PIK3CA+PTEN+SMAD4+TP53	1	7.878358150161507e-05		0.10000000000000643	False	occupancy_only
metastatic::BRAF+CTNNB1+KRAS+PIK3CA+TGFBR2+TP53	1	7.878358150161507e-05		0.10000000000000643	False	occupancy_only
metastatic::BRAF+CTNNB1+NRAS+PIK3CA+RNF43+TCF7L2	1	7.878358150161507e-05		0.10000000000000643	False	occupancy_only
metastatic::BRAF+CTNNB1+PTEN+TP53	1	7.878358150161507e-05		0.10000000000000643	False	occupancy_only
metastatic::BRAF+FBXW7	1	7.878358150161507e-05		0.10000000000000643	False	occupancy_only
metastatic::BRAF+FBXW7+PIK3CA+PTEN	1	7.878358150161507e-05		0.10000000000000643	False	occupancy_only
metastatic::BRAF+FBXW7+PIK3CA+SMAD4+SOX9	1	7.878358150161507e-05		0.10000000000000643	False	occupancy_only
metastatic::BRAF+FBXW7+PIK3CA+SMAD4+TP53	1	7.878358150161507e-05		0.10000000000000643	False	occupancy_only
metastatic::BRAF+FBXW7+PTEN	1	7.878358150161507e-05		0.10000000000000643	False	occupancy_only
metastatic::BRAF+FBXW7+PTEN+RNF43	1	7.878358150161507e-05		0.10000000000000643	False	occupancy_only
metastatic::BRAF+FBXW7+RNF43+SMAD4+TGFBR2+TP53	1	7.878358150161507e-05		0.10000000000000643	False	occupancy_only
metastatic::BRAF+FBXW7+SMAD4+TP53	1	7.878358150161507e-05		0.10000000000000643	False	occupancy_only
metastatic::BRAF+KRAS+PIK3CA+PTEN+TP53	1	7.878358150161507e-05		0.10000000000000643	False	occupancy_only
metastatic::BRAF+KRAS+PIK3CA+SMAD4+TP53	1	7.878358150161507e-05		0.10000000000000643	False	occupancy_only
metastatic::BRAF+KRAS+PIK3CA+TP53	1	7.878358150161507e-05		0.10000000000000643	False	occupancy_only
metastatic::BRAF+KRAS+SMAD4+TP53	1	7.878358150161507e-05		0.10000000000000643	False	occupancy_only
metastatic::BRAF+NRAS+PIK3CA+TP53	1	7.878358150161507e-05		0.10000000000000643	False	occupancy_only
metastatic::BRAF+NRAS+SMAD4+TP53	1	7.878358150161507e-05		0.10000000000000643	False	occupancy_only
metastatic::BRAF+PIK3CA+RNF43+SOX9+TP53	1	7.878358150161507e-05		0.10000000000000643	False	occupancy_only
metastatic::BRAF+PIK3CA+RNF43+TGFBR2	1	7.878358150161507e-05		0.10000000000000643	False	occupancy_only
metastatic::BRAF+PIK3CA+TP53	1	7.878358150161507e-05		0.10000000000000643	False	occupancy_only
metastatic::BRAF+PTEN+RNF43+SMAD4+TP53	1	7.878358150161507e-05		0.10000000000000643	False	occupancy_only
metastatic::BRAF+PTEN+RNF43+TP53	1	7.878358150161507e-05		0.10000000000000643	False	occupancy_only
metastatic::BRAF+SOX9	1	7.878358150161507e-05		0.10000000000000643	False	occupancy_only
metastatic::BRAF+TGFBR2+TP53	1	7.878358150161507e-05		0.10000000000000643	False	occupancy_only
metastatic::CTNNB1+FBXW7+KRAS+PIK3CA+PTEN+TP53	1	7.878358150161507e-05		0.10000000000000643	False	occupancy_only
metastatic::CTNNB1+FBXW7+KRAS+PIK3CA+SOX9	1	7.878358150161507e-05		0.10000000000000643	False	occupancy_only
metastatic::CTNNB1+FBXW7+PIK3CA	1	7.878358150161507e-05		0.10000000000000643	False	occupancy_only
metastatic::CTNNB1+FBXW7+PTEN	1	7.878358150161507e-05		0.10000000000000643	False	occupancy_only
metastatic::CTNNB1+KRAS+PIK3CA+PTEN	1	7.878358150161507e-05		0.10000000000000643	False	occupancy_only
metastatic::CTNNB1+KRAS+PIK3CA+SMAD4	1	7.878358150161507e-05		0.10000000000000643	False	occupancy_only
metastatic::CTNNB1+KRAS+PIK3CA+SMAD4+SOX9	1	7.878358150161507e-05		0.10000000000000643	False	occupancy_only
metastatic::CTNNB1+KRAS+SMAD4+TP53	1	7.878358150161507e-05		0.10000000000000643	False	occupancy_only
metastatic::CTNNB1+KRAS+SOX9	1	7.878358150161507e-05		0.10000000000000643	False	occupancy_only
metastatic::CTNNB1+KRAS+TCF7L2+TP53	1	7.878358150161507e-05		0.10000000000000643	False	occupancy_only
metastatic::CTNNB1+KRAS+TGFBR2	1	7.878358150161507e-05		0.10000000000000643	False	occupancy_only
metastatic::CTNNB1+KRAS+TGFBR2+TP53	1	7.878358150161507e-05		0.10000000000000643	False	occupancy_only
metastatic::CTNNB1+NRAS+SMAD4+TP53	1	7.878358150161507e-05		0.10000000000000643	False	occupancy_only
metastatic::CTNNB1+NRAS+TP53	1	7.878358150161507e-05		0.10000000000000643	False	occupancy_only
metastatic::CTNNB1+PIK3CA	1	7.878358150161507e-05		0.10000000000000643	False	occupancy_only
metastatic::CTNNB1+PIK3CA+TCF7L2	1	7.878358150161507e-05		0.10000000000000643	False	occupancy_only
metastatic::CTNNB1+RNF43+TP53	1	7.878358150161507e-05		0.10000000000000643	False	occupancy_only
metastatic::FBXW7+KRAS+PTEN+SMAD4+TP53	1	7.878358150161507e-05		0.10000000000000643	False	occupancy_only
metastatic::FBXW7+KRAS+RNF43+TGFBR2	1	7.878358150161507e-05		0.10000000000000643	False	occupancy_only
metastatic::FBXW7+KRAS+RNF43+TP53	1	7.878358150161507e-05		0.10000000000000643	False	occupancy_only
metastatic::FBXW7+KRAS+SMAD4+TP53	1	7.878358150161507e-05		0.10000000000000643	False	occupancy_only
metastatic::FBXW7+KRAS+SOX9+TP53	1	7.878358150161507e-05		0.10000000000000643	False	occupancy_only
metastatic::FBXW7+PIK3CA+PTEN+SMAD4+TP53	1	7.878358150161507e-05		0.10000000000000643	False	occupancy_only
metastatic::FBXW7+PTEN+TP53	1	7.878358150161507e-05		0.10000000000000643	False	occupancy_only
metastatic::FBXW7+RNF43+TP53	1	7.878358150161507e-05		0.10000000000000643	False	occupancy_only
metastatic::FBXW7+SOX9+TP53	1	7.878358150161507e-05		0.10000000000000643	False	occupancy_only
metastatic::KRAS+NRAS+PIK3CA+PTEN+SMAD4+TP53	1	7.878358150161507e-05		0.10000000000000643	False	occupancy_only
metastatic::KRAS+PIK3CA+PTEN+SMAD4	1	7.878358150161507e-05		0.10000000000000643	False	occupancy_only
metastatic::KRAS+PIK3CA+PTEN+SMAD4+TP53	1	7.878358150161507e-05		0.10000000000000643	False	occupancy_only
metastatic::KRAS+PIK3CA+PTEN+TP53	1	7.878358150161507e-05		0.10000000000000643	False	occupancy_only
metastatic::KRAS+PIK3CA+RNF43	1	7.878358150161507e-05		0.10000000000000643	False	occupancy_only
metastatic::KRAS+PIK3CA+RNF43+SMAD4+TP53	1	7.878358150161507e-05		0.10000000000000643	False	occupancy_only
metastatic::KRAS+PIK3CA+RNF43+TP53	1	7.878358150161507e-05		0.10000000000000643	False	occupancy_only
metastatic::KRAS+PIK3CA+SMAD4+SOX9	1	7.878358150161507e-05		0.10000000000000643	False	occupancy_only
metastatic::KRAS+PIK3CA+SMAD4+SOX9+TP53	1	7.878358150161507e-05		0.10000000000000643	False	occupancy_only
metastatic::KRAS+PIK3CA+SOX9	1	7.878358150161507e-05		0.10000000000000643	False	occupancy_only
metastatic::KRAS+PIK3CA+SOX9+TP53	1	7.878358150161507e-05		0.10000000000000643	False	occupancy_only
metastatic::KRAS+RNF43	1	7.878358150161507e-05		0.10000000000000643	False	occupancy_only
metastatic::KRAS+RNF43+SMAD4+SOX9+TP53	1	7.878358150161507e-05		0.10000000000000643	False	occupancy_only
metastatic::KRAS+RNF43+SMAD4+TCF7L2+TP53	1	7.878358150161507e-05		0.10000000000000643	False	occupancy_only
metastatic::KRAS+RNF43+SOX9+TGFBR2+TP53	1	7.878358150161507e-05		0.10000000000000643	False	occupancy_only
metastatic::KRAS+SMAD4+TCF7L2	1	7.878358150161507e-05		0.10000000000000643	False	occupancy_only
metastatic::KRAS+SMAD4+TGFBR2	1	7.878358150161507e-05		0.10000000000000643	False	occupancy_only
metastatic::KRAS+SOX9	1	7.878358150161507e-05		0.10000000000000643	False	occupancy_only
metastatic::KRAS+SOX9+TP53	1	7.878358150161507e-05		0.10000000000000643	False	occupancy_only
metastatic::KRAS+TCF7L2+TP53	1	7.878358150161507e-05		0.10000000000000643	False	occupancy_only
metastatic::KRAS+TGFBR2	1	7.878358150161507e-05		0.10000000000000643	False	occupancy_only
metastatic::NRAS+PIK3CA	1	7.878358150161507e-05		0.10000000000000643	False	occupancy_only
metastatic::NRAS+PIK3CA+SMAD4+TGFBR2+TP53	1	7.878358150161507e-05		0.10000000000000643	False	occupancy_only
metastatic::NRAS+PIK3CA+SMAD4+TP53	1	7.878358150161507e-05		0.10000000000000643	False	occupancy_only
metastatic::NRAS+PTEN+SOX9	1	7.878358150161507e-05		0.10000000000000643	False	occupancy_only
metastatic::NRAS+PTEN+TP53	1	7.878358150161507e-05		0.10000000000000643	False	occupancy_only
metastatic::NRAS+SMAD4+TCF7L2+TP53	1	7.878358150161507e-05		0.10000000000000643	False	occupancy_only
metastatic::NRAS+SOX9+TP53	1	7.878358150161507e-05		0.10000000000000643	False	occupancy_only
metastatic::PIK3CA+PTEN	1	7.878358150161507e-05		0.10000000000000643	False	occupancy_only
metastatic::PIK3CA+PTEN+RNF43	1	7.878358150161507e-05		0.10000000000000643	False	occupancy_only
metastatic::PIK3CA+PTEN+SMAD4+TP53	1	7.878358150161507e-05		0.10000000000000643	False	occupancy_only
metastatic::PIK3CA+RNF43+SMAD4+TP53	1	7.878358150161507e-05		0.10000000000000643	False	occupancy_only
metastatic::PTEN+SMAD4	1	7.878358150161507e-05		0.10000000000000643	False	occupancy_only
metastatic::RNF43	1	7.878358150161507e-05		0.10000000000000643	False	occupancy_only
metastatic::SMAD4+SOX9+TP53	1	7.878358150161507e-05		0.10000000000000643	False	occupancy_only
metastatic::SOX9+TCF7L2+TP53	1	7.878358150161507e-05		0.10000000000000643	False	occupancy_only
metastatic::TCF7L2	1	7.878358150161507e-05		0.10000000000000643	False	occupancy_only
primary::APC+ARID1A+BRAF	1	7.878358150161507e-05		0.10000000000000643	False	occupancy_only
primary::APC+ARID1A+BRAF+CTNNB1+FBXW7+KRAS+PIK3CA+PTEN+RNF43+SMAD4+TCF7L2	1	7.878358150161507e-05		0.10000000000000643	False	occupancy_only
primary::APC+ARID1A+BRAF+CTNNB1+FBXW7+KRAS+PIK3CA+PTEN+RNF43+TCF7L2+TP53	1	7.878358150161507e-05		0.10000000000000643	False	occupancy_only
primary::APC+ARID1A+BRAF+CTNNB1+FBXW7+KRAS+PIK3CA+PTEN+RNF43+TP53	1	7.878358150161507e-05		0.10000000000000643	False	occupancy_only
primary::APC+ARID1A+BRAF+CTNNB1+FBXW7+KRAS+PIK3CA+PTEN+SMAD4	1	7.878358150161507e-05		0.10000000000000643	False	occupancy_only
primary::APC+ARID1A+BRAF+CTNNB1+FBXW7+KRAS+PIK3CA+RNF43	1	7.878358150161507e-05		0.10000000000000643	False	occupancy_only
primary::APC+ARID1A+BRAF+CTNNB1+FBXW7+KRAS+PIK3CA+SMAD4+TGFBR2+TP53	1	7.878358150161507e-05		0.10000000000000643	False	occupancy_only
primary::APC+ARID1A+BRAF+CTNNB1+FBXW7+NRAS+PIK3CA+PTEN+SMAD4+TCF7L2	1	7.878358150161507e-05		0.10000000000000643	False	occupancy_only
primary::APC+ARID1A+BRAF+CTNNB1+FBXW7+NRAS+PIK3CA+PTEN+SMAD4+TGFBR2+TP53	1	7.878358150161507e-05		0.10000000000000643	False	occupancy_only
primary::APC+ARID1A+BRAF+CTNNB1+FBXW7+PIK3CA+PTEN	1	7.878358150161507e-05		0.10000000000000643	False	occupancy_only
primary::APC+ARID1A+BRAF+CTNNB1+FBXW7+PIK3CA+PTEN+RNF43+SMAD4+SOX9+TCF7L2+TGFBR2+TP53	1	7.878358150161507e-05		0.10000000000000643	False	occupancy_only
primary::APC+ARID1A+BRAF+CTNNB1+FBXW7+PIK3CA+PTEN+TGFBR2	1	7.878358150161507e-05		0.10000000000000643	False	occupancy_only
primary::APC+ARID1A+BRAF+CTNNB1+FBXW7+PIK3CA+PTEN+TGFBR2+TP53	1	7.878358150161507e-05		0.10000000000000643	False	occupancy_only
primary::APC+ARID1A+BRAF+CTNNB1+FBXW7+PIK3CA+RNF43+SMAD4+TCF7L2+TP53	1	7.878358150161507e-05		0.10000000000000643	False	occupancy_only
primary::APC+ARID1A+BRAF+CTNNB1+FBXW7+PIK3CA+RNF43+SOX9+TCF7L2	1	7.878358150161507e-05		0.10000000000000643	False	occupancy_only
primary::APC+ARID1A+BRAF+CTNNB1+FBXW7+PIK3CA+RNF43+TGFBR2+TP53	1	7.878358150161507e-05		0.10000000000000643	False	occupancy_only
primary::APC+ARID1A+BRAF+CTNNB1+FBXW7+PIK3CA+TP53	1	7.878358150161507e-05		0.10000000000000643	False	occupancy_only
primary::APC+ARID1A+BRAF+CTNNB1+KRAS+PIK3CA+PTEN+SMAD4+TCF7L2+TGFBR2+TP53	1	7.878358150161507e-05		0.10000000000000643	False	occupancy_only
primary::APC+ARID1A+BRAF+CTNNB1+KRAS+PIK3CA+RNF43+SMAD4+SOX9+TGFBR2	1	7.878358150161507e-05		0.10000000000000643	False	occupancy_only
primary::APC+ARID1A+BRAF+CTNNB1+KRAS+PIK3CA+SMAD4	1	7.878358150161507e-05		0.10000000000000643	False	occupancy_only
primary::APC+ARID1A+BRAF+CTNNB1+KRAS+RNF43+TCF7L2	1	7.878358150161507e-05		0.10000000000000643	False	occupancy_only
primary::APC+ARID1A+BRAF+CTNNB1+KRAS+RNF43+TGFBR2	1	7.878358150161507e-05		0.10000000000000643	False	occupancy_only
primary::APC+ARID1A+BRAF+CTNNB1+PIK3CA+TCF7L2+TP53	1	7.878358150161507e-05		0.10000000000000643	False	occupancy_only
primary::APC+ARID1A+BRAF+CTNNB1+RNF43+SMAD4+SOX9	1	7.878358150161507e-05		0.10000000000000643	False	occupancy_only
primary::APC+ARID1A+BRAF+CTNNB1+RNF43+SMAD4+TP53	1	7.878358150161507e-05		0.10000000000000643	False	occupancy_only
primary::APC+ARID1A+BRAF+CTNNB1+RNF43+TCF7L2	1	7.878358150161507e-05		0.10000000000000643	False	occupancy_only
primary::APC+ARID1A+BRAF+CTNNB1+TCF7L2+TP53	1	7.878358150161507e-05		0.10000000000000643	False	occupancy_only
primary::APC+ARID1A+BRAF+FBXW7+KRAS+NRAS+PIK3CA+PTEN+TGFBR2	1	7.878358150161507e-05		0.10000000000000643	False	occupancy_only
primary::APC+ARID1A+BRAF+FBXW7+KRAS+PIK3CA+RNF43	1	7.878358150161507e-05		0.10000000000000643	False	occupancy_only
primary::APC+ARID1A+BRAF+FBXW7+KRAS+PIK3CA+RNF43+TCF7L2+TGFBR2+TP53	1	7.878358150161507e-05		0.10000000000000643	False	occupancy_only
primary::APC+ARID1A+BRAF+FBXW7+KRAS+PIK3CA+SOX9+TCF7L2	1	7.878358150161507e-05		0.10000000000000643	False	occupancy_only
primary::APC+ARID1A+BRAF+FBXW7+KRAS+SOX9+TP53	1	7.878358150161507e-05		0.10000000000000643	False	occupancy_only
primary::APC+ARID1A+BRAF+FBXW7+PIK3CA	1	7.878358150161507e-05		0.10000000000000643	False	occupancy_only
primary::APC+ARID1A+BRAF+FBXW7+PIK3CA+PTEN+RNF43+SOX9+TCF7L2+TP53	1	7.878358150161507e-05		0.10000000000000643	False	occupancy_only
primary::APC+ARID1A+BRAF+FBXW7+PIK3CA+PTEN+SOX9+TGFBR2	1	7.878358150161507e-05		0.10000000000000643	False	occupancy_only
primary::APC+ARID1A+BRAF+FBXW7+PIK3CA+PTEN+TCF7L2	1	7.878358150161507e-05		0.10000000000000643	False	occupancy_only
primary::APC+ARID1A+BRAF+FBXW7+PIK3CA+RNF43+SMAD4+SOX9+TGFBR2+TP53	1	7.878358150161507e-05		0.10000000000000643	False	occupancy_only
primary::APC+ARID1A+BRAF+FBXW7+PIK3CA+RNF43+SMAD4+TCF7L2	1	7.878358150161507e-05		0.10000000000000643	False	occupancy_only
primary::APC+ARID1A+BRAF+FBXW7+PIK3CA+RNF43+TCF7L2+TGFBR2	1	7.878358150161507e-05		0.10000000000000643	False	occupancy_only
primary::APC+ARID1A+BRAF+FBXW7+PIK3CA+RNF43+TGFBR2+TP53	1	7.878358150161507e-05		0.10000000000000643	False	occupancy_only
primary::APC+ARID1A+BRAF+FBXW7+PIK3CA+SOX9	1	7.878358150161507e-05		0.10000000000000643	False	occupancy_only
primary::APC+ARID1A+BRAF+FBXW7+PIK3CA+SOX9+TCF7L2+TP53	1	7.878358150161507e-05		0.10000000000000643	False	occupancy_only
primary::APC+ARID1A+BRAF+FBXW7+PIK3CA+TCF7L2+TP53	1	7.878358150161507e-05		0.10000000000000643	False	occupancy_only
primary::APC+ARID1A+BRAF+FBXW7+PTEN+RNF43+SOX9+TP53	1	7.878358150161507e-05		0.10000000000000643	False	occupancy_only
primary::APC+ARID1A+BRAF+FBXW7+PTEN+TCF7L2	1	7.878358150161507e-05		0.10000000000000643	False	occupancy_only
primary::APC+ARID1A+BRAF+FBXW7+PTEN+TP53	1	7.878358150161507e-05		0.10000000000000643	False	occupancy_only
primary::APC+ARID1A+BRAF+FBXW7+RNF43	1	7.878358150161507e-05		0.10000000000000643	False	occupancy_only
primary::APC+ARID1A+BRAF+FBXW7+RNF43+SMAD4+SOX9	1	7.878358150161507e-05		0.10000000000000643	False	occupancy_only
primary::APC+ARID1A+BRAF+FBXW7+RNF43+SMAD4+SOX9+TP53	1	7.878358150161507e-05		0.10000000000000643	False	occupancy_only
primary::APC+ARID1A+BRAF+FBXW7+RNF43+SOX9+TGFBR2	1	7.878358150161507e-05		0.10000000000000643	False	occupancy_only
primary::APC+ARID1A+BRAF+FBXW7+RNF43+SOX9+TGFBR2+TP53	1	7.878358150161507e-05		0.10000000000000643	False	occupancy_only
primary::APC+ARID1A+BRAF+FBXW7+RNF43+TGFBR2	1	7.878358150161507e-05		0.10000000000000643	False	occupancy_only
primary::APC+ARID1A+BRAF+FBXW7+RNF43+TGFBR2+TP53	1	7.878358150161507e-05		0.10000000000000643	False	occupancy_only
primary::APC+ARID1A+BRAF+FBXW7+SOX9	1	7.878358150161507e-05		0.10000000000000643	False	occupancy_only
primary::APC+ARID1A+BRAF+FBXW7+TP53	1	7.878358150161507e-05		0.10000000000000643	False	occupancy_only
primary::APC+ARID1A+BRAF+KRAS	1	7.878358150161507e-05		0.10000000000000643	False	occupancy_only
primary::APC+ARID1A+BRAF+KRAS+PIK3CA+PTEN+RNF43+TCF7L2	1	7.878358150161507e-05		0.10000000000000643	False	occupancy_only
primary::APC+ARID1A+BRAF+KRAS+PIK3CA+PTEN+TP53	1	7.878358150161507e-05		0.10000000000000643	False	occupancy_only
primary::APC+ARID1A+BRAF+KRAS+PIK3CA+SOX9+TCF7L2	1	7.878358150161507e-05		0.10000000000000643	False	occupancy_only
primary::APC+ARID1A+BRAF+KRAS+PIK3CA+TCF7L2	1	7.878358150161507e-05		0.10000000000000643	False	occupancy_only
primary::APC+ARID1A+BRAF+KRAS+RNF43+SMAD4+TCF7L2+TP53	1	7.878358150161507e-05		0.10000000000000643	False	occupancy_only
primary::APC+ARID1A+BRAF+KRAS+TCF7L2	1	7.878358150161507e-05		0.10000000000000643	False	occupancy_only
primary::APC+ARID1A+BRAF+KRAS+TGFBR2	1	7.878358150161507e-05		0.10000000000000643	False	occupancy_only
primary::APC+ARID1A+BRAF+NRAS+PIK3CA+RNF43+TCF7L2	1	7.878358150161507e-05		0.10000000000000643	False	occupancy_only
primary::APC+ARID1A+BRAF+NRAS+RNF43+TCF7L2+TGFBR2	1	7.878358150161507e-05		0.10000000000000643	False	occupancy_only
primary::APC+ARID1A+BRAF+NRAS+RNF43+TGFBR2	1	7.878358150161507e-05		0.10000000000000643	False	occupancy_only
primary::APC+ARID1A+BRAF+PIK3CA	1	7.878358150161507e-05		0.10000000000000643	False	occupancy_only
primary::APC+ARID1A+BRAF+PIK3CA+PTEN+RNF43	1	7.878358150161507e-05		0.10000000000000643	False	occupancy_only
primary::APC+ARID1A+BRAF+PIK3CA+PTEN+RNF43+SMAD4+SOX9+TP53	1	7.878358150161507e-05		0.10000000000000643	False	occupancy_only
primary::APC+ARID1A+BRAF+PIK3CA+PTEN+RNF43+SMAD4+TP53	1	7.878358150161507e-05		0.10000000000000643	False	occupancy_only
primary::APC+ARID1A+BRAF+PIK3CA+PTEN+RNF43+TCF7L2	1	7.878358150161507e-05		0.10000000000000643	False	occupancy_only
primary::APC+ARID1A+BRAF+PIK3CA+RNF43	1	7.878358150161507e-05		0.10000000000000643	False	occupancy_only
primary::APC+ARID1A+BRAF+PIK3CA+RNF43+SMAD4	1	7.878358150161507e-05		0.10000000000000643	False	occupancy_only
primary::APC+ARID1A+BRAF+PIK3CA+RNF43+SMAD4+TCF7L2	1	7.878358150161507e-05		0.10000000000000643	False	occupancy_only
primary::APC+ARID1A+BRAF+PIK3CA+RNF43+SOX9+TGFBR2	1	7.878358150161507e-05		0.10000000000000643	False	occupancy_only
primary::APC+ARID1A+BRAF+PIK3CA+RNF43+TP53	1	7.878358150161507e-05		0.10000000000000643	False	occupancy_only
primary::APC+ARID1A+BRAF+PIK3CA+SMAD4+TP53	1	7.878358150161507e-05		0.10000000000000643	False	occupancy_only
primary::APC+ARID1A+BRAF+PIK3CA+TCF7L2+TGFBR2	1	7.878358150161507e-05		0.10000000000000643	False	occupancy_only
primary::APC+ARID1A+BRAF+PTEN	1	7.878358150161507e-05		0.10000000000000643	False	occupancy_only
primary::APC+ARID1A+BRAF+PTEN+RNF43+SMAD4+TP53	1	7.878358150161507e-05		0.10000000000000643	False	occupancy_only
primary::APC+ARID1A+BRAF+PTEN+RNF43+SOX9	1	7.878358150161507e-05		0.10000000000000643	False	occupancy_only
primary::APC+ARID1A+BRAF+PTEN+RNF43+SOX9+TGFBR2	1	7.878358150161507e-05		0.10000000000000643	False	occupancy_only
primary::APC+ARID1A+BRAF+PTEN+RNF43+TGFBR2+TP53	1	7.878358150161507e-05		0.10000000000000643	False	occupancy_only
primary::APC+ARID1A+BRAF+PTEN+SMAD4+TCF7L2	1	7.878358150161507e-05		0.10000000000000643	False	occupancy_only
primary::APC+ARID1A+BRAF+PTEN+SOX9	1	7.878358150161507e-05		0.10000000000000643	False	occupancy_only
primary::APC+ARID1A+BRAF+RNF43+SMAD4+SOX9+TCF7L2+TP53	1	7.878358150161507e-05		0.10000000000000643	False	occupancy_only
primary::APC+ARID1A+BRAF+RNF43+SOX9+TCF7L2+TGFBR2	1	7.878358150161507e-05		0.10000000000000643	False	occupancy_only
primary::APC+ARID1A+BRAF+RNF43+SOX9+TCF7L2+TP53	1	7.878358150161507e-05		0.10000000000000643	False	occupancy_only
primary::APC+ARID1A+BRAF+RNF43+SOX9+TGFBR2	1	7.878358150161507e-05		0.10000000000000643	False	occupancy_only
primary::APC+ARID1A+BRAF+RNF43+SOX9+TP53	1	7.878358150161507e-05		0.10000000000000643	False	occupancy_only
primary::APC+ARID1A+BRAF+SOX9+TGFBR2	1	7.878358150161507e-05		0.10000000000000643	False	occupancy_only
primary::APC+ARID1A+CTNNB1	1	7.878358150161507e-05		0.10000000000000643	False	occupancy_only
primary::APC+ARID1A+CTNNB1+FBXW7+KRAS	1	7.878358150161507e-05		0.10000000000000643	False	occupancy_only
primary::APC+ARID1A+CTNNB1+FBXW7+KRAS+NRAS+PIK3CA+PTEN+RNF43+SMAD4	1	7.878358150161507e-05		0.10000000000000643	False	occupancy_only
primary::APC+ARID1A+CTNNB1+FBXW7+KRAS+NRAS+PIK3CA+PTEN+RNF43+SMAD4+TCF7L2+TP53	1	7.878358150161507e-05		0.10000000000000643	False	occupancy_only
primary::APC+ARID1A+CTNNB1+FBXW7+KRAS+NRAS+PIK3CA+RNF43+SMAD4+TCF7L2+TP53	1	7.878358150161507e-05		0.10000000000000643	False	occupancy_only
primary::APC+ARID1A+CTNNB1+FBXW7+KRAS+PIK3CA+PTEN	1	7.878358150161507e-05		0.10000000000000643	False	occupancy_only
primary::APC+ARID1A+CTNNB1+FBXW7+KRAS+PIK3CA+PTEN+RNF43+TCF7L2	1	7.878358150161507e-05		0.10000000000000643	False	occupancy_only
primary::APC+ARID1A+CTNNB1+FBXW7+KRAS+PIK3CA+PTEN+RNF43+TP53	1	7.878358150161507e-05		0.10000000000000643	False	occupancy_only
primary::APC+ARID1A+CTNNB1+FBXW7+KRAS+PIK3CA+PTEN+SMAD4+TCF7L2+TP53	1	7.878358150161507e-05		0.10000000000000643	False	occupancy_only
primary::APC+ARID1A+CTNNB1+FBXW7+KRAS+PIK3CA+PTEN+TGFBR2	1	7.878358150161507e-05		0.10000000000000643	False	occupancy_only
primary::APC+ARID1A+CTNNB1+FBXW7+KRAS+PIK3CA+PTEN+TP53	1	7.878358150161507e-05		0.10000000000000643	False	occupancy_only
primary::APC+ARID1A+CTNNB1+FBXW7+KRAS+PIK3CA+RNF43+TCF7L2+TGFBR2+TP53	1	7.878358150161507e-05		0.10000000000000643	False	occupancy_only
primary::APC+ARID1A+CTNNB1+FBXW7+KRAS+PIK3CA+RNF43+TCF7L2+TP53	1	7.878358150161507e-05		0.10000000000000643	False	occupancy_only
primary::APC+ARID1A+CTNNB1+FBXW7+KRAS+PIK3CA+SOX9+TCF7L2	1	7.878358150161507e-05		0.10000000000000643	False	occupancy_only
primary::APC+ARID1A+CTNNB1+FBXW7+KRAS+PIK3CA+TCF7L2+TGFBR2	1	7.878358150161507e-05		0.10000000000000643	False	occupancy_only
primary::APC+ARID1A+CTNNB1+FBXW7+KRAS+PIK3CA+TGFBR2	1	7.878358150161507e-05		0.10000000000000643	False	occupancy_only
primary::APC+ARID1A+CTNNB1+FBXW7+KRAS+PIK3CA+TP53	1	7.878358150161507e-05		0.10000000000000643	False	occupancy_only
primary::APC+ARID1A+CTNNB1+FBXW7+KRAS+PTEN+RNF43+TCF7L2+TP53	1	7.878358150161507e-05		0.10000000000000643	False	occupancy_only
primary::APC+ARID1A+CTNNB1+FBXW7+KRAS+PTEN+SOX9+TCF7L2+TGFBR2	1	7.878358150161507e-05		0.10000000000000643	False	occupancy_only
primary::APC+ARID1A+CTNNB1+FBXW7+KRAS+PTEN+TCF7L2+TP53	1	7.878358150161507e-05		0.10000000000000643	False	occupancy_only
primary::APC+ARID1A+CTNNB1+FBXW7+KRAS+RNF43+SOX9+TCF7L2+TP53	1	7.878358150161507e-05		0.10000000000000643	False	occupancy_only
primary::APC+ARID1A+CTNNB1+FBXW7+KRAS+TCF7L2	1	7.878358150161507e-05		0.10000000000000643	False	occupancy_only
primary::APC+ARID1A+CTNNB1+FBXW7+NRAS+PIK3CA+SMAD4+TCF7L2+TP53	1	7.878358150161507e-05		0.10000000000000643	False	occupancy_only
primary::APC+ARID1A+CTNNB1+FBXW7+PIK3CA	1	7.878358150161507e-05		0.10000000000000643	False	occupancy_only
primary::APC+ARID1A+CTNNB1+FBXW7+PIK3CA+PTEN+RNF43+TP53	1	7.878358150161507e-05		0.10000000000000643	False	occupancy_only
primary::APC+ARID1A+CTNNB1+FBXW7+PIK3CA+PTEN+SMAD4	1	7.878358150161507e-05		0.10000000000000643	False	occupancy_only
primary::APC+ARID1A+CTNNB1+FBXW7+PIK3CA+RNF43+TCF7L2+TGFBR2	1	7.878358150161507e-05		0.10000000000000643	False	occupancy_only
primary::APC+ARID1A+CTNNB1+FBXW7+PIK3CA+SOX9+TCF7L2+TP53	1	7.878358150161507e-05		0.10000000000000643	False	occupancy_only
primary::APC+ARID1A+CTNNB1+FBXW7+PTEN+RNF43+TCF7L2+TP53	1	7.878358150161507e-05		0.10000000000000643	False	occupancy_only
primary::APC+ARID1A+CTNNB1+FBXW7+PTEN+SOX9+TGFBR2+TP53	1	7.878358150161507e-05		0.10000000000000643	False	occupancy_only
primary::APC+ARID1A+CTNNB1+FBXW7+RNF43+SMAD4+TGFBR2	1	7.878358150161507e-05		0.10000000000000643	False	occupancy_only
primary::APC+ARID1A+CTNNB1+FBXW7+RNF43+SOX9+TGFBR2	1	7.878358150161507e-05		0.10000000000000643	False	occupancy_only
primary::APC+ARID1A+CTNNB1+FBXW7+RNF43+TCF7L2	1	7.878358150161507e-05		0.10000000000000643	False	occupancy_only
primary::APC+ARID1A+CTNNB1+KRAS+PIK3CA	1	7.878358150161507e-05		0.10000000000000643	False	occupancy_only
primary::APC+ARID1A+CTNNB1+KRAS+PIK3CA+PTEN+RNF43+SMAD4	1	7.878358150161507e-05		0.10000000000000643	False	occupancy_only
primary::APC+ARID1A+CTNNB1+KRAS+PIK3CA+PTEN+TCF7L2	1	7.878358150161507e-05		0.10000000000000643	False	occupancy_only
primary::APC+ARID1A+CTNNB1+KRAS+PIK3CA+SMAD4	1	7.878358150161507e-05		0.10000000000000643	False	occupancy_only
primary::APC+ARID1A+CTNNB1+KRAS+PIK3CA+SOX9+TP53	1	7.878358150161507e-05		0.10000000000000643	False	occupancy_only
primary::APC+ARID1A+CTNNB1+KRAS+PIK3CA+TP53	1	7.878358150161507e-05		0.10000000000000643	False	occupancy_only
primary::APC+ARID1A+CTNNB1+KRAS+PTEN+RNF43+TCF7L2	1	7.878358150161507e-05		0.10000000000000643	False	occupancy_only
primary::APC+ARID1A+CTNNB1+KRAS+RNF43+SMAD4+SOX9	1	7.878358150161507e-05		0.10000000000000643	False	occupancy_only
primary::APC+ARID1A+CTNNB1+KRAS+RNF43+SOX9+TCF7L2	1	7.878358150161507e-05		0.10000000000000643	False	occupancy_only
primary::APC+ARID1A+CTNNB1+NRAS+PIK3CA+RNF43+TCF7L2+TGFBR2+TP53	1	7.878358150161507e-05		0.10000000000000643	False	occupancy_only
primary::APC+ARID1A+CTNNB1+NRAS+PTEN+RNF43+SMAD4+TGFBR2	1	7.878358150161507e-05		0.10000000000000643	False	occupancy_only
primary::APC+ARID1A+CTNNB1+NRAS+PTEN+RNF43+TP53	1	7.878358150161507e-05		0.10000000000000643	False	occupancy_only
primary::APC+ARID1A+CTNNB1+NRAS+TP53	1	7.878358150161507e-05		0.10000000000000643	False	occupancy_only
primary::APC+ARID1A+CTNNB1+PIK3CA	1	7.878358150161507e-05		0.10000000000000643	False	occupancy_only
primary::APC+ARID1A+CTNNB1+PIK3CA+PTEN	1	7.878358150161507e-05		0.10000000000000643	False	occupancy_only
primary::APC+ARID1A+CTNNB1+PIK3CA+PTEN+RNF43+TCF7L2+TGFBR2	1	7.878358150161507e-05		0.10000000000000643	False	occupancy_only
primary::APC+ARID1A+CTNNB1+PIK3CA+PTEN+SMAD4+TCF7L2	1	7.878358150161507e-05		0.10000000000000643	False	occupancy_only
primary::APC+ARID1A+CTNNB1+PIK3CA+PTEN+TCF7L2+TP53	1	7.878358150161507e-05		0.10000000000000643	False	occupancy_only
primary::APC+ARID1A+CTNNB1+PIK3CA+RNF43+TCF7L2	1	7.878358150161507e-05		0.10000000000000643	False	occupancy_only
primary::APC+ARID1A+CTNNB1+PIK3CA+SOX9+TCF7L2	1	7.878358150161507e-05		0.10000000000000643	False	occupancy_only
primary::APC+ARID1A+CTNNB1+PIK3CA+SOX9+TP53	1	7.878358150161507e-05		0.10000000000000643	False	occupancy_only
primary::APC+ARID1A+CTNNB1+PIK3CA+TCF7L2	1	7.878358150161507e-05		0.10000000000000643	False	occupancy_only
primary::APC+ARID1A+CTNNB1+PIK3CA+TP53	1	7.878358150161507e-05		0.10000000000000643	False	occupancy_only
primary::APC+ARID1A+CTNNB1+PTEN+SOX9	1	7.878358150161507e-05		0.10000000000000643	False	occupancy_only
primary::APC+ARID1A+CTNNB1+RNF43+SMAD4+TCF7L2+TGFBR2	1	7.878358150161507e-05		0.10000000000000643	False	occupancy_only
primary::APC+ARID1A+CTNNB1+RNF43+TCF7L2+TGFBR2+TP53	1	7.878358150161507e-05		0.10000000000000643	False	occupancy_only
primary::APC+ARID1A+CTNNB1+RNF43+TCF7L2+TP53	1	7.878358150161507e-05		0.10000000000000643	False	occupancy_only
primary::APC+ARID1A+CTNNB1+SOX9+TP53	1	7.878358150161507e-05		0.10000000000000643	False	occupancy_only
primary::APC+ARID1A+CTNNB1+TCF7L2	1	7.878358150161507e-05		0.10000000000000643	False	occupancy_only
primary::APC+ARID1A+FBXW7+KRAS+PIK3CA+PTEN	1	7.878358150161507e-05		0.10000000000000643	False	occupancy_only
primary::APC+ARID1A+FBXW7+KRAS+PIK3CA+PTEN+RNF43+SOX9+TCF7L2	1	7.878358150161507e-05		0.10000000000000643	False	occupancy_only
primary::APC+ARID1A+FBXW7+KRAS+PIK3CA+PTEN+RNF43+SOX9+TCF7L2+TGFBR2	1	7.878358150161507e-05		0.10000000000000643	False	occupancy_only
primary::APC+ARID1A+FBXW7+KRAS+PIK3CA+PTEN+RNF43+SOX9+TP53	1	7.878358150161507e-05		0.10000000000000643	False	occupancy_only
primary::APC+ARID1A+FBXW7+KRAS+PIK3CA+PTEN+RNF43+TGFBR2	1	7.878358150161507e-05		0.10000000000000643	False	occupancy_only
primary::APC+ARID1A+FBXW7+KRAS+PIK3CA+PTEN+SOX9+TP53	1	7.878358150161507e-05		0.10000000000000643	False	occupancy_only
primary::APC+ARID1A+FBXW7+KRAS+PIK3CA+PTEN+TCF7L2	1	7.878358150161507e-05		0.10000000000000643	False	occupancy_only
primary::APC+ARID1A+FBXW7+KRAS+PIK3CA+PTEN+TCF7L2+TP53	1	7.878358150161507e-05		0.10000000000000643	False	occupancy_only
primary::APC+ARID1A+FBXW7+KRAS+PIK3CA+RNF43+SOX9	1	7.878358150161507e-05		0.10000000000000643	False	occupancy_only
primary::APC+ARID1A+FBXW7+KRAS+PIK3CA+SMAD4+SOX9	1	7.878358150161507e-05		0.10000000000000643	False	occupancy_only
primary::APC+ARID1A+FBXW7+KRAS+PIK3CA+SMAD4+SOX9+TGFBR2	1	7.878358150161507e-05		0.10000000000000643	False	occupancy_only
primary::APC+ARID1A+FBXW7+KRAS+PIK3CA+SMAD4+TCF7L2	1	7.878358150161507e-05		0.10000000000000643	False	occupancy_only
primary::APC+ARID1A+FBXW7+KRAS+PIK3CA+SMAD4+TP53	1	7.878358150161507e-05		0.10000000000000643	False	occupancy_only
primary::APC+ARID1A+FBXW7+KRAS+PIK3CA+SOX9	1	7.878358150161507e-05		0.10000000000000643	False	occupancy_only
primary::APC+ARID1A+FBXW7+KRAS+PIK3CA+SOX9+TCF7L2+TP53	1	7.878358150161507e-05		0.10000000000000643	False	occupancy_only
primary::APC+ARID1A+FBXW7+KRAS+PIK3CA+SOX9+TP53	1	7.878358150161507e-05		0.10000000000000643	False	occupancy_only
primary::APC+ARID1A+FBXW7+KRAS+PTEN	1	7.878358150161507e-05		0.10000000000000643	False	occupancy_only
primary::APC+ARID1A+FBXW7+KRAS+PTEN+RNF43+TCF7L2	1	7.878358150161507e-05		0.10000000000000643	False	occupancy_only
primary::APC+ARID1A+FBXW7+KRAS+PTEN+RNF43+TCF7L2+TP53	1	7.878358150161507e-05		0.10000000000000643	False	occupancy_only
primary::APC+ARID1A+FBXW7+KRAS+PTEN+SOX9	1	7.878358150161507e-05		0.10000000000000643	False	occupancy_only
primary::APC+ARID1A+FBXW7+KRAS+PTEN+TCF7L2	1	7.878358150161507e-05		0.10000000000000643	False	occupancy_only
primary::APC+ARID1A+FBXW7+KRAS+RNF43+SOX9+TP53	1	7.878358150161507e-05		0.10000000000000643	False	occupancy_only
primary::APC+ARID1A+FBXW7+KRAS+RNF43+TCF7L2+TGFBR2+TP53	1	7.878358150161507e-05		0.10000000000000643	False	occupancy_only
primary::APC+ARID1A+FBXW7+KRAS+SMAD4+SOX9	1	7.878358150161507e-05		0.10000000000000643	False	occupancy_only
primary::APC+ARID1A+FBXW7+KRAS+SOX9	1	7.878358150161507e-05		0.10000000000000643	False	occupancy_only
primary::APC+ARID1A+FBXW7+KRAS+SOX9+TP53	1	7.878358150161507e-05		0.10000000000000643	False	occupancy_only
primary::APC+ARID1A+FBXW7+NRAS+PIK3CA+RNF43+SMAD4+TCF7L2+TGFBR2+TP53	1	7.878358150161507e-05		0.10000000000000643	False	occupancy_only
primary::APC+ARID1A+FBXW7+NRAS+PTEN+TP53	1	7.878358150161507e-05		0.10000000000000643	False	occupancy_only
primary::APC+ARID1A+FBXW7+NRAS+SOX9+TCF7L2+TGFBR2+TP53	1	7.878358150161507e-05		0.10000000000000643	False	occupancy_only
primary::APC+ARID1A+FBXW7+NRAS+TP53	1	7.878358150161507e-05		0.10000000000000643	False	occupancy_only
primary::APC+ARID1A+FBXW7+PIK3CA+PTEN+RNF43	1	7.878358150161507e-05		0.10000000000000643	False	occupancy_only
primary::APC+ARID1A+FBXW7+PIK3CA+PTEN+SOX9+TCF7L2	1	7.878358150161507e-05		0.10000000000000643	False	occupancy_only
primary::APC+ARID1A+FBXW7+PIK3CA+PTEN+TCF7L2	1	7.878358150161507e-05		0.10000000000000643	False	occupancy_only
primary::APC+ARID1A+FBXW7+PIK3CA+PTEN+TCF7L2+TGFBR2	1	7.878358150161507e-05		0.10000000000000643	False	occupancy_only
primary::APC+ARID1A+FBXW7+PIK3CA+PTEN+TCF7L2+TP53	1	7.878358150161507e-05		0.10000000000000643	False	occupancy_only
primary::APC+ARID1A+FBXW7+PIK3CA+PTEN+TGFBR2+TP53	1	7.878358150161507e-05		0.10000000000000643	False	occupancy_only
primary::APC+ARID1A+FBXW7+PIK3CA+RNF43+TCF7L2	1	7.878358150161507e-05		0.10000000000000643	False	occupancy_only
primary::APC+ARID1A+FBXW7+PIK3CA+SOX9	1	7.878358150161507e-05		0.10000000000000643	False	occupancy_only
primary::APC+ARID1A+FBXW7+PIK3CA+SOX9+TCF7L2+TP53	1	7.878358150161507e-05		0.10000000000000643	False	occupancy_only
primary::APC+ARID1A+FBXW7+PIK3CA+SOX9+TP53	1	7.878358150161507e-05		0.10000000000000643	False	occupancy_only
primary::APC+ARID1A+FBXW7+PIK3CA+TCF7L2+TGFBR2+TP53	1	7.878358150161507e-05		0.10000000000000643	False	occupancy_only
primary::APC+ARID1A+FBXW7+PIK3CA+TP53	1	7.878358150161507e-05		0.10000000000000643	False	occupancy_only
primary::APC+ARID1A+FBXW7+PTEN+SOX9	1	7.878358150161507e-05		0.10000000000000643	False	occupancy_only
primary::APC+ARID1A+FBXW7+PTEN+SOX9+TCF7L2+TP53	1	7.878358150161507e-05		0.10000000000000643	False	occupancy_only
primary::APC+ARID1A+FBXW7+PTEN+TCF7L2	1	7.878358150161507e-05		0.10000000000000643	False	occupancy_only
primary::APC+ARID1A+FBXW7+PTEN+TGFBR2+TP53	1	7.878358150161507e-05		0.10000000000000643	False	occupancy_only
primary::APC+ARID1A+FBXW7+PTEN+TP53	1	7.878358150161507e-05		0.10000000000000643	False	occupancy_only
primary::APC+ARID1A+FBXW7+RNF43+SOX9+TGFBR2	1	7.878358150161507e-05		0.10000000000000643	False	occupancy_only
primary::APC+ARID1A+FBXW7+RNF43+TCF7L2+TGFBR2+TP53	1	7.878358150161507e-05		0.10000000000000643	False	occupancy_only
primary::APC+ARID1A+FBXW7+RNF43+TP53	1	7.878358150161507e-05		0.10000000000000643	False	occupancy_only
primary::APC+ARID1A+FBXW7+SMAD4+TCF7L2+TP53	1	7.878358150161507e-05		0.10000000000000643	False	occupancy_only
primary::APC+ARID1A+FBXW7+SOX9	1	7.878358150161507e-05		0.10000000000000643	False	occupancy_only
primary::APC+ARID1A+FBXW7+SOX9+TCF7L2	1	7.878358150161507e-05		0.10000000000000643	False	occupancy_only
primary::APC+ARID1A+FBXW7+SOX9+TGFBR2+TP53	1	7.878358150161507e-05		0.10000000000000643	False	occupancy_only
primary::APC+ARID1A+KRAS+NRAS+PTEN+RNF43+SOX9+TCF7L2+TP53	1	7.878358150161507e-05		0.10000000000000643	False	occupancy_only
primary::APC+ARID1A+KRAS+PIK3CA+PTEN	1	7.878358150161507e-05		0.10000000000000643	False	occupancy_only
primary::APC+ARID1A+KRAS+PIK3CA+PTEN+RNF43	1	7.878358150161507e-05		0.10000000000000643	False	occupancy_only
primary::APC+ARID1A+KRAS+PIK3CA+PTEN+RNF43+TP53	1	7.878358150161507e-05		0.10000000000000643	False	occupancy_only
primary::APC+ARID1A+KRAS+PIK3CA+RNF43	1	7.878358150161507e-05		0.10000000000000643	False	occupancy_only
primary::APC+ARID1A+KRAS+PIK3CA+RNF43+SOX9	1	7.878358150161507e-05		0.10000000000000643	False	occupancy_only
primary::APC+ARID1A+KRAS+PIK3CA+RNF43+SOX9+TCF7L2+TP53	1	7.878358150161507e-05		0.10000000000000643	False	occupancy_only
primary::APC+ARID1A+KRAS+PIK3CA+RNF43+TGFBR2+TP53	1	7.878358150161507e-05		0.10000000000000643	False	occupancy_only
primary::APC+ARID1A+KRAS+PIK3CA+SMAD4+SOX9+TP53	1	7.878358150161507e-05		0.10000000000000643	False	occupancy_only
primary::APC+ARID1A+KRAS+PIK3CA+SOX9+TGFBR2	1	7.878358150161507e-05		0.10000000000000643	False	occupancy_only
primary::APC+ARID1A+KRAS+PIK3CA+TCF7L2	1	7.878358150161507e-05		0.10000000000000643	False	occupancy_only
primary::APC+ARID1A+KRAS+PTEN+RNF43	1	7.878358150161507e-05		0.10000000000000643	False	occupancy_only
primary::APC+ARID1A+KRAS+PTEN+RNF43+SOX9+TP53	1	7.878358150161507e-05		0.10000000000000643	False	occupancy_only
primary::APC+ARID1A+KRAS+PTEN+SMAD4+TP53	1	7.878358150161507e-05		0.10000000000000643	False	occupancy_only
primary::APC+ARID1A+KRAS+PTEN+SOX9	1	7.878358150161507e-05		0.10000000000000643	False	occupancy_only
primary::APC+ARID1A+KRAS+PTEN+SOX9+TCF7L2	1	7.878358150161507e-05		0.10000000000000643	False	occupancy_only
primary::APC+ARID1A+KRAS+PTEN+SOX9+TCF7L2+TGFBR2+TP53	1	7.878358150161507e-05		0.10000000000000643	False	occupancy_only
primary::APC+ARID1A+KRAS+PTEN+TCF7L2	1	7.878358150161507e-05		0.10000000000000643	False	occupancy_only
primary::APC+ARID1A+KRAS+RNF43+SOX9+TCF7L2	1	7.878358150161507e-05		0.10000000000000643	False	occupancy_only
primary::APC+ARID1A+KRAS+RNF43+SOX9+TCF7L2+TGFBR2	1	7.878358150161507e-05		0.10000000000000643	False	occupancy_only
primary::APC+ARID1A+KRAS+RNF43+SOX9+TP53	1	7.878358150161507e-05		0.10000000000000643	False	occupancy_only
primary::APC+ARID1A+KRAS+SMAD4+SOX9+TCF7L2	1	7.878358150161507e-05		0.10000000000000643	False	occupancy_only
primary::APC+ARID1A+KRAS+SMAD4+TCF7L2+TP53	1	7.878358150161507e-05		0.10000000000000643	False	occupancy_only
primary::APC+ARID1A+KRAS+SOX9+TCF7L2+TP53	1	7.878358150161507e-05		0.10000000000000643	False	occupancy_only
primary::APC+ARID1A+KRAS+SOX9+TGFBR2+TP53	1	7.878358150161507e-05		0.10000000000000643	False	occupancy_only
primary::APC+ARID1A+NRAS+PIK3CA+SMAD4+TP53	1	7.878358150161507e-05		0.10000000000000643	False	occupancy_only
primary::APC+ARID1A+NRAS+PIK3CA+SOX9	1	7.878358150161507e-05		0.10000000000000643	False	occupancy_only
primary::APC+ARID1A+NRAS+PIK3CA+TP53	1	7.878358150161507e-05		0.10000000000000643	False	occupancy_only
primary::APC+ARID1A+NRAS+SMAD4+TP53	1	7.878358150161507e-05		0.10000000000000643	False	occupancy_only
primary::APC+ARID1A+NRAS+SOX9+TP53	1	7.878358150161507e-05		0.10000000000000643	False	occupancy_only
primary::APC+ARID1A+NRAS+TCF7L2	1	7.878358150161507e-05		0.10000000000000643	False	occupancy_only
primary::APC+ARID1A+PIK3CA+PTEN+RNF43	1	7.878358150161507e-05		0.10000000000000643	False	occupancy_only
primary::APC+ARID1A+PIK3CA+PTEN+RNF43+SMAD4+SOX9+TCF7L2	1	7.878358150161507e-05		0.10000000000000643	False	occupancy_only
primary::APC+ARID1A+PIK3CA+PTEN+RNF43+SOX9+TGFBR2+TP53	1	7.878358150161507e-05		0.10000000000000643	False	occupancy_only
primary::APC+ARID1A+PIK3CA+PTEN+RNF43+TCF7L2	1	7.878358150161507e-05		0.10000000000000643	False	occupancy_only
primary::APC+ARID1A+PIK3CA+PTEN+SMAD4+TGFBR2	1	7.878358150161507e-05		0.10000000000000643	False	occupancy_only
primary::APC+ARID1A+PIK3CA+PTEN+SOX9	1	7.878358150161507e-05		0.10000000000000643	False	occupancy_only
primary::APC+ARID1A+PIK3CA+RNF43+SOX9+TCF7L2	1	7.878358150161507e-05		0.10000000000000643	False	occupancy_only
primary::APC+ARID1A+PIK3CA+RNF43+SOX9+TP53	1	7.878358150161507e-05		0.10000000000000643	False	occupancy_only
primary::APC+ARID1A+PIK3CA+RNF43+TCF7L2+TGFBR2+TP53	1	7.878358150161507e-05		0.10000000000000643	False	occupancy_only
primary::APC+ARID1A+PIK3CA+RNF43+TGFBR2+TP53	1	7.878358150161507e-05		0.10000000000000643	False	occupancy_only
primary::APC+ARID1A+PIK3CA+RNF43+TP53	1	7.878358150161507e-05		0.10000000000000643	False	occupancy_only
primary::APC+ARID1A+PIK3CA+SMAD4+SOX9	1	7.878358150161507e-05		0.10000000000000643	False	occupancy_only
primary::APC+ARID1A+PIK3CA+SOX9+TP53	1	7.878358150161507e-05		0.10000000000000643	False	occupancy_only
primary::APC+ARID1A+PIK3CA+TCF7L2	1	7.878358150161507e-05		0.10000000000000643	False	occupancy_only
primary::APC+ARID1A+PIK3CA+TGFBR2+TP53	1	7.878358150161507e-05		0.10000000000000643	False	occupancy_only
primary::APC+ARID1A+PTEN	1	7.878358150161507e-05		0.10000000000000643	False	occupancy_only
primary::APC+ARID1A+PTEN+RNF43+SOX9	1	7.878358150161507e-05		0.10000000000000643	False	occupancy_only
primary::APC+ARID1A+PTEN+RNF43+SOX9+TP53	1	7.878358150161507e-05		0.10000000000000643	False	occupancy_only
primary::APC+ARID1A+PTEN+RNF43+TCF7L2	1	7.878358150161507e-05		0.10000000000000643	False	occupancy_only
primary::APC+ARID1A+PTEN+SMAD4+TP53	1	7.878358150161507e-05		0.10000000000000643	False	occupancy_only
primary::APC+ARID1A+PTEN+SOX9	1	7.878358150161507e-05		0.10000000000000643	False	occupancy_only
primary::APC+ARID1A+PTEN+SOX9+TCF7L2+TP53	1	7.878358150161507e-05		0.10000000000000643	False	occupancy_only
primary::APC+ARID1A+RNF43+SMAD4+SOX9+TCF7L2	1	7.878358150161507e-05		0.10000000000000643	False	occupancy_only
primary::APC+ARID1A+RNF43+SMAD4+TP53	1	7.878358150161507e-05		0.10000000000000643	False	occupancy_only
primary::APC+ARID1A+RNF43+SOX9+TGFBR2+TP53	1	7.878358150161507e-05		0.10000000000000643	False	occupancy_only
primary::APC+ARID1A+RNF43+TCF7L2	1	7.878358150161507e-05		0.10000000000000643	False	occupancy_only
primary::APC+ARID1A+RNF43+TCF7L2+TGFBR2	1	7.878358150161507e-05		0.10000000000000643	False	occupancy_only
primary::APC+ARID1A+SMAD4+SOX9+TCF7L2+TGFBR2	1	7.878358150161507e-05		0.10000000000000643	False	occupancy_only
primary::APC+ARID1A+SOX9	1	7.878358150161507e-05		0.10000000000000643	False	occupancy_only
primary::APC+ARID1A+SOX9+TCF7L2+TGFBR2+TP53	1	7.878358150161507e-05		0.10000000000000643	False	occupancy_only
primary::APC+ARID1A+SOX9+TCF7L2+TP53	1	7.878358150161507e-05		0.10000000000000643	False	occupancy_only
primary::APC+ARID1A+SOX9+TGFBR2	1	7.878358150161507e-05		0.10000000000000643	False	occupancy_only
primary::APC+ARID1A+TCF7L2	1	7.878358150161507e-05		0.10000000000000643	False	occupancy_only
primary::APC+BRAF+CTNNB1+FBXW7+NRAS+RNF43	1	7.878358150161507e-05		0.10000000000000643	False	occupancy_only
primary::APC+BRAF+CTNNB1+FBXW7+PIK3CA+RNF43+SMAD4+TGFBR2+TP53	1	7.878358150161507e-05		0.10000000000000643	False	occupancy_only
primary::APC+BRAF+CTNNB1+FBXW7+PIK3CA+TP53	1	7.878358150161507e-05		0.10000000000000643	False	occupancy_only
primary::APC+BRAF+CTNNB1+FBXW7+PTEN+SOX9	1	7.878358150161507e-05		0.10000000000000643	False	occupancy_only
primary::APC+BRAF+CTNNB1+FBXW7+PTEN+SOX9+TGFBR2	1	7.878358150161507e-05		0.10000000000000643	False	occupancy_only
primary::APC+BRAF+CTNNB1+KRAS+PTEN+RNF43	1	7.878358150161507e-05		0.10000000000000643	False	occupancy_only
primary::APC+BRAF+CTNNB1+KRAS+PTEN+SMAD4	1	7.878358150161507e-05		0.10000000000000643	False	occupancy_only
primary::APC+BRAF+CTNNB1+KRAS+RNF43+TP53	1	7.878358150161507e-05		0.10000000000000643	False	occupancy_only
primary::APC+BRAF+CTNNB1+KRAS+SMAD4+TP53	1	7.878358150161507e-05		0.10000000000000643	False	occupancy_only
primary::APC+BRAF+CTNNB1+PIK3CA+PTEN+SMAD4+SOX9	1	7.878358150161507e-05		0.10000000000000643	False	occupancy_only
primary::APC+BRAF+CTNNB1+PIK3CA+RNF43+SOX9	1	7.878358150161507e-05		0.10000000000000643	False	occupancy_only
primary::APC+BRAF+CTNNB1+PIK3CA+RNF43+SOX9+TCF7L2+TP53	1	7.878358150161507e-05		0.10000000000000643	False	occupancy_only
primary::APC+BRAF+CTNNB1+RNF43+SOX9+TCF7L2	1	7.878358150161507e-05		0.10000000000000643	False	occupancy_only
primary::APC+BRAF+CTNNB1+RNF43+TCF7L2+TP53	1	7.878358150161507e-05		0.10000000000000643	False	occupancy_only
primary::APC+BRAF+CTNNB1+SOX9+TP53	1	7.878358150161507e-05		0.10000000000000643	False	occupancy_only
primary::APC+BRAF+FBXW7+KRAS	1	7.878358150161507e-05		0.10000000000000643	False	occupancy_only
primary::APC+BRAF+FBXW7+KRAS+NRAS+PIK3CA+SOX9+TP53	1	7.878358150161507e-05		0.10000000000000643	False	occupancy_only
primary::APC+BRAF+FBXW7+KRAS+PIK3CA	1	7.878358150161507e-05		0.10000000000000643	False	occupancy_only
primary::APC+BRAF+FBXW7+KRAS+PIK3CA+PTEN+RNF43+TCF7L2+TP53	1	7.878358150161507e-05		0.10000000000000643	False	occupancy_only
primary::APC+BRAF+FBXW7+KRAS+PIK3CA+SOX9	1	7.878358150161507e-05		0.10000000000000643	False	occupancy_only
primary::APC+BRAF+FBXW7+KRAS+PIK3CA+TCF7L2+TP53	1	7.878358150161507e-05		0.10000000000000643	False	occupancy_only
primary::APC+BRAF+FBXW7+KRAS+TP53	1	7.878358150161507e-05		0.10000000000000643	False	occupancy_only
primary::APC+BRAF+FBXW7+NRAS+PIK3CA+TP53	1	7.878358150161507e-05		0.10000000000000643	False	occupancy_only
primary::APC+BRAF+FBXW7+PIK3CA+PTEN+RNF43+SMAD4+SOX9+TCF7L2+TP53	1	7.878358150161507e-05		0.10000000000000643	False	occupancy_only
primary::APC+BRAF+FBXW7+PIK3CA+PTEN+RNF43+SMAD4+SOX9+TP53	1	7.878358150161507e-05		0.10000000000000643	False	occupancy_only
primary::APC+BRAF+FBXW7+PIK3CA+PTEN+SOX9+TP53	1	7.878358150161507e-05		0.10000000000000643	False	occupancy_only
primary::APC+BRAF+FBXW7+PIK3CA+PTEN+TCF7L2+TGFBR2	1	7.878358150161507e-05		0.10000000000000643	False	occupancy_only
primary::APC+BRAF+FBXW7+PIK3CA+PTEN+TP53	1	7.878358150161507e-05		0.10000000000000643	False	occupancy_only
primary::APC+BRAF+FBXW7+PIK3CA+RNF43	1	7.878358150161507e-05		0.10000000000000643	False	occupancy_only
primary::APC+BRAF+FBXW7+PIK3CA+RNF43+SMAD4+SOX9+TCF7L2	1	7.878358150161507e-05		0.10000000000000643	False	occupancy_only
primary::APC+BRAF+FBXW7+PIK3CA+RNF43+SMAD4+TP53	1	7.878358150161507e-05		0.10000000000000643	False	occupancy_only
primary::APC+BRAF+FBXW7+PIK3CA+RNF43+SOX9+TCF7L2+TGFBR2	1	7.878358150161507e-05		0.10000000000000643	False	occupancy_only
primary::APC+BRAF+FBXW7+PIK3CA+RNF43+TP53	1	7.878358150161507e-05		0.10000000000000643	False	occupancy_only
primary::APC+BRAF+FBXW7+PIK3CA+SMAD4+TP53	1	7.878358150161507e-05		0.10000000000000643	False	occupancy_only
primary::APC+BRAF+FBXW7+PIK3CA+SOX9	1	7.878358150161507e-05		0.10000000000000643	False	occupancy_only
primary::APC+BRAF+FBXW7+PIK3CA+SOX9+TCF7L2+TP53	1	7.878358150161507e-05		0.10000000000000643	False	occupancy_only
primary::APC+BRAF+FBXW7+PIK3CA+TCF7L2	1	7.878358150161507e-05		0.10000000000000643	False	occupancy_only
primary::APC+BRAF+FBXW7+PIK3CA+TCF7L2+TP53	1	7.878358150161507e-05		0.10000000000000643	False	occupancy_only
primary::APC+BRAF+FBXW7+PTEN+RNF43	1	7.878358150161507e-05		0.10000000000000643	False	occupancy_only
primary::APC+BRAF+FBXW7+PTEN+RNF43+TGFBR2	1	7.878358150161507e-05		0.10000000000000643	False	occupancy_only
primary::APC+BRAF+FBXW7+PTEN+SMAD4+SOX9	1	7.878358150161507e-05		0.10000000000000643	False	occupancy_only
primary::APC+BRAF+FBXW7+PTEN+TCF7L2	1	7.878358150161507e-05		0.10000000000000643	False	occupancy_only
primary::APC+BRAF+FBXW7+RNF43	1	7.878358150161507e-05		0.10000000000000643	False	occupancy_only
primary::APC+BRAF+FBXW7+RNF43+SOX9	1	7.878358150161507e-05		0.10000000000000643	False	occupancy_only
primary::APC+BRAF+FBXW7+RNF43+SOX9+TCF7L2	1	7.878358150161507e-05		0.10000000000000643	False	occupancy_only
primary::APC+BRAF+FBXW7+RNF43+TGFBR2	1	7.878358150161507e-05		0.10000000000000643	False	occupancy_only
primary::APC+BRAF+FBXW7+SMAD4	1	7.878358150161507e-05		0.10000000000000643	False	occupancy_only
primary::APC+BRAF+FBXW7+SMAD4+TGFBR2+TP53	1	7.878358150161507e-05		0.10000000000000643	False	occupancy_only
primary::APC+BRAF+FBXW7+TGFBR2	1	7.878358150161507e-05		0.10000000000000643	False	occupancy_only
primary::APC+BRAF+KRAS+NRAS+PTEN+SMAD4+SOX9	1	7.878358150161507e-05		0.10000000000000643	False	occupancy_only
primary::APC+BRAF+KRAS+NRAS+PTEN+TGFBR2	1	7.878358150161507e-05		0.10000000000000643	False	occupancy_only
primary::APC+BRAF+KRAS+NRAS+SMAD4+TP53	1	7.878358150161507e-05		0.10000000000000643	False	occupancy_only
primary::APC+BRAF+KRAS+PIK3CA	1	7.878358150161507e-05		0.10000000000000643	False	occupancy_only
primary::APC+BRAF+KRAS+PIK3CA+SMAD4+TP53	1	7.878358150161507e-05		0.10000000000000643	False	occupancy_only
primary::APC+BRAF+KRAS+PIK3CA+SOX9+TP53	1	7.878358150161507e-05		0.10000000000000643	False	occupancy_only
primary::APC+BRAF+KRAS+PIK3CA+TCF7L2+TP53	1	7.878358150161507e-05		0.10000000000000643	False	occupancy_only
primary::APC+BRAF+KRAS+SMAD4+TCF7L2+TP53	1	7.878358150161507e-05		0.10000000000000643	False	occupancy_only
primary::APC+BRAF+KRAS+SOX9	1	7.878358150161507e-05		0.10000000000000643	False	occupancy_only
primary::APC+BRAF+KRAS+TCF7L2+TP53	1	7.878358150161507e-05		0.10000000000000643	False	occupancy_only
primary::APC+BRAF+KRAS+TGFBR2	1	7.878358150161507e-05		0.10000000000000643	False	occupancy_only
primary::APC+BRAF+KRAS+TGFBR2+TP53	1	7.878358150161507e-05		0.10000000000000643	False	occupancy_only
primary::APC+BRAF+NRAS+PIK3CA+SMAD4+SOX9	1	7.878358150161507e-05		0.10000000000000643	False	occupancy_only
primary::APC+BRAF+NRAS+PTEN+TP53	1	7.878358150161507e-05		0.10000000000000643	False	occupancy_only
primary::APC+BRAF+NRAS+SMAD4+TP53	1	7.878358150161507e-05		0.10000000000000643	False	occupancy_only
primary::APC+BRAF+PIK3CA+PTEN+RNF43+SOX9	1	7.878358150161507e-05		0.10000000000000643	False	occupancy_only
primary::APC+BRAF+PIK3CA+PTEN+RNF43+TCF7L2+TGFBR2	1	7.878358150161507e-05		0.10000000000000643	False	occupancy_only
primary::APC+BRAF+PIK3CA+PTEN+SMAD4	1	7.878358150161507e-05		0.10000000000000643	False	occupancy_only
primary::APC+BRAF+PIK3CA+PTEN+TCF7L2	1	7.878358150161507e-05		0.10000000000000643	False	occupancy_only
primary::APC+BRAF+PIK3CA+PTEN+TP53	1	7.878358150161507e-05		0.10000000000000643	False	occupancy_only
primary::APC+BRAF+PIK3CA+RNF43	1	7.878358150161507e-05		0.10000000000000643	False	occupancy_only
primary::APC+BRAF+PIK3CA+RNF43+TCF7L2	1	7.878358150161507e-05		0.10000000000000643	False	occupancy_only
primary::APC+BRAF+PIK3CA+RNF43+TCF7L2+TGFBR2	1	7.878358150161507e-05		0.10000000000000643	False	occupancy_only
primary::APC+BRAF+PIK3CA+RNF43+TP53	1	7.878358150161507e-05		0.10000000000000643	False	occupancy_only
primary::APC+BRAF+PIK3CA+SMAD4+SOX9+TP53	1	7.878358150161507e-05		0.10000000000000643	False	occupancy_only
primary::APC+BRAF+PIK3CA+SMAD4+TP53	1	7.878358150161507e-05		0.10000000000000643	False	occupancy_only
primary::APC+BRAF+PIK3CA+TGFBR2+TP53	1	7.878358150161507e-05		0.10000000000000643	False	occupancy_only
primary::APC+BRAF+PTEN+RNF43+SMAD4+TCF7L2+TGFBR2	1	7.878358150161507e-05		0.10000000000000643	False	occupancy_only
primary::APC+BRAF+PTEN+RNF43+TGFBR2+TP53	1	7.878358150161507e-05		0.10000000000000643	False	occupancy_only
primary::APC+BRAF+PTEN+RNF43+TP53	1	7.878358150161507e-05		0.10000000000000643	False	occupancy_only
primary::APC+BRAF+PTEN+SMAD4	1	7.878358150161507e-05		0.10000000000000643	False	occupancy_only
primary::APC+BRAF+PTEN+SMAD4+SOX9+TP53	1	7.878358150161507e-05		0.10000000000000643	False	occupancy_only
primary::APC+BRAF+PTEN+SMAD4+TP53	1	7.878358150161507e-05		0.10000000000000643	False	occupancy_only
primary::APC+BRAF+PTEN+SOX9+TGFBR2	1	7.878358150161507e-05		0.10000000000000643	False	occupancy_only
primary::APC+BRAF+PTEN+TCF7L2+TP53	1	7.878358150161507e-05		0.10000000000000643	False	occupancy_only
primary::APC+BRAF+RNF43	1	7.878358150161507e-05		0.10000000000000643	False	occupancy_only
primary::APC+BRAF+RNF43+SOX9	1	7.878358150161507e-05		0.10000000000000643	False	occupancy_only
primary::APC+BRAF+RNF43+SOX9+TCF7L2+TGFBR2	1	7.878358150161507e-05		0.10000000000000643	False	occupancy_only
primary::APC+BRAF+SMAD4+SOX9	1	7.878358150161507e-05		0.10000000000000643	False	occupancy_only
primary::APC+BRAF+SMAD4+SOX9+TP53	1	7.878358150161507e-05		0.10000000000000643	False	occupancy_only
primary::APC+BRAF+SOX9	1	7.878358150161507e-05		0.10000000000000643	False	occupancy_only
primary::APC+BRAF+SOX9+TCF7L2+TGFBR2+TP53	1	7.878358150161507e-05		0.10000000000000643	False	occupancy_only
primary::APC+BRAF+SOX9+TCF7L2+TP53	1	7.878358150161507e-05		0.10000000000000643	False	occupancy_only
primary::APC+BRAF+SOX9+TGFBR2+TP53	1	7.878358150161507e-05		0.10000000000000643	False	occupancy_only
primary::APC+BRAF+TGFBR2+TP53	1	7.878358150161507e-05		0.10000000000000643	False	occupancy_only
primary::APC+CTNNB1+FBXW7	1	7.878358150161507e-05		0.10000000000000643	False	occupancy_only
primary::APC+CTNNB1+FBXW7+KRAS	1	7.878358150161507e-05		0.10000000000000643	False	occupancy_only
primary::APC+CTNNB1+FBXW7+KRAS+NRAS+PIK3CA+PTEN+RNF43+SOX9+TCF7L2+TGFBR2	1	7.878358150161507e-05		0.10000000000000643	False	occupancy_only
primary::APC+CTNNB1+FBXW7+KRAS+PIK3CA	1	7.878358150161507e-05		0.10000000000000643	False	occupancy_only
primary::APC+CTNNB1+FBXW7+KRAS+PIK3CA+PTEN	1	7.878358150161507e-05		0.10000000000000643	False	occupancy_only
primary::APC+CTNNB1+FBXW7+KRAS+PIK3CA+PTEN+RNF43+SMAD4+TP53	1	7.878358150161507e-05		0.10000000000000643	False	occupancy_only
primary::APC+CTNNB1+FBXW7+KRAS+PIK3CA+PTEN+RNF43+SOX9+TCF7L2	1	7.878358150161507e-05		0.10000000000000643	False	occupancy_only
primary::APC+CTNNB1+FBXW7+KRAS+PIK3CA+PTEN+SMAD4	1	7.878358150161507e-05		0.10000000000000643	False	occupancy_only
primary::APC+CTNNB1+FBXW7+KRAS+PIK3CA+PTEN+SMAD4+TCF7L2+TGFBR2+TP53	1	7.878358150161507e-05		0.10000000000000643	False	occupancy_only
primary::APC+CTNNB1+FBXW7+KRAS+PIK3CA+PTEN+SMAD4+TP53	1	7.878358150161507e-05		0.10000000000000643	False	occupancy_only
primary::APC+CTNNB1+FBXW7+KRAS+PIK3CA+RNF43	1	7.878358150161507e-05		0.10000000000000643	False	occupancy_only
primary::APC+CTNNB1+FBXW7+KRAS+PIK3CA+RNF43+TCF7L2	1	7.878358150161507e-05		0.10000000000000643	False	occupancy_only
primary::APC+CTNNB1+FBXW7+KRAS+PIK3CA+SMAD4+TCF7L2+TP53	1	7.878358150161507e-05		0.10000000000000643	False	occupancy_only
primary::APC+CTNNB1+FBXW7+KRAS+PIK3CA+SOX9	1	7.878358150161507e-05		0.10000000000000643	False	occupancy_only
primary::APC+CTNNB1+FBXW7+KRAS+PIK3CA+TGFBR2	1	7.878358150161507e-05		0.10000000000000643	False	occupancy_only
primary::APC+CTNNB1+FBXW7+KRAS+PTEN+SMAD4+TP53	1	7.878358150161507e-05		0.10000000000000643	False	occupancy_only
primary::APC+CTNNB1+FBXW7+KRAS+PTEN+TCF7L2	1	7.878358150161507e-05		0.10000000000000643	False	occupancy_only
primary::APC+CTNNB1+FBXW7+KRAS+SMAD4+TP53	1	7.878358150161507e-05		0.10000000000000643	False	occupancy_only
primary::APC+CTNNB1+FBXW7+KRAS+TCF7L2	1	7.878358150161507e-05		0.10000000000000643	False	occupancy_only
primary::APC+CTNNB1+FBXW7+KRAS+TP53	1	7.878358150161507e-05		0.10000000000000643	False	occupancy_only
primary::APC+CTNNB1+FBXW7+PIK3CA+PTEN+SOX9+TGFBR2	1	7.878358150161507e-05		0.10000000000000643	False	occupancy_only
primary::APC+CTNNB1+FBXW7+PIK3CA+SMAD4+TP53	1	7.878358150161507e-05		0.10000000000000643	False	occupancy_only
primary::APC+CTNNB1+FBXW7+PIK3CA+TCF7L2	1	7.878358150161507e-05		0.10000000000000643	False	occupancy_only
primary::APC+CTNNB1+FBXW7+PIK3CA+TCF7L2+TGFBR2+TP53	1	7.878358150161507e-05		0.10000000000000643	False	occupancy_only
primary::APC+CTNNB1+FBXW7+RNF43+TP53	1	7.878358150161507e-05		0.10000000000000643	False	occupancy_only
primary::APC+CTNNB1+FBXW7+SOX9+TP53	1	7.878358150161507e-05		0.10000000000000643	False	occupancy_only
primary::APC+CTNNB1+KRAS+NRAS+PIK3CA+PTEN+SMAD4+TCF7L2+TGFBR2+TP53	1	7.878358150161507e-05		0.10000000000000643	False	occupancy_only
primary::APC+CTNNB1+KRAS+NRAS+PIK3CA+SOX9+TP53	1	7.878358150161507e-05		0.10000000000000643	False	occupancy_only
primary::APC+CTNNB1+KRAS+PIK3CA+PTEN+RNF43+TCF7L2	1	7.878358150161507e-05		0.10000000000000643	False	occupancy_only
primary::APC+CTNNB1+KRAS+PIK3CA+PTEN+RNF43+TGFBR2	1	7.878358150161507e-05		0.10000000000000643	False	occupancy_only
primary::APC+CTNNB1+KRAS+PIK3CA+PTEN+SMAD4	1	7.878358150161507e-05		0.10000000000000643	False	occupancy_only
primary::APC+CTNNB1+KRAS+PIK3CA+RNF43	1	7.878358150161507e-05		0.10000000000000643	False	occupancy_only
primary::APC+CTNNB1+KRAS+PIK3CA+SMAD4+SOX9	1	7.878358150161507e-05		0.10000000000000643	False	occupancy_only
primary::APC+CTNNB1+KRAS+PIK3CA+SOX9+TCF7L2	1	7.878358150161507e-05		0.10000000000000643	False	occupancy_only
primary::APC+CTNNB1+KRAS+PIK3CA+SOX9+TCF7L2+TP53	1	7.878358150161507e-05		0.10000000000000643	False	occupancy_only
primary::APC+CTNNB1+KRAS+PIK3CA+TCF7L2+TP53	1	7.878358150161507e-05		0.10000000000000643	False	occupancy_only
primary::APC+CTNNB1+KRAS+PTEN+SMAD4	1	7.878358150161507e-05		0.10000000000000643	False	occupancy_only
primary::APC+CTNNB1+KRAS+PTEN+TGFBR2	1	7.878358150161507e-05		0.10000000000000643	False	occupancy_only
primary::APC+CTNNB1+KRAS+RNF43+SOX9	1	7.878358150161507e-05		0.10000000000000643	False	occupancy_only
primary::APC+CTNNB1+KRAS+RNF43+TCF7L2+TGFBR2	1	7.878358150161507e-05		0.10000000000000643	False	occupancy_only
primary::APC+CTNNB1+KRAS+SMAD4	1	7.878358150161507e-05		0.10000000000000643	False	occupancy_only
primary::APC+CTNNB1+KRAS+SMAD4+SOX9	1	7.878358150161507e-05		0.10000000000000643	False	occupancy_only
primary::APC+CTNNB1+KRAS+SOX9+TP53	1	7.878358150161507e-05		0.10000000000000643	False	occupancy_only
primary::APC+CTNNB1+KRAS+TCF7L2+TP53	1	7.878358150161507e-05		0.10000000000000643	False	occupancy_only
primary::APC+CTNNB1+NRAS+PTEN+SMAD4+TP53	1	7.878358150161507e-05		0.10000000000000643	False	occupancy_only
primary::APC+CTNNB1+PIK3CA+PTEN	1	7.878358150161507e-05		0.10000000000000643	False	occupancy_only
primary::APC+CTNNB1+PIK3CA+RNF43+TCF7L2	1	7.878358150161507e-05		0.10000000000000643	False	occupancy_only
primary::APC+CTNNB1+PIK3CA+RNF43+TCF7L2+TP53	1	7.878358150161507e-05		0.10000000000000643	False	occupancy_only
primary::APC+CTNNB1+PTEN+TP53	1	7.878358150161507e-05		0.10000000000000643	False	occupancy_only
primary::APC+CTNNB1+SMAD4+SOX9	1	7.878358150161507e-05		0.10000000000000643	False	occupancy_only
primary::APC+CTNNB1+SMAD4+SOX9+TP53	1	7.878358150161507e-05		0.10000000000000643	False	occupancy_only
primary::APC+CTNNB1+TCF7L2+TP53	1	7.878358150161507e-05		0.10000000000000643	False	occupancy_only
primary::APC+FBXW7+KRAS+NRAS+PIK3CA+PTEN	1	7.878358150161507e-05		0.10000000000000643	False	occupancy_only
primary::APC+FBXW7+KRAS+NRAS+PIK3CA+PTEN+SMAD4+TP53	1	7.878358150161507e-05		0.10000000000000643	False	occupancy_only
primary::APC+FBXW7+KRAS+NRAS+PTEN+SMAD4+TP53	1	7.878358150161507e-05		0.10000000000000643	False	occupancy_only
primary::APC+FBXW7+KRAS+NRAS+SMAD4+TCF7L2	1	7.878358150161507e-05		0.10000000000000643	False	occupancy_only
primary::APC+FBXW7+KRAS+PIK3CA+PTEN+RNF43+TCF7L2	1	7.878358150161507e-05		0.10000000000000643	False	occupancy_only
primary::APC+FBXW7+KRAS+PIK3CA+PTEN+SMAD4	1	7.878358150161507e-05		0.10000000000000643	False	occupancy_only
primary::APC+FBXW7+KRAS+PIK3CA+PTEN+TCF7L2	1	7.878358150161507e-05		0.10000000000000643	False	occupancy_only
primary::APC+FBXW7+KRAS+PIK3CA+PTEN+TGFBR2+TP53	1	7.878358150161507e-05		0.10000000000000643	False	occupancy_only
primary::APC+FBXW7+KRAS+PIK3CA+PTEN+TP53	1	7.878358150161507e-05		0.10000000000000643	False	occupancy_only
primary::APC+FBXW7+KRAS+PIK3CA+RNF43+SOX9	1	7.878358150161507e-05		0.10000000000000643	False	occupancy_only
primary::APC+FBXW7+KRAS+PIK3CA+RNF43+TCF7L2	1	7.878358150161507e-05		0.10000000000000643	False	occupancy_only
primary::APC+FBXW7+KRAS+PIK3CA+SMAD4+SOX9+TCF7L2	1	7.878358150161507e-05		0.10000000000000643	False	occupancy_only
primary::APC+FBXW7+KRAS+PIK3CA+SMAD4+TCF7L2	1	7.878358150161507e-05		0.10000000000000643	False	occupancy_only
primary::APC+FBXW7+KRAS+PIK3CA+SMAD4+TCF7L2+TP53	1	7.878358150161507e-05		0.10000000000000643	False	occupancy_only
primary::APC+FBXW7+KRAS+PIK3CA+SOX9+TCF7L2+TP53	1	7.878358150161507e-05		0.10000000000000643	False	occupancy_only
primary::APC+FBXW7+KRAS+PIK3CA+SOX9+TGFBR2+TP53	1	7.878358150161507e-05		0.10000000000000643	False	occupancy_only
primary::APC+FBXW7+KRAS+PIK3CA+TCF7L2+TP53	1	7.878358150161507e-05		0.10000000000000643	False	occupancy_only
primary::APC+FBXW7+KRAS+PIK3CA+TGFBR2+TP53	1	7.878358150161507e-05		0.10000000000000643	False	occupancy_only
primary::APC+FBXW7+KRAS+PTEN+RNF43+SMAD4	1	7.878358150161507e-05		0.10000000000000643	False	occupancy_only
primary::APC+FBXW7+KRAS+PTEN+TCF7L2+TGFBR2	1	7.878358150161507e-05		0.10000000000000643	False	occupancy_only
primary::APC+FBXW7+KRAS+RNF43	1	7.878358150161507e-05		0.10000000000000643	False	occupancy_only
primary::APC+FBXW7+KRAS+RNF43+TP53	1	7.878358150161507e-05		0.10000000000000643	False	occupancy_only
primary::APC+FBXW7+KRAS+SMAD4+TCF7L2+TP53	1	7.878358150161507e-05		0.10000000000000643	False	occupancy_only
primary::APC+FBXW7+KRAS+SOX9+TGFBR2+TP53	1	7.878358150161507e-05		0.10000000000000643	False	occupancy_only
primary::APC+FBXW7+NRAS+PIK3CA+PTEN+TCF7L2	1	7.878358150161507e-05		0.10000000000000643	False	occupancy_only
primary::APC+FBXW7+NRAS+PIK3CA+SOX9+TP53	1	7.878358150161507e-05		0.10000000000000643	False	occupancy_only
primary::APC+FBXW7+NRAS+PTEN	1	7.878358150161507e-05		0.10000000000000643	False	occupancy_only
primary::APC+FBXW7+NRAS+SMAD4+SOX9+TGFBR2	1	7.878358150161507e-05		0.10000000000000643	False	occupancy_only
primary::APC+FBXW7+NRAS+SMAD4+SOX9+TP53	1	7.878358150161507e-05		0.10000000000000643	False	occupancy_only
primary::APC+FBXW7+NRAS+SMAD4+TP53	1	7.878358150161507e-05		0.10000000000000643	False	occupancy_only
primary::APC+FBXW7+NRAS+TCF7L2+TP53	1	7.878358150161507e-05		0.10000000000000643	False	occupancy_only
primary::APC+FBXW7+PIK3CA+PTEN	1	7.878358150161507e-05		0.10000000000000643	False	occupancy_only
primary::APC+FBXW7+PIK3CA+PTEN+SOX9	1	7.878358150161507e-05		0.10000000000000643	False	occupancy_only
primary::APC+FBXW7+PIK3CA+PTEN+TGFBR2	1	7.878358150161507e-05		0.10000000000000643	False	occupancy_only
primary::APC+FBXW7+PIK3CA+RNF43+SOX9+TCF7L2	1	7.878358150161507e-05		0.10000000000000643	False	occupancy_only
primary::APC+FBXW7+PIK3CA+RNF43+TCF7L2+TGFBR2	1	7.878358150161507e-05		0.10000000000000643	False	occupancy_only
primary::APC+FBXW7+PIK3CA+RNF43+TGFBR2	1	7.878358150161507e-05		0.10000000000000643	False	occupancy_only
primary::APC+FBXW7+PIK3CA+SMAD4	1	7.878358150161507e-05		0.10000000000000643	False	occupancy_only
primary::APC+FBXW7+PIK3CA+SOX9	1	7.878358150161507e-05		0.10000000000000643	False	occupancy_only
primary::APC+FBXW7+PIK3CA+SOX9+TCF7L2	1	7.878358150161507e-05		0.10000000000000643	False	occupancy_only
primary::APC+FBXW7+PIK3CA+SOX9+TCF7L2+TP53	1	7.878358150161507e-05		0.10000000000000643	False	occupancy_only
primary::APC+FBXW7+PIK3CA+TCF7L2	1	7.878358150161507e-05		0.10000000000000643	False	occupancy_only
primary::APC+FBXW7+PIK3CA+TGFBR2+TP53	1	7.878358150161507e-05		0.10000000000000643	False	occupancy_only
primary::APC+FBXW7+PTEN+RNF43+SOX9+TGFBR2	1	7.878358150161507e-05		0.10000000000000643	False	occupancy_only
primary::APC+FBXW7+PTEN+RNF43+TCF7L2	1	7.878358150161507e-05		0.10000000000000643	False	occupancy_only
primary::APC+FBXW7+PTEN+TCF7L2+TP53	1	7.878358150161507e-05		0.10000000000000643	False	occupancy_only
primary::APC+FBXW7+PTEN+TP53	1	7.878358150161507e-05		0.10000000000000643	False	occupancy_only
primary::APC+FBXW7+RNF43	1	7.878358150161507e-05		0.10000000000000643	False	occupancy_only
primary::APC+FBXW7+RNF43+TCF7L2	1	7.878358150161507e-05		0.10000000000000643	False	occupancy_only
primary::APC+FBXW7+RNF43+TCF7L2+TP53	1	7.878358150161507e-05		0.10000000000000643	False	occupancy_only
primary::APC+FBXW7+SMAD4	1	7.878358150161507e-05		0.10000000000000643	False	occupancy_only
primary::APC+FBXW7+SMAD4+SOX9+TGFBR2+TP53	1	7.878358150161507e-05		0.10000000000000643	False	occupancy_only
primary::APC+FBXW7+SOX9	1	7.878358150161507e-05		0.10000000000000643	False	occupancy_only
primary::APC+FBXW7+TCF7L2	1	7.878358150161507e-05		0.10000000000000643	False	occupancy_only
primary::APC+KRAS+NRAS+PIK3CA	1	7.878358150161507e-05		0.10000000000000643	False	occupancy_only
primary::APC+KRAS+NRAS+PIK3CA+TP53	1	7.878358150161507e-05		0.10000000000000643	False	occupancy_only
primary::APC+KRAS+NRAS+PTEN+RNF43+SMAD4+TCF7L2+TP53	1	7.878358150161507e-05		0.10000000000000643	False	occupancy_only
primary::APC+KRAS+NRAS+PTEN+SMAD4+TCF7L2	1	7.878358150161507e-05		0.10000000000000643	False	occupancy_only
primary::APC+KRAS+NRAS+SOX9+TP53	1	7.878358150161507e-05		0.10000000000000643	False	occupancy_only
primary::APC+KRAS+PIK3CA+PTEN+RNF43+SMAD4+TCF7L2	1	7.878358150161507e-05		0.10000000000000643	False	occupancy_only
primary::APC+KRAS+PIK3CA+PTEN+RNF43+TCF7L2	1	7.878358150161507e-05		0.10000000000000643	False	occupancy_only
primary::APC+KRAS+PIK3CA+PTEN+RNF43+TP53	1	7.878358150161507e-05		0.10000000000000643	False	occupancy_only
primary::APC+KRAS+PIK3CA+PTEN+SMAD4+SOX9	1	7.878358150161507e-05		0.10000000000000643	False	occupancy_only
primary::APC+KRAS+PIK3CA+PTEN+SOX9+TCF7L2+TP53	1	7.878358150161507e-05		0.10000000000000643	False	occupancy_only
primary::APC+KRAS+PIK3CA+PTEN+SOX9+TGFBR2+TP53	1	7.878358150161507e-05		0.10000000000000643	False	occupancy_only
primary::APC+KRAS+PIK3CA+PTEN+TGFBR2	1	7.878358150161507e-05		0.10000000000000643	False	occupancy_only
primary::APC+KRAS+PIK3CA+RNF43+SMAD4+TP53	1	7.878358150161507e-05		0.10000000000000643	False	occupancy_only
primary::APC+KRAS+PIK3CA+RNF43+SOX9	1	7.878358150161507e-05		0.10000000000000643	False	occupancy_only
primary::APC+KRAS+PIK3CA+RNF43+SOX9+TCF7L2	1	7.878358150161507e-05		0.10000000000000643	False	occupancy_only
primary::APC+KRAS+PIK3CA+RNF43+SOX9+TP53	1	7.878358150161507e-05		0.10000000000000643	False	occupancy_only
primary::APC+KRAS+PIK3CA+SMAD4+TCF7L2+TGFBR2	1	7.878358150161507e-05		0.10000000000000643	False	occupancy_only
primary::APC+KRAS+PIK3CA+SOX9+TCF7L2+TGFBR2	1	7.878358150161507e-05		0.10000000000000643	False	occupancy_only
primary::APC+KRAS+PIK3CA+SOX9+TCF7L2+TP53	1	7.878358150161507e-05		0.10000000000000643	False	occupancy_only
primary::APC+KRAS+PIK3CA+SOX9+TGFBR2	1	7.878358150161507e-05		0.10000000000000643	False	occupancy_only
primary::APC+KRAS+PIK3CA+TCF7L2+TGFBR2	1	7.878358150161507e-05		0.10000000000000643	False	occupancy_only
primary::APC+KRAS+PTEN+SMAD4+SOX9+TCF7L2	1	7.878358150161507e-05		0.10000000000000643	False	occupancy_only
primary::APC+KRAS+PTEN+SMAD4+SOX9+TP53	1	7.878358150161507e-05		0.10000000000000643	False	occupancy_only
primary::APC+KRAS+RNF43+SMAD4+TP53	1	7.878358150161507e-05		0.10000000000000643	False	occupancy_only
primary::APC+KRAS+RNF43+SOX9	1	7.878358150161507e-05		0.10000000000000643	False	occupancy_only
primary::APC+KRAS+RNF43+TCF7L2+TGFBR2+TP53	1	7.878358150161507e-05		0.10000000000000643	False	occupancy_only
primary::APC+KRAS+SMAD4+SOX9+TCF7L2	1	7.878358150161507e-05		0.10000000000000643	False	occupancy_only
primary::APC+KRAS+SMAD4+SOX9+TCF7L2+TP53	1	7.878358150161507e-05		0.10000000000000643	False	occupancy_only
primary::APC+KRAS+TCF7L2+TGFBR2+TP53	1	7.878358150161507e-05		0.10000000000000643	False	occupancy_only
primary::APC+NRAS+PIK3CA+PTEN+TP53	1	7.878358150161507e-05		0.10000000000000643	False	occupancy_only
primary::APC+NRAS+PIK3CA+SOX9	1	7.878358150161507e-05		0.10000000000000643	False	occupancy_only
primary::APC+NRAS+PIK3CA+SOX9+TP53	1	7.878358150161507e-05		0.10000000000000643	False	occupancy_only
primary::APC+NRAS+PTEN	1	7.878358150161507e-05		0.10000000000000643	False	occupancy_only
primary::APC+NRAS+RNF43+TP53	1	7.878358150161507e-05		0.10000000000000643	False	occupancy_only
primary::APC+NRAS+SMAD4+TCF7L2+TP53	1	7.878358150161507e-05		0.10000000000000643	False	occupancy_only
primary::APC+NRAS+SOX9	1	7.878358150161507e-05		0.10000000000000643	False	occupancy_only
primary::APC+NRAS+SOX9+TCF7L2+TP53	1	7.878358150161507e-05		0.10000000000000643	False	occupancy_only
primary::APC+PIK3CA+PTEN+SMAD4	1	7.878358150161507e-05		0.10000000000000643	False	occupancy_only
primary::APC+PIK3CA+PTEN+SOX9	1	7.878358150161507e-05		0.10000000000000643	False	occupancy_only
primary::APC+PIK3CA+PTEN+SOX9+TCF7L2	1	7.878358150161507e-05		0.10000000000000643	False	occupancy_only
primary::APC+PIK3CA+PTEN+SOX9+TCF7L2+TP53	1	7.878358150161507e-05		0.10000000000000643	False	occupancy_only
primary::APC+PIK3CA+RNF43	1	7.878358150161507e-05		0.10000000000000643	False	occupancy_only
primary::APC+PIK3CA+RNF43+SMAD4+TCF7L2	1	7.878358150161507e-05		0.10000000000000643	False	occupancy_only
primary::APC+PIK3CA+SMAD4+SOX9+TP53	1	7.878358150161507e-05		0.10000000000000643	False	occupancy_only
primary::APC+PIK3CA+SMAD4+TCF7L2	1	7.878358150161507e-05		0.10000000000000643	False	occupancy_only
primary::APC+PIK3CA+SMAD4+TCF7L2+TP53	1	7.878358150161507e-05		0.10000000000000643	False	occupancy_only
primary::APC+PIK3CA+SOX9+TCF7L2	1	7.878358150161507e-05		0.10000000000000643	False	occupancy_only
primary::APC+PIK3CA+TCF7L2+TGFBR2	1	7.878358150161507e-05		0.10000000000000643	False	occupancy_only
primary::APC+PIK3CA+TGFBR2+TP53	1	7.878358150161507e-05		0.10000000000000643	False	occupancy_only
primary::APC+PTEN+RNF43	1	7.878358150161507e-05		0.10000000000000643	False	occupancy_only
primary::APC+SMAD4+SOX9+TCF7L2	1	7.878358150161507e-05		0.10000000000000643	False	occupancy_only
primary::APC+SMAD4+SOX9+TCF7L2+TP53	1	7.878358150161507e-05		0.10000000000000643	False	occupancy_only
primary::APC+SOX9+TCF7L2	1	7.878358150161507e-05		0.10000000000000643	False	occupancy_only
primary::APC+TCF7L2+TGFBR2+TP53	1	7.878358150161507e-05		0.10000000000000643	False	occupancy_only
primary::ARID1A+BRAF+CTNNB1+FBXW7+PIK3CA+RNF43+TP53	1	7.878358150161507e-05		0.10000000000000643	False	occupancy_only
primary::ARID1A+BRAF+CTNNB1+FBXW7+RNF43	1	7.878358150161507e-05		0.10000000000000643	False	occupancy_only
primary::ARID1A+BRAF+CTNNB1+FBXW7+RNF43+TGFBR2+TP53	1	7.878358150161507e-05		0.10000000000000643	False	occupancy_only
primary::ARID1A+BRAF+CTNNB1+KRAS	1	7.878358150161507e-05		0.10000000000000643	False	occupancy_only
primary::ARID1A+BRAF+CTNNB1+KRAS+NRAS+PIK3CA+SOX9+TP53	1	7.878358150161507e-05		0.10000000000000643	False	occupancy_only
primary::ARID1A+BRAF+CTNNB1+KRAS+TCF7L2+TGFBR2+TP53	1	7.878358150161507e-05		0.10000000000000643	False	occupancy_only
primary::ARID1A+BRAF+CTNNB1+PIK3CA+RNF43	1	7.878358150161507e-05		0.10000000000000643	False	occupancy_only
primary::ARID1A+BRAF+CTNNB1+PIK3CA+RNF43+SOX9	1	7.878358150161507e-05		0.10000000000000643	False	occupancy_only
primary::ARID1A+BRAF+CTNNB1+PIK3CA+RNF43+TP53	1	7.878358150161507e-05		0.10000000000000643	False	occupancy_only
primary::ARID1A+BRAF+CTNNB1+PIK3CA+SMAD4	1	7.878358150161507e-05		0.10000000000000643	False	occupancy_only
primary::ARID1A+BRAF+CTNNB1+PIK3CA+SMAD4+TGFBR2+TP53	1	7.878358150161507e-05		0.10000000000000643	False	occupancy_only
primary::ARID1A+BRAF+CTNNB1+PIK3CA+TCF7L2	1	7.878358150161507e-05		0.10000000000000643	False	occupancy_only
primary::ARID1A+BRAF+CTNNB1+PTEN+RNF43	1	7.878358150161507e-05		0.10000000000000643	False	occupancy_only
primary::ARID1A+BRAF+CTNNB1+PTEN+RNF43+TGFBR2	1	7.878358150161507e-05		0.10000000000000643	False	occupancy_only
primary::ARID1A+BRAF+CTNNB1+RNF43+SMAD4+TGFBR2	1	7.878358150161507e-05		0.10000000000000643	False	occupancy_only
primary::ARID1A+BRAF+CTNNB1+SMAD4	1	7.878358150161507e-05		0.10000000000000643	False	occupancy_only
primary::ARID1A+BRAF+CTNNB1+SMAD4+SOX9	1	7.878358150161507e-05		0.10000000000000643	False	occupancy_only
primary::ARID1A+BRAF+CTNNB1+SOX9	1	7.878358150161507e-05		0.10000000000000643	False	occupancy_only
primary::ARID1A+BRAF+CTNNB1+SOX9+TGFBR2	1	7.878358150161507e-05		0.10000000000000643	False	occupancy_only
primary::ARID1A+BRAF+FBXW7	1	7.878358150161507e-05		0.10000000000000643	False	occupancy_only
primary::ARID1A+BRAF+FBXW7+KRAS	1	7.878358150161507e-05		0.10000000000000643	False	occupancy_only
primary::ARID1A+BRAF+FBXW7+KRAS+PTEN+RNF43+TCF7L2	1	7.878358150161507e-05		0.10000000000000643	False	occupancy_only
primary::ARID1A+BRAF+FBXW7+KRAS+RNF43+SOX9	1	7.878358150161507e-05		0.10000000000000643	False	occupancy_only
primary::ARID1A+BRAF+FBXW7+PIK3CA+PTEN	1	7.878358150161507e-05		0.10000000000000643	False	occupancy_only
primary::ARID1A+BRAF+FBXW7+PIK3CA+PTEN+RNF43	1	7.878358150161507e-05		0.10000000000000643	False	occupancy_only
primary::ARID1A+BRAF+FBXW7+PIK3CA+PTEN+RNF43+TCF7L2+TGFBR2	1	7.878358150161507e-05		0.10000000000000643	False	occupancy_only
primary::ARID1A+BRAF+FBXW7+PIK3CA+PTEN+RNF43+TGFBR2	1	7.878358150161507e-05		0.10000000000000643	False	occupancy_only
primary::ARID1A+BRAF+FBXW7+PIK3CA+RNF43+TCF7L2	1	7.878358150161507e-05		0.10000000000000643	False	occupancy_only
primary::ARID1A+BRAF+FBXW7+PIK3CA+RNF43+TCF7L2+TGFBR2	1	7.878358150161507e-05		0.10000000000000643	False	occupancy_only
primary::ARID1A+BRAF+FBXW7+PIK3CA+RNF43+TP53	1	7.878358150161507e-05		0.10000000000000643	False	occupancy_only
primary::ARID1A+BRAF+FBXW7+PTEN	1	7.878358150161507e-05		0.10000000000000643	False	occupancy_only
primary::ARID1A+BRAF+FBXW7+PTEN+RNF43	1	7.878358150161507e-05		0.10000000000000643	False	occupancy_only
primary::ARID1A+BRAF+FBXW7+PTEN+RNF43+SMAD4+TCF7L2	1	7.878358150161507e-05		0.10000000000000643	False	occupancy_only
primary::ARID1A+BRAF+FBXW7+PTEN+RNF43+SOX9+TGFBR2+TP53	1	7.878358150161507e-05		0.10000000000000643	False	occupancy_only
primary::ARID1A+BRAF+FBXW7+RNF43+SMAD4	1	7.878358150161507e-05		0.10000000000000643	False	occupancy_only
primary::ARID1A+BRAF+FBXW7+RNF43+SMAD4+SOX9	1	7.878358150161507e-05		0.10000000000000643	False	occupancy_only
primary::ARID1A+BRAF+FBXW7+RNF43+SMAD4+SOX9+TCF7L2	1	7.878358150161507e-05		0.10000000000000643	False	occupancy_only
primary::ARID1A+BRAF+FBXW7+RNF43+SMAD4+TGFBR2	1	7.878358150161507e-05		0.10000000000000643	False	occupancy_only
primary::ARID1A+BRAF+FBXW7+RNF43+SMAD4+TGFBR2+TP53	1	7.878358150161507e-05		0.10000000000000643	False	occupancy_only
primary::ARID1A+BRAF+FBXW7+RNF43+SMAD4+TP53	1	7.878358150161507e-05		0.10000000000000643	False	occupancy_only
primary::ARID1A+BRAF+FBXW7+RNF43+SOX9+TCF7L2	1	7.878358150161507e-05		0.10000000000000643	False	occupancy_only
primary::ARID1A+BRAF+FBXW7+RNF43+SOX9+TGFBR2	1	7.878358150161507e-05		0.10000000000000643	False	occupancy_only
primary::ARID1A+BRAF+FBXW7+RNF43+SOX9+TP53	1	7.878358150161507e-05		0.10000000000000643	False	occupancy_only
primary::ARID1A+BRAF+FBXW7+RNF43+TGFBR2+TP53	1	7.878358150161507e-05		0.10000000000000643	False	occupancy_only
primary::ARID1A+BRAF+FBXW7+SMAD4+SOX9+TP53	1	7.878358150161507e-05		0.10000000000000643	False	occupancy_only
primary::ARID1A+BRAF+FBXW7+SOX9	1	7.878358150161507e-05		0.10000000000000643	False	occupancy_only
primary::ARID1A+BRAF+KRAS+PIK3CA+RNF43+SOX9+TCF7L2+TGFBR2	1	7.878358150161507e-05		0.10000000000000643	False	occupancy_only
primary::ARID1A+BRAF+KRAS+PTEN+RNF43+SMAD4+SOX9+TGFBR2	1	7.878358150161507e-05		0.10000000000000643	False	occupancy_only
primary::ARID1A+BRAF+KRAS+RNF43+TP53	1	7.878358150161507e-05		0.10000000000000643	False	occupancy_only
primary::ARID1A+BRAF+KRAS+SMAD4+SOX9+TCF7L2	1	7.878358150161507e-05		0.10000000000000643	False	occupancy_only
primary::ARID1A+BRAF+PIK3CA	1	7.878358150161507e-05		0.10000000000000643	False	occupancy_only
primary::ARID1A+BRAF+PIK3CA+PTEN	1	7.878358150161507e-05		0.10000000000000643	False	occupancy_only
primary::ARID1A+BRAF+PIK3CA+PTEN+RNF43+SMAD4+TGFBR2	1	7.878358150161507e-05		0.10000000000000643	False	occupancy_only
primary::ARID1A+BRAF+PIK3CA+PTEN+RNF43+TCF7L2+TGFBR2+TP53	1	7.878358150161507e-05		0.10000000000000643	False	occupancy_only
primary::ARID1A+BRAF+PIK3CA+PTEN+RNF43+TGFBR2	1	7.878358150161507e-05		0.10000000000000643	False	occupancy_only
primary::ARID1A+BRAF+PIK3CA+PTEN+RNF43+TGFBR2+TP53	1	7.878358150161507e-05		0.10000000000000643	False	occupancy_only
primary::ARID1A+BRAF+PIK3CA+PTEN+SOX9+TGFBR2+TP53	1	7.878358150161507e-05		0.10000000000000643	False	occupancy_only
primary::ARID1A+BRAF+PIK3CA+PTEN+SOX9+TP53	1	7.878358150161507e-05		0.10000000000000643	False	occupancy_only
primary::ARID1A+BRAF+PIK3CA+RNF43+SMAD4	1	7.878358150161507e-05		0.10000000000000643	False	occupancy_only
primary::ARID1A+BRAF+PIK3CA+RNF43+SMAD4+SOX9+TGFBR2	1	7.878358150161507e-05		0.10000000000000643	False	occupancy_only
primary::ARID1A+BRAF+PIK3CA+RNF43+SMAD4+TP53	1	7.878358150161507e-05		0.10000000000000643	False	occupancy_only
primary::ARID1A+BRAF+PIK3CA+RNF43+SOX9+TCF7L2+TGFBR2	1	7.878358150161507e-05		0.10000000000000643	False	occupancy_only
primary::ARID1A+BRAF+PIK3CA+RNF43+SOX9+TCF7L2+TP53	1	7.878358150161507e-05		0.10000000000000643	False	occupancy_only
primary::ARID1A+BRAF+PIK3CA+RNF43+TCF7L2+TP53	1	7.878358150161507e-05		0.10000000000000643	False	occupancy_only
primary::ARID1A+BRAF+PIK3CA+RNF43+TGFBR2+TP53	1	7.878358150161507e-05		0.10000000000000643	False	occupancy_only
primary::ARID1A+BRAF+PIK3CA+TGFBR2+TP53	1	7.878358150161507e-05		0.10000000000000643	False	occupancy_only
primary::ARID1A+BRAF+PTEN+RNF43+SOX9+TP53	1	7.878358150161507e-05		0.10000000000000643	False	occupancy_only
primary::ARID1A+BRAF+PTEN+RNF43+TP53	1	7.878358150161507e-05		0.10000000000000643	False	occupancy_only
primary::ARID1A+BRAF+PTEN+SOX9	1	7.878358150161507e-05		0.10000000000000643	False	occupancy_only
primary::ARID1A+BRAF+RNF43+SMAD4+SOX9+TGFBR2+TP53	1	7.878358150161507e-05		0.10000000000000643	False	occupancy_only
primary::ARID1A+BRAF+RNF43+SOX9+TCF7L2	1	7.878358150161507e-05		0.10000000000000643	False	occupancy_only
primary::ARID1A+BRAF+RNF43+SOX9+TCF7L2+TGFBR2	1	7.878358150161507e-05		0.10000000000000643	False	occupancy_only
primary::ARID1A+BRAF+RNF43+SOX9+TCF7L2+TGFBR2+TP53	1	7.878358150161507e-05		0.10000000000000643	False	occupancy_only
primary::ARID1A+BRAF+RNF43+SOX9+TGFBR2	1	7.878358150161507e-05		0.10000000000000643	False	occupancy_only
primary::ARID1A+BRAF+RNF43+SOX9+TP53	1	7.878358150161507e-05		0.10000000000000643	False	occupancy_only
primary::ARID1A+BRAF+SOX9	1	7.878358150161507e-05		0.10000000000000643	False	occupancy_only
primary::ARID1A+CTNNB1+FBXW7+KRAS+NRAS+PTEN+SOX9+TGFBR2+TP53	1	7.878358150161507e-05		0.10000000000000643	False	occupancy_only
primary::ARID1A+CTNNB1+FBXW7+KRAS+PIK3CA	1	7.878358150161507e-05		0.10000000000000643	False	occupancy_only
primary::ARID1A+CTNNB1+FBXW7+KRAS+PIK3CA+SOX9+TCF7L2+TGFBR2+TP53	1	7.878358150161507e-05		0.10000000000000643	False	occupancy_only
primary::ARID1A+CTNNB1+FBXW7+KRAS+PIK3CA+TCF7L2	1	7.878358150161507e-05		0.10000000000000643	False	occupancy_only
primary::ARID1A+CTNNB1+FBXW7+KRAS+RNF43+SOX9+TCF7L2+TGFBR2+TP53	1	7.878358150161507e-05		0.10000000000000643	False	occupancy_only
primary::ARID1A+CTNNB1+FBXW7+KRAS+SOX9+TCF7L2	1	7.878358150161507e-05		0.10000000000000643	False	occupancy_only
primary::ARID1A+CTNNB1+FBXW7+PIK3CA+PTEN+RNF43+SOX9+TP53	1	7.878358150161507e-05		0.10000000000000643	False	occupancy_only
primary::ARID1A+CTNNB1+FBXW7+PIK3CA+PTEN+RNF43+TCF7L2	1	7.878358150161507e-05		0.10000000000000643	False	occupancy_only
primary::ARID1A+CTNNB1+FBXW7+PIK3CA+SOX9+TCF7L2	1	7.878358150161507e-05		0.10000000000000643	False	occupancy_only
primary::ARID1A+CTNNB1+FBXW7+PIK3CA+TCF7L2	1	7.878358150161507e-05		0.10000000000000643	False	occupancy_only
primary::ARID1A+CTNNB1+FBXW7+TP53	1	7.878358150161507e-05		0.10000000000000643	False	occupancy_only
primary::ARID1A+CTNNB1+KRAS	1	7.878358150161507e-05		0.10000000000000643	False	occupancy_only
primary::ARID1A+CTNNB1+KRAS+NRAS+PIK3CA	1	7.878358150161507e-05		0.10000000000000643	False	occupancy_only
primary::ARID1A+CTNNB1+KRAS+PIK3CA	1	7.878358150161507e-05		0.10000000000000643	False	occupancy_only
primary::ARID1A+CTNNB1+KRAS+PIK3CA+PTEN+RNF43+TCF7L2	1	7.878358150161507e-05		0.10000000000000643	False	occupancy_only
primary::ARID1A+CTNNB1+KRAS+PIK3CA+RNF43+SMAD4+TCF7L2	1	7.878358150161507e-05		0.10000000000000643	False	occupancy_only
primary::ARID1A+CTNNB1+KRAS+PIK3CA+RNF43+SOX9+TCF7L2+TGFBR2	1	7.878358150161507e-05		0.10000000000000643	False	occupancy_only
primary::ARID1A+CTNNB1+KRAS+PIK3CA+RNF43+TP53	1	7.878358150161507e-05		0.10000000000000643	False	occupancy_only
primary::ARID1A+CTNNB1+KRAS+PTEN+TCF7L2+TP53	1	7.878358150161507e-05		0.10000000000000643	False	occupancy_only
primary::ARID1A+CTNNB1+KRAS+RNF43+SMAD4+SOX9	1	7.878358150161507e-05		0.10000000000000643	False	occupancy_only
primary::ARID1A+CTNNB1+KRAS+RNF43+SMAD4+TCF7L2+TGFBR2	1	7.878358150161507e-05		0.10000000000000643	False	occupancy_only
primary::ARID1A+CTNNB1+KRAS+RNF43+TCF7L2	1	7.878358150161507e-05		0.10000000000000643	False	occupancy_only
primary::ARID1A+CTNNB1+KRAS+SMAD4	1	7.878358150161507e-05		0.10000000000000643	False	occupancy_only
primary::ARID1A+CTNNB1+KRAS+TCF7L2+TGFBR2	1	7.878358150161507e-05		0.10000000000000643	False	occupancy_only
primary::ARID1A+CTNNB1+KRAS+TP53	1	7.878358150161507e-05		0.10000000000000643	False	occupancy_only
primary::ARID1A+CTNNB1+NRAS+TP53	1	7.878358150161507e-05		0.10000000000000643	False	occupancy_only
primary::ARID1A+CTNNB1+PIK3CA+PTEN+RNF43	1	7.878358150161507e-05		0.10000000000000643	False	occupancy_only
primary::ARID1A+CTNNB1+PIK3CA+RNF43	1	7.878358150161507e-05		0.10000000000000643	False	occupancy_only
primary::ARID1A+CTNNB1+PIK3CA+RNF43+SMAD4+SOX9	1	7.878358150161507e-05		0.10000000000000643	False	occupancy_only
primary::ARID1A+CTNNB1+PIK3CA+SMAD4+TP53	1	7.878358150161507e-05		0.10000000000000643	False	occupancy_only
primary::ARID1A+CTNNB1+PTEN+RNF43+SOX9	1	7.878358150161507e-05		0.10000000000000643	False	occupancy_only
primary::ARID1A+CTNNB1+PTEN+SMAD4+TGFBR2	1	7.878358150161507e-05		0.10000000000000643	False	occupancy_only
primary::ARID1A+CTNNB1+PTEN+SOX9+TGFBR2	1	7.878358150161507e-05		0.10000000000000643	False	occupancy_only
primary::ARID1A+CTNNB1+PTEN+TCF7L2	1	7.878358150161507e-05		0.10000000000000643	False	occupancy_only
primary::ARID1A+CTNNB1+PTEN+TCF7L2+TGFBR2	1	7.878358150161507e-05		0.10000000000000643	False	occupancy_only
primary::ARID1A+CTNNB1+RNF43+SOX9+TCF7L2	1	7.878358150161507e-05		0.10000000000000643	False	occupancy_only
primary::ARID1A+CTNNB1+RNF43+TCF7L2	1	7.878358150161507e-05		0.10000000000000643	False	occupancy_only
primary::ARID1A+CTNNB1+RNF43+TP53	1	7.878358150161507e-05		0.10000000000000643	False	occupancy_only
primary::ARID1A+CTNNB1+SMAD4	1	7.878358150161507e-05		0.10000000000000643	False	occupancy_only
primary::ARID1A+CTNNB1+SOX9	1	7.878358150161507e-05		0.10000000000000643	False	occupancy_only
primary::ARID1A+CTNNB1+SOX9+TGFBR2	1	7.878358150161507e-05		0.10000000000000643	False	occupancy_only
primary::ARID1A+CTNNB1+TCF7L2	1	7.878358150161507e-05		0.10000000000000643	False	occupancy_only
primary::ARID1A+CTNNB1+TCF7L2+TGFBR2+TP53	1	7.878358150161507e-05		0.10000000000000643	False	occupancy_only
primary::ARID1A+CTNNB1+TGFBR2	1	7.878358150161507e-05		0.10000000000000643	False	occupancy_only
primary::ARID1A+CTNNB1+TP53	1	7.878358150161507e-05		0.10000000000000643	False	occupancy_only
primary::ARID1A+FBXW7	1	7.878358150161507e-05		0.10000000000000643	False	occupancy_only
primary::ARID1A+FBXW7+KRAS	1	7.878358150161507e-05		0.10000000000000643	False	occupancy_only
primary::ARID1A+FBXW7+KRAS+PIK3CA	1	7.878358150161507e-05		0.10000000000000643	False	occupancy_only
primary::ARID1A+FBXW7+KRAS+PIK3CA+RNF43+SMAD4	1	7.878358150161507e-05		0.10000000000000643	False	occupancy_only
primary::ARID1A+FBXW7+KRAS+RNF43	1	7.878358150161507e-05		0.10000000000000643	False	occupancy_only
primary::ARID1A+FBXW7+KRAS+RNF43+SMAD4+TGFBR2	1	7.878358150161507e-05		0.10000000000000643	False	occupancy_only
primary::ARID1A+FBXW7+KRAS+RNF43+SMAD4+TP53	1	7.878358150161507e-05		0.10000000000000643	False	occupancy_only
primary::ARID1A+FBXW7+KRAS+RNF43+SOX9	1	7.878358150161507e-05		0.10000000000000643	False	occupancy_only
primary::ARID1A+FBXW7+KRAS+RNF43+SOX9+TCF7L2+TGFBR2	1	7.878358150161507e-05		0.10000000000000643	False	occupancy_only
primary::ARID1A+FBXW7+KRAS+TP53	1	7.878358150161507e-05		0.10000000000000643	False	occupancy_only
primary::ARID1A+FBXW7+NRAS+PIK3CA	1	7.878358150161507e-05		0.10000000000000643	False	occupancy_only
primary::ARID1A+FBXW7+PIK3CA	1	7.878358150161507e-05		0.10000000000000643	False	occupancy_only
primary::ARID1A+FBXW7+PIK3CA+RNF43+SOX9+TCF7L2+TGFBR2	1	7.878358150161507e-05		0.10000000000000643	False	occupancy_only
primary::ARID1A+FBXW7+PIK3CA+RNF43+TCF7L2+TGFBR2+TP53	1	7.878358150161507e-05		0.10000000000000643	False	occupancy_only
primary::ARID1A+FBXW7+PIK3CA+RNF43+TCF7L2+TP53	1	7.878358150161507e-05		0.10000000000000643	False	occupancy_only
primary::ARID1A+FBXW7+PTEN+RNF43+SMAD4+TCF7L2+TGFBR2	1	7.878358150161507e-05		0.10000000000000643	False	occupancy_only
primary::ARID1A+FBXW7+PTEN+RNF43+TP53	1	7.878358150161507e-05		0.10000000000000643	False	occupancy_only
primary::ARID1A+FBXW7+RNF43+SMAD4	1	7.878358150161507e-05		0.10000000000000643	False	occupancy_only
primary::ARID1A+FBXW7+RNF43+SMAD4+TP53	1	7.878358150161507e-05		0.10000000000000643	False	occupancy_only
primary::ARID1A+FBXW7+RNF43+SOX9	1	7.878358150161507e-05		0.10000000000000643	False	occupancy_only
primary::ARID1A+FBXW7+RNF43+TGFBR2	1	7.878358150161507e-05		0.10000000000000643	False	occupancy_only
primary::ARID1A+FBXW7+SMAD4+TP53	1	7.878358150161507e-05		0.10000000000000643	False	occupancy_only
primary::ARID1A+FBXW7+SOX9+TGFBR2	1	7.878358150161507e-05		0.10000000000000643	False	occupancy_only
primary::ARID1A+FBXW7+TP53	1	7.878358150161507e-05		0.10000000000000643	False	occupancy_only
primary::ARID1A+KRAS+NRAS+PIK3CA+SMAD4+TP53	1	7.878358150161507e-05		0.10000000000000643	False	occupancy_only
primary::ARID1A+KRAS+PIK3CA+RNF43+SMAD4	1	7.878358150161507e-05		0.10000000000000643	False	occupancy_only
primary::ARID1A+KRAS+PIK3CA+RNF43+TCF7L2+TGFBR2	1	7.878358150161507e-05		0.10000000000000643	False	occupancy_only
primary::ARID1A+KRAS+PIK3CA+RNF43+TCF7L2+TGFBR2+TP53	1	7.878358150161507e-05		0.10000000000000643	False	occupancy_only
primary::ARID1A+KRAS+PIK3CA+RNF43+TCF7L2+TP53	1	7.878358150161507e-05		0.10000000000000643	False	occupancy_only
primary::ARID1A+KRAS+PIK3CA+SOX9	1	7.878358150161507e-05		0.10000000000000643	False	occupancy_only
primary::ARID1A+KRAS+PIK3CA+SOX9+TCF7L2+TGFBR2+TP53	1	7.878358150161507e-05		0.10000000000000643	False	occupancy_only
primary::ARID1A+KRAS+PIK3CA+TCF7L2	1	7.878358150161507e-05		0.10000000000000643	False	occupancy_only
primary::ARID1A+KRAS+RNF43	1	7.878358150161507e-05		0.10000000000000643	False	occupancy_only
primary::ARID1A+KRAS+RNF43+SOX9+TGFBR2	1	7.878358150161507e-05		0.10000000000000643	False	occupancy_only
primary::ARID1A+KRAS+RNF43+TCF7L2	1	7.878358150161507e-05		0.10000000000000643	False	occupancy_only
primary::ARID1A+KRAS+RNF43+TGFBR2	1	7.878358150161507e-05		0.10000000000000643	False	occupancy_only
primary::ARID1A+KRAS+SMAD4+TP53	1	7.878358150161507e-05		0.10000000000000643	False	occupancy_only
primary::ARID1A+KRAS+TCF7L2+TP53	1	7.878358150161507e-05		0.10000000000000643	False	occupancy_only
primary::ARID1A+KRAS+TGFBR2+TP53	1	7.878358150161507e-05		0.10000000000000643	False	occupancy_only
primary::ARID1A+NRAS+PTEN+RNF43+TCF7L2	1	7.878358150161507e-05		0.10000000000000643	False	occupancy_only
primary::ARID1A+NRAS+TCF7L2+TP53	1	7.878358150161507e-05		0.10000000000000643	False	occupancy_only
primary::ARID1A+NRAS+TP53	1	7.878358150161507e-05		0.10000000000000643	False	occupancy_only
primary::ARID1A+PIK3CA+PTEN+RNF43+SOX9	1	7.878358150161507e-05		0.10000000000000643	False	occupancy_only
primary::ARID1A+PIK3CA+PTEN+RNF43+SOX9+TCF7L2+TP53	1	7.878358150161507e-05		0.10000000000000643	False	occupancy_only
primary::ARID1A+PIK3CA+RNF43+SOX9+TGFBR2	1	7.878358150161507e-05		0.10000000000000643	False	occupancy_only
primary::ARID1A+PIK3CA+RNF43+TCF7L2+TGFBR2	1	7.878358150161507e-05		0.10000000000000643	False	occupancy_only
primary::ARID1A+PIK3CA+TP53	1	7.878358150161507e-05		0.10000000000000643	False	occupancy_only
primary::ARID1A+PTEN+RNF43+SOX9	1	7.878358150161507e-05		0.10000000000000643	False	occupancy_only
primary::ARID1A+PTEN+RNF43+TGFBR2+TP53	1	7.878358150161507e-05		0.10000000000000643	False	occupancy_only
primary::ARID1A+PTEN+SMAD4	1	7.878358150161507e-05		0.10000000000000643	False	occupancy_only
primary::ARID1A+RNF43+SMAD4+TP53	1	7.878358150161507e-05		0.10000000000000643	False	occupancy_only
primary::ARID1A+RNF43+SOX9+TP53	1	7.878358150161507e-05		0.10000000000000643	False	occupancy_only
primary::ARID1A+RNF43+TCF7L2+TGFBR2	1	7.878358150161507e-05		0.10000000000000643	False	occupancy_only
primary::ARID1A+RNF43+TGFBR2	1	7.878358150161507e-05		0.10000000000000643	False	occupancy_only
primary::ARID1A+SMAD4+SOX9+TP53	1	7.878358150161507e-05		0.10000000000000643	False	occupancy_only
primary::ARID1A+SMAD4+TP53	1	7.878358150161507e-05		0.10000000000000643	False	occupancy_only
primary::BRAF+CTNNB1+FBXW7+KRAS+PIK3CA+PTEN+SMAD4+TP53	1	7.878358150161507e-05		0.10000000000000643	False	occupancy_only
primary::BRAF+CTNNB1+FBXW7+NRAS+PIK3CA+PTEN+SMAD4+TP53	1	7.878358150161507e-05		0.10000000000000643	False	occupancy_only
primary::BRAF+CTNNB1+FBXW7+PIK3CA+PTEN+RNF43+SOX9	1	7.878358150161507e-05		0.10000000000000643	False	occupancy_only
primary::BRAF+CTNNB1+FBXW7+PIK3CA+RNF43	1	7.878358150161507e-05		0.10000000000000643	False	occupancy_only
primary::BRAF+CTNNB1+FBXW7+PIK3CA+RNF43+SMAD4+TCF7L2	1	7.878358150161507e-05		0.10000000000000643	False	occupancy_only
primary::BRAF+CTNNB1+FBXW7+RNF43+TGFBR2+TP53	1	7.878358150161507e-05		0.10000000000000643	False	occupancy_only
primary::BRAF+CTNNB1+FBXW7+RNF43+TP53	1	7.878358150161507e-05		0.10000000000000643	False	occupancy_only
primary::BRAF+CTNNB1+FBXW7+TCF7L2	1	7.878358150161507e-05		0.10000000000000643	False	occupancy_only
primary::BRAF+CTNNB1+FBXW7+TGFBR2	1	7.878358150161507e-05		0.10000000000000643	False	occupancy_only
primary::BRAF+CTNNB1+KRAS+PIK3CA	1	7.878358150161507e-05		0.10000000000000643	False	occupancy_only
primary::BRAF+CTNNB1+KRAS+PIK3CA+PTEN+SMAD4	1	7.878358150161507e-05		0.10000000000000643	False	occupancy_only
primary::BRAF+CTNNB1+KRAS+RNF43+TCF7L2	1	7.878358150161507e-05		0.10000000000000643	False	occupancy_only
primary::BRAF+CTNNB1+KRAS+TP53	1	7.878358150161507e-05		0.10000000000000643	False	occupancy_only
primary::BRAF+CTNNB1+PIK3CA	1	7.878358150161507e-05		0.10000000000000643	False	occupancy_only
primary::BRAF+CTNNB1+PIK3CA+RNF43	1	7.878358150161507e-05		0.10000000000000643	False	occupancy_only
primary::BRAF+CTNNB1+PIK3CA+RNF43+SMAD4	1	7.878358150161507e-05		0.10000000000000643	False	occupancy_only
primary::BRAF+CTNNB1+PIK3CA+TCF7L2	1	7.878358150161507e-05		0.10000000000000643	False	occupancy_only
primary::BRAF+CTNNB1+PTEN+SMAD4	1	7.878358150161507e-05		0.10000000000000643	False	occupancy_only
primary::BRAF+CTNNB1+PTEN+TP53	1	7.878358150161507e-05		0.10000000000000643	False	occupancy_only
primary::BRAF+CTNNB1+RNF43+SMAD4+TP53	1	7.878358150161507e-05		0.10000000000000643	False	occupancy_only
primary::BRAF+CTNNB1+SMAD4+SOX9+TP53	1	7.878358150161507e-05		0.10000000000000643	False	occupancy_only
primary::BRAF+FBXW7+KRAS+NRAS+PIK3CA+PTEN+TP53	1	7.878358150161507e-05		0.10000000000000643	False	occupancy_only
primary::BRAF+FBXW7+KRAS+PIK3CA+PTEN	1	7.878358150161507e-05		0.10000000000000643	False	occupancy_only
primary::BRAF+FBXW7+KRAS+PIK3CA+PTEN+SMAD4+TP53	1	7.878358150161507e-05		0.10000000000000643	False	occupancy_only
primary::BRAF+FBXW7+KRAS+PIK3CA+TP53	1	7.878358150161507e-05		0.10000000000000643	False	occupancy_only
primary::BRAF+FBXW7+KRAS+PTEN+SMAD4	1	7.878358150161507e-05		0.10000000000000643	False	occupancy_only
primary::BRAF+FBXW7+KRAS+PTEN+SMAD4+TP53	1	7.878358150161507e-05		0.10000000000000643	False	occupancy_only
primary::BRAF+FBXW7+KRAS+RNF43+SOX9	1	7.878358150161507e-05		0.10000000000000643	False	occupancy_only
primary::BRAF+FBXW7+KRAS+RNF43+TGFBR2+TP53	1	7.878358150161507e-05		0.10000000000000643	False	occupancy_only
primary::BRAF+FBXW7+KRAS+TP53	1	7.878358150161507e-05		0.10000000000000643	False	occupancy_only
primary::BRAF+FBXW7+NRAS+PIK3CA+PTEN+RNF43+TCF7L2	1	7.878358150161507e-05		0.10000000000000643	False	occupancy_only
primary::BRAF+FBXW7+NRAS+PIK3CA+RNF43+SOX9+TGFBR2	1	7.878358150161507e-05		0.10000000000000643	False	occupancy_only
primary::BRAF+FBXW7+NRAS+PIK3CA+TP53	1	7.878358150161507e-05		0.10000000000000643	False	occupancy_only
primary::BRAF+FBXW7+NRAS+TP53	1	7.878358150161507e-05		0.10000000000000643	False	occupancy_only
primary::BRAF+FBXW7+PIK3CA+PTEN+RNF43+SOX9	1	7.878358150161507e-05		0.10000000000000643	False	occupancy_only
primary::BRAF+FBXW7+PIK3CA+PTEN+TP53	1	7.878358150161507e-05		0.10000000000000643	False	occupancy_only
primary::BRAF+FBXW7+PIK3CA+RNF43+SMAD4+TP53	1	7.878358150161507e-05		0.10000000000000643	False	occupancy_only
primary::BRAF+FBXW7+PIK3CA+RNF43+SOX9+TCF7L2+TGFBR2	1	7.878358150161507e-05		0.10000000000000643	False	occupancy_only
primary::BRAF+FBXW7+PIK3CA+RNF43+SOX9+TGFBR2+TP53	1	7.878358150161507e-05		0.10000000000000643	False	occupancy_only
primary::BRAF+FBXW7+PIK3CA+RNF43+SOX9+TP53	1	7.878358150161507e-05		0.10000000000000643	False	occupancy_only
primary::BRAF+FBXW7+PIK3CA+SMAD4+SOX9	1	7.878358150161507e-05		0.10000000000000643	False	occupancy_only
primary::BRAF+FBXW7+PIK3CA+SMAD4+SOX9+TP53	1	7.878358150161507e-05		0.10000000000000643	False	occupancy_only
primary::BRAF+FBXW7+PIK3CA+SOX9+TGFBR2	1	7.878358150161507e-05		0.10000000000000643	False	occupancy_only
primary::BRAF+FBXW7+PIK3CA+SOX9+TGFBR2+TP53	1	7.878358150161507e-05		0.10000000000000643	False	occupancy_only
primary::BRAF+FBXW7+PTEN+RNF43+SOX9	1	7.878358150161507e-05		0.10000000000000643	False	occupancy_only
primary::BRAF+FBXW7+PTEN+RNF43+SOX9+TGFBR2+TP53	1	7.878358150161507e-05		0.10000000000000643	False	occupancy_only
primary::BRAF+FBXW7+PTEN+RNF43+TCF7L2	1	7.878358150161507e-05		0.10000000000000643	False	occupancy_only
primary::BRAF+FBXW7+PTEN+RNF43+TGFBR2	1	7.878358150161507e-05		0.10000000000000643	False	occupancy_only
primary::BRAF+FBXW7+PTEN+RNF43+TP53	1	7.878358150161507e-05		0.10000000000000643	False	occupancy_only
primary::BRAF+FBXW7+PTEN+SMAD4	1	7.878358150161507e-05		0.10000000000000643	False	occupancy_only
primary::BRAF+FBXW7+PTEN+SMAD4+TP53	1	7.878358150161507e-05		0.10000000000000643	False	occupancy_only
primary::BRAF+FBXW7+RNF43+SOX9	1	7.878358150161507e-05		0.10000000000000643	False	occupancy_only
primary::BRAF+FBXW7+RNF43+SOX9+TGFBR2+TP53	1	7.878358150161507e-05		0.10000000000000643	False	occupancy_only
primary::BRAF+FBXW7+RNF43+TCF7L2	1	7.878358150161507e-05		0.10000000000000643	False	occupancy_only
primary::BRAF+FBXW7+RNF43+TCF7L2+TGFBR2	1	7.878358150161507e-05		0.10000000000000643	False	occupancy_only
primary::BRAF+FBXW7+RNF43+TCF7L2+TP53	1	7.878358150161507e-05		0.10000000000000643	False	occupancy_only
primary::BRAF+FBXW7+RNF43+TGFBR2	1	7.878358150161507e-05		0.10000000000000643	False	occupancy_only
primary::BRAF+FBXW7+RNF43+TGFBR2+TP53	1	7.878358150161507e-05		0.10000000000000643	False	occupancy_only
primary::BRAF+FBXW7+SOX9+TGFBR2	1	7.878358150161507e-05		0.10000000000000643	False	occupancy_only
primary::BRAF+FBXW7+SOX9+TP53	1	7.878358150161507e-05		0.10000000000000643	False	occupancy_only
primary::BRAF+KRAS	1	7.878358150161507e-05		0.10000000000000643	False	occupancy_only
primary::BRAF+KRAS+NRAS+PIK3CA+PTEN+SMAD4+TP53	1	7.878358150161507e-05		0.10000000000000643	False	occupancy_only
primary::BRAF+KRAS+PIK3CA+PTEN	1	7.878358150161507e-05		0.10000000000000643	False	occupancy_only
primary::BRAF+KRAS+PIK3CA+PTEN+RNF43+TGFBR2+TP53	1	7.878358150161507e-05		0.10000000000000643	False	occupancy_only
primary::BRAF+KRAS+PIK3CA+PTEN+SMAD4+TP53	1	7.878358150161507e-05		0.10000000000000643	False	occupancy_only
primary::BRAF+KRAS+PIK3CA+PTEN+TP53	1	7.878358150161507e-05		0.10000000000000643	False	occupancy_only
primary::BRAF+KRAS+PIK3CA+RNF43	1	7.878358150161507e-05		0.10000000000000643	False	occupancy_only
primary::BRAF+KRAS+PIK3CA+RNF43+SMAD4+SOX9+TP53	1	7.878358150161507e-05		0.10000000000000643	False	occupancy_only
primary::BRAF+KRAS+PIK3CA+SMAD4+TP53	1	7.878358150161507e-05		0.10000000000000643	False	occupancy_only
primary::BRAF+KRAS+PTEN+TP53	1	7.878358150161507e-05		0.10000000000000643	False	occupancy_only
primary::BRAF+KRAS+RNF43+SMAD4+TP53	1	7.878358150161507e-05		0.10000000000000643	False	occupancy_only
primary::BRAF+KRAS+RNF43+TP53	1	7.878358150161507e-05		0.10000000000000643	False	occupancy_only
primary::BRAF+KRAS+SMAD4+TP53	1	7.878358150161507e-05		0.10000000000000643	False	occupancy_only
primary::BRAF+KRAS+SOX9+TP53	1	7.878358150161507e-05		0.10000000000000643	False	occupancy_only
primary::BRAF+NRAS	1	7.878358150161507e-05		0.10000000000000643	False	occupancy_only
primary::BRAF+NRAS+RNF43+TGFBR2+TP53	1	7.878358150161507e-05		0.10000000000000643	False	occupancy_only
primary::BRAF+NRAS+RNF43+TP53	1	7.878358150161507e-05		0.10000000000000643	False	occupancy_only
primary::BRAF+PIK3CA+PTEN+RNF43+SOX9+TGFBR2	1	7.878358150161507e-05		0.10000000000000643	False	occupancy_only
primary::BRAF+PIK3CA+PTEN+SMAD4	1	7.878358150161507e-05		0.10000000000000643	False	occupancy_only
primary::BRAF+PIK3CA+RNF43+SOX9	1	7.878358150161507e-05		0.10000000000000643	False	occupancy_only
primary::BRAF+PIK3CA+RNF43+SOX9+TCF7L2+TGFBR2	1	7.878358150161507e-05		0.10000000000000643	False	occupancy_only
primary::BRAF+PIK3CA+RNF43+SOX9+TGFBR2	1	7.878358150161507e-05		0.10000000000000643	False	occupancy_only
primary::BRAF+PIK3CA+RNF43+TCF7L2+TP53	1	7.878358150161507e-05		0.10000000000000643	False	occupancy_only
primary::BRAF+PIK3CA+SMAD4+SOX9	1	7.878358150161507e-05		0.10000000000000643	False	occupancy_only
primary::BRAF+PIK3CA+SOX9+TGFBR2	1	7.878358150161507e-05		0.10000000000000643	False	occupancy_only
primary::BRAF+PIK3CA+SOX9+TP53	1	7.878358150161507e-05		0.10000000000000643	False	occupancy_only
primary::BRAF+PTEN+RNF43+SMAD4+TP53	1	7.878358150161507e-05		0.10000000000000643	False	occupancy_only
primary::BRAF+PTEN+RNF43+SOX9	1	7.878358150161507e-05		0.10000000000000643	False	occupancy_only
primary::BRAF+PTEN+RNF43+TGFBR2+TP53	1	7.878358150161507e-05		0.10000000000000643	False	occupancy_only
primary::BRAF+PTEN+SMAD4+SOX9	1	7.878358150161507e-05		0.10000000000000643	False	occupancy_only
primary::BRAF+RNF43+SMAD4+SOX9	1	7.878358150161507e-05		0.10000000000000643	False	occupancy_only
primary::BRAF+RNF43+SMAD4+SOX9+TP53	1	7.878358150161507e-05		0.10000000000000643	False	occupancy_only
primary::BRAF+RNF43+SOX9+TCF7L2	1	7.878358150161507e-05		0.10000000000000643	False	occupancy_only
primary::BRAF+RNF43+SOX9+TGFBR2+TP53	1	7.878358150161507e-05		0.10000000000000643	False	occupancy_only
primary::BRAF+RNF43+TCF7L2	1	7.878358150161507e-05		0.10000000000000643	False	occupancy_only
primary::BRAF+RNF43+TCF7L2+TGFBR2	1	7.878358150161507e-05		0.10000000000000643	False	occupancy_only
primary::BRAF+RNF43+TCF7L2+TP53	1	7.878358150161507e-05		0.10000000000000643	False	occupancy_only
primary::BRAF+SOX9+TP53	1	7.878358150161507e-05		0.10000000000000643	False	occupancy_only
primary::BRAF+TCF7L2	1	7.878358150161507e-05		0.10000000000000643	False	occupancy_only
primary::BRAF+TCF7L2+TP53	1	7.878358150161507e-05		0.10000000000000643	False	occupancy_only
primary::CTNNB1+FBXW7+KRAS	1	7.878358150161507e-05		0.10000000000000643	False	occupancy_only
primary::CTNNB1+FBXW7+KRAS+PIK3CA+PTEN+TCF7L2	1	7.878358150161507e-05		0.10000000000000643	False	occupancy_only
primary::CTNNB1+FBXW7+KRAS+PIK3CA+SMAD4+SOX9+TCF7L2+TGFBR2	1	7.878358150161507e-05		0.10000000000000643	False	occupancy_only
primary::CTNNB1+FBXW7+KRAS+PIK3CA+SOX9	1	7.878358150161507e-05		0.10000000000000643	False	occupancy_only
primary::CTNNB1+FBXW7+KRAS+PTEN+RNF43+TCF7L2	1	7.878358150161507e-05		0.10000000000000643	False	occupancy_only
primary::CTNNB1+FBXW7+KRAS+RNF43+TCF7L2+TGFBR2	1	7.878358150161507e-05		0.10000000000000643	False	occupancy_only
primary::CTNNB1+FBXW7+KRAS+SOX9+TP53	1	7.878358150161507e-05		0.10000000000000643	False	occupancy_only
primary::CTNNB1+FBXW7+KRAS+TCF7L2+TGFBR2	1	7.878358150161507e-05		0.10000000000000643	False	occupancy_only
primary::CTNNB1+FBXW7+KRAS+TCF7L2+TP53	1	7.878358150161507e-05		0.10000000000000643	False	occupancy_only
primary::CTNNB1+FBXW7+KRAS+TP53	1	7.878358150161507e-05		0.10000000000000643	False	occupancy_only
primary::CTNNB1+FBXW7+NRAS+PIK3CA+PTEN+SMAD4+TP53	1	7.878358150161507e-05		0.10000000000000643	False	occupancy_only
primary::CTNNB1+FBXW7+PIK3CA+TP53	1	7.878358150161507e-05		0.10000000000000643	False	occupancy_only
primary::CTNNB1+FBXW7+PTEN+RNF43+SOX9+TCF7L2	1	7.878358150161507e-05		0.10000000000000643	False	occupancy_only
primary::CTNNB1+FBXW7+PTEN+RNF43+TCF7L2+TGFBR2	1	7.878358150161507e-05		0.10000000000000643	False	occupancy_only
primary::CTNNB1+FBXW7+PTEN+SOX9+TP53	1	7.878358150161507e-05		0.10000000000000643	False	occupancy_only
primary::CTNNB1+FBXW7+PTEN+TCF7L2+TP53	1	7.878358150161507e-05		0.10000000000000643	False	occupancy_only
primary::CTNNB1+FBXW7+SOX9+TP53	1	7.878358150161507e-05		0.10000000000000643	False	occupancy_only
primary::CTNNB1+FBXW7+TCF7L2+TGFBR2	1	7.878358150161507e-05		0.10000000000000643	False	occupancy_only
primary::CTNNB1+KRAS+NRAS+PIK3CA+PTEN+SMAD4	1	7.878358150161507e-05		0.10000000000000643	False	occupancy_only
primary::CTNNB1+KRAS+PIK3CA+PTEN	1	7.878358150161507e-05		0.10000000000000643	False	occupancy_only
primary::CTNNB1+KRAS+PIK3CA+PTEN+SOX9+TP53	1	7.878358150161507e-05		0.10000000000000643	False	occupancy_only
primary::CTNNB1+KRAS+PIK3CA+RNF43	1	7.878358150161507e-05		0.10000000000000643	False	occupancy_only
primary::CTNNB1+KRAS+PIK3CA+RNF43+TCF7L2+TGFBR2	1	7.878358150161507e-05		0.10000000000000643	False	occupancy_only
primary::CTNNB1+KRAS+PIK3CA+RNF43+TP53	1	7.878358150161507e-05		0.10000000000000643	False	occupancy_only
primary::CTNNB1+KRAS+PIK3CA+SMAD4	1	7.878358150161507e-05		0.10000000000000643	False	occupancy_only
primary::CTNNB1+KRAS+PIK3CA+SMAD4+TP53	1	7.878358150161507e-05		0.10000000000000643	False	occupancy_only
primary::CTNNB1+KRAS+PIK3CA+SOX9+TGFBR2	1	7.878358150161507e-05		0.10000000000000643	False	occupancy_only
primary::CTNNB1+KRAS+PTEN	1	7.878358150161507e-05		0.10000000000000643	False	occupancy_only
primary::CTNNB1+KRAS+PTEN+RNF43+TGFBR2	1	7.878358150161507e-05		0.10000000000000643	False	occupancy_only
primary::CTNNB1+KRAS+PTEN+SMAD4+TP53	1	7.878358150161507e-05		0.10000000000000643	False	occupancy_only
primary::CTNNB1+KRAS+PTEN+TCF7L2+TP53	1	7.878358150161507e-05		0.10000000000000643	False	occupancy_only
primary::CTNNB1+KRAS+PTEN+TP53	1	7.878358150161507e-05		0.10000000000000643	False	occupancy_only
primary::CTNNB1+KRAS+RNF43+SMAD4+TP53	1	7.878358150161507e-05		0.10000000000000643	False	occupancy_only
primary::CTNNB1+KRAS+RNF43+TP53	1	7.878358150161507e-05		0.10000000000000643	False	occupancy_only
primary::CTNNB1+KRAS+SMAD4	1	7.878358150161507e-05		0.10000000000000643	False	occupancy_only
primary::CTNNB1+KRAS+SMAD4+SOX9	1	7.878358150161507e-05		0.10000000000000643	False	occupancy_only
primary::CTNNB1+KRAS+SMAD4+TCF7L2	1	7.878358150161507e-05		0.10000000000000643	False	occupancy_only
primary::CTNNB1+KRAS+TCF7L2+TGFBR2+TP53	1	7.878358150161507e-05		0.10000000000000643	False	occupancy_only
primary::CTNNB1+KRAS+TGFBR2	1	7.878358150161507e-05		0.10000000000000643	False	occupancy_only
primary::CTNNB1+KRAS+TGFBR2+TP53	1	7.878358150161507e-05		0.10000000000000643	False	occupancy_only
primary::CTNNB1+NRAS	1	7.878358150161507e-05		0.10000000000000643	False	occupancy_only
primary::CTNNB1+NRAS+PIK3CA	1	7.878358150161507e-05		0.10000000000000643	False	occupancy_only
primary::CTNNB1+NRAS+PIK3CA+PTEN+RNF43	1	7.878358150161507e-05		0.10000000000000643	False	occupancy_only
primary::CTNNB1+NRAS+PIK3CA+SOX9+TP53	1	7.878358150161507e-05		0.10000000000000643	False	occupancy_only
primary::CTNNB1+NRAS+SMAD4+SOX9	1	7.878358150161507e-05		0.10000000000000643	False	occupancy_only
primary::CTNNB1+PIK3CA	1	7.878358150161507e-05		0.10000000000000643	False	occupancy_only
primary::CTNNB1+PIK3CA+PTEN+SOX9	1	7.878358150161507e-05		0.10000000000000643	False	occupancy_only
primary::CTNNB1+PIK3CA+PTEN+SOX9+TGFBR2	1	7.878358150161507e-05		0.10000000000000643	False	occupancy_only
primary::CTNNB1+PIK3CA+RNF43+TGFBR2+TP53	1	7.878358150161507e-05		0.10000000000000643	False	occupancy_only
primary::CTNNB1+PIK3CA+SOX9	1	7.878358150161507e-05		0.10000000000000643	False	occupancy_only
primary::CTNNB1+PIK3CA+TCF7L2	1	7.878358150161507e-05		0.10000000000000643	False	occupancy_only
primary::CTNNB1+PTEN+SMAD4	1	7.878358150161507e-05		0.10000000000000643	False	occupancy_only
primary::CTNNB1+PTEN+TP53	1	7.878358150161507e-05		0.10000000000000643	False	occupancy_only
primary::CTNNB1+RNF43+TCF7L2	1	7.878358150161507e-05		0.10000000000000643	False	occupancy_only
primary::CTNNB1+RNF43+TP53	1	7.878358150161507e-05		0.10000000000000643	False	occupancy_only
primary::CTNNB1+SMAD4+SOX9+TP53	1	7.878358150161507e-05		0.10000000000000643	False	occupancy_only
primary::CTNNB1+SOX9	1	7.878358150161507e-05		0.10000000000000643	False	occupancy_only
primary::CTNNB1+SOX9+TCF7L2+TGFBR2	1	7.878358150161507e-05		0.10000000000000643	False	occupancy_only
primary::CTNNB1+SOX9+TP53	1	7.878358150161507e-05		0.10000000000000643	False	occupancy_only
primary::FBXW7+KRAS+PIK3CA+PTEN+TP53	1	7.878358150161507e-05		0.10000000000000643	False	occupancy_only
primary::FBXW7+KRAS+PIK3CA+RNF43	1	7.878358150161507e-05		0.10000000000000643	False	occupancy_only
primary::FBXW7+KRAS+PIK3CA+SMAD4+SOX9	1	7.878358150161507e-05		0.10000000000000643	False	occupancy_only
primary::FBXW7+KRAS+PTEN+RNF43+SMAD4+TCF7L2+TP53	1	7.878358150161507e-05		0.10000000000000643	False	occupancy_only
primary::FBXW7+KRAS+PTEN+RNF43+SOX9	1	7.878358150161507e-05		0.10000000000000643	False	occupancy_only
primary::FBXW7+KRAS+RNF43+SOX9	1	7.878358150161507e-05		0.10000000000000643	False	occupancy_only
primary::FBXW7+KRAS+RNF43+TCF7L2+TGFBR2	1	7.878358150161507e-05		0.10000000000000643	False	occupancy_only
primary::FBXW7+KRAS+SOX9	1	7.878358150161507e-05		0.10000000000000643	False	occupancy_only
primary::FBXW7+NRAS+TP53	1	7.878358150161507e-05		0.10000000000000643	False	occupancy_only
primary::FBXW7+PIK3CA+PTEN	1	7.878358150161507e-05		0.10000000000000643	False	occupancy_only
primary::FBXW7+PIK3CA+PTEN+RNF43+SOX9+TCF7L2+TGFBR2+TP53	1	7.878358150161507e-05		0.10000000000000643	False	occupancy_only
primary::FBXW7+PIK3CA+PTEN+SMAD4	1	7.878358150161507e-05		0.10000000000000643	False	occupancy_only
primary::FBXW7+PIK3CA+RNF43+SOX9+TCF7L2	1	7.878358150161507e-05		0.10000000000000643	False	occupancy_only
primary::FBXW7+PIK3CA+RNF43+TGFBR2	1	7.878358150161507e-05		0.10000000000000643	False	occupancy_only
primary::FBXW7+PTEN+TGFBR2+TP53	1	7.878358150161507e-05		0.10000000000000643	False	occupancy_only
primary::FBXW7+RNF43+SOX9+TGFBR2+TP53	1	7.878358150161507e-05		0.10000000000000643	False	occupancy_only
primary::FBXW7+RNF43+TP53	1	7.878358150161507e-05		0.10000000000000643	False	occupancy_only
primary::KRAS+NRAS+PIK3CA	1	7.878358150161507e-05		0.10000000000000643	False	occupancy_only
primary::KRAS+NRAS+PIK3CA+TP53	1	7.878358150161507e-05		0.10000000000000643	False	occupancy_only
primary::KRAS+NRAS+SMAD4	1	7.878358150161507e-05		0.10000000000000643	False	occupancy_only
primary::KRAS+NRAS+TP53	1	7.878358150161507e-05		0.10000000000000643	False	occupancy_only
primary::KRAS+PIK3CA+PTEN+SMAD4	1	7.878358150161507e-05		0.10000000000000643	False	occupancy_only
primary::KRAS+PIK3CA+PTEN+SOX9	1	7.878358150161507e-05		0.10000000000000643	False	occupancy_only
primary::KRAS+PIK3CA+RNF43	1	7.878358150161507e-05		0.10000000000000643	False	occupancy_only
primary::KRAS+PIK3CA+RNF43+TP53	1	7.878358150161507e-05		0.10000000000000643	False	occupancy_only
primary::KRAS+PIK3CA+SMAD4+SOX9	1	7.878358150161507e-05		0.10000000000000643	False	occupancy_only
primary::KRAS+PTEN+RNF43+SOX9+TGFBR2	1	7.878358150161507e-05		0.10000000000000643	False	occupancy_only
primary::KRAS+PTEN+SOX9+TP53	1	7.878358150161507e-05		0.10000000000000643	False	occupancy_only
primary::KRAS+PTEN+TCF7L2	1	7.878358150161507e-05		0.10000000000000643	False	occupancy_only
primary::KRAS+RNF43+SOX9	1	7.878358150161507e-05		0.10000000000000643	False	occupancy_only
primary::KRAS+RNF43+TCF7L2	1	7.878358150161507e-05		0.10000000000000643	False	occupancy_only
primary::KRAS+RNF43+TCF7L2+TP53	1	7.878358150161507e-05		0.10000000000000643	False	occupancy_only
primary::KRAS+SMAD4+TGFBR2+TP53	1	7.878358150161507e-05		0.10000000000000643	False	occupancy_only
primary::KRAS+SOX9+TCF7L2+TP53	1	7.878358150161507e-05		0.10000000000000643	False	occupancy_only
primary::NRAS+PIK3CA+SMAD4	1	7.878358150161507e-05		0.10000000000000643	False	occupancy_only
primary::NRAS+PIK3CA+SMAD4+TP53	1	7.878358150161507e-05		0.10000000000000643	False	occupancy_only
primary::NRAS+PIK3CA+SOX9	1	7.878358150161507e-05		0.10000000000000643	False	occupancy_only
primary::NRAS+PIK3CA+TCF7L2+TP53	1	7.878358150161507e-05		0.10000000000000643	False	occupancy_only
primary::NRAS+PTEN	1	7.878358150161507e-05		0.10000000000000643	False	occupancy_only
primary::NRAS+PTEN+SMAD4	1	7.878358150161507e-05		0.10000000000000643	False	occupancy_only
primary::PIK3CA+PTEN+RNF43+SMAD4	1	7.878358150161507e-05		0.10000000000000643	False	occupancy_only
primary::PIK3CA+PTEN+RNF43+TGFBR2	1	7.878358150161507e-05		0.10000000000000643	False	occupancy_only
primary::PIK3CA+PTEN+RNF43+TGFBR2+TP53	1	7.878358150161507e-05		0.10000000000000643	False	occupancy_only
primary::PIK3CA+PTEN+SMAD4+TP53	1	7.878358150161507e-05		0.10000000000000643	False	occupancy_only
primary::PIK3CA+RNF43	1	7.878358150161507e-05		0.10000000000000643	False	occupancy_only
primary::PIK3CA+RNF43+SMAD4+SOX9+TGFBR2	1	7.878358150161507e-05		0.10000000000000643	False	occupancy_only
primary::PIK3CA+RNF43+SMAD4+TP53	1	7.878358150161507e-05		0.10000000000000643	False	occupancy_only
primary::PIK3CA+RNF43+SOX9+TGFBR2	1	7.878358150161507e-05		0.10000000000000643	False	occupancy_only
primary::PIK3CA+RNF43+TCF7L2	1	7.878358150161507e-05		0.10000000000000643	False	occupancy_only
primary::PIK3CA+RNF43+TP53	1	7.878358150161507e-05		0.10000000000000643	False	occupancy_only
primary::PIK3CA+SMAD4+SOX9	1	7.878358150161507e-05		0.10000000000000643	False	occupancy_only
primary::PIK3CA+SOX9	1	7.878358150161507e-05		0.10000000000000643	False	occupancy_only
primary::PTEN+SMAD4+SOX9	1	7.878358150161507e-05		0.10000000000000643	False	occupancy_only
primary::PTEN+SMAD4+TP53	1	7.878358150161507e-05		0.10000000000000643	False	occupancy_only
primary::RNF43+SMAD4+SOX9	1	7.878358150161507e-05		0.10000000000000643	False	occupancy_only
primary::RNF43+TCF7L2+TP53	1	7.878358150161507e-05		0.10000000000000643	False	occupancy_only
primary::RNF43+TGFBR2+TP53	1	7.878358150161507e-05		0.10000000000000643	False	occupancy_only
unknown::APC+ARID1A+BRAF+CTNNB1+PTEN+TCF7L2+TP53	1	7.878358150161507e-05		0.10000000000000643	False	occupancy_only
unknown::APC+ARID1A+BRAF+KRAS+PIK3CA+TCF7L2	1	7.878358150161507e-05		0.10000000000000643	False	occupancy_only
unknown::APC+ARID1A+KRAS	1	7.878358150161507e-05		0.10000000000000643	False	occupancy_only
unknown::APC+ARID1A+KRAS+TP53	1	7.878358150161507e-05		0.10000000000000643	False	occupancy_only
unknown::APC+ARID1A+PIK3CA+TCF7L2+TP53	1	7.878358150161507e-05		0.10000000000000643	False	occupancy_only
unknown::APC+BRAF	1	7.878358150161507e-05		0.10000000000000643	False	occupancy_only
unknown::APC+BRAF+FBXW7+PIK3CA+SOX9+TP53	1	7.878358150161507e-05		0.10000000000000643	False	occupancy_only
unknown::APC+BRAF+SMAD4	1	7.878358150161507e-05		0.10000000000000643	False	occupancy_only
unknown::APC+BRAF+SMAD4+TP53	1	7.878358150161507e-05		0.10000000000000643	False	occupancy_only
unknown::APC+CTNNB1+KRAS+PTEN+TP53	1	7.878358150161507e-05		0.10000000000000643	False	occupancy_only
unknown::APC+CTNNB1+KRAS+SMAD4+TP53	1	7.878358150161507e-05		0.10000000000000643	False	occupancy_only
unknown::APC+FBXW7+KRAS+PTEN+TP53	1	7.878358150161507e-05		0.10000000000000643	False	occupancy_only
unknown::APC+FBXW7+KRAS+SOX9+TP53	1	7.878358150161507e-05		0.10000000000000643	False	occupancy_only
unknown::APC+FBXW7+NRAS+TP53	1	7.878358150161507e-05		0.10000000000000643	False	occupancy_only
unknown::APC+FBXW7+PIK3CA+PTEN+RNF43+SOX9	1	7.878358150161507e-05		0.10000000000000643	False	occupancy_only
unknown::APC+FBXW7+TP53	1	7.878358150161507e-05		0.10000000000000643	False	occupancy_only
unknown::APC+KRAS+NRAS+SMAD4	1	7.878358150161507e-05		0.10000000000000643	False	occupancy_only
unknown::APC+KRAS+NRAS+SMAD4+TP53	1	7.878358150161507e-05		0.10000000000000643	False	occupancy_only
unknown::APC+KRAS+PTEN+RNF43+TP53	1	7.878358150161507e-05		0.10000000000000643	False	occupancy_only
unknown::APC+KRAS+RNF43+TP53	1	7.878358150161507e-05		0.10000000000000643	False	occupancy_only
unknown::APC+KRAS+SMAD4	1	7.878358150161507e-05		0.10000000000000643	False	occupancy_only
unknown::APC+KRAS+SOX9	1	7.878358150161507e-05		0.10000000000000643	False	occupancy_only
unknown::APC+NRAS+PIK3CA	1	7.878358150161507e-05		0.10000000000000643	False	occupancy_only
unknown::APC+NRAS+SMAD4+TP53	1	7.878358150161507e-05		0.10000000000000643	False	occupancy_only
unknown::APC+SOX9+TP53	1	7.878358150161507e-05		0.10000000000000643	False	occupancy_only
unknown::APC+TCF7L2+TP53	1	7.878358150161507e-05		0.10000000000000643	False	occupancy_only
unknown::ARID1A+BRAF+FBXW7+KRAS+PIK3CA+RNF43+SOX9+TCF7L2+TP53	1	7.878358150161507e-05		0.10000000000000643	False	occupancy_only
unknown::ARID1A+BRAF+FBXW7+PIK3CA+PTEN+RNF43+TGFBR2+TP53	1	7.878358150161507e-05		0.10000000000000643	False	occupancy_only
unknown::ARID1A+BRAF+PIK3CA+SOX9	1	7.878358150161507e-05		0.10000000000000643	False	occupancy_only
unknown::ARID1A+CTNNB1+KRAS+SOX9+TCF7L2	1	7.878358150161507e-05		0.10000000000000643	False	occupancy_only
unknown::ARID1A+FBXW7+KRAS+PIK3CA+PTEN+TCF7L2	1	7.878358150161507e-05		0.10000000000000643	False	occupancy_only
unknown::ARID1A+KRAS+RNF43+TP53	1	7.878358150161507e-05		0.10000000000000643	False	occupancy_only
unknown::BRAF	1	7.878358150161507e-05		0.10000000000000643	False	occupancy_only
unknown::BRAF+FBXW7+PIK3CA+RNF43+TCF7L2	1	7.878358150161507e-05		0.10000000000000643	False	occupancy_only
unknown::BRAF+FBXW7+TP53	1	7.878358150161507e-05		0.10000000000000643	False	occupancy_only
unknown::BRAF+KRAS+NRAS+RNF43+TP53	1	7.878358150161507e-05		0.10000000000000643	False	occupancy_only
unknown::BRAF+PIK3CA+TP53	1	7.878358150161507e-05		0.10000000000000643	False	occupancy_only
unknown::BRAF+RNF43+SOX9	1	7.878358150161507e-05		0.10000000000000643	False	occupancy_only
unknown::BRAF+SMAD4+TP53	1	7.878358150161507e-05		0.10000000000000643	False	occupancy_only
unknown::CTNNB1+KRAS	1	7.878358150161507e-05		0.10000000000000643	False	occupancy_only
unknown::CTNNB1+TP53	1	7.878358150161507e-05		0.10000000000000643	False	occupancy_only
unknown::FBXW7+KRAS+TP53	1	7.878358150161507e-05		0.10000000000000643	False	occupancy_only
unknown::FBXW7+PIK3CA+TP53	1	7.878358150161507e-05		0.10000000000000643	False	occupancy_only
unknown::KRAS+PIK3CA	1	7.878358150161507e-05		0.10000000000000643	False	occupancy_only
unknown::KRAS+PIK3CA+TP53	1	7.878358150161507e-05		0.10000000000000643	False	occupancy_only
unknown::KRAS+PTEN+TP53	1	7.878358150161507e-05		0.10000000000000643	False	occupancy_only
unknown::KRAS+SMAD4	1	7.878358150161507e-05		0.10000000000000643	False	occupancy_only
unknown::NRAS	1	7.878358150161507e-05		0.10000000000000643	False	occupancy_only
unknown::PIK3CA	1	7.878358150161507e-05		0.10000000000000643	False	occupancy_only
unknown::PIK3CA+PTEN+TP53	1	7.878358150161507e-05		0.10000000000000643	False	occupancy_only
unknown::PIK3CA+TP53	1	7.878358150161507e-05		0.10000000000000643	False	occupancy_only
unknown::SMAD4+TP53	1	7.878358150161507e-05		0.10000000000000643	False	occupancy_only
