state	N_v	R_star_bootstrap_median	R_star_ci_low	R_star_ci_high	top_bootstrap_stability	high_confidence_top_bootstrap_stability	bootstrap_replicates
primary::APC+KRAS+TP53	580	0.7066956971581224	0.6225614099849405	0.7951743084970927	0.0	0.0	500
metastatic::APC+KRAS+TP53	389	0.7180489024558337	0.6281477898490899	0.8214020804122287	0.0	0.0	500
unknown::TP53	17	0.04486473043393505	0.025362856763809068	0.069662813162921	0.0	0.0	500
primary::APC+KRAS+PIK3CA+TP53	155	0.4669591898377048	0.38812394491203955	0.5497478572016671	0.0	0.0	500
primary::APC+TP53	938	3.494015904102913	3.043043928767222	4.066050103238057	0.0	0.406	500
unknown::APC	3	0.011991162517991389	0.0	0.02745615968044149	0.0	0.0	500
primary::APC+KRAS+SMAD4+TP53	117	0.53804968069511	0.4275317619826831	0.6658786319654822	0.0	0.0	500
metastatic::APC+KRAS+PIK3CA+TP53	69	0.34554510793794124	0.26983551531228445	0.4499441997096378	0.0	0.0	500
primary::APC+FBXW7+KRAS+TP53	87	0.4517954780093648	0.3596792416006134	0.5698337497069895	0.0	0.0	500
primary::KRAS+TP53	183	1.0127504303014265	0.8317618371360482	1.227864835772458	0.0	0.0	500
metastatic::APC+KRAS+SMAD4+TP53	77	0.47900348497663797	0.37715245032447015	0.6103527543854396	0.0	0.0	500
primary::APC+KRAS+SOX9+TP53	59	0.38729787694500606	0.29764347718998035	0.5026246568943198	0.0	0.0	500
metastatic::APC+TP53	584	4.178086802728112	3.5721953942957834	4.977687718806247	0.0	0.942	500
unknown::KRAS	4	0.028501463909873875	0.0069258473107600554	0.05881811397592094	0.0	0.0	500
primary::APC+KRAS+TCF7L2+TP53	53	0.42336526272020725	0.3095546253225352	0.5622434581197474	0.0	0.0	500
primary::APC+PIK3CA+TP53	113	0.9385251784589526	0.767090268524962	1.1481206876344863	0.0	0.0	500
metastatic::KRAS+TP53	175	1.5247528101155914	1.2283990058490704	1.8259014256671833	0.0	0.0	500
primary::APC+KRAS+PIK3CA	133	1.166612830964949	0.9144373478013581	1.4489049511169096	0.0	0.0	500
primary::APC+FBXW7+KRAS+PIK3CA+TP53	24	0.22728097636000916	0.140440911115996	0.33630688019414484	0.0	0.0	500
primary::APC+FBXW7+TP53	93	0.9435049259657989	0.7342859965184756	1.2028490513229266	0.0	0.0	500
metastatic::APC+FBXW7+KRAS+TP53	43	0.43392480333796857	0.30198139290302395	0.5804296765353533	0.0	0.0	500
metastatic::APC+KRAS+SOX9+TP53	35	0.3490605044354479	0.22812368946020956	0.47077070117127184	0.0	0.0	500
primary::APC+SMAD4+TP53	58	0.5982049419048654	0.4342520543863441	0.7784476595605286	0.0	0.0	500
primary::APC+KRAS+PIK3CA+SMAD4+TP53	22	0.23373559965188873	0.14730024685299617	0.3539392753729	0.0	0.0	500
primary::APC+SOX9+TP53	64	0.7128353433171762	0.5282189067173241	0.8965509923226866	0.0	0.0	500
primary::APC+NRAS+TP53	57	0.683542399266682	0.4939695484222302	0.8962308832516308	0.0	0.0	500
primary::APC+ARID1A+KRAS+TP53	18	0.22264652029298065	0.13401106943127	0.34510306381151445	0.0	0.0	500
metastatic::APC+KRAS+TCF7L2+TP53	32	0.4085791632582887	0.27612791716001933	0.5703585505579772	0.0	0.0	500
primary::APC+KRAS	215	2.8298280660778294	2.295148739376551	3.538017530996303	0.0	0.042	500
primary::TP53	409	5.359024848120752	4.464803131812242	6.7170035671215045	0.026	1.0	500
primary::BRAF+TP53	129	1.7125005833222497	1.3688845161171157	2.1189878615637627	0.0	0.0	500
primary::APC+BRAF+TP53	56	0.7697488470294036	0.5638412362192453	1.0018278235878866	0.0	0.0	500
metastatic::APC+PIK3CA+TP53	49	0.7375601035597927	0.4935557678369374	0.9606514897636387	0.0	0.0	500
primary::APC+ARID1A+TP53	50	0.7657666695302936	0.5558003134606067	1.0276458972082563	0.0	0.0	500
primary::APC+KRAS+PIK3CA+TCF7L2+TP53	14	0.22356423353834587	0.11228813678234638	0.3603993790680981	0.0	0.0	500
primary::APC+KRAS+PIK3CA+SOX9+TP53	21	0.3398086577567843	0.20660173349684505	0.5066773268146978	0.0	0.0	500
unknown::PIK3CA	1	0.015948719915919743	0.0	0.054872888947949255	0.0	0.0	500
primary::APC+TCF7L2+TP53	69	1.1704882835184103	0.8778434525551133	1.4856828670562539	0.0	0.0	500
metastatic::APC+KRAS+PIK3CA	73	1.2250726504089098	0.9110318327894009	1.6425269848983919	0.0	0.0	500
metastatic::APC+NRAS+TP53	46	0.7873317485925757	0.548946338776891	1.0520717268151176	0.0	0.0	500
metastatic::TP53	265	4.558723963423949	3.6175986541843614	5.746594125417904	0.004	0.968	500
unknown::BRAF	1	0.01686061107274322	0.0	0.05283521027705568	0.0	0.0	500
primary::KRAS+SMAD4+TP53	53	0.9117219927542708	0.6339705926286024	1.260850016932665	0.0	0.0	500
metastatic::APC+SMAD4+TP53	56	0.9882563328451268	0.7291750764661634	1.3165597388350037	0.0	0.0	500
metastatic::APC+FBXW7+TP53	31	0.5666858392736764	0.3829173727213567	0.790186187101059	0.0	0.0	500
metastatic::APC+KRAS+PIK3CA+SMAD4+TP53	11	0.1974230254557623	0.09425908455856293	0.34329859799039636	0.0	0.0	500
metastatic::APC+ARID1A+KRAS+TP53	16	0.30432430158296847	0.16670156555351437	0.47456714215693085	0.0	0.0	500
metastatic::APC+SOX9+TP53	42	0.823894181384107	0.5865649483911898	1.0937520554453686	0.0	0.0	500
metastatic::APC+FBXW7+KRAS+PIK3CA+TP53	15	0.29550449313754085	0.15743670114573632	0.49010309693704746	0.0	0.0	500
primary::KRAS+PIK3CA+TP53	49	0.9956614112888229	0.707600048450876	1.3795941637779525	0.0	0.0	500
primary::APC	122	2.4896081873190705	1.9596754635005325	3.226991496198171	0.0	0.006	500
primary::APC+KRAS+SMAD4+SOX9+TP53	13	0.27418089189421735	0.13758625519292508	0.43834565289370525	0.0	0.0	500
primary::APC+FBXW7+KRAS+SMAD4+TP53	17	0.3625360071121016	0.20358271575320291	0.5875057369599154	0.0	0.0	500
metastatic::KRAS+SMAD4+TP53	41	0.8796308023355348	0.6056853889314266	1.2675489814319596	0.0	0.0	500
primary::APC+KRAS+PIK3CA+SOX9	26	0.5544799584328959	0.3556213330275964	0.8423803177441213	0.0	0.0	500
primary::APC+CTNNB1+KRAS+TP53	21	0.4488973569763765	0.2593042640713631	0.706143458283658	0.0	0.0	500
metastatic::BRAF+TP53	62	1.4089821777150573	1.0327658255196537	1.8276968586446385	0.0	0.0	500
metastatic::APC+KRAS	120	2.745651634161239	2.065766885489236	3.698333604329643	0.0	0.058	500
primary::APC+FBXW7+KRAS+PIK3CA	35	0.8204637950149478	0.5540050488467045	1.17100466472667	0.0	0.0	500
metastatic::KRAS+PIK3CA+TP53	33	0.7853178218612598	0.5223767972482962	1.073188886698545	0.0	0.0	500
primary::APC+KRAS+PIK3CA+SMAD4	31	0.7594684396288812	0.46450518017769593	1.0745118424802222	0.0	0.0	500
metastatic::APC+ARID1A+TP53	32	0.790062160269662	0.5113171655569455	1.09407641687492	0.0	0.0	500
primary::SMAD4+TP53	48	1.1567381197436637	0.8122510852550701	1.5230539174619173	0.0	0.0	500
primary::BRAF+RNF43+TP53	39	0.9687465338821224	0.6547323328149138	1.3375862789653072	0.0	0.0	500
primary::APC+KRAS+PTEN+TP53	19	0.4855995908485151	0.2656772690423599	0.7495920436370962	0.0	0.0	500
primary::APC+KRAS+SOX9	26	0.6777932037955121	0.4115133906934864	1.0009084013567549	0.0	0.0	500
primary::APC+FBXW7+KRAS+SOX9+TP53	14	0.3626397084494357	0.19382357475408998	0.5935053011746599	0.0	0.0	500
metastatic::APC	48	1.2754653876391036	0.9104277354124747	1.7880821939585878	0.0	0.0	500
metastatic::APC+TCF7L2+TP53	42	1.1206213458673362	0.8195336053566407	1.5944676274105296	0.0	0.0	500
primary::APC+KRAS+PIK3CA+TCF7L2	16	0.45136934209969315	0.24254712755194902	0.7139069451873581	0.0	0.0	500
metastatic::APC+KRAS+SMAD4+SOX9+TP53	5	0.13371104695077995	0.03108437079794962	0.2819057641836593	0.0	0.0	500
primary::APC+KRAS+SMAD4	44	1.2829482142840436	0.8673858913801662	1.752083637930349	0.0	0.0	500
metastatic::APC+BRAF+TP53	25	0.7254477871715965	0.46326915898181126	1.0390477581764581	0.0	0.0	500
primary::APC+KRAS+SMAD4+TCF7L2+TP53	8	0.24118509978325176	0.09010477987993672	0.42721884131621624	0.0	0.0	500
primary::PIK3CA+TP53	37	1.1170393172729618	0.798794090252666	1.5099820654121838	0.0	0.0	500
metastatic::APC+KRAS+PIK3CA+SOX9+TP53	4	0.11406484552964308	0.027942533476589062	0.2709411102874777	0.0	0.0	500
primary::BRAF+SMAD4+TP53	43	1.3703870792114807	0.9944330187263933	1.9096054508576414	0.0	0.0	500
metastatic::APC+KRAS+PIK3CA+TCF7L2+TP53	3	0.08974825044472975	0.0	0.21695849879749576	0.0	0.0	500
metastatic::APC+CTNNB1+KRAS+TP53	11	0.3575294399893143	0.1718523841255734	0.6367390920247845	0.0	0.0	500
primary::APC+ARID1A+KRAS+PIK3CA+TP53	10	0.324864516514233	0.13697788946934567	0.5719379122715286	0.0	0.0	500
primary::APC+FBXW7+PIK3CA+TP53	15	0.5051000831037729	0.27072076992657684	0.8767854136795057	0.0	0.0	500
primary::KRAS+PIK3CA	60	2.0476263385180005	1.486524703920486	2.8244807118324182	0.0	0.0	500
primary::APC+FBXW7+KRAS+TCF7L2+TP53	7	0.23908140024564672	0.06849250939349037	0.4618988266791898	0.0	0.0	500
primary::APC+NRAS+PIK3CA+TP53	8	0.2775691438196116	0.10952287536798545	0.5229866898256322	0.0	0.0	500
metastatic::SMAD4+TP53	27	0.9535666082023049	0.6019182315928896	1.3814214695322125	0.0	0.0	500
primary::KRAS	108	3.9242886668585486	3.082171500159967	5.069019040986452	0.0	0.716	500
primary::APC+FBXW7+KRAS	25	0.9120798792535336	0.5531351535741779	1.3779061442713936	0.0	0.0	500
primary::APC+BRAF+SMAD4+TP53	10	0.36142233476385766	0.14700024254138616	0.658852687299635	0.0	0.0	500
primary::APC+CTNNB1+TP53	18	0.6581314352257536	0.3640918054260159	1.0216082399270445	0.0	0.0	500
primary::APC+BRAF+PIK3CA+TP53	24	0.9012466528377157	0.5528722200901529	1.322881712497373	0.0	0.0	500
metastatic::APC+KRAS+PTEN+TP53	14	0.5408699250420923	0.282727676035805	0.8567217733917167	0.0	0.0	500
primary::APC+KRAS+TCF7L2	23	0.8484861454393395	0.5075758892549351	1.3049052338636056	0.0	0.0	500
primary::APC+KRAS+NRAS+TP53	7	0.26237342390059293	0.10638559251729	0.5272419886857992	0.0	0.0	500
primary::BRAF+PIK3CA+TP53	26	1.0229781097660835	0.642954201476061	1.4940588864228779	0.0	0.0	500
primary::APC+FBXW7+KRAS+PIK3CA+SMAD4+TP53	7	0.27984124648462827	0.09052151539642248	0.5628525163147012	0.0	0.0	500
primary::APC+FBXW7+KRAS+PIK3CA+SOX9+TP53	4	0.1494792320418717	0.03447552967515796	0.3579270871108538	0.0	0.0	500
primary::FBXW7+KRAS+TP53	29	1.1522235178561808	0.6924242081897248	1.6933575821041291	0.0	0.0	500
primary::APC+CTNNB1+KRAS+PIK3CA+TP53	10	0.3987638518513401	0.1769736999145716	0.7139088911347179	0.0	0.0	500
metastatic::APC+KRAS+PIK3CA+SMAD4	16	0.6648490285351549	0.3429508802027126	1.0754599277358838	0.0	0.0	500
metastatic::APC+KRAS+PIK3CA+SOX9	7	0.28351172579671885	0.09314247851203797	0.5483308395694828	0.0	0.0	500
primary::KRAS+PIK3CA+SMAD4+TP53	7	0.30780207797522197	0.11382510731249687	0.5864313806300996	0.0	0.0	500
metastatic::APC+FBXW7+KRAS+PIK3CA	5	0.22230121690037646	0.04769313544532726	0.4635055995561126	0.0	0.0	500
primary::APC+KRAS+PIK3CA+PTEN+TP53	7	0.3014861043630736	0.12010549879409362	0.6322722811475053	0.0	0.0	500
primary::FBXW7+TP53	31	1.407830654781669	0.958688245600177	2.0025987833518153	0.0	0.0	500
primary::CTNNB1+KRAS+TP53	13	0.5972986686743036	0.28826147822528947	1.0003646362446925	0.0	0.0	500
primary::APC+PTEN+TP53	14	0.6377561083466863	0.3357121491328352	1.0276488406630564	0.0	0.0	500
metastatic::APC+KRAS+PIK3CA+TCF7L2	6	0.2707697831530247	0.08734141418275607	0.6068647594240929	0.0	0.0	500
primary::APC+FBXW7+KRAS+PIK3CA+SOX9	11	0.5107745283482883	0.23819483651227502	0.9303490147831275	0.0	0.0	500
primary::APC+ARID1A+KRAS+PIK3CA	13	0.5764826395977325	0.3093422649641432	0.9868742762501849	0.0	0.0	500
primary::BRAF+RNF43+SMAD4+TP53	8	0.3689034517890568	0.1353845684355559	0.7102813471196635	0.0	0.0	500
metastatic::PIK3CA+TP53	27	1.2864524372272608	0.8626071162718898	1.8619715132355603	0.0	0.0	500
metastatic::KRAS	65	3.0741261229797407	2.214117893307903	4.1351852946969485	0.0	0.168	500
primary::APC+RNF43+TP53	7	0.3228650433919268	0.098291492311947	0.5754864006558812	0.0	0.0	500
primary::APC+KRAS+PIK3CA+SMAD4+SOX9	7	0.3154701022616989	0.11499304366854654	0.6544982772569807	0.0	0.0	500
metastatic::APC+FBXW7+KRAS+SOX9+TP53	4	0.18705281206909247	0.0407380728509205	0.4321832283350639	0.0	0.0	500
metastatic::APC+KRAS+SMAD4+TCF7L2+TP53	7	0.3300880826114083	0.10587075457104558	0.639623003998578	0.0	0.0	500
metastatic::BRAF+RNF43+TP53	21	1.0475632183587655	0.6097715468244562	1.6784404457286404	0.0	0.0	500
metastatic::APC+KRAS+SOX9	12	0.5951639178595219	0.280249419000911	0.9812211502326252	0.0	0.0	500
metastatic::APC+KRAS+NRAS+TP53	1	0.049691820568297865	0.0	0.1624705049915574	0.0	0.0	500
primary::APC+ARID1A+KRAS+SMAD4+TP53	7	0.35005734299116087	0.10685804081632226	0.677812805402083	0.0	0.0	500
primary::APC+KRAS+RNF43+TP53	6	0.2898648023990864	0.08985404250906372	0.5819473422959955	0.0	0.0	500
primary::APC+KRAS+TGFBR2+TP53	2	0.1053542925574961	0.0	0.28564414202741073	0.0	0.0	500
primary::APC+PIK3CA+TCF7L2+TP53	16	0.8262752796261166	0.4318603233807038	1.375131818164961	0.0	0.0	500
primary::APC+KRAS+PIK3CA+SMAD4+SOX9+TP53	4	0.21125945149083686	0.04318721280639791	0.48730188061980373	0.0	0.0	500
primary::APC+KRAS+SOX9+TCF7L2+TP53	5	0.26296011681874665	0.05793434399633704	0.5475545343631832	0.0	0.0	500
metastatic::APC+KRAS+SMAD4	25	1.3182476780874386	0.8040613581417054	2.024482581338589	0.0	0.0	500
primary::BRAF+FBXW7+TP53	11	0.5952392385942449	0.27468822633160767	1.0199965059966174	0.0	0.0	500
primary::APC+FBXW7+NRAS+TP53	8	0.44500345011983966	0.19033038579150363	0.8413676482534452	0.0	0.0	500
primary::APC+KRAS+PIK3CA+PTEN	8	0.4241382729872122	0.14535743120739114	0.8907422617739423	0.0	0.0	500
metastatic::KRAS+PIK3CA	29	1.6010410974233493	1.0095691225382986	2.3711455429562576	0.0	0.0	500
primary::APC+ARID1A+KRAS	7	0.3818082104774332	0.1302550767471301	0.7590244369846296	0.0	0.0	500
primary::APC+PIK3CA+SOX9+TP53	4	0.21581824723702503	0.05258235642355461	0.4804516486858957	0.0	0.0	500
primary::APC+FBXW7+SOX9+TP53	8	0.4545821526056465	0.18731791367575518	0.8691418773778022	0.0	0.0	500
metastatic::APC+NRAS+PIK3CA+TP53	7	0.38740436305766845	0.14672040306935072	0.787314393797735	0.0	0.0	500
metastatic::APC+FBXW7+KRAS+TCF7L2+TP53	2	0.11396514924131997	0.0	0.33235701781571175	0.0	0.0	500
primary::APC+ARID1A+FBXW7+KRAS+TP53	4	0.2221583398337631	0.049299313509612155	0.49074680106388324	0.0	0.0	500
primary::RNF43+TP53	20	1.1824206772923347	0.7109399361853439	1.754329495788308	0.0	0.0	500
primary::APC+NRAS+SOX9+TP53	7	0.40797373486854444	0.1404728189360351	0.7857900273409485	0.0	0.0	500
primary::APC+NRAS+SMAD4+TP53	9	0.5252817268364482	0.20765144962197854	0.9908228387928076	0.0	0.0	500
primary::APC+BRAF	15	0.9187160260201235	0.5021773704627258	1.531915210907253	0.0	0.0	500
primary::BRAF+PTEN+TP53	17	1.0391834550106522	0.5799731041320597	1.5558021576933392	0.0	0.0	500
primary::APC+CTNNB1+KRAS+PIK3CA	3	0.17603582940183649	0.0	0.4352767088960056	0.0	0.0	500
metastatic::BRAF+SMAD4+TP53	18	1.110151707724967	0.6209453963249307	1.7463747640231333	0.0	0.0	500
primary::APC+PIK3CA+SMAD4+TP53	6	0.3676642523545308	0.11396834961626494	0.7151069363951803	0.0	0.0	500
primary::KRAS+PTEN+TP53	10	0.6172656121857006	0.27354905696751075	1.067593574624901	0.0	0.0	500
primary::APC+BRAF+FBXW7+TP53	8	0.48803144810326793	0.1740752139186519	0.902182210274159	0.0	0.0	500
primary::APC+ARID1A+TCF7L2+TP53	5	0.29443236034627407	0.06158574072421275	0.6463495057227653	0.0	0.0	500
primary::APC+FBXW7+KRAS+PIK3CA+TCF7L2+TP53	1	0.060988632642692525	0.0	0.21478850737114744	0.0	0.0	500
metastatic::FBXW7+KRAS+TP53	8	0.48494885869315557	0.17686346995877017	0.9411879697607105	0.0	0.0	500
primary::APC+ARID1A+FBXW7+TP53	7	0.43528817017642796	0.13734034117841612	0.891308568015836	0.0	0.0	500
primary::BRAF+KRAS+TP53	7	0.4526234097166614	0.1319129056438349	0.8331500804428198	0.0	0.0	500
metastatic::APC+FBXW7+KRAS	12	0.782039890949912	0.3454925278360151	1.3138974387372657	0.0	0.0	500
primary::APC+ARID1A+SOX9+TP53	8	0.5151135873065852	0.20915539732214194	0.9521731730790673	0.0	0.0	500
metastatic::APC+NRAS+SMAD4+TP53	12	0.8045326475022967	0.37591696380365847	1.359381625075013	0.0	0.0	500
primary::APC+FBXW7+TCF7L2+TP53	6	0.3659933322370261	0.12083802165533952	0.7495255586662718	0.0	0.0	500
metastatic::APC+ARID1A+KRAS+PIK3CA+TP53	4	0.26546520578660876	0.0573904266819973	0.6054375576432962	0.0	0.0	500
metastatic::APC+KRAS+TCF7L2	14	0.9391327292828475	0.47837012861539785	1.5216456825577644	0.0	0.0	500
primary::ARID1A+BRAF+RNF43+TP53	4	0.26738256595599297	0.05714206621948896	0.613052185122001	0.0	0.0	500
primary::APC+BRAF+KRAS+TP53	4	0.2668116852198197	0.06577012502871309	0.6045811350974026	0.0	0.0	500
primary::APC+ARID1A+KRAS+SOX9+TP53	6	0.41284360093088823	0.12998044803222683	0.8393301110580558	0.0	0.0	500
metastatic::APC+CTNNB1+TP53	10	0.6833968914729112	0.28499511399059474	1.1292579837832468	0.0	0.0	500
primary::APC+FBXW7+KRAS+PIK3CA+TCF7L2	5	0.33605382321342936	0.07928622966589559	0.6873772060625498	0.0	0.0	500
metastatic::APC+ARID1A+KRAS+SMAD4+TP53	2	0.12957282324174196	0.0	0.35300160928210783	0.0	0.0	500
metastatic::CTNNB1+KRAS+TP53	15	1.0373596066268143	0.47873801504712443	1.8421375754206912	0.0	0.0	500
primary::KRAS+SMAD4	21	1.425009900784443	0.8726126928550854	2.3579348751105975	0.0	0.0	500
primary::APC+FBXW7+KRAS+PIK3CA+SMAD4	3	0.20900532711362432	0.0	0.4848743880709646	0.0	0.0	500
metastatic::KRAS+PIK3CA+SMAD4+TP53	8	0.5206778689490759	0.20367707324430986	0.959574719023581	0.0	0.0	500
primary::APC+ARID1A+PIK3CA+TP53	7	0.49167254605156574	0.1676456903199329	0.9101151734726337	0.0	0.0	500
primary::PTEN+TP53	14	1.0041315863001707	0.5290004759859892	1.5601153835678772	0.0	0.0	500
primary::NRAS+TP53	22	1.5338642002223777	0.9485422952871181	2.2478332766136235	0.0	0.0	500
primary::APC+ARID1A+KRAS+TCF7L2+TP53	5	0.3309611103993111	0.07356813247732949	0.7642386557858255	0.0	0.0	500
primary::APC+CTNNB1+KRAS+SMAD4+TP53	2	0.1508501213801336	0.0	0.37504458454724937	0.0	0.0	500
metastatic::APC+PTEN+TP53	5	0.36301012536231464	0.07444232725474179	0.7535714939349439	0.0	0.0	500
unknown::ARID1A	2	0.14731458528461944	0.0	0.3913049127117757	0.0	0.0	500
primary::APC+KRAS+PTEN+SMAD4+TP53	3	0.21380499030358327	0.0	0.5343096136812657	0.0	0.0	500
primary::APC+SMAD4+SOX9+TP53	5	0.35332207357431644	0.07559203016275548	0.7250874031921634	0.0	0.0	500
primary::APC+KRAS+PIK3CA+SMAD4+TCF7L2+TP53	2	0.148688925659069	0.0	0.4118706112629022	0.0	0.0	500
primary::APC+ARID1A+KRAS+PIK3CA+SOX9	5	0.3737397378586925	0.07619564117715025	0.7957714590962174	0.0	0.0	500
primary::BRAF+PIK3CA+RNF43+TP53	6	0.4591382202882177	0.1322124171696877	0.9091373571649745	0.0	0.0	500
metastatic::APC+KRAS+RNF43+TP53	4	0.3090252488309225	0.06989020370152832	0.7013955541543041	0.0	0.0	500
metastatic::KRAS+PTEN+TP53	13	0.9971830692065424	0.5038026091854274	1.733632008033829	0.0	0.0	500
metastatic::APC+CTNNB1+KRAS+PIK3CA+TP53	1	0.07232407454038572	0.0	0.30346097243074494	0.0	0.0	500
primary::APC+NRAS+TCF7L2+TP53	8	0.6208822133798817	0.2795905976255112	1.1664276111881489	0.0	0.0	500
primary::APC+FBXW7+KRAS+SMAD4+SOX9+TP53	4	0.3049646648588167	0.06332401242420331	0.6954022378655732	0.0	0.0	500
metastatic::APC+NRAS+SOX9+TP53	5	0.3890538920609592	0.10650458150476	0.8232066014358297	0.0	0.0	500
primary::KRAS+RNF43+TP53	16	1.283781196770677	0.6815286421711451	2.0180575337849653	0.0	0.0	500
primary::APC+KRAS+SMAD4+SOX9	12	0.9298007133248758	0.40075138269619054	1.5762066345894699	0.0	0.0	500
metastatic::BRAF+PIK3CA+TP53	1	0.07929634718170082	0.0	0.26155962319794945	0.0	0.0	500
metastatic::APC+RNF43+TP53	6	0.4851555094150848	0.1530853679724563	0.9437991231087193	0.0	0.0	500
primary::FBXW7+KRAS+PIK3CA+TP53	10	0.7870081016480591	0.3284677477788072	1.416024071542783	0.0	0.0	500
primary::APC+PIK3CA	23	1.8730883133434972	1.1012576200961153	3.01832754492585	0.0	0.008	500
metastatic::FBXW7+TP53	11	0.8891320496953319	0.4687825775487464	1.5498925183465861	0.0	0.0	500
primary::BRAF+RNF43	7	0.5641819759101178	0.1911870939627036	1.1176750889439657	0.0	0.0	500
primary::PIK3CA	23	1.837456446808308	1.1329069436278183	2.754777741257113	0.0	0.0	500
primary::APC+KRAS+PIK3CA+SOX9+TCF7L2	5	0.40881837590657755	0.08996988701146667	0.9287906458568215	0.0	0.0	500
primary::APC+BRAF+RNF43+TP53	2	0.15941292281036668	0.0	0.443737031287364	0.0	0.0	500
primary::APC+BRAF+SOX9+TP53	2	0.16202847221042255	0.0	0.4740644306258219	0.0	0.0	500
primary::BRAF+PIK3CA	21	1.7576965931279638	1.0517050490603592	2.778845403830979	0.0	0.002	500
primary::KRAS+PIK3CA+SMAD4	14	1.185979798347347	0.600993003653626	2.0298708079219883	0.0	0.0	500
metastatic::APC+BRAF+SMAD4+TP53	8	0.680996720501793	0.2565603590061335	1.2659077335069184	0.0	0.0	500
primary::APC+FBXW7+SMAD4+TP53	5	0.4014771326407187	0.08435730153752577	0.8562925559511053	0.0	0.0	500
primary::APC+CTNNB1+FBXW7+KRAS+TP53	1	0.08478497077589012	0.0	0.30839284678453316	0.0	0.0	500
primary::BRAF	65	5.518967638465764	4.143727890004671	7.23716231819933	0.066	0.998	500
primary::BRAF+PIK3CA+SMAD4+TP53	2	0.16481409543981565	0.0	0.49222331404467445	0.0	0.0	500
primary::APC+ARID1A+NRAS+TP53	5	0.4160830789741947	0.09603491280486409	0.8298458751421647	0.0	0.0	500
primary::APC+FBXW7+KRAS+PTEN+TP53	3	0.26425686717126784	0.0	0.664340270387108	0.0	0.0	500
primary::APC+ARID1A+KRAS+PIK3CA+TCF7L2	1	0.08670325426983953	0.0	0.31854707191866793	0.0	0.0	500
metastatic::APC+KRAS+PTEN+SMAD4+TP53	2	0.16130040327334882	0.0	0.4792514189097257	0.0	0.0	500
unknown::APC+KRAS+TP53	8	0.7348667506487139	0.2888223871787088	1.5741341828822581	0.0	0.0	500
primary::APC+ARID1A+BRAF+TP53	2	0.1721175064616694	0.0	0.4786962080970645	0.0	0.0	500
primary::APC+CTNNB1+KRAS	8	0.7151929469013496	0.2775869537610713	1.4216496970673336	0.0	0.0	500
primary::APC+SMAD4+TCF7L2+TP53	8	0.7285575216914917	0.278394065017345	1.3423591542329325	0.0	0.0	500
primary::CTNNB1+TP53	28	2.580663363820112	1.6384396868273514	4.15791781836127	0.0	0.098	500
metastatic::RNF43+TP53	13	1.2010348829544522	0.5700996836500865	1.9941450992236742	0.0	0.0	500
metastatic::APC+FBXW7+PIK3CA+TP53	10	0.9314306344259018	0.3937298058689454	1.6910284341085544	0.0	0.0	500
metastatic::APC+ARID1A+KRAS+PIK3CA	2	0.187163329871325	0.0	0.4930544081063225	0.0	0.0	500
metastatic::APC+KRAS+TGFBR2+TP53	6	0.5411655077195463	0.17002243330509198	1.1163924422571088	0.0	0.0	500
metastatic::NRAS+TP53	18	1.713513787058524	0.9498289772919335	2.6484164478936636	0.0	0.0	500
metastatic::APC+PIK3CA+SOX9+TP53	4	0.35050900528180895	0.08651323433928708	0.8937254882892747	0.0	0.0	500
metastatic::KRAS+RNF43+TP53	9	0.852404191538477	0.34386836520547964	1.5503605776696099	0.0	0.0	500
metastatic::APC+ARID1A+TCF7L2+TP53	6	0.5612111720521992	0.19633473861952683	1.1642276238131652	0.0	0.0	500
unknown::NRAS	1	0.09606360243120562	0.0	0.37120000646972373	0.0	0.0	500
primary::APC+KRAS+NRAS+PIK3CA+TP53	1	0.09533254100571552	0.0	0.38125985796646433	0.0	0.0	500
metastatic::APC+KRAS+SOX9+TCF7L2+TP53	2	0.18349476920294244	0.0	0.5001263715206802	0.0	0.0	500
metastatic::APC+KRAS+PIK3CA+SMAD4+SOX9	7	0.680860062131983	0.20649679021935835	1.3977285603499774	0.0	0.0	500
metastatic::APC+KRAS+PIK3CA+PTEN+TP53	6	0.5669259109077043	0.19660439518855066	1.1819591918208048	0.0	0.0	500
metastatic::APC+ARID1A+SOX9+TP53	2	0.18770983606990482	0.0	0.5611013950164284	0.0	0.0	500
metastatic::BRAF+RNF43+SMAD4+TP53	3	0.28162259652313043	0.0	0.7072198622009849	0.0	0.0	500
metastatic::APC+SMAD4+SOX9+TP53	10	1.0003442454696572	0.41664106341134766	1.7810799146311111	0.0	0.0	500
metastatic::APC+FBXW7+NRAS+TP53	2	0.1982584444239234	0.0	0.5664709533544233	0.0	0.0	500
primary::APC+ARID1A+FBXW7+KRAS+PIK3CA	2	0.19452953052134286	0.0	0.5696948718615777	0.0	0.0	500
primary::APC+BRAF+FBXW7+PIK3CA+TP53	4	0.3978003242761281	0.07791712278187463	0.8840854556213591	0.0	0.0	500
primary::APC+SOX9+TCF7L2+TP53	4	0.39738965965941153	0.08528083247730468	0.8290242056460052	0.0	0.0	500
primary::BRAF+PTEN+RNF43+TP53	3	0.29021790428272887	0.0	0.7499820133750953	0.0	0.0	500
primary::APC+KRAS+PTEN	14	1.4707067384850179	0.7485190671424379	2.6519795973013935	0.0	0.004	500
metastatic::APC+ARID1A+KRAS	3	0.28626096988654137	0.0	0.728045973758923	0.0	0.0	500
metastatic::KRAS+SMAD4	11	1.1442502605923195	0.5034508566192736	2.0514433653538457	0.0	0.0	500
metastatic::APC+ARID1A+KRAS+SOX9+TP53	1	0.10269402255894625	0.0	0.3828070521099483	0.0	0.0	500
primary::BRAF+FBXW7+RNF43+TP53	6	0.581281980108116	0.19440874009536135	1.2322100889541703	0.0	0.0	500
primary::APC+BRAF+PTEN+TP53	5	0.5173208112867348	0.1031047953408252	1.1122213206243379	0.0	0.0	500
metastatic::APC+ARID1A+FBXW7+KRAS+TP53	2	0.18328046368146067	0.0	0.585710266939845	0.0	0.0	500
primary::APC+KRAS+PIK3CA+SOX9+TCF7L2+TP53	1	0.1013677313396248	0.0	0.39768011806970993	0.0	0.0	500
primary::APC+FBXW7+KRAS+SOX9	5	0.511961201634314	0.11822289479099599	1.1354687722338794	0.0	0.0	500
primary::APC+ARID1A+KRAS+PIK3CA+TCF7L2+TP53	3	0.31422605131533166	0.0	0.7405463901531704	0.0	0.0	500
metastatic::PIK3CA	15	1.635621691196934	0.868334727371406	2.5737579325467426	0.0	0.0	500
primary::APC+KRAS+PIK3CA+SMAD4+TCF7L2	8	0.85337619191505	0.29704871782972525	1.8053922074151942	0.0	0.0	500
metastatic::APC+PIK3CA+SMAD4+TP53	2	0.20936738156733042	0.0	0.6155346057393575	0.0	0.0	500
primary::APC+FBXW7+KRAS+PIK3CA+SOX9+TCF7L2	5	0.5450498460088107	0.10964832042248163	1.217830899352125	0.0	0.0	500
primary::KRAS+SOX9+TP53	5	0.5074059906255906	0.10813451836943293	1.0825349444920167	0.0	0.0	500
metastatic::APC+NRAS+TCF7L2+TP53	5	0.5257044054343265	0.11401504002080591	1.095774674448646	0.0	0.0	500
primary::APC+ARID1A+KRAS+PIK3CA+SOX9+TP53	2	0.20787574976618906	0.0	0.5676755329210924	0.0	0.0	500
primary::APC+ARID1A+FBXW7+KRAS+PIK3CA+TP53	2	0.2136919412370804	0.0	0.631376785545432	0.0	0.0	500
unknown::APC+TP53	11	1.2206977455645274	0.47198109388971426	2.706165850017682	0.0	0.006	500
metastatic::BRAF	28	3.168962890173953	1.9232221485544858	4.577116461793429	0.0	0.268	500
metastatic::APC+KRAS+SMAD4+SOX9	7	0.8006750485389176	0.31308336264893216	1.597360756471023	0.0	0.0	500
primary::BRAF+PTEN+SMAD4+TP53	5	0.577841642829517	0.12717899912880715	1.1659036491596966	0.0	0.0	500
primary::SOX9+TP53	9	0.9768692232948386	0.38936120611408725	1.74860391373705	0.0	0.0	500
primary::APC+TGFBR2+TP53	6	0.6631265826106687	0.22237771546070073	1.301228551708298	0.0	0.0	500
metastatic::ARID1A+BRAF+RNF43+TP53	1	0.10395200560335624	0.0	0.3975474721385705	0.0	0.0	500
metastatic::APC+ARID1A+NRAS+TP53	1	0.11036599307869037	0.0	0.3723653825187183	0.0	0.0	500
metastatic::PTEN+TP53	7	0.7759138613133498	0.32765061036716164	1.4640210783108267	0.0	0.0	500
primary::APC+CTNNB1+KRAS+TCF7L2+TP53	1	0.11754977196906112	0.0	0.4048444698392584	0.0	0.0	500
primary::FBXW7+KRAS+SMAD4+TP53	4	0.472980371263514	0.10557203109821134	1.0860125422499216	0.0	0.0	500
metastatic::APC+FBXW7+KRAS+PIK3CA+SMAD4+TP53	5	0.5931833770476629	0.14199752559069706	1.3560764837378991	0.0	0.0	500
metastatic::APC+PIK3CA+TCF7L2+TP53	8	1.0037678401369394	0.3838671261169536	1.6642231157112324	0.0	0.0	500
metastatic::APC+KRAS+PIK3CA+PTEN	5	0.5852144357338789	0.12049086139548962	1.4423896647592078	0.0	0.0	500
primary::KRAS+RNF43+SMAD4+TP53	5	0.5439969121312586	0.12659471267793537	1.292327828732744	0.0	0.0	500
metastatic::KRAS+SOX9+TP53	1	0.11699495385978059	0.0	0.38822112269333764	0.0	0.0	500
metastatic::CTNNB1+KRAS+PIK3CA+TP53	4	0.4830552499508516	0.10062479731023567	1.2786298483041791	0.0	0.0	500
primary::APC+BRAF+PIK3CA	8	1.0067276295930832	0.30995481266626546	2.0115599758716147	0.0	0.0	500
primary::ARID1A+TP53	9	1.1016036558064184	0.4082889017908294	1.9339793589379366	0.0	0.0	500
metastatic::APC+FBXW7+SOX9+TP53	4	0.48626993416340003	0.11021863840095598	1.039527278069704	0.0	0.0	500
primary::APC+CTNNB1+KRAS+SOX9+TP53	1	0.12776625852592677	0.0	0.4490512228772776	0.0	0.0	500
metastatic::BRAF+PTEN+TP53	6	0.7375258808244411	0.2087943591517083	1.5002552253439934	0.0	0.0	500
primary::APC+BRAF+KRAS+PIK3CA+TP53	2	0.24974658344136647	0.0	0.6763429326576554	0.0	0.0	500
primary::BRAF+KRAS+SMAD4+TP53	1	0.1250077347961719	0.0	0.4422352845942221	0.0	0.0	500
primary::FBXW7+KRAS	8	1.0287907527662512	0.3944383673847035	1.9592671283584584	0.0	0.0	500
primary::APC+BRAF+PIK3CA+SMAD4+TP53	1	0.1204543534115154	0.0	0.44015536687324514	0.0	0.0	500
primary::APC+KRAS+PIK3CA+PTEN+SMAD4+TP53	2	0.2521553003388862	0.0	0.8595940043739749	0.0	0.0	500
metastatic::APC+CTNNB1+KRAS+SMAD4+TP53	3	0.37626665298502987	0.0	0.8782130826776485	0.0	0.0	500
primary::APC+BRAF+NRAS+TP53	4	0.5150888872920885	0.11409583313295212	1.1481762864707696	0.0	0.0	500
unknown::KRAS+TP53	4	0.5068897710549074	0.10215219042322449	1.2428883011565932	0.0	0.0	500
primary::APC+KRAS+NRAS+SMAD4+TP53	2	0.2533623354743473	0.0	0.7947835229013775	0.0	0.0	500
primary::CTNNB1+KRAS+PIK3CA+TP53	12	1.665139130281351	0.8542130780009866	3.0874949908472824	0.0	0.008	500
primary::FBXW7+KRAS+PIK3CA	7	0.9155642238788779	0.33979672889405316	1.7755475201384225	0.0	0.0	500
primary::APC+FBXW7+KRAS+PIK3CA+SMAD4+SOX9	2	0.2867328160333137	0.0	0.8795554646254726	0.0	0.0	500
metastatic::BRAF+FBXW7+TP53	3	0.3869975420684052	0.0	0.948781429772352	0.0	0.0	500
metastatic::APC+PIK3CA	4	0.5142602185097249	0.0911602517179842	1.315736984560993	0.0	0.0	500
primary::APC+PIK3CA+PTEN+TP53	3	0.4196532973340591	0.0	0.9844945578139458	0.0	0.0	500
primary::ARID1A+BRAF+TP53	6	0.8318181599739616	0.24817038086435783	1.5176332918371995	0.0	0.0	500
primary::APC+BRAF+TCF7L2+TP53	2	0.25808141815112695	0.0	0.758088509720453	0.0	0.0	500
metastatic::APC+CTNNB1+KRAS+PIK3CA	3	0.3710158335364576	0.0	0.9650875425937295	0.0	0.0	500
metastatic::APC+ARID1A+PIK3CA+TP53	3	0.4152518130467803	0.0	1.0176926446860055	0.0	0.0	500
metastatic::APC+BRAF	3	0.39364204077375264	0.0	1.0799313300196094	0.0	0.0	500
primary::APC+KRAS+PIK3CA+TGFBR2+TP53	3	0.4024281383742121	0.0	1.0820348777596704	0.0	0.0	500
primary::BRAF+SOX9+TP53	1	0.1386464239714827	0.0	0.513894261023813	0.0	0.0	500
primary::SMAD4	13	1.8906419240930061	0.8609406836627379	3.1212518023162836	0.0	0.004	500
metastatic::APC+KRAS+PTEN	6	0.8433438384978963	0.20656439046564	1.924675352705416	0.0	0.0	500
primary::APC+ARID1A+SMAD4+TP53	5	0.6973591978477514	0.14290650006448335	1.5042943460544607	0.0	0.0	500
primary::APC+KRAS+SMAD4+TCF7L2	3	0.4304276497885406	0.0	1.0338672173747105	0.0	0.0	500
primary::APC+KRAS+SOX9+TCF7L2	3	0.39763443137920196	0.0	1.0551901467751978	0.0	0.0	500
metastatic::APC+ARID1A+FBXW7+TP53	4	0.5524864344986862	0.11975045927806267	1.194717742599971	0.0	0.0	500
primary::KRAS+PIK3CA+PTEN+TP53	7	0.9943342440800123	0.3962633010545043	1.9721312977193306	0.0	0.0	500
metastatic::APC+FBXW7+TCF7L2+TP53	5	0.703736289172179	0.1532695465151439	1.4428088055824473	0.0	0.0	500
primary::CTNNB1+KRAS+SMAD4+TP53	4	0.5589972509112398	0.11818534406034821	1.3718205711751301	0.0	0.0	500
metastatic::APC+BRAF+PIK3CA+TP53	12	1.78440006063303	0.8398628595830044	3.262618308863841	0.0	0.014	500
primary::APC+FBXW7+KRAS+SMAD4	3	0.4118383780965025	0.0	1.0123705227325208	0.0	0.0	500
primary::APC+KRAS+PIK3CA+RNF43+TP53	3	0.41602215561249833	0.0	0.9981687008565882	0.0	0.0	500
primary::APC+ARID1A+KRAS+PIK3CA+SMAD4+TP53	2	0.2602028833681434	0.0	0.7636802084010418	0.0	0.0	500
primary::APC+FBXW7+KRAS+PIK3CA+PTEN+TP53	1	0.13896676632036786	0.0	0.6365083892847525	0.0	0.0	500
metastatic::CTNNB1+TP53	15	2.2034689084653585	1.0474247028433508	3.875925859500585	0.0	0.046	500
primary::BRAF+SMAD4	9	1.3486529910774498	0.5735346100129919	2.4359883464569467	0.0	0.0	500
primary::BRAF+NRAS+TP53	4	0.5821345655720958	0.13178205463090126	1.2340154312167935	0.0	0.0	500
metastatic::APC+SMAD4+TCF7L2+TP53	4	0.6269116144870321	0.1306891553863664	1.355213669462129	0.0	0.0	500
primary::KRAS+PTEN	7	1.0216107870403603	0.33788774973011226	1.921346968785278	0.0	0.0	500
primary::KRAS+PIK3CA+PTEN	6	0.9253753949416039	0.22678151125063695	1.841992575038123	0.0	0.0	500
primary::APC+KRAS+TGFBR2	3	0.40775935486355497	0.0	1.1193828775071235	0.0	0.0	500
primary::BRAF+PIK3CA+PTEN+TP53	6	0.9171841408163056	0.3221241613183301	1.754175801687911	0.0	0.0	500
primary::BRAF+FBXW7+SMAD4+TP53	2	0.30287709904390125	0.0	0.878258603393585	0.0	0.0	500
primary::PIK3CA+SMAD4+TP53	9	1.3625685604482975	0.5614409235002372	2.5963394084147176	0.0	0.0	500
primary::APC+FBXW7+KRAS+SMAD4+TCF7L2+TP53	1	0.14911233074455643	0.0	0.5793779212400971	0.0	0.0	500
primary::CTNNB1+KRAS+PIK3CA	12	1.8670744457904764	0.8551213613313295	3.5093988912953753	0.0	0.02	500
metastatic::APC+FBXW7+SMAD4+TP53	2	0.29902063397046696	0.0	0.8373561730242194	0.0	0.0	500
primary::APC+FBXW7+KRAS+TCF7L2	2	0.3020804062643129	0.0	0.9045560470553526	0.0	0.0	500
primary::APC+FBXW7	8	1.3251195582258448	0.505475658023924	2.6334746428466667	0.0	0.0	500
metastatic::APC+BRAF+FBXW7+TP53	5	0.768741086728046	0.17911070522534436	1.6520973592895176	0.0	0.0	500
primary::APC+ARID1A+KRAS+SMAD4+SOX9+TP53	5	0.7657311637852681	0.18976077773354716	1.9115697286879918	0.0	0.0	500
metastatic::APC+SOX9+TCF7L2+TP53	2	0.31239210653653704	0.0	0.8834935243224824	0.0	0.0	500
metastatic::APC+BRAF+KRAS+TP53	3	0.4535882821430833	0.0	1.0834667544132424	0.0	0.0	500
metastatic::APC+CTNNB1+KRAS	4	0.6251896886530276	0.1285744363031093	1.4833387619820233	0.0	0.0	500
primary::BRAF+PIK3CA+RNF43	4	0.6261647698492885	0.12959921240130504	1.5244161609905693	0.0	0.0	500
metastatic::SOX9+TP53	7	1.1371991874563157	0.33589482399896115	2.0801624587284917	0.0	0.0	500
primary::APC+KRAS+PTEN+SOX9+TP53	2	0.3083708840911319	0.0	0.9899910156970163	0.0	0.0	500
primary::ARID1A+KRAS+TP53	7	1.1373363228665	0.4120776015939525	2.2461760703883087	0.0	0.0	500
metastatic::ARID1A+TP53	5	0.8121231924476158	0.18354727973586896	1.7049439920377658	0.0	0.0	500
primary::KRAS+PTEN+SMAD4+TP53	2	0.3180272975871623	0.0	0.9065625548223177	0.0	0.0	500
metastatic::FBXW7+KRAS+PIK3CA+TP53	7	1.1141129687386453	0.39212296000313396	2.2857122429861954	0.0	0.002	500
metastatic::APC+ARID1A+SMAD4+TP53	4	0.7053067613471746	0.13127456460084905	1.491611531551484	0.0	0.0	500
primary::APC+ARID1A+FBXW7+KRAS+PIK3CA+SOX9	1	0.16486800867243712	0.0	0.649878097583357	0.0	0.0	500
primary::BRAF+CTNNB1+TP53	7	1.2277442569830574	0.3637136611083878	2.323552354587582	0.0	0.0	500
primary::BRAF+KRAS+PIK3CA+TP53	3	0.4950975110834638	0.0	1.2333529572539865	0.0	0.0	500
primary::BRAF+FBXW7+PIK3CA+TP53	5	0.850511293720448	0.18040096341239906	1.889974166386125	0.0	0.0	500
primary::APC+BRAF+PIK3CA+SOX9+TP53	2	0.3404738592827068	0.0	0.9146815326449359	0.0	0.0	500
primary::APC+KRAS+PTEN+TCF7L2+TP53	3	0.5094021646196314	0.0	1.369766604353422	0.0	0.0	500
metastatic::BRAF+PIK3CA	4	0.7003085116532806	0.14631787888366196	1.4705074793256747	0.0	0.0	500
primary::APC+SMAD4	11	1.9261155451087495	0.8464857154566513	4.222525613746975	0.0	0.066	500
primary::BRAF+PTEN	13	2.2451571908803123	1.0955101710566146	4.072651453638885	0.0	0.072	500
primary::BRAF+PIK3CA+PTEN	3	0.5279279580916483	0.0	1.3829545266725043	0.0	0.0	500
primary::TCF7L2+TP53	2	0.35688262775875945	0.0	0.9105593408023311	0.0	0.0	500
primary::APC+KRAS+PIK3CA+SMAD4+SOX9+TCF7L2	3	0.5011094739114117	0.0	1.3864631709183795	0.0	0.0	500
primary::APC+ARID1A+CTNNB1+TP53	2	0.34421215092531143	0.0	0.91785175041551	0.0	0.0	500
metastatic::APC+NRAS	11	2.041601128909325	0.7826565618181778	4.863972858783141	0.006	0.106	500
metastatic::APC+BRAF+SOX9+TP53	2	0.3468689925068117	0.0	1.0509390873633133	0.0	0.0	500
metastatic::KRAS+PIK3CA+SMAD4	9	1.599252700297809	0.654708334681485	3.34465222134141	0.0	0.014	500
primary::APC+KRAS+PIK3CA+TGFBR2	3	0.5415262140605319	0.0	1.3097030859328838	0.0	0.0	500
primary::APC+CTNNB1+FBXW7+TP53	3	0.5089385090728482	0.0	1.57158722665744	0.0	0.0	500
metastatic::SMAD4	13	2.380359139964666	1.17828160648179	3.9757504145812725	0.0	0.066	500
primary::APC+KRAS+RNF43+SMAD4+TP53	1	0.18403554337568787	0.0	0.6897731933980022	0.0	0.0	500
primary::APC+KRAS+SMAD4+SOX9+TCF7L2+TP53	1	0.17913722454741066	0.0	0.6781178756936576	0.0	0.0	500
metastatic::KRAS+PTEN+SMAD4+TP53	6	1.108514248841451	0.366734578116706	2.2193152996006393	0.0	0.0	500
metastatic::APC+FBXW7+KRAS+PIK3CA+SOX9	3	0.5669953645685004	0.0	1.5444601714432162	0.0	0.0	500
primary::APC+FBXW7+KRAS+RNF43+TP53	1	0.1861264900011905	0.0	0.7362289679179451	0.0	0.0	500
primary::APC+BRAF+PIK3CA+PTEN+TP53	1	0.18439447098345968	0.0	0.7016479327494936	0.0	0.0	500
primary::KRAS+PIK3CA+RNF43+TP53	1	0.1864538270449361	0.0	0.7049003290940036	0.0	0.0	500
metastatic::APC+KRAS+PIK3CA+PTEN+SMAD4+TP53	1	0.18498062660964815	0.0	0.8248408236668768	0.0	0.0	500
primary::KRAS+SOX9	4	0.7138356257345306	0.17271392266213245	1.6282413767724753	0.0	0.0	500
metastatic::CTNNB1+KRAS+SMAD4+TP53	1	0.18339723556748427	0.0	0.7101081567901292	0.0	0.0	500
metastatic::KRAS+RNF43+SMAD4+TP53	4	0.7720900358974577	0.15842238262801603	1.8365515034995532	0.0	0.0	500
metastatic::BRAF+RNF43	2	0.380732272705	0.0	1.134223975724401	0.0	0.0	500
primary::BRAF+FBXW7	10	1.9747503219608304	0.8512046468047364	3.3363857511247756	0.0	0.008	500
primary::APC+KRAS+PIK3CA+PTEN+SMAD4	6	1.158822211925354	0.26885827931730516	2.8841585826880376	0.0	0.004	500
metastatic::APC+KRAS+SMAD4+TCF7L2	2	0.3576418803813166	0.0	1.1772333448498493	0.0	0.0	500
metastatic::APC+SMAD4	4	0.7911344281416274	0.16476207504940238	2.168825112078816	0.0	0.0	500
primary::APC+ARID1A+RNF43+TP53	3	0.6085997531008638	0.0	1.6619309136703835	0.0	0.0	500
primary::APC+FBXW7+NRAS+PIK3CA+TP53	3	0.5791346450541952	0.0	1.5911417368885608	0.0	0.0	500
metastatic::KRAS+PIK3CA+PTEN+TP53	1	0.19261271933093482	0.0	0.6828952369709536	0.0	0.0	500
primary::APC+ARID1A+KRAS+SOX9	6	1.149753630897111	0.36071390730221925	2.7268786102751754	0.0	0.002	500
primary::APC+FBXW7+KRAS+PIK3CA+SMAD4+TCF7L2	1	0.1742013506640802	0.0	0.8168595802417257	0.0	0.0	500
primary::FBXW7+PIK3CA+TP53	5	1.0088597978808824	0.20319274987768068	2.1920762168187484	0.0	0.0	500
metastatic::ARID1A+KRAS+TP53	5	1.0107487390038181	0.2395387904547634	2.057206158728845	0.0	0.0	500
metastatic::APC+FBXW7+KRAS+PIK3CA+SMAD4	1	0.19705598682717088	0.0	0.7968956599861866	0.0	0.0	500
primary::KRAS+TCF7L2+TP53	5	0.9565636349916534	0.22266111297297392	1.9848051019575703	0.0	0.0	500
primary::APC+ARID1A+FBXW7+KRAS+SOX9+TP53	1	0.20017038059368583	0.0	0.8282872759287367	0.0	0.0	500
primary::CTNNB1+KRAS	9	1.8554950570318263	0.803684980078933	3.640180668060794	0.0	0.026	500
primary::NRAS+SMAD4+TP53	2	0.4299743081541543	0.0	1.1606319988560563	0.0	0.0	500
primary::APC+KRAS+NRAS+PIK3CA	1	0.19702764838577735	0.0	0.8194273557417211	0.0	0.0	500
metastatic::KRAS+TCF7L2+TP53	1	0.20975403025876554	0.0	0.7558497909791191	0.0	0.0	500
primary::APC+FBXW7+KRAS+PIK3CA+PTEN	2	0.4058496866738398	0.0	1.3805145314634586	0.0	0.0	500
primary::FBXW7	13	2.6889804562531223	1.3379252153779366	4.333726727010533	0.0	0.152	500
primary::APC+SOX9	17	3.6339321001318448	1.8888162951385252	6.540423667673263	0.014	0.502	500
metastatic::APC+KRAS+PIK3CA+SMAD4+TCF7L2	3	0.6303038459282725	0.0	1.8734190448364538	0.0	0.0	500
metastatic::APC+ARID1A+FBXW7+KRAS+PIK3CA+TP53	1	0.20519437508955332	0.0	0.8169581944666272	0.0	0.0	500
primary::APC+BRAF+FBXW7+SMAD4+TP53	2	0.4280747210561382	0.0	1.494893872519984	0.0	0.0	500
primary::APC+ARID1A+KRAS+SMAD4	2	0.41003532777015284	0.0	1.229031526774954	0.0	0.0	500
primary::APC+ARID1A+PIK3CA+TCF7L2+TP53	4	0.8641447655609407	0.17397077043625275	2.0866121141442284	0.0	0.0	500
metastatic::APC+CTNNB1+FBXW7+KRAS+TP53	1	0.20102065066135244	0.0	0.7715554295600007	0.0	0.0	500
primary::APC+CTNNB1+PIK3CA+TP53	2	0.4425554581218232	0.0	1.1875289447125874	0.0	0.0	500
primary::APC+BRAF+KRAS+PIK3CA	1	0.2115694820807742	0.0	0.7898879333812179	0.0	0.0	500
primary::BRAF+RNF43+TGFBR2+TP53	2	0.42813226124978654	0.0	1.3163950333152472	0.0	0.0	500
primary::APC+KRAS+PIK3CA+PTEN+SOX9	4	0.872903141467744	0.17173165568389975	2.404230425770842	0.0	0.002	500
primary::ARID1A+BRAF+RNF43+SOX9+TGFBR2	1	0.19234466895253333	0.0	0.8757713371164824	0.0	0.0	500
primary::APC+CTNNB1+KRAS+PIK3CA+TCF7L2+TP53	1	0.22185828307863778	0.0	0.8438503372333841	0.0	0.0	500
primary::APC+CTNNB1+KRAS+PIK3CA+SOX9+TP53	3	0.6318560432468835	0.0	1.799081291926482	0.0	0.0	500
primary::APC+KRAS+PIK3CA+PTEN+SMAD4+SOX9	1	0.2068284998491579	0.0	0.8734902834662117	0.0	0.0	500
primary::APC+ARID1A+KRAS+PIK3CA+SOX9+TCF7L2	2	0.4048441115332359	0.0	1.5933505361481712	0.0	0.0	500
primary::APC+BRAF+TGFBR2+TP53	1	0.2179511502270038	0.0	0.8223879974020549	0.0	0.0	500
primary::APC+ARID1A+NRAS+TCF7L2+TP53	2	0.4262652980712691	0.0	1.440342629523791	0.0	0.0	500
metastatic::BRAF+PTEN+RNF43+TP53	1	0.22379650944767182	0.0	0.881667535986755	0.0	0.0	500
primary::APC+BRAF+KRAS+SMAD4+TP53	2	0.4534350528255744	0.0	1.3844313091532374	0.0	0.0	500
metastatic::APC+BRAF+PTEN+TP53	2	0.4194556489980089	0.0	1.3439253012388943	0.0	0.0	500
primary::ARID1A+BRAF+RNF43+SMAD4+TP53	2	0.4268989405626783	0.0	1.6900875532877706	0.0	0.0	500
primary::APC+FBXW7+PTEN+TP53	1	0.2267898793249901	0.0	0.8674419835207087	0.0	0.0	500
primary::APC+BRAF+PIK3CA+RNF43+TP53	1	0.22798549813673002	0.0	0.8303966661220643	0.0	0.0	500
metastatic::APC+BRAF+NRAS+TP53	2	0.46901742270218194	0.0	1.3828722239656048	0.0	0.0	500
metastatic::APC+BRAF+TCF7L2+TP53	2	0.44114690061671713	0.0	1.3189328922840853	0.0	0.0	500
primary::APC+BRAF+PTEN	4	0.9647092397728725	0.18988112468074345	2.6215051994761795	0.0	0.0	500
primary::ARID1A+RNF43+TP53	2	0.42574674854813527	0.0	1.3868438063572581	0.0	0.0	500
metastatic::APC+NRAS+SMAD4+SOX9+TP53	2	0.4496332789643789	0.0	1.4272122653060662	0.0	0.0	500
metastatic::BRAF+NRAS+TP53	2	0.45554675381578685	0.0	1.227468924216476	0.0	0.0	500
metastatic::BRAF+FBXW7+RNF43+TP53	2	0.45521259822858606	0.0	1.375214202238784	0.0	0.0	500
primary::APC+ARID1A+KRAS+TCF7L2	5	1.1434344441500863	0.22077836459138767	2.787503549974783	0.0	0.006	500
primary::CTNNB1+KRAS+PIK3CA+SMAD4+TP53	1	0.2056526271840295	0.0	0.9637914881113981	0.0	0.0	500
primary::BRAF+FBXW7+PIK3CA	2	0.4358262948459831	0.0	1.362047458935171	0.0	0.0	500
metastatic::APC+KRAS+RNF43+SMAD4+TP53	2	0.44404044180746205	0.0	1.3742811316307306	0.0	0.0	500
primary::APC+ARID1A+KRAS+SOX9+TCF7L2+TP53	1	0.21979290000614873	0.0	0.9345199957344037	0.0	0.0	500
primary::CTNNB1+FBXW7+KRAS+TP53	1	0.22817179322586204	0.0	0.9507604815311952	0.0	0.0	500
primary::BRAF+KRAS	1	0.23792259943673233	0.0	0.846477763497834	0.0	0.0	500
primary::APC+CTNNB1+NRAS+TP53	2	0.4582162589187578	0.0	1.3021159388494985	0.0	0.0	500
primary::APC+ARID1A+PIK3CA+SOX9+TP53	1	0.21888809171110368	0.0	0.8289655760685467	0.0	0.0	500
primary::APC+KRAS+PTEN+SMAD4	3	0.7135816559112921	0.0	2.067277657533737	0.0	0.0	500
metastatic::APC+FBXW7+KRAS+SOX9	3	0.6704241271180059	0.0	1.9110212958820525	0.0	0.0	500
metastatic::APC+BRAF+PIK3CA+SMAD4+TP53	1	0.22192852255579992	0.0	0.8641802415558808	0.0	0.0	500
primary::ARID1A+BRAF+RNF43	6	1.5160288645753903	0.4161035154173964	4.019287990909803	0.0	0.022	500
primary::APC+KRAS+NRAS+SOX9+TP53	1	0.23354095580818188	0.0	0.9120251060209584	0.0	0.0	500
primary::APC+NRAS+PIK3CA+SMAD4+TP53	4	0.97910488441382	0.176829252797658	2.498693194193589	0.0	0.0	500
metastatic::FBXW7+KRAS+SMAD4+TP53	1	0.2397303564971996	0.0	0.8658826270122827	0.0	0.0	500
metastatic::FBXW7+KRAS+PIK3CA	4	1.005668523814235	0.21234317239865833	2.2518594862742582	0.0	0.0	500
primary::KRAS+PIK3CA+SOX9	3	0.7232089462257596	0.0	1.6850781390168503	0.0	0.0	500
primary::FBXW7+SMAD4+TP53	2	0.49536917029142136	0.0	1.3088007898735947	0.0	0.0	500
primary::APC+CTNNB1+FBXW7+KRAS+PIK3CA	1	0.25559681636759074	0.0	0.9584064146811011	0.0	0.0	500
primary::APC+FBXW7+KRAS+PIK3CA+PTEN+TCF7L2	1	0.24707999743498837	0.0	1.1562928318146537	0.0	0.0	500
metastatic::TCF7L2+TP53	2	0.5149061765086413	0.0	1.3952263675551237	0.0	0.0	500
metastatic::CTNNB1+KRAS+PIK3CA	3	0.7280565486642405	0.0	2.256143596139594	0.0	0.0	500
primary::KRAS+RNF43	2	0.5334103461204015	0.0	1.3394344313696283	0.0	0.0	500
primary::RNF43	6	1.521216296611688	0.5094478564543807	3.0803713273461835	0.0	0.006	500
metastatic::FBXW7+KRAS	5	1.3370900069863987	0.2671405946863256	2.9022917886222555	0.0	0.006	500
primary::APC+ARID1A+FBXW7+KRAS	2	0.49032198201461563	0.0	1.5245554630481657	0.0	0.0	500
primary::CTNNB1+PIK3CA+TP53	2	0.5243921966329601	0.0	1.5608194264082078	0.0	0.0	500
primary::NRAS+PIK3CA+TP53	7	1.7818679067013246	0.5316312156827511	3.7867979916152326	0.0	0.032	500
primary::APC+CTNNB1+KRAS+PIK3CA+SMAD4+SOX9	1	0.24320105258694652	0.0	1.2769950332824742	0.0	0.0	500
primary::APC+NRAS+PIK3CA+SOX9+TP53	1	0.22831466852243865	0.0	0.9949628911046314	0.0	0.0	500
primary::BRAF+PIK3CA+SMAD4	3	0.7852323109995842	0.0	2.1235455841381676	0.0	0.0	500
primary::APC+PTEN	3	0.7982348534928532	0.0	2.9083384420901464	0.002	0.0	500
primary::APC+ARID1A+KRAS+PIK3CA+SMAD4+SOX9+TP53	1	0.2507013145013859	0.0	1.3532602959986224	0.0	0.0	500
primary::APC+FBXW7+PIK3CA+SOX9+TP53	3	0.7994866063502968	0.0	2.137780622006704	0.0	0.0	500
metastatic::APC+FBXW7+KRAS+SMAD4	2	0.4788870291559807	0.0	1.4674346039509738	0.0	0.0	500
primary::RNF43+SMAD4+TP53	11	3.0356575515256328	1.2083179323933304	5.468271735002054	0.004	0.266	500
primary::APC+ARID1A+BRAF+PIK3CA+RNF43+TCF7L2+TGFBR2	2	0.4684519056021561	0.0	2.1166644041668716	0.0	0.0	500
primary::APC+FBXW7+KRAS+PIK3CA+PTEN+SMAD4+TP53	2	0.5216398441158736	0.0	2.2263392769535972	0.0	0.0	500
primary::APC+ARID1A+KRAS+SMAD4+TCF7L2+TP53	1	0.25953262813444283	0.0	1.0958132686533315	0.0	0.0	500
primary::FBXW7+KRAS+PTEN+TP53	3	0.8348052236827277	0.0	2.157753560894317	0.0	0.0	500
primary::APC+KRAS+PIK3CA+SOX9+TGFBR2	1	0.2781911033304892	0.0	1.0522087570574041	0.0	0.0	500
metastatic::PIK3CA+SMAD4+TP53	2	0.543105932523637	0.0	1.6261864303004987	0.0	0.0	500
primary::APC+CTNNB1+KRAS+PIK3CA+SMAD4	2	0.5112327394215916	0.0	1.6135914794798933	0.0	0.0	500
metastatic::KRAS+PIK3CA+PTEN	2	0.5321007635889146	0.0	1.6825177845881631	0.0	0.0	500
primary::APC+FBXW7+KRAS+PIK3CA+SMAD4+TCF7L2+TP53	1	0.256138842933517	0.0	1.130261036967701	0.0	0.0	500
primary::KRAS+NRAS+TP53	1	0.2703266086547562	0.0	1.1101817484644485	0.0	0.0	500
primary::APC+ARID1A+FBXW7+KRAS+SOX9	1	0.26868297599124946	0.0	1.163592097018536	0.0	0.0	500
metastatic::FBXW7	3	0.7780861761653189	0.0	1.8992226128040652	0.0	0.0	500
metastatic::BRAF+SMAD4	7	1.9881555905205692	0.6000443010189055	3.839738893664374	0.0	0.038	500
primary::APC+KRAS+PIK3CA+PTEN+SOX9+TP53	2	0.5109530962084783	0.0	1.5685197178511916	0.0	0.0	500
metastatic::APC+ARID1A+KRAS+PIK3CA+SMAD4+TP53	1	0.2671910943649331	0.0	1.2695746930184584	0.0	0.0	500
primary::CTNNB1+SMAD4+TP53	3	0.8370459009397906	0.0	2.278243214035024	0.0	0.0	500
primary::APC+KRAS+RNF43	2	0.5470647513026933	0.0	1.5451619851844909	0.0	0.0	500
unknown::APC+KRAS+SMAD4+TP53	3	0.8973135230243181	0.0	2.6374228525331085	0.0	0.0	500
primary::APC+FBXW7+KRAS+PIK3CA+SMAD4+SOX9+TCF7L2	1	0.27609676281479456	0.0	1.1983924763789149	0.0	0.0	500
primary::APC+ARID1A+FBXW7+PIK3CA+TP53	1	0.26692569168038593	0.0	0.9740763669727097	0.0	0.0	500
primary::PTEN	8	2.3779964550693764	0.8204145856869103	4.0317370012036005	0.0	0.08	500
metastatic::BRAF+PTEN+SMAD4+TP53	3	0.8212740162243747	0.0	2.1772004628692785	0.0	0.002	500
metastatic::KRAS+SOX9	1	0.28146118313510465	0.0	1.0541619359845185	0.0	0.0	500
primary::CTNNB1+FBXW7+KRAS+PIK3CA+TP53	2	0.5436947478217387	0.0	1.696271565187778	0.0	0.0	500
metastatic::NRAS+SMAD4+TP53	4	1.074986006386366	0.26999482445684725	2.723028975326611	0.0	0.0	500
primary::BRAF+KRAS+RNF43+TP53	1	0.28341719061260773	0.0	0.9967461625117592	0.0	0.0	500
metastatic::APC+NRAS+SMAD4+TCF7L2+TP53	1	0.2886915511569531	0.0	1.2631810321133063	0.0	0.0	500
metastatic::APC+FBXW7+KRAS+TCF7L2	2	0.5397998883648494	0.0	1.590617420280058	0.0	0.0	500
primary::APC+BRAF+PTEN+SMAD4+TP53	1	0.25484673819509995	0.0	1.1036289142169242	0.0	0.0	500
primary::FBXW7+KRAS+RNF43+TP53	3	0.8508630375230121	0.0	2.1540326393567817	0.0	0.0	500
primary::APC+PIK3CA+SMAD4+TCF7L2+TP53	1	0.28085902919033506	0.0	1.000771457066807	0.0	0.0	500
primary::CTNNB1+KRAS+PIK3CA+PTEN	1	0.2616170970963779	0.0	1.2639312328822596	0.0	0.0	500
primary::APC+FBXW7+NRAS+TCF7L2+TP53	1	0.2680359127083275	0.0	1.1190751278216808	0.0	0.0	500
metastatic::ARID1A+BRAF+TP53	5	1.3979408901481132	0.2997449474004541	3.1810356602962666	0.0	0.004	500
primary::APC+ARID1A+FBXW7+KRAS+PIK3CA+SOX9+TP53	1	0.279789786022659	0.0	1.379842713190437	0.0	0.0	500
primary::APC+CTNNB1+TCF7L2+TP53	1	0.30033255859321906	0.0	1.10604899548865	0.0	0.0	500
metastatic::BRAF+KRAS+SMAD4+TP53	1	0.2918105340764117	0.0	1.102848775364387	0.0	0.0	500
metastatic::KRAS+PTEN	6	1.804853744851459	0.46473087977034316	3.657671940850256	0.0	0.04	500
primary::APC+FBXW7+KRAS+SMAD4+SOX9	2	0.5471661443137045	0.0	1.9227447733827638	0.0	0.0	500
primary::BRAF+SOX9	5	1.505882281962119	0.2988262685721106	3.11731766285983	0.0	0.01	500
primary::APC+NRAS+SMAD4+TCF7L2+TP53	1	0.2931873874768741	0.0	1.007236299634749	0.0	0.0	500
primary::APC+ARID1A+NRAS+SOX9+TP53	1	0.2987967482743302	0.0	1.377112798676167	0.0	0.0	500
primary::APC+NRAS+PTEN+TP53	4	1.130664584509716	0.27129262180131625	2.601214343331529	0.0	0.0	500
primary::SOX9	5	1.6110831884625667	0.3573554356952946	3.282835696840687	0.0	0.008	500
primary::APC+KRAS+PIK3CA+RNF43	2	0.5791773737090784	0.0	1.6810614337205634	0.0	0.0	500
primary::APC+ARID1A+CTNNB1+KRAS+PIK3CA+TP53	1	0.30635572087517277	0.0	1.1862468441932714	0.0	0.0	500
primary::BRAF+PTEN+RNF43+SMAD4+TP53	1	0.29472331718708444	0.0	1.0962868081776043	0.0	0.0	500
primary::ARID1A+BRAF+PIK3CA+RNF43+TGFBR2	5	1.569572505249544	0.37793880260604396	4.95667229958157	0.002	0.01	500
primary::APC+FBXW7+KRAS+PIK3CA+SOX9+TCF7L2+TP53	1	0.2865068755675361	0.0	1.3941465311174395	0.0	0.0	500
metastatic::APC+SOX9	5	1.5972040182219893	0.3049817156628724	4.080551497166667	0.0	0.01	500
primary::ARID1A+BRAF+FBXW7+RNF43+TP53	2	0.6039605670903012	0.0	2.0423848360758945	0.0	0.0	500
primary::APC+FBXW7+RNF43+TP53	3	0.8618743916191719	0.0	2.377058757005307	0.0	0.0	500
primary::APC+BRAF+FBXW7+KRAS+TP53	1	0.28808128774452846	0.0	1.079322788879108	0.0	0.0	500
metastatic::APC+BRAF+KRAS+SMAD4+TP53	4	1.2694161330792628	0.2464978001379181	3.3432833032309146	0.0	0.004	500
primary::PTEN+SMAD4+TP53	1	0.3076936565315005	0.0	1.1211576559585688	0.0	0.0	500
primary::APC+ARID1A+SOX9+TCF7L2+TP53	1	0.30903241057217723	0.0	1.2888153897660684	0.0	0.0	500
primary::APC+NRAS+RNF43+TP53	1	0.310498812789777	0.0	1.2066122366417005	0.0	0.0	500
metastatic::KRAS+NRAS+TP53	2	0.5823025207172209	0.0	1.7375076861853014	0.0	0.0	500
primary::APC+BRAF+SMAD4	4	1.2312576856846422	0.261983733697616	3.7607343682094347	0.002	0.0	500
metastatic::APC+KRAS+PIK3CA+TGFBR2	2	0.6521307291547415	0.0	1.9309269097823976	0.0	0.0	500
primary::APC+BRAF+SMAD4+SOX9+TP53	1	0.31567453627401976	0.0	1.3467912226971	0.0	0.0	500
primary::FBXW7+RNF43+TP53	1	0.31227593631701556	0.0	1.2347049803772283	0.0	0.0	500
primary::KRAS+TCF7L2	3	0.9606693248984499	0.0	2.328646686947529	0.0	0.0	500
primary::BRAF+TCF7L2+TP53	1	0.32881849171744926	0.0	1.1914112100585499	0.0	0.0	500
metastatic::KRAS+PIK3CA+RNF43+TP53	1	0.33025412500014384	0.0	1.2576940487780714	0.0	0.0	500
metastatic::APC+BRAF+PIK3CA+SOX9+TP53	2	0.6455938668213397	0.0	1.9848440438409953	0.0	0.0	500
primary::APC+FBXW7+NRAS+SMAD4+TP53	1	0.3080341952623287	0.0	1.2997682949361442	0.0	0.0	500
primary::APC+PIK3CA+SMAD4+SOX9+TP53	1	0.31102476678001256	0.0	1.504105740850258	0.0	0.0	500
primary::APC+ARID1A+BRAF+FBXW7+TP53	1	0.31603544653788995	0.0	1.2624448865354283	0.0	0.0	500
primary::APC+KRAS+RNF43+TCF7L2+TP53	2	0.607307391409707	0.0	2.0245964421587255	0.0	0.0	500
primary::PIK3CA+RNF43+TP53	1	0.31873348689272674	0.0	1.195927690740883	0.0	0.0	500
metastatic::APC+PIK3CA+PTEN+TP53	1	0.3271845095910898	0.0	1.2936573330370582	0.0	0.0	500
metastatic::BRAF+PIK3CA+SMAD4+TP53	3	0.9146691592079301	0.0	2.6187978295193943	0.0	0.0	500
metastatic::APC+KRAS+TGFBR2	2	0.6147003450777906	0.0	1.9465193592889212	0.0	0.0	500
metastatic::CTNNB1+KRAS+PIK3CA+SMAD4+TP53	2	0.5929601312790209	0.0	2.9126865045938515	0.0	0.0	500
primary::APC+ARID1A+FBXW7+KRAS+PIK3CA+TCF7L2	2	0.6260435818570558	0.0	2.5541500663182846	0.0	0.0	500
primary::APC+CTNNB1+KRAS+PTEN+TP53	2	0.6588836202001251	0.0	1.9700423909963078	0.0	0.0	500
metastatic::RNF43	1	0.3386567153770918	0.0	1.1373871107322753	0.0	0.0	500
metastatic::NRAS+PIK3CA+TP53	5	1.6368545723156465	0.3558958525242562	3.7812914207170527	0.0	0.016	500
primary::APC+KRAS+SOX9+TGFBR2+TP53	2	0.6769434918838069	0.0	1.9843634260380325	0.0	0.0	500
metastatic::APC+RNF43+SMAD4+TP53	1	0.30907389062934276	0.0	1.2017982491990262	0.0	0.0	500
primary::APC+NRAS	10	3.6645170291873823	1.4174248604654627	9.520141316401851	0.058	0.414	500
primary::BRAF+FBXW7+RNF43	3	1.0391655871290681	0.0	2.7430908152511537	0.0	0.0	500
primary::APC+CTNNB1+KRAS+SMAD4	1	0.3208545733283107	0.0	1.2912792273288898	0.0	0.0	500
metastatic::CTNNB1+KRAS	6	2.0078406810956766	0.6155230860061185	4.455631882110042	0.002	0.052	500
primary::ARID1A+BRAF+SMAD4+TP53	2	0.6415755639798687	0.0	1.8387094511218358	0.0	0.0	500
primary::APC+BRAF+NRAS+PIK3CA+TP53	3	0.9644954598958774	0.0	2.854878679525239	0.0	0.002	500
primary::APC+FBXW7+KRAS+PIK3CA+TGFBR2+TP53	1	0.29101663188448673	0.0	1.459704586641959	0.0	0.0	500
primary::BRAF+KRAS+PIK3CA	2	0.6947744224619329	0.0	2.2475267650693462	0.0	0.0	500
primary::ARID1A+KRAS+PIK3CA	3	1.0228527035489745	0.0	2.7661109150213044	0.0	0.0	500
primary::APC+KRAS+PIK3CA+RNF43+SMAD4+TP53	1	0.3360459790061556	0.0	1.8578902008679405	0.0	0.0	500
metastatic::APC+FBXW7+KRAS+SMAD4+SOX9+TP53	6	2.181309084451426	0.6550875833631595	5.845988182621773	0.008	0.06	500
primary::ARID1A+BRAF+PIK3CA+RNF43	3	1.0518635934464458	0.0	3.3836868550457107	0.0	0.002	500
primary::ARID1A+BRAF+FBXW7+RNF43	6	2.1802467606932323	0.6965825247856936	5.68418420018167	0.0	0.064	500
primary::APC+KRAS+SMAD4+SOX9+TCF7L2	1	0.3073699550273281	0.0	1.3839456121189264	0.0	0.0	500
unknown::APC+FBXW7+KRAS+TP53	2	0.7485387738630711	0.0	3.184673994905596	0.0	0.0	500
primary::ARID1A	2	0.7113297176119239	0.0	1.9044588298475942	0.0	0.0	500
metastatic::APC+ARID1A+CTNNB1+TP53	1	0.3410371178006003	0.0	1.1828171696550762	0.0	0.0	500
primary::CTNNB1	5	1.7713722316378178	0.3449038801063902	3.6168652326972386	0.0	0.024	500
metastatic::APC+NRAS+PTEN+TP53	3	1.0621243667844937	0.0	3.1418737884123535	0.0	0.0	500
primary::CTNNB1+KRAS+PIK3CA+SMAD4	1	0.35332377362993106	0.0	1.4806975645435052	0.0	0.0	500
primary::KRAS+PIK3CA+RNF43	1	0.34483409486690986	0.0	1.3813910106289997	0.0	0.0	500
unknown::APC+KRAS	3	1.105739386042514	0.0	5.225148582139588	0.01	0.004	500
primary::KRAS+PIK3CA+PTEN+SMAD4+TP53	4	1.469494365955967	0.32302902764014213	3.6489342054312943	0.0	0.0	500
primary::APC+ARID1A+FBXW7+NRAS+TP53	1	0.33896159487958877	0.0	1.6515028942128944	0.0	0.0	500
primary::BRAF+RNF43+SOX9+TP53	2	0.6629798488724583	0.0	1.9770311953375308	0.0	0.0	500
primary::APC+CTNNB1+SMAD4+TP53	2	0.7164570848644451	0.0	1.9496806719810476	0.0	0.0	500
primary::APC+ARID1A+KRAS+PIK3CA+PTEN	1	0.33747828626961796	0.0	1.5450876094242922	0.0	0.0	500
primary::APC+ARID1A+NRAS+PIK3CA+TP53	1	0.3579555983157979	0.0	1.3607792099959957	0.0	0.0	500
primary::FBXW7+KRAS+PIK3CA+SMAD4+TP53	4	1.393849975988613	0.28672750492428595	3.705029767094809	0.0	0.008	500
primary::APC+BRAF+FBXW7+SOX9+TP53	2	0.657662832903468	0.0	2.2346306315280855	0.0	0.0	500
primary::ARID1A+BRAF+FBXW7+PTEN+RNF43	1	0.30051931184606817	0.0	1.966215749729603	0.0	0.0	500
primary::BRAF+FBXW7+RNF43+SMAD4+TP53	2	0.7087742521096683	0.0	2.1953374276803252	0.0	0.0	500
primary::APC+PIK3CA+RNF43+TP53	4	1.4836142969884327	0.32533272231854926	3.335914484606392	0.0	0.004	500
primary::ARID1A+BRAF+PIK3CA+RNF43+TP53	2	0.7016367558377021	0.0	3.264591553976848	0.002	0.0	500
metastatic::APC+CTNNB1+PIK3CA+TP53	3	1.0794901769253795	0.0	2.79322164620233	0.0	0.002	500
metastatic::APC+KRAS+PIK3CA+PTEN+SMAD4	3	1.147373087052821	0.0	4.358105099164563	0.0	0.0	500
metastatic::FBXW7+PIK3CA+TP53	3	1.0635567532024943	0.0	2.6373171438788896	0.0	0.0	500
primary::APC+PIK3CA+SOX9	3	1.1771374389044624	0.0	3.037732890408661	0.0	0.002	500
primary::PIK3CA+PTEN+TP53	3	1.0429615635960965	0.0	2.6236154467111388	0.0	0.0	500
primary::BRAF+NRAS+RNF43+TP53	1	0.3624710363435813	0.0	1.500252158574444	0.0	0.0	500
metastatic::KRAS+PIK3CA+PTEN+SMAD4+TP53	1	0.3333856998160108	0.0	1.519278411618377	0.0	0.0	500
metastatic::PTEN	2	0.7464642214477343	0.0	2.1633710698539104	0.0	0.0	500
primary::ARID1A+KRAS	3	1.0711068616989903	0.0	2.6927290615950294	0.0	0.0	500
unknown::BRAF+TP53	4	1.536414332721416	0.30900087079362926	3.8343060836242433	0.0	0.006	500
metastatic::ARID1A+RNF43+TP53	3	1.1769637742088448	0.0	2.970534353290624	0.0	0.0	500
primary::FBXW7+NRAS+TP53	1	0.3661547092177707	0.0	1.3349057101691961	0.0	0.0	500
primary::ARID1A+BRAF	6	2.247203225668208	0.7311879098522325	4.737451547123859	0.0	0.054	500
primary::BRAF+TGFBR2+TP53	2	0.7275107553274237	0.0	2.1039023708660793	0.0	0.0	500
primary::APC+FBXW7+PIK3CA+SMAD4+TP53	2	0.7318873912114072	0.0	2.856464537574358	0.0	0.0	500
primary::BRAF+RNF43+TCF7L2+TP53	1	0.36572920709220513	0.0	1.34452050343781	0.0	0.0	500
primary::APC+BRAF+SOX9	1	0.36112300771916905	0.0	1.6269875757424814	0.0	0.0	500
metastatic::APC+KRAS+SMAD4+SOX9+TCF7L2+TP53	1	0.37794647188803243	0.0	1.5695734593480941	0.0	0.0	500
primary::APC+KRAS+PIK3CA+PTEN+TCF7L2	4	1.5646102823080872	0.31024998631985146	4.168457826016168	0.0	0.008	500
metastatic::APC+ARID1A+KRAS+SMAD4	3	1.1367398357764817	0.0	2.7768283860933582	0.0	0.002	500
primary::BRAF+FBXW7+PTEN	3	1.1013423056504696	0.0	3.116724387982857	0.0	0.0	500
primary::APC+ARID1A+FBXW7+PIK3CA+TCF7L2+TP53	2	0.7208715931624031	0.0	3.890431585386612	0.0	0.0	500
primary::APC+FBXW7+PIK3CA	6	2.3377640939105615	0.6829539233321246	6.303168841704192	0.012	0.06	500
primary::APC+ARID1A+CTNNB1+KRAS+PIK3CA	1	0.36532362685740283	0.0	1.7346044859516256	0.0	0.0	500
primary::APC+BRAF+FBXW7+PIK3CA+PTEN+TP53	1	0.37676845823721505	0.0	1.8799248739356476	0.0	0.0	500
primary::ARID1A+KRAS+SMAD4+TP53	1	0.39252953331049867	0.0	1.5868579409089398	0.0	0.0	500
primary::APC+ARID1A+RNF43	3	1.1555974447590864	0.0	3.8829860118618713	0.002	0.0	500
metastatic::SOX9	5	1.9508736161275437	0.38673328644500937	3.9027136159372677	0.0	0.018	500
primary::BRAF+FBXW7+KRAS+TP53	1	0.3980528427555	0.0	1.5305438688693054	0.0	0.0	500
primary::ARID1A+BRAF+PIK3CA	1	0.3961200001186225	0.0	1.5367693593375094	0.0	0.0	500
primary::APC+ARID1A	4	1.55070717984909	0.34490095098773377	3.9853958685245967	0.0	0.008	500
primary::FBXW7+KRAS+PIK3CA+PTEN+TP53	1	0.3745367337205831	0.0	1.472217471347334	0.0	0.0	500
primary::APC+ARID1A+SMAD4+SOX9+TP53	3	1.1787858894861487	0.0	3.6016090424500358	0.0	0.0	500
primary::APC+ARID1A+FBXW7+KRAS+PIK3CA+SMAD4+TP53	1	0.4101936505967655	0.0	1.6039788216727893	0.0	0.0	500
primary::BRAF+PTEN+SMAD4	2	0.7916958262724575	0.0	2.403482761913247	0.0	0.0	500
primary::APC+NRAS+PIK3CA	8	3.3021598049508505	1.1459669098000194	11.721739110376957	0.076	0.238	500
primary::APC+PIK3CA+SMAD4	2	0.759477422945087	0.0	3.467907758308147	0.0	0.0	500
metastatic::APC+ARID1A+KRAS+PIK3CA+SOX9	2	0.765235244185752	0.0	3.2434811281955738	0.002	0.0	500
metastatic::APC+KRAS+PIK3CA+PTEN+SMAD4+SOX9	1	0.37037474872415466	0.0	1.9790292844596955	0.0	0.0	500
primary::APC+FBXW7+KRAS+PIK3CA+PTEN+SMAD4	1	0.34209595311806396	0.0	2.192794543754742	0.0	0.0	500
primary::APC+PTEN+SMAD4+TP53	3	1.1963232200026264	0.0	3.0313975664297668	0.0	0.0	500
primary::APC+ARID1A+PIK3CA+RNF43+TP53	1	0.4038590948419607	0.0	1.9793768543392747	0.0	0.0	500
primary::ARID1A+RNF43+SMAD4+TP53	1	0.38756704891980787	0.0	1.678530829976715	0.0	0.0	500
primary::BRAF+KRAS+PTEN+TP53	1	0.3878591465167672	0.0	1.595311412586472	0.0	0.0	500
primary::APC+PIK3CA+PTEN	7	3.0207843758985935	0.7777051300169865	12.455876147008663	0.074	0.148	500
metastatic::APC+ARID1A	3	1.15955370413705	0.0	3.8263106936309668	0.002	0.002	500
primary::CTNNB1+KRAS+PIK3CA+PTEN+TP53	4	1.5053517768994025	0.3341261885095858	4.212849865241377	0.0	0.006	500
primary::APC+NRAS+SOX9+TCF7L2+TP53	1	0.40623941156681076	0.0	1.6581769804437885	0.0	0.0	500
primary::APC+CTNNB1+FBXW7+KRAS+PIK3CA+SOX9	1	0.3913970603442823	0.0	1.955759597197968	0.0	0.0	500
primary::ARID1A+BRAF+PIK3CA+RNF43+TCF7L2+TGFBR2	3	1.2310781817673768	0.0	4.514416670501744	0.0	0.0	500
primary::APC+BRAF+KRAS+PIK3CA+SOX9+TP53	1	0.36706433268018474	0.0	2.0440953527105528	0.0	0.0	500
metastatic::CTNNB1+PIK3CA+TP53	4	1.628844967788139	0.29678709977356155	4.231189209568729	0.002	0.012	500
primary::KRAS+PTEN+SMAD4	2	0.7837865145705382	0.0	2.829133740972508	0.0	0.0	500
primary::APC+ARID1A+RNF43+TCF7L2+TP53	3	1.238827410335265	0.0	5.558547289686106	0.0	0.0	500
primary::APC+BRAF+FBXW7+PIK3CA+SMAD4+TP53	1	0.41040518087954997	0.0	1.9221739108531064	0.0	0.0	500
primary::APC+CTNNB1+FBXW7+KRAS	1	0.39702526152689877	0.0	1.6251473190493557	0.0	0.0	500
primary::ARID1A+BRAF+FBXW7+RNF43+TCF7L2	3	1.2078271710016044	0.0	4.061064891137411	0.0	0.002	500
primary::CTNNB1+FBXW7+TP53	3	1.191358452451636	0.0	2.9298099068393673	0.0	0.002	500
primary::APC+CTNNB1+KRAS+TCF7L2	3	1.234962015722909	0.0	3.389740161145798	0.0	0.002	500
metastatic::APC+ARID1A+KRAS+PTEN+TP53	1	0.4012380601496802	0.0	1.6113075428452153	0.0	0.0	500
primary::APC+PTEN+TCF7L2+TP53	2	0.814174474521203	0.0	2.1469921298435852	0.0	0.0	500
primary::APC+ARID1A+RNF43+TCF7L2	1	0.392130072844155	0.0	2.4912028136543936	0.0	0.0	500
metastatic::APC+ARID1A+NRAS+SMAD4+TP53	1	0.38039686157963243	0.0	1.8768524325589353	0.0	0.0	500
primary::BRAF+RNF43+SMAD4	4	1.656529904730884	0.27437237528122177	4.5860068293725265	0.004	0.006	500
unknown::APC+BRAF+TP53	3	1.334036043645296	0.0	5.582411118571033	0.006	0.0	500
primary::CTNNB1+KRAS+PIK3CA+SOX9	3	1.2899776819735709	0.0	3.835086545992216	0.002	0.0	500
primary::APC+KRAS+TCF7L2+TGFBR2+TP53	1	0.41049746900881207	0.0	1.6473657422872263	0.0	0.0	500
metastatic::APC+BRAF+SMAD4+SOX9+TP53	1	0.40330033130046616	0.0	1.6203853077602692	0.0	0.0	500
metastatic::APC+ARID1A+KRAS+SOX9	1	0.4003524522757299	0.0	1.625481678862273	0.0	0.0	500
metastatic::BRAF+PTEN	2	0.7403740695855809	0.0	2.6285948392942946	0.0	0.0	500
metastatic::APC+CTNNB1+SOX9+TP53	1	0.43584479901325957	0.0	1.6048581154277526	0.0	0.0	500
primary::APC+BRAF+PIK3CA+PTEN	3	1.2670542969445244	0.0	4.357888257441244	0.0	0.0	500
metastatic::APC+BRAF+KRAS+PIK3CA+SMAD4+TP53	2	0.8229152404007347	0.0	4.298360509489199	0.008	0.0	500
primary::CTNNB1+KRAS+PTEN+TP53	1	0.41248442607171165	0.0	1.9776548051919982	0.0	0.0	500
metastatic::APC+KRAS+PIK3CA+SOX9+TCF7L2+TP53	1	0.3642017389160106	0.0	2.155159199792736	0.0	0.0	500
primary::FBXW7+PIK3CA	3	1.3148099460343965	0.0	3.1911414913273575	0.0	0.002	500
primary::BRAF+PIK3CA+PTEN+SMAD4+TP53	2	0.8475309437065407	0.0	2.7182264017426294	0.0	0.0	500
primary::CTNNB1+NRAS+TP53	2	0.8717712230427552	0.0	2.6401360985231426	0.0	0.0	500
primary::APC+BRAF+FBXW7+NRAS+PIK3CA+TP53	1	0.41139532164274595	0.0	2.3830392018147184	0.0	0.0	500
metastatic::RNF43+SMAD4+TP53	6	2.7702014728489566	0.7903745829729184	5.680054451589565	0.002	0.072	500
primary::APC+ARID1A+NRAS+SMAD4+TP53	1	0.4383555966996343	0.0	1.7261498107993218	0.0	0.0	500
metastatic::APC+BRAF+SMAD4	1	0.39749545234564776	0.0	2.1170440740266776	0.0	0.0	500
primary::FBXW7+PTEN+TP53	2	0.8487070579662837	0.0	2.6211718264119157	0.0	0.0	500
primary::APC+BRAF+PIK3CA+SOX9	2	0.8122423649566405	0.0	2.976085899734837	0.0	0.0	500
primary::BRAF+PIK3CA+SOX9	3	1.4082266190453487	0.16140423940744025	4.000629449923233	0.0	0.002	500
metastatic::BRAF+KRAS	2	0.9269238138714722	0.0	2.728718342263699	0.0	0.0	500
primary::APC+ARID1A+KRAS+PIK3CA+PTEN+SOX9	4	1.866345614520926	0.33816115141267955	6.987072867802528	0.014	0.006	500
primary::APC+ARID1A+FBXW7+RNF43+TP53	1	0.4129172109080072	0.0	2.644314227709953	0.0	0.0	500
primary::APC+SMAD4+SOX9+TCF7L2+TP53	1	0.4570469146363385	0.0	2.2852436649484207	0.0	0.0	500
metastatic::ARID1A	5	2.4467591660315193	0.4791142045745536	4.664026933936033	0.0	0.03	500
metastatic::CTNNB1	3	1.4283452894688051	0.0	3.422521986082284	0.0	0.0	500
metastatic::BRAF+FBXW7+SMAD4+TP53	1	0.42854655335928205	0.0	1.7418239567218403	0.0	0.0	500
primary::KRAS+PIK3CA+PTEN+SMAD4	1	0.4355826952274098	0.0	1.8632116347668035	0.0	0.0	500
primary::APC+ARID1A+KRAS+PTEN	2	0.8470332254140519	0.0	2.8939894496099092	0.0	0.0	500
primary::FBXW7+KRAS+PIK3CA+PTEN+SMAD4+TP53	2	0.948543611525954	0.0	3.923297026207736	0.0	0.0	500
primary::CTNNB1+RNF43+TP53	1	0.45353200326764104	0.0	1.5842306799868722	0.0	0.0	500
metastatic::APC+ARID1A+KRAS+SMAD4+SOX9	2	0.9055654041236438	0.0	3.5745368471352004	0.0	0.0	500
primary::NRAS	4	1.8189380156001704	0.4524155901485388	4.249754544621878	0.0	0.014	500
primary::APC+BRAF+KRAS+PIK3CA+SMAD4+TP53	1	0.4941790692601214	0.0	2.442508002978164	0.0	0.0	500
metastatic::CTNNB1+KRAS+PIK3CA+SMAD4	1	0.42181906335431174	0.0	2.0973682519692596	0.0	0.0	500
primary::PIK3CA+SMAD4	4	1.8492940378306026	0.41327710949638763	4.865500871796437	0.004	0.014	500
metastatic::ARID1A+KRAS	1	0.4826442626565237	0.0	1.7310103375324388	0.0	0.0	500
primary::APC+CTNNB1+FBXW7+KRAS+TCF7L2	1	0.39169818916606713	0.0	3.2605074777567276	0.0	0.0	500
primary::CTNNB1+PTEN+TP53	1	0.47625421549413566	0.0	1.8618925198479954	0.0	0.0	500
primary::APC+KRAS+NRAS	4	1.9693610473894516	0.45390120743327295	4.446682961092942	0.0	0.012	500
metastatic::APC+KRAS+PIK3CA+SOX9+TGFBR2	1	0.4882055788901005	0.0	2.8432537790025703	0.0	0.0	500
metastatic::APC+KRAS+NRAS+PIK3CA	1	0.4913127743278729	0.0	2.0586172221438868	0.0	0.0	500
primary::APC+BRAF+FBXW7+KRAS+PIK3CA	1	0.4552689030597902	0.0	3.2297246510138566	0.0	0.0	500
primary::CTNNB1+KRAS+SMAD4	1	0.45208282307997893	0.0	2.1661430979616223	0.0	0.0	500
metastatic::KRAS+RNF43	1	0.4921202633625479	0.0	1.5895966805351638	0.0	0.0	500
metastatic::BRAF+FBXW7	1	0.5081657077540936	0.0	2.058252474869305	0.0	0.0	500
metastatic::APC+CTNNB1+TCF7L2+TP53	2	0.9233477808893462	0.0	2.844571534044288	0.0	0.0	500
primary::APC+ARID1A+BRAF	1	0.47231305653807243	0.0	2.1484463298332046	0.0	0.0	500
primary::APC+BRAF+FBXW7+NRAS+TP53	2	0.9401326312599871	0.0	3.3478566600093664	0.0	0.0	500
primary::APC+NRAS+PIK3CA+PTEN	2	0.9981761338121969	0.0	5.339178494469021	0.004	0.0	500
metastatic::ARID1A+KRAS+SMAD4+TP53	2	1.0539549157781825	0.0	3.127709389366008	0.0	0.0	500
primary::APC+ARID1A+KRAS+PIK3CA+SMAD4+TCF7L2	2	1.015144006741874	0.0	4.246443306923931	0.002	0.0	500
metastatic::APC+ARID1A+KRAS+SMAD4+TCF7L2+TP53	1	0.46118968196348864	0.0	2.2603351818939363	0.0	0.0	500
metastatic::KRAS+TCF7L2	2	1.0153536909979648	0.0	2.5462297988038674	0.0	0.0	500
primary::APC+ARID1A+FBXW7+KRAS+PIK3CA+PTEN+TCF7L2	1	0.4543835037034142	0.0	3.694340363972561	0.0	0.0	500
primary::APC+KRAS+PTEN+SMAD4+SOX9+TP53	1	0.4832535306872394	0.0	2.0810832185095616	0.0	0.0	500
primary::NRAS+RNF43+TP53	4	1.9694124705429807	0.0	4.54148573305697	0.004	0.0	500
metastatic::APC+BRAF+NRAS+PIK3CA+TP53	1	0.5260184092417792	0.0	2.0584755894492925	0.0	0.0	500
primary::APC+NRAS+PIK3CA+SOX9	1	0.4883234276586714	0.0	3.4712243547693133	0.0	0.0	500
primary::APC+BRAF+KRAS+SOX9+TP53	4	2.1293997093592827	0.4214342791227772	5.8711223133075725	0.002	0.008	500
primary::ARID1A+BRAF+RNF43+SMAD4	2	1.008423099388055	0.0	4.911746490281605	0.002	0.0	500
metastatic::ARID1A+BRAF+RNF43+SMAD4+TP53	2	0.9887646598493312	0.0	6.724806043972107	0.006	0.0	500
primary::APC+ARID1A+FBXW7+RNF43+SOX9+TGFBR2	1	0.4762232606953779	0.0	6.769429828833278	0.002	0.0	500
metastatic::APC+BRAF+KRAS+PIK3CA	1	0.484845836002219	0.0	2.3707916386906858	0.0	0.0	500
primary::ARID1A+BRAF+RNF43+SOX9	5	2.8182541076828254	0.4785523027177043	8.106030791030205	0.038	0.03	500
metastatic::FBXW7+KRAS+PIK3CA+SMAD4+TP53	2	1.0692898880644008	0.0	3.8142210927112314	0.002	0.0	500
primary::BRAF+FBXW7+PIK3CA+PTEN+TP53	1	0.4973793650143702	0.0	2.2899687860442297	0.0	0.0	500
metastatic::APC+FBXW7+NRAS+TCF7L2+TP53	1	0.5165586949614873	0.0	2.2417317969588515	0.0	0.0	500
metastatic::CTNNB1+NRAS+TP53	1	0.5668702780544781	0.0	2.1469338221373016	0.0	0.0	500
primary::ARID1A+BRAF+PTEN+RNF43+TP53	1	0.49194454299231416	0.0	3.220009334013302	0.002	0.0	500
primary::APC+ARID1A+BRAF+RNF43+SOX9+TCF7L2+TGFBR2	1	0.5479908808578637	0.0	61212437.78645975	0.0	0.0	500
primary::CTNNB1+KRAS+RNF43+TP53	1	0.5134801027131253	0.0	1.9712667930183114	0.0	0.0	500
primary::APC+CTNNB1+FBXW7+KRAS+SMAD4+TP53	1	0.5061967002159383	0.0	2.3309070598955186	0.0	0.0	500
metastatic::APC+BRAF+PTEN+SMAD4+TP53	1	0.5438237301901103	0.0	2.631895436401758	0.0	0.0	500
primary::ARID1A+BRAF+PTEN+RNF43+SOX9	3	1.81286724292255	0.0	6.266853589633079	0.018	0.006	500
primary::APC+BRAF+FBXW7+PTEN+TP53	2	1.0247505479674728	0.0	4.267257933045772	0.002	0.0	500
primary::APC+FBXW7+KRAS+SOX9+TCF7L2	2	0.9982014431494739	0.0	4.0161023479009605	0.0	0.0	500
primary::ARID1A+PIK3CA+TP53	1	0.5296006009139054	0.0	2.1737593617562587	0.0	0.0	500
primary::APC+NRAS+PIK3CA+PTEN+TP53	1	0.5367189186518178	0.0	2.2531046982719127	0.0	0.0	500
metastatic::APC+KRAS+RNF43	3	1.723868278994637	0.0	4.456892762506623	0.0	0.0	500
primary::APC+BRAF+PIK3CA+SMAD4	3	1.5651614119510973	0.0	5.676594737044823	0.002	0.0	500
primary::APC+BRAF+NRAS+SMAD4+TP53	1	0.5181576615042691	0.0	2.403250742310085	0.0	0.0	500
primary::APC+PIK3CA+TGFBR2+TP53	1	0.5551618739345326	0.0	2.1229058895729986	0.0	0.0	500
metastatic::APC+FBXW7	1	0.577238230052748	0.0	2.4816255286852944	0.0	0.0	500
primary::BRAF+PIK3CA+RNF43+SOX9+TGFBR2	1	0.5094304015282192	0.0	2.6521341909719376	0.0	0.0	500
primary::ARID1A+BRAF+FBXW7+RNF43+SMAD4+TP53	1	0.497141157169948	0.0	3.7220348446134355	0.0	0.0	500
primary::ARID1A+BRAF+RNF43+TGFBR2	2	0.998891651486572	0.0	4.842252219418923	0.002	0.0	500
metastatic::APC+CTNNB1+SMAD4+TP53	1	0.5533553186426694	0.0	1.9453516900319225	0.0	0.0	500
primary::APC+RNF43	6	3.4733367354366305	0.9131126185374503	10.484093411773143	0.068	0.07	500
primary::PIK3CA+PTEN	4	2.3033067724049667	0.4888734869771306	5.710258093470914	0.0	0.006	500
metastatic::APC+ARID1A+NRAS+TCF7L2+TP53	1	0.5230595424861977	0.0	2.438667303417197	0.0	0.0	500
metastatic::BRAF+SOX9	1	0.5714438476337712	0.0	2.172712204350438	0.0	0.0	500
primary::APC+ARID1A+BRAF+FBXW7+RNF43	1	0.49680923008696637	0.0	2.6979628739296224	0.0	0.0	500
metastatic::TCF7L2	1	0.5808272332657642	0.0	1.9323715298936726	0.0	0.0	500
primary::BRAF+FBXW7+PIK3CA+RNF43	2	1.1944048021048688	0.0	5.1062831279998955	0.004	0.0	500
unknown::APC+KRAS+PIK3CA	2	1.0834365236416825	0.0	10.259267819530908	0.004	0.0	500
primary::APC+ARID1A+PIK3CA+PTEN+RNF43+TCF7L2	1	0.5323945636412507	0.0	4.061497211366408	0.0	0.0	500
metastatic::APC+ARID1A+FBXW7+SOX9+TP53	1	0.527375564693918	0.0	2.6957232000535143	0.0	0.0	500
metastatic::APC+KRAS+RNF43+SOX9+TP53	1	0.5684382323810979	0.0	2.254381169532368	0.0	0.0	500
primary::ARID1A+BRAF+RNF43+SOX9+TCF7L2	1	0.5179655902587568	0.0	2.4704297527122625	0.0	0.0	500
primary::ARID1A+BRAF+PIK3CA+RNF43+SOX9	3	1.724027691268406	0.0	6.761322861238931	0.014	0.0	500
metastatic::APC+ARID1A+KRAS+SMAD4+SOX9+TP53	1	0.5281981769931766	0.0	3.339938589124002	0.002	0.0	500
primary::KRAS+PIK3CA+RNF43+SMAD4+TP53	4	2.3225452643642535	0.4324499848011275	7.363939632121291	0.02	0.01	500
primary::APC+FBXW7+SMAD4+SOX9+TP53	2	1.07882752785421	0.0	3.2057636004064425	0.0	0.0	500
metastatic::APC+PIK3CA+SMAD4+SOX9+TP53	2	1.1771282576725417	0.0	3.7113024501562815	0.0	0.0	500
primary::APC+FBXW7+NRAS	2	1.3106628832737313	0.0	6.875604563380564	0.004	0.0	500
metastatic::APC+BRAF+FBXW7+KRAS+TP53	1	0.57965222776341	0.0	2.406746517353693	0.0	0.0	500
primary::APC+TCF7L2	8	4.760061710011513	1.9610282670613495	8.805124840087313	0.092	0.28	500
metastatic::APC+FBXW7+SMAD4+SOX9+TP53	1	0.559911944893448	0.0	2.4619953180685497	0.0	0.0	500
unknown::APC+BRAF+SMAD4+TP53	1	0.5300584663248613	0.0	6.88628348463555	0.0	0.0	500
metastatic::BRAF+NRAS+SMAD4+TP53	1	0.5653523445619684	0.0	2.389811350479434	0.0	0.0	500
metastatic::FBXW7+KRAS+RNF43+TP53	1	0.5931139195981243	0.0	2.3374880689292796	0.0	0.0	500
primary::BRAF+CTNNB1+PTEN+TP53	1	0.6052217966633369	0.0	2.183075915042772	0.0	0.0	500
primary::APC+ARID1A+FBXW7+KRAS+PIK3CA+RNF43+TCF7L2	2	1.214117202927405	0.0	15.577575903598534	0.01	0.0	500
primary::BRAF+RNF43+SOX9	2	1.1938464022273754	0.0	4.393996523377776	0.002	0.0	500
metastatic::APC+NRAS+PIK3CA	3	1.8937079812539177	0.0	6.521087716121728	0.012	0.0	500
metastatic::APC+CTNNB1+KRAS+SOX9	1	0.547604007969691	0.0	2.8855572460800483	0.0	0.0	500
primary::ARID1A+BRAF+FBXW7+RNF43+SMAD4	1	0.5208027647784974	0.0	4.554052684890306	0.0	0.0	500
primary::APC+ARID1A+FBXW7+PIK3CA+SOX9+TCF7L2+TP53	1	0.5194144445217146	0.0	3.3777665073804886	0.0	0.0	500
primary::FBXW7+KRAS+PIK3CA+SMAD4	3	1.710775137273207	0.0	5.348059043641432	0.004	0.002	500
metastatic::NRAS	10	6.1550815059238335	2.683493302446496	11.468681289713153	0.228	0.544	500
primary::APC+KRAS+PTEN+SMAD4+TCF7L2+TP53	2	1.127741070141219	0.0	4.919511694777456	0.006	0.0	500
primary::APC+CTNNB1+KRAS+SMAD4+SOX9	1	0.6027946346817767	0.0	2.9265023757151085	0.0	0.0	500
primary::CTNNB1+KRAS+PTEN	1	0.6004583066111169	0.0	2.618031342104744	0.0	0.0	500
primary::ARID1A+SMAD4+TP53	1	0.6081651104151868	0.0	2.3209185966328443	0.0	0.0	500
primary::KRAS+TGFBR2+TP53	2	1.2264044358630342	0.0	3.4644796466440964	0.0	0.0	500
metastatic::APC+FBXW7+KRAS+SOX9+TCF7L2+TP53	1	0.5748981791339325	0.0	2.7212040275531173	0.0	0.0	500
metastatic::KRAS+PIK3CA+SOX9	1	0.5855539436487386	0.0	2.5460640981045684	0.002	0.0	500
metastatic::ARID1A+BRAF	1	0.6126974882692291	0.0	2.3207104713165454	0.0	0.0	500
primary::APC+KRAS+SOX9+TGFBR2	2	1.2235193383650502	0.0	4.257415942245256	0.002	0.0	500
primary::APC+KRAS+PIK3CA+TCF7L2+TGFBR2	1	0.6316265394773765	0.0	3.0638770542816607	0.0	0.0	500
metastatic::FBXW7+RNF43+TP53	1	0.6344033339839792	0.0	2.477735705584942	0.0	0.0	500
metastatic::ARID1A+BRAF+SMAD4+TP53	2	1.2485866178279776	0.0	3.953754664319902	0.0	0.0	500
metastatic::APC+BRAF+PIK3CA+RNF43+TP53	1	0.601809430619394	0.0	2.6464883234579264	0.0	0.0	500
metastatic::APC+ARID1A+FBXW7+KRAS+PIK3CA+SOX9	1	0.5393496032311882	0.0	3.0389857479573017	0.0	0.0	500
metastatic::APC+RNF43+TCF7L2+TP53	1	0.605140750589323	0.0	2.276005459320054	0.0	0.0	500
primary::BRAF+FBXW7+KRAS+PIK3CA+TP53	1	0.5734421983710538	0.0	2.453877603048419	0.0	0.0	500
metastatic::APC+BRAF+PIK3CA	1	0.5473178085390189	0.0	3.620053098450244	0.0	0.0	500
primary::APC+BRAF+KRAS+SOX9	1	0.6182026004112571	0.0	3.05336567993486	0.0	0.0	500
primary::BRAF+KRAS+PIK3CA+PTEN+TP53	1	0.6645466552750794	0.0	2.7979957182712436	0.0	0.0	500
primary::ARID1A+FBXW7+KRAS+TP53	1	0.6318923433960164	0.0	2.666672694380498	0.0	0.0	500
metastatic::NRAS+PIK3CA	1	0.5842718338681515	0.0	2.72383249553263	0.0	0.0	500
primary::APC+ARID1A+RNF43+TCF7L2+TGFBR2	1	0.5406167584077757	0.0	4.687441112109868	0.002	0.0	500
metastatic::KRAS+PIK3CA+RNF43+SMAD4+TP53	1	0.5906385620534764	0.0	2.695343846114059	0.0	0.0	500
metastatic::BRAF+KRAS+PIK3CA	3	1.8420480391273908	0.0	5.027460520025473	0.0	0.0	500
metastatic::BRAF+PTEN+RNF43+SMAD4+TP53	1	0.579640896820675	0.0	3.85546431514715	0.0	0.0	500
primary::APC+ARID1A+CTNNB1+KRAS+PIK3CA+SOX9+TP53	1	0.5799420608017267	0.0	3.81702810146742	0.0	0.0	500
primary::APC+ARID1A+BRAF+FBXW7+PIK3CA+RNF43+TCF7L2+TGFBR2	1	0.4948316407501753	0.0	59850914.82826729	0.0	0.0	500
unknown::SMAD4+TP53	1	0.6146014162178584	0.0	2.483243953200489	0.0	0.0	500
primary::APC+ARID1A+CTNNB1+PIK3CA+TP53	1	0.6191485027961025	0.0	3.9463135816139454	0.002	0.0	500
metastatic::BRAF+RNF43+SMAD4	2	1.1723318085404415	0.0	4.886196873913089	0.002	0.0	500
primary::APC+FBXW7+PIK3CA+PTEN	1	0.6870899830741558	0.0	4.339693643063675	0.0	0.0	500
primary::ARID1A+BRAF+FBXW7+PTEN+RNF43+TGFBR2	2	1.283052853852475	0.0	10.263456743750227	0.002	0.0	500
metastatic::BRAF+KRAS+PIK3CA+TP53	1	0.6466912082215492	0.0	2.5756159828792664	0.0	0.0	500
primary::ARID1A+CTNNB1+KRAS+TP53	1	0.6256336173342565	0.0	2.7893586991043717	0.0	0.0	500
primary::APC+BRAF+PIK3CA+SMAD4+SOX9+TP53	1	0.6386195752743453	0.0	3.9114889926849816	0.002	0.0	500
metastatic::APC+FBXW7+RNF43+TP53	1	0.628962224398908	0.0	2.8169350202999026	0.002	0.0	500
primary::BRAF+FBXW7+PTEN+RNF43+TP53	1	0.6584833403265924	0.0	3.3583973265033675	0.0	0.0	500
metastatic::APC+BRAF+PIK3CA+PTEN+TP53	1	0.6705922535588855	0.0	2.9431151867623337	0.0	0.0	500
primary::KRAS+NRAS+PIK3CA+TP53	1	0.6677812416095446	0.0	2.674770701134586	0.0	0.0	500
primary::APC+ARID1A+FBXW7+KRAS+PIK3CA+PTEN+RNF43+TCF7L2	2	1.3953500262021246	0.0	43.24279164784233	0.012	0.0	500
primary::ARID1A+FBXW7+TP53	1	0.6647065754678783	0.0	2.8969094906399384	0.0	0.0	500
primary::ARID1A+CTNNB1+KRAS+PIK3CA	1	0.658492855585592	0.0	2.7354562242963056	0.0	0.0	500
primary::BRAF+PIK3CA+RNF43+SOX9	1	0.5953374870389616	0.0	3.373072846637463	0.0	0.0	500
metastatic::NRAS+RNF43+TP53	3	1.9867406256954738	0.0	4.9911853562088115	0.006	0.0	500
metastatic::APC+FBXW7+KRAS+PIK3CA+PTEN+SMAD4+TP53	1	0.5865812741218638	0.0	3.859222682514049	0.0	0.0	500
metastatic::APC+ARID1A+SMAD4+TCF7L2+TP53	1	0.6443487833768587	0.0	2.75926474296198	0.0	0.0	500
primary::ARID1A+BRAF+RNF43+TCF7L2	4	2.806941613063979	0.5246212327514151	11.26237626126446	0.046	0.004	500
metastatic::KRAS+TGFBR2+TP53	2	1.3904447736378134	0.0	3.5289175439180807	0.0	0.0	500
primary::BRAF+KRAS+PIK3CA+SMAD4+TP53	1	0.6909228518351056	0.0	3.4690237047435986	0.0	0.0	500
primary::APC+BRAF+RNF43	1	0.6852096460893954	0.0	2.918639557943446	0.0	0.0	500
primary::APC+ARID1A+FBXW7+KRAS+PIK3CA+SOX9+TCF7L2+TP53	1	0.5412875118021419	0.0	62666414.84696045	0.0	0.0	500
primary::ARID1A+BRAF+RNF43+SOX9+TP53	1	0.6576767242853366	0.0	4.729248577228111	0.0	0.0	500
primary::BRAF+FBXW7+PIK3CA+RNF43+SMAD4+TP53	1	0.5805460748819973	0.0	5.338463323130308	0.0	0.0	500
primary::APC+FBXW7+KRAS+RNF43	1	0.6264538779479869	0.0	3.7897132036610524	0.0	0.0	500
metastatic::APC+PIK3CA+RNF43+TP53	2	1.2479838627676545	0.0	4.293547522073388	0.0	0.0	500
primary::NRAS+PIK3CA+SMAD4+TP53	1	0.6491401904303565	0.0	2.984920645430727	0.0	0.0	500
primary::APC+ARID1A+KRAS+PIK3CA+RNF43+TCF7L2	2	1.2866599613026435	0.0	10.495860792296938	0.002	0.0	500
primary::ARID1A+BRAF+FBXW7+PIK3CA+PTEN+RNF43+TGFBR2	1	0.6735661048508803	0.0	6.7087856600502125	0.0	0.0	500
metastatic::KRAS+PIK3CA+TCF7L2	2	1.3674363132086542	0.0	4.330004996264912	0.0	0.0	500
primary::APC+BRAF+KRAS	7	5.27066841874446	1.5857822387028604	11.405393700368661	0.168	0.196	500
metastatic::KRAS+PIK3CA+SOX9+TP53	1	0.6523036559586027	0.0	2.60804635108692	0.0	0.0	500
metastatic::APC+FBXW7+KRAS+PIK3CA+SMAD4+TCF7L2+TP53	1	0.689868721257187	0.0	4.004627941033804	0.002	0.0	500
primary::BRAF+TCF7L2	1	0.7093149790498163	0.0	2.56203237418636	0.0	0.0	500
primary::ARID1A+BRAF+FBXW7+PTEN+RNF43+TP53	2	1.462845971042066	0.0	8.81476292550417	0.016	0.0	500
unknown::PIK3CA+TP53	1	0.7000653393303808	0.0	3.0460448458622262	0.0	0.0	500
metastatic::APC+RNF43+SOX9+TP53	1	0.6822297616388487	0.0	2.9296414725991036	0.0	0.0	500
primary::ARID1A+BRAF+FBXW7+PIK3CA+RNF43+TCF7L2+TGFBR2	1	0.697762002778365	0.0	6.285158281329808	0.0	0.0	500
primary::APC+CTNNB1+KRAS+PIK3CA+SOX9+TCF7L2+TP53	1	0.6851140677987895	0.0	4.969281929314858	0.0	0.0	500
metastatic::APC+CTNNB1+KRAS+PIK3CA+TCF7L2	1	0.6758455546965209	0.0	3.7828202474873804	0.0	0.0	500
primary::APC+KRAS+NRAS+PTEN+TP53	2	1.4932335542094195	0.0	5.040291039575538	0.0	0.0	500
primary::KRAS+TGFBR2	4	2.8577973305645883	0.6073458638305999	7.230144864854529	0.016	0.006	500
primary::CTNNB1+KRAS+SOX9+TP53	2	1.420396071693765	0.0	5.493999940091856	0.004	0.0	500
primary::KRAS+RNF43+TCF7L2+TP53	1	0.6787447509848069	0.0	2.9259836458844317	0.0	0.0	500
primary::ARID1A+BRAF+PTEN+RNF43+TGFBR2	2	1.3972897380755134	0.0	6.121968058494931	0.008	0.0	500
unknown::APC+PIK3CA+TP53	2	1.3429286471701851	0.0	4.779124370779589	0.002	0.0	500
metastatic::APC+KRAS+PTEN+SOX9	1	0.7346258100384606	0.0	3.725112478504346	0.0	0.0	500
primary::BRAF+PIK3CA+SOX9+TP53	1	0.6580729476629228	0.0	2.451283866617361	0.0	0.0	500
primary::ARID1A+CTNNB1+TP53	1	0.7302226737417427	0.0	2.7346941194976004	0.0	0.0	500
primary::ARID1A+BRAF+PIK3CA+RNF43+TCF7L2	2	1.381479467033681	0.0	5.289698228363132	0.004	0.0	500
primary::APC+CTNNB1+SMAD4+SOX9+TP53	1	0.7141293386244216	0.0	6.4800698072775305	0.0	0.0	500
metastatic::APC+FBXW7+KRAS+PTEN	3	2.0849796630314392	0.0	7.10476142907737	0.016	0.0	500
primary::ARID1A+RNF43	3	2.229631326864287	0.0	7.791487210622993	0.022	0.002	500
primary::PIK3CA+RNF43	1	0.7468307139208861	0.0	2.7400778029790196	0.0	0.0	500
primary::CTNNB1+KRAS+PIK3CA+RNF43+TP53	1	0.7349769039085137	0.0	3.164400314476371	0.0	0.0	500
metastatic::APC+KRAS+PIK3CA+SMAD4+TGFBR2	1	0.7370362410873021	0.0	4.360605746827083	0.002	0.0	500
primary::APC+ARID1A+FBXW7+PIK3CA+PTEN+TCF7L2	1	0.7188828564103642	0.0	5.769046644962609	0.0	0.0	500
primary::APC+ARID1A+KRAS+PIK3CA+RNF43	1	0.7846624900778607	0.0	8.407084175207533	0.0	0.0	500
metastatic::APC+KRAS+SMAD4+TGFBR2	1	0.6811378313068162	0.0	4.871534112689327	0.0	0.0	500
metastatic::APC+KRAS+PTEN+SMAD4	1	0.7201747402308775	0.0	3.2629010082947567	0.0	0.0	500
primary::ARID1A+KRAS+RNF43+SMAD4+TP53	3	2.289550381048654	0.0	8.648750692690097	0.014	0.002	500
primary::APC+ARID1A+FBXW7+KRAS+PIK3CA+PTEN	1	0.6901298026649625	0.0	6.000508736954083	0.0	0.0	500
metastatic::APC+FBXW7+KRAS+PTEN+SMAD4+TP53	1	0.6634880937050038	0.0	61164732.47830729	0.0	0.0	500
primary::APC+ARID1A+FBXW7+SOX9	1	0.7145953100801058	0.0	6.6798150552446005	0.002	0.0	500
primary::BRAF+FBXW7+RNF43+SMAD4	2	1.5425519610892433	0.0	5.514901800551318	0.0	0.0	500
metastatic::KRAS+PIK3CA+SMAD4+SOX9	1	0.7657626659586716	0.0	3.7298818218218766	0.0	0.0	500
metastatic::APC+CTNNB1+KRAS+PTEN+TP53	1	0.7061803350617653	0.0	2.66138583111382	0.002	0.0	500
primary::KRAS+PIK3CA+SMAD4+SOX9	1	0.7518058916466803	0.0	2.979269416683051	0.0	0.0	500
primary::APC+ARID1A+CTNNB1+FBXW7+KRAS+PIK3CA+TP53	1	0.6499912209091129	0.0	5.997968808307022	0.002	0.0	500
metastatic::SMAD4+SOX9+TP53	1	0.7893320045500845	0.0	2.871698102665008	0.0	0.0	500
primary::BRAF+PIK3CA+PTEN+RNF43	3	2.3000881327171636	0.0	9.471543708234442	0.016	0.008	500
primary::APC+ARID1A+FBXW7+KRAS+PIK3CA+SMAD4+SOX9	1	0.5945275178095195	0.0	9.229742993025395	0.002	0.0	500
primary::BRAF+KRAS+PIK3CA+PTEN	1	0.7084464465471957	0.0	4.732176101218463	0.0	0.0	500
metastatic::APC+KRAS+NRAS	2	1.4551058699034611	0.0	3.9313023771618267	0.002	0.0	500
primary::APC+FBXW7+NRAS+PIK3CA+SOX9+TP53	1	0.6828803022553933	0.0	4.141170611540011	0.0	0.0	500
metastatic::APC+BRAF+FBXW7+PIK3CA+SMAD4+TP53	1	0.7001903165027943	0.0	63915146.345686145	0.0	0.0	500
unknown::KRAS+SMAD4+TP53	2	1.5178337249397096	0.0	8.67036389720448	0.002	0.0	500
primary::APC+ARID1A+BRAF+PIK3CA+RNF43+SOX9+TGFBR2	1	0.6739045158015913	0.0	5.432592226646156	0.0	0.0	500
metastatic::KRAS+PIK3CA+RNF43	1	0.7868819841114165	0.0	3.2056756003855997	0.0	0.0	500
primary::APC+CTNNB1+KRAS+PIK3CA+PTEN+SMAD4	1	0.6875866399536479	0.0	4.039433661568225	0.0	0.0	500
primary::ARID1A+BRAF+PIK3CA+PTEN+RNF43+TGFBR2	1	0.7334438560367544	0.0	3.456042962964417	0.0	0.0	500
primary::CTNNB1+SOX9+TP53	1	0.7038696646970264	0.0	3.3072943531395405	0.0	0.0	500
metastatic::APC+TCF7L2	4	3.296263667195845	0.5530666656991594	11.614469429773157	0.094	0.016	500
primary::BRAF+TGFBR2	2	1.6343066074331425	0.0	4.478874358363732	0.0	0.0	500
primary::APC+BRAF+PIK3CA+TGFBR2+TP53	1	0.7964164739227504	0.0	3.091478352494124	0.0	0.0	500
primary::APC+ARID1A+BRAF+PIK3CA+RNF43	1	0.6861280114675745	0.0	6.2805946314678325	0.002	0.0	500
metastatic::APC+PIK3CA+SMAD4+TCF7L2+TP53	1	0.7083171527621404	0.0	3.3073762240214757	0.0	0.0	500
primary::BRAF+FBXW7+SMAD4	3	2.5249502842355964	0.0	6.8930511170153235	0.02	0.004	500
primary::APC+TCF7L2+TGFBR2+TP53	1	0.7515250196698924	0.0	3.055271644757761	0.0	0.0	500
primary::APC+ARID1A+BRAF+RNF43	2	1.6826127012983285	0.0	6.425854224176877	0.004	0.0	500
primary::APC+FBXW7+KRAS+PIK3CA+SOX9+TGFBR2+TP53	1	0.551039661758561	0.0	5.548921532977489	0.0	0.0	500
primary::APC+BRAF+PIK3CA+SMAD4+SOX9	2	1.6418172565546034	0.0	7.227155167925479	0.008	0.0	500
primary::APC+BRAF+FBXW7+PIK3CA+TCF7L2+TP53	1	0.7354253535839697	0.0	10.24273017431921	0.004	0.0	500
primary::APC+BRAF+KRAS+PTEN	3	2.3417634504807627	0.0	9.957362376114071	0.022	0.0	500
primary::APC+BRAF+FBXW7+SMAD4	1	0.635781153078717	0.0	8.338707389946704	0.0	0.0	500
primary::APC+KRAS+PIK3CA+RNF43+SOX9	1	0.8207284673923807	0.0	3.317562233984863	0.0	0.0	500
metastatic::CTNNB1+KRAS+SMAD4	3	2.4835608625223244	0.0	7.4719293534106	0.026	0.0	500
primary::FBXW7+KRAS+RNF43+SMAD4+TP53	2	1.5044133703707758	0.0	6.317791830462012	0.006	0.0	500
metastatic::APC+FBXW7+KRAS+PIK3CA+SMAD4+TCF7L2	1	0.7498155363562435	0.0	5.378603248201692	0.0	0.0	500
primary::APC+PIK3CA+PTEN+SOX9	1	0.8242311606953765	0.0	3.980728396178894	0.0	0.0	500
primary::ARID1A+BRAF+PIK3CA+RNF43+SOX9+TCF7L2+TGFBR2	1	0.7806956484665251	0.0	6.65702781776826	0.0	0.0	500
metastatic::CTNNB1+RNF43+TP53	1	0.7577476773313713	0.0	3.350050233461347	0.0	0.0	500
primary::APC+FBXW7+KRAS+SOX9+TGFBR2+TP53	1	0.7482118757034742	0.0	3.477355119703652	0.0	0.0	500
unknown::KRAS+PIK3CA+TP53	1	0.7122293947081877	0.0	5.865753656432502	0.0	0.0	500
metastatic::BRAF+KRAS+PIK3CA+SMAD4+TP53	1	0.8452894555966409	0.0	3.731360185294284	0.0	0.0	500
primary::PIK3CA+RNF43+SMAD4+TP53	1	0.8181646667549781	0.0	3.4610707808438153	0.0	0.0	500
primary::APC+KRAS+PIK3CA+RNF43+SOX9+TP53	1	0.8715701624120019	0.0	3.4484591260959534	0.0	0.0	500
primary::APC+CTNNB1	4	3.445146461232211	0.6579848525060666	8.639501558661397	0.044	0.006	500
metastatic::BRAF+NRAS+PIK3CA+TP53	1	0.6936317517565086	0.0	4.317895133171019	0.0	0.0	500
primary::APC+ARID1A+KRAS+PTEN+SMAD4+TP53	1	0.7270208896332271	0.0	4.934396164532973	0.0	0.0	500
primary::BRAF+PIK3CA+PTEN+SMAD4	1	0.7992260235380662	0.0	4.325698228659787	0.002	0.0	500
primary::APC+ARID1A+FBXW7+KRAS+PIK3CA+SMAD4+TCF7L2	1	0.8514793870016621	0.0	7.693818683663577	0.0	0.0	500
metastatic::APC+BRAF+TGFBR2+TP53	2	1.618474912276223	0.0	5.2613058593893935	0.004	0.0	500
unknown::KRAS+PIK3CA	1	0.8896169926298194	0.0	5.499822322081409	0.002	0.0	500
primary::ARID1A+BRAF+FBXW7+PTEN+RNF43+TCF7L2	2	1.9843479312902854	0.0	16.11889349272657	0.006	0.0	500
primary::FBXW7+SOX9+TP53	2	1.7166443291224387	0.0	5.044168457565059	0.002	0.0	500
metastatic::NRAS+PTEN+TP53	1	0.8057677965856309	0.0	3.309065253744371	0.0	0.0	500
primary::APC+ARID1A+BRAF+FBXW7+SOX9	1	0.7467795448119179	0.0	4.373495636192782	0.0	0.0	500
primary::BRAF+CTNNB1+KRAS+TP53	1	0.7885018557683545	0.0	3.1421237332568355	0.004	0.0	500
primary::APC+ARID1A+FBXW7+PIK3CA+SOX9+TP53	1	0.7974158171982598	0.0	6.337177778952735	0.002	0.0	500
primary::PIK3CA+SOX9	1	0.7956233689425951	0.0	3.3625116059833178	0.0	0.0	500
primary::APC+ARID1A+CTNNB1+NRAS+TP53	1	0.8068571144180947	0.0	3.762880518405152	0.0	0.0	500
primary::ARID1A+FBXW7+KRAS+RNF43+SMAD4+TP53	1	0.8132160776925771	0.0	5.112176717511006	0.0	0.0	500
primary::APC+ARID1A+BRAF+FBXW7+RNF43+TGFBR2+TP53	1	0.819989720348559	0.0	4.68911818770402	0.0	0.0	500
metastatic::APC+CTNNB1+KRAS+SMAD4+SOX9+TP53	1	0.7614420478446002	0.0	4.606350872534862	0.0	0.0	500
primary::APC+BRAF+PIK3CA+RNF43	1	0.7783413841799391	0.0	3.9813839191228295	0.0	0.0	500
metastatic::APC+FBXW7+PIK3CA	1	0.7176165483812701	0.0	11.804585481520895	0.0	0.0	500
primary::ARID1A+BRAF+FBXW7	1	0.8362986966140309	0.0	3.9732184907225854	0.0	0.0	500
primary::BRAF+FBXW7+PTEN+RNF43	2	1.8224340436255093	0.0	11.48023587012536	0.02	0.0	500
primary::APC+KRAS+PTEN+SMAD4+SOX9	3	2.846282695245112	0.0	8.930042538091294	0.042	0.002	500
primary::APC+ARID1A+FBXW7+KRAS+PTEN+TCF7L2	1	0.8209965510073872	0.0	5.3677065458749516	0.0	0.0	500
primary::APC+KRAS+RNF43+SOX9	1	0.7263107589403586	0.0	3.7536461729490305	0.0	0.0	500
primary::APC+ARID1A+BRAF+PIK3CA	1	0.8022861340662724	0.0	4.16151077604937	0.0	0.0	500
primary::APC+ARID1A+CTNNB1+SOX9+TP53	1	0.8790152197986804	0.0	4.613740100609541	0.0	0.0	500
primary::APC+ARID1A+SOX9	1	0.8631658262651376	0.0	3.8017849755101634	0.0	0.0	500
primary::BRAF+FBXW7+PIK3CA+SMAD4+TP53	3	2.6979458606212035	0.0	9.357618061698652	0.034	0.002	500
primary::BRAF+FBXW7+PTEN+SMAD4+TP53	1	0.8013151086218546	0.0	4.041079104157227	0.0	0.0	500
primary::APC+ARID1A+BRAF+KRAS+PIK3CA+TCF7L2	1	0.765120489002902	0.0	31300541.058133323	0.0	0.0	500
primary::APC+ARID1A+BRAF+PIK3CA+RNF43+TGFBR2	3	2.9443550733639223	0.0	13.463667167088664	0.036	0.0	500
metastatic::NRAS+PIK3CA+SMAD4+TP53	1	0.8177001465241176	0.0	4.090396371187093	0.0	0.0	500
primary::ARID1A+BRAF+FBXW7+PIK3CA+RNF43+TCF7L2	1	0.9241864723607246	0.0	5.185901298769012	0.0	0.0	500
primary::CTNNB1+PIK3CA	1	0.9099232865400048	0.0	3.579661946011559	0.0	0.0	500
primary::BRAF+FBXW7+RNF43+TGFBR2+TP53	1	1.000533066211697	0.0	4.456623522886941	0.0	0.0	500
unknown::KRAS+PTEN+TP53	1	0.9162722651688135	0.0	11.891483447200283	0.0	0.0	500
primary::CTNNB1+FBXW7+KRAS	1	0.8972379188153696	0.0	3.3054837348079382	0.0	0.0	500
primary::APC+FBXW7+KRAS+PIK3CA+PTEN+SMAD4+SOX9	2	1.7873196214283016	0.0	23.526742575080025	0.012	0.0	500
primary::BRAF+NRAS	1	0.9531155838626792	0.0	3.8075421714295508	0.0	0.0	500
primary::ARID1A+BRAF+FBXW7+PIK3CA+RNF43+SOX9	3	2.912652738765315	0.0	19.528886525759667	0.052	0.0	500
primary::APC+BRAF+KRAS+SMAD4	3	2.8631269542171136	0.0	9.03991972465858	0.03	0.002	500
primary::CTNNB1+KRAS+PIK3CA+SMAD4+SOX9	3	2.8867758270332526	0.0	18.056113508636663	0.072	0.0	500
primary::APC+PIK3CA+SMAD4+SOX9	3	2.887375034579201	0.0	14.801925035407743	0.04	0.0	500
primary::APC+BRAF+PTEN+SMAD4	1	0.8496563037400114	0.0	7.872365276847393	0.004	0.0	500
primary::APC+PIK3CA+TCF7L2	2	1.8758021861137197	0.0	5.68326207955094	0.002	0.0	500
primary::BRAF+KRAS+RNF43+SMAD4+TP53	1	0.9165768412406359	0.0	4.534183124186462	0.0	0.0	500
primary::APC+BRAF+KRAS+TCF7L2+TP53	1	0.9457981193087259	0.0	4.073779615692124	0.0	0.0	500
metastatic::BRAF+TGFBR2+TP53	1	0.959605306686834	0.0	3.5458274516466686	0.0	0.0	500
metastatic::ARID1A+CTNNB1+KRAS+TP53	1	0.9269738971361876	0.0	4.037034158559343	0.0	0.0	500
primary::APC+BRAF+FBXW7+KRAS	1	0.8583916541131379	0.0	4.283887673156033	0.0	0.0	500
primary::ARID1A+BRAF+FBXW7+RNF43+TGFBR2+TP53	1	0.844669351579755	0.0	60115075.73136635	0.002	0.0	500
primary::APC+ARID1A+NRAS+PIK3CA+SMAD4+TP53	1	0.9247511484746413	0.0	5.814954054024368	0.002	0.0	500
primary::APC+KRAS+PIK3CA+SOX9+TCF7L2+TGFBR2	1	0.8406919484802857	0.0	5.927518231971066	0.0	0.0	500
primary::APC+BRAF+RNF43+TGFBR2+TP53	3	3.0728602907592184	0.0	10.859247208946817	0.042	0.0	500
primary::APC+ARID1A+FBXW7+PIK3CA+SOX9	1	0.8650565621552176	0.0	5.716254604262513	0.0	0.0	500
metastatic::APC+CTNNB1+NRAS+SMAD4+TP53	1	0.8654809453516669	0.0	5.278571055802745	0.0	0.0	500
primary::NRAS+SOX9+TP53	3	2.9478951791995742	0.0	7.628433417423669	0.03	0.0	500
metastatic::APC+PTEN	3	3.0181301841718646	0.0	38.9623069248618	0.056	0.002	500
unknown::APC+KRAS+SMAD4	1	0.8734599564495487	0.0	23.232921121513293	0.0	0.0	500
primary::APC+FBXW7+KRAS+SMAD4+TCF7L2	2	1.9252605876890116	0.0	8.389046704825864	0.018	0.0	500
primary::APC+CTNNB1+PIK3CA+PTEN	1	0.862864163002543	0.0	5.73913564994356	0.0	0.0	500
metastatic::FBXW7+PIK3CA	2	1.9172207001532238	0.0	6.043891863976539	0.006	0.0	500
primary::APC+BRAF+PTEN+RNF43+TP53	1	0.9264665678728152	0.0	5.129893719064554	0.0	0.0	500
primary::APC+ARID1A+BRAF+FBXW7+RNF43+TGFBR2	1	1.018640254000292	0.0	102.4799857932777	0.002	0.0	500
primary::APC+FBXW7+RNF43+TCF7L2+TP53	1	0.8210415128820472	0.0	6.235526473977643	0.0	0.0	500
metastatic::APC+KRAS+PIK3CA+SMAD4+SOX9+TGFBR2	1	1.0466954447905779	0.0	4.5262232636240425	0.0	0.0	500
primary::APC+BRAF+PIK3CA+PTEN+SMAD4	1	0.9861872753354397	0.0	6.753923904791119	0.0	0.0	500
primary::ARID1A+FBXW7+KRAS+PIK3CA	1	0.8509079648219926	0.0	4.969953267985293	0.0	0.0	500
primary::CTNNB1+KRAS+SOX9	2	1.7727697250009327	0.0	6.548147790935155	0.004	0.0	500
primary::APC+BRAF+FBXW7+PIK3CA+RNF43+TP53	1	0.8969971284633136	0.0	6.522585223902899	0.0	0.0	500
primary::BRAF+FBXW7+SOX9+TP53	1	0.9916581499736034	0.0	4.725243843600584	0.0	0.0	500
primary::APC+NRAS+SOX9	1	0.9990086910561852	0.0	4.37513752115326	0.0	0.0	500
primary::APC+ARID1A+KRAS+PIK3CA+RNF43+SOX9	1	0.9521523362472892	0.0	18.970456369083333	0.002	0.0	500
primary::ARID1A+BRAF+PIK3CA+RNF43+TGFBR2+TP53	1	0.9810525016258871	0.0	19.50761736139845	0.0	0.0	500
primary::CTNNB1+KRAS+PIK3CA+SOX9+TGFBR2	1	0.8023351792818999	0.0	22.30278536969397	0.0	0.0	500
primary::ARID1A+NRAS+TP53	1	1.0229544281268104	0.0	3.8969141806229373	0.0	0.0	500
primary::APC+KRAS+PIK3CA+PTEN+SOX9+TCF7L2+TP53	1	0.9530208972399159	0.0	11.9260580953336	0.002	0.0	500
primary::APC+ARID1A+KRAS+RNF43+SOX9+TCF7L2	1	0.8216524062957041	0.0	59776261.94970075	0.002	0.0	500
primary::NRAS+PIK3CA	2	2.0058887743123295	0.0	7.475182821514324	0.012	0.0	500
unknown::APC+FBXW7+TP53	1	0.9484445396511345	0.0	3.973767910484461	0.0	0.0	500
primary::APC+ARID1A+CTNNB1+PIK3CA+RNF43+TCF7L2	1	0.7944525140647465	0.0	22.766735946160853	0.002	0.0	500
primary::APC+ARID1A+BRAF+FBXW7+RNF43+SOX9+TGFBR2	1	0.9043185568504236	0.0	16.357557039090224	0.002	0.0	500
primary::RNF43+TCF7L2+TP53	1	1.0061037002504087	0.0	3.4278507858521032	0.0	0.0	500
metastatic::APC+FBXW7+KRAS+PTEN+SOX9	1	0.9790932387831841	0.0	7.1577128439623925	0.0	0.0	500
metastatic::APC+NRAS+PTEN+SMAD4+TP53	1	0.924879295278523	0.0	4.719798841888547	0.004	0.0	500
primary::APC+FBXW7+SOX9	1	1.0082274700875393	0.0	3.8379770085974876	0.0	0.0	500
primary::BRAF+RNF43+SMAD4+SOX9+TP53	1	1.0139068219911596	0.0	5.011686373859494	0.002	0.0	500
primary::APC+ARID1A+CTNNB1+KRAS+PIK3CA+TCF7L2	2	2.3148301248894043	0.0	122832494.52651279	0.02	0.0	500
primary::APC+ARID1A+FBXW7+KRAS+PIK3CA+RNF43+SOX9	1	0.952731404327597	0.0	58838658.07758393	0.002	0.0	500
primary::APC+ARID1A+BRAF+FBXW7+PIK3CA+SOX9	1	1.0709602693855405	0.0	27.180157237352972	0.002	0.0	500
primary::APC+ARID1A+BRAF+PIK3CA+RNF43+TP53	1	0.990765530143056	0.0	14.070783246326895	0.0	0.0	500
unknown::APC+ARID1A+KRAS+TP53	1	1.1182724694472241	0.0	4.425162472518719	0.0	0.0	500
metastatic::ARID1A+SMAD4+TP53	1	1.0502474702193854	0.0	4.191263671864597	0.002	0.0	500
primary::APC+FBXW7+PIK3CA+SOX9+TCF7L2+TP53	1	1.0057169851193042	0.0	16.112575136736666	0.008	0.0	500
primary::APC+CTNNB1+FBXW7+KRAS+PIK3CA+PTEN+SMAD4+TP53	1	0.8643883788428326	0.0	13.863537990742891	0.0	0.0	500
metastatic::ARID1A+BRAF+RNF43	1	1.0100893648313818	0.0	59923907.71366778	0.002	0.0	500
primary::APC+ARID1A+FBXW7+KRAS+PIK3CA+PTEN+RNF43+SOX9+TCF7L2	1	1.1029590242795915	0.0	124044574.867534	0.0	0.0	500
primary::APC+ARID1A+CTNNB1+RNF43+TCF7L2+TP53	1	0.9937818595841634	0.0	10.662035805879402	0.002	0.0	500
metastatic::CTNNB1+KRAS+TCF7L2+TP53	1	1.0128165374333433	0.0	4.522610692032515	0.002	0.0	500
primary::FBXW7+KRAS+PIK3CA+RNF43	1	0.9960908008786695	0.0	5.967143558768889	0.0	0.0	500
primary::CTNNB1+KRAS+PIK3CA+RNF43	1	1.0908228836173441	0.0	4.761984223249154	0.0	0.0	500
primary::APC+FBXW7+KRAS+PIK3CA+PTEN+TGFBR2	2	2.08627198630069	0.0	38.77512929975848	0.02	0.0	500
primary::APC+ARID1A+FBXW7+KRAS+PIK3CA+PTEN+RNF43+SOX9+TCF7L2+TGFBR2	1	1.0952391700939628	0.0	182271934.87342688	0.0	0.0	500
primary::APC+CTNNB1+PTEN+TP53	1	1.0795260416779504	0.0	3.979877856611511	0.0	0.0	500
metastatic::APC+KRAS+NRAS+PTEN+TP53	1	1.0699996315958158	0.0	5.215373503567725	0.002	0.0	500
unknown::APC+SOX9+TP53	1	1.0004955836044342	0.0	4.471668975767857	0.002	0.0	500
primary::BRAF+KRAS+PIK3CA+PTEN+SMAD4+TP53	1	1.003556805924154	0.0	5.895891293756859	0.0	0.0	500
primary::APC+PIK3CA+RNF43+TCF7L2+TP53	2	2.360766216171269	0.0	8.09172722046102	0.008	0.0	500
primary::ARID1A+BRAF+CTNNB1+PIK3CA+RNF43	1	1.1406535710555916	0.0	10.154690058756422	0.002	0.0	500
metastatic::APC+KRAS+SOX9+TGFBR2	2	2.3328528791032803	0.0	8.913435861126798	0.018	0.0	500
metastatic::FBXW7+PTEN+TP53	1	1.0647276026773207	0.0	4.5881056624076715	0.0	0.0	500
unknown::BRAF+SMAD4+TP53	1	1.0932750099103958	0.0	6.375241974613992	0.002	0.0	500
metastatic::APC+BRAF+FBXW7+PTEN+TP53	1	1.1136227346236462	0.0	8.158024607110837	0.004	0.0	500
primary::CTNNB1+KRAS+PTEN+SMAD4+TP53	1	1.0411438263061363	0.0	7.567293569071253	0.002	0.0	500
primary::ARID1A+BRAF+SOX9	1	1.1862362915556854	0.0	6.1996401863804325	0.004	0.0	500
metastatic::KRAS+PIK3CA+PTEN+SMAD4	1	1.0398632715054292	0.0	5.10739492213266	0.0	0.0	500
primary::APC+ARID1A+KRAS+PIK3CA+SOX9+TGFBR2	1	1.027155356979995	0.0	6.413753264624092	0.002	0.0	500
metastatic::APC+NRAS+PIK3CA+SOX9	1	1.161900155907329	0.0	6.5311149322260835	0.0	0.0	500
primary::APC+ARID1A+KRAS+PTEN+SOX9	1	0.931934988574364	0.0	8.196715550523733	0.002	0.0	500
primary::PTEN+SMAD4	2	2.168303518681353	0.0	7.503134647487509	0.006	0.0	500
metastatic::BRAF+FBXW7+PIK3CA	4	4.56064875142307	0.8554686630576491	16.1426536887631	0.144	0.004	500
metastatic::APC+PIK3CA+PTEN	4	5.356727046782992	0.5747657727110772	35.35064613711209	0.198	0.01	500
primary::APC+ARID1A+BRAF+FBXW7+PIK3CA+SOX9+TCF7L2+TP53	1	0.9299933941748957	0.0	61726664.91767472	0.0	0.0	500
primary::APC+BRAF+KRAS+PIK3CA+TCF7L2+TP53	1	1.1861866930378153	0.0	9.74018450768749	0.0	0.0	500
primary::ARID1A+PIK3CA	2	2.332717789167836	0.0	7.89642365021132	0.01	0.0	500
primary::BRAF+FBXW7+PIK3CA+RNF43+SOX9+TGFBR2+TP53	1	0.9286024717680359	0.0	60920906.38916117	0.0	0.0	500
primary::APC+ARID1A+RNF43+SMAD4+TP53	1	1.057221856076588	0.0	6.250347885195193	0.002	0.0	500
primary::ARID1A+BRAF+CTNNB1+PIK3CA+RNF43+SOX9	1	1.1311425627451728	0.0	7.016042569024956	0.002	0.0	500
primary::FBXW7+PTEN	2	2.3849076938437492	0.0	7.337530781733587	0.01	0.0	500
metastatic::APC+ARID1A+FBXW7+NRAS+TP53	1	1.0709022088947993	0.0	7.354627641973587	0.002	0.0	500
primary::BRAF+FBXW7+NRAS+TP53	1	1.1283537830242645	0.0	5.257258956599105	0.0	0.0	500
metastatic::NRAS+SOX9+TP53	1	1.1541959560610227	0.0	4.329298804772684	0.0	0.0	500
metastatic::APC+ARID1A+FBXW7+RNF43+TP53	1	1.0007409835021015	0.0	41.11729303078463	0.002	0.0	500
metastatic::APC+NRAS+SOX9	2	2.422099536305905	0.0	7.819903885537751	0.002	0.0	500
primary::BRAF+FBXW7+PTEN+SMAD4	1	1.0494666351031796	0.0	6.10851055170779	0.0	0.0	500
metastatic::APC+CTNNB1+KRAS+PIK3CA+TCF7L2+TP53	1	1.2170877799534565	0.0	11.862970488729452	0.002	0.0	500
primary::ARID1A+BRAF+FBXW7+PIK3CA+RNF43+TP53	1	1.1343114397329483	0.0	12.859879766020844	0.002	0.0	500
primary::ARID1A+FBXW7+KRAS+RNF43	1	1.049150543654584	0.0	7.930555903428914	0.0	0.0	500
primary::APC+BRAF+FBXW7+PIK3CA+PTEN	4	5.376232928579661	0.785200857697189	207.02351580897243	0.184	0.006	500
primary::APC+CTNNB1+FBXW7+SOX9+TP53	1	1.2241627594573168	0.0	7.501828294990423	0.0	0.0	500
primary::APC+SOX9+TCF7L2	1	1.2091762924331124	0.0	5.2011579167449264	0.0	0.0	500
metastatic::BRAF+FBXW7+PIK3CA+PTEN	1	1.2792907453549398	0.0	7.802217882570792	0.002	0.0	500
primary::APC+ARID1A+FBXW7+SOX9+TCF7L2+TP53	2	2.8825292431919887	0.0	195362946.1916667	0.024	0.0	500
primary::APC+NRAS+PIK3CA+TCF7L2	2	2.4177382504926452	0.0	10.447784460433477	0.022	0.0	500
primary::BRAF+CTNNB1+PIK3CA	1	1.211607452584461	0.0	4.545054305175303	0.002	0.0	500
unknown::APC+NRAS+TP53	2	2.3982078371743256	0.0	10.92711105486439	0.02	0.0	500
primary::APC+KRAS+PTEN+SMAD4+SOX9+TCF7L2	1	1.1583435828732191	0.0	7.562786833897277	0.0	0.0	500
primary::CTNNB1+FBXW7+KRAS+SOX9+TP53	1	1.270608796135166	0.0	17.09978113193105	0.0	0.0	500
primary::APC+ARID1A+CTNNB1+KRAS+SOX9	2	2.8014339752334205	0.0	12.746863584896222	0.022	0.0	500
primary::APC+SMAD4+SOX9	3	4.019993671088611	0.0	10.62907627026994	0.088	0.002	500
primary::APC+NRAS+PTEN	1	1.102141700583187	0.0	17.797043553179986	0.0	0.0	500
primary::APC+ARID1A+CTNNB1+FBXW7+KRAS+PIK3CA+TCF7L2+TGFBR2	1	0.9874698524785583	0.0	177561821.15945426	0.0	0.0	500
primary::ARID1A+BRAF+PIK3CA+RNF43+TCF7L2+TP53	1	1.1366849468073332	0.0	136.96303549620868	0.002	0.0	500
primary::APC+PIK3CA+RNF43	1	1.372119996904586	0.0	6.393053311713251	0.002	0.0	500
primary::ARID1A+BRAF+CTNNB1+RNF43+SOX9	2	2.547425766310501	0.0	18.615335570856335	0.014	0.0	500
primary::TGFBR2	2	2.743957878014342	0.0	7.462843987272346	0.018	0.0	500
primary::FBXW7+PIK3CA+PTEN	1	1.1620913050396595	0.0	6.824805648555212	0.002	0.0	500
metastatic::PIK3CA+PTEN	1	1.2553397530785704	0.0	5.873267643492431	0.0	0.0	500
primary::KRAS+SMAD4+TGFBR2+TP53	1	1.3865588936872966	0.0	5.80298838823522	0.0	0.0	500
primary::APC+ARID1A+BRAF+PTEN+RNF43+TGFBR2+TP53	1	1.3468157218730208	0.0	157305702.2495368	0.0	0.0	500
primary::APC+ARID1A+KRAS+SOX9+TGFBR2+TP53	1	1.2023164203985321	0.0	5.555259403190714	0.002	0.0	500
primary::APC+ARID1A+KRAS+PTEN+TCF7L2	1	1.1164880680857672	0.0	19.90868122164836	0.0	0.0	500
primary::CTNNB1+KRAS+RNF43+SMAD4+TP53	1	1.421805441753126	0.0	6.409562669004599	0.0	0.0	500
primary::APC+BRAF+TGFBR2	2	2.5418140327241847	0.0	17.176613277496998	0.016	0.0	500
primary::APC+ARID1A+BRAF+KRAS	1	1.3479032667597322	0.0	6.785253172216738	0.004	0.0	500
primary::BRAF+KRAS+PTEN	2	2.655529114389485	0.0	8.813128991081284	0.02	0.0	500
primary::APC+ARID1A+FBXW7+KRAS+PTEN+SOX9	1	1.2749534825943767	0.0	24.409300897338007	0.002	0.0	500
primary::ARID1A+BRAF+FBXW7+PIK3CA+PTEN+RNF43+TCF7L2+TGFBR2	1	1.0583278646149274	0.0	123181568.29960436	0.002	0.0	500
primary::APC+ARID1A+FBXW7	2	2.785280081247082	0.0	16.28182155729865	0.028	0.0	500
metastatic::APC+FBXW7+KRAS+PIK3CA+TGFBR2+TP53	1	1.2422862411253415	0.0	5.26720003088307	0.0	0.0	500
primary::ARID1A+BRAF+RNF43+SOX9+TCF7L2+TGFBR2	1	1.3378751801751188	0.0	122892626.3234872	0.004	0.0	500
metastatic::FBXW7+KRAS+SOX9+TP53	1	1.324834810790927	0.0	7.4874890353362105	0.0	0.0	500
metastatic::APC+BRAF+PTEN	3	4.985900990389743	0.0	80.2971291226631	0.104	0.0	500
metastatic::FBXW7+KRAS+PTEN+SMAD4+TP53	1	1.3161630094974002	0.0	6.9531838142752145	0.0	0.0	500
primary::APC+ARID1A+PIK3CA+RNF43	2	2.865245695434015	0.0	35.923254423614914	0.034	0.0	500
metastatic::APC+ARID1A+BRAF+PIK3CA+RNF43+TP53	1	1.3962304581263512	0.0	125547567.56210208	0.0	0.0	500
primary::ARID1A+KRAS+RNF43	1	1.249271717145271	0.0	9.964855807225865	0.002	0.0	500
primary::APC+ARID1A+FBXW7+RNF43+TCF7L2	2	2.975008836759221	0.0	238084150.04675695	0.026	0.0	500
metastatic::BRAF+CTNNB1+RNF43+TP53	2	2.6589443555539845	0.0	8.570701988654735	0.02	0.0	500
metastatic::APC+BRAF+PIK3CA+PTEN	1	1.401546625738709	0.0	8.368092560141227	0.004	0.0	500
primary::ARID1A+BRAF+PIK3CA+PTEN+RNF43+TCF7L2+TGFBR2+TP53	1	1.2096184520192084	0.0	63243457.560970955	0.004	0.0	500
primary::APC+FBXW7+PIK3CA+SOX9	1	1.3028397297286167	0.0	7.516678926660493	0.0	0.0	500
primary::BRAF+FBXW7+KRAS+PIK3CA+PTEN+SMAD4+TP53	1	1.3139707626597577	0.0	18.552645400356308	0.002	0.0	500
primary::PIK3CA+TCF7L2+TP53	3	4.204715025174197	0.0	10.532216660493665	0.082	0.0	500
primary::BRAF+RNF43+SMAD4+SOX9	1	1.447181736065685	0.0	7.982181229754732	0.0	0.0	500
primary::SMAD4+TCF7L2+TP53	2	2.6981914542992342	0.0	8.944009605244064	0.026	0.0	500
metastatic::APC+KRAS+RNF43+SOX9	1	1.375938197865862	0.0	9.065525676758332	0.0	0.0	500
primary::APC+ARID1A+RNF43+SOX9	3	4.66883587589961	0.0	31978561.125232413	0.084	0.0	500
metastatic::CTNNB1+PIK3CA	1	1.4120696182792605	0.0	6.186195813515657	0.0	0.0	500
primary::APC+ARID1A+KRAS+RNF43+TCF7L2	3	5.630588049236849	0.0	100.42865271752103	0.122	0.0	500
primary::APC+BRAF+NRAS+PTEN+TP53	1	1.4759713764714522	0.0	6.312937824644912	0.002	0.0	500
unknown::BRAF+PIK3CA+TP53	1	1.267836486701574	0.0	7.917188467096244	0.0	0.0	500
primary::APC+ARID1A+BRAF+CTNNB1+FBXW7+KRAS+PIK3CA+PTEN+RNF43+TCF7L2+TP53	1	0.8150053788639184	0.0	177705887.05068243	0.0	0.0	500
primary::ARID1A+BRAF+FBXW7+PTEN+RNF43+SOX9+TGFBR2+TP53	1	1.530726350137238	0.0	131759667.90685622	0.0	0.0	500
metastatic::ARID1A+KRAS+PIK3CA+SMAD4+TP53	1	1.5471446308942338	0.0	10.55682231094702	0.0	0.0	500
metastatic::APC+BRAF+KRAS+PIK3CA+SMAD4	1	1.155906350828169	0.0	14.313294382252273	0.006	0.0	500
primary::PIK3CA+PTEN+SMAD4+TP53	1	1.4440542110811223	0.0	6.844362263773907	0.0	0.0	500
primary::ARID1A+CTNNB1+KRAS	1	1.4007829713766293	0.0	7.015414541132774	0.002	0.0	500
primary::APC+ARID1A+CTNNB1+FBXW7+RNF43+TCF7L2	1	1.3969626861024227	0.0	26.83556448333242	0.004	0.0	500
primary::BRAF+PIK3CA+SMAD4+SOX9	1	1.331721853232593	0.0	7.596111660031224	0.0	0.0	500
metastatic::APC+ARID1A+CTNNB1+KRAS+SMAD4+TP53	1	1.5336232895550614	0.0	8.341068575034257	0.0	0.0	500
primary::APC+ARID1A+BRAF+PTEN	1	1.421990332932348	0.0	14.310595697227013	0.004	0.0	500
metastatic::KRAS+SMAD4+SOX9	3	4.632122858760938	0.0	14.877370370152894	0.11	0.0	500
primary::APC+FBXW7+PIK3CA+RNF43+SOX9+TCF7L2	1	1.5140547813466938	0.0	121714344.04172531	0.0	0.0	500
primary::RNF43+TGFBR2+TP53	1	1.4643756434572137	0.0	5.556098688075649	0.0	0.0	500
primary::ARID1A+BRAF+FBXW7+PTEN	1	1.4253460105579698	0.0	9.869584789061825	0.0	0.0	500
primary::ARID1A+PIK3CA+RNF43+SOX9+TGFBR2	1	1.3290768002872044	0.0	23.39618424993923	0.0	0.0	500
primary::ARID1A+BRAF+CTNNB1+FBXW7+RNF43+TGFBR2+TP53	1	1.354165673097479	0.0	123488447.48061718	0.0	0.0	500
primary::APC+ARID1A+BRAF+PTEN+SOX9	1	1.4091820227025256	0.0	24.34563210169033	0.0	0.0	500
primary::APC+BRAF+FBXW7+RNF43	1	1.6821449859682729	0.0	17.339718849959127	0.002	0.0	500
metastatic::APC+KRAS+PTEN+SMAD4+SOX9	2	2.808862293208751	0.0	12.511349747672924	0.028	0.0	500
primary::BRAF+RNF43+TCF7L2	1	1.3998120094970083	0.0	7.837280901874013	0.002	0.0	500
primary::APC+BRAF+FBXW7+PIK3CA+RNF43	1	1.37180545877353	0.0	14.237317204956199	0.0	0.0	500
primary::APC+FBXW7+KRAS+NRAS+PIK3CA+PTEN+SMAD4+TP53	1	1.663097434919801	0.0	60.71436006455604	0.0	0.0	500
metastatic::APC+ARID1A+FBXW7+KRAS+PIK3CA+TCF7L2+TP53	1	1.6123983015766656	0.0	59443175.47762412	0.002	0.0	500
primary::CTNNB1+FBXW7+PIK3CA+TP53	1	1.6139864444204746	0.0	8.62790908930532	0.002	0.0	500
primary::APC+ARID1A+CTNNB1+FBXW7+KRAS+PIK3CA+PTEN+RNF43+TCF7L2	1	1.1845974383535154	0.0	124146421.79494086	0.002	0.0	500
primary::APC+CTNNB1+KRAS+PIK3CA+SOX9+TCF7L2	1	1.3935623295905373	0.0	8.54388152647561	0.0	0.0	500
primary::ARID1A+BRAF+PTEN+RNF43	3	5.069196202331417	0.0	20.111167475086866	0.114	0.0	500
metastatic::KRAS+TGFBR2	1	1.6558015160835349	0.0	6.006628957513252	0.0	0.0	500
primary::KRAS+PTEN+SOX9+TP53	1	1.651193070354123	0.0	6.829400318604408	0.0	0.0	500
primary::ARID1A+BRAF+CTNNB1+PTEN+RNF43+TGFBR2	1	1.32063383806657	0.0	21.25337552262286	0.004	0.0	500
primary::APC+ARID1A+KRAS+PIK3CA+PTEN+RNF43+TP53	1	1.5742430873260922	0.0	65157218.14109844	0.0	0.0	500
primary::APC+ARID1A+BRAF+FBXW7+PTEN+RNF43+SOX9+TP53	1	1.6496410875172467	0.0	92782183.79966822	0.0	0.0	500
unknown::APC+TCF7L2+TP53	1	1.57282732312587	0.0	7.558712459050401	0.006	0.0	500
primary::APC+ARID1A+BRAF+FBXW7+PTEN+TP53	1	1.3532783440145155	0.0	25.9399741720291	0.0	0.0	500
metastatic::APC+CTNNB1	1	1.4839334672373252	0.0	8.685634955324833	0.002	0.0	500
metastatic::FBXW7+SOX9+TP53	1	1.5877394819396526	0.0	6.9296637684674325	0.0	0.0	500
primary::APC+CTNNB1+FBXW7+KRAS+PIK3CA+PTEN+SMAD4	1	1.5476092124466931	0.0	64236210.55084801	0.002	0.0	500
primary::APC+ARID1A+CTNNB1+FBXW7+KRAS+TCF7L2	1	1.6033297928637158	0.0	129884562.66194236	0.0	0.0	500
primary::CTNNB1+PIK3CA+PTEN	3	5.4630835526315025	0.0	26.619109123448013	0.114	0.0	500
primary::APC+BRAF+SOX9+TCF7L2+TP53	1	1.6294358365172226	0.0	11.750076207717731	0.004	0.0	500
primary::APC+ARID1A+PTEN+SOX9	1	1.673815314930101	0.0	11.12618336744602	0.002	0.0	500
metastatic::ARID1A+FBXW7+TP53	1	1.7250922574023178	0.0	8.266576386167369	0.002	0.0	500
primary::APC+BRAF+PTEN+TCF7L2+TP53	1	1.48965036633762	0.0	9.271207400658191	0.006	0.0	500
primary::ARID1A+KRAS+TCF7L2+TP53	1	1.6282517902176639	0.0	8.604172818527966	0.0	0.0	500
primary::APC+FBXW7+KRAS+PIK3CA+RNF43+SOX9	1	1.6859840380437912	0.0	7.774177937888041	0.002	0.0	500
primary::APC+ARID1A+CTNNB1+KRAS+PIK3CA+RNF43	2	3.290658790136638	0.0	119005123.98632823	0.024	0.0	500
primary::APC+RNF43+TCF7L2	3	5.190451273339586	0.0	21.303219004468417	0.134	0.0	500
metastatic::APC+ARID1A+CTNNB1+KRAS	1	1.6216788290118131	0.0	9.103367932405302	0.002	0.0	500
primary::ARID1A+BRAF+FBXW7+PIK3CA+PTEN+RNF43	1	1.0461044283290486	0.0	122501125.51747577	0.002	0.0	500
primary::FBXW7+KRAS+SOX9	1	1.6315741196337719	0.0	7.018616468263486	0.002	0.0	500
primary::BRAF+FBXW7+RNF43+TCF7L2+TP53	1	1.7254501601216305	0.0	8.968055206821578	0.0	0.0	500
primary::APC+ARID1A+CTNNB1+FBXW7+KRAS+PIK3CA+RNF43+TCF7L2+TGFBR2+TP53	1	1.7021733247596487	0.0	184427549.09562746	0.0	0.0	500
metastatic::CTNNB1+SOX9+TP53	2	3.222175336657782	0.0	9.650860538299671	0.028	0.0	500
primary::APC+ARID1A+KRAS+PTEN+SOX9+TCF7L2	1	1.4215759807563568	0.0	120647741.83595435	0.002	0.0	500
primary::APC+FBXW7+PTEN+TCF7L2+TP53	1	1.5201179052525213	0.0	10.710545222749426	0.002	0.0	500
primary::APC+ARID1A+RNF43+TGFBR2	2	3.536816503132137	0.0	29.527929536117934	0.036	0.0	500
metastatic::APC+ARID1A+BRAF+TCF7L2+TP53	1	1.6351905195614007	0.0	8.292488890541438	0.002	0.0	500
primary::APC+ARID1A+BRAF+SOX9	2	3.8858708760786262	0.0	68.96927841817296	0.042	0.0	500
primary::ARID1A+BRAF+CTNNB1+FBXW7+RNF43	1	1.6520341829067375	0.0	11.047227518237078	0.004	0.0	500
primary::APC+BRAF+FBXW7+KRAS+PIK3CA+SOX9	1	1.5842921584909182	0.0	16.751543275212526	0.002	0.0	500
primary::ARID1A+BRAF+PIK3CA+RNF43+TCF7L2+TGFBR2+TP53	2	3.6046610327558786	0.0	213.95839617328878	0.034	0.0	500
unknown::PTEN+TP53	2	3.2468816557483153	0.0	11.277403978613036	0.03	0.0	500
metastatic::APC+KRAS+RNF43+SMAD4	1	1.5739828102135691	0.0	7.215254098926213	0.0	0.0	500
metastatic::APC+ARID1A+NRAS	1	1.6362006395645854	0.0	7.580424233525291	0.0	0.0	500
primary::APC+BRAF+FBXW7+RNF43+TGFBR2	1	1.4114784343259192	0.0	10.20400997919891	0.0	0.0	500
primary::ARID1A+BRAF+FBXW7+RNF43+SOX9+TCF7L2	1	1.6755387556647343	0.0	16.74702854459943	0.0	0.0	500
metastatic::APC+ARID1A+RNF43+SMAD4+TP53	1	1.76092649245023	0.0	56.93065865657292	0.002	0.0	500
primary::BRAF+PTEN+RNF43+TGFBR2+TP53	1	1.7033757644324363	0.0	14.563167305714588	0.0	0.0	500
metastatic::BRAF+FBXW7+PIK3CA+SMAD4+TP53	1	1.6672033124523522	0.0	14.477136220630898	0.0	0.0	500
metastatic::KRAS+PIK3CA+SMAD4+SOX9+TP53	1	1.9587702227781358	0.0	11.147986070880412	0.0	0.0	500
primary::APC+ARID1A+BRAF+KRAS+PIK3CA	2	3.485198905111023	0.0	36.09661748181504	0.03	0.0	500
primary::APC+ARID1A+CTNNB1+FBXW7+KRAS+PIK3CA+PTEN	1	1.6960699926707719	0.0	119829907.49664026	0.002	0.0	500
primary::BRAF+FBXW7+KRAS+PIK3CA	2	3.5849621578577655	0.0	14.66179076995681	0.03	0.0	500
primary::BRAF+KRAS+SOX9+TP53	1	1.967489732197098	0.0	8.150417354150848	0.004	0.0	500
primary::APC+ARID1A+CTNNB1+TCF7L2	1	1.3954277575311407	0.0	29470414.631353848	0.0	0.0	500
primary::ARID1A+BRAF+FBXW7+SOX9	1	1.8004146187416357	0.0	21.362495128603076	0.004	0.0	500
metastatic::APC+PIK3CA+SOX9	3	5.924134802419158	0.0	21.545007675595315	0.16	0.002	500
primary::APC+ARID1A+TCF7L2	1	1.7205297021671457	0.0	8.430395458555697	0.002	0.0	500
metastatic::APC+CTNNB1+FBXW7+KRAS+SOX9+TP53	1	1.8827858116925418	0.0	14.712900259960657	0.01	0.0	500
primary::BRAF+PIK3CA+RNF43+TGFBR2	4	7.62652238391944	1.0826482156608135	62.41920122814383	0.27	0.004	500
primary::BRAF+FBXW7+KRAS+PIK3CA+PTEN	1	1.5198028299538398	0.0	61151791.736743994	0.004	0.0	500
primary::ARID1A+BRAF+FBXW7+RNF43+SOX9+TP53	1	1.5879555362630875	0.0	62159635.13645365	0.004	0.0	500
metastatic::APC+PIK3CA+TGFBR2+TP53	1	1.8224114828483373	0.0	6.658577646727176	0.002	0.0	500
primary::ARID1A+FBXW7+KRAS	1	1.9202722280733693	0.0	9.755498022330855	0.006	0.0	500
primary::APC+ARID1A+PIK3CA+PTEN+SOX9	1	1.5581845447978597	0.0	28.303898703900746	0.0	0.0	500
metastatic::APC+BRAF+KRAS+PTEN+TP53	1	1.896619838952707	0.0	9.06054149298902	0.0	0.0	500
primary::APC+ARID1A+FBXW7+RNF43+TGFBR2	2	3.775255335433572	0.0	64445026.613801055	0.04	0.0	500
primary::APC+BRAF+NRAS	2	3.9342203305473156	0.0	23.10989391891966	0.028	0.0	500
metastatic::APC+ARID1A+KRAS+RNF43+SMAD4	1	1.9172391176368633	0.0	197.15666773071231	0.002	0.0	500
primary::APC+BRAF+KRAS+SMAD4+TCF7L2+TP53	1	1.7322822626764092	0.0	12.927826866897915	0.0	0.0	500
primary::BRAF+FBXW7+RNF43+SOX9+TGFBR2+TP53	1	1.5235702219540816	0.0	30.7281372854167	0.002	0.0	500
metastatic::APC+ARID1A+KRAS+PTEN+SMAD4+TP53	1	1.8256144746008918	0.0	16.309067791043127	0.004	0.0	500
primary::BRAF+FBXW7+RNF43+SOX9	1	1.8378464719481147	0.0	23.55925047361041	0.002	0.0	500
primary::APC+ARID1A+BRAF+FBXW7+PTEN+RNF43+TP53	2	4.0739808700534015	0.0	28.30019062041992	0.044	0.0	500
primary::APC+ARID1A+BRAF+FBXW7+RNF43+TP53	2	4.241290834709723	0.0	27.141596605637616	0.062	0.0	500
primary::BRAF+KRAS+PIK3CA+RNF43	1	1.5641397357435722	0.0	17.714673776282584	0.004	0.0	500
primary::APC+BRAF+FBXW7+KRAS+PIK3CA+TCF7L2+TP53	1	1.9035943154700155	0.0	120.06197701203104	0.006	0.0	500
primary::ARID1A+FBXW7+KRAS+RNF43+SOX9	1	1.778623182017614	0.0	16.358704190077432	0.004	0.0	500
metastatic::ARID1A+BRAF+FBXW7+PIK3CA+RNF43+TCF7L2	1	2.019921249563783	0.0	126533527.4545486	0.0	0.0	500
metastatic::PIK3CA+RNF43+SMAD4+TP53	1	1.8537604831541998	0.0	10.981031921254004	0.006	0.0	500
primary::APC+BRAF+RNF43+SOX9	1	1.7250444712211428	0.0	19.301916111160278	0.004	0.0	500
primary::BRAF+PIK3CA+RNF43+TCF7L2+TP53	1	1.5847814764231531	0.0	10.67070784585593	0.002	0.0	500
primary::BRAF+RNF43+SOX9+TGFBR2+TP53	1	1.9542003576864708	0.0	13.52253885531939	0.0	0.0	500
primary::ARID1A+FBXW7+RNF43+TGFBR2	1	2.123770233455639	0.0	17.11511012890227	0.002	0.0	500
metastatic::APC+ARID1A+SOX9	1	1.83681323566364	0.0	9.305834708491476	0.002	0.0	500
primary::APC+KRAS+PIK3CA+SMAD4+TCF7L2+TGFBR2	1	1.7264110510025894	0.0	10.69692330826262	0.004	0.0	500
metastatic::CTNNB1+KRAS+PIK3CA+PTEN	1	1.7482314641857977	0.0	14.36931999768032	0.002	0.0	500
primary::CTNNB1+FBXW7+KRAS+PIK3CA+SOX9	1	1.627437018464858	0.0	60199274.30231381	0.002	0.0	500
metastatic::ARID1A+CTNNB1+RNF43+TP53	1	1.8791645898223062	0.0	17.221597618803905	0.002	0.0	500
primary::ARID1A+CTNNB1+RNF43+TP53	1	2.092947679795839	0.0	30.548619125905535	0.004	0.0	500
primary::APC+ARID1A+BRAF+PTEN+RNF43+SOX9+TGFBR2	1	1.7823629941589996	0.0	122238702.41336973	0.002	0.0	500
primary::APC+ARID1A+BRAF+FBXW7+PIK3CA	1	1.638617324849942	0.0	62390302.4605407	0.004	0.0	500
primary::ARID1A+BRAF+FBXW7+PIK3CA+PTEN	1	2.1056426549316454	0.0	123293390.1332231	0.002	0.0	500
primary::ARID1A+CTNNB1+FBXW7+KRAS+PIK3CA+TCF7L2	1	1.658619137293389	0.0	123130553.31896994	0.004	0.0	500
unknown::APC+KRAS+SOX9	1	2.045098470283513	0.0	16.247775793744886	0.002	0.0	500
primary::ARID1A+FBXW7+RNF43+SOX9	1	2.0097440926514745	0.0	20.493313572455506	0.0	0.0	500
primary::APC+ARID1A+BRAF+NRAS+RNF43+TCF7L2+TGFBR2	1	2.095168935897268	0.0	184619307.08825994	0.0	0.0	500
unknown::APC+FBXW7+KRAS+SOX9+TP53	1	1.5083061000403184	0.0	121426872.11187842	0.0	0.0	500
primary::APC+ARID1A+PIK3CA+PTEN+RNF43	1	1.8785238177967063	0.0	142.59013943809015	0.0	0.0	500
primary::APC+ARID1A+FBXW7+KRAS+PIK3CA+PTEN+TCF7L2+TP53	1	1.5976107614223287	0.0	126224332.87022236	0.006	0.0	500
primary::APC+ARID1A+KRAS+RNF43+SOX9+TCF7L2+TGFBR2	1	2.086210881939625	0.0	185882718.7674563	0.0	0.0	500
metastatic::APC+PIK3CA+PTEN+SMAD4+TP53	2	5.32306596569269	0.0	186.61311703842713	0.054	0.0	500
primary::APC+ARID1A+BRAF+FBXW7+RNF43+SOX9+TGFBR2+TP53	1	1.9819330280599798	0.0	125066554.94945459	0.002	0.0	500
primary::APC+ARID1A+PIK3CA+RNF43+TCF7L2+TGFBR2+TP53	1	2.1087934005208027	0.0	182682759.32869804	0.004	0.0	500
primary::ARID1A+RNF43+TCF7L2+TP53	2	3.9860961495947955	0.0	62481728.86827331	0.024	0.0	500
metastatic::PTEN+SMAD4	1	1.9054399737018217	0.0	8.417397854157311	0.002	0.0	500
primary::APC+BRAF+FBXW7+PIK3CA+RNF43+SOX9+TCF7L2+TGFBR2	1	1.8448745079546733	0.0	183525062.46464032	0.0	0.0	500
primary::ARID1A+BRAF+PIK3CA+RNF43+SMAD4	1	1.9914175818103919	0.0	17.761218002032212	0.002	0.0	500
primary::APC+ARID1A+CTNNB1+PIK3CA+SOX9+TP53	1	1.7105849435175062	0.0	60932845.878255144	0.002	0.0	500
primary::BRAF+CTNNB1+KRAS+PIK3CA	1	2.132429425259492	0.0	8.145088255167316	0.008	0.0	500
primary::APC+KRAS+PTEN+SMAD4+TCF7L2	2	4.171566570693619	0.0	17.140495143795746	0.04	0.0	500
primary::APC+ARID1A+FBXW7+KRAS+PIK3CA+SOX9+TGFBR2+TP53	3	7.230202109764386	0.0	276829199.4795407	0.142	0.006	500
primary::BRAF+CTNNB1+PIK3CA+RNF43	1	2.20577295292362	0.0	29.702238035880267	0.004	0.0	500
primary::APC+ARID1A+BRAF+PTEN+RNF43+SOX9	1	1.973492276388495	0.0	15.80881279539921	0.004	0.0	500
primary::KRAS+PIK3CA+PTEN+SOX9	1	2.168077978926706	0.0	11.069735540324027	0.006	0.0	500
primary::APC+ARID1A+BRAF+FBXW7+PIK3CA+PTEN+TCF7L2	1	1.8279019571895598	0.0	123394258.36554517	0.0	0.0	500
unknown::APC+KRAS+NRAS+SMAD4+TP53	1	2.0959058570658557	0.0	32.24483571919736	0.004	0.0	500
primary::APC+BRAF+FBXW7+RNF43+SOX9	1	1.9266158381230096	0.0	60787947.303061195	0.0	0.0	500
primary::APC+CTNNB1+FBXW7+KRAS+PIK3CA+RNF43+TCF7L2	1	2.136666001101265	0.0	123532076.16550925	0.004	0.0	500
unknown::KRAS+SMAD4	1	1.8992169344885297	0.0	14.949408259600004	0.002	0.0	500
primary::APC+ARID1A+BRAF+FBXW7+KRAS+PIK3CA+SOX9+TCF7L2	1	2.2619602924039244	0.0	183227341.266301	0.002	0.0	500
primary::FBXW7+KRAS+RNF43	2	4.312144975782306	0.0	18.2683819188896	0.06	0.0	500
primary::APC+FBXW7+NRAS+SMAD4+SOX9+TP53	1	2.264131259826479	0.0	61655632.59227183	0.004	0.0	500
metastatic::CTNNB1+KRAS+SOX9	1	2.169193432141127	0.0	12.47393642054298	0.006	0.0	500
primary::APC+KRAS+PIK3CA+RNF43+SOX9+TCF7L2	1	2.1928564045589987	0.0	20.6539217304997	0.0	0.0	500
primary::APC+ARID1A+PIK3CA+SMAD4+SOX9	1	2.2135324902589435	0.0	15.556101931352927	0.01	0.0	500
primary::APC+ARID1A+FBXW7+PTEN+SOX9+TCF7L2+TP53	1	1.4957888562815078	0.0	39.99865653655441	0.004	0.0	500
metastatic::APC+ARID1A+NRAS+PIK3CA	1	2.1630252029623263	0.0	18.682496002945783	0.002	0.0	500
primary::APC+ARID1A+CTNNB1+PIK3CA+TCF7L2	1	1.9783044351729484	0.0	47.518854051946576	0.004	0.0	500
primary::APC+ARID1A+CTNNB1+FBXW7+KRAS+PTEN+RNF43+TCF7L2+TP53	1	1.8277054698907977	0.0	47.26770141757729	0.008	0.0	500
primary::APC+ARID1A+BRAF+PIK3CA+PTEN+RNF43+TCF7L2	1	2.245203694762069	0.0	126472835.50733751	0.0	0.0	500
primary::KRAS+NRAS+PIK3CA	1	2.2749364128414884	0.0	9.29515287983008	0.002	0.0	500
primary::APC+ARID1A+FBXW7+PIK3CA+RNF43+TCF7L2	1	1.8434724423656113	0.0	50.0443910959606	0.004	0.0	500
primary::APC+ARID1A+PTEN+SMAD4+TP53	1	2.1373530459963233	0.0	13.874360038364445	0.004	0.0	500
metastatic::ARID1A+BRAF+PIK3CA+RNF43	1	1.7762788403671	0.0	125510422.74515358	0.002	0.0	500
primary::APC+BRAF+FBXW7+PIK3CA+SOX9	1	2.322432902257048	0.0	62391320.85598457	0.006	0.0	500
primary::BRAF+FBXW7+PTEN+RNF43+SOX9	1	2.145146714481081	0.0	24.870900280174563	0.002	0.0	500
primary::APC+ARID1A+BRAF+FBXW7+PIK3CA+TCF7L2+TP53	1	1.8070843030819121	0.0	113976299.46900275	0.004	0.0	500
primary::ARID1A+PIK3CA+PTEN+RNF43+TCF7L2	2	4.875402013926057	0.0	180654754.83213067	0.034	0.0	500
primary::APC+KRAS+PIK3CA+PTEN+TGFBR2	1	2.364564823173248	0.0	11.386355457363111	0.004	0.0	500
primary::CTNNB1+PTEN	2	4.663474567722424	0.0	13.703179316397556	0.05	0.0	500
unknown::APC+FBXW7+NRAS+TP53	1	2.467907870622287	0.0	62296922.64066845	0.0	0.0	500
primary::APC+FBXW7+PIK3CA+TCF7L2	1	2.3582206357638054	0.0	11.68231888622433	0.004	0.0	500
primary::APC+BRAF+KRAS+TGFBR2+TP53	1	1.8679571197424467	0.0	14.21027176095377	0.002	0.0	500
primary::ARID1A+BRAF+PIK3CA+RNF43+SMAD4+TP53	1	2.208848453403766	0.0	15.852285165223803	0.004	0.0	500
metastatic::KRAS+SMAD4+TCF7L2	1	2.392496394105832	0.0	11.602090668256837	0.006	0.0	500
primary::APC+ARID1A+BRAF+KRAS+PIK3CA+SOX9+TCF7L2	1	2.4193377902884747	0.0	63677672.46900687	0.0	0.0	500
primary::APC+BRAF+SMAD4+SOX9	1	2.117008532482204	0.0	12.495979730891847	0.0	0.0	500
metastatic::APC+ARID1A+BRAF+SOX9+TP53	1	1.943271494578552	0.0	33.71798968359428	0.002	0.0	500
primary::APC+BRAF+FBXW7+PIK3CA+RNF43+SMAD4+TP53	1	2.0367742298369276	0.0	84.50968698445767	0.002	0.0	500
primary::APC+NRAS+SMAD4	3	7.583306729412534	0.0	21.936979182354285	0.184	0.0	500
metastatic::ARID1A+BRAF+PIK3CA	1	2.177032270224531	0.0	18.38898900995844	0.004	0.0	500
primary::APC+FBXW7+RNF43	1	2.535259955033035	0.0	12.447592475458883	0.002	0.0	500
primary::APC+PIK3CA+SOX9+TCF7L2	1	2.1672798161338163	0.0	14.246898418761079	0.002	0.0	500
primary::ARID1A+BRAF+PIK3CA+PTEN	1	2.341160551800632	0.0	19.470591489708703	0.006	0.0	500
primary::APC+ARID1A+FBXW7+KRAS+SMAD4+SOX9	1	2.6066099508328033	0.0	62314036.207266524	0.002	0.0	500
primary::ARID1A+KRAS+PIK3CA+SOX9	1	2.4627257544210988	0.0	16.21917142955013	0.0	0.0	500
metastatic::ARID1A+KRAS+SOX9+TP53	1	2.561181960239807	0.0	14.122939824773516	0.016	0.0	500
primary::APC+ARID1A+PIK3CA+SOX9	4	10.16006058281738	0.6741065765758436	74.75408858993846	0.356	0.008	500
primary::APC+ARID1A+FBXW7+KRAS+PTEN	1	1.9208942171648045	0.0	89.75606820182354	0.002	0.0	500
metastatic::PTEN+SOX9+TP53	2	5.325028696043617	0.0	16.932234910597447	0.05	0.0	500
primary::ARID1A+BRAF+CTNNB1+FBXW7+PIK3CA+RNF43+TP53	1	2.128575083869575	0.0	66139103.88570916	0.004	0.0	500
primary::ARID1A+FBXW7+PIK3CA	1	2.5245816739349056	0.0	17.534687890280388	0.002	0.0	500
primary::APC+ARID1A+NRAS+PIK3CA+SOX9	1	2.1395065796603627	0.0	21.105468175551803	0.004	0.0	500
metastatic::APC+FBXW7+PIK3CA+PTEN+TP53	1	2.3254797571753114	0.0	14.924816487935187	0.0	0.0	500
primary::ARID1A+KRAS+RNF43+TCF7L2	1	2.1934942794861323	0.0	67191618.91435628	0.0	0.0	500
primary::ARID1A+CTNNB1+PIK3CA+PTEN+RNF43	1	2.3076944595087165	0.0	60890503.26546434	0.002	0.0	500
metastatic::ARID1A+BRAF+PIK3CA+RNF43+SOX9+TP53	1	2.6398097253700668	0.0	125718526.1312263	0.002	0.0	500
metastatic::APC+FBXW7+KRAS+PIK3CA+SMAD4+SOX9+TCF7L2	1	2.626101478820429	0.0	182745874.3709415	0.002	0.0	500
metastatic::APC+ARID1A+FBXW7+KRAS+PIK3CA+PTEN+SMAD4+TP53	1	2.6601574279175164	0.0	123280586.08977865	0.002	0.0	500
primary::ARID1A+FBXW7	1	2.478279556598723	0.0	12.88068417514236	0.002	0.0	500
primary::BRAF+FBXW7+RNF43+TGFBR2	1	2.1716227683086133	0.0	25.293179674204758	0.004	0.0	500
primary::APC+ARID1A+CTNNB1+KRAS+PIK3CA+SMAD4	1	2.381893501144683	0.0	118533472.73729832	0.0	0.0	500
metastatic::APC+ARID1A+KRAS+SOX9+TCF7L2	1	2.6485894967349783	0.0	133949471.17101006	0.002	0.0	500
metastatic::APC+ARID1A+BRAF+RNF43+SOX9+TCF7L2+TGFBR2+TP53	1	2.645628726118478	0.0	182630899.1475318	0.002	0.0	500
primary::ARID1A+FBXW7+RNF43	3	8.25783488443671	0.0	60455440.66238935	0.126	0.0	500
primary::APC+FBXW7+RNF43+TCF7L2	1	2.3488978766289907	0.0	22.74889816633087	0.0	0.0	500
primary::APC+ARID1A+BRAF+RNF43+SOX9+TCF7L2+TP53	1	2.6960284042836493	0.0	185304715.2025357	0.004	0.0	500
primary::BRAF+FBXW7+PTEN+RNF43+TGFBR2	1	2.5113528499839224	0.0	115718434.39123513	0.0	0.0	500
primary::BRAF+FBXW7+PIK3CA+SOX9+TGFBR2	1	2.1569857931445418	0.0	121553924.57655318	0.0	0.0	500
metastatic::APC+FBXW7+TGFBR2+TP53	1	2.614760785888117	0.0	10.88512908814431	0.006	0.0	500
primary::NRAS+PIK3CA+PTEN	2	5.756397935387756	0.0	38.942582160467964	0.032	0.0	500
metastatic::APC+NRAS+SMAD4	2	5.345050365349465	0.0	18.554034156888957	0.04	0.0	500
primary::APC+ARID1A+BRAF+FBXW7	2	5.853024304829143	0.0	295.30345410193723	0.046	0.0	500
metastatic::APC+RNF43	2	5.734733053366389	0.0	34.42985315043486	0.034	0.0	500
metastatic::APC+ARID1A+TCF7L2	1	2.274327558610892	0.0	18.568609421111145	0.004	0.0	500
primary::ARID1A+CTNNB1+RNF43+TCF7L2	1	2.587849606937642	0.0	130015649.0104328	0.0	0.0	500
primary::ARID1A+BRAF+FBXW7+RNF43+SMAD4+TGFBR2+TP53	1	2.7553517239348646	0.0	62030765.53503211	0.002	0.0	500
primary::CTNNB1+KRAS+SMAD4+SOX9	1	2.2273230056267392	0.0	61576978.99437916	0.002	0.0	500
primary::ARID1A+BRAF+CTNNB1+PTEN+RNF43	1	2.2151281907796823	0.0	62396052.07671607	0.0	0.0	500
metastatic::APC+ARID1A+KRAS+PIK3CA+SOX9+TCF7L2+TGFBR2+TP53	1	2.8525826238365593	0.0	154450050.25321388	0.002	0.0	500
primary::APC+ARID1A+BRAF+PIK3CA+RNF43+SMAD4+TCF7L2	1	2.823950621530245	0.0	175907762.95726067	0.002	0.0	500
unknown::BRAF+FBXW7+TP53	1	2.295412362251373	0.0	18.595937227226855	0.002	0.0	500
primary::APC+BRAF+KRAS+TGFBR2	1	2.6482496945704947	0.0	14.87154296970027	0.006	0.0	500
metastatic::APC+FBXW7+KRAS+PIK3CA+SOX9+TGFBR2+TP53	1	2.8720110180285934	0.0	185063363.44228488	0.0	0.0	500
primary::FBXW7+NRAS	2	5.504165145910891	0.0	22.78310652157547	0.05	0.002	500
primary::APC+BRAF+FBXW7+PTEN+RNF43	1	2.1224733487286676	0.0	64716923.36413851	0.0	0.0	500
metastatic::APC+ARID1A+BRAF+RNF43+TCF7L2	1	2.475714967765124	0.0	178280528.14160153	0.0	0.0	500
primary::ARID1A+KRAS+PIK3CA+TCF7L2	1	2.6813744713923784	0.0	62589589.83416019	0.0	0.0	500
primary::APC+ARID1A+CTNNB1+RNF43+TCF7L2	2	5.967308414600431	0.0	61822550.70576943	0.046	0.0	500
metastatic::CTNNB1+NRAS	2	5.514545266563311	0.0	18.9492586198469	0.042	0.0	500
primary::ARID1A+PIK3CA+PTEN+RNF43+SOX9	1	2.6601007112042696	0.0	31645705.931272928	0.004	0.0	500
primary::APC+FBXW7+PIK3CA+PTEN+SOX9	1	2.3706067159282664	0.0	61256578.825778045	0.006	0.0	500
primary::BRAF+RNF43+SOX9+TGFBR2	4	12.29771022180884	1.414908779773388	379144244.7735029	0.26	0.012	500
primary::BRAF+FBXW7+RNF43+TCF7L2	1	2.55865765910737	0.0	27.927247635561837	0.0	0.0	500
primary::BRAF+FBXW7+RNF43+TCF7L2+TGFBR2	1	3.156993169430434	0.0	31551993.341392145	0.002	0.0	500
primary::ARID1A+CTNNB1+FBXW7+KRAS+PIK3CA	1	2.984515604573547	0.0	128970867.64043456	0.008	0.0	500
primary::APC+BRAF+PTEN+RNF43+TGFBR2+TP53	1	2.7562291730899395	0.0	27.987235374176883	0.0	0.0	500
metastatic::ARID1A+BRAF+PIK3CA+RNF43+SOX9+TCF7L2	1	2.350810263916663	0.0	118932682.45032735	0.002	0.0	500
primary::APC+CTNNB1+FBXW7+KRAS+PIK3CA+PTEN	1	2.5288002079691267	0.0	66.55323225517138	0.006	0.0	500
primary::APC+BRAF+PIK3CA+PTEN+TCF7L2	1	2.7321609631165242	0.0	61244533.29777144	0.004	0.0	500
unknown::CTNNB1+TP53	1	2.963892517915893	0.0	13.397911402559403	0.004	0.0	500
primary::ARID1A+RNF43+TGFBR2	1	2.395848603149794	0.0	60618266.21713993	0.0	0.0	500
primary::APC+ARID1A+BRAF+FBXW7+PIK3CA+RNF43+SMAD4+TCF7L2	1	2.645983640604802	0.0	176499369.62785754	0.0	0.0	500
primary::APC+KRAS+PIK3CA+RNF43+SMAD4+TCF7L2	2	6.173041072406447	0.0	27.875863578994366	0.064	0.0	500
metastatic::CTNNB1+PIK3CA+SMAD4+TP53	2	6.102628937967504	0.0	34.78861797532353	0.052	0.0	500
metastatic::CTNNB1+KRAS+TGFBR2+TP53	1	2.954399158127276	0.0	12.689355433406057	0.004	0.0	500
primary::APC+FBXW7+TCF7L2	1	2.875230659039893	0.0	11.518283094326982	0.0	0.0	500
primary::APC+ARID1A+BRAF+PIK3CA+SOX9+TCF7L2+TGFBR2	2	6.38119516299502	0.0	247624529.7272735	0.022	0.0	500
primary::APC+ARID1A+KRAS+PIK3CA+TCF7L2+TGFBR2	2	6.365599519849535	0.0	179080076.62521031	0.04	0.0	500
primary::APC+ARID1A+FBXW7+PIK3CA+PTEN+SOX9+TCF7L2	1	3.1786160379038257	0.0	185619503.0946509	0.002	0.0	500
primary::ARID1A+BRAF+FBXW7+KRAS+RNF43+SOX9	1	3.117206602414032	0.0	119335817.31794707	0.008	0.0	500
primary::APC+FBXW7+PIK3CA+RNF43+TGFBR2	1	3.146974175345033	0.0	130660911.46201688	0.0	0.0	500
metastatic::BRAF+FBXW7+PTEN	1	3.116099615936296	0.0	62569021.10387328	0.004	0.0	500
primary::BRAF+FBXW7+NRAS+PIK3CA+TP53	1	3.051774188472747	0.0	25.163476281068725	0.008	0.0	500
unknown::APC+NRAS+SMAD4+TP53	1	3.0312330240541585	0.0	123769412.54749395	0.002	0.0	500
primary::APC+PTEN+SOX9	3	9.112599046072232	0.0	32.27112480612027	0.194	0.002	500
primary::ARID1A+FBXW7+KRAS+SOX9	2	6.397661847503347	0.0	116.90853227726537	0.058	0.0	500
primary::APC+FBXW7+PIK3CA+TGFBR2+TP53	1	3.201823085044859	0.0	15.901649161849447	0.002	0.0	500
primary::APC+FBXW7+KRAS+PIK3CA+PTEN+RNF43+TCF7L2	1	2.2245897271910042	0.0	61934170.77844045	0.004	0.0	500
primary::APC+CTNNB1+KRAS+PIK3CA+RNF43	1	2.9973914186611545	0.0	31.220307893893192	0.002	0.0	500
primary::ARID1A+CTNNB1+KRAS+PIK3CA+RNF43+TP53	1	1.7622458021470488	0.0	177494315.05150995	0.002	0.0	500
primary::APC+BRAF+FBXW7+PTEN+RNF43+TGFBR2	1	2.852040197566759	0.0	61684145.30662223	0.004	0.0	500
primary::FBXW7+KRAS+TGFBR2	2	6.162683550935649	0.0	26.183715315960082	0.034	0.0	500
primary::CTNNB1+NRAS+PIK3CA	1	2.933728698934151	0.0	31845404.70299231	0.006	0.0	500
primary::APC+ARID1A+CTNNB1+FBXW7+KRAS	1	3.2448313591145435	0.0	61959468.35247595	0.01	0.0	500
primary::APC+CTNNB1+PIK3CA+RNF43+TCF7L2+TP53	1	2.746829034926791	0.0	86.07993678384085	0.002	0.0	500
metastatic::APC+ARID1A+CTNNB1+KRAS+RNF43+TCF7L2+TGFBR2	1	1.7328764963616659	0.0	185298998.2819124	0.0	0.0	500
primary::APC+BRAF+SOX9+TGFBR2+TP53	1	2.8806211257433145	0.0	62672474.73416525	0.0	0.0	500
primary::CTNNB1+KRAS+TGFBR2+TP53	1	2.967489410715807	0.0	13.122334351542888	0.004	0.0	500
metastatic::APC+KRAS+NRAS+PIK3CA+SMAD4+SOX9	1	3.152521675351554	0.0	19.38533676797577	0.0	0.0	500
metastatic::APC+BRAF+KRAS+PIK3CA+SOX9+TP53	1	3.3807948365765257	0.0	31.837323071683667	0.002	0.0	500
metastatic::CTNNB1+NRAS+SMAD4+TP53	1	2.958710594573816	0.0	30.247890337984984	0.004	0.0	500
primary::APC+ARID1A+PIK3CA+TGFBR2+TP53	1	2.999909145754116	0.0	16.251288195919685	0.002	0.0	500
primary::ARID1A+BRAF+KRAS+RNF43+TP53	1	3.2268179566866366	0.0	57.21119951912161	0.002	0.0	500
primary::APC+ARID1A+FBXW7+PTEN+TP53	1	2.903453968469883	0.0	18.984034021562593	0.006	0.0	500
primary::NRAS+PTEN	1	3.462906844065598	0.0	15.827420853464261	0.002	0.0	500
primary::KRAS+PTEN+TCF7L2	1	3.2749405631690083	0.0	15.41872190798807	0.0	0.0	500
primary::APC+ARID1A+PTEN+RNF43+SOX9	1	2.826261706826677	0.0	62.91587707064071	0.002	0.0	500
primary::CTNNB1+KRAS+TGFBR2	1	3.191359856128149	0.0	14.733477564321053	0.004	0.0	500
primary::ARID1A+CTNNB1+KRAS+SMAD4	1	2.995839011685575	0.0	62990040.45201419	0.002	0.0	500
primary::APC+ARID1A+FBXW7+PIK3CA+PTEN+TCF7L2+TP53	1	3.5768323169731735	0.0	61960861.84821726	0.0	0.0	500
primary::ARID1A+BRAF+FBXW7+RNF43+SMAD4+TGFBR2	1	3.4648511176882693	0.0	188106522.1680399	0.002	0.0	500
primary::APC+ARID1A+BRAF+SOX9+TGFBR2	1	2.8191402909055414	0.0	137.7185164007625	0.01	0.0	500
primary::FBXW7+KRAS+RNF43+SOX9	1	2.8199559933001748	0.0	63.669119023219864	0.002	0.0	500
primary::APC+FBXW7+PIK3CA+SOX9+TCF7L2	1	3.266748663569733	0.0	62332298.9412327	0.0	0.0	500
primary::APC+ARID1A+BRAF+FBXW7+PTEN+TCF7L2	1	3.5927144693716855	0.0	126192661.77582234	0.004	0.0	500
primary::APC+ARID1A+KRAS+PIK3CA+PTEN+RNF43	1	3.042998162047326	0.0	83.05424537458002	0.0	0.0	500
metastatic::KRAS+RNF43+SMAD4+SOX9+TP53	1	3.1585238213711397	0.0	26.194534838192663	0.004	0.0	500
primary::NRAS+PIK3CA+TCF7L2+TP53	1	3.525187098929826	0.0	19.77272589106958	0.008	0.0	500
metastatic::APC+NRAS+PIK3CA+TCF7L2	3	11.38671257733117	0.0	62923377.98074639	0.186	0.0	500
primary::ARID1A+CTNNB1+FBXW7+TP53	1	3.110719238725687	0.0	22.368676578214334	0.004	0.0	500
primary::ARID1A+KRAS+RNF43+SOX9+TGFBR2	1	3.7502067440529823	0.0	58242077.25412081	0.004	0.0	500
primary::APC+KRAS+PIK3CA+PTEN+RNF43+TP53	1	3.5629812069003415	0.0	15.505715091913332	0.002	0.0	500
primary::APC+FBXW7+SMAD4	1	3.679087372095264	0.0	12.708342078889634	0.002	0.0	500
unknown::APC+BRAF	1	2.04507866304695	0.0	451.3713402208062	0.006	0.0	500
primary::BRAF+CTNNB1+RNF43+SMAD4+TP53	1	3.3416229363749954	0.0	16.963083382781747	0.002	0.0	500
primary::APC+ARID1A+FBXW7+NRAS+PIK3CA+RNF43+SMAD4+TCF7L2+TGFBR2+TP53	1	3.4132475511259295	0.0	129945759.0859186	0.0	0.0	500
metastatic::BRAF+FBXW7+PTEN+RNF43	1	3.7436073295471948	0.0	131591470.73515804	0.0	0.0	500
primary::FBXW7+KRAS+PIK3CA+SMAD4+SOX9	1	3.5730387426931953	0.0	26.21430013065611	0.0	0.0	500
metastatic::APC+BRAF+CTNNB1+SMAD4+TP53	1	3.594140454973717	0.0	17.154603690977964	0.0	0.0	500
primary::APC+ARID1A+BRAF+KRAS+TCF7L2	1	2.208550548229794	0.0	142.66276375741742	0.0	0.0	500
unknown::FBXW7+KRAS+TP53	1	3.397075861316495	0.0	32.078238226431374	0.0	0.0	500
primary::APC+ARID1A+BRAF+RNF43+SOX9+TGFBR2	1	3.556341873859468	0.0	125127980.96186079	0.004	0.0	500
primary::BRAF+CTNNB1+FBXW7+PIK3CA+RNF43	1	2.7000658950323952	0.0	59619499.59638507	0.006	0.0	500
primary::APC+PIK3CA+PTEN+SMAD4	1	3.681293078773442	0.0	23.601801949713487	0.008	0.0	500
primary::ARID1A+BRAF+PTEN+RNF43+SOX9+TP53	1	3.7791767119770494	0.0	693.4349188056594	0.0	0.0	500
primary::APC+ARID1A+BRAF+PIK3CA+PTEN+RNF43+SMAD4+SOX9+TP53	1	3.7772194259825627	0.0	131179227.915691	0.004	0.0	500
primary::KRAS+RNF43+SOX9	1	3.6426862770620136	0.0	32.8477566004818	0.006	0.0	500
primary::CTNNB1+SOX9	1	3.804577978587858	0.0	20.55026314501587	0.006	0.0	500
primary::CTNNB1+KRAS+PIK3CA+PTEN+SOX9+TP53	1	4.119343339857833	0.0	32.88912775305719	0.0	0.0	500
metastatic::APC+KRAS+RNF43+SOX9+TCF7L2+TP53	1	3.1857482188604833	0.0	63066001.62789149	0.002	0.0	500
primary::BRAF+FBXW7+PTEN+RNF43+TCF7L2	1	3.6738325238830205	0.0	63227159.35667307	0.002	0.0	500
primary::APC+BRAF+FBXW7+PIK3CA+SOX9+TCF7L2+TP53	1	4.00673442260687	0.0	117192784.39908649	0.006	0.0	500
primary::APC+BRAF+PTEN+SMAD4+SOX9+TP53	1	3.4617201873571553	0.0	66365653.683253124	0.002	0.0	500
primary::BRAF+PTEN+SMAD4+SOX9	1	3.707192019281525	0.0	60350766.53244078	0.004	0.0	500
primary::APC+CTNNB1+KRAS+PTEN+SMAD4	1	3.3372035117848498	0.0	32.57699230148221	0.002	0.0	500
primary::ARID1A+CTNNB1+PTEN+TCF7L2	1	2.897642864272467	0.0	30569684.895322926	0.002	0.0	500
primary::APC+ARID1A+FBXW7+SOX9+TCF7L2	1	2.120996722887706	0.0	180165351.9610053	0.0	0.0	500
primary::APC+ARID1A+PTEN	1	3.787118117650806	0.0	52.713366628235526	0.002	0.0	500
metastatic::KRAS+RNF43+SMAD4+TCF7L2+TP53	1	3.5688948119488906	0.0	33.77258315279679	0.006	0.0	500
metastatic::APC+SMAD4+SOX9	1	4.134963952999611	0.0	19.484376390245128	0.0	0.0	500
primary::ARID1A+BRAF+FBXW7+RNF43+SOX9+TGFBR2	1	4.118285105646624	0.0	178212496.04808953	0.0	0.0	500
primary::APC+ARID1A+BRAF+CTNNB1+PIK3CA+TCF7L2+TP53	1	4.145999880258341	0.0	183248059.28984746	0.0	0.0	500
primary::APC+ARID1A+PIK3CA+RNF43+SOX9+TP53	1	3.8085234278086597	0.0	119009351.94944358	0.002	0.0	500
primary::APC+ARID1A+FBXW7+KRAS+RNF43+SOX9+TP53	1	3.0681270735445496	0.0	120064007.55735691	0.004	0.0	500
primary::ARID1A+CTNNB1+NRAS+TP53	1	3.68503051342946	0.0	36.0872138428582	0.01	0.0	500
primary::ARID1A+BRAF+FBXW7+RNF43+SMAD4+SOX9+TCF7L2	1	4.208064531909452	0.0	127244818.02624303	0.002	0.0	500
metastatic::APC+ARID1A+BRAF+PIK3CA+PTEN	1	4.24601542227275	0.0	172057161.73012564	0.004	0.0	500
primary::APC+ARID1A+FBXW7+PIK3CA+PTEN+RNF43	1	4.147770129812849	0.0	181883623.08699447	0.0	0.0	500
primary::APC+ARID1A+CTNNB1+RNF43+TCF7L2+TGFBR2+TP53	1	3.1526342045918243	0.0	175901586.87429863	0.002	0.0	500
primary::APC+ARID1A+FBXW7+KRAS+PIK3CA+RNF43+SOX9+TP53	2	8.903701239438082	0.0	117785875.33507042	0.044	0.0	500
primary::CTNNB1+PIK3CA+SOX9	1	3.497097218439729	0.0	62.74295115067889	0.0	0.0	500
unknown::APC+ARID1A+KRAS	1	4.28731768655606	0.0	55.436268030485174	0.002	0.0	500
primary::ARID1A+BRAF+CTNNB1+PIK3CA+SMAD4	1	4.273358618644027	0.0	175639791.27913263	0.002	0.0	500
primary::APC+ARID1A+BRAF+CTNNB1+FBXW7+PIK3CA+TP53	1	4.38297651701804	0.0	174266440.91284636	0.002	0.0	500
metastatic::ARID1A+BRAF+PIK3CA+RNF43+TCF7L2	1	3.011027000016006	0.0	131583879.10718963	0.0	0.0	500
primary::NRAS+PIK3CA+SMAD4	1	4.042736857151995	0.0	33.109152079302625	0.0	0.0	500
primary::BRAF+CTNNB1+FBXW7+NRAS+PIK3CA+PTEN+SMAD4+TP53	1	4.48139482198835	0.0	184691133.29063508	0.004	0.0	500
primary::APC+ARID1A+FBXW7+PTEN+SOX9	1	4.413615798417322	0.0	119498120.94472	0.002	0.0	500
primary::APC+ARID1A+CTNNB1+FBXW7+PIK3CA+SOX9+TCF7L2+TP53	1	4.667285338152682	0.0	154404362.04880178	0.0	0.0	500
primary::CTNNB1+FBXW7+SOX9+TP53	1	4.551783840409456	0.0	31.76943343958982	0.0	0.0	500
primary::APC+CTNNB1+FBXW7+KRAS+PTEN+TCF7L2	1	3.8282853011823885	0.0	63130727.082541704	0.002	0.0	500
primary::KRAS+RNF43+TCF7L2	1	3.47173439156255	0.0	49.362657894652145	0.004	0.0	500
primary::APC+ARID1A+FBXW7+KRAS+RNF43+TCF7L2+TGFBR2+TP53	1	4.396476294951457	0.0	182955777.89511007	0.0	0.0	500
primary::ARID1A+FBXW7+RNF43+SMAD4+TP53	1	3.707916640980299	0.0	60997848.50350177	0.008	0.0	500
metastatic::ARID1A+FBXW7+KRAS+SMAD4+TP53	1	3.95959601100511	0.0	60077916.93680052	0.002	0.0	500
primary::ARID1A+CTNNB1+PIK3CA+RNF43+SOX9+TCF7L2	2	9.532314406302092	0.0	261607541.07518262	0.034	0.0	500
primary::APC+ARID1A+FBXW7+PIK3CA+TCF7L2	2	8.31367445132011	0.0	212645532.114539	0.038	0.0	500
primary::ARID1A+BRAF+CTNNB1+SOX9+TGFBR2	1	3.988305404486886	0.0	119445500.2034511	0.0	0.0	500
metastatic::BRAF+CTNNB1+PTEN+TP53	1	4.32937025928949	0.0	28.55304378452954	0.0	0.0	500
metastatic::APC+ARID1A+CTNNB1+KRAS+PIK3CA+TCF7L2	1	4.629806508677957	0.0	156587391.9259307	0.0	0.0	500
primary::APC+FBXW7+KRAS+RNF43+SOX9+TGFBR2	2	9.754238494033334	0.0	243160925.97780773	0.044	0.002	500
primary::ARID1A+BRAF+FBXW7+RNF43+SMAD4+SOX9	1	3.225006874294131	0.0	181268804.26735306	0.0	0.0	500
primary::BRAF+FBXW7+PIK3CA+SMAD4+SOX9+TP53	1	4.9583544312827215	0.0	45.604634256578194	0.004	0.0	500
metastatic::APC+ARID1A+PIK3CA+SMAD4+SOX9+TP53	1	3.956369285244784	0.0	117694714.03385581	0.008	0.0	500
metastatic::BRAF+KRAS+PIK3CA+PTEN+TP53	1	3.3874320030659364	0.0	119732686.7145462	0.004	0.0	500
primary::APC+BRAF+FBXW7+PIK3CA+PTEN+SOX9+TP53	1	2.566336005065574	0.0	130481312.67584272	0.0	0.0	500
primary::ARID1A+KRAS+RNF43+TGFBR2	1	4.781738917419952	0.0	126384572.10856538	0.006	0.0	500
primary::CTNNB1+PTEN+SMAD4	1	4.353513882381504	0.0	37.079251011329035	0.004	0.0	500
primary::ARID1A+RNF43+TCF7L2+TGFBR2	1	3.43917065276794	0.0	187361646.02968845	0.004	0.0	500
primary::APC+FBXW7+PIK3CA+SMAD4	1	4.4322988432819095	0.0	24.816376711056407	0.002	0.0	500
primary::ARID1A+BRAF+CTNNB1+SMAD4+SOX9	1	4.468544694121796	0.0	123722769.85642351	0.004	0.0	500
metastatic::APC+ARID1A+BRAF+RNF43+TP53	1	4.412545020786325	0.0	124642910.8977639	0.002	0.0	500
primary::APC+FBXW7+KRAS+PIK3CA+PTEN+TGFBR2+TP53	1	4.751111720142224	0.0	44.125646898974644	0.008	0.0	500
metastatic::ARID1A+BRAF+FBXW7+PIK3CA+RNF43	1	2.6388431376392645	0.0	178438593.87038472	0.0	0.0	500
primary::BRAF+PTEN+RNF43+SOX9	1	3.691814283926363	0.0	122252078.5328526	0.006	0.0	500
primary::CTNNB1+SMAD4+SOX9+TP53	1	4.472196050631172	0.0	63.63493206779401	0.004	0.0	500
primary::CTNNB1+NRAS	1	4.723753802283108	0.0	26.691729530333845	0.004	0.0	500
primary::ARID1A+BRAF+PIK3CA+PTEN+RNF43+TGFBR2+TP53	1	5.002822631266927	0.0	122380409.00280215	0.004	0.0	500
metastatic::APC+ARID1A+SMAD4+SOX9+TCF7L2+TP53	1	5.097250616897332	0.0	152773765.43451658	0.004	0.0	500
primary::APC+KRAS+RNF43+TCF7L2+TGFBR2+TP53	1	4.126294648215605	0.0	59825935.38167888	0.008	0.0	500
primary::APC+ARID1A+CTNNB1+FBXW7+KRAS+PIK3CA+TGFBR2	1	5.004398964015609	0.0	150465814.85479814	0.002	0.0	500
unknown::PIK3CA+PTEN+TP53	1	4.474578738696443	0.0	61889716.727044344	0.002	0.0	500
primary::APC+ARID1A+BRAF+PIK3CA+SMAD4+TP53	1	4.962044123488241	0.0	177924568.87353528	0.0	0.0	500
primary::BRAF+CTNNB1+FBXW7+RNF43+TP53	1	5.450334432027695	0.0	31.392651297363855	0.004	0.0	500
primary::APC+ARID1A+PIK3CA+TCF7L2	1	4.892977691117377	0.0	62889372.61061734	0.004	0.0	500
primary::BRAF+FBXW7+PIK3CA+PTEN+RNF43+SOX9	1	5.139294372561704	0.0	180252264.50803643	0.002	0.0	500
metastatic::APC+PIK3CA+SMAD4+SOX9+TCF7L2+TP53	1	4.320327573451031	0.0	54.96608105104264	0.002	0.0	500
primary::CTNNB1+PIK3CA+PTEN+SOX9	1	4.747868344767733	0.0	47.872055254176566	0.0	0.0	500
primary::ARID1A+KRAS+TGFBR2+TP53	1	4.77067761442349	0.0	25.901473641772537	0.002	0.0	500
primary::KRAS+SOX9+TCF7L2+TP53	1	4.8564901674711445	0.0	27.32002010241778	0.012	0.0	500
primary::ARID1A+BRAF+CTNNB1+SOX9	1	3.877987455301285	0.0	123787101.36754332	0.004	0.0	500
primary::ARID1A+BRAF+CTNNB1+PIK3CA+RNF43+TP53	1	4.68552095983639	0.0	66054667.76588714	0.004	0.0	500
primary::CTNNB1+FBXW7+KRAS+TCF7L2+TGFBR2	1	3.087308291000457	0.0	149.4753727563229	0.002	0.0	500
metastatic::APC+PIK3CA+SMAD4	1	4.678755100435026	0.0	26.608764310616614	0.004	0.0	500
unknown::APC+CTNNB1+KRAS+SMAD4+TP53	1	4.285816813420792	0.0	63233775.215268835	0.008	0.0	500
metastatic::APC+KRAS+PTEN+SMAD4+TCF7L2	1	4.384257983481451	0.0	59662179.54520995	0.006	0.0	500
metastatic::APC+FBXW7+RNF43+SMAD4+TP53	1	4.9663965494024485	0.0	107.44904937877442	0.002	0.0	500
primary::APC+ARID1A+BRAF+KRAS+TGFBR2	1	4.813223096313688	0.0	123078270.8521413	0.004	0.0	500
primary::NRAS+PTEN+SMAD4+TP53	2	10.413188471341412	0.0	59.763090758125045	0.046	0.0	500
primary::BRAF+CTNNB1+PTEN+SMAD4	1	5.086840806990072	0.0	60049489.913431205	0.01	0.0	500
primary::BRAF+FBXW7+PIK3CA+RNF43+SOX9+TCF7L2+TGFBR2	1	5.276533920444596	0.0	171171116.44213742	0.0	0.0	500
primary::BRAF+FBXW7+PTEN+RNF43+SOX9+TGFBR2+TP53	1	5.473988431902879	0.0	133626463.053132	0.002	0.0	500
metastatic::KRAS+SMAD4+TGFBR2	1	4.90581203413541	0.0	29.897316249221085	0.004	0.0	500
primary::APC+FBXW7+KRAS+PIK3CA+RNF43+TCF7L2	1	4.820179212997348	0.0	29.24401298975963	0.004	0.0	500
metastatic::BRAF+CTNNB1+FBXW7+KRAS+PIK3CA+PTEN+SMAD4+TP53	2	11.620481942964725	0.0	176347219.05833364	0.052	0.0	500
primary::BRAF+RNF43+SOX9+TCF7L2	1	5.1518428673038255	0.0	63776055.252108246	0.0	0.0	500
primary::APC+ARID1A+KRAS+PIK3CA+RNF43+TGFBR2+TP53	1	5.420287310980687	0.0	132121181.32504068	0.002	0.0	500
primary::APC+FBXW7+PIK3CA+RNF43+TCF7L2+TGFBR2	1	5.50976081507317	0.0	184993015.95279393	0.004	0.0	500
primary::APC+CTNNB1+FBXW7+KRAS+PIK3CA+SMAD4+TCF7L2+TP53	1	5.42039464658467	0.0	182663308.10853195	0.002	0.0	500
metastatic::APC+ARID1A+PIK3CA+PTEN+TP53	1	4.668829934824978	0.0	84.76186876228628	0.004	0.0	500
primary::APC+ARID1A+FBXW7+PIK3CA+PTEN+TGFBR2+TP53	1	5.5027814409650455	0.0	158223925.93615967	0.0	0.0	500
primary::ARID1A+CTNNB1+KRAS+RNF43+TCF7L2	1	5.56613809084147	0.0	121167446.96355136	0.0	0.0	500
metastatic::ARID1A+CTNNB1+KRAS+PIK3CA	1	5.746409224735309	0.0	63892589.112675846	0.004	0.0	500
primary::APC+ARID1A+CTNNB1	1	5.225939456989591	0.0	28.26877000113282	0.0	0.0	500
primary::APC+CTNNB1+FBXW7+KRAS+PIK3CA+RNF43	1	5.17546266681436	0.0	121227749.35358116	0.004	0.0	500
primary::PIK3CA+SMAD4+SOX9	1	5.830826176103992	0.0	36.53572954645495	0.006	0.0	500
unknown::APC+KRAS+RNF43+TP53	1	5.640347928934662	0.0	24.164468195328006	0.002	0.0	500
primary::APC+BRAF+SOX9+TCF7L2+TGFBR2+TP53	1	4.9461192727696375	0.0	123044950.11597788	0.004	0.0	500
primary::BRAF+CTNNB1+FBXW7+RNF43+TGFBR2+TP53	1	4.264184159012951	0.0	130632411.81424499	0.01	0.0	500
primary::APC+FBXW7+NRAS+PTEN	1	5.415171995482821	0.0	58312651.43055823	0.006	0.0	500
primary::ARID1A+RNF43+SOX9+TP53	1	4.080851557494403	0.0	63311965.95028229	0.004	0.0	500
metastatic::APC+ARID1A+PIK3CA+TGFBR2+TP53	1	5.902800901440546	0.0	69.56457219345259	0.006	0.0	500
primary::APC+ARID1A+KRAS+SMAD4+SOX9+TCF7L2	1	6.0751303786186135	0.0	174473328.12330818	0.002	0.0	500
primary::APC+ARID1A+CTNNB1+PIK3CA+SOX9+TCF7L2	1	6.000265991756984	0.0	174472773.64950022	0.002	0.0	500
metastatic::APC+NRAS+PTEN	1	5.873994139328447	0.0	26.840572436733183	0.004	0.0	500
metastatic::CTNNB1+KRAS+PIK3CA+SMAD4+SOX9	1	5.980902102133533	0.0	120390773.0962637	0.0	0.0	500
metastatic::APC+BRAF+NRAS+SOX9	1	4.97126696031376	0.0	181.3462430914076	0.0	0.0	500
primary::APC+BRAF+CTNNB1+FBXW7+PIK3CA+TP53	1	4.898485103958298	0.0	58.83573865247908	0.006	0.0	500
primary::APC+ARID1A+CTNNB1+FBXW7+KRAS+PIK3CA+PTEN+RNF43+TP53	1	5.090543827983806	0.0	130000008.98564526	0.0	0.0	500
primary::ARID1A+FBXW7+KRAS+PIK3CA+RNF43+SMAD4	1	3.351058890631394	0.0	183991036.7204437	0.002	0.0	500
primary::APC+ARID1A+BRAF+FBXW7+RNF43+SMAD4+SOX9	1	6.173760162080992	0.0	186287306.25903165	0.002	0.0	500
primary::ARID1A+FBXW7+SMAD4+TP53	1	6.856783258650607	0.0	68.48859508232587	0.008	0.0	500
primary::APC+ARID1A+FBXW7+KRAS+PIK3CA+SMAD4+SOX9+TGFBR2	1	6.070732214547116	0.0	181224073.7648165	0.006	0.0	500
metastatic::APC+BRAF+PIK3CA+TCF7L2	1	4.960845625540278	0.0	93399401.0334879	0.0	0.0	500
metastatic::APC+BRAF+PIK3CA+SOX9	1	5.786893317163044	0.0	102.14337092861716	0.004	0.0	500
primary::ARID1A+BRAF+PTEN+RNF43+SOX9+TCF7L2+TP53	2	12.97380001901572	0.0	263241266.78705096	0.034	0.0	500
primary::APC+ARID1A+BRAF+PIK3CA+RNF43+SMAD4	1	6.046486799886592	0.0	123159548.08954336	0.0	0.0	500
primary::APC+PIK3CA+PTEN+SOX9+TCF7L2+TP53	1	6.332231605853089	0.0	182644445.3989123	0.002	0.0	500
primary::APC+ARID1A+PIK3CA+RNF43+TGFBR2+TP53	1	4.511355620139236	0.0	120856959.66186298	0.006	0.0	500
metastatic::ARID1A+BRAF+PIK3CA+RNF43+SOX9	1	6.508451309460039	0.0	182792876.64122826	0.002	0.0	500
metastatic::APC+NRAS+PIK3CA+SMAD4+SOX9+TCF7L2+TP53	1	6.677911302343258	0.0	153129286.92535993	0.002	0.0	500
primary::ARID1A+FBXW7+PIK3CA+RNF43+SOX9	2	13.637548255061397	0.0	255161225.16653386	0.03	0.0	500
primary::APC+BRAF+RNF43+TGFBR2	2	13.13650177553049	0.0	122697396.69863556	0.044	0.0	500
primary::BRAF+NRAS+RNF43+TGFBR2+TP53	1	6.0046961085884405	0.0	182.81073111366646	0.002	0.0	500
metastatic::APC+ARID1A+BRAF+FBXW7+PIK3CA+RNF43	1	6.786588793257334	0.0	187042789.1500602	0.0	0.0	500
metastatic::APC+BRAF+KRAS+SMAD4	1	6.2343175354455855	0.0	29.3446294382275	0.004	0.0	500
primary::BRAF+PIK3CA+PTEN+RNF43+SOX9+TGFBR2	1	5.92651783384552	0.0	129568327.27161327	0.004	0.0	500
primary::APC+BRAF+FBXW7+RNF43+SOX9+TCF7L2	1	6.84099299318097	0.0	177430289.0484298	0.0	0.0	500
primary::ARID1A+CTNNB1+PTEN+RNF43+SOX9	1	3.7208475375545644	0.0	183635145.45656514	0.0	0.0	500
unknown::CTNNB1+KRAS	1	5.911502668553635	0.0	56.14383513392349	0.0	0.0	500
primary::APC+SMAD4+SOX9+TCF7L2	1	5.833285487778102	0.0	57.72886699929965	0.002	0.0	500
primary::ARID1A+PIK3CA+RNF43+TCF7L2+TGFBR2	1	6.813685109207366	0.0	185186840.6553088	0.0	0.0	500
primary::APC+ARID1A+BRAF+FBXW7+PIK3CA+RNF43+TGFBR2+TP53	1	6.7829510468932455	0.0	184756868.35831878	0.002	0.0	500
primary::ARID1A+KRAS+PIK3CA+RNF43+TCF7L2+TGFBR2+TP53	1	7.13463117102434	0.0	126078455.6098867	0.008	0.0	500
primary::APC+BRAF+PIK3CA+RNF43+TCF7L2+TGFBR2	1	7.180158893611814	0.0	131082705.11526634	0.004	0.0	500
primary::APC+ARID1A+CTNNB1+PIK3CA+PTEN	1	6.898832650725742	0.0	123931731.89565577	0.004	0.0	500
metastatic::ARID1A+FBXW7+KRAS+PIK3CA	1	6.073715883527752	0.0	58.19599468249988	0.006	0.0	500
metastatic::APC+PIK3CA+RNF43	1	6.773131649609814	0.0	110.73651058763008	0.004	0.0	500
primary::ARID1A+CTNNB1+SOX9+TGFBR2	1	6.1635174065269185	0.0	66810801.14121591	0.008	0.0	500
primary::APC+ARID1A+FBXW7+PIK3CA+TCF7L2+TGFBR2+TP53	1	5.365364088433576	0.0	125130621.94907345	0.004	0.0	500
primary::APC+ARID1A+CTNNB1+KRAS+RNF43+SOX9+TCF7L2	1	3.938339423189504	0.0	133960000.0971676	0.0	0.0	500
primary::APC+PIK3CA+PTEN+SOX9+TCF7L2	1	5.7408393640074165	0.0	66981252.454710566	0.002	0.0	500
primary::ARID1A+CTNNB1+FBXW7+KRAS+PIK3CA+TP53	2	14.683946819064479	0.0	61010796.03101135	0.048	0.0	500
primary::BRAF+CTNNB1+SMAD4+SOX9+TP53	1	7.15220597536122	0.0	130296102.37249386	0.0	0.0	500
metastatic::APC+KRAS+NRAS+PIK3CA+TCF7L2+TP53	1	6.1708900050439635	0.0	64185618.09610273	0.004	0.0	500
primary::APC+ARID1A+CTNNB1+KRAS+RNF43+SMAD4+SOX9	1	7.365518041803343	0.0	129147373.19772467	0.004	0.0	500
primary::APC+BRAF+PIK3CA+RNF43+TCF7L2	1	5.078240679448204	0.0	180951494.96611544	0.0	0.0	500
primary::APC+ARID1A+CTNNB1+KRAS+PIK3CA+PTEN+TCF7L2	1	7.791725852160799	0.0	121340787.97288501	0.004	0.0	500
primary::APC+CTNNB1+KRAS+NRAS+PIK3CA+SOX9+TP53	1	7.333885245550977	0.0	61644594.41273536	0.002	0.0	500
primary::APC+ARID1A+BRAF+CTNNB1+FBXW7+PIK3CA+PTEN+TGFBR2	1	7.302489192078246	0.0	130053375.79918647	0.006	0.0	500
primary::APC+ARID1A+CTNNB1+PTEN+SOX9	1	6.441174295594664	0.0	131311527.99348082	0.0	0.0	500
metastatic::CTNNB1+KRAS+TGFBR2	1	6.4395977220772735	0.0	42.92017683847121	0.002	0.0	500
primary::BRAF+CTNNB1+PIK3CA+TCF7L2	1	7.650787977824051	0.0	117967569.65999316	0.0	0.0	500
primary::APC+ARID1A+KRAS+PTEN+RNF43+SOX9+TP53	1	5.491255700835167	0.0	125514284.93837482	0.006	0.0	500
primary::APC+ARID1A+KRAS+RNF43+SOX9+TP53	1	7.829430800658853	0.0	38.90550910367581	0.002	0.0	500
primary::BRAF+FBXW7+PIK3CA+SMAD4+SOX9	1	7.732705068087319	0.0	179809870.7839614	0.0	0.0	500
metastatic::SOX9+TCF7L2+TP53	1	6.622801386028533	0.0	36.41983207282274	0.004	0.0	500
metastatic::CTNNB1+FBXW7+PIK3CA	1	6.470133648130762	0.0	61851166.814323686	0.008	0.0	500
primary::BRAF+PIK3CA+SOX9+TGFBR2	1	6.499765765636622	0.0	73.81916631001319	0.006	0.0	500
primary::CTNNB1+FBXW7+KRAS+TCF7L2+TP53	1	7.0884056657053325	0.0	61093121.23844853	0.006	0.0	500
primary::NRAS+PTEN+SMAD4	1	7.070834744554023	0.0	195.63512497195924	0.004	0.0	500
metastatic::APC+ARID1A+BRAF+PIK3CA+RNF43+SOX9	1	7.862506807657569	0.0	188101018.31736183	0.0	0.0	500
primary::ARID1A+FBXW7+PIK3CA+RNF43+TCF7L2+TGFBR2+TP53	1	7.937117507709749	0.0	153264379.91877368	0.006	0.0	500
primary::ARID1A+RNF43+SOX9+TGFBR2	2	16.9503641525662	0.0	266930353.76085594	0.034	0.0	500
primary::APC+CTNNB1+FBXW7+RNF43+TP53	1	8.070126172834673	0.0	51.62927612364021	0.006	0.0	500
primary::ARID1A+FBXW7+PTEN	2	15.057421075154966	0.0	65232887.279349566	0.064	0.0	500
primary::CTNNB1+KRAS+SOX9+TGFBR2	2	17.339606059627126	0.0	61055118.86949466	0.048	0.0	500
primary::ARID1A+CTNNB1+RNF43+SOX9+TCF7L2	1	6.2112014563344395	0.0	130618759.6337081	0.0	0.0	500
metastatic::APC+ARID1A+BRAF+RNF43	1	8.67292433298497	0.0	131967285.74252367	0.0	0.0	500
primary::APC+ARID1A+CTNNB1+FBXW7+KRAS+PIK3CA+PTEN+TGFBR2	1	7.5951270034810685	0.0	124312988.98368193	0.002	0.0	500
primary::APC+ARID1A+BRAF+RNF43+SOX9+TP53	1	8.540928837677157	0.0	153596581.17774525	0.002	0.0	500
metastatic::ARID1A+RNF43+TCF7L2+TGFBR2	1	8.784570717438218	0.0	154626387.69313508	0.0	0.0	500
metastatic::APC+TGFBR2	1	8.73552626133583	0.0	29.74866263626157	0.0	0.0	500
primary::APC+BRAF+FBXW7+TGFBR2	1	6.558671125015611	0.0	128551477.29609849	0.004	0.0	500
primary::APC+ARID1A+FBXW7+KRAS+PIK3CA+PTEN+RNF43+SOX9+TP53	1	8.966436401453787	0.0	31168537.50344025	0.008	0.0	500
primary::FBXW7+PIK3CA+PTEN+SMAD4+TP53	2	20.503469861124177	0.0	194149928.01897198	0.038	0.002	500
metastatic::APC+BRAF+NRAS	1	8.452739359607857	0.0	41.41607333166551	0.006	0.0	500
metastatic::APC+ARID1A+CTNNB1+FBXW7+SOX9+TP53	1	8.788416007634808	0.0	177855237.02289113	0.006	0.0	500
primary::APC+ARID1A+FBXW7+NRAS+PTEN+TP53	1	6.995861562160139	0.0	121797647.5662096	0.0	0.0	500
primary::APC+CTNNB1+FBXW7	1	8.725919036501207	0.0	38.87389683045674	0.004	0.0	500
primary::APC+ARID1A+CTNNB1+FBXW7+RNF43+SOX9+TGFBR2	1	9.37053338951069	0.0	130424219.35005137	0.004	0.0	500
primary::APC+KRAS+PIK3CA+PTEN+RNF43+SMAD4+TCF7L2	1	7.704981371508075	0.0	60172607.85039881	0.0	0.0	500
metastatic::APC+BRAF+TCF7L2	1	8.244164468922616	0.0	83.04061286102625	0.0	0.0	500
primary::BRAF+RNF43+TCF7L2+TGFBR2	1	9.337127819274492	0.0	132821604.6068666	0.0	0.0	500
primary::ARID1A+BRAF+PTEN+SOX9	1	9.22456560914085	0.0	158113307.7623876	0.002	0.0	500
primary::APC+ARID1A+BRAF+PIK3CA+PTEN+RNF43+SMAD4+TP53	1	6.612244053673445	0.0	178455772.45528373	0.0	0.0	500
primary::ARID1A+CTNNB1+FBXW7+PIK3CA+PTEN+SOX9+TCF7L2	3	31.25320568122326	0.0	319373437.07310647	0.122	0.0	500
primary::APC+ARID1A+CTNNB1+FBXW7+KRAS+NRAS+PIK3CA+PTEN+RNF43+SMAD4+TCF7L2+TP53	1	9.433352098642228	0.0	180691755.0255746	0.002	0.0	500
primary::APC+KRAS+PIK3CA+PTEN+SOX9+TGFBR2+TP53	1	9.522292643249436	0.0	133434591.60128193	0.002	0.0	500
primary::APC+PIK3CA+SMAD4+TCF7L2	1	9.749526271180095	0.0	68.42106964667673	0.01	0.0	500
unknown::APC+FBXW7+KRAS+PTEN+TP53	1	6.833067851391929	0.0	65673482.94417659	0.002	0.0	500
primary::NRAS+PIK3CA+SOX9	1	8.641969876313734	0.0	61504505.65690139	0.006	0.0	500
primary::APC+KRAS+PIK3CA+PTEN+RNF43+TCF7L2	1	8.93138653255993	0.0	82.05459283765403	0.002	0.0	500
primary::APC+RNF43+SMAD4+SOX9+TP53	2	18.207097562791237	0.0	130.6106573134193	0.054	0.0	500
primary::KRAS+NRAS+SMAD4	1	9.877829965129996	0.0	40.56039764230335	0.004	0.0	500
primary::BRAF+PIK3CA+RNF43+SOX9+TCF7L2+TGFBR2	1	9.795886551551824	0.0	128026186.6227897	0.006	0.0	500
primary::APC+BRAF+FBXW7+PIK3CA+PTEN+RNF43+SMAD4+SOX9+TCF7L2+TP53	1	10.376979418321508	0.0	178932197.51828617	0.002	0.0	500
primary::APC+ARID1A+CTNNB1+FBXW7+PIK3CA	1	10.610131985019411	0.0	179401991.98328367	0.006	0.0	500
primary::BRAF+FBXW7+KRAS+PTEN+SMAD4+TP53	1	10.66071851955644	0.0	125805605.74216062	0.008	0.0	500
primary::ARID1A+BRAF+CTNNB1+SMAD4	1	7.464476801818343	0.0	179775797.8321676	0.0	0.0	500
primary::APC+ARID1A+FBXW7+PIK3CA+PTEN+TCF7L2+TGFBR2	1	10.890823631068287	0.0	177104549.56945714	0.002	0.0	500
primary::APC+ARID1A+BRAF+FBXW7+TGFBR2+TP53	2	23.798171271426725	0.0	260901098.64609393	0.046	0.0	500
primary::BRAF+CTNNB1+FBXW7+KRAS+PIK3CA+PTEN+SMAD4+TP53	1	11.105909738249986	0.0	185755179.14634058	0.0	0.0	500
primary::APC+BRAF+CTNNB1+KRAS+SMAD4+TP53	1	9.926831200839384	0.0	179.70585596010787	0.002	0.0	500
primary::ARID1A+BRAF+FBXW7+PTEN+RNF43+SMAD4+TCF7L2	1	7.895071530524929	0.0	120390773.0962637	0.002	0.0	500
metastatic::APC+BRAF+NRAS+SMAD4	1	10.145084150585266	0.0	170.00976696520058	0.002	0.0	500
primary::ARID1A+BRAF+PIK3CA+RNF43+SOX9+TCF7L2+TP53	1	10.93875534600466	0.0	185880418.63413534	0.004	0.0	500
primary::CTNNB1+FBXW7+KRAS+RNF43+TCF7L2+TGFBR2	1	11.659620912348757	0.0	129173331.42264114	0.002	0.0	500
primary::ARID1A+CTNNB1+FBXW7+PIK3CA+SOX9+TCF7L2	1	11.211105536465896	0.0	131967813.08924763	0.002	0.0	500
metastatic::APC+BRAF+PTEN+TGFBR2	1	11.695068392462375	0.0	136.99959486334785	0.004	0.0	500
primary::ARID1A+FBXW7+RNF43+SMAD4	1	9.767727632116884	0.0	59450294.659565896	0.004	0.0	500
primary::APC+BRAF+NRAS+PIK3CA+SMAD4+SOX9	1	12.16406765134207	0.0	120763089.64484948	0.002	0.0	500
primary::APC+BRAF+FBXW7+SMAD4+TGFBR2+TP53	1	8.884362178077346	0.0	121602614.56876113	0.008	0.0	500
metastatic::APC+NRAS+PIK3CA+SMAD4+SOX9	1	12.122859872155699	0.0	178825056.34442332	0.002	0.0	500
primary::APC+BRAF+CTNNB1+FBXW7+PTEN+SOX9+TGFBR2	1	8.878979338850518	0.0	184098847.24921492	0.002	0.0	500
primary::ARID1A+PTEN+SMAD4	1	12.396611586028108	0.0	124190920.02448213	0.006	0.0	500
primary::ARID1A+BRAF+PIK3CA+PTEN+SOX9+TGFBR2+TP53	1	8.863305092743538	0.0	159825701.72209987	0.0	0.0	500
primary::APC+ARID1A+BRAF+CTNNB1+FBXW7+PIK3CA+RNF43+TGFBR2+TP53	1	12.29797322210704	0.0	187435507.41256928	0.0	0.0	500
metastatic::PIK3CA+PTEN+SMAD4+TP53	1	8.274940725729227	0.0	120113889.39335634	0.0	0.0	500
metastatic::APC+BRAF+NRAS+TCF7L2	1	7.436664217775078	0.0	123400497.51298417	0.004	0.0	500
metastatic::FBXW7+PIK3CA+PTEN+SMAD4+TP53	1	13.30734879125918	0.0	182869525.973619	0.004	0.0	500
primary::APC+ARID1A+FBXW7+KRAS+PIK3CA+PTEN+SOX9+TP53	1	12.715504336359407	0.0	153736548.32491028	0.002	0.0	500
primary::CTNNB1+FBXW7+KRAS+TCF7L2	2	27.103302643245925	0.0	245348834.70288274	0.032	0.0	500
primary::APC+ARID1A+SOX9+TCF7L2+TGFBR2+TP53	1	12.940420923009917	0.0	129971095.41801791	0.002	0.0	500
metastatic::APC+BRAF+KRAS+TCF7L2	1	13.151680913843233	0.0	52.36184476232067	0.004	0.0	500
primary::APC+FBXW7+KRAS+PTEN+TCF7L2	2	27.795039110306888	0.0	187813918.06896254	0.05	0.0	500
metastatic::NRAS+SMAD4+TCF7L2+TP53	1	13.564270778585119	0.0	85.92292910110011	0.002	0.0	500
primary::APC+PTEN+RNF43	1	13.071623438956149	0.0	72.64900454833798	0.008	0.0	500
primary::ARID1A+BRAF+CTNNB1+PIK3CA+TCF7L2	1	13.856564461148592	0.0	131035630.66864496	0.002	0.0	500
primary::ARID1A+FBXW7+SOX9	2	28.73852328694906	0.0	241472949.62373757	0.022	0.0	500
primary::ARID1A+CTNNB1+PTEN+SOX9+TGFBR2	1	14.547873898543411	0.0	184078073.63961807	0.0	0.0	500
metastatic::APC+ARID1A+BRAF+PTEN+TCF7L2+TP53	1	7.909102098879412	0.0	155592510.68742985	0.0	0.0	500
primary::PIK3CA+RNF43+TCF7L2	1	10.382218529546783	0.0	134525059.14848945	0.004	0.0	500
primary::APC+FBXW7+KRAS+PTEN+TCF7L2+TGFBR2	1	11.396349975915532	0.0	123440805.9483153	0.006	0.0	500
primary::APC+BRAF+KRAS+NRAS+SMAD4+TP53	1	14.41599508660801	0.0	107.82406505562064	0.004	0.0	500
primary::ARID1A+FBXW7+SOX9+TGFBR2	1	15.208862543692462	0.0	126576993.06941392	0.004	0.0	500
primary::APC+CTNNB1+FBXW7+KRAS+PTEN+SMAD4+TP53	1	15.3905646450847	0.0	189823849.1727354	0.0	0.0	500
primary::CTNNB1+FBXW7+PTEN+SOX9+TP53	1	14.916679340234422	0.0	186753569.89090365	0.006	0.0	500
primary::ARID1A+NRAS+TCF7L2+TP53	1	14.840333407412649	0.0	190317465.18781653	0.006	0.0	500
primary::APC+ARID1A+CTNNB1+PIK3CA	1	15.483053514283782	0.0	132499032.76381727	0.002	0.0	500
primary::APC+ARID1A+BRAF+RNF43+SMAD4+SOX9+TCF7L2+TP53	1	15.890620050147525	0.0	181263116.04353887	0.004	0.0	500
primary::FBXW7+KRAS+PTEN+RNF43+SOX9	1	15.680451732925349	0.0	179735838.52172148	0.0	0.0	500
metastatic::APC+BRAF+KRAS+PTEN+SMAD4	1	13.742234681616225	0.0	119211879.9388274	0.004	0.0	500
primary::APC+ARID1A+CTNNB1+FBXW7+KRAS+PIK3CA+PTEN+TP53	1	12.526229518133317	0.0	121906165.80329193	0.004	0.0	500
primary::CTNNB1+KRAS+TCF7L2+TGFBR2+TP53	1	16.080600558972527	0.0	133959766.50533833	0.002	0.0	500
primary::ARID1A+FBXW7+KRAS+PTEN+RNF43	2	36.87292401173324	0.0	306475569.9386387	0.034	0.002	500
primary::CTNNB1+KRAS+SMAD4+TCF7L2	1	9.239476635262582	0.0	185867885.12636548	0.0	0.0	500
primary::APC+BRAF+CTNNB1+SOX9+TP53	1	16.54568649834446	0.0	121503776.9552097	0.006	0.0	500
primary::ARID1A+KRAS+PIK3CA+RNF43+TCF7L2+TGFBR2	1	16.92508648422329	0.0	132051602.54707754	0.004	0.0	500
primary::CTNNB1+KRAS+PTEN+TCF7L2+TP53	1	17.09940308326903	0.0	159222956.917238	0.0	0.0	500
primary::PTEN+SMAD4+SOX9	1	12.537880329873675	0.0	91331646.11971366	0.002	0.0	500
primary::BRAF+CTNNB1+FBXW7+PIK3CA+PTEN+RNF43+SOX9	1	14.761493269149181	0.0	151530944.10939148	0.002	0.0	500
primary::ARID1A+SMAD4+SOX9+TP53	1	17.69224962191943	0.0	128630131.95446321	0.002	0.0	500
primary::BRAF+CTNNB1+PIK3CA+RNF43+SMAD4	1	17.93905189175927	0.0	175707741.55529138	0.002	0.0	500
primary::APC+CTNNB1+FBXW7+PIK3CA+SMAD4+TP53	1	17.54078731678107	0.0	122270376.03521949	0.008	0.0	500
primary::APC+ARID1A+BRAF+CTNNB1+FBXW7+KRAS+PIK3CA+RNF43	1	18.097438641021817	0.0	153736548.32491028	0.006	0.0	500
unknown::FBXW7+PIK3CA+TP53	1	18.56112063560016	0.0	180271704.4465726	0.0	0.0	500
primary::APC+ARID1A+BRAF+CTNNB1+FBXW7+PIK3CA+PTEN+TGFBR2+TP53	1	18.495068685414694	0.0	185050218.96253377	0.0	0.0	500
metastatic::APC+RNF43+SMAD4	1	18.251639066028254	0.0	247.96087902510493	0.006	0.0	500
primary::APC+ARID1A+RNF43+SMAD4	2	39.58886141262735	0.0	90335806.63039537	0.042	0.0	500
primary::APC+CTNNB1+SMAD4+SOX9	1	15.57843954171315	0.0	188.27623667750294	0.002	0.0	500
primary::ARID1A+PTEN+RNF43+TGFBR2	2	43.42320810384034	0.0	259365291.47159773	0.034	0.0	500
primary::APC+CTNNB1+KRAS+PIK3CA+PTEN+RNF43+TCF7L2	1	20.06491037481935	0.0	177540482.88978848	0.008	0.0	500
primary::APC+CTNNB1+FBXW7+KRAS+PIK3CA+PTEN+RNF43+SMAD4+TP53	1	21.54286982367315	0.0	133400908.5085671	0.006	0.0	500
primary::APC+ARID1A+BRAF+PIK3CA+PTEN+RNF43	1	16.342534719074187	0.0	124131643.11431377	0.0	0.0	500
primary::BRAF+FBXW7+KRAS+RNF43+TGFBR2+TP53	1	21.625988261963315	0.0	131631943.55591561	0.014	0.0	500
primary::APC+CTNNB1+FBXW7+KRAS+PIK3CA+TGFBR2	1	21.053679788737195	0.0	182946364.58074617	0.0	0.0	500
unknown::PIK3CA+SMAD4	2	47.36573238023536	0.0	300677585.98095536	0.034	0.0	500
primary::PIK3CA+RNF43+SMAD4+SOX9+TGFBR2	1	11.940435978185617	0.0	177912754.91738456	0.0	0.0	500
primary::ARID1A+BRAF+PIK3CA+PTEN+RNF43+SMAD4+TGFBR2	1	22.368282219050705	0.0	130006674.6223463	0.002	0.0	500
primary::APC+ARID1A+SOX9+TGFBR2	1	22.726955044244875	0.0	130734929.32744858	0.002	0.0	500
metastatic::APC+ARID1A+BRAF+FBXW7+PTEN+TCF7L2	1	12.460935725532643	0.0	133456604.7850656	0.002	0.0	500
primary::BRAF+FBXW7+KRAS+PTEN+SMAD4	1	23.172802473924424	0.0	184011006.08637252	0.002	0.0	500
primary::ARID1A+CTNNB1+KRAS+PTEN+TCF7L2+TP53	1	24.222090176731587	0.0	128992516.20005436	0.002	0.0	500
metastatic::CTNNB1+PIK3CA+TCF7L2	1	23.944284925396904	0.0	173065748.3143385	0.002	0.0	500
primary::CTNNB1+PIK3CA+TCF7L2	1	24.158441890446092	0.0	128184330.85272586	0.004	0.0	500
primary::BRAF+FBXW7+KRAS+RNF43+SOX9	1	18.588966049434834	0.0	94016566.23858479	0.002	0.0	500
primary::ARID1A+BRAF+FBXW7+KRAS	1	19.901680133311412	0.0	126928195.30182491	0.0	0.0	500
metastatic::ARID1A+CTNNB1+KRAS+SOX9	1	24.514946117876875	0.0	189855819.91573748	0.0	0.0	500
metastatic::PIK3CA+PTEN+RNF43	1	14.105211582616134	0.0	179113869.09268817	0.002	0.0	500
primary::APC+FBXW7+SMAD4+SOX9+TGFBR2+TP53	1	25.217201861250437	0.0	93274359.69952832	0.008	0.0	500
primary::APC+ARID1A+PTEN+SOX9+TCF7L2+TP53	1	24.210155978587295	0.0	130728745.41182026	0.002	0.0	500
primary::FBXW7+PIK3CA+PTEN+SMAD4	1	26.46154423437565	0.0	132331514.21784176	0.004	0.0	500
metastatic::APC+ARID1A+BRAF+PTEN+RNF43+TCF7L2	1	14.96009372034608	0.0	183087581.72505072	0.004	0.0	500
primary::ARID1A+CTNNB1+SOX9	1	26.497637612167516	0.0	129542090.5129471	0.006	0.0	500
primary::BRAF+FBXW7+PIK3CA+SOX9+TGFBR2+TP53	1	28.28651862458536	0.0	179016441.72952932	0.002	0.0	500
primary::APC+BRAF+PIK3CA+PTEN+RNF43+TCF7L2+TGFBR2	1	28.649623486388563	0.0	181197998.47023594	0.0	0.0	500
primary::APC+ARID1A+FBXW7+PTEN+TGFBR2+TP53	1	29.67288620490211	0.0	177246163.6351917	0.004	0.0	500
primary::APC+FBXW7+KRAS+NRAS+PIK3CA+PTEN	1	25.28157536559678	0.0	120874175.66614537	0.006	0.0	500
primary::APC+FBXW7+PTEN+RNF43+SOX9+TGFBR2	1	29.24857680611565	0.0	126524917.5914627	0.004	0.0	500
metastatic::APC+FBXW7+NRAS+PIK3CA+PTEN+SMAD4	1	17.12945969070006	0.0	178654514.0638907	0.002	0.0	500
primary::APC+CTNNB1+KRAS+RNF43+SOX9	1	32.13397763400904	0.0	179805791.79835966	0.0	0.0	500
primary::ARID1A+CTNNB1+PTEN+TCF7L2+TGFBR2	1	33.85347794680671	0.0	187249179.0032912	0.0	0.0	500
primary::APC+KRAS+NRAS+PTEN+SMAD4+TCF7L2	1	26.187502236699345	0.0	124769229.89032356	0.004	0.0	500
metastatic::BRAF+CTNNB1+FBXW7+KRAS+NRAS+PIK3CA+PTEN+SMAD4+TP53	1	28.50827084286597	0.0	121767285.55824068	0.006	0.0	500
primary::APC+FBXW7+KRAS+NRAS+SMAD4+TCF7L2	1	28.561489625921393	0.0	119994373.1474625	0.002	0.0	500
metastatic::APC+BRAF+CTNNB1	1	31.361456323248575	0.0	585.7987172277258	0.0	0.0	500
primary::APC+ARID1A+BRAF+FBXW7+RNF43+SMAD4+SOX9+TP53	1	40.34700473009221	0.0	185375776.87146577	0.002	0.0	500
unknown::APC+BRAF+SMAD4	1	39.55149300409186	0.0	151972856.27385432	0.0	0.0	500
unknown::APC+KRAS+PTEN+RNF43+TP53	1	28.507092538841405	0.0	132295527.47043228	0.002	0.0	500
primary::APC+ARID1A+BRAF+CTNNB1+RNF43+TCF7L2	1	40.20305082933152	0.0	121694338.8525559	0.004	0.0	500
primary::CTNNB1+PIK3CA+PTEN+SOX9+TGFBR2	1	43.06803007529639	0.0	180905453.25783297	0.0	0.0	500
primary::APC+ARID1A+NRAS+TCF7L2	1	46.963324093227044	0.0	185252870.43508506	0.0	0.0	500
metastatic::APC+BRAF+FBXW7+RNF43+SMAD4	1	47.80502804218209	0.0	183215809.38907042	0.0	0.0	500
primary::APC+CTNNB1+FBXW7+PIK3CA+TCF7L2	1	49.291107259367195	0.0	185765573.17261422	0.006	0.0	500
primary::ARID1A+FBXW7+NRAS+PIK3CA	1	49.94287792453217	0.0	178853430.1025019	0.006	0.0	500
primary::APC+ARID1A+PTEN+RNF43+TCF7L2	1	49.43075750893038	0.0	180927226.4758495	0.002	0.0	500
primary::APC+ARID1A+PIK3CA+PTEN+TCF7L2	3	152.6138045107304	0.0	321980537.45747936	0.1	0.0	500
primary::APC+ARID1A+KRAS+PTEN+RNF43	1	37.259016303549984	0.0	121641599.30902536	0.006	0.0	500
primary::APC+ARID1A+FBXW7+KRAS+PTEN+RNF43+TCF7L2	1	55.55928644131714	0.0	191815938.47659457	0.002	0.0	500
primary::ARID1A+BRAF+CTNNB1+KRAS	1	57.15280149156392	0.0	179356196.28936884	0.0	0.0	500
primary::APC+FBXW7+PIK3CA+PTEN+TGFBR2	1	59.53194939201862	0.0	181852314.58449486	0.002	0.0	500
primary::APC+ARID1A+PTEN+RNF43+SOX9+TP53	1	61.13670532225639	0.0	161702953.61309117	0.0	0.0	500
primary::APC+PIK3CA+TCF7L2+TGFBR2	1	44.49895208077253	0.0	125724913.47655898	0.002	0.0	500
primary::ARID1A+PTEN+RNF43+TGFBR2+TP53	1	72.4817042079006	0.0	125435459.29000403	0.002	0.0	500
primary::APC+BRAF+FBXW7+PIK3CA+TCF7L2	1	39.6122248529725	0.0	183404155.6259934	0.002	0.0	500
metastatic::KRAS+NRAS+PIK3CA+PTEN+SMAD4+TP53	1	74.60526494725593	0.0	187038706.51520392	0.0	0.0	500
primary::APC+FBXW7+PTEN+RNF43+TCF7L2	1	76.95458066784444	0.0	157114624.01535517	0.004	0.0	500
metastatic::APC+ARID1A+FBXW7+RNF43+SMAD4	1	84.41111677488495	0.0	182619634.0162273	0.002	0.0	500
metastatic::APC+BRAF+KRAS+NRAS+PIK3CA	1	81.75869373724348	0.0	124576164.31119123	0.0	0.0	500
metastatic::APC+BRAF+KRAS+PIK3CA+SOX9+TGFBR2	1	88.03218428633014	0.0	181630227.77226666	0.0	0.0	500
primary::ARID1A+BRAF+FBXW7+KRAS+PTEN+RNF43+TCF7L2	1	89.82284546600054	0.0	126379751.1449029	0.002	0.0	500
primary::FBXW7+PTEN+TGFBR2+TP53	1	91.29469192102265	0.0	120998820.04223606	0.002	0.0	500
primary::APC+ARID1A+BRAF+FBXW7+KRAS+SOX9+TP53	1	90.24348162002532	0.0	134429115.96153998	0.0	0.0	500
unknown::APC+KRAS+NRAS+SMAD4	1	91.61398723884875	0.0	131382285.53555362	0.002	0.0	500
metastatic::APC+CTNNB1+SMAD4+TGFBR2+TP53	1	112.68295462525765	0.0	130110466.9676408	0.002	0.0	500
primary::APC+PIK3CA+RNF43+SMAD4+TCF7L2	1	67.8231232021313	0.0	185129602.32519874	0.0	0.0	500
primary::BRAF+KRAS+NRAS+PIK3CA+PTEN+SMAD4+TP53	1	117.39762840328342	0.0	185180326.61307794	0.004	0.0	500
primary::ARID1A+CTNNB1+KRAS+NRAS+PIK3CA	1	120.66414007779719	0.0	181303161.10032108	0.004	0.0	500
metastatic::NRAS+PIK3CA+SMAD4+TGFBR2+TP53	1	110.81129415403336	0.0	153829888.32276604	0.002	0.0	500
primary::PIK3CA+PTEN+RNF43+TGFBR2+TP53	1	134.73130681105067	0.0	131668620.11597292	0.002	0.0	500
primary::ARID1A+BRAF+KRAS+PIK3CA+RNF43+SOX9+TCF7L2+TGFBR2	1	145.44757074913088	0.0	175009545.71340433	0.002	0.0	500
primary::APC+ARID1A+BRAF+KRAS+PIK3CA+PTEN+RNF43+TCF7L2	1	155.6717560076562	0.0	132992717.43205613	0.004	0.0	500
metastatic::APC+PIK3CA+SMAD4+TGFBR2	1	108.79363274337197	0.0	133171478.14399947	0.002	0.0	500
primary::APC+ARID1A+BRAF+CTNNB1+KRAS+RNF43+TCF7L2	1	192.00365098253025	0.0	183746606.55003065	0.002	0.0	500
primary::ARID1A+BRAF+RNF43+SOX9+TCF7L2+TGFBR2+TP53	1	205.41541926795776	0.0	172650728.30278596	0.008	0.0	500
primary::APC+ARID1A+BRAF+CTNNB1+KRAS+PIK3CA+SMAD4	1	319.02826170711955	0.0	171503004.39014006	0.002	0.0	500
primary::APC+ARID1A+BRAF+CTNNB1+FBXW7+KRAS+PIK3CA+PTEN+RNF43+TP53	1	336.0158050042926	0.0	181198364.11797628	0.0	0.0	500
primary::APC+BRAF+CTNNB1+KRAS+PTEN+SMAD4	1	347.5814284009367	0.0	183450504.30686858	0.002	0.0	500
primary::APC+ARID1A+FBXW7+KRAS+PTEN+RNF43+TCF7L2+TP53	1	419.91401027248287	0.0	133211504.05803202	0.002	0.0	500
unknown::WT	819	50854561527.822754	45850208037.81227	56053717779.27265	0.0	0.0	500
primary::WT	164	10258031008.90383	8510695317.190564	12050329197.472094	0.0	0.0	500
metastatic::WT	126	7788682072.916887	6364377295.891494	9483200222.455067	0.0	0.0	500
metastatic::APC+ARID1A+FBXW7+KRAS+PIK3CA+TCF7L2	2	123496600.63379823	0.0	305379872.9739307	0.0	0.0	500
metastatic::APC+FBXW7+KRAS+NRAS+SMAD4+TP53	2	122733462.10710776	0.0	326471218.7191438	0.0	0.0	500
metastatic::BRAF+FBXW7+KRAS+PIK3CA+PTEN+SMAD4+TP53	2	121319653.89993393	0.0	314716408.3961504	0.0	0.0	500
metastatic::FBXW7+RNF43+SMAD4+SOX9	2	121661337.3365528	0.0	311687889.08844167	0.0	0.0	500
primary::APC+ARID1A+BRAF+CTNNB1+FBXW7+PIK3CA+PTEN+SMAD4+TCF7L2+TP53	2	120831095.33330579	0.0	309526787.2238984	0.0	0.0	500
primary::APC+ARID1A+BRAF+PTEN+RNF43+TCF7L2+TP53	2	122124097.85402048	0.0	326071789.5407371	0.0	0.0	500
primary::APC+ARID1A+FBXW7+PIK3CA+RNF43+SMAD4+TCF7L2+TGFBR2+TP53	2	120258179.38538566	0.0	315528347.797644	0.0	0.0	500
primary::APC+FBXW7+RNF43+SOX9+TGFBR2	2	122038012.90539701	0.0	322757740.7898662	0.0	0.0	500
primary::APC+KRAS+RNF43+SMAD4+SOX9+TGFBR2	2	123419974.09393948	0.0	319796885.48061293	0.0	0.0	500
primary::ARID1A+BRAF+FBXW7+TCF7L2+TGFBR2	2	122389478.33213007	0.0	318027902.67372596	0.0	0.0	500
primary::ARID1A+BRAF+KRAS+RNF43+TCF7L2+TGFBR2	2	120882989.90110135	0.0	323557806.2162788	0.0	0.0	500
primary::ARID1A+PIK3CA+PTEN+RNF43	2	122410579.75934935	0.0	337203120.25044334	0.0	0.0	500
primary::ARID1A+PTEN+TCF7L2	2	125177924.22669676	0.0	327571869.96407056	0.0	0.0	500
metastatic::APC+ARID1A+BRAF+CTNNB1+FBXW7+KRAS+PIK3CA+PTEN+RNF43+SMAD4+SOX9+TCF7L2+TGFBR2+TP53	1	61041999.207697466	0.0	196382069.97735128	0.0	0.0	500
metastatic::APC+ARID1A+BRAF+CTNNB1+FBXW7+KRAS+RNF43+SMAD4+TCF7L2+TP53	1	61097781.75804618	0.0	195366269.94997394	0.0	0.0	500
metastatic::APC+ARID1A+BRAF+CTNNB1+PTEN+RNF43+SOX9+TCF7L2+TP53	1	61494462.48537919	0.0	245797355.2719577	0.0	0.0	500
metastatic::APC+ARID1A+BRAF+CTNNB1+PTEN+SOX9+TCF7L2	1	61199867.612250015	0.0	238201830.05389428	0.0	0.0	500
metastatic::APC+ARID1A+BRAF+FBXW7+KRAS+SOX9+TCF7L2	1	61086850.748404995	0.0	193427934.08145568	0.0	0.0	500
metastatic::APC+ARID1A+BRAF+FBXW7+KRAS+TCF7L2+TGFBR2	1	61412211.21303885	0.0	195951811.91010985	0.0	0.0	500
metastatic::APC+ARID1A+BRAF+FBXW7+PTEN+RNF43	1	60429967.141977504	0.0	193052139.42102402	0.0	0.0	500
metastatic::APC+ARID1A+BRAF+FBXW7+RNF43+SMAD4+SOX9	1	60901865.36767236	0.0	194542708.75355238	0.0	0.0	500
metastatic::APC+ARID1A+BRAF+FBXW7+RNF43+SMAD4+TGFBR2+TP53	1	61640219.28087724	0.0	201477612.31918663	0.0	0.0	500
metastatic::APC+ARID1A+BRAF+FBXW7+TCF7L2	1	61752875.503373906	0.0	197423458.43710536	0.0	0.0	500
metastatic::APC+ARID1A+BRAF+PIK3CA+PTEN+RNF43+SMAD4+TP53	1	61090654.98194055	0.0	193036730.31407592	0.0	0.0	500
metastatic::APC+ARID1A+BRAF+PIK3CA+PTEN+RNF43+TGFBR2	1	61541292.01201537	0.0	197387206.10273704	0.0	0.0	500
metastatic::APC+ARID1A+BRAF+PIK3CA+TCF7L2+TGFBR2	1	60273237.815445855	0.0	191066190.71928793	0.0	0.0	500
metastatic::APC+ARID1A+BRAF+PTEN+SOX9	1	61147368.354143396	0.0	195990625.39487693	0.0	0.0	500
metastatic::APC+ARID1A+BRAF+PTEN+TGFBR2+TP53	1	61049587.841650665	0.0	200557638.08658594	0.0	0.0	500
metastatic::APC+ARID1A+BRAF+RNF43+TCF7L2+TGFBR2+TP53	1	61092579.50345448	0.0	203549219.23820648	0.0	0.0	500
metastatic::APC+ARID1A+CTNNB1+FBXW7+KRAS+PTEN+RNF43+SOX9	1	61176611.69205041	0.0	191935490.4014113	0.0	0.0	500
metastatic::APC+ARID1A+CTNNB1+FBXW7+NRAS+PIK3CA+PTEN+SMAD4+SOX9+TCF7L2	1	60299954.86052166	0.0	193377446.9859295	0.0	0.0	500
metastatic::APC+ARID1A+CTNNB1+FBXW7+PIK3CA+RNF43+SOX9	1	61018720.484148964	0.0	188871537.1253717	0.0	0.0	500
metastatic::APC+ARID1A+CTNNB1+FBXW7+PIK3CA+RNF43+SOX9+TCF7L2+TP53	1	60447434.68854031	0.0	192243303.2193919	0.0	0.0	500
metastatic::APC+ARID1A+CTNNB1+KRAS+PTEN+TGFBR2+TP53	1	61889242.732373506	0.0	241578868.5356002	0.0	0.0	500
metastatic::APC+ARID1A+CTNNB1+KRAS+RNF43+SMAD4+SOX9+TGFBR2+TP53	1	60716199.40944259	0.0	190457327.6129007	0.0	0.0	500
metastatic::APC+ARID1A+CTNNB1+KRAS+RNF43+TCF7L2	1	61110489.01264654	0.0	216088891.11103818	0.0	0.0	500
metastatic::APC+ARID1A+CTNNB1+NRAS+PIK3CA+SOX9+TCF7L2	1	60473900.830797955	0.0	192763064.64443368	0.0	0.0	500
metastatic::APC+ARID1A+CTNNB1+PIK3CA+PTEN+TCF7L2	1	61304372.06740057	0.0	198005126.56785995	0.0	0.0	500
metastatic::APC+ARID1A+CTNNB1+PTEN+TCF7L2+TGFBR2	1	61326801.990287185	0.0	236428163.5781129	0.0	0.0	500
metastatic::APC+ARID1A+CTNNB1+RNF43+SOX9	1	60786517.81995701	0.0	194839997.20320958	0.0	0.0	500
metastatic::APC+ARID1A+FBXW7+KRAS+PIK3CA+PTEN+SMAD4	1	60476794.712335825	0.0	192960740.49158463	0.0	0.0	500
metastatic::APC+ARID1A+FBXW7+KRAS+RNF43+SMAD4+SOX9	1	61284601.29630661	0.0	191549048.7842505	0.0	0.0	500
metastatic::APC+ARID1A+FBXW7+NRAS+PIK3CA+RNF43+SOX9+TCF7L2+TGFBR2+TP53	1	61334846.526842505	0.0	190162337.71992844	0.0	0.0	500
metastatic::APC+ARID1A+FBXW7+PIK3CA+SOX9	1	61691220.24558705	0.0	202564679.96707767	0.0	0.0	500
metastatic::APC+ARID1A+FBXW7+RNF43	1	61079679.44472428	0.0	201643673.94230998	0.0	0.0	500
metastatic::APC+ARID1A+KRAS+NRAS+RNF43+TP53	1	60353605.10808045	0.0	189388075.54258963	0.0	0.0	500
metastatic::APC+ARID1A+KRAS+PIK3CA+PTEN+RNF43+TP53	1	61484121.58785279	0.0	218503894.02745038	0.0	0.0	500
metastatic::APC+ARID1A+KRAS+PIK3CA+RNF43+SOX9+TP53	1	61251838.25621186	0.0	214331651.3379548	0.0	0.0	500
metastatic::APC+ARID1A+KRAS+PIK3CA+TCF7L2+TGFBR2+TP53	1	61334846.526842505	0.0	212210345.5104668	0.0	0.0	500
metastatic::APC+ARID1A+KRAS+TCF7L2+TGFBR2	1	61426450.07578584	0.0	219884511.63879114	0.0	0.0	500
metastatic::APC+ARID1A+NRAS+PIK3CA+RNF43+SOX9	1	60839935.337823465	0.0	191396581.61577213	0.0	0.0	500
metastatic::APC+ARID1A+PIK3CA+RNF43+TCF7L2+TGFBR2	1	59690849.5424117	0.0	190257997.83041546	0.0	0.0	500
metastatic::APC+BRAF+CTNNB1+FBXW7+PIK3CA+RNF43+SOX9+TP53	1	61714416.23402301	0.0	203306458.54514202	0.0	0.0	500
metastatic::APC+BRAF+CTNNB1+FBXW7+PIK3CA+RNF43+TCF7L2+TGFBR2	1	61672660.72476199	0.0	203411110.9043705	0.0	0.0	500
metastatic::APC+BRAF+CTNNB1+FBXW7+PTEN+SOX9+TP53	1	61720890.20257637	0.0	202407991.0665603	0.0	0.0	500
metastatic::APC+BRAF+FBXW7+KRAS+PIK3CA+PTEN	1	60507281.296445094	0.0	193971914.62370196	0.0	0.0	500
metastatic::APC+BRAF+FBXW7+PIK3CA+SMAD4	1	60881359.385741405	0.0	186359414.65574473	0.0	0.0	500
metastatic::APC+BRAF+FBXW7+RNF43	1	60748800.66039746	0.0	239419700.04976413	0.0	0.0	500
metastatic::APC+BRAF+NRAS+RNF43+TGFBR2+TP53	1	61042793.259412594	0.0	193606415.0927758	0.0	0.0	500
metastatic::APC+BRAF+PIK3CA+PTEN+SOX9+TGFBR2	1	61326023.56259161	0.0	191937340.2429091	0.0	0.0	500
metastatic::APC+BRAF+SOX9+TGFBR2	1	60636450.0895164	0.0	198525120.2776343	0.0	0.0	500
metastatic::APC+CTNNB1+KRAS+PTEN+RNF43+TCF7L2	1	61413730.54857525	0.0	192677868.95245352	0.0	0.0	500
metastatic::APC+FBXW7+KRAS+RNF43+SMAD4+TCF7L2	1	61056686.689725325	0.0	195001844.6020612	0.0	0.0	500
metastatic::APC+FBXW7+KRAS+RNF43+SOX9+TCF7L2	1	60472542.23179976	0.0	191924918.55857044	0.0	0.0	500
metastatic::APC+FBXW7+NRAS+PIK3CA+SMAD4	1	60852913.99225896	0.0	196009796.53585055	0.0	0.0	500
metastatic::APC+FBXW7+RNF43+TCF7L2	1	60762538.244644746	0.0	193522758.28934455	0.0	0.0	500
metastatic::ARID1A+BRAF+FBXW7+KRAS+PIK3CA+PTEN+RNF43+TCF7L2+TGFBR2	1	61660530.137697205	0.0	197576157.70703965	0.0	0.0	500
metastatic::ARID1A+BRAF+FBXW7+PTEN+RNF43+TP53	1	61820977.134254605	0.0	193531089.4173162	0.0	0.0	500
metastatic::ARID1A+BRAF+NRAS+PIK3CA+RNF43+SOX9+TGFBR2+TP53	1	61051959.730233066	0.0	191372689.4303712	0.0	0.0	500
metastatic::ARID1A+BRAF+NRAS+PIK3CA+SMAD4	1	61049587.841650665	0.0	194505848.2950528	0.0	0.0	500
metastatic::ARID1A+BRAF+PTEN+RNF43+TGFBR2	1	61222095.663181156	0.0	194134081.9929733	0.0	0.0	500
metastatic::ARID1A+BRAF+PTEN+SMAD4+SOX9	1	61109018.25564779	0.0	240480298.06607625	0.0	0.0	500
metastatic::ARID1A+CTNNB1+FBXW7+PTEN+RNF43+SOX9	1	60762538.244644746	0.0	184621329.16131237	0.0	0.0	500
metastatic::ARID1A+CTNNB1+KRAS+PTEN+SMAD4+TCF7L2	1	61503814.76198217	0.0	195080063.69877967	0.0	0.0	500
metastatic::ARID1A+CTNNB1+PIK3CA+RNF43	1	61574773.00591212	0.0	193381239.1328848	0.0	0.0	500
metastatic::ARID1A+FBXW7+KRAS+PTEN+RNF43+SMAD4	1	61116909.80142103	0.0	245983159.22932324	0.0	0.0	500
metastatic::ARID1A+FBXW7+PIK3CA+RNF43+TP53	1	61322977.796648175	0.0	221231418.28410354	0.0	0.0	500
metastatic::ARID1A+KRAS+PIK3CA+RNF43+SOX9+TCF7L2+TGFBR2+TP53	1	61203579.59539155	0.0	190405091.16460776	0.0	0.0	500
metastatic::ARID1A+KRAS+PIK3CA+SOX9+TGFBR2	1	60606609.75379056	0.0	195367646.6873675	0.0	0.0	500
metastatic::ARID1A+PIK3CA+RNF43+TGFBR2	1	61605832.76406281	0.0	195051626.89221603	0.0	0.0	500
metastatic::ARID1A+RNF43+SMAD4+TGFBR2+TP53	1	61117615.788752176	0.0	192276496.27908877	0.0	0.0	500
metastatic::ARID1A+RNF43+SOX9	1	61490172.024646126	0.0	191826666.81949458	0.0	0.0	500
metastatic::ARID1A+RNF43+TCF7L2	1	60669793.202158906	0.0	189500389.70502883	0.0	0.0	500
metastatic::ARID1A+SMAD4+SOX9	1	61696160.588514	0.0	196616849.92373225	0.0	0.0	500
metastatic::BRAF+CTNNB1+KRAS+PIK3CA+TGFBR2+TP53	1	61054899.26642766	0.0	192780161.05033562	0.0	0.0	500
metastatic::BRAF+CTNNB1+NRAS+PIK3CA+RNF43+TCF7L2	1	61097781.75804618	0.0	190066114.5632479	0.0	0.0	500
metastatic::BRAF+FBXW7+PIK3CA+SMAD4+SOX9	1	60795212.511689246	0.0	191949632.7833946	0.0	0.0	500
metastatic::BRAF+FBXW7+RNF43+SMAD4+TGFBR2+TP53	1	61677961.84896578	0.0	200316765.0332917	0.0	0.0	500
metastatic::BRAF+PIK3CA+RNF43+SOX9+TP53	1	60621125.84660249	0.0	191881537.40541404	0.0	0.0	500
metastatic::BRAF+PIK3CA+RNF43+TGFBR2	1	61075875.21118872	0.0	193993052.6858131	0.0	0.0	500
metastatic::CTNNB1+FBXW7+KRAS+PIK3CA+PTEN+TP53	1	60994933.67743488	0.0	189568609.76079628	0.0	0.0	500
metastatic::CTNNB1+FBXW7+KRAS+PIK3CA+SOX9	1	60839935.337823465	0.0	191504014.89836463	0.0	0.0	500
metastatic::CTNNB1+FBXW7+PTEN	1	60695805.598522514	0.0	191201864.8114386	0.0	0.0	500
metastatic::FBXW7+KRAS+RNF43+TGFBR2	1	61108438.63853297	0.0	193482860.03617224	0.0	0.0	500
metastatic::KRAS+RNF43+SOX9+TGFBR2+TP53	1	60368810.34941725	0.0	196763077.5958065	0.0	0.0	500
metastatic::NRAS+PTEN+SOX9	1	60765015.73544772	0.0	189501613.6868377	0.0	0.0	500
primary::APC+ARID1A+BRAF+CTNNB1+FBXW7+KRAS+PIK3CA+PTEN+RNF43+SMAD4+TCF7L2	1	61088775.26991892	0.0	199260787.40138105	0.0	0.0	500
primary::APC+ARID1A+BRAF+CTNNB1+FBXW7+KRAS+PIK3CA+PTEN+SMAD4	1	61042793.259412594	0.0	199880067.8834319	0.0	0.0	500
primary::APC+ARID1A+BRAF+CTNNB1+FBXW7+KRAS+PIK3CA+SMAD4+TGFBR2+TP53	1	60829147.8607875	0.0	197989845.15578383	0.0	0.0	500
primary::APC+ARID1A+BRAF+CTNNB1+FBXW7+NRAS+PIK3CA+PTEN+SMAD4+TCF7L2	1	60772780.23570973	0.0	191065708.9845533	0.0	0.0	500
primary::APC+ARID1A+BRAF+CTNNB1+FBXW7+NRAS+PIK3CA+PTEN+SMAD4+TGFBR2+TP53	1	61255923.10868235	0.0	194665501.247005	0.0	0.0	500
primary::APC+ARID1A+BRAF+CTNNB1+FBXW7+PIK3CA+PTEN	1	61157538.7640799	0.0	194229539.8468268	0.0	0.0	500
primary::APC+ARID1A+BRAF+CTNNB1+FBXW7+PIK3CA+PTEN+RNF43+SMAD4+SOX9+TCF7L2+TGFBR2+TP53	1	61802568.99313398	0.0	197215666.01889747	0.0	0.0	500
primary::APC+ARID1A+BRAF+CTNNB1+FBXW7+PIK3CA+RNF43+SMAD4+TCF7L2+TP53	1	61505334.097518586	0.0	196426270.34859496	0.0	0.0	500
primary::APC+ARID1A+BRAF+CTNNB1+FBXW7+PIK3CA+RNF43+SOX9+TCF7L2	1	60932160.978713006	0.0	191915230.47193336	0.0	0.0	500
primary::APC+ARID1A+BRAF+CTNNB1+KRAS+PIK3CA+PTEN+SMAD4+TCF7L2+TGFBR2+TP53	1	61874360.07038377	0.0	195138858.04579177	0.0	0.0	500
primary::APC+ARID1A+BRAF+CTNNB1+KRAS+PIK3CA+RNF43+SMAD4+SOX9+TGFBR2	1	61556254.11429913	0.0	195083200.00897586	0.0	0.0	500
primary::APC+ARID1A+BRAF+CTNNB1+KRAS+RNF43+TGFBR2	1	61242460.93247651	0.0	195017080.02449438	0.0	0.0	500
primary::APC+ARID1A+BRAF+CTNNB1+RNF43+SMAD4+SOX9	1	60790741.59698903	0.0	193623170.3002127	0.0	0.0	500
primary::APC+ARID1A+BRAF+CTNNB1+RNF43+SMAD4+TP53	1	61086850.748404995	0.0	191968156.53654242	0.0	0.0	500
primary::APC+ARID1A+BRAF+CTNNB1+TCF7L2+TP53	1	61227880.82587294	0.0	189762426.41924942	0.0	0.0	500
primary::APC+ARID1A+BRAF+FBXW7+KRAS+NRAS+PIK3CA+PTEN+TGFBR2	1	60645394.78883316	0.0	194069455.39096695	0.0	0.0	500
primary::APC+ARID1A+BRAF+FBXW7+KRAS+PIK3CA+RNF43	1	61374920.37253909	0.0	193671041.78964326	0.0	0.0	500
primary::APC+ARID1A+BRAF+FBXW7+KRAS+PIK3CA+RNF43+TCF7L2+TGFBR2+TP53	1	61623040.759144336	0.0	243852652.975425	0.0	0.0	500
primary::APC+ARID1A+BRAF+FBXW7+PIK3CA+PTEN+RNF43+SOX9+TCF7L2+TP53	1	60970380.4411293	0.0	192178688.04271224	0.0	0.0	500
primary::APC+ARID1A+BRAF+FBXW7+PIK3CA+PTEN+SOX9+TGFBR2	1	61807247.29747213	0.0	199707439.50382093	0.0	0.0	500
primary::APC+ARID1A+BRAF+FBXW7+PIK3CA+RNF43+SMAD4+SOX9+TGFBR2+TP53	1	61536035.747141495	0.0	189790582.02426535	0.0	0.0	500
primary::APC+ARID1A+BRAF+KRAS+PIK3CA+PTEN+TP53	1	61693200.0164825	0.0	190350807.80472738	0.0	0.0	500
primary::APC+ARID1A+BRAF+KRAS+RNF43+SMAD4+TCF7L2+TP53	1	60839631.89299065	0.0	195172383.42190832	0.0	0.0	500
primary::APC+ARID1A+BRAF+NRAS+PIK3CA+RNF43+TCF7L2	1	60994453.21639293	0.0	238939476.42177194	0.0	0.0	500
primary::APC+ARID1A+BRAF+NRAS+RNF43+TGFBR2	1	61117615.788752176	0.0	190458388.49351737	0.0	0.0	500
primary::APC+ARID1A+BRAF+PIK3CA+TCF7L2+TGFBR2	1	61411432.785343274	0.0	191904478.75222716	0.0	0.0	500
primary::APC+ARID1A+BRAF+PTEN+RNF43+SMAD4+TP53	1	61194739.16606504	0.0	194019146.3363236	0.0	0.0	500
primary::APC+ARID1A+BRAF+PTEN+SMAD4+TCF7L2	1	60447434.68854031	0.0	197827760.91539645	0.0	0.0	500
primary::APC+ARID1A+CTNNB1+FBXW7+KRAS+NRAS+PIK3CA+PTEN+RNF43+SMAD4	1	60830602.39212638	0.0	192649207.6489253	0.0	0.0	500
primary::APC+ARID1A+CTNNB1+FBXW7+KRAS+NRAS+PIK3CA+RNF43+SMAD4+TCF7L2+TP53	1	60496334.28929134	0.0	199034262.6474791	0.0	0.0	500
primary::APC+ARID1A+CTNNB1+FBXW7+KRAS+PIK3CA+PTEN+SMAD4+TCF7L2+TP53	1	61579482.32502766	0.0	195580090.22244352	0.0	0.0	500
primary::APC+ARID1A+CTNNB1+FBXW7+KRAS+PIK3CA+RNF43+TCF7L2+TP53	1	61725941.936613604	0.0	195972214.39109305	0.0	0.0	500
primary::APC+ARID1A+CTNNB1+FBXW7+KRAS+PIK3CA+SOX9+TCF7L2	1	61122343.94891292	0.0	196915337.45168024	0.0	0.0	500
primary::APC+ARID1A+CTNNB1+FBXW7+KRAS+PTEN+SOX9+TCF7L2+TGFBR2	1	61827574.033768	0.0	241487037.66470578	0.0	0.0	500
primary::APC+ARID1A+CTNNB1+FBXW7+KRAS+PTEN+TCF7L2+TP53	1	61881479.62592326	0.0	218959737.06191763	0.0	0.0	500
primary::APC+ARID1A+CTNNB1+FBXW7+KRAS+RNF43+SOX9+TCF7L2+TP53	1	61824657.747436665	0.0	235474588.9656103	0.0	0.0	500
primary::APC+ARID1A+CTNNB1+FBXW7+NRAS+PIK3CA+SMAD4+TCF7L2+TP53	1	61809165.89264737	0.0	240668634.42350218	0.0	0.0	500
primary::APC+ARID1A+CTNNB1+FBXW7+PIK3CA+PTEN+RNF43+TP53	1	61011109.733951956	0.0	195018801.8036218	0.0	0.0	500
primary::APC+ARID1A+CTNNB1+FBXW7+PIK3CA+PTEN+SMAD4	1	61596159.4150746	0.0	197213712.2043609	0.0	0.0	500
primary::APC+ARID1A+CTNNB1+FBXW7+PIK3CA+RNF43+TCF7L2+TGFBR2	1	61117615.788752176	0.0	196638148.2963997	0.0	0.0	500
primary::APC+ARID1A+CTNNB1+FBXW7+PTEN+RNF43+TCF7L2+TP53	1	61541292.01201537	0.0	241505078.42883882	0.0	0.0	500
primary::APC+ARID1A+CTNNB1+FBXW7+PTEN+SOX9+TGFBR2+TP53	1	61159574.30560967	0.0	191028415.35627577	0.0	0.0	500
primary::APC+ARID1A+CTNNB1+FBXW7+RNF43+SMAD4+TGFBR2	1	61748300.31689911	0.0	193580971.9027271	0.0	0.0	500
primary::APC+ARID1A+CTNNB1+KRAS+PIK3CA+PTEN+RNF43+SMAD4	1	60184097.643488295	0.0	200747633.30855048	0.0	0.0	500
primary::APC+ARID1A+CTNNB1+KRAS+PTEN+RNF43+TCF7L2	1	60811186.4995082	0.0	194365090.17857596	0.0	0.0	500
primary::APC+ARID1A+CTNNB1+NRAS+PIK3CA+RNF43+TCF7L2+TGFBR2+TP53	1	61555752.68261319	0.0	194664739.37103224	0.0	0.0	500
primary::APC+ARID1A+CTNNB1+NRAS+PTEN+RNF43+SMAD4+TGFBR2	1	60920046.123033404	0.0	193907913.40662357	0.0	0.0	500
primary::APC+ARID1A+CTNNB1+NRAS+PTEN+RNF43+TP53	1	61081648.49381329	0.0	193562138.175906	0.0	0.0	500
primary::APC+ARID1A+CTNNB1+PIK3CA+PTEN+RNF43+TCF7L2+TGFBR2	1	60695839.275237985	0.0	199817885.1960333	0.0	0.0	500
primary::APC+ARID1A+CTNNB1+PIK3CA+PTEN+SMAD4+TCF7L2	1	61175166.98297084	0.0	188272122.02624324	0.0	0.0	500
primary::APC+ARID1A+CTNNB1+PIK3CA+PTEN+TCF7L2+TP53	1	60671372.69710295	0.0	196486632.0714935	0.0	0.0	500
primary::APC+ARID1A+CTNNB1+RNF43+SMAD4+TCF7L2+TGFBR2	1	60475436.11333762	0.0	195085130.35663676	0.0	0.0	500
primary::APC+ARID1A+FBXW7+KRAS+PIK3CA+PTEN+RNF43+TGFBR2	1	61057707.98933883	0.0	198915769.03684556	0.0	0.0	500
primary::APC+ARID1A+FBXW7+NRAS+SOX9+TCF7L2+TGFBR2+TP53	1	60718704.66288222	0.0	191116388.64248163	0.0	0.0	500
primary::APC+ARID1A+FBXW7+PTEN+TCF7L2	1	61033879.0600093	0.0	194634993.98876324	0.0	0.0	500
primary::APC+ARID1A+FBXW7+RNF43+TCF7L2+TGFBR2+TP53	1	59973837.86872576	0.0	193553865.98233154	0.0	0.0	500
primary::APC+ARID1A+FBXW7+SMAD4+TCF7L2+TP53	1	61818060.84792327	0.0	195696586.63920328	0.0	0.0	500
primary::APC+ARID1A+FBXW7+SOX9+TGFBR2+TP53	1	61334068.09914693	0.0	193389851.1339902	0.0	0.0	500
primary::APC+ARID1A+KRAS+NRAS+PTEN+RNF43+SOX9+TCF7L2+TP53	1	61057707.98933883	0.0	195778917.5139884	0.0	0.0	500
primary::APC+ARID1A+KRAS+PIK3CA+RNF43+SOX9+TCF7L2+TP53	1	61596159.4150746	0.0	197295339.48786557	0.0	0.0	500
primary::APC+ARID1A+KRAS+PTEN+SOX9+TCF7L2+TGFBR2+TP53	1	60910184.18771246	0.0	239556141.0878181	0.0	0.0	500
primary::APC+ARID1A+PIK3CA+PTEN+RNF43+SMAD4+SOX9+TCF7L2	1	61680803.184964016	0.0	241087349.2738763	0.0	0.0	500
primary::APC+ARID1A+PIK3CA+PTEN+RNF43+SOX9+TGFBR2+TP53	1	61081844.54567064	0.0	195212413.8851086	0.0	0.0	500
primary::APC+ARID1A+PIK3CA+PTEN+SMAD4+TGFBR2	1	61643795.39434205	0.0	241948148.75923172	0.0	0.0	500
primary::APC+ARID1A+PIK3CA+RNF43+SOX9+TCF7L2	1	61826822.14437138	0.0	219128718.17808974	0.0	0.0	500
primary::APC+ARID1A+RNF43+SMAD4+SOX9+TCF7L2	1	61485640.923389204	0.0	195000554.93010014	0.0	0.0	500
primary::APC+ARID1A+RNF43+SOX9+TGFBR2+TP53	1	61062048.92701024	0.0	192144598.5776468	0.0	0.0	500
primary::APC+ARID1A+SMAD4+SOX9+TCF7L2+TGFBR2	1	61281555.530363165	0.0	202552841.07907248	0.0	0.0	500
primary::APC+BRAF+CTNNB1+FBXW7+NRAS+RNF43	1	61103016.37110831	0.0	194570302.90789872	0.0	0.0	500
primary::APC+BRAF+CTNNB1+FBXW7+PIK3CA+RNF43+SMAD4+TGFBR2+TP53	1	60448223.76094033	0.0	199220631.4996767	0.0	0.0	500
primary::APC+BRAF+CTNNB1+FBXW7+PTEN+SOX9	1	61649815.60998903	0.0	199711584.92010382	0.0	0.0	500
primary::APC+BRAF+CTNNB1+KRAS+PTEN+RNF43	1	61361570.3745313	0.0	237329749.83536956	0.0	0.0	500
primary::APC+BRAF+CTNNB1+KRAS+RNF43+TP53	1	61775561.94732719	0.0	189792228.53028333	0.0	0.0	500
primary::APC+BRAF+CTNNB1+PIK3CA+PTEN+SMAD4+SOX9	1	61109018.25564779	0.0	188886909.87762985	0.0	0.0	500
primary::APC+BRAF+CTNNB1+PIK3CA+RNF43+SOX9	1	60994933.67743488	0.0	233176620.24663755	0.0	0.0	500
primary::APC+BRAF+CTNNB1+PIK3CA+RNF43+SOX9+TCF7L2+TP53	1	61038283.443929106	0.0	195430761.8017864	0.0	0.0	500
primary::APC+BRAF+CTNNB1+RNF43+SOX9+TCF7L2	1	61019006.45269851	0.0	240311366.0287134	0.0	0.0	500
primary::APC+BRAF+CTNNB1+RNF43+TCF7L2+TP53	1	61003847.87683816	0.0	192087740.35631314	0.0	0.0	500
primary::APC+BRAF+FBXW7+KRAS+NRAS+PIK3CA+SOX9+TP53	1	61304372.06740057	0.0	199513266.44190094	0.0	0.0	500
primary::APC+BRAF+FBXW7+KRAS+PIK3CA+PTEN+RNF43+TCF7L2+TP53	1	61641434.872136764	0.0	199472053.12683	0.0	0.0	500
primary::APC+BRAF+FBXW7+PIK3CA+PTEN+RNF43+SMAD4+SOX9+TP53	1	61547261.33986833	0.0	195981973.07774392	0.0	0.0	500
primary::APC+BRAF+FBXW7+PIK3CA+PTEN+TCF7L2+TGFBR2	1	61519913.35606839	0.0	199400852.9984947	0.0	0.0	500
primary::APC+BRAF+FBXW7+PIK3CA+RNF43+SMAD4+SOX9+TCF7L2	1	60899700.15550931	0.0	190849302.0676057	0.0	0.0	500
primary::APC+BRAF+FBXW7+PTEN+SMAD4+SOX9	1	61623048.51235984	0.0	196616849.92373225	0.0	0.0	500
primary::APC+BRAF+FBXW7+PTEN+TCF7L2	1	60881359.385741405	0.0	195468992.25217685	0.0	0.0	500
primary::APC+BRAF+KRAS+NRAS+PTEN+SMAD4+SOX9	1	61685743.52789096	0.0	234873471.4408093	0.0	0.0	500
primary::APC+BRAF+KRAS+NRAS+PTEN+TGFBR2	1	61712297.39662754	0.0	194791230.14313415	0.0	0.0	500
primary::APC+BRAF+PIK3CA+PTEN+RNF43+SOX9	1	60748800.66039746	0.0	196706523.64905268	0.0	0.0	500
primary::APC+BRAF+PTEN+RNF43+SMAD4+TCF7L2+TGFBR2	1	61097781.75804618	0.0	197832568.8421251	0.0	0.0	500
primary::APC+BRAF+PTEN+SOX9+TGFBR2	1	61374920.37253909	0.0	196170322.3991943	0.0	0.0	500
primary::APC+BRAF+RNF43+SOX9+TCF7L2+TGFBR2	1	61375698.80023466	0.0	195810405.51683855	0.0	0.0	500
primary::APC+CTNNB1+FBXW7+KRAS+NRAS+PIK3CA+PTEN+RNF43+SOX9+TCF7L2+TGFBR2	1	60347947.111826845	0.0	196087074.55949914	0.0	0.0	500
primary::APC+CTNNB1+FBXW7+KRAS+PIK3CA+PTEN+RNF43+SOX9+TCF7L2	1	61162637.25555326	0.0	218641860.20623058	0.0	0.0	500
primary::APC+CTNNB1+FBXW7+KRAS+PIK3CA+PTEN+SMAD4+TCF7L2+TGFBR2+TP53	1	61827574.033768	0.0	189272941.81162608	0.0	0.0	500
primary::APC+CTNNB1+FBXW7+PIK3CA+PTEN+SOX9+TGFBR2	1	61524734.53141446	0.0	237143227.29746205	0.0	0.0	500
primary::APC+CTNNB1+FBXW7+PIK3CA+TCF7L2+TGFBR2+TP53	1	61276309.95656049	0.0	193188032.69852164	0.0	0.0	500
primary::APC+CTNNB1+KRAS+NRAS+PIK3CA+PTEN+SMAD4+TCF7L2+TGFBR2+TP53	1	61748300.31689911	0.0	197018747.1933133	0.0	0.0	500
primary::APC+CTNNB1+KRAS+PIK3CA+PTEN+RNF43+TGFBR2	1	61103016.37110831	0.0	192434265.54089418	0.0	0.0	500
primary::APC+CTNNB1+KRAS+PTEN+TGFBR2	1	61177110.9471741	0.0	193759997.13396168	0.0	0.0	500
primary::APC+CTNNB1+KRAS+RNF43+TCF7L2+TGFBR2	1	61432207.77234566	0.0	218867972.31802928	0.0	0.0	500
primary::APC+CTNNB1+NRAS+PTEN+SMAD4+TP53	1	61712297.39662754	0.0	198268043.59083888	0.0	0.0	500
primary::APC+CTNNB1+PIK3CA+RNF43+TCF7L2	1	61185216.3216843	0.0	217483000.3639791	0.0	0.0	500
primary::APC+FBXW7+KRAS+NRAS+PTEN+SMAD4+TP53	1	61334068.09914693	0.0	191912963.16961244	0.0	0.0	500
primary::APC+FBXW7+KRAS+PTEN+RNF43+SMAD4	1	60881359.385741405	0.0	193666295.26181957	0.0	0.0	500
primary::APC+FBXW7+NRAS+PIK3CA+PTEN+TCF7L2	1	60612127.93564247	0.0	192437433.42144996	0.0	0.0	500
primary::APC+FBXW7+NRAS+SMAD4+SOX9+TGFBR2	1	60839935.337823465	0.0	195790552.66323543	0.0	0.0	500
primary::APC+KRAS+NRAS+PTEN+RNF43+SMAD4+TCF7L2+TP53	1	61455910.67223187	0.0	195017683.10538092	0.0	0.0	500
primary::ARID1A+BRAF+CTNNB1+KRAS+NRAS+PIK3CA+SOX9+TP53	1	61645010.985601574	0.0	197167923.43402404	0.0	0.0	500
primary::ARID1A+BRAF+CTNNB1+KRAS+TCF7L2+TGFBR2+TP53	1	61118527.83531013	0.0	193759997.13396168	0.0	0.0	500
primary::ARID1A+BRAF+CTNNB1+PIK3CA+SMAD4+TGFBR2+TP53	1	61188954.00337324	0.0	195530163.5795684	0.0	0.0	500
primary::ARID1A+BRAF+CTNNB1+RNF43+SMAD4+TGFBR2	1	61723823.09921813	0.0	195990625.39487693	0.0	0.0	500
primary::ARID1A+BRAF+FBXW7+SMAD4+SOX9+TP53	1	61578980.893341705	0.0	195018243.06664	0.0	0.0	500
primary::ARID1A+BRAF+KRAS+PTEN+RNF43+SMAD4+SOX9+TGFBR2	1	61186782.10198693	0.0	195969212.0723481	0.0	0.0	500
primary::ARID1A+BRAF+KRAS+SMAD4+SOX9+TCF7L2	1	61153789.14291788	0.0	191271683.40030757	0.0	0.0	500
primary::ARID1A+BRAF+PIK3CA+PTEN+SOX9+TP53	1	60716199.40944259	0.0	193135974.75491887	0.0	0.0	500
primary::ARID1A+BRAF+PIK3CA+RNF43+SMAD4+SOX9+TGFBR2	1	60995400.952310584	0.0	217230954.3706028	0.0	0.0	500
primary::ARID1A+BRAF+PIK3CA+TGFBR2+TP53	1	61334068.09914693	0.0	194733670.66640368	0.0	0.0	500
primary::ARID1A+BRAF+RNF43+SMAD4+SOX9+TGFBR2+TP53	1	60656885.4347067	0.0	220556817.22770914	0.0	0.0	500
primary::ARID1A+CTNNB1+FBXW7+KRAS+NRAS+PTEN+SOX9+TGFBR2+TP53	1	60966644.378420286	0.0	188405658.38838536	0.0	0.0	500
primary::ARID1A+CTNNB1+FBXW7+KRAS+PIK3CA+SOX9+TCF7L2+TGFBR2+TP53	1	61955665.77966659	0.0	235863001.06603202	0.0	0.0	500
primary::ARID1A+CTNNB1+FBXW7+KRAS+RNF43+SOX9+TCF7L2+TGFBR2+TP53	1	61385250.1888953	0.0	194142573.89156124	0.0	0.0	500
primary::ARID1A+CTNNB1+FBXW7+KRAS+SOX9+TCF7L2	1	61431652.92809424	0.0	193132664.80215842	0.0	0.0	500
primary::ARID1A+CTNNB1+FBXW7+PIK3CA+PTEN+RNF43+SOX9+TP53	1	61081648.49381329	0.0	230542024.70357993	0.0	0.0	500
primary::ARID1A+CTNNB1+FBXW7+PIK3CA+PTEN+RNF43+TCF7L2	1	61992197.640880294	0.0	192134972.320113	0.0	0.0	500
primary::ARID1A+CTNNB1+FBXW7+PIK3CA+TCF7L2	1	61455910.67223187	0.0	198028184.2954386	0.0	0.0	500
primary::ARID1A+CTNNB1+KRAS+PIK3CA+PTEN+RNF43+TCF7L2	1	60695805.598522514	0.0	191650459.7695791	0.0	0.0	500
primary::ARID1A+CTNNB1+KRAS+PIK3CA+RNF43+SMAD4+TCF7L2	1	61157276.9164681	0.0	189811022.46993002	0.0	0.0	500
primary::ARID1A+CTNNB1+KRAS+PIK3CA+RNF43+SOX9+TCF7L2+TGFBR2	1	61375698.80023466	0.0	199627586.80118257	0.0	0.0	500
primary::ARID1A+CTNNB1+KRAS+RNF43+SMAD4+SOX9	1	61169381.82027905	0.0	193433794.73186404	0.0	0.0	500
primary::ARID1A+CTNNB1+KRAS+RNF43+SMAD4+TCF7L2+TGFBR2	1	61153789.14291788	0.0	197324335.08143264	0.0	0.0	500
primary::ARID1A+CTNNB1+KRAS+TCF7L2+TGFBR2	1	61028172.92351898	0.0	191684392.2599895	0.0	0.0	500
primary::ARID1A+CTNNB1+PIK3CA+RNF43	1	61195939.37415011	0.0	184720282.52437034	0.0	0.0	500
primary::ARID1A+CTNNB1+PIK3CA+RNF43+SMAD4+SOX9	1	61706126.439532965	0.0	196204974.6029742	0.0	0.0	500
primary::ARID1A+CTNNB1+PIK3CA+SMAD4+TP53	1	61051959.730233066	0.0	200307755.80330166	0.0	0.0	500
primary::ARID1A+CTNNB1+PTEN+SMAD4+TGFBR2	1	61673066.86678796	0.0	239361604.42397207	0.0	0.0	500
primary::ARID1A+CTNNB1+SMAD4	1	60762538.244644746	0.0	249451459.69901675	0.0	0.0	500
primary::ARID1A+CTNNB1+TCF7L2	1	61052974.744913734	0.0	223441363.12256807	0.0	0.0	500
primary::ARID1A+CTNNB1+TCF7L2+TGFBR2+TP53	1	60762538.244644746	0.0	244103412.05363637	0.0	0.0	500
primary::ARID1A+CTNNB1+TGFBR2	1	61660057.07711976	0.0	194281447.22294474	0.0	0.0	500
primary::ARID1A+FBXW7+KRAS+RNF43+SMAD4+TGFBR2	1	61375698.80023466	0.0	189744800.28214177	0.0	0.0	500
primary::ARID1A+FBXW7+KRAS+RNF43+SOX9+TCF7L2+TGFBR2	1	60778512.2324637	0.0	193224545.01461345	0.0	0.0	500
primary::ARID1A+FBXW7+PIK3CA+RNF43+SOX9+TCF7L2+TGFBR2	1	61089922.57074336	0.0	191765177.82209235	0.0	0.0	500
primary::ARID1A+FBXW7+PIK3CA+RNF43+TCF7L2+TP53	1	61322833.014218286	0.0	202365546.50373766	0.0	0.0	500
primary::ARID1A+FBXW7+PTEN+RNF43+SMAD4+TCF7L2+TGFBR2	1	61248693.236910984	0.0	191462537.22796535	0.0	0.0	500
primary::ARID1A+FBXW7+PTEN+RNF43+TP53	1	61065786.014411554	0.0	195696586.63920328	0.0	0.0	500
primary::ARID1A+KRAS+NRAS+PIK3CA+SMAD4+TP53	1	59928441.64654812	0.0	189275743.6438156	0.0	0.0	500
primary::ARID1A+KRAS+PIK3CA+RNF43+SMAD4	1	61413730.54857525	0.0	195094757.6460271	0.0	0.0	500
primary::ARID1A+KRAS+PIK3CA+RNF43+TCF7L2+TP53	1	61159574.30560967	0.0	238502639.8830415	0.0	0.0	500
primary::ARID1A+KRAS+PIK3CA+SOX9+TCF7L2+TGFBR2+TP53	1	61439954.425277494	0.0	196060579.5712385	0.0	0.0	500
primary::ARID1A+NRAS+PTEN+RNF43+TCF7L2	1	61157538.7640799	0.0	195810107.97779736	0.0	0.0	500
primary::ARID1A+PIK3CA+PTEN+RNF43+SOX9+TCF7L2+TP53	1	61944287.73961066	0.0	192837504.01001647	0.0	0.0	500
primary::ARID1A+PTEN+RNF43+SOX9	1	61309596.3987983	0.0	195384421.0369093	0.0	0.0	500
primary::BRAF+CTNNB1+FBXW7+PIK3CA+RNF43+SMAD4+TCF7L2	1	61675576.22921538	0.0	193967736.97463372	0.0	0.0	500
primary::BRAF+CTNNB1+FBXW7+TCF7L2	1	60428210.08246538	0.0	219429653.89775646	0.0	0.0	500
primary::BRAF+CTNNB1+FBXW7+TGFBR2	1	61505334.097518586	0.0	199713685.67620462	0.0	0.0	500
primary::BRAF+CTNNB1+KRAS+PIK3CA+PTEN+SMAD4	1	61535534.31545555	0.0	190350394.2870065	0.0	0.0	500
primary::BRAF+CTNNB1+KRAS+RNF43+TCF7L2	1	61640219.28087724	0.0	192708172.88853177	0.0	0.0	500
primary::BRAF+FBXW7+KRAS+NRAS+PIK3CA+PTEN+TP53	1	59934920.38914959	0.0	197290064.17874366	0.0	0.0	500
primary::BRAF+FBXW7+NRAS+PIK3CA+PTEN+RNF43+TCF7L2	1	61734327.19047183	0.0	199400828.87200597	0.0	0.0	500
primary::BRAF+FBXW7+NRAS+PIK3CA+RNF43+SOX9+TGFBR2	1	61157538.7640799	0.0	191770369.67930105	0.0	0.0	500
primary::BRAF+FBXW7+PIK3CA+RNF43+SOX9+TP53	1	61714416.23402301	0.0	237231594.15452722	0.0	0.0	500
primary::BRAF+FBXW7+SOX9+TGFBR2	1	60741036.16013545	0.0	240105748.36210698	0.0	0.0	500
primary::BRAF+KRAS+PIK3CA+PTEN+RNF43+TGFBR2+TP53	1	60447434.68854031	0.0	189792228.53028333	0.0	0.0	500
primary::BRAF+KRAS+PIK3CA+RNF43+SMAD4+SOX9+TP53	1	60568178.02755926	0.0	191361330.824473	0.0	0.0	500
primary::CTNNB1+FBXW7+KRAS+PIK3CA+PTEN+TCF7L2	1	61313339.814081356	0.0	189712444.1892475	0.0	0.0	500
primary::CTNNB1+FBXW7+KRAS+PIK3CA+SMAD4+SOX9+TCF7L2+TGFBR2	1	61649815.60998903	0.0	197188030.74983194	0.0	0.0	500
primary::CTNNB1+FBXW7+KRAS+PTEN+RNF43+TCF7L2	1	59991650.75985673	0.0	187830208.71773538	0.0	0.0	500
primary::CTNNB1+FBXW7+NRAS+PIK3CA+PTEN+SMAD4+TP53	1	60962528.895964906	0.0	190832677.09435454	0.0	0.0	500
primary::CTNNB1+FBXW7+PTEN+RNF43+SOX9+TCF7L2	1	60447434.68854031	0.0	195992977.04572585	0.0	0.0	500
primary::CTNNB1+FBXW7+PTEN+RNF43+TCF7L2+TGFBR2	1	61675576.22921538	0.0	193563775.21473256	0.0	0.0	500
primary::CTNNB1+FBXW7+PTEN+TCF7L2+TP53	1	60659826.94996697	0.0	192211967.72733352	0.0	0.0	500
primary::CTNNB1+FBXW7+TCF7L2+TGFBR2	1	60850419.37002661	0.0	190997072.99917415	0.0	0.0	500
primary::CTNNB1+KRAS+NRAS+PIK3CA+PTEN+SMAD4	1	61499283.66072525	0.0	198824267.92846566	0.0	0.0	500
primary::CTNNB1+KRAS+PIK3CA+RNF43+TCF7L2+TGFBR2	1	60417842.32947112	0.0	195736261.00090516	0.0	0.0	500
primary::CTNNB1+KRAS+PTEN+RNF43+TGFBR2	1	61383221.86972235	0.0	195377991.01827553	0.0	0.0	500
primary::CTNNB1+NRAS+PIK3CA+PTEN+RNF43	1	61325878.78016172	0.0	201213253.08176532	0.0	0.0	500
primary::CTNNB1+NRAS+PIK3CA+SOX9+TP53	1	61667720.38183506	0.0	238368735.28538626	0.0	0.0	500
primary::CTNNB1+NRAS+SMAD4+SOX9	1	61057707.98933883	0.0	193562138.175906	0.0	0.0	500
primary::CTNNB1+PIK3CA+RNF43+TGFBR2+TP53	1	61334846.526842505	0.0	244400278.84158105	0.0	0.0	500
primary::CTNNB1+RNF43+TCF7L2	1	61175166.98297084	0.0	200753762.14216712	0.0	0.0	500
primary::CTNNB1+SOX9+TCF7L2+TGFBR2	1	60641561.19179279	0.0	199256832.77097222	0.0	0.0	500
primary::FBXW7+KRAS+PTEN+RNF43+SMAD4+TCF7L2+TP53	1	61025801.03493658	0.0	219776672.19248474	0.0	0.0	500
primary::FBXW7+KRAS+RNF43+TCF7L2+TGFBR2	1	61003847.87683816	0.0	189403799.59524214	0.0	0.0	500
primary::FBXW7+PIK3CA+PTEN+RNF43+SOX9+TCF7L2+TGFBR2+TP53	1	60583095.19089764	0.0	196009927.07091644	0.0	0.0	500
primary::FBXW7+PIK3CA+RNF43+SOX9+TCF7L2	1	61375698.80023466	0.0	188796581.24261728	0.0	0.0	500
primary::FBXW7+PIK3CA+RNF43+TGFBR2	1	61141946.08671874	0.0	192546561.16452867	0.0	0.0	500
primary::FBXW7+RNF43+SOX9+TGFBR2+TP53	1	61720890.20257637	0.0	192688116.47282588	0.0	0.0	500
primary::KRAS+PTEN+RNF43+SOX9+TGFBR2	1	60962528.895964906	0.0	218886287.28872514	0.0	0.0	500
primary::PIK3CA+PTEN+RNF43+SMAD4	1	60952666.96064396	0.0	194362682.00992185	0.0	0.0	500
primary::PIK3CA+PTEN+RNF43+TGFBR2	1	61599820.30163133	0.0	195431201.75349542	0.0	0.0	500
primary::PIK3CA+RNF43+SOX9+TGFBR2	1	62077076.939522944	0.0	234519704.80784708	0.0	0.0	500
primary::RNF43+SMAD4+SOX9	1	60952666.96064396	0.0	192882844.9531976	0.0	0.0	500
unknown::APC+ARID1A+BRAF+CTNNB1+PTEN+TCF7L2+TP53	1	61660057.07711976	0.0	197832128.7540744	0.0	0.0	500
unknown::APC+ARID1A+BRAF+KRAS+PIK3CA+TCF7L2	1	61128852.28635379	0.0	189723932.49159053	0.0	0.0	500
unknown::APC+ARID1A+PIK3CA+TCF7L2+TP53	1	61998694.030396365	0.0	234241196.02748033	0.0	0.0	500
unknown::APC+BRAF+FBXW7+PIK3CA+SOX9+TP53	1	61115691.26723825	0.0	194791230.14313415	0.0	0.0	500
unknown::APC+CTNNB1+KRAS+PTEN+TP53	1	61103816.00105609	0.0	190097575.6756797	0.0	0.0	500
unknown::APC+FBXW7+PIK3CA+PTEN+RNF43+SOX9	1	61287944.90360725	0.0	198116899.93287423	0.0	0.0	500
unknown::APC+NRAS+PIK3CA	1	61128852.28635379	0.0	192582612.23327553	0.0	0.0	500
unknown::ARID1A+BRAF+FBXW7+KRAS+PIK3CA+RNF43+SOX9+TCF7L2+TP53	1	61705422.64355427	0.0	195981231.27959552	0.0	0.0	500
unknown::ARID1A+BRAF+FBXW7+PIK3CA+PTEN+RNF43+TGFBR2+TP53	1	61407680.111781925	0.0	241653972.63926172	0.0	0.0	500
unknown::ARID1A+BRAF+PIK3CA+SOX9	1	60672734.71741917	0.0	214869613.89913395	0.0	0.0	500
unknown::ARID1A+CTNNB1+KRAS+SOX9+TCF7L2	1	61718771.365180895	0.0	188495030.58345762	0.0	0.0	500
unknown::ARID1A+FBXW7+KRAS+PIK3CA+PTEN+TCF7L2	1	61199124.41330975	0.0	193805049.7769726	0.0	0.0	500
unknown::ARID1A+KRAS+RNF43+TP53	1	61726414.39707639	0.0	197165848.23517862	0.0	0.0	500
unknown::BRAF+FBXW7+PIK3CA+RNF43+TCF7L2	1	61292790.61529182	0.0	194142390.33175954	0.0	0.0	500
unknown::BRAF+KRAS+NRAS+RNF43+TP53	1	61804331.01114079	0.0	196878063.73289225	0.0	0.0	500
unknown::BRAF+RNF43+SOX9	1	61656480.96365495	0.0	195000554.93010014	0.0	0.0	500
