rule	source_state	target_state	predecessor_type	event_added	step_distance	edge_probability	source_L	inflow_contribution
rule_a_one_step	primary::TP53	primary::APC+TP53	same_stage_one_event	APC	1	0.2626090281665842	0.03222248483416056	0.008461915427411404
rule_a_one_step	primary::APC	primary::APC+TP53	same_stage_one_event	TP53	1	0.8538129054925895	0.009611596943197038	0.008206505512494754
rule_a_one_step	metastatic::TP53	metastatic::APC+TP53	same_stage_one_event	APC	1	0.2626090281665842	0.02087764909792799	0.005482659140009833
rule_a_one_step	metastatic::APC	metastatic::APC+TP53	same_stage_one_event	TP53	1	0.8538129054925895	0.003781611912077523	0.003228789054096297
rule_a_one_step	primary::KRAS+TP53	primary::APC+KRAS+TP53	same_stage_one_event	APC	1	0.4687621732393271	0.014417395414795557	0.006758329607090275
rule_a_one_step	primary::APC+TP53	primary::APC+KRAS+TP53	same_stage_one_event	KRAS	1	0.531573612075783	0.07389899944851493	0.039282758065633375
rule_a_one_step	primary::APC+KRAS	primary::APC+KRAS+TP53	same_stage_one_event	TP53	1	0.27610203758057206	0.01693847002284724	0.004676746086805562
rule_a_one_step	primary::WT	primary::TP53	same_stage_one_event	TP53	1	0.36377931452750495	0.01292050736626487	0.004700213313047413
rule_a_one_step	metastatic::KRAS+TP53	metastatic::APC+KRAS+TP53	same_stage_one_event	APC	1	0.4687621732393271	0.013787126762782636	0.006462883504048078
rule_a_one_step	metastatic::APC+TP53	metastatic::APC+KRAS+TP53	same_stage_one_event	KRAS	1	0.531573612075783	0.046009611596943195	0.024457495426790928
rule_a_one_step	metastatic::APC+KRAS	metastatic::APC+KRAS+TP53	same_stage_one_event	TP53	1	0.27610203758057206	0.009454029780193808	0.002610276885658918
rule_a_one_step	metastatic::WT	metastatic::TP53	same_stage_one_event	TP53	1	0.36377931452750495	0.009926731269203497	0.0036111394966095974
rule_a_one_step	primary::KRAS	primary::APC+KRAS	same_stage_one_event	APC	1	0.4935438374274594	0.008508626802174428	0.0041993803231832995
rule_a_one_step	primary::APC	primary::APC+KRAS	same_stage_one_event	KRAS	1	0.05278865144291615	0.009611596943197038	0.0005073832408442268
rule_a_one_step	primary::TP53	primary::KRAS+TP53	same_stage_one_event	KRAS	1	0.3367025902924171	0.03222248483416056	0.010849394109319987
rule_a_one_step	primary::KRAS	primary::KRAS+TP53	same_stage_one_event	TP53	1	0.03040307689191535	0.008508626802174428	0.000258688434911121
rule_a_one_step	metastatic::TP53	metastatic::KRAS+TP53	same_stage_one_event	KRAS	1	0.3367025902924171	0.02087764909792799	0.0070295585304884995
rule_a_one_step	metastatic::KRAS	metastatic::KRAS+TP53	same_stage_one_event	TP53	1	0.03040307689191535	0.005120932797604979	0.0001556921136039154
rule_a_one_step	primary::KRAS+PIK3CA+TP53	primary::APC+KRAS+PIK3CA+TP53	same_stage_one_event	APC	1	0.5450229446402756	0.003860395493579138	0.002104004119386552
rule_a_one_step	primary::APC+PIK3CA+TP53	primary::APC+KRAS+PIK3CA+TP53	same_stage_one_event	KRAS	1	0.5854822158511793	0.008902544709682502	0.005212281603339105
rule_a_one_step	primary::APC+KRAS+TP53	primary::APC+KRAS+PIK3CA+TP53	same_stage_one_event	PIK3CA	1	0.24898838912920912	0.045694477270936736	0.011377394287791798
rule_a_one_step	primary::APC+KRAS+PIK3CA	primary::APC+KRAS+PIK3CA+TP53	same_stage_one_event	TP53	1	0.18273702144635853	0.010478216339714803	0.0019147580439900485
rule_a_one_step	primary::KRAS+PIK3CA	primary::APC+KRAS+PIK3CA	same_stage_one_event	APC	1	0.6081093133100879	0.004727014890096904	0.002874541778823389
rule_a_one_step	primary::APC+PIK3CA	primary::APC+KRAS+PIK3CA	same_stage_one_event	KRAS	1	0.12005117668761943	0.0018120223745371465	0.00021753541824747868
rule_a_one_step	primary::APC+KRAS	primary::APC+KRAS+PIK3CA	same_stage_one_event	PIK3CA	1	0.23546513103691047	0.01693847002284724	0.003988419063494505
rule_a_one_step	primary::TP53	primary::BRAF+TP53	same_stage_one_event	BRAF	1	0.1065236714952864	0.03222248483416056	0.0034324573892359675
rule_a_one_step	primary::BRAF	primary::BRAF+TP53	same_stage_one_event	TP53	1	0.23756535311282445	0.005120932797604979	0.001216556208330071
rule_a_one_step	primary::WT	primary::APC	same_stage_one_event	APC	1	0.2348769686165781	0.01292050736626487	0.0030347296031764605
rule_a_one_step	metastatic::KRAS	metastatic::APC+KRAS	same_stage_one_event	APC	1	0.4935438374274594	0.005120932797604979	0.0025274048241380968
rule_a_one_step	metastatic::APC	metastatic::APC+KRAS	same_stage_one_event	KRAS	1	0.05278865144291615	0.003781611912077523	0.00019962619311904002
rule_a_one_step	primary::KRAS+SMAD4+TP53	primary::APC+KRAS+SMAD4+TP53	same_stage_one_event	APC	1	0.5639638347545727	0.004175529819585598	0.002354847809185563
rule_a_one_step	primary::APC+SMAD4+TP53	primary::APC+KRAS+SMAD4+TP53	same_stage_one_event	KRAS	1	0.582557580615885	0.004569447727093673	0.002661966412646445
rule_a_one_step	primary::APC+KRAS+TP53	primary::APC+KRAS+SMAD4+TP53	same_stage_one_event	SMAD4	1	0.16708026878630863	0.045694477270936736	0.007634645544477981
rule_a_one_step	primary::APC+KRAS+SMAD4	primary::APC+KRAS+SMAD4+TP53	same_stage_one_event	TP53	1	0.2423682352232502	0.0034664775860710627	0.000840164054976996
rule_a_one_step	primary::PIK3CA+TP53	primary::APC+PIK3CA+TP53	same_stage_one_event	APC	1	0.264215111832124	0.002914992515559757	0.0007701850734884257
rule_a_one_step	primary::APC+TP53	primary::APC+PIK3CA+TP53	same_stage_one_event	PIK3CA	1	0.07271875407837884	0.07389899944851493	0.00537384316753481
rule_a_one_step	primary::APC+PIK3CA	primary::APC+PIK3CA+TP53	same_stage_one_event	TP53	1	0.7215442129242429	0.0018120223745371465	0.001307454258036523
rule_a_one_step	primary::WT	primary::KRAS	same_stage_one_event	KRAS	1	0.13184190874322851	0.01292050736626487	0.0017034643530993048
rule_a_one_step	primary::FBXW7+TP53	primary::APC+FBXW7+TP53	same_stage_one_event	APC	1	0.2916006457313329	0.002442291026550067	0.0007121736404058393
rule_a_one_step	primary::APC+TP53	primary::APC+FBXW7+TP53	same_stage_one_event	FBXW7	1	0.06630270153651827	0.07389899944851493	0.004899703304282213
rule_a_one_step	primary::APC+FBXW7	primary::APC+FBXW7+TP53	same_stage_one_event	TP53	1	0.8330973474752456	0.0006302686520129206	0.0005250751421887627
rule_a_one_step	primary::FBXW7+KRAS+TP53	primary::APC+FBXW7+KRAS+TP53	same_stage_one_event	APC	1	0.5212526080564905	0.0022847238635468367	0.00119091827256269
rule_a_one_step	primary::APC+KRAS+TP53	primary::APC+FBXW7+KRAS+TP53	same_stage_one_event	FBXW7	1	0.1372584334684366	0.045694477270936736	0.006271952368367859
rule_a_one_step	primary::APC+FBXW7+TP53	primary::APC+FBXW7+KRAS+TP53	same_stage_one_event	KRAS	1	0.5543126919475929	0.007326873079650201	0.0040613787403392535
rule_a_one_step	primary::APC+FBXW7+KRAS	primary::APC+FBXW7+KRAS+TP53	same_stage_one_event	TP53	1	0.244353902614449	0.0019695895375403767	0.00048127689004657886
rule_a_one_step	metastatic::KRAS+SMAD4+TP53	metastatic::APC+KRAS+SMAD4+TP53	same_stage_one_event	APC	1	0.5639638347545727	0.0032301268415662176	0.00182167472031336
rule_a_one_step	metastatic::APC+SMAD4+TP53	metastatic::APC+KRAS+SMAD4+TP53	same_stage_one_event	KRAS	1	0.582557580615885	0.004411880564090444	0.002570174467382775
rule_a_one_step	metastatic::APC+KRAS+TP53	metastatic::APC+KRAS+SMAD4+TP53	same_stage_one_event	SMAD4	1	0.16708026878630863	0.03064681320412826	0.005120477787589542
rule_a_one_step	metastatic::APC+KRAS+SMAD4	metastatic::APC+KRAS+SMAD4+TP53	same_stage_one_event	TP53	1	0.2423682352232502	0.0019695895375403767	0.0004773659403278386
rule_a_one_step	metastatic::KRAS+PIK3CA	metastatic::APC+KRAS+PIK3CA	same_stage_one_event	APC	1	0.6081093133100879	0.0022847238635468367	0.0013893618597646377
rule_a_one_step	metastatic::APC+PIK3CA	metastatic::APC+KRAS+PIK3CA	same_stage_one_event	KRAS	1	0.12005117668761943	0.0003151343260064603	3.7832246651735426e-05
rule_a_one_step	metastatic::APC+KRAS	metastatic::APC+KRAS+PIK3CA	same_stage_one_event	PIK3CA	1	0.23546513103691047	0.009454029780193808	0.002226094361020189
rule_a_one_step	metastatic::KRAS+PIK3CA+TP53	metastatic::APC+KRAS+PIK3CA+TP53	same_stage_one_event	APC	1	0.5450229446402756	0.002599858189553297	0.0014169823661174738
rule_a_one_step	metastatic::APC+PIK3CA+TP53	metastatic::APC+KRAS+PIK3CA+TP53	same_stage_one_event	KRAS	1	0.5854822158511793	0.003860395493579138	0.0022601929076426206
rule_a_one_step	metastatic::APC+KRAS+TP53	metastatic::APC+KRAS+PIK3CA+TP53	same_stage_one_event	PIK3CA	1	0.24898838912920912	0.03064681320412826	0.007630700651639672
rule_a_one_step	metastatic::APC+KRAS+PIK3CA	metastatic::APC+KRAS+PIK3CA+TP53	same_stage_one_event	TP53	1	0.18273702144635853	0.005751201449617899	0.0010509574226411544
rule_a_one_step	primary::TCF7L2+TP53	primary::APC+TCF7L2+TP53	same_stage_one_event	APC	1	0.4952522420691424	0.00015756716300323014	7.803549075382375e-05
rule_a_one_step	primary::APC+TP53	primary::APC+TCF7L2+TP53	same_stage_one_event	TCF7L2	1	0.04153998421642626	0.07389899944851493	0.003069763270701003
rule_a_one_step	primary::APC+TCF7L2	primary::APC+TCF7L2+TP53	same_stage_one_event	TP53	1	0.8402946064012821	0.0006302686520129206	0.0005296113488702637
rule_a_one_step	metastatic::WT	metastatic::KRAS	same_stage_one_event	KRAS	1	0.13184190874322851	0.009926731269203497	0.0013087591981128805
rule_a_one_step	primary::WT	primary::BRAF	same_stage_one_event	BRAF	1	0.05566007708386118	0.01292050736626487	0.0007191564359688989
rule_a_one_step	primary::SOX9+TP53	primary::APC+SOX9+TP53	same_stage_one_event	APC	1	0.2999546518915432	0.0007090522335145356	0.0002126835158767737
rule_a_one_step	primary::APC+TP53	primary::APC+SOX9+TP53	same_stage_one_event	SOX9	1	0.06041197688179207	0.07389899944851493	0.004464384646271248
rule_a_one_step	primary::APC+SOX9	primary::APC+SOX9+TP53	same_stage_one_event	TP53	1	0.6792021438232506	0.001339320885527456	0.0009096696167175026
rule_a_one_step	metastatic::TP53	metastatic::BRAF+TP53	same_stage_one_event	BRAF	1	0.1065236714952864	0.02087764909792799	0.0022239638341015437
rule_a_one_step	metastatic::BRAF	metastatic::BRAF+TP53	same_stage_one_event	TP53	1	0.23756535311282445	0.002205940282045222	0.0005240549820498767
rule_a_one_step	primary::PIK3CA	primary::KRAS+PIK3CA	same_stage_one_event	KRAS	1	0.1940906852002508	0.0018120223745371465	0.00035169666427210025
rule_a_one_step	primary::KRAS	primary::KRAS+PIK3CA	same_stage_one_event	PIK3CA	1	0.17196854229335226	0.008508626802174428	0.0014632161480880837
rule_a_one_step	primary::KRAS+SOX9+TP53	primary::APC+KRAS+SOX9+TP53	same_stage_one_event	APC	1	0.4805912151469538	0.00039391790750807534	0.00018931348583745128
rule_a_one_step	primary::APC+SOX9+TP53	primary::APC+KRAS+SOX9+TP53	same_stage_one_event	KRAS	1	0.466686075140362	0.0050421492161033645	0.002353100827935332
rule_a_one_step	primary::APC+KRAS+TP53	primary::APC+KRAS+SOX9+TP53	same_stage_one_event	SOX9	1	0.14268035756150005	0.045694477270936736	0.006519704355603091
rule_a_one_step	primary::APC+KRAS+SOX9	primary::APC+KRAS+SOX9+TP53	same_stage_one_event	TP53	1	0.11419370672360701	0.0020483731190419916	0.00023391131921640134
rule_a_one_step	primary::SMAD4+TP53	primary::APC+SMAD4+TP53	same_stage_one_event	APC	1	0.2812555798745712	0.003781611912077523	0.0010635994511919498
rule_a_one_step	primary::APC+TP53	primary::APC+SMAD4+TP53	same_stage_one_event	SMAD4	1	0.057135983026177464	0.07389899944851493	0.004222291978141847
rule_a_one_step	primary::APC+SMAD4	primary::APC+SMAD4+TP53	same_stage_one_event	TP53	1	0.8159595674631808	0.0008666193965177657	0.0007071263879378388
rule_a_one_step	primary::NRAS+TP53	primary::APC+NRAS+TP53	same_stage_one_event	APC	1	0.4047096557441857	0.0017332387930355314	0.0007014584752518779
rule_a_one_step	primary::APC+TP53	primary::APC+NRAS+TP53	same_stage_one_event	NRAS	1	0.05301454620848102	0.07389899944851493	0.003917721921023808
rule_a_one_step	primary::APC+NRAS	primary::APC+NRAS+TP53	same_stage_one_event	TP53	1	0.6992809582586349	0.0007878358150161507	0.0005509185836749665
rule_a_one_step	metastatic::SMAD4+TP53	metastatic::APC+SMAD4+TP53	same_stage_one_event	APC	1	0.2812555798745712	0.002127156700543607	0.0005982746912954718
rule_a_one_step	metastatic::APC+TP53	metastatic::APC+SMAD4+TP53	same_stage_one_event	SMAD4	1	0.057135983026177464	0.046009611596943195	0.002628804387243964
rule_a_one_step	metastatic::APC+SMAD4	metastatic::APC+SMAD4+TP53	same_stage_one_event	TP53	1	0.8159595674631808	0.0003151343260064603	0.0002571368683410323
rule_a_one_step	primary::BRAF+TP53	primary::APC+BRAF+TP53	same_stage_one_event	APC	1	0.20719626508651243	0.010163082013708344	0.0021057526350082806
rule_a_one_step	primary::APC+TP53	primary::APC+BRAF+TP53	same_stage_one_event	BRAF	1	0.020383120135131057	0.07389899944851493	0.0015062921836250635
rule_a_one_step	primary::APC+BRAF	primary::APC+BRAF+TP53	same_stage_one_event	TP53	1	0.7357833296951942	0.001181753722524226	0.0008695146888385657
rule_a_one_step	primary::KRAS+TCF7L2+TP53	primary::APC+KRAS+TCF7L2+TP53	same_stage_one_event	APC	1	0.6671324695494815	0.00039391790750807534	0.0002627954264356265
rule_a_one_step	primary::APC+TCF7L2+TP53	primary::APC+KRAS+TCF7L2+TP53	same_stage_one_event	KRAS	1	0.44213619011631444	0.005436067123611439	0.002403482007250114
rule_a_one_step	primary::APC+KRAS+TP53	primary::APC+KRAS+TCF7L2+TP53	same_stage_one_event	TCF7L2	1	0.10075088386386764	0.045694477270936736	0.0046037589727442865
rule_a_one_step	primary::APC+KRAS+TCF7L2	primary::APC+KRAS+TCF7L2+TP53	same_stage_one_event	TP53	1	0.23707739486717805	0.0018120223745371465	0.0004295895439963047
rule_a_one_step	primary::SMAD4+TP53	primary::KRAS+SMAD4+TP53	same_stage_one_event	KRAS	1	0.3721446958971742	0.003781611912077523	0.0014073068150212212
rule_a_one_step	primary::KRAS+TP53	primary::KRAS+SMAD4+TP53	same_stage_one_event	SMAD4	1	0.14853812281815373	0.014417395414795557	0.002141532850840789
rule_a_one_step	primary::KRAS+SMAD4	primary::KRAS+SMAD4+TP53	same_stage_one_event	TP53	1	0.024349937162363004	0.0016544552115339162	4.028588043879485e-05
rule_a_one_step	primary::ARID1A+TP53	primary::APC+ARID1A+TP53	same_stage_one_event	APC	1	0.24828019138558055	0.0007090522335145356	0.00017604362423936224
rule_a_one_step	primary::APC+TP53	primary::APC+ARID1A+TP53	same_stage_one_event	ARID1A	1	0.05012218907432379	0.07389899944851493	0.0037039796227618144
rule_a_one_step	primary::APC+ARID1A	primary::APC+ARID1A+TP53	same_stage_one_event	TP53	1	0.6555842144726552	0.0003151343260064603	0.0002065970895683149
rule_a_one_step	metastatic::PIK3CA+TP53	metastatic::APC+PIK3CA+TP53	same_stage_one_event	APC	1	0.264215111832124	0.002127156700543607	0.0005620269455185809
rule_a_one_step	metastatic::APC+TP53	metastatic::APC+PIK3CA+TP53	same_stage_one_event	PIK3CA	1	0.07271875407837884	0.046009611596943195	0.0033457616309598395
rule_a_one_step	metastatic::APC+PIK3CA	metastatic::APC+PIK3CA+TP53	same_stage_one_event	TP53	1	0.7215442129242429	0.0003151343260064603	0.00022738334922374313
rule_a_one_step	primary::PIK3CA+TP53	primary::KRAS+PIK3CA+TP53	same_stage_one_event	KRAS	1	0.3740909171405905	0.002914992515559757	0.0010904722236037066
rule_a_one_step	primary::KRAS+TP53	primary::KRAS+PIK3CA+TP53	same_stage_one_event	PIK3CA	1	0.13076200736776025	0.014417395414795557	0.0018852475654534094
rule_a_one_step	primary::KRAS+PIK3CA	primary::KRAS+PIK3CA+TP53	same_stage_one_event	TP53	1	0.015372005938246449	0.004727014890096904	7.266370096074899e-05
rule_a_one_step	metastatic::WT	metastatic::APC	same_stage_one_event	APC	1	0.2348769686165781	0.009926731269203497	0.0023315605487819143
rule_a_one_step	primary::TP53	primary::SMAD4+TP53	same_stage_one_event	SMAD4	1	0.06931701955069962	0.03222248483416056	0.0022335666112216295
rule_a_one_step	primary::SMAD4	primary::SMAD4+TP53	same_stage_one_event	TP53	1	0.30060357631886436	0.0010241865595209958	0.0003078741426097248
rule_a_one_step	metastatic::NRAS+TP53	metastatic::APC+NRAS+TP53	same_stage_one_event	APC	1	0.4047096557441857	0.0014181044670290711	0.0005739205706606274
rule_a_one_step	metastatic::APC+TP53	metastatic::APC+NRAS+TP53	same_stage_one_event	NRAS	1	0.05301454620848102	0.046009611596943195	0.002439178680040409
rule_a_one_step	metastatic::APC+NRAS	metastatic::APC+NRAS+TP53	same_stage_one_event	TP53	1	0.6992809582586349	0.0008666193965177657	0.0006060104420424631
rule_a_one_step	primary::KRAS+SMAD4	primary::APC+KRAS+SMAD4	same_stage_one_event	APC	1	0.5590162113635931	0.0016544552115339162	0.0009248672842224419
rule_a_one_step	primary::APC+SMAD4	primary::APC+KRAS+SMAD4	same_stage_one_event	KRAS	1	0.07362727631304422	0.0008666193965177657	6.380682576565717e-05
rule_a_one_step	primary::APC+KRAS	primary::APC+KRAS+SMAD4	same_stage_one_event	SMAD4	1	0.0683645664176128	0.01693847002284724	0.0011579911588896832
rule_a_one_step	metastatic::FBXW7+KRAS+TP53	metastatic::APC+FBXW7+KRAS+TP53	same_stage_one_event	APC	1	0.5212526080564905	0.0006302686520129206	0.0003285291786379835
rule_a_one_step	metastatic::APC+KRAS+TP53	metastatic::APC+FBXW7+KRAS+TP53	same_stage_one_event	FBXW7	1	0.1372584334684366	0.03064681320412826	0.004206533571198444
rule_a_one_step	metastatic::APC+FBXW7+TP53	metastatic::APC+FBXW7+KRAS+TP53	same_stage_one_event	KRAS	1	0.5543126919475929	0.002442291026550067	0.0013537929134464176
rule_a_one_step	metastatic::APC+FBXW7+KRAS	metastatic::APC+FBXW7+KRAS+TP53	same_stage_one_event	TP53	1	0.244353902614449	0.0009454029780193808	0.00023101290722235784
rule_a_one_step	primary::SMAD4+TP53	primary::BRAF+SMAD4+TP53	same_stage_one_event	BRAF	1	0.11739606174186126	0.003781611912077523	0.0004439463455140109
rule_a_one_step	primary::BRAF+TP53	primary::BRAF+SMAD4+TP53	same_stage_one_event	SMAD4	1	0.13269302251531392	0.010163082013708344	0.0013485700704699833
rule_a_one_step	primary::BRAF+SMAD4	primary::BRAF+SMAD4+TP53	same_stage_one_event	TP53	1	0.201852150067242	0.0007090522335145356	0.00014312371784488915
rule_a_one_step	metastatic::SOX9+TP53	metastatic::APC+SOX9+TP53	same_stage_one_event	APC	1	0.2999546518915432	0.0005514850705113054	0.00016542051234860178
rule_a_one_step	metastatic::APC+TP53	metastatic::APC+SOX9+TP53	same_stage_one_event	SOX9	1	0.06041197688179207	0.046009611596943195	0.0027795315921347644
rule_a_one_step	metastatic::APC+SOX9	metastatic::APC+SOX9+TP53	same_stage_one_event	TP53	1	0.6792021438232506	0.00039391790750807534	0.00026754988726985374
rule_a_one_step	metastatic::TCF7L2+TP53	metastatic::APC+TCF7L2+TP53	same_stage_one_event	APC	1	0.4952522420691424	0.00015756716300323014	7.803549075382375e-05
rule_a_one_step	metastatic::APC+TP53	metastatic::APC+TCF7L2+TP53	same_stage_one_event	TCF7L2	1	0.04153998421642626	0.046009611596943195	0.001911238539540923
rule_a_one_step	metastatic::APC+TCF7L2	metastatic::APC+TCF7L2+TP53	same_stage_one_event	TP53	1	0.8402946064012821	0.0003151343260064603	0.00026480567443513183
rule_a_one_step	metastatic::SMAD4+TP53	metastatic::KRAS+SMAD4+TP53	same_stage_one_event	KRAS	1	0.3721446958971742	0.002127156700543607	0.000791610083449437
rule_a_one_step	metastatic::KRAS+TP53	metastatic::KRAS+SMAD4+TP53	same_stage_one_event	SMAD4	1	0.14853812281815373	0.013787126762782636	0.0020479139283996616
rule_a_one_step	metastatic::KRAS+SMAD4	metastatic::KRAS+SMAD4+TP53	same_stage_one_event	TP53	1	0.024349937162363004	0.0008666193965177657	2.1102127848892543e-05
rule_a_one_step	primary::RNF43+TP53	primary::BRAF+RNF43+TP53	same_stage_one_event	BRAF	1	0.14182275805875832	0.0015756716300323013	0.00022346609636612042
rule_a_one_step	primary::BRAF+TP53	primary::BRAF+RNF43+TP53	same_stage_one_event	RNF43	1	0.22440105306909897	0.010163082013708344	0.002280606306303771
rule_a_one_step	primary::BRAF+RNF43	primary::BRAF+RNF43+TP53	same_stage_one_event	TP53	1	0.04897872877080206	0.0005514850705113054	2.7011037689719878e-05
rule_a_one_step	primary::TP53	primary::PIK3CA+TP53	same_stage_one_event	PIK3CA	1	0.05211542982955325	0.03222248483416056	0.0016792886473085385
rule_a_one_step	primary::PIK3CA	primary::PIK3CA+TP53	same_stage_one_event	TP53	1	0.19900481791258356	0.0018120223745371465	0.00036060118269829215
rule_a_one_step	metastatic::KRAS+SOX9+TP53	metastatic::APC+KRAS+SOX9+TP53	same_stage_one_event	APC	1	0.4805912151469538	7.878358150161507e-05	3.786269716749026e-05
rule_a_one_step	metastatic::APC+SOX9+TP53	metastatic::APC+KRAS+SOX9+TP53	same_stage_one_event	KRAS	1	0.466686075140362	0.0033089104230678325	0.0015442224183325613
rule_a_one_step	metastatic::APC+KRAS+TP53	metastatic::APC+KRAS+SOX9+TP53	same_stage_one_event	SOX9	1	0.14268035756150005	0.03064681320412826	0.004372698266085521
rule_a_one_step	metastatic::APC+KRAS+SOX9	metastatic::APC+KRAS+SOX9+TP53	same_stage_one_event	TP53	1	0.11419370672360701	0.0009454029780193808	0.00010795907040756986
rule_a_one_step	primary::FBXW7+KRAS+PIK3CA	primary::APC+FBXW7+KRAS+PIK3CA	same_stage_one_event	APC	1	0.6685658148703134	0.0005514850705113054	0.00036870406555520316
rule_a_one_step	primary::APC+KRAS+PIK3CA	primary::APC+FBXW7+KRAS+PIK3CA	same_stage_one_event	FBXW7	1	0.1562864554884777	0.010478216339714803	0.0016376032915754774
rule_a_one_step	primary::APC+FBXW7+PIK3CA	primary::APC+FBXW7+KRAS+PIK3CA	same_stage_one_event	KRAS	1	0.13839440034396194	0.0004727014890096904	6.541923911319401e-05
rule_a_one_step	primary::APC+FBXW7+KRAS	primary::APC+FBXW7+KRAS+PIK3CA	same_stage_one_event	PIK3CA	1	0.2883990567072742	0.0019695895375403767	0.0005680277647271611
rule_a_one_step	metastatic::PIK3CA+TP53	metastatic::KRAS+PIK3CA+TP53	same_stage_one_event	KRAS	1	0.3740909171405905	0.002127156700543607	0.0007957500010081104
rule_a_one_step	metastatic::KRAS+TP53	metastatic::KRAS+PIK3CA+TP53	same_stage_one_event	PIK3CA	1	0.13076200736776025	0.013787126762782636	0.0018028323713352276
rule_a_one_step	metastatic::KRAS+PIK3CA	metastatic::KRAS+PIK3CA+TP53	same_stage_one_event	TP53	1	0.015372005938246449	0.0022847238635468367	3.512078879769534e-05
rule_a_one_step	metastatic::ARID1A+TP53	metastatic::APC+ARID1A+TP53	same_stage_one_event	APC	1	0.24828019138558055	0.00039391790750807534	9.780201346631236e-05
rule_a_one_step	metastatic::APC+TP53	metastatic::APC+ARID1A+TP53	same_stage_one_event	ARID1A	1	0.05012218907432379	0.046009611596943195	0.002306102451698187
rule_a_one_step	metastatic::APC+ARID1A	metastatic::APC+ARID1A+TP53	same_stage_one_event	TP53	1	0.6555842144726552	0.0002363507445048452	0.0001549478171762362
rule_a_one_step	metastatic::KRAS+TCF7L2+TP53	metastatic::APC+KRAS+TCF7L2+TP53	same_stage_one_event	APC	1	0.6671324695494815	7.878358150161507e-05	5.2559085287125306e-05
rule_a_one_step	metastatic::APC+TCF7L2+TP53	metastatic::APC+KRAS+TCF7L2+TP53	same_stage_one_event	KRAS	1	0.44213619011631444	0.0033089104230678325	0.0014629890478913736
rule_a_one_step	metastatic::APC+KRAS+TP53	metastatic::APC+KRAS+TCF7L2+TP53	same_stage_one_event	TCF7L2	1	0.10075088386386764	0.03064681320412826	0.003087693517926772
rule_a_one_step	metastatic::APC+KRAS+TCF7L2	metastatic::APC+KRAS+TCF7L2+TP53	same_stage_one_event	TP53	1	0.23707739486717805	0.001102970141022611	0.0002614892876499246
rule_a_one_step	metastatic::FBXW7+TP53	metastatic::APC+FBXW7+TP53	same_stage_one_event	APC	1	0.2916006457313329	0.0008666193965177657	0.0002527067756278785
rule_a_one_step	metastatic::APC+TP53	metastatic::APC+FBXW7+TP53	same_stage_one_event	FBXW7	1	0.06630270153651827	0.046009611596943195	0.0030505615455232544
rule_a_one_step	metastatic::APC+FBXW7	metastatic::APC+FBXW7+TP53	same_stage_one_event	TP53	1	0.8330973474752456	7.878358150161507e-05	6.563439277359533e-05
rule_a_one_step	primary::KRAS+PIK3CA+SMAD4	primary::APC+KRAS+PIK3CA+SMAD4	same_stage_one_event	APC	1	0.6722242030666763	0.001102970141022611	0.0007414432240552642
rule_a_one_step	primary::APC+PIK3CA+SMAD4	primary::APC+KRAS+PIK3CA+SMAD4	same_stage_one_event	KRAS	1	0.1599249081680585	0.00015756716300323014	2.5198914073593084e-05
rule_a_one_step	primary::APC+KRAS+SMAD4	primary::APC+KRAS+PIK3CA+SMAD4	same_stage_one_event	PIK3CA	1	0.266288014774808	0.0034664775860710627	0.000923081434656232
rule_a_one_step	primary::APC+KRAS+PIK3CA	primary::APC+KRAS+PIK3CA+SMAD4	same_stage_one_event	SMAD4	1	0.08368763225261987	0.010478216339714803	0.000876897115701445
rule_a_one_step	primary::TP53	primary::FBXW7+TP53	same_stage_one_event	FBXW7	1	0.03269917661660178	0.03222248483416056	0.0010536487226179886
rule_a_one_step	primary::FBXW7	primary::FBXW7+TP53	same_stage_one_event	TP53	1	0.31357681795325254	0.0010241865595209958	0.0003211611623250833
rule_a_one_step	metastatic::PIK3CA	metastatic::KRAS+PIK3CA	same_stage_one_event	KRAS	1	0.1940906852002508	0.001181753722524226	0.00022936738974267408
rule_a_one_step	metastatic::KRAS	metastatic::KRAS+PIK3CA	same_stage_one_event	PIK3CA	1	0.17196854229335226	0.005120932797604979	0.0008806393483863466
rule_a_one_step	primary::KRAS+TP53	primary::FBXW7+KRAS+TP53	same_stage_one_event	FBXW7	1	0.049605201654980814	0.014417395414795557	0.0007151778068905293
rule_a_one_step	primary::FBXW7+TP53	primary::FBXW7+KRAS+TP53	same_stage_one_event	KRAS	1	0.3288628069028635	0.002442291026550067	0.000803178682264931
rule_a_one_step	primary::FBXW7+KRAS	primary::FBXW7+KRAS+TP53	same_stage_one_event	TP53	1	0.02419674160275073	0.0006302686520129206	1.5250447713070657e-05
rule_a_one_step	metastatic::WT	metastatic::BRAF	same_stage_one_event	BRAF	1	0.05566007708386118	0.009926731269203497	0.0005525226276346418
rule_a_one_step	primary::TP53	primary::CTNNB1+TP53	same_stage_one_event	CTNNB1	1	0.014685950757227038	0.03222248483416056	0.00047321782554997707
rule_a_one_step	primary::CTNNB1	primary::CTNNB1+TP53	same_stage_one_event	TP53	1	0.46459221063083816	0.00039391790750807534	0.00018301119145625077
rule_a_one_step	metastatic::TP53	metastatic::PIK3CA+TP53	same_stage_one_event	PIK3CA	1	0.05211542982955325	0.02087764909792799	0.0010880476565691018
rule_a_one_step	metastatic::PIK3CA	metastatic::PIK3CA+TP53	same_stage_one_event	TP53	1	0.19900481791258356	0.001181753722524226	0.0002351746843684514
rule_a_one_step	metastatic::TP53	metastatic::SMAD4+TP53	same_stage_one_event	SMAD4	1	0.06931701955069962	0.02087764909792799	0.0014471764106937207
rule_a_one_step	metastatic::SMAD4	metastatic::SMAD4+TP53	same_stage_one_event	TP53	1	0.30060357631886436	0.0010241865595209958	0.0003078741426097248
rule_a_one_step	primary::KRAS+PIK3CA+SOX9	primary::APC+KRAS+PIK3CA+SOX9	same_stage_one_event	APC	1	0.6359114553347446	0.0002363507445048452	0.0001502981459075265
rule_a_one_step	primary::APC+PIK3CA+SOX9	primary::APC+KRAS+PIK3CA+SOX9	same_stage_one_event	KRAS	1	0.19540799519963728	0.0002363507445048452	4.6184825147633486e-05
rule_a_one_step	primary::APC+KRAS+SOX9	primary::APC+KRAS+PIK3CA+SOX9	same_stage_one_event	PIK3CA	1	0.34333491658798965	0.0020483731190419916	0.0007032780139673623
rule_a_one_step	primary::APC+KRAS+PIK3CA	primary::APC+KRAS+PIK3CA+SOX9	same_stage_one_event	SOX9	1	0.18523148383095248	0.010478216339714803	0.0019408955605071047
rule_a_one_step	primary::KRAS+SOX9	primary::APC+KRAS+SOX9	same_stage_one_event	APC	1	0.5202046990411955	0.0003151343260064603	0.00016393435721774065
rule_a_one_step	primary::APC+SOX9	primary::APC+KRAS+SOX9	same_stage_one_event	KRAS	1	0.10023200569456288	0.001339320885527456	0.00013424281862503497
rule_a_one_step	primary::APC+KRAS	primary::APC+KRAS+SOX9	same_stage_one_event	SOX9	1	0.12168429642257333	0.01693847002284724	0.002061145807205016
rule_a_one_step	primary::PIK3CA+TP53	primary::BRAF+PIK3CA+TP53	same_stage_one_event	BRAF	1	0.11676973215989081	0.002914992515559757	0.00034038289528999917
rule_a_one_step	primary::BRAF+TP53	primary::BRAF+PIK3CA+TP53	same_stage_one_event	PIK3CA	1	0.0986272071376816	0.010163082013708344	0.001002356394923259
rule_a_one_step	primary::BRAF+PIK3CA	primary::BRAF+PIK3CA+TP53	same_stage_one_event	TP53	1	0.1282668964383625	0.0016544552115339162	0.00021221183527972998
rule_a_one_step	metastatic::BRAF+TP53	metastatic::APC+BRAF+TP53	same_stage_one_event	APC	1	0.20719626508651243	0.004884582053100134	0.0010120671579109564
rule_a_one_step	metastatic::APC+TP53	metastatic::APC+BRAF+TP53	same_stage_one_event	BRAF	1	0.020383120135131057	0.046009611596943195	0.0009378194405512123
rule_a_one_step	metastatic::APC+BRAF	metastatic::APC+BRAF+TP53	same_stage_one_event	TP53	1	0.7357833296951942	0.0002363507445048452	0.00017390293776771312
rule_a_one_step	metastatic::KRAS+SMAD4	metastatic::APC+KRAS+SMAD4	same_stage_one_event	APC	1	0.5590162113635931	0.0008666193965177657	0.00048445429173556484
rule_a_one_step	metastatic::APC+SMAD4	metastatic::APC+KRAS+SMAD4	same_stage_one_event	KRAS	1	0.07362727631304422	0.0003151343260064603	2.3202482096602608e-05
rule_a_one_step	metastatic::APC+KRAS	metastatic::APC+KRAS+SMAD4	same_stage_one_event	SMAD4	1	0.0683645664176128	0.009454029780193808	0.0006463206468221488
rule_a_one_step	primary::FBXW7+KRAS	primary::APC+FBXW7+KRAS	same_stage_one_event	APC	1	0.5323976962284775	0.0006302686520129206	0.0003355535783367069
rule_a_one_step	primary::APC+KRAS	primary::APC+FBXW7+KRAS	same_stage_one_event	FBXW7	1	0.07829745188119228	0.01693847002284724	0.0013262390415548996
rule_a_one_step	primary::APC+FBXW7	primary::APC+FBXW7+KRAS	same_stage_one_event	KRAS	1	0.061409302191625346	0.0006302686520129206	3.87043581133698e-05
rule_a_one_step	primary::BRAF+PIK3CA+TP53	primary::APC+BRAF+PIK3CA+TP53	same_stage_one_event	APC	1	0.2258544247152065	0.0020483731190419916	0.0004626341324033222
rule_a_one_step	primary::APC+PIK3CA+TP53	primary::APC+BRAF+PIK3CA+TP53	same_stage_one_event	BRAF	1	0.022150034612840253	0.008902544709682502	0.0001971916734618253
rule_a_one_step	primary::APC+BRAF+TP53	primary::APC+BRAF+PIK3CA+TP53	same_stage_one_event	PIK3CA	1	0.14068311309585158	0.004411880564090444	0.0006206770923633254
rule_a_one_step	primary::APC+BRAF+PIK3CA	primary::APC+BRAF+PIK3CA+TP53	same_stage_one_event	TP53	1	0.5764007817486975	0.0006302686520129206	0.00036328734373194515
rule_a_one_step	primary::FBXW7+KRAS+PIK3CA+TP53	primary::APC+FBXW7+KRAS+PIK3CA+TP53	same_stage_one_event	APC	1	0.6180152938084611	0.0007878358150161507	0.00048689458269003476
rule_a_one_step	primary::APC+KRAS+PIK3CA+TP53	primary::APC+FBXW7+KRAS+PIK3CA+TP53	same_stage_one_event	FBXW7	1	0.22156670422728508	0.012211455132750335	0.0027056518675828557
rule_a_one_step	primary::APC+FBXW7+PIK3CA+TP53	primary::APC+FBXW7+KRAS+PIK3CA+TP53	same_stage_one_event	KRAS	1	0.6246993483993802	0.001181753722524226	0.000738240780429426
rule_a_one_step	primary::APC+FBXW7+KRAS+TP53	primary::APC+FBXW7+KRAS+PIK3CA+TP53	same_stage_one_event	PIK3CA	1	0.31410566482525754	0.0068541715906405105	0.0021529341243045307
rule_a_one_step	primary::APC+FBXW7+KRAS+PIK3CA	primary::APC+FBXW7+KRAS+PIK3CA+TP53	same_stage_one_event	TP53	1	0.17445521274495943	0.0027574253525565274	0.00048104722650859375
rule_a_one_step	primary::KRAS+TCF7L2	primary::APC+KRAS+TCF7L2	same_stage_one_event	APC	1	0.6956496764514158	0.0002363507445048452	0.00016441731894384682
rule_a_one_step	primary::APC+TCF7L2	primary::APC+KRAS+TCF7L2	same_stage_one_event	KRAS	1	0.046561493741831855	0.0006302686520129206	2.93462498963724e-05
rule_a_one_step	primary::APC+KRAS	primary::APC+KRAS+TCF7L2	same_stage_one_event	TCF7L2	1	0.08510557441771985	0.01693847002284724	0.0014415582210517426
rule_a_one_step	primary::PIK3CA	primary::APC+PIK3CA	same_stage_one_event	APC	1	0.31311865244204595	0.0018120223745371465	0.0005673780041099076
rule_a_one_step	primary::APC	primary::APC+PIK3CA	same_stage_one_event	PIK3CA	1	0.020603528163090714	0.009611596943197038	0.00019803280831143678
rule_a_one_step	primary::WT	primary::PIK3CA	same_stage_one_event	PIK3CA	1	0.05822256859048942	0.01292050736626487	0.0007522651263562802
rule_a_one_step	primary::KRAS+PIK3CA+SMAD4+TP53	primary::APC+KRAS+PIK3CA+SMAD4+TP53	same_stage_one_event	APC	1	0.6356268188823112	0.0005514850705113054	0.0003505387010301882
rule_a_one_step	primary::APC+PIK3CA+SMAD4+TP53	primary::APC+KRAS+PIK3CA+SMAD4+TP53	same_stage_one_event	KRAS	1	0.6282492062855001	0.0004727014890096904	0.000296974335280312
rule_a_one_step	primary::APC+KRAS+SMAD4+TP53	primary::APC+KRAS+PIK3CA+SMAD4+TP53	same_stage_one_event	PIK3CA	1	0.2910669502574662	0.009217679035688962	0.002682961725370168
rule_a_one_step	primary::APC+KRAS+PIK3CA+TP53	primary::APC+KRAS+PIK3CA+SMAD4+TP53	same_stage_one_event	SMAD4	1	0.16540442686418844	0.012211455132750335	0.002019828737410321
rule_a_one_step	primary::APC+KRAS+PIK3CA+SMAD4	primary::APC+KRAS+PIK3CA+SMAD4+TP53	same_stage_one_event	TP53	1	0.15807004385279877	0.002442291026550067	0.000386053049668066
rule_a_one_step	primary::TP53	primary::NRAS+TP53	same_stage_one_event	NRAS	1	0.025297226290221526	0.03222248483416056	0.000815139490482991
rule_a_one_step	primary::NRAS	primary::NRAS+TP53	same_stage_one_event	TP53	1	0.15805896126432725	0.0003151343260064603	4.980980422731498e-05
rule_a_one_step	metastatic::RNF43+TP53	metastatic::BRAF+RNF43+TP53	same_stage_one_event	BRAF	1	0.14182275805875832	0.0010241865595209958	0.00014525296263797827
rule_a_one_step	metastatic::BRAF+TP53	metastatic::BRAF+RNF43+TP53	same_stage_one_event	RNF43	1	0.22440105306909897	0.004884582053100134	0.0010961053565180915
rule_a_one_step	metastatic::BRAF+RNF43	metastatic::BRAF+RNF43+TP53	same_stage_one_event	TP53	1	0.04897872877080206	0.00015756716300323014	7.717439339919966e-06
rule_a_one_step	primary::CTNNB1+KRAS+TP53	primary::APC+CTNNB1+KRAS+TP53	same_stage_one_event	APC	1	0.2496535411271909	0.0010241865595209958	0.0002556918013592911
rule_a_one_step	primary::APC+KRAS+TP53	primary::APC+CTNNB1+KRAS+TP53	same_stage_one_event	CTNNB1	1	0.03627558790531826	0.045694477270936736	0.0016575940270294328
rule_a_one_step	primary::APC+CTNNB1+TP53	primary::APC+CTNNB1+KRAS+TP53	same_stage_one_event	KRAS	1	0.517619451637625	0.0014181044670290711	0.0007340384565884542
rule_a_one_step	primary::APC+CTNNB1+KRAS	primary::APC+CTNNB1+KRAS+TP53	same_stage_one_event	TP53	1	0.278680348841092	0.0006302686520129206	0.00017564348780656553
rule_a_one_step	primary::APC+PIK3CA+SOX9+TP53	primary::APC+KRAS+PIK3CA+SOX9+TP53	same_stage_one_event	KRAS	1	0.5231330574753783	0.0003151343260064603	0.00016485718347920218
rule_a_one_step	primary::APC+KRAS+SOX9+TP53	primary::APC+KRAS+PIK3CA+SOX9+TP53	same_stage_one_event	PIK3CA	1	0.2878435623606358	0.004648231308595289	0.0013379634585423078
rule_a_one_step	primary::APC+KRAS+PIK3CA+TP53	primary::APC+KRAS+PIK3CA+SOX9+TP53	same_stage_one_event	SOX9	1	0.17564516765790297	0.012211455132750335	0.0021448830841388922
rule_a_one_step	primary::APC+KRAS+PIK3CA+SOX9	primary::APC+KRAS+PIK3CA+SOX9+TP53	same_stage_one_event	TP53	1	0.07474415539996633	0.0020483731190419916	0.00015310391872678836
rule_a_one_step	primary::PIK3CA	primary::BRAF+PIK3CA	same_stage_one_event	BRAF	1	0.08084412519492988	0.0018120223745371465	0.00014649136370309518
rule_a_one_step	primary::BRAF	primary::BRAF+PIK3CA	same_stage_one_event	PIK3CA	1	0.11591933938110813	0.005120932797604979	0.0005936151469134191
rule_a_one_step	primary::SMAD4	primary::KRAS+SMAD4	same_stage_one_event	KRAS	1	0.15900173675409326	0.0010241865595209958	0.00016284744172403784
rule_a_one_step	primary::KRAS	primary::KRAS+SMAD4	same_stage_one_event	SMAD4	1	0.08452082987705493	0.008508626802174428	0.0007191561984339347
rule_a_one_step	primary::TP53	primary::RNF43+TP53	same_stage_one_event	RNF43	1	0.031038005269982023	0.03222248483416056	0.0010001216540945913
rule_a_one_step	primary::RNF43	primary::RNF43+TP53	same_stage_one_event	TP53	1	0.10176085079974229	0.0004727014890096904	4.810250569593112e-05
rule_a_one_step	primary::KRAS+PTEN+TP53	primary::APC+KRAS+PTEN+TP53	same_stage_one_event	APC	1	0.4599735207193225	0.0007878358150161507	0.00036238361358175575
rule_a_one_step	primary::APC+PTEN+TP53	primary::APC+KRAS+PTEN+TP53	same_stage_one_event	KRAS	1	0.48879980456057337	0.001102970141022611	0.0005391315893680002
rule_a_one_step	primary::APC+KRAS+TP53	primary::APC+KRAS+PTEN+TP53	same_stage_one_event	PTEN	1	0.030977051168362593	0.045694477270936736	0.0014154801605333887
rule_a_one_step	primary::APC+KRAS+PTEN	primary::APC+KRAS+PTEN+TP53	same_stage_one_event	TP53	1	0.05592452531635389	0.001102970141022611	6.168308157480142e-05
rule_a_one_step	metastatic::SMAD4+TP53	metastatic::BRAF+SMAD4+TP53	same_stage_one_event	BRAF	1	0.11739606174186126	0.002127156700543607	0.00024971981935163117
rule_a_one_step	metastatic::BRAF+TP53	metastatic::BRAF+SMAD4+TP53	same_stage_one_event	SMAD4	1	0.13269302251531392	0.004884582053100134	0.0006481499563499144
rule_a_one_step	metastatic::BRAF+SMAD4	metastatic::BRAF+SMAD4+TP53	same_stage_one_event	TP53	1	0.201852150067242	0.0005514850705113054	0.00011131844721269157
rule_a_one_step	metastatic::TP53	metastatic::NRAS+TP53	same_stage_one_event	NRAS	1	0.025297226290221526	0.02087764909792799	0.0005281466136381237
rule_a_one_step	metastatic::NRAS	metastatic::NRAS+TP53	same_stage_one_event	TP53	1	0.15805896126432725	0.0007878358150161507	0.00012452451056828745
rule_a_one_step	primary::ARID1A+KRAS+TP53	primary::APC+ARID1A+KRAS+TP53	same_stage_one_event	APC	1	0.3698887980727577	0.0005514850705113054	0.0002039881498864968
rule_a_one_step	primary::APC+KRAS+TP53	primary::APC+ARID1A+KRAS+TP53	same_stage_one_event	ARID1A	1	0.07663750398115846	0.045694477270936736	0.0035019106837683688
rule_a_one_step	primary::APC+ARID1A+TP53	primary::APC+ARID1A+KRAS+TP53	same_stage_one_event	KRAS	1	0.2907953844802147	0.003939179075080753	0.0011454950936745241
rule_a_one_step	primary::APC+ARID1A+KRAS	primary::APC+ARID1A+KRAS+TP53	same_stage_one_event	TP53	1	0.08322916270630071	0.0005514850705113054	4.589964066368116e-05
rule_a_one_step	primary::CTNNB1+TP53	primary::APC+CTNNB1+TP53	same_stage_one_event	APC	1	0.12080990485212983	0.002205940282045222	0.0002664994355833637
rule_a_one_step	primary::APC+TP53	primary::APC+CTNNB1+TP53	same_stage_one_event	CTNNB1	1	0.014980287552937597	0.07389899944851493	0.0011070282616131304
rule_a_one_step	primary::APC+CTNNB1	primary::APC+CTNNB1+TP53	same_stage_one_event	TP53	1	0.8599517549256687	0.0003151343260064603	0.0002710003166865733
rule_a_one_step	primary::FBXW7+KRAS+SMAD4+TP53	primary::APC+FBXW7+KRAS+SMAD4+TP53	same_stage_one_event	APC	1	0.593781671983075	0.0003151343260064603	0.00018712098699537541
rule_a_one_step	primary::APC+KRAS+SMAD4+TP53	primary::APC+FBXW7+KRAS+SMAD4+TP53	same_stage_one_event	FBXW7	1	0.16482627643180314	0.009217679035688962	0.0015193157127961054
rule_a_one_step	primary::APC+FBXW7+SMAD4+TP53	primary::APC+FBXW7+KRAS+SMAD4+TP53	same_stage_one_event	KRAS	1	0.5969103684995163	0.00039391790750807534	0.00023513368332920363
rule_a_one_step	primary::APC+FBXW7+KRAS+TP53	primary::APC+FBXW7+KRAS+SMAD4+TP53	same_stage_one_event	SMAD4	1	0.12837344784992893	0.0068541715906405105	0.000879893639245554
rule_a_one_step	primary::APC+FBXW7+KRAS+SMAD4	primary::APC+FBXW7+KRAS+SMAD4+TP53	same_stage_one_event	TP53	1	0.20863006259791156	0.0002363507445048452	4.9309870621108855e-05
rule_a_one_step	primary::SOX9	primary::APC+SOX9	same_stage_one_event	APC	1	0.34473253602446935	0.00039391790750807534	0.00013579631924071116
rule_a_one_step	primary::APC	primary::APC+SOX9	same_stage_one_event	SOX9	1	0.015436223288946616	0.009611596943197038	0.00014836675657854621
rule_a_one_step	primary::PTEN+TP53	primary::BRAF+PTEN+TP53	same_stage_one_event	BRAF	1	0.10784318194332561	0.001102970141022611	0.00011894780959635693
rule_a_one_step	primary::BRAF+TP53	primary::BRAF+PTEN+TP53	same_stage_one_event	PTEN	1	0.08370417419082471	0.010163082013708344	0.0008506923871910807
rule_a_one_step	primary::BRAF+PTEN	primary::BRAF+PTEN+TP53	same_stage_one_event	TP53	1	0.05140138606852821	0.0010241865595209958	5.264460875213635e-05
rule_a_one_step	unknown::WT	unknown::TP53	same_stage_one_event	TP53	1	0.36377931452750495	0.06452375324982274	0.023472406727962386
rule_a_one_step	metastatic::ARID1A+KRAS+TP53	metastatic::APC+ARID1A+KRAS+TP53	same_stage_one_event	APC	1	0.3698887980727577	0.00039391790750807534	0.00014570582134749773
rule_a_one_step	metastatic::APC+KRAS+TP53	metastatic::APC+ARID1A+KRAS+TP53	same_stage_one_event	ARID1A	1	0.07663750398115846	0.03064681320412826	0.002348695268941199
rule_a_one_step	metastatic::APC+ARID1A+TP53	metastatic::APC+ARID1A+KRAS+TP53	same_stage_one_event	KRAS	1	0.2907953844802147	0.0025210746080516822	0.0007331168599516955
rule_a_one_step	metastatic::APC+ARID1A+KRAS	metastatic::APC+ARID1A+KRAS+TP53	same_stage_one_event	TP53	1	0.08322916270630071	0.0002363507445048452	1.967127457014907e-05
rule_a_one_step	metastatic::KRAS+PIK3CA+SMAD4	metastatic::APC+KRAS+PIK3CA+SMAD4	same_stage_one_event	APC	1	0.6722242030666763	0.0007090522335145356	0.00047664207260695554
rule_a_one_step	metastatic::APC+PIK3CA+SMAD4	metastatic::APC+KRAS+PIK3CA+SMAD4	same_stage_one_event	KRAS	1	0.1599249081680585	7.878358150161507e-05	1.2599457036796542e-05
rule_a_one_step	metastatic::APC+KRAS+SMAD4	metastatic::APC+KRAS+PIK3CA+SMAD4	same_stage_one_event	PIK3CA	1	0.266288014774808	0.0019695895375403767	0.0005244780878728592
rule_a_one_step	metastatic::APC+KRAS+PIK3CA	metastatic::APC+KRAS+PIK3CA+SMAD4	same_stage_one_event	SMAD4	1	0.08368763225261987	0.005751201449617899	0.00048130443192635704
rule_a_one_step	primary::APC+PIK3CA+TCF7L2	primary::APC+KRAS+PIK3CA+TCF7L2	same_stage_one_event	KRAS	1	0.1062725320122013	0.00015756716300323014	1.6745061374332516e-05
rule_a_one_step	primary::APC+KRAS+TCF7L2	primary::APC+KRAS+PIK3CA+TCF7L2	same_stage_one_event	PIK3CA	1	0.3027847077777575	0.0018120223745371465	0.0005486526651609882
rule_a_one_step	primary::APC+KRAS+PIK3CA	primary::APC+KRAS+PIK3CA+TCF7L2	same_stage_one_event	TCF7L2	1	0.1521931874723266	0.010478216339714803	0.0015947131437658109
rule_a_one_step	primary::PIK3CA+TCF7L2+TP53	primary::APC+PIK3CA+TCF7L2+TP53	same_stage_one_event	APC	1	0.5052118709517396	0.0002363507445048452	0.00011940720183212942
rule_a_one_step	primary::APC+TCF7L2+TP53	primary::APC+PIK3CA+TCF7L2+TP53	same_stage_one_event	PIK3CA	1	0.10106677390561838	0.005436067123611439	0.0005494057669178026
rule_a_one_step	primary::APC+PIK3CA+TP53	primary::APC+PIK3CA+TCF7L2+TP53	same_stage_one_event	TCF7L2	1	0.04593791456099106	0.008902544709682502	0.0004089643382487978
rule_a_one_step	primary::APC+PIK3CA+TCF7L2	primary::APC+PIK3CA+TCF7L2+TP53	same_stage_one_event	TP53	1	0.7126890377381201	0.00015756716300323014	0.0001122963897798976
rule_a_one_step	primary::RNF43+TP53	primary::KRAS+RNF43+TP53	same_stage_one_event	KRAS	1	0.20086541729143953	0.0015756716300323013	0.0003164979394807209
rule_a_one_step	primary::KRAS+TP53	primary::KRAS+RNF43+TP53	same_stage_one_event	RNF43	1	0.03200585711153609	0.014417395414795557	0.0004614410975664622
rule_a_one_step	primary::KRAS+RNF43	primary::KRAS+RNF43+TP53	same_stage_one_event	TP53	1	0.005970238073566304	0.00015756716300323014	9.407134757057125e-07
rule_a_one_step	metastatic::FBXW7+KRAS+PIK3CA+TP53	metastatic::APC+FBXW7+KRAS+PIK3CA+TP53	same_stage_one_event	APC	1	0.6180152938084611	0.0005514850705113054	0.00034082620788302434
rule_a_one_step	metastatic::APC+KRAS+PIK3CA+TP53	metastatic::APC+FBXW7+KRAS+PIK3CA+TP53	same_stage_one_event	FBXW7	1	0.22156670422728508	0.005436067123611439	0.001204451476536884
rule_a_one_step	metastatic::APC+FBXW7+PIK3CA+TP53	metastatic::APC+FBXW7+KRAS+PIK3CA+TP53	same_stage_one_event	KRAS	1	0.6246993483993802	0.0007878358150161507	0.000492160520286284
rule_a_one_step	metastatic::APC+FBXW7+KRAS+TP53	metastatic::APC+FBXW7+KRAS+PIK3CA+TP53	same_stage_one_event	PIK3CA	1	0.31410566482525754	0.003387694004569448	0.0010640938775298254
rule_a_one_step	metastatic::APC+FBXW7+KRAS+PIK3CA	metastatic::APC+FBXW7+KRAS+PIK3CA+TP53	same_stage_one_event	TP53	1	0.17445521274495943	0.00039391790750807534	6.872103235837054e-05
rule_a_one_step	metastatic::KRAS+TP53	metastatic::CTNNB1+KRAS+TP53	same_stage_one_event	CTNNB1	1	0.026060273312282944	0.013787126762782636	0.0003592962916292063
rule_a_one_step	metastatic::CTNNB1+TP53	metastatic::CTNNB1+KRAS+TP53	same_stage_one_event	KRAS	1	0.42897080678802313	0.001181753722524226	0.0005069378477759669
rule_a_one_step	metastatic::CTNNB1+KRAS	metastatic::CTNNB1+KRAS+TP53	same_stage_one_event	TP53	1	0.04922322185558679	0.0004727014890096904	2.3267890264990213e-05
rule_a_one_step	metastatic::TP53	metastatic::CTNNB1+TP53	same_stage_one_event	CTNNB1	1	0.014685950757227038	0.02087764909792799	0.00030660812657883594
rule_a_one_step	metastatic::CTNNB1	metastatic::CTNNB1+TP53	same_stage_one_event	TP53	1	0.46459221063083816	0.0002363507445048452	0.00010980671487375046
rule_a_one_step	metastatic::WT	metastatic::PIK3CA	same_stage_one_event	PIK3CA	1	0.05822256859048942	0.009926731269203497	0.0005779597922005567
rule_a_one_step	primary::BRAF	primary::APC+BRAF	same_stage_one_event	APC	1	0.1949605890168283	0.005120932797604979	0.0009983800745366612
rule_a_one_step	primary::APC	primary::APC+BRAF	same_stage_one_event	BRAF	1	0.0027010863620153098	0.009611596943197038	2.596175342045756e-05
rule_a_one_step	primary::FBXW7+PIK3CA+TP53	primary::APC+FBXW7+PIK3CA+TP53	same_stage_one_event	APC	1	0.29589508126882136	0.00039391790750807534	0.00011655837125534601
rule_a_one_step	primary::APC+PIK3CA+TP53	primary::APC+FBXW7+PIK3CA+TP53	same_stage_one_event	FBXW7	1	0.08184133036575147	0.008902544709682502	0.0007285961026809987
rule_a_one_step	primary::APC+FBXW7+TP53	primary::APC+FBXW7+PIK3CA+TP53	same_stage_one_event	PIK3CA	1	0.08802273203130925	0.007326873079650201	0.0006449313857174632
rule_a_one_step	primary::APC+FBXW7+PIK3CA	primary::APC+FBXW7+PIK3CA+TP53	same_stage_one_event	TP53	1	0.6976771296689155	0.0004727014890096904	0.0003297930180425032
rule_a_one_step	metastatic::KRAS+PTEN+TP53	metastatic::APC+KRAS+PTEN+TP53	same_stage_one_event	APC	1	0.4599735207193225	0.0010241865595209958	0.0004710986976562824
rule_a_one_step	metastatic::APC+PTEN+TP53	metastatic::APC+KRAS+PTEN+TP53	same_stage_one_event	KRAS	1	0.48879980456057337	0.00039391790750807534	0.00019254699620285725
rule_a_one_step	metastatic::APC+KRAS+TP53	metastatic::APC+KRAS+PTEN+TP53	same_stage_one_event	PTEN	1	0.030977051168362593	0.03064681320412826	0.0009493479007715315
rule_a_one_step	metastatic::APC+KRAS+PTEN	metastatic::APC+KRAS+PTEN+TP53	same_stage_one_event	TP53	1	0.05592452531635389	0.0004727014890096904	2.6435606389200612e-05
rule_a_one_step	metastatic::KRAS+TCF7L2	metastatic::APC+KRAS+TCF7L2	same_stage_one_event	APC	1	0.6956496764514158	0.00015756716300323014	0.00010961154596256455
rule_a_one_step	metastatic::APC+TCF7L2	metastatic::APC+KRAS+TCF7L2	same_stage_one_event	KRAS	1	0.046561493741831855	0.0003151343260064603	1.46731249481862e-05
rule_a_one_step	metastatic::APC+KRAS	metastatic::APC+KRAS+TCF7L2	same_stage_one_event	TCF7L2	1	0.08510557441771985	0.009454029780193808	0.0008045906350056237
rule_a_one_step	primary::APC+KRAS+SOX9+TP53	primary::APC+FBXW7+KRAS+SOX9+TP53	same_stage_one_event	FBXW7	1	0.1614314177742371	0.004648231308595289	0.000750370570289135
rule_a_one_step	primary::APC+FBXW7+SOX9+TP53	primary::APC+FBXW7+KRAS+SOX9+TP53	same_stage_one_event	KRAS	1	0.5001444124047664	0.0006302686520129206	0.00031522534461814633
rule_a_one_step	primary::APC+FBXW7+KRAS+TP53	primary::APC+FBXW7+KRAS+SOX9+TP53	same_stage_one_event	SOX9	1	0.1800153488182076	0.0068541715906405105	0.0012338560897490003
rule_a_one_step	primary::APC+FBXW7+KRAS+SOX9	primary::APC+FBXW7+KRAS+SOX9+TP53	same_stage_one_event	TP53	1	0.10183246120503142	0.00039391790750807534	4.0113630034283235e-05
rule_a_one_step	primary::APC+PIK3CA+TCF7L2+TP53	primary::APC+KRAS+PIK3CA+TCF7L2+TP53	same_stage_one_event	KRAS	1	0.5044693855407164	0.0012605373040258411	0.0006359024792130673
rule_a_one_step	primary::APC+KRAS+TCF7L2+TP53	primary::APC+KRAS+PIK3CA+TCF7L2+TP53	same_stage_one_event	PIK3CA	1	0.29463603449722303	0.004175529819585598	0.0012302615479676058
rule_a_one_step	primary::APC+KRAS+PIK3CA+TP53	primary::APC+KRAS+PIK3CA+TCF7L2+TP53	same_stage_one_event	TCF7L2	1	0.14570612783561213	0.012211455132750335	0.001779283842631362
rule_a_one_step	primary::APC+KRAS+PIK3CA+TCF7L2	primary::APC+KRAS+PIK3CA+TCF7L2+TP53	same_stage_one_event	TP53	1	0.16999611564011075	0.0012605373040258411	0.00021428644530385033
rule_a_one_step	primary::KRAS+PTEN	primary::APC+KRAS+PTEN	same_stage_one_event	APC	1	0.4900571491681093	0.0005514850705113054	0.00027025920146354405
rule_a_one_step	primary::APC+PTEN	primary::APC+KRAS+PTEN	same_stage_one_event	KRAS	1	0.16352747154323277	0.0002363507445048452	3.864983964623795e-05
rule_a_one_step	primary::APC+KRAS	primary::APC+KRAS+PTEN	same_stage_one_event	PTEN	1	0.01712768362204067	0.01693847002284724	0.0002901167555927475
rule_a_one_step	primary::PTEN+TP53	primary::APC+PTEN+TP53	same_stage_one_event	APC	1	0.26441244644353773	0.001102970141022611	0.0002916390333419624
rule_a_one_step	primary::APC+TP53	primary::APC+PTEN+TP53	same_stage_one_event	PTEN	1	0.01280562623972495	0.07389899944851493	0.0009463229664273224
rule_a_one_step	primary::APC+PTEN	primary::APC+PTEN+TP53	same_stage_one_event	TP53	1	0.48927222797153264	0.0002363507445048452	0.00011563985534661608
rule_a_one_step	primary::PIK3CA+SMAD4	primary::KRAS+PIK3CA+SMAD4	same_stage_one_event	KRAS	1	0.22035208777573628	0.0003151343260064603	6.944050666532303e-05
rule_a_one_step	primary::KRAS+SMAD4	primary::KRAS+PIK3CA+SMAD4	same_stage_one_event	PIK3CA	1	0.17743865807435624	0.0016544552115339162	0.0002935643125787033
rule_a_one_step	primary::KRAS+PIK3CA	primary::KRAS+PIK3CA+SMAD4	same_stage_one_event	SMAD4	1	0.0790405666451208	0.004727014890096904	0.0003736259354531827
rule_a_one_step	primary::TP53	primary::PTEN+TP53	same_stage_one_event	PTEN	1	0.025154298808884947	0.03222248483416056	0.0008105340118832383
rule_a_one_step	primary::PTEN	primary::PTEN+TP53	same_stage_one_event	TP53	1	0.08973202784762925	0.0006302686520129206	5.655528423391114e-05
rule_a_one_step	metastatic::PTEN+TP53	metastatic::KRAS+PTEN+TP53	same_stage_one_event	KRAS	1	0.3198004737959898	0.0005514850705113054	0.00017636518684093034
rule_a_one_step	metastatic::KRAS+TP53	metastatic::KRAS+PTEN+TP53	same_stage_one_event	PTEN	1	0.044589649204511736	0.013787126762782636	0.0006147631458906132
rule_a_one_step	metastatic::KRAS+PTEN	metastatic::KRAS+PTEN+TP53	same_stage_one_event	TP53	1	0.005267889213289721	0.0004727014890096904	2.4901390750601377e-06
rule_a_one_step	metastatic::TP53	metastatic::RNF43+TP53	same_stage_one_event	RNF43	1	0.031038005269982023	0.02087764909792799	0.0006480005827263244
rule_a_one_step	metastatic::RNF43	metastatic::RNF43+TP53	same_stage_one_event	TP53	1	0.10176085079974229	7.878358150161507e-05	8.017084282655187e-06
rule_a_one_step	metastatic::WT	metastatic::SMAD4	same_stage_one_event	SMAD4	1	0.0335060558859784	0.009926731269203497	0.0003326056126710217
rule_a_one_step	primary::ARID1A+KRAS+PIK3CA	primary::APC+ARID1A+KRAS+PIK3CA	same_stage_one_event	APC	1	0.4652452622734449	0.0002363507445048452	0.00010996106411568067
rule_a_one_step	primary::APC+KRAS+PIK3CA	primary::APC+ARID1A+KRAS+PIK3CA	same_stage_one_event	ARID1A	1	0.10459064409202828	0.010478216339714803	0.0010959233959063864
rule_a_one_step	primary::APC+ARID1A+KRAS	primary::APC+ARID1A+KRAS+PIK3CA	same_stage_one_event	PIK3CA	1	0.21914011920398152	0.0005514850705113054	0.00012085250409106362
rule_a_one_step	primary::APC+SMAD4+SOX9+TP53	primary::APC+KRAS+SMAD4+SOX9+TP53	same_stage_one_event	KRAS	1	0.5268284950382685	0.00039391790750807534	0.00020752717838110315
rule_a_one_step	primary::APC+KRAS+SOX9+TP53	primary::APC+KRAS+SMAD4+SOX9+TP53	same_stage_one_event	SMAD4	1	0.1937493450168131	0.004648231308595289	0.0009005917715269813
rule_a_one_step	primary::APC+KRAS+SMAD4+TP53	primary::APC+KRAS+SMAD4+SOX9+TP53	same_stage_one_event	SOX9	1	0.18856927198372736	0.009217679035688962	0.0017381710251395336
rule_a_one_step	primary::APC+KRAS+SMAD4+SOX9	primary::APC+KRAS+SMAD4+SOX9+TP53	same_stage_one_event	TP53	1	0.10164797925308981	0.0009454029780193808	9.609830229552334e-05
rule_a_one_step	primary::PTEN	primary::BRAF+PTEN	same_stage_one_event	BRAF	1	0.07910965874822436	0.0006302686520129206	4.986033798044551e-05
rule_a_one_step	primary::BRAF	primary::BRAF+PTEN	same_stage_one_event	PTEN	1	0.057519794968339845	0.005120932797604979	0.00029455500456488536
rule_a_one_step	primary::KRAS+TP53	primary::CTNNB1+KRAS+TP53	same_stage_one_event	CTNNB1	1	0.026060273312282944	0.014417395414795557	0.0003757212649608271
rule_a_one_step	primary::CTNNB1+TP53	primary::CTNNB1+KRAS+TP53	same_stage_one_event	KRAS	1	0.42897080678802313	0.002205940282045222	0.0009462839825151381
rule_a_one_step	primary::CTNNB1+KRAS	primary::CTNNB1+KRAS+TP53	same_stage_one_event	TP53	1	0.04922322185558679	0.0007090522335145356	3.4901835397485316e-05
rule_a_one_step	primary::WT	primary::FBXW7	same_stage_one_event	FBXW7	1	0.022035501387119145	0.01292050736626487	0.00028470985799161267
rule_a_one_step	primary::WT	primary::SMAD4	same_stage_one_event	SMAD4	1	0.0335060558859784	0.01292050736626487	0.00043291524188926635
rule_a_one_step	metastatic::BRAF+PIK3CA+TP53	metastatic::APC+BRAF+PIK3CA+TP53	same_stage_one_event	APC	1	0.2258544247152065	7.878358150161507e-05	1.7793620477050857e-05
rule_a_one_step	metastatic::APC+PIK3CA+TP53	metastatic::APC+BRAF+PIK3CA+TP53	same_stage_one_event	BRAF	1	0.022150034612840253	0.003860395493579138	8.550789380203044e-05
rule_a_one_step	metastatic::APC+BRAF+TP53	metastatic::APC+BRAF+PIK3CA+TP53	same_stage_one_event	PIK3CA	1	0.14068311309585158	0.0019695895375403767	0.0002770879876621988
rule_a_one_step	metastatic::APC+BRAF+PIK3CA	metastatic::APC+BRAF+PIK3CA+TP53	same_stage_one_event	TP53	1	0.5764007817486975	7.878358150161507e-05	4.5410917966493144e-05
rule_a_one_step	metastatic::FBXW7+KRAS	metastatic::APC+FBXW7+KRAS	same_stage_one_event	APC	1	0.5323976962284775	0.00039391790750807534	0.0002097209864604418
rule_a_one_step	metastatic::APC+KRAS	metastatic::APC+FBXW7+KRAS	same_stage_one_event	FBXW7	1	0.07829745188119228	0.009454029780193808	0.0007402264417980834
rule_a_one_step	metastatic::APC+FBXW7	metastatic::APC+FBXW7+KRAS	same_stage_one_event	KRAS	1	0.061409302191625346	7.878358150161507e-05	4.838044764171225e-06
rule_a_one_step	metastatic::KRAS+SOX9	metastatic::APC+KRAS+SOX9	same_stage_one_event	APC	1	0.5202046990411955	7.878358150161507e-05	4.098358930443516e-05
rule_a_one_step	metastatic::APC+SOX9	metastatic::APC+KRAS+SOX9	same_stage_one_event	KRAS	1	0.10023200569456288	0.00039391790750807534	3.94831819485397e-05
rule_a_one_step	metastatic::APC+KRAS	metastatic::APC+KRAS+SOX9	same_stage_one_event	SOX9	1	0.12168429642257333	0.009454029780193808	0.0011504069621609391
rule_a_one_step	metastatic::NRAS+SMAD4+TP53	metastatic::APC+NRAS+SMAD4+TP53	same_stage_one_event	APC	1	0.4590596790219436	0.0003151343260064603	0.0001446654625453222
rule_a_one_step	metastatic::APC+SMAD4+TP53	metastatic::APC+NRAS+SMAD4+TP53	same_stage_one_event	NRAS	1	0.05806083537748667	0.004411880564090444	0.0002561574711367883
rule_a_one_step	metastatic::APC+NRAS+TP53	metastatic::APC+NRAS+SMAD4+TP53	same_stage_one_event	SMAD4	1	0.11912756719399512	0.003624044749074293	0.000431723634359393
rule_a_one_step	metastatic::APC+NRAS+SMAD4	metastatic::APC+NRAS+SMAD4+TP53	same_stage_one_event	TP53	1	0.6524082216897148	0.00015756716300323014	0.0001027981126116308
rule_a_one_step	primary::APC+SMAD4+SOX9	primary::APC+KRAS+SMAD4+SOX9	same_stage_one_event	KRAS	1	0.13435883192731535	0.0002363507445048452	3.1755809956822346e-05
rule_a_one_step	primary::APC+KRAS+SOX9	primary::APC+KRAS+SMAD4+SOX9	same_stage_one_event	SMAD4	1	0.09999080971956623	0.0020483731190419916	0.00020481848678080217
rule_a_one_step	primary::APC+KRAS+SMAD4	primary::APC+KRAS+SMAD4+SOX9	same_stage_one_event	SOX9	1	0.1555795414519271	0.0034664775860710627	0.0005393129932943191
rule_a_one_step	primary::KRAS+PIK3CA	primary::CTNNB1+KRAS+PIK3CA	same_stage_one_event	CTNNB1	1	0.0374370123166771	0.004727014890096904	0.00017696531466167384
rule_a_one_step	primary::CTNNB1+PIK3CA	primary::CTNNB1+KRAS+PIK3CA	same_stage_one_event	KRAS	1	0.2470521673779376	7.878358150161507e-05	1.9463654563770394e-05
rule_a_one_step	primary::CTNNB1+KRAS	primary::CTNNB1+KRAS+PIK3CA	same_stage_one_event	PIK3CA	1	0.27931742512270163	0.0007090522335145356	0.00019805064414278064
rule_a_one_step	primary::KRAS+PIK3CA+TP53	primary::CTNNB1+KRAS+PIK3CA+TP53	same_stage_one_event	CTNNB1	1	0.03352465668917309	0.003860395493579138	0.0001294184336066715
rule_a_one_step	primary::CTNNB1+PIK3CA+TP53	primary::CTNNB1+KRAS+PIK3CA+TP53	same_stage_one_event	KRAS	1	0.4808682181854032	0.00015756716300323014	7.576904091789227e-05
rule_a_one_step	primary::CTNNB1+KRAS+TP53	primary::CTNNB1+KRAS+PIK3CA+TP53	same_stage_one_event	PIK3CA	1	0.21488191526283631	0.0010241865595209958	0.00022007916949632648
rule_a_one_step	primary::CTNNB1+KRAS+PIK3CA	primary::CTNNB1+KRAS+PIK3CA+TP53	same_stage_one_event	TP53	1	0.028864054056464382	0.0009454029780193808	2.7288162662693814e-05
rule_a_one_step	metastatic::CTNNB1+KRAS+TP53	metastatic::APC+CTNNB1+KRAS+TP53	same_stage_one_event	APC	1	0.2496535411271909	0.001181753722524226	0.0002950290015684128
rule_a_one_step	metastatic::APC+KRAS+TP53	metastatic::APC+CTNNB1+KRAS+TP53	same_stage_one_event	CTNNB1	1	0.03627558790531826	0.03064681320412826	0.0011117311664042232
rule_a_one_step	metastatic::APC+CTNNB1+TP53	metastatic::APC+CTNNB1+KRAS+TP53	same_stage_one_event	KRAS	1	0.517619451637625	0.0007878358150161507	0.0004077991425491413
rule_a_one_step	metastatic::APC+CTNNB1+KRAS	metastatic::APC+CTNNB1+KRAS+TP53	same_stage_one_event	TP53	1	0.278680348841092	0.0003151343260064603	8.782174390328276e-05
rule_a_one_step	metastatic::KRAS+PIK3CA+SMAD4+TP53	metastatic::APC+KRAS+PIK3CA+SMAD4+TP53	same_stage_one_event	APC	1	0.6356268188823112	0.0006302686520129206	0.00040061565832021507
rule_a_one_step	metastatic::APC+PIK3CA+SMAD4+TP53	metastatic::APC+KRAS+PIK3CA+SMAD4+TP53	same_stage_one_event	KRAS	1	0.6282492062855001	0.00015756716300323014	9.899144509343734e-05
rule_a_one_step	metastatic::APC+KRAS+SMAD4+TP53	metastatic::APC+KRAS+PIK3CA+SMAD4+TP53	same_stage_one_event	PIK3CA	1	0.2910669502574662	0.00606633577562436	0.0017657098534487432
rule_a_one_step	metastatic::APC+KRAS+PIK3CA+TP53	metastatic::APC+KRAS+PIK3CA+SMAD4+TP53	same_stage_one_event	SMAD4	1	0.16540442686418844	0.005436067123611439	0.0008991495669762074
rule_a_one_step	metastatic::APC+KRAS+PIK3CA+SMAD4	metastatic::APC+KRAS+PIK3CA+SMAD4+TP53	same_stage_one_event	TP53	1	0.15807004385279877	0.0012605373040258411	0.00019925318692545345
rule_a_one_step	metastatic::NRAS	metastatic::APC+NRAS	same_stage_one_event	APC	1	0.4008802963921234	0.0007878358150161507	0.0003158278550320046
rule_a_one_step	metastatic::APC	metastatic::APC+NRAS	same_stage_one_event	NRAS	1	0.005253260355593444	0.003781611912077523	1.986579193795677e-05
rule_a_one_step	metastatic::TP53	metastatic::FBXW7+TP53	same_stage_one_event	FBXW7	1	0.03269917661660178	0.02087764909792799	0.0006826819351925842
rule_a_one_step	metastatic::FBXW7	metastatic::FBXW7+TP53	same_stage_one_event	TP53	1	0.31357681795325254	0.0002363507445048452	7.411411438271154e-05
rule_a_one_step	metastatic::SMAD4	metastatic::KRAS+SMAD4	same_stage_one_event	KRAS	1	0.15900173675409326	0.0010241865595209958	0.00016284744172403784
rule_a_one_step	metastatic::KRAS	metastatic::KRAS+SMAD4	same_stage_one_event	SMAD4	1	0.08452082987705493	0.005120932797604979	0.00043282548979820147
rule_a_one_step	primary::APC+KRAS+PIK3CA+SOX9	primary::APC+FBXW7+KRAS+PIK3CA+SOX9	same_stage_one_event	FBXW7	1	0.22927803274816605	0.0020483731190419916	0.0004696469590681728
rule_a_one_step	primary::APC+FBXW7+PIK3CA+SOX9	primary::APC+FBXW7+KRAS+PIK3CA+SOX9	same_stage_one_event	KRAS	1	0.2247843190484436	7.878358150161507e-05	1.77093137200381e-05
rule_a_one_step	primary::APC+FBXW7+KRAS+SOX9	primary::APC+FBXW7+KRAS+PIK3CA+SOX9	same_stage_one_event	PIK3CA	1	0.423720627577184	0.00039391790750807534	0.0001669111429832128
rule_a_one_step	primary::APC+FBXW7+KRAS+PIK3CA	primary::APC+FBXW7+KRAS+PIK3CA+SOX9	same_stage_one_event	SOX9	1	0.24475887746319308	0.0027574253525565274	0.0006749043339802851
rule_a_one_step	primary::SMAD4	primary::APC+SMAD4	same_stage_one_event	APC	1	0.27448267535380827	0.0010241865595209958	0.0002811214669187353
rule_a_one_step	primary::APC	primary::APC+SMAD4	same_stage_one_event	SMAD4	1	0.0070042761562239	0.009611596943197038	6.732227929246954e-05
rule_a_one_step	primary::FBXW7+TP53	primary::BRAF+FBXW7+TP53	same_stage_one_event	BRAF	1	0.12012950505069493	0.002442291026550067	0.0002933912122092132
rule_a_one_step	primary::BRAF+TP53	primary::BRAF+FBXW7+TP53	same_stage_one_event	FBXW7	1	0.06714615057825686	0.010163082013708344	0.0006824118352316345
rule_a_one_step	primary::BRAF+FBXW7	primary::BRAF+FBXW7+TP53	same_stage_one_event	TP53	1	0.2018843919050452	0.0007878358150161507	0.00015905175443555125
rule_a_one_step	primary::SMAD4+TP53	primary::RNF43+SMAD4+TP53	same_stage_one_event	RNF43	1	0.029572734068169508	0.003781611912077523	0.0001118326034248906
rule_a_one_step	primary::RNF43+TP53	primary::RNF43+SMAD4+TP53	same_stage_one_event	SMAD4	1	0.07181142486222652	0.0015756716300323013	0.0001131512248676066
rule_a_one_step	unknown::TP53	unknown::APC+TP53	same_stage_one_event	APC	1	0.2626090281665842	0.001339320885527456	0.0003517177561515742
rule_a_one_step	unknown::APC	unknown::APC+TP53	same_stage_one_event	TP53	1	0.8538129054925895	0.0002363507445048452	0.00020179931588101856
rule_a_one_step	metastatic::CTNNB1+TP53	metastatic::APC+CTNNB1+TP53	same_stage_one_event	APC	1	0.12080990485212983	0.001181753722524226	0.000142767554776802
rule_a_one_step	metastatic::APC+TP53	metastatic::APC+CTNNB1+TP53	same_stage_one_event	CTNNB1	1	0.014980287552937597	0.046009611596943195	0.0006892372119211814
rule_a_one_step	metastatic::APC+CTNNB1	metastatic::APC+CTNNB1+TP53	same_stage_one_event	TP53	1	0.8599517549256687	7.878358150161507e-05	6.775007917164333e-05
rule_a_one_step	metastatic::FBXW7+PIK3CA+TP53	metastatic::APC+FBXW7+PIK3CA+TP53	same_stage_one_event	APC	1	0.29589508126882136	0.0002363507445048452	6.99350227532076e-05
rule_a_one_step	metastatic::APC+PIK3CA+TP53	metastatic::APC+FBXW7+PIK3CA+TP53	same_stage_one_event	FBXW7	1	0.08184133036575147	0.003860395493579138	0.0003159399029324685
rule_a_one_step	metastatic::APC+FBXW7+TP53	metastatic::APC+FBXW7+PIK3CA+TP53	same_stage_one_event	PIK3CA	1	0.08802273203130925	0.002442291026550067	0.00021497712857248774
rule_a_one_step	metastatic::APC+FBXW7+PIK3CA	metastatic::APC+FBXW7+PIK3CA+TP53	same_stage_one_event	TP53	1	0.6976771296689155	7.878358150161507e-05	5.496550300708387e-05
rule_a_one_step	metastatic::SMAD4+SOX9+TP53	metastatic::APC+SMAD4+SOX9+TP53	same_stage_one_event	APC	1	0.32620265725171266	7.878358150161507e-05	2.569941363363371e-05
rule_a_one_step	metastatic::APC+SOX9+TP53	metastatic::APC+SMAD4+SOX9+TP53	same_stage_one_event	SMAD4	1	0.07431869501463188	0.0033089104230678325	0.00024591390456271477
rule_a_one_step	metastatic::APC+SMAD4+TP53	metastatic::APC+SMAD4+SOX9+TP53	same_stage_one_event	SOX9	1	0.06607210010082923	0.004411880564090444	0.0002915022142634867
rule_a_one_step	metastatic::APC+SMAD4+SOX9	metastatic::APC+SMAD4+SOX9+TP53	same_stage_one_event	TP53	1	0.6238304987694129	7.878358150161507e-05	4.914760094299322e-05
rule_a_one_step	metastatic::WT	metastatic::NRAS	same_stage_one_event	NRAS	1	0.009884089141005376	0.009926731269203497	9.81166967436128e-05
rule_a_one_step	primary::APC+KRAS+PIK3CA+TP53	primary::APC+ARID1A+KRAS+PIK3CA+TP53	same_stage_one_event	ARID1A	1	0.11037160304749188	0.012211455132750335	0.0013477978785441773
rule_a_one_step	primary::APC+ARID1A+PIK3CA+TP53	primary::APC+ARID1A+KRAS+PIK3CA+TP53	same_stage_one_event	KRAS	1	0.32787886441023395	0.0005514850705113054	0.00018082029865844462
rule_a_one_step	primary::APC+ARID1A+KRAS+TP53	primary::APC+ARID1A+KRAS+PIK3CA+TP53	same_stage_one_event	PIK3CA	1	0.19442618158578812	0.0014181044670290711	0.00027571663661421145
rule_a_one_step	primary::APC+ARID1A+KRAS+PIK3CA	primary::APC+ARID1A+KRAS+PIK3CA+TP53	same_stage_one_event	TP53	1	0.044399585973246426	0.0010241865595209958	4.547345920209592e-05
rule_a_one_step	primary::BRAF+SMAD4+TP53	primary::APC+BRAF+SMAD4+TP53	same_stage_one_event	APC	1	0.24967665783288537	0.003387694004569448	0.0008458281168214032
rule_a_one_step	primary::APC+SMAD4+TP53	primary::APC+BRAF+SMAD4+TP53	same_stage_one_event	BRAF	1	0.022273482934181243	0.004569447727093673	0.00010177751596805421
rule_a_one_step	primary::APC+BRAF+TP53	primary::APC+BRAF+SMAD4+TP53	same_stage_one_event	SMAD4	1	0.11181061571994257	0.004411880564090444	0.0004932950823538
rule_a_one_step	primary::APC+BRAF+SMAD4	primary::APC+BRAF+SMAD4+TP53	same_stage_one_event	TP53	1	0.691276227651214	0.0003151343260064603	0.00021784486808515372
rule_a_one_step	primary::CTNNB1+KRAS+PIK3CA+TP53	primary::APC+CTNNB1+KRAS+PIK3CA+TP53	same_stage_one_event	APC	1	0.3189869641471669	0.0009454029780193808	0.000301571225854093
rule_a_one_step	primary::APC+KRAS+PIK3CA+TP53	primary::APC+CTNNB1+KRAS+PIK3CA+TP53	same_stage_one_event	CTNNB1	1	0.052351508234235886	0.012211455132750335	0.0006392880939341812
rule_a_one_step	primary::APC+CTNNB1+PIK3CA+TP53	primary::APC+CTNNB1+KRAS+PIK3CA+TP53	same_stage_one_event	KRAS	1	0.5712772666485878	0.00015756716300323014	9.00145381940578e-05
rule_a_one_step	primary::APC+CTNNB1+KRAS+TP53	primary::APC+CTNNB1+KRAS+PIK3CA+TP53	same_stage_one_event	PIK3CA	1	0.2606329714600543	0.0016544552115339162	0.0004312055779296573
rule_a_one_step	primary::APC+CTNNB1+KRAS+PIK3CA	primary::APC+CTNNB1+KRAS+PIK3CA+TP53	same_stage_one_event	TP53	1	0.18391432373831182	0.0002363507445048452	4.346828734065512e-05
rule_a_one_step	primary::NRAS	primary::APC+NRAS	same_stage_one_event	APC	1	0.4008802963921234	0.0003151343260064603	0.00012633114201280183
rule_a_one_step	primary::APC	primary::APC+NRAS	same_stage_one_event	NRAS	1	0.005253260355593444	0.009611596943197038	5.049222117564013e-05
rule_a_one_step	primary::FBXW7	primary::BRAF+FBXW7	same_stage_one_event	BRAF	1	0.06604585540708928	0.0010241865595209958	6.764327742000792e-05
rule_a_one_step	primary::BRAF	primary::BRAF+FBXW7	same_stage_one_event	FBXW7	1	0.047603771819557314	0.005120932797604979	0.00024377571640047473
rule_a_one_step	primary::KRAS+PIK3CA+TP53	primary::FBXW7+KRAS+PIK3CA+TP53	same_stage_one_event	FBXW7	1	0.07137782557595328	0.003860395493579138	0.0002755466361948878
rule_a_one_step	primary::FBXW7+PIK3CA+TP53	primary::FBXW7+KRAS+PIK3CA+TP53	same_stage_one_event	KRAS	1	0.3685078374959309	0.00039391790750807534	0.00014516183624672298
rule_a_one_step	primary::FBXW7+KRAS+TP53	primary::FBXW7+KRAS+PIK3CA+TP53	same_stage_one_event	PIK3CA	1	0.14846488278417153	0.0022847238635468367	0.00033920126059568063
rule_a_one_step	primary::FBXW7+KRAS+PIK3CA	primary::FBXW7+KRAS+PIK3CA+TP53	same_stage_one_event	TP53	1	0.012468722801751998	0.0005514850705113054	6.876314473510122e-06
rule_a_one_step	primary::PTEN+TP53	primary::KRAS+PTEN+TP53	same_stage_one_event	KRAS	1	0.3198004737959898	0.001102970141022611	0.0003527303736818607
rule_a_one_step	primary::KRAS+TP53	primary::KRAS+PTEN+TP53	same_stage_one_event	PTEN	1	0.044589649204511736	0.014417395414795557	0.0006428666039884699
rule_a_one_step	primary::KRAS+PTEN	primary::KRAS+PTEN+TP53	same_stage_one_event	TP53	1	0.005267889213289721	0.0005514850705113054	2.9051622542368273e-06
rule_a_one_step	metastatic::KRAS+SMAD4	metastatic::KRAS+PIK3CA+SMAD4	same_stage_one_event	PIK3CA	1	0.17743865807435624	0.0008666193965177657	0.00015377178277932078
rule_a_one_step	metastatic::KRAS+PIK3CA	metastatic::KRAS+PIK3CA+SMAD4	same_stage_one_event	SMAD4	1	0.0790405666451208	0.0022847238635468367	0.00018058586880237163
rule_a_one_step	metastatic::RNF43+TP53	metastatic::KRAS+RNF43+TP53	same_stage_one_event	KRAS	1	0.20086541729143953	0.0010241865595209958	0.00020572366066246858
rule_a_one_step	metastatic::KRAS+TP53	metastatic::KRAS+RNF43+TP53	same_stage_one_event	RNF43	1	0.03200585711153609	0.013787126762782636	0.0004412688091482562
rule_a_one_step	metastatic::KRAS+RNF43	metastatic::KRAS+RNF43+TP53	same_stage_one_event	TP53	1	0.005970238073566304	7.878358150161507e-05	4.7035673785285625e-07
rule_a_one_step	primary::NRAS+SMAD4+TP53	primary::APC+NRAS+SMAD4+TP53	same_stage_one_event	APC	1	0.4590596790219436	0.00015756716300323014	7.23327312726611e-05
rule_a_one_step	primary::APC+SMAD4+TP53	primary::APC+NRAS+SMAD4+TP53	same_stage_one_event	NRAS	1	0.05806083537748667	0.004569447727093673	0.0002653059522488164
rule_a_one_step	primary::APC+NRAS+TP53	primary::APC+NRAS+SMAD4+TP53	same_stage_one_event	SMAD4	1	0.11912756719399512	0.0044906641455920585	0.0005349618947496826
rule_a_one_step	primary::APC+NRAS+SMAD4	primary::APC+NRAS+SMAD4+TP53	same_stage_one_event	TP53	1	0.6524082216897148	0.0002363507445048452	0.00015419716891744618
rule_a_one_step	primary::TP53	primary::ARID1A+TP53	same_stage_one_event	ARID1A	1	0.014559669948729063	0.03222248483416056	0.00046914874411330555
rule_a_one_step	primary::ARID1A	primary::ARID1A+TP53	same_stage_one_event	TP53	1	0.18121210919774758	0.00015756716300323014	2.8553077948120634e-05
rule_a_one_step	primary::SMAD4	primary::BRAF+SMAD4	same_stage_one_event	BRAF	1	0.06693206359298952	0.0010241865595209958	6.855091993294444e-05
rule_a_one_step	primary::BRAF	primary::BRAF+SMAD4	same_stage_one_event	SMAD4	1	0.06747853408633886	0.005120932797604979	0.0003455530383370382
rule_a_one_step	primary::KRAS	primary::CTNNB1+KRAS	same_stage_one_event	CTNNB1	1	0.027461364638635972	0.008508626802174428	0.0002336585031885831
rule_a_one_step	primary::CTNNB1	primary::CTNNB1+KRAS	same_stage_one_event	KRAS	1	0.15161396361629806	0.00039391790750807534	5.97234552967376e-05
rule_a_one_step	primary::SMAD4+TP53	primary::PIK3CA+SMAD4+TP53	same_stage_one_event	PIK3CA	1	0.05084618627445689	0.003781611912077523	0.00019228054369919883
rule_a_one_step	primary::PIK3CA+TP53	primary::PIK3CA+SMAD4+TP53	same_stage_one_event	SMAD4	1	0.052931993830383654	0.002914992515559757	0.00015429636584922358
rule_a_one_step	primary::PIK3CA+SMAD4	primary::PIK3CA+SMAD4+TP53	same_stage_one_event	TP53	1	0.1548045866019682	0.0003151343260064603	4.8784239061519955e-05
rule_a_one_step	primary::TP53	primary::SOX9+TP53	same_stage_one_event	SOX9	1	0.015218719719951604	0.03222248483416056	0.0004903849653714808
rule_a_one_step	primary::SOX9	primary::SOX9+TP53	same_stage_one_event	TP53	1	0.1507717728810153	0.00039391790750807534	5.939170128457232e-05
rule_a_one_step	metastatic::BRAF+SMAD4+TP53	metastatic::APC+BRAF+SMAD4+TP53	same_stage_one_event	APC	1	0.24967665783288537	0.0014181044670290711	0.00035406758378570365
rule_a_one_step	metastatic::APC+SMAD4+TP53	metastatic::APC+BRAF+SMAD4+TP53	same_stage_one_event	BRAF	1	0.022273482934181243	0.004411880564090444	9.826794645191441e-05
rule_a_one_step	metastatic::APC+BRAF+TP53	metastatic::APC+BRAF+SMAD4+TP53	same_stage_one_event	SMAD4	1	0.11181061571994257	0.0019695895375403767	0.00022022101890794646
rule_a_one_step	metastatic::APC+BRAF+SMAD4	metastatic::APC+BRAF+SMAD4+TP53	same_stage_one_event	TP53	1	0.691276227651214	7.878358150161507e-05	5.446121702128843e-05
rule_a_one_step	metastatic::APC+TCF7L2+TP53	metastatic::APC+PIK3CA+TCF7L2+TP53	same_stage_one_event	PIK3CA	1	0.10106677390561838	0.0033089104230678325	0.0003344209016021407
rule_a_one_step	metastatic::APC+PIK3CA+TP53	metastatic::APC+PIK3CA+TCF7L2+TP53	same_stage_one_event	TCF7L2	1	0.04593791456099106	0.003860395493579138	0.00017733851835567336
rule_a_one_step	metastatic::KRAS+TP53	metastatic::FBXW7+KRAS+TP53	same_stage_one_event	FBXW7	1	0.049605201654980814	0.013787126762782636	0.0006839132033106155
rule_a_one_step	metastatic::FBXW7+TP53	metastatic::FBXW7+KRAS+TP53	same_stage_one_event	KRAS	1	0.3288628069028635	0.0008666193965177657	0.0002849988872552981
rule_a_one_step	metastatic::FBXW7+KRAS	metastatic::FBXW7+KRAS+TP53	same_stage_one_event	TP53	1	0.02419674160275073	0.00039391790750807534	9.53152982066916e-06
rule_a_one_step	metastatic::PIK3CA+SMAD4+TP53	metastatic::KRAS+PIK3CA+SMAD4+TP53	same_stage_one_event	KRAS	1	0.4040762080842836	0.00015756716300323014	6.366914174494345e-05
rule_a_one_step	metastatic::KRAS+SMAD4+TP53	metastatic::KRAS+PIK3CA+SMAD4+TP53	same_stage_one_event	PIK3CA	1	0.14331143353225617	0.0032301268415662176	0.00046291410815587356
rule_a_one_step	metastatic::KRAS+PIK3CA+TP53	metastatic::KRAS+PIK3CA+SMAD4+TP53	same_stage_one_event	SMAD4	1	0.13107821817941778	0.002599858189553297	0.0003407847790058132
rule_a_one_step	metastatic::KRAS+PIK3CA+SMAD4	metastatic::KRAS+PIK3CA+SMAD4+TP53	same_stage_one_event	TP53	1	0.012015578128194693	0.0007090522335145356	8.51967250876485e-06
rule_a_one_step	primary::APC+SOX9+TP53	primary::APC+ARID1A+SOX9+TP53	same_stage_one_event	ARID1A	1	0.06516648601113939	0.0050421492161033645	0.00032857914635727733
rule_a_one_step	primary::APC+ARID1A+TP53	primary::APC+ARID1A+SOX9+TP53	same_stage_one_event	SOX9	1	0.14783121059834475	0.003939179075080753	0.0005823336114328557
rule_a_one_step	primary::APC+ARID1A+SOX9	primary::APC+ARID1A+SOX9+TP53	same_stage_one_event	TP53	1	0.41920138325547346	7.878358150161507e-05	3.3026186343297365e-05
rule_a_one_step	primary::BRAF+FBXW7+TP53	primary::APC+BRAF+FBXW7+TP53	same_stage_one_event	APC	1	0.2350383128272031	0.0008666193965177657	0.00020368876082086458
rule_a_one_step	primary::APC+FBXW7+TP53	primary::APC+BRAF+FBXW7+TP53	same_stage_one_event	BRAF	1	0.02454128687682819	0.007326873079650201	0.0001798108941578052
rule_a_one_step	primary::APC+BRAF+TP53	primary::APC+BRAF+FBXW7+TP53	same_stage_one_event	FBXW7	1	0.13918122570834673	0.004411880564090444	0.0006140509445889402
rule_a_one_step	primary::BRAF+PIK3CA	primary::APC+BRAF+PIK3CA	same_stage_one_event	APC	1	0.2565199978987571	0.0016544552115339162	0.00042440084738626794
rule_a_one_step	primary::APC+PIK3CA	primary::APC+BRAF+PIK3CA	same_stage_one_event	BRAF	1	0.006060630051982508	0.0018120223745371465	1.0981997257984532e-05
rule_a_one_step	primary::APC+BRAF	primary::APC+BRAF+PIK3CA	same_stage_one_event	PIK3CA	1	0.05413127524259531	0.001181753722524226	6.396983602292049e-05
rule_a_one_step	primary::CTNNB1+KRAS	primary::APC+CTNNB1+KRAS	same_stage_one_event	APC	1	0.25980149008893033	0.0007090522335145356	0.00018421282681796054
rule_a_one_step	primary::APC+KRAS	primary::APC+CTNNB1+KRAS	same_stage_one_event	CTNNB1	1	0.027487654624258607	0.01693847002284724	0.00046559881385138267
rule_a_one_step	primary::APC+CTNNB1	primary::APC+CTNNB1+KRAS	same_stage_one_event	KRAS	1	0.0478744431468183	0.0003151343260064603	1.5086880374007188e-05
rule_a_one_step	primary::FBXW7	primary::APC+FBXW7	same_stage_one_event	APC	1	0.2744210785297743	0.0010241865595209958	0.00028105838027945055
rule_a_one_step	primary::APC	primary::APC+FBXW7	same_stage_one_event	FBXW7	1	0.011331501827560434	0.009611596943197038	0.00010891382832761152
rule_a_one_step	primary::FBXW7+NRAS+TP53	primary::APC+FBXW7+NRAS+TP53	same_stage_one_event	APC	1	0.44528798278270304	7.878358150161507e-05	3.5081382083250853e-05
rule_a_one_step	primary::APC+NRAS+TP53	primary::APC+FBXW7+NRAS+TP53	same_stage_one_event	FBXW7	1	0.13453445992682544	0.0044906641455920585	0.0006041490755399866
rule_a_one_step	primary::APC+FBXW7+TP53	primary::APC+FBXW7+NRAS+TP53	same_stage_one_event	NRAS	1	0.05080393638394671	0.007326873079650201	0.0003722339938318005
rule_a_one_step	primary::APC+FBXW7+NRAS	primary::APC+FBXW7+NRAS+TP53	same_stage_one_event	TP53	1	0.6663604440398252	0.00015756716300323014	0.00010499652470492795
rule_a_one_step	primary::FBXW7+SOX9+TP53	primary::APC+FBXW7+SOX9+TP53	same_stage_one_event	APC	1	0.3329929521017373	0.00015756716300323014	5.2468754762741245e-05
rule_a_one_step	primary::APC+SOX9+TP53	primary::APC+FBXW7+SOX9+TP53	same_stage_one_event	FBXW7	1	0.0874688750145815	0.0050421492161033645	0.0004410311195882153
rule_a_one_step	primary::APC+FBXW7+TP53	primary::APC+FBXW7+SOX9+TP53	same_stage_one_event	SOX9	1	0.07313413617781288	0.007326873079650201	0.000535844533564689
rule_a_one_step	primary::APC+FBXW7+SOX9	primary::APC+FBXW7+SOX9+TP53	same_stage_one_event	TP53	1	0.6506528918569006	7.878358150161507e-05	5.126076513486966e-05
rule_a_one_step	primary::KRAS+PIK3CA+PTEN	primary::APC+KRAS+PIK3CA+PTEN	same_stage_one_event	APC	1	0.6124538605426969	0.0004727014890096904	0.0002895078518282661
rule_a_one_step	primary::APC+PIK3CA+PTEN	primary::APC+KRAS+PIK3CA+PTEN	same_stage_one_event	KRAS	1	0.2701433756859154	0.0005514850705113054	0.00014898003858830914
rule_a_one_step	primary::APC+KRAS+PTEN	primary::APC+KRAS+PIK3CA+PTEN	same_stage_one_event	PIK3CA	1	0.32151008324495284	0.001102970141022611	0.000354616021856877
rule_a_one_step	primary::APC+KRAS+PIK3CA	primary::APC+KRAS+PIK3CA+PTEN	same_stage_one_event	PTEN	1	0.030752526859541825	0.010478216339714803	0.00032223162942716954
rule_a_one_step	primary::APC+PIK3CA+SMAD4+TCF7L2	primary::APC+KRAS+PIK3CA+SMAD4+TCF7L2	same_stage_one_event	KRAS	1	0.14114448778985755	7.878358150161507e-05	1.1119868257295955e-05
rule_a_one_step	primary::APC+KRAS+SMAD4+TCF7L2	primary::APC+KRAS+PIK3CA+SMAD4+TCF7L2	same_stage_one_event	PIK3CA	1	0.3399368517137959	0.0002363507445048452	8.034432798718882e-05
rule_a_one_step	primary::APC+KRAS+PIK3CA+TCF7L2	primary::APC+KRAS+PIK3CA+SMAD4+TCF7L2	same_stage_one_event	SMAD4	1	0.11607040034709643	0.0012605373040258411	0.00014631106953072898
rule_a_one_step	primary::APC+KRAS+PIK3CA+SMAD4	primary::APC+KRAS+PIK3CA+SMAD4+TCF7L2	same_stage_one_event	TCF7L2	1	0.13804306207402056	0.002442291026550067	0.00033714133178087426
rule_a_one_step	primary::APC+SMAD4+TCF7L2+TP53	primary::APC+KRAS+SMAD4+TCF7L2+TP53	same_stage_one_event	KRAS	1	0.49398716945211957	0.0006302686520129206	0.0003113446274022656
rule_a_one_step	primary::APC+KRAS+TCF7L2+TP53	primary::APC+KRAS+SMAD4+TCF7L2+TP53	same_stage_one_event	SMAD4	1	0.1968307181290605	0.004175529819585598	0.0008218725329583396
rule_a_one_step	primary::APC+KRAS+SMAD4+TP53	primary::APC+KRAS+SMAD4+TCF7L2+TP53	same_stage_one_event	TCF7L2	1	0.0958605853855601	0.009217679035688962	0.0008836121082573489
rule_a_one_step	primary::APC+KRAS+SMAD4+TCF7L2	primary::APC+KRAS+SMAD4+TCF7L2+TP53	same_stage_one_event	TP53	1	0.2066024796177079	0.0002363507445048452	4.883064987419237e-05
rule_a_one_step	primary::NRAS+PIK3CA	primary::APC+NRAS+PIK3CA	same_stage_one_event	APC	1	0.4876562488315837	0.00015756716300323014	7.683861164918991e-05
rule_a_one_step	primary::APC+PIK3CA	primary::APC+NRAS+PIK3CA	same_stage_one_event	NRAS	1	0.011937595488329658	0.0018120223745371465	2.1631190123027033e-05
rule_a_one_step	primary::APC+NRAS	primary::APC+NRAS+PIK3CA	same_stage_one_event	PIK3CA	1	0.06594045854115516	0.0007878358150161507	5.195025489730967e-05
rule_a_one_step	primary::NRAS+PIK3CA+TP53	primary::APC+NRAS+PIK3CA+TP53	same_stage_one_event	APC	1	0.43259232849224766	0.0005514850705113054	0.000238568210781197
rule_a_one_step	primary::APC+PIK3CA+TP53	primary::APC+NRAS+PIK3CA+TP53	same_stage_one_event	NRAS	1	0.05834550749557742	0.008902544709682502	0.0005194234890884935
rule_a_one_step	primary::APC+NRAS+TP53	primary::APC+NRAS+PIK3CA+TP53	same_stage_one_event	PIK3CA	1	0.15147038517697556	0.0044906641455920585	0.0006802026278332629
rule_a_one_step	primary::APC+NRAS+PIK3CA	primary::APC+NRAS+PIK3CA+TP53	same_stage_one_event	TP53	1	0.5362307129847457	0.0006302686520129206	0.000337969408640823
rule_a_one_step	primary::APC+TCF7L2+TP53	primary::APC+NRAS+TCF7L2+TP53	same_stage_one_event	NRAS	1	0.07362045102122562	0.005436067123611439	0.0004002057134219308
rule_a_one_step	primary::APC+NRAS+TP53	primary::APC+NRAS+TCF7L2+TP53	same_stage_one_event	TCF7L2	1	0.08647756419524984	0.0044906641455920585	0.000388341696929744
rule_a_one_step	primary::SMAD4+TCF7L2+TP53	primary::APC+SMAD4+TCF7L2+TP53	same_stage_one_event	APC	1	0.5270497946872009	0.00015756716300323014	8.304574091029716e-05
rule_a_one_step	primary::APC+TCF7L2+TP53	primary::APC+SMAD4+TCF7L2+TP53	same_stage_one_event	SMAD4	1	0.07905559725227948	0.005436067123611439	0.0004297515331605833
rule_a_one_step	primary::APC+SMAD4+TP53	primary::APC+SMAD4+TCF7L2+TP53	same_stage_one_event	TCF7L2	1	0.032707388332186116	0.004569447727093673	0.00014945470127367797
rule_a_one_step	primary::APC	primary::APC+TCF7L2	same_stage_one_event	TCF7L2	1	0.010512914393327973	0.009611596943197038	0.00010104589584700329
rule_a_one_step	primary::RNF43+SMAD4+TP53	primary::BRAF+RNF43+SMAD4+TP53	same_stage_one_event	BRAF	1	0.15816009891480784	0.0008666193965177657	0.00013706460947474089
rule_a_one_step	primary::BRAF+SMAD4+TP53	primary::BRAF+RNF43+SMAD4+TP53	same_stage_one_event	RNF43	1	0.24056203611292226	0.003387694004569448	0.0008149505674667657
rule_a_one_step	primary::BRAF+RNF43+TP53	primary::BRAF+RNF43+SMAD4+TP53	same_stage_one_event	SMAD4	1	0.11702439978982072	0.0030725596785629874	0.0003595644522022381
rule_a_one_step	primary::BRAF+RNF43+SMAD4	primary::BRAF+RNF43+SMAD4+TP53	same_stage_one_event	TP53	1	0.039137065609278966	0.0003151343260064603	1.2333432792650742e-05
rule_a_one_step	primary::KRAS	primary::FBXW7+KRAS	same_stage_one_event	FBXW7	1	0.03935099635184999	0.008508626802174428	0.000334822942251619
rule_a_one_step	primary::FBXW7	primary::FBXW7+KRAS	same_stage_one_event	KRAS	1	0.13549397644390457	0.0010241865595209958	0.00013877110956990145
rule_a_one_step	primary::WT	primary::PTEN	same_stage_one_event	PTEN	1	0.016430406328008778	0.01292050736626487	0.00021228918599176236
rule_a_one_step	unknown::KRAS+TP53	unknown::APC+KRAS+TP53	same_stage_one_event	APC	1	0.4687621732393271	0.0003151343260064603	0.00014772305152109893
rule_a_one_step	unknown::APC+TP53	unknown::APC+KRAS+TP53	same_stage_one_event	KRAS	1	0.531573612075783	0.0008666193965177657	0.00046067200290188394
rule_a_one_step	unknown::APC+KRAS	unknown::APC+KRAS+TP53	same_stage_one_event	TP53	1	0.27610203758057206	0.0002363507445048452	6.525692214147295e-05
rule_a_one_step	metastatic::KRAS+PIK3CA+SMAD4+SOX9	metastatic::APC+KRAS+PIK3CA+SMAD4+SOX9	same_stage_one_event	APC	1	0.7050749984365086	7.878358150161507e-05	5.554833360407379e-05
rule_a_one_step	metastatic::APC+KRAS+SMAD4+SOX9	metastatic::APC+KRAS+PIK3CA+SMAD4+SOX9	same_stage_one_event	PIK3CA	1	0.3937254419430134	0.0005514850705113054	0.00021713370311203764
rule_a_one_step	metastatic::APC+KRAS+PIK3CA+SOX9	metastatic::APC+KRAS+PIK3CA+SMAD4+SOX9	same_stage_one_event	SMAD4	1	0.12105101644813603	0.0005514850705113054	6.67578283413655e-05
rule_a_one_step	metastatic::APC+KRAS+PIK3CA+SMAD4	metastatic::APC+KRAS+PIK3CA+SMAD4+SOX9	same_stage_one_event	SOX9	1	0.23337251180534496	0.0012605373040258411	0.0002941747568648483
rule_a_one_step	metastatic::KRAS+PIK3CA+SOX9	metastatic::APC+KRAS+PIK3CA+SOX9	same_stage_one_event	APC	1	0.6359114553347446	7.878358150161507e-05	5.00993819691755e-05
rule_a_one_step	metastatic::APC+PIK3CA+SOX9	metastatic::APC+KRAS+PIK3CA+SOX9	same_stage_one_event	KRAS	1	0.19540799519963728	0.0002363507445048452	4.6184825147633486e-05
rule_a_one_step	metastatic::APC+KRAS+SOX9	metastatic::APC+KRAS+PIK3CA+SOX9	same_stage_one_event	PIK3CA	1	0.34333491658798965	0.0009454029780193808	0.0003245898526003211
rule_a_one_step	metastatic::APC+KRAS+PIK3CA	metastatic::APC+KRAS+PIK3CA+SOX9	same_stage_one_event	SOX9	1	0.18523148383095248	0.005751201449617899	0.0010653035783234485
rule_a_one_step	metastatic::KRAS+SMAD4+SOX9	metastatic::APC+KRAS+SMAD4+SOX9	same_stage_one_event	APC	1	0.5898174245397021	0.0002363507445048452	0.00013940378741188894
rule_a_one_step	metastatic::APC+SMAD4+SOX9	metastatic::APC+KRAS+SMAD4+SOX9	same_stage_one_event	KRAS	1	0.13435883192731535	7.878358150161507e-05	1.058526998560745e-05
rule_a_one_step	metastatic::APC+KRAS+SOX9	metastatic::APC+KRAS+SMAD4+SOX9	same_stage_one_event	SMAD4	1	0.09999080971956623	0.0009454029780193808	9.453160928344716e-05
rule_a_one_step	metastatic::APC+KRAS+SMAD4	metastatic::APC+KRAS+SMAD4+SOX9	same_stage_one_event	SOX9	1	0.1555795414519271	0.0019695895375403767	0.00030642783709904493
rule_a_one_step	metastatic::APC+SMAD4+TCF7L2+TP53	metastatic::APC+KRAS+SMAD4+TCF7L2+TP53	same_stage_one_event	KRAS	1	0.49398716945211957	0.0003151343260064603	0.0001556723137011328
rule_a_one_step	metastatic::APC+KRAS+TCF7L2+TP53	metastatic::APC+KRAS+SMAD4+TCF7L2+TP53	same_stage_one_event	SMAD4	1	0.1968307181290605	0.0025210746080516822	0.0004962249255597523
rule_a_one_step	metastatic::APC+KRAS+SMAD4+TP53	metastatic::APC+KRAS+SMAD4+TCF7L2+TP53	same_stage_one_event	TCF7L2	1	0.0958605853855601	0.00606633577562436	0.0005815224985967169
rule_a_one_step	metastatic::APC+KRAS+SMAD4+TCF7L2	metastatic::APC+KRAS+SMAD4+TCF7L2+TP53	same_stage_one_event	TP53	1	0.2066024796177079	0.00015756716300323014	3.2553766582794914e-05
rule_a_one_step	metastatic::NRAS+PIK3CA+TP53	metastatic::APC+NRAS+PIK3CA+TP53	same_stage_one_event	APC	1	0.43259232849224766	0.00039391790750807534	0.00017040586484371215
rule_a_one_step	metastatic::APC+PIK3CA+TP53	metastatic::APC+NRAS+PIK3CA+TP53	same_stage_one_event	NRAS	1	0.05834550749557742	0.003860395493579138	0.0002252367342065149
rule_a_one_step	metastatic::APC+NRAS+TP53	metastatic::APC+NRAS+PIK3CA+TP53	same_stage_one_event	PIK3CA	1	0.15147038517697556	0.003624044749074293	0.0005489354540408789
rule_a_one_step	metastatic::APC+NRAS+PIK3CA	metastatic::APC+NRAS+PIK3CA+TP53	same_stage_one_event	TP53	1	0.5362307129847457	0.0002363507445048452	0.0001267385282403086
rule_a_one_step	metastatic::SMAD4	metastatic::BRAF+SMAD4	same_stage_one_event	BRAF	1	0.06693206359298952	0.0010241865595209958	6.855091993294444e-05
rule_a_one_step	metastatic::BRAF	metastatic::BRAF+SMAD4	same_stage_one_event	SMAD4	1	0.06747853408633886	0.002205940282045222	0.00014885361651441646
rule_a_one_step	metastatic::KRAS+PIK3CA+TP53	metastatic::FBXW7+KRAS+PIK3CA+TP53	same_stage_one_event	FBXW7	1	0.07137782557595328	0.002599858189553297	0.0001855722243761489
rule_a_one_step	metastatic::FBXW7+PIK3CA+TP53	metastatic::FBXW7+KRAS+PIK3CA+TP53	same_stage_one_event	KRAS	1	0.3685078374959309	0.0002363507445048452	8.709710174803378e-05
rule_a_one_step	metastatic::FBXW7+KRAS+TP53	metastatic::FBXW7+KRAS+PIK3CA+TP53	same_stage_one_event	PIK3CA	1	0.14846488278417153	0.0006302686520129206	9.357276154363605e-05
rule_a_one_step	metastatic::FBXW7+KRAS+PIK3CA	metastatic::FBXW7+KRAS+PIK3CA+TP53	same_stage_one_event	TP53	1	0.012468722801751998	0.0003151343260064603	3.929322556291499e-06
rule_a_one_step	metastatic::TP53	metastatic::PTEN+TP53	same_stage_one_event	PTEN	1	0.025154298808884947	0.02087764909792799	0.0005251626238363279
rule_a_one_step	metastatic::PTEN	metastatic::PTEN+TP53	same_stage_one_event	TP53	1	0.08973202784762925	0.00015756716300323014	1.4138821058477784e-05
rule_a_one_step	metastatic::TP53	metastatic::SOX9+TP53	same_stage_one_event	SOX9	1	0.015218719719951604	0.02087764909792799	0.0003177310900328665
rule_a_one_step	metastatic::SOX9	metastatic::SOX9+TP53	same_stage_one_event	TP53	1	0.1507717728810153	0.00039391790750807534	5.939170128457232e-05
rule_a_one_step	primary::ARID1A+FBXW7+TP53	primary::APC+ARID1A+FBXW7+TP53	same_stage_one_event	APC	1	0.27421695280743874	7.878358150161507e-05	2.1603793650629384e-05
rule_a_one_step	primary::APC+FBXW7+TP53	primary::APC+ARID1A+FBXW7+TP53	same_stage_one_event	ARID1A	1	0.06041485039914645	0.007326873079650201	0.0004426519410006003
rule_a_one_step	primary::APC+ARID1A+TP53	primary::APC+ARID1A+FBXW7+TP53	same_stage_one_event	FBXW7	1	0.10308467821075296	0.003939179075080753	0.00040606900736923094
rule_a_one_step	primary::APC+ARID1A+FBXW7	primary::APC+ARID1A+FBXW7+TP53	same_stage_one_event	TP53	1	0.6145350930043139	0.00015756716300323014	9.683055117061592e-05
rule_a_one_step	primary::ARID1A+KRAS	primary::APC+ARID1A+KRAS	same_stage_one_event	APC	1	0.38504457586967283	0.0002363507445048452	9.100557217434953e-05
rule_a_one_step	primary::APC+KRAS	primary::APC+ARID1A+KRAS	same_stage_one_event	ARID1A	1	0.05873116091565022	0.01693847002284724	0.0009948160085767586
rule_a_one_step	primary::APC+ARID1A	primary::APC+ARID1A+KRAS	same_stage_one_event	KRAS	1	0.05480798926708013	0.0003151343260064603	1.7271878757450607e-05
rule_a_one_step	primary::ARID1A+KRAS+SMAD4+TP53	primary::APC+ARID1A+KRAS+SMAD4+TP53	same_stage_one_event	APC	1	0.4233811688771315	7.878358150161507e-05	3.3355484824480545e-05
rule_a_one_step	primary::APC+KRAS+SMAD4+TP53	primary::APC+ARID1A+KRAS+SMAD4+TP53	same_stage_one_event	ARID1A	1	0.10074709276200798	0.009217679035688962	0.0009286543648589721
rule_a_one_step	primary::APC+ARID1A+SMAD4+TP53	primary::APC+ARID1A+KRAS+SMAD4+TP53	same_stage_one_event	KRAS	1	0.3263451575243283	0.00039391790750807534	0.00012855320157737664
rule_a_one_step	primary::APC+ARID1A+KRAS+TP53	primary::APC+ARID1A+KRAS+SMAD4+TP53	same_stage_one_event	SMAD4	1	0.07501635177878799	0.0014181044670290711	0.00010638102355772345
rule_a_one_step	primary::APC+ARID1A+KRAS+SMAD4	primary::APC+ARID1A+KRAS+SMAD4+TP53	same_stage_one_event	TP53	1	0.06846743545585857	0.00015756716300323014	1.0788219562886405e-05
rule_a_one_step	primary::ARID1A+PIK3CA+TP53	primary::APC+ARID1A+PIK3CA+TP53	same_stage_one_event	APC	1	0.25306502396345315	7.878358150161507e-05	1.9937368940632882e-05
rule_a_one_step	primary::APC+PIK3CA+TP53	primary::APC+ARID1A+PIK3CA+TP53	same_stage_one_event	ARID1A	1	0.05519783265427547	0.008902544709682502	0.0004914011730822601
rule_a_one_step	primary::APC+ARID1A+TP53	primary::APC+ARID1A+PIK3CA+TP53	same_stage_one_event	PIK3CA	1	0.09082854799418232	0.003939179075080753	0.0003577899156786509
rule_a_one_step	primary::BRAF+KRAS	primary::APC+BRAF+KRAS	same_stage_one_event	APC	1	0.2694251732506734	7.878358150161507e-05	2.1226280095381188e-05
rule_a_one_step	primary::APC+KRAS	primary::APC+BRAF+KRAS	same_stage_one_event	BRAF	1	0.002952345717872411	0.01693847002284724	5.000821943926325e-05
rule_a_one_step	primary::APC+BRAF	primary::APC+BRAF+KRAS	same_stage_one_event	KRAS	1	0.012535034155181188	0.001181753722524226	1.4813323274853686e-05
rule_a_one_step	primary::FBXW7+KRAS+PIK3CA+SMAD4+TP53	primary::APC+FBXW7+KRAS+PIK3CA+SMAD4+TP53	same_stage_one_event	APC	1	0.6870225916127002	0.0003151343260064603	0.00021650440135907988
rule_a_one_step	primary::APC+KRAS+PIK3CA+SMAD4+TP53	primary::APC+FBXW7+KRAS+PIK3CA+SMAD4+TP53	same_stage_one_event	FBXW7	1	0.26351339044255173	0.0017332387930355314	0.0004567316307993491
rule_a_one_step	primary::APC+FBXW7+PIK3CA+SMAD4+TP53	primary::APC+FBXW7+KRAS+PIK3CA+SMAD4+TP53	same_stage_one_event	KRAS	1	0.6602616776376617	0.00015756716300323014	0.00010403555938511963
rule_a_one_step	primary::APC+FBXW7+KRAS+SMAD4+TP53	primary::APC+FBXW7+KRAS+PIK3CA+SMAD4+TP53	same_stage_one_event	PIK3CA	1	0.3510990916210563	0.001339320885527456	0.0004702343462977985
rule_a_one_step	primary::APC+FBXW7+KRAS+PIK3CA+TP53	primary::APC+FBXW7+KRAS+PIK3CA+SMAD4+TP53	same_stage_one_event	SMAD4	1	0.14249758652822328	0.0018908059560387616	0.00026943528532871335
rule_a_one_step	primary::APC+FBXW7+KRAS+PIK3CA+SMAD4	primary::APC+FBXW7+KRAS+PIK3CA+SMAD4+TP53	same_stage_one_event	TP53	1	0.14774668841698355	0.0002363507445048452	3.4920039805479447e-05
rule_a_one_step	primary::APC+KRAS+TCF7L2+TP53	primary::APC+FBXW7+KRAS+TCF7L2+TP53	same_stage_one_event	FBXW7	1	0.16251332056982798	0.004175529819585598	0.0006785792161191903
rule_a_one_step	primary::APC+FBXW7+TCF7L2+TP53	primary::APC+FBXW7+KRAS+TCF7L2+TP53	same_stage_one_event	KRAS	1	0.4762773997428623	0.0004727014890096904	0.00022513703604011456
rule_a_one_step	primary::APC+FBXW7+KRAS+TP53	primary::APC+FBXW7+KRAS+TCF7L2+TP53	same_stage_one_event	TCF7L2	1	0.12676981195434445	0.0068541715906405105	0.0008689020436483075
rule_a_one_step	primary::APC+FBXW7+KRAS+TCF7L2	primary::APC+FBXW7+KRAS+TCF7L2+TP53	same_stage_one_event	TP53	1	0.2149151395974089	0.00015756716300323014	3.386356883280689e-05
rule_a_one_step	primary::KRAS+NRAS+TP53	primary::APC+KRAS+NRAS+TP53	same_stage_one_event	APC	1	0.47806856789619767	7.878358150161507e-05	3.766395398221049e-05
rule_a_one_step	primary::APC+NRAS+TP53	primary::APC+KRAS+NRAS+TP53	same_stage_one_event	KRAS	1	0.1555940600608067	0.0044906641455920585	0.0006987206667821619
rule_a_one_step	primary::APC+KRAS+TP53	primary::APC+KRAS+NRAS+TP53	same_stage_one_event	NRAS	1	0.018560155841868493	0.045694477270936736	0.0008480966192613036
rule_a_one_step	primary::APC+KRAS+NRAS	primary::APC+KRAS+NRAS+TP53	same_stage_one_event	TP53	1	0.09028523171147587	0.0003151343260064603	2.8451975643733042e-05
rule_a_one_step	primary::KRAS+PIK3CA+PTEN+TP53	primary::APC+KRAS+PIK3CA+PTEN+TP53	same_stage_one_event	APC	1	0.5460221428615925	0.0005514850705113054	0.00030112305995675943
rule_a_one_step	primary::APC+PIK3CA+PTEN+TP53	primary::APC+KRAS+PIK3CA+PTEN+TP53	same_stage_one_event	KRAS	1	0.5419174033314188	0.0002363507445048452	0.00012808258173751332
rule_a_one_step	primary::APC+KRAS+PTEN+TP53	primary::APC+KRAS+PIK3CA+PTEN+TP53	same_stage_one_event	PIK3CA	1	0.26244262578175076	0.0014968880485306862	0.00039284722995771405
rule_a_one_step	primary::APC+KRAS+PIK3CA+TP53	primary::APC+KRAS+PIK3CA+PTEN+TP53	same_stage_one_event	PTEN	1	0.044979434813553876	0.012211455132750335	0.0005492643501221815
rule_a_one_step	primary::APC+KRAS+PIK3CA+PTEN	primary::APC+KRAS+PIK3CA+PTEN+TP53	same_stage_one_event	TP53	1	0.0337458662535271	0.0006302686520129206	2.126896163461883e-05
rule_a_one_step	primary::KRAS+PIK3CA+SMAD4+SOX9	primary::APC+KRAS+PIK3CA+SMAD4+SOX9	same_stage_one_event	APC	1	0.7050749984365086	7.878358150161507e-05	5.554833360407379e-05
rule_a_one_step	primary::APC+PIK3CA+SMAD4+SOX9	primary::APC+KRAS+PIK3CA+SMAD4+SOX9	same_stage_one_event	KRAS	1	0.24694803259816844	0.0002363507445048452	5.8366351358583894e-05
rule_a_one_step	primary::APC+KRAS+SMAD4+SOX9	primary::APC+KRAS+PIK3CA+SMAD4+SOX9	same_stage_one_event	PIK3CA	1	0.3937254419430134	0.0009454029780193808	0.00037222920533492166
rule_a_one_step	primary::APC+KRAS+PIK3CA+SOX9	primary::APC+KRAS+PIK3CA+SMAD4+SOX9	same_stage_one_event	SMAD4	1	0.12105101644813603	0.0020483731190419916	0.0002479576481250718
rule_a_one_step	primary::APC+KRAS+PIK3CA+SMAD4	primary::APC+KRAS+PIK3CA+SMAD4+SOX9	same_stage_one_event	SOX9	1	0.23337251180534496	0.002442291026550067	0.0005699635914256435
rule_a_one_step	primary::NRAS+SOX9+TP53	primary::APC+NRAS+SOX9+TP53	same_stage_one_event	APC	1	0.4239671933885759	0.0002363507445048452	0.0001002049618030196
rule_a_one_step	primary::APC+SOX9+TP53	primary::APC+NRAS+SOX9+TP53	same_stage_one_event	NRAS	1	0.06854191227606579	0.0050421492161033645	0.0003455985492529907
rule_a_one_step	primary::APC+NRAS+TP53	primary::APC+NRAS+SOX9+TP53	same_stage_one_event	SOX9	1	0.12448367341780663	0.0044906641455920585	0.0005590143689289354
rule_a_one_step	primary::APC+NRAS+SOX9	primary::APC+NRAS+SOX9+TP53	same_stage_one_event	TP53	1	0.4459749037742443	7.878358150161507e-05	3.513550017917311e-05
rule_a_one_step	primary::PIK3CA+PTEN	primary::APC+PIK3CA+PTEN	same_stage_one_event	APC	1	0.37551343925427777	0.0003151343260064603	0.00011833717458576468
rule_a_one_step	primary::APC+PTEN	primary::APC+PIK3CA+PTEN	same_stage_one_event	PIK3CA	1	0.07959114367187937	0.0002363507445048452	1.881142606284079e-05
rule_a_one_step	primary::APC+PIK3CA	primary::APC+PIK3CA+PTEN	same_stage_one_event	PTEN	1	0.004863316301420527	0.0018120223745371465	8.812437952625237e-06
rule_a_one_step	primary::RNF43+TP53	primary::APC+RNF43+TP53	same_stage_one_event	APC	1	0.165140780476824	0.0015756716300323013	0.0002602076427587237
rule_a_one_step	primary::APC+TP53	primary::APC+RNF43+TP53	same_stage_one_event	RNF43	1	0.01163545300457703	0.07389899944851493	0.0008598483351684593
rule_a_one_step	primary::APC+RNF43	primary::APC+RNF43+TP53	same_stage_one_event	TP53	1	0.396380663458098	0.0004727014890096904	0.00018736972983129192
rule_a_one_step	primary::KRAS+TP53	primary::ARID1A+KRAS+TP53	same_stage_one_event	ARID1A	1	0.016313435874904074	0.014417395414795557	0.00023519725558240334
rule_a_one_step	primary::ARID1A+TP53	primary::ARID1A+KRAS+TP53	same_stage_one_event	KRAS	1	0.1941040607737969	0.0007090522335145356	0.00013762991782590185
rule_a_one_step	primary::ARID1A+KRAS	primary::ARID1A+KRAS+TP53	same_stage_one_event	TP53	1	0.010695991026012593	0.0002363507445048452	2.5280054422152195e-06
rule_a_one_step	primary::CTNNB1+TP53	primary::BRAF+CTNNB1+TP53	same_stage_one_event	BRAF	1	0.0762344595162602	0.002205940282045222	0.00016816866512686407
rule_a_one_step	primary::BRAF+TP53	primary::BRAF+CTNNB1+TP53	same_stage_one_event	CTNNB1	1	0.018510571521492932	0.010163082013708344	0.0001881244564935467
rule_a_one_step	primary::KRAS+TP53	primary::BRAF+KRAS+TP53	same_stage_one_event	BRAF	1	0.025562605354549996	0.014417395414795557	0.00036854618922891745
rule_a_one_step	primary::BRAF+TP53	primary::BRAF+KRAS+TP53	same_stage_one_event	KRAS	1	0.05759107166016085	0.010163082013708344	0.000585302784539569
rule_a_one_step	primary::BRAF+KRAS	primary::BRAF+KRAS+TP53	same_stage_one_event	TP53	1	0.013057760013981932	7.878358150161507e-05	1.0287371002900759e-06
rule_a_one_step	primary::RNF43	primary::BRAF+RNF43	same_stage_one_event	BRAF	1	0.09519634696422703	0.0004727014890096904	4.499945495827324e-05
rule_a_one_step	primary::BRAF	primary::BRAF+RNF43	same_stage_one_event	RNF43	1	0.13833448238478782	0.005120932797604979	0.0007084015878839683
rule_a_one_step	primary::KRAS+PIK3CA	primary::FBXW7+KRAS+PIK3CA	same_stage_one_event	FBXW7	1	0.06000473494072038	0.004727014890096904	0.0002836432755411032
rule_a_one_step	primary::FBXW7+PIK3CA	primary::FBXW7+KRAS+PIK3CA	same_stage_one_event	KRAS	1	0.19486527325792238	0.0002363507445048452	4.6056552412650055e-05
rule_a_one_step	primary::FBXW7+KRAS	primary::FBXW7+KRAS+PIK3CA	same_stage_one_event	PIK3CA	1	0.1894113165858601	0.0006302686520129206	0.00011938001518056259
rule_a_one_step	primary::PIK3CA+PTEN+TP53	primary::KRAS+PIK3CA+PTEN+TP53	same_stage_one_event	KRAS	1	0.3585889076201941	0.0002363507445048452	8.475275528721202e-05
rule_a_one_step	primary::KRAS+PTEN+TP53	primary::KRAS+PIK3CA+PTEN+TP53	same_stage_one_event	PIK3CA	1	0.15093683885503437	0.0007878358150161507	0.0001189134474553174
rule_a_one_step	primary::KRAS+PIK3CA+TP53	primary::KRAS+PIK3CA+PTEN+TP53	same_stage_one_event	PTEN	1	0.05771365926168338	0.003860395493579138	0.0002227975501317644
rule_a_one_step	primary::KRAS+PIK3CA+PTEN	primary::KRAS+PIK3CA+PTEN+TP53	same_stage_one_event	TP53	1	0.00270159575130298	0.0004727014890096904	1.2770483343431718e-06
rule_a_one_step	primary::PIK3CA+SMAD4+TP53	primary::KRAS+PIK3CA+SMAD4+TP53	same_stage_one_event	KRAS	1	0.4040762080842836	0.0007090522335145356	0.0002865111378522455
rule_a_one_step	primary::KRAS+SMAD4+TP53	primary::KRAS+PIK3CA+SMAD4+TP53	same_stage_one_event	PIK3CA	1	0.14331143353225617	0.004175529819585598	0.000598401164201495
rule_a_one_step	primary::KRAS+PIK3CA+TP53	primary::KRAS+PIK3CA+SMAD4+TP53	same_stage_one_event	SMAD4	1	0.13107821817941778	0.003860395493579138	0.0005060137627662074
rule_a_one_step	primary::KRAS+PIK3CA+SMAD4	primary::KRAS+PIK3CA+SMAD4+TP53	same_stage_one_event	TP53	1	0.012015578128194693	0.001102970141022611	1.32528239025231e-05
rule_a_one_step	primary::PTEN	primary::KRAS+PTEN	same_stage_one_event	KRAS	1	0.17580258967119258	0.0006302686520129206	0.00011080286121244314
rule_a_one_step	primary::KRAS	primary::KRAS+PTEN	same_stage_one_event	PTEN	1	0.034285661864534536	0.008508626802174428	0.0002917239014708682
rule_a_one_step	primary::PIK3CA+TP53	primary::NRAS+PIK3CA+TP53	same_stage_one_event	NRAS	1	0.028084435015363104	0.002914992515559757	8.186591787350782e-05
rule_a_one_step	primary::NRAS+TP53	primary::NRAS+PIK3CA+TP53	same_stage_one_event	PIK3CA	1	0.07989663029063335	0.0017332387930355314	0.0001384799390525434
rule_a_one_step	primary::NRAS+PIK3CA	primary::NRAS+PIK3CA+TP53	same_stage_one_event	TP53	1	0.07889968889211597	0.00015756716300323014	1.2432000140568184e-05
rule_a_one_step	metastatic::APC+TCF7L2+TP53	metastatic::APC+ARID1A+TCF7L2+TP53	same_stage_one_event	ARID1A	1	0.06928660977812919	0.0033089104230678325	0.00022926318527388527
rule_a_one_step	metastatic::APC+ARID1A+TP53	metastatic::APC+ARID1A+TCF7L2+TP53	same_stage_one_event	TCF7L2	1	0.1421575275957145	0.0025210746080516822	0.00035838973316496215
rule_a_one_step	metastatic::APC+ARID1A+TCF7L2	metastatic::APC+ARID1A+TCF7L2+TP53	same_stage_one_event	TP53	1	0.6585564054823211	7.878358150161507e-05	5.18834322447271e-05
rule_a_one_step	metastatic::APC+KRAS+SMAD4+SOX9+TP53	metastatic::APC+FBXW7+KRAS+SMAD4+SOX9+TP53	same_stage_one_event	FBXW7	1	0.20461141123682083	0.00039391790750807534	8.060009896668276e-05
rule_a_one_step	metastatic::APC+FBXW7+SMAD4+SOX9+TP53	metastatic::APC+FBXW7+KRAS+SMAD4+SOX9+TP53	same_stage_one_event	KRAS	1	0.5530500349613324	7.878358150161507e-05	4.35712625038472e-05
rule_a_one_step	metastatic::APC+FBXW7+KRAS+SOX9+TP53	metastatic::APC+FBXW7+KRAS+SMAD4+SOX9+TP53	same_stage_one_event	SMAD4	1	0.1558070097141946	0.0003151343260064603	4.910013699336472e-05
rule_a_one_step	metastatic::KRAS+PIK3CA+PTEN+TP53	metastatic::APC+KRAS+PIK3CA+PTEN+TP53	same_stage_one_event	APC	1	0.5460221428615925	7.878358150161507e-05	4.301757999382278e-05
rule_a_one_step	metastatic::APC+PIK3CA+PTEN+TP53	metastatic::APC+KRAS+PIK3CA+PTEN+TP53	same_stage_one_event	KRAS	1	0.5419174033314188	7.878358150161507e-05	4.2694193912504436e-05
rule_a_one_step	metastatic::APC+KRAS+PTEN+TP53	metastatic::APC+KRAS+PIK3CA+PTEN+TP53	same_stage_one_event	PIK3CA	1	0.26244262578175076	0.001102970141022611	0.0002894663799688419
rule_a_one_step	metastatic::APC+KRAS+PIK3CA+TP53	metastatic::APC+KRAS+PIK3CA+PTEN+TP53	same_stage_one_event	PTEN	1	0.044979434813553876	0.005436067123611439	0.00024451122682858406
rule_a_one_step	metastatic::APC+KRAS+PIK3CA+PTEN	metastatic::APC+KRAS+PIK3CA+PTEN+TP53	same_stage_one_event	TP53	1	0.0337458662535271	0.00039391790750807534	1.329310102163677e-05
rule_a_one_step	metastatic::KRAS+PIK3CA+TCF7L2	metastatic::APC+KRAS+PIK3CA+TCF7L2	same_stage_one_event	APC	1	0.792152334148801	0.00015756716300323014	0.00012481719595821335
rule_a_one_step	metastatic::APC+KRAS+TCF7L2	metastatic::APC+KRAS+PIK3CA+TCF7L2	same_stage_one_event	PIK3CA	1	0.3027847077777575	0.001102970141022611	0.00033396249183712326
rule_a_one_step	metastatic::APC+KRAS+PIK3CA	metastatic::APC+KRAS+PIK3CA+TCF7L2	same_stage_one_event	TCF7L2	1	0.1521931874723266	0.005751201449617899	0.0008752936804128135
rule_a_one_step	metastatic::KRAS+PTEN	metastatic::APC+KRAS+PTEN	same_stage_one_event	APC	1	0.4900571491681093	0.0004727014890096904	0.0002316507441116092
rule_a_one_step	metastatic::APC+PTEN	metastatic::APC+KRAS+PTEN	same_stage_one_event	KRAS	1	0.16352747154323277	0.0002363507445048452	3.864983964623795e-05
rule_a_one_step	metastatic::APC+KRAS	metastatic::APC+KRAS+PTEN	same_stage_one_event	PTEN	1	0.01712768362204067	0.009454029780193808	0.00016192563102851025
rule_a_one_step	metastatic::KRAS+TGFBR2+TP53	metastatic::APC+KRAS+TGFBR2+TP53	same_stage_one_event	APC	1	0.47758132817847965	0.00015756716300323014	7.525113498439764e-05
rule_a_one_step	metastatic::APC+KRAS+TP53	metastatic::APC+KRAS+TGFBR2+TP53	same_stage_one_event	TGFBR2	1	0.017743127365208906	0.03064681320412826	0.0005437703100186138
rule_a_one_step	metastatic::APC+KRAS+TGFBR2	metastatic::APC+KRAS+TGFBR2+TP53	same_stage_one_event	TP53	1	0.21584852483083067	0.00015756716300323014	3.401063969602627e-05
rule_a_one_step	metastatic::RNF43+TP53	metastatic::APC+RNF43+TP53	same_stage_one_event	APC	1	0.165140780476824	0.0010241865595209958	0.0001691349677931704
rule_a_one_step	metastatic::APC+TP53	metastatic::APC+RNF43+TP53	same_stage_one_event	RNF43	1	0.01163545300457703	0.046009611596943195	0.0005353426734950749
rule_a_one_step	metastatic::APC+RNF43	metastatic::APC+RNF43+TP53	same_stage_one_event	TP53	1	0.396380663458098	0.00015756716300323014	6.245657661043064e-05
rule_a_one_step	metastatic::PTEN+TP53	metastatic::BRAF+PTEN+TP53	same_stage_one_event	BRAF	1	0.10784318194332561	0.0005514850705113054	5.947390479817846e-05
rule_a_one_step	metastatic::BRAF+TP53	metastatic::BRAF+PTEN+TP53	same_stage_one_event	PTEN	1	0.08370417419082471	0.004884582053100134	0.0004088599070220698
rule_a_one_step	metastatic::BRAF+PTEN	metastatic::BRAF+PTEN+TP53	same_stage_one_event	TP53	1	0.05140138606852821	0.00015756716300323014	8.099170577251747e-06
rule_a_one_step	metastatic::KRAS	metastatic::CTNNB1+KRAS	same_stage_one_event	CTNNB1	1	0.027461364638635972	0.005120932797604979	0.00014062780284498057
rule_a_one_step	metastatic::CTNNB1	metastatic::CTNNB1+KRAS	same_stage_one_event	KRAS	1	0.15161396361629806	0.0002363507445048452	3.583407317804256e-05
rule_a_one_step	metastatic::PTEN	metastatic::KRAS+PTEN	same_stage_one_event	KRAS	1	0.17580258967119258	0.00015756716300323014	2.7700715303110786e-05
rule_a_one_step	metastatic::KRAS	metastatic::KRAS+PTEN	same_stage_one_event	PTEN	1	0.034285661864534536	0.005120932797604979	0.0001755745703296892
rule_a_one_step	metastatic::KRAS+SMAD4+TP53	metastatic::KRAS+PTEN+SMAD4+TP53	same_stage_one_event	PTEN	1	0.05527431144589727	0.0032301268415662176	0.00017854303705048359
rule_a_one_step	metastatic::KRAS+PTEN+TP53	metastatic::KRAS+PTEN+SMAD4+TP53	same_stage_one_event	SMAD4	1	0.1465097744146989	0.0010241865595209958	0.00015005334179398768
rule_a_one_step	metastatic::SMAD4+TP53	metastatic::RNF43+SMAD4+TP53	same_stage_one_event	RNF43	1	0.029572734068169508	0.002127156700543607	6.290583942650097e-05
rule_a_one_step	metastatic::RNF43+TP53	metastatic::RNF43+SMAD4+TP53	same_stage_one_event	SMAD4	1	0.07181142486222652	0.0010241865595209958	7.354829616394429e-05
rule_a_one_step	primary::APC+KRAS+SOX9	primary::APC+ARID1A+KRAS+SOX9	same_stage_one_event	ARID1A	1	0.08586249582898654	0.0020483731190419916	0.00017587842838995117
rule_a_one_step	primary::APC+ARID1A+SOX9	primary::APC+ARID1A+KRAS+SOX9	same_stage_one_event	KRAS	1	0.08365032044022362	7.878358150161507e-05	6.590271838038575e-06
rule_a_one_step	primary::APC+ARID1A+KRAS	primary::APC+ARID1A+KRAS+SOX9	same_stage_one_event	SOX9	1	0.2218691752858342	0.0005514850705113054	0.00012235753777679347
rule_a_one_step	primary::APC+KRAS+SOX9+TP53	primary::APC+ARID1A+KRAS+SOX9+TP53	same_stage_one_event	ARID1A	1	0.08883054584493331	0.004648231308595289	0.0004129049243560282
rule_a_one_step	primary::APC+ARID1A+SOX9+TP53	primary::APC+ARID1A+KRAS+SOX9+TP53	same_stage_one_event	KRAS	1	0.2574609023018986	0.0006302686520129206	0.00016226953583984788
rule_a_one_step	primary::APC+ARID1A+KRAS+TP53	primary::APC+ARID1A+KRAS+SOX9+TP53	same_stage_one_event	SOX9	1	0.21827650140975105	0.0014181044670290711	0.0003095388816966453
rule_a_one_step	primary::APC+ARID1A+KRAS+SOX9	primary::APC+ARID1A+KRAS+SOX9+TP53	same_stage_one_event	TP53	1	0.03249471687232258	0.0004727014890096904	1.5360301050495194e-05
rule_a_one_step	primary::FBXW7+PIK3CA	primary::APC+FBXW7+PIK3CA	same_stage_one_event	APC	1	0.3573956184944689	0.0002363507445048452	8.447072051393734e-05
rule_a_one_step	primary::APC+PIK3CA	primary::APC+FBXW7+PIK3CA	same_stage_one_event	FBXW7	1	0.028880485453362668	0.0018120223745371465	5.2332085828987736e-05
rule_a_one_step	primary::APC+FBXW7	primary::APC+FBXW7+PIK3CA	same_stage_one_event	PIK3CA	1	0.027822246656363486	0.0006302686520129206	1.75354898960772e-05
rule_a_one_step	primary::APC+TCF7L2+TP53	primary::APC+FBXW7+TCF7L2+TP53	same_stage_one_event	FBXW7	1	0.09220115446968645	0.005436067123611439	0.0005012116645716824
rule_a_one_step	primary::APC+FBXW7+TP53	primary::APC+FBXW7+TCF7L2+TP53	same_stage_one_event	TCF7L2	1	0.050151629650668876	0.007326873079650201	0.0003674546251880726
rule_a_one_step	primary::APC+FBXW7+TCF7L2	primary::APC+FBXW7+TCF7L2+TP53	same_stage_one_event	TP53	1	0.8227659412656633	7.878358150161507e-05	6.482044759045642e-05
rule_a_one_step	primary::KRAS+PIK3CA+PTEN+SMAD4	primary::APC+KRAS+PIK3CA+PTEN+SMAD4	same_stage_one_event	APC	1	0.6770411573181341	7.878358150161507e-05	5.333972719752101e-05
rule_a_one_step	primary::APC+PIK3CA+PTEN+SMAD4	primary::APC+KRAS+PIK3CA+PTEN+SMAD4	same_stage_one_event	KRAS	1	0.3181586956008108	7.878358150161507e-05	2.5065681525314016e-05
rule_a_one_step	primary::APC+KRAS+PTEN+SMAD4	primary::APC+KRAS+PIK3CA+PTEN+SMAD4	same_stage_one_event	PIK3CA	1	0.3469112502503012	0.0002363507445048452	8.199273227376534e-05
rule_a_one_step	primary::APC+KRAS+PIK3CA+SMAD4	primary::APC+KRAS+PIK3CA+PTEN+SMAD4	same_stage_one_event	PTEN	1	0.03876259023647628	0.002442291026550067	9.466952630038326e-05
rule_a_one_step	primary::APC+KRAS+PIK3CA+PTEN	primary::APC+KRAS+PIK3CA+PTEN+SMAD4	same_stage_one_event	SMAD4	1	0.08902369512888166	0.0006302686520129206	5.6108844326089444e-05
rule_a_one_step	primary::KRAS+RNF43+TP53	primary::APC+KRAS+RNF43+TP53	same_stage_one_event	APC	1	0.2623608618634223	0.0012605373040258411	0.0003307156534952144
rule_a_one_step	primary::APC+RNF43+TP53	primary::APC+KRAS+RNF43+TP53	same_stage_one_event	KRAS	1	0.21559521040088814	0.0005514850705113054	0.00011889753980983353
rule_a_one_step	primary::APC+KRAS+TP53	primary::APC+KRAS+RNF43+TP53	same_stage_one_event	RNF43	1	0.016373305573862594	0.045694477270936736	0.000748169639394966
rule_a_one_step	primary::APC+KRAS+RNF43	primary::APC+KRAS+RNF43+TP53	same_stage_one_event	TP53	1	0.034258538184349166	0.00015756716300323014	5.398020670345729e-06
rule_a_one_step	primary::PIK3CA+SMAD4+TP53	primary::APC+PIK3CA+SMAD4+TP53	same_stage_one_event	APC	1	0.2765475966703798	0.0007090522335145356	0.00019608669109220974
rule_a_one_step	primary::APC+SMAD4+TP53	primary::APC+PIK3CA+SMAD4+TP53	same_stage_one_event	PIK3CA	1	0.07034748207759321	0.004569447727093673	0.0003214491420862212
rule_a_one_step	primary::APC+PIK3CA+TP53	primary::APC+PIK3CA+SMAD4+TP53	same_stage_one_event	SMAD4	1	0.043252146342604166	0.008902544709682502	0.00038505416660476407
rule_a_one_step	primary::APC+PIK3CA+SMAD4	primary::APC+PIK3CA+SMAD4+TP53	same_stage_one_event	TP53	1	0.6585979784769669	0.00015756716300323014	0.0001037734150282781
rule_a_one_step	primary::RNF43	primary::APC+RNF43	same_stage_one_event	APC	1	0.18974126552783593	0.0004727014890096904	8.969097874159109e-05
rule_a_one_step	primary::APC	primary::APC+RNF43	same_stage_one_event	RNF43	1	0.001729118905568514	0.009611596943197038	1.6619593987186536e-05
rule_a_one_step	primary::APC+TP53	primary::APC+TGFBR2+TP53	same_stage_one_event	TGFBR2	1	0.007375765969748531	0.07389899944851493	0.0005450617253308219
rule_a_one_step	primary::BRAF	primary::ARID1A+BRAF	same_stage_one_event	ARID1A	1	0.02845467692109169	0.005120932797604979	0.0001457144882904719
rule_a_one_step	primary::ARID1A	primary::ARID1A+BRAF	same_stage_one_event	BRAF	1	0.08565724339097038	0.00015756716300323014	1.3496768831792387e-05
rule_a_one_step	primary::BRAF+FBXW7+RNF43	primary::ARID1A+BRAF+FBXW7+RNF43	same_stage_one_event	ARID1A	1	0.30146862992263246	0.0002363507445048452	7.125233512706983e-05
rule_a_one_step	primary::ARID1A+FBXW7+RNF43	primary::ARID1A+BRAF+FBXW7+RNF43	same_stage_one_event	BRAF	1	0.1288743364837984	0.0002363507445048452	3.0459545375513685e-05
rule_a_one_step	primary::ARID1A+BRAF+RNF43	primary::ARID1A+BRAF+FBXW7+RNF43	same_stage_one_event	FBXW7	1	0.11672654581461543	0.0004727014890096904	5.5176812013526557e-05
rule_a_one_step	primary::ARID1A+BRAF+FBXW7	primary::ARID1A+BRAF+FBXW7+RNF43	same_stage_one_event	RNF43	1	0.18919291645715788	7.878358150161507e-05	1.490529555323075e-05
rule_a_one_step	primary::BRAF+RNF43	primary::ARID1A+BRAF+RNF43	same_stage_one_event	ARID1A	1	0.26176879163550176	0.0005514850705113054	0.0001443615805127639
rule_a_one_step	primary::ARID1A+RNF43	primary::ARID1A+BRAF+RNF43	same_stage_one_event	BRAF	1	0.113972097438317	0.0002363507445048452	2.6937390082324982e-05
rule_a_one_step	primary::ARID1A+BRAF	primary::ARID1A+BRAF+RNF43	same_stage_one_event	RNF43	1	0.16644249176169137	0.0004727014890096904	7.867761369023464e-05
rule_a_one_step	primary::BRAF+TP53	primary::ARID1A+BRAF+TP53	same_stage_one_event	ARID1A	1	0.02987547169780377	0.010163082013708344	0.00030362686906300215
rule_a_one_step	primary::ARID1A+TP53	primary::ARID1A+BRAF+TP53	same_stage_one_event	BRAF	1	0.14030328407298842	0.0007090522335145356	9.94823569413768e-05
rule_a_one_step	primary::ARID1A+BRAF	primary::ARID1A+BRAF+TP53	same_stage_one_event	TP53	1	0.09244483004593085	0.0004727014890096904	4.3698808813959276e-05
rule_a_one_step	primary::FBXW7+RNF43+TP53	primary::BRAF+FBXW7+RNF43+TP53	same_stage_one_event	BRAF	1	0.162138442857048	7.878358150161507e-05	1.27738472273732e-05
rule_a_one_step	primary::BRAF+RNF43+TP53	primary::BRAF+FBXW7+RNF43+TP53	same_stage_one_event	FBXW7	1	0.11260459744680776	0.0030725596785629874	0.0003459843457358782
rule_a_one_step	primary::BRAF+FBXW7+TP53	primary::BRAF+FBXW7+RNF43+TP53	same_stage_one_event	RNF43	1	0.25908213172719374	0.0008666193965177657	0.0002245256006459569
rule_a_one_step	primary::BRAF+FBXW7+RNF43	primary::BRAF+FBXW7+RNF43+TP53	same_stage_one_event	TP53	1	0.040930678556683094	0.0002363507445048452	9.673996349960553e-06
rule_a_one_step	primary::PIK3CA+PTEN+TP53	primary::BRAF+PIK3CA+PTEN+TP53	same_stage_one_event	BRAF	1	0.1193064416445297	0.0002363507445048452	2.8198166306908464e-05
rule_a_one_step	primary::BRAF+PTEN+TP53	primary::BRAF+PIK3CA+PTEN+TP53	same_stage_one_event	PIK3CA	1	0.11807817036636432	0.001339320885527456	0.00015814455969654089
rule_a_one_step	primary::BRAF+PIK3CA+TP53	primary::BRAF+PIK3CA+PTEN+TP53	same_stage_one_event	PTEN	1	0.10157249615031878	0.0020483731190419916	0.00020805837074830917
rule_a_one_step	primary::BRAF+PIK3CA+PTEN	primary::BRAF+PIK3CA+PTEN+TP53	same_stage_one_event	TP53	1	0.02567279390217416	0.0002363507445048452	6.067783952298313e-06
rule_a_one_step	primary::PIK3CA+RNF43+TP53	primary::BRAF+PIK3CA+RNF43+TP53	same_stage_one_event	BRAF	1	0.15369275328537774	7.878358150161507e-05	1.2108465554666175e-05
rule_a_one_step	primary::BRAF+RNF43+TP53	primary::BRAF+PIK3CA+RNF43+TP53	same_stage_one_event	PIK3CA	1	0.086850481962479	0.0030725596785629874	0.000266853288941675
rule_a_one_step	primary::BRAF+PIK3CA+TP53	primary::BRAF+PIK3CA+RNF43+TP53	same_stage_one_event	RNF43	1	0.2533124070466933	0.0020483731190419916	0.0005188783253142696
rule_a_one_step	primary::BRAF+PIK3CA+RNF43	primary::BRAF+PIK3CA+RNF43+TP53	same_stage_one_event	TP53	1	0.021989320330139193	0.0003151343260064603	6.92958964157857e-06
rule_a_one_step	primary::PIK3CA+PTEN	primary::KRAS+PIK3CA+PTEN	same_stage_one_event	KRAS	1	0.21957436829333116	0.0003151343260064603	6.91954205604132e-05
rule_a_one_step	primary::KRAS+PTEN	primary::KRAS+PIK3CA+PTEN	same_stage_one_event	PIK3CA	1	0.20086460011224028	0.0005514850705113054	0.000110773828156124
rule_a_one_step	primary::KRAS+PIK3CA	primary::KRAS+PIK3CA+PTEN	same_stage_one_event	PTEN	1	0.04702738039512569	0.004727014890096904	0.00022229912737001037
rule_a_one_step	primary::WT	primary::RNF43	same_stage_one_event	RNF43	1	0.01818717460442149	0.01292050736626487	0.00023498752344797323
rule_a_one_step	metastatic::BRAF+FBXW7+TP53	metastatic::APC+BRAF+FBXW7+TP53	same_stage_one_event	APC	1	0.2350383128272031	0.0002363507445048452	5.555148022387216e-05
rule_a_one_step	metastatic::APC+FBXW7+TP53	metastatic::APC+BRAF+FBXW7+TP53	same_stage_one_event	BRAF	1	0.02454128687682819	0.002442291026550067	5.99369647192684e-05
rule_a_one_step	metastatic::APC+BRAF+TP53	metastatic::APC+BRAF+FBXW7+TP53	same_stage_one_event	FBXW7	1	0.13918122570834673	0.0019695895375403767	0.0002741298859772054
rule_a_one_step	metastatic::FBXW7+KRAS+PIK3CA	metastatic::APC+FBXW7+KRAS+PIK3CA	same_stage_one_event	APC	1	0.6685658148703134	0.0003151343260064603	0.00021068803746011612
rule_a_one_step	metastatic::APC+KRAS+PIK3CA	metastatic::APC+FBXW7+KRAS+PIK3CA	same_stage_one_event	FBXW7	1	0.1562864554884777	0.005751201449617899	0.0008988348893609762
rule_a_one_step	metastatic::APC+FBXW7+PIK3CA	metastatic::APC+FBXW7+KRAS+PIK3CA	same_stage_one_event	KRAS	1	0.13839440034396194	7.878358150161507e-05	1.090320651886567e-05
rule_a_one_step	metastatic::APC+FBXW7+KRAS	metastatic::APC+FBXW7+KRAS+PIK3CA	same_stage_one_event	PIK3CA	1	0.2883990567072742	0.0009454029780193808	0.0002726533270690373
rule_a_one_step	metastatic::FBXW7+KRAS+PIK3CA+SMAD4+TP53	metastatic::APC+FBXW7+KRAS+PIK3CA+SMAD4+TP53	same_stage_one_event	APC	1	0.6870225916127002	0.00015756716300323014	0.00010825220067953994
rule_a_one_step	metastatic::APC+KRAS+PIK3CA+SMAD4+TP53	metastatic::APC+FBXW7+KRAS+PIK3CA+SMAD4+TP53	same_stage_one_event	FBXW7	1	0.26351339044255173	0.0008666193965177657	0.00022836581539967455
rule_a_one_step	metastatic::APC+FBXW7+KRAS+PIK3CA+TP53	metastatic::APC+FBXW7+KRAS+PIK3CA+SMAD4+TP53	same_stage_one_event	SMAD4	1	0.14249758652822328	0.001181753722524226	0.00016839705333044586
rule_a_one_step	metastatic::APC+FBXW7+KRAS+PIK3CA+SMAD4	metastatic::APC+FBXW7+KRAS+PIK3CA+SMAD4+TP53	same_stage_one_event	TP53	1	0.14774668841698355	7.878358150161507e-05	1.164001326849315e-05
rule_a_one_step	metastatic::APC+TCF7L2+TP53	metastatic::APC+FBXW7+TCF7L2+TP53	same_stage_one_event	FBXW7	1	0.09220115446968645	0.0033089104230678325	0.0003050853610436328
rule_a_one_step	metastatic::APC+FBXW7+TP53	metastatic::APC+FBXW7+TCF7L2+TP53	same_stage_one_event	TCF7L2	1	0.050151629650668876	0.002442291026550067	0.00012248487506269086
rule_a_one_step	metastatic::KRAS+PIK3CA+PTEN	metastatic::APC+KRAS+PIK3CA+PTEN	same_stage_one_event	APC	1	0.6124538605426969	0.00015756716300323014	9.65026172760887e-05
rule_a_one_step	metastatic::APC+PIK3CA+PTEN	metastatic::APC+KRAS+PIK3CA+PTEN	same_stage_one_event	KRAS	1	0.2701433756859154	0.0003151343260064603	8.513145062189094e-05
rule_a_one_step	metastatic::APC+KRAS+PTEN	metastatic::APC+KRAS+PIK3CA+PTEN	same_stage_one_event	PIK3CA	1	0.32151008324495284	0.0004727014890096904	0.00015197829508151872
rule_a_one_step	metastatic::APC+KRAS+PIK3CA	metastatic::APC+KRAS+PIK3CA+PTEN	same_stage_one_event	PTEN	1	0.030752526859541825	0.005751201449617899	0.00017686397705401032
rule_a_one_step	metastatic::APC+SMAD4+SOX9+TP53	metastatic::APC+KRAS+SMAD4+SOX9+TP53	same_stage_one_event	KRAS	1	0.5268284950382685	0.0007878358150161507	0.0004150543567622063
rule_a_one_step	metastatic::APC+KRAS+SOX9+TP53	metastatic::APC+KRAS+SMAD4+SOX9+TP53	same_stage_one_event	SMAD4	1	0.1937493450168131	0.0027574253525565274	0.0005342493559905822
rule_a_one_step	metastatic::APC+KRAS+SMAD4+TP53	metastatic::APC+KRAS+SMAD4+SOX9+TP53	same_stage_one_event	SOX9	1	0.18856927198372736	0.00606633577562436	0.0011439245208183257
rule_a_one_step	metastatic::APC+KRAS+SMAD4+SOX9	metastatic::APC+KRAS+SMAD4+SOX9+TP53	same_stage_one_event	TP53	1	0.10164797925308981	0.0005514850705113054	5.605734300572195e-05
rule_a_one_step	metastatic::NRAS+SOX9+TP53	metastatic::APC+NRAS+SOX9+TP53	same_stage_one_event	APC	1	0.4239671933885759	7.878358150161507e-05	3.3401653934339866e-05
rule_a_one_step	metastatic::APC+SOX9+TP53	metastatic::APC+NRAS+SOX9+TP53	same_stage_one_event	NRAS	1	0.06854191227606579	0.0033089104230678325	0.00022679904794727513
rule_a_one_step	metastatic::APC+NRAS+TP53	metastatic::APC+NRAS+SOX9+TP53	same_stage_one_event	SOX9	1	0.12448367341780663	0.003624044749074293	0.00045113440299528125
rule_a_one_step	metastatic::APC+NRAS+SOX9	metastatic::APC+NRAS+SOX9+TP53	same_stage_one_event	TP53	1	0.4459749037742443	0.00015756716300323014	7.027100035834622e-05
rule_a_one_step	metastatic::APC+TCF7L2+TP53	metastatic::APC+NRAS+TCF7L2+TP53	same_stage_one_event	NRAS	1	0.07362045102122562	0.0033089104230678325	0.0002436034777350883
rule_a_one_step	metastatic::APC+NRAS+TP53	metastatic::APC+NRAS+TCF7L2+TP53	same_stage_one_event	TCF7L2	1	0.08647756419524984	0.003624044749074293	0.00031339856243453026
rule_a_one_step	metastatic::PTEN+TP53	metastatic::APC+PTEN+TP53	same_stage_one_event	APC	1	0.26441244644353773	0.0005514850705113054	0.0001458195166709812
rule_a_one_step	metastatic::APC+TP53	metastatic::APC+PTEN+TP53	same_stage_one_event	PTEN	1	0.01280562623972495	0.046009611596943195	0.0005891818895453692
rule_a_one_step	metastatic::APC+PTEN	metastatic::APC+PTEN+TP53	same_stage_one_event	TP53	1	0.48927222797153264	0.0002363507445048452	0.00011563985534661608
rule_a_one_step	metastatic::SOX9	metastatic::APC+SOX9	same_stage_one_event	APC	1	0.34473253602446935	0.00039391790750807534	0.00013579631924071116
rule_a_one_step	metastatic::APC	metastatic::APC+SOX9	same_stage_one_event	SOX9	1	0.015436223288946616	0.003781611912077523	5.8373805866969006e-05
rule_a_one_step	metastatic::WT	metastatic::ARID1A	same_stage_one_event	ARID1A	1	0.01318124077044269	0.009926731269203497	0.00013084663492285347
rule_a_one_step	metastatic::BRAF+TP53	metastatic::ARID1A+BRAF+TP53	same_stage_one_event	ARID1A	1	0.02987547169780377	0.004884582053100134	0.0001459291928829933
rule_a_one_step	metastatic::ARID1A+TP53	metastatic::ARID1A+BRAF+TP53	same_stage_one_event	BRAF	1	0.14030328407298842	0.00039391790750807534	5.526797607854267e-05
rule_a_one_step	metastatic::ARID1A+BRAF	metastatic::ARID1A+BRAF+TP53	same_stage_one_event	TP53	1	0.09244483004593085	7.878358150161507e-05	7.283134802326547e-06
rule_a_one_step	metastatic::KRAS+TP53	metastatic::ARID1A+KRAS+TP53	same_stage_one_event	ARID1A	1	0.016313435874904074	0.013787126762782636	0.00022491540834382833
rule_a_one_step	metastatic::ARID1A+TP53	metastatic::ARID1A+KRAS+TP53	same_stage_one_event	KRAS	1	0.1941040607737969	0.00039391790750807534	7.646106545883437e-05
rule_a_one_step	metastatic::ARID1A+KRAS	metastatic::ARID1A+KRAS+TP53	same_stage_one_event	TP53	1	0.010695991026012593	7.878358150161507e-05	8.426684807384066e-07
rule_a_one_step	metastatic::TP53	metastatic::ARID1A+TP53	same_stage_one_event	ARID1A	1	0.014559669948729063	0.02087764909792799	0.0003039716801712126
rule_a_one_step	metastatic::ARID1A	metastatic::ARID1A+TP53	same_stage_one_event	TP53	1	0.18121210919774758	0.00039391790750807534	7.138269487030157e-05
rule_a_one_step	metastatic::KRAS	metastatic::FBXW7+KRAS	same_stage_one_event	FBXW7	1	0.03935099635184999	0.005120932797604979	0.00020151380783662253
rule_a_one_step	metastatic::FBXW7	metastatic::FBXW7+KRAS	same_stage_one_event	KRAS	1	0.13549397644390457	0.0002363507445048452	3.20241022084388e-05
rule_a_one_step	metastatic::PIK3CA+TP53	metastatic::NRAS+PIK3CA+TP53	same_stage_one_event	NRAS	1	0.028084435015363104	0.002127156700543607	5.9739994123911126e-05
rule_a_one_step	metastatic::NRAS+TP53	metastatic::NRAS+PIK3CA+TP53	same_stage_one_event	PIK3CA	1	0.07989663029063335	0.0014181044670290711	0.00011330176831571734
rule_a_one_step	metastatic::NRAS+PIK3CA	metastatic::NRAS+PIK3CA+TP53	same_stage_one_event	TP53	1	0.07889968889211597	7.878358150161507e-05	6.216000070284092e-06
rule_a_one_step	metastatic::WT	metastatic::SOX9	same_stage_one_event	SOX9	1	0.01533295970118188	0.009926731269203497	0.00015220617051515928
rule_a_one_step	primary::ARID1A+KRAS+PIK3CA+SOX9	primary::APC+ARID1A+KRAS+PIK3CA+SOX9	same_stage_one_event	APC	1	0.5010883234753132	7.878358150161507e-05	3.947753277202499e-05
rule_a_one_step	primary::APC+KRAS+PIK3CA+SOX9	primary::APC+ARID1A+KRAS+PIK3CA+SOX9	same_stage_one_event	ARID1A	1	0.1512188387292169	0.0020483731190419916	0.0003097526043456739
rule_a_one_step	primary::APC+ARID1A+PIK3CA+SOX9	primary::APC+ARID1A+KRAS+PIK3CA+SOX9	same_stage_one_event	KRAS	1	0.13296825571485818	0.0003151343260064603	4.1902861644956495e-05
rule_a_one_step	primary::APC+ARID1A+KRAS+SOX9	primary::APC+ARID1A+KRAS+PIK3CA+SOX9	same_stage_one_event	PIK3CA	1	0.3016323625183624	0.0004727014890096904	0.00014258206689594062
rule_a_one_step	primary::APC+ARID1A+KRAS+PIK3CA	primary::APC+ARID1A+KRAS+PIK3CA+SOX9	same_stage_one_event	SOX9	1	0.2722223031490697	0.0010241865595209958	0.0002788064240871272
rule_a_one_step	primary::APC+KRAS+SMAD4+SOX9+TP53	primary::APC+ARID1A+KRAS+SMAD4+SOX9+TP53	same_stage_one_event	ARID1A	1	0.12325594672392623	0.0010241865595209958	0.00012623708401568115
rule_a_one_step	primary::APC+ARID1A+SMAD4+SOX9+TP53	primary::APC+ARID1A+KRAS+SMAD4+SOX9+TP53	same_stage_one_event	KRAS	1	0.30057739973451636	0.0002363507445048452	7.10416922085834e-05
rule_a_one_step	primary::APC+ARID1A+KRAS+SOX9+TP53	primary::APC+ARID1A+KRAS+SMAD4+SOX9+TP53	same_stage_one_event	SMAD4	1	0.09510645670404445	0.0004727014890096904	4.4956963698437465e-05
rule_a_one_step	primary::APC+ARID1A+KRAS+SMAD4+TP53	primary::APC+ARID1A+KRAS+SMAD4+SOX9+TP53	same_stage_one_event	SOX9	1	0.26597279406494784	0.0005514850705113054	0.0001466800250889967
rule_a_one_step	primary::APC+KRAS+TCF7L2	primary::APC+ARID1A+KRAS+TCF7L2	same_stage_one_event	ARID1A	1	0.07511613376034601	0.0018120223745371465	0.00013611211506247208
rule_a_one_step	primary::APC+ARID1A+TCF7L2	primary::APC+ARID1A+KRAS+TCF7L2	same_stage_one_event	KRAS	1	0.049343032416520965	7.878358150161507e-05	3.887420815923814e-06
rule_a_one_step	primary::APC+ARID1A+KRAS	primary::APC+ARID1A+KRAS+TCF7L2	same_stage_one_event	TCF7L2	1	0.2170105709517383	0.0005514850705113054	0.00011967809002301805
rule_a_one_step	primary::ARID1A+KRAS+TCF7L2+TP53	primary::APC+ARID1A+KRAS+TCF7L2+TP53	same_stage_one_event	APC	1	0.5896062716695831	7.878358150161507e-05	4.6451293757944e-05
rule_a_one_step	primary::APC+KRAS+TCF7L2+TP53	primary::APC+ARID1A+KRAS+TCF7L2+TP53	same_stage_one_event	ARID1A	1	0.09019976881266552	0.004175529819585598	0.0003766318243970119
rule_a_one_step	primary::APC+ARID1A+TCF7L2+TP53	primary::APC+ARID1A+KRAS+TCF7L2+TP53	same_stage_one_event	KRAS	1	0.254703359875361	0.00039391790750807534	0.0001003322145573785
rule_a_one_step	primary::APC+ARID1A+KRAS+TP53	primary::APC+ARID1A+KRAS+TCF7L2+TP53	same_stage_one_event	TCF7L2	1	0.2155520256706682	0.0014181044670290711	0.0003056752904807396
rule_a_one_step	primary::APC+ARID1A+KRAS+TCF7L2	primary::APC+ARID1A+KRAS+TCF7L2+TP53	same_stage_one_event	TP53	1	0.0824937920356088	0.00039391790750807534	3.249578194107335e-05
rule_a_one_step	primary::ARID1A+NRAS+TP53	primary::APC+ARID1A+NRAS+TP53	same_stage_one_event	APC	1	0.3280500378204703	7.878358150161507e-05	2.584495689123693e-05
rule_a_one_step	primary::APC+NRAS+TP53	primary::APC+ARID1A+NRAS+TP53	same_stage_one_event	ARID1A	1	0.10183466304070081	0.0044906641455920585	0.0004573052700953239
rule_a_one_step	primary::APC+ARID1A+TP53	primary::APC+ARID1A+NRAS+TP53	same_stage_one_event	NRAS	1	0.056235597237753975	0.003939179075080753	0.00022152208791362946
rule_a_one_step	primary::ARID1A+SMAD4+TP53	primary::APC+ARID1A+SMAD4+TP53	same_stage_one_event	APC	1	0.26519042060632314	7.878358150161507e-05	2.089265111528584e-05
rule_a_one_step	primary::APC+SMAD4+TP53	primary::APC+ARID1A+SMAD4+TP53	same_stage_one_event	ARID1A	1	0.054526739543382365	0.004569447727093673	0.00024915708607233726
rule_a_one_step	primary::APC+ARID1A+TP53	primary::APC+ARID1A+SMAD4+TP53	same_stage_one_event	SMAD4	1	0.041033708490132915	0.003939179075080753	0.00016163912585729503
rule_a_one_step	primary::APC+TCF7L2+TP53	primary::APC+ARID1A+TCF7L2+TP53	same_stage_one_event	ARID1A	1	0.06928660977812919	0.005436067123611439	0.00037664666152138293
rule_a_one_step	primary::APC+ARID1A+TP53	primary::APC+ARID1A+TCF7L2+TP53	same_stage_one_event	TCF7L2	1	0.1421575275957145	0.003939179075080753	0.0005599839580702533
rule_a_one_step	primary::APC+ARID1A+TCF7L2	primary::APC+ARID1A+TCF7L2+TP53	same_stage_one_event	TP53	1	0.6585564054823211	7.878358150161507e-05	5.18834322447271e-05
rule_a_one_step	primary::BRAF+PTEN+TP53	primary::APC+BRAF+PTEN+TP53	same_stage_one_event	APC	1	0.21087320734305645	0.001339320885527456	0.0002824268907927172
rule_a_one_step	primary::APC+PTEN+TP53	primary::APC+BRAF+PTEN+TP53	same_stage_one_event	BRAF	1	0.019978008574652026	0.001102970141022611	2.2035146934934873e-05
rule_a_one_step	primary::APC+BRAF+TP53	primary::APC+BRAF+PTEN+TP53	same_stage_one_event	PTEN	1	0.0435613019928531	0.004411880564090444	0.0001921872616087429
rule_a_one_step	primary::APC+BRAF+PTEN	primary::APC+BRAF+PTEN+TP53	same_stage_one_event	TP53	1	0.3051603848641476	0.0003151343260064603	9.616651220803517e-05
rule_a_one_step	primary::APC+KRAS+PIK3CA+SOX9+TCF7L2	primary::APC+FBXW7+KRAS+PIK3CA+SOX9+TCF7L2	same_stage_one_event	FBXW7	1	0.30070071851983265	0.00039391790750807534	0.00011845139782550723
rule_a_one_step	primary::APC+FBXW7+PIK3CA+SOX9+TCF7L2	primary::APC+FBXW7+KRAS+PIK3CA+SOX9+TCF7L2	same_stage_one_event	KRAS	1	0.1992476523777888	7.878358150161507e-05	1.569744366011099e-05
rule_a_one_step	primary::APC+FBXW7+KRAS+SOX9+TCF7L2	primary::APC+FBXW7+KRAS+PIK3CA+SOX9+TCF7L2	same_stage_one_event	PIK3CA	1	0.5177596877704935	0.00015756716300323014	8.158192511943489e-05
rule_a_one_step	primary::APC+FBXW7+KRAS+PIK3CA+TCF7L2	primary::APC+FBXW7+KRAS+PIK3CA+SOX9+TCF7L2	same_stage_one_event	SOX9	1	0.23854966150981421	0.00039391790750807534	9.396898349870567e-05
rule_a_one_step	primary::APC+FBXW7+KRAS+PIK3CA+SOX9	primary::APC+FBXW7+KRAS+PIK3CA+SOX9+TCF7L2	same_stage_one_event	TCF7L2	1	0.30056694177091337	0.0008666193965177657	0.0002604771416906994
rule_a_one_step	primary::APC+KRAS+PIK3CA+TCF7L2	primary::APC+FBXW7+KRAS+PIK3CA+TCF7L2	same_stage_one_event	FBXW7	1	0.21785310683227624	0.0012605373040258411	0.00027461196796001104
rule_a_one_step	primary::APC+FBXW7+PIK3CA+TCF7L2	primary::APC+FBXW7+KRAS+PIK3CA+TCF7L2	same_stage_one_event	KRAS	1	0.12463410668901509	7.878358150161507e-05	9.819121302215008e-06
rule_a_one_step	primary::APC+FBXW7+KRAS+TCF7L2	primary::APC+FBXW7+KRAS+PIK3CA+TCF7L2	same_stage_one_event	PIK3CA	1	0.37986419954673484	0.00015756716300323014	5.985412424907191e-05
rule_a_one_step	primary::APC+FBXW7+KRAS+PIK3CA	primary::APC+FBXW7+KRAS+PIK3CA+TCF7L2	same_stage_one_event	TCF7L2	1	0.2005582326096121	0.0027574253525565274	0.0005530243552616738
rule_a_one_step	primary::FBXW7+KRAS+SOX9	primary::APC+FBXW7+KRAS+SOX9	same_stage_one_event	APC	1	0.560583095607919	7.878358150161507e-05	4.416474400125416e-05
rule_a_one_step	primary::APC+KRAS+SOX9	primary::APC+FBXW7+KRAS+SOX9	same_stage_one_event	FBXW7	1	0.116147694966776	0.0020483731190419916	0.0002379138162086328
rule_a_one_step	primary::APC+FBXW7+SOX9	primary::APC+FBXW7+KRAS+SOX9	same_stage_one_event	KRAS	1	0.11447675107702435	7.878358150161507e-05	9.018888448516849e-06
rule_a_one_step	primary::APC+FBXW7+KRAS	primary::APC+FBXW7+KRAS+SOX9	same_stage_one_event	SOX9	1	0.14905633593699733	0.0019695895375403767	0.0002935797997656136
rule_a_one_step	primary::FBXW7+SMAD4+TP53	primary::APC+FBXW7+SMAD4+TP53	same_stage_one_event	APC	1	0.3050036805362209	0.00015756716300323014	4.805856464763585e-05
rule_a_one_step	primary::APC+SMAD4+TP53	primary::APC+FBXW7+SMAD4+TP53	same_stage_one_event	FBXW7	1	0.06588809667687465	0.004569447727093673	0.0003010722136026731
rule_a_one_step	primary::APC+FBXW7+TP53	primary::APC+FBXW7+SMAD4+TP53	same_stage_one_event	SMAD4	1	0.042122242635481096	0.007326873079650201	0.00030862432562040034
rule_a_one_step	primary::APC+FBXW7+SMAD4	primary::APC+FBXW7+SMAD4+TP53	same_stage_one_event	TP53	1	0.7888232759987828	7.878358150161507e-05	6.21463228550211e-05
rule_a_one_step	primary::APC+PIK3CA+SOX9+TCF7L2	primary::APC+KRAS+PIK3CA+SOX9+TCF7L2	same_stage_one_event	KRAS	1	0.16698111353661108	7.878358150161507e-05	1.3155370167542039e-05
rule_a_one_step	primary::APC+KRAS+SOX9+TCF7L2	primary::APC+KRAS+PIK3CA+SOX9+TCF7L2	same_stage_one_event	PIK3CA	1	0.4078192659934333	0.0002363507445048452	9.638838714096746e-05
rule_a_one_step	primary::APC+KRAS+PIK3CA+TCF7L2	primary::APC+KRAS+PIK3CA+SOX9+TCF7L2	same_stage_one_event	SOX9	1	0.16348114503626984	0.0012605373040258411	0.00020607408182307711
rule_a_one_step	primary::APC+KRAS+PIK3CA+SOX9	primary::APC+KRAS+PIK3CA+SOX9+TCF7L2	same_stage_one_event	TCF7L2	1	0.21026465958863694	0.0020483731190419916	0.00043070047658587884
rule_a_one_step	primary::KRAS+SOX9+TCF7L2+TP53	primary::APC+KRAS+SOX9+TCF7L2+TP53	same_stage_one_event	APC	1	0.6734554221573172	7.878358150161507e-05	5.305723013923559e-05
rule_a_one_step	primary::APC+SOX9+TCF7L2+TP53	primary::APC+KRAS+SOX9+TCF7L2+TP53	same_stage_one_event	KRAS	1	0.36910920694865074	0.0003151343260064603	0.00011631898115454211
rule_a_one_step	primary::APC+KRAS+TCF7L2+TP53	primary::APC+KRAS+SOX9+TCF7L2+TP53	same_stage_one_event	SOX9	1	0.10696078070698863	0.004175529819585598	0.0004466179293681869
rule_a_one_step	primary::APC+KRAS+SOX9+TP53	primary::APC+KRAS+SOX9+TCF7L2+TP53	same_stage_one_event	TCF7L2	1	0.1115906620829371	0.004648231308595289	0.0005186992092407854
rule_a_one_step	primary::APC+KRAS+SOX9+TCF7L2	primary::APC+KRAS+SOX9+TCF7L2+TP53	same_stage_one_event	TP53	1	0.09057433149281369	0.0002363507445048452	2.140731068135516e-05
rule_a_one_step	primary::APC+SOX9+TP53	primary::APC+SMAD4+SOX9+TP53	same_stage_one_event	SMAD4	1	0.07431869501463188	0.0050421492161033645	0.00037472594980985117
rule_a_one_step	primary::APC+SMAD4+TP53	primary::APC+SMAD4+SOX9+TP53	same_stage_one_event	SOX9	1	0.06607210010082923	0.004569447727093673	0.0003019130076300398
rule_a_one_step	primary::APC+SMAD4+SOX9	primary::APC+SMAD4+SOX9+TP53	same_stage_one_event	TP53	1	0.6238304987694129	0.0002363507445048452	0.00014744280282897964
rule_a_one_step	primary::BRAF+PIK3CA+RNF43+TGFBR2	primary::ARID1A+BRAF+PIK3CA+RNF43+TGFBR2	same_stage_one_event	ARID1A	1	0.3610874418312001	0.0003151343260064603	0.00011379104761087218
rule_a_one_step	primary::ARID1A+BRAF+RNF43+TGFBR2	primary::ARID1A+BRAF+PIK3CA+RNF43+TGFBR2	same_stage_one_event	PIK3CA	1	0.1539973091292204	0.00015756716300323014	2.4264919109622693e-05
rule_a_one_step	primary::ARID1A+BRAF+PIK3CA+RNF43	primary::ARID1A+BRAF+PIK3CA+RNF43+TGFBR2	same_stage_one_event	TGFBR2	1	0.24176689698334763	0.0002363507445048452	5.7141786098640426e-05
rule_a_one_step	primary::BRAF+RNF43+SOX9	primary::ARID1A+BRAF+RNF43+SOX9	same_stage_one_event	ARID1A	1	0.2776434569537323	0.00015756716300323014	4.374749183860905e-05
rule_a_one_step	primary::ARID1A+BRAF+SOX9	primary::ARID1A+BRAF+RNF43+SOX9	same_stage_one_event	RNF43	1	0.1927719859602695	7.878358150161507e-05	1.518726746712909e-05
rule_a_one_step	primary::ARID1A+BRAF+RNF43	primary::ARID1A+BRAF+RNF43+SOX9	same_stage_one_event	SOX9	1	0.11651813671210355	0.0004727014890096904	5.507829672044602e-05
rule_a_one_step	primary::FBXW7+PIK3CA+TP53	primary::BRAF+FBXW7+PIK3CA+TP53	same_stage_one_event	BRAF	1	0.13281132472793294	0.00039391790750807534	5.231675913020285e-05
rule_a_one_step	primary::BRAF+PIK3CA+TP53	primary::BRAF+FBXW7+PIK3CA+TP53	same_stage_one_event	FBXW7	1	0.0905819505101156	0.0020483731190419916	0.0001855456324953128
rule_a_one_step	primary::BRAF+FBXW7+TP53	primary::BRAF+FBXW7+PIK3CA+TP53	same_stage_one_event	PIK3CA	1	0.11423520160773434	0.0008666193965177657	9.899844147838003e-05
rule_a_one_step	primary::BRAF+FBXW7+PIK3CA	primary::BRAF+FBXW7+PIK3CA+TP53	same_stage_one_event	TP53	1	0.10944134709464552	0.00015756716300323014	1.72443625769551e-05
rule_a_one_step	primary::PTEN+SMAD4+TP53	primary::BRAF+PTEN+SMAD4+TP53	same_stage_one_event	BRAF	1	0.1193237802647554	7.878358150161507e-05	9.400754767569165e-06
rule_a_one_step	primary::BRAF+SMAD4+TP53	primary::BRAF+PTEN+SMAD4+TP53	same_stage_one_event	PTEN	1	0.10392827656075435	0.003387694004569448	0.00035207719941010297
rule_a_one_step	primary::BRAF+PTEN+TP53	primary::BRAF+PTEN+SMAD4+TP53	same_stage_one_event	SMAD4	1	0.1357487889777003	0.001339320885527456	0.00018181118826289332
rule_a_one_step	primary::BRAF+PTEN+SMAD4	primary::BRAF+PTEN+SMAD4+TP53	same_stage_one_event	TP53	1	0.042414592375054086	0.00015756716300323014	6.683146990475709e-06
rule_a_one_step	primary::SOX9	primary::BRAF+SOX9	same_stage_one_event	BRAF	1	0.08118114060150881	0.00039391790750807534	3.197870503486521e-05
rule_a_one_step	primary::BRAF	primary::BRAF+SOX9	same_stage_one_event	SOX9	1	0.03292673985749659	0.005120932797604979	0.0001686156220544614
rule_a_one_step	primary::WT	primary::CTNNB1	same_stage_one_event	CTNNB1	1	0.013146278321007869	0.01292050736626487	0.00016985658588555033
rule_a_one_step	primary::PIK3CA+TP53	primary::FBXW7+PIK3CA+TP53	same_stage_one_event	FBXW7	1	0.040715398096428844	0.002914992515559757	0.00011868508071912606
rule_a_one_step	primary::FBXW7+TP53	primary::FBXW7+PIK3CA+TP53	same_stage_one_event	PIK3CA	1	0.059086958023293806	0.002442291026550067	0.00014430754736643095
rule_a_one_step	primary::FBXW7+PIK3CA	primary::FBXW7+PIK3CA+TP53	same_stage_one_event	TP53	1	0.1675840918635447	0.0002363507445048452	3.960862487911716e-05
rule_a_one_step	primary::RNF43+SMAD4+TP53	primary::KRAS+RNF43+SMAD4+TP53	same_stage_one_event	KRAS	1	0.2246539954744942	0.0008666193965177657	0.000194689509983411
rule_a_one_step	primary::KRAS+SMAD4+TP53	primary::KRAS+RNF43+SMAD4+TP53	same_stage_one_event	RNF43	1	0.034255817684193564	0.004175529819585598	0.0001430361882346379
rule_a_one_step	primary::KRAS+RNF43+TP53	primary::KRAS+RNF43+SMAD4+TP53	same_stage_one_event	SMAD4	1	0.13695989164461733	0.0012605373040258411	0.00017264305257337726
rule_a_one_step	primary::SOX9+TP53	primary::KRAS+SOX9+TP53	same_stage_one_event	KRAS	1	0.25921619246418864	0.0007090522335145356	0.00018379782022986667
rule_a_one_step	primary::KRAS+TP53	primary::KRAS+SOX9+TP53	same_stage_one_event	SOX9	1	0.026339155669885303	0.014417395414795557	0.0003797420221845908
rule_a_one_step	primary::KRAS+SOX9	primary::KRAS+SOX9+TP53	same_stage_one_event	TP53	1	0.009049118500746866	0.0003151343260064603	2.851687859685454e-06
rule_a_one_step	primary::TCF7L2+TP53	primary::KRAS+TCF7L2+TP53	same_stage_one_event	KRAS	1	0.178223937718802	0.00015756716300323014	2.808224024561601e-05
rule_a_one_step	primary::KRAS+TP53	primary::KRAS+TCF7L2+TP53	same_stage_one_event	TCF7L2	1	0.01869179820612266	0.014417395414795557	0.0002694870457512366
rule_a_one_step	primary::KRAS+TCF7L2	primary::KRAS+TCF7L2+TP53	same_stage_one_event	TP53	1	0.013420469067279625	0.0002363507445048452	3.171937855655785e-06
rule_a_one_step	primary::WT	primary::SOX9	same_stage_one_event	SOX9	1	0.01533295970118188	0.01292050736626487	0.00019810961876576288
rule_a_one_step	metastatic::ARID1A+FBXW7+TP53	metastatic::APC+ARID1A+FBXW7+TP53	same_stage_one_event	APC	1	0.27421695280743874	7.878358150161507e-05	2.1603793650629384e-05
rule_a_one_step	metastatic::APC+FBXW7+TP53	metastatic::APC+ARID1A+FBXW7+TP53	same_stage_one_event	ARID1A	1	0.06041485039914645	0.002442291026550067	0.00014755064700020011
rule_a_one_step	metastatic::APC+ARID1A+TP53	metastatic::APC+ARID1A+FBXW7+TP53	same_stage_one_event	FBXW7	1	0.10308467821075296	0.0025210746080516822	0.0002598841647163078
rule_a_one_step	metastatic::APC+KRAS+PIK3CA+TP53	metastatic::APC+ARID1A+KRAS+PIK3CA+TP53	same_stage_one_event	ARID1A	1	0.11037160304749188	0.005436067123611439	0.0005999874427067627
rule_a_one_step	metastatic::APC+ARID1A+PIK3CA+TP53	metastatic::APC+ARID1A+KRAS+PIK3CA+TP53	same_stage_one_event	KRAS	1	0.32787886441023395	0.0002363507445048452	7.749441371076198e-05
rule_a_one_step	metastatic::APC+ARID1A+KRAS+TP53	metastatic::APC+ARID1A+KRAS+PIK3CA+TP53	same_stage_one_event	PIK3CA	1	0.19442618158578812	0.0012605373040258411	0.00024508145476818797
rule_a_one_step	metastatic::APC+ARID1A+KRAS+PIK3CA	metastatic::APC+ARID1A+KRAS+PIK3CA+TP53	same_stage_one_event	TP53	1	0.044399585973246426	0.00015756716300323014	6.99591680032245e-06
rule_a_one_step	metastatic::ARID1A+SMAD4+TP53	metastatic::APC+ARID1A+SMAD4+TP53	same_stage_one_event	APC	1	0.26519042060632314	7.878358150161507e-05	2.089265111528584e-05
rule_a_one_step	metastatic::APC+SMAD4+TP53	metastatic::APC+ARID1A+SMAD4+TP53	same_stage_one_event	ARID1A	1	0.054526739543382365	0.004411880564090444	0.00024056546241467048
rule_a_one_step	metastatic::APC+ARID1A+TP53	metastatic::APC+ARID1A+SMAD4+TP53	same_stage_one_event	SMAD4	1	0.041033708490132915	0.0025210746080516822	0.00010344904054866883
rule_a_one_step	metastatic::BRAF+KRAS+SMAD4+TP53	metastatic::APC+BRAF+KRAS+SMAD4+TP53	same_stage_one_event	APC	1	0.3038844978426963	7.878358150161507e-05	2.394110910286743e-05
rule_a_one_step	metastatic::APC+KRAS+SMAD4+TP53	metastatic::APC+BRAF+KRAS+SMAD4+TP53	same_stage_one_event	BRAF	1	0.008814064113217581	0.00606633577562436	5.346907245865861e-05
rule_a_one_step	metastatic::APC+BRAF+SMAD4+TP53	metastatic::APC+BRAF+KRAS+SMAD4+TP53	same_stage_one_event	KRAS	1	0.11318555091558653	0.0006302686520129206	7.133730460290651e-05
rule_a_one_step	metastatic::APC+BRAF+KRAS+TP53	metastatic::APC+BRAF+KRAS+SMAD4+TP53	same_stage_one_event	SMAD4	1	0.158319538433281	0.0002363507445048452	3.741894077836942e-05
rule_a_one_step	metastatic::APC+BRAF+KRAS+SMAD4	metastatic::APC+BRAF+KRAS+SMAD4+TP53	same_stage_one_event	TP53	1	0.09008258990833656	7.878358150161507e-05	7.097029063920001e-06
rule_a_one_step	metastatic::CTNNB1+KRAS	metastatic::APC+CTNNB1+KRAS	same_stage_one_event	APC	1	0.25980149008893033	0.0004727014890096904	0.00012280855121197368
rule_a_one_step	metastatic::APC+KRAS	metastatic::APC+CTNNB1+KRAS	same_stage_one_event	CTNNB1	1	0.027487654624258607	0.009454029780193808	0.0002598691054054229
rule_a_one_step	metastatic::APC+CTNNB1	metastatic::APC+CTNNB1+KRAS	same_stage_one_event	KRAS	1	0.0478744431468183	7.878358150161507e-05	3.771720093501797e-06
rule_a_one_step	metastatic::FBXW7+KRAS+SOX9+TP53	metastatic::APC+FBXW7+KRAS+SOX9+TP53	same_stage_one_event	APC	1	0.5365778515510187	7.878358150161507e-05	4.227352489963119e-05
rule_a_one_step	metastatic::APC+KRAS+SOX9+TP53	metastatic::APC+FBXW7+KRAS+SOX9+TP53	same_stage_one_event	FBXW7	1	0.1614314177742371	0.0027574253525565274	0.00044513508406982585
rule_a_one_step	metastatic::APC+FBXW7+SOX9+TP53	metastatic::APC+FBXW7+KRAS+SOX9+TP53	same_stage_one_event	KRAS	1	0.5001444124047664	0.0003151343260064603	0.00015761267230907317
rule_a_one_step	metastatic::APC+FBXW7+KRAS+TP53	metastatic::APC+FBXW7+KRAS+SOX9+TP53	same_stage_one_event	SOX9	1	0.1800153488182076	0.003387694004569448	0.0006098369179219198
rule_a_one_step	metastatic::APC+FBXW7+KRAS+SOX9	metastatic::APC+FBXW7+KRAS+SOX9+TP53	same_stage_one_event	TP53	1	0.10183246120503142	0.0002363507445048452	2.4068178020569942e-05
rule_a_one_step	metastatic::FBXW7+SOX9+TP53	metastatic::APC+FBXW7+SOX9+TP53	same_stage_one_event	APC	1	0.3329929521017373	7.878358150161507e-05	2.6234377381370623e-05
rule_a_one_step	metastatic::APC+SOX9+TP53	metastatic::APC+FBXW7+SOX9+TP53	same_stage_one_event	FBXW7	1	0.0874688750145815	0.0033089104230678325	0.0002894266722297662
rule_a_one_step	metastatic::APC+FBXW7+TP53	metastatic::APC+FBXW7+SOX9+TP53	same_stage_one_event	SOX9	1	0.07313413617781288	0.002442291026550067	0.00017861484452156301
rule_a_one_step	metastatic::KRAS+PIK3CA+SOX9+TP53	metastatic::APC+KRAS+PIK3CA+SOX9+TP53	same_stage_one_event	APC	1	0.559432222814569	7.878358150161507e-05	4.4074074120741275e-05
rule_a_one_step	metastatic::APC+PIK3CA+SOX9+TP53	metastatic::APC+KRAS+PIK3CA+SOX9+TP53	same_stage_one_event	KRAS	1	0.5231330574753783	0.0003151343260064603	0.00016485718347920218
rule_a_one_step	metastatic::APC+KRAS+SOX9+TP53	metastatic::APC+KRAS+PIK3CA+SOX9+TP53	same_stage_one_event	PIK3CA	1	0.2878435623606358	0.0027574253525565274	0.0007937071364234029
rule_a_one_step	metastatic::APC+KRAS+PIK3CA+TP53	metastatic::APC+KRAS+PIK3CA+SOX9+TP53	same_stage_one_event	SOX9	1	0.17564516765790297	0.005436067123611439	0.0009548189213263456
rule_a_one_step	metastatic::APC+KRAS+PIK3CA+SOX9	metastatic::APC+KRAS+PIK3CA+SOX9+TP53	same_stage_one_event	TP53	1	0.07474415539996633	0.0005514850705113054	4.12202858110584e-05
rule_a_one_step	metastatic::KRAS+RNF43+TP53	metastatic::APC+KRAS+RNF43+TP53	same_stage_one_event	APC	1	0.2623608618634223	0.0007090522335145356	0.0001860275550910581
rule_a_one_step	metastatic::APC+RNF43+TP53	metastatic::APC+KRAS+RNF43+TP53	same_stage_one_event	KRAS	1	0.21559521040088814	0.0004727014890096904	0.0001019121769798573
rule_a_one_step	metastatic::APC+KRAS+TP53	metastatic::APC+KRAS+RNF43+TP53	same_stage_one_event	RNF43	1	0.016373305573862594	0.03064681320412826	0.000501789637456279
rule_a_one_step	metastatic::APC+KRAS+RNF43	metastatic::APC+KRAS+RNF43+TP53	same_stage_one_event	TP53	1	0.034258538184349166	0.0002363507445048452	8.097031005518593e-06
rule_a_one_step	metastatic::PIK3CA	metastatic::APC+PIK3CA	same_stage_one_event	APC	1	0.31311865244204595	0.001181753722524226	0.00037002913311515715
rule_a_one_step	metastatic::APC	metastatic::APC+PIK3CA	same_stage_one_event	PIK3CA	1	0.020603528163090714	0.003781611912077523	7.791454753236858e-05
rule_a_one_step	metastatic::PIK3CA+PTEN	metastatic::APC+PIK3CA+PTEN	same_stage_one_event	APC	1	0.37551343925427777	7.878358150161507e-05	2.958429364644117e-05
rule_a_one_step	metastatic::APC+PTEN	metastatic::APC+PIK3CA+PTEN	same_stage_one_event	PIK3CA	1	0.07959114367187937	0.0002363507445048452	1.881142606284079e-05
rule_a_one_step	metastatic::APC+PIK3CA	metastatic::APC+PIK3CA+PTEN	same_stage_one_event	PTEN	1	0.004863316301420527	0.0003151343260064603	1.532597904804389e-06
rule_a_one_step	metastatic::APC+SOX9+TP53	metastatic::APC+PIK3CA+SOX9+TP53	same_stage_one_event	PIK3CA	1	0.09429684195899392	0.0033089104230678325	0.00031201980322049513
rule_a_one_step	metastatic::APC+PIK3CA+TP53	metastatic::APC+PIK3CA+SOX9+TP53	same_stage_one_event	SOX9	1	0.05686840673178249	0.003860395493579138	0.00021953454107439865
rule_a_one_step	metastatic::APC+PIK3CA+SOX9	metastatic::APC+PIK3CA+SOX9+TP53	same_stage_one_event	TP53	1	0.49205011250360625	0.0002363507445048452	0.00011629641042392018
rule_a_one_step	metastatic::SMAD4	metastatic::APC+SMAD4	same_stage_one_event	APC	1	0.27448267535380827	0.0010241865595209958	0.0002811214669187353
rule_a_one_step	metastatic::APC	metastatic::APC+SMAD4	same_stage_one_event	SMAD4	1	0.0070042761562239	0.003781611912077523	2.648745414785687e-05
rule_a_one_step	metastatic::APC+TCF7L2+TP53	metastatic::APC+SMAD4+TCF7L2+TP53	same_stage_one_event	SMAD4	1	0.07905559725227948	0.0033089104230678325	0.00026158788974992025
rule_a_one_step	metastatic::APC+SMAD4+TP53	metastatic::APC+SMAD4+TCF7L2+TP53	same_stage_one_event	TCF7L2	1	0.032707388332186116	0.004411880564090444	0.00014430109088493047
rule_a_one_step	metastatic::TCF7L2	metastatic::APC+TCF7L2	same_stage_one_event	APC	1	0.46893866470875195	7.878358150161507e-05	3.6944667510340504e-05
rule_a_one_step	metastatic::APC	metastatic::APC+TCF7L2	same_stage_one_event	TCF7L2	1	0.010512914393327973	0.003781611912077523	3.9755762300460305e-05
rule_a_one_step	metastatic::FBXW7+PIK3CA	metastatic::BRAF+FBXW7+PIK3CA	same_stage_one_event	BRAF	1	0.09371594371881609	0.00015756716300323014	1.4766555379944235e-05
rule_a_one_step	metastatic::BRAF+PIK3CA	metastatic::BRAF+FBXW7+PIK3CA	same_stage_one_event	FBXW7	1	0.07751569257427393	0.0003151343260064603	2.4427855534317793e-05
rule_a_one_step	metastatic::BRAF+FBXW7	metastatic::BRAF+FBXW7+PIK3CA	same_stage_one_event	PIK3CA	1	0.1363305236390973	7.878358150161507e-05	1.0740606920278683e-05
rule_a_one_step	metastatic::PIK3CA	metastatic::BRAF+PIK3CA	same_stage_one_event	BRAF	1	0.08084412519492988	0.001181753722524226	9.553784589332296e-05
rule_a_one_step	metastatic::BRAF	metastatic::BRAF+PIK3CA	same_stage_one_event	PIK3CA	1	0.11591933938110813	0.002205940282045222	0.00025571114020885743
rule_a_one_step	metastatic::KRAS+PIK3CA+TP53	metastatic::CTNNB1+KRAS+PIK3CA+TP53	same_stage_one_event	CTNNB1	1	0.03352465668917309	0.002599858189553297	8.715935324530937e-05
rule_a_one_step	metastatic::CTNNB1+PIK3CA+TP53	metastatic::CTNNB1+KRAS+PIK3CA+TP53	same_stage_one_event	KRAS	1	0.4808682181854032	0.0003151343260064603	0.00015153808183578454
rule_a_one_step	metastatic::CTNNB1+KRAS+TP53	metastatic::CTNNB1+KRAS+PIK3CA+TP53	same_stage_one_event	PIK3CA	1	0.21488191526283631	0.001181753722524226	0.0002539375032649921
rule_a_one_step	metastatic::CTNNB1+KRAS+PIK3CA	metastatic::CTNNB1+KRAS+PIK3CA+TP53	same_stage_one_event	TP53	1	0.028864054056464382	0.0002363507445048452	6.8220406656734535e-06
rule_a_one_step	metastatic::PIK3CA+TP53	metastatic::CTNNB1+PIK3CA+TP53	same_stage_one_event	CTNNB1	1	0.016348323198343017	0.002127156700543607	3.4775445234007836e-05
rule_a_one_step	metastatic::CTNNB1+TP53	metastatic::CTNNB1+PIK3CA+TP53	same_stage_one_event	PIK3CA	1	0.07397625294559577	0.001181753722524226	8.742171229685155e-05
rule_a_one_step	metastatic::CTNNB1+PIK3CA	metastatic::CTNNB1+PIK3CA+TP53	same_stage_one_event	TP53	1	0.28131686569927805	7.878358150161507e-05	2.2163150216597974e-05
rule_a_one_step	metastatic::KRAS+PIK3CA	metastatic::FBXW7+KRAS+PIK3CA	same_stage_one_event	FBXW7	1	0.06000473494072038	0.0022847238635468367	0.00013709424984486654
rule_a_one_step	metastatic::FBXW7+PIK3CA	metastatic::FBXW7+KRAS+PIK3CA	same_stage_one_event	KRAS	1	0.19486527325792238	0.00015756716300323014	3.070436827510004e-05
rule_a_one_step	metastatic::FBXW7+KRAS	metastatic::FBXW7+KRAS+PIK3CA	same_stage_one_event	PIK3CA	1	0.1894113165858601	0.00039391790750807534	7.461250948785162e-05
rule_a_one_step	metastatic::RNF43+SMAD4+TP53	metastatic::KRAS+RNF43+SMAD4+TP53	same_stage_one_event	KRAS	1	0.2246539954744942	0.0004727014890096904	0.00010619427817276966
rule_a_one_step	metastatic::KRAS+SMAD4+TP53	metastatic::KRAS+RNF43+SMAD4+TP53	same_stage_one_event	RNF43	1	0.034255817684193564	0.0032301268415662176	0.00011065063618151234
rule_a_one_step	metastatic::KRAS+RNF43+TP53	metastatic::KRAS+RNF43+SMAD4+TP53	same_stage_one_event	SMAD4	1	0.13695989164461733	0.0007090522335145356	9.71117170725247e-05
rule_a_one_step	metastatic::SMAD4+TP53	metastatic::NRAS+SMAD4+TP53	same_stage_one_event	NRAS	1	0.027941587021124963	0.002127156700543607	5.943613405580825e-05
rule_a_one_step	metastatic::NRAS+TP53	metastatic::NRAS+SMAD4+TP53	same_stage_one_event	SMAD4	1	0.10637101132656655	0.0014181044670290711	0.00015084520632460395
rule_a_one_step	primary::ARID1A	primary::APC+ARID1A	same_stage_one_event	APC	1	0.2594606086473514	0.00015756716300323014	4.088247201565452e-05
rule_a_one_step	primary::APC	primary::APC+ARID1A	same_stage_one_event	ARID1A	1	0.01150813432629867	0.009611596943197038	0.0001106115487125532
rule_a_one_step	primary::ARID1A+FBXW7+KRAS+TP53	primary::APC+ARID1A+FBXW7+KRAS+TP53	same_stage_one_event	APC	1	0.4089858969580511	7.878358150161507e-05	3.2221373746005765e-05
rule_a_one_step	primary::APC+FBXW7+KRAS+TP53	primary::APC+ARID1A+FBXW7+KRAS+TP53	same_stage_one_event	ARID1A	1	0.09627272937063018	0.0068541715906405105	0.0006598698066055957
rule_a_one_step	primary::APC+ARID1A+KRAS+TP53	primary::APC+ARID1A+FBXW7+KRAS+TP53	same_stage_one_event	FBXW7	1	0.1334140728759964	0.0014181044670290711	0.00018919509270999254
rule_a_one_step	primary::APC+ARID1A+FBXW7+TP53	primary::APC+ARID1A+FBXW7+KRAS+TP53	same_stage_one_event	KRAS	1	0.3025175343187908	0.0005514850705113054	0.0001668339037447046
rule_a_one_step	primary::APC+ARID1A+FBXW7+KRAS	primary::APC+ARID1A+FBXW7+KRAS+TP53	same_stage_one_event	TP53	1	0.06912638814471557	0.00015756716300323014	1.0892048868622955e-05
rule_a_one_step	primary::APC+KRAS+PIK3CA+PTEN+SOX9	primary::APC+ARID1A+KRAS+PIK3CA+PTEN+SOX9	same_stage_one_event	ARID1A	1	0.20187959194803823	0.0003151343260064603	6.361918914300425e-05
rule_a_one_step	primary::APC+ARID1A+PIK3CA+PTEN+SOX9	primary::APC+ARID1A+KRAS+PIK3CA+PTEN+SOX9	same_stage_one_event	KRAS	1	0.14414934785798988	7.878358150161507e-05	1.1356601895374608e-05
rule_a_one_step	primary::APC+ARID1A+KRAS+PTEN+SOX9	primary::APC+ARID1A+KRAS+PIK3CA+PTEN+SOX9	same_stage_one_event	PIK3CA	1	0.3201845880896853	7.878358150161507e-05	2.522528859132477e-05
rule_a_one_step	primary::APC+ARID1A+KRAS+PIK3CA+SOX9	primary::APC+ARID1A+KRAS+PIK3CA+PTEN+SOX9	same_stage_one_event	PTEN	1	0.03279208152423341	0.00039391790750807534	1.2917388136860241e-05
rule_a_one_step	primary::APC+ARID1A+KRAS+PIK3CA+PTEN	primary::APC+ARID1A+KRAS+PIK3CA+PTEN+SOX9	same_stage_one_event	SOX9	1	0.23841812882677266	7.878358150161507e-05	1.8783434083886606e-05
rule_a_one_step	primary::APC+PIK3CA+SOX9	primary::APC+ARID1A+PIK3CA+SOX9	same_stage_one_event	ARID1A	1	0.06307848136616068	0.0002363507445048452	1.4908646033127082e-05
rule_a_one_step	primary::APC+ARID1A+SOX9	primary::APC+ARID1A+PIK3CA+SOX9	same_stage_one_event	PIK3CA	1	0.11010569289697317	7.878358150161507e-05	8.674520830140486e-06
rule_a_one_step	primary::APC+PIK3CA+TCF7L2+TP53	primary::APC+ARID1A+PIK3CA+TCF7L2+TP53	same_stage_one_event	ARID1A	1	0.07904415548107759	0.0012605373040258411	9.963810664911696e-05
rule_a_one_step	primary::APC+ARID1A+TCF7L2+TP53	primary::APC+ARID1A+PIK3CA+TCF7L2+TP53	same_stage_one_event	PIK3CA	1	0.13293485291851856	0.00039391790750807534	5.236541909655659e-05
rule_a_one_step	primary::APC+ARID1A+PIK3CA+TP53	primary::APC+ARID1A+PIK3CA+TCF7L2+TP53	same_stage_one_event	TCF7L2	1	0.16093497222182954	0.0005514850705113054	8.875323450349065e-05
rule_a_one_step	primary::APC+ARID1A+PIK3CA+TCF7L2	primary::APC+ARID1A+PIK3CA+TCF7L2+TP53	same_stage_one_event	TP53	1	0.48551644401938293	7.878358150161507e-05	3.825072433777538e-05
rule_a_one_step	primary::APC+FBXW7+PIK3CA+PTEN	primary::APC+BRAF+FBXW7+PIK3CA+PTEN	same_stage_one_event	BRAF	1	0.01897714661279856	7.878358150161507e-05	1.4950875768375137e-06
rule_a_one_step	primary::APC+BRAF+PIK3CA+PTEN	primary::APC+BRAF+FBXW7+PIK3CA+PTEN	same_stage_one_event	FBXW7	1	0.1956347323262284	0.0002363507445048452	4.623841463631019e-05
rule_a_one_step	primary::BRAF+FBXW7+PIK3CA+TP53	primary::APC+BRAF+FBXW7+PIK3CA+TP53	same_stage_one_event	APC	1	0.2615117793461762	0.00039391790750807534	0.00010301417290875924
rule_a_one_step	primary::APC+FBXW7+PIK3CA+TP53	primary::APC+BRAF+FBXW7+PIK3CA+TP53	same_stage_one_event	BRAF	1	0.027287705143681073	0.001181753722524226	3.224734713268858e-05
rule_a_one_step	primary::APC+BRAF+PIK3CA+TP53	primary::APC+BRAF+FBXW7+PIK3CA+TP53	same_stage_one_event	FBXW7	1	0.1906403993901561	0.0018908059560387616	0.0003604640026285154
rule_a_one_step	primary::APC+BRAF+FBXW7+TP53	primary::APC+BRAF+FBXW7+PIK3CA+TP53	same_stage_one_event	PIK3CA	1	0.1771607776964622	0.0006302686520129206	0.00011165888454830992
rule_a_one_step	primary::BRAF+KRAS+SOX9+TP53	primary::APC+BRAF+KRAS+SOX9+TP53	same_stage_one_event	APC	1	0.2440414586899077	7.878358150161507e-05	1.9226460150469372e-05
rule_a_one_step	primary::APC+KRAS+SOX9+TP53	primary::APC+BRAF+KRAS+SOX9+TP53	same_stage_one_event	BRAF	1	0.007702558103815788	0.004648231308595289	3.580327173443091e-05
rule_a_one_step	primary::APC+BRAF+SOX9+TP53	primary::APC+BRAF+KRAS+SOX9+TP53	same_stage_one_event	KRAS	1	0.07333403683869304	0.00015756716300323014	1.155503613624723e-05
rule_a_one_step	primary::APC+BRAF+KRAS+TP53	primary::APC+BRAF+KRAS+SOX9+TP53	same_stage_one_event	SOX9	1	0.14416304479445827	0.0003151343260064603	4.543072395634075e-05
rule_a_one_step	primary::APC+BRAF+KRAS+SOX9	primary::APC+BRAF+KRAS+SOX9+TP53	same_stage_one_event	TP53	1	0.03838486538212993	7.878358150161507e-05	3.0240971702615562e-06
rule_a_one_step	primary::BRAF+KRAS+TP53	primary::APC+BRAF+KRAS+TP53	same_stage_one_event	APC	1	0.23715247065655143	0.0005514850705113054	0.00013078604700195856
rule_a_one_step	primary::APC+KRAS+TP53	primary::APC+BRAF+KRAS+TP53	same_stage_one_event	BRAF	1	0.006674935354898731	0.045694477270936736	0.00030500768185939207
rule_a_one_step	primary::APC+BRAF+TP53	primary::APC+BRAF+KRAS+TP53	same_stage_one_event	KRAS	1	0.09294740001892915	0.004411880564090444	0.00041007282762625327
rule_a_one_step	primary::APC+BRAF+KRAS	primary::APC+BRAF+KRAS+TP53	same_stage_one_event	TP53	1	0.10619885722174545	0.0005514850705113054	5.8567084263154346e-05
rule_a_one_step	primary::BRAF+NRAS+TP53	primary::APC+BRAF+NRAS+TP53	same_stage_one_event	APC	1	0.22559541094206811	0.0003151343260064603	7.109285777737906e-05
rule_a_one_step	primary::APC+NRAS+TP53	primary::APC+BRAF+NRAS+TP53	same_stage_one_event	BRAF	1	0.02954194068279102	0.0044906641455920585	0.000132662933815417
rule_a_one_step	primary::APC+BRAF+TP53	primary::APC+BRAF+NRAS+TP53	same_stage_one_event	NRAS	1	0.04378418115001466	0.004411880564090444	0.00019317057783036485
rule_a_one_step	primary::APC+BRAF+NRAS	primary::APC+BRAF+NRAS+TP53	same_stage_one_event	TP53	1	0.4345147006811596	0.00015756716300323014	6.846524866952803e-05
rule_a_one_step	primary::BRAF+PTEN	primary::APC+BRAF+PTEN	same_stage_one_event	APC	1	0.24173551283617656	0.0010241865595209958	0.00024758226320572717
rule_a_one_step	primary::APC+PTEN	primary::APC+BRAF+PTEN	same_stage_one_event	BRAF	1	0.008918720331523662	0.0002363507445048452	2.1079461903861172e-06
rule_a_one_step	primary::APC+BRAF	primary::APC+BRAF+PTEN	same_stage_one_event	PTEN	1	0.00979982208677923	0.001181753722524226	1.1580976231126483e-05
rule_a_one_step	primary::BRAF+SMAD4	primary::APC+BRAF+SMAD4	same_stage_one_event	APC	1	0.23426934717165998	0.0007090522335145356	0.00016610920385605766
rule_a_one_step	primary::APC+SMAD4	primary::APC+BRAF+SMAD4	same_stage_one_event	BRAF	1	0.0037564590854918868	0.0008666193965177657	3.2554203057126567e-06
rule_a_one_step	primary::APC+BRAF	primary::APC+BRAF+SMAD4	same_stage_one_event	SMAD4	1	0.01861434324529663	0.001181753722524226	2.1997569422472973e-05
rule_a_one_step	primary::CTNNB1	primary::APC+CTNNB1	same_stage_one_event	APC	1	0.09752989629012139	0.00039391790750807534	3.8418772666084215e-05
rule_a_one_step	primary::APC	primary::APC+CTNNB1	same_stage_one_event	CTNNB1	1	0.003400877852786545	0.009611596943197038	3.268786717402966e-05
rule_a_one_step	primary::APC+KRAS+PIK3CA+SOX9+TP53	primary::APC+FBXW7+KRAS+PIK3CA+SOX9+TP53	same_stage_one_event	FBXW7	1	0.2697500754161846	0.0016544552115339162	0.0004462894180839736
rule_a_one_step	primary::APC+FBXW7+PIK3CA+SOX9+TP53	primary::APC+FBXW7+KRAS+PIK3CA+SOX9+TP53	same_stage_one_event	KRAS	1	0.5789010012149406	0.0002363507445048452	0.0001368236826317515
rule_a_one_step	primary::APC+FBXW7+KRAS+SOX9+TP53	primary::APC+FBXW7+KRAS+PIK3CA+SOX9+TP53	same_stage_one_event	PIK3CA	1	0.3800580217386678	0.001102970141022611	0.00041919264983387294
rule_a_one_step	primary::APC+FBXW7+KRAS+PIK3CA+TP53	primary::APC+FBXW7+KRAS+PIK3CA+SOX9+TP53	same_stage_one_event	SOX9	1	0.24848026008413426	0.0018908059560387616	0.00046982795572514163
rule_a_one_step	primary::APC+FBXW7+KRAS+PIK3CA+SOX9	primary::APC+FBXW7+KRAS+PIK3CA+SOX9+TP53	same_stage_one_event	TP53	1	0.07740415872375682	0.0008666193965177657	6.707994532114748e-05
rule_a_one_step	primary::APC+KRAS+SMAD4+SOX9+TP53	primary::APC+FBXW7+KRAS+SMAD4+SOX9+TP53	same_stage_one_event	FBXW7	1	0.20461141123682083	0.0010241865595209958	0.00020956025731337514
rule_a_one_step	primary::APC+FBXW7+SMAD4+SOX9+TP53	primary::APC+FBXW7+KRAS+SMAD4+SOX9+TP53	same_stage_one_event	KRAS	1	0.5530500349613324	0.00015756716300323014	8.71425250076944e-05
rule_a_one_step	primary::APC+FBXW7+KRAS+SOX9+TP53	primary::APC+FBXW7+KRAS+SMAD4+SOX9+TP53	same_stage_one_event	SMAD4	1	0.1558070097141946	0.001102970141022611	0.0001718504794767765
rule_a_one_step	primary::APC+FBXW7+KRAS+SMAD4+TP53	primary::APC+FBXW7+KRAS+SMAD4+SOX9+TP53	same_stage_one_event	SOX9	1	0.2274869084484546	0.001339320885527456	0.00030467796766908754
rule_a_one_step	primary::APC+FBXW7+KRAS+SMAD4+SOX9	primary::APC+FBXW7+KRAS+SMAD4+SOX9+TP53	same_stage_one_event	TP53	1	0.08833613161403091	0.00015756716300323014	1.3918873649102799e-05
rule_a_one_step	primary::APC+NRAS	primary::APC+KRAS+NRAS	same_stage_one_event	KRAS	1	0.023741012337624365	0.0007878358150161507	1.870401980432078e-05
rule_a_one_step	primary::APC+KRAS	primary::APC+KRAS+NRAS	same_stage_one_event	NRAS	1	0.006138578828826157	0.01693847002284724	0.00010397813347495656
rule_a_one_step	primary::KRAS+PIK3CA+PTEN+SOX9	primary::APC+KRAS+PIK3CA+PTEN+SOX9	same_stage_one_event	APC	1	0.631862673768676	7.878358150161507e-05	4.97804044566829e-05
rule_a_one_step	primary::APC+PIK3CA+PTEN+SOX9	primary::APC+KRAS+PIK3CA+PTEN+SOX9	same_stage_one_event	KRAS	1	0.28682014899727526	7.878358150161507e-05	2.2596718584832214e-05
rule_a_one_step	primary::APC+KRAS+PIK3CA+SOX9	primary::APC+KRAS+PIK3CA+PTEN+SOX9	same_stage_one_event	PTEN	1	0.044416031711496044	0.0020483731190419916	9.098060541234516e-05
rule_a_one_step	primary::APC+KRAS+PIK3CA+PTEN	primary::APC+KRAS+PIK3CA+PTEN+SOX9	same_stage_one_event	SOX9	1	0.17634777300168306	0.0006302686520129206	0.00011114647317525128
rule_a_one_step	primary::APC+KRAS+PIK3CA+TCF7L2	primary::APC+KRAS+PIK3CA+PTEN+TCF7L2	same_stage_one_event	PTEN	1	0.0429066331428429	0.0012605373040258411	5.4085411666704985e-05
rule_a_one_step	primary::APC+KRAS+PIK3CA+PTEN	primary::APC+KRAS+PIK3CA+PTEN+TCF7L2	same_stage_one_event	TCF7L2	1	0.16269226652169982	0.0006302686520129206	0.00010253983551355856
rule_a_one_step	primary::APC+PIK3CA+SMAD4+SOX9+TP53	primary::APC+KRAS+PIK3CA+SMAD4+SOX9+TP53	same_stage_one_event	KRAS	1	0.5752242417710013	7.878358150161507e-05	4.531822593327041e-05
rule_a_one_step	primary::APC+KRAS+SMAD4+SOX9+TP53	primary::APC+KRAS+PIK3CA+SMAD4+SOX9+TP53	same_stage_one_event	PIK3CA	1	0.3551605345627066	0.0010241865595209958	0.00036375064597141615
rule_a_one_step	primary::APC+KRAS+PIK3CA+SOX9+TP53	primary::APC+KRAS+PIK3CA+SMAD4+SOX9+TP53	same_stage_one_event	SMAD4	1	0.19855016880532586	0.0016544552115339162	0.0003284923615309102
rule_a_one_step	primary::APC+KRAS+PIK3CA+SMAD4+TP53	primary::APC+KRAS+PIK3CA+SMAD4+SOX9+TP53	same_stage_one_event	SOX9	1	0.22990780906797811	0.0017332387930355314	0.00039848513349842576
rule_a_one_step	primary::APC+KRAS+PIK3CA+SMAD4+SOX9	primary::APC+KRAS+PIK3CA+SMAD4+SOX9+TP53	same_stage_one_event	TP53	1	0.06758065325851992	0.0005514850705113054	3.726972132747494e-05
rule_a_one_step	primary::NRAS+PIK3CA+SMAD4+TP53	primary::APC+NRAS+PIK3CA+SMAD4+TP53	same_stage_one_event	APC	1	0.47660388352056243	7.878358150161507e-05	3.754856090132848e-05
rule_a_one_step	primary::APC+PIK3CA+SMAD4+TP53	primary::APC+NRAS+PIK3CA+SMAD4+TP53	same_stage_one_event	NRAS	1	0.06256600864286467	0.0004727014890096904	2.9575045446875288e-05
rule_a_one_step	primary::APC+NRAS+SMAD4+TP53	primary::APC+NRAS+PIK3CA+SMAD4+TP53	same_stage_one_event	PIK3CA	1	0.16342635334509983	0.0007090522335145356	0.00011587782085447872
rule_a_one_step	primary::APC+NRAS+PIK3CA+TP53	primary::APC+NRAS+PIK3CA+SMAD4+TP53	same_stage_one_event	SMAD4	1	0.10130303262445046	0.0006302686520129206	6.384812581703331e-05
rule_a_one_step	primary::APC+PTEN+TP53	primary::APC+NRAS+PTEN+TP53	same_stage_one_event	NRAS	1	0.05203643780977854	0.001102970141022611	5.739463714936576e-05
rule_a_one_step	primary::APC+NRAS+TP53	primary::APC+NRAS+PTEN+TP53	same_stage_one_event	PTEN	1	0.02673113593309531	0.0044906641455920585	0.00012004055370569862
rule_a_one_step	primary::APC+NRAS+PTEN	primary::APC+NRAS+PTEN+TP53	same_stage_one_event	TP53	1	0.2653272276970614	7.878358150161507e-05	2.0903429267869016e-05
rule_a_one_step	primary::PIK3CA+RNF43+TP53	primary::APC+PIK3CA+RNF43+TP53	same_stage_one_event	APC	1	0.16425766323895066	7.878358150161507e-05	1.294080699905071e-05
rule_a_one_step	primary::APC+RNF43+TP53	primary::APC+PIK3CA+RNF43+TP53	same_stage_one_event	PIK3CA	1	0.05114041347209751	0.0005514850705113054	2.820317452963701e-05
rule_a_one_step	primary::APC+PIK3CA+TP53	primary::APC+PIK3CA+RNF43+TP53	same_stage_one_event	RNF43	1	0.012018098951119684	0.008902544709682502	0.00010699166323773137
rule_a_one_step	primary::APC+PIK3CA+RNF43	primary::APC+PIK3CA+RNF43+TP53	same_stage_one_event	TP53	1	0.21100558955312346	7.878358150161507e-05	1.6623776061854838e-05
rule_a_one_step	primary::APC+SOX9+TP53	primary::APC+PIK3CA+SOX9+TP53	same_stage_one_event	PIK3CA	1	0.09429684195899392	0.0050421492161033645	0.00047545874776456403
rule_a_one_step	primary::APC+PIK3CA+TP53	primary::APC+PIK3CA+SOX9+TP53	same_stage_one_event	SOX9	1	0.05686840673178249	0.008902544709682502	0.000506273533498103
rule_a_one_step	primary::APC+PIK3CA+SOX9	primary::APC+PIK3CA+SOX9+TP53	same_stage_one_event	TP53	1	0.49205011250360625	0.0002363507445048452	0.00011629641042392018
rule_a_one_step	primary::APC+TCF7L2+TP53	primary::APC+SOX9+TCF7L2+TP53	same_stage_one_event	SOX9	1	0.05319105829419135	0.005436067123611439	0.00028915016326315317
rule_a_one_step	primary::APC+SOX9+TP53	primary::APC+SOX9+TCF7L2+TP53	same_stage_one_event	TCF7L2	1	0.051608187917340995	0.0050421492161033645	0.00026021618425193605
rule_a_one_step	primary::APC+SOX9+TCF7L2	primary::APC+SOX9+TCF7L2+TP53	same_stage_one_event	TP53	1	0.6437225608993014	7.878358150161507e-05	5.071476884103848e-05
rule_a_one_step	primary::BRAF+RNF43+TCF7L2	primary::ARID1A+BRAF+RNF43+TCF7L2	same_stage_one_event	ARID1A	1	0.2509221159914779	7.878358150161507e-05	1.976854297577231e-05
rule_a_one_step	primary::ARID1A+BRAF+RNF43	primary::ARID1A+BRAF+RNF43+TCF7L2	same_stage_one_event	TCF7L2	1	0.1451737043587822	0.0004727014890096904	6.862382621544893e-05
rule_a_one_step	primary::BRAF+RNF43+TP53	primary::ARID1A+BRAF+RNF43+TP53	same_stage_one_event	ARID1A	1	0.2471128311464272	0.0030725596785629874	0.0007592689210360561
rule_a_one_step	primary::ARID1A+RNF43+TP53	primary::ARID1A+BRAF+RNF43+TP53	same_stage_one_event	BRAF	1	0.1708085861902928	0.00015756716300323014	2.6913824342597148e-05
rule_a_one_step	primary::ARID1A+BRAF+TP53	primary::ARID1A+BRAF+RNF43+TP53	same_stage_one_event	RNF43	1	0.2383045044860662	0.0004727014890096904	0.00011264689410827993
rule_a_one_step	primary::ARID1A+BRAF+RNF43	primary::ARID1A+BRAF+RNF43+TP53	same_stage_one_event	TP53	1	0.016754858436569684	0.0004727014890096904	7.920046531113063e-06
rule_a_one_step	primary::NRAS+TP53	primary::BRAF+NRAS+TP53	same_stage_one_event	BRAF	1	0.11363060597745293	0.0017332387930355314	0.00019694897435625655
rule_a_one_step	primary::BRAF+TP53	primary::BRAF+NRAS+TP53	same_stage_one_event	NRAS	1	0.020437603051108963	0.010163082013708344	0.00020770903597203626
rule_a_one_step	primary::BRAF+NRAS	primary::BRAF+NRAS+TP53	same_stage_one_event	TP53	1	0.07695170831613768	7.878358150161507e-05	6.062531183812943e-06
rule_a_one_step	primary::PIK3CA+RNF43	primary::BRAF+PIK3CA+RNF43	same_stage_one_event	BRAF	1	0.11348301041601402	7.878358150161507e-05	8.940598000158673e-06
rule_a_one_step	primary::BRAF+RNF43	primary::BRAF+PIK3CA+RNF43	same_stage_one_event	PIK3CA	1	0.11353116096812133	0.0005514850705113054	6.261074031173475e-05
rule_a_one_step	primary::BRAF+PIK3CA	primary::BRAF+PIK3CA+RNF43	same_stage_one_event	RNF43	1	0.18849061837236863	0.0016544552115339162	0.00031184928589141585
rule_a_one_step	primary::BRAF+PIK3CA+RNF43	primary::BRAF+PIK3CA+RNF43+TGFBR2	same_stage_one_event	TGFBR2	1	0.1005638554528791	0.0003151343260064603	3.169112280875415e-05
rule_a_one_step	primary::BRAF+SMAD4	primary::BRAF+RNF43+SMAD4	same_stage_one_event	RNF43	1	0.14787857914057984	0.0007090522335145356	0.00010485363682858414
rule_a_one_step	primary::BRAF+RNF43	primary::BRAF+RNF43+SMAD4	same_stage_one_event	SMAD4	1	0.06618775625974223	0.0005514850705113054	3.650155942788904e-05
rule_a_one_step	primary::BRAF+RNF43+SOX9	primary::BRAF+RNF43+SOX9+TGFBR2	same_stage_one_event	TGFBR2	1	0.1300272342753862	0.00015756716300323014	2.048802241792897e-05
rule_a_one_step	primary::KRAS+PIK3CA+PTEN+TP53	primary::CTNNB1+KRAS+PIK3CA+PTEN+TP53	same_stage_one_event	CTNNB1	1	0.048433265300206245	0.0005514850705113054	2.6710222729177004e-05
rule_a_one_step	primary::CTNNB1+KRAS+PTEN+TP53	primary::CTNNB1+KRAS+PIK3CA+PTEN+TP53	same_stage_one_event	PIK3CA	1	0.24980420762763922	7.878358150161507e-05	1.9680470151078487e-05
rule_a_one_step	primary::CTNNB1+KRAS+PIK3CA+TP53	primary::CTNNB1+KRAS+PIK3CA+PTEN+TP53	same_stage_one_event	PTEN	1	0.10446761460699976	0.0009454029780193808	9.876399395603853e-05
rule_a_one_step	primary::CTNNB1+KRAS+PIK3CA+PTEN	primary::CTNNB1+KRAS+PIK3CA+PTEN+TP53	same_stage_one_event	TP53	1	0.005273194388785915	7.878358150161507e-05	4.154411399027744e-07
rule_a_one_step	primary::KRAS+SMAD4+TP53	primary::CTNNB1+KRAS+SMAD4+TP53	same_stage_one_event	CTNNB1	1	0.032259382834082806	0.004175529819585598	0.0001347000149851405
rule_a_one_step	primary::CTNNB1+SMAD4+TP53	primary::CTNNB1+KRAS+SMAD4+TP53	same_stage_one_event	KRAS	1	0.476461975715101	0.0002363507445048452	0.00011261214268851359
rule_a_one_step	primary::CTNNB1+KRAS+TP53	primary::CTNNB1+KRAS+SMAD4+TP53	same_stage_one_event	SMAD4	1	0.17142712621303108	0.0010241865595209958	0.00017557335860469582
rule_a_one_step	primary::CTNNB1+KRAS+SMAD4	primary::CTNNB1+KRAS+SMAD4+TP53	same_stage_one_event	TP53	1	0.041194465756117335	7.878358150161507e-05	3.2454475503125613e-06
rule_a_one_step	primary::KRAS+PIK3CA+SMAD4+TP53	primary::FBXW7+KRAS+PIK3CA+SMAD4+TP53	same_stage_one_event	FBXW7	1	0.07789775040975054	0.0005514850705113054	4.295944637739335e-05
rule_a_one_step	primary::FBXW7+KRAS+SMAD4+TP53	primary::FBXW7+KRAS+PIK3CA+SMAD4+TP53	same_stage_one_event	PIK3CA	1	0.15406459707182982	0.0003151343260064603	4.855104295968796e-05
rule_a_one_step	primary::FBXW7+KRAS+PIK3CA+TP53	primary::FBXW7+KRAS+PIK3CA+SMAD4+TP53	same_stage_one_event	SMAD4	1	0.09243039558332396	0.0007878358150161507	7.281997603665324e-05
rule_a_one_step	primary::FBXW7+KRAS+PIK3CA+SMAD4	primary::FBXW7+KRAS+PIK3CA+SMAD4+TP53	same_stage_one_event	TP53	1	0.009446380275658587	0.0002363507445048452	2.232659011027792e-06
rule_a_one_step	primary::KRAS+SMAD4+TP53	primary::FBXW7+KRAS+SMAD4+TP53	same_stage_one_event	FBXW7	1	0.05584703110380747	0.004175529819585598	0.00023319094370927247
rule_a_one_step	primary::FBXW7+SMAD4+TP53	primary::FBXW7+KRAS+SMAD4+TP53	same_stage_one_event	KRAS	1	0.3549811068472999	0.00015756716300323014	5.593336592567556e-05
rule_a_one_step	primary::FBXW7+KRAS+TP53	primary::FBXW7+KRAS+SMAD4+TP53	same_stage_one_event	SMAD4	1	0.10271490265235504	0.0022847238635468367	0.00023467518923172583
rule_a_one_step	primary::PIK3CA+PTEN+SMAD4+TP53	primary::KRAS+PIK3CA+PTEN+SMAD4+TP53	same_stage_one_event	KRAS	1	0.388732416798271	7.878358150161507e-05	3.062573204114638e-05
rule_a_one_step	primary::KRAS+PTEN+SMAD4+TP53	primary::KRAS+PIK3CA+PTEN+SMAD4+TP53	same_stage_one_event	PIK3CA	1	0.165820837975332	0.00015756716300323014	2.6127919006591353e-05
rule_a_one_step	primary::KRAS+PIK3CA+SMAD4+TP53	primary::KRAS+PIK3CA+PTEN+SMAD4+TP53	same_stage_one_event	PTEN	1	0.0693516228233305	0.0005514850705113054	3.8246384602797885e-05
rule_a_one_step	primary::KRAS+PIK3CA+PTEN+TP53	primary::KRAS+PIK3CA+PTEN+SMAD4+TP53	same_stage_one_event	SMAD4	1	0.13200014082778722	0.0005514850705113054	7.279610697191448e-05
rule_a_one_step	primary::KRAS+PIK3CA+PTEN+SMAD4	primary::KRAS+PIK3CA+PTEN+SMAD4+TP53	same_stage_one_event	TP53	1	0.0021117558030017206	7.878358150161507e-05	1.6637168541729462e-07
rule_a_one_step	primary::PIK3CA+RNF43+SMAD4+TP53	primary::KRAS+PIK3CA+RNF43+SMAD4+TP53	same_stage_one_event	KRAS	1	0.24112704088017087	7.878358150161507e-05	1.899685187742621e-05
rule_a_one_step	primary::KRAS+RNF43+SMAD4+TP53	primary::KRAS+PIK3CA+RNF43+SMAD4+TP53	same_stage_one_event	PIK3CA	1	0.13158180122601265	0.00039391790750807534	5.1832427805094404e-05
rule_a_one_step	primary::KRAS+PIK3CA+SMAD4+TP53	primary::KRAS+PIK3CA+RNF43+SMAD4+TP53	same_stage_one_event	RNF43	1	0.03998252220029332	0.0005514850705113054	2.20497640748486e-05
rule_a_one_step	primary::KRAS+PIK3CA+RNF43+TP53	primary::KRAS+PIK3CA+RNF43+SMAD4+TP53	same_stage_one_event	SMAD4	1	0.11524883003398664	7.878358150161507e-05	9.07971559394837e-06
rule_a_one_step	primary::SOX9	primary::KRAS+SOX9	same_stage_one_event	KRAS	1	0.13042626076650352	0.00039391790750807534	5.137723972524365e-05
rule_a_one_step	primary::KRAS	primary::KRAS+SOX9	same_stage_one_event	SOX9	1	0.031238640007163823	0.008508626802174428	0.00026579792962843246
rule_a_one_step	primary::TGFBR2	primary::KRAS+TGFBR2	same_stage_one_event	KRAS	1	0.15220331424564176	0.00015756716300323014	2.3982244425374897e-05
rule_a_one_step	primary::KRAS	primary::KRAS+TGFBR2	same_stage_one_event	TGFBR2	1	0.007098427991328802	0.008508626802174428	6.039787466032543e-05
rule_a_one_step	primary::WT	primary::NRAS	same_stage_one_event	NRAS	1	0.009884089141005376	0.01292050736626487	0.00012770744655517857
rule_a_one_step	primary::RNF43+TP53	primary::NRAS+RNF43+TP53	same_stage_one_event	NRAS	1	0.022459999975740053	0.0015756716300323013	3.538958477229978e-05
rule_a_one_step	primary::NRAS+TP53	primary::NRAS+RNF43+TP53	same_stage_one_event	RNF43	1	0.046443627600404505	0.0017332387930355314	8.04978970463168e-05
rule_a_one_step	primary::PTEN	primary::PIK3CA+PTEN	same_stage_one_event	PIK3CA	1	0.09681354945332876	0.0006302686520129206	6.101854531053574e-05
rule_a_one_step	primary::PIK3CA	primary::PIK3CA+PTEN	same_stage_one_event	PTEN	1	0.02438367372783528	0.0018120223745371465	4.4183762368251116e-05
rule_a_one_step	primary::SMAD4	primary::PIK3CA+SMAD4	same_stage_one_event	PIK3CA	1	0.06198212071532785	0.0010241865595209958	6.348125496724667e-05
rule_a_one_step	primary::PIK3CA	primary::PIK3CA+SMAD4	same_stage_one_event	SMAD4	1	0.03390175538072067	0.0018120223745371465	6.143073928595095e-05
rule_a_one_step	unknown::TP53	unknown::BRAF+TP53	same_stage_one_event	BRAF	1	0.1065236714952864	0.001339320885527456	0.0001426693780367028
rule_a_one_step	unknown::BRAF	unknown::BRAF+TP53	same_stage_one_event	TP53	1	0.23756535311282445	7.878358150161507e-05	1.871624935892417e-05
rule_a_one_step	unknown::WT	unknown::KRAS	same_stage_one_event	KRAS	1	0.13184190874322851	0.06452375324982274	0.008506934787733723
rule_a_one_step	unknown::TP53	unknown::KRAS+TP53	same_stage_one_event	KRAS	1	0.3367025902924171	0.001339320885527456	0.0004509528113898283
rule_a_one_step	unknown::KRAS	unknown::KRAS+TP53	same_stage_one_event	TP53	1	0.03040307689191535	0.0003151343260064603	9.581053144856332e-06
rule_a_one_step	metastatic::ARID1A	metastatic::APC+ARID1A	same_stage_one_event	APC	1	0.2594606086473514	0.00039391790750807534	0.00010220618003913629
rule_a_one_step	metastatic::APC	metastatic::APC+ARID1A	same_stage_one_event	ARID1A	1	0.01150813432629867	0.003781611912077523	4.351929785411929e-05
rule_a_one_step	metastatic::ARID1A+KRAS	metastatic::APC+ARID1A+KRAS	same_stage_one_event	APC	1	0.38504457586967283	7.878358150161507e-05	3.0335190724783175e-05
rule_a_one_step	metastatic::APC+KRAS	metastatic::APC+ARID1A+KRAS	same_stage_one_event	ARID1A	1	0.05873116091565022	0.009454029780193808	0.0005552461443219119
rule_a_one_step	metastatic::APC+ARID1A	metastatic::APC+ARID1A+KRAS	same_stage_one_event	KRAS	1	0.05480798926708013	0.0002363507445048452	1.2953909068087953e-05
rule_a_one_step	metastatic::APC+KRAS+SMAD4	metastatic::APC+ARID1A+KRAS+SMAD4	same_stage_one_event	ARID1A	1	0.07469146414769984	0.0019695895375403767	0.00014711152632888175
rule_a_one_step	metastatic::APC+ARID1A+KRAS	metastatic::APC+ARID1A+KRAS+SMAD4	same_stage_one_event	SMAD4	1	0.03658318191080548	0.0002363507445048452	8.64646228097506e-06
rule_a_one_step	metastatic::APC+PIK3CA+TP53	metastatic::APC+ARID1A+PIK3CA+TP53	same_stage_one_event	ARID1A	1	0.05519783265427547	0.003860395493579138	0.00021308546443390042
rule_a_one_step	metastatic::APC+ARID1A+TP53	metastatic::APC+ARID1A+PIK3CA+TP53	same_stage_one_event	PIK3CA	1	0.09082854799418232	0.0025210746080516822	0.00022898554603433658
rule_a_one_step	metastatic::BRAF	metastatic::APC+BRAF	same_stage_one_event	APC	1	0.1949605890168283	0.002205940282045222	0.0004300714167234848
rule_a_one_step	metastatic::APC	metastatic::APC+BRAF	same_stage_one_event	BRAF	1	0.0027010863620153098	0.003781611912077523	1.0214460362147237e-05
rule_a_one_step	metastatic::APC+KRAS+TP53	metastatic::APC+BRAF+KRAS+TP53	same_stage_one_event	BRAF	1	0.006674935354898731	0.03064681320412826	0.000204565496971213
rule_a_one_step	metastatic::APC+BRAF+TP53	metastatic::APC+BRAF+KRAS+TP53	same_stage_one_event	KRAS	1	0.09294740001892915	0.0019695895375403767	0.00018306822661886307
rule_a_one_step	metastatic::BRAF+PTEN	metastatic::APC+BRAF+PTEN	same_stage_one_event	APC	1	0.24173551283617656	0.00015756716300323014	3.8089578954727266e-05
rule_a_one_step	metastatic::APC+PTEN	metastatic::APC+BRAF+PTEN	same_stage_one_event	BRAF	1	0.008918720331523662	0.0002363507445048452	2.1079461903861172e-06
rule_a_one_step	metastatic::APC+BRAF	metastatic::APC+BRAF+PTEN	same_stage_one_event	PTEN	1	0.00979982208677923	0.0002363507445048452	2.3161952462252966e-06
rule_a_one_step	metastatic::CTNNB1+KRAS+PIK3CA	metastatic::APC+CTNNB1+KRAS+PIK3CA	same_stage_one_event	APC	1	0.3712546020148344	0.0002363507445048452	8.77463015870561e-05
rule_a_one_step	metastatic::APC+KRAS+PIK3CA	metastatic::APC+CTNNB1+KRAS+PIK3CA	same_stage_one_event	CTNNB1	1	0.04905244700768596	0.005751201449617899	0.0002821105043379087
rule_a_one_step	metastatic::APC+CTNNB1+KRAS	metastatic::APC+CTNNB1+KRAS+PIK3CA	same_stage_one_event	PIK3CA	1	0.23842942890829757	0.0003151343260064603	7.51372973791216e-05
rule_a_one_step	metastatic::CTNNB1+KRAS+SMAD4+TP53	metastatic::APC+CTNNB1+KRAS+SMAD4+TP53	same_stage_one_event	APC	1	0.3160632508908956	7.878358150161507e-05	2.4900594886228286e-05
rule_a_one_step	metastatic::APC+KRAS+SMAD4+TP53	metastatic::APC+CTNNB1+KRAS+SMAD4+TP53	same_stage_one_event	CTNNB1	1	0.04789675452017864	0.00606633577562436	0.0002905577954820575
rule_a_one_step	metastatic::APC+CTNNB1+SMAD4+TP53	metastatic::APC+CTNNB1+KRAS+SMAD4+TP53	same_stage_one_event	KRAS	1	0.5638981073557325	7.878358150161507e-05	4.442591249946684e-05
rule_a_one_step	metastatic::APC+CTNNB1+KRAS+TP53	metastatic::APC+CTNNB1+KRAS+SMAD4+TP53	same_stage_one_event	SMAD4	1	0.12282838780256183	0.0008666193965177657	0.00010644546331270622
rule_a_one_step	metastatic::CTNNB1+PIK3CA+TP53	metastatic::APC+CTNNB1+PIK3CA+TP53	same_stage_one_event	APC	1	0.12263605563163388	0.0003151343260064603	3.864683073556571e-05
rule_a_one_step	metastatic::APC+PIK3CA+TP53	metastatic::APC+CTNNB1+PIK3CA+TP53	same_stage_one_event	CTNNB1	1	0.016531447597636348	0.003860395493579138	6.381792580825503e-05
rule_a_one_step	metastatic::APC+CTNNB1+TP53	metastatic::APC+CTNNB1+PIK3CA+TP53	same_stage_one_event	PIK3CA	1	0.07889297423422581	0.0007878358150161507	6.215471065486947e-05
rule_a_one_step	metastatic::APC+KRAS+PIK3CA+SOX9	metastatic::APC+FBXW7+KRAS+PIK3CA+SOX9	same_stage_one_event	FBXW7	1	0.22927803274816605	0.0005514850705113054	0.00012644341205681576
rule_a_one_step	metastatic::APC+FBXW7+KRAS+SOX9	metastatic::APC+FBXW7+KRAS+PIK3CA+SOX9	same_stage_one_event	PIK3CA	1	0.423720627577184	0.0002363507445048452	0.00010014668578992768
rule_a_one_step	metastatic::APC+FBXW7+KRAS+PIK3CA	metastatic::APC+FBXW7+KRAS+PIK3CA+SOX9	same_stage_one_event	SOX9	1	0.24475887746319308	0.00039391790750807534	9.641490485432644e-05
rule_a_one_step	metastatic::APC+KRAS+PTEN	metastatic::APC+FBXW7+KRAS+PTEN	same_stage_one_event	FBXW7	1	0.13237812312584504	0.0004727014890096904	6.257533591389508e-05
rule_a_one_step	metastatic::APC+FBXW7+KRAS	metastatic::APC+FBXW7+KRAS+PTEN	same_stage_one_event	PTEN	1	0.020941825464612058	0.0009454029780193808	1.979846415940634e-05
rule_a_one_step	metastatic::APC+KRAS+SOX9	metastatic::APC+FBXW7+KRAS+SOX9	same_stage_one_event	FBXW7	1	0.116147694966776	0.0009454029780193808	0.00010980637671167668
rule_a_one_step	metastatic::APC+FBXW7+KRAS	metastatic::APC+FBXW7+KRAS+SOX9	same_stage_one_event	SOX9	1	0.14905633593699733	0.0009454029780193808	0.0001409183038874945
rule_a_one_step	metastatic::KRAS+PIK3CA+PTEN+SMAD4	metastatic::APC+KRAS+PIK3CA+PTEN+SMAD4	same_stage_one_event	APC	1	0.6770411573181341	7.878358150161507e-05	5.333972719752101e-05
rule_a_one_step	metastatic::APC+KRAS+PTEN+SMAD4	metastatic::APC+KRAS+PIK3CA+PTEN+SMAD4	same_stage_one_event	PIK3CA	1	0.3469112502503012	7.878358150161507e-05	2.7330910757921785e-05
rule_a_one_step	metastatic::APC+KRAS+PIK3CA+SMAD4	metastatic::APC+KRAS+PIK3CA+PTEN+SMAD4	same_stage_one_event	PTEN	1	0.03876259023647628	0.0012605373040258411	4.88616909937462e-05
rule_a_one_step	metastatic::APC+KRAS+PIK3CA+PTEN	metastatic::APC+KRAS+PIK3CA+PTEN+SMAD4	same_stage_one_event	SMAD4	1	0.08902369512888166	0.00039391790750807534	3.50680277038059e-05
rule_a_one_step	metastatic::APC+KRAS+SMAD4+TCF7L2	metastatic::APC+KRAS+PIK3CA+SMAD4+TCF7L2	same_stage_one_event	PIK3CA	1	0.3399368517137959	0.00015756716300323014	5.356288532479255e-05
rule_a_one_step	metastatic::APC+KRAS+PIK3CA+TCF7L2	metastatic::APC+KRAS+PIK3CA+SMAD4+TCF7L2	same_stage_one_event	SMAD4	1	0.11607040034709643	0.0004727014890096904	5.486665107402336e-05
rule_a_one_step	metastatic::APC+KRAS+PIK3CA+SMAD4	metastatic::APC+KRAS+PIK3CA+SMAD4+TCF7L2	same_stage_one_event	TCF7L2	1	0.13804306207402056	0.0012605373040258411	0.00017400842930625772
rule_a_one_step	metastatic::APC+PIK3CA+TCF7L2+TP53	metastatic::APC+KRAS+PIK3CA+TCF7L2+TP53	same_stage_one_event	KRAS	1	0.5044693855407164	0.0006302686520129206	0.00031795123960653364
rule_a_one_step	metastatic::APC+KRAS+TCF7L2+TP53	metastatic::APC+KRAS+PIK3CA+TCF7L2+TP53	same_stage_one_event	PIK3CA	1	0.29463603449722303	0.0025210746080516822	0.0007427994251879885
rule_a_one_step	metastatic::APC+KRAS+PIK3CA+TP53	metastatic::APC+KRAS+PIK3CA+TCF7L2+TP53	same_stage_one_event	TCF7L2	1	0.14570612783561213	0.005436067123611439	0.0007920682912358967
rule_a_one_step	metastatic::APC+KRAS+PIK3CA+TCF7L2	metastatic::APC+KRAS+PIK3CA+TCF7L2+TP53	same_stage_one_event	TP53	1	0.16999611564011075	0.0004727014890096904	8.035741698894387e-05
rule_a_one_step	metastatic::KRAS+RNF43	metastatic::APC+KRAS+RNF43	same_stage_one_event	APC	1	0.2798842603307077	7.878358150161507e-05	2.2050284434783558e-05
rule_a_one_step	metastatic::APC+RNF43	metastatic::APC+KRAS+RNF43	same_stage_one_event	KRAS	1	0.06714025355592712	0.00015756716300323014	1.057909927612497e-05
rule_a_one_step	metastatic::APC+KRAS	metastatic::APC+KRAS+RNF43	same_stage_one_event	RNF43	1	0.008121388229125141	0.009454029780193808	7.677984617466454e-05
rule_a_one_step	metastatic::NRAS+PIK3CA	metastatic::APC+NRAS+PIK3CA	same_stage_one_event	APC	1	0.4876562488315837	7.878358150161507e-05	3.841930582459496e-05
rule_a_one_step	metastatic::APC+PIK3CA	metastatic::APC+NRAS+PIK3CA	same_stage_one_event	NRAS	1	0.011937595488329658	0.0003151343260064603	3.761946108352528e-06
rule_a_one_step	metastatic::APC+NRAS	metastatic::APC+NRAS+PIK3CA	same_stage_one_event	PIK3CA	1	0.06594045854115516	0.0008666193965177657	5.714528038704063e-05
rule_a_one_step	metastatic::APC+NRAS+PIK3CA	metastatic::APC+NRAS+PIK3CA+TCF7L2	same_stage_one_event	TCF7L2	1	0.06967381223503044	0.0002363507445048452	1.6467457394240237e-05
rule_a_one_step	metastatic::NRAS+PTEN+TP53	metastatic::APC+NRAS+PTEN+TP53	same_stage_one_event	APC	1	0.39942651267695767	7.878358150161507e-05	3.146825121539098e-05
rule_a_one_step	metastatic::APC+PTEN+TP53	metastatic::APC+NRAS+PTEN+TP53	same_stage_one_event	NRAS	1	0.05203643780977854	0.00039391790750807534	2.0498084696202057e-05
rule_a_one_step	metastatic::APC+NRAS+TP53	metastatic::APC+NRAS+PTEN+TP53	same_stage_one_event	PTEN	1	0.02673113593309531	0.003624044749074293	9.68748328151252e-05
rule_a_one_step	metastatic::APC+NRAS+PTEN	metastatic::APC+NRAS+PTEN+TP53	same_stage_one_event	TP53	1	0.2653272276970614	7.878358150161507e-05	2.0903429267869016e-05
rule_a_one_step	metastatic::APC+SOX9	metastatic::APC+PIK3CA+SOX9	same_stage_one_event	PIK3CA	1	0.05778255471501294	0.00039391790750807534	2.276158304380877e-05
rule_a_one_step	metastatic::APC+PIK3CA	metastatic::APC+PIK3CA+SOX9	same_stage_one_event	SOX9	1	0.03000299608135872	0.0003151343260064603	9.454973948273449e-06
rule_a_one_step	metastatic::PTEN	metastatic::APC+PTEN	same_stage_one_event	APC	1	0.33201049794574145	0.00015756716300323014	5.231395224860025e-05
rule_a_one_step	metastatic::APC	metastatic::APC+PTEN	same_stage_one_event	PTEN	1	0.0021213241645626135	0.003781611912077523	8.02202473008788e-06
rule_a_one_step	metastatic::RNF43+TP53	metastatic::ARID1A+RNF43+TP53	same_stage_one_event	ARID1A	1	0.14146772935716248	0.0010241865595209958	0.0001448893470135596
rule_a_one_step	metastatic::ARID1A+TP53	metastatic::ARID1A+RNF43+TP53	same_stage_one_event	RNF43	1	0.04091463404563498	0.00039391790750807534	1.611700702971519e-05
rule_a_one_step	metastatic::FBXW7+TP53	metastatic::BRAF+FBXW7+TP53	same_stage_one_event	BRAF	1	0.12012950505069493	0.0008666193965177657	0.00010410655917101113
rule_a_one_step	metastatic::BRAF+TP53	metastatic::BRAF+FBXW7+TP53	same_stage_one_event	FBXW7	1	0.06714615057825686	0.004884582053100134	0.0003279808820493126
rule_a_one_step	metastatic::BRAF+FBXW7	metastatic::BRAF+FBXW7+TP53	same_stage_one_event	TP53	1	0.2018843919050452	7.878358150161507e-05	1.5905175443555125e-05
rule_a_one_step	metastatic::KRAS+PIK3CA	metastatic::BRAF+KRAS+PIK3CA	same_stage_one_event	BRAF	1	0.021107522630367623	0.0022847238635468367	4.82248606539558e-05
rule_a_one_step	metastatic::BRAF+PIK3CA	metastatic::BRAF+KRAS+PIK3CA	same_stage_one_event	KRAS	1	0.034470962829103634	0.0003151343260064603	1.086298363794332e-05
rule_a_one_step	metastatic::BRAF+KRAS	metastatic::BRAF+KRAS+PIK3CA	same_stage_one_event	PIK3CA	1	0.2251746976978731	0.00015756716300323014	3.548013829636384e-05
rule_a_one_step	metastatic::PIK3CA+SMAD4+TP53	metastatic::BRAF+PIK3CA+SMAD4+TP53	same_stage_one_event	BRAF	1	0.1257646034357328	0.00015756716300323014	1.9816371769594708e-05
rule_a_one_step	metastatic::BRAF+SMAD4+TP53	metastatic::BRAF+PIK3CA+SMAD4+TP53	same_stage_one_event	PIK3CA	1	0.10826630630065812	0.0014181044670290711	0.00015353293259370095
rule_a_one_step	metastatic::BRAF+PIK3CA+TP53	metastatic::BRAF+PIK3CA+SMAD4+TP53	same_stage_one_event	SMAD4	1	0.10978048335081507	7.878358150161507e-05	8.648899657355635e-06
rule_a_one_step	metastatic::BRAF+SMAD4+TP53	metastatic::BRAF+PTEN+SMAD4+TP53	same_stage_one_event	PTEN	1	0.10392827656075435	0.0014181044670290711	0.00014738115324143845
rule_a_one_step	metastatic::BRAF+PTEN+TP53	metastatic::BRAF+PTEN+SMAD4+TP53	same_stage_one_event	SMAD4	1	0.1357487889777003	0.0004727014890096904	6.416865468102117e-05
rule_a_one_step	metastatic::RNF43+SMAD4+TP53	metastatic::BRAF+RNF43+SMAD4+TP53	same_stage_one_event	BRAF	1	0.15816009891480784	0.0004727014890096904	7.476251425894958e-05
rule_a_one_step	metastatic::BRAF+SMAD4+TP53	metastatic::BRAF+RNF43+SMAD4+TP53	same_stage_one_event	RNF43	1	0.24056203611292226	0.0014181044670290711	0.00034114209800934376
rule_a_one_step	metastatic::BRAF+RNF43+TP53	metastatic::BRAF+RNF43+SMAD4+TP53	same_stage_one_event	SMAD4	1	0.11702439978982072	0.0016544552115339162	0.00019361162810889744
rule_a_one_step	metastatic::BRAF+RNF43+SMAD4	metastatic::BRAF+RNF43+SMAD4+TP53	same_stage_one_event	TP53	1	0.039137065609278966	0.00015756716300323014	6.166716396325371e-06
rule_a_one_step	metastatic::WT	metastatic::CTNNB1	same_stage_one_event	CTNNB1	1	0.013146278321007869	0.009926731269203497	0.00013049957208280088
rule_a_one_step	metastatic::KRAS+PIK3CA	metastatic::CTNNB1+KRAS+PIK3CA	same_stage_one_event	CTNNB1	1	0.0374370123166771	0.0022847238635468367	8.553323541980901e-05
rule_a_one_step	metastatic::CTNNB1+PIK3CA	metastatic::CTNNB1+KRAS+PIK3CA	same_stage_one_event	KRAS	1	0.2470521673779376	7.878358150161507e-05	1.9463654563770394e-05
rule_a_one_step	metastatic::CTNNB1+KRAS	metastatic::CTNNB1+KRAS+PIK3CA	same_stage_one_event	PIK3CA	1	0.27931742512270163	0.0004727014890096904	0.00013203376276185377
rule_a_one_step	metastatic::KRAS+SMAD4	metastatic::CTNNB1+KRAS+SMAD4	same_stage_one_event	CTNNB1	1	0.032003625247121775	0.0008666193965177657	2.7734962398041403e-05
rule_a_one_step	metastatic::CTNNB1+KRAS	metastatic::CTNNB1+KRAS+SMAD4	same_stage_one_event	SMAD4	1	0.0964131114773249	0.0004727014890096904	4.557462135538875e-05
rule_a_one_step	metastatic::WT	metastatic::FBXW7	same_stage_one_event	FBXW7	1	0.022035501387119145	0.009926731269203497	0.00021874050065209266
rule_a_one_step	metastatic::PIK3CA+TP53	metastatic::FBXW7+PIK3CA+TP53	same_stage_one_event	FBXW7	1	0.040715398096428844	0.002127156700543607	8.660803187611904e-05
rule_a_one_step	metastatic::FBXW7+TP53	metastatic::FBXW7+PIK3CA+TP53	same_stage_one_event	PIK3CA	1	0.059086958023293806	0.0008666193965177657	5.1205903904217434e-05
rule_a_one_step	metastatic::FBXW7+PIK3CA	metastatic::FBXW7+PIK3CA+TP53	same_stage_one_event	TP53	1	0.1675840918635447	0.00015756716300323014	2.6405749919411443e-05
rule_a_one_step	metastatic::KRAS+SOX9	metastatic::KRAS+SMAD4+SOX9	same_stage_one_event	SMAD4	1	0.08896290439181306	7.878358150161507e-05	7.008816228772794e-06
rule_a_one_step	metastatic::KRAS+SMAD4	metastatic::KRAS+SMAD4+SOX9	same_stage_one_event	SOX9	1	0.036440496713228666	0.0008666193965177657	3.158004127042585e-05
rule_a_one_step	metastatic::RNF43+TP53	metastatic::NRAS+RNF43+TP53	same_stage_one_event	NRAS	1	0.022459999975740053	0.0010241865595209958	2.3003230101994855e-05
rule_a_one_step	metastatic::NRAS+TP53	metastatic::NRAS+RNF43+TP53	same_stage_one_event	RNF43	1	0.046443627600404505	0.0014181044670290711	6.586191576516829e-05
rule_a_one_step	primary::ARID1A+BRAF+PIK3CA+RNF43+TGFBR2	primary::APC+ARID1A+BRAF+PIK3CA+RNF43+TGFBR2	same_stage_one_event	APC	1	0.12043540719723392	0.00039391790750807534	4.7441663593017384e-05
rule_a_one_step	primary::APC+ARID1A+BRAF+PIK3CA+RNF43	primary::APC+ARID1A+BRAF+PIK3CA+RNF43+TGFBR2	same_stage_one_event	TGFBR2	1	0.22724429422604098	7.878358150161507e-05	1.7903119374934293e-05
rule_a_one_step	primary::APC+FBXW7+KRAS+PIK3CA+SOX9+TGFBR2+TP53	primary::APC+ARID1A+FBXW7+KRAS+PIK3CA+SOX9+TGFBR2+TP53	same_stage_one_event	ARID1A	1	0.23066265309377804	7.878358150161507e-05	1.8172429929392426e-05
rule_a_one_step	primary::APC+ARID1A+FBXW7+KRAS+PIK3CA+SOX9+TP53	primary::APC+ARID1A+FBXW7+KRAS+PIK3CA+SOX9+TGFBR2+TP53	same_stage_one_event	TGFBR2	1	0.11623198856105667	7.878358150161507e-05	9.157172343894798e-06
rule_a_one_step	primary::APC+KRAS+PIK3CA+TCF7L2+TP53	primary::APC+ARID1A+KRAS+PIK3CA+TCF7L2+TP53	same_stage_one_event	ARID1A	1	0.1393882922319566	0.001102970141022611	0.00015374112433998207
rule_a_one_step	primary::APC+ARID1A+PIK3CA+TCF7L2+TP53	primary::APC+ARID1A+KRAS+PIK3CA+TCF7L2+TP53	same_stage_one_event	KRAS	1	0.3013127996081998	0.0003151343260064603	9.495400602164966e-05
rule_a_one_step	primary::APC+ARID1A+KRAS+TCF7L2+TP53	primary::APC+ARID1A+KRAS+PIK3CA+TCF7L2+TP53	same_stage_one_event	PIK3CA	1	0.27630762505389983	0.00039391790750807534	0.00010884252148975807
rule_a_one_step	primary::APC+ARID1A+KRAS+PIK3CA+TP53	primary::APC+ARID1A+KRAS+PIK3CA+TCF7L2+TP53	same_stage_one_event	TCF7L2	1	0.2821815255055792	0.0007878358150161507	0.0002223127121291887
rule_a_one_step	primary::APC+ARID1A+KRAS+PIK3CA+TCF7L2	primary::APC+ARID1A+KRAS+PIK3CA+TCF7L2+TP53	same_stage_one_event	TP53	1	0.05180374546509743	7.878358150161507e-05	4.081284602938425e-06
rule_a_one_step	primary::ARID1A+KRAS+RNF43+TCF7L2	primary::APC+ARID1A+KRAS+RNF43+TCF7L2	same_stage_one_event	APC	1	0.41365914326868153	7.878358150161507e-05	3.2589548827596436e-05
rule_a_one_step	primary::APC+ARID1A+RNF43+TCF7L2	primary::APC+ARID1A+KRAS+RNF43+TCF7L2	same_stage_one_event	KRAS	1	0.04415207337271553	7.878358150161507e-05	3.478458471024623e-06
rule_a_one_step	primary::APC+ARID1A+KRAS+TCF7L2	primary::APC+ARID1A+KRAS+RNF43+TCF7L2	same_stage_one_event	RNF43	1	0.01125756838505845	0.00039391790750807534	4.434557781871288e-06
rule_a_one_step	primary::APC+ARID1A+PIK3CA+TCF7L2	primary::APC+ARID1A+PIK3CA+PTEN+TCF7L2	same_stage_one_event	PTEN	1	0.015219816300754961	7.878358150161507e-05	1.1990716379701382e-06
rule_a_one_step	primary::ARID1A+RNF43	primary::APC+ARID1A+RNF43	same_stage_one_event	APC	1	0.1630612470325629	0.0002363507445048452	3.853964713603472e-05
rule_a_one_step	primary::APC+RNF43	primary::APC+ARID1A+RNF43	same_stage_one_event	ARID1A	1	0.23839353352992296	0.0004727014890096904	0.00011268897826987613
rule_a_one_step	primary::APC+ARID1A	primary::APC+ARID1A+RNF43	same_stage_one_event	RNF43	1	0.004105110634278044	0.0003151343260064603	1.293661272915164e-06
rule_a_one_step	primary::APC+ARID1A+SOX9	primary::APC+ARID1A+RNF43+SOX9	same_stage_one_event	RNF43	1	0.009338988085381255	7.878358150161507e-05	7.357589289672462e-07
rule_a_one_step	primary::APC+ARID1A+RNF43	primary::APC+ARID1A+RNF43+SOX9	same_stage_one_event	SOX9	1	0.1686011182499871	0.0002363507445048452	3.98489998227339e-05
rule_a_one_step	primary::ARID1A+RNF43+TCF7L2+TP53	primary::APC+ARID1A+RNF43+TCF7L2+TP53	same_stage_one_event	APC	1	0.31658586060366606	0.00015756716300323014	4.988353590225574e-05
rule_a_one_step	primary::APC+ARID1A+TCF7L2+TP53	primary::APC+ARID1A+RNF43+TCF7L2+TP53	same_stage_one_event	RNF43	1	0.021343331884377693	0.00039391790750807534	8.407520635144447e-06
rule_a_one_step	primary::APC+ARID1A+RNF43+TP53	primary::APC+ARID1A+RNF43+TCF7L2+TP53	same_stage_one_event	TCF7L2	1	0.29032357199647346	0.0002363507445048452	6.861819238867252e-05
rule_a_one_step	primary::APC+ARID1A+RNF43+TCF7L2	primary::APC+ARID1A+RNF43+TCF7L2+TP53	same_stage_one_event	TP53	1	0.21509265531726346	7.878358150161507e-05	1.6945769740586423e-05
rule_a_one_step	primary::ARID1A+RNF43+TP53	primary::APC+ARID1A+RNF43+TP53	same_stage_one_event	APC	1	0.14276732186491556	0.00015756716300323014	2.2495441875823774e-05
rule_a_one_step	primary::APC+RNF43+TP53	primary::APC+ARID1A+RNF43+TP53	same_stage_one_event	ARID1A	1	0.3310951841540591	0.0005514850705113054	0.00018259405097915493
rule_a_one_step	primary::APC+ARID1A+TP53	primary::APC+ARID1A+RNF43+TP53	same_stage_one_event	RNF43	1	0.014554728089061657	0.003939179075080753	5.733368033192176e-05
rule_a_one_step	primary::APC+ARID1A+RNF43	primary::APC+ARID1A+RNF43+TP53	same_stage_one_event	TP53	1	0.1858638697341772	0.0002363507445048452	4.3929063988224345e-05
rule_a_one_step	primary::ARID1A+SMAD4+SOX9+TP53	primary::APC+ARID1A+SMAD4+SOX9+TP53	same_stage_one_event	APC	1	0.29820325778673745	7.878358150161507e-05	2.349352066388856e-05
rule_a_one_step	primary::APC+SMAD4+SOX9+TP53	primary::APC+ARID1A+SMAD4+SOX9+TP53	same_stage_one_event	ARID1A	1	0.07302520292154094	0.00039391790750807534	2.8765935130205997e-05
rule_a_one_step	primary::APC+ARID1A+SOX9+TP53	primary::APC+ARID1A+SMAD4+SOX9+TP53	same_stage_one_event	SMAD4	1	0.05382592342543606	0.0006302686520129206	3.392479220070027e-05
rule_a_one_step	primary::APC+ARID1A+SMAD4+TP53	primary::APC+ARID1A+SMAD4+SOX9+TP53	same_stage_one_event	SOX9	1	0.16556762406542977	0.00039391790750807534	6.522005202293776e-05
rule_a_one_step	primary::BRAF+KRAS+PTEN	primary::APC+BRAF+KRAS+PTEN	same_stage_one_event	APC	1	0.27079850753691365	0.00015756716300323014	4.2668952578100315e-05
rule_a_one_step	primary::APC+KRAS+PTEN	primary::APC+BRAF+KRAS+PTEN	same_stage_one_event	BRAF	1	0.0034456894414451487	0.001102970141022611	3.8004925691508772e-06
rule_a_one_step	primary::APC+BRAF+PTEN	primary::APC+BRAF+KRAS+PTEN	same_stage_one_event	KRAS	1	0.028103864036101565	0.0003151343260064603	8.856492251194065e-06
rule_a_one_step	primary::APC+BRAF+KRAS	primary::APC+BRAF+KRAS+PTEN	same_stage_one_event	PTEN	1	0.03531610399511747	0.0005514850705113054	1.9476304101931954e-05
rule_a_one_step	primary::APC+KRAS+SMAD4	primary::APC+BRAF+KRAS+SMAD4	same_stage_one_event	BRAF	1	0.003771443182507072	0.0034664775860710627	1.3073623259301282e-05
rule_a_one_step	primary::APC+BRAF+SMAD4	primary::APC+BRAF+KRAS+SMAD4	same_stage_one_event	KRAS	1	0.01718776642373131	0.0003151343260064603	5.4164551874990344e-06
rule_a_one_step	primary::APC+BRAF+KRAS	primary::APC+BRAF+KRAS+SMAD4	same_stage_one_event	SMAD4	1	0.0810920956283201	0.0005514850705113054	4.4721080075493634e-05
rule_a_one_step	primary::APC+NRAS+PIK3CA+TP53	primary::APC+BRAF+NRAS+PIK3CA+TP53	same_stage_one_event	BRAF	1	0.0360624294453072	0.0006302686520129206	2.2729018794804823e-05
rule_a_one_step	primary::APC+BRAF+PIK3CA+TP53	primary::APC+BRAF+NRAS+PIK3CA+TP53	same_stage_one_event	NRAS	1	0.053471507931741935	0.0018908059560387616	0.00010110424567571153
rule_a_one_step	primary::APC+BRAF+NRAS+TP53	primary::APC+BRAF+NRAS+PIK3CA+TP53	same_stage_one_event	PIK3CA	1	0.16228699261369386	0.0003151343260064603	5.1142202036931814e-05
rule_a_one_step	primary::BRAF+PIK3CA+PTEN	primary::APC+BRAF+PIK3CA+PTEN	same_stage_one_event	APC	1	0.29422642581764835	0.0002363507445048452	6.95406347950008e-05
rule_a_one_step	primary::APC+PIK3CA+PTEN	primary::APC+BRAF+PIK3CA+PTEN	same_stage_one_event	BRAF	1	0.01453649146538318	0.0005514850705113054	8.016658020773833e-06
rule_a_one_step	primary::APC+BRAF+PTEN	primary::APC+BRAF+PIK3CA+PTEN	same_stage_one_event	PIK3CA	1	0.15134280115149462	0.0003151343260064603	4.7693311636806e-05
rule_a_one_step	primary::APC+BRAF+PIK3CA	primary::APC+BRAF+PIK3CA+PTEN	same_stage_one_event	PTEN	1	0.02082658449359872	0.0006302686520129206	1.3126343334813658e-05
rule_a_one_step	primary::BRAF+PIK3CA+SMAD4	primary::APC+BRAF+PIK3CA+SMAD4	same_stage_one_event	APC	1	0.2962108016634842	0.0002363507445048452	7.000964350354152e-05
rule_a_one_step	primary::APC+PIK3CA+SMAD4	primary::APC+BRAF+PIK3CA+SMAD4	same_stage_one_event	BRAF	1	0.008050252254353962	0.00015756716300323014	1.2684554091789117e-06
rule_a_one_step	primary::APC+BRAF+SMAD4	primary::APC+BRAF+PIK3CA+SMAD4	same_stage_one_event	PIK3CA	1	0.0655192419578023	0.0003151343260064603	2.0647362154826223e-05
rule_a_one_step	primary::APC+BRAF+PIK3CA	primary::APC+BRAF+PIK3CA+SMAD4	same_stage_one_event	SMAD4	1	0.02697091137336184	0.0006302686520129206	1.6998919954848714e-05
rule_a_one_step	primary::BRAF+RNF43+TGFBR2+TP53	primary::APC+BRAF+RNF43+TGFBR2+TP53	same_stage_one_event	APC	1	0.11855958177741502	0.00015756716300323014	1.8681096947516746e-05
rule_a_one_step	primary::APC+BRAF+TGFBR2+TP53	primary::APC+BRAF+RNF43+TGFBR2+TP53	same_stage_one_event	RNF43	1	0.09086619761327575	7.878358150161507e-05	7.15876448540737e-06
rule_a_one_step	primary::APC+BRAF+RNF43+TP53	primary::APC+BRAF+RNF43+TGFBR2+TP53	same_stage_one_event	TGFBR2	1	0.07805230980106265	0.00015756716300323014	1.2298481021202655e-05
rule_a_one_step	primary::APC+BRAF+RNF43+TGFBR2	primary::APC+BRAF+RNF43+TGFBR2+TP53	same_stage_one_event	TP53	1	0.1484647989181504	0.00015756716300323014	2.339317717137799e-05
rule_a_one_step	primary::CTNNB1+FBXW7+TP53	primary::APC+CTNNB1+FBXW7+TP53	same_stage_one_event	APC	1	0.13814424289849306	0.0002363507445048452	3.2650494658117006e-05
rule_a_one_step	primary::APC+FBXW7+TP53	primary::APC+CTNNB1+FBXW7+TP53	same_stage_one_event	CTNNB1	1	0.01804651631333121	0.007326873079650201	0.00013222453455761463
rule_a_one_step	primary::APC+CTNNB1+TP53	primary::APC+CTNNB1+FBXW7+TP53	same_stage_one_event	FBXW7	1	0.07185514788474692	0.0014181044670290711	0.00010189810619439412
rule_a_one_step	primary::APC+CTNNB1+FBXW7	primary::APC+CTNNB1+FBXW7+TP53	same_stage_one_event	TP53	1	0.8394644502737582	7.878358150161507e-05	6.613601593585111e-05
rule_a_one_step	primary::CTNNB1+KRAS+PIK3CA	primary::APC+CTNNB1+KRAS+PIK3CA	same_stage_one_event	APC	1	0.3712546020148344	0.0009454029780193808	0.0003509852063482244
rule_a_one_step	primary::APC+KRAS+PIK3CA	primary::APC+CTNNB1+KRAS+PIK3CA	same_stage_one_event	CTNNB1	1	0.04905244700768596	0.010478216339714803	0.0005139821517389295
rule_a_one_step	primary::APC+CTNNB1+KRAS	primary::APC+CTNNB1+KRAS+PIK3CA	same_stage_one_event	PIK3CA	1	0.23842942890829757	0.0006302686520129206	0.0001502745947582432
rule_a_one_step	primary::APC+KRAS+PIK3CA+SOX9+TP53	primary::APC+CTNNB1+KRAS+PIK3CA+SOX9+TP53	same_stage_one_event	CTNNB1	1	0.06285779693225997	0.0016544552115339162	0.00010399540972011813
rule_a_one_step	primary::APC+CTNNB1+KRAS+SOX9+TP53	primary::APC+CTNNB1+KRAS+PIK3CA+SOX9+TP53	same_stage_one_event	PIK3CA	1	0.30425578593195457	7.878358150161507e-05	2.397036050830809e-05
rule_a_one_step	primary::APC+CTNNB1+KRAS+PIK3CA+TP53	primary::APC+CTNNB1+KRAS+PIK3CA+SOX9+TP53	same_stage_one_event	SOX9	1	0.1831320830417931	0.0007878358150161507	0.00014427801389883644
rule_a_one_step	primary::APC+KRAS+TCF7L2	primary::APC+CTNNB1+KRAS+TCF7L2	same_stage_one_event	CTNNB1	1	0.03538700269653532	0.0018120223745371465	6.412204065392834e-05
rule_a_one_step	primary::APC+CTNNB1+KRAS	primary::APC+CTNNB1+KRAS+TCF7L2	same_stage_one_event	TCF7L2	1	0.1245814030098472	0.0006302686520129206	7.85197529408948e-05
rule_a_one_step	primary::FBXW7+KRAS+PIK3CA+SMAD4	primary::APC+FBXW7+KRAS+PIK3CA+SMAD4	same_stage_one_event	APC	1	0.7163181957635462	0.0002363507445048452	0.00016930233887108159
rule_a_one_step	primary::APC+KRAS+PIK3CA+SMAD4	primary::APC+FBXW7+KRAS+PIK3CA+SMAD4	same_stage_one_event	FBXW7	1	0.1789109454890447	0.002442291026550067	0.00043695259671948204
rule_a_one_step	primary::APC+FBXW7+PIK3CA+SMAD4	primary::APC+FBXW7+KRAS+PIK3CA+SMAD4	same_stage_one_event	KRAS	1	0.1820870099203782	7.878358150161507e-05	1.4345466786447508e-05
rule_a_one_step	primary::APC+FBXW7+KRAS+SMAD4	primary::APC+FBXW7+KRAS+PIK3CA+SMAD4	same_stage_one_event	PIK3CA	1	0.3172271662966371	0.0002363507445048452	7.497687693137251e-05
rule_a_one_step	primary::APC+FBXW7+KRAS+PIK3CA	primary::APC+FBXW7+KRAS+PIK3CA+SMAD4	same_stage_one_event	SMAD4	1	0.06734255981830559	0.0027574253525565274	0.00018569208174905032
rule_a_one_step	primary::FBXW7+KRAS+PTEN+TP53	primary::APC+FBXW7+KRAS+PTEN+TP53	same_stage_one_event	APC	1	0.5235501804501702	0.0002363507445048452	0.0001237414749350438
rule_a_one_step	primary::APC+KRAS+PTEN+TP53	primary::APC+FBXW7+KRAS+PTEN+TP53	same_stage_one_event	FBXW7	1	0.17914096658328524	0.0014968880485306862	0.0002681539718807547
rule_a_one_step	primary::APC+FBXW7+PTEN+TP53	primary::APC+FBXW7+KRAS+PTEN+TP53	same_stage_one_event	KRAS	1	0.5232333989764024	7.878358150161507e-05	4.122220113262448e-05
rule_a_one_step	primary::APC+FBXW7+KRAS+TP53	primary::APC+FBXW7+KRAS+PTEN+TP53	same_stage_one_event	PTEN	1	0.039010850436781555	0.0068541715906405105	0.00026738706279051406
rule_a_one_step	primary::APC+KRAS+SMAD4	primary::APC+FBXW7+KRAS+SMAD4	same_stage_one_event	FBXW7	1	0.09095912096859371	0.0034664775860710627	0.00031530775408635653
rule_a_one_step	primary::APC+FBXW7+SMAD4	primary::APC+FBXW7+KRAS+SMAD4	same_stage_one_event	KRAS	1	0.0848614349231213	7.878358150161507e-05	6.68568777460973e-06
rule_a_one_step	primary::APC+FBXW7+KRAS	primary::APC+FBXW7+KRAS+SMAD4	same_stage_one_event	SMAD4	1	0.05099782599171622	0.0019695895375403767	0.00010044478451058895
rule_a_one_step	primary::APC+NRAS+PIK3CA+TP53	primary::APC+FBXW7+NRAS+PIK3CA+TP53	same_stage_one_event	FBXW7	1	0.18654654490057582	0.0006302686520129206	0.00011757443939215368
rule_a_one_step	primary::APC+FBXW7+PIK3CA+TP53	primary::APC+FBXW7+NRAS+PIK3CA+TP53	same_stage_one_event	NRAS	1	0.05721049078271456	0.001181753722524226	6.760871044991085e-05
rule_a_one_step	primary::APC+FBXW7+NRAS+TP53	primary::APC+FBXW7+NRAS+PIK3CA+TP53	same_stage_one_event	PIK3CA	1	0.19022096517283568	0.0006302686520129206	0.00011989031130407985
rule_a_one_step	primary::APC+PIK3CA+SOX9+TP53	primary::APC+FBXW7+PIK3CA+SOX9+TP53	same_stage_one_event	FBXW7	1	0.10988338381874396	0.0003151343260064603	3.462802609902906e-05
rule_a_one_step	primary::APC+FBXW7+SOX9+TP53	primary::APC+FBXW7+PIK3CA+SOX9+TP53	same_stage_one_event	PIK3CA	1	0.11730721728854686	0.0006302686520129206	7.39350617118392e-05
rule_a_one_step	primary::APC+FBXW7+PIK3CA+TP53	primary::APC+FBXW7+PIK3CA+SOX9+TP53	same_stage_one_event	SOX9	1	0.07044239055524426	0.001181753722524226	8.324555726216528e-05
rule_a_one_step	primary::APC+FBXW7+PIK3CA+SOX9	primary::APC+FBXW7+PIK3CA+SOX9+TP53	same_stage_one_event	TP53	1	0.4747581838254266	7.878358150161507e-05	3.740315006896925e-05
rule_a_one_step	primary::FBXW7+RNF43+TP53	primary::APC+FBXW7+RNF43+TP53	same_stage_one_event	APC	1	0.1858958401093348	7.878358150161507e-05	1.4645540070064981e-05
rule_a_one_step	primary::APC+RNF43+TP53	primary::APC+FBXW7+RNF43+TP53	same_stage_one_event	FBXW7	1	0.08879909397767881	0.0005514850705113054	4.8971374603620234e-05
rule_a_one_step	primary::APC+FBXW7+TP53	primary::APC+FBXW7+RNF43+TP53	same_stage_one_event	RNF43	1	0.01403915810301434	0.007326873079650201	0.00010286312956592874
rule_a_one_step	primary::APC+FBXW7+RNF43	primary::APC+FBXW7+RNF43+TP53	same_stage_one_event	TP53	1	0.34768815510584494	7.878358150161507e-05	2.739211810492752e-05
rule_a_one_step	primary::KRAS+PIK3CA+RNF43+TP53	primary::APC+KRAS+PIK3CA+RNF43+TP53	same_stage_one_event	APC	1	0.29087861869150844	7.878358150161507e-05	2.291645936275967e-05
rule_a_one_step	primary::APC+PIK3CA+RNF43+TP53	primary::APC+KRAS+PIK3CA+RNF43+TP53	same_stage_one_event	KRAS	1	0.23020985136284156	0.0003151343260064603	7.254702634927647e-05
rule_a_one_step	primary::APC+KRAS+RNF43+TP53	primary::APC+KRAS+PIK3CA+RNF43+TP53	same_stage_one_event	PIK3CA	1	0.11409891589821088	0.0004727014890096904	5.393472743947572e-05
rule_a_one_step	primary::APC+KRAS+PIK3CA+TP53	primary::APC+KRAS+PIK3CA+RNF43+TP53	same_stage_one_event	RNF43	1	0.022116319219815734	0.012211455132750335	0.0002700724398543637
rule_a_one_step	primary::APC+KRAS+PIK3CA+RNF43	primary::APC+KRAS+PIK3CA+RNF43+TP53	same_stage_one_event	TP53	1	0.015517645767143736	0.00015756716300323014	2.4450714200179213e-06
rule_a_one_step	primary::APC+KRAS+SMAD4+SOX9+TCF7L2	primary::APC+KRAS+PIK3CA+SMAD4+SOX9+TCF7L2	same_stage_one_event	PIK3CA	1	0.4609623183418754	7.878358150161507e-05	3.631626237626057e-05
rule_a_one_step	primary::APC+KRAS+PIK3CA+SOX9+TCF7L2	primary::APC+KRAS+PIK3CA+SMAD4+SOX9+TCF7L2	same_stage_one_event	SMAD4	1	0.15796404461002825	0.00039391790750807534	6.222486591429459e-05
rule_a_one_step	primary::APC+KRAS+PIK3CA+SMAD4+TCF7L2	primary::APC+KRAS+PIK3CA+SMAD4+SOX9+TCF7L2	same_stage_one_event	SOX9	1	0.20460703644835904	0.0006302686520129206	0.00012895740105466576
rule_a_one_step	primary::APC+KRAS+PIK3CA+SMAD4+SOX9	primary::APC+KRAS+PIK3CA+SMAD4+SOX9+TCF7L2	same_stage_one_event	TCF7L2	1	0.1993461123955157	0.0005514850705113054	0.00010993640485059559
rule_a_one_step	primary::APC+KRAS+TGFBR2	primary::APC+KRAS+PIK3CA+TGFBR2	same_stage_one_event	PIK3CA	1	0.26605801691442754	0.0002363507445048452	6.288301037920764e-05
rule_a_one_step	primary::APC+KRAS+PIK3CA	primary::APC+KRAS+PIK3CA+TGFBR2	same_stage_one_event	TGFBR2	1	0.025790938237737284	0.010478216339714803	0.00027024303045923413
rule_a_one_step	primary::APC+PIK3CA+TGFBR2+TP53	primary::APC+KRAS+PIK3CA+TGFBR2+TP53	same_stage_one_event	KRAS	1	0.5961611151620251	7.878358150161507e-05	4.696770780446113e-05
rule_a_one_step	primary::APC+KRAS+TGFBR2+TP53	primary::APC+KRAS+PIK3CA+TGFBR2+TP53	same_stage_one_event	PIK3CA	1	0.2639205986380521	0.00015756716300323014	4.1585219985512034e-05
rule_a_one_step	primary::APC+KRAS+PIK3CA+TP53	primary::APC+KRAS+PIK3CA+TGFBR2+TP53	same_stage_one_event	TGFBR2	1	0.02566017671653564	0.012211455132750335	0.00031334809667241977
rule_a_one_step	primary::APC+KRAS+PIK3CA+TGFBR2	primary::APC+KRAS+PIK3CA+TGFBR2+TP53	same_stage_one_event	TP53	1	0.14056898916167995	0.0002363507445048452	3.322358524265657e-05
rule_a_one_step	primary::KRAS+PTEN+SMAD4	primary::APC+KRAS+PTEN+SMAD4	same_stage_one_event	APC	1	0.5530568674442139	0.00015756716300323014	8.71436015826383e-05
rule_a_one_step	primary::APC+KRAS+SMAD4	primary::APC+KRAS+PTEN+SMAD4	same_stage_one_event	PTEN	1	0.021908551907438956	0.0034664775860710627	7.594550413041156e-05
rule_a_one_step	primary::APC+KRAS+PTEN	primary::APC+KRAS+PTEN+SMAD4	same_stage_one_event	SMAD4	1	0.07976530965232663	0.001102970141022611	8.797875483593893e-05
rule_a_one_step	primary::APC+KRAS+SMAD4+SOX9	primary::APC+KRAS+PTEN+SMAD4+SOX9	same_stage_one_event	PTEN	1	0.03244479038408668	0.0009454029780193808	3.0673401450330114e-05
rule_a_one_step	primary::APC+KRAS+PTEN+SMAD4	primary::APC+KRAS+PTEN+SMAD4+SOX9	same_stage_one_event	SOX9	1	0.15500477839079144	0.0002363507445048452	3.6635494774472096e-05
rule_a_one_step	primary::KRAS+PTEN+SMAD4+TP53	primary::APC+KRAS+PTEN+SMAD4+TP53	same_stage_one_event	APC	1	0.5547229340556282	0.00015756716300323014	8.740611897197326e-05
rule_a_one_step	primary::APC+PTEN+SMAD4+TP53	primary::APC+KRAS+PTEN+SMAD4+TP53	same_stage_one_event	KRAS	1	0.537208385527715	0.0002363507445048452	0.00012696960187372135
rule_a_one_step	primary::APC+KRAS+SMAD4+TP53	primary::APC+KRAS+PTEN+SMAD4+TP53	same_stage_one_event	PTEN	1	0.04095848623729117	0.009217679035688962	0.00037754217992303364
rule_a_one_step	primary::APC+KRAS+PTEN+TP53	primary::APC+KRAS+PTEN+SMAD4+TP53	same_stage_one_event	SMAD4	1	0.15048577230627003	0.0014968880485306862	0.00022526035403916574
rule_a_one_step	primary::APC+KRAS+PTEN+SMAD4	primary::APC+KRAS+PTEN+SMAD4+TP53	same_stage_one_event	TP53	1	0.04683895156196559	0.0002363507445048452	1.1070421073496948e-05
rule_a_one_step	primary::APC+PTEN+TCF7L2+TP53	primary::APC+KRAS+PTEN+TCF7L2+TP53	same_stage_one_event	KRAS	1	0.3953038905539564	0.00015756716300323014	6.22869125587263e-05
rule_a_one_step	primary::APC+KRAS+TCF7L2+TP53	primary::APC+KRAS+PTEN+TCF7L2+TP53	same_stage_one_event	PTEN	1	0.03671057726210198	0.004175529819585598	0.00015328611005210784
rule_a_one_step	primary::APC+KRAS+PTEN+TP53	primary::APC+KRAS+PTEN+TCF7L2+TP53	same_stage_one_event	TCF7L2	1	0.09118985006952453	0.0014968880485306862	0.00013650099671637644
rule_a_one_step	primary::APC+KRAS+TCF7L2	primary::APC+KRAS+SMAD4+TCF7L2	same_stage_one_event	SMAD4	1	0.08751839487909621	0.0018120223745371465	0.00015858528970449955
rule_a_one_step	primary::APC+KRAS+SMAD4	primary::APC+KRAS+SMAD4+TCF7L2	same_stage_one_event	TCF7L2	1	0.0783358275421507	0.0034664775860710627	0.0002715493903611936
rule_a_one_step	primary::APC+SOX9+TCF7L2	primary::APC+KRAS+SOX9+TCF7L2	same_stage_one_event	KRAS	1	0.08513802653572801	7.878358150161507e-05	6.707478652464194e-06
rule_a_one_step	primary::APC+KRAS+TCF7L2	primary::APC+KRAS+SOX9+TCF7L2	same_stage_one_event	SOX9	1	0.09912780256241101	0.0018120223745371465	0.00017962179618178942
rule_a_one_step	primary::APC+KRAS+SOX9	primary::APC+KRAS+SOX9+TCF7L2	same_stage_one_event	TCF7L2	1	0.11889153674443853	0.0020483731190419916	0.0002435342279489011
rule_a_one_step	primary::KRAS+TGFBR2	primary::APC+KRAS+TGFBR2	same_stage_one_event	APC	1	0.5006828518395123	0.0003151343260064603	0.00015778235305743713
rule_a_one_step	primary::APC+KRAS	primary::APC+KRAS+TGFBR2	same_stage_one_event	TGFBR2	1	0.014422130305646014	0.01693847002284724	0.00024428882184778167
rule_a_one_step	primary::APC+SMAD4	primary::APC+NRAS+SMAD4	same_stage_one_event	NRAS	1	0.0073221712280110915	0.0008666193965177657	6.345535610818719e-06
rule_a_one_step	primary::APC+NRAS	primary::APC+NRAS+SMAD4	same_stage_one_event	SMAD4	1	0.022438555543662912	0.0007878358150161507	1.7677897694526838e-05
rule_a_one_step	primary::PIK3CA+PTEN+TP53	primary::APC+PIK3CA+PTEN+TP53	same_stage_one_event	APC	1	0.2684830900553748	0.0002363507445048452	6.345617822154924e-05
rule_a_one_step	primary::APC+PTEN+TP53	primary::APC+PIK3CA+PTEN+TP53	same_stage_one_event	PIK3CA	1	0.08338482744394911	0.001102970141022611	9.197097488499862e-05
rule_a_one_step	primary::APC+PIK3CA+TP53	primary::APC+PIK3CA+PTEN+TP53	same_stage_one_event	PTEN	1	0.014218400368357151	0.008902544709682502	0.0001265799449794657
rule_a_one_step	primary::APC+PIK3CA+PTEN	primary::APC+PIK3CA+PTEN+TP53	same_stage_one_event	TP53	1	0.30035062845636507	0.0005514850705113054	0.0001656388875123734
rule_a_one_step	primary::PIK3CA+SMAD4+SOX9	primary::APC+PIK3CA+SMAD4+SOX9	same_stage_one_event	APC	1	0.43248449874160694	7.878358150161507e-05	3.407267775479453e-05
rule_a_one_step	primary::APC+SMAD4+SOX9	primary::APC+PIK3CA+SMAD4+SOX9	same_stage_one_event	PIK3CA	1	0.06837277741650749	0.0002363507445048452	1.6159956846255612e-05
rule_a_one_step	primary::APC+PIK3CA+SOX9	primary::APC+PIK3CA+SMAD4+SOX9	same_stage_one_event	SMAD4	1	0.02640217046400789	0.0002363507445048452	6.240172645712099e-06
rule_a_one_step	primary::APC+PIK3CA+SMAD4	primary::APC+PIK3CA+SMAD4+SOX9	same_stage_one_event	SOX9	1	0.03988723516117842	0.00015756716300323014	6.284918484389573e-06
rule_a_one_step	primary::PIK3CA+SOX9	primary::APC+PIK3CA+SOX9	same_stage_one_event	APC	1	0.4034448367123789	7.878358150161507e-05	3.178482917453549e-05
rule_a_one_step	primary::APC+SOX9	primary::APC+PIK3CA+SOX9	same_stage_one_event	PIK3CA	1	0.05778255471501294	0.001339320885527456	7.738938234894981e-05
rule_a_one_step	primary::APC+PIK3CA	primary::APC+PIK3CA+SOX9	same_stage_one_event	SOX9	1	0.03000299608135872	0.0018120223745371465	5.436610020257233e-05
rule_a_one_step	primary::PTEN	primary::APC+PTEN	same_stage_one_event	APC	1	0.33201049794574145	0.0006302686520129206	0.000209255808994401
rule_a_one_step	primary::APC	primary::APC+PTEN	same_stage_one_event	PTEN	1	0.0021213241645626135	0.009611596943197038	2.0389312855640026e-05
rule_a_one_step	primary::PTEN+SMAD4+TP53	primary::APC+PTEN+SMAD4+TP53	same_stage_one_event	APC	1	0.28431534380357454	7.878358150161507e-05	2.2399381060708622e-05
rule_a_one_step	primary::APC+SMAD4+TP53	primary::APC+PTEN+SMAD4+TP53	same_stage_one_event	PTEN	1	0.014011769175496382	0.004569447727093673	6.402604681153314e-05
rule_a_one_step	primary::APC+PTEN+TP53	primary::APC+PTEN+SMAD4+TP53	same_stage_one_event	SMAD4	1	0.05598417803612531	0.001102970141022611	6.174887674354008e-05
rule_a_one_step	primary::APC+SOX9	primary::APC+PTEN+SOX9	same_stage_one_event	PTEN	1	0.005958701406783209	0.001339320885527456	7.980613244726585e-06
rule_a_one_step	primary::APC+PTEN	primary::APC+PTEN+SOX9	same_stage_one_event	SOX9	1	0.04560264542376315	0.0002363507445048452	1.0778219197296892e-05
rule_a_one_step	primary::APC+TCF7L2	primary::APC+RNF43+TCF7L2	same_stage_one_event	RNF43	1	0.002553419393922475	0.0006302686520129206	1.6093401994311669e-06
rule_a_one_step	primary::APC+RNF43	primary::APC+RNF43+TCF7L2	same_stage_one_event	TCF7L2	1	0.07084427566909503	0.0004727014890096904	3.34881945965942e-05
rule_a_one_step	primary::APC+SOX9	primary::APC+SMAD4+SOX9	same_stage_one_event	SMAD4	1	0.019704075209592248	0.001339320885527456	2.639007945821068e-05
rule_a_one_step	primary::APC+SMAD4	primary::APC+SMAD4+SOX9	same_stage_one_event	SOX9	1	0.021486161664840908	0.0008666193965177657	1.862032445546758e-05
rule_a_one_step	primary::ARID1A+FBXW7+PIK3CA+RNF43+SOX9	primary::ARID1A+BRAF+FBXW7+PIK3CA+RNF43+SOX9	same_stage_one_event	BRAF	1	0.1647815604451385	0.00015756716300323014	2.596416299458576e-05
rule_a_one_step	primary::ARID1A+BRAF+PIK3CA+RNF43+SOX9	primary::ARID1A+BRAF+FBXW7+PIK3CA+RNF43+SOX9	same_stage_one_event	FBXW7	1	0.15884729790892022	0.0002363507445048452	3.7543677123356235e-05
rule_a_one_step	primary::BRAF+FBXW7+RNF43+TCF7L2	primary::ARID1A+BRAF+FBXW7+RNF43+TCF7L2	same_stage_one_event	ARID1A	1	0.28647281347905734	7.878358150161507e-05	2.2569354248724285e-05
rule_a_one_step	primary::ARID1A+BRAF+RNF43+TCF7L2	primary::ARID1A+BRAF+FBXW7+RNF43+TCF7L2	same_stage_one_event	FBXW7	1	0.12915548958813733	0.0003151343260064603	4.070132816139206e-05
rule_a_one_step	primary::ARID1A+BRAF+FBXW7+RNF43	primary::ARID1A+BRAF+FBXW7+RNF43+TCF7L2	same_stage_one_event	TCF7L2	1	0.16869636598197701	0.0004727014890096904	7.974302339020421e-05
rule_a_one_step	primary::BRAF+PIK3CA+RNF43	primary::ARID1A+BRAF+PIK3CA+RNF43	same_stage_one_event	ARID1A	1	0.31622011125304916	0.0003151343260064603	9.965181162941754e-05
rule_a_one_step	primary::ARID1A+BRAF+RNF43	primary::ARID1A+BRAF+PIK3CA+RNF43	same_stage_one_event	PIK3CA	1	0.11990511470937222	0.0004727014890096904	5.667932626299798e-05
rule_a_one_step	primary::ARID1A+BRAF+PIK3CA	primary::ARID1A+BRAF+PIK3CA+RNF43	same_stage_one_event	RNF43	1	0.20532734278476097	7.878358150161507e-05	1.617642344479327e-05
rule_a_one_step	primary::BRAF+PIK3CA+RNF43+SOX9	primary::ARID1A+BRAF+PIK3CA+RNF43+SOX9	same_stage_one_event	ARID1A	1	0.3266156323755568	7.878358150161507e-05	2.5731949292961226e-05
rule_a_one_step	primary::ARID1A+BRAF+RNF43+SOX9	primary::ARID1A+BRAF+PIK3CA+RNF43+SOX9	same_stage_one_event	PIK3CA	1	0.12427849140546503	0.00039391790750807534	4.895552328270111e-05
rule_a_one_step	primary::ARID1A+BRAF+PIK3CA+RNF43	primary::ARID1A+BRAF+PIK3CA+RNF43+SOX9	same_stage_one_event	SOX9	1	0.11743535184366692	0.0002363507445048452	2.775593283943912e-05
rule_a_one_step	primary::ARID1A+PIK3CA+RNF43+TCF7L2+TGFBR2	primary::ARID1A+BRAF+PIK3CA+RNF43+TCF7L2+TGFBR2	same_stage_one_event	BRAF	1	0.1360603725550845	7.878358150161507e-05	1.071932345033361e-05
rule_a_one_step	primary::ARID1A+BRAF+PIK3CA+RNF43+TGFBR2	primary::ARID1A+BRAF+PIK3CA+RNF43+TCF7L2+TGFBR2	same_stage_one_event	TCF7L2	1	0.2315071573697678	0.00039391790750807534	9.119481500424163e-05
rule_a_one_step	primary::ARID1A+BRAF+PIK3CA+RNF43+TCF7L2	primary::ARID1A+BRAF+PIK3CA+RNF43+TCF7L2+TGFBR2	same_stage_one_event	TGFBR2	1	0.2732031327377981	0.00015756716300323014	4.304784254908976e-05
rule_a_one_step	primary::ARID1A+BRAF+RNF43	primary::ARID1A+BRAF+PTEN+RNF43	same_stage_one_event	PTEN	1	0.07722273519126209	0.0004727014890096904	3.650330191031061e-05
rule_a_one_step	primary::BRAF+PTEN+RNF43+SOX9	primary::ARID1A+BRAF+PTEN+RNF43+SOX9	same_stage_one_event	ARID1A	1	0.3660091719017516	7.878358150161507e-05	2.8835513424860285e-05
rule_a_one_step	primary::ARID1A+PTEN+RNF43+SOX9	primary::ARID1A+BRAF+PTEN+RNF43+SOX9	same_stage_one_event	BRAF	1	0.1200353665413663	7.878358150161507e-05	9.456816082987971e-06
rule_a_one_step	primary::ARID1A+BRAF+RNF43+SOX9	primary::ARID1A+BRAF+PTEN+RNF43+SOX9	same_stage_one_event	PTEN	1	0.08016649287880352	0.00039391790750807534	3.1579017127079306e-05
rule_a_one_step	primary::ARID1A+BRAF+PTEN+SOX9	primary::ARID1A+BRAF+PTEN+RNF43+SOX9	same_stage_one_event	RNF43	1	0.1952712154386131	7.878358150161507e-05	1.5384165716427407e-05
rule_a_one_step	primary::ARID1A+BRAF+PTEN+RNF43	primary::ARID1A+BRAF+PTEN+RNF43+SOX9	same_stage_one_event	SOX9	1	0.10457086358773414	0.0002363507445048452	2.471540146247557e-05
rule_a_one_step	primary::ARID1A+CTNNB1+FBXW7+PIK3CA+SOX9+TCF7L2	primary::ARID1A+CTNNB1+FBXW7+PIK3CA+PTEN+SOX9+TCF7L2	same_stage_one_event	PTEN	1	0.07964668643894982	7.878358150161507e-05	6.274851212396583e-06
rule_a_one_step	primary::ARID1A+RNF43	primary::ARID1A+FBXW7+RNF43	same_stage_one_event	FBXW7	1	0.08305073055996423	0.0002363507445048452	1.9629101999518845e-05
rule_a_one_step	primary::ARID1A+FBXW7	primary::ARID1A+FBXW7+RNF43	same_stage_one_event	RNF43	1	0.0319236535029422	7.878358150161507e-05	2.5150597575783663e-06
rule_a_one_step	primary::KRAS	primary::ARID1A+KRAS	same_stage_one_event	ARID1A	1	0.017385716633105494	0.008508626802174428	0.00014792857451945116
rule_a_one_step	primary::ARID1A	primary::ARID1A+KRAS	same_stage_one_event	KRAS	1	0.08880557406083812	0.00015756716300323014	1.3992842363639507e-05
rule_a_one_step	primary::KRAS+PIK3CA	primary::ARID1A+KRAS+PIK3CA	same_stage_one_event	ARID1A	1	0.023652275253516302	0.004727014890096904	0.00011180465730804209
rule_a_one_step	primary::ARID1A+PIK3CA	primary::ARID1A+KRAS+PIK3CA	same_stage_one_event	KRAS	1	0.11702896769163913	0.00015756716300323014	1.8439922428368258e-05
rule_a_one_step	primary::ARID1A+KRAS	primary::ARID1A+KRAS+PIK3CA	same_stage_one_event	PIK3CA	1	0.18678494894445383	0.0002363507445048452	4.414676174532116e-05
rule_a_one_step	primary::KRAS+RNF43+SMAD4+TP53	primary::ARID1A+KRAS+RNF43+SMAD4+TP53	same_stage_one_event	ARID1A	1	0.1733972027450452	0.00039391790750807534	6.83042632730817e-05
rule_a_one_step	primary::ARID1A+RNF43+SMAD4+TP53	primary::ARID1A+KRAS+RNF43+SMAD4+TP53	same_stage_one_event	KRAS	1	0.12009607485966234	7.878358150161507e-05	9.461598901730273e-06
rule_a_one_step	primary::ARID1A+KRAS+SMAD4+TP53	primary::ARID1A+KRAS+RNF43+SMAD4+TP53	same_stage_one_event	RNF43	1	0.03585643192914986	7.878358150161507e-05	2.824898127247291e-06
rule_a_one_step	primary::RNF43	primary::ARID1A+RNF43	same_stage_one_event	ARID1A	1	0.16452762371698518	0.0004727014890096904	7.777245271424494e-05
rule_a_one_step	primary::ARID1A	primary::ARID1A+RNF43	same_stage_one_event	RNF43	1	0.028012294602975513	0.00015756716300323014	4.4138177898015465e-06
rule_a_one_step	primary::BRAF+PIK3CA+SMAD4+TP53	primary::BRAF+FBXW7+PIK3CA+SMAD4+TP53	same_stage_one_event	FBXW7	1	0.09893535218587098	0.00015756716300323014	1.5588962764653113e-05
rule_a_one_step	primary::BRAF+FBXW7+SMAD4+TP53	primary::BRAF+FBXW7+PIK3CA+SMAD4+TP53	same_stage_one_event	PIK3CA	1	0.11993735839556108	0.00015756716300323014	1.8898189300490205e-05
rule_a_one_step	primary::BRAF+FBXW7+PIK3CA+TP53	primary::BRAF+FBXW7+PIK3CA+SMAD4+TP53	same_stage_one_event	SMAD4	1	0.07904740856225509	0.00039391790750807534	3.113818977477944e-05
rule_a_one_step	primary::FBXW7+PTEN	primary::BRAF+FBXW7+PTEN	same_stage_one_event	BRAF	1	0.08980421204004455	0.00015756716300323014	1.4150194916890342e-05
rule_a_one_step	primary::BRAF+PTEN	primary::BRAF+FBXW7+PTEN	same_stage_one_event	FBXW7	1	0.0859743672252801	0.0010241865595209958	8.805379137545428e-05
rule_a_one_step	primary::BRAF+FBXW7	primary::BRAF+FBXW7+PTEN	same_stage_one_event	PTEN	1	0.06753100394763718	0.0007878358150161507	5.3203343533945626e-05
rule_a_one_step	primary::BRAF+RNF43	primary::BRAF+FBXW7+RNF43	same_stage_one_event	FBXW7	1	0.08878918120266917	0.0005514850705113054	4.896590785619508e-05
rule_a_one_step	primary::BRAF+FBXW7	primary::BRAF+FBXW7+RNF43	same_stage_one_event	RNF43	1	0.16217242416645483	0.0007878358150161507	0.00012776524396632382
rule_a_one_step	primary::BRAF+SMAD4	primary::BRAF+FBXW7+SMAD4	same_stage_one_event	FBXW7	1	0.05352838973570418	0.0007090522335145356	3.795442429853759e-05
rule_a_one_step	primary::BRAF+FBXW7	primary::BRAF+FBXW7+SMAD4	same_stage_one_event	SMAD4	1	0.04833438662754774	0.0007878358150161507	3.807956088201981e-05
rule_a_one_step	primary::KRAS+PIK3CA+TP53	primary::BRAF+KRAS+PIK3CA+TP53	same_stage_one_event	BRAF	1	0.032381987322702734	0.003860395493579138	0.0001250072779336984
rule_a_one_step	primary::BRAF+PIK3CA+TP53	primary::BRAF+KRAS+PIK3CA+TP53	same_stage_one_event	KRAS	1	0.06932414881964494	0.0020483731190419916	0.0001420017229426273
rule_a_one_step	primary::BRAF+KRAS+TP53	primary::BRAF+KRAS+PIK3CA+TP53	same_stage_one_event	PIK3CA	1	0.15867730456532883	0.0005514850705113054	8.750816449675426e-05
rule_a_one_step	primary::BRAF+KRAS+PIK3CA	primary::BRAF+KRAS+PIK3CA+TP53	same_stage_one_event	TP53	1	0.006927029074657826	0.00015756716300323014	1.0914723193347242e-06
rule_a_one_step	primary::PIK3CA+PTEN	primary::BRAF+PIK3CA+PTEN	same_stage_one_event	BRAF	1	0.09748534569329542	0.0003151343260064603	3.0720978710563437e-05
rule_a_one_step	primary::BRAF+PTEN	primary::BRAF+PIK3CA+PTEN	same_stage_one_event	PIK3CA	1	0.1690763735796767	0.0010241865595209958	0.00017316574935285567
rule_a_one_step	primary::BRAF+PIK3CA	primary::BRAF+PIK3CA+PTEN	same_stage_one_event	PTEN	1	0.08425080464942643	0.0016544552115339162	0.00013938918282816945
rule_a_one_step	primary::BRAF+PIK3CA+RNF43	primary::BRAF+PIK3CA+PTEN+RNF43	same_stage_one_event	PTEN	1	0.08866184064706516	0.0003151343260064603	2.7940389394805063e-05
rule_a_one_step	primary::BRAF+PIK3CA+PTEN	primary::BRAF+PIK3CA+PTEN+RNF43	same_stage_one_event	RNF43	1	0.21727196244051789	0.0002363507445048452	5.135239008284517e-05
rule_a_one_step	primary::PIK3CA+SMAD4	primary::BRAF+PIK3CA+SMAD4	same_stage_one_event	BRAF	1	0.09151725131538524	0.0003151343260064603	2.8840227311237766e-05
rule_a_one_step	primary::BRAF+SMAD4	primary::BRAF+PIK3CA+SMAD4	same_stage_one_event	PIK3CA	1	0.12688932931681096	0.0007090522335145356	8.997116236124624e-05
rule_a_one_step	primary::BRAF+PIK3CA	primary::BRAF+PIK3CA+SMAD4	same_stage_one_event	SMAD4	1	0.06738611363651757	0.0016544552115339162	0.0001114873068909532
rule_a_one_step	primary::PIK3CA+SOX9	primary::BRAF+PIK3CA+SOX9	same_stage_one_event	BRAF	1	0.10351259417153715	7.878358150161507e-05	8.155092899356902e-06
rule_a_one_step	primary::BRAF+SOX9	primary::BRAF+PIK3CA+SOX9	same_stage_one_event	PIK3CA	1	0.14523741553746752	0.00039391790750807534	5.721161882040004e-05
rule_a_one_step	primary::BRAF+PIK3CA	primary::BRAF+PIK3CA+SOX9	same_stage_one_event	SOX9	1	0.04088872387736344	0.0016544552115339162	6.764856231187522e-05
rule_a_one_step	primary::BRAF+RNF43+TP53	primary::BRAF+PTEN+RNF43+TP53	same_stage_one_event	PTEN	1	0.09524743847217276	0.0030725596785629874	0.00029265343893600704
rule_a_one_step	primary::BRAF+PTEN+TP53	primary::BRAF+PTEN+RNF43+TP53	same_stage_one_event	RNF43	1	0.22951859202620195	0.001339320885527456	0.0003073990439175477
rule_a_one_step	primary::FBXW7+TP53	primary::CTNNB1+FBXW7+TP53	same_stage_one_event	CTNNB1	1	0.016571132476615957	0.002442291026550067	4.047152814741154e-05
rule_a_one_step	primary::CTNNB1+TP53	primary::CTNNB1+FBXW7+TP53	same_stage_one_event	FBXW7	1	0.046365781691346336	0.002205940282045222	0.00010228014554145572
rule_a_one_step	primary::KRAS+PIK3CA+SMAD4+SOX9	primary::CTNNB1+KRAS+PIK3CA+SMAD4+SOX9	same_stage_one_event	CTNNB1	1	0.0446104622903769	7.878358150161507e-05	3.5145719916786342e-06
rule_a_one_step	primary::CTNNB1+KRAS+SMAD4+SOX9	primary::CTNNB1+KRAS+PIK3CA+SMAD4+SOX9	same_stage_one_event	PIK3CA	1	0.32907781941424785	7.878358150161507e-05	2.5925929206196162e-05
rule_a_one_step	primary::CTNNB1+KRAS+PIK3CA+SOX9	primary::CTNNB1+KRAS+PIK3CA+SMAD4+SOX9	same_stage_one_event	SMAD4	1	0.11388434721253773	0.0002363507445048452	2.6916650251131587e-05
rule_a_one_step	primary::CTNNB1+KRAS+PIK3CA+SMAD4	primary::CTNNB1+KRAS+PIK3CA+SMAD4+SOX9	same_stage_one_event	SOX9	1	0.08230273318337594	7.878358150161507e-05	6.484104087558177e-06
rule_a_one_step	primary::KRAS+PIK3CA+SOX9	primary::CTNNB1+KRAS+PIK3CA+SOX9	same_stage_one_event	CTNNB1	1	0.03910386317937792	0.0002363507445048452	9.242227175461574e-06
rule_a_one_step	primary::CTNNB1+PIK3CA+SOX9	primary::CTNNB1+KRAS+PIK3CA+SOX9	same_stage_one_event	KRAS	1	0.24051704426628742	7.878358150161507e-05	1.8948794159480614e-05
rule_a_one_step	primary::CTNNB1+KRAS+SOX9	primary::CTNNB1+KRAS+PIK3CA+SOX9	same_stage_one_event	PIK3CA	1	0.3034407610256037	0.00015756716300323014	4.78122998543455e-05
rule_a_one_step	primary::CTNNB1+KRAS+PIK3CA	primary::CTNNB1+KRAS+PIK3CA+SOX9	same_stage_one_event	SOX9	1	0.06837091808767908	0.0009454029780193808	6.463806957001094e-05
rule_a_one_step	primary::PIK3CA+PTEN	primary::CTNNB1+PIK3CA+PTEN	same_stage_one_event	CTNNB1	1	0.03353474137570257	0.0003151343260064603	1.0567948121232987e-05
rule_a_one_step	primary::CTNNB1+PTEN	primary::CTNNB1+PIK3CA+PTEN	same_stage_one_event	PIK3CA	1	0.14161318464093509	0.00015756716300323014	2.2313587747724745e-05
rule_a_one_step	primary::CTNNB1+PIK3CA	primary::CTNNB1+PIK3CA+PTEN	same_stage_one_event	PTEN	1	0.03466088446734852	7.878358150161507e-05	2.7307086163514156e-06
rule_a_one_step	primary::SMAD4+TP53	primary::CTNNB1+SMAD4+TP53	same_stage_one_event	CTNNB1	1	0.016183481468461325	0.003781611912077523	6.11996463000192e-05
rule_a_one_step	primary::CTNNB1+TP53	primary::CTNNB1+SMAD4+TP53	same_stage_one_event	SMAD4	1	0.06910177653869123	0.002205940282045222	0.00015243439242758642
rule_a_one_step	primary::KRAS+PIK3CA+SMAD4	primary::FBXW7+KRAS+PIK3CA+SMAD4	same_stage_one_event	FBXW7	1	0.0620714923410397	0.001102970141022611	6.846300266088048e-05
rule_a_one_step	primary::FBXW7+KRAS+PIK3CA	primary::FBXW7+KRAS+PIK3CA+SMAD4	same_stage_one_event	SMAD4	1	0.05403963445240201	0.0005514850705113054	2.980205161638809e-05
rule_a_one_step	primary::KRAS+PTEN+TP53	primary::FBXW7+KRAS+PTEN+TP53	same_stage_one_event	FBXW7	1	0.07089922484984372	0.0007878358150161507	5.585694859358995e-05
rule_a_one_step	primary::FBXW7+PTEN+TP53	primary::FBXW7+KRAS+PTEN+TP53	same_stage_one_event	KRAS	1	0.31716566071627245	0.00015756716300323014	4.9974893361108085e-05
rule_a_one_step	primary::FBXW7+KRAS+TP53	primary::FBXW7+KRAS+PTEN+TP53	same_stage_one_event	PTEN	1	0.05053879560314034	0.0022847238635468367	0.00011546719234941068
rule_a_one_step	primary::KRAS+RNF43+TP53	primary::FBXW7+KRAS+RNF43+TP53	same_stage_one_event	FBXW7	1	0.08697398290833615	0.0012605373040258411	0.00010963394993566363
rule_a_one_step	primary::FBXW7+RNF43+TP53	primary::FBXW7+KRAS+RNF43+TP53	same_stage_one_event	KRAS	1	0.19888864220891864	7.878358150161507e-05	1.5669159553211902e-05
rule_a_one_step	primary::FBXW7+KRAS+TP53	primary::FBXW7+KRAS+RNF43+TP53	same_stage_one_event	RNF43	1	0.03622271314897213	0.0022847238635468367	8.275889713386841e-05
rule_a_one_step	primary::FBXW7+KRAS+RNF43	primary::FBXW7+KRAS+RNF43+TP53	same_stage_one_event	TP53	1	0.004845965505205417	0.00015756716300323014	7.635650366667324e-07
rule_a_one_step	primary::PIK3CA	primary::FBXW7+PIK3CA	same_stage_one_event	FBXW7	1	0.03635509721079546	0.0018120223745371465	6.587624957443438e-05
rule_a_one_step	primary::FBXW7	primary::FBXW7+PIK3CA	same_stage_one_event	PIK3CA	1	0.06945681648244487	0.0010241865595209958	7.11367379084364e-05
rule_a_one_step	primary::PIK3CA+SOX9	primary::KRAS+PIK3CA+SOX9	same_stage_one_event	KRAS	1	0.16855810348875738	7.878358150161507e-05	1.3279611083964185e-05
rule_a_one_step	primary::KRAS+SOX9	primary::KRAS+PIK3CA+SOX9	same_stage_one_event	PIK3CA	1	0.18044986354885034	0.0003151343260064603	5.6865946127424675e-05
rule_a_one_step	primary::KRAS+PIK3CA	primary::KRAS+PIK3CA+SOX9	same_stage_one_event	SOX9	1	0.03632691053108268	0.004727014890096904	0.00017171784699164587
rule_a_one_step	primary::KRAS	primary::KRAS+TCF7L2	same_stage_one_event	TCF7L2	1	0.021957361359465168	0.008508626802174428	0.00018682699336817446
rule_a_one_step	primary::SOX9+TP53	primary::NRAS+SOX9+TP53	same_stage_one_event	NRAS	1	0.028680605445360524	0.0007090522335145356	2.0336047349582032e-05
rule_a_one_step	primary::NRAS+TP53	primary::NRAS+SOX9+TP53	same_stage_one_event	SOX9	1	0.02308066434684747	0.0017332387930355314	4.000430281498813e-05
rule_a_one_step	primary::PTEN+TP53	primary::PIK3CA+PTEN+TP53	same_stage_one_event	PIK3CA	1	0.061726544394786566	0.001102970141022611	6.808253537595619e-05
rule_a_one_step	primary::PIK3CA+TP53	primary::PIK3CA+PTEN+TP53	same_stage_one_event	PTEN	1	0.02817361303541478	0.002914992515559757	8.212587113451089e-05
rule_a_one_step	primary::PIK3CA+PTEN	primary::PIK3CA+PTEN+TP53	same_stage_one_event	TP53	1	0.041646473781212834	0.0003151343260064603	1.3124233445588225e-05
rule_a_one_step	primary::TCF7L2+TP53	primary::PIK3CA+TCF7L2+TP53	same_stage_one_event	PIK3CA	1	0.04609514913640979	0.00015756716300323014	7.263081877634884e-06
rule_a_one_step	primary::PIK3CA+TP53	primary::PIK3CA+TCF7L2+TP53	same_stage_one_event	TCF7L2	1	0.011731980116885768	0.002914992515559757	3.41986342334179e-05
rule_a_one_step	unknown::WT	unknown::APC	same_stage_one_event	APC	1	0.2348769686165781	0.06452375324982274	0.015155143567082445
rule_a_one_step	unknown::BRAF+TP53	unknown::APC+BRAF+TP53	same_stage_one_event	APC	1	0.20719626508651243	0.0003151343260064603	6.529465534909398e-05
rule_a_one_step	unknown::APC+TP53	unknown::APC+BRAF+TP53	same_stage_one_event	BRAF	1	0.020383120135131057	0.0008666193965177657	1.7664407270656394e-05
rule_a_one_step	unknown::APC+BRAF	unknown::APC+BRAF+TP53	same_stage_one_event	TP53	1	0.7357833296951942	7.878358150161507e-05	5.796764592257105e-05
rule_a_one_step	unknown::KRAS	unknown::APC+KRAS	same_stage_one_event	APC	1	0.4935438374274594	0.0003151343260064603	0.00015553260456234441
rule_a_one_step	unknown::APC	unknown::APC+KRAS	same_stage_one_event	KRAS	1	0.05278865144291615	0.0002363507445048452	1.2476637069940001e-05
rule_a_one_step	unknown::KRAS+SMAD4+TP53	unknown::APC+KRAS+SMAD4+TP53	same_stage_one_event	APC	1	0.5639638347545727	0.00015756716300323014	8.88621814787005e-05
rule_a_one_step	unknown::APC+KRAS+TP53	unknown::APC+KRAS+SMAD4+TP53	same_stage_one_event	SMAD4	1	0.16708026878630863	0.0006302686520129206	0.00010530545578590318
rule_a_one_step	unknown::APC+KRAS+SMAD4	unknown::APC+KRAS+SMAD4+TP53	same_stage_one_event	TP53	1	0.2423682352232502	7.878358150161507e-05	1.9094637613113547e-05
rule_a_one_step	metastatic::APC+FBXW7+KRAS+TP53	metastatic::APC+ARID1A+FBXW7+KRAS+TP53	same_stage_one_event	ARID1A	1	0.09627272937063018	0.003387694004569448	0.00032614254809242086
rule_a_one_step	metastatic::APC+ARID1A+KRAS+TP53	metastatic::APC+ARID1A+FBXW7+KRAS+TP53	same_stage_one_event	FBXW7	1	0.1334140728759964	0.0012605373040258411	0.00016817341574221561
rule_a_one_step	metastatic::APC+ARID1A+FBXW7+TP53	metastatic::APC+ARID1A+FBXW7+KRAS+TP53	same_stage_one_event	KRAS	1	0.3025175343187908	0.0003151343260064603	9.533365928268836e-05
rule_a_one_step	metastatic::APC+KRAS+PIK3CA	metastatic::APC+ARID1A+KRAS+PIK3CA	same_stage_one_event	ARID1A	1	0.10459064409202828	0.005751201449617899	0.0006015218639185429
rule_a_one_step	metastatic::APC+ARID1A+KRAS	metastatic::APC+ARID1A+KRAS+PIK3CA	same_stage_one_event	PIK3CA	1	0.21914011920398152	0.0002363507445048452	5.179393032474156e-05
rule_a_one_step	metastatic::APC+KRAS+PIK3CA+SOX9	metastatic::APC+ARID1A+KRAS+PIK3CA+SOX9	same_stage_one_event	ARID1A	1	0.1512188387292169	0.0005514850705113054	8.339493193921991e-05
rule_a_one_step	metastatic::APC+ARID1A+KRAS+SOX9	metastatic::APC+ARID1A+KRAS+PIK3CA+SOX9	same_stage_one_event	PIK3CA	1	0.3016323625183624	7.878358150161507e-05	2.3763677815990106e-05
rule_a_one_step	metastatic::APC+ARID1A+KRAS+PIK3CA	metastatic::APC+ARID1A+KRAS+PIK3CA+SOX9	same_stage_one_event	SOX9	1	0.2722223031490697	0.00015756716300323014	4.2893296013404195e-05
rule_a_one_step	metastatic::APC+KRAS+SMAD4+SOX9	metastatic::APC+ARID1A+KRAS+SMAD4+SOX9	same_stage_one_event	ARID1A	1	0.11072772721003224	0.0005514850705113054	6.106468844798122e-05
rule_a_one_step	metastatic::APC+ARID1A+KRAS+SOX9	metastatic::APC+ARID1A+KRAS+SMAD4+SOX9	same_stage_one_event	SMAD4	1	0.050509744434300674	7.878358150161507e-05	3.979338567265475e-06
rule_a_one_step	metastatic::APC+ARID1A+KRAS+SMAD4	metastatic::APC+ARID1A+KRAS+SMAD4+SOX9	same_stage_one_event	SOX9	1	0.26583818756379357	0.0002363507445048452	6.283105354852128e-05
rule_a_one_step	metastatic::ARID1A+KRAS+SMAD4+TP53	metastatic::APC+ARID1A+KRAS+SMAD4+TP53	same_stage_one_event	APC	1	0.4233811688771315	0.00015756716300323014	6.671096964896109e-05
rule_a_one_step	metastatic::APC+KRAS+SMAD4+TP53	metastatic::APC+ARID1A+KRAS+SMAD4+TP53	same_stage_one_event	ARID1A	1	0.10074709276200798	0.00606633577562436	0.000611165693112315
rule_a_one_step	metastatic::APC+ARID1A+SMAD4+TP53	metastatic::APC+ARID1A+KRAS+SMAD4+TP53	same_stage_one_event	KRAS	1	0.3263451575243283	0.0003151343260064603	0.00010284256126190131
rule_a_one_step	metastatic::APC+ARID1A+KRAS+TP53	metastatic::APC+ARID1A+KRAS+SMAD4+TP53	same_stage_one_event	SMAD4	1	0.07501635177878799	0.0012605373040258411	9.456090982908752e-05
rule_a_one_step	metastatic::APC+ARID1A+KRAS+SMAD4	metastatic::APC+ARID1A+KRAS+SMAD4+TP53	same_stage_one_event	TP53	1	0.06846743545585857	0.0002363507445048452	1.6182329344329608e-05
rule_a_one_step	metastatic::APC+SOX9+TP53	metastatic::APC+ARID1A+SOX9+TP53	same_stage_one_event	ARID1A	1	0.06516648601113939	0.0033089104230678325	0.00021563006479696323
rule_a_one_step	metastatic::APC+ARID1A+TP53	metastatic::APC+ARID1A+SOX9+TP53	same_stage_one_event	SOX9	1	0.14783121059834475	0.0025210746080516822	0.0003726935113170277
rule_a_one_step	metastatic::APC+ARID1A+SOX9	metastatic::APC+ARID1A+SOX9+TP53	same_stage_one_event	TP53	1	0.41920138325547346	7.878358150161507e-05	3.3026186343297365e-05
rule_a_one_step	metastatic::BRAF+KRAS+PIK3CA+SMAD4+TP53	metastatic::APC+BRAF+KRAS+PIK3CA+SMAD4+TP53	same_stage_one_event	APC	1	0.35298868869228056	7.878358150161507e-05	2.7809713124736516e-05
rule_a_one_step	metastatic::APC+KRAS+PIK3CA+SMAD4+TP53	metastatic::APC+BRAF+KRAS+PIK3CA+SMAD4+TP53	same_stage_one_event	BRAF	1	0.012405513204673221	0.0008666193965177657	1.075085836692708e-05
rule_a_one_step	metastatic::APC+BRAF+PIK3CA+SMAD4+TP53	metastatic::APC+BRAF+KRAS+PIK3CA+SMAD4+TP53	same_stage_one_event	KRAS	1	0.13471405832801275	7.878358150161507e-05	1.0613255993698319e-05
rule_a_one_step	metastatic::APC+BRAF+KRAS+SMAD4+TP53	metastatic::APC+BRAF+KRAS+PIK3CA+SMAD4+TP53	same_stage_one_event	PIK3CA	1	0.269654120181049	0.0003151343260064603	8.497726941811992e-05
rule_a_one_step	metastatic::APC+BRAF+KRAS+PIK3CA+SMAD4	metastatic::APC+BRAF+KRAS+PIK3CA+SMAD4+TP53	same_stage_one_event	TP53	1	0.05348239806742141	7.878358150161507e-05	4.213534867046515e-06
rule_a_one_step	metastatic::BRAF+NRAS+TP53	metastatic::APC+BRAF+NRAS+TP53	same_stage_one_event	APC	1	0.22559541094206811	0.00015756716300323014	3.554642888868953e-05
rule_a_one_step	metastatic::APC+NRAS+TP53	metastatic::APC+BRAF+NRAS+TP53	same_stage_one_event	BRAF	1	0.02954194068279102	0.003624044749074293	0.00010706131500893302
rule_a_one_step	metastatic::APC+BRAF+TP53	metastatic::APC+BRAF+NRAS+TP53	same_stage_one_event	NRAS	1	0.04378418115001466	0.0019695895375403767	8.623686510284145e-05
rule_a_one_step	metastatic::APC+BRAF+NRAS	metastatic::APC+BRAF+NRAS+TP53	same_stage_one_event	TP53	1	0.4345147006811596	7.878358150161507e-05	3.4232624334764016e-05
rule_a_one_step	metastatic::APC+PIK3CA+SOX9+TP53	metastatic::APC+BRAF+PIK3CA+SOX9+TP53	same_stage_one_event	BRAF	1	0.02917915088543423	0.0003151343260064603	9.195352047722125e-06
rule_a_one_step	metastatic::APC+BRAF+SOX9+TP53	metastatic::APC+BRAF+PIK3CA+SOX9+TP53	same_stage_one_event	PIK3CA	1	0.16394554002803083	0.00015756716300323014	2.5832433629249325e-05
rule_a_one_step	metastatic::APC+BRAF+PIK3CA+TP53	metastatic::APC+BRAF+PIK3CA+SOX9+TP53	same_stage_one_event	SOX9	1	0.13167933657675204	0.0009454029780193808	0.00012449003694327775
rule_a_one_step	metastatic::APC+BRAF+PIK3CA+SOX9	metastatic::APC+BRAF+PIK3CA+SOX9+TP53	same_stage_one_event	TP53	1	0.32129422128064805	7.878358150161507e-05	2.5312709468261884e-05
rule_a_one_step	metastatic::BRAF+PTEN+TP53	metastatic::APC+BRAF+PTEN+TP53	same_stage_one_event	APC	1	0.21087320734305645	0.0004727014890096904	9.968007910331196e-05
rule_a_one_step	metastatic::APC+PTEN+TP53	metastatic::APC+BRAF+PTEN+TP53	same_stage_one_event	BRAF	1	0.019978008574652026	0.00039391790750807534	7.869695333905312e-06
rule_a_one_step	metastatic::APC+BRAF+TP53	metastatic::APC+BRAF+PTEN+TP53	same_stage_one_event	PTEN	1	0.0435613019928531	0.0019695895375403767	8.579788464676023e-05
rule_a_one_step	metastatic::APC+BRAF+PTEN	metastatic::APC+BRAF+PTEN+TP53	same_stage_one_event	TP53	1	0.3051603848641476	0.0002363507445048452	7.212488415602638e-05
rule_a_one_step	metastatic::APC+SOX9+TP53	metastatic::APC+BRAF+SOX9+TP53	same_stage_one_event	BRAF	1	0.026383467729105894	0.0033089104230678325	8.73005313655123e-05
rule_a_one_step	metastatic::APC+BRAF+TP53	metastatic::APC+BRAF+SOX9+TP53	same_stage_one_event	SOX9	1	0.1260598512081437	0.0019695895375403767	0.00024828616404345646
rule_a_one_step	metastatic::APC+TCF7L2+TP53	metastatic::APC+BRAF+TCF7L2+TP53	same_stage_one_event	BRAF	1	0.02429826410067631	0.0033089104230678325	8.040077934518278e-05
rule_a_one_step	metastatic::APC+BRAF+TP53	metastatic::APC+BRAF+TCF7L2+TP53	same_stage_one_event	TCF7L2	1	0.06447719591611867	0.0019695895375403767	0.00012699361048632842
rule_a_one_step	metastatic::APC+BRAF+TCF7L2	metastatic::APC+BRAF+TCF7L2+TP53	same_stage_one_event	TP53	1	0.6899198215691025	7.878358150161507e-05	5.4354354492169114e-05
rule_a_one_step	metastatic::BRAF+TGFBR2+TP53	metastatic::APC+BRAF+TGFBR2+TP53	same_stage_one_event	APC	1	0.20903851666026915	7.878358150161507e-05	1.6468803014281035e-05
rule_a_one_step	metastatic::APC+BRAF+TP53	metastatic::APC+BRAF+TGFBR2+TP53	same_stage_one_event	TGFBR2	1	0.027059150001210393	0.0019695895375403767	5.329541873711966e-05
rule_a_one_step	metastatic::APC+TCF7L2+TP53	metastatic::APC+CTNNB1+TCF7L2+TP53	same_stage_one_event	CTNNB1	1	0.020843991323694935	0.0033089104230678325	6.897090014930964e-05
rule_a_one_step	metastatic::APC+CTNNB1+TP53	metastatic::APC+CTNNB1+TCF7L2+TP53	same_stage_one_event	TCF7L2	1	0.0651508643936611	0.0007878358150161507	5.132818434858671e-05
rule_a_one_step	metastatic::APC+KRAS+SMAD4	metastatic::APC+FBXW7+KRAS+SMAD4	same_stage_one_event	FBXW7	1	0.09095912096859371	0.0019695895375403767	0.00017915213300361167
rule_a_one_step	metastatic::APC+FBXW7+KRAS	metastatic::APC+FBXW7+KRAS+SMAD4	same_stage_one_event	SMAD4	1	0.05099782599171622	0.0009454029780193808	4.8213496565082694e-05
rule_a_one_step	metastatic::APC+KRAS+TCF7L2	metastatic::APC+FBXW7+KRAS+TCF7L2	same_stage_one_event	FBXW7	1	0.1007391131378878	0.001102970141022611	0.00011111223382418887
rule_a_one_step	metastatic::APC+FBXW7+KRAS	metastatic::APC+FBXW7+KRAS+TCF7L2	same_stage_one_event	TCF7L2	1	0.1039670083358406	0.0009454029780193808	9.82907192964695e-05
rule_a_one_step	metastatic::APC+KRAS+TCF7L2+TP53	metastatic::APC+FBXW7+KRAS+TCF7L2+TP53	same_stage_one_event	FBXW7	1	0.16251332056982798	0.0025210746080516822	0.00040970820595875645
rule_a_one_step	metastatic::APC+FBXW7+TCF7L2+TP53	metastatic::APC+FBXW7+KRAS+TCF7L2+TP53	same_stage_one_event	KRAS	1	0.4762773997428623	0.00039391790750807534	0.00018761419670009546
rule_a_one_step	metastatic::APC+FBXW7+KRAS+TP53	metastatic::APC+FBXW7+KRAS+TCF7L2+TP53	same_stage_one_event	TCF7L2	1	0.12676981195434445	0.003387694004569448	0.000429457331918129
rule_a_one_step	metastatic::APC+FBXW7+KRAS+TCF7L2	metastatic::APC+FBXW7+KRAS+TCF7L2+TP53	same_stage_one_event	TP53	1	0.2149151395974089	0.00015756716300323014	3.386356883280689e-05
rule_a_one_step	metastatic::APC+NRAS+TP53	metastatic::APC+FBXW7+NRAS+TP53	same_stage_one_event	FBXW7	1	0.13453445992682544	0.003624044749074293	0.0004875589030673576
rule_a_one_step	metastatic::APC+FBXW7+TP53	metastatic::APC+FBXW7+NRAS+TP53	same_stage_one_event	NRAS	1	0.05080393638394671	0.002442291026550067	0.0001240779979439335
rule_a_one_step	metastatic::APC+SMAD4+TP53	metastatic::APC+FBXW7+SMAD4+TP53	same_stage_one_event	FBXW7	1	0.06588809667687465	0.004411880564090444	0.0002906904131336154
rule_a_one_step	metastatic::APC+FBXW7+TP53	metastatic::APC+FBXW7+SMAD4+TP53	same_stage_one_event	SMAD4	1	0.042122242635481096	0.002442291026550067	0.00010287477520680012
rule_a_one_step	metastatic::APC+NRAS	metastatic::APC+KRAS+NRAS	same_stage_one_event	KRAS	1	0.023741012337624365	0.0008666193965177657	2.0574421784752856e-05
rule_a_one_step	metastatic::APC+KRAS	metastatic::APC+KRAS+NRAS	same_stage_one_event	NRAS	1	0.006138578828826157	0.009454029780193808	5.803430705578971e-05
rule_a_one_step	metastatic::APC+KRAS+TGFBR2	metastatic::APC+KRAS+PIK3CA+TGFBR2	same_stage_one_event	PIK3CA	1	0.26605801691442754	0.00015756716300323014	4.1922006919471767e-05
rule_a_one_step	metastatic::APC+KRAS+PIK3CA	metastatic::APC+KRAS+PIK3CA+TGFBR2	same_stage_one_event	TGFBR2	1	0.025790938237737284	0.005751201449617899	0.00014832888137988038
rule_a_one_step	metastatic::APC+KRAS+SMAD4+SOX9	metastatic::APC+KRAS+PTEN+SMAD4+SOX9	same_stage_one_event	PTEN	1	0.03244479038408668	0.0005514850705113054	1.789281751269257e-05
rule_a_one_step	metastatic::APC+KRAS+PTEN+SOX9	metastatic::APC+KRAS+PTEN+SMAD4+SOX9	same_stage_one_event	SMAD4	1	0.09526808547366901	7.878358150161507e-05	7.5055609764176335e-06
rule_a_one_step	metastatic::APC+KRAS+PTEN+SMAD4	metastatic::APC+KRAS+PTEN+SMAD4+SOX9	same_stage_one_event	SOX9	1	0.15500477839079144	7.878358150161507e-05	1.22118315914907e-05
rule_a_one_step	metastatic::KRAS+PTEN+SMAD4+TP53	metastatic::APC+KRAS+PTEN+SMAD4+TP53	same_stage_one_event	APC	1	0.5547229340556282	0.0004727014890096904	0.00026221835691591977
rule_a_one_step	metastatic::APC+KRAS+SMAD4+TP53	metastatic::APC+KRAS+PTEN+SMAD4+TP53	same_stage_one_event	PTEN	1	0.04095848623729117	0.00606633577562436	0.0002484679303766974
rule_a_one_step	metastatic::APC+KRAS+PTEN+TP53	metastatic::APC+KRAS+PTEN+SMAD4+TP53	same_stage_one_event	SMAD4	1	0.15048577230627003	0.001102970141022611	0.00016598131350254318
rule_a_one_step	metastatic::APC+KRAS+PTEN+SMAD4	metastatic::APC+KRAS+PTEN+SMAD4+TP53	same_stage_one_event	TP53	1	0.04683895156196559	7.878358150161507e-05	3.6901403578323164e-06
rule_a_one_step	metastatic::KRAS+RNF43+SMAD4+TP53	metastatic::APC+KRAS+RNF43+SMAD4+TP53	same_stage_one_event	APC	1	0.3147821498766597	0.0003151343260064603	9.919866064024572e-05
rule_a_one_step	metastatic::APC+RNF43+SMAD4+TP53	metastatic::APC+KRAS+RNF43+SMAD4+TP53	same_stage_one_event	KRAS	1	0.2369974360617478	7.878358150161507e-05	1.8671506819644515e-05
rule_a_one_step	metastatic::APC+KRAS+SMAD4+TP53	metastatic::APC+KRAS+RNF43+SMAD4+TP53	same_stage_one_event	RNF43	1	0.01869200043004841	0.00606633577562436	0.00011339195092678859
rule_a_one_step	metastatic::APC+KRAS+RNF43+TP53	metastatic::APC+KRAS+RNF43+SMAD4+TP53	same_stage_one_event	SMAD4	1	0.07667970366836996	0.0003151343260064603	2.4164406733906867e-05
rule_a_one_step	metastatic::APC+KRAS+RNF43+SMAD4	metastatic::APC+KRAS+RNF43+SMAD4+TP53	same_stage_one_event	TP53	1	0.02712176653450953	7.878358150161507e-05	2.1367499042393075e-06
rule_a_one_step	metastatic::KRAS+SMAD4+TCF7L2	metastatic::APC+KRAS+SMAD4+TCF7L2	same_stage_one_event	APC	1	0.7494130618267267	7.878358150161507e-05	5.904144503480082e-05
rule_a_one_step	metastatic::APC+KRAS+TCF7L2	metastatic::APC+KRAS+SMAD4+TCF7L2	same_stage_one_event	SMAD4	1	0.08751839487909621	0.001102970141022611	9.65301763418693e-05
rule_a_one_step	metastatic::APC+KRAS+SMAD4	metastatic::APC+KRAS+SMAD4+TCF7L2	same_stage_one_event	TCF7L2	1	0.0783358275421507	0.0019695895375403767	0.0001542894263415873
rule_a_one_step	metastatic::APC+SOX9+TCF7L2+TP53	metastatic::APC+KRAS+SOX9+TCF7L2+TP53	same_stage_one_event	KRAS	1	0.36910920694865074	0.00015756716300323014	5.815949057727106e-05
rule_a_one_step	metastatic::APC+KRAS+TCF7L2+TP53	metastatic::APC+KRAS+SOX9+TCF7L2+TP53	same_stage_one_event	SOX9	1	0.10696078070698863	0.0025210746080516822	0.00026965610829777326
rule_a_one_step	metastatic::APC+KRAS+SOX9+TP53	metastatic::APC+KRAS+SOX9+TCF7L2+TP53	same_stage_one_event	TCF7L2	1	0.1115906620829371	0.0027574253525565274	0.00030770292073605915
rule_a_one_step	metastatic::APC+KRAS+TGFBR2	metastatic::APC+KRAS+SOX9+TGFBR2	same_stage_one_event	SOX9	1	0.13779943700765757	0.00015756716300323014	2.1712666352738922e-05
rule_a_one_step	metastatic::APC+KRAS+SOX9	metastatic::APC+KRAS+SOX9+TGFBR2	same_stage_one_event	TGFBR2	1	0.031179723968843644	0.0009454029780193808	2.9477403893967048e-05
rule_a_one_step	metastatic::KRAS+TGFBR2	metastatic::APC+KRAS+TGFBR2	same_stage_one_event	APC	1	0.5006828518395123	7.878358150161507e-05	3.944558826435928e-05
rule_a_one_step	metastatic::APC+TGFBR2	metastatic::APC+KRAS+TGFBR2	same_stage_one_event	KRAS	1	0.0719560675621471	7.878358150161507e-05	5.6689567133181365e-06
rule_a_one_step	metastatic::APC+KRAS	metastatic::APC+KRAS+TGFBR2	same_stage_one_event	TGFBR2	1	0.014422130305646014	0.009454029780193808	0.00013634724940341303
rule_a_one_step	metastatic::APC+SMAD4	metastatic::APC+NRAS+SMAD4	same_stage_one_event	NRAS	1	0.0073221712280110915	0.0003151343260064603	2.307467494843171e-06
rule_a_one_step	metastatic::APC+NRAS	metastatic::APC+NRAS+SMAD4	same_stage_one_event	SMAD4	1	0.022438555543662912	0.0008666193965177657	1.944568746397952e-05
rule_a_one_step	metastatic::APC+SMAD4+SOX9+TP53	metastatic::APC+NRAS+SMAD4+SOX9+TP53	same_stage_one_event	NRAS	1	0.07732384096315247	0.0007878358150161507	6.091849126538444e-05
rule_a_one_step	metastatic::APC+NRAS+SOX9+TP53	metastatic::APC+NRAS+SMAD4+SOX9+TP53	same_stage_one_event	SMAD4	1	0.1435664308390857	0.00039391790750807534	5.655338802453546e-05
rule_a_one_step	metastatic::APC+NRAS+SMAD4+TP53	metastatic::APC+NRAS+SMAD4+SOX9+TP53	same_stage_one_event	SOX9	1	0.1518447186402499	0.0009454029780193808	0.00014355444919900723
rule_a_one_step	metastatic::APC+SOX9	metastatic::APC+NRAS+SOX9	same_stage_one_event	NRAS	1	0.01468907737252958	0.00039391790750807534	5.786290621811069e-06
rule_a_one_step	metastatic::APC+NRAS	metastatic::APC+NRAS+SOX9	same_stage_one_event	SOX9	1	0.048871927387860475	0.0008666193965177657	4.235336021952771e-05
rule_a_one_step	metastatic::PIK3CA+PTEN+SMAD4+TP53	metastatic::APC+PIK3CA+PTEN+SMAD4+TP53	same_stage_one_event	APC	1	0.28203107549987133	7.878358150161507e-05	2.2219418222632265e-05
rule_a_one_step	metastatic::APC+PIK3CA+SMAD4+TP53	metastatic::APC+PIK3CA+PTEN+SMAD4+TP53	same_stage_one_event	PTEN	1	0.015233008637622157	0.00015756716300323014	2.4002219550338233e-06
rule_a_one_step	metastatic::APC+PIK3CA+PTEN+TP53	metastatic::APC+PIK3CA+PTEN+SMAD4+TP53	same_stage_one_event	SMAD4	1	0.04265942987681605	7.878358150161507e-05	3.3608626705125703e-06
rule_a_one_step	metastatic::APC+RNF43+TP53	metastatic::APC+PIK3CA+RNF43+TP53	same_stage_one_event	PIK3CA	1	0.05114041347209751	0.0004727014890096904	2.4174149596831724e-05
rule_a_one_step	metastatic::APC+PIK3CA+TP53	metastatic::APC+PIK3CA+RNF43+TP53	same_stage_one_event	RNF43	1	0.012018098951119684	0.003860395493579138	4.6394615032290596e-05
rule_a_one_step	metastatic::APC+PIK3CA+RNF43	metastatic::APC+PIK3CA+RNF43+TP53	same_stage_one_event	TP53	1	0.21100558955312346	7.878358150161507e-05	1.6623776061854838e-05
rule_a_one_step	metastatic::APC+SMAD4+SOX9+TP53	metastatic::APC+PIK3CA+SMAD4+SOX9+TP53	same_stage_one_event	PIK3CA	1	0.09396546055407975	0.0007878358150161507	7.402935519899139e-05
rule_a_one_step	metastatic::APC+PIK3CA+SOX9+TP53	metastatic::APC+PIK3CA+SMAD4+SOX9+TP53	same_stage_one_event	SMAD4	1	0.057257589814450706	0.0003151343260064603	1.804383197493129e-05
rule_a_one_step	metastatic::APC+PIK3CA+SMAD4+TP53	metastatic::APC+PIK3CA+SMAD4+SOX9+TP53	same_stage_one_event	SOX9	1	0.06089882610524821	0.00015756716300323014	9.595655259631011e-06
rule_a_one_step	metastatic::PIK3CA+SMAD4+TP53	metastatic::APC+PIK3CA+SMAD4+TP53	same_stage_one_event	APC	1	0.2765475966703798	0.00015756716300323014	4.357482024271328e-05
rule_a_one_step	metastatic::APC+SMAD4+TP53	metastatic::APC+PIK3CA+SMAD4+TP53	same_stage_one_event	PIK3CA	1	0.07034748207759321	0.004411880564090444	0.0003103646889108343
rule_a_one_step	metastatic::APC+PIK3CA+TP53	metastatic::APC+PIK3CA+SMAD4+TP53	same_stage_one_event	SMAD4	1	0.043252146342604166	0.003860395493579138	0.00016697039082861452
rule_a_one_step	metastatic::APC+PIK3CA+SMAD4	metastatic::APC+PIK3CA+SMAD4+TP53	same_stage_one_event	TP53	1	0.6585979784769669	7.878358150161507e-05	5.188670751413905e-05
rule_a_one_step	metastatic::RNF43	metastatic::APC+RNF43	same_stage_one_event	APC	1	0.18974126552783593	7.878358150161507e-05	1.4948496456931849e-05
rule_a_one_step	metastatic::APC	metastatic::APC+RNF43	same_stage_one_event	RNF43	1	0.001729118905568514	0.003781611912077523	6.538856650696343e-06
rule_a_one_step	metastatic::SOX9+TCF7L2+TP53	metastatic::APC+SOX9+TCF7L2+TP53	same_stage_one_event	APC	1	0.5300717232703035	7.878358150161507e-05	4.1760948811967504e-05
rule_a_one_step	metastatic::APC+TCF7L2+TP53	metastatic::APC+SOX9+TCF7L2+TP53	same_stage_one_event	SOX9	1	0.05319105829419135	0.0033089104230678325	0.00017600444720365844
rule_a_one_step	metastatic::APC+SOX9+TP53	metastatic::APC+SOX9+TCF7L2+TP53	same_stage_one_event	TCF7L2	1	0.051608187917340995	0.0033089104230678325	0.000170766870915333
rule_a_one_step	metastatic::BRAF+RNF43+SMAD4+TP53	metastatic::ARID1A+BRAF+RNF43+SMAD4+TP53	same_stage_one_event	ARID1A	1	0.29647835372784254	0.0002363507445048452	7.007287963314644e-05
rule_a_one_step	metastatic::ARID1A+BRAF+SMAD4+TP53	metastatic::ARID1A+BRAF+RNF43+SMAD4+TP53	same_stage_one_event	RNF43	1	0.24458512177665429	0.00015756716300323014	3.853858375114698e-05
rule_a_one_step	metastatic::ARID1A+BRAF+RNF43+TP53	metastatic::ARID1A+BRAF+RNF43+SMAD4+TP53	same_stage_one_event	SMAD4	1	0.0719143790895501	7.878358150161507e-05	5.665672346139613e-06
rule_a_one_step	metastatic::BRAF+SMAD4+TP53	metastatic::ARID1A+BRAF+SMAD4+TP53	same_stage_one_event	ARID1A	1	0.03687981442239593	0.0014181044670290711	5.229942957560283e-05
rule_a_one_step	metastatic::ARID1A+SMAD4+TP53	metastatic::ARID1A+BRAF+SMAD4+TP53	same_stage_one_event	BRAF	1	0.15420537220315436	7.878358150161507e-05	1.21488515089541e-05
rule_a_one_step	metastatic::ARID1A+BRAF+TP53	metastatic::ARID1A+BRAF+SMAD4+TP53	same_stage_one_event	SMAD4	1	0.08090320238649275	0.00039391790750807534	3.186922019478955e-05
rule_a_one_step	metastatic::KRAS+SMAD4+TP53	metastatic::ARID1A+KRAS+SMAD4+TP53	same_stage_one_event	ARID1A	1	0.020105833066921527	0.0032301268415662176	6.494439106151285e-05
rule_a_one_step	metastatic::ARID1A+SMAD4+TP53	metastatic::ARID1A+KRAS+SMAD4+TP53	same_stage_one_event	KRAS	1	0.21395589806759308	7.878358150161507e-05	1.6856211933159464e-05
rule_a_one_step	metastatic::ARID1A+KRAS+TP53	metastatic::ARID1A+KRAS+SMAD4+TP53	same_stage_one_event	SMAD4	1	0.09382514964140862	0.00039391790750807534	3.6959406618375726e-05
rule_a_one_step	metastatic::BRAF+FBXW7+KRAS+PIK3CA+PTEN+SMAD4+TP53	metastatic::BRAF+CTNNB1+FBXW7+KRAS+PIK3CA+PTEN+SMAD4+TP53	same_stage_one_event	CTNNB1	1	0.06877722430285114	0.00015756716300323014	1.0837032112637068e-05
rule_a_one_step	metastatic::CTNNB1+RNF43+TP53	metastatic::BRAF+CTNNB1+RNF43+TP53	same_stage_one_event	BRAF	1	0.09271553367769075	7.878358150161507e-05	7.304461803962086e-06
rule_a_one_step	metastatic::BRAF+RNF43+TP53	metastatic::BRAF+CTNNB1+RNF43+TP53	same_stage_one_event	CTNNB1	1	0.021029109225445597	0.0016544552115339162	3.479171935195443e-05
rule_a_one_step	metastatic::FBXW7+RNF43+TP53	metastatic::BRAF+FBXW7+RNF43+TP53	same_stage_one_event	BRAF	1	0.162138442857048	7.878358150161507e-05	1.27738472273732e-05
rule_a_one_step	metastatic::BRAF+RNF43+TP53	metastatic::BRAF+FBXW7+RNF43+TP53	same_stage_one_event	FBXW7	1	0.11260459744680776	0.0016544552115339162	0.00018629926308854982
rule_a_one_step	metastatic::BRAF+FBXW7+TP53	metastatic::BRAF+FBXW7+RNF43+TP53	same_stage_one_event	RNF43	1	0.25908213172719374	0.0002363507445048452	6.123425472162462e-05
rule_a_one_step	metastatic::KRAS	metastatic::BRAF+KRAS	same_stage_one_event	BRAF	1	0.015723353767343753	0.005120932797604979	8.051823799553644e-05
rule_a_one_step	metastatic::BRAF	metastatic::BRAF+KRAS	same_stage_one_event	KRAS	1	0.023724458546135807	0.002205940282045222	5.233473877663299e-05
rule_a_one_step	metastatic::NRAS+TP53	metastatic::BRAF+NRAS+TP53	same_stage_one_event	BRAF	1	0.11363060597745293	0.0014181044670290711	0.00016114006992784627
rule_a_one_step	metastatic::BRAF+TP53	metastatic::BRAF+NRAS+TP53	same_stage_one_event	NRAS	1	0.020437603051108963	0.004884582053100134	9.982914907183137e-05
rule_a_one_step	metastatic::PTEN	metastatic::BRAF+PTEN	same_stage_one_event	BRAF	1	0.07910965874822436	0.00015756716300323014	1.2465084495111378e-05
rule_a_one_step	metastatic::BRAF	metastatic::BRAF+PTEN	same_stage_one_event	PTEN	1	0.057519794968339845	0.002205940282045222	0.00012688523273564293
rule_a_one_step	metastatic::RNF43	metastatic::BRAF+RNF43	same_stage_one_event	BRAF	1	0.09519634696422703	7.878358150161507e-05	7.499909159712207e-06
rule_a_one_step	metastatic::BRAF	metastatic::BRAF+RNF43	same_stage_one_event	RNF43	1	0.13833448238478782	0.002205940282045222	0.00030515760708847863
rule_a_one_step	metastatic::BRAF+SMAD4	metastatic::BRAF+RNF43+SMAD4	same_stage_one_event	RNF43	1	0.14787857914057984	0.0005514850705113054	8.155282864445433e-05
rule_a_one_step	metastatic::BRAF+RNF43	metastatic::BRAF+RNF43+SMAD4	same_stage_one_event	SMAD4	1	0.06618775625974223	0.00015756716300323014	1.042901697939687e-05
rule_a_one_step	metastatic::KRAS+PIK3CA+SMAD4+TP53	metastatic::CTNNB1+KRAS+PIK3CA+SMAD4+TP53	same_stage_one_event	CTNNB1	1	0.04022815907577977	0.0006302686520129206	2.535454759365305e-05
rule_a_one_step	metastatic::CTNNB1+PIK3CA+SMAD4+TP53	metastatic::CTNNB1+KRAS+PIK3CA+SMAD4+TP53	same_stage_one_event	KRAS	1	0.5213083672157541	0.00015756716300323014	8.214108047203249e-05
rule_a_one_step	metastatic::CTNNB1+KRAS+SMAD4+TP53	metastatic::CTNNB1+KRAS+PIK3CA+SMAD4+TP53	same_stage_one_event	PIK3CA	1	0.24782020041846944	7.878358150161507e-05	1.9524162957415067e-05
rule_a_one_step	metastatic::CTNNB1+KRAS+PIK3CA+TP53	metastatic::CTNNB1+KRAS+PIK3CA+SMAD4+TP53	same_stage_one_event	SMAD4	1	0.16624367114183167	0.0003151343260064603	5.2389087258120755e-05
rule_a_one_step	metastatic::CTNNB1+KRAS+PIK3CA+SMAD4	metastatic::CTNNB1+KRAS+PIK3CA+SMAD4+TP53	same_stage_one_event	TP53	1	0.02385548840998848	7.878358150161507e-05	1.879420815409161e-06
rule_a_one_step	metastatic::NRAS	metastatic::CTNNB1+NRAS	same_stage_one_event	CTNNB1	1	0.02231174101470141	0.0007878358150161507	1.7577988666746562e-05
rule_a_one_step	metastatic::CTNNB1	metastatic::CTNNB1+NRAS	same_stage_one_event	NRAS	1	0.012644961419179803	0.0002363507445048452	2.9886460456581905e-06
rule_a_one_step	metastatic::PIK3CA+SMAD4+TP53	metastatic::CTNNB1+PIK3CA+SMAD4+TP53	same_stage_one_event	CTNNB1	1	0.017606127492404564	0.00015756716300323014	2.7741475604513614e-06
rule_a_one_step	metastatic::CTNNB1+PIK3CA+TP53	metastatic::CTNNB1+PIK3CA+SMAD4+TP53	same_stage_one_event	SMAD4	1	0.05323965291670674	0.0003151343260064603	1.6777642138724256e-05
rule_a_one_step	metastatic::SOX9+TP53	metastatic::CTNNB1+SOX9+TP53	same_stage_one_event	CTNNB1	1	0.016755272888967505	0.0005514850705113054	9.24028285060841e-06
rule_a_one_step	metastatic::CTNNB1+TP53	metastatic::CTNNB1+SOX9+TP53	same_stage_one_event	SOX9	1	0.02158359409094504	0.001181753722524226	2.550649266242619e-05
rule_a_one_step	metastatic::KRAS+PIK3CA+SMAD4+TP53	metastatic::FBXW7+KRAS+PIK3CA+SMAD4+TP53	same_stage_one_event	FBXW7	1	0.07789775040975054	0.0006302686520129206	4.90965101455924e-05
rule_a_one_step	metastatic::FBXW7+KRAS+SMAD4+TP53	metastatic::FBXW7+KRAS+PIK3CA+SMAD4+TP53	same_stage_one_event	PIK3CA	1	0.15406459707182982	7.878358150161507e-05	1.213776073992199e-05
rule_a_one_step	metastatic::FBXW7+KRAS+PIK3CA+TP53	metastatic::FBXW7+KRAS+PIK3CA+SMAD4+TP53	same_stage_one_event	SMAD4	1	0.09243039558332396	0.0005514850705113054	5.0973983225657265e-05
rule_a_one_step	metastatic::PIK3CA	metastatic::FBXW7+PIK3CA	same_stage_one_event	FBXW7	1	0.03635509721079546	0.001181753722524226	4.296277146158764e-05
rule_a_one_step	metastatic::FBXW7	metastatic::FBXW7+PIK3CA	same_stage_one_event	PIK3CA	1	0.06945681648244487	0.0002363507445048452	1.6416170286562246e-05
rule_a_one_step	metastatic::NRAS+TP53	metastatic::KRAS+NRAS+TP53	same_stage_one_event	KRAS	1	0.07253654994820831	0.0014181044670290711	0.00010286440550443154
rule_a_one_step	metastatic::KRAS+TP53	metastatic::KRAS+NRAS+TP53	same_stage_one_event	NRAS	1	0.006489960665196489	0.013787126762782636	8.947791037653712e-05
rule_a_one_step	metastatic::PIK3CA+PTEN	metastatic::KRAS+PIK3CA+PTEN	same_stage_one_event	KRAS	1	0.21957436829333116	7.878358150161507e-05	1.72988551401033e-05
rule_a_one_step	metastatic::KRAS+PTEN	metastatic::KRAS+PIK3CA+PTEN	same_stage_one_event	PIK3CA	1	0.20086460011224028	0.0004727014890096904	9.4948995562392e-05
rule_a_one_step	metastatic::KRAS+PIK3CA	metastatic::KRAS+PIK3CA+PTEN	same_stage_one_event	PTEN	1	0.04702738039512569	0.0022847238635468367	0.00010744457822883833
rule_a_one_step	metastatic::KRAS+TCF7L2	metastatic::KRAS+PIK3CA+TCF7L2	same_stage_one_event	PIK3CA	1	0.11368049775370449	0.00015756716300323014	1.7912313519846295e-05
rule_a_one_step	metastatic::KRAS+PIK3CA	metastatic::KRAS+PIK3CA+TCF7L2	same_stage_one_event	TCF7L2	1	0.029996696590879494	0.0022847238635468367	6.853416852875643e-05
rule_a_one_step	metastatic::TCF7L2	metastatic::KRAS+TCF7L2	same_stage_one_event	KRAS	1	0.07388084785462423	7.878358150161507e-05	5.820597798363211e-06
rule_a_one_step	metastatic::KRAS	metastatic::KRAS+TCF7L2	same_stage_one_event	TCF7L2	1	0.021957361359465168	0.005120932797604979	0.00011244217193454943
rule_a_one_step	metastatic::KRAS+TP53	metastatic::KRAS+TGFBR2+TP53	same_stage_one_event	TGFBR2	1	0.006279759520788707	0.013787126762782636	8.657984055290504e-05
rule_a_one_step	metastatic::KRAS+TGFBR2	metastatic::KRAS+TGFBR2+TP53	same_stage_one_event	TP53	1	0.02234100196558655	7.878358150161507e-05	1.7601041491835304e-06
rule_a_one_step	metastatic::SMAD4+TP53	metastatic::PIK3CA+SMAD4+TP53	same_stage_one_event	PIK3CA	1	0.05084618627445689	0.002127156700543607	0.00010815780583079935
rule_a_one_step	metastatic::PIK3CA+TP53	metastatic::PIK3CA+SMAD4+TP53	same_stage_one_event	SMAD4	1	0.052931993830383654	0.002127156700543607	0.00011259464534943345
rule_a_one_step	metastatic::WT	metastatic::PTEN	same_stage_one_event	PTEN	1	0.016430406328008778	0.009926731269203497	0.00016310022826196375
rule_a_one_step	metastatic::SOX9+TP53	metastatic::PTEN+SOX9+TP53	same_stage_one_event	PTEN	1	0.028648811901049415	0.0005514850705113054	1.5799392051315365e-05
rule_a_one_step	metastatic::PTEN+TP53	metastatic::PTEN+SOX9+TP53	same_stage_one_event	SOX9	1	0.013785089646577847	0.0005514850705113054	7.602271135747651e-06
rule_a_one_step	metastatic::TP53	metastatic::TCF7L2+TP53	same_stage_one_event	TCF7L2	1	0.010516856725149034	0.02087764909792799	0.00021956724432084567
rule_a_one_step	metastatic::TCF7L2	metastatic::TCF7L2+TP53	same_stage_one_event	TP53	1	0.22745679382596118	7.878358150161507e-05	1.7919860854483667e-05
rule_a_one_step	primary::ARID1A+BRAF+FBXW7	primary::APC+ARID1A+BRAF+FBXW7	same_stage_one_event	APC	1	0.18789402448277537	7.878358150161507e-05	1.480296419150519e-05
rule_a_one_step	primary::APC+ARID1A+FBXW7	primary::APC+ARID1A+BRAF+FBXW7	same_stage_one_event	BRAF	1	0.008267788081900776	0.00015756716300323014	1.302731912377023e-06
rule_a_one_step	primary::APC+ARID1A+BRAF	primary::APC+ARID1A+BRAF+FBXW7	same_stage_one_event	FBXW7	1	0.0712423091484983	7.878358150161507e-05	5.612724269163973e-06
rule_a_one_step	primary::ARID1A+BRAF+FBXW7+PTEN+RNF43+TP53	primary::APC+ARID1A+BRAF+FBXW7+PTEN+RNF43+TP53	same_stage_one_event	APC	1	0.11146003941316747	0.00015756716300323014	1.7562442198561014e-05
rule_a_one_step	primary::APC+ARID1A+BRAF+FBXW7+RNF43+TP53	primary::APC+ARID1A+BRAF+FBXW7+PTEN+RNF43+TP53	same_stage_one_event	PTEN	1	0.03258028927790062	0.00015756716300323014	5.133583751343358e-06
rule_a_one_step	primary::APC+ARID1A+BRAF+FBXW7+PTEN+TP53	primary::APC+ARID1A+BRAF+FBXW7+PTEN+RNF43+TP53	same_stage_one_event	RNF43	1	0.09667786739815691	7.878358150161507e-05	7.616628645565029e-06
rule_a_one_step	primary::ARID1A+BRAF+FBXW7+RNF43+TP53	primary::APC+ARID1A+BRAF+FBXW7+RNF43+TP53	same_stage_one_event	APC	1	0.10233434892006145	0.00015756716300323014	1.612453303711675e-05
rule_a_one_step	primary::APC+ARID1A+FBXW7+RNF43+TP53	primary::APC+ARID1A+BRAF+FBXW7+RNF43+TP53	same_stage_one_event	BRAF	1	0.02611141183697268	7.878358150161507e-05	2.0571505425803738e-06
rule_a_one_step	primary::APC+ARID1A+BRAF+FBXW7+TP53	primary::APC+ARID1A+BRAF+FBXW7+RNF43+TP53	same_stage_one_event	RNF43	1	0.09412855166434993	7.878358150161507e-05	7.415784421677297e-06
rule_a_one_step	primary::APC+ARID1A+BRAF+FBXW7+RNF43	primary::APC+ARID1A+BRAF+FBXW7+RNF43+TP53	same_stage_one_event	TP53	1	0.05962529927070018	7.878358150161507e-05	4.697494624651397e-06
rule_a_one_step	primary::APC+ARID1A+BRAF+FBXW7+TP53	primary::APC+ARID1A+BRAF+FBXW7+TGFBR2+TP53	same_stage_one_event	TGFBR2	1	0.06926151085330581	7.878358150161507e-05	5.456669885236415e-06
rule_a_one_step	primary::APC+BRAF+KRAS+PIK3CA	primary::APC+ARID1A+BRAF+KRAS+PIK3CA	same_stage_one_event	ARID1A	1	0.12043574559816515	7.878358150161507e-05	9.488359379040823e-06
rule_a_one_step	primary::APC+ARID1A+KRAS+PIK3CA	primary::APC+ARID1A+BRAF+KRAS+PIK3CA	same_stage_one_event	BRAF	1	0.003894275458524359	0.0010241865595209958	3.988464583693112e-06
rule_a_one_step	primary::APC+ARID1A+BRAF+PIK3CA	primary::APC+ARID1A+BRAF+KRAS+PIK3CA	same_stage_one_event	KRAS	1	0.01573391094917552	7.878358150161507e-05	1.2395738556035233e-06
rule_a_one_step	primary::APC+ARID1A+BRAF+KRAS	primary::APC+ARID1A+BRAF+KRAS+PIK3CA	same_stage_one_event	PIK3CA	1	0.22833638733483583	7.878358150161507e-05	1.7989158381378386e-05
rule_a_one_step	primary::ARID1A+BRAF+PIK3CA+RNF43+TCF7L2+TGFBR2	primary::APC+ARID1A+BRAF+PIK3CA+RNF43+TCF7L2+TGFBR2	same_stage_one_event	APC	1	0.3053155693391247	0.0002363507445048452	7.216156212222281e-05
rule_a_one_step	primary::APC+BRAF+PIK3CA+RNF43+TCF7L2+TGFBR2	primary::APC+ARID1A+BRAF+PIK3CA+RNF43+TCF7L2+TGFBR2	same_stage_one_event	ARID1A	1	0.6335232113644866	7.878358150161507e-05	4.9911227555698945e-05
rule_a_one_step	primary::APC+ARID1A+BRAF+PIK3CA+TCF7L2+TGFBR2	primary::APC+ARID1A+BRAF+PIK3CA+RNF43+TCF7L2+TGFBR2	same_stage_one_event	RNF43	1	0.08650619560806261	7.878358150161507e-05	6.815267912082456e-06
rule_a_one_step	primary::APC+ARID1A+BRAF+PIK3CA+RNF43+TGFBR2	primary::APC+ARID1A+BRAF+PIK3CA+RNF43+TCF7L2+TGFBR2	same_stage_one_event	TCF7L2	1	0.4058917322953669	0.0002363507445048452	9.593281311637129e-05
rule_a_one_step	primary::APC+ARID1A+BRAF+PIK3CA+TCF7L2+TGFBR2	primary::APC+ARID1A+BRAF+PIK3CA+SOX9+TCF7L2+TGFBR2	same_stage_one_event	SOX9	1	0.2461394133003036	7.878358150161507e-05	1.9391744528504184e-05
rule_a_one_step	primary::ARID1A+BRAF+RNF43	primary::APC+ARID1A+BRAF+RNF43	same_stage_one_event	APC	1	0.08805720637117066	0.0004727014890096904	4.1624772569685966e-05
rule_a_one_step	primary::APC+BRAF+RNF43	primary::APC+ARID1A+BRAF+RNF43	same_stage_one_event	ARID1A	1	0.3698913499598712	7.878358150161507e-05	2.9141365316305937e-05
rule_a_one_step	primary::APC+ARID1A+RNF43	primary::APC+ARID1A+BRAF+RNF43	same_stage_one_event	BRAF	1	0.011106457429099905	0.0002363507445048452	2.6250194821791314e-06
rule_a_one_step	primary::APC+ARID1A+BRAF	primary::APC+ARID1A+BRAF+RNF43	same_stage_one_event	RNF43	1	0.03079498972470263	7.878358150161507e-05	2.426139582817508e-06
rule_a_one_step	primary::ARID1A+BRAF+SOX9	primary::APC+ARID1A+BRAF+SOX9	same_stage_one_event	APC	1	0.19394871857271404	7.878358150161507e-05	1.527997467680722e-05
rule_a_one_step	primary::APC+BRAF+SOX9	primary::APC+ARID1A+BRAF+SOX9	same_stage_one_event	ARID1A	1	0.0765462919161238	7.878358150161507e-05	6.030591027820358e-06
rule_a_one_step	primary::APC+ARID1A+SOX9	primary::APC+ARID1A+BRAF+SOX9	same_stage_one_event	BRAF	1	0.01441779485191139	7.878358150161507e-05	1.135885515789127e-06
rule_a_one_step	primary::APC+ARID1A+BRAF	primary::APC+ARID1A+BRAF+SOX9	same_stage_one_event	SOX9	1	0.1518364591299725	7.878358150161507e-05	1.1962220052782835e-05
rule_a_one_step	primary::ARID1A+BRAF+TP53	primary::APC+ARID1A+BRAF+TP53	same_stage_one_event	APC	1	0.15781084088120065	0.0004727014890096904	7.459741946641487e-05
rule_a_one_step	primary::APC+BRAF+TP53	primary::APC+ARID1A+BRAF+TP53	same_stage_one_event	ARID1A	1	0.10513768273151618	0.004411880564090444	0.00046385489899668366
rule_a_one_step	primary::APC+ARID1A+TP53	primary::APC+ARID1A+BRAF+TP53	same_stage_one_event	BRAF	1	0.02547582785713426	0.003939179075080753	0.00010035384801518262
rule_a_one_step	primary::APC+ARID1A+BRAF	primary::APC+ARID1A+BRAF+TP53	same_stage_one_event	TP53	1	0.4222440851775989	7.878358150161507e-05	3.326590129816426e-05
rule_a_one_step	primary::APC+CTNNB1+KRAS+PIK3CA+RNF43	primary::APC+ARID1A+CTNNB1+KRAS+PIK3CA+RNF43	same_stage_one_event	ARID1A	1	0.3782846384390432	7.878358150161507e-05	2.980261864327135e-05
rule_a_one_step	primary::APC+ARID1A+KRAS+PIK3CA+RNF43	primary::APC+ARID1A+CTNNB1+KRAS+PIK3CA+RNF43	same_stage_one_event	CTNNB1	1	0.057678881063405886	7.878358150161507e-05	4.5441488271808e-06
rule_a_one_step	primary::APC+ARID1A+CTNNB1+KRAS+PIK3CA	primary::APC+ARID1A+CTNNB1+KRAS+PIK3CA+RNF43	same_stage_one_event	RNF43	1	0.009909519508743431	7.878358150161507e-05	7.807074378589327e-07
rule_a_one_step	primary::APC+ARID1A+KRAS+PIK3CA+TCF7L2	primary::APC+ARID1A+CTNNB1+KRAS+PIK3CA+TCF7L2	same_stage_one_event	CTNNB1	1	0.17356202566158088	7.878358150161507e-05	1.3673837994294564e-05
rule_a_one_step	primary::APC+ARID1A+CTNNB1+PIK3CA+TCF7L2	primary::APC+ARID1A+CTNNB1+KRAS+PIK3CA+TCF7L2	same_stage_one_event	KRAS	1	0.09661742349630117	7.878358150161507e-05	7.6118666584969024e-06
rule_a_one_step	primary::APC+ARID1A+CTNNB1+KRAS+PIK3CA	primary::APC+ARID1A+CTNNB1+KRAS+PIK3CA+TCF7L2	same_stage_one_event	TCF7L2	1	0.4402046309982	7.878358150161507e-05	3.468089742363508e-05
rule_a_one_step	primary::APC+ARID1A+KRAS+SOX9	primary::APC+ARID1A+CTNNB1+KRAS+SOX9	same_stage_one_event	CTNNB1	1	0.09526162251581416	0.0004727014890096904	4.5030310808704404e-05
rule_a_one_step	primary::ARID1A+CTNNB1+RNF43+TCF7L2	primary::APC+ARID1A+CTNNB1+RNF43+TCF7L2	same_stage_one_event	APC	1	0.18916062234701764	7.878358150161507e-05	1.4902751307572493e-05
rule_a_one_step	primary::APC+ARID1A+RNF43+TCF7L2	primary::APC+ARID1A+CTNNB1+RNF43+TCF7L2	same_stage_one_event	CTNNB1	1	0.06553505078558568	7.878358150161507e-05	5.163086014778672e-06
rule_a_one_step	primary::APC+ARID1A+CTNNB1+TCF7L2	primary::APC+ARID1A+CTNNB1+RNF43+TCF7L2	same_stage_one_event	RNF43	1	0.006494507296127866	7.878358150161507e-05	5.116605448773235e-07
rule_a_one_step	primary::ARID1A+CTNNB1+TP53	primary::APC+ARID1A+CTNNB1+TP53	same_stage_one_event	APC	1	0.1163045073727282	7.878358150161507e-05	9.162885635604522e-06
rule_a_one_step	primary::APC+CTNNB1+TP53	primary::APC+ARID1A+CTNNB1+TP53	same_stage_one_event	ARID1A	1	0.054305499171552946	0.0014181044670290711	7.701087095942276e-05
rule_a_one_step	primary::APC+ARID1A+TP53	primary::APC+ARID1A+CTNNB1+TP53	same_stage_one_event	CTNNB1	1	0.05045225368377326	0.003939179075080753	0.0001987404620017855
rule_a_one_step	primary::APC+ARID1A+CTNNB1	primary::APC+ARID1A+CTNNB1+TP53	same_stage_one_event	TP53	1	0.656830841385639	7.878358150161507e-05	5.1747486125079885e-05
rule_a_one_step	primary::ARID1A+FBXW7	primary::APC+ARID1A+FBXW7	same_stage_one_event	APC	1	0.2905223196083607	7.878358150161507e-05	2.288838884490355e-05
rule_a_one_step	primary::APC+FBXW7	primary::APC+ARID1A+FBXW7	same_stage_one_event	ARID1A	1	0.015474648131236097	0.0006302686520129206	9.753185618048434e-06
rule_a_one_step	primary::APC+ARID1A	primary::APC+ARID1A+FBXW7	same_stage_one_event	FBXW7	1	0.033437174772958454	0.0003151343260064603	1.0537201535636479e-05
rule_a_one_step	primary::ARID1A+FBXW7+KRAS	primary::APC+ARID1A+FBXW7+KRAS	same_stage_one_event	APC	1	0.4126248673152393	7.878358150161507e-05	3.250806486372326e-05
rule_a_one_step	primary::APC+FBXW7+KRAS	primary::APC+ARID1A+FBXW7+KRAS	same_stage_one_event	ARID1A	1	0.07163101033587359	0.0019695895375403767	0.0001410836885209832
rule_a_one_step	primary::APC+ARID1A+KRAS	primary::APC+ARID1A+FBXW7+KRAS	same_stage_one_event	FBXW7	1	0.090704716793369	0.0005514850705113054	5.00222971364991e-05
rule_a_one_step	primary::APC+ARID1A+FBXW7	primary::APC+ARID1A+FBXW7+KRAS	same_stage_one_event	KRAS	1	0.061252332035270134	0.00015756716300323014	9.651356186129385e-06
rule_a_one_step	primary::ARID1A+FBXW7+KRAS+PIK3CA	primary::APC+ARID1A+FBXW7+KRAS+PIK3CA	same_stage_one_event	APC	1	0.5127313036860456	7.878358150161507e-05	4.039480845237892e-05
rule_a_one_step	primary::APC+FBXW7+KRAS+PIK3CA	primary::APC+ARID1A+FBXW7+KRAS+PIK3CA	same_stage_one_event	ARID1A	1	0.13760463727759883	0.0027574253525565274	0.00037943451545859605
rule_a_one_step	primary::APC+ARID1A+KRAS+PIK3CA	primary::APC+ARID1A+FBXW7+KRAS+PIK3CA	same_stage_one_event	FBXW7	1	0.14593183698050094	0.0010241865595209958	0.00014946142604163807
rule_a_one_step	primary::APC+ARID1A+FBXW7+KRAS	primary::APC+ARID1A+FBXW7+KRAS+PIK3CA	same_stage_one_event	PIK3CA	1	0.2518881853145916	0.00015756716300323014	3.96893067540521e-05
rule_a_one_step	primary::APC+FBXW7+KRAS+PIK3CA+PTEN+RNF43+TCF7L2	primary::APC+ARID1A+FBXW7+KRAS+PIK3CA+PTEN+RNF43+TCF7L2	same_stage_one_event	ARID1A	1	0.7364873637816932	7.878358150161507e-05	5.802311224940465e-05
rule_a_one_step	primary::APC+ARID1A+FBXW7+KRAS+PTEN+RNF43+TCF7L2	primary::APC+ARID1A+FBXW7+KRAS+PIK3CA+PTEN+RNF43+TCF7L2	same_stage_one_event	PIK3CA	1	0.3054070755017688	7.878358150161507e-05	2.4061063223963512e-05
rule_a_one_step	primary::APC+ARID1A+FBXW7+KRAS+PIK3CA+RNF43+TCF7L2	primary::APC+ARID1A+FBXW7+KRAS+PIK3CA+PTEN+RNF43+TCF7L2	same_stage_one_event	PTEN	1	0.037856098858524784	0.00015756716300323014	5.964878099507569e-06
rule_a_one_step	primary::APC+ARID1A+FBXW7+KRAS+PIK3CA+PTEN+TCF7L2	primary::APC+ARID1A+FBXW7+KRAS+PIK3CA+PTEN+RNF43+TCF7L2	same_stage_one_event	RNF43	1	0.0263487761922081	7.878358150161507e-05	2.075850956606642e-06
rule_a_one_step	primary::APC+ARID1A+FBXW7+KRAS+RNF43+SOX9+TP53	primary::APC+ARID1A+FBXW7+KRAS+PIK3CA+RNF43+SOX9+TP53	same_stage_one_event	PIK3CA	1	0.14631572149110839	7.878358150161507e-05	1.152727656906235e-05
rule_a_one_step	primary::APC+ARID1A+FBXW7+KRAS+PIK3CA+SOX9+TP53	primary::APC+ARID1A+FBXW7+KRAS+PIK3CA+RNF43+SOX9+TP53	same_stage_one_event	RNF43	1	0.029157707188244068	7.878358150161507e-05	2.2971486006652543e-06
rule_a_one_step	primary::APC+ARID1A+FBXW7+KRAS+PIK3CA+RNF43+SOX9	primary::APC+ARID1A+FBXW7+KRAS+PIK3CA+RNF43+SOX9+TP53	same_stage_one_event	TP53	1	0.0012409400986807754	7.878358150161507e-05	9.776570540303911e-08
rule_a_one_step	primary::APC+FBXW7+KRAS+PIK3CA+RNF43+TCF7L2	primary::APC+ARID1A+FBXW7+KRAS+PIK3CA+RNF43+TCF7L2	same_stage_one_event	ARID1A	1	0.6347993121766597	7.878358150161507e-05	5.001176334803906e-05
rule_a_one_step	primary::APC+ARID1A+KRAS+PIK3CA+RNF43+TCF7L2	primary::APC+ARID1A+FBXW7+KRAS+PIK3CA+RNF43+TCF7L2	same_stage_one_event	FBXW7	1	0.2560031803870061	0.00015756716300323014	4.033769485338472e-05
rule_a_one_step	primary::APC+ARID1A+FBXW7+PIK3CA+RNF43+TCF7L2	primary::APC+ARID1A+FBXW7+KRAS+PIK3CA+RNF43+TCF7L2	same_stage_one_event	KRAS	1	0.07176907622910542	7.878358150161507e-05	5.6542248663913515e-06
rule_a_one_step	primary::APC+ARID1A+FBXW7+KRAS+PIK3CA+TCF7L2	primary::APC+ARID1A+FBXW7+KRAS+PIK3CA+RNF43+TCF7L2	same_stage_one_event	RNF43	1	0.02531316866110598	0.00015756716300323014	3.988524172552742e-06
rule_a_one_step	primary::APC+FBXW7+KRAS+PIK3CA+TCF7L2	primary::APC+ARID1A+FBXW7+KRAS+PIK3CA+TCF7L2	same_stage_one_event	ARID1A	1	0.21056060479719468	0.00039391790750807534	8.294359284534574e-05
rule_a_one_step	primary::APC+ARID1A+KRAS+PIK3CA+TCF7L2	primary::APC+ARID1A+FBXW7+KRAS+PIK3CA+TCF7L2	same_stage_one_event	FBXW7	1	0.2551304234310808	7.878358150161507e-05	2.0100088507924115e-05
rule_a_one_step	primary::APC+ARID1A+FBXW7+PIK3CA+TCF7L2	primary::APC+ARID1A+FBXW7+KRAS+PIK3CA+TCF7L2	same_stage_one_event	KRAS	1	0.11628584706953429	0.00015756716300323014	1.8322831020174002e-05
rule_a_one_step	primary::APC+ARID1A+FBXW7+KRAS+PIK3CA	primary::APC+ARID1A+FBXW7+KRAS+PIK3CA+TCF7L2	same_stage_one_event	TCF7L2	1	0.3782169392035173	0.00015756716300323014	5.959457011006339e-05
rule_a_one_step	primary::APC+FBXW7+KRAS+PIK3CA+TP53	primary::APC+ARID1A+FBXW7+KRAS+PIK3CA+TP53	same_stage_one_event	ARID1A	1	0.15546392304585635	0.0018908059560387616	0.0002939521116442569
rule_a_one_step	primary::APC+ARID1A+KRAS+PIK3CA+TP53	primary::APC+ARID1A+FBXW7+KRAS+PIK3CA+TP53	same_stage_one_event	FBXW7	1	0.19494613019797244	0.0007878358150161507	0.00015358554336876424
rule_a_one_step	primary::APC+ARID1A+FBXW7+PIK3CA+TP53	primary::APC+ARID1A+FBXW7+KRAS+PIK3CA+TP53	same_stage_one_event	KRAS	1	0.3540439943904165	7.878358150161507e-05	2.7892853887214727e-05
rule_a_one_step	primary::APC+ARID1A+FBXW7+KRAS+TP53	primary::APC+ARID1A+FBXW7+KRAS+PIK3CA+TP53	same_stage_one_event	PIK3CA	1	0.23320420458921806	0.0003151343260064603	7.34906498350959e-05
rule_a_one_step	primary::APC+ARID1A+FBXW7+KRAS+PIK3CA	primary::APC+ARID1A+FBXW7+KRAS+PIK3CA+TP53	same_stage_one_event	TP53	1	0.03889264363818882	0.00015756716300323014	6.128203519765039e-06
rule_a_one_step	primary::APC+FBXW7+PIK3CA+TCF7L2	primary::APC+ARID1A+FBXW7+PIK3CA+TCF7L2	same_stage_one_event	ARID1A	1	0.052190548019627796	7.878358150161507e-05	4.1117582935183015e-06
rule_a_one_step	primary::APC+ARID1A+PIK3CA+TCF7L2	primary::APC+ARID1A+FBXW7+PIK3CA+TCF7L2	same_stage_one_event	FBXW7	1	0.1119055881156856	7.878358150161507e-05	8.816323021798283e-06
rule_a_one_step	primary::APC+ARID1A+PIK3CA+TCF7L2+TP53	primary::APC+ARID1A+FBXW7+PIK3CA+TCF7L2+TP53	same_stage_one_event	FBXW7	1	0.20013720819933103	0.0003151343260064603	6.30701042147108e-05
rule_a_one_step	primary::APC+ARID1A+FBXW7+PIK3CA+TP53	primary::APC+ARID1A+FBXW7+PIK3CA+TCF7L2+TP53	same_stage_one_event	TCF7L2	1	0.20119702414433885	7.878358150161507e-05	1.5851022149557936e-05
rule_a_one_step	primary::APC+ARID1A+FBXW7+PIK3CA+TCF7L2	primary::APC+ARID1A+FBXW7+PIK3CA+TCF7L2+TP53	same_stage_one_event	TP53	1	0.4837353485666408	0.00015756716300323014	7.622080651802424e-05
rule_a_one_step	primary::APC+FBXW7+RNF43+TCF7L2	primary::APC+ARID1A+FBXW7+RNF43+TCF7L2	same_stage_one_event	ARID1A	1	0.3866890196570071	7.878358150161507e-05	3.046474589592745e-05
rule_a_one_step	primary::APC+ARID1A+RNF43+TCF7L2	primary::APC+ARID1A+FBXW7+RNF43+TCF7L2	same_stage_one_event	FBXW7	1	0.1487136757986497	7.878358150161507e-05	1.1716195997687678e-05
rule_a_one_step	primary::ARID1A+FBXW7+RNF43+TGFBR2	primary::APC+ARID1A+FBXW7+RNF43+TGFBR2	same_stage_one_event	APC	1	0.196292987501709	7.878358150161507e-05	1.54646645790364e-05
rule_a_one_step	primary::APC+ARID1A+RNF43+TGFBR2	primary::APC+ARID1A+FBXW7+RNF43+TGFBR2	same_stage_one_event	FBXW7	1	0.10074094018452652	0.00015756716300323014	1.5873464143153946e-05
rule_a_one_step	primary::APC+ARID1A+SOX9+TCF7L2+TP53	primary::APC+ARID1A+FBXW7+SOX9+TCF7L2+TP53	same_stage_one_event	FBXW7	1	0.19224388496949266	7.878358150161507e-05	1.5145661779681137e-05
rule_a_one_step	primary::APC+ARID1A+FBXW7+SOX9+TCF7L2	primary::APC+ARID1A+FBXW7+SOX9+TCF7L2+TP53	same_stage_one_event	TP53	1	0.4023504107569642	7.878358150161507e-05	3.169860637807959e-05
rule_a_one_step	primary::APC+ARID1A+KRAS+RNF43+TCF7L2	primary::APC+ARID1A+KRAS+PIK3CA+RNF43+TCF7L2	same_stage_one_event	PIK3CA	1	0.2173582890124104	0.0002363507445048452	5.137279343238251e-05
rule_a_one_step	primary::APC+ARID1A+KRAS+PIK3CA+TCF7L2	primary::APC+ARID1A+KRAS+PIK3CA+RNF43+TCF7L2	same_stage_one_event	RNF43	1	0.017840716541514	7.878358150161507e-05	1.4055555456955804e-06
rule_a_one_step	primary::APC+ARID1A+KRAS+PIK3CA+RNF43	primary::APC+ARID1A+KRAS+PIK3CA+RNF43+TCF7L2	same_stage_one_event	TCF7L2	1	0.4306912417914651	7.878358150161507e-05	3.393139854970969e-05
rule_a_one_step	primary::APC+KRAS+PIK3CA+SMAD4+TCF7L2	primary::APC+ARID1A+KRAS+PIK3CA+SMAD4+TCF7L2	same_stage_one_event	ARID1A	1	0.1804208522522453	0.0006302686520129206	0.00011371360734404494
rule_a_one_step	primary::APC+ARID1A+KRAS+PIK3CA+TCF7L2	primary::APC+ARID1A+KRAS+PIK3CA+SMAD4+TCF7L2	same_stage_one_event	SMAD4	1	0.06278966183961168	7.878358150161507e-05	4.946794440999897e-06
rule_a_one_step	primary::APC+KRAS+PIK3CA+SMAD4+TP53	primary::APC+ARID1A+KRAS+PIK3CA+SMAD4+TP53	same_stage_one_event	ARID1A	1	0.14370083865343836	0.0017332387930355314	0.00024906786814587914
rule_a_one_step	primary::APC+ARID1A+KRAS+SMAD4+TP53	primary::APC+ARID1A+KRAS+PIK3CA+SMAD4+TP53	same_stage_one_event	PIK3CA	1	0.2095521123570268	0.0005514850705113054	0.00011556486145900794
rule_a_one_step	primary::APC+ARID1A+KRAS+PIK3CA+TP53	primary::APC+ARID1A+KRAS+PIK3CA+SMAD4+TP53	same_stage_one_event	SMAD4	1	0.06722416545417918	0.0007878358150161507	5.2961605179373814e-05
rule_a_one_step	primary::APC+KRAS+PIK3CA+SOX9+TCF7L2	primary::APC+ARID1A+KRAS+PIK3CA+SOX9+TCF7L2	same_stage_one_event	ARID1A	1	0.19714785864016965	0.00039391790750807534	7.766007194523346e-05
rule_a_one_step	primary::APC+ARID1A+KRAS+PIK3CA+TCF7L2	primary::APC+ARID1A+KRAS+PIK3CA+SOX9+TCF7L2	same_stage_one_event	SOX9	1	0.30133276278776605	7.878358150161507e-05	2.3740074276196806e-05
rule_a_one_step	primary::APC+ARID1A+KRAS+PIK3CA+SOX9	primary::APC+ARID1A+KRAS+PIK3CA+SOX9+TCF7L2	same_stage_one_event	TCF7L2	1	0.4234554814462465	0.00039391790750807534	0.00016680669717413003
rule_a_one_step	primary::APC+KRAS+PIK3CA+SOX9+TP53	primary::APC+ARID1A+KRAS+PIK3CA+SOX9+TP53	same_stage_one_event	ARID1A	1	0.13243000135394953	0.0016544552115339162	0.0002190995059034854
rule_a_one_step	primary::APC+ARID1A+PIK3CA+SOX9+TP53	primary::APC+ARID1A+KRAS+PIK3CA+SOX9+TP53	same_stage_one_event	KRAS	1	0.29242420690938814	7.878358150161507e-05	2.3038226338090928e-05
rule_a_one_step	primary::APC+ARID1A+KRAS+SOX9+TP53	primary::APC+ARID1A+KRAS+PIK3CA+SOX9+TP53	same_stage_one_event	PIK3CA	1	0.24573734225627272	0.0004727014890096904	0.00011616040758982403
rule_a_one_step	primary::APC+ARID1A+KRAS+PIK3CA+TP53	primary::APC+ARID1A+KRAS+PIK3CA+SOX9+TP53	same_stage_one_event	SOX9	1	0.24323525211151475	0.0007878358150161507	0.00019162944308793412
rule_a_one_step	primary::APC+ARID1A+KRAS+PIK3CA+SOX9	primary::APC+ARID1A+KRAS+PIK3CA+SOX9+TP53	same_stage_one_event	TP53	1	0.01779515376598299	0.00039391790750807534	7.0098297352804655e-06
rule_a_one_step	primary::APC+KRAS+PIK3CA+TCF7L2+TGFBR2	primary::APC+ARID1A+KRAS+PIK3CA+TCF7L2+TGFBR2	same_stage_one_event	ARID1A	1	0.16350376003144645	7.878358150161507e-05	1.2881411804257975e-05
rule_a_one_step	primary::APC+ARID1A+KRAS+PIK3CA+TCF7L2	primary::APC+ARID1A+KRAS+PIK3CA+TCF7L2+TGFBR2	same_stage_one_event	TGFBR2	1	0.07900724134631003	7.878358150161507e-05	6.224473437824788e-06
rule_a_one_step	primary::APC+KRAS+PTEN	primary::APC+ARID1A+KRAS+PTEN	same_stage_one_event	ARID1A	1	0.10059341501963333	0.001102970141022611	0.000110951533150151
rule_a_one_step	primary::APC+ARID1A+PTEN	primary::APC+ARID1A+KRAS+PTEN	same_stage_one_event	KRAS	1	0.108185017804514	7.878358150161507e-05	8.523203167455606e-06
rule_a_one_step	primary::APC+ARID1A+KRAS	primary::APC+ARID1A+KRAS+PTEN	same_stage_one_event	PTEN	1	0.016010661303485673	0.0005514850705113054	8.829640677885427e-06
rule_a_one_step	primary::APC+KRAS+SMAD4	primary::APC+ARID1A+KRAS+SMAD4	same_stage_one_event	ARID1A	1	0.07469146414769984	0.0034664775860710627	0.00025891628633883186
rule_a_one_step	primary::APC+ARID1A+KRAS	primary::APC+ARID1A+KRAS+SMAD4	same_stage_one_event	SMAD4	1	0.03658318191080548	0.0005514850705113054	2.0175078655608474e-05
rule_a_one_step	primary::ARID1A+NRAS+TCF7L2+TP53	primary::APC+ARID1A+NRAS+TCF7L2+TP53	same_stage_one_event	APC	1	0.5506554574695907	7.878358150161507e-05	4.3382609112864624e-05
rule_a_one_step	primary::APC+NRAS+TCF7L2+TP53	primary::APC+ARID1A+NRAS+TCF7L2+TP53	same_stage_one_event	ARID1A	1	0.12654997253818356	0.0006302686520129206	7.976048060391307e-05
rule_a_one_step	primary::APC+ARID1A+TCF7L2+TP53	primary::APC+ARID1A+NRAS+TCF7L2+TP53	same_stage_one_event	NRAS	1	0.08223737729608567	0.00039391790750807534	3.239477558342617e-05
rule_a_one_step	primary::APC+ARID1A+NRAS+TP53	primary::APC+ARID1A+NRAS+TCF7L2+TP53	same_stage_one_event	TCF7L2	1	0.2084941062151686	0.00039391790750807534	8.212956204804561e-05
rule_a_one_step	primary::APC+ARID1A+NRAS+TCF7L2	primary::APC+ARID1A+NRAS+TCF7L2+TP53	same_stage_one_event	TP53	1	0.3770381054160678	7.878358150161507e-05	2.9704412307261313e-05
rule_a_one_step	primary::APC+PIK3CA+RNF43	primary::APC+ARID1A+PIK3CA+RNF43	same_stage_one_event	ARID1A	1	0.3414627176729378	7.878358150161507e-05	2.6901655847548872e-05
rule_a_one_step	primary::APC+ARID1A+RNF43	primary::APC+ARID1A+PIK3CA+RNF43	same_stage_one_event	PIK3CA	1	0.06578062676350727	0.0002363507445048452	1.5547300109550287e-05
rule_a_one_step	primary::APC+ARID1A+RNF43	primary::APC+ARID1A+RNF43+SMAD4	same_stage_one_event	SMAD4	1	0.012877383601326045	0.0002363507445048452	3.0435792014478956e-06
rule_a_one_step	primary::ARID1A+RNF43+TGFBR2	primary::APC+ARID1A+RNF43+TGFBR2	same_stage_one_event	APC	1	0.17472530240431872	7.878358150161507e-05	1.3765485102364983e-05
rule_a_one_step	primary::APC+ARID1A+RNF43	primary::APC+ARID1A+RNF43+TGFBR2	same_stage_one_event	TGFBR2	1	0.08765415669653445	0.0002363507445048452	2.071712519417028e-05
rule_a_one_step	primary::BRAF+FBXW7+NRAS+TP53	primary::APC+BRAF+FBXW7+NRAS+TP53	same_stage_one_event	APC	1	0.25516953902339745	7.878358150161507e-05	2.010317017437938e-05
rule_a_one_step	primary::APC+FBXW7+NRAS+TP53	primary::APC+BRAF+FBXW7+NRAS+TP53	same_stage_one_event	BRAF	1	0.03690183191167609	0.0006302686520129206	2.3258067855779467e-05
rule_a_one_step	primary::APC+BRAF+NRAS+TP53	primary::APC+BRAF+FBXW7+NRAS+TP53	same_stage_one_event	FBXW7	1	0.15640240033840555	0.0003151343260064603	4.928776501643601e-05
rule_a_one_step	primary::APC+BRAF+FBXW7+TP53	primary::APC+BRAF+FBXW7+NRAS+TP53	same_stage_one_event	NRAS	1	0.04365125561882828	0.0006302686520129206	2.7512018037550325e-05
rule_a_one_step	primary::APC+FBXW7+PTEN+TP53	primary::APC+BRAF+FBXW7+PTEN+TP53	same_stage_one_event	BRAF	1	0.02469175101306203	7.878358150161507e-05	1.945304578355159e-06
rule_a_one_step	primary::APC+BRAF+PTEN+TP53	primary::APC+BRAF+FBXW7+PTEN+TP53	same_stage_one_event	FBXW7	1	0.18640216119783046	0.00039391790750807534	7.342714929403232e-05
rule_a_one_step	primary::APC+BRAF+FBXW7+TP53	primary::APC+BRAF+FBXW7+PTEN+TP53	same_stage_one_event	PTEN	1	0.054761474247374146	0.0006302686520129206	3.451444055613277e-05
rule_a_one_step	primary::BRAF+FBXW7+SMAD4+TP53	primary::APC+BRAF+FBXW7+SMAD4+TP53	same_stage_one_event	APC	1	0.2708897811941237	0.00015756716300323014	4.268333430932384e-05
rule_a_one_step	primary::APC+FBXW7+SMAD4+TP53	primary::APC+BRAF+FBXW7+SMAD4+TP53	same_stage_one_event	BRAF	1	0.02635079107728232	0.00039391790750807534	1.0380048482345514e-05
rule_a_one_step	primary::APC+BRAF+SMAD4+TP53	primary::APC+BRAF+FBXW7+SMAD4+TP53	same_stage_one_event	FBXW7	1	0.15368613676218837	0.0007878358150161507	0.00012107944281272226
rule_a_one_step	primary::APC+BRAF+FBXW7+TP53	primary::APC+BRAF+FBXW7+SMAD4+TP53	same_stage_one_event	SMAD4	1	0.08575550605273555	0.0006302686520129206	5.4049007202543483e-05
rule_a_one_step	primary::APC+BRAF+FBXW7+SMAD4	primary::APC+BRAF+FBXW7+SMAD4+TP53	same_stage_one_event	TP53	1	0.6541030352087184	7.878358150161507e-05	5.153257978481986e-05
rule_a_one_step	primary::BRAF+FBXW7+SOX9+TP53	primary::APC+BRAF+FBXW7+SOX9+TP53	same_stage_one_event	APC	1	0.24700542566714234	7.878358150161507e-05	1.9459972084388432e-05
rule_a_one_step	primary::APC+FBXW7+SOX9+TP53	primary::APC+BRAF+FBXW7+SOX9+TP53	same_stage_one_event	BRAF	1	0.03264658169689314	0.0006302686520129206	2.0576117038930526e-05
rule_a_one_step	primary::APC+BRAF+SOX9+TP53	primary::APC+BRAF+FBXW7+SOX9+TP53	same_stage_one_event	FBXW7	1	0.16500985818167974	0.00015756716300323014	2.600013522125262e-05
rule_a_one_step	primary::APC+BRAF+FBXW7+TP53	primary::APC+BRAF+FBXW7+SOX9+TP53	same_stage_one_event	SOX9	1	0.15876364902026477	0.0006302686520129206	0.00010006375105665472
rule_a_one_step	primary::BRAF+KRAS+PIK3CA+TP53	primary::APC+BRAF+KRAS+PIK3CA+TP53	same_stage_one_event	APC	1	0.28388364135045696	0.0002363507445048452	6.709610998592696e-05
rule_a_one_step	primary::APC+KRAS+PIK3CA+TP53	primary::APC+BRAF+KRAS+PIK3CA+TP53	same_stage_one_event	BRAF	1	0.009485818543844147	0.012211455132750335	0.00011583564754556391
rule_a_one_step	primary::APC+BRAF+PIK3CA+TP53	primary::APC+BRAF+KRAS+PIK3CA+TP53	same_stage_one_event	KRAS	1	0.11360053222935855	0.0018908059560387616	0.00021479656294844443
rule_a_one_step	primary::APC+BRAF+KRAS+TP53	primary::APC+BRAF+KRAS+PIK3CA+TP53	same_stage_one_event	PIK3CA	1	0.2332440913055978	0.0003151343260064603	7.350321950857885e-05
rule_a_one_step	primary::APC+BRAF+KRAS+PIK3CA	primary::APC+BRAF+KRAS+PIK3CA+TP53	same_stage_one_event	TP53	1	0.06365563377613051	7.878358150161507e-05	5.015018811638739e-06
rule_a_one_step	primary::BRAF+KRAS+SMAD4+TP53	primary::APC+BRAF+KRAS+SMAD4+TP53	same_stage_one_event	APC	1	0.3038844978426963	7.878358150161507e-05	2.394110910286743e-05
rule_a_one_step	primary::APC+KRAS+SMAD4+TP53	primary::APC+BRAF+KRAS+SMAD4+TP53	same_stage_one_event	BRAF	1	0.008814064113217581	0.009217679035688962	8.124521399562412e-05
rule_a_one_step	primary::APC+BRAF+SMAD4+TP53	primary::APC+BRAF+KRAS+SMAD4+TP53	same_stage_one_event	KRAS	1	0.11318555091558653	0.0007878358150161507	8.917163075363314e-05
rule_a_one_step	primary::APC+BRAF+KRAS+TP53	primary::APC+BRAF+KRAS+SMAD4+TP53	same_stage_one_event	SMAD4	1	0.158319538433281	0.0003151343260064603	4.9891921037825896e-05
rule_a_one_step	primary::APC+BRAF+KRAS+SMAD4	primary::APC+BRAF+KRAS+SMAD4+TP53	same_stage_one_event	TP53	1	0.09008258990833656	0.0002363507445048452	2.129108719176e-05
rule_a_one_step	primary::BRAF+NRAS	primary::APC+BRAF+NRAS	same_stage_one_event	APC	1	0.2480705134236866	7.878358150161507e-05	1.954388351246251e-05
rule_a_one_step	primary::APC+NRAS	primary::APC+BRAF+NRAS	same_stage_one_event	BRAF	1	0.006015003640205288	0.0007878358150161507	4.738835295206246e-06
rule_a_one_step	primary::APC+BRAF	primary::APC+BRAF+NRAS	same_stage_one_event	NRAS	1	0.005891993120734214	0.001181753722524226	6.962884803514789e-06
rule_a_one_step	primary::BRAF+PIK3CA+SMAD4+SOX9	primary::APC+BRAF+PIK3CA+SMAD4+SOX9	same_stage_one_event	APC	1	0.33988400714780054	7.878358150161507e-05	2.677727937822426e-05
rule_a_one_step	primary::APC+PIK3CA+SMAD4+SOX9	primary::APC+BRAF+PIK3CA+SMAD4+SOX9	same_stage_one_event	BRAF	1	0.018327310324338496	0.0002363507445048452	4.33167343992874e-06
rule_a_one_step	primary::APC+BRAF+SMAD4+SOX9	primary::APC+BRAF+PIK3CA+SMAD4+SOX9	same_stage_one_event	PIK3CA	1	0.1475507551539047	7.878358150161507e-05	1.16245769442925e-05
rule_a_one_step	primary::APC+BRAF+PIK3CA+SOX9	primary::APC+BRAF+PIK3CA+SMAD4+SOX9	same_stage_one_event	SMAD4	1	0.053165565555989086	0.00015756716300323014	8.377147334119451e-06
rule_a_one_step	primary::APC+BRAF+PIK3CA+SMAD4	primary::APC+BRAF+PIK3CA+SMAD4+SOX9	same_stage_one_event	SOX9	1	0.1033100800233304	0.0002363507445048452	2.4417414328369276e-05
rule_a_one_step	primary::BRAF+PIK3CA+SOX9	primary::APC+BRAF+PIK3CA+SOX9	same_stage_one_event	APC	1	0.2965516829553636	0.0002363507445048452	7.0090211050665e-05
rule_a_one_step	primary::APC+PIK3CA+SOX9	primary::APC+BRAF+PIK3CA+SOX9	same_stage_one_event	BRAF	1	0.014544321523656397	0.0002363507445048452	3.437561220434034e-06
rule_a_one_step	primary::APC+BRAF+SOX9	primary::APC+BRAF+PIK3CA+SOX9	same_stage_one_event	PIK3CA	1	0.12606207376113976	7.878358150161507e-05	9.931621662423366e-06
rule_a_one_step	primary::APC+BRAF+PIK3CA	primary::APC+BRAF+PIK3CA+SOX9	same_stage_one_event	SOX9	1	0.07881409160775324	0.0006302686520129206	4.967405127724147e-05
rule_a_one_step	primary::BRAF+PIK3CA+SOX9+TP53	primary::APC+BRAF+PIK3CA+SOX9+TP53	same_stage_one_event	APC	1	0.23686113021351848	7.878358150161507e-05	1.8660768156741392e-05
rule_a_one_step	primary::APC+PIK3CA+SOX9+TP53	primary::APC+BRAF+PIK3CA+SOX9+TP53	same_stage_one_event	BRAF	1	0.02917915088543423	0.0003151343260064603	9.195352047722125e-06
rule_a_one_step	primary::APC+BRAF+SOX9+TP53	primary::APC+BRAF+PIK3CA+SOX9+TP53	same_stage_one_event	PIK3CA	1	0.16394554002803083	0.00015756716300323014	2.5832433629249325e-05
rule_a_one_step	primary::APC+BRAF+PIK3CA+TP53	primary::APC+BRAF+PIK3CA+SOX9+TP53	same_stage_one_event	SOX9	1	0.13167933657675204	0.0018908059560387616	0.0002489800738865555
rule_a_one_step	primary::APC+BRAF+PIK3CA+SOX9	primary::APC+BRAF+PIK3CA+SOX9+TP53	same_stage_one_event	TP53	1	0.32129422128064805	0.00015756716300323014	5.062541893652377e-05
rule_a_one_step	primary::APC+BRAF+TGFBR2	primary::APC+BRAF+RNF43+TGFBR2	same_stage_one_event	RNF43	1	0.022848591609510405	0.00015756716300323014	3.6001877585299624e-06
rule_a_one_step	primary::APC+BRAF+RNF43	primary::APC+BRAF+RNF43+TGFBR2	same_stage_one_event	TGFBR2	1	0.07045379226233202	7.878358150161507e-05	5.550602084797292e-06
rule_a_one_step	primary::BRAF+RNF43+TP53	primary::APC+BRAF+RNF43+TP53	same_stage_one_event	APC	1	0.11091780728157784	0.0030725596785629874	0.0003408015822879962
rule_a_one_step	primary::APC+RNF43+TP53	primary::APC+BRAF+RNF43+TP53	same_stage_one_event	BRAF	1	0.01844962083138267	0.0005514850705113054	1.0174690445101923e-05
rule_a_one_step	primary::APC+BRAF+TP53	primary::APC+BRAF+RNF43+TP53	same_stage_one_event	RNF43	1	0.08599625008265888	0.004411880564090444	0.0003794051843243439
rule_a_one_step	primary::APC+BRAF+RNF43	primary::APC+BRAF+RNF43+TP53	same_stage_one_event	TP53	1	0.18605438119112766	7.878358150161507e-05	1.4658030504303764e-05
rule_a_one_step	primary::BRAF+SOX9+TP53	primary::APC+BRAF+SOX9+TP53	same_stage_one_event	APC	1	0.21665879497716214	7.878358150161507e-05	1.7069155832124963e-05
rule_a_one_step	primary::APC+SOX9+TP53	primary::APC+BRAF+SOX9+TP53	same_stage_one_event	BRAF	1	0.026383467729105894	0.0050421492161033645	0.0001330293811283997
rule_a_one_step	primary::APC+BRAF+TP53	primary::APC+BRAF+SOX9+TP53	same_stage_one_event	SOX9	1	0.1260598512081437	0.004411880564090444	0.0005561610074573424
rule_a_one_step	primary::APC+BRAF+SOX9	primary::APC+BRAF+SOX9+TP53	same_stage_one_event	TP53	1	0.486034751227112	7.878358150161507e-05	3.829155843591838e-05
rule_a_one_step	primary::BRAF+TCF7L2+TP53	primary::APC+BRAF+TCF7L2+TP53	same_stage_one_event	APC	1	0.37313261465985115	7.878358150161507e-05	2.9396723757965114e-05
rule_a_one_step	primary::APC+TCF7L2+TP53	primary::APC+BRAF+TCF7L2+TP53	same_stage_one_event	BRAF	1	0.02429826410067631	0.005436067123611439	0.00013208699463851457
rule_a_one_step	primary::APC+BRAF+TP53	primary::APC+BRAF+TCF7L2+TP53	same_stage_one_event	TCF7L2	1	0.06447719591611867	0.004411880564090444	0.00028446568748937567
rule_a_one_step	primary::BRAF+TGFBR2	primary::APC+BRAF+TGFBR2	same_stage_one_event	APC	1	0.20936575296952217	0.00015756716300323014	3.298916772544271e-05
rule_a_one_step	primary::APC+BRAF	primary::APC+BRAF+TGFBR2	same_stage_one_event	TGFBR2	1	0.00894895193843156	0.001181753722524226	1.0575457265931884e-05
rule_a_one_step	primary::CTNNB1+KRAS+PIK3CA+SMAD4	primary::APC+CTNNB1+KRAS+PIK3CA+SMAD4	same_stage_one_event	APC	1	0.4339315136364664	7.878358150161507e-05	3.4186678770697744e-05
rule_a_one_step	primary::APC+KRAS+PIK3CA+SMAD4	primary::APC+CTNNB1+KRAS+PIK3CA+SMAD4	same_stage_one_event	CTNNB1	1	0.061741967355666734	0.002442291026550067	0.00015079185283429204
rule_a_one_step	primary::APC+CTNNB1+KRAS+SMAD4	primary::APC+CTNNB1+KRAS+PIK3CA+SMAD4	same_stage_one_event	PIK3CA	1	0.2671098138269028	7.878358150161507e-05	2.1043867787513023e-05
rule_a_one_step	primary::APC+CTNNB1+KRAS+PIK3CA	primary::APC+CTNNB1+KRAS+PIK3CA+SMAD4	same_stage_one_event	SMAD4	1	0.05934308790134479	0.0002363507445048452	1.4025783006699313e-05
rule_a_one_step	primary::CTNNB1+KRAS+PTEN+TP53	primary::APC+CTNNB1+KRAS+PTEN+TP53	same_stage_one_event	APC	1	0.246719919523012	7.878358150161507e-05	1.9437478887813126e-05
rule_a_one_step	primary::APC+KRAS+PTEN+TP53	primary::APC+CTNNB1+KRAS+PTEN+TP53	same_stage_one_event	CTNNB1	1	0.046872733456045854	0.0014968880485306862	7.016323451231949e-05
rule_a_one_step	primary::APC+CTNNB1+PTEN+TP53	primary::APC+CTNNB1+KRAS+PTEN+TP53	same_stage_one_event	KRAS	1	0.4767529585521209	7.878358150161507e-05	3.7560305566227126e-05
rule_a_one_step	primary::APC+CTNNB1+KRAS+TP53	primary::APC+CTNNB1+KRAS+PTEN+TP53	same_stage_one_event	PTEN	1	0.032501404956099836	0.0016544552115339162	5.377211881179363e-05
rule_a_one_step	primary::CTNNB1+KRAS+SMAD4+TP53	primary::APC+CTNNB1+KRAS+SMAD4+TP53	same_stage_one_event	APC	1	0.3160632508908956	0.0003151343260064603	9.960237954491314e-05
rule_a_one_step	primary::APC+KRAS+SMAD4+TP53	primary::APC+CTNNB1+KRAS+SMAD4+TP53	same_stage_one_event	CTNNB1	1	0.04789675452017864	0.009217679035688962	0.00044149691001819116
rule_a_one_step	primary::APC+CTNNB1+SMAD4+TP53	primary::APC+CTNNB1+KRAS+SMAD4+TP53	same_stage_one_event	KRAS	1	0.5638981073557325	0.00015756716300323014	8.885182499893368e-05
rule_a_one_step	primary::APC+CTNNB1+KRAS+TP53	primary::APC+CTNNB1+KRAS+SMAD4+TP53	same_stage_one_event	SMAD4	1	0.12282838780256183	0.0016544552115339162	0.00020321406632425735
rule_a_one_step	primary::APC+CTNNB1+KRAS+SMAD4	primary::APC+CTNNB1+KRAS+SMAD4+TP53	same_stage_one_event	TP53	1	0.2423357036843624	7.878358150161507e-05	1.9092074661968207e-05
rule_a_one_step	primary::CTNNB1+NRAS+TP53	primary::APC+CTNNB1+NRAS+TP53	same_stage_one_event	APC	1	0.2130455517761679	0.00015756716300323014	3.3568983183828555e-05
rule_a_one_step	primary::APC+NRAS+TP53	primary::APC+CTNNB1+NRAS+TP53	same_stage_one_event	CTNNB1	1	0.03119102056423133	0.0044906641455920585	0.00014006839771221822
rule_a_one_step	primary::APC+CTNNB1+TP53	primary::APC+CTNNB1+NRAS+TP53	same_stage_one_event	NRAS	1	0.05742980718211196	0.0014181044670290711	8.14414661055712e-05
rule_a_one_step	primary::CTNNB1+PIK3CA+TP53	primary::APC+CTNNB1+PIK3CA+TP53	same_stage_one_event	APC	1	0.12263605563163388	0.00015756716300323014	1.9323415367782854e-05
rule_a_one_step	primary::APC+PIK3CA+TP53	primary::APC+CTNNB1+PIK3CA+TP53	same_stage_one_event	CTNNB1	1	0.016531447597636348	0.008902544709682502	0.000147171951353731
rule_a_one_step	primary::APC+CTNNB1+TP53	primary::APC+CTNNB1+PIK3CA+TP53	same_stage_one_event	PIK3CA	1	0.07889297423422581	0.0014181044670290711	0.00011187847917876503
rule_a_one_step	primary::CTNNB1+SMAD4+TP53	primary::APC+CTNNB1+SMAD4+TP53	same_stage_one_event	APC	1	0.13002569105689385	0.0002363507445048452	3.073166888605385e-05
rule_a_one_step	primary::APC+SMAD4+TP53	primary::APC+CTNNB1+SMAD4+TP53	same_stage_one_event	CTNNB1	1	0.016368169176742154	0.004569447727093673	7.479349344134916e-05
rule_a_one_step	primary::APC+CTNNB1+TP53	primary::APC+CTNNB1+SMAD4+TP53	same_stage_one_event	SMAD4	1	0.04353363482284039	0.0014181044670290711	6.173524200828227e-05
rule_a_one_step	primary::APC+KRAS+PIK3CA+PTEN	primary::APC+FBXW7+KRAS+PIK3CA+PTEN	same_stage_one_event	FBXW7	1	0.24090803025379104	0.0006302686520129206	0.00015183677948714475
rule_a_one_step	primary::APC+FBXW7+PIK3CA+PTEN	primary::APC+FBXW7+KRAS+PIK3CA+PTEN	same_stage_one_event	KRAS	1	0.3054431418763083	7.878358150161507e-05	2.4063904662121507e-05
rule_a_one_step	primary::APC+FBXW7+KRAS+PIK3CA	primary::APC+FBXW7+KRAS+PIK3CA+PTEN	same_stage_one_event	PTEN	1	0.0405606075007948	0.0027574253525565274	0.00011184284743778603
rule_a_one_step	primary::APC+KRAS+PIK3CA+PTEN+SMAD4+SOX9	primary::APC+FBXW7+KRAS+PIK3CA+PTEN+SMAD4+SOX9	same_stage_one_event	FBXW7	1	0.347725227376969	7.878358150161507e-05	2.7395038791221067e-05
rule_a_one_step	primary::APC+FBXW7+KRAS+PIK3CA+SMAD4+SOX9	primary::APC+FBXW7+KRAS+PIK3CA+PTEN+SMAD4+SOX9	same_stage_one_event	PTEN	1	0.08337936668995924	0.00015756716300323014	1.3137850262342905e-05
rule_a_one_step	primary::APC+FBXW7+KRAS+PIK3CA+PTEN+SMAD4	primary::APC+FBXW7+KRAS+PIK3CA+PTEN+SMAD4+SOX9	same_stage_one_event	SOX9	1	0.296708176560396	7.878358150161507e-05	2.337573281024155e-05
rule_a_one_step	primary::FBXW7+KRAS+PIK3CA+PTEN+SMAD4+TP53	primary::APC+FBXW7+KRAS+PIK3CA+PTEN+SMAD4+TP53	same_stage_one_event	APC	1	0.720777251320709	0.00015756716300323014	0.00011357082664787034
rule_a_one_step	primary::APC+KRAS+PIK3CA+PTEN+SMAD4+TP53	primary::APC+FBXW7+KRAS+PIK3CA+PTEN+SMAD4+TP53	same_stage_one_event	FBXW7	1	0.336995577166857	0.00015756716300323014	5.309943703881778e-05
rule_a_one_step	primary::APC+FBXW7+KRAS+PIK3CA+SMAD4+TP53	primary::APC+FBXW7+KRAS+PIK3CA+PTEN+SMAD4+TP53	same_stage_one_event	PTEN	1	0.08080164138297422	0.0005514850705113054	4.456089889551875e-05
rule_a_one_step	primary::APC+FBXW7+KRAS+PIK3CA+PTEN+TP53	primary::APC+FBXW7+KRAS+PIK3CA+PTEN+SMAD4+TP53	same_stage_one_event	SMAD4	1	0.14020806641091366	7.878358150161507e-05	1.1046093627268074e-05
rule_a_one_step	primary::APC+FBXW7+KRAS+PIK3CA+PTEN+SMAD4	primary::APC+FBXW7+KRAS+PIK3CA+PTEN+SMAD4+TP53	same_stage_one_event	TP53	1	0.02816449801632057	7.878358150161507e-05	2.2189000249208677e-06
rule_a_one_step	primary::APC+KRAS+PIK3CA+PTEN+TGFBR2	primary::APC+FBXW7+KRAS+PIK3CA+PTEN+TGFBR2	same_stage_one_event	FBXW7	1	0.2564004884230268	7.878358150161507e-05	2.0200148776729444e-05
rule_a_one_step	primary::APC+FBXW7+PIK3CA+PTEN+TGFBR2	primary::APC+FBXW7+KRAS+PIK3CA+PTEN+TGFBR2	same_stage_one_event	KRAS	1	0.34138127928207146	7.878358150161507e-05	2.6895239839444694e-05
rule_a_one_step	primary::APC+FBXW7+KRAS+PIK3CA+PTEN	primary::APC+FBXW7+KRAS+PIK3CA+PTEN+TGFBR2	same_stage_one_event	TGFBR2	1	0.038729626503787126	0.00015756716300323014	6.102517372376448e-06
rule_a_one_step	primary::FBXW7+KRAS+PIK3CA+SMAD4+SOX9	primary::APC+FBXW7+KRAS+PIK3CA+SMAD4+SOX9	same_stage_one_event	APC	1	0.7531822673276107	7.878358150161507e-05	5.933839654357605e-05
rule_a_one_step	primary::APC+KRAS+PIK3CA+SMAD4+SOX9	primary::APC+FBXW7+KRAS+PIK3CA+SMAD4+SOX9	same_stage_one_event	FBXW7	1	0.27434694636551127	0.0005514850705113054	0.00015129824506094532
rule_a_one_step	primary::APC+FBXW7+KRAS+SMAD4+SOX9	primary::APC+FBXW7+KRAS+PIK3CA+SMAD4+SOX9	same_stage_one_event	PIK3CA	1	0.47353345887672527	0.00015756716300323014	7.461332370231235e-05
rule_a_one_step	primary::APC+FBXW7+KRAS+PIK3CA+SOX9	primary::APC+FBXW7+KRAS+PIK3CA+SMAD4+SOX9	same_stage_one_event	SMAD4	1	0.10566384924201726	0.0008666193965177657	9.157034126386117e-05
rule_a_one_step	primary::APC+FBXW7+KRAS+PIK3CA+SMAD4	primary::APC+FBXW7+KRAS+PIK3CA+SMAD4+SOX9	same_stage_one_event	SOX9	1	0.3019146035213233	0.0002363507445048452	7.135774131914992e-05
rule_a_one_step	primary::APC+FBXW7+KRAS+TCF7L2	primary::APC+FBXW7+KRAS+PTEN+TCF7L2	same_stage_one_event	PTEN	1	0.02762443732244127	0.00015756716300323014	4.352704218457618e-06
rule_a_one_step	primary::APC+FBXW7+RNF43+SOX9+TGFBR2	primary::APC+FBXW7+KRAS+RNF43+SOX9+TGFBR2	same_stage_one_event	KRAS	1	0.08076753292626003	0.00015756716300323014	1.2726311025960771e-05
rule_a_one_step	primary::APC+KRAS+SMAD4+SOX9	primary::APC+FBXW7+KRAS+SMAD4+SOX9	same_stage_one_event	FBXW7	1	0.13682318993794113	0.0009454029780193808	0.0001293530512294409
rule_a_one_step	primary::APC+FBXW7+KRAS+SOX9	primary::APC+FBXW7+KRAS+SMAD4+SOX9	same_stage_one_event	SMAD4	1	0.07515797779101464	0.00039391790750807534	2.9606073343974886e-05
rule_a_one_step	primary::APC+FBXW7+KRAS+SMAD4	primary::APC+FBXW7+KRAS+SMAD4+SOX9	same_stage_one_event	SOX9	1	0.18536166119716033	0.0002363507445048452	4.381036662660372e-05
rule_a_one_step	primary::APC+KRAS+SMAD4+TCF7L2	primary::APC+FBXW7+KRAS+SMAD4+TCF7L2	same_stage_one_event	FBXW7	1	0.1161812496875883	0.0002363507445048452	2.745952486116481e-05
rule_a_one_step	primary::APC+FBXW7+KRAS+TCF7L2	primary::APC+FBXW7+KRAS+SMAD4+TCF7L2	same_stage_one_event	SMAD4	1	0.0668724352501819	0.00015756716300323014	1.0536899905488364e-05
rule_a_one_step	primary::APC+FBXW7+KRAS+SMAD4	primary::APC+FBXW7+KRAS+SMAD4+TCF7L2	same_stage_one_event	TCF7L2	1	0.09307852564078678	0.0002363507445048452	2.199917883261328e-05
rule_a_one_step	primary::APC+KRAS+SOX9+TCF7L2	primary::APC+FBXW7+KRAS+SOX9+TCF7L2	same_stage_one_event	FBXW7	1	0.13803954598843662	0.0002363507445048452	3.262574946547781e-05
rule_a_one_step	primary::APC+FBXW7+KRAS+TCF7L2	primary::APC+FBXW7+KRAS+SOX9+TCF7L2	same_stage_one_event	SOX9	1	0.12437657143639473	0.00015756716300323014	1.9597663505301305e-05
rule_a_one_step	primary::APC+FBXW7+KRAS+SOX9	primary::APC+FBXW7+KRAS+SOX9+TCF7L2	same_stage_one_event	TCF7L2	1	0.14634668274251286	0.00039391790750807534	5.764857903667883e-05
rule_a_one_step	primary::APC+KRAS+TCF7L2	primary::APC+FBXW7+KRAS+TCF7L2	same_stage_one_event	FBXW7	1	0.1007391131378878	0.0018120223745371465	0.0001825415269968817
rule_a_one_step	primary::APC+FBXW7+TCF7L2	primary::APC+FBXW7+KRAS+TCF7L2	same_stage_one_event	KRAS	1	0.05435408538545892	7.878358150161507e-05	4.282209515911048e-06
rule_a_one_step	primary::APC+FBXW7+KRAS	primary::APC+FBXW7+KRAS+TCF7L2	same_stage_one_event	TCF7L2	1	0.1039670083358406	0.0019695895375403767	0.00020477233186764479
rule_a_one_step	primary::FBXW7+NRAS	primary::APC+FBXW7+NRAS	same_stage_one_event	APC	1	0.4440909021085545	0.00015756716300323014	6.997414356079013e-05
rule_a_one_step	primary::APC+NRAS	primary::APC+FBXW7+NRAS	same_stage_one_event	FBXW7	1	0.03532798401768027	0.0007878358150161507	2.7832651081446678e-05
rule_a_one_step	primary::APC+FBXW7	primary::APC+FBXW7+NRAS	same_stage_one_event	NRAS	1	0.0056160818251266295	0.0006302686520129206	3.5396403215168235e-06
rule_a_one_step	primary::APC+PIK3CA+SMAD4+TP53	primary::APC+FBXW7+PIK3CA+SMAD4+TP53	same_stage_one_event	FBXW7	1	0.07963265855897542	0.0004727014890096904	3.764247627462795e-05
rule_a_one_step	primary::APC+FBXW7+SMAD4+TP53	primary::APC+FBXW7+PIK3CA+SMAD4+TP53	same_stage_one_event	PIK3CA	1	0.08367116737474574	0.00039391790750807534	3.2959571171017784e-05
rule_a_one_step	primary::APC+FBXW7+PIK3CA+TP53	primary::APC+FBXW7+PIK3CA+SMAD4+TP53	same_stage_one_event	SMAD4	1	0.03262686769161747	0.001181753722524226	3.855692234887434e-05
rule_a_one_step	primary::APC+FBXW7+PIK3CA+SMAD4	primary::APC+FBXW7+PIK3CA+SMAD4+TP53	same_stage_one_event	TP53	1	0.6289595120382142	7.878358150161507e-05	4.955168297787869e-05
rule_a_one_step	primary::APC+SMAD4+SOX9+TP53	primary::APC+FBXW7+SMAD4+SOX9+TP53	same_stage_one_event	FBXW7	1	0.08953611555716808	0.00039391790750807534	3.526987928668088e-05
rule_a_one_step	primary::APC+FBXW7+SOX9+TP53	primary::APC+FBXW7+SMAD4+SOX9+TP53	same_stage_one_event	SMAD4	1	0.056309157129441484	0.0006302686520129206	3.548989655995682e-05
rule_a_one_step	primary::APC+FBXW7+SMAD4+TP53	primary::APC+FBXW7+SMAD4+SOX9+TP53	same_stage_one_event	SOX9	1	0.078594843908148	0.00039391790750807534	3.0959916453221464e-05
rule_a_one_step	primary::APC+NRAS+PTEN+TP53	primary::APC+KRAS+NRAS+PTEN+TP53	same_stage_one_event	KRAS	1	0.13292400121472955	0.0003151343260064603	4.1888915532885706e-05
rule_a_one_step	primary::APC+KRAS+PTEN+TP53	primary::APC+KRAS+NRAS+PTEN+TP53	same_stage_one_event	NRAS	1	0.016745911933916953	0.0014968880485306862	2.5066755435627678e-05
rule_a_one_step	primary::APC+KRAS+NRAS+TP53	primary::APC+KRAS+NRAS+PTEN+TP53	same_stage_one_event	PTEN	1	0.0319315024635086	0.0005514850705113054	1.7609746887619965e-05
rule_a_one_step	primary::APC+NRAS+SMAD4+TP53	primary::APC+KRAS+NRAS+SMAD4+TP53	same_stage_one_event	KRAS	1	0.19017818115259125	0.0007090522335145356	0.00013484626411197677
rule_a_one_step	primary::APC+KRAS+SMAD4+TP53	primary::APC+KRAS+NRAS+SMAD4+TP53	same_stage_one_event	NRAS	1	0.024563006443042542	0.009217679035688962	0.00022641390954352612
rule_a_one_step	primary::APC+KRAS+NRAS+TP53	primary::APC+KRAS+NRAS+SMAD4+TP53	same_stage_one_event	SMAD4	1	0.17202454676063988	0.0005514850705113054	9.486896929996684e-05
rule_a_one_step	primary::KRAS+PIK3CA+PTEN+SMAD4+TP53	primary::APC+KRAS+PIK3CA+PTEN+SMAD4+TP53	same_stage_one_event	APC	1	0.6400016587479943	0.0003151343260064603	0.00020168649137256578
rule_a_one_step	primary::APC+KRAS+PTEN+SMAD4+TP53	primary::APC+KRAS+PIK3CA+PTEN+SMAD4+TP53	same_stage_one_event	PIK3CA	1	0.3010828466797447	0.0002363507445048452	7.116115497039583e-05
rule_a_one_step	primary::APC+KRAS+PIK3CA+SMAD4+TP53	primary::APC+KRAS+PIK3CA+PTEN+SMAD4+TP53	same_stage_one_event	PTEN	1	0.05890180447780514	0.0017332387930355314	0.00010209089250072584
rule_a_one_step	primary::APC+KRAS+PIK3CA+PTEN+TP53	primary::APC+KRAS+PIK3CA+PTEN+SMAD4+TP53	same_stage_one_event	SMAD4	1	0.1488383582876185	0.0005514850705113054	8.208213251503423e-05
rule_a_one_step	primary::APC+KRAS+PIK3CA+PTEN+SMAD4	primary::APC+KRAS+PIK3CA+PTEN+SMAD4+TP53	same_stage_one_event	TP53	1	0.028133610958448112	0.0004727014890096904	1.3298799791277765e-05
rule_a_one_step	primary::APC+KRAS+PTEN+SOX9+TP53	primary::APC+KRAS+PIK3CA+PTEN+SOX9+TP53	same_stage_one_event	PIK3CA	1	0.2938985729633854	0.00015756716300323014	4.6308764352538475e-05
rule_a_one_step	primary::APC+KRAS+PIK3CA+SOX9+TP53	primary::APC+KRAS+PIK3CA+PTEN+SOX9+TP53	same_stage_one_event	PTEN	1	0.05391243084661349	0.0016544552115339162	8.919570218064156e-05
rule_a_one_step	primary::APC+KRAS+PIK3CA+PTEN+TP53	primary::APC+KRAS+PIK3CA+PTEN+SOX9+TP53	same_stage_one_event	SOX9	1	0.14145385448839523	0.0005514850705113054	7.800968891662858e-05
rule_a_one_step	primary::APC+KRAS+PIK3CA+PTEN+SOX9	primary::APC+KRAS+PIK3CA+PTEN+SOX9+TP53	same_stage_one_event	TP53	1	0.011800366244020904	0.0003151343260064603	3.7187004629389126e-06
rule_a_one_step	primary::KRAS+PIK3CA+RNF43	primary::APC+KRAS+PIK3CA+RNF43	same_stage_one_event	APC	1	0.3223349162110522	7.878358150161507e-05	2.5394699142129696e-05
rule_a_one_step	primary::APC+PIK3CA+RNF43	primary::APC+KRAS+PIK3CA+RNF43	same_stage_one_event	KRAS	1	0.09618117924484296	7.878358150161507e-05	7.577497773957533e-06
rule_a_one_step	primary::APC+KRAS+RNF43	primary::APC+KRAS+PIK3CA+RNF43	same_stage_one_event	PIK3CA	1	0.13879077308085147	0.00015756716300323014	2.186886836537485e-05
rule_a_one_step	primary::APC+KRAS+PIK3CA	primary::APC+KRAS+PIK3CA+RNF43	same_stage_one_event	RNF43	1	0.013564850376772478	0.010478216339714803	0.0001421354368636839
rule_a_one_step	primary::APC+PIK3CA+RNF43+SMAD4+TCF7L2	primary::APC+KRAS+PIK3CA+RNF43+SMAD4+TCF7L2	same_stage_one_event	KRAS	1	0.08448256324011567	7.878358150161507e-05	6.655838906493002e-06
rule_a_one_step	primary::APC+KRAS+PIK3CA+SMAD4+TCF7L2	primary::APC+KRAS+PIK3CA+RNF43+SMAD4+TCF7L2	same_stage_one_event	RNF43	1	0.02047017099102269	0.0006302686520129206	1.2901707076985862e-05
rule_a_one_step	primary::APC+PIK3CA+SMAD4+TCF7L2+TP53	primary::APC+KRAS+PIK3CA+SMAD4+TCF7L2+TP53	same_stage_one_event	KRAS	1	0.5477711448231248	7.878358150161507e-05	4.315537263240565e-05
rule_a_one_step	primary::APC+KRAS+SMAD4+TCF7L2+TP53	primary::APC+KRAS+PIK3CA+SMAD4+TCF7L2+TP53	same_stage_one_event	PIK3CA	1	0.3492115348852574	0.0006302686520129206	0.00022009708335949418
rule_a_one_step	primary::APC+KRAS+PIK3CA+TCF7L2+TP53	primary::APC+KRAS+PIK3CA+SMAD4+TCF7L2+TP53	same_stage_one_event	SMAD4	1	0.20908347746835454	0.001102970141022611	0.0002306128326287689
rule_a_one_step	primary::APC+KRAS+PIK3CA+SMAD4+TP53	primary::APC+KRAS+PIK3CA+SMAD4+TCF7L2+TP53	same_stage_one_event	TCF7L2	1	0.13730293166163457	0.0017332387930355314	0.00023797876755345153
rule_a_one_step	primary::APC+KRAS+PIK3CA+SMAD4+TCF7L2	primary::APC+KRAS+PIK3CA+SMAD4+TCF7L2+TP53	same_stage_one_event	TP53	1	0.14607639058987762	0.0006302686520129206	9.206736978799504e-05
rule_a_one_step	primary::APC+KRAS+SMAD4+TCF7L2	primary::APC+KRAS+PTEN+SMAD4+TCF7L2	same_stage_one_event	PTEN	1	0.028009456139610464	0.0002363507445048452	6.620055811772741e-06
rule_a_one_step	primary::APC+KRAS+PTEN+SMAD4	primary::APC+KRAS+PTEN+SMAD4+TCF7L2	same_stage_one_event	TCF7L2	1	0.08763337904677333	0.0002363507445048452	2.0712214381180178e-05
rule_a_one_step	primary::APC+KRAS+SMAD4+TCF7L2+TP53	primary::APC+KRAS+PTEN+SMAD4+TCF7L2+TP53	same_stage_one_event	PTEN	1	0.04921346659692038	0.0006302686520129206	3.10177052529239e-05
rule_a_one_step	primary::APC+KRAS+PTEN+TCF7L2+TP53	primary::APC+KRAS+PTEN+SMAD4+TCF7L2+TP53	same_stage_one_event	SMAD4	1	0.1732387200696235	0.0002363507445048452	4.094510046552198e-05
rule_a_one_step	primary::APC+KRAS+PTEN+SMAD4+TP53	primary::APC+KRAS+PTEN+SMAD4+TCF7L2+TP53	same_stage_one_event	TCF7L2	1	0.08514821593980243	0.0002363507445048452	2.012484423063163e-05
rule_a_one_step	primary::APC+KRAS+PTEN+SMAD4+TCF7L2	primary::APC+KRAS+PTEN+SMAD4+TCF7L2+TP53	same_stage_one_event	TP53	1	0.0372813756503292	0.00015756716300323014	5.874320594080076e-06
rule_a_one_step	primary::KRAS+PTEN+SOX9+TP53	primary::APC+KRAS+PTEN+SOX9+TP53	same_stage_one_event	APC	1	0.4699657766115767	7.878358150161507e-05	3.702558706464797e-05
rule_a_one_step	primary::APC+KRAS+SOX9+TP53	primary::APC+KRAS+PTEN+SOX9+TP53	same_stage_one_event	PTEN	1	0.03586798166567376	0.004648231308595289	0.00016672267535450657
rule_a_one_step	primary::APC+KRAS+PTEN+TP53	primary::APC+KRAS+PTEN+SOX9+TP53	same_stage_one_event	SOX9	1	0.1150125686785751	0.0014968880485306862	0.0001721609394857738
rule_a_one_step	primary::KRAS+RNF43	primary::APC+KRAS+RNF43	same_stage_one_event	APC	1	0.2798842603307077	0.00015756716300323014	4.4100568869567115e-05
rule_a_one_step	primary::APC+RNF43	primary::APC+KRAS+RNF43	same_stage_one_event	KRAS	1	0.06714025355592712	0.0004727014890096904	3.173729782837491e-05
rule_a_one_step	primary::APC+KRAS	primary::APC+KRAS+RNF43	same_stage_one_event	RNF43	1	0.008121388229125141	0.01693847002284724	0.00013756389106294063
rule_a_one_step	primary::KRAS+RNF43+TCF7L2+TP53	primary::APC+KRAS+RNF43+TCF7L2+TP53	same_stage_one_event	APC	1	0.4572162411707756	7.878358150161507e-05	3.602113300013989e-05
rule_a_one_step	primary::APC+KRAS+TCF7L2+TP53	primary::APC+KRAS+RNF43+TCF7L2+TP53	same_stage_one_event	RNF43	1	0.019412647372476194	0.004175529819585598	8.105808798087436e-05
rule_a_one_step	primary::APC+KRAS+RNF43+TP53	primary::APC+KRAS+RNF43+TCF7L2+TP53	same_stage_one_event	TCF7L2	1	0.141074462099654	0.0004727014890096904	6.668610829574758e-05
rule_a_one_step	primary::APC+KRAS+TGFBR2	primary::APC+KRAS+SOX9+TGFBR2	same_stage_one_event	SOX9	1	0.13779943700765757	0.0002363507445048452	3.2568999529108383e-05
rule_a_one_step	primary::APC+KRAS+SOX9	primary::APC+KRAS+SOX9+TGFBR2	same_stage_one_event	TGFBR2	1	0.031179723968843644	0.0020483731190419916	6.38677084369286e-05
rule_a_one_step	primary::APC+KRAS+TGFBR2+TP53	primary::APC+KRAS+SOX9+TGFBR2+TP53	same_stage_one_event	SOX9	1	0.15157289404644214	0.00015756716300323014	2.388291090308708e-05
rule_a_one_step	primary::APC+KRAS+SOX9+TP53	primary::APC+KRAS+SOX9+TGFBR2+TP53	same_stage_one_event	TGFBR2	1	0.03041298706545604	0.004648231308595289	0.00014136659866555634
rule_a_one_step	primary::APC+KRAS+SOX9+TGFBR2	primary::APC+KRAS+SOX9+TGFBR2+TP53	same_stage_one_event	TP53	1	0.08676844596114773	0.00015756716300323014	1.3671857868297131e-05
rule_a_one_step	primary::KRAS+TGFBR2+TP53	primary::APC+KRAS+TGFBR2+TP53	same_stage_one_event	APC	1	0.47758132817847965	0.00015756716300323014	7.525113498439764e-05
rule_a_one_step	primary::APC+TGFBR2+TP53	primary::APC+KRAS+TGFBR2+TP53	same_stage_one_event	KRAS	1	0.5427071943226592	0.0004727014890096904	0.00025653849885259243
rule_a_one_step	primary::APC+KRAS+TP53	primary::APC+KRAS+TGFBR2+TP53	same_stage_one_event	TGFBR2	1	0.017743127365208906	0.045694477270936736	0.0008107629301048739
rule_a_one_step	primary::APC+KRAS+TGFBR2	primary::APC+KRAS+TGFBR2+TP53	same_stage_one_event	TP53	1	0.21584852483083067	0.0002363507445048452	5.101595954403939e-05
rule_a_one_step	primary::NRAS+PIK3CA+PTEN	primary::APC+NRAS+PIK3CA+PTEN	same_stage_one_event	APC	1	0.5159497648784923	0.00015756716300323014	8.129674070408767e-05
rule_a_one_step	primary::APC+PIK3CA+PTEN	primary::APC+NRAS+PIK3CA+PTEN	same_stage_one_event	NRAS	1	0.028674091107851227	0.0005514850705113054	1.581333315646093e-05
rule_a_one_step	primary::APC+NRAS+PTEN	primary::APC+NRAS+PIK3CA+PTEN	same_stage_one_event	PIK3CA	1	0.16866205178422966	7.878358150161507e-05	1.3287800502972479e-05
rule_a_one_step	primary::APC+NRAS+PIK3CA	primary::APC+NRAS+PIK3CA+PTEN	same_stage_one_event	PTEN	1	0.014153958735830799	0.0006302686520129206	8.920796493078578e-06
rule_a_one_step	primary::APC+PIK3CA+TCF7L2	primary::APC+NRAS+PIK3CA+TCF7L2	same_stage_one_event	NRAS	1	0.0176433983691291	0.00015756716300323014	2.7800202267594895e-06
rule_a_one_step	primary::APC+NRAS+PIK3CA	primary::APC+NRAS+PIK3CA+TCF7L2	same_stage_one_event	TCF7L2	1	0.06967381223503044	0.0006302686520129206	4.391321971797397e-05
rule_a_one_step	primary::APC+PIK3CA+TCF7L2+TP53	primary::APC+PIK3CA+RNF43+TCF7L2+TP53	same_stage_one_event	RNF43	1	0.017336756109090107	0.0012605373040258411	2.1853627806305974e-05
rule_a_one_step	primary::APC+PIK3CA+RNF43+TP53	primary::APC+PIK3CA+RNF43+TCF7L2+TP53	same_stage_one_event	TCF7L2	1	0.09570193064636819	0.0003151343260064603	3.0158963411760245e-05
rule_a_one_step	primary::PIK3CA+SMAD4	primary::APC+PIK3CA+SMAD4	same_stage_one_event	APC	1	0.3444669299839588	0.0003151343260064603	0.0001085533538120094
rule_a_one_step	primary::APC+SMAD4	primary::APC+PIK3CA+SMAD4	same_stage_one_event	PIK3CA	1	0.02536684453381639	0.0008666193965177657	2.1983399501455944e-05
rule_a_one_step	primary::APC+PIK3CA	primary::APC+PIK3CA+SMAD4	same_stage_one_event	SMAD4	1	0.010948050204421982	0.0018120223745371465	1.983811192796861e-05
rule_a_one_step	primary::APC+TCF7L2	primary::APC+PIK3CA+TCF7L2	same_stage_one_event	PIK3CA	1	0.030366675995786803	0.0006302686520129206	1.913916394597766e-05
rule_a_one_step	primary::APC+PIK3CA	primary::APC+PIK3CA+TCF7L2	same_stage_one_event	TCF7L2	1	0.024005106453621396	0.0018120223745371465	4.349778999710802e-05
rule_a_one_step	primary::APC+TCF7L2+TP53	primary::APC+PTEN+TCF7L2+TP53	same_stage_one_event	PTEN	1	0.01782408197578998	0.005436067123611439	9.689290603714712e-05
rule_a_one_step	primary::APC+PTEN+TP53	primary::APC+PTEN+TCF7L2+TP53	same_stage_one_event	TCF7L2	1	0.04090244697192099	0.001102970141022611	4.511417770478956e-05
rule_a_one_step	primary::APC+SMAD4+SOX9+TP53	primary::APC+RNF43+SMAD4+SOX9+TP53	same_stage_one_event	RNF43	1	0.014817422168250313	0.00039391790750807534	5.836847935180932e-06
rule_a_one_step	primary::WT	primary::ARID1A	same_stage_one_event	ARID1A	1	0.01318124077044269	0.01292050736626487	0.00017030831847101563
rule_a_one_step	primary::ARID1A+BRAF+RNF43+SOX9	primary::ARID1A+BRAF+CTNNB1+RNF43+SOX9	same_stage_one_event	CTNNB1	1	0.0652302872622058	0.00039391790750807534	2.5695378264478768e-05
rule_a_one_step	primary::ARID1A+BRAF+CTNNB1+SOX9	primary::ARID1A+BRAF+CTNNB1+RNF43+SOX9	same_stage_one_event	RNF43	1	0.2365442923001919	7.878358150161507e-05	1.8635806531174024e-05
rule_a_one_step	primary::BRAF+FBXW7+PTEN+RNF43+TCF7L2	primary::ARID1A+BRAF+FBXW7+PTEN+RNF43+TCF7L2	same_stage_one_event	ARID1A	1	0.39739406231386887	7.878358150161507e-05	3.130812749656259e-05
rule_a_one_step	primary::ARID1A+BRAF+FBXW7+RNF43+TCF7L2	primary::ARID1A+BRAF+FBXW7+PTEN+RNF43+TCF7L2	same_stage_one_event	PTEN	1	0.10120934705152934	0.0002363507445048452	2.392090452647822e-05
rule_a_one_step	primary::ARID1A+BRAF+FBXW7+PTEN+RNF43	primary::ARID1A+BRAF+FBXW7+PTEN+RNF43+TCF7L2	same_stage_one_event	TCF7L2	1	0.18029833327400094	7.878358150161507e-05	1.420454843409761e-05
rule_a_one_step	primary::BRAF+FBXW7+PTEN+RNF43+TGFBR2	primary::ARID1A+BRAF+FBXW7+PTEN+RNF43+TGFBR2	same_stage_one_event	ARID1A	1	0.47348032153947744	7.878358150161507e-05	3.730247550141633e-05
rule_a_one_step	primary::ARID1A+BRAF+PTEN+RNF43+TGFBR2	primary::ARID1A+BRAF+FBXW7+PTEN+RNF43+TGFBR2	same_stage_one_event	FBXW7	1	0.21762734989619947	0.00015756716300323014	3.429092411505546e-05
rule_a_one_step	primary::ARID1A+BRAF+FBXW7+PTEN+RNF43	primary::ARID1A+BRAF+FBXW7+PTEN+RNF43+TGFBR2	same_stage_one_event	TGFBR2	1	0.25394787507530164	7.878358150161507e-05	2.000692311315699e-05
rule_a_one_step	primary::BRAF+FBXW7+PTEN+RNF43+TP53	primary::ARID1A+BRAF+FBXW7+PTEN+RNF43+TP53	same_stage_one_event	ARID1A	1	0.41615502763787415	7.878358150161507e-05	3.278618353721533e-05
rule_a_one_step	primary::ARID1A+FBXW7+PTEN+RNF43+TP53	primary::ARID1A+BRAF+FBXW7+PTEN+RNF43+TP53	same_stage_one_event	BRAF	1	0.20092748151453732	7.878358150161507e-05	1.5829786615814807e-05
rule_a_one_step	primary::ARID1A+BRAF+PTEN+RNF43+TP53	primary::ARID1A+BRAF+FBXW7+PTEN+RNF43+TP53	same_stage_one_event	FBXW7	1	0.21783501318994064	7.878358150161507e-05	1.7161822515555083e-05
rule_a_one_step	primary::ARID1A+BRAF+FBXW7+RNF43+TP53	primary::ARID1A+BRAF+FBXW7+PTEN+RNF43+TP53	same_stage_one_event	PTEN	1	0.12525398455156478	0.00015756716300323014	1.973591500064048e-05
rule_a_one_step	primary::ARID1A+BRAF+FBXW7+PTEN+RNF43	primary::ARID1A+BRAF+FBXW7+PTEN+RNF43+TP53	same_stage_one_event	TP53	1	0.002604227894995375	7.878358150161507e-05	2.0517040061414756e-07
rule_a_one_step	primary::BRAF+FBXW7+RNF43+TP53	primary::ARID1A+BRAF+FBXW7+RNF43+TP53	same_stage_one_event	ARID1A	1	0.2962034824670467	0.0004727014890096904	0.0001400158272120287
rule_a_one_step	primary::ARID1A+BRAF+RNF43+TP53	primary::ARID1A+BRAF+FBXW7+RNF43+TP53	same_stage_one_event	FBXW7	1	0.14980532991296616	0.0003151343260064603	4.720880167429802e-05
rule_a_one_step	primary::ARID1A+BRAF+FBXW7+RNF43	primary::ARID1A+BRAF+FBXW7+RNF43+TP53	same_stage_one_event	TP53	1	0.01410492103851986	0.0004727014890096904	6.667417177272446e-06
rule_a_one_step	primary::ARID1A+BRAF+RNF43+TCF7L2	primary::ARID1A+BRAF+PIK3CA+RNF43+TCF7L2	same_stage_one_event	PIK3CA	1	0.13259824742770576	0.0003151343260064603	4.178625933276791e-05
rule_a_one_step	primary::ARID1A+BRAF+PIK3CA+RNF43	primary::ARID1A+BRAF+PIK3CA+RNF43+TCF7L2	same_stage_one_event	TCF7L2	1	0.17188984348408642	0.0002363507445048452	4.062629248028514e-05
rule_a_one_step	primary::ARID1A+BRAF+PIK3CA+RNF43+TGFBR2+TP53	primary::ARID1A+BRAF+PIK3CA+RNF43+TCF7L2+TGFBR2+TP53	same_stage_one_event	TCF7L2	1	0.18550828921073342	7.878358150161507e-05	1.4615007422258996e-05
rule_a_one_step	primary::ARID1A+BRAF+PIK3CA+RNF43+TCF7L2+TP53	primary::ARID1A+BRAF+PIK3CA+RNF43+TCF7L2+TGFBR2+TP53	same_stage_one_event	TGFBR2	1	0.2293037685647956	7.878358150161507e-05	1.8065372139352053e-05
rule_a_one_step	primary::ARID1A+BRAF+PIK3CA+RNF43+TCF7L2+TGFBR2	primary::ARID1A+BRAF+PIK3CA+RNF43+TCF7L2+TGFBR2+TP53	same_stage_one_event	TP53	1	0.00540773403767008	0.0002363507445048452	1.2781219658875159e-06
rule_a_one_step	primary::BRAF+PIK3CA+RNF43+TP53	primary::ARID1A+BRAF+PIK3CA+RNF43+TP53	same_stage_one_event	ARID1A	1	0.28270961888842455	0.0004727014890096904	0.00013363725780592036
rule_a_one_step	primary::ARID1A+BRAF+RNF43+TP53	primary::ARID1A+BRAF+PIK3CA+RNF43+TP53	same_stage_one_event	PIK3CA	1	0.09282317574362335	0.0003151343260064603	2.9251768925745956e-05
rule_a_one_step	primary::ARID1A+BRAF+PIK3CA+RNF43	primary::ARID1A+BRAF+PIK3CA+RNF43+TP53	same_stage_one_event	TP53	1	0.007342141410143418	0.0002363507445048452	1.735320588547251e-06
rule_a_one_step	primary::ARID1A+BRAF+PTEN+RNF43+SOX9+TP53	primary::ARID1A+BRAF+PTEN+RNF43+SOX9+TCF7L2+TP53	same_stage_one_event	TCF7L2	1	0.12221423067177402	7.878358150161507e-05	9.628474802786892e-06
rule_a_one_step	primary::ARID1A+PTEN+RNF43+TGFBR2	primary::ARID1A+BRAF+PTEN+RNF43+TGFBR2	same_stage_one_event	BRAF	1	0.12565355495437713	0.00015756716300323014	1.9798874175431677e-05
rule_a_one_step	primary::ARID1A+BRAF+RNF43+TGFBR2	primary::ARID1A+BRAF+PTEN+RNF43+TGFBR2	same_stage_one_event	PTEN	1	0.09932823208779833	0.00015756716300323014	1.5650867736200793e-05
rule_a_one_step	primary::ARID1A+BRAF+PTEN+RNF43	primary::ARID1A+BRAF+PTEN+RNF43+TGFBR2	same_stage_one_event	TGFBR2	1	0.20530960649428304	0.0002363507445048452	4.852507834892059e-05
rule_a_one_step	primary::BRAF+RNF43+SMAD4	primary::ARID1A+BRAF+RNF43+SMAD4	same_stage_one_event	ARID1A	1	0.30303648374072545	0.0003151343260064603	9.549719805900118e-05
rule_a_one_step	primary::ARID1A+BRAF+RNF43	primary::ARID1A+BRAF+RNF43+SMAD4	same_stage_one_event	SMAD4	1	0.04019346168415876	0.0004727014890096904	1.8999509186555782e-05
rule_a_one_step	primary::BRAF+RNF43+SMAD4+TP53	primary::ARID1A+BRAF+RNF43+SMAD4+TP53	same_stage_one_event	ARID1A	1	0.29647835372784254	0.0006302686520129206	0.00018686101235505716
rule_a_one_step	primary::ARID1A+RNF43+SMAD4+TP53	primary::ARID1A+BRAF+RNF43+SMAD4+TP53	same_stage_one_event	BRAF	1	0.19317242899163845	7.878358150161507e-05	1.5218815803327697e-05
rule_a_one_step	primary::ARID1A+BRAF+SMAD4+TP53	primary::ARID1A+BRAF+RNF43+SMAD4+TP53	same_stage_one_event	RNF43	1	0.24458512177665429	0.00015756716300323014	3.853858375114698e-05
rule_a_one_step	primary::ARID1A+BRAF+RNF43+TP53	primary::ARID1A+BRAF+RNF43+SMAD4+TP53	same_stage_one_event	SMAD4	1	0.0719143790895501	0.0003151343260064603	2.2662689384558453e-05
rule_a_one_step	primary::ARID1A+BRAF+RNF43+SMAD4	primary::ARID1A+BRAF+RNF43+SMAD4+TP53	same_stage_one_event	TP53	1	0.013704135777103752	0.00015756716300323014	2.159321795809305e-06
rule_a_one_step	primary::ARID1A+RNF43+TGFBR2	primary::ARID1A+BRAF+RNF43+TGFBR2	same_stage_one_event	BRAF	1	0.12790759522748954	7.878358150161507e-05	1.0077018453280513e-05
rule_a_one_step	primary::ARID1A+BRAF+RNF43	primary::ARID1A+BRAF+RNF43+TGFBR2	same_stage_one_event	TGFBR2	1	0.20418980683227356	0.0004727014890096904	9.652082573021676e-05
rule_a_one_step	primary::BRAF+SMAD4+TP53	primary::ARID1A+BRAF+SMAD4+TP53	same_stage_one_event	ARID1A	1	0.03687981442239593	0.003387694004569448	0.00012493752620838452
rule_a_one_step	primary::ARID1A+SMAD4+TP53	primary::ARID1A+BRAF+SMAD4+TP53	same_stage_one_event	BRAF	1	0.15420537220315436	7.878358150161507e-05	1.21488515089541e-05
rule_a_one_step	primary::ARID1A+BRAF+TP53	primary::ARID1A+BRAF+SMAD4+TP53	same_stage_one_event	SMAD4	1	0.08090320238649275	0.0004727014890096904	3.824306423374746e-05
rule_a_one_step	primary::CTNNB1+FBXW7+KRAS+PIK3CA+TP53	primary::ARID1A+CTNNB1+FBXW7+KRAS+PIK3CA+TP53	same_stage_one_event	ARID1A	1	0.047268573496860686	0.00015756716300323014	7.447975025110012e-06
rule_a_one_step	primary::ARID1A+CTNNB1+FBXW7+KRAS+PIK3CA	primary::ARID1A+CTNNB1+FBXW7+KRAS+PIK3CA+TP53	same_stage_one_event	TP53	1	0.007750177765155662	7.878358150161507e-05	6.10586761613146e-07
rule_a_one_step	primary::ARID1A+CTNNB1+RNF43+SOX9+TCF7L2	primary::ARID1A+CTNNB1+PIK3CA+RNF43+SOX9+TCF7L2	same_stage_one_event	PIK3CA	1	0.16610999411545507	7.878358150161507e-05	1.3086740259627754e-05
rule_a_one_step	primary::ARID1A+FBXW7+KRAS+RNF43	primary::ARID1A+FBXW7+KRAS+PTEN+RNF43	same_stage_one_event	PTEN	1	0.04559136503600089	7.878358150161507e-05	3.59185102308366e-06
rule_a_one_step	primary::FBXW7+KRAS+SOX9	primary::ARID1A+FBXW7+KRAS+SOX9	same_stage_one_event	ARID1A	1	0.02004108192305848	7.878358150161507e-05	1.5789082110658222e-06
rule_a_one_step	primary::ARID1A+FBXW7+SOX9	primary::ARID1A+FBXW7+KRAS+SOX9	same_stage_one_event	KRAS	1	0.07238825173522385	0.00015756716300323014	1.1406011460682874e-05
rule_a_one_step	primary::ARID1A+FBXW7+KRAS	primary::ARID1A+FBXW7+KRAS+SOX9	same_stage_one_event	SOX9	1	0.07274307752571893	7.878358150161507e-05	5.730960176925781e-06
rule_a_one_step	primary::ARID1A+FBXW7+RNF43+SOX9	primary::ARID1A+FBXW7+PIK3CA+RNF43+SOX9	same_stage_one_event	PIK3CA	1	0.11625487333975965	7.878358150161507e-05	9.158975288722891e-06
rule_a_one_step	primary::FBXW7+PTEN	primary::ARID1A+FBXW7+PTEN	same_stage_one_event	ARID1A	1	0.03124555537494256	0.00015756716300323014	4.923273516890028e-06
rule_a_one_step	primary::ARID1A+FBXW7	primary::ARID1A+FBXW7+PTEN	same_stage_one_event	PTEN	1	0.02896712970209802	7.878358150161507e-05	2.282134223753094e-06
rule_a_one_step	primary::ARID1A+FBXW7	primary::ARID1A+FBXW7+SOX9	same_stage_one_event	SOX9	1	0.05282444615243673	7.878358150161507e-05	4.161699058728176e-06
rule_a_one_step	primary::PIK3CA	primary::ARID1A+PIK3CA	same_stage_one_event	ARID1A	1	0.019402120854586227	0.0018120223745371465	3.515707710198403e-05
rule_a_one_step	primary::ARID1A	primary::ARID1A+PIK3CA	same_stage_one_event	PIK3CA	1	0.08954265189610564	0.00015756716300323014	1.4108981627055172e-05
rule_a_one_step	primary::ARID1A+PIK3CA+PTEN+RNF43	primary::ARID1A+PIK3CA+PTEN+RNF43+TCF7L2	same_stage_one_event	TCF7L2	1	0.161640576740946	0.00015756716300323014	2.546924710327677e-05
rule_a_one_step	primary::ARID1A+RNF43+TGFBR2	primary::ARID1A+PTEN+RNF43+TGFBR2	same_stage_one_event	PTEN	1	0.03809289218162462	7.878358150161507e-05	3.0010944758232588e-06
rule_a_one_step	primary::ARID1A+RNF43+TGFBR2	primary::ARID1A+RNF43+SOX9+TGFBR2	same_stage_one_event	SOX9	1	0.09376691879312662	7.878358150161507e-05	7.387293688893613e-06
rule_a_one_step	primary::RNF43+TCF7L2+TP53	primary::ARID1A+RNF43+TCF7L2+TP53	same_stage_one_event	ARID1A	1	0.13505065022706306	7.878358150161507e-05	1.0639773909009932e-05
rule_a_one_step	primary::ARID1A+RNF43+TP53	primary::ARID1A+RNF43+TCF7L2+TP53	same_stage_one_event	TCF7L2	1	0.1096209501512736	0.00015756716300323014	1.7272662121054694e-05
rule_a_one_step	primary::RNF43+TP53	primary::ARID1A+RNF43+TP53	same_stage_one_event	ARID1A	1	0.14146772935716248	0.0015756716300323013	0.00022290668771316865
rule_a_one_step	primary::ARID1A+TP53	primary::ARID1A+RNF43+TP53	same_stage_one_event	RNF43	1	0.04091463404563498	0.0007090522335145356	2.901061265348734e-05
rule_a_one_step	primary::ARID1A+RNF43	primary::ARID1A+RNF43+TP53	same_stage_one_event	TP53	1	0.03943555083848458	0.0002363507445048452	9.320621800634503e-06
rule_a_one_step	primary::FBXW7+KRAS+PIK3CA	primary::BRAF+FBXW7+KRAS+PIK3CA	same_stage_one_event	BRAF	1	0.023568096488391834	0.0005514850705113054	1.2997453353718022e-05
rule_a_one_step	primary::BRAF+KRAS+PIK3CA	primary::BRAF+FBXW7+KRAS+PIK3CA	same_stage_one_event	FBXW7	1	0.0894489638512127	0.00015756716300323014	1.4094219467614073e-05
rule_a_one_step	primary::BRAF+FBXW7+PIK3CA	primary::BRAF+FBXW7+KRAS+PIK3CA	same_stage_one_event	KRAS	1	0.035065562962254306	0.00015756716300323014	5.525181275073554e-06
rule_a_one_step	primary::FBXW7+PIK3CA	primary::BRAF+FBXW7+PIK3CA	same_stage_one_event	BRAF	1	0.09371594371881609	0.0002363507445048452	2.2149833069916352e-05
rule_a_one_step	primary::BRAF+PIK3CA	primary::BRAF+FBXW7+PIK3CA	same_stage_one_event	FBXW7	1	0.07751569257427393	0.0016544552115339162	0.0001282462415551684
rule_a_one_step	primary::BRAF+FBXW7	primary::BRAF+FBXW7+PIK3CA	same_stage_one_event	PIK3CA	1	0.1363305236390973	0.0007878358150161507	0.00010740606920278682
rule_a_one_step	primary::BRAF+PIK3CA+RNF43	primary::BRAF+FBXW7+PIK3CA+RNF43	same_stage_one_event	FBXW7	1	0.12022122003541844	0.0003151343260064603	3.788583314753595e-05
rule_a_one_step	primary::BRAF+FBXW7+RNF43	primary::BRAF+FBXW7+PIK3CA+RNF43	same_stage_one_event	PIK3CA	1	0.131302827581613	0.0002363507445048452	3.103352105450555e-05
rule_a_one_step	primary::BRAF+FBXW7+PIK3CA	primary::BRAF+FBXW7+PIK3CA+RNF43	same_stage_one_event	RNF43	1	0.22186229472908575	0.00015756716300323014	3.495821235784854e-05
rule_a_one_step	primary::BRAF+FBXW7+RNF43	primary::BRAF+FBXW7+PTEN+RNF43	same_stage_one_event	PTEN	1	0.08404557894571087	0.0002363507445048452	1.9864235156159507e-05
rule_a_one_step	primary::BRAF+FBXW7+PTEN	primary::BRAF+FBXW7+PTEN+RNF43	same_stage_one_event	RNF43	1	0.20098393107825074	0.0002363507445048452	4.7502701743855055e-05
rule_a_one_step	primary::BRAF+RNF43+SMAD4	primary::BRAF+FBXW7+RNF43+SMAD4	same_stage_one_event	FBXW7	1	0.09389302681382274	0.0003151343260064603	2.958891572168053e-05
rule_a_one_step	primary::BRAF+FBXW7+SMAD4	primary::BRAF+FBXW7+RNF43+SMAD4	same_stage_one_event	RNF43	1	0.16778670719900607	0.0002363507445048452	3.9656513164501555e-05
rule_a_one_step	primary::BRAF+FBXW7+RNF43	primary::BRAF+FBXW7+RNF43+SMAD4	same_stage_one_event	SMAD4	1	0.04662190612414686	0.0002363507445048452	1.1019122222677111e-05
rule_a_one_step	primary::BRAF+RNF43+SMAD4+TP53	primary::BRAF+FBXW7+RNF43+SMAD4+TP53	same_stage_one_event	FBXW7	1	0.12340991555063893	0.0006302686520129206	7.778140111912956e-05
rule_a_one_step	primary::BRAF+FBXW7+SMAD4+TP53	primary::BRAF+FBXW7+RNF43+SMAD4+TP53	same_stage_one_event	RNF43	1	0.26564252756286877	0.00015756716300323014	4.18565394410886e-05
rule_a_one_step	primary::BRAF+FBXW7+RNF43+TP53	primary::BRAF+FBXW7+RNF43+SMAD4+TP53	same_stage_one_event	SMAD4	1	0.08579448938133737	0.0004727014890096904	4.0555182879384244e-05
rule_a_one_step	primary::BRAF+FBXW7+RNF43+SMAD4	primary::BRAF+FBXW7+RNF43+SMAD4+TP53	same_stage_one_event	TP53	1	0.0318787924862536	0.00015756716300323014	5.02305089202767e-06
rule_a_one_step	primary::FBXW7+SMAD4+TP53	primary::BRAF+FBXW7+SMAD4+TP53	same_stage_one_event	BRAF	1	0.12929513771626877	0.00015756716300323014	2.037266804006441e-05
rule_a_one_step	primary::BRAF+SMAD4+TP53	primary::BRAF+FBXW7+SMAD4+TP53	same_stage_one_event	FBXW7	1	0.07571663674541809	0.003387694004569448	0.00025650479634861564
rule_a_one_step	primary::BRAF+FBXW7+TP53	primary::BRAF+FBXW7+SMAD4+TP53	same_stage_one_event	SMAD4	1	0.09360621201779683	0.0008666193965177657	8.112095896917711e-05
rule_a_one_step	primary::BRAF+FBXW7+SMAD4	primary::BRAF+FBXW7+SMAD4+TP53	same_stage_one_event	TP53	1	0.16601936324893704	0.0002363507445048452	3.9238800106106605e-05
rule_a_one_step	primary::KRAS+PIK3CA	primary::BRAF+KRAS+PIK3CA	same_stage_one_event	BRAF	1	0.021107522630367623	0.004727014890096904	9.977557376680512e-05
rule_a_one_step	primary::BRAF+PIK3CA	primary::BRAF+KRAS+PIK3CA	same_stage_one_event	KRAS	1	0.034470962829103634	0.0016544552115339162	5.7030664099202416e-05
rule_a_one_step	primary::BRAF+KRAS	primary::BRAF+KRAS+PIK3CA	same_stage_one_event	PIK3CA	1	0.2251746976978731	7.878358150161507e-05	1.774006914818192e-05
rule_a_one_step	primary::KRAS+PTEN	primary::BRAF+KRAS+PTEN	same_stage_one_event	BRAF	1	0.015697861985507985	0.0005514850705113054	8.657136523954612e-06
rule_a_one_step	primary::BRAF+PTEN	primary::BRAF+KRAS+PTEN	same_stage_one_event	KRAS	1	0.027749191942970063	0.0010241865595209958	2.8420349425558243e-05
rule_a_one_step	primary::BRAF+KRAS	primary::BRAF+KRAS+PTEN	same_stage_one_event	PTEN	1	0.07893827021035477	7.878358150161507e-05	6.2190396447139974e-06
rule_a_one_step	primary::PIK3CA+PTEN+SMAD4+TP53	primary::BRAF+PIK3CA+PTEN+SMAD4+TP53	same_stage_one_event	BRAF	1	0.12896142562833776	7.878358150161507e-05	1.0160042986554618e-05
rule_a_one_step	primary::BRAF+PTEN+SMAD4+TP53	primary::BRAF+PIK3CA+PTEN+SMAD4+TP53	same_stage_one_event	PIK3CA	1	0.13114787436334213	0.00039391790750807534	5.166149624333969e-05
rule_a_one_step	primary::BRAF+PIK3CA+SMAD4+TP53	primary::BRAF+PIK3CA+PTEN+SMAD4+TP53	same_stage_one_event	PTEN	1	0.12215250454877415	0.00015756716300323014	1.9247223595489506e-05
rule_a_one_step	primary::BRAF+PIK3CA+PTEN+TP53	primary::BRAF+PIK3CA+PTEN+SMAD4+TP53	same_stage_one_event	SMAD4	1	0.11471696553698853	0.0004727014890096904	5.422688042400781e-05
rule_a_one_step	primary::BRAF+PIK3CA+PTEN+SMAD4	primary::BRAF+PIK3CA+PTEN+SMAD4+TP53	same_stage_one_event	TP53	1	0.020712883154126796	7.878358150161507e-05	1.6318351181065782e-06
rule_a_one_step	primary::PIK3CA+SMAD4+TP53	primary::BRAF+PIK3CA+SMAD4+TP53	same_stage_one_event	BRAF	1	0.1257646034357328	0.0007090522335145356	8.917367296317619e-05
rule_a_one_step	primary::BRAF+SMAD4+TP53	primary::BRAF+PIK3CA+SMAD4+TP53	same_stage_one_event	PIK3CA	1	0.10826630630065812	0.003387694004569448	0.00036677311675161893
rule_a_one_step	primary::BRAF+PIK3CA+TP53	primary::BRAF+PIK3CA+SMAD4+TP53	same_stage_one_event	SMAD4	1	0.10978048335081507	0.0020483731190419916	0.0002248713910912465
rule_a_one_step	primary::BRAF+PIK3CA+SMAD4	primary::BRAF+PIK3CA+SMAD4+TP53	same_stage_one_event	TP53	1	0.10473115387010722	0.0002363507445048452	2.475328619005134e-05
rule_a_one_step	primary::PTEN+SMAD4	primary::BRAF+PTEN+SMAD4	same_stage_one_event	BRAF	1	0.08875102733276521	0.00015756716300323014	1.398424759044595e-05
rule_a_one_step	primary::BRAF+SMAD4	primary::BRAF+PTEN+SMAD4	same_stage_one_event	PTEN	1	0.07121583292255564	0.0007090522335145356	5.049574539533607e-05
rule_a_one_step	primary::BRAF+PTEN	primary::BRAF+PTEN+SMAD4	same_stage_one_event	SMAD4	1	0.08410225946939104	0.0010241865595209958	8.61364037738977e-05
rule_a_one_step	primary::BRAF+SOX9	primary::BRAF+RNF43+SOX9	same_stage_one_event	RNF43	1	0.1749101409504141	0.00039391790750807534	6.890023672512965e-05
rule_a_one_step	primary::BRAF+RNF43	primary::BRAF+RNF43+SOX9	same_stage_one_event	SOX9	1	0.056312363739071676	0.0005514850705113054	3.1055427887300224e-05
rule_a_one_step	primary::BRAF+SOX9+TP53	primary::BRAF+RNF43+SOX9+TP53	same_stage_one_event	RNF43	1	0.23574377178728173	7.878358150161507e-05	1.8572738658101452e-05
rule_a_one_step	primary::BRAF+RNF43+TP53	primary::BRAF+RNF43+SOX9+TP53	same_stage_one_event	SOX9	1	0.04776811162454637	0.0030725596785629874	0.0001467703736986771
rule_a_one_step	primary::BRAF+RNF43+SOX9	primary::BRAF+RNF43+SOX9+TP53	same_stage_one_event	TP53	1	0.014696527098496717	0.00015756716300323014	2.315690080910221e-06
rule_a_one_step	primary::RNF43+TGFBR2+TP53	primary::BRAF+RNF43+TGFBR2+TP53	same_stage_one_event	BRAF	1	0.14910621789446618	7.878358150161507e-05	1.1747121869886252e-05
rule_a_one_step	primary::BRAF+TGFBR2+TP53	primary::BRAF+RNF43+TGFBR2+TP53	same_stage_one_event	RNF43	1	0.23720312666010243	0.00015756716300323014	3.737542372332821e-05
rule_a_one_step	primary::BRAF+RNF43+TP53	primary::BRAF+RNF43+TGFBR2+TP53	same_stage_one_event	TGFBR2	1	0.07378400733431136	0.0030725596785629874	0.0002267057658582008
rule_a_one_step	primary::TGFBR2	primary::BRAF+TGFBR2	same_stage_one_event	BRAF	1	0.06428811958636366	0.00015756716300323014	1.0129696618035714e-05
rule_a_one_step	primary::BRAF	primary::BRAF+TGFBR2	same_stage_one_event	TGFBR2	1	0.012914874020056376	0.005120932797604979	6.613620194624317e-05
rule_a_one_step	primary::BRAF+TP53	primary::BRAF+TGFBR2+TP53	same_stage_one_event	TGFBR2	1	0.012784368338443944	0.010163082013708344	0.00012992858391706208
rule_a_one_step	primary::BRAF+TGFBR2	primary::BRAF+TGFBR2+TP53	same_stage_one_event	TP53	1	0.18479492625573	0.00015756716300323014	2.91176122675065e-05
rule_a_one_step	primary::FBXW7+KRAS+PIK3CA+TP53	primary::CTNNB1+FBXW7+KRAS+PIK3CA+TP53	same_stage_one_event	CTNNB1	1	0.03862958732238839	0.0007878358150161507	3.0433772411871417e-05
rule_a_one_step	primary::CTNNB1+KRAS+PIK3CA+TP53	primary::CTNNB1+FBXW7+KRAS+PIK3CA+TP53	same_stage_one_event	FBXW7	1	0.1287624828894688	0.0009454029780193808	0.00012173243478087335
rule_a_one_step	primary::CTNNB1+FBXW7+PIK3CA+TP53	primary::CTNNB1+FBXW7+KRAS+PIK3CA+TP53	same_stage_one_event	KRAS	1	0.49163402065899364	7.878358150161507e-05	3.8732688935554534e-05
rule_a_one_step	primary::CTNNB1+FBXW7+KRAS+TP53	primary::CTNNB1+FBXW7+KRAS+PIK3CA+TP53	same_stage_one_event	PIK3CA	1	0.2547304861964162	7.878358150161507e-05	2.006858002020139e-05
rule_a_one_step	primary::CTNNB1+FBXW7+KRAS	primary::CTNNB1+FBXW7+KRAS+TCF7L2	same_stage_one_event	TCF7L2	1	0.0585738623284991	7.878358150161507e-05	4.614658656621689e-06
rule_a_one_step	primary::KRAS+SOX9	primary::CTNNB1+KRAS+SOX9	same_stage_one_event	CTNNB1	1	0.028911734089755788	0.0003151343260064603	9.111079836053192e-06
rule_a_one_step	primary::CTNNB1+SOX9	primary::CTNNB1+KRAS+SOX9	same_stage_one_event	KRAS	1	0.17076257887147273	7.878358150161507e-05	1.3453287549946642e-05
rule_a_one_step	primary::CTNNB1+KRAS	primary::CTNNB1+KRAS+SOX9	same_stage_one_event	SOX9	1	0.0506944923927788	0.0007090522335145356	3.594504305798544e-05
rule_a_one_step	primary::CTNNB1+KRAS+TGFBR2	primary::CTNNB1+KRAS+SOX9+TGFBR2	same_stage_one_event	SOX9	1	0.05410231655078616	7.878358150161507e-05	4.2623742654050395e-06
rule_a_one_step	primary::CTNNB1+KRAS+SOX9	primary::CTNNB1+KRAS+SOX9+TGFBR2	same_stage_one_event	TGFBR2	1	0.018670352774755233	0.00015756716300323014	2.941834518987668e-06
rule_a_one_step	primary::KRAS+SOX9+TP53	primary::CTNNB1+KRAS+SOX9+TP53	same_stage_one_event	CTNNB1	1	0.02668736673796128	0.00039391790750807534	1.0512631662318317e-05
rule_a_one_step	primary::CTNNB1+SOX9+TP53	primary::CTNNB1+KRAS+SOX9+TP53	same_stage_one_event	KRAS	1	0.34441443742195177	7.878358150161507e-05	2.713420290096524e-05
rule_a_one_step	primary::CTNNB1+KRAS+TP53	primary::CTNNB1+KRAS+SOX9+TP53	same_stage_one_event	SOX9	1	0.043245385901536336	0.0010241865595209958	4.4291343001652275e-05
rule_a_one_step	primary::CTNNB1+KRAS+SOX9	primary::CTNNB1+KRAS+SOX9+TP53	same_stage_one_event	TP53	1	0.015167957921045276	0.00015756716300323014	2.3899720981714765e-06
rule_a_one_step	primary::NRAS+TP53	primary::CTNNB1+NRAS+TP53	same_stage_one_event	CTNNB1	1	0.02250569045407264	0.0017332387930355314	3.9007735759048144e-05
rule_a_one_step	primary::CTNNB1+TP53	primary::CTNNB1+NRAS+TP53	same_stage_one_event	NRAS	1	0.03585496651909625	0.002205940282045222	7.909391495585716e-05
rule_a_one_step	primary::CTNNB1+NRAS	primary::CTNNB1+NRAS+TP53	same_stage_one_event	TP53	1	0.23822621952660938	7.878358150161507e-05	1.8768314781896272e-05
rule_a_one_step	primary::PIK3CA+TP53	primary::CTNNB1+PIK3CA+TP53	same_stage_one_event	CTNNB1	1	0.016348323198343017	0.002914992515559757	4.765523976512184e-05
rule_a_one_step	primary::CTNNB1+TP53	primary::CTNNB1+PIK3CA+TP53	same_stage_one_event	PIK3CA	1	0.07397625294559577	0.002205940282045222	0.0001631871962874562
rule_a_one_step	primary::CTNNB1+PIK3CA	primary::CTNNB1+PIK3CA+TP53	same_stage_one_event	TP53	1	0.28131686569927805	7.878358150161507e-05	2.2163150216597974e-05
rule_a_one_step	primary::PTEN	primary::CTNNB1+PTEN	same_stage_one_event	CTNNB1	1	0.0267977386069282	0.0006302686520129206	1.6889774588783238e-05
rule_a_one_step	primary::CTNNB1	primary::CTNNB1+PTEN	same_stage_one_event	PTEN	1	0.021100393310920576	0.00039391790750807534	8.311822780635223e-06
rule_a_one_step	primary::KRAS+PIK3CA+PTEN+SMAD4+TP53	primary::FBXW7+KRAS+PIK3CA+PTEN+SMAD4+TP53	same_stage_one_event	FBXW7	1	0.11424515670898631	0.0003151343260064603	3.6002570458988836e-05
rule_a_one_step	primary::FBXW7+PIK3CA+PTEN+SMAD4+TP53	primary::FBXW7+KRAS+PIK3CA+PTEN+SMAD4+TP53	same_stage_one_event	KRAS	1	0.3833486772917664	0.00015756716300323014	6.040316352190443e-05
rule_a_one_step	primary::FBXW7+KRAS+PIK3CA+SMAD4+TP53	primary::FBXW7+KRAS+PIK3CA+PTEN+SMAD4+TP53	same_stage_one_event	PTEN	1	0.07640478952472335	0.0003151343260064603	2.4077771850539148e-05
rule_a_one_step	primary::FBXW7+KRAS+PIK3CA+PTEN+TP53	primary::FBXW7+KRAS+PIK3CA+PTEN+SMAD4+TP53	same_stage_one_event	SMAD4	1	0.09680061382827716	7.878358150161507e-05	7.626299048946441e-06
rule_a_one_step	primary::KRAS+RNF43	primary::FBXW7+KRAS+RNF43	same_stage_one_event	FBXW7	1	0.06990755690549212	0.00015756716300323014	1.1015135414085265e-05
rule_a_one_step	primary::FBXW7+KRAS	primary::FBXW7+KRAS+RNF43	same_stage_one_event	RNF43	1	0.02423871299304249	0.0006302686520129206	1.5276900964652955e-05
rule_a_one_step	primary::KRAS+RNF43+SMAD4+TP53	primary::FBXW7+KRAS+RNF43+SMAD4+TP53	same_stage_one_event	FBXW7	1	0.09765052489474722	0.00039391790750807534	3.846629043360405e-05
rule_a_one_step	primary::FBXW7+KRAS+SMAD4+TP53	primary::FBXW7+KRAS+RNF43+SMAD4+TP53	same_stage_one_event	RNF43	1	0.03670842106408538	0.0003151343260064603	1.1568083530791896e-05
rule_a_one_step	primary::FBXW7+KRAS+RNF43+TP53	primary::FBXW7+KRAS+RNF43+SMAD4+TP53	same_stage_one_event	SMAD4	1	0.09791523339251491	0.0002363507445048452	2.314233831068658e-05
rule_a_one_step	primary::KRAS+TGFBR2	primary::FBXW7+KRAS+TGFBR2	same_stage_one_event	FBXW7	1	0.04192612373676629	0.0003151343260064603	1.32123607458493e-05
rule_a_one_step	primary::FBXW7+KRAS	primary::FBXW7+KRAS+TGFBR2	same_stage_one_event	TGFBR2	1	0.00782626677434264	0.0006302686520129206	4.932650610158444e-06
rule_a_one_step	primary::NRAS	primary::FBXW7+NRAS	same_stage_one_event	FBXW7	1	0.03644571331064729	0.0003151343260064603	1.1485295299975512e-05
rule_a_one_step	primary::FBXW7	primary::FBXW7+NRAS	same_stage_one_event	NRAS	1	0.009334994505176544	0.0010241865595209958	9.560775905404164e-06
rule_a_one_step	primary::PIK3CA+PTEN+SMAD4+TP53	primary::FBXW7+PIK3CA+PTEN+SMAD4+TP53	same_stage_one_event	FBXW7	1	0.05923878817815731	7.878358150161507e-05	4.667043896490768e-06
rule_a_one_step	primary::FBXW7+PIK3CA+PTEN+SMAD4	primary::FBXW7+PIK3CA+PTEN+SMAD4+TP53	same_stage_one_event	TP53	1	0.02549108164643454	7.878358150161507e-05	2.0082787084562e-06
rule_a_one_step	primary::PTEN	primary::FBXW7+PTEN	same_stage_one_event	FBXW7	1	0.045369951476130814	0.0006302686520129206	2.8595258158752584e-05
rule_a_one_step	primary::FBXW7	primary::FBXW7+PTEN	same_stage_one_event	PTEN	1	0.019566830723702692	0.0010241865595209958	2.0040085039638777e-05
rule_a_one_step	primary::PTEN+TP53	primary::FBXW7+PTEN+TP53	same_stage_one_event	FBXW7	1	0.0479560113321956	0.001102970141022611	5.2894048581953705e-05
rule_a_one_step	primary::FBXW7+TP53	primary::FBXW7+PTEN+TP53	same_stage_one_event	PTEN	1	0.02846991659483235	0.002442291026550067	6.95318218261879e-05
rule_a_one_step	primary::FBXW7+PTEN	primary::FBXW7+PTEN+TP53	same_stage_one_event	TP53	1	0.073997808930276	0.00015756716300323014	1.1659624821598676e-05
rule_a_one_step	primary::SMAD4+TP53	primary::FBXW7+SMAD4+TP53	same_stage_one_event	FBXW7	1	0.03277196533792106	0.003781611912077523	0.00012393085450407396
rule_a_one_step	primary::FBXW7+TP53	primary::FBXW7+SMAD4+TP53	same_stage_one_event	SMAD4	1	0.04786505426611621	0.002442291026550067	0.00011690039251946762
rule_a_one_step	primary::SOX9+TP53	primary::FBXW7+SOX9+TP53	same_stage_one_event	FBXW7	1	0.03782799948415292	0.0007090522335145356	2.6822027523625328e-05
rule_a_one_step	primary::FBXW7+TP53	primary::FBXW7+SOX9+TP53	same_stage_one_event	SOX9	1	0.01725647554976904	0.002442291026550067	4.214533538508156e-05
rule_a_one_step	primary::PTEN+SMAD4	primary::KRAS+PTEN+SMAD4	same_stage_one_event	KRAS	1	0.19780037954579643	0.00015756716300323014	3.11668446459933e-05
rule_a_one_step	primary::KRAS+SMAD4	primary::KRAS+PTEN+SMAD4	same_stage_one_event	PTEN	1	0.04001306286071451	0.0016544552115339162	6.619982037934331e-05
rule_a_one_step	primary::KRAS+PTEN	primary::KRAS+PTEN+SMAD4	same_stage_one_event	SMAD4	1	0.08435933440335758	0.0005514850705113054	4.652291348172245e-05
rule_a_one_step	primary::PTEN+SMAD4+TP53	primary::KRAS+PTEN+SMAD4+TP53	same_stage_one_event	KRAS	1	0.3548717169827256	7.878358150161507e-05	2.795806483752664e-05
rule_a_one_step	primary::KRAS+SMAD4+TP53	primary::KRAS+PTEN+SMAD4+TP53	same_stage_one_event	PTEN	1	0.05527431144589727	0.004175529819585598	0.00023079953569940558
rule_a_one_step	primary::KRAS+PTEN+TP53	primary::KRAS+PTEN+SMAD4+TP53	same_stage_one_event	SMAD4	1	0.1465097744146989	0.0007878358150161507	0.00011542564753383668
rule_a_one_step	primary::KRAS+PTEN+SMAD4	primary::KRAS+PTEN+SMAD4+TP53	same_stage_one_event	TP53	1	0.004203793080847423	0.00015756716300323014	6.62379749601737e-07
rule_a_one_step	primary::RNF43	primary::KRAS+RNF43	same_stage_one_event	KRAS	1	0.10103896182642824	0.0004727014890096904	4.77612677033459e-05
rule_a_one_step	primary::KRAS	primary::KRAS+RNF43	same_stage_one_event	RNF43	1	0.022077164291696684	0.008508626802174428	0.00018784635180833862
rule_a_one_step	primary::KRAS+TP53	primary::KRAS+TGFBR2+TP53	same_stage_one_event	TGFBR2	1	0.006279759520788707	0.014417395414795557	9.053777612103784e-05
rule_a_one_step	primary::KRAS+TGFBR2	primary::KRAS+TGFBR2+TP53	same_stage_one_event	TP53	1	0.02234100196558655	0.0003151343260064603	7.040416596734122e-06
rule_a_one_step	primary::PIK3CA	primary::NRAS+PIK3CA	same_stage_one_event	NRAS	1	0.014539515820699856	0.0018120223745371465	2.6345927982044963e-05
rule_a_one_step	primary::NRAS	primary::NRAS+PIK3CA	same_stage_one_event	PIK3CA	1	0.09885391282636366	0.0003151343260064603	3.1152261191637494e-05
rule_a_one_step	primary::PIK3CA+PTEN	primary::NRAS+PIK3CA+PTEN	same_stage_one_event	NRAS	1	0.01755786858396986	0.0003151343260064603	5.533087082319345e-06
rule_a_one_step	primary::NRAS+PTEN	primary::NRAS+PIK3CA+PTEN	same_stage_one_event	PIK3CA	1	0.13028547137424273	7.878358150161507e-05	1.026435605248899e-05
rule_a_one_step	primary::NRAS+PIK3CA	primary::NRAS+PIK3CA+PTEN	same_stage_one_event	PTEN	1	0.03785885807185205	0.00015756716300323014	5.9653128609236665e-06
rule_a_one_step	primary::PTEN+SMAD4+TP53	primary::NRAS+PTEN+SMAD4+TP53	same_stage_one_event	NRAS	1	0.02844169826877691	7.878358150161507e-05	2.24073885360253e-06
rule_a_one_step	primary::NRAS+SMAD4+TP53	primary::NRAS+PTEN+SMAD4+TP53	same_stage_one_event	PTEN	1	0.04516747562848826	0.00015756716300323014	7.116910994798435e-06
rule_a_one_step	primary::NRAS+PTEN+SMAD4	primary::NRAS+PTEN+SMAD4+TP53	same_stage_one_event	TP53	1	0.02409179763686807	7.878358150161507e-05	1.898038102644613e-06
rule_a_one_step	primary::SMAD4+TP53	primary::NRAS+SMAD4+TP53	same_stage_one_event	NRAS	1	0.027941587021124963	0.003781611912077523	0.00010566423832143688
rule_a_one_step	primary::NRAS+TP53	primary::NRAS+SMAD4+TP53	same_stage_one_event	SMAD4	1	0.10637101132656655	0.0017332387930355314	0.00018436636328562705
rule_a_one_step	primary::SMAD4	primary::PTEN+SMAD4	same_stage_one_event	PTEN	1	0.019783967886541902	0.0010241865595209958	2.026247400339122e-05
rule_a_one_step	primary::PTEN	primary::PTEN+SMAD4	same_stage_one_event	SMAD4	1	0.04760834534401352	0.0006302686520129206	3.0006047644537004e-05
rule_a_one_step	primary::TCF7L2+TP53	primary::SMAD4+TCF7L2+TP53	same_stage_one_event	SMAD4	1	0.06103651486741895	0.00015756716300323014	9.61735048726368e-06
rule_a_one_step	primary::SMAD4+TP53	primary::SMAD4+TCF7L2+TP53	same_stage_one_event	TCF7L2	1	0.008351325855738036	0.003781611912077523	3.158147333769997e-05
rule_a_one_step	primary::TP53	primary::TCF7L2+TP53	same_stage_one_event	TCF7L2	1	0.010516856725149034	0.03222248483416056	0.0003388792563291543
rule_a_one_step	primary::WT	primary::TGFBR2	same_stage_one_event	TGFBR2	1	0.0034206934549701946	0.01292050736626487	4.419709498267643e-05
rule_a_one_step	unknown::FBXW7+KRAS+TP53	unknown::APC+FBXW7+KRAS+TP53	same_stage_one_event	APC	1	0.5212526080564905	7.878358150161507e-05	4.106614732974794e-05
rule_a_one_step	unknown::APC+KRAS+TP53	unknown::APC+FBXW7+KRAS+TP53	same_stage_one_event	FBXW7	1	0.1372584334684366	0.0006302686520129206	8.650968783955668e-05
rule_a_one_step	unknown::APC+FBXW7+TP53	unknown::APC+FBXW7+KRAS+TP53	same_stage_one_event	KRAS	1	0.5543126919475929	7.878358150161507e-05	4.3670739143432834e-05
rule_a_one_step	unknown::KRAS+PIK3CA	unknown::APC+KRAS+PIK3CA	same_stage_one_event	APC	1	0.6081093133100879	7.878358150161507e-05	4.790902964705648e-05
rule_a_one_step	unknown::APC+KRAS	unknown::APC+KRAS+PIK3CA	same_stage_one_event	PIK3CA	1	0.23546513103691047	0.0002363507445048452	5.565235902550472e-05
rule_a_one_step	unknown::APC+TP53	unknown::APC+NRAS+TP53	same_stage_one_event	NRAS	1	0.05301454620848102	0.0008666193965177657	4.5943434041857025e-05
rule_a_one_step	unknown::PIK3CA+TP53	unknown::APC+PIK3CA+TP53	same_stage_one_event	APC	1	0.264215111832124	7.878358150161507e-05	2.081581279698448e-05
rule_a_one_step	unknown::APC+TP53	unknown::APC+PIK3CA+TP53	same_stage_one_event	PIK3CA	1	0.07271875407837884	0.0008666193965177657	6.301948277492849e-05
rule_a_one_step	unknown::WT	unknown::ARID1A	same_stage_one_event	ARID1A	1	0.01318124077044269	0.06452375324982274	0.0008505031269985475
rule_a_one_step	unknown::SMAD4+TP53	unknown::KRAS+SMAD4+TP53	same_stage_one_event	KRAS	1	0.3721446958971742	7.878358150161507e-05	2.931889197960878e-05
rule_a_one_step	unknown::KRAS+TP53	unknown::KRAS+SMAD4+TP53	same_stage_one_event	SMAD4	1	0.14853812281815373	0.0003151343260064603	4.680946122056369e-05
rule_a_one_step	unknown::KRAS+SMAD4	unknown::KRAS+SMAD4+TP53	same_stage_one_event	TP53	1	0.024349937162363004	7.878358150161507e-05	1.9183752589902314e-06
rule_a_one_step	unknown::PIK3CA	unknown::PIK3CA+SMAD4	same_stage_one_event	SMAD4	1	0.03390175538072067	7.878358150161507e-05	2.670901708084824e-06
rule_a_one_step	unknown::TP53	unknown::PTEN+TP53	same_stage_one_event	PTEN	1	0.025154298808884947	0.001339320885527456	3.368967775553802e-05
rule_a_one_step	metastatic::ARID1A+BRAF+FBXW7+PIK3CA+RNF43	metastatic::APC+ARID1A+BRAF+FBXW7+PIK3CA+RNF43	same_stage_one_event	APC	1	0.11153034984234744	7.878358150161507e-05	8.78676040670822e-06
rule_a_one_step	metastatic::APC+ARID1A+BRAF+FBXW7+TCF7L2	metastatic::APC+ARID1A+BRAF+FBXW7+PTEN+TCF7L2	same_stage_one_event	PTEN	1	0.03271303575212455	7.878358150161507e-05	2.5772501183427523e-06
rule_a_one_step	metastatic::APC+BRAF+PIK3CA+PTEN	metastatic::APC+ARID1A+BRAF+PIK3CA+PTEN	same_stage_one_event	ARID1A	1	0.17944247986559345	7.878358150161507e-05	1.4137121237342902e-05
rule_a_one_step	metastatic::ARID1A+BRAF+PIK3CA+RNF43+SOX9	metastatic::APC+ARID1A+BRAF+PIK3CA+RNF43+SOX9	same_stage_one_event	APC	1	0.09560280289549872	7.878358150161507e-05	7.531931213700364e-06
rule_a_one_step	metastatic::APC+BRAF+PIK3CA+RNF43+TP53	metastatic::APC+ARID1A+BRAF+PIK3CA+RNF43+TP53	same_stage_one_event	ARID1A	1	0.4705832188250257	7.878358150161507e-05	3.707423137359377e-05
rule_a_one_step	metastatic::APC+ARID1A+BRAF+RNF43+TP53	metastatic::APC+ARID1A+BRAF+PIK3CA+RNF43+TP53	same_stage_one_event	PIK3CA	1	0.06703240989219683	7.878358150161507e-05	5.281053327991557e-06
rule_a_one_step	metastatic::APC+ARID1A+BRAF+RNF43+TCF7L2	metastatic::APC+ARID1A+BRAF+PTEN+RNF43+TCF7L2	same_stage_one_event	PTEN	1	0.028532114799524742	7.878358150161507e-05	2.247862191721795e-06
rule_a_one_step	metastatic::APC+ARID1A+BRAF+TCF7L2+TP53	metastatic::APC+ARID1A+BRAF+PTEN+TCF7L2+TP53	same_stage_one_event	PTEN	1	0.052074638556549105	7.878358150161507e-05	4.102626530887033e-06
rule_a_one_step	metastatic::ARID1A+BRAF+RNF43	metastatic::APC+ARID1A+BRAF+RNF43	same_stage_one_event	APC	1	0.08805720637117066	7.878358150161507e-05	6.937462094947661e-06
rule_a_one_step	metastatic::APC+ARID1A+BRAF+RNF43+TCF7L2+TGFBR2+TP53	metastatic::APC+ARID1A+BRAF+RNF43+SOX9+TCF7L2+TGFBR2+TP53	same_stage_one_event	SOX9	1	0.28391189579805226	7.878358150161507e-05	2.2367595981883895e-05
rule_a_one_step	metastatic::APC+ARID1A+BRAF+RNF43	metastatic::APC+ARID1A+BRAF+RNF43+TCF7L2	same_stage_one_event	TCF7L2	1	0.26336661438848574	7.878358150161507e-05	2.0748965129479694e-05
rule_a_one_step	metastatic::ARID1A+BRAF+RNF43+TP53	metastatic::APC+ARID1A+BRAF+RNF43+TP53	same_stage_one_event	APC	1	0.08514867096027683	7.878358150161507e-05	6.708317258353173e-06
rule_a_one_step	metastatic::APC+ARID1A+BRAF+RNF43	metastatic::APC+ARID1A+BRAF+RNF43+TP53	same_stage_one_event	TP53	1	0.07121766667397582	7.878358150161507e-05	5.610782846764029e-06
rule_a_one_step	metastatic::APC+BRAF+SOX9+TP53	metastatic::APC+ARID1A+BRAF+SOX9+TP53	same_stage_one_event	ARID1A	1	0.12284559582795848	0.00015756716300323014	1.9356432022052863e-05
rule_a_one_step	metastatic::APC+ARID1A+SOX9+TP53	metastatic::APC+ARID1A+BRAF+SOX9+TP53	same_stage_one_event	BRAF	1	0.03325461064332057	0.00015756716300323014	5.2398346558450435e-06
rule_a_one_step	metastatic::APC+BRAF+TCF7L2+TP53	metastatic::APC+ARID1A+BRAF+TCF7L2+TP53	same_stage_one_event	ARID1A	1	0.12283946030909447	0.00015756716300323014	1.9355465265751907e-05
rule_a_one_step	metastatic::APC+ARID1A+TCF7L2+TP53	metastatic::APC+ARID1A+BRAF+TCF7L2+TP53	same_stage_one_event	BRAF	1	0.031980658641090454	0.0004727014890096904	1.511730495915408e-05
rule_a_one_step	metastatic::APC+ARID1A+FBXW7+SOX9+TP53	metastatic::APC+ARID1A+CTNNB1+FBXW7+SOX9+TP53	same_stage_one_event	CTNNB1	1	0.08340875528073591	7.878358150161507e-05	6.571240469608124e-06
rule_a_one_step	metastatic::APC+CTNNB1+KRAS	metastatic::APC+ARID1A+CTNNB1+KRAS	same_stage_one_event	ARID1A	1	0.05939142154305349	0.0003151343260064603	1.8716275598535728e-05
rule_a_one_step	metastatic::APC+ARID1A+KRAS	metastatic::APC+ARID1A+CTNNB1+KRAS	same_stage_one_event	CTNNB1	1	0.06897908895313706	0.0002363507445048452	1.6303259029339888e-05
rule_a_one_step	metastatic::APC+CTNNB1+KRAS+PIK3CA+TCF7L2	metastatic::APC+ARID1A+CTNNB1+KRAS+PIK3CA+TCF7L2	same_stage_one_event	ARID1A	1	0.16206008019727025	7.878358150161507e-05	1.2767673536379915e-05
rule_a_one_step	metastatic::APC+ARID1A+CTNNB1+KRAS+RNF43+TCF7L2	metastatic::APC+ARID1A+CTNNB1+KRAS+RNF43+TCF7L2+TGFBR2	same_stage_one_event	TGFBR2	1	0.22777968735680362	7.878358150161507e-05	1.794529956328714e-05
rule_a_one_step	metastatic::APC+CTNNB1+KRAS+SMAD4+TP53	metastatic::APC+ARID1A+CTNNB1+KRAS+SMAD4+TP53	same_stage_one_event	ARID1A	1	0.10161788951452576	0.0002363507445048452	2.4017463841769265e-05
rule_a_one_step	metastatic::APC+ARID1A+KRAS+SMAD4+TP53	metastatic::APC+ARID1A+CTNNB1+KRAS+SMAD4+TP53	same_stage_one_event	CTNNB1	1	0.09298003662393146	0.00015756716300323014	1.4650600586769318e-05
rule_a_one_step	metastatic::APC+CTNNB1+TP53	metastatic::APC+ARID1A+CTNNB1+TP53	same_stage_one_event	ARID1A	1	0.054305499171552946	0.0007878358150161507	4.278381719967931e-05
rule_a_one_step	metastatic::APC+ARID1A+TP53	metastatic::APC+ARID1A+CTNNB1+TP53	same_stage_one_event	CTNNB1	1	0.05045225368377326	0.0025210746080516822	0.00012719389568114273
rule_a_one_step	metastatic::APC+FBXW7+KRAS+PIK3CA+PTEN+SMAD4+TP53	metastatic::APC+ARID1A+FBXW7+KRAS+PIK3CA+PTEN+SMAD4+TP53	same_stage_one_event	ARID1A	1	0.28305197320120945	7.878358150161507e-05	2.229984819989045e-05
rule_a_one_step	metastatic::APC+ARID1A+FBXW7+KRAS+PIK3CA+PTEN+SMAD4	metastatic::APC+ARID1A+FBXW7+KRAS+PIK3CA+PTEN+SMAD4+TP53	same_stage_one_event	TP53	1	0.00572722526051903	7.878358150161507e-05	4.512113180902096e-07
rule_a_one_step	metastatic::APC+FBXW7+KRAS+PIK3CA+SOX9	metastatic::APC+ARID1A+FBXW7+KRAS+PIK3CA+SOX9	same_stage_one_event	ARID1A	1	0.21581209369971355	0.0002363507445048452	5.100734901907671e-05
rule_a_one_step	metastatic::APC+ARID1A+KRAS+PIK3CA+SOX9	metastatic::APC+ARID1A+FBXW7+KRAS+PIK3CA+SOX9	same_stage_one_event	FBXW7	1	0.20977961409216184	0.00015756716300323014	3.305437864841438e-05
rule_a_one_step	metastatic::APC+ARID1A+FBXW7+PIK3CA+SOX9	metastatic::APC+ARID1A+FBXW7+KRAS+PIK3CA+SOX9	same_stage_one_event	KRAS	1	0.15110787303228845	7.878358150161507e-05	1.1904819430575e-05
rule_a_one_step	metastatic::APC+ARID1A+FBXW7+KRAS+PIK3CA+TP53	metastatic::APC+ARID1A+FBXW7+KRAS+PIK3CA+TCF7L2+TP53	same_stage_one_event	TCF7L2	1	0.36355700478893177	7.878358150161507e-05	2.8642322917271866e-05
rule_a_one_step	metastatic::APC+ARID1A+FBXW7+KRAS+PIK3CA+TCF7L2	metastatic::APC+ARID1A+FBXW7+KRAS+PIK3CA+TCF7L2+TP53	same_stage_one_event	TP53	1	0.05328052096728014	0.00015756716300323014	8.395260532148452e-06
rule_a_one_step	metastatic::APC+FBXW7+KRAS+PIK3CA+TP53	metastatic::APC+ARID1A+FBXW7+KRAS+PIK3CA+TP53	same_stage_one_event	ARID1A	1	0.15546392304585635	0.001181753722524226	0.00018372006977766055
rule_a_one_step	metastatic::APC+ARID1A+KRAS+PIK3CA+TP53	metastatic::APC+ARID1A+FBXW7+KRAS+PIK3CA+TP53	same_stage_one_event	FBXW7	1	0.19494613019797244	0.0003151343260064603	6.14342173475057e-05
rule_a_one_step	metastatic::APC+ARID1A+FBXW7+KRAS+TP53	metastatic::APC+ARID1A+FBXW7+KRAS+PIK3CA+TP53	same_stage_one_event	PIK3CA	1	0.23320420458921806	0.00015756716300323014	3.674532491754795e-05
rule_a_one_step	metastatic::APC+FBXW7+NRAS+TP53	metastatic::APC+ARID1A+FBXW7+NRAS+TP53	same_stage_one_event	ARID1A	1	0.12734782769829636	0.00015756716300323014	2.006583592504473e-05
rule_a_one_step	metastatic::APC+ARID1A+NRAS+TP53	metastatic::APC+ARID1A+FBXW7+NRAS+TP53	same_stage_one_event	FBXW7	1	0.1473612289597247	7.878358150161507e-05	1.160964539192663e-05
rule_a_one_step	metastatic::APC+ARID1A+FBXW7+TP53	metastatic::APC+ARID1A+FBXW7+NRAS+TP53	same_stage_one_event	NRAS	1	0.0537632187090588	0.0003151343260064603	1.694263569181716e-05
rule_a_one_step	metastatic::APC+ARID1A+FBXW7+RNF43	metastatic::APC+ARID1A+FBXW7+RNF43+SMAD4	same_stage_one_event	SMAD4	1	0.009245308358067889	7.878358150161507e-05	7.283785045354045e-07
rule_a_one_step	metastatic::APC+FBXW7+RNF43+TP53	metastatic::APC+ARID1A+FBXW7+RNF43+TP53	same_stage_one_event	ARID1A	1	0.38463773060195117	7.878358150161507e-05	3.030313799747508e-05
rule_a_one_step	metastatic::APC+ARID1A+FBXW7+TP53	metastatic::APC+ARID1A+FBXW7+RNF43+TP53	same_stage_one_event	RNF43	1	0.017519975684712256	0.0003151343260064603	5.521145729051369e-06
rule_a_one_step	metastatic::APC+ARID1A+FBXW7+RNF43	metastatic::APC+ARID1A+FBXW7+RNF43+TP53	same_stage_one_event	TP53	1	0.15831344944443132	7.878358150161507e-05	1.2472500547107173e-05
rule_a_one_step	metastatic::APC+FBXW7+SOX9+TP53	metastatic::APC+ARID1A+FBXW7+SOX9+TP53	same_stage_one_event	ARID1A	1	0.08072669022161044	0.0003151343260064603	2.5439751113719515e-05
rule_a_one_step	metastatic::APC+ARID1A+SOX9+TP53	metastatic::APC+ARID1A+FBXW7+SOX9+TP53	same_stage_one_event	FBXW7	1	0.13714462306781136	0.00015756716300323014	2.1609489177942388e-05
rule_a_one_step	metastatic::APC+ARID1A+FBXW7+TP53	metastatic::APC+ARID1A+FBXW7+SOX9+TP53	same_stage_one_event	SOX9	1	0.1785397228011262	0.0003151343260064603	5.626399521031315e-05
rule_a_one_step	metastatic::ARID1A+KRAS+PIK3CA+SMAD4+TP53	metastatic::APC+ARID1A+KRAS+PIK3CA+SMAD4+TP53	same_stage_one_event	APC	1	0.4747907008849103	7.878358150161507e-05	3.740571187937528e-05
rule_a_one_step	metastatic::APC+KRAS+PIK3CA+SMAD4+TP53	metastatic::APC+ARID1A+KRAS+PIK3CA+SMAD4+TP53	same_stage_one_event	ARID1A	1	0.14370083865343836	0.0008666193965177657	0.00012453393407293957
rule_a_one_step	metastatic::APC+ARID1A+KRAS+SMAD4+TP53	metastatic::APC+ARID1A+KRAS+PIK3CA+SMAD4+TP53	same_stage_one_event	PIK3CA	1	0.2095521123570268	0.00015756716300323014	3.301853184543084e-05
rule_a_one_step	metastatic::APC+ARID1A+KRAS+PIK3CA+TP53	metastatic::APC+ARID1A+KRAS+PIK3CA+SMAD4+TP53	same_stage_one_event	SMAD4	1	0.06722416545417918	0.0003151343260064603	2.1184642071749527e-05
rule_a_one_step	metastatic::APC+ARID1A+KRAS+PIK3CA+TCF7L2+TGFBR2+TP53	metastatic::APC+ARID1A+KRAS+PIK3CA+SOX9+TCF7L2+TGFBR2+TP53	same_stage_one_event	SOX9	1	0.27062983887516634	7.878358150161507e-05	2.1321187967790622e-05
rule_a_one_step	metastatic::APC+KRAS+PTEN+SMAD4+TP53	metastatic::APC+ARID1A+KRAS+PTEN+SMAD4+TP53	same_stage_one_event	ARID1A	1	0.13072498873696523	0.00015756716300323014	2.0597965608912825e-05
rule_a_one_step	metastatic::APC+ARID1A+KRAS+SMAD4+TP53	metastatic::APC+ARID1A+KRAS+PTEN+SMAD4+TP53	same_stage_one_event	PTEN	1	0.029618181703249258	0.00015756716300323014	4.666852864295164e-06
rule_a_one_step	metastatic::APC+ARID1A+KRAS+PTEN+TP53	metastatic::APC+ARID1A+KRAS+PTEN+SMAD4+TP53	same_stage_one_event	SMAD4	1	0.0694495578233021	7.878358150161507e-05	5.47148489902325e-06
rule_a_one_step	metastatic::APC+KRAS+PTEN+TP53	metastatic::APC+ARID1A+KRAS+PTEN+TP53	same_stage_one_event	ARID1A	1	0.10132803083938663	0.001102970141022611	0.00011176179246446173
rule_a_one_step	metastatic::APC+ARID1A+KRAS+TP53	metastatic::APC+ARID1A+KRAS+PTEN+TP53	same_stage_one_event	PTEN	1	0.024295792666683923	0.0012605373040258411	3.0625752987232556e-05
rule_a_one_step	metastatic::APC+KRAS+RNF43+SMAD4	metastatic::APC+ARID1A+KRAS+RNF43+SMAD4	same_stage_one_event	ARID1A	1	0.3729520928609659	7.878358150161507e-05	2.9382501604109822e-05
rule_a_one_step	metastatic::APC+ARID1A+KRAS+SMAD4	metastatic::APC+ARID1A+KRAS+RNF43+SMAD4	same_stage_one_event	RNF43	1	0.007834359523169292	0.0002363507445048452	1.8516567060196862e-06
rule_a_one_step	metastatic::APC+KRAS+SMAD4+SOX9+TP53	metastatic::APC+ARID1A+KRAS+SMAD4+SOX9+TP53	same_stage_one_event	ARID1A	1	0.12325594672392623	0.00039391790750807534	4.8552724621415834e-05
rule_a_one_step	metastatic::APC+ARID1A+KRAS+SOX9+TP53	metastatic::APC+ARID1A+KRAS+SMAD4+SOX9+TP53	same_stage_one_event	SMAD4	1	0.09510645670404445	7.878358150161507e-05	7.492827283072911e-06
rule_a_one_step	metastatic::APC+ARID1A+KRAS+SMAD4+TP53	metastatic::APC+ARID1A+KRAS+SMAD4+SOX9+TP53	same_stage_one_event	SOX9	1	0.26597279406494784	0.00015756716300323014	4.1908578596856197e-05
rule_a_one_step	metastatic::APC+ARID1A+KRAS+SMAD4+SOX9	metastatic::APC+ARID1A+KRAS+SMAD4+SOX9+TP53	same_stage_one_event	TP53	1	0.028014563152133652	0.00015756716300323014	4.414175238656528e-06
rule_a_one_step	metastatic::APC+KRAS+SMAD4+TCF7L2+TP53	metastatic::APC+ARID1A+KRAS+SMAD4+TCF7L2+TP53	same_stage_one_event	ARID1A	1	0.12022243368191426	0.0005514850705113054	6.630087731611124e-05
rule_a_one_step	metastatic::APC+ARID1A+SMAD4+TCF7L2+TP53	metastatic::APC+ARID1A+KRAS+SMAD4+TCF7L2+TP53	same_stage_one_event	KRAS	1	0.2831428030289356	7.878358150161507e-05	2.230700409902589e-05
rule_a_one_step	metastatic::APC+ARID1A+KRAS+SMAD4+TP53	metastatic::APC+ARID1A+KRAS+SMAD4+TCF7L2+TP53	same_stage_one_event	TCF7L2	1	0.1890892401077779	0.00015756716300323014	2.9794255118219163e-05
rule_a_one_step	metastatic::APC+KRAS+SOX9	metastatic::APC+ARID1A+KRAS+SOX9	same_stage_one_event	ARID1A	1	0.08586249582898654	0.0009454029780193808	8.117465925690054e-05
rule_a_one_step	metastatic::APC+ARID1A+SOX9	metastatic::APC+ARID1A+KRAS+SOX9	same_stage_one_event	KRAS	1	0.08365032044022362	7.878358150161507e-05	6.590271838038575e-06
rule_a_one_step	metastatic::APC+ARID1A+KRAS	metastatic::APC+ARID1A+KRAS+SOX9	same_stage_one_event	SOX9	1	0.2218691752858342	0.0002363507445048452	5.243894476148291e-05
rule_a_one_step	metastatic::APC+ARID1A+KRAS+SOX9	metastatic::APC+ARID1A+KRAS+SOX9+TCF7L2	same_stage_one_event	TCF7L2	1	0.2861794837159907	7.878358150161507e-05	2.254624467942888e-05
rule_a_one_step	metastatic::ARID1A+KRAS+SOX9+TP53	metastatic::APC+ARID1A+KRAS+SOX9+TP53	same_stage_one_event	APC	1	0.39010225992097824	7.878358150161507e-05	3.0733653188448613e-05
rule_a_one_step	metastatic::APC+KRAS+SOX9+TP53	metastatic::APC+ARID1A+KRAS+SOX9+TP53	same_stage_one_event	ARID1A	1	0.08883054584493331	0.0027574253525565274	0.000244943599194254
rule_a_one_step	metastatic::APC+ARID1A+SOX9+TP53	metastatic::APC+ARID1A+KRAS+SOX9+TP53	same_stage_one_event	KRAS	1	0.2574609023018986	0.00015756716300323014	4.056738395996197e-05
rule_a_one_step	metastatic::APC+ARID1A+KRAS+TP53	metastatic::APC+ARID1A+KRAS+SOX9+TP53	same_stage_one_event	SOX9	1	0.21827650140975105	0.0012605373040258411	0.0002751456726192403
rule_a_one_step	metastatic::APC+ARID1A+KRAS+SOX9	metastatic::APC+ARID1A+KRAS+SOX9+TP53	same_stage_one_event	TP53	1	0.03249471687232258	7.878358150161507e-05	2.5600501750825324e-06
rule_a_one_step	metastatic::APC+NRAS	metastatic::APC+ARID1A+NRAS	same_stage_one_event	ARID1A	1	0.035925232664154816	0.0008666193965177657	3.113350345117017e-05
rule_a_one_step	metastatic::APC+ARID1A	metastatic::APC+ARID1A+NRAS	same_stage_one_event	NRAS	1	0.01057607192374195	0.0002363507445048452	2.4996624731132e-06
rule_a_one_step	metastatic::APC+NRAS+PIK3CA	metastatic::APC+ARID1A+NRAS+PIK3CA	same_stage_one_event	ARID1A	1	0.07412537336376174	0.0002363507445048452	1.7519587181224707e-05
rule_a_one_step	metastatic::APC+ARID1A+NRAS	metastatic::APC+ARID1A+NRAS+PIK3CA	same_stage_one_event	PIK3CA	1	0.10834890804943509	7.878358150161507e-05	8.536115027923666e-06
rule_a_one_step	metastatic::APC+NRAS+SMAD4+TP53	metastatic::APC+ARID1A+NRAS+SMAD4+TP53	same_stage_one_event	ARID1A	1	0.12355700198857392	0.0009454029780193808	0.00011681115763514433
rule_a_one_step	metastatic::APC+ARID1A+SMAD4+TP53	metastatic::APC+ARID1A+NRAS+SMAD4+TP53	same_stage_one_event	NRAS	1	0.06306868317530794	0.0003151343260064603	1.987510696456565e-05
rule_a_one_step	metastatic::APC+ARID1A+NRAS+TP53	metastatic::APC+ARID1A+NRAS+SMAD4+TP53	same_stage_one_event	SMAD4	1	0.060274017193131885	7.878358150161507e-05	4.748602945964854e-06
rule_a_one_step	metastatic::APC+NRAS+TCF7L2+TP53	metastatic::APC+ARID1A+NRAS+TCF7L2+TP53	same_stage_one_event	ARID1A	1	0.12654997253818356	0.00039391790750807534	4.985030037744567e-05
rule_a_one_step	metastatic::APC+ARID1A+TCF7L2+TP53	metastatic::APC+ARID1A+NRAS+TCF7L2+TP53	same_stage_one_event	NRAS	1	0.08223737729608567	0.0004727014890096904	3.8873730700111405e-05
rule_a_one_step	metastatic::APC+ARID1A+NRAS+TP53	metastatic::APC+ARID1A+NRAS+TCF7L2+TP53	same_stage_one_event	TCF7L2	1	0.2084941062151686	7.878358150161507e-05	1.6425912409609125e-05
rule_a_one_step	metastatic::APC+NRAS+TP53	metastatic::APC+ARID1A+NRAS+TP53	same_stage_one_event	ARID1A	1	0.10183466304070081	0.003624044749074293	0.00036905337586640174
rule_a_one_step	metastatic::APC+ARID1A+TP53	metastatic::APC+ARID1A+NRAS+TP53	same_stage_one_event	NRAS	1	0.056235597237753975	0.0025210746080516822	0.00014177413626472287
rule_a_one_step	metastatic::APC+ARID1A+NRAS	metastatic::APC+ARID1A+NRAS+TP53	same_stage_one_event	TP53	1	0.3721644639547222	7.878358150161507e-05	2.932044937798174e-05
rule_a_one_step	metastatic::APC+PIK3CA+PTEN+TP53	metastatic::APC+ARID1A+PIK3CA+PTEN+TP53	same_stage_one_event	ARID1A	1	0.07991851099214384	7.878358150161507e-05	6.296266524237284e-06
rule_a_one_step	metastatic::APC+ARID1A+PIK3CA+TP53	metastatic::APC+ARID1A+PIK3CA+PTEN+TP53	same_stage_one_event	PTEN	1	0.018260709549624412	0.0002363507445048452	4.315932297240466e-06
rule_a_one_step	metastatic::APC+PIK3CA+SMAD4+SOX9+TP53	metastatic::APC+ARID1A+PIK3CA+SMAD4+SOX9+TP53	same_stage_one_event	ARID1A	1	0.07972277309833647	0.00015756716300323014	1.2561691183855114e-05
rule_a_one_step	metastatic::APC+PIK3CA+TGFBR2+TP53	metastatic::APC+ARID1A+PIK3CA+TGFBR2+TP53	same_stage_one_event	ARID1A	1	0.05611246827562205	7.878358150161507e-05	4.42074121764926e-06
rule_a_one_step	metastatic::APC+ARID1A+PIK3CA+TP53	metastatic::APC+ARID1A+PIK3CA+TGFBR2+TP53	same_stage_one_event	TGFBR2	1	0.024323091043479534	0.0002363507445048452	5.74878067678552e-06
rule_a_one_step	metastatic::APC+RNF43+SMAD4+TP53	metastatic::APC+ARID1A+RNF43+SMAD4+TP53	same_stage_one_event	ARID1A	1	0.36129458973866607	7.878358150161507e-05	2.846408175676878e-05
rule_a_one_step	metastatic::APC+ARID1A+SMAD4+TP53	metastatic::APC+ARID1A+RNF43+SMAD4+TP53	same_stage_one_event	RNF43	1	0.014080758809339056	0.0003151343260064603	4.4373304370405916e-06
rule_a_one_step	metastatic::APC+ARID1A+SMAD4+TCF7L2+TP53	metastatic::APC+ARID1A+SMAD4+SOX9+TCF7L2+TP53	same_stage_one_event	SOX9	1	0.15206410280232815	7.878358150161507e-05	1.1980154636597193e-05
rule_a_one_step	metastatic::APC+SMAD4+TCF7L2+TP53	metastatic::APC+ARID1A+SMAD4+TCF7L2+TP53	same_stage_one_event	ARID1A	1	0.07684453219688106	0.0003151343260064603	2.421634986114585e-05
rule_a_one_step	metastatic::APC+ARID1A+TCF7L2+TP53	metastatic::APC+ARID1A+SMAD4+TCF7L2+TP53	same_stage_one_event	SMAD4	1	0.059788575084550655	0.0004727014890096904	2.826214846823477e-05
rule_a_one_step	metastatic::APC+ARID1A+SMAD4+TP53	metastatic::APC+ARID1A+SMAD4+TCF7L2+TP53	same_stage_one_event	TCF7L2	1	0.11462084912200911	0.0003151343260064603	3.6120964034352516e-05
rule_a_one_step	metastatic::APC+SOX9	metastatic::APC+ARID1A+SOX9	same_stage_one_event	ARID1A	1	0.03235963539786954	0.00039391790750807534	1.2747039863653015e-05
rule_a_one_step	metastatic::APC+ARID1A	metastatic::APC+ARID1A+SOX9	same_stage_one_event	SOX9	1	0.07169078647200433	0.0002363507445048452	1.694417075679611e-05
rule_a_one_step	metastatic::APC+TCF7L2	metastatic::APC+ARID1A+TCF7L2	same_stage_one_event	ARID1A	1	0.016870109051945494	0.0003151343260064603	5.316350445740328e-06
rule_a_one_step	metastatic::APC+ARID1A	metastatic::APC+ARID1A+TCF7L2	same_stage_one_event	TCF7L2	1	0.06828194276114655	0.0002363507445048452	1.6138488007834213e-05
rule_a_one_step	metastatic::APC+CTNNB1	metastatic::APC+BRAF+CTNNB1	same_stage_one_event	BRAF	1	0.0013760225684031867	7.878358150161507e-05	1.0840798616585415e-07
rule_a_one_step	metastatic::APC+BRAF	metastatic::APC+BRAF+CTNNB1	same_stage_one_event	CTNNB1	1	0.0059509327970520215	0.0002363507445048452	1.4065073970815462e-06
rule_a_one_step	metastatic::APC+CTNNB1+SMAD4+TP53	metastatic::APC+BRAF+CTNNB1+SMAD4+TP53	same_stage_one_event	BRAF	1	0.012110827862468082	7.878358150161507e-05	9.541343939547849e-07
rule_a_one_step	metastatic::APC+BRAF+SMAD4+TP53	metastatic::APC+BRAF+CTNNB1+SMAD4+TP53	same_stage_one_event	CTNNB1	1	0.023434802297482685	0.0006302686520129206	1.4770221254223705e-05
rule_a_one_step	metastatic::APC+FBXW7+KRAS+TP53	metastatic::APC+BRAF+FBXW7+KRAS+TP53	same_stage_one_event	BRAF	1	0.0083757169207236	0.003387694004569448	2.8374365996306216e-05
rule_a_one_step	metastatic::APC+BRAF+KRAS+TP53	metastatic::APC+BRAF+FBXW7+KRAS+TP53	same_stage_one_event	FBXW7	1	0.13951615058428105	0.0002363507445048452	3.297474606104492e-05
rule_a_one_step	metastatic::APC+BRAF+FBXW7+TP53	metastatic::APC+BRAF+FBXW7+KRAS+TP53	same_stage_one_event	KRAS	1	0.10083373355556655	0.00039391790750807534	3.972021332843558e-05
rule_a_one_step	metastatic::BRAF+FBXW7+PIK3CA+SMAD4+TP53	metastatic::APC+BRAF+FBXW7+PIK3CA+SMAD4+TP53	same_stage_one_event	APC	1	0.294550079574027	7.878358150161507e-05	2.3205710200427563e-05
rule_a_one_step	metastatic::APC+BRAF+PIK3CA+SMAD4+TP53	metastatic::APC+BRAF+FBXW7+PIK3CA+SMAD4+TP53	same_stage_one_event	FBXW7	1	0.20499713269680406	7.878358150161507e-05	1.6150408311416063e-05
rule_a_one_step	metastatic::APC+BRAF+FBXW7+PIK3CA+SMAD4	metastatic::APC+BRAF+FBXW7+PIK3CA+SMAD4+TP53	same_stage_one_event	TP53	1	0.4956275714131765	7.878358150161507e-05	3.9047315166877534e-05
rule_a_one_step	metastatic::APC+BRAF+PTEN+TP53	metastatic::APC+BRAF+FBXW7+PTEN+TP53	same_stage_one_event	FBXW7	1	0.18640216119783046	0.00015756716300323014	2.937085971761293e-05
rule_a_one_step	metastatic::APC+BRAF+FBXW7+TP53	metastatic::APC+BRAF+FBXW7+PTEN+TP53	same_stage_one_event	PTEN	1	0.054761474247374146	0.00039391790750807534	2.157152534758298e-05
rule_a_one_step	metastatic::APC+BRAF+FBXW7+RNF43	metastatic::APC+BRAF+FBXW7+RNF43+SMAD4	same_stage_one_event	SMAD4	1	0.01583149805384099	7.878358150161507e-05	1.247262117217442e-06
rule_a_one_step	metastatic::APC+KRAS+NRAS+PIK3CA	metastatic::APC+BRAF+KRAS+NRAS+PIK3CA	same_stage_one_event	BRAF	1	0.004284053788038201	7.878358150161507e-05	3.375131007672104e-07
rule_a_one_step	metastatic::APC+BRAF+KRAS+PIK3CA	metastatic::APC+BRAF+KRAS+NRAS+PIK3CA	same_stage_one_event	NRAS	1	0.0049530059432068944	7.878358150161507e-05	3.902155474046242e-07
rule_a_one_step	metastatic::BRAF+KRAS+PIK3CA	metastatic::APC+BRAF+KRAS+PIK3CA	same_stage_one_event	APC	1	0.3483047637479723	0.0002363507445048452	8.232209022641747e-05
rule_a_one_step	metastatic::APC+KRAS+PIK3CA	metastatic::APC+BRAF+KRAS+PIK3CA	same_stage_one_event	BRAF	1	0.005188038780982034	0.005751201449617899	2.9837456157857756e-05
rule_a_one_step	metastatic::APC+BRAF+PIK3CA	metastatic::APC+BRAF+KRAS+PIK3CA	same_stage_one_event	KRAS	1	0.02642565492898201	7.878358150161507e-05	2.0819077388310103e-06
rule_a_one_step	metastatic::APC+KRAS+PIK3CA+SMAD4	metastatic::APC+BRAF+KRAS+PIK3CA+SMAD4	same_stage_one_event	BRAF	1	0.006530711735554265	0.0012605373040258411	8.232205764505495e-06
rule_a_one_step	metastatic::APC+BRAF+KRAS+SMAD4	metastatic::APC+BRAF+KRAS+PIK3CA+SMAD4	same_stage_one_event	PIK3CA	1	0.3017423142683769	7.878358150161507e-05	2.377234020864862e-05
rule_a_one_step	metastatic::APC+BRAF+KRAS+PIK3CA	metastatic::APC+BRAF+KRAS+PIK3CA+SMAD4	same_stage_one_event	SMAD4	1	0.0899018882868246	7.878358150161507e-05	7.082792742994139e-06
rule_a_one_step	metastatic::APC+KRAS+PIK3CA+SOX9+TGFBR2	metastatic::APC+BRAF+KRAS+PIK3CA+SOX9+TGFBR2	same_stage_one_event	BRAF	1	0.00835197955842025	7.878358150161507e-05	6.579988622406248e-07
rule_a_one_step	metastatic::APC+KRAS+PIK3CA+SOX9+TP53	metastatic::APC+BRAF+KRAS+PIK3CA+SOX9+TP53	same_stage_one_event	BRAF	1	0.011331066434342915	0.0003151343260064603	3.5708079837210796e-06
rule_a_one_step	metastatic::APC+BRAF+PIK3CA+SOX9+TP53	metastatic::APC+BRAF+KRAS+PIK3CA+SOX9+TP53	same_stage_one_event	KRAS	1	0.09057056332597516	0.00015756716300323014	1.4270946714878304e-05
rule_a_one_step	metastatic::APC+KRAS+PTEN+SMAD4	metastatic::APC+BRAF+KRAS+PTEN+SMAD4	same_stage_one_event	BRAF	1	0.004199670905658219	7.878358150161507e-05	3.308651150758859e-07
rule_a_one_step	metastatic::APC+BRAF+KRAS+SMAD4	metastatic::APC+BRAF+KRAS+PTEN+SMAD4	same_stage_one_event	PTEN	1	0.043651860551378985	7.878358150161507e-05	3.439049913446702e-06
rule_a_one_step	metastatic::APC+KRAS+PTEN+TP53	metastatic::APC+BRAF+KRAS+PTEN+TP53	same_stage_one_event	BRAF	1	0.006013720906225387	0.001102970141022611	6.632954596010038e-06
rule_a_one_step	metastatic::APC+BRAF+PTEN+TP53	metastatic::APC+BRAF+KRAS+PTEN+TP53	same_stage_one_event	KRAS	1	0.08061835657617694	0.00015756716300323014	1.2702805731691002e-05
rule_a_one_step	metastatic::APC+BRAF+KRAS+TP53	metastatic::APC+BRAF+KRAS+PTEN+TP53	same_stage_one_event	PTEN	1	0.051024189831573766	0.0002363507445048452	1.2059605254449012e-05
rule_a_one_step	metastatic::APC+KRAS+SMAD4	metastatic::APC+BRAF+KRAS+SMAD4	same_stage_one_event	BRAF	1	0.003771443182507072	0.0019695895375403767	7.428195033693911e-06
rule_a_one_step	metastatic::APC+BRAF+SMAD4	metastatic::APC+BRAF+KRAS+SMAD4	same_stage_one_event	KRAS	1	0.01718776642373131	7.878358150161507e-05	1.3541137968747586e-06
rule_a_one_step	metastatic::APC+KRAS+TCF7L2	metastatic::APC+BRAF+KRAS+TCF7L2	same_stage_one_event	BRAF	1	0.0032562456142565164	0.001102970141022611	3.591541684360768e-06
rule_a_one_step	metastatic::APC+BRAF+TCF7L2	metastatic::APC+BRAF+KRAS+TCF7L2	same_stage_one_event	KRAS	1	0.01053396027263683	7.878358150161507e-05	8.29903117674059e-07
rule_a_one_step	metastatic::APC+NRAS	metastatic::APC+BRAF+NRAS	same_stage_one_event	BRAF	1	0.006015003640205288	0.0008666193965177657	5.21271882472687e-06
rule_a_one_step	metastatic::APC+BRAF	metastatic::APC+BRAF+NRAS	same_stage_one_event	NRAS	1	0.005891993120734214	0.0002363507445048452	1.3925769607029578e-06
rule_a_one_step	metastatic::BRAF+NRAS+PIK3CA+TP53	metastatic::APC+BRAF+NRAS+PIK3CA+TP53	same_stage_one_event	APC	1	0.25013055830157505	7.878358150161507e-05	1.9706181225996616e-05
rule_a_one_step	metastatic::APC+NRAS+PIK3CA+TP53	metastatic::APC+BRAF+NRAS+PIK3CA+TP53	same_stage_one_event	BRAF	1	0.0360624294453072	0.0005514850705113054	1.988789144545422e-05
rule_a_one_step	metastatic::APC+BRAF+PIK3CA+TP53	metastatic::APC+BRAF+NRAS+PIK3CA+TP53	same_stage_one_event	NRAS	1	0.053471507931741935	0.0009454029780193808	5.0552122837855766e-05
rule_a_one_step	metastatic::APC+BRAF+NRAS+TP53	metastatic::APC+BRAF+NRAS+PIK3CA+TP53	same_stage_one_event	PIK3CA	1	0.16228699261369386	0.00015756716300323014	2.5571101018465907e-05
rule_a_one_step	metastatic::APC+NRAS+SMAD4	metastatic::APC+BRAF+NRAS+SMAD4	same_stage_one_event	BRAF	1	0.008166536100927673	0.00015756716300323014	1.2867779249866342e-06
rule_a_one_step	metastatic::APC+BRAF+SMAD4	metastatic::APC+BRAF+NRAS+SMAD4	same_stage_one_event	NRAS	1	0.008073631818461904	7.878358150161507e-05	6.360696303838261e-07
rule_a_one_step	metastatic::APC+BRAF+NRAS	metastatic::APC+BRAF+NRAS+SMAD4	same_stage_one_event	SMAD4	1	0.042997667450211836	7.878358150161507e-05	3.3875102379431055e-06
rule_a_one_step	metastatic::APC+NRAS+SOX9	metastatic::APC+BRAF+NRAS+SOX9	same_stage_one_event	BRAF	1	0.013499693761991765	0.00015756716300323014	2.1271084474894455e-06
rule_a_one_step	metastatic::APC+BRAF+NRAS	metastatic::APC+BRAF+NRAS+SOX9	same_stage_one_event	SOX9	1	0.09985961204856979	7.878358150161507e-05	7.86729788454816e-06
rule_a_one_step	metastatic::APC+BRAF+TCF7L2	metastatic::APC+BRAF+NRAS+TCF7L2	same_stage_one_event	NRAS	1	0.008266832922055089	7.878358150161507e-05	6.512907052749617e-07
rule_a_one_step	metastatic::APC+BRAF+NRAS	metastatic::APC+BRAF+NRAS+TCF7L2	same_stage_one_event	TCF7L2	1	0.05110998996063615	7.878358150161507e-05	4.026628059610506e-06
rule_a_one_step	metastatic::BRAF+PIK3CA	metastatic::APC+BRAF+PIK3CA	same_stage_one_event	APC	1	0.2565199978987571	0.0003151343260064603	8.083825664500343e-05
rule_a_one_step	metastatic::APC+PIK3CA	metastatic::APC+BRAF+PIK3CA	same_stage_one_event	BRAF	1	0.006060630051982508	0.0003151343260064603	1.909912566606006e-06
rule_a_one_step	metastatic::APC+BRAF	metastatic::APC+BRAF+PIK3CA	same_stage_one_event	PIK3CA	1	0.05413127524259531	0.0002363507445048452	1.2793967204584096e-05
rule_a_one_step	metastatic::APC+PIK3CA+PTEN	metastatic::APC+BRAF+PIK3CA+PTEN	same_stage_one_event	BRAF	1	0.01453649146538318	0.0003151343260064603	4.580947440442191e-06
rule_a_one_step	metastatic::APC+BRAF+PTEN	metastatic::APC+BRAF+PIK3CA+PTEN	same_stage_one_event	PIK3CA	1	0.15134280115149462	0.0002363507445048452	3.57699837276045e-05
rule_a_one_step	metastatic::APC+BRAF+PIK3CA	metastatic::APC+BRAF+PIK3CA+PTEN	same_stage_one_event	PTEN	1	0.02082658449359872	7.878358150161507e-05	1.6407929168517073e-06
rule_a_one_step	metastatic::APC+PIK3CA+PTEN+TP53	metastatic::APC+BRAF+PIK3CA+PTEN+TP53	same_stage_one_event	BRAF	1	0.021852831703433287	7.878358150161507e-05	1.721644347548514e-06
rule_a_one_step	metastatic::APC+BRAF+PTEN+TP53	metastatic::APC+BRAF+PIK3CA+PTEN+TP53	same_stage_one_event	PIK3CA	1	0.15216391028677406	0.00015756716300323014	2.3976035655365015e-05
rule_a_one_step	metastatic::APC+BRAF+PIK3CA+TP53	metastatic::APC+BRAF+PIK3CA+PTEN+TP53	same_stage_one_event	PTEN	1	0.05367148298672571	0.0009454029780193808	5.0741179850367015e-05
rule_a_one_step	metastatic::APC+BRAF+PIK3CA+PTEN	metastatic::APC+BRAF+PIK3CA+PTEN+TP53	same_stage_one_event	TP53	1	0.1770089385404065	7.878358150161507e-05	1.3945398136012488e-05
rule_a_one_step	metastatic::APC+PIK3CA+RNF43+TP53	metastatic::APC+BRAF+PIK3CA+RNF43+TP53	same_stage_one_event	BRAF	1	0.019436841460843225	0.00015756716300323014	3.0626079667286262e-06
rule_a_one_step	metastatic::APC+BRAF+PIK3CA+TP53	metastatic::APC+BRAF+PIK3CA+RNF43+TP53	same_stage_one_event	RNF43	1	0.09856547503431093	0.0009454029780193808	9.318409362733248e-05
rule_a_one_step	metastatic::BRAF+PIK3CA+SMAD4+TP53	metastatic::APC+BRAF+PIK3CA+SMAD4+TP53	same_stage_one_event	APC	1	0.26361144643499423	0.0002363507445048452	6.230476162491001e-05
rule_a_one_step	metastatic::APC+PIK3CA+SMAD4+TP53	metastatic::APC+BRAF+PIK3CA+SMAD4+TP53	same_stage_one_event	BRAF	1	0.023699253986765843	0.00015756716300323014	3.7342242159876853e-06
rule_a_one_step	metastatic::APC+BRAF+SMAD4+TP53	metastatic::APC+BRAF+PIK3CA+SMAD4+TP53	same_stage_one_event	PIK3CA	1	0.15122458358157317	0.0006302686520129206	9.531211444517336e-05
rule_a_one_step	metastatic::APC+BRAF+PIK3CA+TP53	metastatic::APC+BRAF+PIK3CA+SMAD4+TP53	same_stage_one_event	SMAD4	1	0.09392340426521902	0.0009454029780193808	8.879546609805626e-05
rule_a_one_step	metastatic::APC+PIK3CA+SOX9	metastatic::APC+BRAF+PIK3CA+SOX9	same_stage_one_event	BRAF	1	0.014544321523656397	0.0002363507445048452	3.437561220434034e-06
rule_a_one_step	metastatic::APC+BRAF+PIK3CA	metastatic::APC+BRAF+PIK3CA+SOX9	same_stage_one_event	SOX9	1	0.07881409160775324	7.878358150161507e-05	6.209256409655184e-06
rule_a_one_step	metastatic::APC+BRAF+TCF7L2	metastatic::APC+BRAF+PIK3CA+TCF7L2	same_stage_one_event	PIK3CA	1	0.07601227589599582	7.878358150161507e-05	5.9885193331754375e-06
rule_a_one_step	metastatic::APC+BRAF+PIK3CA	metastatic::APC+BRAF+PIK3CA+TCF7L2	same_stage_one_event	TCF7L2	1	0.04690606028789865	7.878358150161507e-05	3.695427423611333e-06
rule_a_one_step	metastatic::BRAF+PTEN+SMAD4+TP53	metastatic::APC+BRAF+PTEN+SMAD4+TP53	same_stage_one_event	APC	1	0.2571061582725514	0.0002363507445048452	6.076723192449809e-05
rule_a_one_step	metastatic::APC+BRAF+SMAD4+TP53	metastatic::APC+BRAF+PTEN+SMAD4+TP53	same_stage_one_event	PTEN	1	0.052962844677960245	0.0006302686520129206	3.338082072194769e-05
rule_a_one_step	metastatic::APC+BRAF+PTEN+TP53	metastatic::APC+BRAF+PTEN+SMAD4+TP53	same_stage_one_event	SMAD4	1	0.10333982615256336	0.00015756716300323014	1.6282963232106416e-05
rule_a_one_step	metastatic::APC+BRAF+PTEN	metastatic::APC+BRAF+PTEN+TGFBR2	same_stage_one_event	TGFBR2	1	0.02143727450002745	0.0002363507445048452	5.066715788236221e-06
rule_a_one_step	metastatic::BRAF+SMAD4	metastatic::APC+BRAF+SMAD4	same_stage_one_event	APC	1	0.23426934717165998	0.0005514850705113054	0.0001291960474436004
rule_a_one_step	metastatic::APC+SMAD4	metastatic::APC+BRAF+SMAD4	same_stage_one_event	BRAF	1	0.0037564590854918868	0.0003151343260064603	1.1837892020773299e-06
rule_a_one_step	metastatic::APC+BRAF	metastatic::APC+BRAF+SMAD4	same_stage_one_event	SMAD4	1	0.01861434324529663	0.0002363507445048452	4.399513884494594e-06
rule_a_one_step	metastatic::APC+SMAD4+SOX9+TP53	metastatic::APC+BRAF+SMAD4+SOX9+TP53	same_stage_one_event	BRAF	1	0.029697392328023216	0.0007878358150161507	2.339666928860255e-05
rule_a_one_step	metastatic::APC+BRAF+SOX9+TP53	metastatic::APC+BRAF+SMAD4+SOX9+TP53	same_stage_one_event	SMAD4	1	0.1307008247370483	0.00015756716300323014	2.0594158155999103e-05
rule_a_one_step	metastatic::APC+BRAF+SMAD4+TP53	metastatic::APC+BRAF+SMAD4+SOX9+TP53	same_stage_one_event	SOX9	1	0.1531969619309744	0.0006302686520129206	9.655524268870995e-05
rule_a_one_step	metastatic::APC+TCF7L2	metastatic::APC+BRAF+TCF7L2	same_stage_one_event	BRAF	1	0.0034145756615538317	0.0003151343260064603	1.07604999970183e-06
rule_a_one_step	metastatic::APC+BRAF	metastatic::APC+BRAF+TCF7L2	same_stage_one_event	TCF7L2	1	0.022160219859431084	0.0002363507445048452	5.2375844621675925e-06
rule_a_one_step	metastatic::CTNNB1	metastatic::APC+CTNNB1	same_stage_one_event	APC	1	0.09752989629012139	0.0002363507445048452	2.305126359965053e-05
rule_a_one_step	metastatic::APC	metastatic::APC+CTNNB1	same_stage_one_event	CTNNB1	1	0.003400877852786545	0.003781611912077523	1.2860800199618227e-05
rule_a_one_step	metastatic::APC+FBXW7+KRAS+SOX9+TP53	metastatic::APC+CTNNB1+FBXW7+KRAS+SOX9+TP53	same_stage_one_event	CTNNB1	1	0.05529101460923082	0.0003151343260064603	1.7424096623093303e-05
rule_a_one_step	metastatic::APC+CTNNB1+FBXW7+KRAS+TP53	metastatic::APC+CTNNB1+FBXW7+KRAS+SOX9+TP53	same_stage_one_event	SOX9	1	0.18571615118713528	7.878358150161507e-05	1.4631383533217939e-05
rule_a_one_step	metastatic::APC+FBXW7+KRAS+TP53	metastatic::APC+CTNNB1+FBXW7+KRAS+TP53	same_stage_one_event	CTNNB1	1	0.045544500866245535	0.003387694004569448	0.00015429083252568802
rule_a_one_step	metastatic::APC+CTNNB1+KRAS+TP53	metastatic::APC+CTNNB1+FBXW7+KRAS+TP53	same_stage_one_event	FBXW7	1	0.1435238452597373	0.0008666193965177657	0.0001243805481649027
rule_a_one_step	metastatic::APC+KRAS+PIK3CA+TCF7L2	metastatic::APC+CTNNB1+KRAS+PIK3CA+TCF7L2	same_stage_one_event	CTNNB1	1	0.06841615964441927	0.0004727014890096904	3.234042053624168e-05
rule_a_one_step	metastatic::APC+CTNNB1+KRAS+PIK3CA	metastatic::APC+CTNNB1+KRAS+PIK3CA+TCF7L2	same_stage_one_event	TCF7L2	1	0.22214815055022236	0.0002363507445048452	5.250488077291949e-05
rule_a_one_step	metastatic::APC+KRAS+PIK3CA+TCF7L2+TP53	metastatic::APC+CTNNB1+KRAS+PIK3CA+TCF7L2+TP53	same_stage_one_event	CTNNB1	1	0.06654870328669137	0.0002363507445048452	1.5728835567641542e-05
rule_a_one_step	metastatic::APC+CTNNB1+KRAS+PIK3CA+TP53	metastatic::APC+CTNNB1+KRAS+PIK3CA+TCF7L2+TP53	same_stage_one_event	TCF7L2	1	0.21981046290687628	7.878358150161507e-05	1.7317455519331623e-05
rule_a_one_step	metastatic::APC+CTNNB1+KRAS+PIK3CA+TCF7L2	metastatic::APC+CTNNB1+KRAS+PIK3CA+TCF7L2+TP53	same_stage_one_event	TP53	1	0.1897349102767496	7.878358150161507e-05	1.4947995767489926e-05
rule_a_one_step	metastatic::CTNNB1+KRAS+PIK3CA+TP53	metastatic::APC+CTNNB1+KRAS+PIK3CA+TP53	same_stage_one_event	APC	1	0.3189869641471669	0.0003151343260064603	0.00010052374195136435
rule_a_one_step	metastatic::APC+KRAS+PIK3CA+TP53	metastatic::APC+CTNNB1+KRAS+PIK3CA+TP53	same_stage_one_event	CTNNB1	1	0.052351508234235886	0.005436067123611439	0.00028458631278360325
rule_a_one_step	metastatic::APC+CTNNB1+PIK3CA+TP53	metastatic::APC+CTNNB1+KRAS+PIK3CA+TP53	same_stage_one_event	KRAS	1	0.5712772666485878	0.0002363507445048452	0.0001350218072910867
rule_a_one_step	metastatic::APC+CTNNB1+KRAS+TP53	metastatic::APC+CTNNB1+KRAS+PIK3CA+TP53	same_stage_one_event	PIK3CA	1	0.2606329714600543	0.0008666193965177657	0.00022586958843934433
rule_a_one_step	metastatic::APC+CTNNB1+KRAS+PIK3CA	metastatic::APC+CTNNB1+KRAS+PIK3CA+TP53	same_stage_one_event	TP53	1	0.18391432373831182	0.0002363507445048452	4.346828734065512e-05
rule_a_one_step	metastatic::APC+KRAS+PTEN+TP53	metastatic::APC+CTNNB1+KRAS+PTEN+TP53	same_stage_one_event	CTNNB1	1	0.046872733456045854	0.001102970141022611	5.1699225430130144e-05
rule_a_one_step	metastatic::APC+CTNNB1+KRAS+TP53	metastatic::APC+CTNNB1+KRAS+PTEN+TP53	same_stage_one_event	PTEN	1	0.032501404956099836	0.0008666193965177657	2.816634794903476e-05
rule_a_one_step	metastatic::APC+KRAS+SMAD4+SOX9+TP53	metastatic::APC+CTNNB1+KRAS+SMAD4+SOX9+TP53	same_stage_one_event	CTNNB1	1	0.05863843490104182	0.00039391790750807534	2.3098729575766887e-05
rule_a_one_step	metastatic::APC+CTNNB1+KRAS+SMAD4+TP53	metastatic::APC+CTNNB1+KRAS+SMAD4+SOX9+TP53	same_stage_one_event	SOX9	1	0.19028577934390614	0.0002363507445048452	4.497418561661691e-05
rule_a_one_step	metastatic::CTNNB1+KRAS+SOX9	metastatic::APC+CTNNB1+KRAS+SOX9	same_stage_one_event	APC	1	0.28350355949630385	7.878358150161507e-05	2.233542578557503e-05
rule_a_one_step	metastatic::APC+KRAS+SOX9	metastatic::APC+CTNNB1+KRAS+SOX9	same_stage_one_event	CTNNB1	1	0.040213653594966495	0.0009454029780193808	3.80181078657211e-05
rule_a_one_step	metastatic::APC+CTNNB1+KRAS	metastatic::APC+CTNNB1+KRAS+SOX9	same_stage_one_event	SOX9	1	0.12310832741894107	0.0003151343260064603	3.879565978695063e-05
rule_a_one_step	metastatic::CTNNB1+NRAS+SMAD4+TP53	metastatic::APC+CTNNB1+NRAS+SMAD4+TP53	same_stage_one_event	APC	1	0.25004652654836523	7.878358150161507e-05	1.969956090351889e-05
rule_a_one_step	metastatic::APC+NRAS+SMAD4+TP53	metastatic::APC+CTNNB1+NRAS+SMAD4+TP53	same_stage_one_event	CTNNB1	1	0.038010341575281624	0.0009454029780193808	3.593509012080513e-05
rule_a_one_step	metastatic::APC+CTNNB1+SMAD4+TP53	metastatic::APC+CTNNB1+NRAS+SMAD4+TP53	same_stage_one_event	NRAS	1	0.06252305561130482	7.878358150161507e-05	4.925790247483244e-06
rule_a_one_step	metastatic::APC+CTNNB1+SMAD4+TP53	metastatic::APC+CTNNB1+SMAD4+TGFBR2+TP53	same_stage_one_event	TGFBR2	1	0.006715698721978075	7.878358150161507e-05	5.290867976032519e-07
rule_a_one_step	metastatic::APC+SMAD4+TP53	metastatic::APC+CTNNB1+SMAD4+TP53	same_stage_one_event	CTNNB1	1	0.016368169176742154	0.004411880564090444	7.221440746061299e-05
rule_a_one_step	metastatic::APC+CTNNB1+TP53	metastatic::APC+CTNNB1+SMAD4+TP53	same_stage_one_event	SMAD4	1	0.04353363482284039	0.0007878358150161507	3.429735667126793e-05
rule_a_one_step	metastatic::CTNNB1+SOX9+TP53	metastatic::APC+CTNNB1+SOX9+TP53	same_stage_one_event	APC	1	0.14390849532976033	0.00015756716300323014	2.267525334117393e-05
rule_a_one_step	metastatic::APC+SOX9+TP53	metastatic::APC+CTNNB1+SOX9+TP53	same_stage_one_event	CTNNB1	1	0.019490157418651188	0.0033089104230678325	6.449118502980775e-05
rule_a_one_step	metastatic::APC+CTNNB1+TP53	metastatic::APC+CTNNB1+SOX9+TP53	same_stage_one_event	SOX9	1	0.0654839077218914	0.0007878358150161507	5.1590567810518716e-05
rule_a_one_step	metastatic::FBXW7	metastatic::APC+FBXW7	same_stage_one_event	APC	1	0.2744210785297743	0.0002363507445048452	6.485962621833475e-05
rule_a_one_step	metastatic::APC	metastatic::APC+FBXW7	same_stage_one_event	FBXW7	1	0.011331501827560434	0.003781611912077523	4.2851342292830765e-05
rule_a_one_step	metastatic::APC+KRAS+PIK3CA+PTEN+SMAD4+TP53	metastatic::APC+FBXW7+KRAS+PIK3CA+PTEN+SMAD4+TP53	same_stage_one_event	FBXW7	1	0.336995577166857	7.878358150161507e-05	2.654971851940889e-05
rule_a_one_step	metastatic::APC+FBXW7+KRAS+PTEN+SMAD4+TP53	metastatic::APC+FBXW7+KRAS+PIK3CA+PTEN+SMAD4+TP53	same_stage_one_event	PIK3CA	1	0.3844116113534453	7.878358150161507e-05	3.0285323513231336e-05
rule_a_one_step	metastatic::APC+FBXW7+KRAS+PIK3CA+SMAD4+TP53	metastatic::APC+FBXW7+KRAS+PIK3CA+PTEN+SMAD4+TP53	same_stage_one_event	PTEN	1	0.08080164138297422	0.00039391790750807534	3.182921349679911e-05
rule_a_one_step	metastatic::APC+KRAS+PIK3CA+SMAD4	metastatic::APC+FBXW7+KRAS+PIK3CA+SMAD4	same_stage_one_event	FBXW7	1	0.1789109454890447	0.0012605373040258411	0.00022552392088747464
rule_a_one_step	metastatic::APC+FBXW7+KRAS+SMAD4	metastatic::APC+FBXW7+KRAS+PIK3CA+SMAD4	same_stage_one_event	PIK3CA	1	0.3172271662966371	0.00015756716300323014	4.9984584620915014e-05
rule_a_one_step	metastatic::APC+FBXW7+KRAS+PIK3CA	metastatic::APC+FBXW7+KRAS+PIK3CA+SMAD4	same_stage_one_event	SMAD4	1	0.06734255981830559	0.00039391790750807534	2.652744024986433e-05
rule_a_one_step	metastatic::APC+FBXW7+KRAS+PIK3CA+SMAD4+TCF7L2	metastatic::APC+FBXW7+KRAS+PIK3CA+SMAD4+SOX9+TCF7L2	same_stage_one_event	SOX9	1	0.2896581425437533	7.878358150161507e-05	2.2820305880702225e-05
rule_a_one_step	metastatic::APC+KRAS+PIK3CA+SMAD4+TCF7L2	metastatic::APC+FBXW7+KRAS+PIK3CA+SMAD4+TCF7L2	same_stage_one_event	FBXW7	1	0.24774068057862408	0.0002363507445048452	5.8553694298894845e-05
rule_a_one_step	metastatic::APC+FBXW7+KRAS+PIK3CA+SMAD4	metastatic::APC+FBXW7+KRAS+PIK3CA+SMAD4+TCF7L2	same_stage_one_event	TCF7L2	1	0.1781027551910041	7.878358150161507e-05	1.4031572929252668e-05
rule_a_one_step	metastatic::APC+FBXW7+KRAS+PIK3CA+SMAD4+TP53	metastatic::APC+FBXW7+KRAS+PIK3CA+SMAD4+TCF7L2+TP53	same_stage_one_event	TCF7L2	1	0.18818847804366895	0.00039391790750807534	7.413081148809146e-05
rule_a_one_step	metastatic::APC+FBXW7+KRAS+PIK3CA+SMAD4+TCF7L2	metastatic::APC+FBXW7+KRAS+PIK3CA+SMAD4+TCF7L2+TP53	same_stage_one_event	TP53	1	0.1494097598382107	7.878358150161507e-05	1.1771035991350406e-05
rule_a_one_step	metastatic::APC+FBXW7+KRAS+PIK3CA+TGFBR2+TP53	metastatic::APC+FBXW7+KRAS+PIK3CA+SOX9+TGFBR2+TP53	same_stage_one_event	SOX9	1	0.2674839292854207	7.878358150161507e-05	2.1073341943230183e-05
rule_a_one_step	metastatic::APC+FBXW7+KRAS+PIK3CA+TP53	metastatic::APC+FBXW7+KRAS+PIK3CA+TGFBR2+TP53	same_stage_one_event	TGFBR2	1	0.036333079544332944	0.001181753722524226	4.2936752002284266e-05
rule_a_one_step	metastatic::FBXW7+KRAS+PTEN+SMAD4+TP53	metastatic::APC+FBXW7+KRAS+PTEN+SMAD4+TP53	same_stage_one_event	APC	1	0.5994960093755326	7.878358150161507e-05	4.7230442714530265e-05
rule_a_one_step	metastatic::APC+KRAS+PTEN+SMAD4+TP53	metastatic::APC+FBXW7+KRAS+PTEN+SMAD4+TP53	same_stage_one_event	FBXW7	1	0.21111552039688367	0.00015756716300323014	3.326487361488753e-05
rule_a_one_step	metastatic::APC+KRAS+PTEN+SOX9	metastatic::APC+FBXW7+KRAS+PTEN+SOX9	same_stage_one_event	FBXW7	1	0.1603553842130374	7.878358150161507e-05	1.2633371481370632e-05
rule_a_one_step	metastatic::APC+FBXW7+KRAS+SOX9	metastatic::APC+FBXW7+KRAS+PTEN+SOX9	same_stage_one_event	PTEN	1	0.030816956658982705	0.0002363507445048452	7.283610649724109e-06
rule_a_one_step	metastatic::APC+FBXW7+KRAS+PTEN	metastatic::APC+FBXW7+KRAS+PTEN+SOX9	same_stage_one_event	SOX9	1	0.15525803234778748	0.0002363507445048452	3.669535153575691e-05
rule_a_one_step	metastatic::APC+KRAS+SOX9+TCF7L2+TP53	metastatic::APC+FBXW7+KRAS+SOX9+TCF7L2+TP53	same_stage_one_event	FBXW7	1	0.1822532692287605	0.00015756716300323014	2.8717130580439693e-05
rule_a_one_step	metastatic::APC+FBXW7+KRAS+TCF7L2+TP53	metastatic::APC+FBXW7+KRAS+SOX9+TCF7L2+TP53	same_stage_one_event	SOX9	1	0.14163873290731588	0.00015756716300323014	2.231761331557802e-05
rule_a_one_step	metastatic::APC+FBXW7+KRAS+SOX9+TP53	metastatic::APC+FBXW7+KRAS+SOX9+TCF7L2+TP53	same_stage_one_event	TCF7L2	1	0.14695742878658996	0.0003151343260064603	4.631133027230441e-05
rule_a_one_step	metastatic::APC+FBXW7+NRAS+PIK3CA+SMAD4	metastatic::APC+FBXW7+NRAS+PIK3CA+PTEN+SMAD4	same_stage_one_event	PTEN	1	0.024172388958246346	7.878358150161507e-05	1.9043873755807412e-06
rule_a_one_step	metastatic::APC+NRAS+TCF7L2+TP53	metastatic::APC+FBXW7+NRAS+TCF7L2+TP53	same_stage_one_event	FBXW7	1	0.1681844416144022	0.00039391790750807534	6.625086331615939e-05
rule_a_one_step	metastatic::APC+FBXW7+TCF7L2+TP53	metastatic::APC+FBXW7+NRAS+TCF7L2+TP53	same_stage_one_event	NRAS	1	0.07288082658233416	0.00039391790750807534	2.8709062704771987e-05
rule_a_one_step	metastatic::APC+FBXW7+NRAS+TP53	metastatic::APC+FBXW7+NRAS+TCF7L2+TP53	same_stage_one_event	TCF7L2	1	0.10831894151040908	0.00015756716300323014	1.7067508313307977e-05
rule_a_one_step	metastatic::FBXW7+PIK3CA	metastatic::APC+FBXW7+PIK3CA	same_stage_one_event	APC	1	0.3573956184944689	0.00015756716300323014	5.631381367595823e-05
rule_a_one_step	metastatic::APC+PIK3CA	metastatic::APC+FBXW7+PIK3CA	same_stage_one_event	FBXW7	1	0.028880485453362668	0.0003151343260064603	9.101232318084825e-06
rule_a_one_step	metastatic::APC+FBXW7	metastatic::APC+FBXW7+PIK3CA	same_stage_one_event	PIK3CA	1	0.027822246656363486	7.878358150161507e-05	2.19193623700965e-06
rule_a_one_step	metastatic::APC+PIK3CA+PTEN+TP53	metastatic::APC+FBXW7+PIK3CA+PTEN+TP53	same_stage_one_event	FBXW7	1	0.1169676225581452	7.878358150161507e-05	9.215128224859782e-06
rule_a_one_step	metastatic::APC+FBXW7+PIK3CA+TP53	metastatic::APC+FBXW7+PIK3CA+PTEN+TP53	same_stage_one_event	PTEN	1	0.017579793190993127	0.0007878358150161507	1.3849990696441447e-05
rule_a_one_step	metastatic::APC+RNF43+SMAD4+TP53	metastatic::APC+FBXW7+RNF43+SMAD4+TP53	same_stage_one_event	FBXW7	1	0.08851428543461182	7.878358150161507e-05	6.97347242059496e-06
rule_a_one_step	metastatic::APC+FBXW7+SMAD4+TP53	metastatic::APC+FBXW7+RNF43+SMAD4+TP53	same_stage_one_event	RNF43	1	0.01303249792502913	0.00015756716300323014	2.0534937248923234e-06
rule_a_one_step	metastatic::APC+FBXW7+RNF43+TP53	metastatic::APC+FBXW7+RNF43+SMAD4+TP53	same_stage_one_event	SMAD4	1	0.028593510291087976	7.878358150161507e-05	2.2526991484351987e-06
rule_a_one_step	metastatic::FBXW7+RNF43+TP53	metastatic::APC+FBXW7+RNF43+TP53	same_stage_one_event	APC	1	0.1858958401093348	7.878358150161507e-05	1.4645540070064981e-05
rule_a_one_step	metastatic::APC+RNF43+TP53	metastatic::APC+FBXW7+RNF43+TP53	same_stage_one_event	FBXW7	1	0.08879909397767881	0.0004727014890096904	4.1975463945960206e-05
rule_a_one_step	metastatic::APC+FBXW7+TP53	metastatic::APC+FBXW7+RNF43+TP53	same_stage_one_event	RNF43	1	0.01403915810301434	0.002442291026550067	3.428770985530958e-05
rule_a_one_step	metastatic::APC+SMAD4+SOX9+TP53	metastatic::APC+FBXW7+SMAD4+SOX9+TP53	same_stage_one_event	FBXW7	1	0.08953611555716808	0.0007878358150161507	7.053975857336176e-05
rule_a_one_step	metastatic::APC+FBXW7+SOX9+TP53	metastatic::APC+FBXW7+SMAD4+SOX9+TP53	same_stage_one_event	SMAD4	1	0.056309157129441484	0.0003151343260064603	1.774494827997841e-05
rule_a_one_step	metastatic::APC+FBXW7+SMAD4+TP53	metastatic::APC+FBXW7+SMAD4+SOX9+TP53	same_stage_one_event	SOX9	1	0.078594843908148	0.00015756716300323014	1.2383966581288585e-05
rule_a_one_step	metastatic::APC+FBXW7+TP53	metastatic::APC+FBXW7+TGFBR2+TP53	same_stage_one_event	TGFBR2	1	0.008936986390583162	0.002442291026550067	2.182672166612133e-05
rule_a_one_step	metastatic::APC+NRAS+PIK3CA	metastatic::APC+KRAS+NRAS+PIK3CA	same_stage_one_event	KRAS	1	0.04899196254615476	0.0002363507445048452	1.1579286822537169e-05
rule_a_one_step	metastatic::APC+KRAS+PIK3CA	metastatic::APC+KRAS+NRAS+PIK3CA	same_stage_one_event	NRAS	1	0.01092477415451683	0.005751201449617899	6.283057695420535e-05
rule_a_one_step	metastatic::APC+KRAS+NRAS	metastatic::APC+KRAS+NRAS+PIK3CA	same_stage_one_event	PIK3CA	1	0.30088122501353515	0.00015756716300323014	4.740900102631926e-05
rule_a_one_step	metastatic::APC+NRAS+PIK3CA+SMAD4+SOX9	metastatic::APC+KRAS+NRAS+PIK3CA+SMAD4+SOX9	same_stage_one_event	KRAS	1	0.08170541605230322	7.878358150161507e-05	6.437045304679999e-06
rule_a_one_step	metastatic::APC+KRAS+PIK3CA+SMAD4+SOX9	metastatic::APC+KRAS+NRAS+PIK3CA+SMAD4+SOX9	same_stage_one_event	NRAS	1	0.020712980797240717	0.0005514850705113054	1.1422899675465613e-05
rule_a_one_step	metastatic::APC+KRAS+PIK3CA+TCF7L2+TP53	metastatic::APC+KRAS+NRAS+PIK3CA+TCF7L2+TP53	same_stage_one_event	NRAS	1	0.03388996237054238	0.0002363507445048452	8.00991783751888e-06
rule_a_one_step	metastatic::APC+NRAS+PTEN+TP53	metastatic::APC+KRAS+NRAS+PTEN+TP53	same_stage_one_event	KRAS	1	0.13292400121472955	0.0002363507445048452	3.141668664966428e-05
rule_a_one_step	metastatic::APC+KRAS+PTEN+TP53	metastatic::APC+KRAS+NRAS+PTEN+TP53	same_stage_one_event	NRAS	1	0.016745911933916953	0.001102970141022611	1.8470240847304605e-05
rule_a_one_step	metastatic::APC+KRAS+NRAS+TP53	metastatic::APC+KRAS+NRAS+PTEN+TP53	same_stage_one_event	PTEN	1	0.0319315024635086	7.878358150161507e-05	2.515678126802852e-06
rule_a_one_step	metastatic::KRAS+NRAS+TP53	metastatic::APC+KRAS+NRAS+TP53	same_stage_one_event	APC	1	0.47806856789619767	0.00015756716300323014	7.532790796442098e-05
rule_a_one_step	metastatic::APC+NRAS+TP53	metastatic::APC+KRAS+NRAS+TP53	same_stage_one_event	KRAS	1	0.1555940600608067	0.003624044749074293	0.0005638798363505167
rule_a_one_step	metastatic::APC+KRAS+TP53	metastatic::APC+KRAS+NRAS+TP53	same_stage_one_event	NRAS	1	0.018560155841868493	0.03064681320412826	0.0005688096291252536
rule_a_one_step	metastatic::APC+KRAS+NRAS	metastatic::APC+KRAS+NRAS+TP53	same_stage_one_event	TP53	1	0.09028523171147587	0.00015756716300323014	1.4225987821866521e-05
rule_a_one_step	metastatic::APC+KRAS+PTEN+SMAD4+SOX9	metastatic::APC+KRAS+PIK3CA+PTEN+SMAD4+SOX9	same_stage_one_event	PIK3CA	1	0.42383284241013586	0.00015756716300323014	6.678213856616023e-05
rule_a_one_step	metastatic::APC+KRAS+PIK3CA+SMAD4+SOX9	metastatic::APC+KRAS+PIK3CA+PTEN+SMAD4+SOX9	same_stage_one_event	PTEN	1	0.05851858996006516	0.0005514850705113054	3.2272128710348706e-05
rule_a_one_step	metastatic::APC+KRAS+PIK3CA+PTEN+SMAD4	metastatic::APC+KRAS+PIK3CA+PTEN+SMAD4+SOX9	same_stage_one_event	SOX9	1	0.21413454701647008	0.0002363507445048452	5.0610859611550485e-05
rule_a_one_step	metastatic::KRAS+PIK3CA+PTEN+SMAD4+TP53	metastatic::APC+KRAS+PIK3CA+PTEN+SMAD4+TP53	same_stage_one_event	APC	1	0.6400016587479943	7.878358150161507e-05	5.0421622843141446e-05
rule_a_one_step	metastatic::APC+PIK3CA+PTEN+SMAD4+TP53	metastatic::APC+KRAS+PIK3CA+PTEN+SMAD4+TP53	same_stage_one_event	KRAS	1	0.5831840534008002	0.00015756716300323014	9.189065680308835e-05
rule_a_one_step	metastatic::APC+KRAS+PTEN+SMAD4+TP53	metastatic::APC+KRAS+PIK3CA+PTEN+SMAD4+TP53	same_stage_one_event	PIK3CA	1	0.3010828466797447	0.00015756716300323014	4.744076998026389e-05
rule_a_one_step	metastatic::APC+KRAS+PIK3CA+SMAD4+TP53	metastatic::APC+KRAS+PIK3CA+PTEN+SMAD4+TP53	same_stage_one_event	PTEN	1	0.05890180447780514	0.0008666193965177657	5.104544625036292e-05
rule_a_one_step	metastatic::APC+KRAS+PIK3CA+PTEN+TP53	metastatic::APC+KRAS+PIK3CA+PTEN+SMAD4+TP53	same_stage_one_event	SMAD4	1	0.1488383582876185	0.0004727014890096904	7.035611358431505e-05
rule_a_one_step	metastatic::APC+KRAS+PIK3CA+PTEN+SMAD4	metastatic::APC+KRAS+PIK3CA+PTEN+SMAD4+TP53	same_stage_one_event	TP53	1	0.028133610958448112	0.0002363507445048452	6.649399895638883e-06
rule_a_one_step	metastatic::APC+KRAS+PIK3CA+SOX9+TGFBR2	metastatic::APC+KRAS+PIK3CA+SMAD4+SOX9+TGFBR2	same_stage_one_event	SMAD4	1	0.10288484241226507	7.878358150161507e-05	8.105636367467508e-06
rule_a_one_step	metastatic::APC+KRAS+PIK3CA+SMAD4+TGFBR2	metastatic::APC+KRAS+PIK3CA+SMAD4+SOX9+TGFBR2	same_stage_one_event	SOX9	1	0.25202346836283684	7.878358150161507e-05	1.9855311460083265e-05
rule_a_one_step	metastatic::APC+KRAS+PIK3CA+SMAD4+SOX9	metastatic::APC+KRAS+PIK3CA+SMAD4+SOX9+TGFBR2	same_stage_one_event	TGFBR2	1	0.05575883569115858	0.0005514850705113054	3.0750165432766887e-05
rule_a_one_step	metastatic::APC+PIK3CA+SMAD4+TGFBR2	metastatic::APC+KRAS+PIK3CA+SMAD4+TGFBR2	same_stage_one_event	KRAS	1	0.20161221576803864	7.878358150161507e-05	1.5883732432682474e-05
rule_a_one_step	metastatic::APC+KRAS+SMAD4+TGFBR2	metastatic::APC+KRAS+PIK3CA+SMAD4+TGFBR2	same_stage_one_event	PIK3CA	1	0.29193490686836887	7.878358150161507e-05	2.2999677528430543e-05
rule_a_one_step	metastatic::APC+KRAS+PIK3CA+TGFBR2	metastatic::APC+KRAS+PIK3CA+SMAD4+TGFBR2	same_stage_one_event	SMAD4	1	0.07073683688260704	0.00015756716300323014	1.1145802707414644e-05
rule_a_one_step	metastatic::APC+KRAS+PIK3CA+SMAD4	metastatic::APC+KRAS+PIK3CA+SMAD4+TGFBR2	same_stage_one_event	TGFBR2	1	0.02495000245180096	0.0012605373040258411	3.145040882603131e-05
rule_a_one_step	metastatic::APC+KRAS+SOX9+TCF7L2+TP53	metastatic::APC+KRAS+PIK3CA+SOX9+TCF7L2+TP53	same_stage_one_event	PIK3CA	1	0.32478848715962094	0.00015756716300323014	5.117600049785251e-05
rule_a_one_step	metastatic::APC+KRAS+PIK3CA+TCF7L2+TP53	metastatic::APC+KRAS+PIK3CA+SOX9+TCF7L2+TP53	same_stage_one_event	SOX9	1	0.14128675653241377	0.0002363507445048452	3.3393230095110795e-05
rule_a_one_step	metastatic::APC+KRAS+PIK3CA+SOX9+TP53	metastatic::APC+KRAS+PIK3CA+SOX9+TCF7L2+TP53	same_stage_one_event	TCF7L2	1	0.16705707016689852	0.0003151343260064603	5.264541721165951e-05
rule_a_one_step	metastatic::APC+KRAS+SOX9+TGFBR2	metastatic::APC+KRAS+PIK3CA+SOX9+TGFBR2	same_stage_one_event	PIK3CA	1	0.3770577698237459	0.00015756716300323014	5.94119230794526e-05
rule_a_one_step	metastatic::APC+KRAS+PIK3CA+TGFBR2	metastatic::APC+KRAS+PIK3CA+SOX9+TGFBR2	same_stage_one_event	SOX9	1	0.20640072591789665	0.00015756716300323014	3.252197682469025e-05
rule_a_one_step	metastatic::APC+KRAS+PIK3CA+SOX9	metastatic::APC+KRAS+PIK3CA+SOX9+TGFBR2	same_stage_one_event	TGFBR2	1	0.05514271316281099	0.0005514850705113054	3.041038305677751e-05
rule_a_one_step	metastatic::APC+KRAS+SMAD4	metastatic::APC+KRAS+PTEN+SMAD4	same_stage_one_event	PTEN	1	0.021908551907438956	0.0019695895375403767	4.315085461955203e-05
rule_a_one_step	metastatic::APC+KRAS+PTEN	metastatic::APC+KRAS+PTEN+SMAD4	same_stage_one_event	SMAD4	1	0.07976530965232663	0.0004727014890096904	3.7705180643973825e-05
rule_a_one_step	metastatic::APC+KRAS+SMAD4+TCF7L2	metastatic::APC+KRAS+PTEN+SMAD4+TCF7L2	same_stage_one_event	PTEN	1	0.028009456139610464	0.00015756716300323014	4.413370541181827e-06
rule_a_one_step	metastatic::APC+KRAS+PTEN+SMAD4	metastatic::APC+KRAS+PTEN+SMAD4+TCF7L2	same_stage_one_event	TCF7L2	1	0.08763337904677333	7.878358150161507e-05	6.904071460393393e-06
rule_a_one_step	metastatic::APC+KRAS+SOX9	metastatic::APC+KRAS+PTEN+SOX9	same_stage_one_event	PTEN	1	0.025013786685439014	0.0009454029780193808	2.364810842395558e-05
rule_a_one_step	metastatic::APC+KRAS+PTEN	metastatic::APC+KRAS+PTEN+SOX9	same_stage_one_event	SOX9	1	0.12706570924444824	0.0004727014890096904	6.006414996192307e-05
rule_a_one_step	metastatic::APC+RNF43+SMAD4	metastatic::APC+KRAS+RNF43+SMAD4	same_stage_one_event	KRAS	1	0.08167625468211119	7.878358150161507e-05	6.434747867494776e-06
rule_a_one_step	metastatic::APC+KRAS+SMAD4	metastatic::APC+KRAS+RNF43+SMAD4	same_stage_one_event	RNF43	1	0.008969348596915325	0.0019695895375403767	1.766593515503688e-05
rule_a_one_step	metastatic::APC+KRAS+RNF43	metastatic::APC+KRAS+RNF43+SMAD4	same_stage_one_event	SMAD4	1	0.04035690877659892	0.0002363507445048452	9.538385435263276e-06
rule_a_one_step	metastatic::APC+KRAS+SOX9	metastatic::APC+KRAS+RNF43+SOX9	same_stage_one_event	RNF43	1	0.011950430940608015	0.0009454029780193808	1.1297972999865768e-05
rule_a_one_step	metastatic::APC+KRAS+RNF43	metastatic::APC+KRAS+RNF43+SOX9	same_stage_one_event	SOX9	1	0.12524614578009877	0.0002363507445048452	2.960201980148872e-05
rule_a_one_step	metastatic::APC+KRAS+SOX9+TCF7L2+TP53	metastatic::APC+KRAS+RNF43+SOX9+TCF7L2+TP53	same_stage_one_event	RNF43	1	0.021595410159845084	0.00015756716300323014	3.4027275127779226e-06
rule_a_one_step	metastatic::APC+KRAS+RNF43+SOX9+TP53	metastatic::APC+KRAS+RNF43+SOX9+TCF7L2+TP53	same_stage_one_event	TCF7L2	1	0.14870907437474154	7.878358150161507e-05	1.1715833481032187e-05
rule_a_one_step	metastatic::APC+RNF43+SOX9+TP53	metastatic::APC+KRAS+RNF43+SOX9+TP53	same_stage_one_event	KRAS	1	0.16752156389748504	7.878358150161507e-05	1.319794878259553e-05
rule_a_one_step	metastatic::APC+KRAS+SOX9+TP53	metastatic::APC+KRAS+RNF43+SOX9+TP53	same_stage_one_event	RNF43	1	0.01910186265784574	0.0027574253525565274	5.267196037379665e-05
rule_a_one_step	metastatic::APC+KRAS+RNF43+TP53	metastatic::APC+KRAS+RNF43+SOX9+TP53	same_stage_one_event	SOX9	1	0.11417274823832574	0.0003151343260064603	3.5979752064390055e-05
rule_a_one_step	metastatic::APC+KRAS+RNF43+SOX9	metastatic::APC+KRAS+RNF43+SOX9+TP53	same_stage_one_event	TP53	1	0.011127671028777717	7.878358150161507e-05	8.7667777741887e-07
rule_a_one_step	metastatic::APC+KRAS+SOX9+TCF7L2+TP53	metastatic::APC+KRAS+SMAD4+SOX9+TCF7L2+TP53	same_stage_one_event	SMAD4	1	0.2176432963428133	0.00015756716300323014	3.429343675140839e-05
rule_a_one_step	metastatic::APC+KRAS+SMAD4+TCF7L2+TP53	metastatic::APC+KRAS+SMAD4+SOX9+TCF7L2+TP53	same_stage_one_event	SOX9	1	0.143324428716527	0.0005514850705113054	7.904128267672647e-05
rule_a_one_step	metastatic::APC+KRAS+SMAD4+SOX9+TP53	metastatic::APC+KRAS+SMAD4+SOX9+TCF7L2+TP53	same_stage_one_event	TCF7L2	1	0.11206589047763915	0.00039391790750807534	4.414476107998076e-05
rule_a_one_step	metastatic::KRAS+SMAD4+TGFBR2	metastatic::APC+KRAS+SMAD4+TGFBR2	same_stage_one_event	APC	1	0.5553325314717994	7.878358150161507e-05	4.375108575370672e-05
rule_a_one_step	metastatic::APC+KRAS+TGFBR2	metastatic::APC+KRAS+SMAD4+TGFBR2	same_stage_one_event	SMAD4	1	0.058726201644824845	0.00015756716300323014	9.253320987130679e-06
rule_a_one_step	metastatic::APC+KRAS+SMAD4	metastatic::APC+KRAS+SMAD4+TGFBR2	same_stage_one_event	TGFBR2	1	0.014158456905467662	0.0019695895375403767	2.7886348588725407e-05
rule_a_one_step	metastatic::APC+NRAS+PIK3CA+SOX9	metastatic::APC+NRAS+PIK3CA+SMAD4+SOX9	same_stage_one_event	SMAD4	1	0.06156097588382332	7.878358150161507e-05	4.849994160862154e-06
rule_a_one_step	metastatic::APC+PIK3CA+SMAD4+SOX9+TCF7L2+TP53	metastatic::APC+NRAS+PIK3CA+SMAD4+SOX9+TCF7L2+TP53	same_stage_one_event	NRAS	1	0.11735520214505996	7.878358150161507e-05	9.245663132833842e-06
rule_a_one_step	metastatic::APC+PIK3CA+SOX9	metastatic::APC+NRAS+PIK3CA+SOX9	same_stage_one_event	NRAS	1	0.028614918028008238	0.0002363507445048452	6.7631571798648635e-06
rule_a_one_step	metastatic::APC+NRAS+SOX9	metastatic::APC+NRAS+PIK3CA+SOX9	same_stage_one_event	PIK3CA	1	0.1482618761139687	0.00015756716300323014	2.336120320081442e-05
rule_a_one_step	metastatic::APC+NRAS+PIK3CA	metastatic::APC+NRAS+PIK3CA+SOX9	same_stage_one_event	SOX9	1	0.08619514203421402	0.0002363507445048452	2.037228599248736e-05
rule_a_one_step	metastatic::APC+PTEN	metastatic::APC+NRAS+PTEN	same_stage_one_event	NRAS	1	0.017370966412517633	0.0002363507445048452	4.105640844367202e-06
rule_a_one_step	metastatic::APC+NRAS	metastatic::APC+NRAS+PTEN	same_stage_one_event	PTEN	1	0.006803818165846692	0.0008666193965177657	5.896320792902672e-06
rule_a_one_step	metastatic::APC+NRAS+SMAD4+TP53	metastatic::APC+NRAS+PTEN+SMAD4+TP53	same_stage_one_event	PTEN	1	0.03262134016521381	0.0009454029780193808	3.084031213917637e-05
rule_a_one_step	metastatic::APC+NRAS+PTEN+TP53	metastatic::APC+NRAS+PTEN+SMAD4+TP53	same_stage_one_event	SMAD4	1	0.10844528086029662	0.0002363507445048452	2.5631122869368145e-05
rule_a_one_step	metastatic::NRAS+SMAD4+TCF7L2+TP53	metastatic::APC+NRAS+SMAD4+TCF7L2+TP53	same_stage_one_event	APC	1	0.6781076444081201	7.878358150161507e-05	5.342374887009534e-05
rule_a_one_step	metastatic::APC+SMAD4+TCF7L2+TP53	metastatic::APC+NRAS+SMAD4+TCF7L2+TP53	same_stage_one_event	NRAS	1	0.082199819881526	0.0003151343260064603	2.590398483621713e-05
rule_a_one_step	metastatic::APC+NRAS+TCF7L2+TP53	metastatic::APC+NRAS+SMAD4+TCF7L2+TP53	same_stage_one_event	SMAD4	1	0.148177524937772	0.00039391790750807534	5.8369780563212796e-05
rule_a_one_step	metastatic::APC+NRAS+SMAD4+TP53	metastatic::APC+NRAS+SMAD4+TCF7L2+TP53	same_stage_one_event	TCF7L2	1	0.07594080921889677	0.0009454029780193808	7.179466718874666e-05
rule_a_one_step	metastatic::APC+PTEN+TP53	metastatic::APC+PIK3CA+PTEN+TP53	same_stage_one_event	PIK3CA	1	0.08338482744394911	0.00039391790750807534	3.2846776744642364e-05
rule_a_one_step	metastatic::APC+PIK3CA+TP53	metastatic::APC+PIK3CA+PTEN+TP53	same_stage_one_event	PTEN	1	0.014218400368357151	0.003860395493579138	5.48886487079099e-05
rule_a_one_step	metastatic::APC+PIK3CA+PTEN	metastatic::APC+PIK3CA+PTEN+TP53	same_stage_one_event	TP53	1	0.30035062845636507	0.0003151343260064603	9.465079286421338e-05
rule_a_one_step	metastatic::APC+RNF43	metastatic::APC+PIK3CA+RNF43	same_stage_one_event	PIK3CA	1	0.04543872286828625	0.00015756716300323014	7.15965065284586e-06
rule_a_one_step	metastatic::APC+PIK3CA	metastatic::APC+PIK3CA+RNF43	same_stage_one_event	RNF43	1	0.003687677199208866	0.0003151343260064603	1.1621136687020771e-06
rule_a_one_step	metastatic::APC+SMAD4	metastatic::APC+PIK3CA+SMAD4	same_stage_one_event	PIK3CA	1	0.02536684453381639	0.0003151343260064603	7.993963455074889e-06
rule_a_one_step	metastatic::APC+PIK3CA	metastatic::APC+PIK3CA+SMAD4	same_stage_one_event	SMAD4	1	0.010948050204421982	0.0003151343260064603	3.450106422255411e-06
rule_a_one_step	metastatic::APC+PIK3CA+SMAD4+TCF7L2+TP53	metastatic::APC+PIK3CA+SMAD4+SOX9+TCF7L2+TP53	same_stage_one_event	SOX9	1	0.05620811960248983	7.878358150161507e-05	4.428276971755285e-06
rule_a_one_step	metastatic::APC+PIK3CA+SMAD4+SOX9+TP53	metastatic::APC+PIK3CA+SMAD4+SOX9+TCF7L2+TP53	same_stage_one_event	TCF7L2	1	0.04588700351339917	0.00015756716300323014	7.230284962325562e-06
rule_a_one_step	metastatic::APC+SMAD4+TCF7L2+TP53	metastatic::APC+PIK3CA+SMAD4+TCF7L2+TP53	same_stage_one_event	PIK3CA	1	0.09967693874030206	0.0003151343260064603	3.141162490831232e-05
rule_a_one_step	metastatic::APC+PIK3CA+TCF7L2+TP53	metastatic::APC+PIK3CA+SMAD4+TCF7L2+TP53	same_stage_one_event	SMAD4	1	0.0619953392719423	0.0006302686520129206	3.907371891401075e-05
rule_a_one_step	metastatic::APC+PIK3CA+SMAD4+TP53	metastatic::APC+PIK3CA+SMAD4+TCF7L2+TP53	same_stage_one_event	TCF7L2	1	0.035415519161194765	0.00015756716300323014	5.580322880515996e-06
rule_a_one_step	metastatic::APC+PIK3CA+SMAD4	metastatic::APC+PIK3CA+SMAD4+TGFBR2	same_stage_one_event	TGFBR2	1	0.004186710440161847	7.878358150161507e-05	3.2984404318615354e-07
rule_a_one_step	metastatic::APC+PIK3CA+TP53	metastatic::APC+PIK3CA+TGFBR2+TP53	same_stage_one_event	TGFBR2	1	0.008156664467885084	0.003860395493579138	3.148795075446066e-05
rule_a_one_step	metastatic::APC+SMAD4	metastatic::APC+RNF43+SMAD4	same_stage_one_event	RNF43	1	0.002079004005669819	0.0003151343260064603	6.551655260914895e-07
rule_a_one_step	metastatic::APC+RNF43	metastatic::APC+RNF43+SMAD4	same_stage_one_event	SMAD4	1	0.015470367100271743	0.00015756716300323014	2.4376218546083264e-06
rule_a_one_step	metastatic::RNF43+SMAD4+TP53	metastatic::APC+RNF43+SMAD4+TP53	same_stage_one_event	APC	1	0.17897378679238632	0.0004727014890096904	8.460117551046387e-05
rule_a_one_step	metastatic::APC+SMAD4+TP53	metastatic::APC+RNF43+SMAD4+TP53	same_stage_one_event	RNF43	1	0.010992362448097787	0.004411880564090444	4.8496990238200274e-05
rule_a_one_step	metastatic::APC+RNF43+TP53	metastatic::APC+RNF43+SMAD4+TP53	same_stage_one_event	SMAD4	1	0.04024207327860558	0.0004727014890096904	1.902248795963393e-05
rule_a_one_step	metastatic::APC+RNF43+SMAD4	metastatic::APC+RNF43+SMAD4+TP53	same_stage_one_event	TP53	1	0.3303946867406051	7.878358150161507e-05	2.6029676730529044e-05
rule_a_one_step	metastatic::APC+SOX9+TP53	metastatic::APC+RNF43+SOX9+TP53	same_stage_one_event	RNF43	1	0.015226354646624099	0.0033089104230678325	5.03826435955418e-05
rule_a_one_step	metastatic::APC+RNF43+TP53	metastatic::APC+RNF43+SOX9+TP53	same_stage_one_event	SOX9	1	0.07418851817225759	0.0004727014890096904	3.506902300744864e-05
rule_a_one_step	metastatic::APC+TCF7L2+TP53	metastatic::APC+RNF43+TCF7L2+TP53	same_stage_one_event	RNF43	1	0.016202681814956828	0.0033089104230678325	5.3613222739162275e-05
rule_a_one_step	metastatic::APC+RNF43+TP53	metastatic::APC+RNF43+TCF7L2+TP53	same_stage_one_event	TCF7L2	1	0.08926500806048	0.0004727014890096904	4.219570222665091e-05
rule_a_one_step	metastatic::APC+SOX9	metastatic::APC+SMAD4+SOX9	same_stage_one_event	SMAD4	1	0.019704075209592248	0.00039391790750807534	7.76178807594432e-06
rule_a_one_step	metastatic::APC+SMAD4	metastatic::APC+SMAD4+SOX9	same_stage_one_event	SOX9	1	0.021486161664840908	0.0003151343260064603	6.771027074715484e-06
rule_a_one_step	metastatic::APC	metastatic::APC+TGFBR2	same_stage_one_event	TGFBR2	1	0.0017961972685194528	0.003781611912077523	6.792520987074272e-06
rule_a_one_step	metastatic::BRAF	metastatic::ARID1A+BRAF	same_stage_one_event	ARID1A	1	0.02845467692109169	0.002205940282045222	6.276931803281866e-05
rule_a_one_step	metastatic::ARID1A	metastatic::ARID1A+BRAF	same_stage_one_event	BRAF	1	0.08565724339097038	0.00039391790750807534	3.374192207948097e-05
rule_a_one_step	metastatic::ARID1A+BRAF+PIK3CA+RNF43	metastatic::ARID1A+BRAF+FBXW7+PIK3CA+RNF43	same_stage_one_event	FBXW7	1	0.15426535361074725	7.878358150161507e-05	1.2153577059067775e-05
rule_a_one_step	metastatic::ARID1A+BRAF+PIK3CA+RNF43+TCF7L2	metastatic::ARID1A+BRAF+FBXW7+PIK3CA+RNF43+TCF7L2	same_stage_one_event	FBXW7	1	0.17404679982706803	7.878358150161507e-05	1.3712030239271097e-05
rule_a_one_step	metastatic::ARID1A+BRAF+FBXW7+PIK3CA+RNF43	metastatic::ARID1A+BRAF+FBXW7+PIK3CA+RNF43+TCF7L2	same_stage_one_event	TCF7L2	1	0.20762051623438743	7.878358150161507e-05	1.6357087862159256e-05
rule_a_one_step	metastatic::BRAF+PIK3CA	metastatic::ARID1A+BRAF+PIK3CA	same_stage_one_event	ARID1A	1	0.04133828591282179	0.0003151343260064603	1.3027112869399447e-05
rule_a_one_step	metastatic::ARID1A+BRAF	metastatic::ARID1A+BRAF+PIK3CA	same_stage_one_event	PIK3CA	1	0.1392659028874501	7.878358150161507e-05	1.0971866610529435e-05
rule_a_one_step	metastatic::ARID1A+BRAF+RNF43	metastatic::ARID1A+BRAF+PIK3CA+RNF43	same_stage_one_event	PIK3CA	1	0.11990511470937222	7.878358150161507e-05	9.44655437716633e-06
rule_a_one_step	metastatic::ARID1A+BRAF+PIK3CA	metastatic::ARID1A+BRAF+PIK3CA+RNF43	same_stage_one_event	RNF43	1	0.20532734278476097	7.878358150161507e-05	1.617642344479327e-05
rule_a_one_step	metastatic::ARID1A+BRAF+PIK3CA+RNF43	metastatic::ARID1A+BRAF+PIK3CA+RNF43+SOX9	same_stage_one_event	SOX9	1	0.11743535184366692	7.878358150161507e-05	9.251977613146374e-06
rule_a_one_step	metastatic::ARID1A+BRAF+PIK3CA+RNF43+TCF7L2	metastatic::ARID1A+BRAF+PIK3CA+RNF43+SOX9+TCF7L2	same_stage_one_event	SOX9	1	0.08388937246160509	7.878358150161507e-05	6.609105212448207e-06
rule_a_one_step	metastatic::ARID1A+BRAF+PIK3CA+RNF43+SOX9	metastatic::ARID1A+BRAF+PIK3CA+RNF43+SOX9+TCF7L2	same_stage_one_event	TCF7L2	1	0.1666831177762544	7.878358150161507e-05	1.3131892994268843e-05
rule_a_one_step	metastatic::BRAF+PIK3CA+RNF43+SOX9+TP53	metastatic::ARID1A+BRAF+PIK3CA+RNF43+SOX9+TP53	same_stage_one_event	ARID1A	1	0.2876029142186548	7.878358150161507e-05	2.26583876324474e-05
rule_a_one_step	metastatic::ARID1A+BRAF+PIK3CA+RNF43+SOX9	metastatic::ARID1A+BRAF+PIK3CA+RNF43+SOX9+TP53	same_stage_one_event	TP53	1	0.00210786974025037	7.878358150161507e-05	1.6606552747580324e-07
rule_a_one_step	metastatic::ARID1A+BRAF+PIK3CA+RNF43	metastatic::ARID1A+BRAF+PIK3CA+RNF43+TCF7L2	same_stage_one_event	TCF7L2	1	0.17188984348408642	7.878358150161507e-05	1.3542097493428381e-05
rule_a_one_step	metastatic::BRAF+RNF43	metastatic::ARID1A+BRAF+RNF43	same_stage_one_event	ARID1A	1	0.26176879163550176	0.00015756716300323014	4.124616586078969e-05
rule_a_one_step	metastatic::ARID1A+BRAF	metastatic::ARID1A+BRAF+RNF43	same_stage_one_event	RNF43	1	0.16644249176169137	7.878358150161507e-05	1.3112935615039107e-05
rule_a_one_step	metastatic::BRAF+RNF43+TP53	metastatic::ARID1A+BRAF+RNF43+TP53	same_stage_one_event	ARID1A	1	0.2471128311464272	0.0016544552115339162	0.00040883711132710715
rule_a_one_step	metastatic::ARID1A+RNF43+TP53	metastatic::ARID1A+BRAF+RNF43+TP53	same_stage_one_event	BRAF	1	0.1708085861902928	0.0002363507445048452	4.0370736513895724e-05
rule_a_one_step	metastatic::ARID1A+BRAF+TP53	metastatic::ARID1A+BRAF+RNF43+TP53	same_stage_one_event	RNF43	1	0.2383045044860662	0.00039391790750807534	9.387241175689995e-05
rule_a_one_step	metastatic::ARID1A+BRAF+RNF43	metastatic::ARID1A+BRAF+RNF43+TP53	same_stage_one_event	TP53	1	0.016754858436569684	7.878358150161507e-05	1.3200077551855105e-06
rule_a_one_step	metastatic::CTNNB1+KRAS+PIK3CA	metastatic::ARID1A+CTNNB1+KRAS+PIK3CA	same_stage_one_event	ARID1A	1	0.044495706937004685	0.0002363507445048452	1.0516593461830462e-05
rule_a_one_step	metastatic::CTNNB1+KRAS+SOX9	metastatic::ARID1A+CTNNB1+KRAS+SOX9	same_stage_one_event	ARID1A	1	0.03071729292963058	7.878358150161507e-05	2.4200183510305354e-06
rule_a_one_step	metastatic::CTNNB1+KRAS+TP53	metastatic::ARID1A+CTNNB1+KRAS+TP53	same_stage_one_event	ARID1A	1	0.026772295339155955	0.001181753722524226	3.1638259677565534e-05
rule_a_one_step	metastatic::ARID1A+KRAS+TP53	metastatic::ARID1A+CTNNB1+KRAS+TP53	same_stage_one_event	CTNNB1	1	0.07719508622406035	0.00039391790750807534	3.0408526835287304e-05
rule_a_one_step	metastatic::CTNNB1+RNF43+TP53	metastatic::ARID1A+CTNNB1+RNF43+TP53	same_stage_one_event	ARID1A	1	0.1831920593798781	7.878358150161507e-05	1.4432526540603333e-05
rule_a_one_step	metastatic::ARID1A+RNF43+TP53	metastatic::ARID1A+CTNNB1+RNF43+TP53	same_stage_one_event	CTNNB1	1	0.0636055473452837	0.0002363507445048452	1.5033218469695983e-05
rule_a_one_step	metastatic::FBXW7+KRAS+PIK3CA	metastatic::ARID1A+FBXW7+KRAS+PIK3CA	same_stage_one_event	ARID1A	1	0.02643913085773419	0.0003151343260064603	8.33187768304867e-06
rule_a_one_step	metastatic::FBXW7+KRAS+SMAD4+TP53	metastatic::ARID1A+FBXW7+KRAS+SMAD4+TP53	same_stage_one_event	ARID1A	1	0.021523324029032353	7.878358150161507e-05	1.6956845528269405e-06
rule_a_one_step	metastatic::ARID1A+KRAS+SMAD4+TP53	metastatic::ARID1A+FBXW7+KRAS+SMAD4+TP53	same_stage_one_event	FBXW7	1	0.07265657439318751	0.00015756716300323014	1.1448290300667693e-05
rule_a_one_step	metastatic::FBXW7+TP53	metastatic::ARID1A+FBXW7+TP53	same_stage_one_event	ARID1A	1	0.01643773963469713	0.0008666193965177657	1.4245264002337386e-05
rule_a_one_step	metastatic::ARID1A+TP53	metastatic::ARID1A+FBXW7+TP53	same_stage_one_event	FBXW7	1	0.05357519751461769	0.00039391790750807534	2.1104229699290038e-05
rule_a_one_step	metastatic::KRAS	metastatic::ARID1A+KRAS	same_stage_one_event	ARID1A	1	0.017385716633105494	0.005120932797604979	8.903108651633634e-05
rule_a_one_step	metastatic::ARID1A	metastatic::ARID1A+KRAS	same_stage_one_event	KRAS	1	0.08880557406083812	0.00039391790750807534	3.498210590909876e-05
rule_a_one_step	metastatic::KRAS+PIK3CA+SMAD4+TP53	metastatic::ARID1A+KRAS+PIK3CA+SMAD4+TP53	same_stage_one_event	ARID1A	1	0.025020583690098942	0.0006302686520129206	1.5769689554935125e-05
rule_a_one_step	metastatic::ARID1A+KRAS+SMAD4+TP53	metastatic::ARID1A+KRAS+PIK3CA+SMAD4+TP53	same_stage_one_event	PIK3CA	1	0.14978513481649086	0.00015756716300323014	2.3601218753090816e-05
rule_a_one_step	metastatic::KRAS+SOX9+TP53	metastatic::ARID1A+KRAS+SOX9+TP53	same_stage_one_event	ARID1A	1	0.01669441762025079	7.878358150161507e-05	1.315246011207027e-06
rule_a_one_step	metastatic::ARID1A+KRAS+TP53	metastatic::ARID1A+KRAS+SOX9+TP53	same_stage_one_event	SOX9	1	0.056688531195734575	0.00039391790750807534	2.2330627588330017e-05
rule_a_one_step	metastatic::ARID1A+RNF43+TCF7L2	metastatic::ARID1A+RNF43+TCF7L2+TGFBR2	same_stage_one_event	TGFBR2	1	0.08641913864880164	7.878358150161507e-05	6.808409253037237e-06
rule_a_one_step	metastatic::SMAD4+TP53	metastatic::ARID1A+SMAD4+TP53	same_stage_one_event	ARID1A	1	0.015974267813027927	0.002127156700543607	3.3979770814760424e-05
rule_a_one_step	metastatic::ARID1A+TP53	metastatic::ARID1A+SMAD4+TP53	same_stage_one_event	SMAD4	1	0.052460812731228136	0.00039391790750807534	2.0665253577258386e-05
rule_a_one_step	metastatic::BRAF+CTNNB1+FBXW7+KRAS+PIK3CA+PTEN+SMAD4+TP53	metastatic::BRAF+CTNNB1+FBXW7+KRAS+NRAS+PIK3CA+PTEN+SMAD4+TP53	same_stage_one_event	NRAS	1	0.009652723048491822	0.00015756716300323014	1.5209521860067474e-06
rule_a_one_step	metastatic::BRAF+PTEN+TP53	metastatic::BRAF+CTNNB1+PTEN+TP53	same_stage_one_event	CTNNB1	1	0.02716709805185193	0.0004727014890096904	1.2841927701182666e-05
rule_a_one_step	metastatic::FBXW7	metastatic::BRAF+FBXW7	same_stage_one_event	BRAF	1	0.06604585540708928	0.0002363507445048452	1.560998709692491e-05
rule_a_one_step	metastatic::BRAF	metastatic::BRAF+FBXW7	same_stage_one_event	FBXW7	1	0.047603771819557314	0.002205940282045222	0.00010501107783405065
rule_a_one_step	metastatic::BRAF+FBXW7+PTEN	metastatic::BRAF+FBXW7+PIK3CA+PTEN	same_stage_one_event	PIK3CA	1	0.19776859583286063	7.878358150161507e-05	1.5580918288258147e-05
rule_a_one_step	metastatic::BRAF+FBXW7+PIK3CA	metastatic::BRAF+FBXW7+PIK3CA+PTEN	same_stage_one_event	PTEN	1	0.09931323675947043	0.0003151343260064603	3.129700992971573e-05
rule_a_one_step	metastatic::BRAF+PIK3CA+SMAD4+TP53	metastatic::BRAF+FBXW7+PIK3CA+SMAD4+TP53	same_stage_one_event	FBXW7	1	0.09893535218587098	0.0002363507445048452	2.338344414697967e-05
rule_a_one_step	metastatic::BRAF+FBXW7+SMAD4+TP53	metastatic::BRAF+FBXW7+PIK3CA+SMAD4+TP53	same_stage_one_event	PIK3CA	1	0.11993735839556108	7.878358150161507e-05	9.449094650245102e-06
rule_a_one_step	metastatic::BRAF+PTEN	metastatic::BRAF+FBXW7+PTEN	same_stage_one_event	FBXW7	1	0.0859743672252801	0.00015756716300323014	1.3546737134685276e-05
rule_a_one_step	metastatic::BRAF+FBXW7	metastatic::BRAF+FBXW7+PTEN	same_stage_one_event	PTEN	1	0.06753100394763718	7.878358150161507e-05	5.320334353394563e-06
rule_a_one_step	metastatic::BRAF+FBXW7+PTEN	metastatic::BRAF+FBXW7+PTEN+RNF43	same_stage_one_event	RNF43	1	0.20098393107825074	7.878358150161507e-05	1.5834233914618352e-05
rule_a_one_step	metastatic::BRAF+SMAD4+TP53	metastatic::BRAF+FBXW7+SMAD4+TP53	same_stage_one_event	FBXW7	1	0.07571663674541809	0.0014181044670290711	0.0001073741007970949
rule_a_one_step	metastatic::BRAF+FBXW7+TP53	metastatic::BRAF+FBXW7+SMAD4+TP53	same_stage_one_event	SMAD4	1	0.09360621201779683	0.0002363507445048452	2.2123897900684667e-05
rule_a_one_step	metastatic::KRAS+PIK3CA+PTEN+TP53	metastatic::BRAF+KRAS+PIK3CA+PTEN+TP53	same_stage_one_event	BRAF	1	0.032619199014567814	7.878358150161507e-05	2.569857324081605e-06
rule_a_one_step	metastatic::BRAF+KRAS+PIK3CA+TP53	metastatic::BRAF+KRAS+PIK3CA+PTEN+TP53	same_stage_one_event	PTEN	1	0.1267846928769738	7.878358150161507e-05	9.988552184430301e-06
rule_a_one_step	metastatic::KRAS+PIK3CA+SMAD4+TP53	metastatic::BRAF+KRAS+PIK3CA+SMAD4+TP53	same_stage_one_event	BRAF	1	0.038860361137412064	0.0006302686520129206	2.4492467430811985e-05
rule_a_one_step	metastatic::BRAF+PIK3CA+SMAD4+TP53	metastatic::BRAF+KRAS+PIK3CA+SMAD4+TP53	same_stage_one_event	KRAS	1	0.08350146363929473	0.0002363507445048452	1.973563309839157e-05
rule_a_one_step	metastatic::BRAF+KRAS+SMAD4+TP53	metastatic::BRAF+KRAS+PIK3CA+SMAD4+TP53	same_stage_one_event	PIK3CA	1	0.18522357927832417	7.878358150161507e-05	1.4592576954094713e-05
rule_a_one_step	metastatic::BRAF+KRAS+PIK3CA+TP53	metastatic::BRAF+KRAS+PIK3CA+SMAD4+TP53	same_stage_one_event	SMAD4	1	0.1656502311647376	7.878358150161507e-05	1.305051848772848e-05
rule_a_one_step	metastatic::KRAS+PIK3CA+TP53	metastatic::BRAF+KRAS+PIK3CA+TP53	same_stage_one_event	BRAF	1	0.032381987322702734	0.002599858189553297	8.418857493493975e-05
rule_a_one_step	metastatic::BRAF+PIK3CA+TP53	metastatic::BRAF+KRAS+PIK3CA+TP53	same_stage_one_event	KRAS	1	0.06932414881964494	7.878358150161507e-05	5.461604728562589e-06
rule_a_one_step	metastatic::BRAF+KRAS+PIK3CA	metastatic::BRAF+KRAS+PIK3CA+TP53	same_stage_one_event	TP53	1	0.006927029074657826	0.0002363507445048452	1.6372084790020862e-06
rule_a_one_step	metastatic::KRAS+SMAD4+TP53	metastatic::BRAF+KRAS+SMAD4+TP53	same_stage_one_event	BRAF	1	0.0316460651461282	0.0032301268415662176	0.00010222080445846185
rule_a_one_step	metastatic::BRAF+SMAD4+TP53	metastatic::BRAF+KRAS+SMAD4+TP53	same_stage_one_event	KRAS	1	0.07161847363836898	0.0014181044670290711	0.00010156247738837483
rule_a_one_step	metastatic::NRAS+PIK3CA+TP53	metastatic::BRAF+NRAS+PIK3CA+TP53	same_stage_one_event	BRAF	1	0.1323325637739747	0.00039391790750807534	5.212816661702305e-05
rule_a_one_step	metastatic::BRAF+PIK3CA+TP53	metastatic::BRAF+NRAS+PIK3CA+TP53	same_stage_one_event	NRAS	1	0.024582238348658077	7.878358150161507e-05	1.936676778433631e-06
rule_a_one_step	metastatic::BRAF+NRAS+TP53	metastatic::BRAF+NRAS+PIK3CA+TP53	same_stage_one_event	PIK3CA	1	0.10682509777209996	0.00015756716300323014	1.683212759349247e-05
rule_a_one_step	metastatic::NRAS+SMAD4+TP53	metastatic::BRAF+NRAS+SMAD4+TP53	same_stage_one_event	BRAF	1	0.13262848596535387	0.0003151343260064603	4.179578853394907e-05
rule_a_one_step	metastatic::BRAF+SMAD4+TP53	metastatic::BRAF+NRAS+SMAD4+TP53	same_stage_one_event	NRAS	1	0.025398767851020482	0.0014181044670290711	3.6018106146566505e-05
rule_a_one_step	metastatic::BRAF+NRAS+TP53	metastatic::BRAF+NRAS+SMAD4+TP53	same_stage_one_event	SMAD4	1	0.1438619421110952	0.00015756716300323014	2.2667918082580196e-05
rule_a_one_step	metastatic::PIK3CA+TP53	metastatic::BRAF+PIK3CA+TP53	same_stage_one_event	BRAF	1	0.11676973215989081	0.002127156700543607	0.00024838751818459406
rule_a_one_step	metastatic::BRAF+TP53	metastatic::BRAF+PIK3CA+TP53	same_stage_one_event	PIK3CA	1	0.0986272071376816	0.004884582053100134	0.00048175268593210897
rule_a_one_step	metastatic::BRAF+PIK3CA	metastatic::BRAF+PIK3CA+TP53	same_stage_one_event	TP53	1	0.1282668964383625	0.0003151343260064603	4.0421301958043806e-05
rule_a_one_step	metastatic::BRAF+RNF43+SMAD4+TP53	metastatic::BRAF+PTEN+RNF43+SMAD4+TP53	same_stage_one_event	PTEN	1	0.11493800433550347	0.0002363507445048452	2.716568289659737e-05
rule_a_one_step	metastatic::BRAF+PTEN+SMAD4+TP53	metastatic::BRAF+PTEN+RNF43+SMAD4+TP53	same_stage_one_event	RNF43	1	0.24895171773902916	0.0002363507445048452	5.883992383337962e-05
rule_a_one_step	metastatic::BRAF+PTEN+RNF43+TP53	metastatic::BRAF+PTEN+RNF43+SMAD4+TP53	same_stage_one_event	SMAD4	1	0.10756562096768699	7.878358150161507e-05	8.474404866279603e-06
rule_a_one_step	metastatic::BRAF+RNF43+TP53	metastatic::BRAF+PTEN+RNF43+TP53	same_stage_one_event	PTEN	1	0.09524743847217276	0.0016544552115339162	0.00015758262096554225
rule_a_one_step	metastatic::BRAF+PTEN+TP53	metastatic::BRAF+PTEN+RNF43+TP53	same_stage_one_event	RNF43	1	0.22951859202620195	0.0004727014890096904	0.00010849378020619332
rule_a_one_step	metastatic::SOX9	metastatic::BRAF+SOX9	same_stage_one_event	BRAF	1	0.08118114060150881	0.00039391790750807534	3.197870503486521e-05
rule_a_one_step	metastatic::BRAF	metastatic::BRAF+SOX9	same_stage_one_event	SOX9	1	0.03292673985749659	0.002205940282045222	7.263442180807567e-05
rule_a_one_step	metastatic::BRAF+TP53	metastatic::BRAF+TGFBR2+TP53	same_stage_one_event	TGFBR2	1	0.012784368338443944	0.004884582053100134	6.244629614618486e-05
rule_a_one_step	metastatic::FBXW7+PIK3CA	metastatic::CTNNB1+FBXW7+PIK3CA	same_stage_one_event	CTNNB1	1	0.022490859486366806	0.00015756716300323014	3.5438209227711034e-06
rule_a_one_step	metastatic::CTNNB1+PIK3CA	metastatic::CTNNB1+FBXW7+PIK3CA	same_stage_one_event	FBXW7	1	0.05150255494865543	7.878358150161507e-05	4.057555735338804e-06
rule_a_one_step	metastatic::KRAS+PIK3CA+PTEN	metastatic::CTNNB1+KRAS+PIK3CA+PTEN	same_stage_one_event	CTNNB1	1	0.05437219242927029	0.00015756716300323014	8.567272107345827e-06
rule_a_one_step	metastatic::CTNNB1+KRAS+PIK3CA	metastatic::CTNNB1+KRAS+PIK3CA+PTEN	same_stage_one_event	PTEN	1	0.08879446526459622	0.0002363507445048452	2.0986637973196934e-05
rule_a_one_step	metastatic::KRAS+PIK3CA+SMAD4	metastatic::CTNNB1+KRAS+PIK3CA+SMAD4	same_stage_one_event	CTNNB1	1	0.04258062825608194	0.0007090522335145356	3.0191889569427045e-05
rule_a_one_step	metastatic::CTNNB1+KRAS+SMAD4	metastatic::CTNNB1+KRAS+PIK3CA+SMAD4	same_stage_one_event	PIK3CA	1	0.301152030467732	0.0002363507445048452	7.117750661019428e-05
rule_a_one_step	metastatic::CTNNB1+KRAS+PIK3CA	metastatic::CTNNB1+KRAS+PIK3CA+SMAD4	same_stage_one_event	SMAD4	1	0.10456748872566049	0.0002363507445048452	2.4714603811311864e-05
rule_a_one_step	metastatic::KRAS+PIK3CA+SMAD4+SOX9	metastatic::CTNNB1+KRAS+PIK3CA+SMAD4+SOX9	same_stage_one_event	CTNNB1	1	0.0446104622903769	7.878358150161507e-05	3.5145719916786342e-06
rule_a_one_step	metastatic::CTNNB1+KRAS+PIK3CA+SMAD4	metastatic::CTNNB1+KRAS+PIK3CA+SMAD4+SOX9	same_stage_one_event	SOX9	1	0.08230273318337594	7.878358150161507e-05	6.484104087558177e-06
rule_a_one_step	metastatic::KRAS+SMAD4+TP53	metastatic::CTNNB1+KRAS+SMAD4+TP53	same_stage_one_event	CTNNB1	1	0.032259382834082806	0.0032301268415662176	0.00010420189838473135
rule_a_one_step	metastatic::CTNNB1+KRAS+TP53	metastatic::CTNNB1+KRAS+SMAD4+TP53	same_stage_one_event	SMAD4	1	0.17142712621303108	0.001181753722524226	0.00020258464454387979
rule_a_one_step	metastatic::CTNNB1+KRAS+SMAD4	metastatic::CTNNB1+KRAS+SMAD4+TP53	same_stage_one_event	TP53	1	0.041194465756117335	0.0002363507445048452	9.736342650937683e-06
rule_a_one_step	metastatic::KRAS+SOX9	metastatic::CTNNB1+KRAS+SOX9	same_stage_one_event	CTNNB1	1	0.028911734089755788	7.878358150161507e-05	2.277769959013298e-06
rule_a_one_step	metastatic::CTNNB1+KRAS	metastatic::CTNNB1+KRAS+SOX9	same_stage_one_event	SOX9	1	0.0506944923927788	0.0004727014890096904	2.3963362038656962e-05
rule_a_one_step	metastatic::KRAS+TCF7L2+TP53	metastatic::CTNNB1+KRAS+TCF7L2+TP53	same_stage_one_event	CTNNB1	1	0.01741443337935415	7.878358150161507e-05	1.3719714314467935e-06
rule_a_one_step	metastatic::CTNNB1+KRAS+TP53	metastatic::CTNNB1+KRAS+TCF7L2+TP53	same_stage_one_event	TCF7L2	1	0.044404943954949684	0.001181753722524226	5.247570781724142e-05
rule_a_one_step	metastatic::KRAS+TGFBR2	metastatic::CTNNB1+KRAS+TGFBR2	same_stage_one_event	CTNNB1	1	0.029242277551486232	7.878358150161507e-05	2.303811356770364e-06
rule_a_one_step	metastatic::CTNNB1+KRAS	metastatic::CTNNB1+KRAS+TGFBR2	same_stage_one_event	TGFBR2	1	0.011591113358542493	0.0004727014890096904	5.479136543863149e-06
rule_a_one_step	metastatic::KRAS+TGFBR2+TP53	metastatic::CTNNB1+KRAS+TGFBR2+TP53	same_stage_one_event	CTNNB1	1	0.02786928599947121	0.00015756716300323014	4.39128432986232e-06
rule_a_one_step	metastatic::CTNNB1+KRAS+TP53	metastatic::CTNNB1+KRAS+TGFBR2+TP53	same_stage_one_event	TGFBR2	1	0.010374692957974671	0.001181753722524226	1.2260332023132442e-05
rule_a_one_step	metastatic::CTNNB1+KRAS+TGFBR2	metastatic::CTNNB1+KRAS+TGFBR2+TP53	same_stage_one_event	TP53	1	0.03626533422344216	7.878358150161507e-05	2.8571129144758654e-06
rule_a_one_step	metastatic::NRAS+SMAD4+TP53	metastatic::CTNNB1+NRAS+SMAD4+TP53	same_stage_one_event	CTNNB1	1	0.02626614372053861	0.0003151343260064603	8.277363498160754e-06
rule_a_one_step	metastatic::CTNNB1+NRAS+TP53	metastatic::CTNNB1+NRAS+SMAD4+TP53	same_stage_one_event	SMAD4	1	0.12134129769354157	7.878358150161507e-05	9.55970201635087e-06
rule_a_one_step	metastatic::NRAS+TP53	metastatic::CTNNB1+NRAS+TP53	same_stage_one_event	CTNNB1	1	0.02250569045407264	0.0014181044670290711	3.191542016649393e-05
rule_a_one_step	metastatic::CTNNB1+TP53	metastatic::CTNNB1+NRAS+TP53	same_stage_one_event	NRAS	1	0.03585496651909625	0.001181753722524226	4.237174015492348e-05
rule_a_one_step	metastatic::CTNNB1+NRAS	metastatic::CTNNB1+NRAS+TP53	same_stage_one_event	TP53	1	0.23822621952660938	0.00015756716300323014	3.7536629563792545e-05
rule_a_one_step	metastatic::PIK3CA	metastatic::CTNNB1+PIK3CA	same_stage_one_event	CTNNB1	1	0.019390744093012054	0.001181753722524226	2.2915084014431642e-05
rule_a_one_step	metastatic::CTNNB1	metastatic::CTNNB1+PIK3CA	same_stage_one_event	PIK3CA	1	0.07459707627004511	0.0002363507445048452	1.763107451430988e-05
rule_a_one_step	metastatic::CTNNB1+PIK3CA	metastatic::CTNNB1+PIK3CA+TCF7L2	same_stage_one_event	TCF7L2	1	0.031803077720928094	7.878358150161507e-05	2.505560365628937e-06
rule_a_one_step	metastatic::RNF43+TP53	metastatic::CTNNB1+RNF43+TP53	same_stage_one_event	CTNNB1	1	0.019598753189450233	0.0010241865595209958	2.007277960000418e-05
rule_a_one_step	metastatic::CTNNB1+TP53	metastatic::CTNNB1+RNF43+TP53	same_stage_one_event	RNF43	1	0.04400912082442785	0.001181753722524226	5.200794235928605e-05
rule_a_one_step	metastatic::KRAS+PTEN+SMAD4+TP53	metastatic::FBXW7+KRAS+PTEN+SMAD4+TP53	same_stage_one_event	FBXW7	1	0.0800127048537842	0.0004727014890096904	3.782212472407667e-05
rule_a_one_step	metastatic::FBXW7+KRAS+SMAD4+TP53	metastatic::FBXW7+KRAS+PTEN+SMAD4+TP53	same_stage_one_event	PTEN	1	0.059319027851324486	7.878358150161507e-05	4.673365465321397e-06
rule_a_one_step	metastatic::KRAS+RNF43+TP53	metastatic::FBXW7+KRAS+RNF43+TP53	same_stage_one_event	FBXW7	1	0.08697398290833615	0.0007090522335145356	6.166909683881078e-05
rule_a_one_step	metastatic::FBXW7+RNF43+TP53	metastatic::FBXW7+KRAS+RNF43+TP53	same_stage_one_event	KRAS	1	0.19888864220891864	7.878358150161507e-05	1.5669159553211902e-05
rule_a_one_step	metastatic::FBXW7+KRAS+TP53	metastatic::FBXW7+KRAS+RNF43+TP53	same_stage_one_event	RNF43	1	0.03622271314897213	0.0006302686520129206	2.2830040588653356e-05
rule_a_one_step	metastatic::KRAS+SMAD4+TP53	metastatic::FBXW7+KRAS+SMAD4+TP53	same_stage_one_event	FBXW7	1	0.05584703110380747	0.0032301268415662176	0.00018039299419019193
rule_a_one_step	metastatic::FBXW7+KRAS+TP53	metastatic::FBXW7+KRAS+SMAD4+TP53	same_stage_one_event	SMAD4	1	0.10271490265235504	0.0006302686520129206	6.473798323633817e-05
rule_a_one_step	metastatic::KRAS+SOX9+TP53	metastatic::FBXW7+KRAS+SOX9+TP53	same_stage_one_event	FBXW7	1	0.051508760199678295	7.878358150161507e-05	4.058044607238501e-06
rule_a_one_step	metastatic::FBXW7+SOX9+TP53	metastatic::FBXW7+KRAS+SOX9+TP53	same_stage_one_event	KRAS	1	0.25312266833219277	7.878358150161507e-05	1.994191037045559e-05
rule_a_one_step	metastatic::FBXW7+KRAS+TP53	metastatic::FBXW7+KRAS+SOX9+TP53	same_stage_one_event	SOX9	1	0.02990836580312108	0.0006302686520129206	1.885030539864245e-05
rule_a_one_step	metastatic::PIK3CA+PTEN+SMAD4+TP53	metastatic::FBXW7+PIK3CA+PTEN+SMAD4+TP53	same_stage_one_event	FBXW7	1	0.05923878817815731	7.878358150161507e-05	4.667043896490768e-06
rule_a_one_step	metastatic::PTEN+TP53	metastatic::FBXW7+PTEN+TP53	same_stage_one_event	FBXW7	1	0.0479560113321956	0.0005514850705113054	2.6447024290976853e-05
rule_a_one_step	metastatic::FBXW7+TP53	metastatic::FBXW7+PTEN+TP53	same_stage_one_event	PTEN	1	0.02846991659483235	0.0008666193965177657	2.4672581938324735e-05
rule_a_one_step	metastatic::RNF43+TP53	metastatic::FBXW7+RNF43+TP53	same_stage_one_event	FBXW7	1	0.06441650333558807	0.0010241865595209958	6.597451692764869e-05
rule_a_one_step	metastatic::FBXW7+TP53	metastatic::FBXW7+RNF43+TP53	same_stage_one_event	RNF43	1	0.035077486335068304	0.0008666193965177657	3.0398830039057065e-05
rule_a_one_step	metastatic::SOX9+TP53	metastatic::FBXW7+SOX9+TP53	same_stage_one_event	FBXW7	1	0.03782799948415292	0.0005514850705113054	2.08615769628197e-05
rule_a_one_step	metastatic::FBXW7+TP53	metastatic::FBXW7+SOX9+TP53	same_stage_one_event	SOX9	1	0.01725647554976904	0.0008666193965177657	1.4954796426964423e-05
rule_a_one_step	metastatic::KRAS+PIK3CA+PTEN+SMAD4+TP53	metastatic::KRAS+NRAS+PIK3CA+PTEN+SMAD4+TP53	same_stage_one_event	NRAS	1	0.01015330338839154	7.878358150161507e-05	7.999136050099693e-07
rule_a_one_step	metastatic::KRAS+PIK3CA+SMAD4	metastatic::KRAS+PIK3CA+PTEN+SMAD4	same_stage_one_event	PTEN	1	0.05356410681642914	0.0007090522335145356	3.797974957440024e-05
rule_a_one_step	metastatic::KRAS+PIK3CA+PTEN	metastatic::KRAS+PIK3CA+PTEN+SMAD4	same_stage_one_event	SMAD4	1	0.0800184552309519	0.00015756716300323014	1.2608280978642072e-05
rule_a_one_step	metastatic::PIK3CA+PTEN+SMAD4+TP53	metastatic::KRAS+PIK3CA+PTEN+SMAD4+TP53	same_stage_one_event	KRAS	1	0.388732416798271	7.878358150161507e-05	3.062573204114638e-05
rule_a_one_step	metastatic::KRAS+PTEN+SMAD4+TP53	metastatic::KRAS+PIK3CA+PTEN+SMAD4+TP53	same_stage_one_event	PIK3CA	1	0.165820837975332	0.0004727014890096904	7.838375701977405e-05
rule_a_one_step	metastatic::KRAS+PIK3CA+SMAD4+TP53	metastatic::KRAS+PIK3CA+PTEN+SMAD4+TP53	same_stage_one_event	PTEN	1	0.0693516228233305	0.0006302686520129206	4.371015383176901e-05
rule_a_one_step	metastatic::KRAS+PIK3CA+PTEN+TP53	metastatic::KRAS+PIK3CA+PTEN+SMAD4+TP53	same_stage_one_event	SMAD4	1	0.13200014082778722	7.878358150161507e-05	1.0399443853130641e-05
rule_a_one_step	metastatic::KRAS+PIK3CA+PTEN+SMAD4	metastatic::KRAS+PIK3CA+PTEN+SMAD4+TP53	same_stage_one_event	TP53	1	0.0021117558030017206	7.878358150161507e-05	1.6637168541729462e-07
rule_a_one_step	metastatic::KRAS+PTEN+TP53	metastatic::KRAS+PIK3CA+PTEN+TP53	same_stage_one_event	PIK3CA	1	0.15093683885503437	0.0010241865595209958	0.0001545874816919126
rule_a_one_step	metastatic::KRAS+PIK3CA+TP53	metastatic::KRAS+PIK3CA+PTEN+TP53	same_stage_one_event	PTEN	1	0.05771365926168338	0.002599858189553297	0.00015004732968057602
rule_a_one_step	metastatic::KRAS+PIK3CA+PTEN	metastatic::KRAS+PIK3CA+PTEN+TP53	same_stage_one_event	TP53	1	0.00270159575130298	0.00015756716300323014	4.2568277811439064e-07
rule_a_one_step	metastatic::KRAS+RNF43	metastatic::KRAS+PIK3CA+RNF43	same_stage_one_event	PIK3CA	1	0.16041977287997555	7.878358150161507e-05	1.2638444251160132e-05
rule_a_one_step	metastatic::KRAS+PIK3CA	metastatic::KRAS+PIK3CA+RNF43	same_stage_one_event	RNF43	1	0.02816982189798106	0.0022847238635468367	6.436026432218157e-05
rule_a_one_step	metastatic::PIK3CA+RNF43+SMAD4+TP53	metastatic::KRAS+PIK3CA+RNF43+SMAD4+TP53	same_stage_one_event	KRAS	1	0.24112704088017087	7.878358150161507e-05	1.899685187742621e-05
rule_a_one_step	metastatic::KRAS+RNF43+SMAD4+TP53	metastatic::KRAS+PIK3CA+RNF43+SMAD4+TP53	same_stage_one_event	PIK3CA	1	0.13158180122601265	0.0003151343260064603	4.1465942244075526e-05
rule_a_one_step	metastatic::KRAS+PIK3CA+SMAD4+TP53	metastatic::KRAS+PIK3CA+RNF43+SMAD4+TP53	same_stage_one_event	RNF43	1	0.03998252220029332	0.0006302686520129206	2.5199730371255544e-05
rule_a_one_step	metastatic::KRAS+PIK3CA+RNF43+TP53	metastatic::KRAS+PIK3CA+RNF43+SMAD4+TP53	same_stage_one_event	SMAD4	1	0.11524883003398664	7.878358150161507e-05	9.07971559394837e-06
rule_a_one_step	metastatic::KRAS+RNF43+TP53	metastatic::KRAS+PIK3CA+RNF43+TP53	same_stage_one_event	PIK3CA	1	0.12038828105956201	0.0007090522335145356	8.53615795742581e-05
rule_a_one_step	metastatic::KRAS+PIK3CA+TP53	metastatic::KRAS+PIK3CA+RNF43+TP53	same_stage_one_event	RNF43	1	0.038536882531816426	0.002599858189553297	0.00010019042965019634
rule_a_one_step	metastatic::KRAS+PIK3CA+RNF43	metastatic::KRAS+PIK3CA+RNF43+TP53	same_stage_one_event	TP53	1	0.002821484119254132	7.878358150161507e-05	2.2228662406477054e-07
rule_a_one_step	metastatic::KRAS+SMAD4+SOX9	metastatic::KRAS+PIK3CA+SMAD4+SOX9	same_stage_one_event	PIK3CA	1	0.18638049076398067	0.0002363507445048452	4.405116775324526e-05
rule_a_one_step	metastatic::KRAS+PIK3CA+SOX9	metastatic::KRAS+PIK3CA+SMAD4+SOX9	same_stage_one_event	SMAD4	1	0.08253947492584734	7.878358150161507e-05	6.502755449921008e-06
rule_a_one_step	metastatic::KRAS+PIK3CA+SMAD4	metastatic::KRAS+PIK3CA+SMAD4+SOX9	same_stage_one_event	SOX9	1	0.04135751683960451	0.0007090522335145356	2.932463968773659e-05
rule_a_one_step	metastatic::KRAS+PIK3CA+SOX9+TP53	metastatic::KRAS+PIK3CA+SMAD4+SOX9+TP53	same_stage_one_event	SMAD4	1	0.13435687192701276	7.878358150161507e-05	1.0585115569763868e-05
rule_a_one_step	metastatic::KRAS+PIK3CA+SMAD4+TP53	metastatic::KRAS+PIK3CA+SMAD4+SOX9+TP53	same_stage_one_event	SOX9	1	0.034715660178082676	0.0006302686520129206	2.1880192344178793e-05
rule_a_one_step	metastatic::KRAS+PIK3CA+SMAD4+SOX9	metastatic::KRAS+PIK3CA+SMAD4+SOX9+TP53	same_stage_one_event	TP53	1	0.0035588201596350373	7.878358150161507e-05	2.803765980961977e-07
rule_a_one_step	metastatic::KRAS+SOX9	metastatic::KRAS+PIK3CA+SOX9	same_stage_one_event	PIK3CA	1	0.18044986354885034	7.878358150161507e-05	1.4216486531856169e-05
rule_a_one_step	metastatic::KRAS+PIK3CA	metastatic::KRAS+PIK3CA+SOX9	same_stage_one_event	SOX9	1	0.03632691053108268	0.0022847238635468367	8.299695937929549e-05
rule_a_one_step	metastatic::KRAS+SOX9+TP53	metastatic::KRAS+PIK3CA+SOX9+TP53	same_stage_one_event	PIK3CA	1	0.13346391449436204	7.878358150161507e-05	1.0514765185091157e-05
rule_a_one_step	metastatic::KRAS+PIK3CA+TP53	metastatic::KRAS+PIK3CA+SOX9+TP53	same_stage_one_event	SOX9	1	0.02890310499528698	0.002599858189553297	7.514397422551567e-05
rule_a_one_step	metastatic::KRAS+PIK3CA+SOX9	metastatic::KRAS+PIK3CA+SOX9+TP53	same_stage_one_event	TP53	1	0.004539267091331986	7.878358150161507e-05	3.576197188475527e-07
rule_a_one_step	metastatic::RNF43	metastatic::KRAS+RNF43	same_stage_one_event	KRAS	1	0.10103896182642824	7.878358150161507e-05	7.960211283890984e-06
rule_a_one_step	metastatic::KRAS	metastatic::KRAS+RNF43	same_stage_one_event	RNF43	1	0.022077164291696684	0.005120932797604979	0.00011305567469946305
rule_a_one_step	metastatic::KRAS+RNF43+SMAD4+TP53	metastatic::KRAS+RNF43+SMAD4+SOX9+TP53	same_stage_one_event	SOX9	1	0.05232447458925718	0.0003151343260064603	1.648923803332772e-05
rule_a_one_step	metastatic::KRAS+RNF43+SMAD4+TP53	metastatic::KRAS+RNF43+SMAD4+TCF7L2+TP53	same_stage_one_event	TCF7L2	1	0.04677780721160582	0.0003151343260064603	1.4741292747689537e-05
rule_a_one_step	metastatic::KRAS+TCF7L2	metastatic::KRAS+SMAD4+TCF7L2	same_stage_one_event	SMAD4	1	0.055623928176517914	0.00015756716300323014	8.764504557869363e-06
rule_a_one_step	metastatic::KRAS+SMAD4	metastatic::KRAS+SMAD4+TCF7L2	same_stage_one_event	TCF7L2	1	0.018439825021008854	0.0008666193965177657	1.598031003159989e-05
rule_a_one_step	metastatic::KRAS+TGFBR2	metastatic::KRAS+SMAD4+TGFBR2	same_stage_one_event	SMAD4	1	0.06824490545776496	7.878358150161507e-05	5.37657807120184e-06
rule_a_one_step	metastatic::KRAS+SMAD4	metastatic::KRAS+SMAD4+TGFBR2	same_stage_one_event	TGFBR2	1	0.006358034895983592	0.0008666193965177657	5.509996364596196e-06
rule_a_one_step	metastatic::SOX9	metastatic::KRAS+SOX9	same_stage_one_event	KRAS	1	0.13042626076650352	0.00039391790750807534	5.137723972524365e-05
rule_a_one_step	metastatic::KRAS	metastatic::KRAS+SOX9	same_stage_one_event	SOX9	1	0.031238640007163823	0.005120932797604979	0.00015997097616526028
rule_a_one_step	metastatic::SOX9+TP53	metastatic::KRAS+SOX9+TP53	same_stage_one_event	KRAS	1	0.25921619246418864	0.0005514850705113054	0.00014295386017878519
rule_a_one_step	metastatic::KRAS+TP53	metastatic::KRAS+SOX9+TP53	same_stage_one_event	SOX9	1	0.026339155669885303	0.013787126762782636	0.00036314127804537366
rule_a_one_step	metastatic::KRAS+SOX9	metastatic::KRAS+SOX9+TP53	same_stage_one_event	TP53	1	0.009049118500746866	7.878358150161507e-05	7.129219649213635e-07
rule_a_one_step	metastatic::TCF7L2+TP53	metastatic::KRAS+TCF7L2+TP53	same_stage_one_event	KRAS	1	0.178223937718802	0.00015756716300323014	2.808224024561601e-05
rule_a_one_step	metastatic::KRAS+TP53	metastatic::KRAS+TCF7L2+TP53	same_stage_one_event	TCF7L2	1	0.01869179820612266	0.013787126762782636	0.0002577061912921662
rule_a_one_step	metastatic::KRAS+TCF7L2	metastatic::KRAS+TCF7L2+TP53	same_stage_one_event	TP53	1	0.013420469067279625	0.00015756716300323014	2.114625237103857e-06
rule_a_one_step	metastatic::KRAS	metastatic::KRAS+TGFBR2	same_stage_one_event	TGFBR2	1	0.007098427991328802	0.005120932797604979	3.63505727122329e-05
rule_a_one_step	metastatic::PIK3CA	metastatic::NRAS+PIK3CA	same_stage_one_event	NRAS	1	0.014539515820699856	0.001181753722524226	1.718212694481193e-05
rule_a_one_step	metastatic::NRAS	metastatic::NRAS+PIK3CA	same_stage_one_event	PIK3CA	1	0.09885391282636366	0.0007878358150161507	7.788065297909372e-05
rule_a_one_step	metastatic::NRAS+PIK3CA+SMAD4+TP53	metastatic::NRAS+PIK3CA+SMAD4+TGFBR2+TP53	same_stage_one_event	TGFBR2	1	0.005637109279879168	7.878358150161507e-05	4.441116583848711e-07
rule_a_one_step	metastatic::PIK3CA+SMAD4+TP53	metastatic::NRAS+PIK3CA+SMAD4+TP53	same_stage_one_event	NRAS	1	0.03031549022945506	0.00015756716300323014	4.776725790507376e-06
rule_a_one_step	metastatic::NRAS+SMAD4+TP53	metastatic::NRAS+PIK3CA+SMAD4+TP53	same_stage_one_event	PIK3CA	1	0.082557134584346	0.0003151343260064603	2.601658696426251e-05
rule_a_one_step	metastatic::NRAS+PIK3CA+TP53	metastatic::NRAS+PIK3CA+SMAD4+TP53	same_stage_one_event	SMAD4	1	0.0862956505250526	0.00039391790750807534	3.3993402081876865e-05
rule_a_one_step	metastatic::PTEN+TP53	metastatic::NRAS+PTEN+TP53	same_stage_one_event	NRAS	1	0.025647819700883555	0.0005514850705113054	1.4144389656203017e-05
rule_a_one_step	metastatic::NRAS+TP53	metastatic::NRAS+PTEN+TP53	same_stage_one_event	PTEN	1	0.03864645357043545	0.0014181044670290711	5.480470844306611e-05
rule_a_one_step	metastatic::NRAS+SMAD4+TP53	metastatic::NRAS+SMAD4+TCF7L2+TP53	same_stage_one_event	TCF7L2	1	0.013552127441338737	0.0003151343260064603	4.270740547179938e-06
rule_a_one_step	metastatic::SOX9+TP53	metastatic::NRAS+SOX9+TP53	same_stage_one_event	NRAS	1	0.028680605445360524	0.0005514850705113054	1.581692571634158e-05
rule_a_one_step	metastatic::NRAS+TP53	metastatic::NRAS+SOX9+TP53	same_stage_one_event	SOX9	1	0.02308066434684747	0.0014181044670290711	3.273079321226302e-05
rule_a_one_step	metastatic::PTEN	metastatic::PIK3CA+PTEN	same_stage_one_event	PIK3CA	1	0.09681354945332876	0.00015756716300323014	1.5254636327633934e-05
rule_a_one_step	metastatic::PIK3CA	metastatic::PIK3CA+PTEN	same_stage_one_event	PTEN	1	0.02438367372783528	0.001181753722524226	2.8815497196685513e-05
rule_a_one_step	metastatic::PIK3CA+PTEN	metastatic::PIK3CA+PTEN+RNF43	same_stage_one_event	RNF43	1	0.03026137639736881	7.878358150161507e-05	2.3840996137531562e-06
rule_a_one_step	metastatic::PIK3CA+SMAD4+TP53	metastatic::PIK3CA+PTEN+SMAD4+TP53	same_stage_one_event	PTEN	1	0.030384029567486034	0.00015756716300323014	4.787525339555036e-06
rule_a_one_step	metastatic::RNF43+SMAD4+TP53	metastatic::PIK3CA+RNF43+SMAD4+TP53	same_stage_one_event	PIK3CA	1	0.053223423799622825	0.0004727014890096904	2.5158791680275503e-05
rule_a_one_step	metastatic::PIK3CA+SMAD4+TP53	metastatic::PIK3CA+RNF43+SMAD4+TP53	same_stage_one_event	RNF43	1	0.030112381896467623	0.00015756716300323014	4.744722586696231e-06
rule_a_one_step	metastatic::SMAD4	metastatic::PTEN+SMAD4	same_stage_one_event	PTEN	1	0.019783967886541902	0.0010241865595209958	2.026247400339122e-05
rule_a_one_step	metastatic::PTEN	metastatic::PTEN+SMAD4	same_stage_one_event	SMAD4	1	0.04760834534401352	0.00015756716300323014	7.501511911134251e-06
rule_a_one_step	metastatic::WT	metastatic::RNF43	same_stage_one_event	RNF43	1	0.01818717460442149	0.009926731269203497	0.00018053919484417455
rule_a_one_step	metastatic::SOX9+TP53	metastatic::SMAD4+SOX9+TP53	same_stage_one_event	SMAD4	1	0.07906467555006137	0.0005514850705113054	4.360298817067909e-05
rule_a_one_step	metastatic::SMAD4+TP53	metastatic::SMAD4+SOX9+TP53	same_stage_one_event	SOX9	1	0.016786614392183673	0.002127156700543607	3.5707759283775246e-05
rule_a_one_step	metastatic::TCF7L2+TP53	metastatic::SOX9+TCF7L2+TP53	same_stage_one_event	SOX9	1	0.008527478421505714	0.00015756716300323014	1.3436505824479185e-06
rule_a_one_step	metastatic::SOX9+TP53	metastatic::SOX9+TCF7L2+TP53	same_stage_one_event	TCF7L2	1	0.011457569000294434	0.0005514850705113054	6.318678248015524e-06
rule_a_one_step	metastatic::WT	metastatic::TCF7L2	same_stage_one_event	TCF7L2	1	0.010494762844202147	0.009926731269203497	0.00010417869048841649
rule_a_one_step	primary::ARID1A+BRAF	primary::APC+ARID1A+BRAF	same_stage_one_event	APC	1	0.16823956555461594	0.0004727014890096904	7.952709314801038e-05
rule_a_one_step	primary::APC+BRAF	primary::APC+ARID1A+BRAF	same_stage_one_event	ARID1A	1	0.0327826770176558	0.001181753722524226	3.8741050599924127e-05
rule_a_one_step	primary::APC+ARID1A	primary::APC+ARID1A+BRAF	same_stage_one_event	BRAF	1	0.006407303829911966	0.0003151343260064603	2.019161373957919e-06
rule_a_one_step	primary::APC+ARID1A+BRAF+CTNNB1+FBXW7+KRAS+PIK3CA+PTEN+RNF43+TP53	primary::APC+ARID1A+BRAF+CTNNB1+FBXW7+KRAS+PIK3CA+PTEN+RNF43+TCF7L2+TP53	same_stage_one_event	TCF7L2	1	0.5071875978152678	7.878358150161507e-05	3.9958055449087514e-05
rule_a_one_step	primary::APC+ARID1A+CTNNB1+FBXW7+KRAS+PIK3CA+PTEN+RNF43+TP53	primary::APC+ARID1A+BRAF+CTNNB1+FBXW7+KRAS+PIK3CA+PTEN+RNF43+TP53	same_stage_one_event	BRAF	1	0.0022180276000757317	7.878358150161507e-05	1.7474415820339808e-07
rule_a_one_step	primary::APC+ARID1A+BRAF+FBXW7+KRAS+PIK3CA+RNF43	primary::APC+ARID1A+BRAF+CTNNB1+FBXW7+KRAS+PIK3CA+RNF43	same_stage_one_event	CTNNB1	1	0.04236176455274242	7.878358150161507e-05	3.3374115301932105e-06
rule_a_one_step	primary::APC+ARID1A+BRAF+CTNNB1+FBXW7+PIK3CA+PTEN	primary::APC+ARID1A+BRAF+CTNNB1+FBXW7+PIK3CA+PTEN+TGFBR2	same_stage_one_event	TGFBR2	1	0.09910016287781152	7.878358150161507e-05	7.807465758907392e-06
rule_a_one_step	primary::APC+ARID1A+BRAF+CTNNB1+FBXW7+PIK3CA+PTEN+TGFBR2	primary::APC+ARID1A+BRAF+CTNNB1+FBXW7+PIK3CA+PTEN+TGFBR2+TP53	same_stage_one_event	TP53	1	0.04062033700366864	7.878358150161507e-05	3.2002156309515988e-06
rule_a_one_step	primary::APC+ARID1A+BRAF+FBXW7+PIK3CA+RNF43+TGFBR2+TP53	primary::APC+ARID1A+BRAF+CTNNB1+FBXW7+PIK3CA+RNF43+TGFBR2+TP53	same_stage_one_event	CTNNB1	1	0.0608881980569212	7.878358150161507e-05	4.796990314103932e-06
rule_a_one_step	primary::APC+BRAF+CTNNB1+FBXW7+PIK3CA+TP53	primary::APC+ARID1A+BRAF+CTNNB1+FBXW7+PIK3CA+TP53	same_stage_one_event	ARID1A	1	0.1752728450122791	7.878358150161507e-05	1.3808622470044837e-05
rule_a_one_step	primary::APC+ARID1A+CTNNB1+KRAS+PIK3CA+SMAD4	primary::APC+ARID1A+BRAF+CTNNB1+KRAS+PIK3CA+SMAD4	same_stage_one_event	BRAF	1	0.0023460950768843408	7.878358150161507e-05	1.8483377270025534e-07
rule_a_one_step	primary::APC+ARID1A+BRAF+CTNNB1+RNF43+TCF7L2	primary::APC+ARID1A+BRAF+CTNNB1+KRAS+RNF43+TCF7L2	same_stage_one_event	KRAS	1	0.004022004099660328	7.878358150161507e-05	3.1686788778541936e-07
rule_a_one_step	primary::APC+ARID1A+BRAF+CTNNB1+TCF7L2+TP53	primary::APC+ARID1A+BRAF+CTNNB1+PIK3CA+TCF7L2+TP53	same_stage_one_event	PIK3CA	1	0.1832352085449122	7.878358150161507e-05	1.4435925986363525e-05
rule_a_one_step	primary::APC+ARID1A+CTNNB1+RNF43+TCF7L2	primary::APC+ARID1A+BRAF+CTNNB1+RNF43+TCF7L2	same_stage_one_event	BRAF	1	0.009097437104606703	0.00015756716300323014	1.4334573551731985e-06
rule_a_one_step	primary::APC+ARID1A+BRAF+KRAS+PIK3CA+SOX9+TCF7L2	primary::APC+ARID1A+BRAF+FBXW7+KRAS+PIK3CA+SOX9+TCF7L2	same_stage_one_event	FBXW7	1	0.3378349276240228	7.878358150161507e-05	2.6615845554559426e-05
rule_a_one_step	primary::APC+ARID1A+FBXW7+KRAS+SOX9+TP53	primary::APC+ARID1A+BRAF+FBXW7+KRAS+SOX9+TP53	same_stage_one_event	BRAF	1	0.008318312464225333	7.878358150161507e-05	6.553464479811971e-07
rule_a_one_step	primary::APC+ARID1A+BRAF+PIK3CA	primary::APC+ARID1A+BRAF+FBXW7+PIK3CA	same_stage_one_event	FBXW7	1	0.1291484375133084	7.878358150161507e-05	1.0174776452635973e-05
rule_a_one_step	primary::APC+ARID1A+BRAF+FBXW7	primary::APC+ARID1A+BRAF+FBXW7+PIK3CA	same_stage_one_event	PIK3CA	1	0.11980628302464671	0.00015756716300323014	1.8877536126155632e-05
rule_a_one_step	primary::APC+ARID1A+FBXW7+PIK3CA+PTEN+TCF7L2	primary::APC+ARID1A+BRAF+FBXW7+PIK3CA+PTEN+TCF7L2	same_stage_one_event	BRAF	1	0.03735479082751464	7.878358150161507e-05	2.9429442076352825e-06
rule_a_one_step	primary::APC+ARID1A+BRAF+FBXW7+PTEN+TCF7L2	primary::APC+ARID1A+BRAF+FBXW7+PIK3CA+PTEN+TCF7L2	same_stage_one_event	PIK3CA	1	0.30706776668265107	7.878358150161507e-05	2.419189842296156e-05
rule_a_one_step	primary::APC+ARID1A+BRAF+PIK3CA+RNF43+SMAD4+TCF7L2	primary::APC+ARID1A+BRAF+FBXW7+PIK3CA+RNF43+SMAD4+TCF7L2	same_stage_one_event	FBXW7	1	0.24922161382148642	7.878358150161507e-05	1.963457132446911e-05
rule_a_one_step	primary::ARID1A+BRAF+FBXW7+PIK3CA+RNF43+TCF7L2+TGFBR2	primary::APC+ARID1A+BRAF+FBXW7+PIK3CA+RNF43+TCF7L2+TGFBR2	same_stage_one_event	APC	1	0.41202331726275737	7.878358150161507e-05	3.246067259613625e-05
rule_a_one_step	primary::APC+ARID1A+BRAF+PIK3CA+RNF43+TCF7L2+TGFBR2	primary::APC+ARID1A+BRAF+FBXW7+PIK3CA+RNF43+TCF7L2+TGFBR2	same_stage_one_event	FBXW7	1	0.38907499270422047	0.00015756716300323014	6.130544279590648e-05
rule_a_one_step	primary::APC+ARID1A+BRAF+FBXW7+RNF43+TGFBR2+TP53	primary::APC+ARID1A+BRAF+FBXW7+PIK3CA+RNF43+TGFBR2+TP53	same_stage_one_event	PIK3CA	1	0.10718131765536351	7.878358150161507e-05	8.444128074951825e-06
rule_a_one_step	primary::APC+BRAF+FBXW7+PIK3CA+SOX9	primary::APC+ARID1A+BRAF+FBXW7+PIK3CA+SOX9	same_stage_one_event	ARID1A	1	0.1866437154186031	7.878358150161507e-05	1.4704460365445767e-05
rule_a_one_step	primary::APC+ARID1A+FBXW7+PIK3CA+SOX9	primary::APC+ARID1A+BRAF+FBXW7+PIK3CA+SOX9	same_stage_one_event	BRAF	1	0.02966928195739682	7.878358150161507e-05	2.33745229318497e-06
rule_a_one_step	primary::APC+ARID1A+BRAF+FBXW7+SOX9	primary::APC+ARID1A+BRAF+FBXW7+PIK3CA+SOX9	same_stage_one_event	PIK3CA	1	0.2173853277584114	7.878358150161507e-05	1.712639468671011e-05
rule_a_one_step	primary::APC+ARID1A+BRAF+FBXW7+PIK3CA	primary::APC+ARID1A+BRAF+FBXW7+PIK3CA+SOX9	same_stage_one_event	SOX9	1	0.267008149659501	7.878358150161507e-05	2.103585832029473e-05
rule_a_one_step	primary::APC+BRAF+FBXW7+PIK3CA+SOX9+TCF7L2+TP53	primary::APC+ARID1A+BRAF+FBXW7+PIK3CA+SOX9+TCF7L2+TP53	same_stage_one_event	ARID1A	1	0.25898659787265627	7.878358150161507e-05	2.0403891741326422e-05
rule_a_one_step	primary::APC+ARID1A+FBXW7+PIK3CA+SOX9+TCF7L2+TP53	primary::APC+ARID1A+BRAF+FBXW7+PIK3CA+SOX9+TCF7L2+TP53	same_stage_one_event	BRAF	1	0.07207722368173117	7.878358150161507e-05	5.678501826339807e-06
rule_a_one_step	primary::APC+ARID1A+BRAF+FBXW7+PIK3CA+TCF7L2+TP53	primary::APC+ARID1A+BRAF+FBXW7+PIK3CA+SOX9+TCF7L2+TP53	same_stage_one_event	SOX9	1	0.2964077467954681	7.878358150161507e-05	2.3352063877370843e-05
rule_a_one_step	primary::APC+BRAF+FBXW7+PIK3CA+TCF7L2+TP53	primary::APC+ARID1A+BRAF+FBXW7+PIK3CA+TCF7L2+TP53	same_stage_one_event	ARID1A	1	0.22036680087601151	7.878358150161507e-05	1.736128581706543e-05
rule_a_one_step	primary::APC+ARID1A+FBXW7+PIK3CA+TCF7L2+TP53	primary::APC+ARID1A+BRAF+FBXW7+PIK3CA+TCF7L2+TP53	same_stage_one_event	BRAF	1	0.051697363957720725	0.00015756716300323014	8.145806973563497e-06
rule_a_one_step	primary::APC+ARID1A+BRAF+FBXW7+PTEN+RNF43+TP53	primary::APC+ARID1A+BRAF+FBXW7+PTEN+RNF43+SOX9+TP53	same_stage_one_event	SOX9	1	0.22892528969988593	0.00015756716300323014	3.607110843770361e-05
rule_a_one_step	primary::APC+BRAF+FBXW7+PTEN+TCF7L2	primary::APC+ARID1A+BRAF+FBXW7+PTEN+TCF7L2	same_stage_one_event	ARID1A	1	0.18742734297237124	7.878358150161507e-05	1.476619735069497e-05
rule_a_one_step	primary::APC+ARID1A+FBXW7+PTEN+TCF7L2	primary::APC+ARID1A+BRAF+FBXW7+PTEN+TCF7L2	same_stage_one_event	BRAF	1	0.022405956905488494	7.878358150161507e-05	1.7652215319852278e-06
rule_a_one_step	primary::APC+BRAF+FBXW7+PTEN+TP53	primary::APC+ARID1A+BRAF+FBXW7+PTEN+TP53	same_stage_one_event	ARID1A	1	0.18876704876114278	0.00015756716300323014	2.9743488341785676e-05
rule_a_one_step	primary::APC+ARID1A+FBXW7+PTEN+TP53	primary::APC+ARID1A+BRAF+FBXW7+PTEN+TP53	same_stage_one_event	BRAF	1	0.030940278413747847	7.878358150161507e-05	2.437585946092165e-06
rule_a_one_step	primary::APC+ARID1A+BRAF+FBXW7+TP53	primary::APC+ARID1A+BRAF+FBXW7+PTEN+TP53	same_stage_one_event	PTEN	1	0.04789084745149156	7.878358150161507e-05	3.773012483376e-06
rule_a_one_step	primary::ARID1A+BRAF+FBXW7+RNF43	primary::APC+ARID1A+BRAF+FBXW7+RNF43	same_stage_one_event	APC	1	0.10047682078267244	0.0004727014890096904	4.7495542794929065e-05
rule_a_one_step	primary::APC+BRAF+FBXW7+RNF43	primary::APC+ARID1A+BRAF+FBXW7+RNF43	same_stage_one_event	ARID1A	1	0.42754594417843494	7.878358150161507e-05	3.3683600738866695e-05
rule_a_one_step	primary::APC+ARID1A+BRAF+RNF43	primary::APC+ARID1A+BRAF+FBXW7+RNF43	same_stage_one_event	FBXW7	1	0.10870673042668796	0.00015756716300323014	1.712861111269014e-05
rule_a_one_step	primary::APC+ARID1A+BRAF+FBXW7	primary::APC+ARID1A+BRAF+FBXW7+RNF43	same_stage_one_event	RNF43	1	0.038345795039054664	0.00015756716300323014	6.04203813740718e-06
rule_a_one_step	primary::ARID1A+BRAF+FBXW7+RNF43+SMAD4+SOX9	primary::APC+ARID1A+BRAF+FBXW7+RNF43+SMAD4+SOX9	same_stage_one_event	APC	1	0.12488108921892181	7.878358150161507e-05	9.838579470489389e-06
rule_a_one_step	primary::APC+ARID1A+BRAF+FBXW7+RNF43+SMAD4+SOX9	primary::APC+ARID1A+BRAF+FBXW7+RNF43+SMAD4+SOX9+TP53	same_stage_one_event	TP53	1	0.018722147782096698	7.878358150161507e-05	1.474997855676097e-06
rule_a_one_step	primary::ARID1A+BRAF+FBXW7+RNF43+SOX9+TGFBR2	primary::APC+ARID1A+BRAF+FBXW7+RNF43+SOX9+TGFBR2	same_stage_one_event	APC	1	0.16168062087531584	7.878358150161507e-05	1.2737778371962173e-05
rule_a_one_step	primary::APC+ARID1A+FBXW7+RNF43+SOX9+TGFBR2	primary::APC+ARID1A+BRAF+FBXW7+RNF43+SOX9+TGFBR2	same_stage_one_event	BRAF	1	0.023983860365515437	7.878358150161507e-05	1.8895344178299408e-06
rule_a_one_step	primary::APC+ARID1A+BRAF+RNF43+SOX9+TGFBR2	primary::APC+ARID1A+BRAF+FBXW7+RNF43+SOX9+TGFBR2	same_stage_one_event	FBXW7	1	0.2118801193538449	7.878358150161507e-05	1.669267465168557e-05
rule_a_one_step	primary::APC+ARID1A+BRAF+FBXW7+RNF43+TGFBR2	primary::APC+ARID1A+BRAF+FBXW7+RNF43+SOX9+TGFBR2	same_stage_one_event	SOX9	1	0.3264070574125189	7.878358150161507e-05	2.571551701036153e-05
rule_a_one_step	primary::APC+ARID1A+BRAF+FBXW7+RNF43+TGFBR2+TP53	primary::APC+ARID1A+BRAF+FBXW7+RNF43+SOX9+TGFBR2+TP53	same_stage_one_event	SOX9	1	0.32932805915923125	7.878358150161507e-05	2.5945643989540005e-05
rule_a_one_step	primary::APC+ARID1A+BRAF+FBXW7+RNF43+SOX9+TGFBR2	primary::APC+ARID1A+BRAF+FBXW7+RNF43+SOX9+TGFBR2+TP53	same_stage_one_event	TP53	1	0.025138407938885794	7.878358150161507e-05	1.9804938106740562e-06
rule_a_one_step	primary::APC+BRAF+FBXW7+RNF43+TGFBR2	primary::APC+ARID1A+BRAF+FBXW7+RNF43+TGFBR2	same_stage_one_event	ARID1A	1	0.49271592482018295	7.878358150161507e-05	3.881792522021453e-05
rule_a_one_step	primary::APC+ARID1A+FBXW7+RNF43+TGFBR2	primary::APC+ARID1A+BRAF+FBXW7+RNF43+TGFBR2	same_stage_one_event	BRAF	1	0.015369786288165706	0.00015756716300323014	2.4217736213922175e-06
rule_a_one_step	primary::APC+ARID1A+BRAF+FBXW7+RNF43	primary::APC+ARID1A+BRAF+FBXW7+RNF43+TGFBR2	same_stage_one_event	TGFBR2	1	0.22521232049033696	7.878358150161507e-05	1.7743033206518314e-05
rule_a_one_step	primary::ARID1A+BRAF+FBXW7+RNF43+TGFBR2+TP53	primary::APC+ARID1A+BRAF+FBXW7+RNF43+TGFBR2+TP53	same_stage_one_event	APC	1	0.1289605933963412	7.878358150161507e-05	1.015997742033729e-05
rule_a_one_step	primary::APC+ARID1A+BRAF+FBXW7+TGFBR2+TP53	primary::APC+ARID1A+BRAF+FBXW7+RNF43+TGFBR2+TP53	same_stage_one_event	RNF43	1	0.10214827910155044	0.00015756716300323014	1.6095214543693447e-05
rule_a_one_step	primary::APC+ARID1A+BRAF+FBXW7+RNF43+TP53	primary::APC+ARID1A+BRAF+FBXW7+RNF43+TGFBR2+TP53	same_stage_one_event	TGFBR2	1	0.23898527891229107	0.00015756716300323014	3.765623239774539e-05
rule_a_one_step	primary::APC+ARID1A+BRAF+FBXW7+RNF43+TGFBR2	primary::APC+ARID1A+BRAF+FBXW7+RNF43+TGFBR2+TP53	same_stage_one_event	TP53	1	0.05457789182345162	7.878358150161507e-05	4.299841788659232e-06
rule_a_one_step	primary::ARID1A+BRAF+FBXW7+SOX9	primary::APC+ARID1A+BRAF+FBXW7+SOX9	same_stage_one_event	APC	1	0.21609672568106755	7.878358150161507e-05	1.702487399992654e-05
rule_a_one_step	primary::APC+ARID1A+FBXW7+SOX9	primary::APC+ARID1A+BRAF+FBXW7+SOX9	same_stage_one_event	BRAF	1	0.01835457304094341	7.878358150161507e-05	1.446039001098512e-06
rule_a_one_step	primary::APC+ARID1A+BRAF+SOX9	primary::APC+ARID1A+BRAF+FBXW7+SOX9	same_stage_one_event	FBXW7	1	0.12999260108396013	0.00015756716300323014	2.0482565364210215e-05
rule_a_one_step	primary::APC+ARID1A+BRAF+FBXW7	primary::APC+ARID1A+BRAF+FBXW7+SOX9	same_stage_one_event	SOX9	1	0.1896937711490708	0.00015756716300323014	2.9889509359343073e-05
rule_a_one_step	primary::APC+BRAF+FBXW7+TP53	primary::APC+ARID1A+BRAF+FBXW7+TP53	same_stage_one_event	ARID1A	1	0.1318406295592289	0.0006302686520129206	8.309501587283e-05
rule_a_one_step	primary::APC+ARID1A+FBXW7+TP53	primary::APC+ARID1A+BRAF+FBXW7+TP53	same_stage_one_event	BRAF	1	0.030600365079354108	0.0005514850705113054	1.687564449345929e-05
rule_a_one_step	primary::APC+ARID1A+BRAF+TP53	primary::APC+ARID1A+BRAF+FBXW7+TP53	same_stage_one_event	FBXW7	1	0.1540294407424648	0.00015756716300323014	2.4269981996764328e-05
rule_a_one_step	primary::APC+ARID1A+BRAF+FBXW7	primary::APC+ARID1A+BRAF+FBXW7+TP53	same_stage_one_event	TP53	1	0.38113105742905096	0.00015756716300323014	6.005373945151674e-05
rule_a_one_step	primary::APC+BRAF+KRAS	primary::APC+ARID1A+BRAF+KRAS	same_stage_one_event	ARID1A	1	0.07467428632596554	0.0005514850705113054	4.118175405985652e-05
rule_a_one_step	primary::APC+ARID1A+KRAS	primary::APC+ARID1A+BRAF+KRAS	same_stage_one_event	BRAF	1	0.0027494397113423104	0.0005514850705113054	1.5162749530761973e-06
rule_a_one_step	primary::APC+ARID1A+BRAF	primary::APC+ARID1A+BRAF+KRAS	same_stage_one_event	KRAS	1	0.009726949953430734	7.878358150161507e-05	7.663239544182411e-07
rule_a_one_step	primary::APC+ARID1A+BRAF+PIK3CA+PTEN+RNF43+TCF7L2	primary::APC+ARID1A+BRAF+KRAS+PIK3CA+PTEN+RNF43+TCF7L2	same_stage_one_event	KRAS	1	0.004675643655885904	7.878358150161507e-05	3.6836395303599656e-07
rule_a_one_step	primary::APC+ARID1A+KRAS+PIK3CA+SOX9+TCF7L2	primary::APC+ARID1A+BRAF+KRAS+PIK3CA+SOX9+TCF7L2	same_stage_one_event	BRAF	1	0.008262546294479069	0.00015756716300323014	1.3019059788039186e-06
rule_a_one_step	primary::APC+ARID1A+BRAF+KRAS+PIK3CA+TCF7L2	primary::APC+ARID1A+BRAF+KRAS+PIK3CA+SOX9+TCF7L2	same_stage_one_event	SOX9	1	0.29752160740443867	7.878358150161507e-05	2.3439817805439115e-05
rule_a_one_step	primary::APC+ARID1A+KRAS+PIK3CA+TCF7L2	primary::APC+ARID1A+BRAF+KRAS+PIK3CA+TCF7L2	same_stage_one_event	BRAF	1	0.005836309540672672	7.878358150161507e-05	4.5980536836623907e-07
rule_a_one_step	primary::APC+ARID1A+BRAF+KRAS+TCF7L2	primary::APC+ARID1A+BRAF+KRAS+PIK3CA+TCF7L2	same_stage_one_event	PIK3CA	1	0.31805182705441787	7.878358150161507e-05	2.5057262038479312e-05
rule_a_one_step	primary::APC+ARID1A+BRAF+KRAS+PIK3CA	primary::APC+ARID1A+BRAF+KRAS+PIK3CA+TCF7L2	same_stage_one_event	TCF7L2	1	0.25393702927393064	0.00015756716300323014	4.001213728416145e-05
rule_a_one_step	primary::APC+ARID1A+KRAS+TCF7L2	primary::APC+ARID1A+BRAF+KRAS+TCF7L2	same_stage_one_event	BRAF	1	0.003500413517354879	0.00039391790750807534	1.3788755681694158e-06
rule_a_one_step	primary::APC+ARID1A+BRAF+KRAS	primary::APC+ARID1A+BRAF+KRAS+TCF7L2	same_stage_one_event	TCF7L2	1	0.18141717320945158	7.878358150161507e-05	1.4292694651339447e-05
rule_a_one_step	primary::APC+BRAF+KRAS+TGFBR2	primary::APC+ARID1A+BRAF+KRAS+TGFBR2	same_stage_one_event	ARID1A	1	0.08131086899950626	7.878358150161507e-05	6.405961474789748e-06
rule_a_one_step	primary::APC+ARID1A+BRAF+KRAS	primary::APC+ARID1A+BRAF+KRAS+TGFBR2	same_stage_one_event	TGFBR2	1	0.061850615341796235	7.878358150161507e-05	4.872812994705447e-06
rule_a_one_step	primary::APC+ARID1A+BRAF+NRAS+RNF43+TGFBR2	primary::APC+ARID1A+BRAF+NRAS+RNF43+TCF7L2+TGFBR2	same_stage_one_event	TCF7L2	1	0.36194103537036637	7.878358150161507e-05	2.8515011058880202e-05
rule_a_one_step	primary::ARID1A+BRAF+PIK3CA	primary::APC+ARID1A+BRAF+PIK3CA	same_stage_one_event	APC	1	0.20041297078520506	7.878358150161507e-05	1.5789251617837003e-05
rule_a_one_step	primary::APC+BRAF+PIK3CA	primary::APC+ARID1A+BRAF+PIK3CA	same_stage_one_event	ARID1A	1	0.06910132167492965	0.0006302686520129206	4.355239686436912e-05
rule_a_one_step	primary::APC+ARID1A+BRAF	primary::APC+ARID1A+BRAF+PIK3CA	same_stage_one_event	PIK3CA	1	0.0959072117509536	7.878358150161507e-05	7.555913633573907e-06
rule_a_one_step	primary::APC+ARID1A+PIK3CA+PTEN+RNF43	primary::APC+ARID1A+BRAF+PIK3CA+PTEN+RNF43	same_stage_one_event	BRAF	1	0.014083672054843788	7.878358150161507e-05	1.1095621251748042e-06
rule_a_one_step	primary::APC+ARID1A+BRAF+PIK3CA+RNF43	primary::APC+ARID1A+BRAF+PIK3CA+PTEN+RNF43	same_stage_one_event	PTEN	1	0.021216191060260767	7.878358150161507e-05	1.6714875175498912e-06
rule_a_one_step	primary::APC+ARID1A+BRAF+PIK3CA+PTEN+RNF43+SMAD4+TP53	primary::APC+ARID1A+BRAF+PIK3CA+PTEN+RNF43+SMAD4+SOX9+TP53	same_stage_one_event	SOX9	1	0.1964683268769298	7.878358150161507e-05	1.547847844299455e-05
rule_a_one_step	primary::APC+ARID1A+BRAF+PTEN+RNF43+SMAD4+TP53	primary::APC+ARID1A+BRAF+PIK3CA+PTEN+RNF43+SMAD4+TP53	same_stage_one_event	PIK3CA	1	0.07978233651743127	7.878358150161507e-05	6.285538211410327e-06
rule_a_one_step	primary::APC+ARID1A+PIK3CA+PTEN+RNF43+TCF7L2	primary::APC+ARID1A+BRAF+PIK3CA+PTEN+RNF43+TCF7L2	same_stage_one_event	BRAF	1	0.022059126748022267	7.878358150161507e-05	1.7378970100072693e-06
rule_a_one_step	primary::APC+ARID1A+BRAF+PIK3CA+PTEN+RNF43	primary::APC+ARID1A+BRAF+PIK3CA+PTEN+RNF43+TCF7L2	same_stage_one_event	TCF7L2	1	0.30618994038835234	7.878358150161507e-05	2.4122740123560418e-05
rule_a_one_step	primary::ARID1A+BRAF+PIK3CA+RNF43	primary::APC+ARID1A+BRAF+PIK3CA+RNF43	same_stage_one_event	APC	1	0.09403505888278221	0.0002363507445048452	2.2225256176502532e-05
rule_a_one_step	primary::APC+BRAF+PIK3CA+RNF43	primary::APC+ARID1A+BRAF+PIK3CA+RNF43	same_stage_one_event	ARID1A	1	0.45809732790787966	7.878358150161507e-05	3.609054816890252e-05
rule_a_one_step	primary::APC+ARID1A+PIK3CA+RNF43	primary::APC+ARID1A+BRAF+PIK3CA+RNF43	same_stage_one_event	BRAF	1	0.013685057946626824	0.00015756716300323014	2.156315756184799e-06
rule_a_one_step	primary::APC+ARID1A+BRAF+RNF43	primary::APC+ARID1A+BRAF+PIK3CA+RNF43	same_stage_one_event	PIK3CA	1	0.07684404303415877	0.00015756716300323014	1.2108097854590528e-05
rule_a_one_step	primary::APC+ARID1A+BRAF+PIK3CA	primary::APC+ARID1A+BRAF+PIK3CA+RNF43	same_stage_one_event	RNF43	1	0.046713483564453616	7.878358150161507e-05	3.6802555396244877e-06
rule_a_one_step	primary::ARID1A+BRAF+PIK3CA+RNF43+SMAD4	primary::APC+ARID1A+BRAF+PIK3CA+RNF43+SMAD4	same_stage_one_event	APC	1	0.10817935896113931	7.878358150161507e-05	8.522757343507391e-06
rule_a_one_step	primary::APC+ARID1A+BRAF+PIK3CA+RNF43	primary::APC+ARID1A+BRAF+PIK3CA+RNF43+SMAD4	same_stage_one_event	SMAD4	1	0.012190089904337105	7.878358150161507e-05	9.603789414903574e-07
rule_a_one_step	primary::APC+ARID1A+BRAF+PIK3CA+RNF43+SMAD4	primary::APC+ARID1A+BRAF+PIK3CA+RNF43+SMAD4+TCF7L2	same_stage_one_event	TCF7L2	1	0.2686084764123959	7.878358150161507e-05	2.116193779346064e-05
rule_a_one_step	primary::APC+ARID1A+BRAF+RNF43+SOX9+TGFBR2	primary::APC+ARID1A+BRAF+PIK3CA+RNF43+SOX9+TGFBR2	same_stage_one_event	PIK3CA	1	0.14675698713962024	7.878358150161507e-05	1.1562041057245745e-05
rule_a_one_step	primary::APC+ARID1A+BRAF+PIK3CA+RNF43+TGFBR2	primary::APC+ARID1A+BRAF+PIK3CA+RNF43+SOX9+TGFBR2	same_stage_one_event	SOX9	1	0.2780706418273959	0.0002363507445048452	6.572220322084516e-05
rule_a_one_step	primary::ARID1A+BRAF+PIK3CA+RNF43+TP53	primary::APC+ARID1A+BRAF+PIK3CA+RNF43+TP53	same_stage_one_event	APC	1	0.08738534498709058	0.00015756716300323014	1.3769060897674402e-05
rule_a_one_step	primary::APC+BRAF+PIK3CA+RNF43+TP53	primary::APC+ARID1A+BRAF+PIK3CA+RNF43+TP53	same_stage_one_event	ARID1A	1	0.4705832188250257	7.878358150161507e-05	3.707423137359377e-05
rule_a_one_step	primary::APC+ARID1A+PIK3CA+RNF43+TP53	primary::APC+ARID1A+BRAF+PIK3CA+RNF43+TP53	same_stage_one_event	BRAF	1	0.023428279393663237	7.878358150161507e-05	1.8457637590532766e-06
rule_a_one_step	primary::APC+ARID1A+BRAF+PIK3CA+RNF43	primary::APC+ARID1A+BRAF+PIK3CA+RNF43+TP53	same_stage_one_event	TP53	1	0.030846346700260128	7.878358150161507e-05	2.430185669287019e-06
rule_a_one_step	primary::APC+BRAF+PIK3CA+SMAD4+TP53	primary::APC+ARID1A+BRAF+PIK3CA+SMAD4+TP53	same_stage_one_event	ARID1A	1	0.15124458367984472	7.878358150161507e-05	1.1915589985018887e-05
rule_a_one_step	primary::APC+BRAF+PTEN	primary::APC+ARID1A+BRAF+PTEN	same_stage_one_event	ARID1A	1	0.1149716851101849	0.0003151343260064603	3.62315244970251e-05
rule_a_one_step	primary::APC+ARID1A+PTEN	primary::APC+ARID1A+BRAF+PTEN	same_stage_one_event	BRAF	1	0.013480701466077672	7.878358150161507e-05	1.062057942651672e-06
rule_a_one_step	primary::APC+ARID1A+BRAF	primary::APC+ARID1A+BRAF+PTEN	same_stage_one_event	PTEN	1	0.017439601066307958	7.878358150161507e-05	1.373954231963126e-06
rule_a_one_step	primary::ARID1A+BRAF+PTEN+RNF43+SOX9	primary::APC+ARID1A+BRAF+PTEN+RNF43+SOX9	same_stage_one_event	APC	1	0.08929623566576553	0.0002363507445048452	2.1105231781083793e-05
rule_a_one_step	primary::APC+ARID1A+PTEN+RNF43+SOX9	primary::APC+ARID1A+BRAF+PTEN+RNF43+SOX9	same_stage_one_event	BRAF	1	0.015169285563433253	7.878358150161507e-05	1.1950906455080165e-06
rule_a_one_step	primary::APC+ARID1A+BRAF+PTEN+SOX9	primary::APC+ARID1A+BRAF+PTEN+RNF43+SOX9	same_stage_one_event	RNF43	1	0.06181373377828728	7.878358150161507e-05	4.869907333040832e-06
rule_a_one_step	primary::APC+ARID1A+BRAF+RNF43+SOX9+TGFBR2	primary::APC+ARID1A+BRAF+PTEN+RNF43+SOX9+TGFBR2	same_stage_one_event	PTEN	1	0.03459045718634858	7.878358150161507e-05	2.72516010291882e-06
rule_a_one_step	primary::APC+ARID1A+BRAF+PTEN+RNF43+SOX9	primary::APC+ARID1A+BRAF+PTEN+RNF43+SOX9+TGFBR2	same_stage_one_event	TGFBR2	1	0.3347230687532963	7.878358150161507e-05	2.6370682167596025e-05
rule_a_one_step	primary::APC+BRAF+PTEN+RNF43+TGFBR2+TP53	primary::APC+ARID1A+BRAF+PTEN+RNF43+TGFBR2+TP53	same_stage_one_event	ARID1A	1	0.5561135842738945	7.878358150161507e-05	4.381261989079764e-05
rule_a_one_step	primary::ARID1A+BRAF+PTEN+SOX9	primary::APC+ARID1A+BRAF+PTEN+SOX9	same_stage_one_event	APC	1	0.19549142984580312	7.878358150161507e-05	1.5401514996124095e-05
rule_a_one_step	primary::APC+ARID1A+PTEN+SOX9	primary::APC+ARID1A+BRAF+PTEN+SOX9	same_stage_one_event	BRAF	1	0.020243381721225584	7.878358150161507e-05	1.5948461137024805e-06
rule_a_one_step	primary::APC+ARID1A+BRAF+SOX9	primary::APC+ARID1A+BRAF+PTEN+SOX9	same_stage_one_event	PTEN	1	0.03132817061514386	0.00015756716300323014	4.936290965909378e-06
rule_a_one_step	primary::APC+ARID1A+BRAF+PTEN	primary::APC+ARID1A+BRAF+PTEN+SOX9	same_stage_one_event	SOX9	1	0.20031314031149616	7.878358150161507e-05	1.5781386615575214e-05
rule_a_one_step	primary::APC+ARID1A+BRAF+RNF43+SOX9+TCF7L2+TP53	primary::APC+ARID1A+BRAF+RNF43+SMAD4+SOX9+TCF7L2+TP53	same_stage_one_event	SMAD4	1	0.04867840838457363	7.878358150161507e-05	3.835059354334959e-06
rule_a_one_step	primary::ARID1A+BRAF+RNF43+SOX9+TCF7L2+TGFBR2	primary::APC+ARID1A+BRAF+RNF43+SOX9+TCF7L2+TGFBR2	same_stage_one_event	APC	1	0.29947726244489775	7.878358150161507e-05	2.359389131370817e-05
rule_a_one_step	primary::APC+BRAF+RNF43+SOX9+TCF7L2+TGFBR2	primary::APC+ARID1A+BRAF+RNF43+SOX9+TCF7L2+TGFBR2	same_stage_one_event	ARID1A	1	0.630276889777633	7.878358150161507e-05	4.9655470714380605e-05
rule_a_one_step	primary::APC+ARID1A+BRAF+RNF43+SOX9+TGFBR2	primary::APC+ARID1A+BRAF+RNF43+SOX9+TCF7L2+TGFBR2	same_stage_one_event	TCF7L2	1	0.4840411559346402	7.878358150161507e-05	3.81344958587127e-05
rule_a_one_step	primary::APC+ARID1A+BRAF+RNF43+SOX9+TP53	primary::APC+ARID1A+BRAF+RNF43+SOX9+TCF7L2+TP53	same_stage_one_event	TCF7L2	1	0.2806057971060689	7.878358150161507e-05	2.2107129686131642e-05
rule_a_one_step	primary::ARID1A+BRAF+RNF43+SOX9+TGFBR2	primary::APC+ARID1A+BRAF+RNF43+SOX9+TGFBR2	same_stage_one_event	APC	1	0.13033233369126165	7.878358150161507e-05	1.0268048033661205e-05
rule_a_one_step	primary::APC+ARID1A+BRAF+SOX9+TGFBR2	primary::APC+ARID1A+BRAF+RNF43+SOX9+TGFBR2	same_stage_one_event	RNF43	1	0.0673062128878282	7.878358150161507e-05	5.302624508613268e-06
rule_a_one_step	primary::ARID1A+BRAF+RNF43+SOX9+TP53	primary::APC+ARID1A+BRAF+RNF43+SOX9+TP53	same_stage_one_event	APC	1	0.08704639274167657	7.878358150161507e-05	6.85782657698547e-06
rule_a_one_step	primary::APC+ARID1A+SOX9+TGFBR2	primary::APC+ARID1A+BRAF+SOX9+TGFBR2	same_stage_one_event	BRAF	1	0.017304477082435425	7.878358150161507e-05	1.3633086805668815e-06
rule_a_one_step	primary::APC+ARID1A+BRAF+SOX9	primary::APC+ARID1A+BRAF+SOX9+TGFBR2	same_stage_one_event	TGFBR2	1	0.09833096905811871	0.00015756716300323014	1.549373182984617e-05
rule_a_one_step	primary::APC+CTNNB1	primary::APC+ARID1A+CTNNB1	same_stage_one_event	ARID1A	1	0.011612739813133642	0.0003151343260064603	3.6595729341002577e-06
rule_a_one_step	primary::APC+ARID1A	primary::APC+ARID1A+CTNNB1	same_stage_one_event	CTNNB1	1	0.0217385544594541	0.0003151343260064603	6.850564707934799e-06
rule_a_one_step	primary::APC+CTNNB1+FBXW7+KRAS	primary::APC+ARID1A+CTNNB1+FBXW7+KRAS	same_stage_one_event	ARID1A	1	0.07189708865870459	7.878358150161507e-05	5.6643101440718975e-06
rule_a_one_step	primary::APC+ARID1A+FBXW7+KRAS	primary::APC+ARID1A+CTNNB1+FBXW7+KRAS	same_stage_one_event	CTNNB1	1	0.07890929658927022	0.00015756716300323014	1.2433513998151773e-05
rule_a_one_step	primary::APC+ARID1A+CTNNB1+FBXW7+KRAS+NRAS+PIK3CA+RNF43+SMAD4+TCF7L2+TP53	primary::APC+ARID1A+CTNNB1+FBXW7+KRAS+NRAS+PIK3CA+PTEN+RNF43+SMAD4+TCF7L2+TP53	same_stage_one_event	PTEN	1	0.07902571856927469	7.878358150161507e-05	6.225929139626148e-06
rule_a_one_step	primary::APC+CTNNB1+FBXW7+KRAS+PIK3CA+PTEN	primary::APC+ARID1A+CTNNB1+FBXW7+KRAS+PIK3CA+PTEN	same_stage_one_event	ARID1A	1	0.23552153877278087	7.878358150161507e-05	1.8555230345291175e-05
rule_a_one_step	primary::APC+ARID1A+FBXW7+KRAS+PIK3CA+PTEN	primary::APC+ARID1A+CTNNB1+FBXW7+KRAS+PIK3CA+PTEN	same_stage_one_event	CTNNB1	1	0.17903830258491285	7.878358150161507e-05	1.4105278703609302e-05
rule_a_one_step	primary::APC+ARID1A+FBXW7+KRAS+PIK3CA+PTEN+RNF43+TCF7L2	primary::APC+ARID1A+CTNNB1+FBXW7+KRAS+PIK3CA+PTEN+RNF43+TCF7L2	same_stage_one_event	CTNNB1	1	0.23407056109501712	0.00015756716300323014	3.68818342543161e-05
rule_a_one_step	primary::APC+ARID1A+CTNNB1+FBXW7+PIK3CA+PTEN+RNF43+TP53	primary::APC+ARID1A+CTNNB1+FBXW7+KRAS+PIK3CA+PTEN+RNF43+TP53	same_stage_one_event	KRAS	1	0.10489540700000051	7.878358150161507e-05	8.264035846529623e-06
rule_a_one_step	primary::APC+ARID1A+CTNNB1+FBXW7+KRAS+PIK3CA+PTEN+TP53	primary::APC+ARID1A+CTNNB1+FBXW7+KRAS+PIK3CA+PTEN+RNF43+TP53	same_stage_one_event	RNF43	1	0.021365018977427246	7.878358150161507e-05	1.6832127138916922e-06
rule_a_one_step	primary::APC+ARID1A+CTNNB1+FBXW7+KRAS+PIK3CA+TGFBR2	primary::APC+ARID1A+CTNNB1+FBXW7+KRAS+PIK3CA+PTEN+TGFBR2	same_stage_one_event	PTEN	1	0.029011796935700128	7.878358150161507e-05	2.2856532683920372e-06
rule_a_one_step	primary::APC+ARID1A+CTNNB1+FBXW7+KRAS+PIK3CA+PTEN	primary::APC+ARID1A+CTNNB1+FBXW7+KRAS+PIK3CA+PTEN+TGFBR2	same_stage_one_event	TGFBR2	1	0.05830906159455866	7.878358150161507e-05	4.5937967064176055e-06
rule_a_one_step	primary::APC+ARID1A+CTNNB1+FBXW7+KRAS+PIK3CA+TP53	primary::APC+ARID1A+CTNNB1+FBXW7+KRAS+PIK3CA+PTEN+TP53	same_stage_one_event	PTEN	1	0.04071341898758355	7.878358150161507e-05	3.207548963017691e-06
rule_a_one_step	primary::APC+ARID1A+CTNNB1+FBXW7+KRAS+PIK3CA+PTEN	primary::APC+ARID1A+CTNNB1+FBXW7+KRAS+PIK3CA+PTEN+TP53	same_stage_one_event	TP53	1	0.007109985178731835	7.878358150161507e-05	5.601500968038947e-07
rule_a_one_step	primary::APC+ARID1A+CTNNB1+FBXW7+KRAS+PIK3CA+RNF43+TCF7L2+TP53	primary::APC+ARID1A+CTNNB1+FBXW7+KRAS+PIK3CA+RNF43+TCF7L2+TGFBR2+TP53	same_stage_one_event	TGFBR2	1	0.44164781317133434	7.878358150161507e-05	3.4794596483993884e-05
rule_a_one_step	primary::APC+ARID1A+CTNNB1+FBXW7+KRAS+PIK3CA+TGFBR2	primary::APC+ARID1A+CTNNB1+FBXW7+KRAS+PIK3CA+TCF7L2+TGFBR2	same_stage_one_event	TCF7L2	1	0.5660468665667664	7.878358150161507e-05	4.459519944589667e-05
rule_a_one_step	primary::APC+CTNNB1+FBXW7+KRAS+PIK3CA+TGFBR2	primary::APC+ARID1A+CTNNB1+FBXW7+KRAS+PIK3CA+TGFBR2	same_stage_one_event	ARID1A	1	0.15188679322486393	7.878358150161507e-05	1.1966185553050022e-05
rule_a_one_step	primary::ARID1A+CTNNB1+FBXW7+KRAS+PIK3CA+TP53	primary::APC+ARID1A+CTNNB1+FBXW7+KRAS+PIK3CA+TP53	same_stage_one_event	APC	1	0.27889256472544705	0.00015756716300323014	4.394431020648343e-05
rule_a_one_step	primary::APC+ARID1A+FBXW7+KRAS+PIK3CA+TP53	primary::APC+ARID1A+CTNNB1+FBXW7+KRAS+PIK3CA+TP53	same_stage_one_event	CTNNB1	1	0.12827301134745267	0.00015756716300323014	2.0211614487899265e-05
rule_a_one_step	primary::APC+ARID1A+CTNNB1+KRAS+PIK3CA+TP53	primary::APC+ARID1A+CTNNB1+FBXW7+KRAS+PIK3CA+TP53	same_stage_one_event	FBXW7	1	0.19425700820981798	7.878358150161507e-05	1.5304262838558103e-05
rule_a_one_step	primary::APC+ARID1A+FBXW7+KRAS+PTEN+RNF43+TCF7L2+TP53	primary::APC+ARID1A+CTNNB1+FBXW7+KRAS+PTEN+RNF43+TCF7L2+TP53	same_stage_one_event	CTNNB1	1	0.1643190771083234	7.878358150161507e-05	1.294564540363377e-05
rule_a_one_step	primary::APC+ARID1A+CTNNB1+FBXW7+PTEN+RNF43+TCF7L2+TP53	primary::APC+ARID1A+CTNNB1+FBXW7+KRAS+PTEN+RNF43+TCF7L2+TP53	same_stage_one_event	KRAS	1	0.1354744071647281	7.878358150161507e-05	1.0673158998245342e-05
rule_a_one_step	primary::APC+ARID1A+CTNNB1+FBXW7+KRAS+PTEN+TCF7L2+TP53	primary::APC+ARID1A+CTNNB1+FBXW7+KRAS+PTEN+RNF43+TCF7L2+TP53	same_stage_one_event	RNF43	1	0.028988393501187808	7.878358150161507e-05	2.2838094620017185e-06
rule_a_one_step	primary::APC+CTNNB1+FBXW7+KRAS+TCF7L2	primary::APC+ARID1A+CTNNB1+FBXW7+KRAS+TCF7L2	same_stage_one_event	ARID1A	1	0.100431803987624	7.878358150161507e-05	7.912377214813205e-06
rule_a_one_step	primary::APC+ARID1A+CTNNB1+FBXW7+KRAS	primary::APC+ARID1A+CTNNB1+FBXW7+KRAS+TCF7L2	same_stage_one_event	TCF7L2	1	0.35173237372234445	7.878358150161507e-05	2.7710736131910854e-05
rule_a_one_step	primary::APC+ARID1A+CTNNB1+PIK3CA	primary::APC+ARID1A+CTNNB1+FBXW7+PIK3CA	same_stage_one_event	FBXW7	1	0.07101597319201895	7.878358150161507e-05	5.594892711889936e-06
rule_a_one_step	primary::APC+ARID1A+FBXW7+PIK3CA+SOX9+TCF7L2+TP53	primary::APC+ARID1A+CTNNB1+FBXW7+PIK3CA+SOX9+TCF7L2+TP53	same_stage_one_event	CTNNB1	1	0.1701664737962731	7.878358150161507e-05	1.3406324257171125e-05
rule_a_one_step	primary::APC+ARID1A+FBXW7+RNF43+SOX9+TGFBR2	primary::APC+ARID1A+CTNNB1+FBXW7+RNF43+SOX9+TGFBR2	same_stage_one_event	CTNNB1	1	0.08221307558232112	7.878358150161507e-05	6.477040540638236e-06
rule_a_one_step	primary::APC+ARID1A+FBXW7+RNF43+TCF7L2	primary::APC+ARID1A+CTNNB1+FBXW7+RNF43+TCF7L2	same_stage_one_event	CTNNB1	1	0.08446904860112084	0.00015756716300323014	1.3309548349660576e-05
rule_a_one_step	primary::APC+ARID1A+CTNNB1+RNF43+TCF7L2	primary::APC+ARID1A+CTNNB1+FBXW7+RNF43+TCF7L2	same_stage_one_event	FBXW7	1	0.16236408470727365	0.00015756716300323014	2.5583248200941254e-05
rule_a_one_step	primary::ARID1A+CTNNB1+KRAS+PIK3CA	primary::APC+ARID1A+CTNNB1+KRAS+PIK3CA	same_stage_one_event	APC	1	0.25491383440394183	7.878358150161507e-05	2.008302484865216e-05
rule_a_one_step	primary::APC+CTNNB1+KRAS+PIK3CA	primary::APC+ARID1A+CTNNB1+KRAS+PIK3CA	same_stage_one_event	ARID1A	1	0.10546303161464955	0.0002363507445048452	2.4926266039860448e-05
rule_a_one_step	primary::APC+ARID1A+KRAS+PIK3CA	primary::APC+ARID1A+CTNNB1+KRAS+PIK3CA	same_stage_one_event	CTNNB1	1	0.09921718718417098	0.0010241865595209958	0.00010161690958750671
rule_a_one_step	primary::APC+ARID1A+CTNNB1+PIK3CA	primary::APC+ARID1A+CTNNB1+KRAS+PIK3CA	same_stage_one_event	KRAS	1	0.09332536263603182	7.878358150161507e-05	7.352506313403595e-06
rule_a_one_step	primary::APC+ARID1A+CTNNB1+KRAS+PIK3CA+TCF7L2	primary::APC+ARID1A+CTNNB1+KRAS+PIK3CA+PTEN+TCF7L2	same_stage_one_event	PTEN	1	0.050508946888387536	0.00015756716300323014	7.958551467484053e-06
rule_a_one_step	primary::APC+CTNNB1+KRAS+PIK3CA+SMAD4	primary::APC+ARID1A+CTNNB1+KRAS+PIK3CA+SMAD4	same_stage_one_event	ARID1A	1	0.13147054302592134	0.00015756716300323014	2.071544048308853e-05
rule_a_one_step	primary::APC+ARID1A+CTNNB1+KRAS+PIK3CA	primary::APC+ARID1A+CTNNB1+KRAS+PIK3CA+SMAD4	same_stage_one_event	SMAD4	1	0.02467797822246897	7.878358150161507e-05	1.944219508584966e-06
rule_a_one_step	primary::APC+CTNNB1+KRAS+PIK3CA+SOX9+TP53	primary::APC+ARID1A+CTNNB1+KRAS+PIK3CA+SOX9+TP53	same_stage_one_event	ARID1A	1	0.13970114252130134	0.0002363507445048452	3.301846904308706e-05
rule_a_one_step	primary::APC+ARID1A+KRAS+PIK3CA+SOX9+TP53	primary::APC+ARID1A+CTNNB1+KRAS+PIK3CA+SOX9+TP53	same_stage_one_event	CTNNB1	1	0.1301137523546762	0.00015756716300323014	2.0501654826231185e-05
rule_a_one_step	primary::APC+ARID1A+CTNNB1+PIK3CA+SOX9+TP53	primary::APC+ARID1A+CTNNB1+KRAS+PIK3CA+SOX9+TP53	same_stage_one_event	KRAS	1	0.2750570068443558	7.878358150161507e-05	2.1669976116312598e-05
rule_a_one_step	primary::APC+ARID1A+CTNNB1+KRAS+PIK3CA+TP53	primary::APC+ARID1A+CTNNB1+KRAS+PIK3CA+SOX9+TP53	same_stage_one_event	SOX9	1	0.24242280487460943	7.878358150161507e-05	1.909893680568892e-05
rule_a_one_step	primary::APC+CTNNB1+KRAS+PIK3CA+TP53	primary::APC+ARID1A+CTNNB1+KRAS+PIK3CA+TP53	same_stage_one_event	ARID1A	1	0.11502382855895892	0.0007878358150161507	9.061989171902538e-05
rule_a_one_step	primary::APC+ARID1A+KRAS+PIK3CA+TP53	primary::APC+ARID1A+CTNNB1+KRAS+PIK3CA+TP53	same_stage_one_event	CTNNB1	1	0.09977847102158774	0.0007878358150161507	7.860905303835795e-05
rule_a_one_step	primary::APC+ARID1A+CTNNB1+PIK3CA+TP53	primary::APC+ARID1A+CTNNB1+KRAS+PIK3CA+TP53	same_stage_one_event	KRAS	1	0.3073770602163331	7.878358150161507e-05	2.4216265675280322e-05
rule_a_one_step	primary::APC+ARID1A+CTNNB1+KRAS+PIK3CA	primary::APC+ARID1A+CTNNB1+KRAS+PIK3CA+TP53	same_stage_one_event	TP53	1	0.04308345181257226	7.878358150161507e-05	3.3942686372466923e-06
rule_a_one_step	primary::ARID1A+CTNNB1+KRAS+RNF43+SMAD4+SOX9	primary::APC+ARID1A+CTNNB1+KRAS+RNF43+SMAD4+SOX9	same_stage_one_event	APC	1	0.10147624154213668	7.878358150161507e-05	7.994661746012501e-06
rule_a_one_step	primary::APC+ARID1A+KRAS+RNF43+SOX9+TCF7L2	primary::APC+ARID1A+CTNNB1+KRAS+RNF43+SOX9+TCF7L2	same_stage_one_event	CTNNB1	1	0.10430003799898392	7.878358150161507e-05	8.217130544314499e-06
rule_a_one_step	primary::ARID1A+CTNNB1+NRAS+TP53	primary::APC+ARID1A+CTNNB1+NRAS+TP53	same_stage_one_event	APC	1	0.16505200431898728	7.878358150161507e-05	1.3003388034269857e-05
rule_a_one_step	primary::APC+CTNNB1+NRAS+TP53	primary::APC+ARID1A+CTNNB1+NRAS+TP53	same_stage_one_event	ARID1A	1	0.10807293108922034	0.00015756716300323014	1.7028745149172038e-05
rule_a_one_step	primary::APC+ARID1A+NRAS+TP53	primary::APC+ARID1A+CTNNB1+NRAS+TP53	same_stage_one_event	CTNNB1	1	0.07400768266789202	0.00039391790750807534	2.915295149605768e-05
rule_a_one_step	primary::APC+ARID1A+CTNNB1+TP53	primary::APC+ARID1A+CTNNB1+NRAS+TP53	same_stage_one_event	NRAS	1	0.05860897448538432	0.00015756716300323014	9.234849836190708e-06
rule_a_one_step	primary::APC+ARID1A+CTNNB1	primary::APC+ARID1A+CTNNB1+PIK3CA	same_stage_one_event	PIK3CA	1	0.04909285788433571	7.878358150161507e-05	3.867711170277768e-06
rule_a_one_step	primary::APC+CTNNB1+PIK3CA+PTEN	primary::APC+ARID1A+CTNNB1+PIK3CA+PTEN	same_stage_one_event	ARID1A	1	0.09630479010923555	7.878358150161507e-05	7.587236280566892e-06
rule_a_one_step	primary::APC+ARID1A+CTNNB1+PIK3CA	primary::APC+ARID1A+CTNNB1+PIK3CA+PTEN	same_stage_one_event	PTEN	1	0.009682544542362654	7.878358150161507e-05	7.628255370962464e-07
rule_a_one_step	primary::APC+CTNNB1+PIK3CA+RNF43+TCF7L2	primary::APC+ARID1A+CTNNB1+PIK3CA+RNF43+TCF7L2	same_stage_one_event	ARID1A	1	0.46484998242417214	7.878358150161507e-05	3.66225464763391e-05
rule_a_one_step	primary::APC+ARID1A+CTNNB1+RNF43+TCF7L2	primary::APC+ARID1A+CTNNB1+PIK3CA+RNF43+TCF7L2	same_stage_one_event	PIK3CA	1	0.12460047816127569	0.00015756716300323014	1.9632943852718145e-05
rule_a_one_step	primary::APC+ARID1A+CTNNB1+PIK3CA+TCF7L2	primary::APC+ARID1A+CTNNB1+PIK3CA+RNF43+TCF7L2	same_stage_one_event	RNF43	1	0.012644952434939852	7.878358150161507e-05	9.962146407421299e-07
rule_a_one_step	primary::APC+ARID1A+CTNNB1+PIK3CA+TCF7L2	primary::APC+ARID1A+CTNNB1+PIK3CA+SOX9+TCF7L2	same_stage_one_event	SOX9	1	0.127279935216491	7.878358150161507e-05	1.0027569149648705e-05
rule_a_one_step	primary::APC+ARID1A+PIK3CA+SOX9+TP53	primary::APC+ARID1A+CTNNB1+PIK3CA+SOX9+TP53	same_stage_one_event	CTNNB1	1	0.07533218973480157	7.878358150161507e-05	5.93493970966687e-06
rule_a_one_step	primary::APC+ARID1A+CTNNB1+SOX9+TP53	primary::APC+ARID1A+CTNNB1+PIK3CA+SOX9+TP53	same_stage_one_event	PIK3CA	1	0.12446863499008355	7.878358150161507e-05	9.806084849136025e-06
rule_a_one_step	primary::APC+ARID1A+CTNNB1+PIK3CA+TP53	primary::APC+ARID1A+CTNNB1+PIK3CA+SOX9+TP53	same_stage_one_event	SOX9	1	0.14866617315501857	7.878358150161507e-05	1.1712453569291623e-05
rule_a_one_step	primary::APC+ARID1A+PIK3CA+TCF7L2	primary::APC+ARID1A+CTNNB1+PIK3CA+TCF7L2	same_stage_one_event	CTNNB1	1	0.06508152761739493	7.878358150161507e-05	5.127355835294645e-06
rule_a_one_step	primary::APC+ARID1A+CTNNB1+TCF7L2	primary::APC+ARID1A+CTNNB1+PIK3CA+TCF7L2	same_stage_one_event	PIK3CA	1	0.0772064474932858	7.878358150161507e-05	6.0826004485374466e-06
rule_a_one_step	primary::APC+ARID1A+CTNNB1+PIK3CA	primary::APC+ARID1A+CTNNB1+PIK3CA+TCF7L2	same_stage_one_event	TCF7L2	1	0.18802821405235798	7.878358150161507e-05	1.4813536126397068e-05
rule_a_one_step	primary::APC+CTNNB1+PIK3CA+TP53	primary::APC+ARID1A+CTNNB1+PIK3CA+TP53	same_stage_one_event	ARID1A	1	0.05992690726164775	0.00015756716300323014	9.442512764775507e-06
rule_a_one_step	primary::APC+ARID1A+PIK3CA+TP53	primary::APC+ARID1A+CTNNB1+PIK3CA+TP53	same_stage_one_event	CTNNB1	1	0.05699633428384844	0.0005514850705113054	3.1432627431414095e-05
rule_a_one_step	primary::APC+ARID1A+CTNNB1+TP53	primary::APC+ARID1A+CTNNB1+PIK3CA+TP53	same_stage_one_event	PIK3CA	1	0.09480358749929155	0.00015756716300323014	1.4937932324791862e-05
rule_a_one_step	primary::APC+ARID1A+CTNNB1+PIK3CA	primary::APC+ARID1A+CTNNB1+PIK3CA+TP53	same_stage_one_event	TP53	1	0.46068798729597543	7.878358150161507e-05	3.629464959394749e-05
rule_a_one_step	primary::APC+ARID1A+PTEN+SOX9	primary::APC+ARID1A+CTNNB1+PTEN+SOX9	same_stage_one_event	CTNNB1	1	0.09901067205562046	7.878358150161507e-05	7.800415351423656e-06
rule_a_one_step	primary::APC+ARID1A+CTNNB1+RNF43+TCF7L2+TP53	primary::APC+ARID1A+CTNNB1+RNF43+TCF7L2+TGFBR2+TP53	same_stage_one_event	TGFBR2	1	0.17861257624071797	7.878358150161507e-05	1.407173845747404e-05
rule_a_one_step	primary::APC+ARID1A+RNF43+TCF7L2+TP53	primary::APC+ARID1A+CTNNB1+RNF43+TCF7L2+TP53	same_stage_one_event	CTNNB1	1	0.07276878922536789	0.0002363507445048452	1.719895751013186e-05
rule_a_one_step	primary::APC+ARID1A+CTNNB1+RNF43+TCF7L2	primary::APC+ARID1A+CTNNB1+RNF43+TCF7L2+TP53	same_stage_one_event	TP53	1	0.23433294824695813	0.00015756716300323014	3.692317785345595e-05
rule_a_one_step	primary::APC+ARID1A+SOX9+TP53	primary::APC+ARID1A+CTNNB1+SOX9+TP53	same_stage_one_event	CTNNB1	1	0.06619697086083623	0.0006302686520129206	4.1721875591797833e-05
rule_a_one_step	primary::APC+ARID1A+CTNNB1+TP53	primary::APC+ARID1A+CTNNB1+SOX9+TP53	same_stage_one_event	SOX9	1	0.15416584736912312	0.00015756716300323014	2.429147520194172e-05
rule_a_one_step	primary::ARID1A+CTNNB1+TCF7L2	primary::APC+ARID1A+CTNNB1+TCF7L2	same_stage_one_event	APC	1	0.277945732435088	7.878358150161507e-05	2.1897560264325853e-05
rule_a_one_step	primary::APC+ARID1A+TCF7L2	primary::APC+ARID1A+CTNNB1+TCF7L2	same_stage_one_event	CTNNB1	1	0.03274015349345582	7.878358150161507e-05	2.5793865511270637e-06
rule_a_one_step	primary::APC+ARID1A+CTNNB1	primary::APC+ARID1A+CTNNB1+TCF7L2	same_stage_one_event	TCF7L2	1	0.09921775465370601	7.878358150161507e-05	7.816730060167496e-06
rule_a_one_step	primary::APC+FBXW7+KRAS+PIK3CA+PTEN	primary::APC+ARID1A+FBXW7+KRAS+PIK3CA+PTEN	same_stage_one_event	ARID1A	1	0.22874299275823062	0.00015756716300323014	3.604238442578282e-05
rule_a_one_step	primary::APC+ARID1A+KRAS+PIK3CA+PTEN	primary::APC+ARID1A+FBXW7+KRAS+PIK3CA+PTEN	same_stage_one_event	FBXW7	1	0.20693806398751388	7.878358150161507e-05	1.6303321829946735e-05
rule_a_one_step	primary::APC+ARID1A+FBXW7+KRAS+PTEN	primary::APC+ARID1A+FBXW7+KRAS+PIK3CA+PTEN	same_stage_one_event	PIK3CA	1	0.30195563930329405	7.878358150161507e-05	2.378914671892335e-05
rule_a_one_step	primary::APC+ARID1A+FBXW7+KRAS+PIK3CA	primary::APC+ARID1A+FBXW7+KRAS+PIK3CA+PTEN	same_stage_one_event	PTEN	1	0.028040947794656983	0.00015756716300323014	4.418332591925783e-06
rule_a_one_step	primary::APC+ARID1A+FBXW7+KRAS+PIK3CA+PTEN+RNF43+TCF7L2	primary::APC+ARID1A+FBXW7+KRAS+PIK3CA+PTEN+RNF43+SOX9+TCF7L2	same_stage_one_event	SOX9	1	0.3448322569444149	0.00015756716300323014	5.433424043873236e-05
rule_a_one_step	primary::APC+ARID1A+FBXW7+KRAS+PIK3CA+PTEN+RNF43+SOX9+TCF7L2	primary::APC+ARID1A+FBXW7+KRAS+PIK3CA+PTEN+RNF43+SOX9+TCF7L2+TGFBR2	same_stage_one_event	TGFBR2	1	0.6724992659773914	7.878358150161507e-05	5.298190073090613e-05
rule_a_one_step	primary::APC+ARID1A+FBXW7+KRAS+PIK3CA+RNF43+SOX9+TP53	primary::APC+ARID1A+FBXW7+KRAS+PIK3CA+PTEN+RNF43+SOX9+TP53	same_stage_one_event	PTEN	1	0.028148445597854666	0.00015756716300323014	4.435270715804722e-06
rule_a_one_step	primary::APC+ARID1A+FBXW7+KRAS+PIK3CA+PTEN+SOX9+TP53	primary::APC+ARID1A+FBXW7+KRAS+PIK3CA+PTEN+RNF43+SOX9+TP53	same_stage_one_event	RNF43	1	0.0284720303552185	7.878358150161507e-05	2.243128524006815e-06
rule_a_one_step	primary::APC+ARID1A+FBXW7+KRAS+PIK3CA+SOX9+TP53	primary::APC+ARID1A+FBXW7+KRAS+PIK3CA+PTEN+SOX9+TP53	same_stage_one_event	PTEN	1	0.0591142028410598	7.878358150161507e-05	4.65722861743164e-06
rule_a_one_step	primary::APC+FBXW7+KRAS+PIK3CA+PTEN+TCF7L2	primary::APC+ARID1A+FBXW7+KRAS+PIK3CA+PTEN+TCF7L2	same_stage_one_event	ARID1A	1	0.34108083915612925	7.878358150161507e-05	2.687157009029617e-05
rule_a_one_step	primary::APC+ARID1A+FBXW7+PIK3CA+PTEN+TCF7L2	primary::APC+ARID1A+FBXW7+KRAS+PIK3CA+PTEN+TCF7L2	same_stage_one_event	KRAS	1	0.18361167594537345	7.878358150161507e-05	1.4465585436490464e-05
rule_a_one_step	primary::APC+ARID1A+FBXW7+KRAS+PTEN+TCF7L2	primary::APC+ARID1A+FBXW7+KRAS+PIK3CA+PTEN+TCF7L2	same_stage_one_event	PIK3CA	1	0.46186893437005344	7.878358150161507e-05	3.6387688834007205e-05
rule_a_one_step	primary::APC+ARID1A+FBXW7+KRAS+PIK3CA+TCF7L2	primary::APC+ARID1A+FBXW7+KRAS+PIK3CA+PTEN+TCF7L2	same_stage_one_event	PTEN	1	0.057613579894702165	0.00015756716300323014	9.07800833446816e-06
rule_a_one_step	primary::APC+ARID1A+FBXW7+KRAS+PIK3CA+PTEN	primary::APC+ARID1A+FBXW7+KRAS+PIK3CA+PTEN+TCF7L2	same_stage_one_event	TCF7L2	1	0.3962423681894643	7.878358150161507e-05	3.121739290864762e-05
rule_a_one_step	primary::APC+ARID1A+FBXW7+PIK3CA+PTEN+TCF7L2+TP53	primary::APC+ARID1A+FBXW7+KRAS+PIK3CA+PTEN+TCF7L2+TP53	same_stage_one_event	KRAS	1	0.3491156694175131	7.878358150161507e-05	2.7504582795045546e-05
rule_a_one_step	primary::APC+ARID1A+FBXW7+KRAS+PIK3CA+PTEN+TCF7L2	primary::APC+ARID1A+FBXW7+KRAS+PIK3CA+PTEN+TCF7L2+TP53	same_stage_one_event	TP53	1	0.009630015769760358	7.878358150161507e-05	7.586871322587536e-07
rule_a_one_step	primary::APC+FBXW7+KRAS+PIK3CA+RNF43+SOX9	primary::APC+ARID1A+FBXW7+KRAS+PIK3CA+RNF43+SOX9	same_stage_one_event	ARID1A	1	0.5295730472169264	7.878358150161507e-05	4.172166132647337e-05
rule_a_one_step	primary::APC+ARID1A+KRAS+PIK3CA+RNF43+SOX9	primary::APC+ARID1A+FBXW7+KRAS+PIK3CA+RNF43+SOX9	same_stage_one_event	FBXW7	1	0.15322808310672364	7.878358150161507e-05	1.2071857173774809e-05
rule_a_one_step	primary::APC+ARID1A+FBXW7+KRAS+PIK3CA+SOX9	primary::APC+ARID1A+FBXW7+KRAS+PIK3CA+RNF43+SOX9	same_stage_one_event	RNF43	1	0.01902320262811206	7.878358150161507e-05	1.4987160346736043e-06
rule_a_one_step	primary::APC+FBXW7+KRAS+PIK3CA+SMAD4+SOX9	primary::APC+ARID1A+FBXW7+KRAS+PIK3CA+SMAD4+SOX9	same_stage_one_event	ARID1A	1	0.28153258675919207	0.00015756716300323014	4.4360290988606646e-05
rule_a_one_step	primary::APC+ARID1A+FBXW7+KRAS+SMAD4+SOX9	primary::APC+ARID1A+FBXW7+KRAS+PIK3CA+SMAD4+SOX9	same_stage_one_event	PIK3CA	1	0.3968104645317193	7.878358150161507e-05	3.1262149573128446e-05
rule_a_one_step	primary::APC+ARID1A+FBXW7+KRAS+PIK3CA+SOX9	primary::APC+ARID1A+FBXW7+KRAS+PIK3CA+SMAD4+SOX9	same_stage_one_event	SMAD4	1	0.04092228838975524	7.878358150161507e-05	3.2240044425868784e-06
rule_a_one_step	primary::APC+ARID1A+FBXW7+KRAS+PIK3CA+SMAD4+SOX9	primary::APC+ARID1A+FBXW7+KRAS+PIK3CA+SMAD4+SOX9+TGFBR2	same_stage_one_event	TGFBR2	1	0.12443021889944311	7.878358150161507e-05	9.80305829192808e-06
rule_a_one_step	primary::APC+FBXW7+KRAS+PIK3CA+SMAD4+TCF7L2	primary::APC+ARID1A+FBXW7+KRAS+PIK3CA+SMAD4+TCF7L2	same_stage_one_event	ARID1A	1	0.25431295939744053	7.878358150161507e-05	2.003568576360518e-05
rule_a_one_step	primary::APC+ARID1A+KRAS+PIK3CA+SMAD4+TCF7L2	primary::APC+ARID1A+FBXW7+KRAS+PIK3CA+SMAD4+TCF7L2	same_stage_one_event	FBXW7	1	0.26440327181384043	0.00015756716300323014	4.166127342847876e-05
rule_a_one_step	primary::APC+ARID1A+FBXW7+KRAS+PIK3CA+TCF7L2	primary::APC+ARID1A+FBXW7+KRAS+PIK3CA+SMAD4+TCF7L2	same_stage_one_event	SMAD4	1	0.05443351469465853	0.00015756716300323014	8.576934482731983e-06
rule_a_one_step	primary::APC+FBXW7+KRAS+PIK3CA+SMAD4+TP53	primary::APC+ARID1A+FBXW7+KRAS+PIK3CA+SMAD4+TP53	same_stage_one_event	ARID1A	1	0.19663801151093513	0.0005514850705113054	0.00010844292764331095
rule_a_one_step	primary::APC+ARID1A+KRAS+PIK3CA+SMAD4+TP53	primary::APC+ARID1A+FBXW7+KRAS+PIK3CA+SMAD4+TP53	same_stage_one_event	FBXW7	1	0.21498860789926616	0.00015756716300323014	3.38751450247012e-05
rule_a_one_step	primary::APC+ARID1A+FBXW7+KRAS+PIK3CA+TP53	primary::APC+ARID1A+FBXW7+KRAS+PIK3CA+SMAD4+TP53	same_stage_one_event	SMAD4	1	0.052887424490827395	0.00015756716300323014	8.333321435567226e-06
rule_a_one_step	primary::APC+FBXW7+KRAS+PIK3CA+SOX9	primary::APC+ARID1A+FBXW7+KRAS+PIK3CA+SOX9	same_stage_one_event	ARID1A	1	0.21581209369971355	0.0008666193965177657	0.00018702694640328126
rule_a_one_step	primary::APC+ARID1A+KRAS+PIK3CA+SOX9	primary::APC+ARID1A+FBXW7+KRAS+PIK3CA+SOX9	same_stage_one_event	FBXW7	1	0.20977961409216184	0.00039391790750807534	8.263594662103595e-05
rule_a_one_step	primary::APC+ARID1A+FBXW7+PIK3CA+SOX9	primary::APC+ARID1A+FBXW7+KRAS+PIK3CA+SOX9	same_stage_one_event	KRAS	1	0.15110787303228845	7.878358150161507e-05	1.1904819430575e-05
rule_a_one_step	primary::APC+ARID1A+FBXW7+KRAS+SOX9	primary::APC+ARID1A+FBXW7+KRAS+PIK3CA+SOX9	same_stage_one_event	PIK3CA	1	0.3583991041180057	7.878358150161507e-05	2.8235965029386727e-05
rule_a_one_step	primary::APC+ARID1A+FBXW7+KRAS+PIK3CA	primary::APC+ARID1A+FBXW7+KRAS+PIK3CA+SOX9	same_stage_one_event	SOX9	1	0.3300490492397291	0.00015756716300323014	5.200489234061753e-05
rule_a_one_step	primary::APC+FBXW7+KRAS+PIK3CA+SOX9+TCF7L2+TP53	primary::APC+ARID1A+FBXW7+KRAS+PIK3CA+SOX9+TCF7L2+TP53	same_stage_one_event	ARID1A	1	0.2759521051159327	7.878358150161507e-05	2.1740495163943335e-05
rule_a_one_step	primary::APC+ARID1A+FBXW7+PIK3CA+SOX9+TCF7L2+TP53	primary::APC+ARID1A+FBXW7+KRAS+PIK3CA+SOX9+TCF7L2+TP53	same_stage_one_event	KRAS	1	0.3417880117013715	7.878358150161507e-05	2.6927283676149968e-05
rule_a_one_step	primary::APC+ARID1A+FBXW7+KRAS+PIK3CA+SOX9+TP53	primary::APC+ARID1A+FBXW7+KRAS+PIK3CA+SOX9+TCF7L2+TP53	same_stage_one_event	TCF7L2	1	0.49923113697231075	7.878358150161507e-05	3.9331216967802e-05
rule_a_one_step	primary::APC+FBXW7+KRAS+PIK3CA+SOX9+TP53	primary::APC+ARID1A+FBXW7+KRAS+PIK3CA+SOX9+TP53	same_stage_one_event	ARID1A	1	0.20461016948998656	0.0003151343260064603	6.447968785629452e-05
rule_a_one_step	primary::APC+ARID1A+KRAS+PIK3CA+SOX9+TP53	primary::APC+ARID1A+FBXW7+KRAS+PIK3CA+SOX9+TP53	same_stage_one_event	FBXW7	1	0.257767461867548	0.00015756716300323014	4.0615687681012846e-05
rule_a_one_step	primary::APC+ARID1A+FBXW7+PIK3CA+SOX9+TP53	primary::APC+ARID1A+FBXW7+KRAS+PIK3CA+SOX9+TP53	same_stage_one_event	KRAS	1	0.3358818958350053	7.878358150161507e-05	2.6461978715434122e-05
rule_a_one_step	primary::APC+ARID1A+FBXW7+KRAS+SOX9+TP53	primary::APC+ARID1A+FBXW7+KRAS+PIK3CA+SOX9+TP53	same_stage_one_event	PIK3CA	1	0.31231785627598907	7.878358150161507e-05	2.4605519284329088e-05
rule_a_one_step	primary::APC+ARID1A+FBXW7+KRAS+PIK3CA+TP53	primary::APC+ARID1A+FBXW7+KRAS+PIK3CA+SOX9+TP53	same_stage_one_event	SOX9	1	0.3142308522496671	0.00015756716300323014	4.951246391706723e-05
rule_a_one_step	primary::APC+ARID1A+FBXW7+KRAS+PIK3CA+SOX9	primary::APC+ARID1A+FBXW7+KRAS+PIK3CA+SOX9+TP53	same_stage_one_event	TP53	1	0.016887030195983043	7.878358150161507e-05	1.3304207197654648e-06
rule_a_one_step	primary::APC+ARID1A+KRAS+PTEN	primary::APC+ARID1A+FBXW7+KRAS+PTEN	same_stage_one_event	FBXW7	1	0.1312935128643617	0.00015756716300323014	2.0687546342765574e-05
rule_a_one_step	primary::APC+ARID1A+FBXW7+KRAS	primary::APC+ARID1A+FBXW7+KRAS+PTEN	same_stage_one_event	PTEN	1	0.01837146737743695	0.00015756716300323014	2.8947399948691325e-06
rule_a_one_step	primary::APC+ARID1A+FBXW7+KRAS+PTEN+TCF7L2	primary::APC+ARID1A+FBXW7+KRAS+PTEN+RNF43+TCF7L2	same_stage_one_event	RNF43	1	0.013612514833882263	7.878358150161507e-05	1.0724426718571073e-06
rule_a_one_step	primary::APC+ARID1A+FBXW7+KRAS+PTEN+RNF43+TCF7L2	primary::APC+ARID1A+FBXW7+KRAS+PTEN+RNF43+TCF7L2+TP53	same_stage_one_event	TP53	1	0.001747665400809927	7.878358150161507e-05	1.3768733954226164e-07
rule_a_one_step	primary::APC+ARID1A+KRAS+PTEN+SOX9	primary::APC+ARID1A+FBXW7+KRAS+PTEN+SOX9	same_stage_one_event	FBXW7	1	0.16694775973972692	7.878358150161507e-05	1.3152742435966826e-05
rule_a_one_step	primary::APC+ARID1A+FBXW7+PTEN+SOX9	primary::APC+ARID1A+FBXW7+KRAS+PTEN+SOX9	same_stage_one_event	KRAS	1	0.12162137016562331	7.878358150161507e-05	9.58176712878148e-06
rule_a_one_step	primary::APC+ARID1A+FBXW7+KRAS+SOX9	primary::APC+ARID1A+FBXW7+KRAS+PTEN+SOX9	same_stage_one_event	PTEN	1	0.026181372170738924	7.878358150161507e-05	2.0626622682375268e-06
rule_a_one_step	primary::APC+ARID1A+FBXW7+KRAS+PTEN	primary::APC+ARID1A+FBXW7+KRAS+PTEN+SOX9	same_stage_one_event	SOX9	1	0.23382596183912577	7.878358150161507e-05	1.84216467217463e-05
rule_a_one_step	primary::APC+FBXW7+KRAS+PTEN+TCF7L2	primary::APC+ARID1A+FBXW7+KRAS+PTEN+TCF7L2	same_stage_one_event	ARID1A	1	0.1514505279472988	0.00015756716300323014	2.3863630023997292e-05
rule_a_one_step	primary::APC+ARID1A+KRAS+PTEN+TCF7L2	primary::APC+ARID1A+FBXW7+KRAS+PTEN+TCF7L2	same_stage_one_event	FBXW7	1	0.1864993886004502	7.878358150161507e-05	1.4693089781804949e-05
rule_a_one_step	primary::APC+ARID1A+FBXW7+PTEN+TCF7L2	primary::APC+ARID1A+FBXW7+KRAS+PTEN+TCF7L2	same_stage_one_event	KRAS	1	0.10866030840891859	7.878358150161507e-05	8.560648263524668e-06
rule_a_one_step	primary::APC+ARID1A+FBXW7+KRAS+PTEN	primary::APC+ARID1A+FBXW7+KRAS+PTEN+TCF7L2	same_stage_one_event	TCF7L2	1	0.25610308316139513	7.878358150161507e-05	2.0176718125060676e-05
rule_a_one_step	primary::APC+ARID1A+KRAS+RNF43+SOX9+TP53	primary::APC+ARID1A+FBXW7+KRAS+RNF43+SOX9+TP53	same_stage_one_event	FBXW7	1	0.15947517765570443	7.878358150161507e-05	1.2564025656322732e-05
rule_a_one_step	primary::APC+ARID1A+FBXW7+KRAS+SOX9+TP53	primary::APC+ARID1A+FBXW7+KRAS+RNF43+SOX9+TP53	same_stage_one_event	RNF43	1	0.02069046370472052	7.878358150161507e-05	1.6300688335870576e-06
rule_a_one_step	primary::APC+ARID1A+FBXW7+RNF43+TCF7L2+TGFBR2+TP53	primary::APC+ARID1A+FBXW7+KRAS+RNF43+TCF7L2+TGFBR2+TP53	same_stage_one_event	KRAS	1	0.16881429391578745	7.878358150161507e-05	1.3299794683352041e-05
rule_a_one_step	primary::APC+FBXW7+KRAS+SMAD4+SOX9	primary::APC+ARID1A+FBXW7+KRAS+SMAD4+SOX9	same_stage_one_event	ARID1A	1	0.13261078216741837	0.00015756716300323014	2.0895104729759454e-05
rule_a_one_step	primary::APC+ARID1A+FBXW7+KRAS+SOX9	primary::APC+ARID1A+FBXW7+KRAS+SMAD4+SOX9	same_stage_one_event	SMAD4	1	0.036552536358179635	7.878358150161507e-05	2.8797397272653936e-06
rule_a_one_step	primary::ARID1A+FBXW7+KRAS+SOX9	primary::APC+ARID1A+FBXW7+KRAS+SOX9	same_stage_one_event	APC	1	0.4455605605035163	0.00015756716300323014	7.020571346466813e-05
rule_a_one_step	primary::APC+FBXW7+KRAS+SOX9	primary::APC+ARID1A+FBXW7+KRAS+SOX9	same_stage_one_event	ARID1A	1	0.1055189356120239	0.00039391790750807534	4.156579831876779e-05
rule_a_one_step	primary::APC+ARID1A+KRAS+SOX9	primary::APC+ARID1A+FBXW7+KRAS+SOX9	same_stage_one_event	FBXW7	1	0.12701573082807194	0.0004727014890096904	6.004052509008364e-05
rule_a_one_step	primary::APC+ARID1A+FBXW7+SOX9	primary::APC+ARID1A+FBXW7+KRAS+SOX9	same_stage_one_event	KRAS	1	0.09223118624359629	7.878358150161507e-05	7.266303178413007e-06
rule_a_one_step	primary::APC+ARID1A+FBXW7+KRAS	primary::APC+ARID1A+FBXW7+KRAS+SOX9	same_stage_one_event	SOX9	1	0.25505365238057487	0.00015756716300323014	4.018808041921924e-05
rule_a_one_step	primary::APC+FBXW7+KRAS+SOX9+TP53	primary::APC+ARID1A+FBXW7+KRAS+SOX9+TP53	same_stage_one_event	ARID1A	1	0.11679411835535511	0.001102970141022611	0.00012882042519301754
rule_a_one_step	primary::APC+ARID1A+KRAS+SOX9+TP53	primary::APC+ARID1A+FBXW7+KRAS+SOX9+TP53	same_stage_one_event	FBXW7	1	0.1715495764273678	0.0004727014890096904	8.109174021619844e-05
rule_a_one_step	primary::APC+ARID1A+FBXW7+KRAS+TP53	primary::APC+ARID1A+FBXW7+KRAS+SOX9+TP53	same_stage_one_event	SOX9	1	0.26184078086676843	0.0003151343260064603	8.251501799945434e-05
rule_a_one_step	primary::APC+ARID1A+FBXW7+KRAS+SOX9	primary::APC+ARID1A+FBXW7+KRAS+SOX9+TP53	same_stage_one_event	TP53	1	0.027898713235552108	7.878358150161507e-05	2.1979605479833067e-06
rule_a_one_step	primary::APC+ARID1A+FBXW7+PIK3CA+RNF43+SMAD4+TCF7L2+TGFBR2+TP53	primary::APC+ARID1A+FBXW7+NRAS+PIK3CA+RNF43+SMAD4+TCF7L2+TGFBR2+TP53	same_stage_one_event	NRAS	1	0.10091369541572869	0.00015756716300323014	1.590068469482844e-05
rule_a_one_step	primary::APC+ARID1A+FBXW7+PTEN+TP53	primary::APC+ARID1A+FBXW7+NRAS+PTEN+TP53	same_stage_one_event	NRAS	1	0.05443946522657387	7.878358150161507e-05	4.288936045582122e-06
rule_a_one_step	primary::APC+ARID1A+FBXW7+NRAS+TP53	primary::APC+ARID1A+FBXW7+NRAS+PTEN+TP53	same_stage_one_event	PTEN	1	0.028773867015940313	7.878358150161507e-05	2.2669082971669673e-06
rule_a_one_step	primary::APC+FBXW7+NRAS+TP53	primary::APC+ARID1A+FBXW7+NRAS+TP53	same_stage_one_event	ARID1A	1	0.12734782769829636	0.0006302686520129206	8.026334370017891e-05
rule_a_one_step	primary::APC+ARID1A+NRAS+TP53	primary::APC+ARID1A+FBXW7+NRAS+TP53	same_stage_one_event	FBXW7	1	0.1473612289597247	0.00039391790750807534	5.8048226959633145e-05
rule_a_one_step	primary::APC+ARID1A+FBXW7+TP53	primary::APC+ARID1A+FBXW7+NRAS+TP53	same_stage_one_event	NRAS	1	0.0537632187090588	0.0005514850705113054	2.9649612460680028e-05
rule_a_one_step	primary::APC+ARID1A+PIK3CA+PTEN+RNF43	primary::APC+ARID1A+FBXW7+PIK3CA+PTEN+RNF43	same_stage_one_event	FBXW7	1	0.17894850369994414	7.878358150161507e-05	1.4098204025836615e-05
rule_a_one_step	primary::APC+ARID1A+FBXW7+PIK3CA+PTEN+TCF7L2	primary::APC+ARID1A+FBXW7+PIK3CA+PTEN+SOX9+TCF7L2	same_stage_one_event	SOX9	1	0.24057191922822918	7.878358150161507e-05	1.8953117405517152e-05
rule_a_one_step	primary::APC+ARID1A+PIK3CA+PTEN+TCF7L2	primary::APC+ARID1A+FBXW7+PIK3CA+PTEN+TCF7L2	same_stage_one_event	FBXW7	1	0.2517851305424934	0.0002363507445048452	5.950960305896795e-05
rule_a_one_step	primary::APC+ARID1A+FBXW7+PTEN+TCF7L2	primary::APC+ARID1A+FBXW7+PIK3CA+PTEN+TCF7L2	same_stage_one_event	PIK3CA	1	0.23421954496047975	7.878358150161507e-05	1.845265460966515e-05
rule_a_one_step	primary::APC+ARID1A+FBXW7+PIK3CA+TCF7L2	primary::APC+ARID1A+FBXW7+PIK3CA+PTEN+TCF7L2	same_stage_one_event	PTEN	1	0.02094978290247415	0.00015756716300323014	3.3009978574764285e-06
rule_a_one_step	primary::APC+ARID1A+FBXW7+PIK3CA+PTEN+TCF7L2	primary::APC+ARID1A+FBXW7+PIK3CA+PTEN+TCF7L2+TGFBR2	same_stage_one_event	TGFBR2	1	0.06944300498991321	7.878358150161507e-05	5.470968643339889e-06
rule_a_one_step	primary::APC+ARID1A+FBXW7+PIK3CA+TCF7L2+TP53	primary::APC+ARID1A+FBXW7+PIK3CA+PTEN+TCF7L2+TP53	same_stage_one_event	PTEN	1	0.03903467438626944	0.00015756716300323014	6.150582901799329e-06
rule_a_one_step	primary::APC+ARID1A+FBXW7+PIK3CA+PTEN+TCF7L2	primary::APC+ARID1A+FBXW7+PIK3CA+PTEN+TCF7L2+TP53	same_stage_one_event	TP53	1	0.14129244943445673	7.878358150161507e-05	1.1131525205582349e-05
rule_a_one_step	primary::APC+ARID1A+FBXW7+PTEN+TGFBR2+TP53	primary::APC+ARID1A+FBXW7+PIK3CA+PTEN+TGFBR2+TP53	same_stage_one_event	PIK3CA	1	0.1340749935830314	7.878358150161507e-05	1.0562908184277271e-05
rule_a_one_step	primary::APC+ARID1A+FBXW7+RNF43+TCF7L2	primary::APC+ARID1A+FBXW7+PIK3CA+RNF43+TCF7L2	same_stage_one_event	PIK3CA	1	0.14764357772659112	0.00015756716300323014	2.326377967802586e-05
rule_a_one_step	primary::APC+ARID1A+FBXW7+PIK3CA+TCF7L2	primary::APC+ARID1A+FBXW7+PIK3CA+RNF43+TCF7L2	same_stage_one_event	RNF43	1	0.015822946466232717	0.00015756716300323014	2.4931767850362747e-06
rule_a_one_step	primary::APC+FBXW7+PIK3CA+SOX9	primary::APC+ARID1A+FBXW7+PIK3CA+SOX9	same_stage_one_event	ARID1A	1	0.08387396552667958	7.878358150161507e-05	6.607891398934814e-06
rule_a_one_step	primary::APC+ARID1A+PIK3CA+SOX9	primary::APC+ARID1A+FBXW7+PIK3CA+SOX9	same_stage_one_event	FBXW7	1	0.1366110179331154	0.0003151343260064603	4.305082106140878e-05
rule_a_one_step	primary::APC+ARID1A+FBXW7+SOX9	primary::APC+ARID1A+FBXW7+PIK3CA+SOX9	same_stage_one_event	PIK3CA	1	0.14092140538943632	7.878358150161507e-05	1.1102293026820793e-05
rule_a_one_step	primary::APC+FBXW7+PIK3CA+SOX9+TCF7L2+TP53	primary::APC+ARID1A+FBXW7+PIK3CA+SOX9+TCF7L2+TP53	same_stage_one_event	ARID1A	1	0.13521896146135695	7.878358150161507e-05	1.0653034070854563e-05
rule_a_one_step	primary::APC+ARID1A+FBXW7+SOX9+TCF7L2+TP53	primary::APC+ARID1A+FBXW7+PIK3CA+SOX9+TCF7L2+TP53	same_stage_one_event	PIK3CA	1	0.229084858753181	0.00015756716300323014	3.609625128073442e-05
rule_a_one_step	primary::APC+ARID1A+FBXW7+PIK3CA+TCF7L2+TP53	primary::APC+ARID1A+FBXW7+PIK3CA+SOX9+TCF7L2+TP53	same_stage_one_event	SOX9	1	0.1929887153775037	0.00015756716300323014	3.0408684373671114e-05
rule_a_one_step	primary::APC+ARID1A+FBXW7+PIK3CA+SOX9+TP53	primary::APC+ARID1A+FBXW7+PIK3CA+SOX9+TCF7L2+TP53	same_stage_one_event	TCF7L2	1	0.2701106892461851	7.878358150161507e-05	2.1280287500684243e-05
rule_a_one_step	primary::APC+FBXW7+PIK3CA+SOX9+TP53	primary::APC+ARID1A+FBXW7+PIK3CA+SOX9+TP53	same_stage_one_event	ARID1A	1	0.0934259940515731	0.0002363507445048452	2.2081303250194542e-05
rule_a_one_step	primary::APC+ARID1A+PIK3CA+SOX9+TP53	primary::APC+ARID1A+FBXW7+PIK3CA+SOX9+TP53	same_stage_one_event	FBXW7	1	0.1745709523533367	7.878358150161507e-05	1.3753324852543662e-05
rule_a_one_step	primary::APC+ARID1A+FBXW7+PIK3CA+TP53	primary::APC+ARID1A+FBXW7+PIK3CA+SOX9+TP53	same_stage_one_event	SOX9	1	0.17858264684523711	7.878358150161507e-05	1.406938051250588e-05
rule_a_one_step	primary::APC+ARID1A+FBXW7+PIK3CA+SOX9	primary::APC+ARID1A+FBXW7+PIK3CA+SOX9+TP53	same_stage_one_event	TP53	1	0.23602391601343156	7.878358150161507e-05	1.8594809423574534e-05
rule_a_one_step	primary::APC+ARID1A+FBXW7+PIK3CA+TCF7L2+TP53	primary::APC+ARID1A+FBXW7+PIK3CA+TCF7L2+TGFBR2+TP53	same_stage_one_event	TGFBR2	1	0.05217092543567411	0.00015756716300323014	8.220424712152228e-06
rule_a_one_step	primary::APC+FBXW7+PIK3CA+TP53	primary::APC+ARID1A+FBXW7+PIK3CA+TP53	same_stage_one_event	ARID1A	1	0.0680771922969239	0.001181753722524226	8.045047541588738e-05
rule_a_one_step	primary::APC+ARID1A+PIK3CA+TP53	primary::APC+ARID1A+FBXW7+PIK3CA+TP53	same_stage_one_event	FBXW7	1	0.13026003632267596	0.0005514850705113054	7.183646531621616e-05
rule_a_one_step	primary::APC+ARID1A+FBXW7+TP53	primary::APC+ARID1A+FBXW7+PIK3CA+TP53	same_stage_one_event	PIK3CA	1	0.10968378287209407	0.0005514850705113054	6.048896873116352e-05
rule_a_one_step	primary::APC+ARID1A+PTEN+SOX9	primary::APC+ARID1A+FBXW7+PTEN+SOX9	same_stage_one_event	FBXW7	1	0.1559761138341465	7.878358150161507e-05	1.228835687655767e-05
rule_a_one_step	primary::APC+ARID1A+FBXW7+SOX9	primary::APC+ARID1A+FBXW7+PTEN+SOX9	same_stage_one_event	PTEN	1	0.014571218459416425	7.878358150161507e-05	1.1479727770752719e-06
rule_a_one_step	primary::APC+ARID1A+PTEN+SOX9+TCF7L2+TP53	primary::APC+ARID1A+FBXW7+PTEN+SOX9+TCF7L2+TP53	same_stage_one_event	FBXW7	1	0.2503914947516815	7.878358150161507e-05	1.972673873408032e-05
rule_a_one_step	primary::APC+ARID1A+FBXW7+SOX9+TCF7L2+TP53	primary::APC+ARID1A+FBXW7+PTEN+SOX9+TCF7L2+TP53	same_stage_one_event	PTEN	1	0.04057407369737523	0.00015756716300323014	6.393141683979396e-06
rule_a_one_step	primary::APC+ARID1A+FBXW7+PTEN+TP53	primary::APC+ARID1A+FBXW7+PTEN+TGFBR2+TP53	same_stage_one_event	TGFBR2	1	0.026322906841367014	7.878358150161507e-05	2.073812876496259e-06
rule_a_one_step	primary::APC+FBXW7+PTEN+TP53	primary::APC+ARID1A+FBXW7+PTEN+TP53	same_stage_one_event	ARID1A	1	0.08920522799489254	7.878358150161507e-05	7.0279073501057706e-06
rule_a_one_step	primary::APC+ARID1A+FBXW7+TP53	primary::APC+ARID1A+FBXW7+PTEN+TP53	same_stage_one_event	PTEN	1	0.019366932216416378	0.0005514850705113054	1.068057397895806e-05
rule_a_one_step	primary::APC+FBXW7+RNF43+SOX9+TGFBR2	primary::APC+ARID1A+FBXW7+RNF43+SOX9+TGFBR2	same_stage_one_event	ARID1A	1	0.49010691490435226	0.00015756716300323014	7.722475614974432e-05
rule_a_one_step	primary::APC+ARID1A+FBXW7+RNF43+TGFBR2	primary::APC+ARID1A+FBXW7+RNF43+SOX9+TGFBR2	same_stage_one_event	SOX9	1	0.23502385841981913	0.00015756716300323014	3.7032042609283723e-05
rule_a_one_step	primary::APC+FBXW7+RNF43+TP53	primary::APC+ARID1A+FBXW7+RNF43+TP53	same_stage_one_event	ARID1A	1	0.38463773060195117	0.0002363507445048452	9.090941399242524e-05
rule_a_one_step	primary::APC+ARID1A+RNF43+TP53	primary::APC+ARID1A+FBXW7+RNF43+TP53	same_stage_one_event	FBXW7	1	0.13121060727984696	0.0002363507445048452	3.101172471752469e-05
rule_a_one_step	primary::APC+ARID1A+FBXW7+TP53	primary::APC+ARID1A+FBXW7+RNF43+TP53	same_stage_one_event	RNF43	1	0.017519975684712256	0.0005514850705113054	9.662005025839896e-06
rule_a_one_step	primary::ARID1A+FBXW7+SOX9	primary::APC+ARID1A+FBXW7+SOX9	same_stage_one_event	APC	1	0.3567303838272916	0.00015756716300323014	5.620899453671971e-05
rule_a_one_step	primary::APC+FBXW7+SOX9	primary::APC+ARID1A+FBXW7+SOX9	same_stage_one_event	ARID1A	1	0.04272054253447763	7.878358150161507e-05	3.3656773445582313e-06
rule_a_one_step	primary::APC+ARID1A+SOX9	primary::APC+ARID1A+FBXW7+SOX9	same_stage_one_event	FBXW7	1	0.0766856675519169	7.878358150161507e-05	6.041571539582203e-06
rule_a_one_step	primary::APC+ARID1A+FBXW7	primary::APC+ARID1A+FBXW7+SOX9	same_stage_one_event	SOX9	1	0.0930138847636036	0.00015756716300323014	1.4655933942110393e-05
rule_a_one_step	primary::APC+ARID1A+FBXW7+SOX9	primary::APC+ARID1A+FBXW7+SOX9+TCF7L2	same_stage_one_event	TCF7L2	1	0.18825996009326457	7.878358150161507e-05	1.483179390949851e-05
rule_a_one_step	primary::APC+KRAS+PIK3CA+PTEN	primary::APC+ARID1A+KRAS+PIK3CA+PTEN	same_stage_one_event	ARID1A	1	0.16332593325935799	0.0006302686520129206	0.00010293921579412779
rule_a_one_step	primary::APC+ARID1A+KRAS+PTEN	primary::APC+ARID1A+KRAS+PIK3CA+PTEN	same_stage_one_event	PIK3CA	1	0.2561737901904882	0.00015756716300323014	4.036457735609993e-05
rule_a_one_step	primary::APC+ARID1A+KRAS+PIK3CA	primary::APC+ARID1A+KRAS+PIK3CA+PTEN	same_stage_one_event	PTEN	1	0.023170633576283066	0.0010241865595209958	2.373105148441502e-05
rule_a_one_step	primary::APC+ARID1A+PIK3CA+PTEN+RNF43	primary::APC+ARID1A+KRAS+PIK3CA+PTEN+RNF43	same_stage_one_event	KRAS	1	0.051330559229516015	7.878358150161507e-05	4.044005296582054e-06
rule_a_one_step	primary::APC+ARID1A+KRAS+PTEN+RNF43	primary::APC+ARID1A+KRAS+PIK3CA+PTEN+RNF43	same_stage_one_event	PIK3CA	1	0.1349307429266125	7.878358150161507e-05	1.0630327182432248e-05
rule_a_one_step	primary::APC+ARID1A+KRAS+PIK3CA+RNF43	primary::APC+ARID1A+KRAS+PIK3CA+PTEN+RNF43	same_stage_one_event	PTEN	1	0.013491895396238763	7.878358150161507e-05	1.0629398405608416e-06
rule_a_one_step	primary::APC+ARID1A+KRAS+PIK3CA+PTEN	primary::APC+ARID1A+KRAS+PIK3CA+PTEN+RNF43	same_stage_one_event	RNF43	1	0.009970374165741857	7.878358150161507e-05	7.855017856883209e-07
rule_a_one_step	primary::APC+KRAS+PIK3CA+PTEN+RNF43+TP53	primary::APC+ARID1A+KRAS+PIK3CA+PTEN+RNF43+TP53	same_stage_one_event	ARID1A	1	0.4581799482202352	7.878358150161507e-05	3.6097057293014676e-05
rule_a_one_step	primary::APC+ARID1A+KRAS+PIK3CA+PTEN+RNF43	primary::APC+ARID1A+KRAS+PIK3CA+PTEN+RNF43+TP53	same_stage_one_event	TP53	1	0.000700110874503775	7.878358150161507e-05	5.5157242141635165e-08
rule_a_one_step	primary::APC+KRAS+PIK3CA+RNF43	primary::APC+ARID1A+KRAS+PIK3CA+RNF43	same_stage_one_event	ARID1A	1	0.39630717260474496	0.00015756716300323014	6.244499686516111e-05
rule_a_one_step	primary::APC+ARID1A+PIK3CA+RNF43	primary::APC+ARID1A+KRAS+PIK3CA+RNF43	same_stage_one_event	KRAS	1	0.053164367827517364	0.00015756716300323014	8.376958611442113e-06
rule_a_one_step	primary::APC+ARID1A+KRAS+PIK3CA	primary::APC+ARID1A+KRAS+PIK3CA+RNF43	same_stage_one_event	RNF43	1	0.010190643764870574	0.0010241865595209958	1.0437120376846881e-05
rule_a_one_step	primary::APC+KRAS+PIK3CA+RNF43+SOX9	primary::APC+ARID1A+KRAS+PIK3CA+RNF43+SOX9	same_stage_one_event	ARID1A	1	0.448083872470964	7.878358150161507e-05	3.5301652286375487e-05
rule_a_one_step	primary::APC+ARID1A+KRAS+PIK3CA+SOX9	primary::APC+ARID1A+KRAS+PIK3CA+RNF43+SOX9	same_stage_one_event	RNF43	1	0.014531323826892565	0.00039391790750807534	5.724148675211757e-06
rule_a_one_step	primary::APC+ARID1A+KRAS+PIK3CA+RNF43	primary::APC+ARID1A+KRAS+PIK3CA+RNF43+SOX9	same_stage_one_event	SOX9	1	0.21420219283189645	7.878358150161507e-05	1.6875615916796382e-05
rule_a_one_step	primary::APC+ARID1A+PIK3CA+RNF43+TGFBR2+TP53	primary::APC+ARID1A+KRAS+PIK3CA+RNF43+TGFBR2+TP53	same_stage_one_event	KRAS	1	0.1356700754649424	7.878358150161507e-05	1.0688574447722556e-05
rule_a_one_step	primary::APC+KRAS+PIK3CA+SMAD4+SOX9+TP53	primary::APC+ARID1A+KRAS+PIK3CA+SMAD4+SOX9+TP53	same_stage_one_event	ARID1A	1	0.18420724941588074	0.0003151343260064603	5.80500273901775e-05
rule_a_one_step	primary::APC+ARID1A+KRAS+SMAD4+SOX9+TP53	primary::APC+ARID1A+KRAS+PIK3CA+SMAD4+SOX9+TP53	same_stage_one_event	PIK3CA	1	0.2817770633225459	0.00039391790750807534	0.00011099703116778772
rule_a_one_step	primary::APC+ARID1A+KRAS+PIK3CA+SOX9+TP53	primary::APC+ARID1A+KRAS+PIK3CA+SMAD4+SOX9+TP53	same_stage_one_event	SMAD4	1	0.08764052103547836	0.00015756716300323014	1.3809268263685238e-05
rule_a_one_step	primary::APC+ARID1A+KRAS+PIK3CA+SMAD4+TP53	primary::APC+ARID1A+KRAS+PIK3CA+SMAD4+SOX9+TP53	same_stage_one_event	SOX9	1	0.2952206092431024	0.00015756716300323014	4.651707385852082e-05
rule_a_one_step	primary::APC+KRAS+PIK3CA+SOX9+TGFBR2	primary::APC+ARID1A+KRAS+PIK3CA+SOX9+TGFBR2	same_stage_one_event	ARID1A	1	0.16876532652641388	7.878358150161507e-05	1.3295936857040407e-05
rule_a_one_step	primary::APC+ARID1A+KRAS+PIK3CA+SOX9	primary::APC+ARID1A+KRAS+PIK3CA+SOX9+TGFBR2	same_stage_one_event	TGFBR2	1	0.09452716204714126	0.00039391790750807534	3.723594187628664e-05
rule_a_one_step	primary::ARID1A+KRAS+PIK3CA+TCF7L2	primary::APC+ARID1A+KRAS+PIK3CA+TCF7L2	same_stage_one_event	APC	1	0.7052441277833391	7.878358150161507e-05	5.556165821975413e-05
rule_a_one_step	primary::APC+KRAS+PIK3CA+TCF7L2	primary::APC+ARID1A+KRAS+PIK3CA+TCF7L2	same_stage_one_event	ARID1A	1	0.14492703264735865	0.0012605373040258411	0.00018268593101376655
rule_a_one_step	primary::APC+ARID1A+PIK3CA+TCF7L2	primary::APC+ARID1A+KRAS+PIK3CA+TCF7L2	same_stage_one_event	KRAS	1	0.09789543083654821	7.878358150161507e-05	7.712552653946917e-06
rule_a_one_step	primary::APC+ARID1A+KRAS+TCF7L2	primary::APC+ARID1A+KRAS+PIK3CA+TCF7L2	same_stage_one_event	PIK3CA	1	0.32527780786409266	0.00039391790750807534	0.00012813275343263715
rule_a_one_step	primary::APC+ARID1A+KRAS+PIK3CA	primary::APC+ARID1A+KRAS+PIK3CA+TCF7L2	same_stage_one_event	TCF7L2	1	0.3127984264801416	0.0010241865595209958	0.0003203639442402774
rule_a_one_step	primary::APC+ARID1A+KRAS+PTEN	primary::APC+ARID1A+KRAS+PTEN+RNF43	same_stage_one_event	RNF43	1	0.0075596784008076555	0.00015756716300323014	1.1911570788320581e-06
rule_a_one_step	primary::APC+ARID1A+PTEN+RNF43+SOX9+TP53	primary::APC+ARID1A+KRAS+PTEN+RNF43+SOX9+TP53	same_stage_one_event	KRAS	1	0.07918254037879671	7.878358150161507e-05	6.238284123437857e-06
rule_a_one_step	primary::APC+ARID1A+KRAS+RNF43+SOX9+TP53	primary::APC+ARID1A+KRAS+PTEN+RNF43+SOX9+TP53	same_stage_one_event	PTEN	1	0.019400438859638734	7.878358150161507e-05	1.5284360560654483e-06
rule_a_one_step	primary::APC+KRAS+PTEN+SMAD4+TP53	primary::APC+ARID1A+KRAS+PTEN+SMAD4+TP53	same_stage_one_event	ARID1A	1	0.13072498873696523	0.0002363507445048452	3.089694841336923e-05
rule_a_one_step	primary::APC+ARID1A+PTEN+SMAD4+TP53	primary::APC+ARID1A+KRAS+PTEN+SMAD4+TP53	same_stage_one_event	KRAS	1	0.2967012429171897	7.878358150161507e-05	2.3375186552996906e-05
rule_a_one_step	primary::APC+ARID1A+KRAS+SMAD4+TP53	primary::APC+ARID1A+KRAS+PTEN+SMAD4+TP53	same_stage_one_event	PTEN	1	0.029618181703249258	0.0005514850705113054	1.6333985025033075e-05
rule_a_one_step	primary::APC+ARID1A+PTEN+SOX9	primary::APC+ARID1A+KRAS+PTEN+SOX9	same_stage_one_event	KRAS	1	0.11018891592171068	7.878358150161507e-05	8.681077438092704e-06
rule_a_one_step	primary::APC+ARID1A+KRAS+SOX9	primary::APC+ARID1A+KRAS+PTEN+SOX9	same_stage_one_event	PTEN	1	0.02207266403851576	0.0004727014890096904	1.0433781157417046e-05
rule_a_one_step	primary::APC+ARID1A+KRAS+PTEN	primary::APC+ARID1A+KRAS+PTEN+SOX9	same_stage_one_event	SOX9	1	0.19835155273791819	0.00015756716300323014	3.1253691442199355e-05
rule_a_one_step	primary::APC+ARID1A+KRAS+PTEN+TCF7L2	primary::APC+ARID1A+KRAS+PTEN+SOX9+TCF7L2	same_stage_one_event	SOX9	1	0.17839398113996852	7.878358150161507e-05	1.4054516752538292e-05
rule_a_one_step	primary::APC+ARID1A+KRAS+PTEN+SOX9	primary::APC+ARID1A+KRAS+PTEN+SOX9+TCF7L2	same_stage_one_event	TCF7L2	1	0.26085750839011385	7.878358150161507e-05	2.0551288772560772e-05
rule_a_one_step	primary::APC+ARID1A+KRAS+TCF7L2	primary::APC+ARID1A+KRAS+PTEN+TCF7L2	same_stage_one_event	PTEN	1	0.02380050579869669	0.00039391790750807534	9.375445441856414e-06
rule_a_one_step	primary::APC+ARID1A+KRAS+PTEN	primary::APC+ARID1A+KRAS+PTEN+TCF7L2	same_stage_one_event	TCF7L2	1	0.2178392072899588	0.00015756716300323014	3.4324305883551377e-05
rule_a_one_step	primary::APC+ARID1A+KRAS+RNF43+TCF7L2	primary::APC+ARID1A+KRAS+RNF43+SOX9+TCF7L2	same_stage_one_event	SOX9	1	0.24344493072718312	0.0002363507445048452	5.7538390623300196e-05
rule_a_one_step	primary::APC+ARID1A+KRAS+RNF43+SOX9+TCF7L2	primary::APC+ARID1A+KRAS+RNF43+SOX9+TCF7L2+TGFBR2	same_stage_one_event	TGFBR2	1	0.3556893313620664	7.878358150161507e-05	2.8022479426618326e-05
rule_a_one_step	primary::APC+ARID1A+KRAS+SOX9+TP53	primary::APC+ARID1A+KRAS+RNF43+SOX9+TP53	same_stage_one_event	RNF43	1	0.01633184358815145	0.0004727014890096904	7.720086782392555e-06
rule_a_one_step	primary::APC+KRAS+SMAD4+SOX9+TCF7L2	primary::APC+ARID1A+KRAS+SMAD4+SOX9+TCF7L2	same_stage_one_event	ARID1A	1	0.12893939828875214	7.878358150161507e-05	1.0158307593851111e-05
rule_a_one_step	primary::APC+KRAS+SMAD4+TCF7L2+TP53	primary::APC+ARID1A+KRAS+SMAD4+TCF7L2+TP53	same_stage_one_event	ARID1A	1	0.12022243368191426	0.0006302686520129206	7.577243121841284e-05
rule_a_one_step	primary::APC+ARID1A+KRAS+TCF7L2+TP53	primary::APC+ARID1A+KRAS+SMAD4+TCF7L2+TP53	same_stage_one_event	SMAD4	1	0.1061341165068067	0.00039391790750807534	4.180812908957957e-05
rule_a_one_step	primary::APC+ARID1A+KRAS+SMAD4+TP53	primary::APC+ARID1A+KRAS+SMAD4+TCF7L2+TP53	same_stage_one_event	TCF7L2	1	0.1890892401077779	0.0005514850705113054	0.00010427989291376705
rule_a_one_step	primary::APC+KRAS+SOX9+TCF7L2+TP53	primary::APC+ARID1A+KRAS+SOX9+TCF7L2+TP53	same_stage_one_event	ARID1A	1	0.09969278847580804	0.00039391790750807534	3.927077463003547e-05
rule_a_one_step	primary::APC+ARID1A+SOX9+TCF7L2+TP53	primary::APC+ARID1A+KRAS+SOX9+TCF7L2+TP53	same_stage_one_event	KRAS	1	0.2158601885705446	7.878358150161507e-05	1.7006238759201496e-05
rule_a_one_step	primary::APC+ARID1A+KRAS+TCF7L2+TP53	primary::APC+ARID1A+KRAS+SOX9+TCF7L2+TP53	same_stage_one_event	SOX9	1	0.19651636264296987	0.00039391790750807534	7.74113143634168e-05
rule_a_one_step	primary::APC+ARID1A+KRAS+SOX9+TP53	primary::APC+ARID1A+KRAS+SOX9+TCF7L2+TP53	same_stage_one_event	TCF7L2	1	0.26101777457875647	0.0004727014890096904	0.0001233834907013739
rule_a_one_step	primary::APC+KRAS+SOX9+TGFBR2+TP53	primary::APC+ARID1A+KRAS+SOX9+TGFBR2+TP53	same_stage_one_event	ARID1A	1	0.0959524775008966	0.00015756716300323014	1.5118959662947546e-05
rule_a_one_step	primary::APC+ARID1A+KRAS+SOX9+TP53	primary::APC+ARID1A+KRAS+SOX9+TGFBR2+TP53	same_stage_one_event	TGFBR2	1	0.06055197593854675	0.0004727014890096904	2.8623009188629994e-05
rule_a_one_step	primary::APC+NRAS+PIK3CA+SMAD4+TP53	primary::APC+ARID1A+NRAS+PIK3CA+SMAD4+TP53	same_stage_one_event	ARID1A	1	0.14863644101992476	0.0003151343260064603	4.684044466081298e-05
rule_a_one_step	primary::APC+ARID1A+NRAS+SMAD4+TP53	primary::APC+ARID1A+NRAS+PIK3CA+SMAD4+TP53	same_stage_one_event	PIK3CA	1	0.13995950257146936	7.878358150161507e-05	1.102651087776486e-05
rule_a_one_step	primary::APC+ARID1A+NRAS+PIK3CA+TP53	primary::APC+ARID1A+NRAS+PIK3CA+SMAD4+TP53	same_stage_one_event	SMAD4	1	0.049664621972547084	7.878358150161507e-05	3.912756792921066e-06
rule_a_one_step	primary::APC+NRAS+PIK3CA+SOX9	primary::APC+ARID1A+NRAS+PIK3CA+SOX9	same_stage_one_event	ARID1A	1	0.14332109756963207	7.878358150161507e-05	1.1291349371278035e-05
rule_a_one_step	primary::APC+ARID1A+PIK3CA+SOX9	primary::APC+ARID1A+NRAS+PIK3CA+SOX9	same_stage_one_event	NRAS	1	0.03775637727876983	0.0003151343260064603	1.189833050619076e-05
rule_a_one_step	primary::APC+NRAS+PIK3CA+TP53	primary::APC+ARID1A+NRAS+PIK3CA+TP53	same_stage_one_event	ARID1A	1	0.12597948821083485	0.0006302686520129206	7.94009222159205e-05
rule_a_one_step	primary::APC+ARID1A+PIK3CA+TP53	primary::APC+ARID1A+NRAS+PIK3CA+TP53	same_stage_one_event	NRAS	1	0.06335768560834866	0.0005514850705113054	3.494081771515328e-05
rule_a_one_step	primary::APC+ARID1A+NRAS+TP53	primary::APC+ARID1A+NRAS+PIK3CA+TP53	same_stage_one_event	PIK3CA	1	0.13328782214229545	0.00039391790750807534	5.2504459994601536e-05
rule_a_one_step	primary::APC+NRAS+SMAD4+TP53	primary::APC+ARID1A+NRAS+SMAD4+TP53	same_stage_one_event	ARID1A	1	0.12355700198857392	0.0007090522335145356	8.760836822635825e-05
rule_a_one_step	primary::APC+ARID1A+SMAD4+TP53	primary::APC+ARID1A+NRAS+SMAD4+TP53	same_stage_one_event	NRAS	1	0.06306868317530794	0.00039391790750807534	2.484388370570706e-05
rule_a_one_step	primary::APC+ARID1A+NRAS+TP53	primary::APC+ARID1A+NRAS+SMAD4+TP53	same_stage_one_event	SMAD4	1	0.060274017193131885	0.00039391790750807534	2.374301472982427e-05
rule_a_one_step	primary::APC+NRAS+SOX9+TP53	primary::APC+ARID1A+NRAS+SOX9+TP53	same_stage_one_event	ARID1A	1	0.12267107267133812	0.0005514850705113054	6.765126516185037e-05
rule_a_one_step	primary::APC+ARID1A+SOX9+TP53	primary::APC+ARID1A+NRAS+SOX9+TP53	same_stage_one_event	NRAS	1	0.07332208892784285	0.0006302686520129206	4.6212614151323e-05
rule_a_one_step	primary::APC+ARID1A+NRAS+TP53	primary::APC+ARID1A+NRAS+SOX9+TP53	same_stage_one_event	SOX9	1	0.21460620821647847	0.00039391790750807534	8.453722847887752e-05
rule_a_one_step	primary::APC+ARID1A+TCF7L2	primary::APC+ARID1A+NRAS+TCF7L2	same_stage_one_event	NRAS	1	0.015897071838463887	7.878358150161507e-05	1.2524282548226495e-06
rule_a_one_step	primary::ARID1A+PIK3CA+PTEN+RNF43	primary::APC+ARID1A+PIK3CA+PTEN+RNF43	same_stage_one_event	APC	1	0.1684676952346959	0.00015756716300323014	2.6544976795823827e-05
rule_a_one_step	primary::APC+ARID1A+PIK3CA+RNF43	primary::APC+ARID1A+PIK3CA+PTEN+RNF43	same_stage_one_event	PTEN	1	0.011066919389376635	0.00015756716300323014	1.7437830913695163e-06
rule_a_one_step	primary::ARID1A+PIK3CA+PTEN+RNF43+TCF7L2	primary::APC+ARID1A+PIK3CA+PTEN+RNF43+TCF7L2	same_stage_one_event	APC	1	0.3740201549161905	0.00015756716300323014	5.893329471617278e-05
rule_a_one_step	primary::APC+ARID1A+PTEN+RNF43+TCF7L2	primary::APC+ARID1A+PIK3CA+PTEN+RNF43+TCF7L2	same_stage_one_event	PIK3CA	1	0.1482443456151944	7.878358150161507e-05	1.1679220484928261e-05
rule_a_one_step	primary::APC+ARID1A+PIK3CA+PTEN+TCF7L2	primary::APC+ARID1A+PIK3CA+PTEN+RNF43+TCF7L2	same_stage_one_event	RNF43	1	0.017871226913590506	0.0002363507445048452	4.223877786242143e-06
rule_a_one_step	primary::APC+ARID1A+PIK3CA+PTEN+RNF43	primary::APC+ARID1A+PIK3CA+PTEN+RNF43+TCF7L2	same_stage_one_event	TCF7L2	1	0.3642899837437848	7.878358150161507e-05	2.8700069624500497e-05
rule_a_one_step	primary::APC+PIK3CA+PTEN+SOX9	primary::APC+ARID1A+PIK3CA+PTEN+SOX9	same_stage_one_event	ARID1A	1	0.14482866408710657	7.878358150161507e-05	1.1410120860876592e-05
rule_a_one_step	primary::APC+ARID1A+PTEN+SOX9	primary::APC+ARID1A+PIK3CA+PTEN+SOX9	same_stage_one_event	PIK3CA	1	0.1808643912825111	7.878358150161507e-05	1.4249144511345712e-05
rule_a_one_step	primary::APC+ARID1A+PIK3CA+SOX9	primary::APC+ARID1A+PIK3CA+PTEN+SOX9	same_stage_one_event	PTEN	1	0.01827510970278591	0.0003151343260064603	5.7591143788815605e-06
rule_a_one_step	primary::APC+ARID1A+PIK3CA+SOX9+TP53	primary::APC+ARID1A+PIK3CA+RNF43+SOX9+TP53	same_stage_one_event	RNF43	1	0.020458948494201122	7.878358150161507e-05	1.611829236130239e-06
rule_a_one_step	primary::APC+ARID1A+PIK3CA+RNF43+TP53	primary::APC+ARID1A+PIK3CA+RNF43+SOX9+TP53	same_stage_one_event	SOX9	1	0.15977887490749942	7.878358150161507e-05	1.258795201351134e-05
rule_a_one_step	primary::APC+ARID1A+PIK3CA+RNF43+TGFBR2+TP53	primary::APC+ARID1A+PIK3CA+RNF43+TCF7L2+TGFBR2+TP53	same_stage_one_event	TCF7L2	1	0.3544326016117499	7.878358150161507e-05	2.7923469755908763e-05
rule_a_one_step	primary::APC+ARID1A+PIK3CA+TGFBR2+TP53	primary::APC+ARID1A+PIK3CA+RNF43+TGFBR2+TP53	same_stage_one_event	RNF43	1	0.015883383500892682	7.878358150161507e-05	1.2513498385639867e-06
rule_a_one_step	primary::APC+ARID1A+PIK3CA+RNF43+TP53	primary::APC+ARID1A+PIK3CA+RNF43+TGFBR2+TP53	same_stage_one_event	TGFBR2	1	0.10239057477990943	7.878358150161507e-05	8.066696193170206e-06
rule_a_one_step	primary::APC+PIK3CA+RNF43+TP53	primary::APC+ARID1A+PIK3CA+RNF43+TP53	same_stage_one_event	ARID1A	1	0.3534918139612631	0.0003151343260064603	0.0001113974045414837
rule_a_one_step	primary::APC+ARID1A+RNF43+TP53	primary::APC+ARID1A+PIK3CA+RNF43+TP53	same_stage_one_event	PIK3CA	1	0.060706849204194266	0.0002363507445048452	1.4348109005954684e-05
rule_a_one_step	primary::APC+ARID1A+PIK3CA+TP53	primary::APC+ARID1A+PIK3CA+RNF43+TP53	same_stage_one_event	RNF43	1	0.015389772316259119	0.0005514850705113054	8.487229670985098e-06
rule_a_one_step	primary::APC+ARID1A+PIK3CA+RNF43	primary::APC+ARID1A+PIK3CA+RNF43+TP53	same_stage_one_event	TP53	1	0.08625553782797507	0.00015756716300323014	1.3591040388871832e-05
rule_a_one_step	primary::APC+PIK3CA+SMAD4+SOX9	primary::APC+ARID1A+PIK3CA+SMAD4+SOX9	same_stage_one_event	ARID1A	1	0.07913134100426382	0.0002363507445048452	1.870275136002454e-05
rule_a_one_step	primary::APC+ARID1A+PIK3CA+SOX9	primary::APC+ARID1A+PIK3CA+SMAD4+SOX9	same_stage_one_event	SMAD4	1	0.023585888611029504	0.0003151343260064603	7.4327231107002305e-06
rule_a_one_step	primary::APC+PIK3CA+SOX9+TP53	primary::APC+ARID1A+PIK3CA+SOX9+TP53	same_stage_one_event	ARID1A	1	0.07303874899732156	0.0003151343260064603	2.3017016937625957e-05
rule_a_one_step	primary::APC+ARID1A+SOX9+TP53	primary::APC+ARID1A+PIK3CA+SOX9+TP53	same_stage_one_event	PIK3CA	1	0.1187778444485282	0.0006302686520129206	7.486195190957422e-05
rule_a_one_step	primary::APC+ARID1A+PIK3CA+TP53	primary::APC+ARID1A+PIK3CA+SOX9+TP53	same_stage_one_event	SOX9	1	0.14245895885457696	0.0005514850705113054	7.856398896888354e-05
rule_a_one_step	primary::APC+ARID1A+PIK3CA+SOX9	primary::APC+ARID1A+PIK3CA+SOX9+TP53	same_stage_one_event	TP53	1	0.24761528461744034	0.0003151343260064603	7.80320758268149e-05
rule_a_one_step	primary::APC+PIK3CA+TCF7L2	primary::APC+ARID1A+PIK3CA+TCF7L2	same_stage_one_event	ARID1A	1	0.038499378142588185	0.00015756716300323014	6.066237791316188e-06
rule_a_one_step	primary::APC+ARID1A+TCF7L2	primary::APC+ARID1A+PIK3CA+TCF7L2	same_stage_one_event	PIK3CA	1	0.07347642780539712	7.878358150161507e-05	5.78873613845404e-06
rule_a_one_step	primary::APC+PIK3CA+TGFBR2+TP53	primary::APC+ARID1A+PIK3CA+TGFBR2+TP53	same_stage_one_event	ARID1A	1	0.05611246827562205	7.878358150161507e-05	4.42074121764926e-06
rule_a_one_step	primary::APC+ARID1A+PIK3CA+TP53	primary::APC+ARID1A+PIK3CA+TGFBR2+TP53	same_stage_one_event	TGFBR2	1	0.024323091043479534	0.0005514850705113054	1.3413821579166212e-05
rule_a_one_step	primary::APC+PTEN	primary::APC+ARID1A+PTEN	same_stage_one_event	ARID1A	1	0.05576491498342072	0.0002363507445048452	1.3180079173580883e-05
rule_a_one_step	primary::APC+ARID1A	primary::APC+ARID1A+PTEN	same_stage_one_event	PTEN	1	0.005051001951252999	0.0003151343260064603	1.5917440955654298e-06
rule_a_one_step	primary::ARID1A+PTEN+RNF43+SOX9	primary::APC+ARID1A+PTEN+RNF43+SOX9	same_stage_one_event	APC	1	0.17187693972708204	7.878358150161507e-05	1.3541080889236749e-05
rule_a_one_step	primary::APC+ARID1A+RNF43+SOX9	primary::APC+ARID1A+PTEN+RNF43+SOX9	same_stage_one_event	PTEN	1	0.012285500382556302	0.0002363507445048452	2.9036871620317426e-06
rule_a_one_step	primary::APC+ARID1A+PTEN+SOX9	primary::APC+ARID1A+PTEN+RNF43+SOX9	same_stage_one_event	RNF43	1	0.013105790419116576	7.878358150161507e-05	1.0325211076275566e-06
rule_a_one_step	primary::APC+ARID1A+PTEN+RNF43+SOX9	primary::APC+ARID1A+PTEN+RNF43+SOX9+TP53	same_stage_one_event	TP53	1	0.012519270297705548	7.878358150161507e-05	9.863129518400338e-07
rule_a_one_step	primary::APC+ARID1A+RNF43+TCF7L2	primary::APC+ARID1A+PTEN+RNF43+TCF7L2	same_stage_one_event	PTEN	1	0.01525707461781614	7.878358150161507e-05	1.2020069816289405e-06
rule_a_one_step	primary::APC+PTEN+SMAD4+TP53	primary::APC+ARID1A+PTEN+SMAD4+TP53	same_stage_one_event	ARID1A	1	0.07865374801816964	0.0002363507445048452	1.8589871902190886e-05
rule_a_one_step	primary::APC+ARID1A+SMAD4+TP53	primary::APC+ARID1A+PTEN+SMAD4+TP53	same_stage_one_event	PTEN	1	0.01800107678067424	0.00039391790750807534	7.090946498335397e-06
rule_a_one_step	primary::APC+PTEN+SOX9	primary::APC+ARID1A+PTEN+SOX9	same_stage_one_event	ARID1A	1	0.10097915868390428	0.0002363507445048452	2.386649933441368e-05
rule_a_one_step	primary::APC+ARID1A+SOX9	primary::APC+ARID1A+PTEN+SOX9	same_stage_one_event	PTEN	1	0.01140459865761523	7.878358150161507e-05	8.984951278354392e-07
rule_a_one_step	primary::APC+ARID1A+PTEN	primary::APC+ARID1A+PTEN+SOX9	same_stage_one_event	SOX9	1	0.13495389600061727	7.878358150161507e-05	1.0632151264525115e-05
rule_a_one_step	primary::APC+ARID1A+SOX9+TCF7L2+TP53	primary::APC+ARID1A+PTEN+SOX9+TCF7L2+TP53	same_stage_one_event	PTEN	1	0.02952361846525967	7.878358150161507e-05	2.3259764015803727e-06
rule_a_one_step	primary::ARID1A+RNF43+SMAD4+TP53	primary::APC+ARID1A+RNF43+SMAD4+TP53	same_stage_one_event	APC	1	0.15690917860242065	7.878358150161507e-05	1.2361867060775282e-05
rule_a_one_step	primary::APC+ARID1A+SMAD4+TP53	primary::APC+ARID1A+RNF43+SMAD4+TP53	same_stage_one_event	RNF43	1	0.014080758809339056	0.00039391790750807534	5.54666304630074e-06
rule_a_one_step	primary::APC+ARID1A+RNF43+TP53	primary::APC+ARID1A+RNF43+SMAD4+TP53	same_stage_one_event	SMAD4	1	0.02746685457764876	0.0002363507445048452	6.4918115286336e-06
rule_a_one_step	primary::APC+ARID1A+RNF43+SMAD4	primary::APC+ARID1A+RNF43+SMAD4+TP53	same_stage_one_event	TP53	1	0.15668301414456515	0.00015756716300323014	2.468809802955411e-05
rule_a_one_step	primary::APC+RNF43+TCF7L2	primary::APC+ARID1A+RNF43+TCF7L2	same_stage_one_event	ARID1A	1	0.3176883028559139	0.0002363507445048452	7.508586690047598e-05
rule_a_one_step	primary::APC+ARID1A+TCF7L2	primary::APC+ARID1A+RNF43+TCF7L2	same_stage_one_event	RNF43	1	0.0061875367141820984	7.878358150161507e-05	4.874763030160009e-07
rule_a_one_step	primary::APC+ARID1A+RNF43	primary::APC+ARID1A+RNF43+TCF7L2	same_stage_one_event	TCF7L2	1	0.28099865904634425	0.0002363507445048452	6.641424227046662e-05
rule_a_one_step	primary::ARID1A+RNF43+TCF7L2+TGFBR2	primary::APC+ARID1A+RNF43+TCF7L2+TGFBR2	same_stage_one_event	APC	1	0.39054960226859703	7.878358150161507e-05	3.0768896420751364e-05
rule_a_one_step	primary::APC+ARID1A+RNF43+TGFBR2	primary::APC+ARID1A+RNF43+TCF7L2+TGFBR2	same_stage_one_event	TCF7L2	1	0.3305047696967739	0.00015756716300323014	5.207669892015661e-05
rule_a_one_step	primary::APC+ARID1A+RNF43+TCF7L2	primary::APC+ARID1A+RNF43+TCF7L2+TGFBR2	same_stage_one_event	TGFBR2	1	0.15223842310023422	7.878358150161507e-05	1.199388821399466e-05
rule_a_one_step	primary::APC+SOX9	primary::APC+ARID1A+SOX9	same_stage_one_event	ARID1A	1	0.03235963539786954	0.001339320885527456	4.3339935536420244e-05
rule_a_one_step	primary::APC+ARID1A	primary::APC+ARID1A+SOX9	same_stage_one_event	SOX9	1	0.07169078647200433	0.0003151343260064603	2.2592227675728144e-05
rule_a_one_step	primary::APC+ARID1A+SOX9+TCF7L2+TP53	primary::APC+ARID1A+SOX9+TCF7L2+TGFBR2+TP53	same_stage_one_event	TGFBR2	1	0.05848805387239632	7.878358150161507e-05	4.607898359126788e-06
rule_a_one_step	primary::APC+SOX9+TCF7L2+TP53	primary::APC+ARID1A+SOX9+TCF7L2+TP53	same_stage_one_event	ARID1A	1	0.08566057180917355	0.0003151343260064603	2.69945865624119e-05
rule_a_one_step	primary::APC+ARID1A+TCF7L2+TP53	primary::APC+ARID1A+SOX9+TCF7L2+TP53	same_stage_one_event	SOX9	1	0.13706804900269276	0.00039391790750807534	5.3993559049355064e-05
rule_a_one_step	primary::APC+ARID1A+SOX9+TP53	primary::APC+ARID1A+SOX9+TCF7L2+TP53	same_stage_one_event	TCF7L2	1	0.17810843752133407	0.0006302686520129206	0.00011225616482869871
rule_a_one_step	primary::APC+ARID1A+SOX9	primary::APC+ARID1A+SOX9+TGFBR2	same_stage_one_event	TGFBR2	1	0.033191608435695685	7.878358150161507e-05	2.6149537883633255e-06
rule_a_one_step	primary::APC+TCF7L2	primary::APC+ARID1A+TCF7L2	same_stage_one_event	ARID1A	1	0.016870109051945494	0.0006302686520129206	1.0632700891480656e-05
rule_a_one_step	primary::APC+ARID1A	primary::APC+ARID1A+TCF7L2	same_stage_one_event	TCF7L2	1	0.06828194276114655	0.0003151343260064603	2.1517984010445616e-05
rule_a_one_step	primary::APC+BRAF+FBXW7+PIK3CA+TP53	primary::APC+BRAF+CTNNB1+FBXW7+PIK3CA+TP53	same_stage_one_event	CTNNB1	1	0.03159513553040734	0.0003151343260064603	9.956711740457682e-06
rule_a_one_step	primary::APC+BRAF+CTNNB1+FBXW7+PTEN+SOX9	primary::APC+BRAF+CTNNB1+FBXW7+PTEN+SOX9+TGFBR2	same_stage_one_event	TGFBR2	1	0.061469708936137374	7.878358150161507e-05	4.842803823850735e-06
rule_a_one_step	primary::APC+CTNNB1+KRAS+PTEN+SMAD4	primary::APC+BRAF+CTNNB1+KRAS+PTEN+SMAD4	same_stage_one_event	BRAF	1	0.0021597934058497944	7.878358150161507e-05	1.7015625981641807e-07
rule_a_one_step	primary::APC+CTNNB1+KRAS+SMAD4+TP53	primary::APC+BRAF+CTNNB1+KRAS+SMAD4+TP53	same_stage_one_event	BRAF	1	0.004488189310346908	0.00015756716300323014	7.071912566527863e-07
rule_a_one_step	primary::APC+BRAF+KRAS+SMAD4+TP53	primary::APC+BRAF+CTNNB1+KRAS+SMAD4+TP53	same_stage_one_event	CTNNB1	1	0.029553410130399933	0.00015756716300323014	4.656646991318039e-06
rule_a_one_step	primary::APC+BRAF+SOX9+TP53	primary::APC+BRAF+CTNNB1+SOX9+TP53	same_stage_one_event	CTNNB1	1	0.02256862780385974	0.00015756716300323014	3.5560746559299996e-06
rule_a_one_step	primary::APC+FBXW7+KRAS	primary::APC+BRAF+FBXW7+KRAS	same_stage_one_event	BRAF	1	0.00359677024813846	0.0019695895375403767	7.084161049670015e-06
rule_a_one_step	primary::APC+BRAF+KRAS	primary::APC+BRAF+FBXW7+KRAS	same_stage_one_event	FBXW7	1	0.09962565413117228	0.0005514850705113054	5.4942060893264474e-05
rule_a_one_step	primary::BRAF+FBXW7+KRAS+PIK3CA	primary::APC+BRAF+FBXW7+KRAS+PIK3CA	same_stage_one_event	APC	1	0.39805624854582217	0.00015756716300323014	6.272059379907386e-05
rule_a_one_step	primary::APC+FBXW7+KRAS+PIK3CA	primary::APC+BRAF+FBXW7+KRAS+PIK3CA	same_stage_one_event	BRAF	1	0.006817991261371493	0.0027574253525565274	1.8800101957614612e-05
rule_a_one_step	primary::APC+BRAF+KRAS+PIK3CA	primary::APC+BRAF+FBXW7+KRAS+PIK3CA	same_stage_one_event	FBXW7	1	0.18009637524142255	7.878358150161507e-05	1.4188637456978064e-05
rule_a_one_step	primary::APC+BRAF+FBXW7+KRAS	primary::APC+BRAF+FBXW7+KRAS+PIK3CA	same_stage_one_event	PIK3CA	1	0.32956999717596813	7.878358150161507e-05	2.5964704732999934e-05
rule_a_one_step	primary::APC+FBXW7+KRAS+PIK3CA+SOX9	primary::APC+BRAF+FBXW7+KRAS+PIK3CA+SOX9	same_stage_one_event	BRAF	1	0.010645500592001183	0.0008666193965177657	9.225597298669582e-06
rule_a_one_step	primary::APC+BRAF+FBXW7+PIK3CA+SOX9	primary::APC+BRAF+FBXW7+KRAS+PIK3CA+SOX9	same_stage_one_event	KRAS	1	0.04169631429140091	7.878358150161507e-05	3.2849849752935407e-06
rule_a_one_step	primary::APC+BRAF+FBXW7+KRAS+PIK3CA	primary::APC+BRAF+FBXW7+KRAS+PIK3CA+SOX9	same_stage_one_event	SOX9	1	0.2774417997734215	7.878358150161507e-05	2.185785864440412e-05
rule_a_one_step	primary::APC+FBXW7+KRAS+PIK3CA+TCF7L2+TP53	primary::APC+BRAF+FBXW7+KRAS+PIK3CA+TCF7L2+TP53	same_stage_one_event	BRAF	1	0.01634650886136108	7.878358150161507e-05	1.2878365131459135e-06
rule_a_one_step	primary::APC+BRAF+KRAS+PIK3CA+TCF7L2+TP53	primary::APC+BRAF+FBXW7+KRAS+PIK3CA+TCF7L2+TP53	same_stage_one_event	FBXW7	1	0.26577285806416046	7.878358150161507e-05	2.0938537624214958e-05
rule_a_one_step	primary::APC+BRAF+FBXW7+PIK3CA+TCF7L2+TP53	primary::APC+BRAF+FBXW7+KRAS+PIK3CA+TCF7L2+TP53	same_stage_one_event	KRAS	1	0.1014225242205276	7.878358150161507e-05	7.990429703027465e-06
rule_a_one_step	primary::BRAF+FBXW7+KRAS+TP53	primary::APC+BRAF+FBXW7+KRAS+TP53	same_stage_one_event	APC	1	0.27103308670312587	7.878358150161507e-05	2.135295727591002e-05
rule_a_one_step	primary::APC+FBXW7+KRAS+TP53	primary::APC+BRAF+FBXW7+KRAS+TP53	same_stage_one_event	BRAF	1	0.0083757169207236	0.0068541715906405105	5.7408600969270716e-05
rule_a_one_step	primary::APC+BRAF+KRAS+TP53	primary::APC+BRAF+FBXW7+KRAS+TP53	same_stage_one_event	FBXW7	1	0.13951615058428105	0.0003151343260064603	4.396632808139323e-05
rule_a_one_step	primary::APC+BRAF+FBXW7+TP53	primary::APC+BRAF+FBXW7+KRAS+TP53	same_stage_one_event	KRAS	1	0.10083373355556655	0.0006302686520129206	6.355234132549692e-05
rule_a_one_step	primary::APC+BRAF+FBXW7+KRAS	primary::APC+BRAF+FBXW7+KRAS+TP53	same_stage_one_event	TP53	1	0.0915911851318249	7.878358150161507e-05	7.215881598662642e-06
rule_a_one_step	primary::BRAF+FBXW7+NRAS+PIK3CA+TP53	primary::APC+BRAF+FBXW7+NRAS+PIK3CA+TP53	same_stage_one_event	APC	1	0.2890774989126083	7.878358150161507e-05	2.277456069586452e-05
rule_a_one_step	primary::APC+FBXW7+NRAS+PIK3CA+TP53	primary::APC+BRAF+FBXW7+NRAS+PIK3CA+TP53	same_stage_one_event	BRAF	1	0.04809083364781504	0.0002363507445048452	1.1366304336519745e-05
rule_a_one_step	primary::APC+BRAF+NRAS+PIK3CA+TP53	primary::APC+BRAF+FBXW7+NRAS+PIK3CA+TP53	same_stage_one_event	FBXW7	1	0.22183204680716834	0.0002363507445048452	5.24301694179079e-05
rule_a_one_step	primary::APC+BRAF+FBXW7+PIK3CA+TP53	primary::APC+BRAF+FBXW7+NRAS+PIK3CA+TP53	same_stage_one_event	NRAS	1	0.05685715700886546	0.0003151343260064603	1.7917641852632308e-05
rule_a_one_step	primary::APC+BRAF+FBXW7+NRAS+TP53	primary::APC+BRAF+FBXW7+NRAS+PIK3CA+TP53	same_stage_one_event	PIK3CA	1	0.20545531474992984	0.00015756716300323014	3.237301106908215e-05
rule_a_one_step	primary::APC+BRAF+FBXW7+PIK3CA+PTEN+RNF43+SMAD4+SOX9+TP53	primary::APC+BRAF+FBXW7+PIK3CA+PTEN+RNF43+SMAD4+SOX9+TCF7L2+TP53	same_stage_one_event	TCF7L2	1	0.07295207947988974	7.878358150161507e-05	5.747426099416194e-06
rule_a_one_step	primary::APC+BRAF+FBXW7+PIK3CA+PTEN+TP53	primary::APC+BRAF+FBXW7+PIK3CA+PTEN+SOX9+TP53	same_stage_one_event	SOX9	1	0.15890093727619112	7.878358150161507e-05	1.2518784942581827e-05
rule_a_one_step	primary::BRAF+FBXW7+PIK3CA+PTEN+TP53	primary::APC+BRAF+FBXW7+PIK3CA+PTEN+TP53	same_stage_one_event	APC	1	0.2884845099166157	7.878358150161507e-05	2.2727842898969173e-05
rule_a_one_step	primary::APC+BRAF+PIK3CA+PTEN+TP53	primary::APC+BRAF+FBXW7+PIK3CA+PTEN+TP53	same_stage_one_event	FBXW7	1	0.2552980345016857	7.878358150161507e-05	2.0113293508365692e-05
rule_a_one_step	primary::APC+BRAF+FBXW7+PTEN+TP53	primary::APC+BRAF+FBXW7+PIK3CA+PTEN+TP53	same_stage_one_event	PIK3CA	1	0.20221414130509255	0.00015756716300323014	3.186230856457773e-05
rule_a_one_step	primary::APC+BRAF+FBXW7+PIK3CA+TP53	primary::APC+BRAF+FBXW7+PIK3CA+PTEN+TP53	same_stage_one_event	PTEN	1	0.07196164372147151	0.0003151343260064603	2.267758409248295e-05
rule_a_one_step	primary::APC+BRAF+FBXW7+PIK3CA+PTEN	primary::APC+BRAF+FBXW7+PIK3CA+PTEN+TP53	same_stage_one_event	TP53	1	0.17649556874709071	0.0003151343260064603	5.5619812100241306e-05
rule_a_one_step	primary::BRAF+FBXW7+PIK3CA+RNF43	primary::APC+BRAF+FBXW7+PIK3CA+RNF43	same_stage_one_event	APC	1	0.147388795290027	0.00015756716300323014	2.3223634332313403e-05
rule_a_one_step	primary::APC+BRAF+PIK3CA+RNF43	primary::APC+BRAF+FBXW7+PIK3CA+RNF43	same_stage_one_event	FBXW7	1	0.1025806175755038	7.878358150161507e-05	8.081668445245711e-06
rule_a_one_step	primary::APC+BRAF+FBXW7+RNF43	primary::APC+BRAF+FBXW7+PIK3CA+RNF43	same_stage_one_event	PIK3CA	1	0.07547729848996275	7.878358150161507e-05	5.946371897105708e-06
rule_a_one_step	primary::BRAF+FBXW7+PIK3CA+RNF43+SMAD4+TP53	primary::APC+BRAF+FBXW7+PIK3CA+RNF43+SMAD4+TP53	same_stage_one_event	APC	1	0.1532376557687737	7.878358150161507e-05	1.2072611342375619e-05
rule_a_one_step	primary::APC+BRAF+FBXW7+PIK3CA+SMAD4+TP53	primary::APC+BRAF+FBXW7+PIK3CA+RNF43+SMAD4+TP53	same_stage_one_event	RNF43	1	0.13184135155962898	7.878358150161507e-05	1.0386933865881115e-05
rule_a_one_step	primary::APC+BRAF+FBXW7+PIK3CA+RNF43+TP53	primary::APC+BRAF+FBXW7+PIK3CA+RNF43+SMAD4+TP53	same_stage_one_event	SMAD4	1	0.02676672498236304	7.878358150161507e-05	2.1087784591793147e-06
rule_a_one_step	primary::BRAF+FBXW7+PIK3CA+RNF43+SOX9+TCF7L2+TGFBR2	primary::APC+BRAF+FBXW7+PIK3CA+RNF43+SOX9+TCF7L2+TGFBR2	same_stage_one_event	APC	1	0.35172546259964754	7.878358150161507e-05	2.7710191648912595e-05
rule_a_one_step	primary::APC+BRAF+PIK3CA+RNF43+TP53	primary::APC+BRAF+FBXW7+PIK3CA+RNF43+TP53	same_stage_one_event	FBXW7	1	0.14156719595398726	7.878358150161507e-05	1.1153170720396067e-05
rule_a_one_step	primary::APC+BRAF+FBXW7+PIK3CA+TP53	primary::APC+BRAF+FBXW7+PIK3CA+RNF43+TP53	same_stage_one_event	RNF43	1	0.1319602048617348	0.0003151343260064603	4.1585190218777215e-05
rule_a_one_step	primary::APC+BRAF+FBXW7+PIK3CA+RNF43	primary::APC+BRAF+FBXW7+PIK3CA+RNF43+TP53	same_stage_one_event	TP53	1	0.07187048991219229	7.878358150161507e-05	5.662214599558205e-06
rule_a_one_step	primary::BRAF+FBXW7+PIK3CA+SMAD4+TP53	primary::APC+BRAF+FBXW7+PIK3CA+SMAD4+TP53	same_stage_one_event	APC	1	0.294550079574027	0.0002363507445048452	6.961713060128269e-05
rule_a_one_step	primary::APC+FBXW7+PIK3CA+SMAD4+TP53	primary::APC+BRAF+FBXW7+PIK3CA+SMAD4+TP53	same_stage_one_event	BRAF	1	0.02875769525196309	0.00015756716300323014	4.531268455363285e-06
rule_a_one_step	primary::APC+BRAF+PIK3CA+SMAD4+TP53	primary::APC+BRAF+FBXW7+PIK3CA+SMAD4+TP53	same_stage_one_event	FBXW7	1	0.20499713269680406	7.878358150161507e-05	1.6150408311416063e-05
rule_a_one_step	primary::APC+BRAF+FBXW7+SMAD4+TP53	primary::APC+BRAF+FBXW7+PIK3CA+SMAD4+TP53	same_stage_one_event	PIK3CA	1	0.18477990444780315	0.00015756716300323014	2.911524532384829e-05
rule_a_one_step	primary::APC+BRAF+FBXW7+PIK3CA+TP53	primary::APC+BRAF+FBXW7+PIK3CA+SMAD4+TP53	same_stage_one_event	SMAD4	1	0.07683091407699136	0.0003151343260064603	2.4212058324112932e-05
rule_a_one_step	primary::APC+FBXW7+PIK3CA+SOX9	primary::APC+BRAF+FBXW7+PIK3CA+SOX9	same_stage_one_event	BRAF	1	0.01931756616908441	7.878358150161507e-05	1.5219070486949036e-06
rule_a_one_step	primary::APC+BRAF+PIK3CA+SOX9	primary::APC+BRAF+FBXW7+PIK3CA+SOX9	same_stage_one_event	FBXW7	1	0.15258371668414325	0.00015756716300323014	2.4042183358409085e-05
rule_a_one_step	primary::APC+FBXW7+PIK3CA+SOX9+TCF7L2+TP53	primary::APC+BRAF+FBXW7+PIK3CA+SOX9+TCF7L2+TP53	same_stage_one_event	BRAF	1	0.04653237470571432	7.878358150161507e-05	3.6659871350913357e-06
rule_a_one_step	primary::APC+BRAF+FBXW7+PIK3CA+TCF7L2+TP53	primary::APC+BRAF+FBXW7+PIK3CA+SOX9+TCF7L2+TP53	same_stage_one_event	SOX9	1	0.1444775244783722	7.878358150161507e-05	1.1382456824893423e-05
rule_a_one_step	primary::APC+FBXW7+PIK3CA+TCF7L2	primary::APC+BRAF+FBXW7+PIK3CA+TCF7L2	same_stage_one_event	BRAF	1	0.010412030981078423	7.878358150161507e-05	8.20297091395133e-07
rule_a_one_step	primary::APC+BRAF+FBXW7+PIK3CA+TP53	primary::APC+BRAF+FBXW7+PIK3CA+TCF7L2+TP53	same_stage_one_event	TCF7L2	1	0.10599442727149587	0.0003151343260064603	3.3402482398643624e-05
rule_a_one_step	primary::APC+BRAF+FBXW7+PIK3CA+TCF7L2	primary::APC+BRAF+FBXW7+PIK3CA+TCF7L2+TP53	same_stage_one_event	TP53	1	0.531867411780351	7.878358150161507e-05	4.1902419584050345e-05
rule_a_one_step	primary::BRAF+FBXW7+PTEN+RNF43	primary::APC+BRAF+FBXW7+PTEN+RNF43	same_stage_one_event	APC	1	0.12471619443995051	0.00015756716300323014	1.9651176938462226e-05
rule_a_one_step	primary::APC+BRAF+FBXW7+RNF43	primary::APC+BRAF+FBXW7+PTEN+RNF43	same_stage_one_event	PTEN	1	0.01762648203928687	7.878358150161507e-05	1.3886773843289114e-06
rule_a_one_step	primary::BRAF+FBXW7+PTEN+RNF43+TGFBR2	primary::APC+BRAF+FBXW7+PTEN+RNF43+TGFBR2	same_stage_one_event	APC	1	0.13390350716204721	7.878358150161507e-05	1.0549397869853244e-05
rule_a_one_step	primary::APC+BRAF+FBXW7+RNF43+TGFBR2	primary::APC+BRAF+FBXW7+PTEN+RNF43+TGFBR2	same_stage_one_event	PTEN	1	0.020379150751856458	7.878358150161507e-05	1.6055424841925832e-06
rule_a_one_step	primary::APC+BRAF+FBXW7+PTEN+RNF43	primary::APC+BRAF+FBXW7+PTEN+RNF43+TGFBR2	same_stage_one_event	TGFBR2	1	0.07744054881758129	7.878358150161507e-05	6.101043789299716e-06
rule_a_one_step	primary::BRAF+FBXW7+RNF43	primary::APC+BRAF+FBXW7+RNF43	same_stage_one_event	APC	1	0.13148081453399707	0.0002363507445048452	3.107558840321368e-05
rule_a_one_step	primary::APC+FBXW7+RNF43	primary::APC+BRAF+FBXW7+RNF43	same_stage_one_event	BRAF	1	0.009257531936027949	7.878358150161507e-05	7.293415217858622e-07
rule_a_one_step	primary::APC+BRAF+RNF43	primary::APC+BRAF+FBXW7+RNF43	same_stage_one_event	FBXW7	1	0.0738979286024607	7.878358150161507e-05	5.821943480852493e-06
rule_a_one_step	primary::BRAF+FBXW7+RNF43+SOX9	primary::APC+BRAF+FBXW7+RNF43+SOX9	same_stage_one_event	APC	1	0.13948196331794246	7.878358150161507e-05	1.0988888625064404e-05
rule_a_one_step	primary::APC+BRAF+RNF43+SOX9	primary::APC+BRAF+FBXW7+RNF43+SOX9	same_stage_one_event	FBXW7	1	0.09337744963761463	7.878358150161507e-05	7.3566099139379686e-06
rule_a_one_step	primary::APC+BRAF+FBXW7+RNF43	primary::APC+BRAF+FBXW7+RNF43+SOX9	same_stage_one_event	SOX9	1	0.1065169011421339	7.878358150161507e-05	8.391782962430782e-06
rule_a_one_step	primary::APC+BRAF+FBXW7+RNF43+SOX9	primary::APC+BRAF+FBXW7+RNF43+SOX9+TCF7L2	same_stage_one_event	TCF7L2	1	0.11060903639556056	7.878358150161507e-05	8.714176033684753e-06
rule_a_one_step	primary::BRAF+FBXW7+RNF43+TGFBR2	primary::APC+BRAF+FBXW7+RNF43+TGFBR2	same_stage_one_event	APC	1	0.1436240926334378	7.878358150161507e-05	1.131522040758196e-05
rule_a_one_step	primary::APC+BRAF+RNF43+TGFBR2	primary::APC+BRAF+FBXW7+RNF43+TGFBR2	same_stage_one_event	FBXW7	1	0.08549874266736199	0.00015756716300323014	1.3471794322439453e-05
rule_a_one_step	primary::APC+BRAF+FBXW7+TGFBR2	primary::APC+BRAF+FBXW7+RNF43+TGFBR2	same_stage_one_event	RNF43	1	0.029967037291297897	7.878358150161507e-05	2.360910524800906e-06
rule_a_one_step	primary::APC+BRAF+FBXW7+RNF43	primary::APC+BRAF+FBXW7+RNF43+TGFBR2	same_stage_one_event	TGFBR2	1	0.08186217599002647	7.878358150161507e-05	6.449395414009807e-06
rule_a_one_step	primary::BRAF+FBXW7+SMAD4	primary::APC+BRAF+FBXW7+SMAD4	same_stage_one_event	APC	1	0.26116316110237286	0.0002363507445048452	6.172610756378466e-05
rule_a_one_step	primary::APC+FBXW7+SMAD4	primary::APC+BRAF+FBXW7+SMAD4	same_stage_one_event	BRAF	1	0.0049990278738102955	7.878358150161507e-05	3.938413199251789e-07
rule_a_one_step	primary::APC+BRAF+SMAD4	primary::APC+BRAF+FBXW7+SMAD4	same_stage_one_event	FBXW7	1	0.04016448874031388	0.0003151343260064603	1.2657209088572876e-05
rule_a_one_step	primary::APC+BRAF+FBXW7+SMAD4+TP53	primary::APC+BRAF+FBXW7+SMAD4+TGFBR2+TP53	same_stage_one_event	TGFBR2	1	0.03088331874027387	0.00015756716300323014	4.866196918029445e-06
rule_a_one_step	primary::APC+BRAF+TGFBR2	primary::APC+BRAF+FBXW7+TGFBR2	same_stage_one_event	FBXW7	1	0.0426300785431749	0.00015756716300323014	6.717100534652944e-06
rule_a_one_step	primary::APC+KRAS+NRAS+SMAD4+TP53	primary::APC+BRAF+KRAS+NRAS+SMAD4+TP53	same_stage_one_event	BRAF	1	0.006364861111361405	0.00015756716300323014	1.002893108226803e-06
rule_a_one_step	primary::APC+BRAF+NRAS+SMAD4+TP53	primary::APC+BRAF+KRAS+NRAS+SMAD4+TP53	same_stage_one_event	KRAS	1	0.018966554564070027	7.878358150161507e-05	1.4942530973032402e-06
rule_a_one_step	primary::APC+BRAF+KRAS+SMAD4+TP53	primary::APC+BRAF+KRAS+NRAS+SMAD4+TP53	same_stage_one_event	NRAS	1	0.009714541997651392	0.00015756716300323014	1.530692822445662e-06
rule_a_one_step	primary::BRAF+KRAS+PIK3CA	primary::APC+BRAF+KRAS+PIK3CA	same_stage_one_event	APC	1	0.3483047637479723	0.00015756716300323014	5.4881393484278315e-05
rule_a_one_step	primary::APC+KRAS+PIK3CA	primary::APC+BRAF+KRAS+PIK3CA	same_stage_one_event	BRAF	1	0.005188038780982034	0.010478216339714803	5.436139272596002e-05
rule_a_one_step	primary::APC+BRAF+PIK3CA	primary::APC+BRAF+KRAS+PIK3CA	same_stage_one_event	KRAS	1	0.02642565492898201	0.0006302686520129206	1.6655261910648082e-05
rule_a_one_step	primary::APC+BRAF+KRAS	primary::APC+BRAF+KRAS+PIK3CA	same_stage_one_event	PIK3CA	1	0.27611898550670916	0.0005514850705113054	0.00015227549819167764
rule_a_one_step	primary::BRAF+KRAS+PIK3CA+SMAD4+TP53	primary::APC+BRAF+KRAS+PIK3CA+SMAD4+TP53	same_stage_one_event	APC	1	0.35298868869228056	7.878358150161507e-05	2.7809713124736516e-05
rule_a_one_step	primary::APC+KRAS+PIK3CA+SMAD4+TP53	primary::APC+BRAF+KRAS+PIK3CA+SMAD4+TP53	same_stage_one_event	BRAF	1	0.012405513204673221	0.0017332387930355314	2.150171673385416e-05
rule_a_one_step	primary::APC+BRAF+PIK3CA+SMAD4+TP53	primary::APC+BRAF+KRAS+PIK3CA+SMAD4+TP53	same_stage_one_event	KRAS	1	0.13471405832801275	7.878358150161507e-05	1.0613255993698319e-05
rule_a_one_step	primary::APC+BRAF+KRAS+SMAD4+TP53	primary::APC+BRAF+KRAS+PIK3CA+SMAD4+TP53	same_stage_one_event	PIK3CA	1	0.269654120181049	0.00015756716300323014	4.248863470905996e-05
rule_a_one_step	primary::APC+BRAF+KRAS+PIK3CA+TP53	primary::APC+BRAF+KRAS+PIK3CA+SMAD4+TP53	same_stage_one_event	SMAD4	1	0.15317895683920524	0.00015756716300323014	2.4135973660947805e-05
rule_a_one_step	primary::APC+KRAS+PIK3CA+SOX9+TP53	primary::APC+BRAF+KRAS+PIK3CA+SOX9+TP53	same_stage_one_event	BRAF	1	0.011331066434342915	0.0016544552115339162	1.8746741914535666e-05
rule_a_one_step	primary::APC+BRAF+PIK3CA+SOX9+TP53	primary::APC+BRAF+KRAS+PIK3CA+SOX9+TP53	same_stage_one_event	KRAS	1	0.09057056332597516	0.00015756716300323014	1.4270946714878304e-05
rule_a_one_step	primary::APC+BRAF+KRAS+SOX9+TP53	primary::APC+BRAF+KRAS+PIK3CA+SOX9+TP53	same_stage_one_event	PIK3CA	1	0.26758524055795296	0.0003151343260064603	8.432529443250705e-05
rule_a_one_step	primary::APC+BRAF+KRAS+PIK3CA+TP53	primary::APC+BRAF+KRAS+PIK3CA+SOX9+TP53	same_stage_one_event	SOX9	1	0.17344771877217313	0.00015756716300323014	2.7329664976313423e-05
rule_a_one_step	primary::APC+KRAS+PIK3CA+TCF7L2+TP53	primary::APC+BRAF+KRAS+PIK3CA+TCF7L2+TP53	same_stage_one_event	BRAF	1	0.010330683643439257	0.001102970141022611	1.1394435595064177e-05
rule_a_one_step	primary::APC+BRAF+KRAS+TCF7L2+TP53	primary::APC+BRAF+KRAS+PIK3CA+TCF7L2+TP53	same_stage_one_event	PIK3CA	1	0.2678889558053358	7.878358150161507e-05	2.1105251383072228e-05
rule_a_one_step	primary::APC+BRAF+KRAS+PIK3CA+TP53	primary::APC+BRAF+KRAS+PIK3CA+TCF7L2+TP53	same_stage_one_event	TCF7L2	1	0.10702772036203632	0.00015756716300323014	1.686405426014911e-05
rule_a_one_step	primary::APC+KRAS+SMAD4+TCF7L2+TP53	primary::APC+BRAF+KRAS+SMAD4+TCF7L2+TP53	same_stage_one_event	BRAF	1	0.00907015065171222	0.0006302686520129206	5.716631624808773e-06
rule_a_one_step	primary::APC+BRAF+KRAS+TCF7L2+TP53	primary::APC+BRAF+KRAS+SMAD4+TCF7L2+TP53	same_stage_one_event	SMAD4	1	0.18102544353629915	7.878358150161507e-05	1.4261832784708042e-05
rule_a_one_step	primary::APC+BRAF+KRAS+SMAD4+TP53	primary::APC+BRAF+KRAS+SMAD4+TCF7L2+TP53	same_stage_one_event	TCF7L2	1	0.07125223897659533	0.00015756716300323014	1.1227013153170304e-05
rule_a_one_step	primary::APC+KRAS+SOX9	primary::APC+BRAF+KRAS+SOX9	same_stage_one_event	BRAF	1	0.0042970368153272	0.0020483731190419916	8.801934704050043e-06
rule_a_one_step	primary::APC+BRAF+SOX9	primary::APC+BRAF+KRAS+SOX9	same_stage_one_event	KRAS	1	0.019763889639488625	7.878358150161507e-05	1.5570700102015777e-06
rule_a_one_step	primary::APC+BRAF+KRAS	primary::APC+BRAF+KRAS+SOX9	same_stage_one_event	SOX9	1	0.15390842817726907	0.0005514850705113054	8.487820036562543e-05
rule_a_one_step	primary::APC+KRAS+TCF7L2+TP53	primary::APC+BRAF+KRAS+TCF7L2+TP53	same_stage_one_event	BRAF	1	0.006774799386624987	0.004175529819585598	2.828837686056285e-05
rule_a_one_step	primary::APC+BRAF+TCF7L2+TP53	primary::APC+BRAF+KRAS+TCF7L2+TP53	same_stage_one_event	KRAS	1	0.06534165260143816	0.00015756716300323014	1.0295698826351244e-05
rule_a_one_step	primary::APC+BRAF+KRAS+TP53	primary::APC+BRAF+KRAS+TCF7L2+TP53	same_stage_one_event	TCF7L2	1	0.07572245645126847	0.0003151343260064603	2.386274527732403e-05
rule_a_one_step	primary::APC+KRAS+TGFBR2	primary::APC+BRAF+KRAS+TGFBR2	same_stage_one_event	BRAF	1	0.003337269747460037	0.0002363507445048452	7.887661894256764e-07
rule_a_one_step	primary::APC+BRAF+TGFBR2	primary::APC+BRAF+KRAS+TGFBR2	same_stage_one_event	KRAS	1	0.016488383929062857	0.00015756716300323014	2.5980278782104873e-06
rule_a_one_step	primary::APC+BRAF+KRAS	primary::APC+BRAF+KRAS+TGFBR2	same_stage_one_event	TGFBR2	1	0.03207085674565623	0.0005514850705113054	1.7686598693736205e-05
rule_a_one_step	primary::APC+KRAS+TGFBR2+TP53	primary::APC+BRAF+KRAS+TGFBR2+TP53	same_stage_one_event	BRAF	1	0.007078082328604205	0.00015756716300323014	1.1152733520214615e-06
rule_a_one_step	primary::APC+BRAF+TGFBR2+TP53	primary::APC+BRAF+KRAS+TGFBR2+TP53	same_stage_one_event	KRAS	1	0.09812629929786072	7.878358150161507e-05	7.730741298184884e-06
rule_a_one_step	primary::APC+BRAF+KRAS+TP53	primary::APC+BRAF+KRAS+TGFBR2+TP53	same_stage_one_event	TGFBR2	1	0.03151905633872488	0.0003151343260064603	9.932736575663714e-06
rule_a_one_step	primary::APC+BRAF+KRAS+TGFBR2	primary::APC+BRAF+KRAS+TGFBR2+TP53	same_stage_one_event	TP53	1	0.08014595738574899	7.878358150161507e-05	6.314185565725124e-06
rule_a_one_step	primary::APC+BRAF+PIK3CA+SMAD4+SOX9	primary::APC+BRAF+NRAS+PIK3CA+SMAD4+SOX9	same_stage_one_event	NRAS	1	0.031030930058372416	0.00015756716300323014	4.8894556146494e-06
rule_a_one_step	primary::APC+NRAS+PTEN+TP53	primary::APC+BRAF+NRAS+PTEN+TP53	same_stage_one_event	BRAF	1	0.02690068478102345	0.0003151343260064603	8.477329167580068e-06
rule_a_one_step	primary::APC+BRAF+PTEN+TP53	primary::APC+BRAF+NRAS+PTEN+TP53	same_stage_one_event	NRAS	1	0.04053767418229363	0.00039391790750807534	1.5968515789133233e-05
rule_a_one_step	primary::APC+BRAF+NRAS+TP53	primary::APC+BRAF+NRAS+PTEN+TP53	same_stage_one_event	PTEN	1	0.05035909144474434	0.0003151343260064603	1.586987834073721e-05
rule_a_one_step	primary::APC+NRAS+SMAD4+TP53	primary::APC+BRAF+NRAS+SMAD4+TP53	same_stage_one_event	BRAF	1	0.036003831730461046	0.0007090522335145356	2.552859730356491e-05
rule_a_one_step	primary::APC+BRAF+SMAD4+TP53	primary::APC+BRAF+NRAS+SMAD4+TP53	same_stage_one_event	NRAS	1	0.05328239808418248	0.0007878358150161507	4.197778152066689e-05
rule_a_one_step	primary::APC+BRAF+NRAS+TP53	primary::APC+BRAF+NRAS+SMAD4+TP53	same_stage_one_event	SMAD4	1	0.12910588820284474	0.0003151343260064603	4.068569706226889e-05
rule_a_one_step	primary::APC+BRAF+PIK3CA+RNF43+TCF7L2+TGFBR2	primary::APC+BRAF+PIK3CA+PTEN+RNF43+TCF7L2+TGFBR2	same_stage_one_event	PTEN	1	0.026534663970759625	7.878358150161507e-05	2.0904958615583098e-06
rule_a_one_step	primary::BRAF+PIK3CA+PTEN+SMAD4	primary::APC+BRAF+PIK3CA+PTEN+SMAD4	same_stage_one_event	APC	1	0.33571245893932455	7.878358150161507e-05	2.6448629869953878e-05
rule_a_one_step	primary::APC+PIK3CA+PTEN+SMAD4	primary::APC+BRAF+PIK3CA+PTEN+SMAD4	same_stage_one_event	BRAF	1	0.017070690875683508	7.878358150161507e-05	1.3448901658932884e-06
rule_a_one_step	primary::APC+BRAF+PTEN+SMAD4	primary::APC+BRAF+PIK3CA+PTEN+SMAD4	same_stage_one_event	PIK3CA	1	0.16606382343124373	7.878358150161507e-05	1.3083102767765206e-05
rule_a_one_step	primary::APC+BRAF+PIK3CA+SMAD4	primary::APC+BRAF+PIK3CA+PTEN+SMAD4	same_stage_one_event	PTEN	1	0.027312029014167225	0.0002363507445048452	6.455218391436357e-06
rule_a_one_step	primary::APC+BRAF+PIK3CA+PTEN	primary::APC+BRAF+PIK3CA+PTEN+SMAD4	same_stage_one_event	SMAD4	1	0.047710784255597785	0.0002363507445048452	1.1276479379720583e-05
rule_a_one_step	primary::APC+BRAF+PIK3CA+PTEN	primary::APC+BRAF+PIK3CA+PTEN+TCF7L2	same_stage_one_event	TCF7L2	1	0.08338294916196026	0.0002363507445048452	1.9707622113438966e-05
rule_a_one_step	primary::BRAF+PIK3CA+PTEN+TP53	primary::APC+BRAF+PIK3CA+PTEN+TP53	same_stage_one_event	APC	1	0.23479168852391424	0.0004727014890096904	0.0001109863807723537
rule_a_one_step	primary::APC+PIK3CA+PTEN+TP53	primary::APC+BRAF+PIK3CA+PTEN+TP53	same_stage_one_event	BRAF	1	0.021852831703433287	0.0002363507445048452	5.164933042645542e-06
rule_a_one_step	primary::APC+BRAF+PTEN+TP53	primary::APC+BRAF+PIK3CA+PTEN+TP53	same_stage_one_event	PIK3CA	1	0.15216391028677406	0.00039391790750807534	5.994008913841254e-05
rule_a_one_step	primary::APC+BRAF+PIK3CA+TP53	primary::APC+BRAF+PIK3CA+PTEN+TP53	same_stage_one_event	PTEN	1	0.05367148298672571	0.0018908059560387616	0.00010148235970073403
rule_a_one_step	primary::APC+BRAF+PIK3CA+PTEN	primary::APC+BRAF+PIK3CA+PTEN+TP53	same_stage_one_event	TP53	1	0.1770089385404065	0.0002363507445048452	4.183619440803746e-05
rule_a_one_step	primary::BRAF+PIK3CA+RNF43	primary::APC+BRAF+PIK3CA+RNF43	same_stage_one_event	APC	1	0.12699805732126687	0.0003151343260064603	4.002144719806724e-05
rule_a_one_step	primary::APC+PIK3CA+RNF43	primary::APC+BRAF+PIK3CA+RNF43	same_stage_one_event	BRAF	1	0.01083633787446681	7.878358150161507e-05	8.537255081120941e-07
rule_a_one_step	primary::APC+BRAF+RNF43	primary::APC+BRAF+PIK3CA+RNF43	same_stage_one_event	PIK3CA	1	0.06502389655438041	7.878358150161507e-05	5.122815453744617e-06
rule_a_one_step	primary::APC+BRAF+PIK3CA	primary::APC+BRAF+PIK3CA+RNF43	same_stage_one_event	RNF43	1	0.034311098460397975	0.0006302686520129206	2.1625209775717627e-05
rule_a_one_step	primary::APC+BRAF+PIK3CA+RNF43	primary::APC+BRAF+PIK3CA+RNF43+TCF7L2	same_stage_one_event	TCF7L2	1	0.10115618681437617	7.878358150161507e-05	7.969446688283004e-06
rule_a_one_step	primary::APC+BRAF+PIK3CA+RNF43+TCF7L2	primary::APC+BRAF+PIK3CA+RNF43+TCF7L2+TGFBR2	same_stage_one_event	TGFBR2	1	0.1060223600857259	7.878358150161507e-05	8.352821246807367e-06
rule_a_one_step	primary::BRAF+PIK3CA+RNF43+TP53	primary::APC+BRAF+PIK3CA+RNF43+TP53	same_stage_one_event	APC	1	0.11492702319097091	0.0004727014890096904	5.432617498982317e-05
rule_a_one_step	primary::APC+PIK3CA+RNF43+TP53	primary::APC+BRAF+PIK3CA+RNF43+TP53	same_stage_one_event	BRAF	1	0.019436841460843225	0.0003151343260064603	6.1252159334572524e-06
rule_a_one_step	primary::APC+BRAF+RNF43+TP53	primary::APC+BRAF+PIK3CA+RNF43+TP53	same_stage_one_event	PIK3CA	1	0.061916459300702324	0.00015756716300323014	9.756000835216629e-06
rule_a_one_step	primary::APC+BRAF+PIK3CA+TP53	primary::APC+BRAF+PIK3CA+RNF43+TP53	same_stage_one_event	RNF43	1	0.09856547503431093	0.0018908059560387616	0.00018636818725466497
rule_a_one_step	primary::APC+BRAF+PIK3CA+RNF43	primary::APC+BRAF+PIK3CA+RNF43+TP53	same_stage_one_event	TP53	1	0.0856359583988231	7.878358150161507e-05	6.746707507982597e-06
rule_a_one_step	primary::APC+PIK3CA+SMAD4+SOX9+TP53	primary::APC+BRAF+PIK3CA+SMAD4+SOX9+TP53	same_stage_one_event	BRAF	1	0.0319918747536808	7.878358150161507e-05	2.520434472046073e-06
rule_a_one_step	primary::APC+BRAF+SMAD4+SOX9+TP53	primary::APC+BRAF+PIK3CA+SMAD4+SOX9+TP53	same_stage_one_event	PIK3CA	1	0.18354622532188802	7.878358150161507e-05	1.4460429001960768e-05
rule_a_one_step	primary::APC+BRAF+PIK3CA+SOX9+TP53	primary::APC+BRAF+PIK3CA+SMAD4+SOX9+TP53	same_stage_one_event	SMAD4	1	0.11094493259385714	0.00015756716300323014	1.7481278278398667e-05
rule_a_one_step	primary::APC+BRAF+PIK3CA+SMAD4+TP53	primary::APC+BRAF+PIK3CA+SMAD4+SOX9+TP53	same_stage_one_event	SOX9	1	0.15583672149971117	7.878358150161507e-05	1.2277375049216985e-05
rule_a_one_step	primary::APC+BRAF+PIK3CA+SMAD4+SOX9	primary::APC+BRAF+PIK3CA+SMAD4+SOX9+TP53	same_stage_one_event	TP53	1	0.28109978527217555	0.00015756716300323014	4.4292095686153874e-05
rule_a_one_step	primary::BRAF+PIK3CA+SMAD4+TP53	primary::APC+BRAF+PIK3CA+SMAD4+TP53	same_stage_one_event	APC	1	0.26361144643499423	0.00015756716300323014	4.153650774994001e-05
rule_a_one_step	primary::APC+PIK3CA+SMAD4+TP53	primary::APC+BRAF+PIK3CA+SMAD4+TP53	same_stage_one_event	BRAF	1	0.023699253986765843	0.0004727014890096904	1.1202672647963056e-05
rule_a_one_step	primary::APC+BRAF+SMAD4+TP53	primary::APC+BRAF+PIK3CA+SMAD4+TP53	same_stage_one_event	PIK3CA	1	0.15122458358157317	0.0007878358150161507	0.0001191401430564667
rule_a_one_step	primary::APC+BRAF+PIK3CA+TP53	primary::APC+BRAF+PIK3CA+SMAD4+TP53	same_stage_one_event	SMAD4	1	0.09392340426521902	0.0018908059560387616	0.00017759093219611252
rule_a_one_step	primary::APC+BRAF+PIK3CA+SMAD4	primary::APC+BRAF+PIK3CA+SMAD4+TP53	same_stage_one_event	TP53	1	0.5187421311557462	0.0002363507445048452	0.00012260508890469065
rule_a_one_step	primary::APC+PIK3CA+TGFBR2+TP53	primary::APC+BRAF+PIK3CA+TGFBR2+TP53	same_stage_one_event	BRAF	1	0.022565275438201002	7.878358150161507e-05	1.7777732165919013e-06
rule_a_one_step	primary::APC+BRAF+TGFBR2+TP53	primary::APC+BRAF+PIK3CA+TGFBR2+TP53	same_stage_one_event	PIK3CA	1	0.1485361225689486	7.878358150161507e-05	1.1702207718344648e-05
rule_a_one_step	primary::APC+BRAF+PIK3CA+TP53	primary::APC+BRAF+PIK3CA+TGFBR2+TP53	same_stage_one_event	TGFBR2	1	0.033205685151929086	0.0018908059560387616	6.278550725961539e-05
rule_a_one_step	primary::BRAF+PTEN+RNF43+TGFBR2+TP53	primary::APC+BRAF+PTEN+RNF43+TGFBR2+TP53	same_stage_one_event	APC	1	0.10741816029242626	7.878358150161507e-05	8.462787386151917e-06
rule_a_one_step	primary::APC+BRAF+RNF43+TGFBR2+TP53	primary::APC+BRAF+PTEN+RNF43+TGFBR2+TP53	same_stage_one_event	PTEN	1	0.027252735781914575	0.0002363507445048452	6.441204391849344e-06
rule_a_one_step	primary::APC+BRAF+PTEN+RNF43+TP53	primary::APC+BRAF+PTEN+RNF43+TGFBR2+TP53	same_stage_one_event	TGFBR2	1	0.06335246331486047	7.878358150161507e-05	4.991133956894388e-06
rule_a_one_step	primary::BRAF+PTEN+RNF43+TP53	primary::APC+BRAF+PTEN+RNF43+TP53	same_stage_one_event	APC	1	0.10142615119408886	0.0002363507445048452	2.3972146346983895e-05
rule_a_one_step	primary::APC+BRAF+RNF43+TP53	primary::APC+BRAF+PTEN+RNF43+TP53	same_stage_one_event	PTEN	1	0.02477397449478836	0.00015756716300323014	3.903564877458184e-06
rule_a_one_step	primary::APC+BRAF+PTEN+TP53	primary::APC+BRAF+PTEN+RNF43+TP53	same_stage_one_event	RNF43	1	0.07946379548499541	0.00039391790750807534	3.1302212040099034e-05
rule_a_one_step	primary::BRAF+PTEN+SMAD4	primary::APC+BRAF+PTEN+SMAD4	same_stage_one_event	APC	1	0.2820975314800612	0.00015756716300323014	4.444930772552765e-05
rule_a_one_step	primary::APC+BRAF+SMAD4	primary::APC+BRAF+PTEN+SMAD4	same_stage_one_event	PTEN	1	0.013416178293970548	0.0003151343260064603	4.227898304252911e-06
rule_a_one_step	primary::APC+BRAF+PTEN	primary::APC+BRAF+PTEN+SMAD4	same_stage_one_event	SMAD4	1	0.04447093133551394	0.0003151343260064603	1.401431697329676e-05
rule_a_one_step	primary::APC+BRAF+SMAD4+SOX9+TP53	primary::APC+BRAF+PTEN+SMAD4+SOX9+TP53	same_stage_one_event	PTEN	1	0.06438486718947391	7.878358150161507e-05	5.072470431692579e-06
rule_a_one_step	primary::APC+BRAF+PTEN+SMAD4+TP53	primary::APC+BRAF+PTEN+SMAD4+SOX9+TP53	same_stage_one_event	SOX9	1	0.12592266955104175	7.878358150161507e-05	9.92063889947544e-06
rule_a_one_step	primary::BRAF+PTEN+SMAD4+TP53	primary::APC+BRAF+PTEN+SMAD4+TP53	same_stage_one_event	APC	1	0.2571061582725514	0.00039391790750807534	0.00010127871987416348
rule_a_one_step	primary::APC+PTEN+SMAD4+TP53	primary::APC+BRAF+PTEN+SMAD4+TP53	same_stage_one_event	BRAF	1	0.021893035441951435	0.0002363507445048452	5.174435226176184e-06
rule_a_one_step	primary::APC+BRAF+SMAD4+TP53	primary::APC+BRAF+PTEN+SMAD4+TP53	same_stage_one_event	PTEN	1	0.052962844677960245	0.0007878358150161507	4.172602590243461e-05
rule_a_one_step	primary::APC+BRAF+PTEN+TP53	primary::APC+BRAF+PTEN+SMAD4+TP53	same_stage_one_event	SMAD4	1	0.10333982615256336	0.00039391790750807534	4.070740808026604e-05
rule_a_one_step	primary::APC+BRAF+PTEN+SMAD4	primary::APC+BRAF+PTEN+SMAD4+TP53	same_stage_one_event	TP53	1	0.2599097020635448	7.878358150161507e-05	2.0476617195583773e-05
rule_a_one_step	primary::APC+PTEN+TCF7L2+TP53	primary::APC+BRAF+PTEN+TCF7L2+TP53	same_stage_one_event	BRAF	1	0.023156034800369547	0.00015756716300323014	3.6486307098982984e-06
rule_a_one_step	primary::APC+BRAF+TCF7L2+TP53	primary::APC+BRAF+PTEN+TCF7L2+TP53	same_stage_one_event	PTEN	1	0.05124687865937025	0.00015756716300323014	8.074825283127748e-06
rule_a_one_step	primary::APC+BRAF+PTEN+TP53	primary::APC+BRAF+PTEN+TCF7L2+TP53	same_stage_one_event	TCF7L2	1	0.05988501878901702	0.00039391790750807534	2.358978129245136e-05
rule_a_one_step	primary::BRAF+RNF43	primary::APC+BRAF+RNF43	same_stage_one_event	APC	1	0.11607798621146148	0.0005514850705113054	6.401527641063818e-05
rule_a_one_step	primary::APC+RNF43	primary::APC+BRAF+RNF43	same_stage_one_event	BRAF	1	0.007666938262249535	0.0004727014890096904	3.6241731327107237e-06
rule_a_one_step	primary::APC+BRAF	primary::APC+BRAF+RNF43	same_stage_one_event	RNF43	1	0.017355302948685702	0.001181753722524226	2.0509693865145004e-05
rule_a_one_step	primary::BRAF+RNF43+SOX9	primary::APC+BRAF+RNF43+SOX9	same_stage_one_event	APC	1	0.12334367264661422	0.00015756716300323014	1.943491257332612e-05
rule_a_one_step	primary::APC+BRAF+SOX9	primary::APC+BRAF+RNF43+SOX9	same_stage_one_event	RNF43	1	0.040787803023845805	7.878358150161507e-05	3.2134092038009777e-06
rule_a_one_step	primary::APC+BRAF+RNF43	primary::APC+BRAF+RNF43+SOX9	same_stage_one_event	SOX9	1	0.09175431407664553	7.878358150161507e-05	7.22873348118219e-06
rule_a_one_step	primary::APC+SMAD4+SOX9	primary::APC+BRAF+SMAD4+SOX9	same_stage_one_event	BRAF	1	0.010106619871425077	0.0002363507445048452	2.38870713103878e-06
rule_a_one_step	primary::APC+BRAF+SOX9	primary::APC+BRAF+SMAD4+SOX9	same_stage_one_event	SMAD4	1	0.043483206203243065	7.878358150161507e-05	3.425762719864734e-06
rule_a_one_step	primary::APC+BRAF+SMAD4	primary::APC+BRAF+SMAD4+SOX9	same_stage_one_event	SOX9	1	0.05985762180065696	0.0003151343260064603	1.8863191302499634e-05
rule_a_one_step	primary::APC+SMAD4+SOX9+TP53	primary::APC+BRAF+SMAD4+SOX9+TP53	same_stage_one_event	BRAF	1	0.029697392328023216	0.00039391790750807534	1.1698334644301275e-05
rule_a_one_step	primary::APC+BRAF+SOX9+TP53	primary::APC+BRAF+SMAD4+SOX9+TP53	same_stage_one_event	SMAD4	1	0.1307008247370483	0.00015756716300323014	2.0594158155999103e-05
rule_a_one_step	primary::APC+BRAF+SMAD4+TP53	primary::APC+BRAF+SMAD4+SOX9+TP53	same_stage_one_event	SOX9	1	0.1531969619309744	0.0007878358150161507	0.00012069405336088743
rule_a_one_step	primary::APC+BRAF+SMAD4+SOX9	primary::APC+BRAF+SMAD4+SOX9+TP53	same_stage_one_event	TP53	1	0.4415759217138034	7.878358150161507e-05	3.4788932617490226e-05
rule_a_one_step	primary::BRAF+SOX9	primary::APC+BRAF+SOX9	same_stage_one_event	APC	1	0.24536376794528153	0.00039391790750807534	9.665318204730227e-05
rule_a_one_step	primary::APC+SOX9	primary::APC+BRAF+SOX9	same_stage_one_event	BRAF	1	0.007561432982906922	0.001339320885527456	1.0127185118523412e-05
rule_a_one_step	primary::APC+BRAF	primary::APC+BRAF+SOX9	same_stage_one_event	SOX9	1	0.04374273331337494	0.001181753722524226	5.169313792646531e-05
rule_a_one_step	primary::APC+BRAF+SOX9+TGFBR2+TP53	primary::APC+BRAF+SOX9+TCF7L2+TGFBR2+TP53	same_stage_one_event	TCF7L2	1	0.0783638350885918	7.878358150161507e-05	6.173783588481195e-06
rule_a_one_step	primary::APC+BRAF+SOX9+TCF7L2+TP53	primary::APC+BRAF+SOX9+TCF7L2+TGFBR2+TP53	same_stage_one_event	TGFBR2	1	0.05219064458291665	7.878358150161507e-05	4.111765901120039e-06
rule_a_one_step	primary::APC+SOX9+TCF7L2+TP53	primary::APC+BRAF+SOX9+TCF7L2+TP53	same_stage_one_event	BRAF	1	0.029907068510940247	0.0003151343260064603	9.424743878024186e-06
rule_a_one_step	primary::APC+BRAF+TCF7L2+TP53	primary::APC+BRAF+SOX9+TCF7L2+TP53	same_stage_one_event	SOX9	1	0.09381074642545517	0.00015756716300323014	1.4781493173474384e-05
rule_a_one_step	primary::APC+BRAF+SOX9+TP53	primary::APC+BRAF+SOX9+TCF7L2+TP53	same_stage_one_event	TCF7L2	1	0.07198886770027507	0.00015756716300323014	1.1343081651347211e-05
rule_a_one_step	primary::APC+BRAF+TGFBR2+TP53	primary::APC+BRAF+SOX9+TGFBR2+TP53	same_stage_one_event	SOX9	1	0.13339208614855658	7.878358150161507e-05	1.0509106290755266e-05
rule_a_one_step	primary::APC+BRAF+SOX9+TP53	primary::APC+BRAF+SOX9+TGFBR2+TP53	same_stage_one_event	TGFBR2	1	0.04675448402534292	0.00015756716300323014	7.366971405553128e-06
rule_a_one_step	primary::BRAF+TGFBR2+TP53	primary::APC+BRAF+TGFBR2+TP53	same_stage_one_event	APC	1	0.20903851666026915	0.00015756716300323014	3.293760602856207e-05
rule_a_one_step	primary::APC+TGFBR2+TP53	primary::APC+BRAF+TGFBR2+TP53	same_stage_one_event	BRAF	1	0.020820402499679848	0.0004727014890096904	9.841835263379744e-06
rule_a_one_step	primary::APC+BRAF+TP53	primary::APC+BRAF+TGFBR2+TP53	same_stage_one_event	TGFBR2	1	0.027059150001210393	0.004411880564090444	0.00011938173797114803
rule_a_one_step	primary::APC+BRAF+TGFBR2	primary::APC+BRAF+TGFBR2+TP53	same_stage_one_event	TP53	1	0.66969056310977	0.00015756716300323014	0.00010552124211924212
rule_a_one_step	primary::APC+FBXW7	primary::APC+CTNNB1+FBXW7	same_stage_one_event	CTNNB1	1	0.004570528787224835	0.0006302686520129206	2.8806610177104452e-06
rule_a_one_step	primary::APC+CTNNB1	primary::APC+CTNNB1+FBXW7	same_stage_one_event	FBXW7	1	0.011437474267468732	0.0003151343260064603	3.604340744494992e-06
rule_a_one_step	primary::CTNNB1+FBXW7+KRAS	primary::APC+CTNNB1+FBXW7+KRAS	same_stage_one_event	APC	1	0.28982616391473165	7.878358150161507e-05	2.283354320607671e-05
rule_a_one_step	primary::APC+FBXW7+KRAS	primary::APC+CTNNB1+FBXW7+KRAS	same_stage_one_event	CTNNB1	1	0.033506551408600774	0.0019695895375403767	6.599415309343885e-05
rule_a_one_step	primary::APC+CTNNB1+KRAS	primary::APC+CTNNB1+FBXW7+KRAS	same_stage_one_event	FBXW7	1	0.07919826125529984	0.0006302686520129206	4.991618136314495e-05
rule_a_one_step	primary::APC+CTNNB1+FBXW7	primary::APC+CTNNB1+FBXW7+KRAS	same_stage_one_event	KRAS	1	0.05571761470857628	7.878358150161507e-05	4.389633239468706e-06
rule_a_one_step	primary::APC+FBXW7+KRAS+PIK3CA	primary::APC+CTNNB1+FBXW7+KRAS+PIK3CA	same_stage_one_event	CTNNB1	1	0.06450011132518818	0.0027574253525565274	0.00017785424221079227
rule_a_one_step	primary::APC+CTNNB1+KRAS+PIK3CA	primary::APC+CTNNB1+FBXW7+KRAS+PIK3CA	same_stage_one_event	FBXW7	1	0.1576310030519148	0.0002363507445048452	3.725620492836559e-05
rule_a_one_step	primary::APC+CTNNB1+FBXW7+KRAS	primary::APC+CTNNB1+FBXW7+KRAS+PIK3CA	same_stage_one_event	PIK3CA	1	0.28985592594135795	7.878358150161507e-05	2.2835887965127077e-05
rule_a_one_step	primary::APC+FBXW7+KRAS+PIK3CA+PTEN	primary::APC+CTNNB1+FBXW7+KRAS+PIK3CA+PTEN	same_stage_one_event	CTNNB1	1	0.10478346683000285	0.00015756716300323014	1.6510433598046617e-05
rule_a_one_step	primary::APC+CTNNB1+FBXW7+KRAS+PIK3CA	primary::APC+CTNNB1+FBXW7+KRAS+PIK3CA+PTEN	same_stage_one_event	PTEN	1	0.04062546655594543	7.878358150161507e-05	3.200619755451464e-06
rule_a_one_step	primary::APC+CTNNB1+FBXW7+KRAS+PIK3CA+PTEN+SMAD4+TP53	primary::APC+CTNNB1+FBXW7+KRAS+PIK3CA+PTEN+RNF43+SMAD4+TP53	same_stage_one_event	RNF43	1	0.03560245372820078	7.878358150161507e-05	2.804888814953185e-06
rule_a_one_step	primary::APC+FBXW7+KRAS+PIK3CA+PTEN+SMAD4	primary::APC+CTNNB1+FBXW7+KRAS+PIK3CA+PTEN+SMAD4	same_stage_one_event	CTNNB1	1	0.1252163744458987	7.878358150161507e-05	9.86499444149521e-06
rule_a_one_step	primary::APC+CTNNB1+KRAS+PIK3CA+PTEN+SMAD4	primary::APC+CTNNB1+FBXW7+KRAS+PIK3CA+PTEN+SMAD4	same_stage_one_event	FBXW7	1	0.27414078443513534	7.878358150161507e-05	2.1597792833462175e-05
rule_a_one_step	primary::APC+CTNNB1+FBXW7+KRAS+PIK3CA+PTEN	primary::APC+CTNNB1+FBXW7+KRAS+PIK3CA+PTEN+SMAD4	same_stage_one_event	SMAD4	1	0.05521672603786854	7.878358150161507e-05	4.350171436056767e-06
rule_a_one_step	primary::APC+FBXW7+KRAS+PIK3CA+PTEN+SMAD4+TP53	primary::APC+CTNNB1+FBXW7+KRAS+PIK3CA+PTEN+SMAD4+TP53	same_stage_one_event	CTNNB1	1	0.13170904938284575	0.00015756716300323014	2.0753021253107343e-05
rule_a_one_step	primary::APC+CTNNB1+FBXW7+KRAS+PTEN+SMAD4+TP53	primary::APC+CTNNB1+FBXW7+KRAS+PIK3CA+PTEN+SMAD4+TP53	same_stage_one_event	PIK3CA	1	0.39798130760818773	7.878358150161507e-05	3.1354392784068994e-05
rule_a_one_step	primary::APC+CTNNB1+FBXW7+KRAS+PIK3CA+PTEN+SMAD4	primary::APC+CTNNB1+FBXW7+KRAS+PIK3CA+PTEN+SMAD4+TP53	same_stage_one_event	TP53	1	0.029328684222894624	7.878358150161507e-05	2.3106187838095505e-06
rule_a_one_step	primary::APC+CTNNB1+KRAS+PIK3CA+RNF43	primary::APC+CTNNB1+FBXW7+KRAS+PIK3CA+RNF43	same_stage_one_event	FBXW7	1	0.11463429656124653	7.878358150161507e-05	9.031300446013278e-06
rule_a_one_step	primary::APC+CTNNB1+FBXW7+KRAS+PIK3CA	primary::APC+CTNNB1+FBXW7+KRAS+PIK3CA+RNF43	same_stage_one_event	RNF43	1	0.017832175430201633	7.878358150161507e-05	1.404882646356388e-06
rule_a_one_step	primary::APC+FBXW7+KRAS+PIK3CA+RNF43+TCF7L2	primary::APC+CTNNB1+FBXW7+KRAS+PIK3CA+RNF43+TCF7L2	same_stage_one_event	CTNNB1	1	0.04113635600536696	7.878358150161507e-05	3.2408694560282807e-06
rule_a_one_step	primary::APC+CTNNB1+FBXW7+KRAS+PIK3CA+RNF43	primary::APC+CTNNB1+FBXW7+KRAS+PIK3CA+RNF43+TCF7L2	same_stage_one_event	TCF7L2	1	0.297368606421514	7.878358150161507e-05	2.3427763840031046e-05
rule_a_one_step	primary::APC+FBXW7+KRAS+PIK3CA+SMAD4+TCF7L2+TP53	primary::APC+CTNNB1+FBXW7+KRAS+PIK3CA+SMAD4+TCF7L2+TP53	same_stage_one_event	CTNNB1	1	0.13528195077079372	7.878358150161507e-05	1.0657996594248305e-05
rule_a_one_step	primary::CTNNB1+FBXW7+KRAS+PIK3CA+SOX9	primary::APC+CTNNB1+FBXW7+KRAS+PIK3CA+SOX9	same_stage_one_event	APC	1	0.48515956771285895	7.878358150161507e-05	3.8222608344194356e-05
rule_a_one_step	primary::APC+FBXW7+KRAS+PIK3CA+SOX9	primary::APC+CTNNB1+FBXW7+KRAS+PIK3CA+SOX9	same_stage_one_event	CTNNB1	1	0.10122880189486115	0.0008666193965177657	8.772684320834102e-05
rule_a_one_step	primary::APC+CTNNB1+FBXW7+KRAS+PIK3CA	primary::APC+CTNNB1+FBXW7+KRAS+PIK3CA+SOX9	same_stage_one_event	SOX9	1	0.24436567478774762	7.878358150161507e-05	1.925200305583768e-05
rule_a_one_step	primary::APC+CTNNB1+FBXW7+KRAS+PIK3CA	primary::APC+CTNNB1+FBXW7+KRAS+PIK3CA+TGFBR2	same_stage_one_event	TGFBR2	1	0.0342668141457001	7.878358150161507e-05	2.69966234504846e-06
rule_a_one_step	primary::APC+CTNNB1+FBXW7+KRAS+SMAD4+TP53	primary::APC+CTNNB1+FBXW7+KRAS+PTEN+SMAD4+TP53	same_stage_one_event	PTEN	1	0.05001266416179318	7.878358150161507e-05	3.940176803103536e-06
rule_a_one_step	primary::APC+FBXW7+KRAS+PTEN+TCF7L2	primary::APC+CTNNB1+FBXW7+KRAS+PTEN+TCF7L2	same_stage_one_event	CTNNB1	1	0.0696880750928679	0.00015756716300323014	1.0980552287539257e-05
rule_a_one_step	primary::APC+CTNNB1+FBXW7+KRAS+TCF7L2	primary::APC+CTNNB1+FBXW7+KRAS+PTEN+TCF7L2	same_stage_one_event	PTEN	1	0.02967301748048729	7.878358150161507e-05	2.3377465910728188e-06
rule_a_one_step	primary::APC+FBXW7+KRAS+SMAD4+TP53	primary::APC+CTNNB1+FBXW7+KRAS+SMAD4+TP53	same_stage_one_event	CTNNB1	1	0.05749998228792572	0.001339320885527456	7.701092719567772e-05
rule_a_one_step	primary::APC+CTNNB1+KRAS+SMAD4+TP53	primary::APC+CTNNB1+FBXW7+KRAS+SMAD4+TP53	same_stage_one_event	FBXW7	1	0.16629415302460246	0.00015756716300323014	2.6202497916111632e-05
rule_a_one_step	primary::APC+CTNNB1+FBXW7+KRAS+TP53	primary::APC+CTNNB1+FBXW7+KRAS+SMAD4+TP53	same_stage_one_event	SMAD4	1	0.09309342950780897	7.878358150161507e-05	7.334233790893325e-06
rule_a_one_step	primary::CTNNB1+FBXW7+KRAS+TCF7L2	primary::APC+CTNNB1+FBXW7+KRAS+TCF7L2	same_stage_one_event	APC	1	0.5013549910876137	0.00015756716300323014	7.899708360318502e-05
rule_a_one_step	primary::APC+FBXW7+KRAS+TCF7L2	primary::APC+CTNNB1+FBXW7+KRAS+TCF7L2	same_stage_one_event	CTNNB1	1	0.044183795590908244	0.00015756716300323014	6.961915321974041e-06
rule_a_one_step	primary::APC+CTNNB1+KRAS+TCF7L2	primary::APC+CTNNB1+FBXW7+KRAS+TCF7L2	same_stage_one_event	FBXW7	1	0.10751017474030543	0.0002363507445048452	2.541010984171719e-05
rule_a_one_step	primary::APC+CTNNB1+FBXW7+KRAS	primary::APC+CTNNB1+FBXW7+KRAS+TCF7L2	same_stage_one_event	TCF7L2	1	0.15105873746054052	7.878358150161507e-05	1.1900948354253567e-05
rule_a_one_step	primary::CTNNB1+FBXW7+KRAS+TP53	primary::APC+CTNNB1+FBXW7+KRAS+TP53	same_stage_one_event	APC	1	0.28984933609427677	7.878358150161507e-05	2.2835368793372472e-05
rule_a_one_step	primary::APC+FBXW7+KRAS+TP53	primary::APC+CTNNB1+FBXW7+KRAS+TP53	same_stage_one_event	CTNNB1	1	0.045544500866245535	0.0068541715906405105	0.00031216982394732226
rule_a_one_step	primary::APC+CTNNB1+KRAS+TP53	primary::APC+CTNNB1+FBXW7+KRAS+TP53	same_stage_one_event	FBXW7	1	0.1435238452597373	0.0016544552115339162	0.00023745377376935972
rule_a_one_step	primary::APC+CTNNB1+FBXW7+TP53	primary::APC+CTNNB1+FBXW7+KRAS+TP53	same_stage_one_event	KRAS	1	0.5392286880973233	0.0002363507445048452	0.00012744710189017332
rule_a_one_step	primary::APC+CTNNB1+FBXW7+KRAS	primary::APC+CTNNB1+FBXW7+KRAS+TP53	same_stage_one_event	TP53	1	0.2447998269985894	7.878358150161507e-05	1.9286207121924637e-05
rule_a_one_step	primary::APC+FBXW7+PIK3CA+SMAD4+TP53	primary::APC+CTNNB1+FBXW7+PIK3CA+SMAD4+TP53	same_stage_one_event	CTNNB1	1	0.021473339923455733	0.00015756716300323014	3.383493251942919e-06
rule_a_one_step	primary::APC+FBXW7+PIK3CA+TCF7L2	primary::APC+CTNNB1+FBXW7+PIK3CA+TCF7L2	same_stage_one_event	CTNNB1	1	0.015548113977219108	7.878358150161507e-05	1.224936104720642e-06
rule_a_one_step	primary::APC+FBXW7+RNF43+TP53	primary::APC+CTNNB1+FBXW7+RNF43+TP53	same_stage_one_event	CTNNB1	1	0.01578054801559467	0.0002363507445048452	3.7297442721802576e-06
rule_a_one_step	primary::APC+CTNNB1+FBXW7+TP53	primary::APC+CTNNB1+FBXW7+RNF43+TP53	same_stage_one_event	RNF43	1	0.015199413906517434	0.0002363507445048452	3.592392792842693e-06
rule_a_one_step	primary::CTNNB1+FBXW7+SOX9+TP53	primary::APC+CTNNB1+FBXW7+SOX9+TP53	same_stage_one_event	APC	1	0.16551471219328262	7.878358150161507e-05	1.3039841817795842e-05
rule_a_one_step	primary::APC+FBXW7+SOX9+TP53	primary::APC+CTNNB1+FBXW7+SOX9+TP53	same_stage_one_event	CTNNB1	1	0.024130579140162877	0.0006302686520129206	1.5208747586961556e-05
rule_a_one_step	primary::APC+CTNNB1+FBXW7+TP53	primary::APC+CTNNB1+FBXW7+SOX9+TP53	same_stage_one_event	SOX9	1	0.07919589458407957	0.0002363507445048452	1.8718008646674444e-05
rule_a_one_step	primary::APC+CTNNB1+KRAS+PIK3CA+SOX9+TP53	primary::APC+CTNNB1+KRAS+NRAS+PIK3CA+SOX9+TP53	same_stage_one_event	NRAS	1	0.033616773596672644	0.0002363507445048452	7.945349467424402e-06
rule_a_one_step	primary::APC+KRAS+PIK3CA+PTEN+RNF43+TCF7L2	primary::APC+CTNNB1+KRAS+PIK3CA+PTEN+RNF43+TCF7L2	same_stage_one_event	CTNNB1	1	0.03766582947714097	7.878358150161507e-05	2.967448946438271e-06
rule_a_one_step	primary::APC+KRAS+PIK3CA+PTEN+SMAD4	primary::APC+CTNNB1+KRAS+PIK3CA+PTEN+SMAD4	same_stage_one_event	CTNNB1	1	0.09081178441343483	0.0004727014890096904	4.292686571185764e-05
rule_a_one_step	primary::APC+CTNNB1+KRAS+PTEN+SMAD4	primary::APC+CTNNB1+KRAS+PIK3CA+PTEN+SMAD4	same_stage_one_event	PIK3CA	1	0.35386380417549124	7.878358150161507e-05	2.787865785673137e-05
rule_a_one_step	primary::APC+CTNNB1+KRAS+PIK3CA+SMAD4	primary::APC+CTNNB1+KRAS+PIK3CA+PTEN+SMAD4	same_stage_one_event	PTEN	1	0.039022851482427574	0.00015756716300323014	6.148720000382506e-06
rule_a_one_step	primary::CTNNB1+KRAS+PIK3CA+RNF43	primary::APC+CTNNB1+KRAS+PIK3CA+RNF43	same_stage_one_event	APC	1	0.1405366405976267	7.878358150161507e-05	1.1071979878486307e-05
rule_a_one_step	primary::APC+KRAS+PIK3CA+RNF43	primary::APC+CTNNB1+KRAS+PIK3CA+RNF43	same_stage_one_event	CTNNB1	1	0.025528205996043187	0.00015756716300323014	4.0224069953585735e-06
rule_a_one_step	primary::APC+CTNNB1+KRAS+PIK3CA	primary::APC+CTNNB1+KRAS+PIK3CA+RNF43	same_stage_one_event	RNF43	1	0.013681175888724148	0.0002363507445048452	3.23355610700169e-06
rule_a_one_step	primary::CTNNB1+KRAS+PIK3CA+SMAD4+SOX9	primary::APC+CTNNB1+KRAS+PIK3CA+SMAD4+SOX9	same_stage_one_event	APC	1	0.4786337039364526	0.0002363507445048452	0.00011312543227049223
rule_a_one_step	primary::APC+KRAS+PIK3CA+SMAD4+SOX9	primary::APC+CTNNB1+KRAS+PIK3CA+SMAD4+SOX9	same_stage_one_event	CTNNB1	1	0.09337197906209116	0.0005514850705113054	5.149325245683748e-05
rule_a_one_step	primary::APC+CTNNB1+KRAS+SMAD4+SOX9	primary::APC+CTNNB1+KRAS+PIK3CA+SMAD4+SOX9	same_stage_one_event	PIK3CA	1	0.3960240002220317	7.878358150161507e-05	3.120018909808806e-05
rule_a_one_step	primary::APC+CTNNB1+KRAS+PIK3CA+SMAD4	primary::APC+CTNNB1+KRAS+PIK3CA+SMAD4+SOX9	same_stage_one_event	SOX9	1	0.23418752138619242	0.00015756716300323014	3.6900263355580625e-05
rule_a_one_step	primary::APC+KRAS+PIK3CA+SOX9+TCF7L2	primary::APC+CTNNB1+KRAS+PIK3CA+SOX9+TCF7L2	same_stage_one_event	CTNNB1	1	0.09313271871181653	0.00039391790750807534	3.668664567549694e-05
rule_a_one_step	primary::APC+KRAS+PIK3CA+SOX9+TCF7L2+TP53	primary::APC+CTNNB1+KRAS+PIK3CA+SOX9+TCF7L2+TP53	same_stage_one_event	CTNNB1	1	0.07580463700261748	7.878358150161507e-05	5.97216079749606e-06
rule_a_one_step	primary::APC+CTNNB1+KRAS+PIK3CA+TCF7L2+TP53	primary::APC+CTNNB1+KRAS+PIK3CA+SOX9+TCF7L2+TP53	same_stage_one_event	SOX9	1	0.16306216667681656	7.878358150161507e-05	1.2846621498212918e-05
rule_a_one_step	primary::APC+CTNNB1+KRAS+PIK3CA+SOX9+TP53	primary::APC+CTNNB1+KRAS+PIK3CA+SOX9+TCF7L2+TP53	same_stage_one_event	TCF7L2	1	0.2551047295120011	0.0002363507445048452	6.029419274686861e-05
rule_a_one_step	primary::APC+CTNNB1+KRAS+PIK3CA+SOX9+TCF7L2	primary::APC+CTNNB1+KRAS+PIK3CA+SOX9+TCF7L2+TP53	same_stage_one_event	TP53	1	0.07623945748258404	7.878358150161507e-05	6.006417512218077e-06
rule_a_one_step	primary::APC+KRAS+PIK3CA+TCF7L2+TP53	primary::APC+CTNNB1+KRAS+PIK3CA+TCF7L2+TP53	same_stage_one_event	CTNNB1	1	0.06654870328669137	0.001102970141022611	7.340123264899387e-05
rule_a_one_step	primary::APC+CTNNB1+KRAS+TCF7L2+TP53	primary::APC+CTNNB1+KRAS+PIK3CA+TCF7L2+TP53	same_stage_one_event	PIK3CA	1	0.32926648492194216	7.878358150161507e-05	2.594079295059814e-05
rule_a_one_step	primary::APC+CTNNB1+KRAS+PIK3CA+TP53	primary::APC+CTNNB1+KRAS+PIK3CA+TCF7L2+TP53	same_stage_one_event	TCF7L2	1	0.21981046290687628	0.0007878358150161507	0.00017317455519331624
rule_a_one_step	primary::APC+KRAS+PTEN+SMAD4	primary::APC+CTNNB1+KRAS+PTEN+SMAD4	same_stage_one_event	CTNNB1	1	0.05607352203200905	0.0002363507445048452	1.3253018679274178e-05
rule_a_one_step	primary::APC+CTNNB1+KRAS+SMAD4	primary::APC+CTNNB1+KRAS+PTEN+SMAD4	same_stage_one_event	PTEN	1	0.022027423385765153	7.878358150161507e-05	1.7353993055830107e-06
rule_a_one_step	primary::APC+KRAS+RNF43+SOX9	primary::APC+CTNNB1+KRAS+RNF43+SOX9	same_stage_one_event	CTNNB1	1	0.024015739640307857	7.878358150161507e-05	1.8920459812737618e-06
rule_a_one_step	primary::CTNNB1+KRAS+SMAD4	primary::APC+CTNNB1+KRAS+SMAD4	same_stage_one_event	APC	1	0.3074884717868066	7.878358150161507e-05	2.4225043077822945e-05
rule_a_one_step	primary::APC+KRAS+SMAD4	primary::APC+CTNNB1+KRAS+SMAD4	same_stage_one_event	CTNNB1	1	0.035110784142425466	0.0034664775860710627	0.00012171074625909717
rule_a_one_step	primary::APC+CTNNB1+KRAS	primary::APC+CTNNB1+KRAS+SMAD4	same_stage_one_event	SMAD4	1	0.04861694276017841	0.0006302686520129206	3.0641734978446966e-05
rule_a_one_step	primary::CTNNB1+KRAS+SMAD4+SOX9	primary::APC+CTNNB1+KRAS+SMAD4+SOX9	same_stage_one_event	APC	1	0.33750688956055613	7.878358150161507e-05	2.659000154105067e-05
rule_a_one_step	primary::APC+KRAS+SMAD4+SOX9	primary::APC+CTNNB1+KRAS+SMAD4+SOX9	same_stage_one_event	CTNNB1	1	0.0520867027418331	0.0009454029780193808	4.924292388733926e-05
rule_a_one_step	primary::APC+CTNNB1+SMAD4+SOX9	primary::APC+CTNNB1+KRAS+SMAD4+SOX9	same_stage_one_event	KRAS	1	0.12324521482311475	7.878358150161507e-05	9.709699426700918e-06
rule_a_one_step	primary::APC+CTNNB1+KRAS+SMAD4	primary::APC+CTNNB1+KRAS+SMAD4+SOX9	same_stage_one_event	SOX9	1	0.15592306112004323	7.878358150161507e-05	1.2284177193732233e-05
rule_a_one_step	primary::CTNNB1+KRAS+SOX9+TP53	primary::APC+CTNNB1+KRAS+SOX9+TP53	same_stage_one_event	APC	1	0.26025558674905275	0.00015756716300323014	4.1007734459789294e-05
rule_a_one_step	primary::APC+KRAS+SOX9+TP53	primary::APC+CTNNB1+KRAS+SOX9+TP53	same_stage_one_event	CTNNB1	1	0.0420761856856147	0.004648231308595289	0.00019557984365014319
rule_a_one_step	primary::APC+CTNNB1+KRAS+TP53	primary::APC+CTNNB1+KRAS+SOX9+TP53	same_stage_one_event	SOX9	1	0.1492224236635269	0.0016544552115339162	0.00024688181650784404
rule_a_one_step	primary::APC+KRAS+TCF7L2+TP53	primary::APC+CTNNB1+KRAS+TCF7L2+TP53	same_stage_one_event	CTNNB1	1	0.04297540567104855	0.004175529819585598	0.00017944508788825126
rule_a_one_step	primary::APC+CTNNB1+TCF7L2+TP53	primary::APC+CTNNB1+KRAS+TCF7L2+TP53	same_stage_one_event	KRAS	1	0.4419088635438298	7.878358150161507e-05	3.4815162967291406e-05
rule_a_one_step	primary::APC+CTNNB1+KRAS+TP53	primary::APC+CTNNB1+KRAS+TCF7L2+TP53	same_stage_one_event	TCF7L2	1	0.1524618130075076	0.0016544552115339162	0.00025224124109018037
rule_a_one_step	primary::APC+CTNNB1+KRAS+TCF7L2	primary::APC+CTNNB1+KRAS+TCF7L2+TP53	same_stage_one_event	TP53	1	0.2524703058838708	0.0002363507445048452	5.9671544761018866e-05
rule_a_one_step	primary::CTNNB1+PIK3CA+PTEN	primary::APC+CTNNB1+PIK3CA+PTEN	same_stage_one_event	APC	1	0.1908323590257189	0.0002363507445048452	4.510337013134458e-05
rule_a_one_step	primary::APC+PIK3CA+PTEN	primary::APC+CTNNB1+PIK3CA+PTEN	same_stage_one_event	CTNNB1	1	0.02665684628380747	0.0005514850705113054	1.4700852752434592e-05
rule_a_one_step	primary::APC+PIK3CA+RNF43+TCF7L2+TP53	primary::APC+CTNNB1+PIK3CA+RNF43+TCF7L2+TP53	same_stage_one_event	CTNNB1	1	0.01860644657362481	0.00015756716300323014	2.9317650001772333e-06
rule_a_one_step	primary::APC+CTNNB1+PIK3CA+RNF43+TCF7L2	primary::APC+CTNNB1+PIK3CA+RNF43+TCF7L2+TP53	same_stage_one_event	TP53	1	0.19248681158986358	7.878358150161507e-05	1.5164800408876042e-05
rule_a_one_step	primary::CTNNB1+PTEN+TP53	primary::APC+CTNNB1+PTEN+TP53	same_stage_one_event	APC	1	0.12286602408889755	7.878358150161507e-05	9.67982542258706e-06
rule_a_one_step	primary::APC+PTEN+TP53	primary::APC+CTNNB1+PTEN+TP53	same_stage_one_event	CTNNB1	1	0.02105771760742743	0.001102970141022611	2.322603375907855e-05
rule_a_one_step	primary::APC+CTNNB1+TP53	primary::APC+CTNNB1+PTEN+TP53	same_stage_one_event	PTEN	1	0.013925298820888318	0.0014181044670290711	1.9747528462616382e-05
rule_a_one_step	primary::APC+SMAD4+SOX9	primary::APC+CTNNB1+SMAD4+SOX9	same_stage_one_event	CTNNB1	1	0.012789541202119796	0.0002363507445048452	3.0228175849964067e-06
rule_a_one_step	primary::CTNNB1+SMAD4+SOX9+TP53	primary::APC+CTNNB1+SMAD4+SOX9+TP53	same_stage_one_event	APC	1	0.15827606609126177	7.878358150161507e-05	1.2469555352655935e-05
rule_a_one_step	primary::APC+SMAD4+SOX9+TP53	primary::APC+CTNNB1+SMAD4+SOX9+TP53	same_stage_one_event	CTNNB1	1	0.02193634522991157	0.00039391790750807534	8.641119211341515e-06
rule_a_one_step	primary::APC+CTNNB1+SMAD4+TP53	primary::APC+CTNNB1+SMAD4+SOX9+TP53	same_stage_one_event	SOX9	1	0.07119414126216286	0.00015756716300323014	1.1217858861130208e-05
rule_a_one_step	primary::APC+CTNNB1+SMAD4+SOX9	primary::APC+CTNNB1+SMAD4+SOX9+TP53	same_stage_one_event	TP53	1	0.6355045351475058	7.878358150161507e-05	5.0067323339439526e-05
rule_a_one_step	primary::APC+TCF7L2+TP53	primary::APC+CTNNB1+TCF7L2+TP53	same_stage_one_event	CTNNB1	1	0.020843991323694935	0.005436067123611439	0.00011330933595958011
rule_a_one_step	primary::APC+CTNNB1+TP53	primary::APC+CTNNB1+TCF7L2+TP53	same_stage_one_event	TCF7L2	1	0.0651508643936611	0.0014181044670290711	9.239073182745607e-05
rule_a_one_step	primary::APC+FBXW7+KRAS+PIK3CA+PTEN	primary::APC+FBXW7+KRAS+NRAS+PIK3CA+PTEN	same_stage_one_event	NRAS	1	0.012962686075907674	0.00015756716300323014	2.042493669882246e-06
rule_a_one_step	primary::APC+FBXW7+KRAS+PIK3CA+PTEN+SMAD4+TP53	primary::APC+FBXW7+KRAS+NRAS+PIK3CA+PTEN+SMAD4+TP53	same_stage_one_event	NRAS	1	0.037416498170622835	0.00015756716300323014	5.89561146626059e-06
rule_a_one_step	primary::APC+FBXW7+KRAS+NRAS+PTEN+SMAD4+TP53	primary::APC+FBXW7+KRAS+NRAS+PIK3CA+PTEN+SMAD4+TP53	same_stage_one_event	PIK3CA	1	0.39700952325839667	7.878358150161507e-05	3.1277832132545235e-05
rule_a_one_step	primary::APC+FBXW7+KRAS+SMAD4+TCF7L2	primary::APC+FBXW7+KRAS+NRAS+SMAD4+TCF7L2	same_stage_one_event	NRAS	1	0.009634709813649113	0.00015756716300323014	1.518113891696071e-06
rule_a_one_step	primary::APC+KRAS+PIK3CA+PTEN+RNF43+TCF7L2	primary::APC+FBXW7+KRAS+PIK3CA+PTEN+RNF43+TCF7L2	same_stage_one_event	FBXW7	1	0.17882844852544863	7.878358150161507e-05	1.4088745649212057e-05
rule_a_one_step	primary::APC+FBXW7+KRAS+PIK3CA+RNF43+TCF7L2	primary::APC+FBXW7+KRAS+PIK3CA+PTEN+RNF43+TCF7L2	same_stage_one_event	PTEN	1	0.025919138353131286	7.878358150161507e-05	2.0420025488955557e-06
rule_a_one_step	primary::APC+FBXW7+KRAS+PIK3CA+PTEN+TCF7L2	primary::APC+FBXW7+KRAS+PIK3CA+PTEN+RNF43+TCF7L2	same_stage_one_event	RNF43	1	0.03038050871383615	7.878358150161507e-05	2.3934852843170373e-06
rule_a_one_step	primary::APC+KRAS+PIK3CA+PTEN+SMAD4	primary::APC+FBXW7+KRAS+PIK3CA+PTEN+SMAD4	same_stage_one_event	FBXW7	1	0.2657961650125546	0.0004727014890096904	0.00012564224297449992
rule_a_one_step	primary::APC+FBXW7+KRAS+PIK3CA+SMAD4	primary::APC+FBXW7+KRAS+PIK3CA+PTEN+SMAD4	same_stage_one_event	PTEN	1	0.05005497023888562	0.0002363507445048452	1.1830529482128484e-05
rule_a_one_step	primary::APC+FBXW7+KRAS+PIK3CA+PTEN	primary::APC+FBXW7+KRAS+PIK3CA+PTEN+SMAD4	same_stage_one_event	SMAD4	1	0.076258169239277	0.00015756716300323014	1.201578338285307e-05
rule_a_one_step	primary::APC+KRAS+PIK3CA+PTEN+TCF7L2	primary::APC+FBXW7+KRAS+PIK3CA+PTEN+TCF7L2	same_stage_one_event	FBXW7	1	0.3172854279375348	0.0003151343260064603	9.998752948476635e-05
rule_a_one_step	primary::APC+FBXW7+KRAS+PTEN+TCF7L2	primary::APC+FBXW7+KRAS+PIK3CA+PTEN+TCF7L2	same_stage_one_event	PIK3CA	1	0.48873480764223126	0.00015756716300323014	7.700855710111579e-05
rule_a_one_step	primary::APC+FBXW7+KRAS+PIK3CA+TCF7L2	primary::APC+FBXW7+KRAS+PIK3CA+PTEN+TCF7L2	same_stage_one_event	PTEN	1	0.06249360361053956	0.00039391790750807534	2.4617349566902844e-05
rule_a_one_step	primary::APC+FBXW7+KRAS+PIK3CA+PTEN	primary::APC+FBXW7+KRAS+PIK3CA+PTEN+TCF7L2	same_stage_one_event	TCF7L2	1	0.22822573192119258	0.00015756716300323014	3.5960881103158053e-05
rule_a_one_step	primary::APC+FBXW7+KRAS+PIK3CA+TGFBR2+TP53	primary::APC+FBXW7+KRAS+PIK3CA+PTEN+TGFBR2+TP53	same_stage_one_event	PTEN	1	0.06832260558269702	7.878358150161507e-05	5.382699565327112e-06
rule_a_one_step	primary::APC+FBXW7+KRAS+PIK3CA+PTEN+TP53	primary::APC+FBXW7+KRAS+PIK3CA+PTEN+TGFBR2+TP53	same_stage_one_event	TGFBR2	1	0.03584566052406961	7.878358150161507e-05	2.824049517377264e-06
rule_a_one_step	primary::APC+FBXW7+KRAS+PIK3CA+PTEN+TGFBR2	primary::APC+FBXW7+KRAS+PIK3CA+PTEN+TGFBR2+TP53	same_stage_one_event	TP53	1	0.02540784005708758	0.00015756716300323014	4.003441275835119e-06
rule_a_one_step	primary::FBXW7+KRAS+PIK3CA+PTEN+TP53	primary::APC+FBXW7+KRAS+PIK3CA+PTEN+TP53	same_stage_one_event	APC	1	0.6438936258874127	7.878358150161507e-05	5.072824595347142e-05
rule_a_one_step	primary::APC+KRAS+PIK3CA+PTEN+TP53	primary::APC+FBXW7+KRAS+PIK3CA+PTEN+TP53	same_stage_one_event	FBXW7	1	0.28890684988860366	0.0005514850705113054	0.00015932781448201573
rule_a_one_step	primary::APC+FBXW7+KRAS+PTEN+TP53	primary::APC+FBXW7+KRAS+PIK3CA+PTEN+TP53	same_stage_one_event	PIK3CA	1	0.3464129089722012	0.0002363507445048452	8.187494894166892e-05
rule_a_one_step	primary::APC+FBXW7+KRAS+PIK3CA+TP53	primary::APC+FBXW7+KRAS+PIK3CA+PTEN+TP53	same_stage_one_event	PTEN	1	0.06351403127868342	0.0018908059560387616	0.00012009270863376682
rule_a_one_step	primary::APC+FBXW7+KRAS+PIK3CA+PTEN	primary::APC+FBXW7+KRAS+PIK3CA+PTEN+TP53	same_stage_one_event	TP53	1	0.0342949684725506	0.00015756716300323014	5.403760887505019e-06
rule_a_one_step	primary::APC+KRAS+PIK3CA+RNF43+SOX9	primary::APC+FBXW7+KRAS+PIK3CA+RNF43+SOX9	same_stage_one_event	FBXW7	1	0.1377432538738905	7.878358150161507e-05	1.0851906867871308e-05
rule_a_one_step	primary::APC+FBXW7+KRAS+PIK3CA+SOX9	primary::APC+FBXW7+KRAS+PIK3CA+RNF43+SOX9	same_stage_one_event	RNF43	1	0.028200734177014103	0.0008666193965177657	2.443930323384189e-05
rule_a_one_step	primary::APC+FBXW7+KRAS+PIK3CA+TCF7L2	primary::APC+FBXW7+KRAS+PIK3CA+RNF43+TCF7L2	same_stage_one_event	RNF43	1	0.02753770289945868	0.00039391790750807534	1.0847594303733822e-05
rule_a_one_step	primary::APC+KRAS+PIK3CA+SMAD4+SOX9+TCF7L2	primary::APC+FBXW7+KRAS+PIK3CA+SMAD4+SOX9+TCF7L2	same_stage_one_event	FBXW7	1	0.3536326822767832	0.0002363507445048452	8.358134773736309e-05
rule_a_one_step	primary::APC+FBXW7+KRAS+PIK3CA+SOX9+TCF7L2	primary::APC+FBXW7+KRAS+PIK3CA+SMAD4+SOX9+TCF7L2	same_stage_one_event	SMAD4	1	0.15677300505797728	0.00039391790750807534	6.175569410619133e-05
rule_a_one_step	primary::APC+FBXW7+KRAS+PIK3CA+SMAD4+TCF7L2	primary::APC+FBXW7+KRAS+PIK3CA+SMAD4+SOX9+TCF7L2	same_stage_one_event	SOX9	1	0.2896581425437533	7.878358150161507e-05	2.2820305880702225e-05
rule_a_one_step	primary::APC+FBXW7+KRAS+PIK3CA+SMAD4+SOX9	primary::APC+FBXW7+KRAS+PIK3CA+SMAD4+SOX9+TCF7L2	same_stage_one_event	TCF7L2	1	0.28378807760147057	0.00015756716300323014	4.4715682281804236e-05
rule_a_one_step	primary::APC+KRAS+PIK3CA+SMAD4+TCF7L2	primary::APC+FBXW7+KRAS+PIK3CA+SMAD4+TCF7L2	same_stage_one_event	FBXW7	1	0.24774068057862408	0.0006302686520129206	0.00015614318479705293
rule_a_one_step	primary::APC+FBXW7+KRAS+SMAD4+TCF7L2	primary::APC+FBXW7+KRAS+PIK3CA+SMAD4+TCF7L2	same_stage_one_event	PIK3CA	1	0.41268240144898427	0.00015756716300323014	6.502519521767656e-05
rule_a_one_step	primary::APC+FBXW7+KRAS+PIK3CA+TCF7L2	primary::APC+FBXW7+KRAS+PIK3CA+SMAD4+TCF7L2	same_stage_one_event	SMAD4	1	0.10314241817355439	0.00039391790750807534	4.062964554224943e-05
rule_a_one_step	primary::APC+FBXW7+KRAS+PIK3CA+SMAD4	primary::APC+FBXW7+KRAS+PIK3CA+SMAD4+TCF7L2	same_stage_one_event	TCF7L2	1	0.1781027551910041	0.0002363507445048452	4.2094718787758e-05
rule_a_one_step	primary::APC+KRAS+PIK3CA+SMAD4+TCF7L2+TP53	primary::APC+FBXW7+KRAS+PIK3CA+SMAD4+TCF7L2+TP53	same_stage_one_event	FBXW7	1	0.33964286249838804	0.00015756716300323014	5.351656227816719e-05
rule_a_one_step	primary::APC+FBXW7+KRAS+SMAD4+TCF7L2+TP53	primary::APC+FBXW7+KRAS+PIK3CA+SMAD4+TCF7L2+TP53	same_stage_one_event	PIK3CA	1	0.4392298024059378	7.878358150161507e-05	3.460409693578648e-05
rule_a_one_step	primary::APC+FBXW7+KRAS+PIK3CA+TCF7L2+TP53	primary::APC+FBXW7+KRAS+PIK3CA+SMAD4+TCF7L2+TP53	same_stage_one_event	SMAD4	1	0.20257730078639785	7.878358150161507e-05	1.5959765286882365e-05
rule_a_one_step	primary::APC+FBXW7+KRAS+PIK3CA+SMAD4+TP53	primary::APC+FBXW7+KRAS+PIK3CA+SMAD4+TCF7L2+TP53	same_stage_one_event	TCF7L2	1	0.18818847804366895	0.0005514850705113054	0.00010378313608332803
rule_a_one_step	primary::APC+FBXW7+KRAS+PIK3CA+SMAD4+TCF7L2	primary::APC+FBXW7+KRAS+PIK3CA+SMAD4+TCF7L2+TP53	same_stage_one_event	TP53	1	0.1494097598382107	7.878358150161507e-05	1.1771035991350406e-05
rule_a_one_step	primary::APC+KRAS+PIK3CA+SOX9+TCF7L2+TP53	primary::APC+FBXW7+KRAS+PIK3CA+SOX9+TCF7L2+TP53	same_stage_one_event	FBXW7	1	0.325119181154897	7.878358150161507e-05	2.5614053506255185e-05
rule_a_one_step	primary::APC+FBXW7+PIK3CA+SOX9+TCF7L2+TP53	primary::APC+FBXW7+KRAS+PIK3CA+SOX9+TCF7L2+TP53	same_stage_one_event	KRAS	1	0.5041357998293561	7.878358150161507e-05	3.9717623873737975e-05
rule_a_one_step	primary::APC+FBXW7+KRAS+PIK3CA+TCF7L2+TP53	primary::APC+FBXW7+KRAS+PIK3CA+SOX9+TCF7L2+TP53	same_stage_one_event	SOX9	1	0.22478525906699703	7.878358150161507e-05	1.7709387778066418e-05
rule_a_one_step	primary::APC+FBXW7+KRAS+PIK3CA+SOX9+TP53	primary::APC+FBXW7+KRAS+PIK3CA+SOX9+TCF7L2+TP53	same_stage_one_event	TCF7L2	1	0.25852987770575475	0.0003151343260064603	8.147163876333562e-05
rule_a_one_step	primary::APC+FBXW7+KRAS+PIK3CA+SOX9+TCF7L2	primary::APC+FBXW7+KRAS+PIK3CA+SOX9+TCF7L2+TP53	same_stage_one_event	TP53	1	0.07703026727924082	0.00039391790750807534	3.0343601701426308e-05
rule_a_one_step	primary::APC+FBXW7+KRAS+SOX9+TGFBR2+TP53	primary::APC+FBXW7+KRAS+PIK3CA+SOX9+TGFBR2+TP53	same_stage_one_event	PIK3CA	1	0.4117023024501061	7.878358150161507e-05	3.243538189948051e-05
rule_a_one_step	primary::APC+FBXW7+KRAS+PIK3CA+TGFBR2+TP53	primary::APC+FBXW7+KRAS+PIK3CA+SOX9+TGFBR2+TP53	same_stage_one_event	SOX9	1	0.2674839292854207	7.878358150161507e-05	2.1073341943230183e-05
rule_a_one_step	primary::APC+FBXW7+KRAS+PIK3CA+SOX9+TP53	primary::APC+FBXW7+KRAS+PIK3CA+SOX9+TGFBR2+TP53	same_stage_one_event	TGFBR2	1	0.07071437873587982	0.0003151343260064603	2.2284528081897054e-05
rule_a_one_step	primary::APC+KRAS+PIK3CA+TCF7L2+TP53	primary::APC+FBXW7+KRAS+PIK3CA+TCF7L2+TP53	same_stage_one_event	FBXW7	1	0.2814876193148875	0.001102970141022611	0.0003104724391718605
rule_a_one_step	primary::APC+FBXW7+KRAS+TCF7L2+TP53	primary::APC+FBXW7+KRAS+PIK3CA+TCF7L2+TP53	same_stage_one_event	PIK3CA	1	0.3901168021278683	0.0005514850705113054	0.00021514359212913245
rule_a_one_step	primary::APC+FBXW7+KRAS+PIK3CA+TP53	primary::APC+FBXW7+KRAS+PIK3CA+TCF7L2+TP53	same_stage_one_event	TCF7L2	1	0.2055678235717549	0.0018908059560387616	0.0003886888651793995
rule_a_one_step	primary::APC+FBXW7+KRAS+PIK3CA+TCF7L2	primary::APC+FBXW7+KRAS+PIK3CA+TCF7L2+TP53	same_stage_one_event	TP53	1	0.17921893563099567	0.00039391790750807534	7.059754810958626e-05
rule_a_one_step	primary::APC+KRAS+PIK3CA+TGFBR2+TP53	primary::APC+FBXW7+KRAS+PIK3CA+TGFBR2+TP53	same_stage_one_event	FBXW7	1	0.23735060664679503	0.0002363507445048452	5.609799258964666e-05
rule_a_one_step	primary::APC+FBXW7+PIK3CA+TGFBR2+TP53	primary::APC+FBXW7+KRAS+PIK3CA+TGFBR2+TP53	same_stage_one_event	KRAS	1	0.6358320541673794	7.878358150161507e-05	5.0093126460835066e-05
rule_a_one_step	primary::APC+FBXW7+KRAS+PIK3CA+TP53	primary::APC+FBXW7+KRAS+PIK3CA+TGFBR2+TP53	same_stage_one_event	TGFBR2	1	0.036333079544332944	0.0018908059560387616	6.869880320365483e-05
rule_a_one_step	primary::APC+FBXW7+KRAS+PTEN+TCF7L2	primary::APC+FBXW7+KRAS+PTEN+TCF7L2+TGFBR2	same_stage_one_event	TGFBR2	1	0.02572941285999045	0.00015756716300323014	4.054110590087521e-06
rule_a_one_step	primary::FBXW7+KRAS+RNF43	primary::APC+FBXW7+KRAS+RNF43	same_stage_one_event	APC	1	0.307920235273754	0.00015756716300323014	4.851811790337257e-05
rule_a_one_step	primary::APC+KRAS+RNF43	primary::APC+FBXW7+KRAS+RNF43	same_stage_one_event	FBXW7	1	0.08789033596352583	0.00015756716300323014	1.3848630893173534e-05
rule_a_one_step	primary::APC+FBXW7+RNF43	primary::APC+FBXW7+KRAS+RNF43	same_stage_one_event	KRAS	1	0.0702135562990933	7.878358150161507e-05	5.531675435207855e-06
rule_a_one_step	primary::APC+FBXW7+KRAS	primary::APC+FBXW7+KRAS+RNF43	same_stage_one_event	RNF43	1	0.009915322801500074	0.0019695895375403767	1.9529116051170083e-05
rule_a_one_step	primary::FBXW7+KRAS+RNF43+TP53	primary::APC+FBXW7+KRAS+RNF43+TP53	same_stage_one_event	APC	1	0.3016171713981073	0.0002363507445048452	7.128744301538815e-05
rule_a_one_step	primary::APC+KRAS+RNF43+TP53	primary::APC+FBXW7+KRAS+RNF43+TP53	same_stage_one_event	FBXW7	1	0.11978459400419185	0.0004727014890096904	5.6622355946202716e-05
rule_a_one_step	primary::APC+FBXW7+RNF43+TP53	primary::APC+FBXW7+KRAS+RNF43+TP53	same_stage_one_event	KRAS	1	0.21667852119382044	0.0002363507445048452	5.121212980236834e-05
rule_a_one_step	primary::APC+FBXW7+KRAS+TP53	primary::APC+FBXW7+KRAS+RNF43+TP53	same_stage_one_event	RNF43	1	0.02058933853108982	0.0068541715906405105	0.00014112285922987587
rule_a_one_step	primary::APC+FBXW7+KRAS+RNF43	primary::APC+FBXW7+KRAS+RNF43+TP53	same_stage_one_event	TP53	1	0.027991627791980233	7.878358150161507e-05	2.2052806895123482e-06
rule_a_one_step	primary::APC+KRAS+SMAD4+TCF7L2+TP53	primary::APC+FBXW7+KRAS+SMAD4+TCF7L2+TP53	same_stage_one_event	FBXW7	1	0.19786332079081262	0.0006302686520129206	0.00012470704847762556
rule_a_one_step	primary::APC+FBXW7+KRAS+TCF7L2+TP53	primary::APC+FBXW7+KRAS+SMAD4+TCF7L2+TP53	same_stage_one_event	SMAD4	1	0.15872854628573285	0.0005514850705113054	8.753642354054439e-05
rule_a_one_step	primary::APC+FBXW7+KRAS+SMAD4+TP53	primary::APC+FBXW7+KRAS+SMAD4+TCF7L2+TP53	same_stage_one_event	TCF7L2	1	0.11533130203774594	0.001339320885527456	0.0001544656215742284
rule_a_one_step	primary::APC+FBXW7+KRAS+SMAD4+TCF7L2	primary::APC+FBXW7+KRAS+SMAD4+TCF7L2+TP53	same_stage_one_event	TP53	1	0.18123232694246366	0.00015756716300323014	2.855626360079787e-05
rule_a_one_step	primary::APC+KRAS+SOX9+TGFBR2+TP53	primary::APC+FBXW7+KRAS+SOX9+TGFBR2+TP53	same_stage_one_event	FBXW7	1	0.17523064058883567	0.00015756716300323014	2.7610594908821504e-05
rule_a_one_step	primary::APC+FBXW7+KRAS+SOX9+TP53	primary::APC+FBXW7+KRAS+SOX9+TGFBR2+TP53	same_stage_one_event	TGFBR2	1	0.04019647905933939	0.001102970141022611	4.433551617669199e-05
rule_a_one_step	primary::APC+NRAS+PIK3CA+SOX9+TP53	primary::APC+FBXW7+NRAS+PIK3CA+SOX9+TP53	same_stage_one_event	FBXW7	1	0.23282181569754837	7.878358150161507e-05	1.8342536492361805e-05
rule_a_one_step	primary::APC+FBXW7+PIK3CA+SOX9+TP53	primary::APC+FBXW7+NRAS+PIK3CA+SOX9+TP53	same_stage_one_event	NRAS	1	0.07807440098451848	0.0002363507445048452	1.8452942799460764e-05
rule_a_one_step	primary::APC+FBXW7+NRAS+PIK3CA+TP53	primary::APC+FBXW7+NRAS+PIK3CA+SOX9+TP53	same_stage_one_event	SOX9	1	0.17650229964342432	0.0002363507445048452	4.171644992754061e-05
rule_a_one_step	primary::APC+NRAS+PTEN	primary::APC+FBXW7+NRAS+PTEN	same_stage_one_event	FBXW7	1	0.11188834964006424	7.878358150161507e-05	8.814964912949205e-06
rule_a_one_step	primary::APC+FBXW7+NRAS	primary::APC+FBXW7+NRAS+PTEN	same_stage_one_event	PTEN	1	0.008957285988336698	0.00015756716300323014	1.4113741413907978e-06
rule_a_one_step	primary::APC+FBXW7+SMAD4+SOX9+TP53	primary::APC+FBXW7+NRAS+SMAD4+SOX9+TP53	same_stage_one_event	NRAS	1	0.07459667886245275	0.00015756716300323014	1.1753987057819705e-05
rule_a_one_step	primary::APC+FBXW7+NRAS+SMAD4+TP53	primary::APC+FBXW7+NRAS+SMAD4+SOX9+TP53	same_stage_one_event	SOX9	1	0.18444337277367534	7.878358150161507e-05	1.4531109491347621e-05
rule_a_one_step	primary::APC+NRAS+SMAD4+TP53	primary::APC+FBXW7+NRAS+SMAD4+TP53	same_stage_one_event	FBXW7	1	0.14910819384843382	0.0007090522335145356	0.00010572549788355033
rule_a_one_step	primary::APC+FBXW7+SMAD4+TP53	primary::APC+FBXW7+NRAS+SMAD4+TP53	same_stage_one_event	NRAS	1	0.054671935804454695	0.00039391790750807534	2.1536254551506618e-05
rule_a_one_step	primary::APC+FBXW7+NRAS+TP53	primary::APC+FBXW7+NRAS+SMAD4+TP53	same_stage_one_event	SMAD4	1	0.0911163451177427	0.0006302686520129206	5.742777601370375e-05
rule_a_one_step	primary::APC+NRAS+TCF7L2+TP53	primary::APC+FBXW7+NRAS+TCF7L2+TP53	same_stage_one_event	FBXW7	1	0.1681844416144022	0.0006302686520129206	0.00010600138130585502
rule_a_one_step	primary::APC+FBXW7+TCF7L2+TP53	primary::APC+FBXW7+NRAS+TCF7L2+TP53	same_stage_one_event	NRAS	1	0.07288082658233416	0.0004727014890096904	3.445087524572638e-05
rule_a_one_step	primary::APC+FBXW7+NRAS+TP53	primary::APC+FBXW7+NRAS+TCF7L2+TP53	same_stage_one_event	TCF7L2	1	0.10831894151040908	0.0006302686520129206	6.827003325323191e-05
rule_a_one_step	primary::FBXW7+PIK3CA+PTEN	primary::APC+FBXW7+PIK3CA+PTEN	same_stage_one_event	APC	1	0.4245881087156572	7.878358150161507e-05	3.345057186761658e-05
rule_a_one_step	primary::APC+PIK3CA+PTEN	primary::APC+FBXW7+PIK3CA+PTEN	same_stage_one_event	FBXW7	1	0.10034736711929704	0.0005514850705113054	5.534007483140938e-05
rule_a_one_step	primary::APC+FBXW7+PIK3CA	primary::APC+FBXW7+PIK3CA+PTEN	same_stage_one_event	PTEN	1	0.006496662273898157	0.0004727014890096904	3.0709819304647397e-06
rule_a_one_step	primary::APC+PIK3CA+PTEN+SOX9	primary::APC+FBXW7+PIK3CA+PTEN+SOX9	same_stage_one_event	FBXW7	1	0.16009663526077192	7.878358150161507e-05	1.2612986312201365e-05
rule_a_one_step	primary::APC+FBXW7+PIK3CA+SOX9	primary::APC+FBXW7+PIK3CA+PTEN+SOX9	same_stage_one_event	PTEN	1	0.01561048925960271	7.878358150161507e-05	1.229850252863997e-06
rule_a_one_step	primary::APC+FBXW7+PIK3CA+PTEN	primary::APC+FBXW7+PIK3CA+PTEN+SOX9	same_stage_one_event	SOX9	1	0.08451486321401915	7.878358150161507e-05	6.658383614119527e-06
rule_a_one_step	primary::APC+FBXW7+PIK3CA+PTEN	primary::APC+FBXW7+PIK3CA+PTEN+TGFBR2	same_stage_one_event	TGFBR2	1	0.012955329312240567	7.878358150161507e-05	1.0206672427511674e-06
rule_a_one_step	primary::FBXW7+PIK3CA+RNF43+SOX9+TCF7L2	primary::APC+FBXW7+PIK3CA+RNF43+SOX9+TCF7L2	same_stage_one_event	APC	1	0.46973458535283424	7.878358150161507e-05	3.7007372989272375e-05
rule_a_one_step	primary::APC+FBXW7+PIK3CA+SOX9+TCF7L2	primary::APC+FBXW7+PIK3CA+RNF43+SOX9+TCF7L2	same_stage_one_event	RNF43	1	0.01767291635697318	7.878358150161507e-05	1.3923356461808226e-06
rule_a_one_step	primary::APC+FBXW7+PIK3CA+RNF43+TGFBR2	primary::APC+FBXW7+PIK3CA+RNF43+TCF7L2+TGFBR2	same_stage_one_event	TCF7L2	1	0.1353033807395484	7.878358150161507e-05	1.0659684923938265e-05
rule_a_one_step	primary::FBXW7+PIK3CA+RNF43+TGFBR2	primary::APC+FBXW7+PIK3CA+RNF43+TGFBR2	same_stage_one_event	APC	1	0.2395176676135984	7.878358150161507e-05	1.8870059687512678e-05
rule_a_one_step	primary::APC+PIK3CA+SMAD4	primary::APC+FBXW7+PIK3CA+SMAD4	same_stage_one_event	FBXW7	1	0.034886264702334434	0.00015756716300323014	5.496929756926564e-06
rule_a_one_step	primary::APC+FBXW7+SMAD4	primary::APC+FBXW7+PIK3CA+SMAD4	same_stage_one_event	PIK3CA	1	0.03393869111431878	7.878358150161507e-05	2.6738116374630724e-06
rule_a_one_step	primary::APC+FBXW7+PIK3CA	primary::APC+FBXW7+PIK3CA+SMAD4	same_stage_one_event	SMAD4	1	0.008922760792396537	0.0004727014890096904	4.217802312643128e-06
rule_a_one_step	primary::APC+PIK3CA+SOX9	primary::APC+FBXW7+PIK3CA+SOX9	same_stage_one_event	FBXW7	1	0.0706384701112036	0.0002363507445048452	1.6695455001466224e-05
rule_a_one_step	primary::APC+FBXW7+SOX9	primary::APC+FBXW7+PIK3CA+SOX9	same_stage_one_event	PIK3CA	1	0.07660632341249701	7.878358150161507e-05	6.035320524107541e-06
rule_a_one_step	primary::APC+FBXW7+PIK3CA	primary::APC+FBXW7+PIK3CA+SOX9	same_stage_one_event	SOX9	1	0.0401534071221184	0.0004727014890096904	1.8980575335437675e-05
rule_a_one_step	primary::APC+PIK3CA+SOX9+TCF7L2	primary::APC+FBXW7+PIK3CA+SOX9+TCF7L2	same_stage_one_event	FBXW7	1	0.10092036033634155	7.878358150161507e-05	7.950867433730526e-06
rule_a_one_step	primary::APC+FBXW7+PIK3CA+TCF7L2	primary::APC+FBXW7+PIK3CA+SOX9+TCF7L2	same_stage_one_event	SOX9	1	0.038279276623657627	7.878358150161507e-05	3.015778509702799e-06
rule_a_one_step	primary::APC+FBXW7+PIK3CA+SOX9	primary::APC+FBXW7+PIK3CA+SOX9+TCF7L2	same_stage_one_event	TCF7L2	1	0.07364129122418973	7.878358150161507e-05	5.801724669045123e-06
rule_a_one_step	primary::APC+FBXW7+PIK3CA+SOX9+TP53	primary::APC+FBXW7+PIK3CA+SOX9+TCF7L2+TP53	same_stage_one_event	TCF7L2	1	0.07441835001208265	0.0002363507445048452	1.758883243017789e-05
rule_a_one_step	primary::APC+FBXW7+PIK3CA+SOX9+TCF7L2	primary::APC+FBXW7+PIK3CA+SOX9+TCF7L2+TP53	same_stage_one_event	TP53	1	0.46955036804588846	7.878358150161507e-05	3.6992859690056604e-05
rule_a_one_step	primary::APC+PIK3CA+TCF7L2	primary::APC+FBXW7+PIK3CA+TCF7L2	same_stage_one_event	FBXW7	1	0.04274364752620119	0.00015756716300323014	6.734995277113558e-06
rule_a_one_step	primary::APC+FBXW7+TCF7L2	primary::APC+FBXW7+PIK3CA+TCF7L2	same_stage_one_event	PIK3CA	1	0.04114902500767622	7.878358150161507e-05	3.241867565404256e-06
rule_a_one_step	primary::APC+FBXW7+PIK3CA	primary::APC+FBXW7+PIK3CA+TCF7L2	same_stage_one_event	TCF7L2	1	0.03203930208027693	0.0004727014890096904	1.5145025800178176e-05
rule_a_one_step	primary::APC+PIK3CA+TGFBR2+TP53	primary::APC+FBXW7+PIK3CA+TGFBR2+TP53	same_stage_one_event	FBXW7	1	0.08360613623583542	7.878358150161507e-05	6.586790848171073e-06
rule_a_one_step	primary::APC+FBXW7+PIK3CA+TP53	primary::APC+FBXW7+PIK3CA+TGFBR2+TP53	same_stage_one_event	TGFBR2	1	0.010112592387586172	0.001181753722524226	1.1950593698400108e-05
rule_a_one_step	primary::APC+FBXW7+RNF43+SOX9+TGFBR2	primary::APC+FBXW7+PTEN+RNF43+SOX9+TGFBR2	same_stage_one_event	PTEN	1	0.012486897308896476	0.00015756716300323014	1.967524983675487e-06
rule_a_one_step	primary::APC+FBXW7+RNF43+TCF7L2	primary::APC+FBXW7+PTEN+RNF43+TCF7L2	same_stage_one_event	PTEN	1	0.009898288326572588	7.878358150161507e-05	7.798226051030165e-07
rule_a_one_step	primary::APC+PTEN+TCF7L2+TP53	primary::APC+FBXW7+PTEN+TCF7L2+TP53	same_stage_one_event	FBXW7	1	0.1272872708113924	0.00015756716300323014	2.0056294148174967e-05
rule_a_one_step	primary::APC+FBXW7+TCF7L2+TP53	primary::APC+FBXW7+PTEN+TCF7L2+TP53	same_stage_one_event	PTEN	1	0.02224932078655314	0.0004727014890096904	1.0517287065257927e-05
rule_a_one_step	primary::APC+FBXW7+PTEN+TP53	primary::APC+FBXW7+PTEN+TCF7L2+TP53	same_stage_one_event	TCF7L2	1	0.05069218820338153	7.878358150161507e-05	3.993712140816319e-06
rule_a_one_step	primary::FBXW7+PTEN+TP53	primary::APC+FBXW7+PTEN+TP53	same_stage_one_event	APC	1	0.29812574327437064	0.00015756716300323014	4.69748275859719e-05
rule_a_one_step	primary::APC+PTEN+TP53	primary::APC+FBXW7+PTEN+TP53	same_stage_one_event	FBXW7	1	0.09413961671020409	0.001102970141022611	0.00010383318631866833
rule_a_one_step	primary::APC+FBXW7+TP53	primary::APC+FBXW7+PTEN+TP53	same_stage_one_event	PTEN	1	0.015473833090284897	0.007326873079650201	0.00011337481110820888
rule_a_one_step	primary::APC+RNF43	primary::APC+FBXW7+RNF43	same_stage_one_event	FBXW7	1	0.04759173070731183	0.0004727014890096904	2.249668196989451e-05
rule_a_one_step	primary::APC+FBXW7	primary::APC+FBXW7+RNF43	same_stage_one_event	RNF43	1	0.002327473870022505	0.0006302686520129206	1.4669338186543797e-06
rule_a_one_step	primary::APC+RNF43+TCF7L2	primary::APC+FBXW7+RNF43+TCF7L2	same_stage_one_event	FBXW7	1	0.06380050343600524	0.0002363507445048452	1.5079296486883773e-05
rule_a_one_step	primary::APC+FBXW7+TCF7L2	primary::APC+FBXW7+RNF43+TCF7L2	same_stage_one_event	RNF43	1	0.0034490048116416236	7.878358150161507e-05	2.717249516774304e-07
rule_a_one_step	primary::APC+FBXW7+RNF43	primary::APC+FBXW7+RNF43+TCF7L2	same_stage_one_event	TCF7L2	1	0.08577684568112462	7.878358150161507e-05	6.7578071126703405e-06
rule_a_one_step	primary::APC+FBXW7+TCF7L2+TP53	primary::APC+FBXW7+RNF43+TCF7L2+TP53	same_stage_one_event	RNF43	1	0.020195619171032384	0.0004727014890096904	9.546499253619657e-06
rule_a_one_step	primary::APC+FBXW7+RNF43+TP53	primary::APC+FBXW7+RNF43+TCF7L2+TP53	same_stage_one_event	TCF7L2	1	0.10386884846179331	0.0002363507445048452	2.4549479664805794e-05
rule_a_one_step	primary::APC+FBXW7+RNF43+TCF7L2	primary::APC+FBXW7+RNF43+TCF7L2+TP53	same_stage_one_event	TP53	1	0.31322246246875196	7.878358150161507e-05	2.4676787400043488e-05
rule_a_one_step	primary::APC+SMAD4	primary::APC+FBXW7+SMAD4	same_stage_one_event	FBXW7	1	0.014331311456803874	0.0008666193965177657	1.2419792486003514e-05
rule_a_one_step	primary::APC+FBXW7	primary::APC+FBXW7+SMAD4	same_stage_one_event	SMAD4	1	0.0057605934786932374	0.0006302686520129206	3.6307214866104076e-06
rule_a_one_step	primary::APC+FBXW7+SMAD4+SOX9+TP53	primary::APC+FBXW7+SMAD4+SOX9+TGFBR2+TP53	same_stage_one_event	TGFBR2	1	0.014963377959379218	0.00015756716300323014	2.3577370140044466e-06
rule_a_one_step	primary::APC+SOX9	primary::APC+FBXW7+SOX9	same_stage_one_event	FBXW7	1	0.032330633491598364	0.001339320885527456	4.3301092677631145e-05
rule_a_one_step	primary::APC+FBXW7	primary::APC+FBXW7+SOX9	same_stage_one_event	SOX9	1	0.020846844498636306	0.0006302686520129206	1.3139112580878474e-05
rule_a_one_step	primary::APC+TCF7L2	primary::APC+FBXW7+TCF7L2	same_stage_one_event	FBXW7	1	0.01671037877329672	0.0006302686520129206	1.0532027904071045e-05
rule_a_one_step	primary::APC+FBXW7	primary::APC+FBXW7+TCF7L2	same_stage_one_event	TCF7L2	1	0.014159373464155278	0.0006302686520129206	8.924209226600664e-06
rule_a_one_step	primary::KRAS+NRAS+PIK3CA	primary::APC+KRAS+NRAS+PIK3CA	same_stage_one_event	APC	1	0.6249116056917999	7.878358150161507e-05	4.923277441832506e-05
rule_a_one_step	primary::APC+NRAS+PIK3CA	primary::APC+KRAS+NRAS+PIK3CA	same_stage_one_event	KRAS	1	0.04899196254615476	0.0006302686520129206	3.0878098193432455e-05
rule_a_one_step	primary::APC+KRAS+PIK3CA	primary::APC+KRAS+NRAS+PIK3CA	same_stage_one_event	NRAS	1	0.01092477415451683	0.010478216339714803	0.00011447214705355222
rule_a_one_step	primary::APC+KRAS+NRAS	primary::APC+KRAS+NRAS+PIK3CA	same_stage_one_event	PIK3CA	1	0.30088122501353515	0.0003151343260064603	9.481800205263852e-05
rule_a_one_step	primary::KRAS+NRAS+PIK3CA+TP53	primary::APC+KRAS+NRAS+PIK3CA+TP53	same_stage_one_event	APC	1	0.5583169349888685	7.878358150161507e-05	4.398620775142744e-05
rule_a_one_step	primary::APC+NRAS+PIK3CA+TP53	primary::APC+KRAS+NRAS+PIK3CA+TP53	same_stage_one_event	KRAS	1	0.19251098727907828	0.0006302686520129206	0.00012133364045006116
rule_a_one_step	primary::APC+KRAS+PIK3CA+TP53	primary::APC+KRAS+NRAS+PIK3CA+TP53	same_stage_one_event	NRAS	1	0.026712712839534056	0.012211455132750335	0.00032620109431401393
rule_a_one_step	primary::APC+KRAS+NRAS+TP53	primary::APC+KRAS+NRAS+PIK3CA+TP53	same_stage_one_event	PIK3CA	1	0.2561079642329384	0.0005514850705113054	0.00014123971871350893
rule_a_one_step	primary::APC+KRAS+NRAS+PIK3CA	primary::APC+KRAS+NRAS+PIK3CA+TP53	same_stage_one_event	TP53	1	0.05549703818944811	7.878358150161507e-05	4.3722554312966295e-06
rule_a_one_step	primary::APC+KRAS+PTEN+SMAD4+TCF7L2	primary::APC+KRAS+NRAS+PTEN+SMAD4+TCF7L2	same_stage_one_event	NRAS	1	0.010438320842419087	0.00015756716300323014	1.6447366016574627e-06
rule_a_one_step	primary::APC+NRAS+SOX9+TP53	primary::APC+KRAS+NRAS+SOX9+TP53	same_stage_one_event	KRAS	1	0.12656298284363116	0.0005514850705113054	6.979759551764107e-05
rule_a_one_step	primary::APC+KRAS+SOX9+TP53	primary::APC+KRAS+NRAS+SOX9+TP53	same_stage_one_event	NRAS	1	0.02139289174203757	0.004648231308595289	9.943910917672865e-05
rule_a_one_step	primary::APC+KRAS+NRAS+TP53	primary::APC+KRAS+NRAS+SOX9+TP53	same_stage_one_event	SOX9	1	0.14518315339464155	0.0005514850705113054	8.006634158689758e-05
rule_a_one_step	primary::APC+KRAS+PIK3CA+RNF43+SMAD4+TCF7L2	primary::APC+KRAS+PIK3CA+PTEN+RNF43+SMAD4+TCF7L2	same_stage_one_event	PTEN	1	0.02323834086917309	0.00015756716300323014	3.661599443657621e-06
rule_a_one_step	primary::APC+KRAS+PIK3CA+PTEN+RNF43+TCF7L2	primary::APC+KRAS+PIK3CA+PTEN+RNF43+SMAD4+TCF7L2	same_stage_one_event	SMAD4	1	0.034578174975630815	7.878358150161507e-05	2.724192466369717e-06
rule_a_one_step	primary::APC+KRAS+PIK3CA+PTEN+TCF7L2	primary::APC+KRAS+PIK3CA+PTEN+RNF43+TCF7L2	same_stage_one_event	RNF43	1	0.019026625465908123	0.0003151343260064603	5.9959427923763095e-06
rule_a_one_step	primary::APC+KRAS+PIK3CA+RNF43+TP53	primary::APC+KRAS+PIK3CA+PTEN+RNF43+TP53	same_stage_one_event	PTEN	1	0.021485202602376793	0.0002363507445048452	5.078043630909192e-06
rule_a_one_step	primary::APC+KRAS+PIK3CA+PTEN+TP53	primary::APC+KRAS+PIK3CA+PTEN+RNF43+TP53	same_stage_one_event	RNF43	1	0.019896912736557387	0.0005514850705113054	1.0972850323477642e-05
rule_a_one_step	primary::APC+KRAS+PTEN+SMAD4+SOX9	primary::APC+KRAS+PIK3CA+PTEN+SMAD4+SOX9	same_stage_one_event	PIK3CA	1	0.42383284241013586	0.0002363507445048452	0.00010017320784924033
rule_a_one_step	primary::APC+KRAS+PIK3CA+SMAD4+SOX9	primary::APC+KRAS+PIK3CA+PTEN+SMAD4+SOX9	same_stage_one_event	PTEN	1	0.05851858996006516	0.0005514850705113054	3.2272128710348706e-05
rule_a_one_step	primary::APC+KRAS+PIK3CA+PTEN+SOX9	primary::APC+KRAS+PIK3CA+PTEN+SMAD4+SOX9	same_stage_one_event	SMAD4	1	0.110087240381514	0.0003151343260064603	3.4692268299539594e-05
rule_a_one_step	primary::APC+KRAS+PIK3CA+PTEN+SMAD4	primary::APC+KRAS+PIK3CA+PTEN+SMAD4+SOX9	same_stage_one_event	SOX9	1	0.21413454701647008	0.0004727014890096904	0.00010122171922310097
rule_a_one_step	primary::APC+PIK3CA+PTEN+SOX9+TCF7L2+TP53	primary::APC+KRAS+PIK3CA+PTEN+SOX9+TCF7L2+TP53	same_stage_one_event	KRAS	1	0.3756328628712584	7.878358150161507e-05	2.9593702266702784e-05
rule_a_one_step	primary::APC+KRAS+PIK3CA+SOX9+TCF7L2+TP53	primary::APC+KRAS+PIK3CA+PTEN+SOX9+TCF7L2+TP53	same_stage_one_event	PTEN	1	0.06503859430110645	7.878358150161507e-05	5.123973394871697e-06
rule_a_one_step	primary::APC+KRAS+PIK3CA+PTEN+SOX9+TP53	primary::APC+KRAS+PIK3CA+PTEN+SOX9+TCF7L2+TP53	same_stage_one_event	TCF7L2	1	0.1450332727417923	0.00015756716300323014	2.2852481326997923e-05
rule_a_one_step	primary::APC+KRAS+PIK3CA+PTEN+SOX9+TP53	primary::APC+KRAS+PIK3CA+PTEN+SOX9+TGFBR2+TP53	same_stage_one_event	TGFBR2	1	0.0394403642098249	0.00015756716300323014	6.214506296356244e-06
rule_a_one_step	primary::APC+KRAS+PIK3CA+TGFBR2	primary::APC+KRAS+PIK3CA+PTEN+TGFBR2	same_stage_one_event	PTEN	1	0.03424255497670224	0.0002363507445048452	8.093253362491667e-06
rule_a_one_step	primary::APC+KRAS+PIK3CA+PTEN	primary::APC+KRAS+PIK3CA+PTEN+TGFBR2	same_stage_one_event	TGFBR2	1	0.02750935222772227	0.0006302686520129206	1.7338282346315147e-05
rule_a_one_step	primary::KRAS+PIK3CA+RNF43+SMAD4+TP53	primary::APC+KRAS+PIK3CA+RNF43+SMAD4+TP53	same_stage_one_event	APC	1	0.33802867077608495	0.0003151343260064603	0.00010652443733588119
rule_a_one_step	primary::APC+KRAS+RNF43+SMAD4+TP53	primary::APC+KRAS+PIK3CA+RNF43+SMAD4+TP53	same_stage_one_event	PIK3CA	1	0.11935681596829742	7.878358150161507e-05	9.40335743861163e-06
rule_a_one_step	primary::APC+KRAS+PIK3CA+SMAD4+TP53	primary::APC+KRAS+PIK3CA+RNF43+SMAD4+TP53	same_stage_one_event	RNF43	1	0.025005932035763637	0.0017332387930355314	4.334125146039549e-05
rule_a_one_step	primary::APC+KRAS+PIK3CA+RNF43+TP53	primary::APC+KRAS+PIK3CA+RNF43+SMAD4+TP53	same_stage_one_event	SMAD4	1	0.06123429682200302	0.0002363507445048452	1.447277164311109e-05
rule_a_one_step	primary::APC+KRAS+RNF43+SOX9	primary::APC+KRAS+PIK3CA+RNF43+SOX9	same_stage_one_event	PIK3CA	1	0.15893328342995	7.878358150161507e-05	1.2521333288422754e-05
rule_a_one_step	primary::APC+KRAS+PIK3CA+SOX9	primary::APC+KRAS+PIK3CA+RNF43+SOX9	same_stage_one_event	RNF43	1	0.019739967844308478	0.0020483731190419916	4.0434819503034775e-05
rule_a_one_step	primary::APC+KRAS+PIK3CA+RNF43	primary::APC+KRAS+PIK3CA+RNF43+SOX9	same_stage_one_event	SOX9	1	0.13048023086242153	0.00015756716300323014	2.0559399804998272e-05
rule_a_one_step	primary::APC+KRAS+PIK3CA+SOX9+TCF7L2	primary::APC+KRAS+PIK3CA+RNF43+SOX9+TCF7L2	same_stage_one_event	RNF43	1	0.025924890601841596	0.00039391790750807534	1.021227865825321e-05
rule_a_one_step	primary::APC+KRAS+PIK3CA+RNF43+SOX9	primary::APC+KRAS+PIK3CA+RNF43+SOX9+TCF7L2	same_stage_one_event	TCF7L2	1	0.2026804158398045	7.878358150161507e-05	1.5967889060096473e-05
rule_a_one_step	primary::APC+KRAS+PIK3CA+SOX9+TP53	primary::APC+KRAS+PIK3CA+RNF43+SOX9+TP53	same_stage_one_event	RNF43	1	0.026709161550220933	0.0016544552115339162	4.418911152246432e-05
rule_a_one_step	primary::APC+KRAS+PIK3CA+RNF43+TP53	primary::APC+KRAS+PIK3CA+RNF43+SOX9+TP53	same_stage_one_event	SOX9	1	0.11337748464594269	0.0002363507445048452	2.679685290615521e-05
rule_a_one_step	primary::APC+KRAS+PIK3CA+RNF43+SOX9	primary::APC+KRAS+PIK3CA+RNF43+SOX9+TP53	same_stage_one_event	TP53	1	0.004963532272847819	7.878358150161507e-05	3.910448493538028e-07
rule_a_one_step	primary::APC+KRAS+PIK3CA+TCF7L2+TGFBR2	primary::APC+KRAS+PIK3CA+SMAD4+TCF7L2+TGFBR2	same_stage_one_event	SMAD4	1	0.09972532433175137	7.878358150161507e-05	7.85671821726553e-06
rule_a_one_step	primary::APC+KRAS+PIK3CA+SMAD4+TCF7L2	primary::APC+KRAS+PIK3CA+SMAD4+TCF7L2+TGFBR2	same_stage_one_event	TGFBR2	1	0.0346036733112289	0.0006302686520129206	2.180961053256371e-05
rule_a_one_step	primary::APC+KRAS+PIK3CA+TCF7L2+TGFBR2	primary::APC+KRAS+PIK3CA+SOX9+TCF7L2+TGFBR2	same_stage_one_event	SOX9	1	0.18516704910248818	7.878358150161507e-05	1.4588123304379438e-05
rule_a_one_step	primary::APC+KRAS+PIK3CA+SOX9+TGFBR2	primary::APC+KRAS+PIK3CA+SOX9+TCF7L2+TGFBR2	same_stage_one_event	TCF7L2	1	0.23611825351091925	7.878358150161507e-05	1.8602241669496517e-05
rule_a_one_step	primary::APC+KRAS+PIK3CA+SOX9+TCF7L2	primary::APC+KRAS+PIK3CA+SOX9+TCF7L2+TGFBR2	same_stage_one_event	TGFBR2	1	0.0724354804271252	0.00039391790750807534	2.8533632879195308e-05
rule_a_one_step	primary::APC+KRAS+SOX9+TCF7L2+TP53	primary::APC+KRAS+PIK3CA+SOX9+TCF7L2+TP53	same_stage_one_event	PIK3CA	1	0.32478848715962094	0.00039391790750807534	0.00012794000124463127
rule_a_one_step	primary::APC+KRAS+PIK3CA+TCF7L2+TP53	primary::APC+KRAS+PIK3CA+SOX9+TCF7L2+TP53	same_stage_one_event	SOX9	1	0.14128675653241377	0.001102970141022611	0.0001558350737771837
rule_a_one_step	primary::APC+KRAS+PIK3CA+SOX9+TP53	primary::APC+KRAS+PIK3CA+SOX9+TCF7L2+TP53	same_stage_one_event	TCF7L2	1	0.16705707016689852	0.0016544552115339162	0.00027638844036121236
rule_a_one_step	primary::APC+KRAS+PIK3CA+SOX9+TCF7L2	primary::APC+KRAS+PIK3CA+SOX9+TCF7L2+TP53	same_stage_one_event	TP53	1	0.0654213192962499	0.00039391790750807534	2.5770629203596434e-05
rule_a_one_step	primary::APC+KRAS+SOX9+TGFBR2	primary::APC+KRAS+PIK3CA+SOX9+TGFBR2	same_stage_one_event	PIK3CA	1	0.3770577698237459	0.00015756716300323014	5.94119230794526e-05
rule_a_one_step	primary::APC+KRAS+PIK3CA+TGFBR2	primary::APC+KRAS+PIK3CA+SOX9+TGFBR2	same_stage_one_event	SOX9	1	0.20640072591789665	0.0002363507445048452	4.8782965237035375e-05
rule_a_one_step	primary::APC+KRAS+PIK3CA+SOX9	primary::APC+KRAS+PIK3CA+SOX9+TGFBR2	same_stage_one_event	TGFBR2	1	0.05514271316281099	0.0020483731190419916	0.00011295285135374503
rule_a_one_step	primary::APC+PIK3CA+TCF7L2+TGFBR2	primary::APC+KRAS+PIK3CA+TCF7L2+TGFBR2	same_stage_one_event	KRAS	1	0.13789045486676035	7.878358150161507e-05	1.086350388929019e-05
rule_a_one_step	primary::APC+KRAS+PIK3CA+TGFBR2	primary::APC+KRAS+PIK3CA+TCF7L2+TGFBR2	same_stage_one_event	TCF7L2	1	0.16996515296382517	0.0002363507445048452	4.017139044287997e-05
rule_a_one_step	primary::APC+KRAS+PIK3CA+TCF7L2	primary::APC+KRAS+PIK3CA+TCF7L2+TGFBR2	same_stage_one_event	TGFBR2	1	0.036008145327776714	0.0012605373040258411	4.538961043444635e-05
rule_a_one_step	primary::APC+KRAS+SMAD4+SOX9+TCF7L2	primary::APC+KRAS+PTEN+SMAD4+SOX9+TCF7L2	same_stage_one_event	PTEN	1	0.03804182067206579	7.878358150161507e-05	2.99707087938752e-06
rule_a_one_step	primary::APC+KRAS+PTEN+SMAD4+TCF7L2	primary::APC+KRAS+PTEN+SMAD4+SOX9+TCF7L2	same_stage_one_event	SOX9	1	0.11704968768169009	0.00015756716300323014	1.844318721841804e-05
rule_a_one_step	primary::APC+KRAS+PTEN+SMAD4+SOX9	primary::APC+KRAS+PTEN+SMAD4+SOX9+TCF7L2	same_stage_one_event	TCF7L2	1	0.10257637439180238	0.0002363507445048452	2.424400245611023e-05
rule_a_one_step	primary::APC+KRAS+SMAD4+SOX9+TP53	primary::APC+KRAS+PTEN+SMAD4+SOX9+TP53	same_stage_one_event	PTEN	1	0.05005703751012636	0.0010241865595209958	5.126774502730975e-05
rule_a_one_step	primary::APC+KRAS+PTEN+SOX9+TP53	primary::APC+KRAS+PTEN+SMAD4+SOX9+TP53	same_stage_one_event	SMAD4	1	0.16904261284171235	0.00015756716300323014	2.6635564932122012e-05
rule_a_one_step	primary::APC+KRAS+PTEN+SMAD4+TP53	primary::APC+KRAS+PTEN+SMAD4+SOX9+TP53	same_stage_one_event	SOX9	1	0.14917288108872134	0.0002363507445048452	3.525712150525203e-05
rule_a_one_step	primary::APC+KRAS+PTEN+SMAD4+SOX9	primary::APC+KRAS+PTEN+SMAD4+SOX9+TP53	same_stage_one_event	TP53	1	0.016231721309009586	0.0002363507445048452	3.8363794159795764e-06
rule_a_one_step	primary::KRAS+RNF43+SMAD4+TP53	primary::APC+KRAS+RNF43+SMAD4+TP53	same_stage_one_event	APC	1	0.3147821498766597	0.00039391790750807534	0.00012399832580030714
rule_a_one_step	primary::APC+KRAS+SMAD4+TP53	primary::APC+KRAS+RNF43+SMAD4+TP53	same_stage_one_event	RNF43	1	0.01869200043004841	0.009217679035688962	0.00017229686049914628
rule_a_one_step	primary::APC+KRAS+RNF43+TP53	primary::APC+KRAS+RNF43+SMAD4+TP53	same_stage_one_event	SMAD4	1	0.07667970366836996	0.0004727014890096904	3.62466101008603e-05
rule_a_one_step	primary::KRAS+RNF43+SOX9	primary::APC+KRAS+RNF43+SOX9	same_stage_one_event	APC	1	0.29091005555111277	7.878358150161507e-05	2.291893607115046e-05
rule_a_one_step	primary::APC+KRAS+SOX9	primary::APC+KRAS+RNF43+SOX9	same_stage_one_event	RNF43	1	0.011950430940608015	0.0020483731190419916	2.447894149970916e-05
rule_a_one_step	primary::APC+KRAS+RNF43	primary::APC+KRAS+RNF43+SOX9	same_stage_one_event	SOX9	1	0.12524614578009877	0.00015756716300323014	1.9734679867659147e-05
rule_a_one_step	primary::APC+KRAS+TCF7L2+TGFBR2+TP53	primary::APC+KRAS+RNF43+TCF7L2+TGFBR2+TP53	same_stage_one_event	RNF43	1	0.020832757103554873	7.878358150161507e-05	1.6412792171712656e-06
rule_a_one_step	primary::APC+KRAS+RNF43+TCF7L2+TP53	primary::APC+KRAS+RNF43+TCF7L2+TGFBR2+TP53	same_stage_one_event	TGFBR2	1	0.06555593807076628	0.00015756716300323014	1.032946317982609e-05
rule_a_one_step	primary::APC+SMAD4+SOX9+TCF7L2	primary::APC+KRAS+SMAD4+SOX9+TCF7L2	same_stage_one_event	KRAS	1	0.11325554027974805	7.878358150161507e-05	8.922677088138978e-06
rule_a_one_step	primary::APC+KRAS+SOX9+TCF7L2	primary::APC+KRAS+SMAD4+SOX9+TCF7L2	same_stage_one_event	SMAD4	1	0.11824173610940039	0.0002363507445048452	2.794652236100222e-05
rule_a_one_step	primary::APC+KRAS+SMAD4+TCF7L2	primary::APC+KRAS+SMAD4+SOX9+TCF7L2	same_stage_one_event	SOX9	1	0.12582088193791577	0.0002363507445048452	2.9737859120282622e-05
rule_a_one_step	primary::APC+KRAS+SMAD4+SOX9	primary::APC+KRAS+SMAD4+SOX9+TCF7L2	same_stage_one_event	TCF7L2	1	0.11096955871834005	0.0009454029780193808	0.00010491095128181523
rule_a_one_step	primary::APC+SMAD4+SOX9+TCF7L2+TP53	primary::APC+KRAS+SMAD4+SOX9+TCF7L2+TP53	same_stage_one_event	KRAS	1	0.42486711660034604	7.878358150161507e-05	3.3472553108039554e-05
rule_a_one_step	primary::APC+KRAS+SOX9+TCF7L2+TP53	primary::APC+KRAS+SMAD4+SOX9+TCF7L2+TP53	same_stage_one_event	SMAD4	1	0.2176432963428133	0.00039391790750807534	8.573359187852095e-05
rule_a_one_step	primary::APC+KRAS+SMAD4+TCF7L2+TP53	primary::APC+KRAS+SMAD4+SOX9+TCF7L2+TP53	same_stage_one_event	SOX9	1	0.143324428716527	0.0006302686520129206	9.03328944876874e-05
rule_a_one_step	primary::APC+KRAS+SMAD4+SOX9+TP53	primary::APC+KRAS+SMAD4+SOX9+TCF7L2+TP53	same_stage_one_event	TCF7L2	1	0.11206589047763915	0.0010241865595209958	0.00011477637880794996
rule_a_one_step	primary::APC+KRAS+SMAD4+SOX9+TCF7L2	primary::APC+KRAS+SMAD4+SOX9+TCF7L2+TP53	same_stage_one_event	TP53	1	0.07946646538802189	7.878358150161507e-05	6.2606527525424956e-06
rule_a_one_step	primary::APC+TCF7L2+TGFBR2+TP53	primary::APC+KRAS+TCF7L2+TGFBR2+TP53	same_stage_one_event	KRAS	1	0.45524020995207304	7.878358150161507e-05	3.58654541835715e-05
rule_a_one_step	primary::APC+KRAS+TGFBR2+TP53	primary::APC+KRAS+TCF7L2+TGFBR2+TP53	same_stage_one_event	TCF7L2	1	0.10726906140985737	0.00015756716300323014	1.69020816843705e-05
rule_a_one_step	primary::APC+KRAS+TCF7L2+TP53	primary::APC+KRAS+TCF7L2+TGFBR2+TP53	same_stage_one_event	TGFBR2	1	0.021041238125844325	0.004175529819585598	8.785831723546436e-05
rule_a_one_step	primary::APC+PIK3CA+PTEN+TP53	primary::APC+NRAS+PIK3CA+PTEN+TP53	same_stage_one_event	NRAS	1	0.057646336597012376	0.0002363507445048452	1.362475457268078e-05
rule_a_one_step	primary::APC+NRAS+PTEN+TP53	primary::APC+NRAS+PIK3CA+PTEN+TP53	same_stage_one_event	PIK3CA	1	0.16136565958727472	0.0003151343260064603	5.0851858374623725e-05
rule_a_one_step	primary::APC+NRAS+PIK3CA+TP53	primary::APC+NRAS+PIK3CA+PTEN+TP53	same_stage_one_event	PTEN	1	0.033341070946077966	0.0006302686520129206	2.101383184185171e-05
rule_a_one_step	primary::APC+NRAS+PIK3CA+PTEN	primary::APC+NRAS+PIK3CA+PTEN+TP53	same_stage_one_event	TP53	1	0.15206574192136407	0.00015756716300323014	2.39605675445307e-05
rule_a_one_step	primary::NRAS+PIK3CA+SOX9	primary::APC+NRAS+PIK3CA+SOX9	same_stage_one_event	APC	1	0.5402073390413198	7.878358150161507e-05	4.2559468923132424e-05
rule_a_one_step	primary::APC+PIK3CA+SOX9	primary::APC+NRAS+PIK3CA+SOX9	same_stage_one_event	NRAS	1	0.028614918028008238	0.0002363507445048452	6.7631571798648635e-06
rule_a_one_step	primary::APC+NRAS+SOX9	primary::APC+NRAS+PIK3CA+SOX9	same_stage_one_event	PIK3CA	1	0.1482618761139687	7.878358150161507e-05	1.168060160040721e-05
rule_a_one_step	primary::APC+NRAS+PIK3CA	primary::APC+NRAS+PIK3CA+SOX9	same_stage_one_event	SOX9	1	0.08619514203421402	0.0006302686520129206	5.43260959799663e-05
rule_a_one_step	primary::APC+PIK3CA+SOX9+TP53	primary::APC+NRAS+PIK3CA+SOX9+TP53	same_stage_one_event	NRAS	1	0.07677248852449418	0.0003151343260064603	2.419364642700518e-05
rule_a_one_step	primary::APC+NRAS+SOX9+TP53	primary::APC+NRAS+PIK3CA+SOX9+TP53	same_stage_one_event	PIK3CA	1	0.18198295314922736	0.0005514850705113054	0.00010036088174935724
rule_a_one_step	primary::APC+NRAS+PIK3CA+TP53	primary::APC+NRAS+PIK3CA+SOX9+TP53	same_stage_one_event	SOX9	1	0.13163537739336295	0.0006302686520129206	8.296565186692695e-05
rule_a_one_step	primary::APC+NRAS+PIK3CA+SOX9	primary::APC+NRAS+PIK3CA+SOX9+TP53	same_stage_one_event	TP53	1	0.29331383771676306	7.878358150161507e-05	2.31083146393101e-05
rule_a_one_step	primary::NRAS+PTEN	primary::APC+NRAS+PTEN	same_stage_one_event	APC	1	0.44914175994114647	7.878358150161507e-05	3.5384996450102144e-05
rule_a_one_step	primary::APC+PTEN	primary::APC+NRAS+PTEN	same_stage_one_event	NRAS	1	0.017370966412517633	0.0002363507445048452	4.105640844367202e-06
rule_a_one_step	primary::APC+NRAS	primary::APC+NRAS+PTEN	same_stage_one_event	PTEN	1	0.006803818165846692	0.0007878358150161507	5.36029162991152e-06
rule_a_one_step	primary::NRAS+RNF43+TP53	primary::APC+NRAS+RNF43+TP53	same_stage_one_event	APC	1	0.2192114267299468	0.0003151343260064603	6.908104521545634e-05
rule_a_one_step	primary::APC+RNF43+TP53	primary::APC+NRAS+RNF43+TP53	same_stage_one_event	NRAS	1	0.0319999186896266	0.0005514850705113054	1.7647477414904768e-05
rule_a_one_step	primary::APC+NRAS+TP53	primary::APC+NRAS+RNF43+TP53	same_stage_one_event	RNF43	1	0.023655644748173915	0.0044906641455920585	0.00010622955571148768
rule_a_one_step	primary::APC+SMAD4+TCF7L2+TP53	primary::APC+NRAS+SMAD4+TCF7L2+TP53	same_stage_one_event	NRAS	1	0.082199819881526	0.0006302686520129206	5.180796967243426e-05
rule_a_one_step	primary::APC+NRAS+TCF7L2+TP53	primary::APC+NRAS+SMAD4+TCF7L2+TP53	same_stage_one_event	SMAD4	1	0.148177524937772	0.0006302686520129206	9.339164890114048e-05
rule_a_one_step	primary::APC+NRAS+SMAD4+TP53	primary::APC+NRAS+SMAD4+TCF7L2+TP53	same_stage_one_event	TCF7L2	1	0.07594080921889677	0.0007090522335145356	5.384600039155999e-05
rule_a_one_step	primary::APC+SOX9	primary::APC+NRAS+SOX9	same_stage_one_event	NRAS	1	0.01468907737252958	0.001339320885527456	1.9673388114157633e-05
rule_a_one_step	primary::APC+NRAS	primary::APC+NRAS+SOX9	same_stage_one_event	SOX9	1	0.048871927387860475	0.0007878358150161507	3.850305474502519e-05
rule_a_one_step	primary::APC+SOX9+TCF7L2+TP53	primary::APC+NRAS+SOX9+TCF7L2+TP53	same_stage_one_event	NRAS	1	0.09051009632419003	0.0003151343260064603	2.8522838201903423e-05
rule_a_one_step	primary::APC+NRAS+TCF7L2+TP53	primary::APC+NRAS+SOX9+TCF7L2+TP53	same_stage_one_event	SOX9	1	0.09853150639058571	0.0006302686520129206	6.210131971359693e-05
rule_a_one_step	primary::APC+NRAS+SOX9+TP53	primary::APC+NRAS+SOX9+TCF7L2+TP53	same_stage_one_event	TCF7L2	1	0.09954237330092026	0.0005514850705113054	5.48961327587207e-05
rule_a_one_step	primary::APC+PIK3CA+SMAD4	primary::APC+PIK3CA+PTEN+SMAD4	same_stage_one_event	PTEN	1	0.006468430459345907	0.00015756716300323014	1.0192122365628153e-06
rule_a_one_step	primary::APC+PIK3CA+PTEN	primary::APC+PIK3CA+PTEN+SMAD4	same_stage_one_event	SMAD4	1	0.02625141238167937	0.0005514850705113054	1.4477262008331805e-05
rule_a_one_step	primary::APC+PTEN+SOX9	primary::APC+PIK3CA+PTEN+SOX9	same_stage_one_event	PIK3CA	1	0.14374471799627858	0.0002363507445048452	3.3974171117059463e-05
rule_a_one_step	primary::APC+PIK3CA+SOX9	primary::APC+PIK3CA+PTEN+SOX9	same_stage_one_event	PTEN	1	0.011710815931411161	0.0002363507445048452	2.76786006414823e-06
rule_a_one_step	primary::APC+PIK3CA+PTEN	primary::APC+PIK3CA+PTEN+SOX9	same_stage_one_event	SOX9	1	0.06438598693821064	0.0005514850705113054	3.550791054655909e-05
rule_a_one_step	primary::APC+PIK3CA+SOX9+TCF7L2	primary::APC+PIK3CA+PTEN+SOX9+TCF7L2	same_stage_one_event	PTEN	1	0.016746570304648267	7.878358150161507e-05	1.3193547864687835e-06
rule_a_one_step	primary::APC+PIK3CA+PTEN+SOX9	primary::APC+PIK3CA+PTEN+SOX9+TCF7L2	same_stage_one_event	TCF7L2	1	0.08690666409040995	7.878358150161507e-05	6.846818253400296e-06
rule_a_one_step	primary::APC+PIK3CA+PTEN+SOX9+TCF7L2	primary::APC+PIK3CA+PTEN+SOX9+TCF7L2+TP53	same_stage_one_event	TP53	1	0.11902845514035201	7.878358150161507e-05	9.377487996561256e-06
rule_a_one_step	primary::PIK3CA+RNF43	primary::APC+PIK3CA+RNF43	same_stage_one_event	APC	1	0.20760423150158366	7.878358150161507e-05	1.635580489258518e-05
rule_a_one_step	primary::APC+RNF43	primary::APC+PIK3CA+RNF43	same_stage_one_event	PIK3CA	1	0.04543872286828625	0.0004727014890096904	2.147895195853758e-05
rule_a_one_step	primary::APC+PIK3CA	primary::APC+PIK3CA+RNF43	same_stage_one_event	RNF43	1	0.003687677199208866	0.0018120223745371465	6.682153595036943e-06
rule_a_one_step	primary::APC+PIK3CA+SMAD4+TCF7L2	primary::APC+PIK3CA+RNF43+SMAD4+TCF7L2	same_stage_one_event	RNF43	1	0.0062573962093976105	7.878358150161507e-05	4.929800842509738e-07
rule_a_one_step	primary::APC+SMAD4+SOX9+TP53	primary::APC+PIK3CA+SMAD4+SOX9+TP53	same_stage_one_event	PIK3CA	1	0.09396546055407975	0.00039391790750807534	3.7014677599495693e-05
rule_a_one_step	primary::APC+PIK3CA+SOX9+TP53	primary::APC+PIK3CA+SMAD4+SOX9+TP53	same_stage_one_event	SMAD4	1	0.057257589814450706	0.0003151343260064603	1.804383197493129e-05
rule_a_one_step	primary::APC+PIK3CA+SMAD4+TP53	primary::APC+PIK3CA+SMAD4+SOX9+TP53	same_stage_one_event	SOX9	1	0.06089882610524821	0.0004727014890096904	2.878696577889303e-05
rule_a_one_step	primary::APC+PIK3CA+SMAD4+SOX9	primary::APC+PIK3CA+SMAD4+SOX9+TP53	same_stage_one_event	TP53	1	0.42606938919007037	0.0002363507445048452	0.00010070181734579777
rule_a_one_step	primary::APC+PIK3CA+TCF7L2	primary::APC+PIK3CA+SMAD4+TCF7L2	same_stage_one_event	SMAD4	1	0.016122101710821672	0.00015756716300323014	2.540313828223694e-06
rule_a_one_step	primary::APC+PIK3CA+SMAD4	primary::APC+PIK3CA+SMAD4+TCF7L2	same_stage_one_event	TCF7L2	1	0.022975100573934083	0.00015756716300323014	3.620121417148678e-06
rule_a_one_step	primary::APC+SMAD4+TCF7L2+TP53	primary::APC+PIK3CA+SMAD4+TCF7L2+TP53	same_stage_one_event	PIK3CA	1	0.09967693874030206	0.0006302686520129206	6.282324981662464e-05
rule_a_one_step	primary::APC+PIK3CA+TCF7L2+TP53	primary::APC+PIK3CA+SMAD4+TCF7L2+TP53	same_stage_one_event	SMAD4	1	0.0619953392719423	0.0012605373040258411	7.81474378280215e-05
rule_a_one_step	primary::APC+PIK3CA+SMAD4+TP53	primary::APC+PIK3CA+SMAD4+TCF7L2+TP53	same_stage_one_event	TCF7L2	1	0.035415519161194765	0.0004727014890096904	1.6740968641547986e-05
rule_a_one_step	primary::APC+PIK3CA+SMAD4+TCF7L2	primary::APC+PIK3CA+SMAD4+TCF7L2+TP53	same_stage_one_event	TP53	1	0.648560850276494	7.878358150161507e-05	5.109594660651493e-05
rule_a_one_step	primary::APC+SOX9+TCF7L2	primary::APC+PIK3CA+SOX9+TCF7L2	same_stage_one_event	PIK3CA	1	0.08201309858599952	7.878358150161507e-05	6.4612856366500845e-06
rule_a_one_step	primary::APC+PIK3CA+TCF7L2	primary::APC+PIK3CA+SOX9+TCF7L2	same_stage_one_event	SOX9	1	0.0281152639518892	0.00015756716300323014	4.430042377986166e-06
rule_a_one_step	primary::APC+PIK3CA+SOX9	primary::APC+PIK3CA+SOX9+TCF7L2	same_stage_one_event	TCF7L2	1	0.05529303114234505	0.0002363507445048452	1.3068549076422844e-05
rule_a_one_step	primary::APC+PIK3CA+TCF7L2	primary::APC+PIK3CA+TCF7L2+TGFBR2	same_stage_one_event	TGFBR2	1	0.006079856748131234	0.00015756716300323014	9.579857792690828e-07
rule_a_one_step	primary::APC+TGFBR2+TP53	primary::APC+PIK3CA+TGFBR2+TP53	same_stage_one_event	PIK3CA	1	0.07424898695419771	0.0004727014890096904	3.509760669071034e-05
rule_a_one_step	primary::APC+PIK3CA+TP53	primary::APC+PIK3CA+TGFBR2+TP53	same_stage_one_event	TGFBR2	1	0.008156664467885084	0.008902544709682502	7.26150701072256e-05
rule_a_one_step	primary::APC+RNF43	primary::APC+PTEN+RNF43	same_stage_one_event	PTEN	1	0.0060453611531244575	0.0004727014890096904	2.85765121868327e-06
rule_a_one_step	primary::APC+PTEN	primary::APC+PTEN+RNF43	same_stage_one_event	RNF43	1	0.005706477502731565	0.0002363507445048452	1.3487302062707553e-06
rule_a_one_step	primary::APC+SOX9+TCF7L2	primary::APC+SMAD4+SOX9+TCF7L2	same_stage_one_event	SMAD4	1	0.027842195865415264	7.878358150161507e-05	2.1935079071468736e-06
rule_a_one_step	primary::APC+SMAD4+SOX9	primary::APC+SMAD4+SOX9+TCF7L2	same_stage_one_event	TCF7L2	1	0.027204686804823203	0.0002363507445048452	6.4298479803411025e-06
rule_a_one_step	primary::APC+SOX9+TCF7L2+TP53	primary::APC+SMAD4+SOX9+TCF7L2+TP53	same_stage_one_event	SMAD4	1	0.09778187937978	0.0003151343260064603	3.081442665399197e-05
rule_a_one_step	primary::APC+SMAD4+TCF7L2+TP53	primary::APC+SMAD4+SOX9+TCF7L2+TP53	same_stage_one_event	SOX9	1	0.059308624928661645	0.0006302686520129206	3.7380367086527474e-05
rule_a_one_step	primary::APC+SMAD4+SOX9+TP53	primary::APC+SMAD4+SOX9+TCF7L2+TP53	same_stage_one_event	TCF7L2	1	0.041856905794275874	0.00039391790750807534	1.6488184745243787e-05
rule_a_one_step	primary::APC+SMAD4+SOX9+TCF7L2	primary::APC+SMAD4+SOX9+TCF7L2+TP53	same_stage_one_event	TP53	1	0.5867354977846836	7.878358150161507e-05	4.622512390961031e-05
rule_a_one_step	primary::APC+TCF7L2	primary::APC+SOX9+TCF7L2	same_stage_one_event	SOX9	1	0.014412865109343862	0.0006302686520129206	9.083977064110211e-06
rule_a_one_step	primary::APC+SOX9	primary::APC+SOX9+TCF7L2	same_stage_one_event	TCF7L2	1	0.028247488184403882	0.001339320885527456	3.783245088906216e-05
rule_a_one_step	primary::APC+TGFBR2+TP53	primary::APC+TCF7L2+TGFBR2+TP53	same_stage_one_event	TCF7L2	1	0.04260316401309303	0.0004727014890096904	2.0138579065513133e-05
rule_a_one_step	primary::APC+TCF7L2+TP53	primary::APC+TCF7L2+TGFBR2+TP53	same_stage_one_event	TGFBR2	1	0.010273145947437121	0.005436067123611439	5.584551094092502e-05
rule_a_one_step	primary::ARID1A+BRAF+FBXW7+PIK3CA+RNF43+TP53	primary::ARID1A+BRAF+CTNNB1+FBXW7+PIK3CA+RNF43+TP53	same_stage_one_event	CTNNB1	1	0.0878136172972779	7.878358150161507e-05	6.918271275291728e-06
rule_a_one_step	primary::ARID1A+BRAF+CTNNB1+PIK3CA+RNF43+TP53	primary::ARID1A+BRAF+CTNNB1+FBXW7+PIK3CA+RNF43+TP53	same_stage_one_event	FBXW7	1	0.20687385047855572	7.878358150161507e-05	1.6298262859730224e-05
rule_a_one_step	primary::ARID1A+BRAF+FBXW7+RNF43	primary::ARID1A+BRAF+CTNNB1+FBXW7+RNF43	same_stage_one_event	CTNNB1	1	0.0727308768699007	0.0004727014890096904	3.437999379338251e-05
rule_a_one_step	primary::BRAF+CTNNB1+FBXW7+RNF43+TGFBR2+TP53	primary::ARID1A+BRAF+CTNNB1+FBXW7+RNF43+TGFBR2+TP53	same_stage_one_event	ARID1A	1	0.3808160795473272	7.878358150161507e-05	3.000205464014238e-05
rule_a_one_step	primary::ARID1A+BRAF+FBXW7+RNF43+TGFBR2+TP53	primary::ARID1A+BRAF+CTNNB1+FBXW7+RNF43+TGFBR2+TP53	same_stage_one_event	CTNNB1	1	0.09790211713391156	7.878358150161507e-05	7.713079424400186e-06
rule_a_one_step	primary::ARID1A+CTNNB1+KRAS	primary::ARID1A+BRAF+CTNNB1+KRAS	same_stage_one_event	BRAF	1	0.012970735314173013	7.878358150161507e-05	1.0218809827600263e-06
rule_a_one_step	primary::BRAF+CTNNB1+PIK3CA+RNF43	primary::ARID1A+BRAF+CTNNB1+PIK3CA+RNF43	same_stage_one_event	ARID1A	1	0.3521956936846769	7.878358150161507e-05	2.77472381379246e-05
rule_a_one_step	primary::ARID1A+CTNNB1+PIK3CA+RNF43	primary::ARID1A+BRAF+CTNNB1+PIK3CA+RNF43	same_stage_one_event	BRAF	1	0.08361352043626266	7.878358150161507e-05	6.587372601927257e-06
rule_a_one_step	primary::ARID1A+BRAF+PIK3CA+RNF43	primary::ARID1A+BRAF+CTNNB1+PIK3CA+RNF43	same_stage_one_event	CTNNB1	1	0.07411303407107683	0.0002363507445048452	1.7516670780211967e-05
rule_a_one_step	primary::ARID1A+BRAF+PIK3CA+RNF43+SOX9	primary::ARID1A+BRAF+CTNNB1+PIK3CA+RNF43+SOX9	same_stage_one_event	CTNNB1	1	0.07526254605329415	0.0002363507445048452	1.778835879302627e-05
rule_a_one_step	primary::ARID1A+BRAF+CTNNB1+RNF43+SOX9	primary::ARID1A+BRAF+CTNNB1+PIK3CA+RNF43+SOX9	same_stage_one_event	PIK3CA	1	0.13422906257883438	0.00015756716300323014	2.1150092583129977e-05
rule_a_one_step	primary::ARID1A+BRAF+CTNNB1+PIK3CA+RNF43	primary::ARID1A+BRAF+CTNNB1+PIK3CA+RNF43+SOX9	same_stage_one_event	SOX9	1	0.12620666589101495	7.878358150161507e-05	9.943013148271879e-06
rule_a_one_step	primary::ARID1A+BRAF+PIK3CA+RNF43+TP53	primary::ARID1A+BRAF+CTNNB1+PIK3CA+RNF43+TP53	same_stage_one_event	CTNNB1	1	0.06881346442515417	0.00015756716300323014	1.0842742365895245e-05
rule_a_one_step	primary::ARID1A+BRAF+CTNNB1+PIK3CA+RNF43	primary::ARID1A+BRAF+CTNNB1+PIK3CA+RNF43+TP53	same_stage_one_event	TP53	1	0.00787208950848659	7.878358150161507e-05	6.201914053798622e-07
rule_a_one_step	primary::ARID1A+BRAF+CTNNB1+SMAD4	primary::ARID1A+BRAF+CTNNB1+PIK3CA+SMAD4	same_stage_one_event	PIK3CA	1	0.1760216236170066	7.878358150161507e-05	1.3867613930277051e-05
rule_a_one_step	primary::BRAF+CTNNB1+PIK3CA+TCF7L2	primary::ARID1A+BRAF+CTNNB1+PIK3CA+TCF7L2	same_stage_one_event	ARID1A	1	0.05284187578424682	7.878358150161507e-05	4.163072227546429e-06
rule_a_one_step	primary::ARID1A+BRAF+PTEN+RNF43	primary::ARID1A+BRAF+CTNNB1+PTEN+RNF43	same_stage_one_event	CTNNB1	1	0.09023778364321851	0.0002363507445048452	2.1327767346541835e-05
rule_a_one_step	primary::ARID1A+BRAF+PTEN+RNF43+TGFBR2	primary::ARID1A+BRAF+CTNNB1+PTEN+RNF43+TGFBR2	same_stage_one_event	CTNNB1	1	0.11571787132045971	0.00015756716300323014	1.8233336692737685e-05
rule_a_one_step	primary::ARID1A+BRAF+CTNNB1+PTEN+RNF43	primary::ARID1A+BRAF+CTNNB1+PTEN+RNF43+TGFBR2	same_stage_one_event	TGFBR2	1	0.22837897160498347	7.878358150161507e-05	1.799251332269625e-05
rule_a_one_step	primary::ARID1A+CTNNB1+SMAD4	primary::ARID1A+BRAF+CTNNB1+SMAD4	same_stage_one_event	BRAF	1	0.07069413316792815	7.878358150161507e-05	5.569537002121497e-06
rule_a_one_step	primary::ARID1A+BRAF+CTNNB1+SOX9	primary::ARID1A+BRAF+CTNNB1+SMAD4+SOX9	same_stage_one_event	SMAD4	1	0.046295000867754454	7.878358150161507e-05	3.6472859739820733e-06
rule_a_one_step	primary::ARID1A+BRAF+CTNNB1+SMAD4	primary::ARID1A+BRAF+CTNNB1+SMAD4+SOX9	same_stage_one_event	SOX9	1	0.11064672838260325	7.878358150161507e-05	8.717145543417888e-06
rule_a_one_step	primary::ARID1A+CTNNB1+SOX9	primary::ARID1A+BRAF+CTNNB1+SOX9	same_stage_one_event	BRAF	1	0.08100395519888534	7.878358150161507e-05	6.381781706364559e-06
rule_a_one_step	primary::ARID1A+BRAF+SOX9	primary::ARID1A+BRAF+CTNNB1+SOX9	same_stage_one_event	CTNNB1	1	0.06502649613705283	7.878358150161507e-05	5.123020258177959e-06
rule_a_one_step	primary::ARID1A+CTNNB1+SOX9+TGFBR2	primary::ARID1A+BRAF+CTNNB1+SOX9+TGFBR2	same_stage_one_event	BRAF	1	0.08804933510924541	7.878358150161507e-05	6.936841968742253e-06
rule_a_one_step	primary::ARID1A+BRAF+CTNNB1+SOX9	primary::ARID1A+BRAF+CTNNB1+SOX9+TGFBR2	same_stage_one_event	TGFBR2	1	0.07604358275525001	7.878358150161507e-05	5.9909857996730496e-06
rule_a_one_step	primary::BRAF+FBXW7	primary::ARID1A+BRAF+FBXW7	same_stage_one_event	ARID1A	1	0.03332392310096009	0.0007878358150161507	2.6253780115780427e-05
rule_a_one_step	primary::ARID1A+FBXW7	primary::ARID1A+BRAF+FBXW7	same_stage_one_event	BRAF	1	0.09740850918658064	7.878358150161507e-05	7.674191222451796e-06
rule_a_one_step	primary::ARID1A+BRAF	primary::ARID1A+BRAF+FBXW7	same_stage_one_event	FBXW7	1	0.07118970930615863	0.0004727014890096904	3.36514815911882e-05
rule_a_one_step	primary::ARID1A+FBXW7+KRAS	primary::ARID1A+BRAF+FBXW7+KRAS	same_stage_one_event	BRAF	1	0.018598969121699192	7.878358150161507e-05	1.4652933996454104e-06
rule_a_one_step	primary::ARID1A+BRAF+FBXW7	primary::ARID1A+BRAF+FBXW7+KRAS	same_stage_one_event	KRAS	1	0.012263308890131885	7.878358150161507e-05	9.66147395425186e-07
rule_a_one_step	primary::ARID1A+BRAF+FBXW7+PTEN+RNF43+TCF7L2	primary::ARID1A+BRAF+FBXW7+KRAS+PTEN+RNF43+TCF7L2	same_stage_one_event	KRAS	1	0.004175841543719285	0.00015756716300323014	6.579755051948768e-07
rule_a_one_step	primary::BRAF+FBXW7+KRAS+RNF43+SOX9	primary::ARID1A+BRAF+FBXW7+KRAS+RNF43+SOX9	same_stage_one_event	ARID1A	1	0.2184544916935508	7.878358150161507e-05	1.721062725073275e-05
rule_a_one_step	primary::ARID1A+FBXW7+KRAS+RNF43+SOX9	primary::ARID1A+BRAF+FBXW7+KRAS+RNF43+SOX9	same_stage_one_event	BRAF	1	0.02203250504883424	7.878358150161507e-05	1.7357996571995778e-06
rule_a_one_step	primary::ARID1A+BRAF+PIK3CA+PTEN	primary::ARID1A+BRAF+FBXW7+PIK3CA+PTEN	same_stage_one_event	FBXW7	1	0.16189957996558862	7.878358150161507e-05	1.2755028753296198e-05
rule_a_one_step	primary::ARID1A+BRAF+FBXW7+PTEN	primary::ARID1A+BRAF+FBXW7+PIK3CA+PTEN	same_stage_one_event	PIK3CA	1	0.20596933201496012	7.878358150161507e-05	1.6227001655633823e-05
rule_a_one_step	primary::ARID1A+BRAF+FBXW7+PTEN+RNF43	primary::ARID1A+BRAF+FBXW7+PIK3CA+PTEN+RNF43	same_stage_one_event	PIK3CA	1	0.17387165828810028	7.878358150161507e-05	1.3698231961561514e-05
rule_a_one_step	primary::ARID1A+BRAF+FBXW7+PIK3CA+PTEN	primary::ARID1A+BRAF+FBXW7+PIK3CA+PTEN+RNF43	same_stage_one_event	RNF43	1	0.2696976498872492	7.878358150161507e-05	2.1247746780686143e-05
rule_a_one_step	primary::ARID1A+BRAF+FBXW7+PIK3CA+RNF43+TCF7L2+TGFBR2	primary::ARID1A+BRAF+FBXW7+PIK3CA+PTEN+RNF43+TCF7L2+TGFBR2	same_stage_one_event	PTEN	1	0.20191404460803392	7.878358150161507e-05	1.590751158969778e-05
rule_a_one_step	primary::ARID1A+BRAF+FBXW7+PIK3CA+PTEN+RNF43+TGFBR2	primary::ARID1A+BRAF+FBXW7+PIK3CA+PTEN+RNF43+TCF7L2+TGFBR2	same_stage_one_event	TCF7L2	1	0.34641353281400644	7.878358150161507e-05	2.7291698795714683e-05
rule_a_one_step	primary::ARID1A+BRAF+PIK3CA+PTEN+RNF43+TGFBR2	primary::ARID1A+BRAF+FBXW7+PIK3CA+PTEN+RNF43+TGFBR2	same_stage_one_event	FBXW7	1	0.30343588540993355	7.878358150161507e-05	2.3905765808708232e-05
rule_a_one_step	primary::ARID1A+BRAF+FBXW7+PTEN+RNF43+TGFBR2	primary::ARID1A+BRAF+FBXW7+PIK3CA+PTEN+RNF43+TGFBR2	same_stage_one_event	PIK3CA	1	0.2366917056597047	0.00015756716300323014	3.729484056719526e-05
rule_a_one_step	primary::ARID1A+BRAF+FBXW7+PIK3CA+PTEN+RNF43	primary::ARID1A+BRAF+FBXW7+PIK3CA+PTEN+RNF43+TGFBR2	same_stage_one_event	TGFBR2	1	0.32351060821288646	7.878358150161507e-05	2.5487324368777e-05
rule_a_one_step	primary::ARID1A+BRAF+PIK3CA+RNF43+TCF7L2	primary::ARID1A+BRAF+FBXW7+PIK3CA+RNF43+TCF7L2	same_stage_one_event	FBXW7	1	0.17404679982706803	0.00015756716300323014	2.7424060478542195e-05
rule_a_one_step	primary::ARID1A+BRAF+FBXW7+RNF43+TCF7L2	primary::ARID1A+BRAF+FBXW7+PIK3CA+RNF43+TCF7L2	same_stage_one_event	PIK3CA	1	0.157188259458928	0.0002363507445048452	3.715156215053841e-05
rule_a_one_step	primary::ARID1A+BRAF+PIK3CA+RNF43+TCF7L2+TGFBR2	primary::ARID1A+BRAF+FBXW7+PIK3CA+RNF43+TCF7L2+TGFBR2	same_stage_one_event	FBXW7	1	0.2468509529161958	0.0002363507445048452	5.8343406503473366e-05
rule_a_one_step	primary::ARID1A+BRAF+FBXW7+PIK3CA+RNF43+TCF7L2	primary::ARID1A+BRAF+FBXW7+PIK3CA+RNF43+TCF7L2+TGFBR2	same_stage_one_event	TGFBR2	1	0.3406830446392466	7.878358150161507e-05	2.6840230413554448e-05
rule_a_one_step	primary::ARID1A+BRAF+PIK3CA+RNF43+TP53	primary::ARID1A+BRAF+FBXW7+PIK3CA+RNF43+TP53	same_stage_one_event	FBXW7	1	0.19026629625149666	0.00015756716300323014	2.997972051548045e-05
rule_a_one_step	primary::ARID1A+BRAF+FBXW7+RNF43+TP53	primary::ARID1A+BRAF+FBXW7+PIK3CA+RNF43+TP53	same_stage_one_event	PIK3CA	1	0.11390596265743909	0.00015756716300323014	1.794783938508455e-05
rule_a_one_step	primary::BRAF+FBXW7+PTEN	primary::ARID1A+BRAF+FBXW7+PTEN	same_stage_one_event	ARID1A	1	0.06063918046081867	0.0002363507445048452	1.4332115448078155e-05
rule_a_one_step	primary::ARID1A+FBXW7+PTEN	primary::ARID1A+BRAF+FBXW7+PTEN	same_stage_one_event	BRAF	1	0.11077319302763508	0.00015756716300323014	1.7454217762173652e-05
rule_a_one_step	primary::ARID1A+BRAF+FBXW7	primary::ARID1A+BRAF+FBXW7+PTEN	same_stage_one_event	PTEN	1	0.07901354732365984	7.878358150161507e-05	6.224970245305274e-06
rule_a_one_step	primary::BRAF+FBXW7+PTEN+RNF43	primary::ARID1A+BRAF+FBXW7+PTEN+RNF43	same_stage_one_event	ARID1A	1	0.42195774515049156	0.00015756716300323014	6.648668481060295e-05
rule_a_one_step	primary::ARID1A+BRAF+PTEN+RNF43	primary::ARID1A+BRAF+FBXW7+PTEN+RNF43	same_stage_one_event	FBXW7	1	0.16961394632489846	0.0002363507445048452	4.0088382492294605e-05
rule_a_one_step	primary::ARID1A+BRAF+FBXW7+RNF43	primary::ARID1A+BRAF+FBXW7+PTEN+RNF43	same_stage_one_event	PTEN	1	0.0898134361180186	0.0004727014890096904	4.24549449860641e-05
rule_a_one_step	primary::ARID1A+BRAF+FBXW7+PTEN	primary::ARID1A+BRAF+FBXW7+PTEN+RNF43	same_stage_one_event	RNF43	1	0.2096290299659454	7.878358150161507e-05	1.6515325767426568e-05
rule_a_one_step	primary::ARID1A+BRAF+FBXW7+PTEN+RNF43+TCF7L2	primary::ARID1A+BRAF+FBXW7+PTEN+RNF43+SMAD4+TCF7L2	same_stage_one_event	SMAD4	1	0.03393469066458684	0.00015756716300323014	5.3469929354111465e-06
rule_a_one_step	primary::BRAF+FBXW7+PTEN+RNF43+SOX9+TGFBR2+TP53	primary::ARID1A+BRAF+FBXW7+PTEN+RNF43+SOX9+TGFBR2+TP53	same_stage_one_event	ARID1A	1	0.5013880118873956	7.878358150161507e-05	3.950114329846337e-05
rule_a_one_step	primary::BRAF+FBXW7+RNF43+SMAD4	primary::ARID1A+BRAF+FBXW7+RNF43+SMAD4	same_stage_one_event	ARID1A	1	0.3401663451477788	0.00015756716300323014	5.359904595411311e-05
rule_a_one_step	primary::ARID1A+FBXW7+RNF43+SMAD4	primary::ARID1A+BRAF+FBXW7+RNF43+SMAD4	same_stage_one_event	BRAF	1	0.14552593191277374	7.878358150161507e-05	1.1465054117448496e-05
rule_a_one_step	primary::ARID1A+BRAF+RNF43+SMAD4	primary::ARID1A+BRAF+FBXW7+RNF43+SMAD4	same_stage_one_event	FBXW7	1	0.12634936431394517	0.00015756716300323014	1.990851088220991e-05
rule_a_one_step	primary::ARID1A+BRAF+FBXW7+RNF43	primary::ARID1A+BRAF+FBXW7+RNF43+SMAD4	same_stage_one_event	SMAD4	1	0.028520441172802412	0.0004727014890096904	1.348165500959698e-05
rule_a_one_step	primary::ARID1A+BRAF+FBXW7+RNF43+SMAD4	primary::ARID1A+BRAF+FBXW7+RNF43+SMAD4+SOX9	same_stage_one_event	SOX9	1	0.160580448227308	7.878358150161507e-05	1.2651102830481998e-05
rule_a_one_step	primary::ARID1A+BRAF+FBXW7+RNF43+SOX9+TCF7L2	primary::ARID1A+BRAF+FBXW7+RNF43+SMAD4+SOX9+TCF7L2	same_stage_one_event	SMAD4	1	0.03125074103968502	7.878358150161507e-05	2.4620453036858913e-06
rule_a_one_step	primary::ARID1A+BRAF+FBXW7+RNF43+SMAD4+SOX9	primary::ARID1A+BRAF+FBXW7+RNF43+SMAD4+SOX9+TCF7L2	same_stage_one_event	TCF7L2	1	0.1482774376311253	7.878358150161507e-05	1.1681827592462405e-05
rule_a_one_step	primary::ARID1A+BRAF+FBXW7+RNF43+SMAD4	primary::ARID1A+BRAF+FBXW7+RNF43+SMAD4+TGFBR2	same_stage_one_event	TGFBR2	1	0.21626618995473643	7.878358150161507e-05	1.7038225002342745e-05
rule_a_one_step	primary::ARID1A+BRAF+FBXW7+RNF43+TGFBR2+TP53	primary::ARID1A+BRAF+FBXW7+RNF43+SMAD4+TGFBR2+TP53	same_stage_one_event	SMAD4	1	0.05390936672769002	7.878358150161507e-05	4.247172987291423e-06
rule_a_one_step	primary::ARID1A+BRAF+FBXW7+RNF43+SMAD4+TP53	primary::ARID1A+BRAF+FBXW7+RNF43+SMAD4+TGFBR2+TP53	same_stage_one_event	TGFBR2	1	0.20783805440450143	7.878358150161507e-05	1.6374226298314146e-05
rule_a_one_step	primary::ARID1A+BRAF+FBXW7+RNF43+SMAD4+TGFBR2	primary::ARID1A+BRAF+FBXW7+RNF43+SMAD4+TGFBR2+TP53	same_stage_one_event	TP53	1	0.010207027542848834	7.878358150161507e-05	8.041461863112609e-07
rule_a_one_step	primary::BRAF+FBXW7+RNF43+SMAD4+TP53	primary::ARID1A+BRAF+FBXW7+RNF43+SMAD4+TP53	same_stage_one_event	ARID1A	1	0.34188259570833646	0.00015756716300323014	5.386947068594288e-05
rule_a_one_step	primary::ARID1A+FBXW7+RNF43+SMAD4+TP53	primary::ARID1A+BRAF+FBXW7+RNF43+SMAD4+TP53	same_stage_one_event	BRAF	1	0.2198842610937361	7.878358150161507e-05	1.7323269604800765e-05
rule_a_one_step	primary::ARID1A+BRAF+RNF43+SMAD4+TP53	primary::ARID1A+BRAF+FBXW7+RNF43+SMAD4+TP53	same_stage_one_event	FBXW7	1	0.16532845060668308	0.00015756716300323014	2.6050334925814716e-05
rule_a_one_step	primary::ARID1A+BRAF+FBXW7+RNF43+TP53	primary::ARID1A+BRAF+FBXW7+RNF43+SMAD4+TP53	same_stage_one_event	SMAD4	1	0.05374760763051056	0.00015756716300323014	8.468858052550313e-06
rule_a_one_step	primary::ARID1A+BRAF+FBXW7+RNF43+SMAD4	primary::ARID1A+BRAF+FBXW7+RNF43+SMAD4+TP53	same_stage_one_event	TP53	1	0.011454121793695291	7.878358150161507e-05	9.023967378630183e-07
rule_a_one_step	primary::ARID1A+BRAF+RNF43+SOX9+TCF7L2	primary::ARID1A+BRAF+FBXW7+RNF43+SOX9+TCF7L2	same_stage_one_event	FBXW7	1	0.12868574956308532	7.878358150161507e-05	1.0138324238799758e-05
rule_a_one_step	primary::ARID1A+BRAF+FBXW7+RNF43+TCF7L2	primary::ARID1A+BRAF+FBXW7+RNF43+SOX9+TCF7L2	same_stage_one_event	SOX9	1	0.09677834946026725	0.0002363507445048452	2.2873634946884248e-05
rule_a_one_step	primary::ARID1A+BRAF+RNF43+SOX9+TGFBR2	primary::ARID1A+BRAF+FBXW7+RNF43+SOX9+TGFBR2	same_stage_one_event	FBXW7	1	0.1837720693419239	7.878358150161507e-05	1.4478221802719916e-05
rule_a_one_step	primary::ARID1A+BRAF+RNF43+SOX9+TP53	primary::ARID1A+BRAF+FBXW7+RNF43+SOX9+TP53	same_stage_one_event	FBXW7	1	0.15510677868530878	7.878358150161507e-05	1.2219867540006995e-05
rule_a_one_step	primary::ARID1A+BRAF+FBXW7+RNF43+TP53	primary::ARID1A+BRAF+FBXW7+RNF43+SOX9+TP53	same_stage_one_event	SOX9	1	0.12275186990585406	0.00015756716300323014	1.9341663894407006e-05
rule_a_one_step	primary::BRAF+FBXW7+RNF43+TGFBR2+TP53	primary::ARID1A+BRAF+FBXW7+RNF43+TGFBR2+TP53	same_stage_one_event	ARID1A	1	0.33421007728296104	7.878358150161507e-05	2.633026686228323e-05
rule_a_one_step	primary::ARID1A+BRAF+FBXW7+RNF43+TP53	primary::ARID1A+BRAF+FBXW7+RNF43+TGFBR2+TP53	same_stage_one_event	TGFBR2	1	0.22590540647528182	0.00015756716300323014	3.559527400540169e-05
rule_a_one_step	primary::ARID1A+FBXW7+SOX9	primary::ARID1A+BRAF+FBXW7+SOX9	same_stage_one_event	BRAF	1	0.11885761160552635	0.00015756716300323014	1.872805666202259e-05
rule_a_one_step	primary::ARID1A+BRAF+SOX9	primary::ARID1A+BRAF+FBXW7+SOX9	same_stage_one_event	FBXW7	1	0.08312020471757091	7.878358150161507e-05	6.548507422797677e-06
rule_a_one_step	primary::ARID1A+BRAF+FBXW7	primary::ARID1A+BRAF+FBXW7+SOX9	same_stage_one_event	SOX9	1	0.08838626073019391	7.878358150161507e-05	6.963386175860232e-06
rule_a_one_step	primary::ARID1A+BRAF+PIK3CA+RNF43+SOX9+TCF7L2+TGFBR2	primary::ARID1A+BRAF+KRAS+PIK3CA+RNF43+SOX9+TCF7L2+TGFBR2	same_stage_one_event	KRAS	1	0.005356509396304324	7.878358150161507e-05	4.220049945879087e-07
rule_a_one_step	primary::BRAF+KRAS+RNF43+TP53	primary::ARID1A+BRAF+KRAS+RNF43+TP53	same_stage_one_event	ARID1A	1	0.1715904130467918	7.878358150161507e-05	1.3518507291167715e-05
rule_a_one_step	primary::ARID1A+BRAF+RNF43+TP53	primary::ARID1A+BRAF+KRAS+RNF43+TP53	same_stage_one_event	KRAS	1	0.013690549801475183	0.0003151343260064603	4.31436218434576e-06
rule_a_one_step	primary::BRAF+PIK3CA	primary::ARID1A+BRAF+PIK3CA	same_stage_one_event	ARID1A	1	0.04133828591282179	0.0016544552115339162	6.839234256434709e-05
rule_a_one_step	primary::ARID1A+PIK3CA	primary::ARID1A+BRAF+PIK3CA	same_stage_one_event	BRAF	1	0.11137063431366971	0.00015756716300323014	1.754835489067513e-05
rule_a_one_step	primary::ARID1A+BRAF	primary::ARID1A+BRAF+PIK3CA	same_stage_one_event	PIK3CA	1	0.1392659028874501	0.0004727014890096904	6.58311996631766e-05
rule_a_one_step	primary::BRAF+PIK3CA+PTEN	primary::ARID1A+BRAF+PIK3CA+PTEN	same_stage_one_event	ARID1A	1	0.06996474961813119	0.0002363507445048452	1.653622066134039e-05
rule_a_one_step	primary::ARID1A+BRAF+PIK3CA	primary::ARID1A+BRAF+PIK3CA+PTEN	same_stage_one_event	PTEN	1	0.09204529529283828	7.878358150161507e-05	7.251658023543551e-06
rule_a_one_step	primary::ARID1A+BRAF+PIK3CA+PTEN+RNF43+TGFBR2	primary::ARID1A+BRAF+PIK3CA+PTEN+RNF43+SMAD4+TGFBR2	same_stage_one_event	SMAD4	1	0.03351206026112741	7.878358150161507e-05	2.6402001308695666e-06
rule_a_one_step	primary::ARID1A+BRAF+PIK3CA+RNF43+TCF7L2+TGFBR2+TP53	primary::ARID1A+BRAF+PIK3CA+PTEN+RNF43+TCF7L2+TGFBR2+TP53	same_stage_one_event	PTEN	1	0.17123254690009798	0.00015756716300323014	2.698062662886599e-05
rule_a_one_step	primary::ARID1A+BRAF+PIK3CA+PTEN+RNF43+TGFBR2+TP53	primary::ARID1A+BRAF+PIK3CA+PTEN+RNF43+TCF7L2+TGFBR2+TP53	same_stage_one_event	TCF7L2	1	0.1893856985819162	7.878358150161507e-05	1.49204836194687e-05
rule_a_one_step	primary::ARID1A+BRAF+PTEN+RNF43+TGFBR2	primary::ARID1A+BRAF+PIK3CA+PTEN+RNF43+TGFBR2	same_stage_one_event	PIK3CA	1	0.17997299963225288	0.00015756716300323014	2.835783496923547e-05
rule_a_one_step	primary::ARID1A+BRAF+PIK3CA+RNF43+TGFBR2	primary::ARID1A+BRAF+PIK3CA+PTEN+RNF43+TGFBR2	same_stage_one_event	PTEN	1	0.12327848570313311	0.00039391790750807534	4.8561603128942376e-05
rule_a_one_step	primary::ARID1A+BRAF+PIK3CA+RNF43+TGFBR2+TP53	primary::ARID1A+BRAF+PIK3CA+PTEN+RNF43+TGFBR2+TP53	same_stage_one_event	PTEN	1	0.1509165166102994	7.878358150161507e-05	1.1889743686307366e-05
rule_a_one_step	primary::ARID1A+BRAF+PIK3CA+PTEN+RNF43+TGFBR2	primary::ARID1A+BRAF+PIK3CA+PTEN+RNF43+TGFBR2+TP53	same_stage_one_event	TP53	1	0.0011932776895064725	7.878358150161507e-05	9.401069010529209e-08
rule_a_one_step	primary::ARID1A+BRAF+PIK3CA+PTEN+SOX9+TP53	primary::ARID1A+BRAF+PIK3CA+PTEN+SOX9+TGFBR2+TP53	same_stage_one_event	TGFBR2	1	0.060955125024183654	7.878358150161507e-05	4.802263060283909e-06
rule_a_one_step	primary::ARID1A+BRAF+RNF43+SMAD4	primary::ARID1A+BRAF+PIK3CA+RNF43+SMAD4	same_stage_one_event	PIK3CA	1	0.12634775407940046	0.00015756716300323014	1.990825716212093e-05
rule_a_one_step	primary::ARID1A+BRAF+PIK3CA+RNF43	primary::ARID1A+BRAF+PIK3CA+RNF43+SMAD4	same_stage_one_event	SMAD4	1	0.032576969441421105	0.0002363507445048452	7.69959098119147e-06
rule_a_one_step	primary::ARID1A+BRAF+RNF43+SMAD4+TP53	primary::ARID1A+BRAF+PIK3CA+RNF43+SMAD4+TP53	same_stage_one_event	PIK3CA	1	0.09972479298580661	0.00015756716300323014	1.571335271185797e-05
rule_a_one_step	primary::ARID1A+BRAF+PIK3CA+RNF43+TP53	primary::ARID1A+BRAF+PIK3CA+RNF43+SMAD4+TP53	same_stage_one_event	SMAD4	1	0.05601532212268885	0.00015756716300323014	8.826175391584157e-06
rule_a_one_step	primary::ARID1A+BRAF+PIK3CA+RNF43+SMAD4	primary::ARID1A+BRAF+PIK3CA+RNF43+SMAD4+TP53	same_stage_one_event	TP53	1	0.005972538878482323	7.878358150161507e-05	4.7053800350447677e-07
rule_a_one_step	primary::BRAF+PIK3CA+RNF43+SOX9+TCF7L2+TGFBR2	primary::ARID1A+BRAF+PIK3CA+RNF43+SOX9+TCF7L2+TGFBR2	same_stage_one_event	ARID1A	1	0.36061736048979287	7.878358150161507e-05	2.84107272110449e-05
rule_a_one_step	primary::ARID1A+BRAF+RNF43+SOX9+TCF7L2+TGFBR2	primary::ARID1A+BRAF+PIK3CA+RNF43+SOX9+TCF7L2+TGFBR2	same_stage_one_event	PIK3CA	1	0.19933619842895192	7.878358150161507e-05	1.5704419635149448e-05
rule_a_one_step	primary::ARID1A+BRAF+PIK3CA+RNF43+TCF7L2+TGFBR2	primary::ARID1A+BRAF+PIK3CA+RNF43+SOX9+TCF7L2+TGFBR2	same_stage_one_event	SOX9	1	0.11886808772495087	0.0002363507445048452	2.8094561031659388e-05
rule_a_one_step	primary::ARID1A+BRAF+PIK3CA+RNF43+TCF7L2+TP53	primary::ARID1A+BRAF+PIK3CA+RNF43+SOX9+TCF7L2+TP53	same_stage_one_event	SOX9	1	0.06710600143209762	7.878358150161507e-05	5.286851133073161e-06
rule_a_one_step	primary::BRAF+PIK3CA+RNF43+TCF7L2+TP53	primary::ARID1A+BRAF+PIK3CA+RNF43+TCF7L2+TP53	same_stage_one_event	ARID1A	1	0.2681282912947356	7.878358150161507e-05	2.1124107090107588e-05
rule_a_one_step	primary::ARID1A+BRAF+PIK3CA+RNF43+TP53	primary::ARID1A+BRAF+PIK3CA+RNF43+TCF7L2+TP53	same_stage_one_event	TCF7L2	1	0.14316706751961522	0.00015756716300323014	2.2558428664557667e-05
rule_a_one_step	primary::ARID1A+BRAF+PIK3CA+RNF43+TCF7L2	primary::ARID1A+BRAF+PIK3CA+RNF43+TCF7L2+TP53	same_stage_one_event	TP53	1	0.005528285051662528	0.00015756716300323014	8.710761918636302e-07
rule_a_one_step	primary::ARID1A+BRAF+PIK3CA+TGFBR2+TP53	primary::ARID1A+BRAF+PIK3CA+RNF43+TGFBR2+TP53	same_stage_one_event	RNF43	1	0.28222902890706714	7.878358150161507e-05	2.22350137010216e-05
rule_a_one_step	primary::ARID1A+BRAF+PIK3CA+RNF43+TP53	primary::ARID1A+BRAF+PIK3CA+RNF43+TGFBR2+TP53	same_stage_one_event	TGFBR2	1	0.20926646936999932	0.00015756716300323014	3.297352389033315e-05
rule_a_one_step	primary::ARID1A+BRAF+PIK3CA+RNF43+TGFBR2	primary::ARID1A+BRAF+PIK3CA+RNF43+TGFBR2+TP53	same_stage_one_event	TP53	1	0.0068113822684217435	0.00039391790750807534	2.6831254504143007e-06
rule_a_one_step	primary::ARID1A+BRAF+RNF43+SOX9+TP53	primary::ARID1A+BRAF+PTEN+RNF43+SOX9+TP53	same_stage_one_event	PTEN	1	0.10422555079095129	7.878358150161507e-05	8.211262175289631e-06
rule_a_one_step	primary::ARID1A+BRAF+PTEN+RNF43+TP53	primary::ARID1A+BRAF+PTEN+RNF43+SOX9+TP53	same_stage_one_event	SOX9	1	0.08982869002503824	7.878358150161507e-05	7.0770259217709165e-06
rule_a_one_step	primary::ARID1A+BRAF+PTEN+RNF43+SOX9	primary::ARID1A+BRAF+PTEN+RNF43+SOX9+TP53	same_stage_one_event	TP53	1	0.0008372348746349965	0.0002363507445048452	1.9788108594540218e-07
rule_a_one_step	primary::BRAF+PTEN+RNF43+TP53	primary::ARID1A+BRAF+PTEN+RNF43+TP53	same_stage_one_event	ARID1A	1	0.333434349582761	0.0002363507445048452	7.880745676737439e-05
rule_a_one_step	primary::ARID1A+BRAF+RNF43+TP53	primary::ARID1A+BRAF+PTEN+RNF43+TP53	same_stage_one_event	PTEN	1	0.10224753410018131	0.0003151343260064603	3.22217077444832e-05
rule_a_one_step	primary::ARID1A+BRAF+PTEN+RNF43	primary::ARID1A+BRAF+PTEN+RNF43+TP53	same_stage_one_event	TP53	1	0.0029167337816645347	0.0002363507445048452	6.893722008188454e-07
rule_a_one_step	primary::ARID1A+BRAF+SOX9	primary::ARID1A+BRAF+PTEN+SOX9	same_stage_one_event	PTEN	1	0.07978638838482241	7.878358150161507e-05	6.2858574320351705e-06
rule_a_one_step	primary::BRAF+RNF43+SOX9+TCF7L2	primary::ARID1A+BRAF+RNF43+SOX9+TCF7L2	same_stage_one_event	ARID1A	1	0.2559957148741298	7.878358150161507e-05	2.0168259266850218e-05
rule_a_one_step	primary::ARID1A+BRAF+RNF43+TCF7L2	primary::ARID1A+BRAF+RNF43+SOX9+TCF7L2	same_stage_one_event	SOX9	1	0.0816295149737981	0.0003151343260064603	2.5724262183502122e-05
rule_a_one_step	primary::ARID1A+BRAF+RNF43+SOX9	primary::ARID1A+BRAF+RNF43+SOX9+TCF7L2	same_stage_one_event	TCF7L2	1	0.1441610001837845	0.00039391790750807534	5.678759953666766e-05
rule_a_one_step	primary::ARID1A+BRAF+RNF43+SOX9+TGFBR2	primary::ARID1A+BRAF+RNF43+SOX9+TCF7L2+TGFBR2	same_stage_one_event	TCF7L2	1	0.21551902998206462	7.878358150161507e-05	1.697936106374101e-05
rule_a_one_step	primary::ARID1A+BRAF+RNF43+SOX9+TCF7L2	primary::ARID1A+BRAF+RNF43+SOX9+TCF7L2+TGFBR2	same_stage_one_event	TGFBR2	1	0.3285987901628437	7.878358150161507e-05	2.5888189566126505e-05
rule_a_one_step	primary::ARID1A+BRAF+RNF43+SOX9+TCF7L2+TGFBR2	primary::ARID1A+BRAF+RNF43+SOX9+TCF7L2+TGFBR2+TP53	same_stage_one_event	TP53	1	0.0036501721145459133	7.878358150161507e-05	2.875736322812506e-07
rule_a_one_step	primary::BRAF+RNF43+SOX9+TGFBR2	primary::ARID1A+BRAF+RNF43+SOX9+TGFBR2	same_stage_one_event	ARID1A	1	0.3286632074598146	0.0003151343260064603	0.0001035730583659701
rule_a_one_step	primary::ARID1A+RNF43+SOX9+TGFBR2	primary::ARID1A+BRAF+RNF43+SOX9+TGFBR2	same_stage_one_event	BRAF	1	0.14827431384223813	0.00015756716300323014	2.336316297837204e-05
rule_a_one_step	primary::ARID1A+BRAF+RNF43+TGFBR2	primary::ARID1A+BRAF+RNF43+SOX9+TGFBR2	same_stage_one_event	SOX9	1	0.14997957413283344	0.00015756716300323014	2.3631856004543206e-05
rule_a_one_step	primary::ARID1A+BRAF+RNF43+SOX9	primary::ARID1A+BRAF+RNF43+SOX9+TGFBR2	same_stage_one_event	TGFBR2	1	0.31379339936239486	0.00039391790750807534	0.00012360883926668042
rule_a_one_step	primary::BRAF+RNF43+SOX9+TP53	primary::ARID1A+BRAF+RNF43+SOX9+TP53	same_stage_one_event	ARID1A	1	0.25275918973173744	0.00015756716300323014	3.982654844902505e-05
rule_a_one_step	primary::ARID1A+RNF43+SOX9+TP53	primary::ARID1A+BRAF+RNF43+SOX9+TP53	same_stage_one_event	BRAF	1	0.18304147774974355	7.878358150161507e-05	1.4420663180472983e-05
rule_a_one_step	primary::ARID1A+BRAF+RNF43+TP53	primary::ARID1A+BRAF+RNF43+SOX9+TP53	same_stage_one_event	SOX9	1	0.1000205887591313	0.0003151343260064603	3.1519920825378175e-05
rule_a_one_step	primary::ARID1A+BRAF+RNF43+SOX9	primary::ARID1A+BRAF+RNF43+SOX9+TP53	same_stage_one_event	TP53	1	0.004925839037582193	0.00039391790750807534	1.9403762064059693e-06
rule_a_one_step	primary::BRAF+SOX9	primary::ARID1A+BRAF+SOX9	same_stage_one_event	ARID1A	1	0.03574537250937	0.00039391790750807534	1.4080742341987711e-05
rule_a_one_step	primary::ARID1A+BRAF	primary::ARID1A+BRAF+SOX9	same_stage_one_event	SOX9	1	0.07750054879071451	0.0004727014890096904	3.663462481243891e-05
rule_a_one_step	primary::ARID1A+FBXW7+KRAS+PIK3CA	primary::ARID1A+CTNNB1+FBXW7+KRAS+PIK3CA	same_stage_one_event	CTNNB1	1	0.12041281900836523	7.878358150161507e-05	9.486553140184766e-06
rule_a_one_step	primary::ARID1A+CTNNB1+KRAS+PIK3CA	primary::ARID1A+CTNNB1+FBXW7+KRAS+PIK3CA	same_stage_one_event	FBXW7	1	0.13435681392662802	7.878358150161507e-05	1.058511100028583e-05
rule_a_one_step	primary::ARID1A+CTNNB1+FBXW7+PIK3CA+TCF7L2	primary::ARID1A+CTNNB1+FBXW7+KRAS+PIK3CA+TCF7L2	same_stage_one_event	KRAS	1	0.1090087717596554	7.878358150161507e-05	8.588101454317766e-06
rule_a_one_step	primary::ARID1A+CTNNB1+FBXW7+KRAS+PIK3CA	primary::ARID1A+CTNNB1+FBXW7+KRAS+PIK3CA+TCF7L2	same_stage_one_event	TCF7L2	1	0.25610488799378456	7.878358150161507e-05	2.0176860316220324e-05
rule_a_one_step	primary::ARID1A+CTNNB1+FBXW7+PIK3CA+TCF7L2	primary::ARID1A+CTNNB1+FBXW7+PIK3CA+SOX9+TCF7L2	same_stage_one_event	SOX9	1	0.06630459819114516	7.878358150161507e-05	5.223713715523924e-06
rule_a_one_step	primary::CTNNB1+FBXW7+TP53	primary::ARID1A+CTNNB1+FBXW7+TP53	same_stage_one_event	ARID1A	1	0.023996140826409253	0.0002363507445048452	5.671505749564938e-06
rule_a_one_step	primary::ARID1A+FBXW7+TP53	primary::ARID1A+CTNNB1+FBXW7+TP53	same_stage_one_event	CTNNB1	1	0.058499220454872304	7.878358150161507e-05	4.60877810248738e-06
rule_a_one_step	primary::ARID1A+CTNNB1+TP53	primary::ARID1A+CTNNB1+FBXW7+TP53	same_stage_one_event	FBXW7	1	0.07735459821091184	7.878358150161507e-05	6.0942722926740605e-06
rule_a_one_step	primary::CTNNB1+KRAS	primary::ARID1A+CTNNB1+KRAS	same_stage_one_event	ARID1A	1	0.028200934288269634	0.0007090522335145356	1.9995935444294234e-05
rule_a_one_step	primary::ARID1A+KRAS	primary::ARID1A+CTNNB1+KRAS	same_stage_one_event	CTNNB1	1	0.08042655409948667	0.0002363507445048452	1.9008875939372883e-05
rule_a_one_step	primary::ARID1A+CTNNB1+KRAS+PIK3CA	primary::ARID1A+CTNNB1+KRAS+NRAS+PIK3CA	same_stage_one_event	NRAS	1	0.006197151340112828	7.878358150161507e-05	4.882337776816221e-07
rule_a_one_step	primary::CTNNB1+KRAS+PIK3CA	primary::ARID1A+CTNNB1+KRAS+PIK3CA	same_stage_one_event	ARID1A	1	0.044495706937004685	0.0009454029780193808	4.206637384732185e-05
rule_a_one_step	primary::ARID1A+KRAS+PIK3CA	primary::ARID1A+CTNNB1+KRAS+PIK3CA	same_stage_one_event	CTNNB1	1	0.10752106495696973	0.0002363507445048452	2.5412683752533617e-05
rule_a_one_step	primary::ARID1A+CTNNB1+KRAS	primary::ARID1A+CTNNB1+KRAS+PIK3CA	same_stage_one_event	PIK3CA	1	0.2811949574120065	7.878358150161507e-05	2.2153545845111992e-05
rule_a_one_step	primary::CTNNB1+KRAS+PIK3CA+RNF43+TP53	primary::ARID1A+CTNNB1+KRAS+PIK3CA+RNF43+TP53	same_stage_one_event	ARID1A	1	0.23250965763110337	7.878358150161507e-05	1.831794356189265e-05
rule_a_one_step	primary::CTNNB1+KRAS+PTEN+TCF7L2+TP53	primary::ARID1A+CTNNB1+KRAS+PTEN+TCF7L2+TP53	same_stage_one_event	ARID1A	1	0.03190338990540817	7.878358150161507e-05	2.513463318790528e-06
rule_a_one_step	primary::ARID1A+KRAS+RNF43+TCF7L2	primary::ARID1A+CTNNB1+KRAS+RNF43+TCF7L2	same_stage_one_event	CTNNB1	1	0.08609613157927967	7.878358150161507e-05	6.7829615992499554e-06
rule_a_one_step	primary::ARID1A+CTNNB1+RNF43+TCF7L2	primary::ARID1A+CTNNB1+KRAS+RNF43+TCF7L2	same_stage_one_event	KRAS	1	0.04774245321591058	7.878358150161507e-05	3.7613214540227356e-06
rule_a_one_step	primary::CTNNB1+KRAS+SMAD4	primary::ARID1A+CTNNB1+KRAS+SMAD4	same_stage_one_event	ARID1A	1	0.034192325043096786	7.878358150161507e-05	2.6937938267625298e-06
rule_a_one_step	primary::ARID1A+CTNNB1+SMAD4	primary::ARID1A+CTNNB1+KRAS+SMAD4	same_stage_one_event	KRAS	1	0.13085597617946274	7.878358150161507e-05	1.0309302464308103e-05
rule_a_one_step	primary::ARID1A+CTNNB1+KRAS	primary::ARID1A+CTNNB1+KRAS+SMAD4	same_stage_one_event	SMAD4	1	0.05580854757383745	7.878358150161507e-05	4.396797256270185e-06
rule_a_one_step	primary::CTNNB1+KRAS+TP53	primary::ARID1A+CTNNB1+KRAS+TP53	same_stage_one_event	ARID1A	1	0.026772295339155955	0.0010241865595209958	2.741982505389013e-05
rule_a_one_step	primary::ARID1A+KRAS+TP53	primary::ARID1A+CTNNB1+KRAS+TP53	same_stage_one_event	CTNNB1	1	0.07719508622406035	0.0005514850705113054	4.2571937569402225e-05
rule_a_one_step	primary::ARID1A+CTNNB1+TP53	primary::ARID1A+CTNNB1+KRAS+TP53	same_stage_one_event	KRAS	1	0.2518126168303854	7.878358150161507e-05	1.9838699821191637e-05
rule_a_one_step	primary::ARID1A+CTNNB1+KRAS	primary::ARID1A+CTNNB1+KRAS+TP53	same_stage_one_event	TP53	1	0.016050558875314504	7.878358150161507e-05	1.2645205132998114e-06
rule_a_one_step	primary::CTNNB1+NRAS+TP53	primary::ARID1A+CTNNB1+NRAS+TP53	same_stage_one_event	ARID1A	1	0.03531684255666213	0.00015756716300323014	5.564774687884997e-06
rule_a_one_step	primary::ARID1A+NRAS+TP53	primary::ARID1A+CTNNB1+NRAS+TP53	same_stage_one_event	CTNNB1	1	0.06848270996830633	7.878358150161507e-05	5.395313162239528e-06
rule_a_one_step	primary::ARID1A+CTNNB1+TP53	primary::ARID1A+CTNNB1+NRAS+TP53	same_stage_one_event	NRAS	1	0.04081231577183621	7.878358150161507e-05	3.215340405880108e-06
rule_a_one_step	primary::ARID1A+PIK3CA+PTEN+RNF43	primary::ARID1A+CTNNB1+PIK3CA+PTEN+RNF43	same_stage_one_event	CTNNB1	1	0.11985602697444117	0.00015756716300323014	1.888537413920132e-05
rule_a_one_step	primary::ARID1A+CTNNB1+PIK3CA+RNF43	primary::ARID1A+CTNNB1+PIK3CA+PTEN+RNF43	same_stage_one_event	PTEN	1	0.05052719099909618	7.878358150161507e-05	3.980713070124965e-06
rule_a_one_step	primary::ARID1A+PTEN+RNF43+SOX9	primary::ARID1A+CTNNB1+PTEN+RNF43+SOX9	same_stage_one_event	CTNNB1	1	0.11039291414056429	7.878358150161507e-05	8.69714914839394e-06
rule_a_one_step	primary::ARID1A+CTNNB1+SOX9+TGFBR2	primary::ARID1A+CTNNB1+PTEN+SOX9+TGFBR2	same_stage_one_event	PTEN	1	0.05210189674447796	7.878358150161507e-05	4.104774028557312e-06
rule_a_one_step	primary::ARID1A+PTEN+TCF7L2	primary::ARID1A+CTNNB1+PTEN+TCF7L2	same_stage_one_event	CTNNB1	1	0.07471430171576446	0.00015756716300323014	1.1772520557120376e-05
rule_a_one_step	primary::ARID1A+CTNNB1+TCF7L2	primary::ARID1A+CTNNB1+PTEN+TCF7L2	same_stage_one_event	PTEN	1	0.0394959183421695	7.878358150161507e-05	3.1116299016914444e-06
rule_a_one_step	primary::ARID1A+CTNNB1+PTEN+TCF7L2	primary::ARID1A+CTNNB1+PTEN+TCF7L2+TGFBR2	same_stage_one_event	TGFBR2	1	0.022649635696887348	7.878358150161507e-05	1.7844194199076145e-06
rule_a_one_step	primary::ARID1A+CTNNB1+RNF43+TCF7L2	primary::ARID1A+CTNNB1+RNF43+SOX9+TCF7L2	same_stage_one_event	SOX9	1	0.08861790682092092	7.878358150161507e-05	6.981636084528554e-06
rule_a_one_step	primary::CTNNB1+RNF43+TCF7L2	primary::ARID1A+CTNNB1+RNF43+TCF7L2	same_stage_one_event	ARID1A	1	0.22885458733701142	7.878358150161507e-05	1.8029984033483922e-05
rule_a_one_step	primary::ARID1A+CTNNB1+TCF7L2	primary::ARID1A+CTNNB1+RNF43+TCF7L2	same_stage_one_event	RNF43	1	0.04346172897601852	7.878358150161507e-05	3.4240706669832605e-06
rule_a_one_step	primary::CTNNB1+RNF43+TP53	primary::ARID1A+CTNNB1+RNF43+TP53	same_stage_one_event	ARID1A	1	0.1831920593798781	7.878358150161507e-05	1.4432526540603333e-05
rule_a_one_step	primary::ARID1A+RNF43+TP53	primary::ARID1A+CTNNB1+RNF43+TP53	same_stage_one_event	CTNNB1	1	0.0636055473452837	0.00015756716300323014	1.0022145646463988e-05
rule_a_one_step	primary::ARID1A+CTNNB1+TP53	primary::ARID1A+CTNNB1+RNF43+TP53	same_stage_one_event	RNF43	1	0.05907301620778318	7.878358150161507e-05	4.653983786952114e-06
rule_a_one_step	primary::CTNNB1+SOX9	primary::ARID1A+CTNNB1+SOX9	same_stage_one_event	ARID1A	1	0.028131634425183225	7.878358150161507e-05	2.216310913510063e-06
rule_a_one_step	primary::ARID1A+CTNNB1+TGFBR2	primary::ARID1A+CTNNB1+SOX9+TGFBR2	same_stage_one_event	SOX9	1	0.07087878615136733	7.878358150161507e-05	5.584084625491794e-06
rule_a_one_step	primary::ARID1A+CTNNB1+SOX9	primary::ARID1A+CTNNB1+SOX9+TGFBR2	same_stage_one_event	TGFBR2	1	0.034365702963866915	7.878358150161507e-05	2.7074531603141038e-06
rule_a_one_step	primary::CTNNB1+TP53	primary::ARID1A+CTNNB1+TP53	same_stage_one_event	ARID1A	1	0.02063951156735771	0.002205940282045222	4.552952996817268e-05
rule_a_one_step	primary::ARID1A+TP53	primary::ARID1A+CTNNB1+TP53	same_stage_one_event	CTNNB1	1	0.05212265830955454	0.0007090522335145356	3.695768729110461e-05
rule_a_one_step	primary::FBXW7	primary::ARID1A+FBXW7	same_stage_one_event	ARID1A	1	0.01565831641760469	0.0010241865595209958	1.603703721963767e-05
rule_a_one_step	primary::ARID1A	primary::ARID1A+FBXW7	same_stage_one_event	FBXW7	1	0.042184070187140855	0.00015756716300323014	6.646824263316924e-06
rule_a_one_step	primary::FBXW7+KRAS	primary::ARID1A+FBXW7+KRAS	same_stage_one_event	ARID1A	1	0.019068422632566365	0.0006302686520129206	1.201822902864027e-05
rule_a_one_step	primary::ARID1A+KRAS	primary::ARID1A+FBXW7+KRAS	same_stage_one_event	FBXW7	1	0.05320293044993408	0.0002363507445048452	1.2574552221681418e-05
rule_a_one_step	primary::ARID1A+FBXW7	primary::ARID1A+FBXW7+KRAS	same_stage_one_event	KRAS	1	0.08746569863177414	7.878358150161507e-05	6.89086099675208e-06
rule_a_one_step	primary::FBXW7+KRAS+PIK3CA	primary::ARID1A+FBXW7+KRAS+PIK3CA	same_stage_one_event	ARID1A	1	0.02643913085773419	0.0005514850705113054	1.4580785945335171e-05
rule_a_one_step	primary::ARID1A+KRAS+PIK3CA	primary::ARID1A+FBXW7+KRAS+PIK3CA	same_stage_one_event	FBXW7	1	0.07955736142358509	0.0002363507445048452	1.8803441603305386e-05
rule_a_one_step	primary::ARID1A+FBXW7+PIK3CA	primary::ARID1A+FBXW7+KRAS+PIK3CA	same_stage_one_event	KRAS	1	0.11519141197942169	7.878358150161507e-05	9.075191993966886e-06
rule_a_one_step	primary::ARID1A+FBXW7+KRAS	primary::ARID1A+FBXW7+KRAS+PIK3CA	same_stage_one_event	PIK3CA	1	0.20437734107312847	7.878358150161507e-05	1.6101578907518196e-05
rule_a_one_step	primary::ARID1A+KRAS+PIK3CA+RNF43+SMAD4	primary::ARID1A+FBXW7+KRAS+PIK3CA+RNF43+SMAD4	same_stage_one_event	FBXW7	1	0.12572868385389394	7.878358150161507e-05	9.905356011494047e-06
rule_a_one_step	primary::FBXW7+KRAS+RNF43	primary::ARID1A+FBXW7+KRAS+RNF43	same_stage_one_event	ARID1A	1	0.17040330115389382	0.00015756716300323014	2.6849964729204102e-05
rule_a_one_step	primary::ARID1A+KRAS+RNF43	primary::ARID1A+FBXW7+KRAS+RNF43	same_stage_one_event	FBXW7	1	0.08533402301817175	7.878358150161507e-05	6.72291995731283e-06
rule_a_one_step	primary::ARID1A+FBXW7+RNF43	primary::ARID1A+FBXW7+KRAS+RNF43	same_stage_one_event	KRAS	1	0.05185208551865225	0.0002363507445048452	1.2255279016462362e-05
rule_a_one_step	primary::ARID1A+FBXW7+KRAS	primary::ARID1A+FBXW7+KRAS+RNF43	same_stage_one_event	RNF43	1	0.026192758334970305	7.878358150161507e-05	2.0635593110352403e-06
rule_a_one_step	primary::FBXW7+KRAS+RNF43+SMAD4+TP53	primary::ARID1A+FBXW7+KRAS+RNF43+SMAD4+TP53	same_stage_one_event	ARID1A	1	0.19330479135865777	0.00015756716300323014	3.0458487569315023e-05
rule_a_one_step	primary::ARID1A+KRAS+RNF43+SMAD4+TP53	primary::ARID1A+FBXW7+KRAS+RNF43+SMAD4+TP53	same_stage_one_event	FBXW7	1	0.12089058138423467	0.0002363507445048452	2.8572578913787442e-05
rule_a_one_step	primary::ARID1A+FBXW7+RNF43+SMAD4+TP53	primary::ARID1A+FBXW7+KRAS+RNF43+SMAD4+TP53	same_stage_one_event	KRAS	1	0.11839750698345135	7.878358150161507e-05	9.327779641018778e-06
rule_a_one_step	primary::FBXW7+KRAS+RNF43+SOX9	primary::ARID1A+FBXW7+KRAS+RNF43+SOX9	same_stage_one_event	ARID1A	1	0.17757856060595625	7.878358150161507e-05	1.3990275002438846e-05
rule_a_one_step	primary::ARID1A+FBXW7+RNF43+SOX9	primary::ARID1A+FBXW7+KRAS+RNF43+SOX9	same_stage_one_event	KRAS	1	0.0387822528721729	7.878358150161507e-05	3.055404779971079e-06
rule_a_one_step	primary::ARID1A+FBXW7+KRAS+SOX9	primary::ARID1A+FBXW7+KRAS+RNF43+SOX9	same_stage_one_event	RNF43	1	0.028415383139204786	0.00015756716300323014	4.477331306894318e-06
rule_a_one_step	primary::ARID1A+FBXW7+KRAS+RNF43	primary::ARID1A+FBXW7+KRAS+RNF43+SOX9	same_stage_one_event	SOX9	1	0.1096930535902396	7.878358150161507e-05	8.642011627687672e-06
rule_a_one_step	primary::FBXW7+KRAS+TP53	primary::ARID1A+FBXW7+KRAS+TP53	same_stage_one_event	ARID1A	1	0.01844390430560565	0.0022847238635468367	4.213922830399147e-05
rule_a_one_step	primary::ARID1A+KRAS+TP53	primary::ARID1A+FBXW7+KRAS+TP53	same_stage_one_event	FBXW7	1	0.06783289997952639	0.0005514850705113054	3.7408831628195444e-05
rule_a_one_step	primary::ARID1A+FBXW7+TP53	primary::ARID1A+FBXW7+KRAS+TP53	same_stage_one_event	KRAS	1	0.18857161611291745	7.878358150161507e-05	1.48563472869233e-05
rule_a_one_step	primary::ARID1A+FBXW7+KRAS	primary::ARID1A+FBXW7+KRAS+TP53	same_stage_one_event	TP53	1	0.008456571642523416	7.878358150161507e-05	6.662390012229903e-07
rule_a_one_step	primary::ARID1A+FBXW7+PIK3CA	primary::ARID1A+FBXW7+NRAS+PIK3CA	same_stage_one_event	NRAS	1	0.015376887173108129	7.878358150161507e-05	1.2114462438437036e-06
rule_a_one_step	primary::FBXW7+PIK3CA	primary::ARID1A+FBXW7+PIK3CA	same_stage_one_event	ARID1A	1	0.022516517851413273	0.0002363507445048452	5.321795757838165e-06
rule_a_one_step	primary::ARID1A+PIK3CA	primary::ARID1A+FBXW7+PIK3CA	same_stage_one_event	FBXW7	1	0.06230068062300152	0.00015756716300323014	9.816541498936662e-06
rule_a_one_step	primary::ARID1A+FBXW7	primary::ARID1A+FBXW7+PIK3CA	same_stage_one_event	PIK3CA	1	0.10237278110225982	7.878358150161507e-05	8.065294343516886e-06
rule_a_one_step	primary::ARID1A+FBXW7+PIK3CA+RNF43+TCF7L2+TP53	primary::ARID1A+FBXW7+PIK3CA+RNF43+TCF7L2+TGFBR2+TP53	same_stage_one_event	TGFBR2	1	0.09549321999006852	7.878358150161507e-05	7.523297879939221e-06
rule_a_one_step	primary::ARID1A+FBXW7+RNF43	primary::ARID1A+FBXW7+RNF43+SMAD4	same_stage_one_event	SMAD4	1	0.02123969848131888	0.0002363507445048452	5.020018549118147e-06
rule_a_one_step	primary::ARID1A+RNF43+SMAD4+TP53	primary::ARID1A+FBXW7+RNF43+SMAD4+TP53	same_stage_one_event	FBXW7	1	0.09925671158421225	7.878358150161507e-05	7.819799226677086e-06
rule_a_one_step	primary::ARID1A+FBXW7+SMAD4+TP53	primary::ARID1A+FBXW7+RNF43+SMAD4+TP53	same_stage_one_event	RNF43	1	0.04289206326585931	7.878358150161507e-05	3.3791903620782567e-06
rule_a_one_step	primary::ARID1A+FBXW7+RNF43+SMAD4	primary::ARID1A+FBXW7+RNF43+SMAD4+TP53	same_stage_one_event	TP53	1	0.025136202918941624	7.878358150161507e-05	1.980320091305572e-06
rule_a_one_step	primary::ARID1A+FBXW7+SOX9	primary::ARID1A+FBXW7+RNF43+SOX9	same_stage_one_event	RNF43	1	0.039381669465859914	0.00015756716300323014	6.20525793206648e-06
rule_a_one_step	primary::ARID1A+FBXW7+RNF43	primary::ARID1A+FBXW7+RNF43+SOX9	same_stage_one_event	SOX9	1	0.09482030896710915	0.0002363507445048452	2.2410850618555695e-05
rule_a_one_step	primary::ARID1A+RNF43+TGFBR2	primary::ARID1A+FBXW7+RNF43+TGFBR2	same_stage_one_event	FBXW7	1	0.09346316711732505	7.878358150161507e-05	7.363363043986848e-06
rule_a_one_step	primary::ARID1A+FBXW7+RNF43	primary::ARID1A+FBXW7+RNF43+TGFBR2	same_stage_one_event	TGFBR2	1	0.09459659273545157	0.0002363507445048452	2.235797512064561e-05
rule_a_one_step	primary::FBXW7+SMAD4+TP53	primary::ARID1A+FBXW7+SMAD4+TP53	same_stage_one_event	ARID1A	1	0.01761313371820432	0.00015756716300323014	2.775251511573989e-06
rule_a_one_step	primary::ARID1A+SMAD4+TP53	primary::ARID1A+FBXW7+SMAD4+TP53	same_stage_one_event	FBXW7	1	0.053549289947091	7.878358150161507e-05	4.2188048489002605e-06
rule_a_one_step	primary::ARID1A+FBXW7+TP53	primary::ARID1A+FBXW7+SMAD4+TP53	same_stage_one_event	SMAD4	1	0.03603189384284274	7.878358150161507e-05	2.8387216452251436e-06
rule_a_one_step	primary::ARID1A+FBXW7+SOX9	primary::ARID1A+FBXW7+SOX9+TGFBR2	same_stage_one_event	TGFBR2	1	0.025448872610392994	0.00015756716300323014	4.009906658850232e-06
rule_a_one_step	primary::FBXW7+TP53	primary::ARID1A+FBXW7+TP53	same_stage_one_event	ARID1A	1	0.01643773963469713	0.002442291026550067	4.0145744006587177e-05
rule_a_one_step	primary::ARID1A+TP53	primary::ARID1A+FBXW7+TP53	same_stage_one_event	FBXW7	1	0.05357519751461769	0.0007090522335145356	3.798761345872207e-05
rule_a_one_step	primary::ARID1A+FBXW7	primary::ARID1A+FBXW7+TP53	same_stage_one_event	TP53	1	0.14970082735999332	7.878358150161507e-05	1.179396733317524e-05
rule_a_one_step	primary::ARID1A+PIK3CA+RNF43+TCF7L2+TGFBR2	primary::ARID1A+KRAS+PIK3CA+RNF43+TCF7L2+TGFBR2	same_stage_one_event	KRAS	1	0.04467710511580014	7.878358150161507e-05	3.519822352146864e-06
rule_a_one_step	primary::ARID1A+KRAS+PIK3CA+RNF43+TCF7L2+TP53	primary::ARID1A+KRAS+PIK3CA+RNF43+TCF7L2+TGFBR2+TP53	same_stage_one_event	TGFBR2	1	0.10579459477101621	7.878358150161507e-05	8.334877079572695e-06
rule_a_one_step	primary::ARID1A+KRAS+PIK3CA+RNF43+TCF7L2+TGFBR2	primary::ARID1A+KRAS+PIK3CA+RNF43+TCF7L2+TGFBR2+TP53	same_stage_one_event	TP53	1	0.00047677883818007566	7.878358150161507e-05	3.7562344456005335e-08
rule_a_one_step	primary::KRAS+PIK3CA+SOX9	primary::ARID1A+KRAS+PIK3CA+SOX9	same_stage_one_event	ARID1A	1	0.02468826000298401	0.0002363507445048452	5.835088632234462e-06
rule_a_one_step	primary::ARID1A+KRAS+PIK3CA	primary::ARID1A+KRAS+PIK3CA+SOX9	same_stage_one_event	SOX9	1	0.07580598657317486	0.0002363507445048452	1.7916801364494178e-05
rule_a_one_step	primary::ARID1A+KRAS+PIK3CA	primary::ARID1A+KRAS+PIK3CA+TCF7L2	same_stage_one_event	TCF7L2	1	0.08754047904088702	0.0002363507445048452	2.0690257395624444e-05
rule_a_one_step	primary::KRAS+RNF43	primary::ARID1A+KRAS+RNF43	same_stage_one_event	ARID1A	1	0.15233739045328812	0.00015756716300323014	2.4003370433039962e-05
rule_a_one_step	primary::ARID1A+RNF43	primary::ARID1A+KRAS+RNF43	same_stage_one_event	KRAS	1	0.0529460525502859	0.0002363507445048452	1.2513838938852731e-05
rule_a_one_step	primary::ARID1A+KRAS	primary::ARID1A+KRAS+RNF43	same_stage_one_event	RNF43	1	0.024014912877764975	0.0002363507445048452	5.6759425378787465e-06
rule_a_one_step	primary::ARID1A+RNF43+SOX9+TGFBR2	primary::ARID1A+KRAS+RNF43+SOX9+TGFBR2	same_stage_one_event	KRAS	1	0.046696560455648954	0.00015756716300323014	7.35784455300543e-06
rule_a_one_step	primary::ARID1A+KRAS+RNF43+TGFBR2	primary::ARID1A+KRAS+RNF43+SOX9+TGFBR2	same_stage_one_event	SOX9	1	0.1110654961767317	7.878358150161507e-05	8.750137570056859e-06
rule_a_one_step	primary::KRAS+RNF43+TCF7L2	primary::ARID1A+KRAS+RNF43+TCF7L2	same_stage_one_event	ARID1A	1	0.12318149503550933	7.878358150161507e-05	9.704679353620843e-06
rule_a_one_step	primary::ARID1A+KRAS+RNF43	primary::ARID1A+KRAS+RNF43+TCF7L2	same_stage_one_event	TCF7L2	1	0.16816084735238016	7.878358150161507e-05	1.3248313822766892e-05
rule_a_one_step	primary::ARID1A+RNF43+TGFBR2	primary::ARID1A+KRAS+RNF43+TGFBR2	same_stage_one_event	KRAS	1	0.05939024098993417	7.878358150161507e-05	4.678975891431039e-06
rule_a_one_step	primary::ARID1A+KRAS+RNF43	primary::ARID1A+KRAS+RNF43+TGFBR2	same_stage_one_event	TGFBR2	1	0.09925314652298729	7.878358150161507e-05	7.819518358385511e-06
rule_a_one_step	primary::KRAS+SMAD4+TP53	primary::ARID1A+KRAS+SMAD4+TP53	same_stage_one_event	ARID1A	1	0.020105833066921527	0.004175529819585598	8.3952505518541e-05
rule_a_one_step	primary::ARID1A+SMAD4+TP53	primary::ARID1A+KRAS+SMAD4+TP53	same_stage_one_event	KRAS	1	0.21395589806759308	7.878358150161507e-05	1.6856211933159464e-05
rule_a_one_step	primary::ARID1A+KRAS+TP53	primary::ARID1A+KRAS+SMAD4+TP53	same_stage_one_event	SMAD4	1	0.09382514964140862	0.0005514850705113054	5.174316926572602e-05
rule_a_one_step	primary::KRAS+TCF7L2+TP53	primary::ARID1A+KRAS+TCF7L2+TP53	same_stage_one_event	ARID1A	1	0.010830147452979581	0.00039391790750807534	4.266189022681628e-06
rule_a_one_step	primary::ARID1A+KRAS+TP53	primary::ARID1A+KRAS+TCF7L2+TP53	same_stage_one_event	TCF7L2	1	0.05626066844927972	0.0005514850705113054	3.1026918706764205e-05
rule_a_one_step	primary::KRAS+TGFBR2+TP53	primary::ARID1A+KRAS+TGFBR2+TP53	same_stage_one_event	ARID1A	1	0.01737017082351698	0.00015756716300323014	2.7369685375430526e-06
rule_a_one_step	primary::ARID1A+KRAS+TP53	primary::ARID1A+KRAS+TGFBR2+TP53	same_stage_one_event	TGFBR2	1	0.016088806602615524	0.0005514850705113054	8.872736643686179e-06
rule_a_one_step	primary::ARID1A+NRAS+TP53	primary::ARID1A+NRAS+TCF7L2+TP53	same_stage_one_event	TCF7L2	1	0.049823659985871564	7.878358150161507e-05	3.92528637720567e-06
rule_a_one_step	primary::NRAS+TP53	primary::ARID1A+NRAS+TP53	same_stage_one_event	ARID1A	1	0.02177198211302712	0.0017332387930355314	3.773604399957431e-05
rule_a_one_step	primary::ARID1A+TP53	primary::ARID1A+NRAS+TP53	same_stage_one_event	NRAS	1	0.028278296105061728	0.0007090522335145356	2.005078901327941e-05
rule_a_one_step	primary::ARID1A+PTEN+RNF43+SOX9	primary::ARID1A+PIK3CA+PTEN+RNF43+SOX9	same_stage_one_event	PIK3CA	1	0.11426801586561652	7.878358150161507e-05	9.002443540976643e-06
rule_a_one_step	primary::ARID1A+PIK3CA+PTEN+RNF43	primary::ARID1A+PIK3CA+PTEN+RNF43+SOX9	same_stage_one_event	SOX9	1	0.07315913766814885	0.00015756716300323014	1.1527477770132965e-05
rule_a_one_step	primary::PIK3CA+RNF43+SOX9+TGFBR2	primary::ARID1A+PIK3CA+RNF43+SOX9+TGFBR2	same_stage_one_event	ARID1A	1	0.23865367962604073	7.878358150161507e-05	1.880199161947851e-05
rule_a_one_step	primary::ARID1A+RNF43+SOX9+TGFBR2	primary::ARID1A+PIK3CA+RNF43+SOX9+TGFBR2	same_stage_one_event	PIK3CA	1	0.12060018076450665	0.00015756716300323014	1.900262834074004e-05
rule_a_one_step	primary::ARID1A+RNF43+TCF7L2+TGFBR2	primary::ARID1A+PIK3CA+RNF43+TCF7L2+TGFBR2	same_stage_one_event	PIK3CA	1	0.10886326740138033	7.878358150161507e-05	8.576638099848763e-06
rule_a_one_step	primary::PIK3CA+TP53	primary::ARID1A+PIK3CA+TP53	same_stage_one_event	ARID1A	1	0.016174242028013677	0.002914992515559757	4.714779445651194e-05
rule_a_one_step	primary::ARID1A+TP53	primary::ARID1A+PIK3CA+TP53	same_stage_one_event	PIK3CA	1	0.06859719142527289	0.0007090522335145356	4.8638991792913886e-05
rule_a_one_step	primary::ARID1A+PIK3CA	primary::ARID1A+PIK3CA+TP53	same_stage_one_event	TP53	1	0.0887390433879565	0.00015756716300323014	1.3982359314260855e-05
rule_a_one_step	primary::ARID1A+PTEN+RNF43+TGFBR2	primary::ARID1A+PTEN+RNF43+TGFBR2+TP53	same_stage_one_event	TP53	1	0.005218471292870199	0.00015756716300323014	8.222597168313558e-07
rule_a_one_step	primary::PTEN+SMAD4	primary::ARID1A+PTEN+SMAD4	same_stage_one_event	ARID1A	1	0.030707181398482324	0.00015756716300323014	4.8384434567844205e-06
rule_a_one_step	primary::RNF43+SMAD4+TP53	primary::ARID1A+RNF43+SMAD4+TP53	same_stage_one_event	ARID1A	1	0.15706174331449474	0.0008666193965177657	0.00013611275320723565
rule_a_one_step	primary::ARID1A+SMAD4+TP53	primary::ARID1A+RNF43+SMAD4+TP53	same_stage_one_event	RNF43	1	0.038877704309156415	7.878358150161507e-05	3.0629247860361156e-06
rule_a_one_step	primary::ARID1A+RNF43+TP53	primary::ARID1A+RNF43+SMAD4+TP53	same_stage_one_event	SMAD4	1	0.04969706471327462	0.00015756716300323014	7.830625496458619e-06
rule_a_one_step	primary::ARID1A+RNF43+TP53	primary::ARID1A+RNF43+SOX9+TP53	same_stage_one_event	SOX9	1	0.06482223524920326	0.00015756716300323014	1.0213855707744941e-05
rule_a_one_step	primary::ARID1A+RNF43+TGFBR2	primary::ARID1A+RNF43+TCF7L2+TGFBR2	same_stage_one_event	TCF7L2	1	0.1574078049763416	7.878358150161507e-05	1.2401150632343938e-05
rule_a_one_step	primary::ARID1A+RNF43	primary::ARID1A+RNF43+TGFBR2	same_stage_one_event	TGFBR2	1	0.08312856660636689	0.0002363507445048452	1.9647498607035427e-05
rule_a_one_step	primary::ARID1A+SMAD4+TP53	primary::ARID1A+SMAD4+SOX9+TP53	same_stage_one_event	SOX9	1	0.043171241152418244	7.878358150161507e-05	3.4011849958574214e-06
rule_a_one_step	primary::SMAD4+TP53	primary::ARID1A+SMAD4+TP53	same_stage_one_event	ARID1A	1	0.015974267813027927	0.003781611912077523	6.0408481448462974e-05
rule_a_one_step	primary::ARID1A+TP53	primary::ARID1A+SMAD4+TP53	same_stage_one_event	SMAD4	1	0.052460812731228136	0.0007090522335145356	3.7197456439065095e-05
rule_a_one_step	primary::BRAF+FBXW7+KRAS+PIK3CA+PTEN+SMAD4+TP53	primary::BRAF+CTNNB1+FBXW7+KRAS+PIK3CA+PTEN+SMAD4+TP53	same_stage_one_event	CTNNB1	1	0.06877722430285114	7.878358150161507e-05	5.418516056318534e-06
rule_a_one_step	primary::CTNNB1+FBXW7+NRAS+PIK3CA+PTEN+SMAD4+TP53	primary::BRAF+CTNNB1+FBXW7+NRAS+PIK3CA+PTEN+SMAD4+TP53	same_stage_one_event	BRAF	1	0.17072339105136744	7.878358150161507e-05	1.3450200193127507e-05
rule_a_one_step	primary::BRAF+FBXW7+PIK3CA+PTEN+RNF43+SOX9	primary::BRAF+CTNNB1+FBXW7+PIK3CA+PTEN+RNF43+SOX9	same_stage_one_event	CTNNB1	1	0.04320717345007362	7.878358150161507e-05	3.404015870958294e-06
rule_a_one_step	primary::BRAF+FBXW7+PIK3CA+RNF43	primary::BRAF+CTNNB1+FBXW7+PIK3CA+RNF43	same_stage_one_event	CTNNB1	1	0.031444774420018355	0.00015756716300323014	4.954663896638834e-06
rule_a_one_step	primary::BRAF+CTNNB1+PIK3CA+RNF43	primary::BRAF+CTNNB1+FBXW7+PIK3CA+RNF43	same_stage_one_event	FBXW7	1	0.13393329981459406	7.878358150161507e-05	1.0551745041723317e-05
rule_a_one_step	primary::BRAF+FBXW7+RNF43+TGFBR2+TP53	primary::BRAF+CTNNB1+FBXW7+RNF43+TGFBR2+TP53	same_stage_one_event	CTNNB1	1	0.028549131610548225	7.878358150161507e-05	2.2492028370399613e-06
rule_a_one_step	primary::BRAF+CTNNB1+FBXW7+RNF43+TP53	primary::BRAF+CTNNB1+FBXW7+RNF43+TGFBR2+TP53	same_stage_one_event	TGFBR2	1	0.10144854455908019	7.878358150161507e-05	7.992479678490522e-06
rule_a_one_step	primary::BRAF+FBXW7+RNF43+TP53	primary::BRAF+CTNNB1+FBXW7+RNF43+TP53	same_stage_one_event	CTNNB1	1	0.025192733650252784	0.0004727014890096904	1.1908642708699024e-05
rule_a_one_step	primary::CTNNB1+KRAS+PIK3CA	primary::BRAF+CTNNB1+KRAS+PIK3CA	same_stage_one_event	BRAF	1	0.020046555643518753	0.0009454029780193808	1.895207340441385e-05
rule_a_one_step	primary::BRAF+KRAS+PIK3CA	primary::BRAF+CTNNB1+KRAS+PIK3CA	same_stage_one_event	CTNNB1	1	0.034255036304467704	0.00015756716300323014	5.3974688890676285e-06
rule_a_one_step	primary::BRAF+CTNNB1+PIK3CA	primary::BRAF+CTNNB1+KRAS+PIK3CA	same_stage_one_event	KRAS	1	0.03926137135273783	7.878358150161507e-05	3.093151449833596e-06
rule_a_one_step	primary::CTNNB1+KRAS+TP53	primary::BRAF+CTNNB1+KRAS+TP53	same_stage_one_event	BRAF	1	0.02117886080262491	0.0010241865595209958	2.1691104580014485e-05
rule_a_one_step	primary::BRAF+KRAS+TP53	primary::BRAF+CTNNB1+KRAS+TP53	same_stage_one_event	CTNNB1	1	0.02106199720848004	0.0005514850705113054	1.1615377015627534e-05
rule_a_one_step	primary::BRAF+CTNNB1+TP53	primary::BRAF+CTNNB1+KRAS+TP53	same_stage_one_event	KRAS	1	0.06437133200220072	0.0005514850705113054	3.5499828568140314e-05
rule_a_one_step	primary::CTNNB1+PIK3CA	primary::BRAF+CTNNB1+PIK3CA	same_stage_one_event	BRAF	1	0.05780379601652575	7.878358150161507e-05	4.553990074570689e-06
rule_a_one_step	primary::BRAF+PIK3CA	primary::BRAF+CTNNB1+PIK3CA	same_stage_one_event	CTNNB1	1	0.025377699674473484	0.0016544552115339162	4.1986267483175225e-05
rule_a_one_step	primary::BRAF+PIK3CA+RNF43	primary::BRAF+CTNNB1+PIK3CA+RNF43	same_stage_one_event	CTNNB1	1	0.026663048295967495	0.0003151343260064603	8.402441754027417e-06
rule_a_one_step	primary::BRAF+CTNNB1+PIK3CA	primary::BRAF+CTNNB1+PIK3CA+RNF43	same_stage_one_event	RNF43	1	0.23892929407993363	7.878358150161507e-05	1.8823705513269807e-05
rule_a_one_step	primary::BRAF+CTNNB1+PIK3CA+RNF43	primary::BRAF+CTNNB1+PIK3CA+RNF43+SMAD4	same_stage_one_event	SMAD4	1	0.04304782797758058	7.878358150161507e-05	3.3914620639392255e-06
rule_a_one_step	primary::CTNNB1+PIK3CA+TCF7L2	primary::BRAF+CTNNB1+PIK3CA+TCF7L2	same_stage_one_event	BRAF	1	0.0538860888573703	7.878358150161507e-05	4.2453390732979045e-06
rule_a_one_step	primary::BRAF+CTNNB1+PIK3CA	primary::BRAF+CTNNB1+PIK3CA+TCF7L2	same_stage_one_event	TCF7L2	1	0.04486543986261709	7.878358150161507e-05	3.534660038022303e-06
rule_a_one_step	primary::CTNNB1+PTEN+SMAD4	primary::BRAF+CTNNB1+PTEN+SMAD4	same_stage_one_event	BRAF	1	0.06718162117232855	7.878358150161507e-05	5.292808727040775e-06
rule_a_one_step	primary::BRAF+PTEN+SMAD4	primary::BRAF+CTNNB1+PTEN+SMAD4	same_stage_one_event	CTNNB1	1	0.037425662692886136	0.00015756716300323014	5.897055494033899e-06
rule_a_one_step	primary::CTNNB1+PTEN+TP53	primary::BRAF+CTNNB1+PTEN+TP53	same_stage_one_event	BRAF	1	0.07795696321143225	7.878358150161507e-05	6.14172876478628e-06
rule_a_one_step	primary::BRAF+PTEN+TP53	primary::BRAF+CTNNB1+PTEN+TP53	same_stage_one_event	CTNNB1	1	0.02716709805185193	0.001339320885527456	3.638546182001755e-05
rule_a_one_step	primary::BRAF+CTNNB1+TP53	primary::BRAF+CTNNB1+PTEN+TP53	same_stage_one_event	PTEN	1	0.10448188014605858	0.0005514850705113054	5.762019703950288e-05
rule_a_one_step	primary::BRAF+RNF43+SMAD4+TP53	primary::BRAF+CTNNB1+RNF43+SMAD4+TP53	same_stage_one_event	CTNNB1	1	0.025340724472309145	0.0006302686520129206	1.5971464254193113e-05
rule_a_one_step	primary::CTNNB1+SMAD4+SOX9+TP53	primary::BRAF+CTNNB1+SMAD4+SOX9+TP53	same_stage_one_event	BRAF	1	0.10212908517683199	7.878358150161507e-05	8.04609510571433e-06
rule_a_one_step	primary::BRAF+KRAS+PIK3CA+PTEN	primary::BRAF+FBXW7+KRAS+PIK3CA+PTEN	same_stage_one_event	FBXW7	1	0.13716549626174343	7.878358150161507e-05	1.0806389053946541e-05
rule_a_one_step	primary::BRAF+FBXW7+KRAS+PIK3CA	primary::BRAF+FBXW7+KRAS+PIK3CA+PTEN	same_stage_one_event	PTEN	1	0.1323339754323163	0.00015756716300323014	2.0851489077809234e-05
rule_a_one_step	primary::FBXW7+KRAS+PIK3CA+PTEN+SMAD4+TP53	primary::BRAF+FBXW7+KRAS+PIK3CA+PTEN+SMAD4+TP53	same_stage_one_event	BRAF	1	0.04499919530186865	0.00015756716300323014	7.090395541143725e-06
rule_a_one_step	primary::BRAF+KRAS+PIK3CA+PTEN+SMAD4+TP53	primary::BRAF+FBXW7+KRAS+PIK3CA+PTEN+SMAD4+TP53	same_stage_one_event	FBXW7	1	0.1785746425248259	7.878358150161507e-05	1.40687499034764e-05
rule_a_one_step	primary::BRAF+FBXW7+KRAS+PTEN+SMAD4+TP53	primary::BRAF+FBXW7+KRAS+PIK3CA+PTEN+SMAD4+TP53	same_stage_one_event	PIK3CA	1	0.25850605266304105	7.878358150161507e-05	2.0366032668639493e-05
rule_a_one_step	primary::FBXW7+KRAS+PIK3CA+TP53	primary::BRAF+FBXW7+KRAS+PIK3CA+TP53	same_stage_one_event	BRAF	1	0.03729174169925312	0.0007878358150161507	2.937976971500285e-05
rule_a_one_step	primary::BRAF+KRAS+PIK3CA+TP53	primary::BRAF+FBXW7+KRAS+PIK3CA+TP53	same_stage_one_event	FBXW7	1	0.09676112923300177	0.0002363507445048452	2.2869564933349508e-05
rule_a_one_step	primary::BRAF+FBXW7+PIK3CA+TP53	primary::BRAF+FBXW7+KRAS+PIK3CA+TP53	same_stage_one_event	KRAS	1	0.07060519734782249	0.00039391790750807534	2.7812651598448945e-05
rule_a_one_step	primary::BRAF+FBXW7+KRAS+TP53	primary::BRAF+FBXW7+KRAS+PIK3CA+TP53	same_stage_one_event	PIK3CA	1	0.18516374292038534	7.878358150161507e-05	1.4587862831512279e-05
rule_a_one_step	primary::BRAF+FBXW7+KRAS+PIK3CA	primary::BRAF+FBXW7+KRAS+PIK3CA+TP53	same_stage_one_event	TP53	1	0.005840646969507453	0.00015756716300323014	9.20294173088703e-07
rule_a_one_step	primary::BRAF+FBXW7+PTEN+SMAD4	primary::BRAF+FBXW7+KRAS+PTEN+SMAD4	same_stage_one_event	KRAS	1	0.03270609365120387	7.878358150161507e-05	2.576703194769075e-06
rule_a_one_step	primary::BRAF+FBXW7+PTEN+SMAD4+TP53	primary::BRAF+FBXW7+KRAS+PTEN+SMAD4+TP53	same_stage_one_event	KRAS	1	0.06930296097355462	7.878358150161507e-05	5.459935474163289e-06
rule_a_one_step	primary::BRAF+FBXW7+KRAS+PTEN+SMAD4	primary::BRAF+FBXW7+KRAS+PTEN+SMAD4+TP53	same_stage_one_event	TP53	1	0.001550586610299665	7.878358150161507e-05	1.221607665878567e-07
rule_a_one_step	primary::FBXW7+KRAS+RNF43+SOX9	primary::BRAF+FBXW7+KRAS+RNF43+SOX9	same_stage_one_event	BRAF	1	0.02188351102233325	7.878358150161507e-05	1.7240613741694835e-06
rule_a_one_step	primary::BRAF+FBXW7+RNF43+SOX9	primary::BRAF+FBXW7+KRAS+RNF43+SOX9	same_stage_one_event	KRAS	1	0.009546424890886739	7.878358150161507e-05	7.521015434402221e-07
rule_a_one_step	primary::BRAF+FBXW7+RNF43+TGFBR2+TP53	primary::BRAF+FBXW7+KRAS+RNF43+TGFBR2+TP53	same_stage_one_event	KRAS	1	0.03427702458800647	7.878358150161507e-05	2.7004667602620715e-06
rule_a_one_step	primary::FBXW7+KRAS+TP53	primary::BRAF+FBXW7+KRAS+TP53	same_stage_one_event	BRAF	1	0.028868587131871088	0.0022847238635468367	6.595674992706701e-05
rule_a_one_step	primary::BRAF+KRAS+TP53	primary::BRAF+FBXW7+KRAS+TP53	same_stage_one_event	FBXW7	1	0.06531521291386724	0.0005514850705113054	3.6020364799265005e-05
rule_a_one_step	primary::BRAF+FBXW7+TP53	primary::BRAF+FBXW7+KRAS+TP53	same_stage_one_event	KRAS	1	0.05746473010824247	0.0008666193965177657	4.980004972746137e-05
rule_a_one_step	primary::BRAF+FBXW7+PIK3CA+TP53	primary::BRAF+FBXW7+NRAS+PIK3CA+TP53	same_stage_one_event	NRAS	1	0.023008296066021953	0.00039391790750807534	9.063379841653649e-06
rule_a_one_step	primary::BRAF+FBXW7+NRAS+TP53	primary::BRAF+FBXW7+NRAS+PIK3CA+TP53	same_stage_one_event	PIK3CA	1	0.12337249449166089	7.878358150161507e-05	9.719726974841322e-06
rule_a_one_step	primary::FBXW7+NRAS+TP53	primary::BRAF+FBXW7+NRAS+TP53	same_stage_one_event	BRAF	1	0.12697477841715615	7.878358150161507e-05	1.0003527804077535e-05
rule_a_one_step	primary::BRAF+NRAS+TP53	primary::BRAF+FBXW7+NRAS+TP53	same_stage_one_event	FBXW7	1	0.07084654874827814	0.0003151343260064603	2.2326179389672465e-05
rule_a_one_step	primary::BRAF+FBXW7+TP53	primary::BRAF+FBXW7+NRAS+TP53	same_stage_one_event	NRAS	1	0.018740754764702047	0.0008666193965177657	1.624110158447353e-05
rule_a_one_step	primary::BRAF+FBXW7+PTEN+RNF43+SOX9	primary::BRAF+FBXW7+PIK3CA+PTEN+RNF43+SOX9	same_stage_one_event	PIK3CA	1	0.14956472792191156	7.878358150161507e-05	1.1783244932002803e-05
rule_a_one_step	primary::BRAF+PIK3CA+PTEN+TP53	primary::BRAF+FBXW7+PIK3CA+PTEN+TP53	same_stage_one_event	FBXW7	1	0.13716072726540346	0.0004727014890096904	6.483608001200825e-05
rule_a_one_step	primary::BRAF+FBXW7+PIK3CA+TP53	primary::BRAF+FBXW7+PIK3CA+PTEN+TP53	same_stage_one_event	PTEN	1	0.11987646514486401	0.00039391790750807534	4.722148630932956e-05
rule_a_one_step	primary::BRAF+FBXW7+RNF43+SMAD4+TP53	primary::BRAF+FBXW7+PIK3CA+RNF43+SMAD4+TP53	same_stage_one_event	PIK3CA	1	0.10730286029415768	0.00015756716300323014	1.6907407278682374e-05
rule_a_one_step	primary::BRAF+FBXW7+PIK3CA+SMAD4+TP53	primary::BRAF+FBXW7+PIK3CA+RNF43+SMAD4+TP53	same_stage_one_event	RNF43	1	0.2991224547814709	0.0002363507445048452	7.069781488571754e-05
rule_a_one_step	primary::BRAF+PIK3CA+RNF43+SOX9+TCF7L2+TGFBR2	primary::BRAF+FBXW7+PIK3CA+RNF43+SOX9+TCF7L2+TGFBR2	same_stage_one_event	FBXW7	1	0.14063075138302564	7.878358150161507e-05	1.1079394263217966e-05
rule_a_one_step	primary::BRAF+FBXW7+RNF43+SOX9+TGFBR2+TP53	primary::BRAF+FBXW7+PIK3CA+RNF43+SOX9+TGFBR2+TP53	same_stage_one_event	PIK3CA	1	0.1279768015664409	7.878358150161507e-05	1.0082470776525715e-05
rule_a_one_step	primary::BRAF+FBXW7+PIK3CA+SOX9+TGFBR2+TP53	primary::BRAF+FBXW7+PIK3CA+RNF43+SOX9+TGFBR2+TP53	same_stage_one_event	RNF43	1	0.33710104852183703	7.878358150161507e-05	2.6558027930500044e-05
rule_a_one_step	primary::BRAF+FBXW7+PIK3CA+RNF43+SOX9+TP53	primary::BRAF+FBXW7+PIK3CA+RNF43+SOX9+TGFBR2+TP53	same_stage_one_event	TGFBR2	1	0.15886767877556787	7.878358150161507e-05	1.2516164718787353e-05
rule_a_one_step	primary::BRAF+PIK3CA+SMAD4+SOX9	primary::BRAF+FBXW7+PIK3CA+SMAD4+SOX9	same_stage_one_event	FBXW7	1	0.09734281857800868	7.878358150161507e-05	7.669015881037476e-06
rule_a_one_step	primary::BRAF+FBXW7+PIK3CA+SMAD4+TP53	primary::BRAF+FBXW7+PIK3CA+SMAD4+SOX9+TP53	same_stage_one_event	SOX9	1	0.043834194672814734	0.0002363507445048452	1.0360244545690082e-05
rule_a_one_step	primary::BRAF+FBXW7+PIK3CA+SMAD4+SOX9	primary::BRAF+FBXW7+PIK3CA+SMAD4+SOX9+TP53	same_stage_one_event	TP53	1	0.0279579857531312	7.878358150161507e-05	2.202630249202805e-06
rule_a_one_step	primary::BRAF+PIK3CA+SOX9+TGFBR2	primary::BRAF+FBXW7+PIK3CA+SOX9+TGFBR2	same_stage_one_event	FBXW7	1	0.09856791059026045	7.878358150161507e-05	7.765533017431691e-06
rule_a_one_step	primary::BRAF+FBXW7+SOX9+TGFBR2	primary::BRAF+FBXW7+PIK3CA+SOX9+TGFBR2	same_stage_one_event	PIK3CA	1	0.18017292466939472	7.878358150161507e-05	1.4194668295075612e-05
rule_a_one_step	primary::BRAF+FBXW7+PIK3CA+SOX9+TGFBR2	primary::BRAF+FBXW7+PIK3CA+SOX9+TGFBR2+TP53	same_stage_one_event	TP53	1	0.026573994198377304	7.878358150161507e-05	2.0935944377513045e-06
rule_a_one_step	primary::BRAF+PTEN+RNF43+SOX9	primary::BRAF+FBXW7+PTEN+RNF43+SOX9	same_stage_one_event	FBXW7	1	0.12434542738649351	7.878358150161507e-05	9.79637811285697e-06
rule_a_one_step	primary::BRAF+FBXW7+RNF43+SOX9	primary::BRAF+FBXW7+PTEN+RNF43+SOX9	same_stage_one_event	PTEN	1	0.08890352690457287	7.878358150161507e-05	7.004138257667445e-06
rule_a_one_step	primary::BRAF+FBXW7+PTEN+RNF43	primary::BRAF+FBXW7+PTEN+RNF43+SOX9	same_stage_one_event	SOX9	1	0.05558161089353333	0.00015756716300323014	8.757836743643478e-06
rule_a_one_step	primary::BRAF+FBXW7+RNF43+SOX9+TGFBR2+TP53	primary::BRAF+FBXW7+PTEN+RNF43+SOX9+TGFBR2+TP53	same_stage_one_event	PTEN	1	0.14054083783867827	7.878358150161507e-05	1.1072310552168777e-05
rule_a_one_step	primary::BRAF+FBXW7+RNF43+TCF7L2	primary::BRAF+FBXW7+PTEN+RNF43+TCF7L2	same_stage_one_event	PTEN	1	0.08041614076263551	7.878358150161507e-05	6.335471579818444e-06
rule_a_one_step	primary::BRAF+FBXW7+PTEN+RNF43	primary::BRAF+FBXW7+PTEN+RNF43+TCF7L2	same_stage_one_event	TCF7L2	1	0.05545021897594833	0.00015756716300323014	8.737133691948055e-06
rule_a_one_step	primary::BRAF+FBXW7+RNF43+TGFBR2	primary::BRAF+FBXW7+PTEN+RNF43+TGFBR2	same_stage_one_event	PTEN	1	0.0962609815064427	7.878358150161507e-05	7.5837848819382896e-06
rule_a_one_step	primary::BRAF+FBXW7+PTEN+RNF43	primary::BRAF+FBXW7+PTEN+RNF43+TGFBR2	same_stage_one_event	TGFBR2	1	0.09175486964954217	0.00015756716300323014	1.4457554502409545e-05
rule_a_one_step	primary::BRAF+PTEN+RNF43+TP53	primary::BRAF+FBXW7+PTEN+RNF43+TP53	same_stage_one_event	FBXW7	1	0.14998187814514555	0.0002363507445048452	3.544832856184012e-05
rule_a_one_step	primary::BRAF+FBXW7+RNF43+TP53	primary::BRAF+FBXW7+PTEN+RNF43+TP53	same_stage_one_event	PTEN	1	0.11445415960641425	0.0004727014890096904	5.410265166930478e-05
rule_a_one_step	primary::BRAF+FBXW7+PTEN+RNF43	primary::BRAF+FBXW7+PTEN+RNF43+TP53	same_stage_one_event	TP53	1	0.006774972057462149	0.00015756716300323014	1.067513126520468e-06
rule_a_one_step	primary::BRAF+PTEN+SMAD4	primary::BRAF+FBXW7+PTEN+SMAD4	same_stage_one_event	FBXW7	1	0.09388624996129238	0.00015756716300323014	1.4793390051412966e-05
rule_a_one_step	primary::BRAF+FBXW7+SMAD4	primary::BRAF+FBXW7+PTEN+SMAD4	same_stage_one_event	PTEN	1	0.08092228878470854	0.0002363507445048452	1.9126043201301948e-05
rule_a_one_step	primary::BRAF+FBXW7+PTEN	primary::BRAF+FBXW7+PTEN+SMAD4	same_stage_one_event	SMAD4	1	0.05991498242695927	0.0002363507445048452	1.416095070360654e-05
rule_a_one_step	primary::BRAF+PTEN+SMAD4+TP53	primary::BRAF+FBXW7+PTEN+SMAD4+TP53	same_stage_one_event	FBXW7	1	0.11356901179986542	0.00039391790750807534	4.4736867485962905e-05
rule_a_one_step	primary::BRAF+FBXW7+SMAD4+TP53	primary::BRAF+FBXW7+PTEN+SMAD4+TP53	same_stage_one_event	PTEN	1	0.1149326858996184	0.00015756716300323014	1.8109617253544222e-05
rule_a_one_step	primary::BRAF+FBXW7+PTEN+SMAD4	primary::BRAF+FBXW7+PTEN+SMAD4+TP53	same_stage_one_event	TP53	1	0.03481772282875423	7.878358150161507e-05	2.7430649041798024e-06
rule_a_one_step	primary::BRAF+RNF43+SOX9	primary::BRAF+FBXW7+RNF43+SOX9	same_stage_one_event	FBXW7	1	0.09555593578352403	0.00015756716300323014	1.5056477709528723e-05
rule_a_one_step	primary::BRAF+FBXW7+RNF43	primary::BRAF+FBXW7+RNF43+SOX9	same_stage_one_event	SOX9	1	0.06513455209795387	0.0002363507445048452	1.539459988134102e-05
rule_a_one_step	primary::FBXW7+RNF43+SOX9+TGFBR2+TP53	primary::BRAF+FBXW7+RNF43+SOX9+TGFBR2+TP53	same_stage_one_event	BRAF	1	0.18924199181985502	7.878358150161507e-05	1.490916188606752e-05
rule_a_one_step	primary::BRAF+RNF43+SOX9+TGFBR2+TP53	primary::BRAF+FBXW7+RNF43+SOX9+TGFBR2+TP53	same_stage_one_event	FBXW7	1	0.1371356291397611	7.878358150161507e-05	1.0804036015107628e-05
rule_a_one_step	primary::BRAF+FBXW7+RNF43+TGFBR2+TP53	primary::BRAF+FBXW7+RNF43+SOX9+TGFBR2+TP53	same_stage_one_event	SOX9	1	0.06514235013396892	7.878358150161507e-05	5.132147650986286e-06
rule_a_one_step	primary::BRAF+RNF43+TCF7L2	primary::BRAF+FBXW7+RNF43+TCF7L2	same_stage_one_event	FBXW7	1	0.08561837433459679	7.878358150161507e-05	6.745322172425494e-06
rule_a_one_step	primary::BRAF+FBXW7+RNF43	primary::BRAF+FBXW7+RNF43+TCF7L2	same_stage_one_event	TCF7L2	1	0.057871807147386566	0.0002363507445048452	1.3678044705125637e-05
rule_a_one_step	primary::BRAF+RNF43+TCF7L2+TGFBR2	primary::BRAF+FBXW7+RNF43+TCF7L2+TGFBR2	same_stage_one_event	FBXW7	1	0.09711903629808907	7.878358150161507e-05	7.651385511548813e-06
rule_a_one_step	primary::BRAF+FBXW7+RNF43+TGFBR2	primary::BRAF+FBXW7+RNF43+TCF7L2+TGFBR2	same_stage_one_event	TCF7L2	1	0.0664785867004468	7.878358150161507e-05	5.237421153426834e-06
rule_a_one_step	primary::BRAF+FBXW7+RNF43+TCF7L2	primary::BRAF+FBXW7+RNF43+TCF7L2+TGFBR2	same_stage_one_event	TGFBR2	1	0.091890308589577	7.878358150161507e-05	7.239447615975499e-06
rule_a_one_step	primary::BRAF+RNF43+TCF7L2+TP53	primary::BRAF+FBXW7+RNF43+TCF7L2+TP53	same_stage_one_event	FBXW7	1	0.10710997780843848	7.878358150161507e-05	8.438507666307294e-06
rule_a_one_step	primary::BRAF+FBXW7+RNF43+TP53	primary::BRAF+FBXW7+RNF43+TCF7L2+TP53	same_stage_one_event	TCF7L2	1	0.05158615615016732	0.0004727014890096904	2.438485282447049e-05
rule_a_one_step	primary::BRAF+FBXW7+RNF43+TCF7L2	primary::BRAF+FBXW7+RNF43+TCF7L2+TP53	same_stage_one_event	TP53	1	0.026112359975156946	7.878358150161507e-05	2.0572252403022887e-06
rule_a_one_step	primary::BRAF+FBXW7+RNF43	primary::BRAF+FBXW7+RNF43+TGFBR2	same_stage_one_event	TGFBR2	1	0.09597350932358446	0.0002363507445048452	2.268341038137189e-05
rule_a_one_step	primary::BRAF+RNF43+TGFBR2+TP53	primary::BRAF+FBXW7+RNF43+TGFBR2+TP53	same_stage_one_event	FBXW7	1	0.12641060227603898	0.00015756716300323014	1.9918159974165128e-05
rule_a_one_step	primary::BRAF+FBXW7+RNF43+TP53	primary::BRAF+FBXW7+RNF43+TGFBR2+TP53	same_stage_one_event	TGFBR2	1	0.08890524783897452	0.0004727014890096904	4.2025643034258814e-05
rule_a_one_step	primary::BRAF+FBXW7+RNF43+TGFBR2	primary::BRAF+FBXW7+RNF43+TGFBR2+TP53	same_stage_one_event	TP53	1	0.03238634826665148	7.878358150161507e-05	2.5515125082054268e-06
rule_a_one_step	primary::FBXW7+SOX9+TP53	primary::BRAF+FBXW7+SOX9+TP53	same_stage_one_event	BRAF	1	0.13632193824208955	0.00015756716300323014	2.1479861063907596e-05
rule_a_one_step	primary::BRAF+SOX9+TP53	primary::BRAF+FBXW7+SOX9+TP53	same_stage_one_event	FBXW7	1	0.07111252985453798	7.878358150161507e-05	5.602499791581027e-06
rule_a_one_step	primary::BRAF+FBXW7+TP53	primary::BRAF+FBXW7+SOX9+TP53	same_stage_one_event	SOX9	1	0.0359847610476555	0.0008666193965177657	3.118509190295521e-05
rule_a_one_step	primary::KRAS	primary::BRAF+KRAS	same_stage_one_event	BRAF	1	0.015723353767343753	0.008508626802174428	0.00013378414928489133
rule_a_one_step	primary::BRAF	primary::BRAF+KRAS	same_stage_one_event	KRAS	1	0.023724458546135807	0.005120932797604979	0.0001214913578743266
rule_a_one_step	primary::BRAF+KRAS+PIK3CA+PTEN+SMAD4+TP53	primary::BRAF+KRAS+NRAS+PIK3CA+PTEN+SMAD4+TP53	same_stage_one_event	NRAS	1	0.00624398866893021	7.878358150161507e-05	4.919237901938241e-07
rule_a_one_step	primary::KRAS+PIK3CA+PTEN	primary::BRAF+KRAS+PIK3CA+PTEN	same_stage_one_event	BRAF	1	0.02137486153760124	0.0004727014890096904	1.0103928876200066e-05
rule_a_one_step	primary::BRAF+PIK3CA+PTEN	primary::BRAF+KRAS+PIK3CA+PTEN	same_stage_one_event	KRAS	1	0.0372970313811931	0.0002363507445048452	8.815181134765564e-06
rule_a_one_step	primary::BRAF+KRAS+PTEN	primary::BRAF+KRAS+PIK3CA+PTEN	same_stage_one_event	PIK3CA	1	0.26623250767446605	0.00015756716300323014	4.194950093350131e-05
rule_a_one_step	primary::BRAF+KRAS+PIK3CA	primary::BRAF+KRAS+PIK3CA+PTEN	same_stage_one_event	PTEN	1	0.11360336026687212	0.00015756716300323014	1.7900159184884917e-05
rule_a_one_step	primary::KRAS+PIK3CA+PTEN+SMAD4+TP53	primary::BRAF+KRAS+PIK3CA+PTEN+SMAD4+TP53	same_stage_one_event	BRAF	1	0.03934232698725762	0.0003151343260064603	1.2398117698655203e-05
rule_a_one_step	primary::BRAF+PIK3CA+PTEN+SMAD4+TP53	primary::BRAF+KRAS+PIK3CA+PTEN+SMAD4+TP53	same_stage_one_event	KRAS	1	0.08304358105331139	0.00015756716300323014	1.308494147219907e-05
rule_a_one_step	primary::BRAF+KRAS+PIK3CA+SMAD4+TP53	primary::BRAF+KRAS+PIK3CA+PTEN+SMAD4+TP53	same_stage_one_event	PTEN	1	0.16243433481447184	7.878358150161507e-05	1.2797158655516572e-05
rule_a_one_step	primary::BRAF+KRAS+PIK3CA+PTEN+TP53	primary::BRAF+KRAS+PIK3CA+PTEN+SMAD4+TP53	same_stage_one_event	SMAD4	1	0.17685431565920665	7.878358150161507e-05	1.3933216391649466e-05
rule_a_one_step	primary::KRAS+PIK3CA+PTEN+TP53	primary::BRAF+KRAS+PIK3CA+PTEN+TP53	same_stage_one_event	BRAF	1	0.032619199014567814	0.0005514850705113054	1.7989001268571236e-05
rule_a_one_step	primary::BRAF+PIK3CA+PTEN+TP53	primary::BRAF+KRAS+PIK3CA+PTEN+TP53	same_stage_one_event	KRAS	1	0.06798280271129581	0.0004727014890096904	3.2135572068681546e-05
rule_a_one_step	primary::BRAF+KRAS+PTEN+TP53	primary::BRAF+KRAS+PIK3CA+PTEN+TP53	same_stage_one_event	PIK3CA	1	0.19032722837244645	7.878358150161507e-05	1.4994660708457139e-05
rule_a_one_step	primary::BRAF+KRAS+PIK3CA+TP53	primary::BRAF+KRAS+PIK3CA+PTEN+TP53	same_stage_one_event	PTEN	1	0.1267846928769738	0.0002363507445048452	2.9965656553290903e-05
rule_a_one_step	primary::BRAF+KRAS+PIK3CA+PTEN	primary::BRAF+KRAS+PIK3CA+PTEN+TP53	same_stage_one_event	TP53	1	0.0012725670659865461	7.878358150161507e-05	1.0025739115942223e-07
rule_a_one_step	primary::KRAS+PIK3CA+RNF43	primary::BRAF+KRAS+PIK3CA+RNF43	same_stage_one_event	BRAF	1	0.02368743747056565	7.878358150161507e-05	1.8661811605267197e-06
rule_a_one_step	primary::BRAF+PIK3CA+RNF43	primary::BRAF+KRAS+PIK3CA+RNF43	same_stage_one_event	KRAS	1	0.016189867618715985	0.0003151343260064603	5.101983020157878e-06
rule_a_one_step	primary::BRAF+KRAS+PIK3CA	primary::BRAF+KRAS+PIK3CA+RNF43	same_stage_one_event	RNF43	1	0.14784977869677834	0.00015756716300323014	2.3296270179906776e-05
rule_a_one_step	primary::KRAS+PIK3CA+SMAD4+TP53	primary::BRAF+KRAS+PIK3CA+SMAD4+TP53	same_stage_one_event	BRAF	1	0.038860361137412064	0.0005514850705113054	2.1430909001960485e-05
rule_a_one_step	primary::BRAF+PIK3CA+SMAD4+TP53	primary::BRAF+KRAS+PIK3CA+SMAD4+TP53	same_stage_one_event	KRAS	1	0.08350146363929473	0.00015756716300323014	1.3157088732261047e-05
rule_a_one_step	primary::BRAF+KRAS+SMAD4+TP53	primary::BRAF+KRAS+PIK3CA+SMAD4+TP53	same_stage_one_event	PIK3CA	1	0.18522357927832417	7.878358150161507e-05	1.4592576954094713e-05
rule_a_one_step	primary::BRAF+KRAS+PIK3CA+TP53	primary::BRAF+KRAS+PIK3CA+SMAD4+TP53	same_stage_one_event	SMAD4	1	0.1656502311647376	0.0002363507445048452	3.915155546318544e-05
rule_a_one_step	primary::KRAS+PTEN+TP53	primary::BRAF+KRAS+PTEN+TP53	same_stage_one_event	BRAF	1	0.02522084960684609	0.0007878358150161507	1.9869888605409353e-05
rule_a_one_step	primary::BRAF+PTEN+TP53	primary::BRAF+KRAS+PTEN+TP53	same_stage_one_event	KRAS	1	0.055291076357687895	0.001339320885527456	7.405249334914474e-05
rule_a_one_step	primary::BRAF+KRAS+TP53	primary::BRAF+KRAS+PTEN+TP53	same_stage_one_event	PTEN	1	0.09514189133790601	0.0005514850705113054	5.246933265306406e-05
rule_a_one_step	primary::BRAF+KRAS+PTEN	primary::BRAF+KRAS+PTEN+TP53	same_stage_one_event	TP53	1	0.0022902077370508507	0.00015756716300323014	3.6086153581515023e-07
rule_a_one_step	primary::KRAS+RNF43+SMAD4+TP53	primary::BRAF+KRAS+RNF43+SMAD4+TP53	same_stage_one_event	BRAF	1	0.03739673441245579	0.00039391790750807534	1.4731243367389819e-05
rule_a_one_step	primary::BRAF+RNF43+SMAD4+TP53	primary::BRAF+KRAS+RNF43+SMAD4+TP53	same_stage_one_event	KRAS	1	0.035349411287357746	0.0006302686520129206	2.2279625801533286e-05
rule_a_one_step	primary::BRAF+KRAS+SMAD4+TP53	primary::BRAF+KRAS+RNF43+SMAD4+TP53	same_stage_one_event	RNF43	1	0.1691416050776558	7.878358150161507e-05	1.3325581428949485e-05
rule_a_one_step	primary::BRAF+KRAS+RNF43+TP53	primary::BRAF+KRAS+RNF43+SMAD4+TP53	same_stage_one_event	SMAD4	1	0.1554097585713681	7.878358150161507e-05	1.22437373805537e-05
rule_a_one_step	primary::KRAS+RNF43+TP53	primary::BRAF+KRAS+RNF43+TP53	same_stage_one_event	BRAF	1	0.030290519734867252	0.0012605373040258411	3.8182330084131104e-05
rule_a_one_step	primary::BRAF+RNF43+TP53	primary::BRAF+KRAS+RNF43+TP53	same_stage_one_event	KRAS	1	0.029247486317763454	0.0030725596785629874	8.986464715928264e-05
rule_a_one_step	primary::BRAF+KRAS+TP53	primary::BRAF+KRAS+RNF43+TP53	same_stage_one_event	RNF43	1	0.14837590282817606	0.0005514850705113054	8.182709523337528e-05
rule_a_one_step	primary::KRAS+SMAD4+TP53	primary::BRAF+KRAS+SMAD4+TP53	same_stage_one_event	BRAF	1	0.0316460651461282	0.004175529819585598	0.00013213908869020677
rule_a_one_step	primary::BRAF+SMAD4+TP53	primary::BRAF+KRAS+SMAD4+TP53	same_stage_one_event	KRAS	1	0.07161847363836898	0.003387694004569448	0.00024262147376111765
rule_a_one_step	primary::BRAF+KRAS+TP53	primary::BRAF+KRAS+SMAD4+TP53	same_stage_one_event	SMAD4	1	0.18232614990473642	0.0005514850705113054	0.00010055014963626841
rule_a_one_step	primary::KRAS+SOX9+TP53	primary::BRAF+KRAS+SOX9+TP53	same_stage_one_event	BRAF	1	0.026043412425944865	0.00039391790750807534	1.0258966527198009e-05
rule_a_one_step	primary::BRAF+SOX9+TP53	primary::BRAF+KRAS+SOX9+TP53	same_stage_one_event	KRAS	1	0.04059002149289933	7.878358150161507e-05	3.197827266438142e-06
rule_a_one_step	primary::BRAF+KRAS+TP53	primary::BRAF+KRAS+SOX9+TP53	same_stage_one_event	SOX9	1	0.03447412774952283	0.0005514850705113054	1.9011966772761352e-05
rule_a_one_step	primary::NRAS	primary::BRAF+NRAS	same_stage_one_event	BRAF	1	0.06575569367615934	0.0003151343260064603	2.0721876207723738e-05
rule_a_one_step	primary::BRAF	primary::BRAF+NRAS	same_stage_one_event	NRAS	1	0.008400939028249161	0.005120932797604979	4.302064420044083e-05
rule_a_one_step	primary::BRAF+RNF43+TGFBR2+TP53	primary::BRAF+NRAS+RNF43+TGFBR2+TP53	same_stage_one_event	NRAS	1	0.017285603310430806	0.00015756716300323014	2.7236434744238252e-06
rule_a_one_step	primary::BRAF+NRAS+RNF43+TP53	primary::BRAF+NRAS+RNF43+TGFBR2+TP53	same_stage_one_event	TGFBR2	1	0.07757776109075269	7.878358150161507e-05	6.1118538636061375e-06
rule_a_one_step	primary::NRAS+RNF43+TP53	primary::BRAF+NRAS+RNF43+TP53	same_stage_one_event	BRAF	1	0.1303076957932927	0.0003151343260064603	4.106442788727416e-05
rule_a_one_step	primary::BRAF+RNF43+TP53	primary::BRAF+NRAS+RNF43+TP53	same_stage_one_event	NRAS	1	0.015446905094613328	0.0030725596785629874	4.74615377522981e-05
rule_a_one_step	primary::BRAF+NRAS+TP53	primary::BRAF+NRAS+RNF43+TP53	same_stage_one_event	RNF43	1	0.2372311133415352	0.0003151343260064603	7.475966701064689e-05
rule_a_one_step	primary::BRAF+PIK3CA+RNF43+SOX9+TGFBR2	primary::BRAF+PIK3CA+PTEN+RNF43+SOX9+TGFBR2	same_stage_one_event	PTEN	1	0.11102308970492489	7.878358150161507e-05	8.746796636329071e-06
rule_a_one_step	primary::BRAF+PTEN+SMAD4	primary::BRAF+PIK3CA+PTEN+SMAD4	same_stage_one_event	PIK3CA	1	0.1797389992166944	0.00015756716300323014	2.832096418761434e-05
rule_a_one_step	primary::BRAF+PIK3CA+SMAD4	primary::BRAF+PIK3CA+PTEN+SMAD4	same_stage_one_event	PTEN	1	0.1002407508052087	0.0002363507445048452	2.3691976082535735e-05
rule_a_one_step	primary::BRAF+PIK3CA+PTEN	primary::BRAF+PIK3CA+PTEN+SMAD4	same_stage_one_event	SMAD4	1	0.07769252829116806	0.0002363507445048452	1.836268690408132e-05
rule_a_one_step	primary::BRAF+RNF43+SOX9	primary::BRAF+PIK3CA+RNF43+SOX9	same_stage_one_event	PIK3CA	1	0.1200994725984931	0.00015756716300323014	1.8923733175528734e-05
rule_a_one_step	primary::BRAF+PIK3CA+SOX9	primary::BRAF+PIK3CA+RNF43+SOX9	same_stage_one_event	RNF43	1	0.21892221868661188	0.0002363507445048452	5.174242937523325e-05
rule_a_one_step	primary::BRAF+PIK3CA+RNF43	primary::BRAF+PIK3CA+RNF43+SOX9	same_stage_one_event	SOX9	1	0.05814754650328213	0.0003151343260064603	1.832428787624112e-05
rule_a_one_step	primary::BRAF+PIK3CA+RNF43+SOX9+TGFBR2	primary::BRAF+PIK3CA+RNF43+SOX9+TCF7L2+TGFBR2	same_stage_one_event	TCF7L2	1	0.0731122787474049	7.878358150161507e-05	5.760047171464974e-06
rule_a_one_step	primary::PIK3CA+RNF43+SOX9+TGFBR2	primary::BRAF+PIK3CA+RNF43+SOX9+TGFBR2	same_stage_one_event	BRAF	1	0.13594309876197028	7.878358150161507e-05	1.0710084200895792e-05
rule_a_one_step	primary::BRAF+RNF43+SOX9+TGFBR2	primary::BRAF+PIK3CA+RNF43+SOX9+TGFBR2	same_stage_one_event	PIK3CA	1	0.1424161611402467	0.0003151343260064603	4.488022095335908e-05
rule_a_one_step	primary::BRAF+PIK3CA+SOX9+TGFBR2	primary::BRAF+PIK3CA+RNF43+SOX9+TGFBR2	same_stage_one_event	RNF43	1	0.2371838517551528	7.878358150161507e-05	1.8686193315619067e-05
rule_a_one_step	primary::BRAF+PIK3CA+RNF43+TGFBR2	primary::BRAF+PIK3CA+RNF43+SOX9+TGFBR2	same_stage_one_event	SOX9	1	0.06666102427058566	0.0003151343260064603	2.1007176954411303e-05
rule_a_one_step	primary::BRAF+PIK3CA+RNF43+SOX9	primary::BRAF+PIK3CA+RNF43+SOX9+TGFBR2	same_stage_one_event	TGFBR2	1	0.15360216006249663	7.878358150161507e-05	1.2101328296107826e-05
rule_a_one_step	primary::BRAF+RNF43+TCF7L2+TP53	primary::BRAF+PIK3CA+RNF43+TCF7L2+TP53	same_stage_one_event	PIK3CA	1	0.08256631058098572	7.878358150161507e-05	6.504869658944751e-06
rule_a_one_step	primary::BRAF+PIK3CA+RNF43+TP53	primary::BRAF+PIK3CA+RNF43+TCF7L2+TP53	same_stage_one_event	TCF7L2	1	0.04936185798232493	0.0004727014890096904	2.3333423768529868e-05
rule_a_one_step	primary::PIK3CA+SMAD4+SOX9	primary::BRAF+PIK3CA+SMAD4+SOX9	same_stage_one_event	BRAF	1	0.11418143152664703	7.878358150161507e-05	8.995622116650676e-06
rule_a_one_step	primary::BRAF+PIK3CA+SOX9	primary::BRAF+PIK3CA+SMAD4+SOX9	same_stage_one_event	SMAD4	1	0.07779402433165741	0.0002363507445048452	1.8386675568815272e-05
rule_a_one_step	primary::BRAF+PIK3CA+SMAD4	primary::BRAF+PIK3CA+SMAD4+SOX9	same_stage_one_event	SOX9	1	0.048626915375136845	0.0002363507445048452	1.1493007651887697e-05
rule_a_one_step	primary::BRAF+PIK3CA+SOX9	primary::BRAF+PIK3CA+SOX9+TGFBR2	same_stage_one_event	TGFBR2	1	0.032150824293975026	0.0002363507445048452	7.598871258325461e-06
rule_a_one_step	primary::BRAF+SOX9+TP53	primary::BRAF+PIK3CA+SOX9+TP53	same_stage_one_event	PIK3CA	1	0.1026715566663964	7.878358150161507e-05	8.08883295252473e-06
rule_a_one_step	primary::BRAF+PIK3CA+TP53	primary::BRAF+PIK3CA+SOX9+TP53	same_stage_one_event	SOX9	1	0.03195904824525218	0.0020483731190419916	6.54640553357407e-05
rule_a_one_step	primary::BRAF+PIK3CA+SOX9	primary::BRAF+PIK3CA+SOX9+TP53	same_stage_one_event	TP53	1	0.041872987953626734	0.0002363507445048452	9.896711877482092e-06
rule_a_one_step	primary::BRAF+RNF43+SMAD4+TP53	primary::BRAF+PTEN+RNF43+SMAD4+TP53	same_stage_one_event	PTEN	1	0.11493800433550347	0.0006302686520129206	7.244182105759299e-05
rule_a_one_step	primary::BRAF+PTEN+SMAD4+TP53	primary::BRAF+PTEN+RNF43+SMAD4+TP53	same_stage_one_event	RNF43	1	0.24895171773902916	0.00039391790750807534	9.806653972229937e-05
rule_a_one_step	primary::BRAF+PTEN+RNF43+TP53	primary::BRAF+PTEN+RNF43+SMAD4+TP53	same_stage_one_event	SMAD4	1	0.10756562096768699	0.0002363507445048452	2.5423214598838808e-05
rule_a_one_step	primary::BRAF+RNF43+SOX9	primary::BRAF+PTEN+RNF43+SOX9	same_stage_one_event	PTEN	1	0.07712988144725293	0.00015756716300323014	1.2153136602419118e-05
rule_a_one_step	primary::BRAF+RNF43+TGFBR2+TP53	primary::BRAF+PTEN+RNF43+TGFBR2+TP53	same_stage_one_event	PTEN	1	0.1067478626941484	0.00015756716300323014	1.6819957881375313e-05
rule_a_one_step	primary::BRAF+PTEN+RNF43+TP53	primary::BRAF+PTEN+RNF43+TGFBR2+TP53	same_stage_one_event	TGFBR2	1	0.06800301869759222	0.0002363507445048452	1.607256409775283e-05
rule_a_one_step	primary::PTEN+SMAD4+SOX9	primary::BRAF+PTEN+SMAD4+SOX9	same_stage_one_event	BRAF	1	0.1019660666774779	7.878358150161507e-05	8.033251924484197e-06
rule_a_one_step	primary::BRAF+PTEN+SMAD4	primary::BRAF+PTEN+SMAD4+SOX9	same_stage_one_event	SOX9	1	0.04414219498615058	0.00015756716300323014	6.955360432703157e-06
rule_a_one_step	primary::RNF43+SMAD4+SOX9	primary::BRAF+RNF43+SMAD4+SOX9	same_stage_one_event	BRAF	1	0.12205450024531296	7.878358150161507e-05	9.61589066771551e-06
rule_a_one_step	primary::BRAF+RNF43+SOX9	primary::BRAF+RNF43+SMAD4+SOX9	same_stage_one_event	SMAD4	1	0.07023301825487076	0.00015756716300323014	1.1066417435574058e-05
rule_a_one_step	primary::BRAF+RNF43+SMAD4	primary::BRAF+RNF43+SMAD4+SOX9	same_stage_one_event	SOX9	1	0.06553848103676756	0.0003151343260064603	2.0653425049008923e-05
rule_a_one_step	primary::BRAF+RNF43+SOX9+TP53	primary::BRAF+RNF43+SMAD4+SOX9+TP53	same_stage_one_event	SMAD4	1	0.11975183558644281	0.00015756716300323014	1.886895699778505e-05
rule_a_one_step	primary::BRAF+RNF43+SMAD4+TP53	primary::BRAF+RNF43+SMAD4+SOX9+TP53	same_stage_one_event	SOX9	1	0.05761709151223218	0.0006302686520129206	3.6314246600319664e-05
rule_a_one_step	primary::BRAF+RNF43+SMAD4+SOX9	primary::BRAF+RNF43+SMAD4+SOX9+TP53	same_stage_one_event	TP53	1	0.01182755080267874	7.878358150161507e-05	9.318168126273333e-07
rule_a_one_step	primary::BRAF+RNF43+TCF7L2	primary::BRAF+RNF43+SOX9+TCF7L2	same_stage_one_event	SOX9	1	0.03438120808809209	7.878358150161507e-05	2.7086747095321904e-06
rule_a_one_step	primary::BRAF+RNF43+SOX9	primary::BRAF+RNF43+SOX9+TCF7L2	same_stage_one_event	TCF7L2	1	0.05084699854638234	0.00015756716300323014	8.011817308182833e-06
rule_a_one_step	primary::BRAF+RNF43+TGFBR2+TP53	primary::BRAF+RNF43+SOX9+TGFBR2+TP53	same_stage_one_event	SOX9	1	0.053574116280153905	0.00015756716300323014	8.441521512669015e-06
rule_a_one_step	primary::BRAF+RNF43+SOX9+TP53	primary::BRAF+RNF43+SOX9+TGFBR2+TP53	same_stage_one_event	TGFBR2	1	0.1116045305502358	0.00015756716300323014	1.758520925710798e-05
rule_a_one_step	primary::BRAF+RNF43+SOX9+TGFBR2	primary::BRAF+RNF43+SOX9+TGFBR2+TP53	same_stage_one_event	TP53	1	0.012057648565055448	0.0003151343260064603	3.7997789537715113e-06
rule_a_one_step	primary::BRAF+TCF7L2	primary::BRAF+RNF43+TCF7L2	same_stage_one_event	RNF43	1	0.12561285920595774	7.878358150161507e-05	9.89623093090347e-06
rule_a_one_step	primary::BRAF+RNF43	primary::BRAF+RNF43+TCF7L2	same_stage_one_event	TCF7L2	1	0.05016926478023154	0.0005514850705113054	2.7667600524826343e-05
rule_a_one_step	primary::BRAF+RNF43+TCF7L2	primary::BRAF+RNF43+TCF7L2+TGFBR2	same_stage_one_event	TGFBR2	1	0.08006725573525682	7.878358150161507e-05	6.307985167829262e-06
rule_a_one_step	primary::RNF43+TCF7L2+TP53	primary::BRAF+RNF43+TCF7L2+TP53	same_stage_one_event	BRAF	1	0.11675366608074639	7.878358150161507e-05	9.198271967284834e-06
rule_a_one_step	primary::BRAF+TCF7L2+TP53	primary::BRAF+RNF43+TCF7L2+TP53	same_stage_one_event	RNF43	1	0.18989779214364993	7.878358150161507e-05	1.4960828184326003e-05
rule_a_one_step	primary::BRAF+RNF43+TP53	primary::BRAF+RNF43+TCF7L2+TP53	same_stage_one_event	TCF7L2	1	0.04296682430403465	0.0030725596785629874	0.00013201813187247707
rule_a_one_step	primary::BRAF+RNF43+TCF7L2	primary::BRAF+RNF43+TCF7L2+TP53	same_stage_one_event	TP53	1	0.031519874195923704	7.878358150161507e-05	2.4832485776352088e-06
rule_a_one_step	primary::SOX9+TP53	primary::BRAF+SOX9+TP53	same_stage_one_event	BRAF	1	0.12090982152141665	0.0007090522335145356	8.573137900360433e-05
rule_a_one_step	primary::BRAF+TP53	primary::BRAF+SOX9+TP53	same_stage_one_event	SOX9	1	0.031064669106283797	0.010163082013708344	0.0003157127798558741
rule_a_one_step	primary::BRAF+SOX9	primary::BRAF+SOX9+TP53	same_stage_one_event	TP53	1	0.08442807883822795	0.00039391790750807534	3.325773215088157e-05
rule_a_one_step	primary::BRAF	primary::BRAF+TCF7L2	same_stage_one_event	TCF7L2	1	0.01676414618917611	0.005120932797604979	8.584806604399647e-05
rule_a_one_step	primary::TCF7L2+TP53	primary::BRAF+TCF7L2+TP53	same_stage_one_event	BRAF	1	0.08081233161294683	0.00015756716300323014	1.2733369827928281e-05
rule_a_one_step	primary::BRAF+TP53	primary::BRAF+TCF7L2+TP53	same_stage_one_event	TCF7L2	1	0.015968372047017138	0.010163082013708344	0.00016228787473924295
rule_a_one_step	primary::BRAF+TCF7L2	primary::BRAF+TCF7L2+TP53	same_stage_one_event	TP53	1	0.14376670596254035	7.878358150161507e-05	1.1326455996418527e-05
rule_a_one_step	primary::FBXW7+KRAS	primary::CTNNB1+FBXW7+KRAS	same_stage_one_event	CTNNB1	1	0.03010258848246056	0.0006302686520129206	1.8972717864940086e-05
rule_a_one_step	primary::CTNNB1+KRAS	primary::CTNNB1+FBXW7+KRAS	same_stage_one_event	FBXW7	1	0.06384685602007369	0.0007090522335145356	4.5270755863914216e-05
rule_a_one_step	primary::CTNNB1+KRAS+PIK3CA+SOX9	primary::CTNNB1+FBXW7+KRAS+PIK3CA+SOX9	same_stage_one_event	FBXW7	1	0.12472252535047483	0.0002363507445048452	2.9478261723109156e-05
rule_a_one_step	primary::FBXW7+KRAS+RNF43+TCF7L2+TGFBR2	primary::CTNNB1+FBXW7+KRAS+RNF43+TCF7L2+TGFBR2	same_stage_one_event	CTNNB1	1	0.0319788927166558	7.878358150161507e-05	2.5194117006740566e-06
rule_a_one_step	primary::CTNNB1+FBXW7+KRAS+TCF7L2+TGFBR2	primary::CTNNB1+FBXW7+KRAS+RNF43+TCF7L2+TGFBR2	same_stage_one_event	RNF43	1	0.03492872235799956	7.878358150161507e-05	2.751809844638743e-06
rule_a_one_step	primary::CTNNB1+KRAS+SOX9+TP53	primary::CTNNB1+FBXW7+KRAS+SOX9+TP53	same_stage_one_event	FBXW7	1	0.08597520281260822	0.00015756716300323014	1.3546868795810009e-05
rule_a_one_step	primary::CTNNB1+FBXW7+SOX9+TP53	primary::CTNNB1+FBXW7+KRAS+SOX9+TP53	same_stage_one_event	KRAS	1	0.3484343733802401	7.878358150161507e-05	2.745090785316632e-05
rule_a_one_step	primary::CTNNB1+FBXW7+KRAS+TP53	primary::CTNNB1+FBXW7+KRAS+SOX9+TP53	same_stage_one_event	SOX9	1	0.05127073095176873	7.878358150161507e-05	4.0392918105860496e-06
rule_a_one_step	primary::CTNNB1+FBXW7+TCF7L2+TGFBR2	primary::CTNNB1+FBXW7+KRAS+TCF7L2+TGFBR2	same_stage_one_event	KRAS	1	0.12396058219674067	7.878358150161507e-05	9.766058630484573e-06
rule_a_one_step	primary::CTNNB1+FBXW7+KRAS+TCF7L2	primary::CTNNB1+FBXW7+KRAS+TCF7L2+TGFBR2	same_stage_one_event	TGFBR2	1	0.010745270416912065	0.00015756716300323014	1.69310177529537e-06
rule_a_one_step	primary::CTNNB1+FBXW7+KRAS+TP53	primary::CTNNB1+FBXW7+KRAS+TCF7L2+TP53	same_stage_one_event	TCF7L2	1	0.05250282747778285	7.878358150161507e-05	4.136360787661141e-06
rule_a_one_step	primary::CTNNB1+FBXW7+KRAS+TCF7L2	primary::CTNNB1+FBXW7+KRAS+TCF7L2+TP53	same_stage_one_event	TP53	1	0.021947646675808768	0.00015756716300323014	3.4582284213044625e-06
rule_a_one_step	primary::FBXW7+KRAS+TP53	primary::CTNNB1+FBXW7+KRAS+TP53	same_stage_one_event	CTNNB1	1	0.029447331189207147	0.0022847238635468367	6.727902028574862e-05
rule_a_one_step	primary::CTNNB1+KRAS+TP53	primary::CTNNB1+FBXW7+KRAS+TP53	same_stage_one_event	FBXW7	1	0.08142921914893765	0.0010241865595209958	8.339871180463164e-05
rule_a_one_step	primary::CTNNB1+FBXW7+TP53	primary::CTNNB1+FBXW7+KRAS+TP53	same_stage_one_event	KRAS	1	0.431466874660958	0.0002363507445048452	0.00010197751705529615
rule_a_one_step	primary::CTNNB1+FBXW7+KRAS	primary::CTNNB1+FBXW7+KRAS+TP53	same_stage_one_event	TP53	1	0.04051304648833947	7.878358150161507e-05	3.191762899892813e-06
rule_a_one_step	primary::FBXW7+PIK3CA+TP53	primary::CTNNB1+FBXW7+PIK3CA+TP53	same_stage_one_event	CTNNB1	1	0.018604782615958528	0.00039391790750807534	7.3287570377209995e-06
rule_a_one_step	primary::CTNNB1+PIK3CA+TP53	primary::CTNNB1+FBXW7+PIK3CA+TP53	same_stage_one_event	FBXW7	1	0.05824881370630477	0.00015756716300323014	9.178100324006109e-06
rule_a_one_step	primary::CTNNB1+FBXW7+TP53	primary::CTNNB1+FBXW7+PIK3CA+TP53	same_stage_one_event	PIK3CA	1	0.0863712205358134	0.0002363507445048452	2.0413902277431673e-05
rule_a_one_step	primary::CTNNB1+FBXW7+SOX9+TP53	primary::CTNNB1+FBXW7+PTEN+SOX9+TP53	same_stage_one_event	PTEN	1	0.04983422233787497	7.878358150161507e-05	3.926118517125579e-06
rule_a_one_step	primary::FBXW7+SOX9+TP53	primary::CTNNB1+FBXW7+SOX9+TP53	same_stage_one_event	CTNNB1	1	0.018901759724400953	0.00015756716300323014	2.978296655542575e-06
rule_a_one_step	primary::CTNNB1+SOX9+TP53	primary::CTNNB1+FBXW7+SOX9+TP53	same_stage_one_event	FBXW7	1	0.0559386633058058	7.878358150161507e-05	4.407048239644355e-06
rule_a_one_step	primary::CTNNB1+FBXW7+TP53	primary::CTNNB1+FBXW7+SOX9+TP53	same_stage_one_event	SOX9	1	0.025202821643111373	0.0002363507445048452	5.956705658972199e-06
rule_a_one_step	primary::KRAS+PIK3CA+PTEN	primary::CTNNB1+KRAS+PIK3CA+PTEN	same_stage_one_event	CTNNB1	1	0.05437219242927029	0.0004727014890096904	2.5701816322037484e-05
rule_a_one_step	primary::CTNNB1+PIK3CA+PTEN	primary::CTNNB1+KRAS+PIK3CA+PTEN	same_stage_one_event	KRAS	1	0.3090271003033949	0.0002363507445048452	7.303878522888086e-05
rule_a_one_step	primary::CTNNB1+KRAS+PTEN	primary::CTNNB1+KRAS+PIK3CA+PTEN	same_stage_one_event	PIK3CA	1	0.3313311401143424	7.878358150161507e-05	2.6103453881221335e-05
rule_a_one_step	primary::CTNNB1+KRAS+PIK3CA	primary::CTNNB1+KRAS+PIK3CA+PTEN	same_stage_one_event	PTEN	1	0.08879446526459622	0.0009454029780193808	8.394655189278774e-05
rule_a_one_step	primary::CTNNB1+KRAS+PIK3CA+PTEN+TP53	primary::CTNNB1+KRAS+PIK3CA+PTEN+SOX9+TP53	same_stage_one_event	SOX9	1	0.048402315668659365	0.0003151343260064603	1.5253231125394901e-05
rule_a_one_step	primary::KRAS+PIK3CA+RNF43	primary::CTNNB1+KRAS+PIK3CA+RNF43	same_stage_one_event	CTNNB1	1	0.042112262570268046	7.878358150161507e-05	3.3177548704221263e-06
rule_a_one_step	primary::CTNNB1+KRAS+PIK3CA	primary::CTNNB1+KRAS+PIK3CA+RNF43	same_stage_one_event	RNF43	1	0.05300664203849995	0.0009454029780193808	5.011263723800516e-05
rule_a_one_step	primary::KRAS+PIK3CA+RNF43+TP53	primary::CTNNB1+KRAS+PIK3CA+RNF43+TP53	same_stage_one_event	CTNNB1	1	0.03797021430949254	7.878358150161507e-05	2.991429473685696e-06
rule_a_one_step	primary::CTNNB1+KRAS+RNF43+TP53	primary::CTNNB1+KRAS+PIK3CA+RNF43+TP53	same_stage_one_event	PIK3CA	1	0.15853971313634588	7.878358150161507e-05	1.249032641111998e-05
rule_a_one_step	primary::CTNNB1+KRAS+PIK3CA+TP53	primary::CTNNB1+KRAS+PIK3CA+RNF43+TP53	same_stage_one_event	RNF43	1	0.06951695313580757	0.0009454029780193808	6.57215345174262e-05
rule_a_one_step	primary::CTNNB1+KRAS+PIK3CA+RNF43	primary::CTNNB1+KRAS+PIK3CA+RNF43+TP53	same_stage_one_event	TP53	1	0.0037835233682407743	7.878358150161507e-05	2.980795216450622e-07
rule_a_one_step	primary::KRAS+PIK3CA+SMAD4	primary::CTNNB1+KRAS+PIK3CA+SMAD4	same_stage_one_event	CTNNB1	1	0.04258062825608194	0.001102970141022611	4.696516155244207e-05
rule_a_one_step	primary::CTNNB1+KRAS+SMAD4	primary::CTNNB1+KRAS+PIK3CA+SMAD4	same_stage_one_event	PIK3CA	1	0.301152030467732	7.878358150161507e-05	2.3725835536731427e-05
rule_a_one_step	primary::CTNNB1+KRAS+PIK3CA	primary::CTNNB1+KRAS+PIK3CA+SMAD4	same_stage_one_event	SMAD4	1	0.10456748872566049	0.0009454029780193808	9.885841524524746e-05
rule_a_one_step	primary::KRAS+PIK3CA+SMAD4+TP53	primary::CTNNB1+KRAS+PIK3CA+SMAD4+TP53	same_stage_one_event	CTNNB1	1	0.04022815907577977	0.0005514850705113054	2.218522914444642e-05
rule_a_one_step	primary::CTNNB1+KRAS+SMAD4+TP53	primary::CTNNB1+KRAS+PIK3CA+SMAD4+TP53	same_stage_one_event	PIK3CA	1	0.24782020041846944	0.0003151343260064603	7.809665182966027e-05
rule_a_one_step	primary::CTNNB1+KRAS+PIK3CA+TP53	primary::CTNNB1+KRAS+PIK3CA+SMAD4+TP53	same_stage_one_event	SMAD4	1	0.16624367114183167	0.0009454029780193808	0.00015716726177436225
rule_a_one_step	primary::CTNNB1+KRAS+PIK3CA+SMAD4	primary::CTNNB1+KRAS+PIK3CA+SMAD4+TP53	same_stage_one_event	TP53	1	0.02385548840998848	7.878358150161507e-05	1.879420815409161e-06
rule_a_one_step	primary::CTNNB1+KRAS+SOX9+TGFBR2	primary::CTNNB1+KRAS+PIK3CA+SOX9+TGFBR2	same_stage_one_event	PIK3CA	1	0.3230520921074031	0.00015756716300323014	5.09024016556217e-05
rule_a_one_step	primary::CTNNB1+KRAS+PIK3CA+SOX9	primary::CTNNB1+KRAS+PIK3CA+SOX9+TGFBR2	same_stage_one_event	TGFBR2	1	0.029564764907055497	0.0002363507445048452	6.987654196893287e-06
rule_a_one_step	primary::KRAS+PTEN	primary::CTNNB1+KRAS+PTEN	same_stage_one_event	CTNNB1	1	0.03932122613478459	0.0005514850705113054	2.1685069167532663e-05
rule_a_one_step	primary::CTNNB1+PTEN	primary::CTNNB1+KRAS+PTEN	same_stage_one_event	KRAS	1	0.2308065287476689	0.00015756716300323014	3.636752993739367e-05
rule_a_one_step	primary::CTNNB1+KRAS	primary::CTNNB1+KRAS+PTEN	same_stage_one_event	PTEN	1	0.05581788279113445	0.0007090522335145356	3.957779446310644e-05
rule_a_one_step	primary::KRAS+PTEN+SMAD4+TP53	primary::CTNNB1+KRAS+PTEN+SMAD4+TP53	same_stage_one_event	CTNNB1	1	0.04575777117331813	0.00015756716300323014	7.2099221891307236e-06
rule_a_one_step	primary::CTNNB1+KRAS+SMAD4+TP53	primary::CTNNB1+KRAS+PTEN+SMAD4+TP53	same_stage_one_event	PTEN	1	0.09580562462231969	0.0003151343260064603	3.019164094298265e-05
rule_a_one_step	primary::CTNNB1+KRAS+PTEN+TP53	primary::CTNNB1+KRAS+PTEN+SMAD4+TP53	same_stage_one_event	SMAD4	1	0.17029207018124995	7.878358150161507e-05	1.3416219190203258e-05
rule_a_one_step	primary::CTNNB1+KRAS+PTEN+TP53	primary::CTNNB1+KRAS+PTEN+TCF7L2+TP53	same_stage_one_event	TCF7L2	1	0.04432753356011711	7.878358150161507e-05	3.4922818529990633e-06
rule_a_one_step	primary::KRAS+PTEN+TP53	primary::CTNNB1+KRAS+PTEN+TP53	same_stage_one_event	CTNNB1	1	0.036875946793143086	0.0007878358150161507	2.905219159626809e-05
rule_a_one_step	primary::CTNNB1+PTEN+TP53	primary::CTNNB1+KRAS+PTEN+TP53	same_stage_one_event	KRAS	1	0.4115450701259443	7.878358150161507e-05	3.242299457385522e-05
rule_a_one_step	primary::CTNNB1+KRAS+TP53	primary::CTNNB1+KRAS+PTEN+TP53	same_stage_one_event	PTEN	1	0.07344532294153225	0.0010241865595209958	7.522171261639637e-05
rule_a_one_step	primary::CTNNB1+KRAS+PTEN	primary::CTNNB1+KRAS+PTEN+TP53	same_stage_one_event	TP53	1	0.008661616720825802	7.878358150161507e-05	6.823931868609315e-07
rule_a_one_step	primary::KRAS+RNF43+SMAD4+TP53	primary::CTNNB1+KRAS+RNF43+SMAD4+TP53	same_stage_one_event	CTNNB1	1	0.03821172051207941	0.00039391790750807534	1.5052280986401722e-05
rule_a_one_step	primary::CTNNB1+KRAS+SMAD4+TP53	primary::CTNNB1+KRAS+RNF43+SMAD4+TP53	same_stage_one_event	RNF43	1	0.059171569211178145	0.0003151343260064603	1.8646992582109242e-05
rule_a_one_step	primary::CTNNB1+KRAS+RNF43+TP53	primary::CTNNB1+KRAS+RNF43+SMAD4+TP53	same_stage_one_event	SMAD4	1	0.12666907075582343	7.878358150161507e-05	9.97944305962526e-06
rule_a_one_step	primary::KRAS+RNF43+TP53	primary::CTNNB1+KRAS+RNF43+TP53	same_stage_one_event	CTNNB1	1	0.03095331389392166	0.0012605373040258411	3.901780684650962e-05
rule_a_one_step	primary::CTNNB1+RNF43+TP53	primary::CTNNB1+KRAS+RNF43+TP53	same_stage_one_event	KRAS	1	0.23376948931560218	7.878358150161507e-05	1.8417197614086678e-05
rule_a_one_step	primary::CTNNB1+KRAS+TP53	primary::CTNNB1+KRAS+RNF43+TP53	same_stage_one_event	RNF43	1	0.0525376489046775	0.0010241865595209958	5.380835387700366e-05
rule_a_one_step	primary::KRAS+SMAD4	primary::CTNNB1+KRAS+SMAD4	same_stage_one_event	CTNNB1	1	0.032003625247121775	0.0016544552115339162	5.294856457807904e-05
rule_a_one_step	primary::CTNNB1+KRAS	primary::CTNNB1+KRAS+SMAD4	same_stage_one_event	SMAD4	1	0.0964131114773249	0.0007090522335145356	6.836193203308312e-05
rule_a_one_step	primary::CTNNB1+KRAS+SOX9	primary::CTNNB1+KRAS+SMAD4+SOX9	same_stage_one_event	SMAD4	1	0.10506296191533208	0.00015756716300323014	1.655447284571529e-05
rule_a_one_step	primary::CTNNB1+KRAS+SMAD4	primary::CTNNB1+KRAS+SMAD4+SOX9	same_stage_one_event	SOX9	1	0.06179331296846786	7.878358150161507e-05	4.868298508506095e-06
rule_a_one_step	primary::CTNNB1+KRAS+SMAD4	primary::CTNNB1+KRAS+SMAD4+TCF7L2	same_stage_one_event	TCF7L2	1	0.04524351124040527	7.878358150161507e-05	3.5644458552277063e-06
rule_a_one_step	primary::CTNNB1+KRAS+TGFBR2+TP53	primary::CTNNB1+KRAS+TCF7L2+TGFBR2+TP53	same_stage_one_event	TCF7L2	1	0.047551186161668736	7.878358150161507e-05	3.7462527504662996e-06
rule_a_one_step	primary::KRAS+TGFBR2	primary::CTNNB1+KRAS+TGFBR2	same_stage_one_event	CTNNB1	1	0.029242277551486232	0.0003151343260064603	9.215245427081457e-06
rule_a_one_step	primary::CTNNB1+KRAS	primary::CTNNB1+KRAS+TGFBR2	same_stage_one_event	TGFBR2	1	0.011591113358542493	0.0007090522335145356	8.218704815794724e-06
rule_a_one_step	primary::KRAS+TGFBR2+TP53	primary::CTNNB1+KRAS+TGFBR2+TP53	same_stage_one_event	CTNNB1	1	0.02786928599947121	0.00015756716300323014	4.39128432986232e-06
rule_a_one_step	primary::CTNNB1+KRAS+TP53	primary::CTNNB1+KRAS+TGFBR2+TP53	same_stage_one_event	TGFBR2	1	0.010374692957974671	0.0010241865595209958	1.0625621086714782e-05
rule_a_one_step	primary::CTNNB1+KRAS+TGFBR2	primary::CTNNB1+KRAS+TGFBR2+TP53	same_stage_one_event	TP53	1	0.03626533422344216	7.878358150161507e-05	2.8571129144758654e-06
rule_a_one_step	primary::NRAS	primary::CTNNB1+NRAS	same_stage_one_event	CTNNB1	1	0.02231174101470141	0.0003151343260064603	7.031195466698625e-06
rule_a_one_step	primary::CTNNB1	primary::CTNNB1+NRAS	same_stage_one_event	NRAS	1	0.012644961419179803	0.00039391790750807534	4.981076742763651e-06
rule_a_one_step	primary::NRAS+PIK3CA	primary::CTNNB1+NRAS+PIK3CA	same_stage_one_event	CTNNB1	1	0.030030024685744207	0.00015756716300323014	4.7317457946496826e-06
rule_a_one_step	primary::CTNNB1+PIK3CA	primary::CTNNB1+NRAS+PIK3CA	same_stage_one_event	NRAS	1	0.02058870613259257	7.878358150161507e-05	1.6220520076099088e-06
rule_a_one_step	primary::CTNNB1+NRAS	primary::CTNNB1+NRAS+PIK3CA	same_stage_one_event	PIK3CA	1	0.14947233561420795	7.878358150161507e-05	1.1775965935098713e-05
rule_a_one_step	primary::PIK3CA	primary::CTNNB1+PIK3CA	same_stage_one_event	CTNNB1	1	0.019390744093012054	0.0018120223745371465	3.5136462155461846e-05
rule_a_one_step	primary::CTNNB1	primary::CTNNB1+PIK3CA	same_stage_one_event	PIK3CA	1	0.07459707627004511	0.00039391790750807534	2.938512419051647e-05
rule_a_one_step	primary::CTNNB1+PIK3CA+SOX9	primary::CTNNB1+PIK3CA+PTEN+SOX9	same_stage_one_event	PTEN	1	0.04992011317734055	7.878358150161507e-05	3.932885305076858e-06
rule_a_one_step	primary::CTNNB1+PIK3CA+PTEN	primary::CTNNB1+PIK3CA+PTEN+SOX9	same_stage_one_event	SOX9	1	0.03260843794304198	0.0002363507445048452	7.707028584978015e-06
rule_a_one_step	primary::CTNNB1+PIK3CA+PTEN+SOX9	primary::CTNNB1+PIK3CA+PTEN+SOX9+TGFBR2	same_stage_one_event	TGFBR2	1	0.017275429701817977	7.878358150161507e-05	1.3610202238885983e-06
rule_a_one_step	primary::PIK3CA+SOX9	primary::CTNNB1+PIK3CA+SOX9	same_stage_one_event	CTNNB1	1	0.024955897085735257	7.878358150161507e-05	1.9661149519999417e-06
rule_a_one_step	primary::CTNNB1+SOX9	primary::CTNNB1+PIK3CA+SOX9	same_stage_one_event	PIK3CA	1	0.12409794782948676	7.878358150161507e-05	9.776880787007546e-06
rule_a_one_step	primary::CTNNB1+PIK3CA	primary::CTNNB1+PIK3CA+SOX9	same_stage_one_event	SOX9	1	0.027335263585260876	7.878358150161507e-05	2.1535699665375306e-06
rule_a_one_step	primary::CTNNB1+PIK3CA	primary::CTNNB1+PIK3CA+TCF7L2	same_stage_one_event	TCF7L2	1	0.031803077720928094	7.878358150161507e-05	2.505560365628937e-06
rule_a_one_step	primary::PTEN+SMAD4	primary::CTNNB1+PTEN+SMAD4	same_stage_one_event	CTNNB1	1	0.03006107521140437	0.00015756716300323014	4.7366383378877135e-06
rule_a_one_step	primary::CTNNB1+PTEN	primary::CTNNB1+PTEN+SMAD4	same_stage_one_event	SMAD4	1	0.048907330727061556	0.00015756716300323014	7.706189352723793e-06
rule_a_one_step	primary::PTEN+TP53	primary::CTNNB1+PTEN+TP53	same_stage_one_event	CTNNB1	1	0.021323488229464456	0.001102970141022611	2.3519170819546394e-05
rule_a_one_step	primary::CTNNB1+TP53	primary::CTNNB1+PTEN+TP53	same_stage_one_event	PTEN	1	0.0357890378478757	0.002205940282045222	7.894848024427004e-05
rule_a_one_step	primary::CTNNB1+PTEN	primary::CTNNB1+PTEN+TP53	same_stage_one_event	TP53	1	0.13083336390684167	0.00015756716300323014	2.0615041976970248e-05
rule_a_one_step	primary::RNF43+TP53	primary::CTNNB1+RNF43+TP53	same_stage_one_event	CTNNB1	1	0.019598753189450233	0.0015756716300323013	3.0881199384621814e-05
rule_a_one_step	primary::CTNNB1+TP53	primary::CTNNB1+RNF43+TP53	same_stage_one_event	RNF43	1	0.04400912082442785	0.002205940282045222	9.708149240400062e-05
rule_a_one_step	primary::CTNNB1+SOX9+TP53	primary::CTNNB1+SMAD4+SOX9+TP53	same_stage_one_event	SMAD4	1	0.08219961168052682	7.878358150161507e-05	6.475979806233895e-06
rule_a_one_step	primary::CTNNB1+SMAD4+TP53	primary::CTNNB1+SMAD4+SOX9+TP53	same_stage_one_event	SOX9	1	0.023924556400613528	0.0002363507445048452	5.654586717233167e-06
rule_a_one_step	primary::SOX9	primary::CTNNB1+SOX9	same_stage_one_event	CTNNB1	1	0.019272948118499677	0.00039391790750807534	7.59195939435109e-06
rule_a_one_step	primary::CTNNB1	primary::CTNNB1+SOX9	same_stage_one_event	SOX9	1	0.019628001378795727	0.00039391790750807534	7.73182123170083e-06
rule_a_one_step	primary::SOX9+TP53	primary::CTNNB1+SOX9+TP53	same_stage_one_event	CTNNB1	1	0.016755272888967505	0.0007090522335145356	1.1880363665067955e-05
rule_a_one_step	primary::CTNNB1+TP53	primary::CTNNB1+SOX9+TP53	same_stage_one_event	SOX9	1	0.02158359409094504	0.002205940282045222	4.7612119636528885e-05
rule_a_one_step	primary::CTNNB1+SOX9	primary::CTNNB1+SOX9+TP53	same_stage_one_event	TP53	1	0.21922794212758653	7.878358150161507e-05	1.7271562446040064e-05
rule_a_one_step	primary::KRAS+PIK3CA+PTEN+TP53	primary::FBXW7+KRAS+PIK3CA+PTEN+TP53	same_stage_one_event	FBXW7	1	0.10415803499656306	0.0005514850705113054	5.7441601274398605e-05
rule_a_one_step	primary::FBXW7+KRAS+PTEN+TP53	primary::FBXW7+KRAS+PIK3CA+PTEN+TP53	same_stage_one_event	PIK3CA	1	0.1754151952543534	0.0002363507445048452	4.1459511995829214e-05
rule_a_one_step	primary::FBXW7+KRAS+PIK3CA+TP53	primary::FBXW7+KRAS+PIK3CA+PTEN+TP53	same_stage_one_event	PTEN	1	0.06670497077067492	0.0007878358150161507	5.255256501274318e-05
rule_a_one_step	primary::KRAS+PIK3CA+RNF43	primary::FBXW7+KRAS+PIK3CA+RNF43	same_stage_one_event	FBXW7	1	0.09963842829834318	7.878358150161507e-05	7.849872236535349e-06
rule_a_one_step	primary::FBXW7+KRAS+RNF43	primary::FBXW7+KRAS+PIK3CA+RNF43	same_stage_one_event	PIK3CA	1	0.18020387680385172	0.00015756716300323014	2.8394213630166508e-05
rule_a_one_step	primary::FBXW7+KRAS+PIK3CA	primary::FBXW7+KRAS+PIK3CA+RNF43	same_stage_one_event	RNF43	1	0.03152117844788196	0.0005514850705113054	1.7383459318929624e-05
rule_a_one_step	primary::KRAS+PIK3CA+SMAD4+SOX9	primary::FBXW7+KRAS+PIK3CA+SMAD4+SOX9	same_stage_one_event	FBXW7	1	0.06593924427014052	7.878358150161507e-05	5.19492982511152e-06
rule_a_one_step	primary::FBXW7+KRAS+PIK3CA+SMAD4	primary::FBXW7+KRAS+PIK3CA+SMAD4+SOX9	same_stage_one_event	SOX9	1	0.04500299797539982	0.0002363507445048452	1.0636492076435788e-05
rule_a_one_step	primary::FBXW7+KRAS+RNF43+SOX9	primary::FBXW7+KRAS+PTEN+RNF43+SOX9	same_stage_one_event	PTEN	1	0.0482464579376225	7.878358150161507e-05	3.8010287510929253e-06
rule_a_one_step	primary::KRAS+RNF43+SOX9	primary::FBXW7+KRAS+RNF43+SOX9	same_stage_one_event	FBXW7	1	0.0735927429756394	7.878358150161507e-05	5.797899864148697e-06
rule_a_one_step	primary::FBXW7+KRAS+SOX9	primary::FBXW7+KRAS+RNF43+SOX9	same_stage_one_event	RNF43	1	0.02564096244301046	7.878358150161507e-05	2.0200868544087657e-06
rule_a_one_step	primary::FBXW7+KRAS+RNF43	primary::FBXW7+KRAS+RNF43+SOX9	same_stage_one_event	SOX9	1	0.057167836355753225	0.00015756716300323014	9.007773789608955e-06
rule_a_one_step	primary::KRAS+SOX9	primary::FBXW7+KRAS+SOX9	same_stage_one_event	FBXW7	1	0.04200827793359133	0.0003151343260064603	1.3238250353294362e-05
rule_a_one_step	primary::FBXW7+KRAS	primary::FBXW7+KRAS+SOX9	same_stage_one_event	SOX9	1	0.03441103260904693	0.0006302686520129206	2.168819513687666e-05
rule_a_one_step	primary::NRAS+TP53	primary::FBXW7+NRAS+TP53	same_stage_one_event	FBXW7	1	0.04883373822546397	0.0017332387930355314	8.464052950131626e-05
rule_a_one_step	primary::FBXW7+TP53	primary::FBXW7+NRAS+TP53	same_stage_one_event	NRAS	1	0.022706600233626112	0.002442291026550067	5.5456125994044705e-05
rule_a_one_step	primary::FBXW7+NRAS	primary::FBXW7+NRAS+TP53	same_stage_one_event	TP53	1	0.1291829517017242	0.00015756716300323014	2.0354991208023983e-05
rule_a_one_step	primary::PIK3CA+PTEN	primary::FBXW7+PIK3CA+PTEN	same_stage_one_event	FBXW7	1	0.06350615964064467	0.0003151343260064603	2.0012970815613227e-05
rule_a_one_step	primary::FBXW7+PTEN	primary::FBXW7+PIK3CA+PTEN	same_stage_one_event	PIK3CA	1	0.11049053717258041	0.00015756716300323014	1.7409680480986435e-05
rule_a_one_step	primary::FBXW7+PIK3CA	primary::FBXW7+PIK3CA+PTEN	same_stage_one_event	PTEN	1	0.028368382470204255	0.0002363507445048452	6.7048883172309755e-06
rule_a_one_step	primary::FBXW7+PIK3CA+PTEN	primary::FBXW7+PIK3CA+PTEN+SMAD4	same_stage_one_event	SMAD4	1	0.028736198537061636	7.878358150161507e-05	2.263940639491187e-06
rule_a_one_step	primary::FBXW7+PTEN+TP53	primary::FBXW7+PTEN+TGFBR2+TP53	same_stage_one_event	TGFBR2	1	0.004166069631070687	0.00015756716300323014	6.564357726417217e-07
rule_a_one_step	primary::RNF43+TP53	primary::FBXW7+RNF43+TP53	same_stage_one_event	FBXW7	1	0.06441650333558807	0.0015756716300323013	0.00010149925681176723
rule_a_one_step	primary::FBXW7+TP53	primary::FBXW7+RNF43+TP53	same_stage_one_event	RNF43	1	0.035077486335068304	0.002442291026550067	8.566943011006991e-05
rule_a_one_step	primary::NRAS+PIK3CA	primary::KRAS+NRAS+PIK3CA	same_stage_one_event	KRAS	1	0.04225577505512475	0.00015756716300323014	6.658122595938667e-06
rule_a_one_step	primary::KRAS+PIK3CA	primary::KRAS+NRAS+PIK3CA	same_stage_one_event	NRAS	1	0.004058344520101436	0.004727014890096904	1.918385497566266e-05
rule_a_one_step	primary::NRAS+PIK3CA+TP53	primary::KRAS+NRAS+PIK3CA+TP53	same_stage_one_event	KRAS	1	0.08561992597197632	0.0005514850705113054	4.721811091182811e-05
rule_a_one_step	primary::KRAS+PIK3CA+TP53	primary::KRAS+NRAS+PIK3CA+TP53	same_stage_one_event	NRAS	1	0.008326242896212564	0.003860395493579138	3.2142590554984294e-05
rule_a_one_step	primary::KRAS+NRAS+TP53	primary::KRAS+NRAS+PIK3CA+TP53	same_stage_one_event	PIK3CA	1	0.13266227352727158	7.878358150161507e-05	1.0451609038625353e-05
rule_a_one_step	primary::KRAS+NRAS+PIK3CA	primary::KRAS+NRAS+PIK3CA+TP53	same_stage_one_event	TP53	1	0.004021372694449383	7.878358150161507e-05	3.168181434215224e-07
rule_a_one_step	primary::KRAS+SMAD4	primary::KRAS+NRAS+SMAD4	same_stage_one_event	NRAS	1	0.0034868522432827723	0.0016544552115339162	5.76884086574791e-06
rule_a_one_step	primary::NRAS+TP53	primary::KRAS+NRAS+TP53	same_stage_one_event	KRAS	1	0.07253654994820831	0.0017332387930355314	0.0001257231622831941
rule_a_one_step	primary::KRAS+TP53	primary::KRAS+NRAS+TP53	same_stage_one_event	NRAS	1	0.006489960665196489	0.014417395414795557	9.356832913660738e-05
rule_a_one_step	primary::KRAS+PTEN+SMAD4	primary::KRAS+PIK3CA+PTEN+SMAD4	same_stage_one_event	PIK3CA	1	0.20650331608856967	0.00015756716300323014	3.253814166683522e-05
rule_a_one_step	primary::KRAS+PIK3CA+SMAD4	primary::KRAS+PIK3CA+PTEN+SMAD4	same_stage_one_event	PTEN	1	0.05356410681642914	0.001102970141022611	5.907961044906704e-05
rule_a_one_step	primary::KRAS+PIK3CA+PTEN	primary::KRAS+PIK3CA+PTEN+SMAD4	same_stage_one_event	SMAD4	1	0.0800184552309519	0.0004727014890096904	3.7824842935926215e-05
rule_a_one_step	primary::KRAS+PIK3CA+SOX9	primary::KRAS+PIK3CA+PTEN+SOX9	same_stage_one_event	PTEN	1	0.049035909232808324	0.0002363507445048452	1.158967365464626e-05
rule_a_one_step	primary::KRAS+PIK3CA+PTEN	primary::KRAS+PIK3CA+PTEN+SOX9	same_stage_one_event	SOX9	1	0.03291390566419891	0.0004727014890096904	1.5558452216591307e-05
rule_a_one_step	primary::PIK3CA+RNF43	primary::KRAS+PIK3CA+RNF43	same_stage_one_event	KRAS	1	0.1220804127138936	7.878358150161507e-05	9.617932144795841e-06
rule_a_one_step	primary::KRAS+RNF43	primary::KRAS+PIK3CA+RNF43	same_stage_one_event	PIK3CA	1	0.16041977287997555	0.00015756716300323014	2.5276888502320264e-05
rule_a_one_step	primary::KRAS+PIK3CA	primary::KRAS+PIK3CA+RNF43	same_stage_one_event	RNF43	1	0.02816982189798106	0.004727014890096904	0.00013315916756313428
rule_a_one_step	primary::PIK3CA+RNF43+TP53	primary::KRAS+PIK3CA+RNF43+TP53	same_stage_one_event	KRAS	1	0.22062726633637272	7.878358150161507e-05	1.7381806218890156e-05
rule_a_one_step	primary::KRAS+RNF43+TP53	primary::KRAS+PIK3CA+RNF43+TP53	same_stage_one_event	PIK3CA	1	0.12038828105956201	0.0012605373040258411	0.00015175391924312552
rule_a_one_step	primary::KRAS+PIK3CA+TP53	primary::KRAS+PIK3CA+RNF43+TP53	same_stage_one_event	RNF43	1	0.038536882531816426	0.003860395493579138	0.00014876760766241275
rule_a_one_step	primary::KRAS+PIK3CA+RNF43	primary::KRAS+PIK3CA+RNF43+TP53	same_stage_one_event	TP53	1	0.002821484119254132	7.878358150161507e-05	2.2228662406477054e-07
rule_a_one_step	primary::PIK3CA+SMAD4+SOX9	primary::KRAS+PIK3CA+SMAD4+SOX9	same_stage_one_event	KRAS	1	0.18647039967190782	7.878358150161507e-05	1.4690805930190485e-05
rule_a_one_step	primary::KRAS+PIK3CA+SOX9	primary::KRAS+PIK3CA+SMAD4+SOX9	same_stage_one_event	SMAD4	1	0.08253947492584734	0.0002363507445048452	1.9508266349763022e-05
rule_a_one_step	primary::KRAS+PIK3CA+SMAD4	primary::KRAS+PIK3CA+SMAD4+SOX9	same_stage_one_event	SOX9	1	0.04135751683960451	0.001102970141022611	4.561610618092359e-05
rule_a_one_step	primary::KRAS+SOX9+TP53	primary::KRAS+PTEN+SOX9+TP53	same_stage_one_event	PTEN	1	0.04558330137919054	0.00039391790750807534	1.79560786966007e-05
rule_a_one_step	primary::KRAS+PTEN+TP53	primary::KRAS+PTEN+SOX9+TP53	same_stage_one_event	SOX9	1	0.023250984970365714	0.0007878358150161507	1.8317958694056342e-05
rule_a_one_step	primary::KRAS+TCF7L2	primary::KRAS+PTEN+TCF7L2	same_stage_one_event	PTEN	1	0.022698328109749498	0.0002363507445048452	5.364766747754549e-06
rule_a_one_step	primary::KRAS+PTEN	primary::KRAS+PTEN+TCF7L2	same_stage_one_event	TCF7L2	1	0.022023021453406247	0.0005514850705113054	1.2145367539103737e-05
rule_a_one_step	primary::KRAS+SOX9	primary::KRAS+RNF43+SOX9	same_stage_one_event	RNF43	1	0.023378291165117023	0.0003151343260064603	7.367302029501938e-06
rule_a_one_step	primary::KRAS+RNF43	primary::KRAS+RNF43+SOX9	same_stage_one_event	SOX9	1	0.0508858283942828	0.00015756716300323014	8.017935617156355e-06
rule_a_one_step	primary::KRAS+TCF7L2	primary::KRAS+RNF43+TCF7L2	same_stage_one_event	RNF43	1	0.014622508398320178	0.0002363507445048452	3.456040746471326e-06
rule_a_one_step	primary::KRAS+RNF43	primary::KRAS+RNF43+TCF7L2	same_stage_one_event	TCF7L2	1	0.06258729070994762	0.00015756716300323014	9.861701837224868e-06
rule_a_one_step	primary::RNF43+TCF7L2+TP53	primary::KRAS+RNF43+TCF7L2+TP53	same_stage_one_event	KRAS	1	0.11537662675794144	7.878358150161507e-05	9.089783877565702e-06
rule_a_one_step	primary::KRAS+TCF7L2+TP53	primary::KRAS+RNF43+TCF7L2+TP53	same_stage_one_event	RNF43	1	0.02140438319385155	0.00039391790750807534	8.431569839223016e-06
rule_a_one_step	primary::KRAS+RNF43+TP53	primary::KRAS+RNF43+TCF7L2+TP53	same_stage_one_event	TCF7L2	1	0.05258366276825656	0.0012605373040258411	6.628366850170212e-05
rule_a_one_step	primary::KRAS+RNF43+TCF7L2	primary::KRAS+RNF43+TCF7L2+TP53	same_stage_one_event	TP53	1	0.0032410557549357776	7.878358150161507e-05	2.553419802202614e-07
rule_a_one_step	primary::KRAS+TGFBR2+TP53	primary::KRAS+SMAD4+TGFBR2+TP53	same_stage_one_event	SMAD4	1	0.12044872612671294	0.00015756716300323014	1.89787640631392e-05
rule_a_one_step	primary::KRAS+SMAD4+TP53	primary::KRAS+SMAD4+TGFBR2+TP53	same_stage_one_event	TGFBR2	1	0.005974530273020898	0.004175529819585598	2.4946829313015644e-05
rule_a_one_step	primary::KRAS+TCF7L2+TP53	primary::KRAS+SOX9+TCF7L2+TP53	same_stage_one_event	SOX9	1	0.011137483687435836	0.00039391790750807534	4.387254269060047e-06
rule_a_one_step	primary::KRAS+SOX9+TP53	primary::KRAS+SOX9+TCF7L2+TP53	same_stage_one_event	TCF7L2	1	0.01827826323418659	0.00039391790750807534	7.200135206092567e-06
rule_a_one_step	primary::PIK3CA+SMAD4	primary::NRAS+PIK3CA+SMAD4	same_stage_one_event	NRAS	1	0.01649586936420738	0.0003151343260064603	5.198414673980109e-06
rule_a_one_step	primary::NRAS+PIK3CA	primary::NRAS+PIK3CA+SMAD4	same_stage_one_event	SMAD4	1	0.0525746674190538	0.00015756716300323014	8.284041191058662e-06
rule_a_one_step	primary::PIK3CA+SMAD4+TP53	primary::NRAS+PIK3CA+SMAD4+TP53	same_stage_one_event	NRAS	1	0.03031549022945506	0.0007090522335145356	2.149526605728319e-05
rule_a_one_step	primary::NRAS+SMAD4+TP53	primary::NRAS+PIK3CA+SMAD4+TP53	same_stage_one_event	PIK3CA	1	0.082557134584346	0.00015756716300323014	1.3008293482131255e-05
rule_a_one_step	primary::NRAS+PIK3CA+TP53	primary::NRAS+PIK3CA+SMAD4+TP53	same_stage_one_event	SMAD4	1	0.0862956505250526	0.0005514850705113054	4.759076291462761e-05
rule_a_one_step	primary::NRAS+PIK3CA+SMAD4	primary::NRAS+PIK3CA+SMAD4+TP53	same_stage_one_event	TP53	1	0.060889612286428745	7.878358150161507e-05	4.7971017321696015e-06
rule_a_one_step	primary::PIK3CA+SOX9	primary::NRAS+PIK3CA+SOX9	same_stage_one_event	NRAS	1	0.01859493339322721	7.878358150161507e-05	1.4649754505024195e-06
rule_a_one_step	primary::NRAS+PIK3CA	primary::NRAS+PIK3CA+SOX9	same_stage_one_event	SOX9	1	0.029567598501529145	0.00015756716300323014	4.658882612704506e-06
rule_a_one_step	primary::PIK3CA+TCF7L2+TP53	primary::NRAS+PIK3CA+TCF7L2+TP53	same_stage_one_event	NRAS	1	0.025164895935929632	0.0002363507445048452	5.947741889843921e-06
rule_a_one_step	primary::NRAS+PIK3CA+TP53	primary::NRAS+PIK3CA+TCF7L2+TP53	same_stage_one_event	TCF7L2	1	0.019097500245308475	0.0005514850705113054	1.0531986269373618e-05
rule_a_one_step	primary::PTEN	primary::NRAS+PTEN	same_stage_one_event	NRAS	1	0.014068679653780966	0.0006302686520129206	8.867047760990131e-06
rule_a_one_step	primary::NRAS	primary::NRAS+PTEN	same_stage_one_event	PTEN	1	0.027956712407861885	0.0003151343260064603	8.810119722008e-06
rule_a_one_step	primary::PTEN+SMAD4	primary::NRAS+PTEN+SMAD4	same_stage_one_event	NRAS	1	0.015818597694788116	0.00015756716300323014	2.4924915614571996e-06
rule_a_one_step	primary::NRAS+PTEN	primary::NRAS+PTEN+SMAD4	same_stage_one_event	SMAD4	1	0.06413043736578707	7.878358150161507e-05	5.052425538941706e-06
rule_a_one_step	primary::PIK3CA+PTEN+RNF43+TGFBR2	primary::PIK3CA+PTEN+RNF43+TGFBR2+TP53	same_stage_one_event	TP53	1	0.005498245961415662	7.878358150161507e-05	4.331715088171167e-07
rule_a_one_step	primary::PTEN+SMAD4+TP53	primary::PIK3CA+PTEN+SMAD4+TP53	same_stage_one_event	PIK3CA	1	0.06046317291851004	7.878358150161507e-05	4.763505311471681e-06
rule_a_one_step	primary::PIK3CA+SMAD4+TP53	primary::PIK3CA+PTEN+SMAD4+TP53	same_stage_one_event	PTEN	1	0.030384029567486034	0.0007090522335145356	2.154386402799766e-05
rule_a_one_step	primary::PIK3CA+PTEN+TP53	primary::PIK3CA+PTEN+SMAD4+TP53	same_stage_one_event	SMAD4	1	0.05406621081171575	0.0002363507445048452	1.2778589177904927e-05
rule_a_one_step	primary::RNF43	primary::PIK3CA+RNF43	same_stage_one_event	PIK3CA	1	0.07736933527851131	0.0004727014890096904	3.657259998984226e-05
rule_a_one_step	primary::PIK3CA	primary::PIK3CA+RNF43	same_stage_one_event	RNF43	1	0.02510837652622918	0.0018120223745371465	4.549694005383055e-05
rule_a_one_step	primary::PIK3CA+RNF43+SOX9+TGFBR2	primary::PIK3CA+RNF43+SMAD4+SOX9+TGFBR2	same_stage_one_event	SMAD4	1	0.03387572939778358	7.878358150161507e-05	2.66885128793694e-06
rule_a_one_step	primary::RNF43+SMAD4+TP53	primary::PIK3CA+RNF43+SMAD4+TP53	same_stage_one_event	PIK3CA	1	0.053223423799622825	0.0008666193965177657	4.612445141383842e-05
rule_a_one_step	primary::PIK3CA+SMAD4+TP53	primary::PIK3CA+RNF43+SMAD4+TP53	same_stage_one_event	RNF43	1	0.030112381896467623	0.0007090522335145356	2.1351251640133033e-05
rule_a_one_step	primary::PIK3CA+RNF43+TP53	primary::PIK3CA+RNF43+SMAD4+TP53	same_stage_one_event	SMAD4	1	0.05421197415239052	7.878358150161507e-05	4.271013483998308e-06
rule_a_one_step	primary::PIK3CA+RNF43	primary::PIK3CA+RNF43+TCF7L2	same_stage_one_event	TCF7L2	1	0.05169624720077679	7.878358150161507e-05	4.072815504670038e-06
rule_a_one_step	primary::RNF43+TP53	primary::PIK3CA+RNF43+TP53	same_stage_one_event	PIK3CA	1	0.053909729041917535	0.0015756716300323013	8.49440306340779e-05
rule_a_one_step	primary::PIK3CA+TP53	primary::PIK3CA+RNF43+TP53	same_stage_one_event	RNF43	1	0.03233900801364434	0.002914992515559757	9.426796632040025e-05
rule_a_one_step	primary::PIK3CA+RNF43	primary::PIK3CA+RNF43+TP53	same_stage_one_event	TP53	1	0.04568905991165335	7.878358150161507e-05	3.5995477752819152e-06
rule_a_one_step	primary::PIK3CA+SOX9	primary::PIK3CA+SMAD4+SOX9	same_stage_one_event	SMAD4	1	0.04362084471393377	7.878358150161507e-05	3.436606374689496e-06
rule_a_one_step	primary::PIK3CA+SMAD4	primary::PIK3CA+SMAD4+SOX9	same_stage_one_event	SOX9	1	0.021857828848893767	0.0003151343260064603	6.888152162260701e-06
rule_a_one_step	primary::SOX9	primary::PIK3CA+SOX9	same_stage_one_event	PIK3CA	1	0.08507309109101933	0.00039391790750807534	3.351181402781822e-05
rule_a_one_step	primary::PIK3CA	primary::PIK3CA+SOX9	same_stage_one_event	SOX9	1	0.019291896578162524	0.0018120223745371465	3.495734824688711e-05
rule_a_one_step	primary::PTEN+SMAD4	primary::PTEN+SMAD4+SOX9	same_stage_one_event	SOX9	1	0.02189364556534508	0.00015756716300323014	3.449719619529675e-06
rule_a_one_step	primary::SMAD4+TP53	primary::PTEN+SMAD4+TP53	same_stage_one_event	PTEN	1	0.02775839171389551	0.003781611912077523	0.00010497146476538127
rule_a_one_step	primary::PTEN+TP53	primary::PTEN+SMAD4+TP53	same_stage_one_event	SMAD4	1	0.07015530531908108	0.001102970141022611	7.737920700127119e-05
rule_a_one_step	primary::PTEN+SMAD4	primary::PTEN+SMAD4+TP53	same_stage_one_event	TP53	1	0.06917626211427379	0.00015756716300323014	1.0899907368513952e-05
rule_a_one_step	primary::TCF7L2+TP53	primary::RNF43+TCF7L2+TP53	same_stage_one_event	RNF43	1	0.02750580351390361	0.00015756716300323014	4.334011425810071e-06
rule_a_one_step	primary::RNF43+TP53	primary::RNF43+TCF7L2+TP53	same_stage_one_event	TCF7L2	1	0.03324175146118634	0.0015756716300323013	5.2378084709976113e-05
rule_a_one_step	primary::RNF43+TP53	primary::RNF43+TGFBR2+TP53	same_stage_one_event	TGFBR2	1	0.0241515870148632	0.0015756716300323013	3.805497047957646e-05
rule_a_one_step	unknown::APC+KRAS	unknown::APC+ARID1A+KRAS	same_stage_one_event	ARID1A	1	0.05873116091565022	0.0002363507445048452	1.3881153608047795e-05
rule_a_one_step	unknown::APC+KRAS+TP53	unknown::APC+ARID1A+KRAS+TP53	same_stage_one_event	ARID1A	1	0.07663750398115846	0.0006302686520129206	4.830221632783957e-05
rule_a_one_step	unknown::APC+ARID1A+KRAS	unknown::APC+ARID1A+KRAS+TP53	same_stage_one_event	TP53	1	0.08322916270630071	7.878358150161507e-05	6.557091523383023e-06
rule_a_one_step	unknown::BRAF	unknown::APC+BRAF	same_stage_one_event	APC	1	0.1949605890168283	7.878358150161507e-05	1.5359693454410173e-05
rule_a_one_step	unknown::APC	unknown::APC+BRAF	same_stage_one_event	BRAF	1	0.0027010863620153098	0.0002363507445048452	6.384037726342023e-07
rule_a_one_step	unknown::APC+BRAF	unknown::APC+BRAF+SMAD4	same_stage_one_event	SMAD4	1	0.01861434324529663	7.878358150161507e-05	1.466504628164865e-06
rule_a_one_step	unknown::BRAF+SMAD4+TP53	unknown::APC+BRAF+SMAD4+TP53	same_stage_one_event	APC	1	0.24967665783288537	7.878358150161507e-05	1.967042132142798e-05
rule_a_one_step	unknown::APC+BRAF+TP53	unknown::APC+BRAF+SMAD4+TP53	same_stage_one_event	SMAD4	1	0.11181061571994257	0.0002363507445048452	2.6426522268953573e-05
rule_a_one_step	unknown::APC+BRAF+SMAD4	unknown::APC+BRAF+SMAD4+TP53	same_stage_one_event	TP53	1	0.691276227651214	7.878358150161507e-05	5.446121702128843e-05
rule_a_one_step	unknown::APC+KRAS+SMAD4+TP53	unknown::APC+CTNNB1+KRAS+SMAD4+TP53	same_stage_one_event	CTNNB1	1	0.04789675452017864	0.0002363507445048452	1.1320433590210031e-05
rule_a_one_step	unknown::APC+FBXW7+KRAS+TP53	unknown::APC+FBXW7+KRAS+PTEN+TP53	same_stage_one_event	PTEN	1	0.039010850436781555	0.00015756716300323014	6.146829029666991e-06
rule_a_one_step	unknown::APC+FBXW7+KRAS+TP53	unknown::APC+FBXW7+KRAS+SOX9+TP53	same_stage_one_event	SOX9	1	0.1800153488182076	0.00015756716300323014	2.836450781032185e-05
rule_a_one_step	unknown::APC+NRAS+TP53	unknown::APC+FBXW7+NRAS+TP53	same_stage_one_event	FBXW7	1	0.13453445992682544	0.00015756716300323014	2.1198213176841637e-05
rule_a_one_step	unknown::APC+FBXW7+TP53	unknown::APC+FBXW7+NRAS+TP53	same_stage_one_event	NRAS	1	0.05080393638394671	7.878358150161507e-05	4.002516062707533e-06
rule_a_one_step	unknown::APC+TP53	unknown::APC+FBXW7+TP53	same_stage_one_event	FBXW7	1	0.06630270153651827	0.0008666193965177657	5.7459207193074993e-05
rule_a_one_step	unknown::APC+KRAS+SMAD4	unknown::APC+KRAS+NRAS+SMAD4	same_stage_one_event	NRAS	1	0.007859211156815859	7.878358150161507e-05	6.191768027114046e-07
rule_a_one_step	unknown::APC+NRAS+SMAD4+TP53	unknown::APC+KRAS+NRAS+SMAD4+TP53	same_stage_one_event	KRAS	1	0.19017818115259125	7.878358150161507e-05	1.4982918234664087e-05
rule_a_one_step	unknown::APC+KRAS+SMAD4+TP53	unknown::APC+KRAS+NRAS+SMAD4+TP53	same_stage_one_event	NRAS	1	0.024563006443042542	0.0002363507445048452	5.805484860090414e-06
rule_a_one_step	unknown::APC+KRAS+NRAS+SMAD4	unknown::APC+KRAS+NRAS+SMAD4+TP53	same_stage_one_event	TP53	1	0.07708993684783197	7.878358150161507e-05	6.073421322605529e-06
rule_a_one_step	unknown::APC+KRAS+RNF43+TP53	unknown::APC+KRAS+PTEN+RNF43+TP53	same_stage_one_event	PTEN	1	0.018343119139176613	7.878358150161507e-05	1.445136621695156e-06
rule_a_one_step	unknown::APC+KRAS+TP53	unknown::APC+KRAS+RNF43+TP53	same_stage_one_event	RNF43	1	0.016373305573862594	0.0006302686520129206	1.0319581233034015e-05
rule_a_one_step	unknown::KRAS+SMAD4	unknown::APC+KRAS+SMAD4	same_stage_one_event	APC	1	0.5590162113635931	7.878358150161507e-05	4.404129924868772e-05
rule_a_one_step	unknown::APC+KRAS	unknown::APC+KRAS+SMAD4	same_stage_one_event	SMAD4	1	0.0683645664176128	0.0002363507445048452	1.615801617055372e-05
rule_a_one_step	unknown::APC+KRAS	unknown::APC+KRAS+SOX9	same_stage_one_event	SOX9	1	0.12168429642257333	0.0002363507445048452	2.876017405402348e-05
rule_a_one_step	unknown::APC+NRAS+TP53	unknown::APC+NRAS+SMAD4+TP53	same_stage_one_event	SMAD4	1	0.11912756719399512	0.00015756716300323014	1.877059279823448e-05
rule_a_one_step	unknown::APC+TP53	unknown::APC+SOX9+TP53	same_stage_one_event	SOX9	1	0.06041197688179207	0.0008666193965177657	5.235419094774386e-05
rule_a_one_step	unknown::APC+TP53	unknown::APC+TCF7L2+TP53	same_stage_one_event	TCF7L2	1	0.04153998421642626	0.0008666193965177657	3.599935605299684e-05
rule_a_one_step	unknown::WT	unknown::BRAF	same_stage_one_event	BRAF	1	0.05566007708386118	0.06452375324982274	0.0035913970796251716
rule_a_one_step	unknown::BRAF+TP53	unknown::BRAF+FBXW7+TP53	same_stage_one_event	FBXW7	1	0.06714615057825686	0.0003151343260064603	2.116005690640727e-05
rule_a_one_step	unknown::PIK3CA+TP53	unknown::BRAF+PIK3CA+TP53	same_stage_one_event	BRAF	1	0.11676973215989081	7.878358150161507e-05	9.19953771054052e-06
rule_a_one_step	unknown::BRAF+TP53	unknown::BRAF+PIK3CA+TP53	same_stage_one_event	PIK3CA	1	0.0986272071376816	0.0003151343260064603	3.108081844723284e-05
rule_a_one_step	unknown::SMAD4+TP53	unknown::BRAF+SMAD4+TP53	same_stage_one_event	BRAF	1	0.11739606174186126	7.878358150161507e-05	9.248882198208562e-06
rule_a_one_step	unknown::BRAF+TP53	unknown::BRAF+SMAD4+TP53	same_stage_one_event	SMAD4	1	0.13269302251531392	0.0003151343260064603	4.181612621612351e-05
rule_a_one_step	unknown::KRAS	unknown::CTNNB1+KRAS	same_stage_one_event	CTNNB1	1	0.027461364638635972	0.0003151343260064603	8.65401863661419e-06
rule_a_one_step	unknown::TP53	unknown::CTNNB1+TP53	same_stage_one_event	CTNNB1	1	0.014685950757227038	0.001339320885527456	1.966920057298193e-05
rule_a_one_step	unknown::KRAS+TP53	unknown::FBXW7+KRAS+TP53	same_stage_one_event	FBXW7	1	0.049605201654980814	0.0003151343260064603	1.563230178995693e-05
rule_a_one_step	unknown::PIK3CA+TP53	unknown::FBXW7+PIK3CA+TP53	same_stage_one_event	FBXW7	1	0.040715398096428844	7.878358150161507e-05	3.207704884300705e-06
rule_a_one_step	unknown::PIK3CA	unknown::KRAS+PIK3CA	same_stage_one_event	KRAS	1	0.1940906852002508	7.878358150161507e-05	1.529115931617827e-05
rule_a_one_step	unknown::KRAS	unknown::KRAS+PIK3CA	same_stage_one_event	PIK3CA	1	0.17196854229335226	0.0003151343260064603	5.4193190669929025e-05
rule_a_one_step	unknown::PIK3CA+TP53	unknown::KRAS+PIK3CA+TP53	same_stage_one_event	KRAS	1	0.3740909171405905	7.878358150161507e-05	2.9472222259559642e-05
rule_a_one_step	unknown::KRAS+TP53	unknown::KRAS+PIK3CA+TP53	same_stage_one_event	PIK3CA	1	0.13076200736776025	0.0003151343260064603	4.120759705909092e-05
rule_a_one_step	unknown::KRAS+PIK3CA	unknown::KRAS+PIK3CA+TP53	same_stage_one_event	TP53	1	0.015372005938246449	7.878358150161507e-05	1.21106168267915e-06
rule_a_one_step	unknown::PTEN+TP53	unknown::KRAS+PTEN+TP53	same_stage_one_event	KRAS	1	0.3198004737959898	0.00015756716300323014	5.039005338312295e-05
rule_a_one_step	unknown::KRAS+TP53	unknown::KRAS+PTEN+TP53	same_stage_one_event	PTEN	1	0.044589649204511736	0.0003151343260064603	1.4051729048928303e-05
rule_a_one_step	unknown::KRAS	unknown::KRAS+SMAD4	same_stage_one_event	SMAD4	1	0.08452082987705493	0.0003151343260064603	2.66354147568124e-05
rule_a_one_step	unknown::WT	unknown::NRAS	same_stage_one_event	NRAS	1	0.009884089141005376	0.06452375324982274	0.0006377585288334833
rule_a_one_step	unknown::WT	unknown::PIK3CA	same_stage_one_event	PIK3CA	1	0.05822256859048942	0.06452375324982274	0.0037567386493036186
rule_a_one_step	unknown::PTEN+TP53	unknown::PIK3CA+PTEN+TP53	same_stage_one_event	PIK3CA	1	0.061726544394786566	0.00015756716300323014	9.726076482279456e-06
rule_a_one_step	unknown::PIK3CA+TP53	unknown::PIK3CA+PTEN+TP53	same_stage_one_event	PTEN	1	0.02817361303541478	7.878358150161507e-05	2.219618138770565e-06
rule_a_one_step	unknown::TP53	unknown::PIK3CA+TP53	same_stage_one_event	PIK3CA	1	0.05211542982955325	0.001339320885527456	6.979928362896126e-05
rule_a_one_step	unknown::PIK3CA	unknown::PIK3CA+TP53	same_stage_one_event	TP53	1	0.19900481791258356	7.878358150161507e-05	1.5678312291230095e-05
rule_a_one_step	unknown::TP53	unknown::SMAD4+TP53	same_stage_one_event	SMAD4	1	0.06931701955069962	0.001339320885527456	9.283773200676699e-05
