state	N_v	R_star_bootstrap_median	R_star_ci_low	R_star_ci_high	top_bootstrap_stability	high_confidence_top_bootstrap_stability	bootstrap_replicates
primary::EGFR+TP53	1085	1.180080733756125	1.070829122792514	1.3038715656165991	0.0	0.0	500
unknown::EGFR	121	0.15287898254299342	0.12187333201234962	0.18083648719720197	0.0	0.0	500
primary::KRAS+TP53	687	0.9278576078930092	0.8344603473673867	1.025318386509833	0.0	0.0	500
unknown::KRAS	74	0.10004033250930573	0.07666917446904029	0.12813444854966471	0.0	0.0	500
unknown::TP53	97	0.16979629867864834	0.13600958372851293	0.2039858283391932	0.0	0.0	500
metastatic::EGFR+TP53	1121	2.2347666879373267	2.002442673371512	2.4650723423234	0.0	0.0	500
primary::EGFR	1292	3.188450318366349	2.9121132882516347	3.4938871540808742	0.0	0.19	500
primary::KRAS	1461	3.878470838072621	3.551405302946617	4.2945423276904195	0.0	0.948	500
primary::TP53	862	2.9479667897644477	2.6624583180740906	3.2778509105964733	0.0	0.026	500
metastatic::KRAS+TP53	459	1.7141989784190481	1.5144435967440035	1.972919495179977	0.0	0.0	500
metastatic::EGFR	658	2.466436389620148	2.2176113727548263	2.763553257756521	0.0	0.0	500
metastatic::KRAS	472	1.9035801479374248	1.6902960817367847	2.1456710403942036	0.0	0.0	500
primary::EGFR+PIK3CA+TP53	64	0.2767228386806654	0.20872463423937349	0.35168634889725936	0.0	0.0	500
primary::EGFR+RBM10+TP53	80	0.36389801608071304	0.2819216844433806	0.4534064477634637	0.0	0.0	500
metastatic::EGFR+PIK3CA+TP53	71	0.3337035800974392	0.2629731490250964	0.41169887418626794	0.0	0.0	500
metastatic::TP53	881	4.582434285649589	4.118619688064355	5.131226578172447	0.002	1.0	500
primary::KRAS+STK11	237	1.270124625740928	1.0976290381396308	1.4663989363628507	0.0	0.0	500
primary::KRAS+STK11+TP53	66	0.3853799815915932	0.2945346307881993	0.48735306463958783	0.0	0.0	500
metastatic::EGFR+RBM10+TP53	62	0.407475003486106	0.3039335158051561	0.5181145459676801	0.0	0.0	500
primary::KEAP1+KRAS+STK11	134	0.8889781004380637	0.7190712237942829	1.0949053384376188	0.0	0.0	500
unknown::STK11	8	0.05460477022512027	0.020402529163795577	0.09374210594081948	0.0	0.0	500
metastatic::STK11+TP53	63	0.4622250728275603	0.3448934473426004	0.5950031211163685	0.0	0.0	500
primary::STK11+TP53	108	0.8037765161792569	0.6596964326405044	0.9796052744422915	0.0	0.0	500
primary::CDKN2A+EGFR+TP53	41	0.3258233945400614	0.2235653358627845	0.42889449191635415	0.0	0.0	500
primary::ATM+EGFR+TP53	28	0.2372380337030784	0.15360180917214888	0.3249977286627148	0.0	0.0	500
metastatic::ATM+EGFR+TP53	47	0.4055323889941109	0.296038523106175	0.5246146762891069	0.0	0.0	500
metastatic::CDKN2A+EGFR+TP53	41	0.3549819995070021	0.2537498954027699	0.4785748595797885	0.0	0.0	500
metastatic::KRAS+STK11+TP53	46	0.40902153037908373	0.2926291969727675	0.5401698300504726	0.0	0.0	500
unknown::MET	13	0.11699005336800652	0.061029163552008464	0.18348055602857075	0.0	0.0	500
primary::CDKN2A+KRAS+TP53	69	0.6459701415522254	0.47213131617162896	0.8267663620092381	0.0	0.0	500
primary::NF1+TP53	89	0.8651832651037779	0.6936175218098433	1.031231832857286	0.0	0.0	500
metastatic::EGFR+NF1+TP53	30	0.29530923677586374	0.18511041091699376	0.40709644924733357	0.0	0.0	500
primary::KRAS+RBM10	155	1.527064352111391	1.2794977162641683	1.8221212974710246	0.0	0.0	500
primary::EGFR+NF1+TP53	31	0.3049747143901594	0.19852644090128435	0.42004847067733564	0.0	0.0	500
primary::BRAF+TP53	87	0.8684974156586619	0.6952950772761354	1.070098688599262	0.0	0.0	500
primary::ATM+KRAS	146	1.4831271198803306	1.240500225785943	1.7514453389249165	0.0	0.0	500
metastatic::NF1+TP53	79	0.8022684481420422	0.6374929637590095	1.014615968323526	0.0	0.0	500
primary::KRAS+RBM10+TP53	49	0.5042390050922076	0.3731803295846401	0.6642687582253959	0.0	0.0	500
primary::ARID1A+EGFR+TP53	34	0.354457698346831	0.2255900514402021	0.4823616231457794	0.0	0.0	500
primary::MET+TP53	87	0.9244496710466918	0.7110845022323179	1.1628636913767074	0.0	0.0	500
primary::ATM+KRAS+TP53	30	0.32406380565469806	0.21110182748217957	0.45960323330683833	0.0	0.0	500
metastatic::ARID1A+EGFR+TP53	37	0.3947789389574787	0.2636302114973434	0.5202259433174562	0.0	0.0	500
unknown::EGFR+TP53	161	1.8478627036758497	1.4690868865232605	2.2873413565281333	0.0	0.0	500
metastatic::EGFR+STK11+TP53	19	0.22219163956032212	0.1321085932609412	0.33764883646836963	0.0	0.0	500
primary::EGFR+STK11+TP53	7	0.0855404260959308	0.025177638784188407	0.1628980458143319	0.0	0.0	500
primary::EGFR+SMARCA4+TP53	18	0.2229712946990553	0.12722941997866027	0.355176867783994	0.0	0.0	500
unknown::ATM	17	0.21759178902149823	0.12086822542263438	0.32752291278381795	0.0	0.0	500
metastatic::BRAF+TP53	81	1.057946313978443	0.8162459940520693	1.3511170399942267	0.0	0.0	500
unknown::BRAF	10	0.1223673652841071	0.045592541324667286	0.22461446491538364	0.0	0.0	500
metastatic::CDKN2A+TP53	60	0.802345554006511	0.6135838420519243	1.0146592284571319	0.0	0.0	500
unknown::RBM10	1	0.01320056547167043	0.0	0.04078038196934584	0.0	0.0	500
primary::EGFR+SETD2+TP53	23	0.3092381076257691	0.18284782179418746	0.4500313934272171	0.0	0.0	500
primary::CDKN2A+TP53	56	0.7524971229513202	0.5559103193206821	0.9793963906318486	0.0	0.0	500
primary::KRAS+PIK3CA+TP53	40	0.5437534656216566	0.3659547133208292	0.7316011084231953	0.0	0.0	500
primary::KRAS+NF1+TP53	39	0.52069740329782	0.3684124257155291	0.6992619819392405	0.0	0.0	500
primary::STK11	111	1.5106815725800882	1.2230515287047796	1.8307261853079912	0.0	0.0	500
primary::EGFR+RBM10	212	3.021539970209915	2.5411478729786436	3.5548498794125583	0.0	0.088	500
metastatic::BRAF+EGFR+TP53	19	0.266799298565293	0.16074064799015247	0.39639773468698064	0.0	0.0	500
metastatic::EGFR+SMARCA4+TP53	37	0.5287794882487412	0.37117561266604565	0.7366247425847303	0.0	0.0	500
primary::BRAF+EGFR+TP53	11	0.1580313658605623	0.0773138303383922	0.2614258244459116	0.0	0.0	500
primary::ARID1A+KRAS+TP53	34	0.4929411351649271	0.31944191200721295	0.7185309714426679	0.0	0.0	500
unknown::KEAP1	2	0.02952005960928865	0.0	0.08821710261202026	0.0	0.0	500
primary::KEAP1+KRAS+TP53	31	0.47008210553963536	0.29776403366608833	0.6740715365339074	0.0	0.0	500
primary::EGFR+KRAS	18	0.26899538444424903	0.1552790034727961	0.41555108287350473	0.0	0.0	500
primary::KEAP1+TP53	50	0.789898104932645	0.5823682581394184	1.0654804312224688	0.0	0.0	500
metastatic::KEAP1+TP53	69	1.1066345480522126	0.8537380026085172	1.4291959160591081	0.0	0.0	500
primary::KEAP1+STK11+TP53	47	0.7486413154899714	0.5113110190127297	1.0541078495444607	0.0	0.0	500
primary::KRAS+PIK3CA	68	1.0896446102547959	0.8546734450560444	1.4039330049925334	0.0	0.0	500
metastatic::CDKN2A+KRAS+TP53	39	0.6300467086028636	0.437410030539118	0.8602539854541358	0.0	0.0	500
primary::EGFR+PIK3CA	87	1.397606032898157	1.0930919020774996	1.7430776972844186	0.0	0.0	500
metastatic::KEAP1+KRAS+STK11	89	1.4512525929363655	1.091114850192972	1.9081891020573827	0.0	0.0	500
unknown::NF1	15	0.2393538406746562	0.12910929631160123	0.38058805642474886	0.0	0.0	500
primary::KEAP1+KRAS+SMARCA4+STK11	49	0.8067828422004832	0.5575141704287117	1.097745340324564	0.0	0.0	500
metastatic::KRAS+STK11	95	1.581947250809485	1.2681884468475397	1.9633221458990548	0.0	0.0	500
metastatic::EGFR+SETD2+TP53	20	0.3374434560981278	0.19470137264126192	0.4925198475649148	0.0	0.0	500
primary::ATM+KRAS+STK11	68	1.1892386841764573	0.8912747412679566	1.5465528856031112	0.0	0.0	500
metastatic::MET+TP53	64	1.1099222208051267	0.8444398457431646	1.452262500859385	0.0	0.0	500
primary::MET	223	3.936173951109059	3.314576272067122	4.615675358409197	0.0	0.908	500
primary::KRAS+SETD2	53	0.9390726583573428	0.7057401318088343	1.2203229533157747	0.0	0.0	500
metastatic::ATM+KRAS+TP53	28	0.4976678830003226	0.3109896384748273	0.714936603061734	0.0	0.0	500
primary::KRAS+MET	23	0.4262870696134262	0.2681932082410295	0.6196287119970271	0.0	0.0	500
primary::KRAS+SETD2+TP53	27	0.4924394772288278	0.3229428413627459	0.7352742942153624	0.0	0.0	500
unknown::SETD2	4	0.07542619196114027	0.018491973478698104	0.15262378285676456	0.0	0.0	500
metastatic::ATM+TP53	38	0.7116146168611077	0.502572391662094	0.9931729510046559	0.0	0.0	500
metastatic::ARID1A+TP53	38	0.7427696654156057	0.5077669567334966	1.014187858263207	0.0	0.0	500
primary::EGFR+MET	12	0.22398435398171723	0.11161000971951945	0.38709761929379166	0.0	0.0	500
primary::ARID1A+TP53	30	0.5790521591539024	0.3955997416249711	0.8416475201706003	0.0	0.0	500
primary::ATM+TP53	24	0.4723348255372324	0.2944918514410332	0.6743533387124048	0.0	0.0	500
primary::ATM+KEAP1+KRAS+STK11	13	0.26128159608547064	0.12130656853923565	0.41039369753266314	0.0	0.0	500
metastatic::KRAS+RBM10+TP53	37	0.7544743061260476	0.5251291843567352	1.0060857645946502	0.0	0.0	500
metastatic::KEAP1+KRAS+TP53	31	0.6371931476064092	0.42342603604185775	0.9062072837070749	0.0	0.0	500
primary::PIK3CA+TP53	43	0.8875923540779795	0.630428662495819	1.1630962246438135	0.0	0.0	500
metastatic::STK11	36	0.7461954164913587	0.5165503277734057	1.0140813591881148	0.0	0.0	500
primary::KEAP1+KRAS+STK11+TP53	15	0.32140183327936184	0.16276690169626057	0.5178290708208746	0.0	0.0	500
metastatic::ATM+KRAS	61	1.3197292629482953	0.9677430871109525	1.7120755903760396	0.0	0.0	500
primary::SETD2+TP53	25	0.5344772638595192	0.33454348321653643	0.7666549290724739	0.0	0.0	500
metastatic::PIK3CA+TP53	31	0.6801544597480282	0.4366082758900899	0.9497981006182188	0.0	0.0	500
primary::KEAP1+KRAS	52	1.1369111536085033	0.8248894452682731	1.5057054505006746	0.0	0.0	500
metastatic::KRAS+NF1+TP53	25	0.5439637859427642	0.32204935516367716	0.7838898025365815	0.0	0.0	500
primary::ARID1A+KRAS	46	1.0452553603678023	0.738577395470823	1.4320549000313405	0.0	0.0	500
unknown::PIK3CA	7	0.1539969633599832	0.04664385146919381	0.29024808998074475	0.0	0.0	500
unknown::ARID1A	5	0.11456211913443762	0.02296913187096555	0.23009567538150943	0.0	0.0	500
metastatic::KRAS+PIK3CA+TP53	29	0.6619100577812138	0.43675534066737975	0.9250968308947755	0.0	0.0	500
metastatic::EGFR+KEAP1+TP53	12	0.26980102946692974	0.11549419267180602	0.4325842198800683	0.0	0.0	500
metastatic::SETD2+TP53	43	1.0	0.7309752604262582	1.3344522172427906	0.0	0.0	500
primary::KEAP1+KRAS+RBM10+STK11	19	0.44004091694332875	0.25455532664613634	0.6598161551588309	0.0	0.0	500
metastatic::SMARCA4+TP53	52	1.2140320812172165	0.9062826074359884	1.6208159135689932	0.0	0.0	500
primary::BRAF+KRAS	31	0.732205489100187	0.49871927245071807	1.0013429832002765	0.0	0.0	500
primary::SMARCA4+TP53	29	0.6834354802646341	0.4268995807264398	0.9472373046505654	0.0	0.0	500
primary::ATM+EGFR	53	1.2438175715228839	0.8938431296784426	1.630476716646407	0.0	0.0	500
metastatic::KEAP1+KRAS+SMARCA4+STK11	38	0.9002814792116505	0.601252203484411	1.3198896950161172	0.0	0.0	500
primary::KRAS+SMARCA4+TP53	18	0.4238007981795718	0.24820723377458528	0.6394272144321	0.0	0.0	500
primary::CDKN2A+KRAS	49	1.17192347840888	0.8477688290535981	1.5645339278287937	0.0	0.0	500
unknown::SMARCA4	2	0.048489924215718586	0.0	0.12558799172262913	0.0	0.0	500
primary::RBM10+TP53	22	0.5426328586638594	0.32571975174403295	0.7808173360262511	0.0	0.0	500
unknown::KRAS+TP53	39	0.9791085662871462	0.6323996787231925	1.3747761782625862	0.0	0.0	500
primary::KRAS+RBM10+STK11	31	0.7818480423609768	0.5223105171196769	1.1212749685518466	0.0	0.0	500
metastatic::RBM10+TP53	17	0.4263615506298223	0.2358667542774797	0.6340807943310977	0.0	0.0	500
primary::ATM	45	1.1286028605615945	0.8268956395372448	1.4939709649054351	0.0	0.0	500
primary::BRAF+KRAS+TP53	20	0.5116130504559406	0.31897965927990934	0.7582537079236276	0.0	0.0	500
primary::BRAF	152	3.85893313853484	3.3056188375065476	4.514859708588371	0.0	0.894	500
primary::KRAS+NF1	36	0.9390394199046348	0.6473067632037899	1.2664834553151794	0.0	0.0	500
primary::ATM+KRAS+RBM10	39	1.0068236517649116	0.6861991563109318	1.39033833860043	0.0	0.0	500
metastatic::KEAP1+STK11+TP53	34	0.8763176489358335	0.5996538640642274	1.24768052875622	0.0	0.0	500
primary::RBM10	35	0.9156544491892449	0.6434636207135832	1.2623709206511575	0.0	0.0	500
metastatic::MET	83	2.230480062680525	1.7114014808615705	2.781673437254573	0.0	0.002	500
primary::KEAP1+STK11	73	1.9787492761431786	1.4207395973778194	2.651320994631531	0.0	0.0	500
primary::EGFR+KEAP1+TP53	17	0.46930265874217136	0.2529805181962255	0.7292217325126386	0.0	0.0	500
unknown::CDKN2A	2	0.05419105518674837	0.0	0.13850823357760306	0.0	0.0	500
metastatic::ARID1A+KRAS+TP53	34	0.9494308986905553	0.6236556500316015	1.285894603313618	0.0	0.0	500
primary::EGFR+MET+TP53	21	0.6011918604375981	0.3557931941372152	0.8906131839793362	0.0	0.0	500
primary::KEAP1	28	0.7979809588921851	0.5177904839967535	1.0984746769226172	0.0	0.0	500
metastatic::KEAP1+KRAS+STK11+TP53	24	0.7137790651576761	0.41443724328374537	1.1005174465746914	0.0	0.0	500
metastatic::EGFR+RBM10	47	1.4014169676313508	1.0081837496956783	1.9121995103147378	0.0	0.0	500
metastatic::KRAS+RBM10	43	1.2960184205014658	0.9436455819619501	1.7170804602942065	0.0	0.0	500
metastatic::ATM+KEAP1+KRAS+STK11	16	0.48199361835861954	0.2624601401185489	0.7816039822456351	0.0	0.0	500
primary::NF1	48	1.5244094712671397	1.1014062507781641	1.9864044879291827	0.0	0.0	500
unknown::EGFR+PIK3CA+TP53	6	0.18273499570326082	0.06052276939366293	0.38001419248593704	0.0	0.0	500
primary::KRAS+SMARCA4	21	0.6784104099580033	0.3947894463744304	0.978923218443217	0.0	0.0	500
metastatic::EGFR+MET+TP53	26	0.8488144005204104	0.5325516085693051	1.2116799826602598	0.0	0.0	500
metastatic::EGFR+KRAS	10	0.31778584849310426	0.14132757607531563	0.5330219185016515	0.0	0.0	500
primary::EGFR+SETD2	42	1.4080130781440223	0.995458000884146	1.9219076000928872	0.0	0.0	500
unknown::EGFR+RBM10+TP53	7	0.2447433570487948	0.07035788684778324	0.44554130765793576	0.0	0.0	500
metastatic::EGFR+PIK3CA	44	1.4775092219165353	1.0267688714379404	2.0317830832411103	0.0	0.0	500
primary::BRAF+EGFR	9	0.32430588400720034	0.11331310824689492	0.5558567300716104	0.0	0.0	500
metastatic::KRAS+SMARCA4+TP53	20	0.7170511391772048	0.43845761242115117	1.0472495285969408	0.0	0.0	500
primary::SETD2	69	2.547528449346222	1.9558355214485619	3.208900167385453	0.0	0.004	500
primary::KEAP1+SMARCA4+STK11+TP53	11	0.3976801859091341	0.1669748939199431	0.7069138204990993	0.0	0.0	500
primary::EGFR+KRAS+TP53	21	0.8065492632364948	0.4816581656519981	1.2353675355345486	0.0	0.0	500
metastatic::ATM	49	1.878951684274972	1.3981557142386782	2.479329125674577	0.0	0.0	500
metastatic::BRAF	70	2.7004524791130944	2.0863009489051665	3.4440742509636904	0.0	0.034	500
metastatic::KRAS+SETD2+TP53	16	0.6270823328052941	0.34651793631979494	0.956710708951053	0.0	0.0	500
primary::EGFR+KRAS+RBM10	7	0.2562236908381753	0.07951851451719977	0.4959798370050383	0.0	0.0	500
metastatic::ATM+EGFR	40	1.568203705205165	1.0580457352835282	2.097165415176613	0.0	0.0	500
metastatic::RBM10	11	0.4381030072142482	0.20126258422967402	0.7161293905139112	0.0	0.0	500
primary::BRAF+SETD2+TP53	4	0.15409674501184703	0.03794551639417445	0.33917407429412316	0.0	0.0	500
primary::EGFR+PIK3CA+RBM10+TP53	3	0.117594141287228	0.0	0.2662755738939557	0.0	0.0	500
primary::ARID1A+EGFR	24	1.0298559320177536	0.6250286884186701	1.488268145458375	0.0	0.0	500
primary::KRAS+SMARCA4+STK11	13	0.5458668565086897	0.25087751685338205	0.8924557821132867	0.0	0.0	500
metastatic::KEAP1+SMARCA4+STK11+TP53	11	0.4690572788128511	0.20708562982984322	0.8595215150921222	0.0	0.0	500
metastatic::KRAS+SETD2	7	0.30371004602714663	0.0837527966774078	0.5824801872918323	0.0	0.0	500
primary::CDKN2A+KRAS+STK11+TP53	6	0.2683699909531878	0.08866763721585416	0.5171902299790047	0.0	0.0	500
metastatic::KEAP1	22	0.9418842262886916	0.6041656412688292	1.3435757636022847	0.0	0.0	500
primary::PIK3CA	65	2.9353778333868106	2.2807104286047983	3.7198882788001413	0.0	0.114	500
primary::ARID1A	30	1.318859000854037	0.885886735755375	1.8883862679782868	0.0	0.0	500
primary::ATM+KRAS+RBM10+STK11	4	0.16931054889442254	0.0	0.36868788913836215	0.0	0.0	500
metastatic::BRAF+KRAS+TP53	9	0.4048681885968981	0.16034612379573715	0.6772137169657504	0.0	0.0	500
primary::ATM+EGFR+RBM10	14	0.6336462778447237	0.33313182721549733	0.9898899024537541	0.0	0.0	500
primary::EGFR+STK11	11	0.5027443539255785	0.20639272734388683	0.8379676754096226	0.0	0.0	500
metastatic::EGFR+PIK3CA+RBM10+TP53	4	0.17790141046169203	0.04325771291622899	0.3924367849695411	0.0	0.0	500
metastatic::ATM+KRAS+STK11	43	2.005344242629666	1.3823659101611747	2.8017781718389365	0.0	0.002	500
metastatic::EGFR+MET	6	0.27540345322988635	0.08803874038882512	0.5443751400273524	0.0	0.0	500
primary::EGFR+PIK3CA+RBM10	8	0.3657252453002813	0.13806413089645878	0.6660499129607399	0.0	0.0	500
metastatic::KRAS+PIK3CA	27	1.2615251604600108	0.7880185748912819	1.754709726052305	0.0	0.0	500
metastatic::KEAP1+KRAS+SMARCA4+STK11+TP53	2	0.09276965409251993	0.0	0.2743930880709328	0.0	0.0	500
primary::NF1+STK11+TP53	16	0.7496972873349043	0.4197771115651368	1.1958114736680325	0.0	0.0	500
primary::SMARCA4	16	0.780051721557353	0.4405068762077598	1.1824430846242684	0.0	0.0	500
primary::BRAF+STK11+TP53	14	0.6812495945955165	0.35015379240442973	1.0909573325099413	0.0	0.0	500
metastatic::NF1	22	1.05887851658891	0.6400413761038878	1.5832846825401328	0.0	0.0	500
metastatic::EGFR+KRAS+TP53	18	0.8860632171544189	0.4855313569399793	1.3738852926929737	0.0	0.0	500
metastatic::KRAS+MET	6	0.27483622796460266	0.06939459637689663	0.555043232199308	0.0	0.0	500
primary::KEAP1+KRAS+RBM10+SMARCA4+STK11	6	0.3028063424818429	0.08922717528755325	0.6321332017495322	0.0	0.0	500
primary::ATM+KEAP1+KRAS+SMARCA4+STK11	4	0.20087556267678627	0.04313873594876939	0.4261650703249716	0.0	0.0	500
metastatic::BRAF+SETD2+TP53	10	0.48533450309912185	0.21945589439831475	0.8574241597784968	0.0	0.0	500
primary::EGFR+NF1	16	0.8221334240956913	0.45156530773595105	1.2755553841921994	0.0	0.0	500
primary::BRAF+NF1+TP53	9	0.4460924634322027	0.162010265972678	0.7933004849072159	0.0	0.0	500
metastatic::KEAP1+KRAS	39	2.1364709335109247	1.4407179548768114	3.0276996200691073	0.0	0.002	500
metastatic::ARID1A+KRAS	9	0.4757229520356652	0.21280695359324883	0.861563404071906	0.0	0.0	500
primary::CDKN2A	24	1.301627417140037	0.8465732141619391	1.8079381797397744	0.0	0.0	500
primary::BRAF+SETD2	36	1.962950207451502	1.3463585933049118	2.7439019484508336	0.0	0.0	500
primary::CDKN2A+EGFR	27	1.454978642588077	0.8862854865940772	2.1556194933162125	0.0	0.0	500
primary::KRAS+MET+TP53	25	1.3571422335536552	0.7570325269348901	2.1784331316886276	0.0	0.0	500
primary::MET+NF1+TP53	10	0.5613403805452968	0.27025498458910224	0.9956482888886145	0.0	0.0	500
metastatic::SETD2	45	2.512656930401818	1.731357182627773	3.376589604556264	0.0	0.016	500
metastatic::CDKN2A+KRAS	11	0.6229100000724395	0.27673760316098645	1.018242329999089	0.0	0.0	500
metastatic::ATM+KEAP1+KRAS+SMARCA4+STK11	6	0.33595216579619647	0.10128064127580065	0.6819302785035192	0.0	0.0	500
primary::EGFR+SMARCA4	30	1.7150122901042604	1.1021643532843803	2.470321239128613	0.0	0.0	500
metastatic::BRAF+STK11+TP53	11	0.624731257809008	0.29921855112102375	1.058084996433501	0.0	0.0	500
metastatic::EGFR+SETD2	13	0.7540546235952895	0.33429370797589864	1.232122043173891	0.0	0.0	500
primary::BRAF+STK11	28	1.683655644299975	1.0287495952504626	2.4032927810089313	0.0	0.0	500
unknown::ATM+EGFR+TP53	12	0.7433388971775842	0.3053220497083352	1.2719707364696353	0.0	0.0	500
unknown::CDKN2A+EGFR+TP53	3	0.18093572172204564	0.0	0.41655629568635266	0.0	0.0	500
primary::ATM+EGFR+RBM10+TP53	4	0.25400072691771247	0.05514905332613388	0.5324738208306548	0.0	0.0	500
metastatic::NF1+STK11+TP53	10	0.5984878340672565	0.24581051437208482	1.0972524384624969	0.0	0.0	500
metastatic::ATM+EGFR+RBM10+TP53	1	0.05964922081895864	0.0	0.2087649028107526	0.0	0.0	500
metastatic::CDKN2A+EGFR+PIK3CA+TP53	3	0.1842695116135722	0.0	0.46026614982131236	0.0	0.0	500
primary::CDKN2A+EGFR+PIK3CA+TP53	2	0.12066879280834739	0.0	0.34107164052765604	0.0	0.0	500
primary::EGFR+NF1+RBM10+TP53	3	0.18770441246603561	0.0	0.4355872847893176	0.0	0.0	500
primary::KEAP1+SMARCA4+STK11	15	0.9785810884971833	0.49861060198320334	1.6109368555970747	0.0	0.0	500
primary::CDKN2A+EGFR+RBM10+TP53	4	0.25201489519031156	0.05734025017603345	0.564532536196185	0.0	0.0	500
metastatic::BRAF+KRAS	11	0.7041100368738499	0.3151541562970681	1.1997342897443637	0.0	0.0	500
primary::ATM+KRAS+STK11+TP53	4	0.25468139271971196	0.059420279636504314	0.5590292542816571	0.0	0.0	500
metastatic::BRAF+NF1+TP53	10	0.6358957020459091	0.27955718816494135	1.1325417696747686	0.0	0.0	500
metastatic::KEAP1+NF1+TP53	15	0.9799332688432828	0.5227791161836546	1.5541519717430579	0.0	0.0	500
primary::KEAP1+NF1+STK11+TP53	8	0.5216667529868104	0.21325256276571602	1.026621931652005	0.0	0.0	500
metastatic::ATM+KRAS+RBM10	23	1.5241344362506224	0.8841752350240522	2.2931874842749864	0.0	0.0	500
metastatic::KRAS+RBM10+STK11	4	0.2662619335098756	0.056969473320858756	0.5758236156070989	0.0	0.0	500
metastatic::ARID1A+EGFR	16	1.0662608807827627	0.5787111735955227	1.7103196319440865	0.0	0.0	500
unknown::STK11+TP53	5	0.33510630981229567	0.06191246690413495	0.6882103821343016	0.0	0.0	500
primary::KRAS+PIK3CA+STK11	2	0.13233048133203593	0.0	0.37271314628219065	0.0	0.0	500
metastatic::ATM+EGFR+PIK3CA+TP53	2	0.12922875675643936	0.0	0.3526804803266122	0.0	0.0	500
metastatic::KEAP1+KRAS+RBM10+STK11	10	0.6564170432874662	0.26930540213335935	1.1901445191357947	0.0	0.0	500
metastatic::PIK3CA	26	1.7041698828123313	1.0406771191485256	2.493627960234953	0.0	0.0	500
primary::KRAS+RBM10+SETD2	16	1.0699583465295266	0.5638459019063367	1.6900217568794476	0.0	0.0	500
primary::BRAF+KEAP1+STK11	14	0.9405161059585	0.4516170500365469	1.7165714542416741	0.0	0.0	500
primary::KRAS+PIK3CA+RBM10	7	0.4661145829399088	0.14777467333551692	0.9072579155082862	0.0	0.0	500
metastatic::KEAP1+KRAS+RBM10+SMARCA4+STK11	4	0.2749790157987836	0.05436299982679394	0.6076092721845007	0.0	0.0	500
metastatic::ARID1A	28	1.9010482135428401	1.233482960481882	2.8305266700819063	0.0	0.002	500
metastatic::KEAP1+SMARCA4+TP53	10	0.6564589725389296	0.26490122261006976	1.1702868095772474	0.0	0.0	500
primary::EGFR+MET+RBM10	5	0.34301868784062506	0.07518381838979825	0.6967335794179736	0.0	0.0	500
primary::MET+STK11+TP53	7	0.4795970410599123	0.13969934738549566	0.8886510773208838	0.0	0.0	500
primary::BRAF+CDKN2A+TP53	8	0.5463708642557294	0.20000856581179904	0.9961369871182468	0.0	0.0	500
unknown::EGFR+NF1+TP53	3	0.20830008231437994	0.0	0.5006018546158928	0.0	0.0	500
primary::KRAS+NF1+RBM10	12	0.8194715306140095	0.41377713796885535	1.4146340322679827	0.0	0.0	500
primary::CDKN2A+MET+TP53	8	0.5645016581245705	0.1914569193745045	1.0049947519187297	0.0	0.0	500
unknown::NF1+TP53	12	0.8452360785603612	0.4012807592256313	1.4354177334217924	0.0	0.0	500
primary::BRAF+KRAS+STK11	8	0.5524604113343818	0.2082363447801986	1.0333769446460623	0.0	0.0	500
metastatic::BRAF+EGFR	7	0.5084873082783216	0.17932072691138082	0.9542878032406519	0.0	0.0	500
primary::CDKN2A+NF1+TP53	12	0.8500191791197396	0.44644986391300545	1.4144104888305673	0.0	0.0	500
primary::KEAP1+NF1+TP53	16	1.17545806227366	0.6525198702413474	1.9392891610784009	0.0	0.0	500
unknown::ARID1A+EGFR+TP53	6	0.42679595364150635	0.12295381756231794	0.8739252560443269	0.0	0.0	500
metastatic::SMARCA4+STK11+TP53	15	1.0721411732741883	0.5630803647780422	1.7340310736585258	0.0	0.0	500
primary::CDKN2A+KEAP1+KRAS+STK11	4	0.2746843405186846	0.06889094588430897	0.6356304045150369	0.0	0.0	500
primary::SMARCA4+STK11+TP53	13	0.9510469856903272	0.48021108380585764	1.5361693221922978	0.0	0.0	500
metastatic::SMARCA4	13	0.9585131834405196	0.4663901870491358	1.516314664099	0.0	0.0	500
primary::ARID1A+NF1+TP53	14	1.0331674762786527	0.5521531232146254	1.7015042026438778	0.0	0.0	500
primary::KEAP1+KRAS+RBM10	7	0.49446196711341217	0.16071838658821175	0.9437161043753334	0.0	0.0	500
primary::CDKN2A+STK11+TP53	5	0.345715065834196	0.0722408065258181	0.716133024051691	0.0	0.0	500
metastatic::CDKN2A+KRAS+STK11+TP53	4	0.2926472361013679	0.0667499502305419	0.6684642902129885	0.0	0.0	500
metastatic::KRAS+NF1	13	0.9461731104016069	0.44966210730656125	1.5732583461741685	0.0	0.0	500
metastatic::ARID1A+NF1+TP53	12	0.8550729399498753	0.403606503681495	1.4667936124399987	0.0	0.0	500
primary::KRAS+NF1+RBM10+TP53	5	0.3766109821517688	0.08112080187322634	0.7572152851906853	0.0	0.0	500
metastatic::CDKN2A+NF1+TP53	7	0.517197778765987	0.16483803722230103	1.017244706232571	0.0	0.0	500
primary::ATM+KRAS+RBM10+TP53	9	0.679267289208829	0.2987299015919464	1.256395976378424	0.0	0.0	500
primary::MET+STK11	5	0.3823260465793461	0.07647146924414844	0.7519436049198599	0.0	0.0	500
primary::KEAP1+KRAS+SMARCA4+TP53	2	0.1269896930584779	0.0	0.4362903349073182	0.0	0.0	500
primary::CDKN2A+KRAS+RBM10+TP53	6	0.44741467680835156	0.1531718542886131	0.937362249501797	0.0	0.0	500
metastatic::ATM+KRAS+STK11+TP53	5	0.3906056422742413	0.08029015499809414	0.8565656671545328	0.0	0.0	500
primary::ARID1A+KRAS+STK11	4	0.28924179430244323	0.06808707267976993	0.6300514026331542	0.0	0.0	500
metastatic::ARID1A+EGFR+PIK3CA+TP53	9	0.6854649615364568	0.30910406962692955	1.2701367034865672	0.0	0.0	500
metastatic::BRAF+CDKN2A+TP53	7	0.5389842688828975	0.23313857358065343	1.0566134459696932	0.0	0.0	500
metastatic::CDKN2A+EGFR	6	0.4543130522881385	0.15527996752753664	0.9106230550625232	0.0	0.0	500
primary::ATM+KRAS+SETD2	7	0.5461818510901295	0.1684980711732226	1.0051246819451398	0.0	0.0	500
primary::ATM+KRAS+PIK3CA	6	0.4731979006103586	0.11018995496809149	0.9354408086518169	0.0	0.0	500
primary::MET+PIK3CA+TP53	12	0.9471599132177626	0.43366603684917227	1.6940184123081743	0.0	0.0	500
primary::ARID1A+EGFR+PIK3CA+TP53	5	0.37799894992046457	0.08661962623780387	0.7814468124311704	0.0	0.0	500
metastatic::CDKN2A+STK11+TP53	9	0.6976095890136593	0.29503271096646194	1.2979414248095893	0.0	0.0	500
metastatic::CDKN2A+KEAP1+TP53	15	1.1695849101023752	0.6067535231894405	1.9011585317586128	0.0	0.0	500
primary::ATM+NF1+TP53	4	0.31467817848863167	0.07148403778875048	0.6714003716119809	0.0	0.0	500
metastatic::EGFR+NF1+RBM10+TP53	6	0.47844240836139046	0.15470579698478862	0.924312325452706	0.0	0.0	500
primary::ATM+EGFR+PIK3CA+TP53	2	0.15663716985672055	0.0	0.41688253183120677	0.0	0.0	500
metastatic::ATM+NF1+TP53	7	0.5561231682623906	0.2236200101750931	1.0272263378737594	0.0	0.0	500
metastatic::CDKN2A+EGFR+RBM10+TP53	5	0.38844502557425153	0.08003635048314461	0.8568310630230718	0.0	0.0	500
metastatic::KEAP1+STK11	28	2.3391347847389192	1.3721140612988576	3.790815065419671	0.0	0.052	500
primary::KRAS+SETD2+STK11	6	0.47780712948867243	0.16126723362892328	0.9219960079738905	0.0	0.0	500
unknown::EGFR+STK11+TP53	1	0.08022826762350585	0.0	0.2882333990983542	0.0	0.0	500
metastatic::CDKN2A	26	2.168226787962328	1.3215444452156209	3.1231947156860125	0.0	0.006	500
primary::CDKN2A+KRAS+STK11	12	0.991979935827485	0.5125533851669284	1.648350281727032	0.0	0.0	500
primary::KEAP1+KRAS+NF1+STK11	7	0.571136482598253	0.20783357518517073	1.0876325010539047	0.0	0.0	500
primary::KEAP1+KRAS+SMARCA4+STK11+TP53	1	0.08023555014230319	0.0	0.29369153899457	0.0	0.0	500
primary::KRAS+NF1+STK11	5	0.3960774512246981	0.08928937638426131	0.8791952555497111	0.0	0.0	500
primary::KRAS+NF1+STK11+TP53	2	0.15975477862046972	0.0	0.4254813312356111	0.0	0.0	500
primary::CDKN2A+KRAS+PIK3CA+TP53	3	0.2514864340365602	0.0	0.5969454161728912	0.0	0.0	500
primary::ARID1A+ATM+KRAS	10	0.8430324593251883	0.32435134459173576	1.4691345422399855	0.0	0.0	500
metastatic::KRAS+SMARCA4	11	0.9265124485540719	0.4041445358100187	1.6167100440005322	0.0	0.0	500
primary::ARID1A+KRAS+RBM10	15	1.2565802743827847	0.6481411901014329	2.1323943651691537	0.0	0.0	500
primary::EGFR+KEAP1	2	0.17081142073067834	0.0	0.44580466006179054	0.0	0.0	500
metastatic::ARID1A+EGFR+RBM10+TP53	5	0.40611725470071613	0.08249678186998279	0.8654247610504957	0.0	0.0	500
metastatic::ATM+KRAS+RBM10+STK11	4	0.33132288768242324	0.08033317569169246	0.7464893165344021	0.0	0.0	500
primary::ARID1A+KRAS+RBM10+TP53	5	0.40411771724095813	0.09302388384148215	0.9187866563088513	0.0	0.0	500
primary::KRAS+PIK3CA+STK11+TP53	3	0.2399589205614641	0.0	0.6348192130458128	0.0	0.0	500
primary::ATM+KRAS+NF1	7	0.6021910243949584	0.18768449866298967	1.1765840172306115	0.0	0.0	500
primary::EGFR+NF1+PIK3CA+TP53	2	0.17441293863949164	0.0	0.4731765879182055	0.0	0.0	500
primary::NF1+RBM10+TP53	11	0.9503742029714546	0.4340397194346773	1.640065335942824	0.0	0.0	500
primary::KEAP1+SMARCA4+TP53	9	0.7893616297768646	0.3196969416074903	1.4676120829470416	0.0	0.0	500
unknown::ATM+KRAS	11	1.0005109983978366	0.4246830208954648	1.776971099680766	0.0	0.0	500
primary::EGFR+MET+PIK3CA+TP53	2	0.1738252765392268	0.0	0.5111004247662935	0.0	0.0	500
metastatic::EGFR+RBM10+SMARCA4+TP53	2	0.17541132864034456	0.0	0.5067657720420949	0.0	0.0	500
primary::MET+PIK3CA	3	0.25979714595077363	0.0	0.6292165948366425	0.0	0.0	500
metastatic::EGFR+PIK3CA+SMARCA4+TP53	4	0.35271857853780997	0.08014147135528885	0.8071239578951478	0.0	0.0	500
primary::ATM+KRAS+SMARCA4+STK11	6	0.5417982082202206	0.17728168363640248	1.0652178537420367	0.0	0.0	500
primary::EGFR+NF1+RBM10	3	0.26686080512602967	0.0	0.6197710802591061	0.0	0.0	500
metastatic::NF1+SMARCA4+TP53	8	0.718071987829972	0.25683064045494663	1.2773983640022233	0.0	0.0	500
metastatic::KEAP1+KRAS+SMARCA4+TP53	1	0.08806035453463071	0.0	0.3231506682220701	0.0	0.0	500
primary::ARID1A+KEAP1+KRAS+STK11	6	0.5419901380305687	0.15935336658175034	1.111373334042457	0.0	0.0	500
primary::EGFR+RBM10+SETD2	4	0.367123052613322	0.08629964814482842	0.7259451862207555	0.0	0.0	500
primary::BRAF+MET	5	0.46406180984217393	0.09441096566735897	0.9447414524595964	0.0	0.0	500
metastatic::EGFR+STK11	6	0.5448992297565107	0.17501994772726254	1.0410255885215758	0.0	0.0	500
metastatic::MET+NF1+TP53	4	0.3593441233163798	0.07721726998733953	0.8342672768282918	0.0	0.0	500
primary::ARID1A+KRAS+STK11+TP53	3	0.2640022537266612	0.0	0.6371673949866957	0.0	0.0	500
primary::BRAF+KEAP1+KRAS+STK11	4	0.3592047172727345	0.03613717075236654	0.8219141419982241	0.0	0.0	500
primary::CDKN2A+KRAS+RBM10	1	0.09061629719447209	0.0	0.28693089978685804	0.0	0.0	500
unknown::BRAF+EGFR+TP53	3	0.2740109662797001	0.0	0.6907766164398493	0.0	0.0	500
metastatic::MET+STK11+TP53	5	0.4951395002437115	0.09465630833452116	0.978876171627915	0.0	0.0	500
primary::EGFR+PIK3CA+SMARCA4+TP53	1	0.09291261756518843	0.0	0.336702734784741	0.0	0.0	500
metastatic::CDKN2A+MET+TP53	3	0.28489752937099366	0.0	0.6384033757802762	0.0	0.0	500
metastatic::ATM+STK11+TP53	5	0.45625346750972406	0.10983693185279034	1.0003721648603205	0.0	0.0	500
primary::BRAF+KEAP1+STK11+TP53	4	0.37431945914240894	0.08508754266007862	0.8948987905193676	0.0	0.0	500
primary::ATM+CDKN2A+KRAS+TP53	3	0.2770695644650788	0.0	0.6748694689229895	0.0	0.0	500
metastatic::KEAP1+NF1+STK11+TP53	6	0.5648203790175632	0.15605205946681108	1.2765408365187094	0.0	0.0	500
unknown::KRAS+STK11	8	0.7702891577013737	0.29772558848686986	1.4055502740290744	0.0	0.0	500
metastatic::KRAS+SMARCA4+STK11	12	1.162399506139825	0.5441280091187634	1.9909213348458408	0.0	0.0	500
primary::EGFR+PIK3CA+SETD2+TP53	3	0.27874371363708883	0.0	0.728853166809809	0.0	0.0	500
metastatic::EGFR+MET+PIK3CA+TP53	3	0.29376297367386417	0.0	0.7384014291455968	0.0	0.0	500
primary::CDKN2A+KEAP1+TP53	11	1.0902777904807932	0.4699908541729732	1.994453425301771	0.0	0.0	500
metastatic::ARID1A+KRAS+STK11+TP53	2	0.19100913210685766	0.0	0.5132825527937575	0.0	0.0	500
primary::CDKN2A+KRAS+NF1+TP53	1	0.09898424477862228	0.0	0.3357069656652612	0.0	0.0	500
primary::ARID1A+CDKN2A+KRAS+TP53	6	0.5414223965800022	0.17608861049456317	1.1834601242040077	0.0	0.0	500
metastatic::KRAS+SMARCA4+STK11+TP53	13	1.3046306665670706	0.5863966180065855	2.234078619140779	0.0	0.0	500
primary::BRAF+PIK3CA+TP53	3	0.2960672408931526	0.0	0.7310410728630999	0.0	0.0	500
metastatic::EGFR+SMARCA4	9	0.9185004377270423	0.3835604646119395	1.7162860820226904	0.0	0.0	500
metastatic::CDKN2A+SMARCA4+TP53	12	1.166821449108471	0.5870219338416246	1.97184328759708	0.0	0.0	500
primary::BRAF+MET+TP53	1	0.09947071531327806	0.0	0.3691827203797491	0.0	0.0	500
unknown::EGFR+SMARCA4+TP53	7	0.705358194725141	0.2811111141943973	1.3823510089484004	0.0	0.0	500
primary::CDKN2A+KEAP1+KRAS+TP53	4	0.4061571679215701	0.09898498104007335	0.9273791296502054	0.0	0.0	500
metastatic::EGFR+NF1	13	1.3069626713771267	0.6557141134522226	2.169109387924893	0.0	0.0	500
metastatic::ATM+KRAS+RBM10+TP53	10	1.0183693075499147	0.41906316771526114	1.7846289557043895	0.0	0.0	500
unknown::KRAS+STK11+TP53	5	0.5165521156272365	0.09849711963104671	1.1397245929645128	0.0	0.0	500
metastatic::MET+PIK3CA+TP53	2	0.20384109636469477	0.0	0.6216586244313081	0.0	0.0	500
primary::KRAS+MET+RBM10	1	0.09814189187197139	0.0	0.36551058272049575	0.0	0.0	500
primary::BRAF+KRAS+RBM10	8	0.8549505795356533	0.3357754809128689	1.587769045474848	0.0	0.0	500
primary::NF1+SMARCA4+TP53	8	0.8694936434152802	0.3394036556940444	1.5579589368606432	0.0	0.0	500
primary::ATM+KRAS+NF1+TP53	5	0.5344378631157464	0.10980993866434549	1.0340610800622128	0.0	0.0	500
primary::BRAF+KEAP1+TP53	7	0.7367099702713806	0.23756453972032318	1.4436076025829923	0.0	0.0	500
unknown::BRAF+TP53	3	0.31143653657068826	0.0	0.8121288433597851	0.0	0.0	500
primary::BRAF+EGFR+RBM10	2	0.21493174884264246	0.0	0.5790339700404478	0.0	0.0	500
primary::ATM+STK11+TP53	6	0.6618244140627323	0.17167516928552717	1.3185003791571612	0.0	0.0	500
metastatic::ARID1A+ATM+EGFR+TP53	1	0.10597279161747877	0.0	0.3967207161407999	0.0	0.0	500
primary::NF1+PIK3CA+TP53	2	0.21334125067267806	0.0	0.6021273362204288	0.0	0.0	500
primary::ARID1A+KRAS+SETD2+TP53	3	0.3190571270506852	0.0	0.8783508255563346	0.0	0.0	500
primary::EGFR+RBM10+SETD2+TP53	3	0.31970510870508995	0.0	0.8235363310407904	0.0	0.0	500
metastatic::BRAF+SMARCA4+TP53	3	0.3294462683529974	0.0	0.8020134946644011	0.0	0.0	500
metastatic::CDKN2A+KRAS+RBM10+TP53	4	0.4382423863098235	0.1009958142519367	0.9958910585596052	0.0	0.0	500
metastatic::ARID1A+KEAP1+TP53	14	1.5932678532619051	0.8290882405576508	2.6419665656082603	0.0	0.0	500
primary::BRAF+EGFR+PIK3CA+TP53	2	0.22041951010220337	0.0	0.6371279719642645	0.0	0.0	500
metastatic::NF1+SETD2+TP53	8	0.8620386466819774	0.336080751019897	1.5455241880430821	0.0	0.0	500
metastatic::BRAF+SETD2	17	1.9525004700440953	1.1295014944116017	3.0051481946533745	0.0	0.006	500
metastatic::ATM+EGFR+RBM10	11	1.1913273544502154	0.564218922456727	2.1727643163621866	0.0	0.0	500
primary::KEAP1+KRAS+SETD2+STK11	3	0.32438229167365473	0.0	0.8331009058772132	0.0	0.0	500
primary::EGFR+KRAS+RBM10+TP53	3	0.3123469891429428	0.0	0.7973127378064804	0.0	0.0	500
primary::CDKN2A+KRAS+SMARCA4+TP53	3	0.3220468717922207	0.0	0.8058970179484458	0.0	0.0	500
primary::ATM+EGFR+KRAS	4	0.4410615262052058	0.10094836682915226	0.9783299947684594	0.0	0.0	500
primary::ATM+BRAF+KRAS	3	0.3382654612901823	0.0	0.8410410981033564	0.0	0.0	500
primary::CDKN2A+KEAP1+KRAS+SMARCA4+STK11	5	0.5792596160061401	0.14555480632524634	1.2020795204059052	0.0	0.0	500
metastatic::CDKN2A+KEAP1+STK11+TP53	4	0.44573676375771754	0.08488932360246346	1.0153924263617298	0.0	0.0	500
primary::KRAS+RBM10+SETD2+TP53	3	0.33701552206470303	0.0	0.8044086768340996	0.0	0.0	500
metastatic::ATM+EGFR+NF1+TP53	6	0.6738064068117914	0.22044827026826452	1.3360635539471484	0.0	0.0	500
metastatic::ATM+BRAF+TP53	5	0.5701500396445216	0.11448108316195217	1.1705477948861167	0.0	0.0	500
primary::ARID1A+ATM+KRAS+TP53	3	0.33864010424248886	0.0	0.8121525974194865	0.0	0.0	500
metastatic::NF1+RBM10+TP53	8	0.9069221714927549	0.34740770163885315	1.5941673367138454	0.0	0.0	500
metastatic::KRAS+NF1+RBM10+TP53	5	0.6142191736726595	0.13274553119482707	1.3001498402166238	0.0	0.0	500
primary::ATM+KEAP1+KRAS	8	0.9476042719405489	0.32889653971962785	1.8112111862024534	0.0	0.0	500
primary::ARID1A+KRAS+NF1+TP53	1	0.1130414369170086	0.0	0.46905981776002326	0.0	0.0	500
primary::ARID1A+EGFR+RBM10	3	0.3278086923955482	0.0	0.8123359872119943	0.0	0.0	500
primary::ATM+BRAF	9	1.0424467558440682	0.3795478306894953	1.8523721234741053	0.0	0.0	500
metastatic::KEAP1+KRAS+NF1+STK11	7	0.7941860567618559	0.28085093642165654	1.655727221956154	0.0	0.0	500
primary::NF1+SETD2+TP53	7	0.8337493036777093	0.30895745622387455	1.5251848618471817	0.0	0.0	500
metastatic::ARID1A+KEAP1+KRAS+SMARCA4+STK11	1	0.11675035789156604	0.0	0.4480282990003567	0.0	0.0	500
metastatic::ARID1A+CDKN2A+KRAS+TP53	4	0.4462693940226302	0.0	1.018357963073859	0.0	0.0	500
metastatic::KRAS+RBM10+STK11+TP53	2	0.233362577316739	0.0	0.6340627997792257	0.0	0.0	500
metastatic::KRAS+PIK3CA+STK11+TP53	1	0.11559335582100608	0.0	0.3996105903134616	0.0	0.0	500
primary::KEAP1+KRAS+RBM10+TP53	5	0.5752883985216853	0.14179182042002444	1.2772017487720853	0.0	0.0	500
primary::ATM+BRAF+TP53	3	0.35602234330631644	0.0	0.8966419810196729	0.0	0.0	500
primary::ATM+MET	13	1.5874233688386634	0.8229993573503008	2.5967534389375704	0.0	0.002	500
unknown::CDKN2A+TP53	7	0.8499178296129859	0.3093146899246543	1.6575987563948422	0.0	0.0	500
metastatic::ARID1A+BRAF+TP53	5	0.6021593485958161	0.1255948507859285	1.3365241422978786	0.0	0.0	500
primary::KRAS+PIK3CA+RBM10+TP53	2	0.23336891733680598	0.0	0.6914845006016496	0.0	0.0	500
metastatic::BRAF+KEAP1+TP53	7	0.860441012786873	0.34497340360572526	1.5555567051970665	0.0	0.0	500
primary::PIK3CA+STK11+TP53	6	0.7331981090186456	0.2195982548529141	1.5438290050927832	0.0	0.0	500
metastatic::CDKN2A+KEAP1+KRAS+TP53	4	0.46145943405870943	0.11020261815264987	1.0383627291325468	0.0	0.0	500
primary::ATM+KRAS+RBM10+SETD2	3	0.3535673819968008	0.0	0.9615770343885942	0.0	0.0	500
primary::ARID1A+BRAF+TP53	4	0.4795617065302489	0.10091535765987189	1.1464684341750633	0.0	0.0	500
primary::ARID1A+MET+TP53	9	1.1167716355616966	0.41730933458598346	2.0303637350793187	0.0	0.0	500
primary::ATM+KRAS+MET	3	0.37584169410404267	0.0	0.9541386281030022	0.0	0.0	500
metastatic::ATM+CDKN2A+EGFR+TP53	1	0.11848096873527025	0.0	0.41808179879585855	0.0	0.0	500
primary::KRAS+RBM10+SMARCA4	5	0.6096715561135768	0.12982189150393075	1.3354493508012248	0.0	0.0	500
metastatic::CDKN2A+KRAS+PIK3CA+TP53	1	0.12246647441361791	0.0	0.41560432286665294	0.0	0.0	500
metastatic::ARID1A+KEAP1+KRAS+STK11	7	0.8722313675250241	0.3081034751540902	1.764043913735388	0.0	0.0	500
primary::BRAF+RBM10	8	1.0	0.3861742279177364	1.9052680987886073	0.0	0.0	500
primary::EGFR+KRAS+PIK3CA	1	0.1258641340090044	0.0	0.4162402366189888	0.0	0.0	500
metastatic::BRAF+KEAP1+STK11+TP53	4	0.4549342132814162	0.1022379373129168	1.2816863074783174	0.0	0.0	500
metastatic::ARID1A+EGFR+NF1+TP53	2	0.25418985868763044	0.0	0.7025381610546315	0.0	0.0	500
metastatic::KRAS+NF1+STK11+TP53	5	0.6082457783938684	0.13808405015259068	1.3561471633935687	0.0	0.0	500
primary::KEAP1+NF1+SMARCA4+STK11+TP53	2	0.22861518137898096	0.0	0.7931529799777135	0.0	0.0	500
primary::CDKN2A+SMARCA4+TP53	14	1.8229777966290692	0.8946710275259602	3.075971161097654	0.0	0.008	500
primary::BRAF+EGFR+RBM10+TP53	2	0.2500747666856621	0.0	0.710910687655072	0.0	0.0	500
primary::ARID1A+CDKN2A+EGFR+TP53	1	0.12686403592386108	0.0	0.43774720871953604	0.0	0.0	500
metastatic::BRAF+PIK3CA+TP53	4	0.4955476651214468	0.11220487580041921	1.1618171151263408	0.0	0.0	500
primary::ATM+KEAP1+KRAS+RBM10+STK11	1	0.1251249996734248	0.0	0.4572979515904592	0.0	0.0	500
metastatic::ARID1A+STK11+TP53	5	0.6364249220140912	0.1546054588306325	1.349351684549404	0.0	0.0	500
primary::EGFR+RBM10+SMARCA4	4	0.5077127103917836	0.11100186610574549	1.1679001511585412	0.0	0.0	500
primary::ATM+EGFR+PIK3CA	7	0.9223390338264372	0.3431441753632026	1.7156663877806588	0.0	0.0	500
primary::ARID1A+KRAS+PIK3CA+TP53	3	0.37888120927465435	0.0	0.9803758725488874	0.0	0.0	500
metastatic::EGFR+PIK3CA+SETD2+TP53	8	1.0539160590309258	0.4339635647428976	2.1339232105473585	0.0	0.0	500
primary::ARID1A+ATM+EGFR+TP53	1	0.12661956135538538	0.0	0.4383897383926583	0.0	0.0	500
primary::ATM+KRAS+NF1+RBM10	7	0.9276251353145525	0.28603660921685853	1.8112590630837877	0.0	0.0	500
primary::ARID1A+STK11+TP53	3	0.3886788123875959	0.0	0.9512060611364215	0.0	0.0	500
primary::MET+SETD2	7	0.9683002069823903	0.3820683767739671	1.7548688692874088	0.0	0.0	500
metastatic::KRAS+MET+TP53	14	1.9352624312761035	0.8670930652803679	3.2980901513760945	0.0	0.016	500
primary::MET+NF1	14	1.8894003559026271	0.9657595707043617	2.994475855091684	0.0	0.01	500
metastatic::ARID1A+KEAP1+KRAS+TP53	2	0.25434719696016306	0.0	0.7410771988291203	0.0	0.0	500
primary::CDKN2A+KEAP1+STK11+TP53	1	0.1245841362898024	0.0	0.4871900176158338	0.0	0.0	500
metastatic::ARID1A+CDKN2A+EGFR+TP53	1	0.1290376131035068	0.0	0.4715298592432517	0.0	0.0	500
unknown::MET+TP53	2	0.25125476430545607	0.0	0.7441265056437798	0.0	0.0	500
metastatic::BRAF+STK11	4	0.5572757779614034	0.0	1.1456124151487868	0.0	0.0	500
primary::BRAF+NF1	9	1.2466834475082593	0.5096584391031213	2.092046414689613	0.0	0.0	500
metastatic::ARID1A+ATM+KRAS+TP53	6	0.764479811018521	0.26436241345663386	1.7402383907879722	0.0	0.0	500
primary::KEAP1+KRAS+NF1+TP53	3	0.40046385100335746	0.0	1.0243223885307304	0.0	0.0	500
primary::ARID1A+KEAP1+KRAS+TP53	3	0.3649268806970086	0.0	0.9540528437383926	0.0	0.0	500
primary::ARID1A+ATM+KRAS+RBM10	2	0.26283594403085997	0.0	0.7719606504804528	0.0	0.0	500
metastatic::EGFR+RBM10+SETD2+TP53	1	0.13525657053641038	0.0	0.4928845272444627	0.0	0.0	500
primary::ATM+MET+TP53	1	0.13527091159732071	0.0	0.43413828688029266	0.0	0.0	500
metastatic::ARID1A+KRAS+RBM10+TP53	3	0.38115470857268385	0.0	0.9667317505710415	0.0	0.0	500
metastatic::CDKN2A+KRAS+SMARCA4+TP53	5	0.6974757442181514	0.1367538988046876	1.4832493602665504	0.0	0.0	500
metastatic::ARID1A+SETD2+TP53	8	1.126329345633044	0.4450576497277004	2.0586791905528594	0.0	0.0	500
metastatic::ATM+EGFR+SMARCA4+TP53	2	0.2798799334767762	0.0	0.7820018376145857	0.0	0.0	500
metastatic::NF1+PIK3CA+TP53	5	0.7056168210917919	0.1651178824725311	1.4110160409336643	0.0	0.0	500
primary::ATM+CDKN2A+KRAS	4	0.5627991848712715	0.13180797707396277	1.2102899606377446	0.0	0.0	500
primary::KEAP1+NF1+STK11	12	1.8072174534785792	0.7812960365888794	3.4567428277171395	0.0	0.024	500
metastatic::CDKN2A+KRAS+NF1+TP53	3	0.4171278867813526	0.0	1.0442191654742696	0.0	0.0	500
metastatic::ATM+KEAP1+KRAS+TP53	4	0.5375270914913609	0.12448339940765146	1.2927652370424494	0.0	0.0	500
primary::BRAF+CDKN2A+KRAS+TP53	2	0.26419843669836246	0.0	0.7262986177361415	0.0	0.0	500
primary::ARID1A+EGFR+SETD2+TP53	2	0.2674395545141218	0.0	0.8253982980680873	0.0	0.0	500
metastatic::ARID1A+KRAS+NF1+TP53	3	0.40289315534153103	0.0	1.060362481162456	0.0	0.0	500
primary::BRAF+KRAS+SETD2	2	0.28205114907818496	0.0	0.7481029993201189	0.0	0.0	500
primary::ARID1A+ATM+KRAS+STK11	5	0.7003087210628427	0.1807415058081158	1.5647911069281826	0.0	0.0	500
primary::ATM+EGFR+NF1+TP53	3	0.41541242668318723	0.0	1.0522443519612679	0.0	0.0	500
unknown::CDKN2A+KRAS+TP53	5	0.7140052044366398	0.14977953656065793	1.6275816423740748	0.0	0.0	500
primary::EGFR+MET+RBM10+TP53	1	0.14191118475979314	0.0	0.5394675389653114	0.0	0.0	500
primary::BRAF+RBM10+TP53	6	0.7926592151989469	0.2508380965326799	1.5352969548308513	0.0	0.0	500
unknown::KEAP1+TP53	2	0.28769076511789377	0.0	0.7970639069689776	0.0	0.0	500
primary::BRAF+SMARCA4+TP53	4	0.5492283948146874	0.1298386028193726	1.2523484145821264	0.0	0.0	500
metastatic::KEAP1+SMARCA4+STK11	10	1.492316903021818	0.6039829603684127	2.98733292502157	0.0	0.01	500
metastatic::ARID1A+EGFR+SMARCA4+TP53	2	0.2845850517112107	0.0	0.8837607711151308	0.0	0.0	500
metastatic::ARID1A+CDKN2A+TP53	4	0.5195833051256591	0.1262448653940123	1.219424269795372	0.0	0.0	500
unknown::ATM+KRAS+TP53	3	0.4202744124605378	0.0	1.1472001814699686	0.0	0.0	500
primary::KEAP1+KRAS+NF1+SMARCA4+STK11	2	0.29445180565740875	0.0	0.837880383755594	0.0	0.0	500
primary::MET+RBM10	24	3.526783754340295	2.2161316820512984	5.3991893965942035	0.0	0.558	500
metastatic::ATM+KEAP1+KRAS+RBM10+STK11	2	0.2860816395038107	0.0	0.8726084495368381	0.0	0.0	500
primary::CDKN2A+PIK3CA+TP53	6	0.874571301429796	0.27705925760386657	1.7024422529017196	0.0	0.0	500
metastatic::KEAP1+KRAS+RBM10+TP53	1	0.1375837537052052	0.0	0.5293295515502151	0.0	0.0	500
metastatic::KEAP1+KRAS+NF1+SMARCA4+STK11	2	0.2666306524597417	0.0	0.8163065379127235	0.0	0.0	500
primary::CDKN2A+EGFR+RBM10	4	0.5778428567883903	0.13015086424739433	1.2217857213708971	0.0	0.0	500
primary::BRAF+KRAS+STK11+TP53	1	0.14984804881396355	0.0	0.5200338650935397	0.0	0.0	500
primary::ATM+KEAP1+KRAS+TP53	4	0.5859215839960569	0.13851248240912803	1.3784575109928578	0.0	0.0	500
primary::ATM+KRAS+SMARCA4	6	0.9102713828185633	0.26947896317384423	1.819286934001309	0.0	0.0	500
metastatic::CDKN2A+KEAP1+SMARCA4+TP53	3	0.45094139595039856	0.0	1.1071835380338328	0.0	0.0	500
metastatic::ATM+KRAS+NF1+TP53	1	0.1494047141608819	0.0	0.49048595718094223	0.0	0.0	500
metastatic::ATM+KEAP1+TP53	2	0.2927494774228394	0.0	0.8079862581731948	0.0	0.0	500
metastatic::ATM+EGFR+STK11+TP53	3	0.43008423750588626	0.0	1.0745115154923708	0.0	0.0	500
primary::MET+RBM10+TP53	8	1.1916884614584005	0.4549991631672112	2.185553932610507	0.0	0.0	500
metastatic::EGFR+KEAP1	10	1.5115938862150036	0.5898600488851623	2.547912666494939	0.0	0.0	500
metastatic::ATM+KRAS+SMARCA4+STK11	4	0.5856197895421047	0.13002094909561318	1.3969833482993557	0.0	0.0	500
metastatic::SETD2+STK11+TP53	3	0.4344066395425177	0.0	1.1402866782292034	0.0	0.0	500
primary::BRAF+PIK3CA	7	1.0058193026112519	0.32399260649023587	2.0311432872360906	0.0	0.0	500
metastatic::ATM+CDKN2A+KRAS+TP53	1	0.1481079385878915	0.0	0.5695057251763175	0.0	0.0	500
metastatic::EGFR+PIK3CA+RBM10	6	0.8629667150499146	0.288086885353122	1.8079436372269504	0.0	0.0	500
primary::KRAS+SETD2+STK11+TP53	3	0.45652053785409963	0.0	1.043367757212017	0.0	0.0	500
unknown::ATM+TP53	12	1.8615800611752142	0.8982237080298354	3.2267582463316513	0.0	0.016	500
metastatic::KEAP1+SETD2+TP53	7	1.1171560510502727	0.34401951503696954	2.188870957994722	0.0	0.0	500
primary::KRAS+MET+PIK3CA+TP53	2	0.2857317495480022	0.0	0.9539149506981208	0.0	0.0	500
primary::KRAS+NF1+PIK3CA+TP53	3	0.4605361366569315	0.0	1.1592261108837163	0.0	0.0	500
primary::ATM+STK11	10	1.556171784492784	0.7842477640264157	2.852825061857261	0.0	0.0	500
primary::CDKN2A+EGFR+NF1+TP53	1	0.1535257067325299	0.0	0.5561461694266011	0.0	0.0	500
primary::ARID1A+KEAP1+TP53	11	1.693273739159643	0.783321744735887	2.9743786212794916	0.0	0.002	500
unknown::EGFR+KRAS+TP53	2	0.3100748720186952	0.0	1.2193176173572267	0.0	0.0	500
metastatic::EGFR+KRAS+RBM10	2	0.3094767681294577	0.0	0.8701518274034328	0.0	0.0	500
primary::MET+SETD2+TP53	2	0.310718613485571	0.0	0.8692607976216762	0.0	0.0	500
metastatic::ATM+EGFR+KRAS	5	0.8070086192194248	0.1554654970056925	1.6797031686460087	0.0	0.0	500
metastatic::CDKN2A+KEAP1+KRAS+STK11	3	0.4802101879790099	0.0	1.1753640850869427	0.0	0.0	500
unknown::KRAS+RBM10+TP53	4	0.6286393120743842	0.13397516373546697	1.5843343713423887	0.0	0.0	500
unknown::ARID1A+TP53	4	0.6644144572137349	0.14454835207910302	1.4937311421684858	0.0	0.0	500
metastatic::CDKN2A+EGFR+NF1+TP53	1	0.1594670156050227	0.0	0.5961016986555788	0.0	0.0	500
primary::ATM+KEAP1+STK11+TP53	2	0.2968069393955224	0.0	0.9746734734749348	0.0	0.0	500
primary::ATM+KRAS+PIK3CA+TP53	3	0.48092842758044685	0.0	1.1538113082311316	0.0	0.0	500
metastatic::BRAF+MET+TP53	3	0.4617381875195081	0.0	1.1952888494525802	0.0	0.0	500
metastatic::KRAS+PIK3CA+STK11	1	0.16220162652189324	0.0	0.6063411722548671	0.0	0.0	500
unknown::EGFR+PIK3CA	7	1.1725334044891205	0.3247508540462652	2.2582425451413286	0.0	0.0	500
primary::ATM+BRAF+KRAS+STK11	2	0.30367654116969356	0.0	0.8733729131684557	0.0	0.0	500
metastatic::ATM+KEAP1+KRAS	10	1.663918722565457	0.692722820071084	3.2122911925941073	0.0	0.016	500
primary::ATM+KRAS+SETD2+TP53	4	0.6438378302233114	0.13810760304526631	1.4435880410989552	0.0	0.0	500
unknown::KEAP1+KRAS+STK11	7	1.154284107760354	0.36226688394278234	3.0894998110571326	0.0	0.01	500
primary::ATM+KRAS+NF1+STK11	2	0.3301429145614012	0.0	0.9644126776719862	0.0	0.0	500
primary::KRAS+RBM10+SMARCA4+TP53	3	0.4597483587666499	0.0	1.194282100761354	0.0	0.0	500
metastatic::CDKN2A+PIK3CA+TP53	1	0.1646526620787388	0.0	0.5506001389576427	0.0	0.0	500
unknown::ATM+EGFR	5	0.847022044439336	0.16274645999435144	1.6800316987969626	0.0	0.0	500
primary::KEAP1+KRAS+SETD2+SMARCA4+STK11	1	0.1500877492675199	0.0	0.6251921088173326	0.0	0.0	500
metastatic::ATM+CDKN2A+TP53	2	0.33385013638962935	0.0	0.9731453952743576	0.0	0.0	500
primary::ARID1A+CDKN2A+TP53	4	0.6761844037055977	0.14692983638985732	1.5367676952193363	0.0	0.0	500
metastatic::EGFR+KRAS+PIK3CA+TP53	2	0.3028345756709814	0.0	0.9788739505694221	0.0	0.0	500
metastatic::ATM+KEAP1+KRAS+STK11+TP53	1	0.1593313607172026	0.0	0.6946250597244193	0.0	0.0	500
primary::KEAP1+KRAS+PIK3CA+TP53	2	0.33994855030486293	0.0	0.9308410675176938	0.0	0.0	500
primary::ATM+KEAP1+KRAS+RBM10+SMARCA4+STK11	1	0.15603491459265156	0.0	0.7851501539319368	0.0	0.0	500
metastatic::KEAP1+NF1+SMARCA4+TP53	3	0.5053198060015573	0.0	1.3615166431407606	0.0	0.0	500
metastatic::BRAF+EGFR+SETD2+TP53	2	0.30919414939231593	0.0	1.0812810506337016	0.0	0.0	500
primary::EGFR+KRAS+PIK3CA+TP53	3	0.4767817448715968	0.0	1.338030624061038	0.0	0.0	500
metastatic::ATM+MET+TP53	6	1.0567293646307205	0.32416899346718536	2.1227038103566396	0.0	0.0	500
unknown::EGFR+RBM10	24	4.255836429106071	2.564594874430644	5.965685906096533	0.006	0.812	500
metastatic::CDKN2A+KEAP1+KRAS+STK11+TP53	2	0.32671196758947463	0.0	0.996442594643442	0.0	0.0	500
metastatic::PIK3CA+STK11+TP53	5	0.8347187923192738	0.21369580138101374	1.9030559557208775	0.0	0.0	500
metastatic::SETD2+SMARCA4+TP53	4	0.6610312247592386	0.0	1.4756805328277691	0.0	0.0	500
primary::KEAP1+KRAS+PIK3CA+STK11	2	0.33410864160139087	0.0	0.9354051204858935	0.0	0.0	500
primary::ARID1A+KRAS+SETD2	8	1.4223715543912667	0.5833298849038523	2.5095012409479307	0.0	0.0	500
metastatic::ARID1A+KEAP1+STK11+TP53	4	0.6430967543387268	0.14359731844765733	1.8102114448199258	0.0	0.0	500
primary::ARID1A+KEAP1+NF1+TP53	3	0.5074225002571078	0.0	1.167675849843329	0.0	0.0	500
metastatic::KEAP1+KRAS+NF1+TP53	4	0.6968799148003462	0.15805070757847206	1.6152636504012015	0.0	0.0	500
primary::MET+SMARCA4+TP53	1	0.17183337885718047	0.0	0.5938947558027649	0.0	0.0	500
metastatic::MET+SETD2+TP53	4	0.6991032893436702	0.1502918068125323	1.562713144379336	0.0	0.0	500
metastatic::ATM+EGFR+KRAS+TP53	2	0.32336731981634914	0.0	1.025315638796622	0.0	0.0	500
primary::CDKN2A+KEAP1+KRAS+STK11+TP53	1	0.1711460862405432	0.0	0.6103280100533945	0.0	0.0	500
unknown::EGFR+KRAS	6	1.0516146321485351	0.3428557816598513	2.069427281810938	0.0	0.0	500
primary::BRAF+KEAP1+SMARCA4+STK11	3	0.5366103584364303	0.0	1.4840936171414123	0.0	0.0	500
primary::SMARCA4+STK11	10	1.8007865551238105	0.7491185828314318	3.1434959648408562	0.0	0.008	500
primary::KEAP1+KRAS+SMARCA4	13	2.379359139943695	1.0884228255592685	4.2737747514052264	0.0	0.094	500
metastatic::KEAP1+KRAS+SETD2+STK11	7	1.2556465720404755	0.3706173351217407	2.727036007692285	0.0	0.004	500
primary::KRAS+PIK3CA+SETD2	3	0.5122090398654021	0.0	1.290145297967424	0.0	0.0	500
primary::KEAP1+NF1+SMARCA4+STK11	2	0.35348302695711914	0.0	1.0672134206340307	0.0	0.0	500
unknown::PIK3CA+TP53	7	1.3246113255183443	0.49252108866853245	2.4620927033577056	0.0	0.0	500
primary::ATM+EGFR+KRAS+RBM10	2	0.35277993444313877	0.0	1.0515977061588242	0.0	0.0	500
metastatic::ARID1A+KRAS+PIK3CA+TP53	2	0.3454284649734021	0.0	0.99042538398852	0.0	0.0	500
metastatic::EGFR+SMARCA4+STK11+TP53	3	0.5662642208593841	0.0	1.4525252144789558	0.0	0.0	500
metastatic::BRAF+RBM10+TP53	8	1.4851518628751026	0.6100010955676346	2.675536903496393	0.0	0.004	500
metastatic::ATM+KRAS+SETD2	3	0.5082080612598686	0.0	1.4251838632629072	0.0	0.0	500
primary::BRAF+KEAP1	5	0.9052595229480791	0.2740018431683212	1.7205177431153849	0.0	0.0	500
metastatic::ARID1A+KEAP1+NF1+TP53	3	0.5530715525338938	0.0	1.2991433992918324	0.0	0.0	500
primary::BRAF+SETD2+STK11	1	0.17632810417340336	0.0	0.664837735404732	0.0	0.0	500
metastatic::KEAP1+PIK3CA+TP53	6	1.0685764240249498	0.32431769509852	2.1220898807159267	0.0	0.0	500
metastatic::CDKN2A+KEAP1+SMARCA4+STK11+TP53	1	0.18333009871617328	0.0	0.848202557140248	0.0	0.0	500
metastatic::ATM+SETD2+TP53	5	0.9180530015006323	0.19224961178671385	1.9051463346875825	0.0	0.0	500
metastatic::EGFR+NF1+SMARCA4+TP53	1	0.18103690221740193	0.0	0.6768767976701534	0.0	0.0	500
metastatic::MET+SMARCA4+TP53	5	0.9319911372929995	0.2054801762198371	1.9715814517275472	0.0	0.0	500
metastatic::KEAP1+KRAS+SETD2+SMARCA4+STK11	3	0.5572232667195091	0.0	1.5700806304361954	0.0	0.0	500
metastatic::ARID1A+KRAS+SMARCA4+TP53	2	0.3451714370663653	0.0	1.0267817789234581	0.0	0.0	500
primary::BRAF+KEAP1+RBM10+STK11	2	0.3941223914751425	0.0	1.2867798102282928	0.0	0.0	500
primary::KEAP1+PIK3CA+TP53	7	1.2651438873996268	0.36069244133771916	2.4161117559564094	0.0	0.0	500
primary::EGFR+KEAP1+RBM10+TP53	1	0.1846213597295237	0.0	0.6155178649493276	0.0	0.0	500
primary::NF1+STK11	11	2.036004677746937	0.9304882052426258	3.5300318752019733	0.0	0.04	500
metastatic::ATM+EGFR+SETD2+TP53	2	0.35043139117103295	0.0	1.1061764381871144	0.0	0.0	500
metastatic::CDKN2A+KEAP1+KRAS+SMARCA4+STK11	6	1.120931501044407	0.3265168987882556	2.67968286378798	0.0	0.01	500
primary::KEAP1+MET+TP53	1	0.1825922534185483	0.0	0.6334575205562286	0.0	0.0	500
metastatic::KEAP1+KRAS+NF1+STK11+TP53	1	0.17966318849732127	0.0	0.686888986586309	0.0	0.0	500
primary::CDKN2A+MET	5	0.9172920274810628	0.19561459386399083	1.9393020358222475	0.0	0.0	500
metastatic::ARID1A+SMARCA4+TP53	3	0.5435626370844333	0.0	1.4475924119718564	0.0	0.0	500
metastatic::EGFR+KRAS+RBM10+TP53	2	0.3348701213806049	0.0	1.1651534271725827	0.0	0.0	500
primary::CDKN2A+KRAS+SETD2+TP53	1	0.19455524031000776	0.0	0.6087401621243018	0.0	0.0	500
primary::ATM+KEAP1+STK11	4	0.7293262828607454	0.16124575405791503	1.7344393344393283	0.0	0.0	500
unknown::EGFR+KEAP1+TP53	2	0.386260639816128	0.0	1.0590268685379434	0.0	0.0	500
metastatic::ATM+SMARCA4+TP53	4	0.7674778680066588	0.18728817492591757	1.7373815955311986	0.0	0.0	500
metastatic::ARID1A+MET+TP53	6	1.0900667500769123	0.35642830727213276	2.472929487462419	0.0	0.004	500
primary::CDKN2A+KEAP1+SMARCA4+TP53	7	1.3096506450507122	0.40643630470188813	2.933879036451305	0.0	0.004	500
primary::ARID1A+KEAP1+STK11+TP53	3	0.586832347540508	0.0	1.5081035032934427	0.0	0.0	500
metastatic::KEAP1+MET+TP53	1	0.19329855488554898	0.0	0.6568327634784813	0.0	0.0	500
primary::CDKN2A+EGFR+MET+TP53	5	1.0211909257537686	0.24912597212519466	2.48495329924258	0.0	0.0	500
metastatic::ARID1A+EGFR+SETD2+TP53	1	0.1886936456496145	0.0	0.7193267671026589	0.0	0.0	500
primary::KRAS+NF1+SETD2+TP53	1	0.19475065154376678	0.0	0.6461803195497274	0.0	0.0	500
primary::RBM10+STK11+TP53	3	0.5759099034360486	0.0	1.4317523590945713	0.0	0.0	500
unknown::KRAS+RBM10	11	2.174744884588981	1.001796585358616	4.010297061373528	0.0	0.064	500
primary::ARID1A+SETD2+TP53	2	0.37373626537851146	0.0	1.096353386393993	0.0	0.0	500
metastatic::EGFR+KEAP1+PIK3CA+TP53	4	0.8029405675135246	0.16384373635820193	1.8290643863660863	0.0	0.0	500
metastatic::ATM+KRAS+PIK3CA+TP53	1	0.20277360784029885	0.0	0.7433000434107063	0.0	0.0	500
primary::CDKN2A+KRAS+MET+TP53	3	0.571949541950354	0.0	1.646963456743598	0.0	0.0	500
metastatic::ATM+KEAP1+KRAS+RBM10+SMARCA4+STK11	1	0.18518224559569552	0.0	0.9113930974187032	0.0	0.0	500
primary::ARID1A+BRAF	2	0.3937273127178694	0.0	1.005950501872658	0.0	0.0	500
metastatic::ARID1A+ATM+TP53	2	0.38675751566227917	0.0	1.041556046963713	0.0	0.0	500
metastatic::ARID1A+EGFR+RBM10	2	0.3747159783058156	0.0	1.1320194436961357	0.0	0.0	500
metastatic::ATM+BRAF+EGFR+TP53	2	0.3828953982107137	0.0	1.0812941239398803	0.0	0.0	500
primary::ARID1A+ATM+KEAP1+KRAS+STK11	1	0.19062947577991268	0.0	0.8836133676947601	0.0	0.0	500
primary::KRAS+PIK3CA+SETD2+TP53	4	0.8007570307462621	0.1744113445935561	1.8722573251778265	0.0	0.0	500
unknown::SMARCA4+TP53	6	1.2100069943737646	0.33916308006306445	2.459379801038257	0.0	0.0	500
metastatic::MET+STK11	1	0.20243434057682225	0.0	0.7745034508020077	0.0	0.0	500
primary::ATM+CDKN2A+TP53	4	0.8658346580134526	0.19412265677862775	1.910537236445736	0.0	0.0	500
metastatic::ARID1A+KRAS+RBM10	3	0.565759683475249	0.0	1.5848587580137974	0.0	0.0	500
primary::SETD2+STK11+TP53	1	0.19215775054293396	0.0	0.7312569214685941	0.0	0.0	500
primary::ARID1A+MET	7	1.4680813224377447	0.6311482936545126	2.680763122943814	0.0	0.002	500
primary::CDKN2A+KEAP1+SMARCA4+STK11+TP53	1	0.19537158561043116	0.0	0.8717350826657866	0.0	0.0	500
metastatic::CDKN2A+SETD2+TP53	1	0.20171674077841178	0.0	0.6982167614603754	0.0	0.0	500
metastatic::ATM+BRAF	7	1.489384681445181	0.5432874474195037	2.706444893241649	0.0	0.004	500
primary::BRAF+KRAS+SETD2+TP53	2	0.39302274977021145	0.0	1.147689565988996	0.0	0.0	500
metastatic::KEAP1+KRAS+RBM10	5	1.0573927907949232	0.21354453737022505	2.172274547501921	0.0	0.0	500
metastatic::ARID1A+KRAS+SETD2+TP53	3	0.5665961306083682	0.0	1.5089721880965619	0.0	0.0	500
metastatic::KRAS+PIK3CA+RBM10	4	0.8543940038864168	0.19628670616981356	1.8473169371671478	0.0	0.0	500
primary::KRAS+NF1+SMARCA4+TP53	6	1.2765913014349968	0.37422845640939034	2.5748193607504666	0.0	0.006	500
primary::ATM+KRAS+SMARCA4+TP53	1	0.20324840404343503	0.0	0.8206615051689438	0.0	0.0	500
metastatic::ATM+KRAS+PIK3CA	6	1.3056951519978177	0.4172411566195216	2.7134059587616637	0.0	0.0	500
primary::ATM+KEAP1+TP53	4	0.8159825716035722	0.18859705540430752	1.8562333944351819	0.0	0.0	500
primary::KRAS+RBM10+SMARCA4+STK11	2	0.40751097138359627	0.0	1.190694256231149	0.0	0.0	500
metastatic::BRAF+KRAS+STK11	1	0.21123648823032343	0.0	0.6911800948612018	0.0	0.0	500
metastatic::ATM+KEAP1+STK11+TP53	4	0.8262480303947668	0.0	2.186352238780783	0.0	0.002	500
unknown::SETD2+TP53	5	1.0114033529162718	0.2185103817210065	2.2294813176364374	0.0	0.0	500
metastatic::ARID1A+ATM+KEAP1+KRAS+STK11	3	0.637003469172351	0.0	1.974164959333294	0.0	0.0	500
primary::CDKN2A+RBM10+TP53	3	0.6425891067513274	0.0	1.6499168451872845	0.0	0.0	500
primary::SETD2+STK11	7	1.5436534998619644	0.6181936626596534	3.161928274425171	0.0	0.006	500
primary::KEAP1+PIK3CA+STK11+TP53	3	0.6506620640624396	0.0	2.181719033323149	0.0	0.0	500
metastatic::KEAP1+RBM10+TP53	2	0.414777315932251	0.0	1.0652619513163075	0.0	0.0	500
unknown::KRAS+SMARCA4+TP53	2	0.4251354633930697	0.0	1.3336859390927462	0.0	0.0	500
metastatic::ATM+MET	5	1.0887552135515675	0.21196897448174906	2.3630098818179697	0.0	0.002	500
primary::KEAP1+SETD2+TP53	7	1.5539855112261083	0.5025598521248686	2.976535303694782	0.0	0.006	500
metastatic::KEAP1+KRAS+PIK3CA+TP53	2	0.43370639841974146	0.0	1.2443309762316586	0.0	0.0	500
metastatic::CDKN2A+KRAS+STK11	3	0.6033155801481462	0.0	1.599414773716421	0.0	0.0	500
metastatic::KRAS+NF1+STK11	5	1.0759056969500005	0.24641983245267546	2.23606020921996	0.0	0.0	500
primary::KEAP1+RBM10+TP53	5	1.1145860484143457	0.21541990251903098	2.445383933816254	0.0	0.0	500
primary::KEAP1+RBM10+STK11	14	3.1806708098815824	1.612372040041417	5.689986327236386	0.0	0.392	500
unknown::RBM10+TP53	2	0.43407832967083365	0.0	1.2026365339983116	0.0	0.0	500
primary::KRAS+MET+STK11	5	1.1150199483807421	0.26951566511343733	2.6876362447591426	0.0	0.008	500
primary::ATM+KRAS+SETD2+STK11	2	0.4296249422360192	0.0	1.2463920309962773	0.0	0.0	500
primary::EGFR+NF1+SMARCA4+TP53	2	0.44903156330114913	0.0	1.3799269578726419	0.0	0.0	500
primary::CDKN2A+KRAS+PIK3CA	2	0.44677066928497267	0.0	1.356815638602915	0.0	0.0	500
primary::EGFR+PIK3CA+SETD2	7	1.5961831809119758	0.4958470660355574	3.174204876007632	0.0	0.016	500
primary::ATM+BRAF+SETD2	1	0.21833068266856825	0.0	0.7914025076587214	0.0	0.0	500
metastatic::ATM+EGFR+PIK3CA	3	0.7010909336935405	0.0	1.6038084744595689	0.0	0.0	500
metastatic::CDKN2A+RBM10+TP53	2	0.44309116806760607	0.0	1.2239868798019695	0.0	0.0	500
unknown::ATM+KRAS+STK11	5	1.1374258980445129	0.24072904220873553	2.9775122256945705	0.0	0.008	500
metastatic::MET+PIK3CA	4	0.8989255235219721	0.23348519512072	2.1396595491697776	0.0	0.0	500
primary::KRAS+SETD2+SMARCA4+TP53	4	0.8816887917390513	0.15937050796894	2.1579244933274078	0.0	0.0	500
unknown::EGFR+MET+TP53	5	1.1643956571294924	0.28008536897441116	2.6090393997753534	0.0	0.002	500
primary::BRAF+EGFR+PIK3CA	2	0.4962832530121891	0.0	1.2159210697830978	0.0	0.0	500
primary::BRAF+SMARCA4	1	0.2348726369348636	0.0	0.9114147793032038	0.0	0.0	500
primary::ATM+KEAP1+KRAS+STK11+TP53	1	0.2138104307912086	0.0	0.8404594595995806	0.0	0.0	500
unknown::ARID1A+KRAS+TP53	1	0.21958253190249055	0.0	1.019004455061616	0.0	0.0	500
metastatic::PIK3CA+SMARCA4+TP53	4	0.9146694623696683	0.0	2.110786920642036	0.0	0.0	500
primary::ARID1A+KRAS+SMARCA4+TP53	1	0.22530150777633276	0.0	0.8658252612192159	0.0	0.0	500
primary::ATM+EGFR+SETD2+TP53	1	0.23659628656587012	0.0	0.8182016765717736	0.0	0.0	500
unknown::KRAS+PIK3CA	2	0.4268151355250202	0.0	1.3842500078275053	0.0	0.0	500
metastatic::ATM+BRAF+KRAS	2	0.47141034019698136	0.0	1.3424604318454365	0.0	0.0	500
metastatic::CDKN2A+KEAP1+NF1+TP53	2	0.46591003348796656	0.0	1.352744787641065	0.0	0.0	500
metastatic::ATM+KRAS+SETD2+TP53	6	1.4826943038937497	0.3789305871173313	2.986889606456181	0.0	0.002	500
metastatic::ARID1A+ATM+KRAS+STK11	2	0.4513730554935805	0.0	1.3214371529903741	0.0	0.0	500
primary::ARID1A+KRAS+PIK3CA	6	1.4273838847897424	0.46455575170492863	2.8945226947925846	0.0	0.0	500
metastatic::KEAP1+KRAS+PIK3CA+STK11	1	0.23184042166191235	0.0	0.9116383438090444	0.0	0.0	500
metastatic::KRAS+NF1+PIK3CA+TP53	5	1.165332226223457	0.252909342653903	2.569077656285152	0.0	0.004	500
metastatic::ATM+KRAS+NF1+STK11	2	0.47894636770249355	0.0	1.3524331600591977	0.0	0.0	500
metastatic::CDKN2A+SMARCA4+STK11+TP53	2	0.4715761200096238	0.0	1.4935504116852902	0.0	0.0	500
primary::KEAP1+RBM10+STK11+TP53	2	0.47195130003115565	0.0	1.4417237190975134	0.0	0.0	500
metastatic::KRAS+SETD2+STK11+TP53	1	0.22091298909778445	0.0	0.9941650813381215	0.0	0.0	500
primary::RBM10+STK11	5	1.2396796243239887	0.25833530606072336	2.4889519127677957	0.0	0.002	500
primary::KEAP1+MET	1	0.24599528177501684	0.0	0.839426121130602	0.0	0.0	500
primary::ARID1A+PIK3CA+TP53	3	0.7723415032865543	0.0	1.8792318107039372	0.0	0.0	500
metastatic::CDKN2A+EGFR+MET+TP53	4	0.9073831434790063	0.0	2.2632965490698376	0.0	0.0	500
primary::KEAP1+KRAS+PIK3CA	3	0.7323771955713512	0.0	1.7942531088226013	0.0	0.0	500
primary::PIK3CA+STK11	2	0.47243824082349284	0.0	1.3482834850363008	0.0	0.0	500
metastatic::BRAF+KEAP1+KRAS+STK11	2	0.48527309621459336	0.0	1.3498191348425956	0.0	0.0	500
primary::BRAF+CDKN2A	8	1.9964722901965488	0.7301351903628871	3.505996199986569	0.0	0.036	500
primary::ATM+KRAS+RBM10+SMARCA4	2	0.4869900916598352	0.0	1.5206413127984222	0.0	0.0	500
metastatic::ATM+KRAS+SMARCA4+TP53	1	0.24723227849474383	0.0	0.9095702048608278	0.0	0.0	500
primary::ATM+SETD2	1	0.25261877885182904	0.0	0.9249302653043806	0.0	0.0	500
metastatic::KRAS+NF1+RBM10	5	1.2385366574813519	0.23025093035109537	2.8424145295316685	0.0	0.002	500
metastatic::EGFR+KRAS+PIK3CA	2	0.48251725134743684	0.0	1.4434568091266515	0.0	0.0	500
metastatic::BRAF+KEAP1+KRAS+SMARCA4+STK11	4	0.9886140954922547	0.20692264182237305	2.5967836619812465	0.0	0.002	500
primary::NF1+SMARCA4+STK11+TP53	3	0.7372490200289527	0.0	1.9662698948549417	0.0	0.0	500
metastatic::ATM+KRAS+NF1	3	0.7572575723043147	0.0	1.976936779653074	0.0	0.0	500
unknown::KRAS+PIK3CA+TP53	2	0.4906995924701201	0.0	1.5384048434045852	0.0	0.0	500
metastatic::ARID1A+BRAF+SETD2+TP53	1	0.2523500452273988	0.0	0.9475796001900971	0.0	0.0	500
metastatic::BRAF+KEAP1+SMARCA4+STK11+TP53	1	0.25429787585982444	0.0	1.25251682758054	0.0	0.0	500
primary::CDKN2A+SMARCA4+STK11+TP53	3	0.7368491599578604	0.0	2.3161179825802467	0.0	0.0	500
metastatic::CDKN2A+EGFR+KEAP1+TP53	1	0.2558423113850916	0.0	1.0431977662462122	0.0	0.0	500
primary::ATM+NF1	9	2.2961350436807066	0.8885418126125594	4.219368742676558	0.0	0.108	500
metastatic::ARID1A+ATM+KRAS	7	1.796693809583383	0.5767150968560034	3.56830772460989	0.0	0.038	500
primary::CDKN2A+EGFR+STK11+TP53	1	0.2584093464212366	0.0	0.962544015217018	0.0	0.0	500
primary::ATM+CDKN2A+KRAS+STK11	1	0.25135552907572833	0.0	1.0616805541109313	0.0	0.0	500
primary::KEAP1+SETD2+STK11	3	0.7649907949061914	0.0	2.1339260550314982	0.0	0.0	500
primary::ARID1A+KRAS+RBM10+SETD2	3	0.7624152333925509	0.0	1.9304523022448554	0.0	0.0	500
primary::ARID1A+EGFR+SMARCA4+TP53	2	0.520175148147532	0.0	1.5193386788093575	0.0	0.0	500
metastatic::MET+RBM10+TP53	9	2.4344414970876067	0.9487332532442887	4.376857307433226	0.0	0.162	500
primary::BRAF+CDKN2A+EGFR+TP53	3	0.7094444903454975	0.0	1.932410153988132	0.0	0.002	500
metastatic::ARID1A+EGFR+STK11+TP53	1	0.2526219606232458	0.0	0.9837365603937994	0.0	0.0	500
metastatic::KEAP1+PIK3CA+STK11+TP53	3	0.7765992773258013	0.0	2.44199251547557	0.0	0.0	500
metastatic::MET+SETD2	5	1.295798307488718	0.29731359351734066	3.0781985568380756	0.0	0.016	500
primary::CDKN2A+NF1+SMARCA4+TP53	1	0.24721526825293916	0.0	1.0678573591620573	0.0	0.0	500
metastatic::ARID1A+ATM+KRAS+RBM10	2	0.49804198672074873	0.0	1.6291968974915134	0.0	0.0	500
primary::ARID1A+ATM+TP53	7	1.9408393619201347	0.7181687988682424	3.7118118309370964	0.0	0.056	500
metastatic::BRAF+NF1+SETD2+TP53	3	0.7748419285386432	0.0	2.109294497679492	0.0	0.0	500
primary::BRAF+RBM10+SETD2	3	0.7464308236213573	0.0	2.1337523324907837	0.0	0.0	500
primary::ATM+EGFR+STK11+TP53	3	0.8136368881127856	0.0	2.1219525382474362	0.0	0.0	500
metastatic::ARID1A+KEAP1+SMARCA4+TP53	1	0.2608911011356196	0.0	1.0003603252703837	0.0	0.0	500
primary::CDKN2A+EGFR+KEAP1+TP53	1	0.2625168136976942	0.0	0.9731539623353547	0.0	0.0	500
unknown::EGFR+MET	1	0.2546886166554545	0.0	0.9576609080443532	0.0	0.0	500
unknown::KRAS+SETD2+TP53	3	0.7729728357326456	0.0	2.16610825643594	0.0	0.0	500
metastatic::ARID1A+KEAP1+KRAS+STK11+TP53	4	1.033697520086408	0.2230632240634339	2.8107734375564366	0.0	0.006	500
metastatic::ATM+KRAS+NF1+RBM10	3	0.838135705040789	0.0	2.197242371673676	0.0	0.0	500
primary::ARID1A+KEAP1+STK11	3	0.816608100229556	0.0	2.2779724474140295	0.0	0.0	500
primary::BRAF+KRAS+PIK3CA+TP53	3	0.7835825066843403	0.0	1.9234038633726567	0.0	0.0	500
primary::KEAP1+KRAS+SETD2	3	0.8200341994604663	0.0	1.9792546957810422	0.0	0.0	500
metastatic::RBM10+SMARCA4+TP53	4	1.0848860425008855	0.2520269288936077	2.4085557680589433	0.0	0.002	500
primary::EGFR+KRAS+MET+PIK3CA+TP53	1	0.2477707938792814	0.0	1.4595802986493471	0.0	0.0	500
primary::ARID1A+SMARCA4+TP53	4	1.0804437319389	0.10763646973019254	2.353773655428312	0.0	0.0	500
primary::BRAF+EGFR+SETD2+TP53	1	0.24820028996301297	0.0	1.0015711047410831	0.0	0.0	500
primary::MET+SMARCA4	3	0.8441965345994338	0.0	1.9277479975112022	0.0	0.0	500
primary::ARID1A+BRAF+KRAS+TP53	2	0.5038599847373038	0.0	1.6831423737823288	0.0	0.0	500
primary::EGFR+MET+PIK3CA	4	1.1366295833211688	0.26502415815035063	2.5781980180669857	0.0	0.0	500
metastatic::BRAF+RBM10	1	0.27508632199120403	0.0	0.9056315557882546	0.0	0.0	500
primary::KRAS+NF1+PIK3CA	2	0.5545303162363434	0.0	1.5956972262986187	0.0	0.0	500
primary::ARID1A+KEAP1+KRAS+STK11+TP53	2	0.5196690984910721	0.0	1.9032612346430846	0.0	0.0	500
primary::PIK3CA+SMARCA4+TP53	5	1.4502943041336447	0.3253859451639927	3.084379921781152	0.0	0.008	500
primary::NF1+RBM10	18	5.057378495891319	2.7540074639365697	8.156528733224464	0.038	0.914	500
primary::ATM+BRAF+KRAS+TP53	1	0.28792252249912054	0.0	0.9812621959338698	0.0	0.0	500
primary::CDKN2A+SETD2+TP53	1	0.2762669711412462	0.0	1.034629219246785	0.0	0.0	500
primary::EGFR+NF1+SETD2+TP53	1	0.2854282463207924	0.0	1.0736747106606657	0.0	0.0	500
metastatic::ARID1A+CDKN2A+KEAP1+TP53	4	1.130871526665524	0.22787854112314382	2.698782090571755	0.0	0.004	500
unknown::KRAS+NF1+TP53	2	0.5622022686789381	0.0	1.5509614479668798	0.0	0.0	500
metastatic::CDKN2A+KRAS+SETD2+TP53	1	0.2833245958888693	0.0	1.0703494329081942	0.0	0.0	500
metastatic::BRAF+KRAS+STK11+TP53	1	0.2680097341683765	0.0	1.1082480746758596	0.0	0.0	500
primary::ARID1A+KEAP1+SMARCA4+TP53	1	0.2870192839539798	0.0	1.1973501922544008	0.0	0.0	500
metastatic::BRAF+NF1	1	0.2846340473031105	0.0	1.07097136721628	0.0	0.0	500
metastatic::NF1+SMARCA4+STK11+TP53	3	0.8977664305683197	0.0	2.7472023844167963	0.0	0.0	500
metastatic::KEAP1+KRAS+RBM10+STK11+TP53	2	0.5403197431730884	0.0	1.9361571036688452	0.0	0.0	500
primary::ARID1A+NF1+STK11+TP53	1	0.28916700530182926	0.0	1.1622531962311067	0.0	0.0	500
metastatic::ARID1A+KRAS+STK11	6	1.7600699530074668	0.47435153131653085	3.5892716214736105	0.0	0.024	500
metastatic::KRAS+MET+STK11+TP53	2	0.5492560479233424	0.0	2.0593710929329365	0.0	0.0	500
primary::ATM+BRAF+KEAP1+STK11	2	0.6203176439405669	0.0	1.9495684434327771	0.0	0.0	500
primary::KRAS+RBM10+SETD2+STK11	1	0.2839857652356029	0.0	1.1307854817198335	0.0	0.0	500
metastatic::KRAS+PIK3CA+SMARCA4+TP53	1	0.2918841579453517	0.0	1.0171053561502634	0.0	0.0	500
metastatic::KEAP1+KRAS+SMARCA4	9	2.663881874318456	1.0547375314163931	5.386325195908458	0.002	0.198	500
primary::PIK3CA+SETD2+TP53	1	0.289933784339673	0.0	1.0972032630747868	0.0	0.0	500
metastatic::RBM10+STK11+TP53	1	0.3022463244462432	0.0	1.0195761203477998	0.0	0.0	500
primary::EGFR+KEAP1+SMARCA4+TP53	1	0.2930818144359486	0.0	1.0898481059172174	0.0	0.0	500
metastatic::ARID1A+RBM10+TP53	1	0.29077412587210794	0.0	1.036786129351485	0.0	0.0	500
primary::KEAP1+RBM10+SMARCA4+STK11	1	0.2660050615294856	0.0	1.0853773477081323	0.0	0.0	500
primary::EGFR+KEAP1+STK11	1	0.2894473038913962	0.0	1.3393424237387146	0.0	0.0	500
primary::ARID1A+SETD2	4	1.162460940185056	0.26498115853519344	2.8861928599464566	0.0	0.002	500
metastatic::EGFR+SETD2+SMARCA4+TP53	1	0.3014765169776561	0.0	1.0468057718252286	0.0	0.0	500
primary::KEAP1+MET+STK11+TP53	1	0.2852223566722783	0.0	1.6911237178214298	0.0	0.0	500
unknown::KEAP1+KRAS+RBM10+STK11	3	0.849986175572343	0.0	3.473226802231494	0.002	0.0	500
unknown::KEAP1+KRAS+TP53	3	0.8830245101183605	0.0	2.5569798621249644	0.0	0.0	500
metastatic::ATM+RBM10+TP53	1	0.30607544897682326	0.0	1.118832438186314	0.0	0.0	500
primary::SETD2+SMARCA4+TP53	3	0.9187609021798255	0.0	2.141536113832806	0.0	0.0	500
metastatic::KEAP1+KRAS+PIK3CA+SMARCA4+STK11	1	0.2740518252811007	0.0	1.3177739973120215	0.0	0.0	500
metastatic::KRAS+NF1+SMARCA4+TP53	1	0.2993773293029104	0.0	1.0789974132425004	0.0	0.0	500
primary::ATM+BRAF+STK11	6	1.8447654851024624	0.5479563399289236	3.9432160984649136	0.0	0.046	500
primary::NF1+SETD2	5	1.5396681641925452	0.35147993933945376	3.378924472448048	0.0	0.02	500
primary::BRAF+NF1+STK11+TP53	3	0.925378920583176	0.0	2.331681422351266	0.0	0.0	500
metastatic::KRAS+PIK3CA+SETD2+TP53	4	1.2233147175585484	0.2822571876238796	3.082429569909953	0.0	0.006	500
primary::ATM+EGFR+STK11	1	0.2965495659043005	0.0	1.1582548942648172	0.0	0.0	500
primary::ATM+EGFR+MET	1	0.2923118461334381	0.0	1.0649211902975064	0.0	0.0	500
primary::ARID1A+KEAP1+KRAS+RBM10+SMARCA4+STK11	1	0.2793307919107658	0.0	1.2846699321290032	0.0	0.0	500
primary::ARID1A+CDKN2A+NF1+TP53	1	0.3108619447210657	0.0	1.1863450901310317	0.0	0.0	500
primary::BRAF+NF1+SETD2	1	0.2963562895926447	0.0	1.17702816041095	0.0	0.0	500
metastatic::EGFR+NF1+SETD2+TP53	1	0.3026011307641529	0.0	1.1038737596804993	0.0	0.0	500
primary::ARID1A+NF1+RBM10+TP53	3	0.8786514979402431	0.0	2.63285515363622	0.0	0.002	500
primary::KRAS+NF1+SETD2	2	0.5671108930431409	0.0	1.7256013955860376	0.0	0.0	500
unknown::ATM+KEAP1+KRAS+STK11	3	0.9412690223172423	0.0	3.1153378812476165	0.0	0.0	500
primary::ARID1A+MET+NF1+TP53	1	0.3051764008459426	0.0	1.1581023696372903	0.0	0.0	500
primary::ATM+SETD2+TP53	1	0.3029942002550767	0.0	1.094695824436463	0.0	0.0	500
primary::ARID1A+KEAP1+KRAS	3	0.9297538517772603	0.0	2.2410720439028724	0.0	0.0	500
metastatic::ATM+KRAS+PIK3CA+STK11	2	0.6063842674249456	0.0	2.029715544602476	0.0	0.0	500
metastatic::BRAF+EGFR+NF1+TP53	1	0.29449535646647795	0.0	1.2456491546990798	0.0	0.0	500
metastatic::ARID1A+ATM+KEAP1+KRAS+SMARCA4+STK11	1	0.30941101454208486	0.0	1.5997372881517882	0.0	0.0	500
metastatic::BRAF+KRAS+RBM10+TP53	1	0.32347592706449657	0.0	1.181694420699546	0.0	0.0	500
primary::ATM+KRAS+PIK3CA+STK11	3	0.9372109168787323	0.0	2.546504944411346	0.0	0.0	500
primary::CDKN2A+EGFR+SETD2+TP53	1	0.30926105862049813	0.0	1.1108106764405925	0.0	0.0	500
primary::ARID1A+KRAS+NF1	2	0.6235818464319747	0.0	1.7869077299329736	0.0	0.0	500
unknown::ARID1A+KRAS	3	0.9093366415006118	0.0	2.2310049640340592	0.0	0.0	500
primary::ARID1A+BRAF+SETD2	5	1.5076733235169013	0.32689030278227393	3.47791547914438	0.0	0.012	500
primary::ATM+SMARCA4+TP53	2	0.6294288307766194	0.0	1.769677033350617	0.0	0.0	500
metastatic::ATM+KEAP1+KRAS+RBM10	1	0.3193601516585527	0.0	1.1159213184138812	0.0	0.0	500
primary::ARID1A+EGFR+MET+TP53	3	0.9816886947340187	0.0	2.7308374626201704	0.0	0.0	500
metastatic::BRAF+KRAS+PIK3CA+TP53	1	0.3116556872538425	0.0	1.1199474680175643	0.0	0.0	500
primary::KEAP1+NF1+RBM10+TP53	1	0.30037319068110135	0.0	1.0920217008087467	0.0	0.0	500
primary::ARID1A+EGFR+KEAP1+TP53	2	0.6634747187314041	0.0	1.9319763604952676	0.0	0.0	500
unknown::EGFR+NF1	1	0.3133197617197825	0.0	1.1820040985917324	0.0	0.0	500
unknown::KEAP1+KRAS+SMARCA4+STK11	3	1.0223156127171875	0.0	3.3580932610446372	0.002	0.0	500
unknown::KRAS+SETD2	4	1.2681205398098685	0.2640674636934159	3.087813484864175	0.0	0.002	500
metastatic::MET+NF1	2	0.6601277724526449	0.0	1.7784183823371689	0.0	0.0	500
primary::EGFR+KEAP1+STK11+TP53	1	0.2971943292770719	0.0	1.5322438389695254	0.0	0.0	500
metastatic::KRAS+RBM10+SMARCA4	1	0.3237112918196443	0.0	1.1774747266739	0.0	0.0	500
primary::PIK3CA+RBM10+TP53	4	1.3460960638389683	0.30294771751240257	2.9438465853282505	0.0	0.002	500
metastatic::ATM+SETD2	4	1.3727803883011809	0.2904040396875485	2.960105330040583	0.0	0.002	500
primary::ARID1A+EGFR+PIK3CA	1	0.33322207065078585	0.0	1.1794542600612372	0.0	0.0	500
primary::ARID1A+BRAF+EGFR+TP53	1	0.31860234761707995	0.0	1.2915135635862596	0.0	0.0	500
primary::CDKN2A+MET+PIK3CA+TP53	1	0.3242472389242564	0.0	1.3105661233453865	0.0	0.0	500
primary::CDKN2A+KRAS+SMARCA4	1	0.3352375021084482	0.0	1.2944906058075167	0.0	0.0	500
primary::ARID1A+BRAF+SETD2+TP53	1	0.33706932546936896	0.0	1.46219116324948	0.0	0.0	500
primary::CDKN2A+EGFR+KRAS+TP53	4	1.380938283634391	0.30637255263591484	3.3138867877887814	0.0	0.008	500
metastatic::BRAF+NF1+STK11+TP53	1	0.3142086884728907	0.0	1.4093092442335318	0.0	0.0	500
metastatic::RBM10+SETD2+TP53	2	0.6368027086699373	0.0	1.7402758011817254	0.0	0.0	500
primary::KEAP1+KRAS+MET+STK11	2	0.6360776871838172	0.0	2.5144709915617356	0.0	0.0	500
metastatic::CDKN2A+NF1+SMARCA4+TP53	3	0.9654572219372344	0.0	2.6269394476057824	0.0	0.0	500
primary::ARID1A+ATM+EGFR	3	1.0259737109586076	0.0	2.5481479709228485	0.0	0.002	500
metastatic::CDKN2A+EGFR+SETD2+TP53	1	0.33195696533025404	0.0	1.1468299664675483	0.0	0.0	500
primary::ATM+EGFR+PIK3CA+RBM10	2	0.6233765293179034	0.0	1.9458736266125032	0.0	0.0	500
primary::RBM10+SETD2	4	1.2836942683796997	0.13461702134017153	2.8828352976606944	0.002	0.002	500
unknown::KEAP1+STK11+TP53	2	0.6226279470655689	0.0	4.2534669497315765	0.002	0.0	500
primary::ATM+KRAS+MET+TP53	3	0.9476263642873348	0.0	2.4470263520962496	0.0	0.0	500
metastatic::CDKN2A+KEAP1+KRAS+SMARCA4+TP53	1	0.3335406469024739	0.0	1.671177047016375	0.0	0.0	500
metastatic::ARID1A+NF1+STK11+TP53	2	0.7017020832419048	0.0	2.295211075903556	0.0	0.0	500
metastatic::BRAF+PIK3CA	2	0.636528444598331	0.0	1.8197115538225321	0.0	0.0	500
primary::EGFR+PIK3CA+STK11	1	0.3257330695909273	0.0	1.2212196448422936	0.0	0.0	500
primary::CDKN2A+EGFR+MET+PIK3CA+TP53	4	1.3302801317576751	0.27121664012712404	4.510359719195152	0.002	0.004	500
primary::ARID1A+RBM10+TP53	3	1.042038281522839	0.0	2.6968495749273313	0.0	0.002	500
primary::KRAS+MET+PIK3CA	5	1.8137752384849901	0.5461132095721986	4.163605559157788	0.0	0.022	500
metastatic::CDKN2A+KRAS+RBM10	2	0.6404882934267253	0.0	1.7547118385275002	0.0	0.0	500
primary::ATM+RBM10+TP53	4	1.3719148369338794	0.2805385017685596	3.3023589128405564	0.0	0.004	500
primary::BRAF+KRAS+RBM10+SETD2	1	0.34739330273075925	0.0	1.3645157879019518	0.0	0.0	500
metastatic::KEAP1+KRAS+SETD2+TP53	1	0.35217881284902736	0.0	1.2585977824754266	0.0	0.0	500
metastatic::KEAP1+SETD2+STK11+TP53	2	0.6811184706919523	0.0	2.536021447526006	0.0	0.0	500
metastatic::ATM+KEAP1+KRAS+SETD2+STK11	1	0.35790856117538006	0.0	1.6146604374692082	0.0	0.0	500
metastatic::ATM+KRAS+RBM10+SETD2	2	0.6509541073276062	0.0	2.0180298638288843	0.0	0.0	500
metastatic::KEAP1+RBM10+STK11	1	0.34917810207365996	0.0	1.393284189276166	0.0	0.0	500
metastatic::ATM+KRAS+PIK3CA+RBM10	1	0.35822607771512577	0.0	1.3620799773105952	0.0	0.0	500
unknown::ARID1A+EGFR	3	1.051168914227428	0.0	2.6069735373779026	0.0	0.0	500
primary::ARID1A+KEAP1+KRAS+RBM10+STK11	5	1.923526070035801	0.43920440372635566	4.810150899332224	0.002	0.036	500
metastatic::KRAS+SETD2+STK11	4	1.4354871249575774	0.3233720011624246	3.151048323533363	0.0	0.004	500
metastatic::KEAP1+PIK3CA+SMARCA4+STK11+TP53	1	0.3167320965612431	0.0	1.617097977941901	0.0	0.0	500
primary::CDKN2A+EGFR+PIK3CA	1	0.3424835751336339	0.0	1.2302466190368233	0.0	0.0	500
metastatic::ATM+KRAS+SMARCA4	2	0.6629657264642997	0.0	2.0328644868247117	0.0	0.0	500
metastatic::KRAS+NF1+SETD2+TP53	3	1.0367184694260212	0.0	2.943389234643152	0.0	0.0	500
primary::KEAP1+KRAS+RBM10+SMARCA4	1	0.34629867910158235	0.0	1.5093820553466766	0.0	0.0	500
metastatic::ARID1A+EGFR+KEAP1+TP53	1	0.35072738585994523	0.0	1.2288514557152956	0.0	0.0	500
unknown::ATM+NF1+TP53	2	0.7545022500150715	0.0	2.2963923571114346	0.0	0.0	500
metastatic::ARID1A+ATM+KRAS+STK11+TP53	1	0.35376723807236055	0.0	1.8730935541548466	0.0	0.0	500
metastatic::KEAP1+SETD2+SMARCA4+STK11+TP53	2	0.7095111948333315	0.0	3.480812306835063	0.0	0.0	500
primary::MET+NF1+RBM10	1	0.35439873693024093	0.0	1.3444463324836713	0.0	0.0	500
primary::ARID1A+CDKN2A+KEAP1+TP53	3	1.0332802085359662	0.0	2.7750252112293436	0.0	0.0	500
primary::ATM+EGFR+MET+TP53	3	1.0916553090952859	0.0	3.1182501545568675	0.0	0.002	500
primary::ARID1A+STK11	6	2.1896650852831048	0.42442495791219925	4.44677774176344	0.002	0.062	500
metastatic::BRAF+CDKN2A+KRAS+TP53	2	0.7096309347603896	0.0	2.276467642673251	0.0	0.0	500
metastatic::EGFR+RBM10+SETD2	3	1.0515299534087905	0.0	2.8921531703274126	0.0	0.0	500
unknown::KEAP1+STK11	4	1.4947753635514065	0.0	5.0073933765084995	0.004	0.002	500
primary::BRAF+KEAP1+KRAS+TP53	2	0.7173021872271729	0.0	2.287112417559669	0.0	0.0	500
unknown::ATM+KRAS+RBM10	4	1.5111085025074744	0.0	3.4684404966744613	0.0	0.006	500
metastatic::ARID1A+BRAF+NF1+TP53	2	0.6987816107410234	0.0	2.2187171203103215	0.0	0.0	500
primary::ARID1A+EGFR+KRAS+TP53	1	0.3570619472456223	0.0	1.7889641904013167	0.0	0.0	500
primary::KEAP1+KRAS+NF1+RBM10+STK11	1	0.3433220989019253	0.0	1.6203202248055488	0.0	0.0	500
primary::BRAF+EGFR+SETD2	1	0.3766440053179232	0.0	1.2616882721561171	0.0	0.0	500
primary::RBM10+SMARCA4+TP53	2	0.72956475814131	0.0	2.248873991435601	0.0	0.0	500
metastatic::BRAF+KEAP1+NF1+TP53	4	1.4646452599991233	0.2808761670283746	3.627007660400982	0.0	0.0	500
metastatic::ARID1A+BRAF	2	0.7426784796782773	0.0	2.011905119752765	0.0	0.0	500
primary::KEAP1+SETD2	1	0.3711668311963767	0.0	1.4116130502633992	0.0	0.0	500
primary::EGFR+PIK3CA+SMARCA4	6	2.205053450587486	0.7090071109631829	4.4162035932249415	0.0	0.062	500
primary::EGFR+KRAS+STK11+TP53	4	1.3866224658259934	0.2909497173080755	3.4124869093731154	0.0	0.01	500
metastatic::BRAF+KEAP1+STK11	2	0.7394110174333439	0.0	2.9699674546880677	0.0	0.002	500
metastatic::ARID1A+KEAP1+SETD2+TP53	1	0.33053877684178956	0.0	1.4252085002150656	0.0	0.0	500
metastatic::ATM+EGFR+NF1+RBM10+TP53	1	0.3490786927723185	0.0	1.3865361533117444	0.0	0.0	500
metastatic::BRAF+KRAS+RBM10	3	1.1452767297325375	0.0	2.961776786531209	0.0	0.002	500
metastatic::ATM+BRAF+KRAS+STK11	1	0.36251010155310026	0.0	1.2507473444778114	0.0	0.0	500
metastatic::ATM+BRAF+SETD2	3	1.110042594716711	0.0	2.9212689429422487	0.0	0.0	500
metastatic::ARID1A+EGFR+MET+TP53	4	1.4726443336062003	0.34223580939802595	3.259803487024055	0.0	0.006	500
unknown::ATM+EGFR+RBM10+TP53	1	0.3603920219031411	0.0	1.5314572264605515	0.0	0.0	500
primary::KRAS+SETD2+SMARCA4	4	1.5120848599610048	0.3392757513250658	3.4949921629031317	0.0	0.004	500
primary::BRAF+SMARCA4+STK11	1	0.3549601116863337	0.0	1.428667876002807	0.0	0.0	500
primary::ATM+KEAP1+NF1+TP53	4	1.5016659522068643	0.2640585946616098	3.7367031870507272	0.0	0.0	500
primary::PIK3CA+SETD2	2	0.7744301097546717	0.0	2.10438621063367	0.0	0.0	500
primary::KEAP1+KRAS+NF1	4	1.5084566676104507	0.32616137140280166	3.1424926084193308	0.0	0.002	500
metastatic::CDKN2A+MET	1	0.3835093914204307	0.0	1.515748123243377	0.0	0.0	500
metastatic::ARID1A+EGFR+MET+PIK3CA+TP53	1	0.39719308318452773	0.0	1.9588186988820808	0.0	0.0	500
primary::ARID1A+EGFR+SETD2	3	1.1579579842842915	0.0	3.0997544860675736	0.0	0.002	500
metastatic::CDKN2A+EGFR+KRAS+TP53	2	0.7837145096607603	0.0	2.383115422440474	0.0	0.0	500
primary::ARID1A+NF1+SMARCA4+TP53	2	0.7708296262193116	0.0	2.3178932631926847	0.0	0.0	500
primary::BRAF+CDKN2A+STK11+TP53	1	0.36708769106732764	0.0	1.4227915116392165	0.0	0.0	500
primary::BRAF+CDKN2A+KRAS	4	1.5345950551678282	0.33564003033845613	3.3645430599407664	0.0	0.008	500
unknown::KEAP1+KRAS	2	0.7729915570262277	0.0	2.1294435498439257	0.0	0.0	500
primary::ARID1A+KEAP1+SMARCA4+STK11+TP53	2	0.7481661908114086	0.0	2.9603390096655757	0.0	0.0	500
primary::EGFR+SETD2+SMARCA4+TP53	2	0.7356942942757507	0.0	2.150090541879944	0.0	0.0	500
metastatic::ATM+BRAF+SETD2+TP53	1	0.390720728779773	0.0	1.8107445095623529	0.0	0.0	500
primary::KRAS+PIK3CA+SMARCA4	1	0.38279478879770323	0.0	1.437339503715646	0.0	0.0	500
primary::ATM+KEAP1+KRAS+SETD2+STK11	1	0.35592490953270284	0.0	1.7600348511287531	0.0	0.0	500
primary::ARID1A+KRAS+MET+TP53	1	0.37063746730292924	0.0	1.504318040293211	0.0	0.0	500
metastatic::ATM+KRAS+SETD2+STK11	1	0.3929134537653547	0.0	1.553423993682857	0.0	0.0	500
metastatic::BRAF+KEAP1+SETD2+TP53	2	0.7687914284656151	0.0	2.3977313663061413	0.0	0.0	500
primary::ARID1A+CDKN2A+KRAS	1	0.3713887035824063	0.0	1.479249759164762	0.0	0.0	500
metastatic::KRAS+SETD2+SMARCA4+TP53	3	1.1737958558937345	0.0	2.971872558941501	0.0	0.0	500
metastatic::CDKN2A+KEAP1+KRAS+SMARCA4+STK11+TP53	1	0.3566115985410512	0.0	1.9304017309769712	0.0	0.0	500
metastatic::BRAF+KRAS+SETD2	2	0.7404305690150652	0.0	2.379750076093121	0.0	0.0	500
metastatic::EGFR+RBM10+SMARCA4	4	1.662817054945804	0.29850980147012784	4.063067375028133	0.0	0.006	500
primary::MET+NF1+RBM10+TP53	3	1.1364355818886436	0.0	3.223536430845323	0.0	0.0	500
primary::RBM10+SETD2+TP53	3	1.1826302294134319	0.0	3.0125277438528992	0.0	0.004	500
primary::ATM+BRAF+KEAP1+KRAS+STK11	1	0.3605634849626065	0.0	2.035284715965559	0.0	0.0	500
primary::ATM+NF1+RBM10+TP53	1	0.3928683081186286	0.0	1.689515604104048	0.0	0.0	500
metastatic::KEAP1+SETD2+SMARCA4+TP53	2	0.7709716835027584	0.0	2.705630317004975	0.0	0.0	500
primary::MET+PIK3CA+STK11+TP53	1	0.38847284531001913	0.0	1.914427686407897	0.0	0.0	500
metastatic::KEAP1+NF1+SMARCA4+STK11	4	1.553750853018947	0.24513991831824794	4.485431533283939	0.002	0.006	500
metastatic::MET+RBM10	5	2.0348459037521596	0.441145533536863	4.180293464339527	0.0	0.028	500
primary::EGFR+KRAS+SETD2+TP53	2	0.73632236270295	0.0	3.6092731763017216	0.0	0.0	500
unknown::BRAF+EGFR	2	0.7808951363992898	0.0	2.3236964742652897	0.0	0.0	500
metastatic::CDKN2A+KRAS+MET+TP53	3	1.128421239048424	0.0	3.222512517691262	0.0	0.0	500
primary::CDKN2A+KEAP1+KRAS+RBM10+SMARCA4+STK11	1	0.36054070919523634	0.0	1.921031860339902	0.0	0.0	500
metastatic::ARID1A+KEAP1+NF1+STK11+TP53	2	0.7046158312600918	0.0	3.0283822653475325	0.0	0.0	500
primary::EGFR+NF1+PIK3CA	2	0.7986112570725357	0.0	2.3030619350402057	0.0	0.002	500
metastatic::ATM+KEAP1+NF1+TP53	3	1.2575473127571397	0.0	3.28655293991552	0.0	0.0	500
metastatic::ATM+NF1	1	0.39214142585776757	0.0	1.3286909581437325	0.0	0.0	500
metastatic::ARID1A+CDKN2A+NF1+TP53	1	0.41466301507318637	0.0	1.6117500892724073	0.0	0.0	500
metastatic::ATM+CDKN2A+KRAS	1	0.4052699422316008	0.0	1.438636066013233	0.0	0.0	500
metastatic::BRAF+SETD2+STK11+TP53	1	0.4173197527358312	0.0	1.7205235061684083	0.0	0.0	500
unknown::ATM+EGFR+PIK3CA+TP53	1	0.37251562209193634	0.0	1.7169552388580238	0.0	0.0	500
primary::ARID1A+NF1	3	1.2681815933048182	0.0	3.0300049718192756	0.0	0.0	500
primary::ATM+CDKN2A+KRAS+RBM10	1	0.3648866347391646	0.0	1.4715264288275696	0.0	0.0	500
unknown::ATM+KEAP1+KRAS+SMARCA4+STK11	1	0.35673231925699955	0.0	1.7916765081942843	0.0	0.0	500
metastatic::BRAF+SMARCA4+STK11+TP53	2	0.7995432420238902	0.0	2.2202068003900863	0.0	0.0	500
primary::ATM+KEAP1+SMARCA4+STK11+TP53	2	0.7573559999057725	0.0	2.9784680885335533	0.0	0.0	500
primary::BRAF+PIK3CA+SETD2	5	2.0344847672523576	0.4677808619337801	4.658914049457956	0.0	0.036	500
metastatic::EGFR+MET+NF1+TP53	3	1.2008450607968895	0.0	3.234484087003932	0.0	0.0	500
metastatic::BRAF+EGFR+STK11+TP53	2	0.8009572580002444	0.0	2.598168049217469	0.0	0.0	500
metastatic::KEAP1+NF1+SETD2+TP53	2	0.7961470454157309	0.0	2.2970217966074133	0.0	0.0	500
unknown::EGFR+SETD2	2	0.7889846049221922	0.0	2.4177021642026304	0.0	0.0	500
primary::KEAP1+NF1	2	0.8356253395318309	0.0	2.458409333210224	0.0	0.0	500
primary::ATM+NF1+STK11+TP53	3	1.241557643116073	0.0	3.505527796439499	0.0	0.004	500
metastatic::BRAF+CDKN2A+STK11+TP53	1	0.4279369057637219	0.0	1.7429203346416575	0.0	0.0	500
primary::KEAP1+NF1+SETD2+TP53	2	0.7410567926314087	0.0	2.4147408147031495	0.0	0.0	500
primary::ATM+RBM10	6	2.6516393066585633	0.7669916956108691	4.9319898068607815	0.002	0.1	500
metastatic::ATM+BRAF+KRAS+TP53	1	0.3963289149030461	0.0	1.5285126545474939	0.0	0.0	500
primary::ARID1A+KRAS+MET	1	0.39698947123817807	0.0	1.6632644822558627	0.0	0.0	500
primary::ATM+NF1+RBM10	3	1.2106656555941604	0.0	3.526908631132052	0.0	0.0	500
primary::MET+NF1+STK11+TP53	1	0.40379786783659766	0.0	1.8032100870822194	0.0	0.0	500
primary::BRAF+CDKN2A+KEAP1+TP53	2	0.8823323836479599	0.0	3.0136441391697004	0.0	0.0	500
primary::BRAF+KEAP1+NF1+TP53	2	0.8058849568532244	0.0	2.509641005262018	0.0	0.0	500
primary::ATM+PIK3CA	3	1.27411232122513	0.0	3.122722881226463	0.0	0.0	500
unknown::CDKN2A+KRAS	4	1.6629723787665842	0.35493227603555094	4.043700507324978	0.0	0.006	500
metastatic::ARID1A+SETD2	2	0.8220292635172856	0.0	2.201073678182708	0.0	0.0	500
metastatic::ARID1A+KEAP1+KRAS	3	1.2736110776219172	0.0	3.3502826229640466	0.0	0.0	500
primary::ATM+KRAS+RBM10+SMARCA4+STK11	2	0.7680413347232223	0.0	2.886886751307249	0.0	0.0	500
primary::CDKN2A+KRAS+SMARCA4+STK11	3	1.249269903641539	0.0	3.5127415295676685	0.0	0.0	500
metastatic::ATM+EGFR+SETD2	1	0.42204119865391904	0.0	1.6870114459836767	0.0	0.0	500
primary::ARID1A+ATM+KRAS+SETD2	3	1.2578942207400055	0.0	3.27465187727038	0.0	0.0	500
primary::NF1+PIK3CA	2	0.85884857175139	0.0	2.229796677506525	0.0	0.0	500
primary::CDKN2A+STK11	2	0.8552614298911045	0.0	2.5485037648354303	0.0	0.0	500
primary::ATM+EGFR+KEAP1+TP53	2	0.8418582468861415	0.0	2.6025341510517888	0.0	0.0	500
metastatic::KEAP1+NF1+RBM10+TP53	1	0.4251929541229747	0.0	1.5815787494214515	0.0	0.0	500
metastatic::BRAF+EGFR+RBM10	2	0.8816119114305858	0.0	2.4931594129682995	0.0	0.0	500
primary::KRAS+NF1+RBM10+SETD2	1	0.4405314155103316	0.0	1.8248794508283144	0.0	0.0	500
metastatic::BRAF+CDKN2A	4	1.7593466270726583	0.41390389119606025	3.878896725433579	0.0	0.004	500
metastatic::SMARCA4+STK11	6	2.6316554131924614	0.8322746171985096	5.240950002862514	0.0	0.086	500
primary::ARID1A+KRAS+PIK3CA+RBM10	2	0.8684308052320941	0.0	2.730621770035042	0.0	0.0	500
metastatic::KEAP1+RBM10+STK11+TP53	1	0.46080333701696485	0.0	1.6405886492027815	0.0	0.0	500
metastatic::KEAP1+NF1+STK11	7	3.346925241964658	0.885231864047099	9.041498655777653	0.028	0.178	500
primary::ARID1A+KRAS+NF1+RBM10	1	0.4452911729842411	0.0	1.741407924660439	0.0	0.0	500
metastatic::PIK3CA+RBM10+TP53	2	0.892116056965892	0.0	2.512849118747382	0.0	0.0	500
metastatic::KRAS+MET+RBM10	1	0.4524834372441862	0.0	1.8777132443595248	0.0	0.0	500
metastatic::ATM+EGFR+KEAP1+TP53	1	0.4544844161260241	0.0	1.6592596459033373	0.0	0.0	500
primary::ATM+KEAP1+NF1+STK11	1	0.4310265510081557	0.0	1.7234481774592205	0.0	0.0	500
metastatic::BRAF+EGFR+PIK3CA	1	0.46178282907078394	0.0	1.7246694172084076	0.0	0.0	500
primary::KRAS+MET+NF1+TP53	1	0.43000879611956744	0.0	1.6545462865193283	0.0	0.0	500
primary::EGFR+MET+NF1+TP53	2	0.8793885644793051	0.0	2.503642425623186	0.0	0.002	500
metastatic::BRAF+CDKN2A+KEAP1+TP53	1	0.4327092825636517	0.0	1.6590458866986113	0.0	0.0	500
primary::BRAF+RBM10+STK11	8	3.580649544445425	1.1580244605359642	7.338966134488819	0.014	0.26	500
primary::PIK3CA+RBM10	3	1.2772338245468953	0.0	3.1134956562099334	0.0	0.0	500
metastatic::NF1+STK11	3	1.3659729505388896	0.0	3.3925468090190143	0.0	0.0	500
metastatic::BRAF+SMARCA4	4	1.8385460035716277	0.4486142518091161	4.1691772204107265	0.0	0.008	500
metastatic::ATM+BRAF+KRAS+RBM10	1	0.451755528853346	0.0	1.671087278960124	0.0	0.0	500
metastatic::ARID1A+ATM+KRAS+SETD2+TP53	1	0.44100094489140534	0.0	2.0399662838135035	0.0	0.0	500
primary::CDKN2A+KRAS+MET	1	0.4305850187194258	0.0	2.015557480230712	0.0	0.0	500
metastatic::KEAP1+KRAS+PIK3CA	1	0.4760303805708276	0.0	1.6925073765932408	0.0	0.0	500
metastatic::EGFR+KEAP1+NF1+TP53	3	1.463299622898826	0.0	3.8543718117574297	0.0	0.0	500
primary::KEAP1+SETD2+STK11+TP53	1	0.4823350860937857	0.0	1.9481380244067108	0.0	0.0	500
primary::KEAP1+SETD2+SMARCA4+TP53	1	0.4891430513703594	0.0	1.9500537965433236	0.0	0.0	500
metastatic::ATM+NF1+SETD2+TP53	1	0.46052289824615833	0.0	1.9518677338113313	0.0	0.0	500
primary::CDKN2A+MET+STK11+TP53	2	0.9143746395288914	0.0	3.385597538162792	0.0	0.0	500
metastatic::CDKN2A+NF1+STK11+TP53	2	0.9727131383835003	0.0	3.2084763866001134	0.0	0.0	500
primary::KEAP1+KRAS+RBM10+STK11+TP53	4	1.866427681983714	0.38500765210845717	4.667271926206112	0.0	0.004	500
unknown::EGFR+STK11	2	0.948364835948696	0.0	2.6363330414617288	0.0	0.0	500
primary::KEAP1+PIK3CA+SMARCA4+TP53	1	0.49092189438870326	0.0	1.7936149558643735	0.0	0.0	500
primary::CDKN2A+KEAP1+KRAS+SMARCA4+TP53	1	0.42768403372645325	0.0	2.3514425809819635	0.0	0.0	500
metastatic::ARID1A+EGFR+NF1+RBM10+TP53	1	0.46114491192780915	0.0	1.8776342330836393	0.0	0.0	500
primary::CDKN2A+KRAS+RBM10+STK11	1	0.47612506993938947	0.0	1.6724646578106688	0.0	0.0	500
primary::ARID1A+MET+PIK3CA+TP53	1	0.45939561454281475	0.0	1.879140180085941	0.0	0.0	500
primary::ARID1A+BRAF+KRAS	2	0.9535328516714734	0.0	2.7138264838257307	0.0	0.0	500
primary::KEAP1+KRAS+SETD2+STK11+TP53	1	0.4524389467137714	0.0	2.694298167783254	0.0	0.0	500
primary::KEAP1+MET+STK11	2	0.8990208153639436	0.0	3.2541308546979324	0.0	0.0	500
primary::EGFR+KRAS+STK11	4	2.0669989556950825	0.378788785890632	4.909882524073194	0.0	0.012	500
primary::KRAS+PIK3CA+RBM10+SETD2	1	0.4849713682105584	0.0	2.2995745546515804	0.0	0.0	500
primary::CDKN2A+KEAP1+STK11	2	0.8825319932897776	0.0	3.030703079851831	0.0	0.0	500
primary::ATM+CDKN2A+NF1+TP53	1	0.4621567498477957	0.0	1.9493197885162392	0.0	0.0	500
primary::ARID1A+KEAP1+SETD2+TP53	1	0.4721775477753716	0.0	2.1084777164761905	0.0	0.0	500
metastatic::ARID1A+BRAF+KRAS+TP53	2	0.9644318197583913	0.0	2.7006536347529293	0.0	0.0	500
primary::CDKN2A+EGFR+PIK3CA+RBM10+TP53	1	0.5143242295634078	0.0	2.1568746270604464	0.0	0.0	500
primary::NF1+RBM10+SMARCA4+TP53	5	2.5566656523363047	0.4716612185135105	6.070442220426447	0.002	0.024	500
metastatic::BRAF+NF1+SMARCA4+TP53	1	0.520248527335502	0.0	2.013924314528999	0.0	0.0	500
primary::EGFR+KRAS+SETD2	2	1.034377102698607	0.0	2.904444350144743	0.0	0.0	500
primary::BRAF+CDKN2A+EGFR+KRAS+MET+PIK3CA+TP53	4	1.9897883908605962	0.0	8.489744615152208	0.01	0.01	500
primary::ARID1A+KEAP1+NF1+STK11+TP53	1	0.4693530604668038	0.0	2.1892173451504373	0.0	0.0	500
metastatic::KEAP1+MET	1	0.5239735000091024	0.0	1.750925667889752	0.0	0.0	500
unknown::KRAS+RBM10+STK11	4	2.0318437702961356	0.42433262131414323	5.345156380199739	0.0	0.008	500
primary::BRAF+KEAP1+KRAS	2	0.9795671621004636	0.0	2.755503178075195	0.0	0.0	500
metastatic::ARID1A+KRAS+PIK3CA	2	0.9363902654925824	0.0	3.1822538971801704	0.0	0.0	500
metastatic::ATM+NF1+SMARCA4+TP53	3	1.6493285202216654	0.0	4.146701242323476	0.0	0.0	500
metastatic::NF1+RBM10+SMARCA4+TP53	1	0.5109234939154295	0.0	2.0090259727115343	0.0	0.0	500
metastatic::KEAP1+PIK3CA+SMARCA4+TP53	1	0.5332805251105228	0.0	2.3298124223153036	0.0	0.0	500
metastatic::BRAF+CDKN2A+SMARCA4+TP53	2	1.0124172735957924	0.0	3.0611839534822045	0.0	0.0	500
metastatic::ARID1A+CDKN2A+KEAP1+KRAS+TP53	3	1.5683960414682119	0.0	4.806442371381782	0.0	0.0	500
primary::ARID1A+BRAF+KEAP1+TP53	1	0.5265974157761528	0.0	2.009022241282628	0.0	0.0	500
primary::SETD2+SMARCA4	2	1.0753689521109524	0.0	3.161000490889289	0.0	0.0	500
metastatic::ATM+NF1+RBM10+TP53	1	0.4964136348738193	0.0	2.235364586179244	0.0	0.0	500
metastatic::EGFR+PIK3CA+SETD2	1	0.5205354223225462	0.0	1.8573930147858757	0.0	0.0	500
unknown::KRAS+SMARCA4	5	2.6836149701464844	0.6764333910565002	5.867407298561712	0.004	0.028	500
metastatic::ARID1A+ATM+EGFR	2	1.083335939865941	0.0	3.3360559007720996	0.0	0.0	500
primary::ATM+MET+NF1	2	0.9844825504154244	0.0	2.956773642040096	0.0	0.0	500
primary::ATM+NF1+STK11	3	1.636771938253749	0.0	4.464536979218643	0.0	0.0	500
primary::BRAF+KEAP1+SETD2+TP53	1	0.5327144440992699	0.0	2.310969460455345	0.0	0.0	500
primary::ATM+KRAS+NF1+RBM10+SETD2	2	1.0800640796592673	0.0	3.4782650064674843	0.0	0.0	500
metastatic::ATM+RBM10	6	3.3634929853128166	0.9381764025466277	6.810676207826678	0.006	0.09	500
unknown::EGFR+NF1+RBM10+TP53	2	1.1483496094269408	0.0	3.900647267480012	0.0	0.0	500
primary::ATM+BRAF+STK11+TP53	1	0.5131842307534852	0.0	2.1887505490144843	0.0	0.0	500
unknown::CDKN2A+EGFR+PIK3CA+TP53	3	1.7112094146787207	0.0	5.946050104672225	0.008	0.0	500
unknown::CDKN2A+NF1+TP53	1	0.5598296724765557	0.0	2.2870700469695686	0.0	0.0	500
primary::ARID1A+KRAS+SMARCA4	2	1.0903678091255116	0.0	3.088790132420968	0.0	0.0	500
metastatic::EGFR+KEAP1+STK11	2	1.0412208087857087	0.0	3.973776353909211	0.004	0.0	500
metastatic::ARID1A+BRAF+KEAP1+TP53	1	0.5411312297870532	0.0	2.1510067269969846	0.0	0.0	500
unknown::EGFR+SMARCA4	1	0.552034111291354	0.0	2.211307632427515	0.0	0.0	500
metastatic::BRAF+KRAS+PIK3CA	3	1.7184366855789421	0.0	4.100982043161376	0.0	0.0	500
primary::ARID1A+CDKN2A+SMARCA4+TP53	1	0.527535874219608	0.0	2.327366092304729	0.0	0.0	500
primary::EGFR+KRAS+MET+TP53	4	2.3719768575426334	0.27249185597960046	26.29687229048706	0.05	0.008	500
metastatic::ATM+KEAP1+KRAS+SMARCA4	2	1.0610002104056973	0.0	3.480659876143723	0.0	0.0	500
primary::BRAF+KRAS+NF1	2	1.1213237192939907	0.0	3.2047723566113016	0.0	0.0	500
primary::CDKN2A+KEAP1+KRAS+RBM10+TP53	1	0.5960700162581218	0.0	2.11964813929309	0.0	0.0	500
primary::BRAF+EGFR+SMARCA4+TP53	1	0.5317078781639324	0.0	1.984569664270448	0.0	0.0	500
primary::KEAP1+RBM10+SMARCA4+TP53	2	1.044313584072813	0.0	3.3876175326241915	0.0	0.0	500
primary::BRAF+SETD2+SMARCA4	2	1.0778784615766956	0.0	3.8316901833669608	0.0	0.0	500
metastatic::KRAS+PIK3CA+SETD2	2	1.1424404852141583	0.0	3.3572499855157787	0.0	0.0	500
metastatic::ARID1A+MET+NF1+TP53	2	1.02135651685523	0.0	3.7820432488582907	0.0	0.0	500
metastatic::EGFR+MET+STK11+TP53	1	0.5689071448004976	0.0	2.3496808937955764	0.0	0.0	500
primary::BRAF+NF1+SMARCA4+TP53	2	1.2096542135883617	0.0	3.8372825693269434	0.0	0.0	500
metastatic::KRAS+MET+NF1+TP53	1	0.564815471825757	0.0	2.535574837997985	0.0	0.0	500
primary::KEAP1+KRAS+RBM10+SETD2	3	1.7384593088630838	0.0	4.844597174932006	0.0	0.002	500
metastatic::RBM10+SETD2	1	0.5811552481493297	0.0	1.9998604039552534	0.0	0.0	500
unknown::CDKN2A+EGFR	1	0.5417033623117687	0.0	2.2200628803348113	0.0	0.0	500
primary::ARID1A+ATM	3	1.7240642914814885	0.0	4.289247118002174	0.0	0.0	500
primary::CDKN2A+EGFR+KRAS+MET+PIK3CA+TP53	2	1.1556560703833947	0.0	36.88610649187189	0.01	0.0	500
primary::KEAP1+SMARCA4	7	4.192322254529318	1.3946549558320436	8.25809380030667	0.022	0.174	500
primary::ATM+KEAP1+SMARCA4+STK11	2	1.1974151244523812	0.0	3.852005934186875	0.0	0.0	500
unknown::ARID1A+EGFR+PIK3CA+TP53	1	0.5810897322095995	0.0	2.6641417247204293	0.0	0.0	500
metastatic::CDKN2A+KRAS+PIK3CA	3	1.7102031311634367	0.0	4.478829823683606	0.0	0.0	500
primary::ATM+BRAF+NF1+TP53	1	0.5670860882156501	0.0	2.7689409738734176	0.0	0.0	500
metastatic::CDKN2A+EGFR+RBM10	1	0.6107579656422772	0.0	2.331114496590128	0.0	0.0	500
primary::ARID1A+KRAS+SMARCA4+STK11	1	0.6271749723580483	0.0	3.118680404807936	0.0	0.0	500
unknown::ATM+EGFR+NF1+TP53	2	1.1823042169623514	0.0	3.7204630639384693	0.0	0.0	500
primary::KEAP1+RBM10	5	3.102210794156729	0.6583144872687281	6.505274066441138	0.004	0.034	500
metastatic::ATM+BRAF+KEAP1+KRAS+STK11	1	0.6131041605238495	0.0	2.5282784868417676	0.0	0.0	500
metastatic::KEAP1+KRAS+RBM10+SMARCA4	1	0.5495688732776334	0.0	2.6129217741337794	0.0	0.0	500
primary::ATM+KEAP1+KRAS+SMARCA4+STK11+TP53	3	1.8733601150057644	0.0	10.123006114032794	0.014	0.002	500
metastatic::BRAF+KRAS+SMARCA4+TP53	1	0.5930051538792049	0.0	2.588374267908169	0.0	0.0	500
metastatic::KEAP1+KRAS+RBM10+SMARCA4+STK11+TP53	1	0.5003794016949296	0.0	3.131491391068675	0.0	0.0	500
metastatic::MET+SMARCA4	2	1.2116074297548953	0.0	3.3070369875173413	0.0	0.0	500
metastatic::ARID1A+BRAF+SETD2	3	1.8524072119592119	0.0	4.888517179483942	0.0	0.0	500
primary::ARID1A+ATM+KEAP1+TP53	2	1.1304458408786058	0.0	4.113764522064262	0.0	0.0	500
metastatic::KEAP1+KRAS+SETD2+STK11+TP53	2	1.2256421882893562	0.0	3.8346182302153657	0.0	0.0	500
metastatic::NF1+SETD2+SMARCA4+TP53	2	1.2618405178345429	0.0	4.244817703427539	0.0	0.0	500
primary::ATM+KEAP1	3	1.8214883803350101	0.0	4.395926608617911	0.002	0.004	500
primary::ARID1A+EGFR+KRAS	1	0.6171309851391553	0.0	2.2994872573161595	0.0	0.0	500
primary::BRAF+KRAS+SMARCA4+TP53	1	0.6272700763418904	0.0	2.4010801503567927	0.0	0.0	500
primary::ATM+MET+NF1+TP53	1	0.6134733267982904	0.0	2.988448076593351	0.0	0.0	500
primary::ARID1A+CDKN2A+KEAP1+KRAS+TP53	3	1.9263732531740692	0.0	5.645651620712645	0.0	0.0	500
metastatic::KEAP1+KRAS+PIK3CA+STK11+TP53	2	1.161424335879297	0.0	5.230546930308811	0.004	0.0	500
metastatic::CDKN2A+KEAP1+PIK3CA+TP53	1	0.5886787762430078	0.0	2.6010421848053085	0.0	0.0	500
metastatic::BRAF+KRAS+NF1+TP53	2	1.229723759650329	0.0	4.474912700255266	0.0	0.0	500
primary::ARID1A+ATM+KRAS+STK11+TP53	1	0.5491751770175004	0.0	3.209228946805221	0.0	0.0	500
primary::KRAS+NF1+SMARCA4+STK11+TP53	1	0.5935231174457286	0.0	3.009449182141311	0.0	0.0	500
primary::KRAS+PIK3CA+RBM10+STK11	1	0.6236697852349538	0.0	2.334158857294757	0.0	0.0	500
primary::KEAP1+PIK3CA+SMARCA4+STK11+TP53	1	0.6239544786756706	0.0	3.866511260519268	0.002	0.0	500
metastatic::PIK3CA+STK11	1	0.633251955174123	0.0	2.423585633783233	0.0	0.0	500
metastatic::CDKN2A+STK11	2	1.2300336337148094	0.0	3.707311248295813	0.0	0.0	500
metastatic::ATM+KRAS+MET+TP53	2	1.1673367503660608	0.0	3.9618971535478695	0.0	0.0	500
metastatic::ATM+KEAP1+NF1+SMARCA4+TP53	1	0.5678197407782357	0.0	2.6497904251307576	0.0	0.0	500
metastatic::CDKN2A+NF1+RBM10+TP53	1	0.6677197329137944	0.0	2.577228825813644	0.0	0.0	500
metastatic::EGFR+PIK3CA+RBM10+SETD2+TP53	1	0.6100196024893918	0.0	2.7055484016218148	0.0	0.0	500
metastatic::ARID1A+KEAP1+NF1+SMARCA4+TP53	1	0.5858244410278737	0.0	3.114712315739682	0.0	0.0	500
primary::KRAS+MET+SMARCA4+TP53	1	0.5846210158949895	0.0	2.891959629033204	0.0	0.0	500
primary::NF1+SMARCA4	1	0.6203790010568321	0.0	2.3119905182127054	0.0	0.0	500
metastatic::ARID1A+BRAF+STK11+TP53	1	0.6332558150575635	0.0	2.698349093540896	0.0	0.0	500
metastatic::ARID1A+CDKN2A+SMARCA4+TP53	3	1.9537433365046533	0.0	5.5104966766274055	0.0	0.002	500
unknown::KEAP1+NF1+TP53	1	0.5977353519583894	0.0	2.797475440883772	0.0	0.0	500
primary::ATM+CDKN2A+EGFR	3	1.8403008974538682	0.0	4.5769196990325955	0.002	0.004	500
primary::ATM+KEAP1+SMARCA4+TP53	2	1.3295235311419087	0.0	4.4105867729131285	0.0	0.0	500
metastatic::NF1+RBM10	3	1.9443001810445304	0.0	5.256318298267866	0.002	0.002	500
metastatic::KEAP1+RBM10+SMARCA4+STK11	4	2.9131299167758353	0.413797003980047	10.825356374916922	0.032	0.01	500
primary::ARID1A+ATM+KEAP1+KRAS+TP53	1	0.5926495693709697	0.0	3.1179325205319084	0.0	0.0	500
metastatic::BRAF+PIK3CA+SETD2+TP53	3	2.048720262387344	0.0	5.669288239025234	0.002	0.0	500
unknown::EGFR+NF1+SMARCA4+TP53	1	0.5258320880161602	0.0	3.4538905770807578	0.0	0.0	500
metastatic::ARID1A+ATM+KEAP1+STK11+TP53	2	1.381192842958949	0.0	7.114785861086983	0.006	0.0	500
metastatic::EGFR+PIK3CA+STK11	1	0.656946970490117	0.0	2.3168500084249533	0.0	0.0	500
metastatic::KEAP1+MET+SMARCA4+TP53	1	0.6284370302403335	0.0	3.6860541359165957	0.002	0.0	500
metastatic::KEAP1+KRAS+NF1	2	1.2691776834455673	0.0	3.9332685113096533	0.0	0.0	500
unknown::KEAP1+SMARCA4+STK11+TP53	1	0.6279367593399912	0.0	7.3242620686620725	0.0	0.0	500
primary::EGFR+PIK3CA+RBM10+SMARCA4	1	0.649718948379795	0.0	2.8907721608867756	0.0	0.0	500
primary::CDKN2A+MET+RBM10+TP53	1	0.6384273319786594	0.0	2.8325749886976377	0.0	0.0	500
primary::BRAF+CDKN2A+EGFR+KRAS+MET+PIK3CA+STK11+TP53	4	2.749101502990709	0.0	7.679732493718868	0.008	0.002	500
primary::CDKN2A+EGFR+KRAS+MET+PIK3CA+STK11+TP53	3	2.0988501111906483	0.0	6.5126613655327645	0.0	0.0	500
primary::ATM+KRAS+SETD2+STK11+TP53	1	0.6550218777859314	0.0	3.7980763568871847	0.0	0.0	500
primary::ARID1A+EGFR+MET	1	0.6394242211765252	0.0	2.971525916244926	0.0	0.0	500
unknown::ATM+EGFR+SMARCA4+TP53	2	1.3122698067118517	0.0	4.038006527965376	0.0	0.0	500
primary::KRAS+NF1+SMARCA4	2	1.3258174966774234	0.0	3.9263601135224473	0.0	0.0	500
metastatic::MET+SMARCA4+STK11+TP53	1	0.6402563205917248	0.0	2.7816747792719254	0.0	0.0	500
primary::CDKN2A+KRAS+NF1+RBM10+TP53	1	0.6329890008997849	0.0	2.4953586945534054	0.0	0.0	500
metastatic::ATM+KEAP1	4	2.6041363124296506	0.2860021631864706	6.080468098655089	0.004	0.004	500
primary::CDKN2A+KRAS+RBM10+SMARCA4+TP53	1	0.670761756830358	0.0	2.6960935077343953	0.0	0.0	500
primary::ATM+EGFR+MET+PIK3CA+TP53	1	0.6321061198194214	0.0	4.21459094260946	0.0	0.0	500
primary::ATM+CDKN2A+SMARCA4+TP53	1	0.6692502508124912	0.0	2.601302586909674	0.0	0.0	500
unknown::ATM+KEAP1+KRAS+RBM10+SMARCA4+STK11	1	0.5780264613164494	0.0	41623264.33904774	0.0	0.0	500
primary::ARID1A+KEAP1+KRAS+SMARCA4+TP53	1	0.6192413524665028	0.0	3.471476568834583	0.0	0.0	500
primary::ATM+KRAS+NF1+SETD2	1	0.6577850980288269	0.0	2.966535359164014	0.0	0.0	500
metastatic::CDKN2A+KEAP1+KRAS+RBM10+TP53	1	0.6487531107088033	0.0	3.254235519675042	0.0	0.0	500
metastatic::CDKN2A+MET+SMARCA4+TP53	2	1.362713208384141	0.0	4.270998131844312	0.002	0.002	500
primary::ARID1A+KEAP1+PIK3CA+TP53	1	0.7227628423722967	0.0	2.7652546845206456	0.0	0.0	500
metastatic::ATM+CDKN2A+KRAS+RBM10	1	0.6539954316755882	0.0	2.5480207071338166	0.0	0.0	500
metastatic::ATM+CDKN2A+NF1+TP53	2	1.3476623631399145	0.0	4.752865619633795	0.004	0.002	500
metastatic::ARID1A+CDKN2A+KEAP1+STK11+TP53	1	0.6944009810943335	0.0	4.134864101539441	0.0	0.0	500
unknown::SMARCA4+STK11+TP53	1	0.6449319966078556	0.0	3.438455835597117	0.0	0.0	500
unknown::NF1+SETD2+TP53	1	0.7030323037192174	0.0	2.932286583825682	0.0	0.0	500
primary::CDKN2A+KEAP1+RBM10+TP53	1	0.6850052730121173	0.0	2.8829515177303824	0.0	0.0	500
primary::ARID1A+EGFR+PIK3CA+RBM10+TP53	1	0.6376192143361	0.0	3.2799901038393604	0.0	0.0	500
primary::ARID1A+KRAS+SETD2+SMARCA4+TP53	1	0.6523766222171529	0.0	4.2069462447447235	0.0	0.0	500
primary::BRAF+CDKN2A+PIK3CA+TP53	2	1.2679507609914782	0.0	4.55195915411116	0.002	0.0	500
unknown::ATM+EGFR+STK11+TP53	1	0.6126421656372076	0.0	3.0168083499740215	0.0	0.0	500
metastatic::ARID1A+NF1	3	2.1917266099003934	0.0	5.210276397103759	0.002	0.002	500
unknown::ATM+STK11	2	1.347748260795023	0.0	4.035879481371218	0.0	0.0	500
primary::KEAP1+NF1+RBM10+STK11	1	0.651821541999706	0.0	2.7457617383287576	0.0	0.0	500
metastatic::KEAP1+KRAS+NF1+SMARCA4+TP53	1	0.6815581978151339	0.0	3.33547397782369	0.002	0.0	500
primary::ATM+BRAF+RBM10	2	1.441138335604169	0.0	4.063643005445652	0.0	0.0	500
primary::CDKN2A+KRAS+MET+PIK3CA+TP53	1	0.6486721504601274	0.0	4.073999492739954	0.0	0.0	500
metastatic::KEAP1+RBM10+SMARCA4+STK11+TP53	2	1.3756839804149195	0.0	4.959187178907138	0.002	0.0	500
unknown::ATM+KRAS+STK11+TP53	1	0.7052104513336108	0.0	4.236272179675511	0.0	0.0	500
primary::ATM+KRAS+MET+STK11	2	1.3729897054075373	0.0	5.075348724516583	0.0	0.0	500
primary::ARID1A+ATM+KRAS+PIK3CA	1	0.6892952935549579	0.0	2.9040497865440495	0.0	0.0	500
metastatic::PIK3CA+SETD2	1	0.7405160511993749	0.0	2.6486226410190468	0.0	0.0	500
primary::ARID1A+KEAP1+KRAS+RBM10+TP53	1	0.727958236359153	0.0	3.190441319368909	0.0	0.0	500
primary::CDKN2A+EGFR+KRAS+PIK3CA+TP53	1	0.6345473485231276	0.0	3.7993095367397447	0.002	0.0	500
primary::CDKN2A+PIK3CA+STK11+TP53	2	1.4364772594562596	0.0	5.775650942267055	0.0	0.0	500
metastatic::ATM+KEAP1+NF1+STK11+TP53	1	0.6709862851883532	0.0	3.44295321485061	0.0	0.0	500
primary::KEAP1+KRAS+MET+SMARCA4+STK11	1	0.6356355912872885	0.0	4.5413511696153765	0.0	0.0	500
primary::EGFR+MET+STK11+TP53	1	0.6938050648054459	0.0	2.9286483390887916	0.0	0.0	500
metastatic::KRAS+PIK3CA+SMARCA4	1	0.6883651306840821	0.0	2.9168369241447354	0.0	0.0	500
metastatic::ATM+KEAP1+STK11	3	2.212317192518036	0.0	5.386559517913773	0.002	0.002	500
metastatic::ATM+KEAP1+SMARCA4+TP53	1	0.7480103466194151	0.0	3.087153216763484	0.0	0.0	500
metastatic::EGFR+NF1+PIK3CA+RBM10+TP53	1	0.6727122087176319	0.0	3.058578754337292	0.0	0.0	500
metastatic::KEAP1+RBM10+SMARCA4+TP53	1	0.7296187037883431	0.0	3.229674387928385	0.0	0.0	500
primary::EGFR+KRAS+PIK3CA+RBM10+TP53	3	2.2761398121680383	0.0	10.331309519908174	0.022	0.0	500
primary::BRAF+CDKN2A+STK11	1	0.6956586094416943	0.0	2.736509459194616	0.0	0.0	500
metastatic::KRAS+SETD2+SMARCA4	1	0.6796341909455523	0.0	3.3134117272673307	0.0	0.0	500
primary::ARID1A+NF1+PIK3CA+TP53	2	1.4143457255207212	0.0	4.8789358822846856	0.0	0.0	500
metastatic::BRAF+SETD2+SMARCA4	1	0.680374369221578	0.0	2.7722446193187227	0.0	0.0	500
metastatic::BRAF+KEAP1+KRAS+TP53	1	0.7187508960781109	0.0	2.8443159915706766	0.0	0.0	500
primary::ATM+KRAS+PIK3CA+STK11+TP53	1	0.623703747965151	0.0	3.8335006657235713	0.0	0.0	500
metastatic::KEAP1+NF1	1	0.750526893305434	0.0	2.835844302951436	0.0	0.0	500
primary::ARID1A+BRAF+STK11+TP53	2	1.4132443766942797	0.0	5.26461081311306	0.002	0.0	500
metastatic::KEAP1+SMARCA4	3	2.1855178892326244	0.0	5.742837265240132	0.004	0.0	500
metastatic::BRAF+KEAP1+NF1+SETD2+TP53	1	0.749363113835571	0.0	3.9915178159630393	0.0	0.0	500
primary::ARID1A+KEAP1+RBM10+TP53	1	0.7546723440204255	0.0	2.8807575512717283	0.0	0.0	500
primary::ATM+CDKN2A+KEAP1+TP53	1	0.7049010374289572	0.0	3.0552485605046575	0.0	0.0	500
metastatic::ARID1A+CDKN2A+KRAS+RBM10+TP53	1	0.7550283971488787	0.0	3.53516556251922	0.0	0.0	500
metastatic::RBM10+STK11	5	3.504595102369807	1.198322696512756	8.771055596959734	0.026	0.036	500
metastatic::CDKN2A+KRAS+SMARCA4	2	1.3602759938753377	0.0	5.337572196296502	0.002	0.0	500
metastatic::BRAF+RBM10+STK11+TP53	1	0.7399148550355363	0.0	2.9257205506274375	0.0	0.0	500
metastatic::BRAF+CDKN2A+RBM10+TP53	1	0.7252946441667285	0.0	2.916793204308939	0.0	0.0	500
primary::CDKN2A+EGFR+MET	2	1.4287247864985066	0.0	4.603495772825122	0.0	0.0	500
metastatic::EGFR+KEAP1+RBM10	1	0.7477581086340923	0.0	2.861776312994847	0.0	0.0	500
metastatic::ATM+KRAS+RBM10+SMARCA4+STK11	1	0.726047603484412	0.0	4.2652945126268795	0.0	0.0	500
primary::KRAS+SETD2+SMARCA4+STK11	1	0.79451863994627	0.0	2.9963897168870703	0.0	0.0	500
metastatic::EGFR+KEAP1+KRAS+TP53	1	0.78210911334527	0.0	5.529802042304509	0.0	0.0	500
metastatic::PIK3CA+SMARCA4+STK11+TP53	2	1.5448410121563323	0.0	6.462438574646538	0.008	0.0	500
metastatic::ARID1A+KRAS+SMARCA4+STK11+TP53	1	0.6736185268218469	0.0	3.409472126181224	0.0	0.0	500
metastatic::ARID1A+KRAS+SMARCA4+STK11	1	0.754053325346006	0.0	3.0441523357269005	0.0	0.0	500
metastatic::CDKN2A+EGFR+PIK3CA	1	0.6870151468019696	0.0	2.8898781940926312	0.0	0.0	500
primary::BRAF+EGFR+MET+TP53	2	1.4821157317243832	0.0	4.630779887273879	0.0	0.002	500
unknown::ARID1A+BRAF+EGFR+TP53	1	0.7545684030854134	0.0	5.825340385344691	0.002	0.0	500
primary::BRAF+KEAP1+NF1+STK11	1	0.7326223905838753	0.0	3.337963839768561	0.0	0.0	500
unknown::ATM+NF1	1	0.7364219295729172	0.0	2.7342217991557782	0.0	0.0	500
metastatic::KRAS+NF1+RBM10+STK11	1	0.765424356957433	0.0	2.974675172728128	0.0	0.0	500
primary::ARID1A+BRAF+CDKN2A+TP53	1	0.7886117628469632	0.0	2.99652068586407	0.0	0.0	500
metastatic::SETD2+SMARCA4	4	3.2382560050437035	0.7466654538580995	7.298224371372677	0.01	0.004	500
metastatic::BRAF+EGFR+SETD2	3	2.245673878783134	0.0	6.197305472023556	0.002	0.004	500
primary::ARID1A+KRAS+SETD2+STK11	1	0.755853058046385	0.0	3.1566923249565635	0.0	0.0	500
primary::KRAS+NF1+RBM10+SMARCA4	1	0.7627424157074165	0.0	3.1373222768374998	0.0	0.0	500
metastatic::EGFR+NF1+PIK3CA	1	0.8233083485162682	0.0	2.7863666861758616	0.0	0.0	500
metastatic::ARID1A+MET+STK11+TP53	1	0.7792786651883427	0.0	3.694375602684336	0.0	0.0	500
primary::MET+NF1+STK11	1	0.77953525504173	0.0	2.9547592970500665	0.0	0.0	500
primary::KRAS+SETD2+SMARCA4+STK11+TP53	1	0.7922594863504933	0.0	4.057384683177328	0.0	0.0	500
metastatic::ATM+EGFR+SMARCA4	1	0.7851008576871503	0.0	3.273689653457446	0.0	0.0	500
primary::EGFR+KEAP1+PIK3CA	1	0.8128374962882141	0.0	2.5911154421557927	0.0	0.0	500
primary::CDKN2A+KEAP1+SMARCA4+STK11	2	1.6546713309750292	0.0	8.96911483772815	0.016	0.0	500
metastatic::ARID1A+KRAS+NF1	2	1.5794819384401642	0.0	5.16451526882025	0.002	0.0	500
primary::ATM+CDKN2A+KEAP1+SMARCA4+TP53	2	1.5795615616227727	0.0	5.88843874872916	0.004	0.0	500
metastatic::ARID1A+ATM+KEAP1+KRAS	1	0.784222191450801	0.0	3.4024297892111814	0.0	0.0	500
primary::CDKN2A+RBM10+SMARCA4+TP53	1	0.7353647512758357	0.0	3.223394620379258	0.0	0.0	500
primary::ATM+KRAS+PIK3CA+RBM10+TP53	1	0.7958874619396447	0.0	3.3458497338915056	0.0	0.0	500
metastatic::ARID1A+KEAP1+NF1+SETD2+TP53	1	0.7284953867207081	0.0	4.3551822753995335	0.0	0.0	500
metastatic::KEAP1+KRAS+MET+STK11	1	0.8296284318765295	0.0	5.305815921949867	0.002	0.0	500
unknown::BRAF+SETD2	1	0.7638491192822041	0.0	3.806261300939114	0.0	0.0	500
metastatic::ARID1A+ATM+KRAS+NF1+TP53	2	1.4897274855467422	0.0	6.049153324384736	0.004	0.0	500
unknown::NF1+RBM10+TP53	1	0.7850623368775189	0.0	3.0328945498659454	0.002	0.0	500
primary::CDKN2A+NF1	2	1.7541871659933475	0.0	4.606726126032075	0.0	0.0	500
unknown::ATM+KRAS+RBM10+TP53	1	0.7323041874246167	0.0	3.467390767000549	0.0	0.0	500
primary::ATM+KRAS+MET+RBM10	2	1.623819746284144	0.0	5.044452694951982	0.0	0.0	500
primary::NF1+RBM10+SETD2	2	1.5689214901368207	0.0	4.823314689564518	0.0	0.0	500
unknown::PIK3CA+STK11+TP53	1	0.6822654325239357	0.0	4.093381038935096	0.0	0.0	500
primary::BRAF+CDKN2A+KRAS+STK11	1	0.8103456973409344	0.0	3.543330237771509	0.0	0.0	500
metastatic::MET+PIK3CA+RBM10+TP53	1	0.7907662267150641	0.0	3.4602056477227237	0.0	0.0	500
primary::CDKN2A+PIK3CA	1	0.8024862390528436	0.0	3.0039088599774737	0.0	0.0	500
primary::ARID1A+KRAS+PIK3CA+RBM10+TP53	1	0.8281502201548381	0.0	3.7066675571563286	0.0	0.0	500
metastatic::EGFR+KEAP1+SMARCA4+STK11+TP53	1	0.6547908130276243	0.0	9.07112915048452	0.0	0.0	500
primary::KEAP1+PIK3CA+STK11	3	2.6531990161689394	0.0	10.375784524730408	0.028	0.0	500
metastatic::ARID1A+KEAP1	2	1.6549766963135735	0.0	4.614917824456156	0.0	0.0	500
metastatic::ARID1A+KRAS+SETD2	1	0.8245770258557751	0.0	3.3245977509654643	0.0	0.0	500
primary::ATM+BRAF+KRAS+SETD2	1	0.7830785561715183	0.0	4.230497855605333	0.002	0.0	500
metastatic::CDKN2A+KEAP1+KRAS+NF1+TP53	1	0.8360985435355316	0.0	3.5533144397958867	0.0	0.0	500
metastatic::EGFR+KRAS+SMARCA4+TP53	1	0.8331020739949837	0.0	3.1924932735285605	0.0	0.0	500
primary::ATM+SMARCA4	1	0.8429944119045878	0.0	3.0002114938896667	0.0	0.0	500
primary::NF1+PIK3CA+RBM10+TP53	2	1.7364103951026917	0.0	5.191632827509933	0.0	0.0	500
metastatic::ATM+KRAS+NF1+SETD2+TP53	1	0.8402166376693104	0.0	4.053957728344089	0.0	0.0	500
unknown::BRAF+STK11	1	0.8267447235875408	0.0	3.816330102283649	0.0	0.0	500
unknown::ATM+CDKN2A+TP53	1	0.8207555099371607	0.0	3.123513548947343	0.0	0.0	500
primary::ARID1A+ATM+KEAP1+KRAS	1	0.8831714946578257	0.0	3.396181128721817	0.0	0.0	500
metastatic::EGFR+MET+NF1+PIK3CA+TP53	1	0.8408605964165053	0.0	5.069844391031966	0.0	0.0	500
unknown::KRAS+SMARCA4+STK11	1	0.8308643240307922	0.0	3.5728085189953096	0.0	0.0	500
primary::ATM+CDKN2A+KEAP1+KRAS+TP53	1	0.7481238201665266	0.0	3.8116393672455295	0.0	0.0	500
metastatic::ARID1A+CDKN2A+STK11+TP53	1	0.7677602871365787	0.0	3.79920802716237	0.0	0.0	500
unknown::EGFR+KRAS+PIK3CA+TP53	1	0.8112365451571316	0.0	9.028558144028706	0.0	0.0	500
primary::ATM+KRAS+RBM10+SETD2+STK11	1	0.7883371622637879	0.0	3.741497988138973	0.0	0.0	500
metastatic::ARID1A+CDKN2A+KRAS+NF1+TP53	1	0.9007483735366131	0.0	3.9989051791462695	0.0	0.0	500
primary::ATM+KRAS+NF1+PIK3CA+TP53	1	0.8548911954784437	0.0	3.9843599258509106	0.0	0.0	500
metastatic::SETD2+SMARCA4+STK11+TP53	2	1.7009492984310086	0.0	7.983638912475225	0.004	0.0	500
primary::ARID1A+KEAP1+KRAS+SMARCA4	1	0.8001631692806644	0.0	3.7251569440913412	0.0	0.0	500
unknown::ATM+MET	2	1.7280666578346264	0.0	5.542723374266981	0.002	0.0	500
metastatic::ARID1A+KRAS+NF1+STK11+TP53	1	0.8837584486189232	0.0	4.656540188710331	0.0	0.0	500
metastatic::KRAS+MET+STK11	3	2.7321698409225874	0.0	9.918029444170868	0.018	0.002	500
unknown::ATM+BRAF+EGFR+TP53	2	1.7258718244834208	0.0	6.202184183746349	0.004	0.0	500
primary::ARID1A+EGFR+PIK3CA+RBM10	1	0.8308154706009063	0.0	4.363251738789419	0.002	0.0	500
metastatic::MET+NF1+PIK3CA+TP53	2	1.7531220208629525	0.0	6.340551463455501	0.002	0.0	500
metastatic::ARID1A+KEAP1+RBM10+TP53	1	0.8972058093948299	0.0	3.7642058031086547	0.0	0.0	500
primary::ATM+KRAS+PIK3CA+SETD2	1	0.8780726334763961	0.0	3.741161765960054	0.0	0.0	500
primary::EGFR+KRAS+SMARCA4+TP53	1	0.879808341835115	0.0	3.598933351757961	0.0	0.0	500
unknown::BRAF+SETD2+TP53	2	1.7294304408703693	0.0	7.16243602625369	0.004	0.0	500
unknown::ARID1A+ATM+TP53	1	0.8619405326149112	0.0	3.80722680493909	0.0	0.0	500
primary::MET+RBM10+SETD2	3	2.605997910515696	0.0	6.7738947314005244	0.008	0.0	500
unknown::ATM+KEAP1+KRAS+RBM10+STK11	2	1.8938889605382272	0.0	7.5024724572195	0.006	0.0	500
unknown::MET+NF1+TP53	1	0.8887635681408426	0.0	4.4227604156638405	0.002	0.0	500
primary::ARID1A+ATM+MET+TP53	1	0.897891140659673	0.0	3.6236925615746953	0.0	0.0	500
primary::ARID1A+ATM+BRAF+EGFR+NF1+RBM10+SETD2+SMARCA4+TP53	1	0.7891978625257581	0.0	138.63007960935388	0.0	0.0	500
unknown::ATM+KRAS+PIK3CA	1	0.8617511363007997	0.0	4.803334848200709	0.0	0.0	500
primary::ATM+KRAS+SETD2+SMARCA4	1	0.9148595848137373	0.0	3.7122035786954997	0.0	0.0	500
primary::BRAF+KEAP1+PIK3CA+TP53	1	0.8385568429743352	0.0	4.297546918423573	0.0	0.0	500
primary::ARID1A+ATM+BRAF+TP53	1	0.8823582204280717	0.0	3.618152151512983	0.0	0.0	500
unknown::ATM+SETD2+TP53	1	0.9301489864654549	0.0	3.548915881141498	0.0	0.0	500
metastatic::ATM+KEAP1+KRAS+NF1+RBM10+SMARCA4+STK11	1	0.8175519886629795	0.0	16.15619765692246	0.0	0.0	500
metastatic::EGFR+KRAS+NF1+TP53	1	0.921923195330387	0.0	3.4459832044844516	0.0	0.0	500
primary::ARID1A+ATM+CDKN2A+KRAS	1	0.7852951860209904	0.0	4.7909658256812975	0.0	0.0	500
primary::ARID1A+CDKN2A+KEAP1+SMARCA4+STK11+TP53	2	1.88320588967896	0.0	20.820460604918377	0.014	0.0	500
metastatic::ARID1A+BRAF+EGFR+SETD2+TP53	1	0.7840336993471826	0.0	14.539539121185882	0.0	0.0	500
unknown::ATM+KRAS+SMARCA4+STK11+TP53	1	0.8427398175054369	0.0	7.895159184336549	0.002	0.0	500
metastatic::BRAF+KEAP1+PIK3CA+TP53	1	0.9030286371928231	0.0	3.398002121835025	0.0	0.0	500
primary::KRAS+MET+SMARCA4	1	0.8819706354712517	0.0	4.47029422225777	0.0	0.0	500
unknown::MET+NF1	1	0.9102317556118481	0.0	3.07125951489651	0.0	0.0	500
metastatic::ARID1A+KRAS+RBM10+STK11	1	0.9694104825063543	0.0	3.9985597144240552	0.0	0.0	500
unknown::ATM+BRAF+TP53	1	0.9078216854708356	0.0	3.861846582080663	0.0	0.0	500
primary::KEAP1+MET+PIK3CA+TP53	1	0.9513673132801299	0.0	3.9714205126807705	0.0	0.0	500
primary::KEAP1+SETD2+SMARCA4+STK11	3	2.880621598551675	0.0	10.826548101836956	0.036	0.0	500
primary::NF1+SMARCA4+STK11	3	2.862954498506827	0.0	8.3694604743563	0.018	0.0	500
primary::CDKN2A+NF1+SETD2+TP53	1	0.9020767789001576	0.0	3.6223942060305183	0.0	0.0	500
metastatic::BRAF+KEAP1+SMARCA4+STK11	1	0.854284076619416	0.0	6.46906147101909	0.0	0.0	500
primary::MET+NF1+SMARCA4+TP53	2	1.9134265920897826	0.0	6.005593560455641	0.0	0.002	500
primary::CDKN2A+KEAP1	2	1.9492007664978859	0.0	5.364599562239492	0.002	0.0	500
unknown::KRAS+SMARCA4+STK11+TP53	3	2.8974185660213054	0.0	12.543543965495873	0.038	0.0	500
primary::KEAP1+KRAS+PIK3CA+SMARCA4	1	0.9085586164214268	0.0	5.16817564514016	0.0	0.0	500
unknown::KRAS+RBM10+SETD2	3	2.8528869933405474	0.0	8.72815364837498	0.018	0.002	500
primary::ATM+KRAS+SETD2+SMARCA4+TP53	1	0.9092026397831331	0.0	4.007576383494358	0.0	0.0	500
primary::ATM+KEAP1+KRAS+SETD2	1	0.9199626326237806	0.0	3.630658930190058	0.0	0.0	500
unknown::ATM+EGFR+SETD2+TP53	1	0.9103705279373391	0.0	3.859047750687376	0.0	0.0	500
primary::MET+NF1+SETD2+TP53	1	0.9075999367427817	0.0	3.7743440007992466	0.0	0.0	500
primary::EGFR+KEAP1+KRAS+STK11	2	1.7159406376144428	0.0	11.401745721720445	0.008	0.0	500
metastatic::ARID1A+KRAS+PIK3CA+SETD2+TP53	1	0.9166732482641637	0.0	4.490665720718063	0.0	0.0	500
unknown::ATM+EGFR+KRAS+TP53	1	1.017149907954089	0.0	7.248677184248424	0.0	0.0	500
metastatic::ATM+KEAP1+SMARCA4+STK11	1	0.9092339039980497	0.0	4.346296463276425	0.0	0.0	500
primary::ARID1A+EGFR+KRAS+RBM10	1	1.0183272097024938	0.0	3.8191645143545	0.0	0.0	500
primary::ATM+KRAS+SMARCA4+STK11+TP53	1	0.9245987899394104	0.0	5.933435668590291	0.0	0.0	500
metastatic::CDKN2A+KEAP1+KRAS+SMARCA4	2	1.8865862206235644	0.0	11.367808541286488	0.01	0.0	500
metastatic::ARID1A+ATM+MET+TP53	1	0.9567396542165482	0.0	3.706978135923056	0.0	0.0	500
metastatic::ARID1A+KRAS+NF1+PIK3CA+TP53	1	0.8912682582852567	0.0	4.932100107977657	0.0	0.0	500
metastatic::KEAP1+KRAS+NF1+RBM10+SMARCA4+STK11	2	1.9911493443586932	0.0	8.972542408515393	0.008	0.0	500
metastatic::CDKN2A+KEAP1+KRAS+RBM10+STK11	1	1.0228024422005486	0.0	4.190078817454053	0.0	0.0	500
primary::ARID1A+ATM+EGFR+PIK3CA+TP53	1	0.96017397799819	0.0	4.3128056761123315	0.0	0.0	500
metastatic::CDKN2A+MET+STK11+TP53	1	0.9076852274734963	0.0	4.828118671829629	0.0	0.0	500
metastatic::KEAP1+KRAS+NF1+RBM10+TP53	2	1.8722989967419708	0.0	7.371749894403783	0.014	0.0	500
metastatic::BRAF+RBM10+SMARCA4+TP53	2	1.8238374073664545	0.0	6.481827435994563	0.004	0.0	500
primary::CDKN2A+EGFR+MET+PIK3CA+STK11+TP53	2	1.9723014514070454	0.0	7.3611085195065815	0.002	0.0	500
primary::KRAS+NF1+PIK3CA+RBM10+TP53	1	0.9185281047777598	0.0	4.307796096768665	0.0	0.0	500
primary::ATM+EGFR+RBM10+SMARCA4	1	1.0086571931628106	0.0	4.030836884205202	0.0	0.0	500
metastatic::ATM+CDKN2A+KEAP1+KRAS+TP53	1	0.9887124616290839	0.0	5.119475096288258	0.0	0.0	500
primary::BRAF+CDKN2A+MET+TP53	3	3.044497231113806	0.0	9.634053674257292	0.026	0.0	500
metastatic::BRAF+EGFR+KEAP1+TP53	4	4.168248041245029	0.9124363321585938	10.386165808707062	0.046	0.012	500
metastatic::CDKN2A+KEAP1	1	1.0347369537107867	0.0	3.449062531054739	0.0	0.0	500
unknown::CDKN2A+KEAP1+KRAS+TP53	1	1.0081830834299015	0.0	4.449349521501075	0.0	0.0	500
unknown::ATM+KEAP1+KRAS+TP53	1	1.0032782131923526	0.0	5.2567839896840285	0.002	0.0	500
metastatic::ATM+KEAP1+SETD2+TP53	2	2.0892843615891215	0.0	6.889415591297202	0.006	0.0	500
metastatic::ATM+CDKN2A+KRAS+SMARCA4+TP53	1	0.8937516068990481	0.0	4.802015185386506	0.0	0.0	500
primary::ATM+EGFR+KRAS+STK11	1	0.8816828426648453	0.0	4.919064326662886	0.0	0.0	500
primary::KRAS+PIK3CA+RBM10+SMARCA4	1	1.007682495687143	0.0	5.018398093712852	0.0	0.0	500
primary::CDKN2A+RBM10	3	3.0354896142951806	0.0	7.539806747024645	0.01	0.002	500
metastatic::KEAP1+KRAS+NF1+SMARCA4+STK11+TP53	1	0.9717003620901925	0.0	9.207403524023	0.0	0.0	500
primary::RBM10+SMARCA4	1	1.0300775807874794	0.0	3.4840567638459916	0.0	0.0	500
primary::KRAS+PIK3CA+SETD2+STK11+TP53	1	1.0645662142278747	0.0	5.353740206797031	0.0	0.0	500
metastatic::BRAF+PIK3CA+SETD2	1	1.0691586548053293	0.0	4.1864863716494325	0.0	0.0	500
primary::BRAF+EGFR+PIK3CA+RBM10	1	0.9571649035746158	0.0	4.110750693484271	0.0	0.0	500
primary::ARID1A+KEAP1+KRAS+NF1+TP53	1	0.9231143020832271	0.0	4.994518716861852	0.002	0.0	500
unknown::ATM+KEAP1+KRAS	1	0.9455860831844889	0.0	6.767813690136657	0.002	0.0	500
unknown::ATM+EGFR+KRAS	1	0.9395194142307969	0.0	4.6577717786734025	0.002	0.0	500
metastatic::ATM+EGFR+NF1+PIK3CA+TP53	1	1.0599232577289006	0.0	5.161647701183971	0.0	0.0	500
primary::ARID1A+CDKN2A+KEAP1+NF1+TP53	1	0.9685535716873368	0.0	4.926344283947059	0.0	0.0	500
metastatic::CDKN2A+KRAS+NF1+SMARCA4+TP53	1	1.0129726249357796	0.0	4.792513793311779	0.002	0.0	500
primary::ARID1A+BRAF+RBM10+TP53	1	1.0790358266451725	0.0	4.946772681499428	0.002	0.0	500
unknown::ATM+PIK3CA+TP53	1	1.041968788325414	0.0	4.1056231934726	0.002	0.0	500
primary::CDKN2A+KEAP1+MET+TP53	1	1.102965569589741	0.0	5.093641822176225	0.0	0.0	500
primary::ARID1A+KEAP1+KRAS+SETD2+TP53	2	2.2557385139290025	0.0	12.809825484921063	0.01	0.0	500
metastatic::CDKN2A+NF1+PIK3CA+TP53	1	1.0281535093094454	0.0	4.312186550770087	0.0	0.0	500
metastatic::BRAF+MET+SETD2+TP53	1	1.0373608504256668	0.0	4.9813101566867495	0.0	0.0	500
metastatic::ARID1A+ATM+BRAF+TP53	1	1.0427109866434157	0.0	5.295645596905084	0.0	0.0	500
metastatic::ARID1A+MET+PIK3CA+TP53	1	1.0982434320959515	0.0	5.355622277085057	0.0	0.0	500
metastatic::ARID1A+RBM10	7	7.7882778163228	2.4872368528043745	16.597739093258607	0.342	0.21	500
metastatic::KEAP1+KRAS+PIK3CA+RBM10+STK11	1	1.008745984378361	0.0	11.241449611337636	0.0	0.0	500
primary::ARID1A+KRAS+PIK3CA+SETD2	2	2.157829887448978	0.0	6.937377450996288	0.01	0.0	500
unknown::CDKN2A+KEAP1+SMARCA4+TP53	1	0.9455879570779937	0.0	7.657902637401672	0.002	0.0	500
metastatic::ARID1A+ATM+KRAS+SETD2	1	1.0221512368139445	0.0	5.239725804141821	0.0	0.0	500
primary::ARID1A+MET+NF1	1	1.1028693916233212	0.0	3.9688992480856764	0.0	0.0	500
metastatic::BRAF+KEAP1+NF1+STK11	1	0.9129802591771723	0.0	6.252830344912028	0.0	0.0	500
primary::BRAF+EGFR+MET+PIK3CA+TP53	2	2.2841385450264755	0.0	21.108299358516298	0.012	0.0	500
primary::ATM+KEAP1+SETD2+TP53	1	1.1010948955970685	0.0	4.602025967568592	0.0	0.0	500
primary::ARID1A+EGFR+NF1+PIK3CA+TP53	1	1.0635781669699176	0.0	4.633805851996278	0.0	0.0	500
primary::BRAF+EGFR+KRAS+MET+PIK3CA+STK11+TP53	4	4.41605258607699	0.8797588247591247	14.319556976653393	0.106	0.006	500
metastatic::ARID1A+KEAP1+MET+TP53	2	2.098499802979715	0.0	6.666700437750878	0.002	0.0	500
primary::ARID1A+KEAP1+MET+TP53	1	1.085804160121811	0.0	3.939348464793195	0.0	0.0	500
metastatic::ATM+KEAP1+NF1+SETD2+TP53	1	0.9960401490984905	0.0	4.980549046620709	0.0	0.0	500
primary::BRAF+RBM10+SETD2+STK11	2	2.1286755620465057	0.0	6.779661167393879	0.004	0.0	500
primary::ARID1A+ATM+KRAS+SMARCA4	1	1.0569871672457043	0.0	4.503084209382914	0.0	0.0	500
unknown::BRAF+EGFR+RBM10+TP53	1	0.9549151342723696	0.0	4.549460775742373	0.0	0.0	500
primary::RBM10+SMARCA4+STK11+TP53	1	1.1216894362653103	0.0	4.445044829524604	0.0	0.0	500
metastatic::ATM+EGFR+NF1+SMARCA4+TP53	1	1.1151306049180492	0.0	4.6068968695810355	0.0	0.0	500
primary::BRAF+KRAS+MET	1	1.0850630312018037	0.0	3.6137837677925915	0.002	0.0	500
primary::BRAF+KRAS+PIK3CA+SETD2+TP53	1	1.1048317082986974	0.0	6.514472601543204	0.0	0.0	500
metastatic::MET+RBM10+SMARCA4+TP53	2	2.204246230040825	0.0	7.133161253498497	0.002	0.0	500
metastatic::EGFR+KEAP1+PIK3CA	1	1.1530894753926617	0.0	4.284718380207425	0.0	0.0	500
primary::EGFR+KRAS+RBM10+STK11+TP53	1	1.0876072490619935	0.0	6.8516426626878655	0.002	0.0	500
metastatic::CDKN2A+KEAP1+MET+TP53	1	1.1744069641024502	0.0	4.668314097467241	0.0	0.0	500
primary::ATM+CDKN2A+KRAS+NF1+TP53	1	1.084313981795526	0.0	4.932216080375703	0.0	0.0	500
metastatic::EGFR+KEAP1+PIK3CA+SMARCA4+TP53	2	2.1282657344938145	0.0	9.960429465160583	0.018	0.0	500
primary::BRAF+CDKN2A+MET+STK11+TP53	2	2.028811035350472	0.0	11.453321414105563	0.016	0.0	500
metastatic::ATM+BRAF+EGFR+RBM10	2	2.3793558714416765	0.0	8.662928227731456	0.008	0.0	500
primary::ATM+SMARCA4+STK11	1	1.1415358141582335	0.0	4.200803511539847	0.0	0.0	500
metastatic::ARID1A+ATM+STK11+TP53	2	2.283449846361142	0.0	11.045863362479851	0.014	0.0	500
primary::ATM+KEAP1+NF1+SMARCA4+STK11+TP53	1	1.2149675212717923	0.0	10.154251821939058	0.0	0.0	500
primary::ATM+NF1+SETD2	2	2.398828991040719	0.0	8.282042561485579	0.018	0.0	500
metastatic::ARID1A+EGFR+PIK3CA+RBM10	1	1.0417536048931475	0.0	7.278155311810031	0.0	0.0	500
metastatic::ARID1A+PIK3CA	2	2.4262851447142832	0.0	6.713738928175647	0.0	0.0	500
unknown::ATM+MET+TP53	1	1.1622489037616606	0.0	5.059947257697573	0.0	0.0	500
primary::KRAS+RBM10+SETD2+SMARCA4+TP53	2	2.3328901440618712	0.0	8.8137647181829	0.008	0.0	500
primary::EGFR+KEAP1+KRAS+RBM10+STK11	1	0.9848710029609349	0.0	9.576146005972289	0.0	0.0	500
primary::MET+NF1+PIK3CA	1	1.1965024162873155	0.0	5.094604767911173	0.0	0.0	500
primary::KEAP1+NF1+RBM10+STK11+TP53	1	1.1515280232168812	0.0	5.428133060473519	0.002	0.0	500
metastatic::CDKN2A+SETD2	1	1.1672798648751166	0.0	4.34696525094467	0.0	0.0	500
metastatic::CDKN2A+NF1	1	1.2486252497722843	0.0	4.372829225775328	0.0	0.0	500
unknown::KEAP1+KRAS+RBM10+TP53	1	1.1063145869426667	0.0	6.6493097797178295	0.0	0.0	500
unknown::ATM+CDKN2A+KRAS+TP53	1	1.1580077557889301	0.0	4.819207373863963	0.002	0.0	500
primary::ATM+BRAF+KEAP1+KRAS	1	1.0827009104653302	0.0	6.112763365175936	0.0	0.0	500
primary::KEAP1+KRAS+NF1+SMARCA4	1	1.1109069082332004	0.0	4.965024561223629	0.0	0.0	500
metastatic::BRAF+PIK3CA+RBM10+TP53	1	1.108782695441238	0.0	4.914038746896251	0.002	0.0	500
metastatic::ARID1A+EGFR+NF1	1	1.0869391119183143	0.0	5.114834955228433	0.0	0.0	500
primary::ARID1A+BRAF+SMARCA4+TP53	1	1.0875825095664136	0.0	5.1763765879381145	0.002	0.0	500
metastatic::ATM+CDKN2A+NF1+SMARCA4+TP53	1	1.07361102422181	0.0	5.050194910853469	0.0	0.0	500
metastatic::ARID1A+KEAP1+KRAS+RBM10+SMARCA4+STK11	1	1.1531978335436293	0.0	7.534523495488831	0.002	0.0	500
metastatic::KEAP1+NF1+RBM10+SMARCA4+TP53	1	1.1178618840080201	0.0	9.317489813537707	0.002	0.0	500
metastatic::ARID1A+CDKN2A+SMARCA4+STK11+TP53	1	1.0967099515545762	0.0	7.5817646209534075	0.0	0.0	500
primary::ARID1A+KEAP1+KRAS+RBM10+SETD2	1	1.0703185839616034	0.0	7.3356163611469825	0.0	0.0	500
unknown::BRAF+PIK3CA+TP53	2	2.2550050397010883	0.0	9.129714161009709	0.012	0.0	500
primary::EGFR+KRAS+NF1+RBM10+TP53	1	1.1969982731216002	0.0	19.173584226379585	0.002	0.0	500
primary::KEAP1+NF1+RBM10+SMARCA4+STK11+TP53	1	1.1215462658882007	0.0	40565907.162736095	0.002	0.0	500
metastatic::BRAF+KEAP1+KRAS+NF1+SMARCA4+STK11	1	1.1194785315636824	0.0	6.669001645343278	0.0	0.0	500
unknown::KRAS+RBM10+SMARCA4	1	1.2418438905982123	0.0	5.148621732137092	0.0	0.0	500
primary::ARID1A+ATM+NF1	1	1.2182928713490129	0.0	5.139051514020313	0.0	0.0	500
primary::ATM+CDKN2A+KRAS+PIK3CA+TP53	1	1.1296409632379634	0.0	5.5767441309982315	0.0	0.0	500
unknown::ARID1A+STK11+TP53	1	1.0822548352779073	0.0	6.019838421143806	0.002	0.0	500
unknown::BRAF+STK11+TP53	1	1.3451354070041601	0.0	7.236127379337854	0.0	0.0	500
primary::ARID1A+SETD2+SMARCA4+TP53	1	1.1697379695474033	0.0	5.830747823315994	0.0	0.0	500
unknown::ARID1A+ATM+KRAS	1	1.1841068693134327	0.0	5.28900272933003	0.0	0.0	500
primary::ATM+KRAS+NF1+PIK3CA	1	1.1656984667273003	0.0	5.415085892740187	0.004	0.0	500
unknown::ARID1A+CDKN2A+TP53	1	1.177065654738839	0.0	6.051616037804637	0.002	0.0	500
primary::ARID1A+BRAF+KRAS+SETD2+TP53	1	1.116725232654085	0.0	7.548739342842161	0.0	0.0	500
unknown::EGFR+NF1+RBM10	1	1.297819117723626	0.0	5.096947429824902	0.0	0.0	500
metastatic::ARID1A+BRAF+MET+TP53	1	1.241093887872061	0.0	5.804857869910656	0.0	0.0	500
metastatic::BRAF+KRAS+SMARCA4	1	1.3175552937888289	0.0	4.539649233982204	0.0	0.0	500
metastatic::KRAS+RBM10+SETD2+STK11	1	1.2430717902995414	0.0	7.340724178444649	0.002	0.0	500
metastatic::CDKN2A+RBM10	1	1.3525037602739571	0.0	5.27323577075176	0.0	0.0	500
unknown::SETD2+STK11+TP53	2	2.6355223564774786	0.0	14.360512192592298	0.022	0.0	500
unknown::KEAP1+KRAS+RBM10	1	1.3201372396087878	0.0	5.926464681854444	0.0	0.0	500
unknown::CDKN2A+KEAP1+TP53	3	3.8793519298381827	0.0	13.003878582937977	0.056	0.0	500
unknown::ATM+KEAP1+KRAS+STK11+TP53	1	1.056705890004341	0.0	13.855246272357308	0.0	0.0	500
unknown::EGFR+KRAS+PIK3CA	1	1.1950089550475087	0.0	6.258776319617729	0.002	0.0	500
metastatic::EGFR+SMARCA4+STK11	1	1.2291481571055565	0.0	5.552873424441754	0.0	0.0	500
primary::SETD2+SMARCA4+STK11+TP53	2	2.7074463050297943	0.0	12.677288918614977	0.02	0.0	500
metastatic::ATM+CDKN2A+EGFR	1	1.31194403169849	0.0	4.869744205354517	0.0	0.0	500
metastatic::ARID1A+BRAF+SMARCA4+TP53	1	1.1917838703010433	0.0	6.24840501404577	0.002	0.0	500
primary::ATM+KRAS+NF1+SMARCA4	2	2.5808838078279392	0.0	8.710226123872143	0.014	0.0	500
unknown::KEAP1+SMARCA4+TP53	1	1.3053222329979128	0.0	7.099294443778303	0.002	0.0	500
unknown::KRAS+NF1+RBM10+TP53	2	2.5678144975035284	0.0	11.124711394661352	0.01	0.0	500
primary::ATM+KRAS+MET+PIK3CA	1	1.26002093001994	0.0	5.0535157917569125	0.0	0.0	500
primary::ATM+CDKN2A+KRAS+SETD2	2	2.846009080464275	0.0	14.950270381234876	0.018	0.0	500
unknown::KRAS+SETD2+STK11+TP53	1	1.4551786170474392	0.0	9.798972124858487	0.004	0.0	500
primary::BRAF+EGFR+KRAS+MET+PIK3CA+TP53	6	9.935997293515742	1.7657650410708043	2566.0756885366723	0.408	0.066	500
metastatic::BRAF+KEAP1+SETD2	1	1.370652866429099	0.0	5.156945905553513	0.0	0.0	500
unknown::ATM+KEAP1+TP53	3	4.110979925406184	0.0	11.83642315486495	0.05	0.0	500
metastatic::BRAF+KEAP1+NF1+SMARCA4+STK11	1	1.1340928183295427	0.0	12.911918936717843	0.002	0.0	500
metastatic::CDKN2A+PIK3CA	1	1.3913938638921044	0.0	4.626921786373991	0.0	0.0	500
metastatic::CDKN2A+SMARCA4	3	4.339012172700216	0.0	10.531330060501618	0.06	0.002	500
primary::CDKN2A+SMARCA4	4	5.520274556811518	1.315403989915978	12.796236340372754	0.126	0.008	500
primary::ATM+EGFR+PIK3CA+SETD2+TP53	2	2.5345819995632244	0.0	12.566968888519641	0.018	0.0	500
primary::NF1+RBM10+SMARCA4	1	1.4143218073861732	0.0	5.584495119240338	0.0	0.0	500
primary::ATM+BRAF+SMARCA4+STK11	1	1.2554014708180519	0.0	7.9422426452719685	0.002	0.0	500
unknown::ATM+EGFR+MET+TP53	1	1.4086743998032767	0.0	5.7226431037016505	0.0	0.0	500
primary::ARID1A+SMARCA4	1	1.4078364626673054	0.0	5.000400246239871	0.0	0.0	500
unknown::KEAP1+NF1+SMARCA4+TP53	1	1.217244224554322	0.0	38937500.48524987	0.002	0.0	500
metastatic::ATM+CDKN2A+EGFR+PIK3CA+TP53	1	1.3404332088036375	0.0	8.997731470921787	0.002	0.0	500
metastatic::KEAP1+KRAS+NF1+SMARCA4	1	1.3656163602316473	0.0	6.931560586600866	0.0	0.0	500
primary::BRAF+MET+STK11+TP53	1	1.4543633707751673	0.0	7.3237683376264355	0.002	0.0	500
primary::ARID1A+MET+NF1+RBM10+TP53	1	1.3716684182322512	0.0	7.469091060460796	0.0	0.0	500
primary::ATM+RBM10+STK11	2	2.7991242438205743	0.0	8.737867399781663	0.008	0.0	500
metastatic::BRAF+MET+PIK3CA+TP53	1	1.2757896898871575	0.0	7.459964587603313	0.002	0.0	500
unknown::ATM+KRAS+SMARCA4+STK11	1	1.5138046752608283	0.0	8.76311219049071	0.0	0.0	500
primary::ATM+KEAP1+PIK3CA+TP53	1	1.3951201887342246	0.0	7.854264892167017	0.002	0.0	500
primary::CDKN2A+KEAP1+RBM10+SMARCA4+STK11+TP53	2	2.9580932270208824	0.0	123899119.78713694	0.018	0.0	500
primary::ARID1A+MET+SETD2	1	1.4227719364130724	0.0	6.131572147528131	0.0	0.0	500
primary::CDKN2A+KRAS+NF1+PIK3CA+TP53	1	1.1702078089785837	0.0	6.306614626441179	0.0	0.0	500
primary::ARID1A+ATM+MET	1	1.3925415031827602	0.0	5.004676234894814	0.0	0.0	500
unknown::ARID1A+ATM+KRAS+TP53	1	1.2056638309199954	0.0	9.950735748789048	0.0	0.0	500
primary::EGFR+KRAS+MET+PIK3CA+STK11+TP53	4	6.237694888766756	0.990830787359122	26.044011021942456	0.158	0.006	500
metastatic::ATM+BRAF+NF1+SETD2+TP53	1	1.3514773944480474	0.0	11.40793336297556	0.002	0.0	500
primary::BRAF+NF1+PIK3CA	1	1.4084797017173996	0.0	6.571202918773982	0.002	0.0	500
primary::ATM+KEAP1+KRAS+SETD2+TP53	2	2.727084366013645	0.0	12.62069527531413	0.018	0.0	500
unknown::BRAF+MET	2	2.968243727952207	0.0	10.300167796315916	0.028	0.002	500
metastatic::CDKN2A+KRAS+NF1	2	2.754557703548201	0.0	10.170570170594287	0.024	0.0	500
unknown::ARID1A+NF1	1	1.4331602394453666	0.0	6.098737483727067	0.0	0.0	500
metastatic::BRAF+KEAP1+RBM10+STK11	1	1.149185197208916	0.0	29.51379269585452	0.0	0.0	500
metastatic::CDKN2A+MET+SMARCA4+STK11+TP53	1	1.2866151708837958	0.0	10.905356210547204	0.0	0.0	500
primary::EGFR+NF1+SMARCA4	1	1.4959279675519968	0.0	5.350136421262369	0.0	0.0	500
metastatic::KEAP1+KRAS+RBM10+SMARCA4+TP53	1	1.4612892189505757	0.0	16.41696696267024	0.0	0.0	500
primary::BRAF+CDKN2A+EGFR+MET+PIK3CA+STK11+TP53	1	1.4876788008222994	0.0	12.589306178681408	0.0	0.0	500
metastatic::ATM+KEAP1+NF1+SMARCA4+STK11+TP53	1	1.3767332194656947	0.0	81899825.7693443	0.002	0.0	500
primary::ARID1A+EGFR+RBM10+SETD2	1	1.396583600600141	0.0	7.05649364061036	0.002	0.0	500
primary::ARID1A+KEAP1+KRAS+SETD2	1	1.4282432749552458	0.0	6.142562207887785	0.002	0.0	500
primary::CDKN2A+KEAP1+KRAS+RBM10+STK11+TP53	1	1.4338813361027263	0.0	8.80010715067718	0.0	0.0	500
metastatic::ARID1A+ATM+SMARCA4+TP53	1	1.4629866462084367	0.0	7.403920298851773	0.0	0.0	500
metastatic::KEAP1+PIK3CA+SETD2+TP53	1	1.4674213164977297	0.0	6.866796010832597	0.0	0.0	500
unknown::PIK3CA+SMARCA4+TP53	1	1.4810005869117067	0.0	6.817367089656146	0.002	0.0	500
primary::CDKN2A+KRAS+PIK3CA+RBM10	1	1.3978565503540918	0.0	7.574007505745311	0.0	0.0	500
unknown::CDKN2A+KRAS+STK11	1	1.5933202056936242	0.0	7.603446551413904	0.002	0.0	500
metastatic::BRAF+KEAP1+RBM10+SMARCA4+STK11	1	1.4473509236894904	0.0	14.871191810855077	0.0	0.0	500
primary::NF1+SETD2+STK11	1	1.4644053383841966	0.0	6.728182160997432	0.006	0.0	500
primary::ATM+NF1+RBM10+SETD2	1	1.5493481006303678	0.0	9.071101788278577	0.002	0.0	500
primary::ARID1A+BRAF+CDKN2A+SETD2+TP53	1	1.4829522762368286	0.0	12.67447440503328	0.002	0.0	500
primary::BRAF+CDKN2A+MET+PIK3CA+TP53	1	1.4335922335413454	0.0	10.938341237049244	0.004	0.0	500
metastatic::CDKN2A+KRAS+SETD2	1	1.669247811780826	0.0	7.352996640876116	0.0	0.0	500
metastatic::CDKN2A+KEAP1+KRAS+RBM10+SMARCA4+TP53	1	1.435000727441591	0.0	20749516.709693532	0.002	0.0	500
metastatic::ARID1A+CDKN2A+KRAS+SETD2+TP53	1	1.4130871410278183	0.0	9.656149298244479	0.0	0.0	500
primary::ARID1A+KRAS+SETD2+SMARCA4	1	1.602295958780168	0.0	6.460497588794826	0.0	0.0	500
primary::ATM+BRAF+EGFR+KRAS+MET+PIK3CA+STK11+TP53	1	1.6313155890221922	0.0	7.653988391573094	0.0	0.0	500
metastatic::BRAF+CDKN2A+NF1+SMARCA4+TP53	1	1.6391697903963536	0.0	9.119425108545338	0.0	0.0	500
primary::ARID1A+BRAF+KRAS+STK11+TP53	1	1.1270836705989762	0.0	12.333924993263246	0.002	0.0	500
metastatic::ARID1A+KEAP1+KRAS+RBM10+TP53	1	1.5190685535367932	0.0	7.944101483142954	0.0	0.0	500
primary::ARID1A+ATM+KEAP1+STK11	1	1.4578714834400919	0.0	15.274112090977667	0.002	0.0	500
metastatic::MET+SETD2+SMARCA4+TP53	1	1.517956995085549	0.0	6.637273716949736	0.002	0.0	500
metastatic::ATM+KRAS+PIK3CA+RBM10+STK11	1	1.3601854216139073	0.0	16.355007895442064	0.0	0.0	500
metastatic::BRAF+KRAS+SMARCA4+STK11	2	2.8529817591366045	0.0	13.060232917387223	0.03	0.0	500
primary::ARID1A+CDKN2A+EGFR	1	1.5693762135248654	0.0	5.470976046250594	0.002	0.0	500
metastatic::ARID1A+ATM+CDKN2A+TP53	1	1.5257199547452038	0.0	7.569796288667467	0.002	0.0	500
unknown::ATM+KRAS+NF1+TP53	1	1.3776197585077203	0.0	7.742110037238706	0.0	0.0	500
primary::ARID1A+EGFR+PIK3CA+SETD2	2	3.1762369684134066	0.0	12.3485338925751	0.016	0.0	500
primary::EGFR+NF1+STK11	2	3.2098789380931505	0.0	9.696507927182232	0.022	0.0	500
metastatic::CDKN2A+KEAP1+PIK3CA+SMARCA4+TP53	1	1.3777396212600428	0.0	11.813260861221357	0.0	0.0	500
metastatic::KEAP1+RBM10+SETD2+TP53	1	1.65590960091129	0.0	8.309755816965616	0.004	0.0	500
metastatic::BRAF+EGFR+RBM10+SETD2	1	1.5304983906332112	0.0	7.412377363226219	0.002	0.0	500
primary::ATM+EGFR+MET+PIK3CA	1	1.5865625380045696	0.0	6.569815560369777	0.0	0.0	500
primary::ARID1A+ATM+BRAF+SETD2	1	1.5271012509309911	0.0	10.813840302661406	0.0	0.0	500
primary::CDKN2A+EGFR+PIK3CA+RBM10	2	3.2873130366097794	0.0	11.895533388926344	0.018	0.0	500
primary::BRAF+NF1+RBM10+SMARCA4+TP53	1	1.5187460510201658	0.0	8.240964127989335	0.0	0.0	500
unknown::ARID1A+SMARCA4+TP53	1	1.672664703683564	0.0	6.749059472588031	0.002	0.0	500
metastatic::ARID1A+CDKN2A+KEAP1+KRAS+STK11	1	1.6855779560941915	0.0	9.443525724323557	0.002	0.0	500
primary::BRAF+KEAP1+SMARCA4	1	1.464769023346224	0.0	7.530634540246658	0.002	0.0	500
metastatic::EGFR+KRAS+SETD2	1	1.7093289625975978	0.0	6.989858509457019	0.0	0.0	500
metastatic::ATM+KRAS+MET+RBM10	3	5.2341671355235	0.0	13.979821768627998	0.086	0.006	500
primary::EGFR+KEAP1+NF1+STK11	1	1.1983321460393856	0.0	35.582345569227336	0.0	0.0	500
primary::CDKN2A+EGFR+KRAS+RBM10	1	1.5587392648318705	0.0	7.491775266084695	0.0	0.0	500
primary::CDKN2A+EGFR+MET+NF1+TP53	1	1.61318519972518	0.0	8.380496376521057	0.002	0.0	500
metastatic::KEAP1+KRAS+NF1+SETD2+SMARCA4+STK11	1	1.3734815895374186	0.0	10.750136139554142	0.0	0.0	500
primary::CDKN2A+KRAS+PIK3CA+STK11	1	1.592780405509017	0.0	8.199947741758749	0.002	0.0	500
metastatic::KEAP1+NF1+RBM10+STK11	1	1.8844437674933527	0.0	8.345160641313633	0.0	0.0	500
unknown::KEAP1+PIK3CA+TP53	1	1.5128858635927473	0.0	7.205887608681575	0.0	0.0	500
metastatic::ATM+CDKN2A+KRAS+SETD2+TP53	1	1.6312504547335163	0.0	7.159180641361259	0.0	0.0	500
unknown::BRAF+KEAP1+STK11	1	1.6090214417190754	0.0	35.27572941219682	0.002	0.0	500
unknown::KRAS+RBM10+SMARCA4+STK11	1	1.5280171783369436	0.0	10.817934599355564	0.002	0.0	500
metastatic::BRAF+PIK3CA+SETD2+STK11+TP53	1	1.3333211716345863	0.0	134.012634327301	0.004	0.0	500
metastatic::ARID1A+ATM+KRAS+SMARCA4+STK11	1	1.3678044003244652	0.0	9.144380109282304	0.0	0.0	500
primary::KRAS+NF1+SETD2+STK11	1	1.5648051594580337	0.0	7.798687468797761	0.0	0.0	500
primary::ATM+BRAF+KEAP1	2	3.4172618858889496	0.0	11.820955605908969	0.024	0.0	500
unknown::KEAP1+NF1	1	1.5859538061813017	0.0	6.956031726392072	0.006	0.0	500
primary::BRAF+PIK3CA+RBM10+SETD2	2	3.358970082067862	0.0	13.318300645489705	0.036	0.0	500
primary::ATM+BRAF+PIK3CA+SETD2	1	1.6459237898322303	0.0	9.685589101064249	0.002	0.0	500
metastatic::PIK3CA+SMARCA4	1	1.753217786507157	0.0	6.865782037978879	0.0	0.0	500
unknown::ATM+KRAS+PIK3CA+TP53	1	1.6524150406609075	0.0	9.331113116175104	0.0	0.0	500
metastatic::EGFR+NF1+PIK3CA+SMARCA4+TP53	1	1.4692128538824907	0.0	11.229722709022736	0.0	0.0	500
metastatic::BRAF+KEAP1+SETD2+SMARCA4+TP53	1	1.4973075989532458	0.0	24.18213326417397	0.0	0.0	500
unknown::ARID1A+CDKN2A+KRAS+TP53	1	1.5982937033090971	0.0	10.333831550087602	0.0	0.0	500
metastatic::KRAS+MET+SMARCA4	1	1.6671444987327015	0.0	11.858541021715938	0.002	0.0	500
primary::KEAP1+RBM10+SMARCA4	2	3.5501598550480065	0.0	13.122278567378098	0.036	0.0	500
primary::ARID1A+CDKN2A+KEAP1+STK11+TP53	1	1.7586984987782919	0.0	11.163644918682726	0.0	0.0	500
metastatic::KEAP1+KRAS+MET+SMARCA4	1	1.7066631900624438	0.0	37.79153996801932	0.002	0.0	500
primary::KEAP1+MET+SMARCA4+STK11	1	1.8454153147660985	0.0	10.6505801571668	0.0	0.0	500
primary::KRAS+MET+PIK3CA+STK11+TP53	2	3.609085168821051	0.0	552.4089819912332	0.028	0.0	500
metastatic::EGFR+KEAP1+KRAS	1	1.7135029291800687	0.0	8.512971679885617	0.002	0.0	500
metastatic::ARID1A+ATM+CDKN2A+NF1+TP53	1	1.8325972748395305	0.0	12.940969013611866	0.0	0.0	500
metastatic::BRAF+KRAS+NF1+RBM10+TP53	1	1.800333089298896	0.0	10.723858311098589	0.002	0.0	500
primary::MET+RBM10+SMARCA4+TP53	1	1.5601793852175336	0.0	8.30132329744195	0.004	0.0	500
primary::KRAS+RBM10+SETD2+STK11+TP53	1	1.6628147071890962	0.0	9.704314077525785	0.0	0.0	500
unknown::NF1+SETD2	1	1.786376787374372	0.0	7.000338145522898	0.004	0.0	500
unknown::CDKN2A+EGFR+RBM10	1	1.844294211567256	0.0	7.2153262970190335	0.0	0.0	500
metastatic::KEAP1+KRAS+RBM10+SETD2+SMARCA4+STK11+TP53	1	1.6858173288104719	0.0	78302356.05348164	0.0	0.0	500
metastatic::ARID1A+CDKN2A+EGFR+SMARCA4+TP53	1	1.62094517899653	0.0	11.00299218051988	0.0	0.0	500
primary::ARID1A+ATM+MET+NF1+TP53	1	1.6372256044723978	0.0	14.856382346551289	0.0	0.0	500
metastatic::ARID1A+BRAF+CDKN2A+SMARCA4+TP53	1	1.7851386359147483	0.0	9.616704292139016	0.0	0.0	500
primary::ARID1A+ATM+STK11	2	3.7042513569865725	0.0	13.65723631360525	0.018	0.0	500
primary::ARID1A+ATM+BRAF+EGFR+KRAS+MET+NF1+PIK3CA+RBM10+SETD2+TP53	1	1.8404173228626541	0.0	115404672.72863214	0.0	0.0	500
metastatic::ATM+KEAP1+PIK3CA+TP53	1	1.887577196670729	0.0	9.168668889036132	0.002	0.0	500
primary::ATM+BRAF+KRAS+NF1	1	1.750247252766054	0.0	8.002351132683799	0.0	0.0	500
metastatic::ATM+KRAS+NF1+RBM10+SETD2	1	1.8023698865321613	0.0	13.907308809445027	0.006	0.0	500
metastatic::KEAP1+PIK3CA+STK11	3	5.747848478596083	0.0	32.903666436819755	0.114	0.002	500
primary::CDKN2A+MET+NF1+RBM10+TP53	1	1.7213581001819644	0.0	16.549058103173223	0.006	0.0	500
metastatic::ARID1A+CDKN2A+KRAS	2	3.7610446655251697	0.0	12.758556173066347	0.026	0.0	500
unknown::ATM+SETD2	2	3.6463686185482613	0.0	12.4042465212999	0.026	0.0	500
primary::ATM+EGFR+KRAS+MET+PIK3CA+STK11+TP53	1	1.7050007011508677	0.0	15.298740921818238	0.0	0.0	500
primary::EGFR+NF1+PIK3CA+SMARCA4+TP53	1	1.6373067995321708	0.0	9.852889432004778	0.0	0.0	500
primary::ARID1A+ATM+EGFR+KEAP1+TP53	1	1.609074847530107	0.0	8.658077639813008	0.0	0.0	500
primary::ARID1A+ATM+NF1+PIK3CA+TP53	1	1.4212653947038618	0.0	13.17600295662574	0.0	0.0	500
primary::CDKN2A+KEAP1+NF1+SMARCA4+STK11+TP53	1	1.9517690526812927	0.0	40264534.250447184	0.002	0.0	500
metastatic::ATM+BRAF+KEAP1+STK11+TP53	2	3.305299629996366	0.0	15.988865704000327	0.028	0.0	500
primary::ATM+CDKN2A+KEAP1+NF1+TP53	1	1.5198477816566647	0.0	12.110240514228142	0.0	0.0	500
primary::CDKN2A+KRAS+RBM10+SMARCA4+STK11	1	1.7105668034133985	0.0	14.21546660933079	0.01	0.0	500
metastatic::BRAF+CDKN2A+KRAS+SMARCA4+TP53	1	1.821680647538984	0.0	9.088285073799465	0.0	0.0	500
metastatic::ATM+EGFR+RBM10+SETD2+TP53	1	1.6882089753014138	0.0	14.009441015731339	0.004	0.0	500
metastatic::KEAP1+KRAS+MET+TP53	1	1.7652944518814593	0.0	7.333469159467954	0.0	0.0	500
metastatic::CDKN2A+KEAP1+MET+STK11+TP53	1	1.796661539187331	0.0	88.81132755946794	0.0	0.0	500
metastatic::CDKN2A+KEAP1+KRAS+RBM10+STK11+TP53	1	1.7379910150516586	0.0	12.498906798024061	0.006	0.0	500
unknown::ATM+CDKN2A+KEAP1+TP53	1	1.7632805128431723	0.0	10.251512891101022	0.002	0.0	500
primary::ARID1A+KRAS+NF1+STK11	2	3.7707524570752913	0.0	16.319663976780777	0.024	0.0	500
metastatic::RBM10+SMARCA4	2	3.8397382794454256	0.0	13.168512619991855	0.04	0.0	500
metastatic::BRAF+CDKN2A+STK11	1	1.7933792713017613	0.0	12.167234104697648	0.006	0.0	500
primary::EGFR+NF1+RBM10+SMARCA4	1	1.6884566148403146	0.0	10.710515071687471	0.004	0.0	500
metastatic::ARID1A+KRAS+SMARCA4	4	8.249233121011713	1.803973135860623	20.508433524400257	0.28	0.002	500
primary::ATM+EGFR+SMARCA4+STK11+TP53	1	1.5708347689485724	0.0	19.084548980856695	0.0	0.0	500
primary::BRAF+KEAP1+NF1+SMARCA4+TP53	1	1.4725485375466878	0.0	15.96962650373992	0.002	0.0	500
metastatic::ARID1A+ATM+BRAF+SETD2+TP53	1	1.6839457616475764	0.0	21.98607681341088	0.002	0.0	500
primary::KRAS+PIK3CA+RBM10+SMARCA4+TP53	1	1.8905984120510866	0.0	13.39659969185574	0.002	0.0	500
metastatic::ARID1A+KEAP1+MET+NF1+TP53	1	1.8761326056715983	0.0	11.243545562032576	0.002	0.0	500
metastatic::ARID1A+BRAF+KRAS+NF1+TP53	1	2.0998219371743723	0.0	11.235255108375547	0.004	0.0	500
metastatic::BRAF+KEAP1+KRAS+SETD2+STK11	1	1.8371833847673167	0.0	9.743647753775074	0.0	0.0	500
primary::BRAF+KEAP1+SETD2+SMARCA4+STK11+TP53	1	2.0311896882479883	0.0	101791402.96309088	0.0	0.0	500
primary::ARID1A+ATM+KRAS+SETD2+SMARCA4	1	1.763021368729982	0.0	11.420335333120338	0.0	0.0	500
unknown::BRAF+RBM10	1	2.0084634023638044	0.0	9.977205405761836	0.0	0.0	500
primary::ATM+BRAF+KEAP1+NF1+TP53	2	3.895979114810862	0.0	19.04814636879906	0.018	0.0	500
metastatic::ATM+BRAF+KEAP1+SMARCA4+STK11	1	1.4137991472328664	0.0	39616376.98771452	0.002	0.0	500
primary::RBM10+SETD2+SMARCA4+TP53	1	1.795309209063582	0.0	9.495055878544843	0.0	0.0	500
metastatic::ARID1A+KRAS+RBM10+SMARCA4	1	2.0177066474084304	0.0	10.995905365541946	0.004	0.0	500
metastatic::ARID1A+EGFR+NF1+SMARCA4+TP53	1	1.8019852657038262	0.0	11.833433583840279	0.0	0.0	500
primary::EGFR+KEAP1+SETD2	1	1.9570618785442426	0.0	7.907534240671819	0.0	0.0	500
metastatic::ATM+NF1+RBM10	1	1.7788590630304957	0.0	9.19230405568286	0.002	0.0	500
metastatic::RBM10+SMARCA4+STK11	2	3.797004030993875	0.0	14.904526390275333	0.04	0.0	500
metastatic::KEAP1+KRAS+SETD2+SMARCA4+TP53	1	1.8088865447003175	0.0	9.278266641816284	0.0	0.0	500
unknown::ATM+EGFR+KEAP1+TP53	1	1.9214724327217476	0.0	8.515328923546924	0.002	0.0	500
unknown::BRAF+KEAP1+KRAS+STK11	1	1.7893256868767198	0.0	10.604525778106808	0.0	0.0	500
unknown::ATM+EGFR+SETD2	1	2.149462044508536	0.0	10.89065814001663	0.002	0.0	500
unknown::BRAF+SETD2+STK11+TP53	1	1.890486121482391	0.0	25.36119333863468	0.004	0.0	500
metastatic::ATM+MET+STK11	1	1.9443119106080773	0.0	10.888961178089705	0.004	0.0	500
metastatic::CDKN2A+KEAP1+KRAS+SETD2+SMARCA4+STK11	1	1.7975257743671365	0.0	9.696694396693017	0.002	0.0	500
metastatic::KEAP1+SETD2+SMARCA4+STK11	1	1.9788269754234924	0.0	13.854070535729084	0.004	0.0	500
primary::EGFR+KEAP1+KRAS+SMARCA4+STK11	1	2.1565726450678318	0.0	84.06169416177048	0.002	0.0	500
unknown::KRAS+PIK3CA+RBM10+TP53	1	1.9180943361059875	0.0	13.197881719366412	0.004	0.0	500
metastatic::ATM+CDKN2A+KEAP1+STK11+TP53	1	1.9065205478657568	0.0	10.881663877729043	0.006	0.0	500
metastatic::CDKN2A+KRAS+PIK3CA+SETD2+TP53	1	1.9729570950491984	0.0	12.302634902779904	0.002	0.0	500
metastatic::ARID1A+BRAF+EGFR	2	4.145375381271334	0.0	13.659125969916547	0.038	0.0	500
metastatic::ATM+KRAS+MET+SMARCA4	1	1.7835184437972134	0.0	155.012158358294	0.0	0.0	500
metastatic::BRAF+EGFR+PIK3CA+RBM10+TP53	1	1.912588003254335	0.0	12.011397910999154	0.002	0.0	500
metastatic::ARID1A+MET+NF1+STK11+TP53	1	1.7808251397239503	0.0	44.97158893057381	0.004	0.0	500
primary::ARID1A+SMARCA4+STK11	2	3.9258793940290295	0.0	13.613999642455603	0.024	0.0	500
primary::CDKN2A+SMARCA4+STK11	1	1.9928925535166782	0.0	9.278814455736308	0.002	0.0	500
primary::ATM+NF1+RBM10+STK11	2	4.317239127416701	0.0	16.139810278730142	0.032	0.0	500
metastatic::ARID1A+BRAF+KRAS+SETD2+TP53	2	4.425796721848386	0.0	41.02972841217123	0.026	0.0	500
metastatic::NF1+SETD2+SMARCA4+STK11+TP53	1	2.014493996228611	0.0	13.728737395597467	0.004	0.0	500
primary::ARID1A+KEAP1+KRAS+SETD2+STK11+TP53	1	1.9305332266619422	0.0	13.344458550897732	0.0	0.0	500
primary::BRAF+CDKN2A+KEAP1	1	2.05005635625991	0.0	8.317119941677857	0.0	0.0	500
primary::CDKN2A+EGFR+MET+STK11+TP53	3	6.307215992647844	0.0	27.337480500408386	0.16	0.002	500
metastatic::KRAS+PIK3CA+SMARCA4+STK11	3	7.029203315893485	0.0	29.263306298115687	0.16	0.0	500
primary::ARID1A+KEAP1+RBM10+STK11	1	1.9689879093845581	0.0	7.794645910563163	0.004	0.0	500
primary::BRAF+KEAP1+SETD2+STK11+TP53	1	1.9737667795186868	0.0	12.872938517157479	0.004	0.0	500
primary::EGFR+KEAP1+SMARCA4+STK11+TP53	2	4.632313523287298	0.0	162.7460924212576	0.06	0.0	500
primary::ARID1A+RBM10+STK11+TP53	2	4.18668960469056	0.0	17.675805113021468	0.038	0.0	500
metastatic::EGFR+MET+SMARCA4	1	2.2291177791818946	0.0	12.249602820547874	0.0	0.0	500
metastatic::KRAS+NF1+PIK3CA+RBM10	1	1.9931232664968743	0.0	10.414103368725119	0.0	0.0	500
primary::KEAP1+KRAS+MET+SMARCA4+STK11+TP53	1	1.7493637720780282	0.0	40391216.4310729	0.0	0.0	500
metastatic::ARID1A+ATM+BRAF+STK11+TP53	2	4.698245002582141	0.0	50.96347033926457	0.036	0.0	500
primary::BRAF+KRAS+SETD2+SMARCA4+TP53	1	2.010714381092975	0.0	12.482355817302095	0.002	0.0	500
metastatic::ARID1A+CDKN2A+RBM10+TP53	1	2.080370467410977	0.0	11.795825316435499	0.004	0.0	500
primary::BRAF+NF1+RBM10+SETD2	1	1.9794738310568856	0.0	13.128098363253127	0.0	0.0	500
metastatic::CDKN2A+EGFR+KEAP1+NF1+TP53	1	2.1968253648284035	0.0	15.401854515103327	0.002	0.0	500
primary::EGFR+KRAS+MET	2	4.678712202902719	0.0	15.28584437871864	0.052	0.0	500
metastatic::BRAF+RBM10+STK11	1	2.2502731944861374	0.0	11.098880013592149	0.004	0.0	500
metastatic::KEAP1+SETD2+STK11	1	2.321176904582418	0.0	8.783304569528296	0.002	0.0	500
primary::ATM+PIK3CA+RBM10+TP53	1	2.303559467611426	0.0	11.36604793020732	0.002	0.0	500
primary::ARID1A+CDKN2A+SETD2+TP53	1	1.9977633291720702	0.0	18.19367574314758	0.002	0.0	500
metastatic::KEAP1+MET+PIK3CA+TP53	1	2.025561325650462	0.0	11.031513166211493	0.002	0.0	500
metastatic::EGFR+MET+PIK3CA+STK11+TP53	2	4.956020864932887	0.0	47.70534554478101	0.03	0.0	500
metastatic::ARID1A+EGFR+KEAP1+NF1+SMARCA4+STK11+TP53	1	2.3967634796268125	0.0	83880921.9498126	0.0	0.0	500
primary::BRAF+EGFR+NF1+RBM10+TP53	1	2.3822211898337544	0.0	16.689538959972687	0.004	0.0	500
metastatic::MET+PIK3CA+SETD2	1	2.287300195107271	0.0	9.780742920017847	0.002	0.0	500
metastatic::KRAS+MET+NF1	1	2.296782340864495	0.0	13.42281458654595	0.002	0.0	500
metastatic::KEAP1+NF1+PIK3CA+STK11+TP53	2	5.219412671510395	0.0	26.0095982393977	0.038	0.0	500
unknown::BRAF+RBM10+TP53	2	4.723571214829878	0.0	21.94470358114799	0.042	0.0	500
primary::ARID1A+CDKN2A+NF1+RBM10+TP53	1	1.9942992096335206	0.0	20.153027827192787	0.008	0.0	500
metastatic::ATM+KEAP1+SETD2+STK11+TP53	1	2.264713094435918	0.0	12.685507172575347	0.002	0.0	500
unknown::NF1+SMARCA4	1	2.3684777761151525	0.0	9.302304330363249	0.002	0.0	500
unknown::ATM+KEAP1+STK11+TP53	1	2.512509021949853	0.0	15.044795581023411	0.004	0.0	500
metastatic::ATM+CDKN2A+KEAP1+SMARCA4+TP53	1	1.9989651700903621	0.0	20.367471759400082	0.004	0.0	500
primary::RBM10+SETD2+STK11	2	4.7706089879452005	0.0	15.005962857679213	0.038	0.0	500
primary::CDKN2A+MET+STK11	2	4.79871897077488	0.0	18.98806883036619	0.04	0.0	500
primary::ARID1A+CDKN2A+KEAP1+NF1+RBM10+TP53	1	2.1626864641126877	0.0	40904611.606526114	0.002	0.0	500
primary::KEAP1+NF1+SETD2+STK11+TP53	1	2.418515669641984	0.0	11.27564035972269	0.002	0.0	500
primary::KEAP1+NF1+SMARCA4	1	2.3734495969586824	0.0	14.685292201084822	0.004	0.0	500
primary::ATM+BRAF+CDKN2A+KRAS+TP53	1	2.211418664389954	0.0	13.23941881558606	0.002	0.0	500
unknown::ATM+PIK3CA	1	2.5559755469850867	0.0	10.756852677922163	0.008	0.0	500
metastatic::CDKN2A+KEAP1+KRAS+RBM10	2	4.8509588414665235	0.0	19.824247374382377	0.032	0.0	500
primary::ATM+PIK3CA+SMARCA4+TP53	1	2.1812744751275974	0.0	12.153495605838804	0.002	0.0	500
primary::EGFR+MET+PIK3CA+STK11+TP53	1	2.409714196753322	0.0	21.876051086780024	0.006	0.0	500
metastatic::ATM+BRAF+SETD2+SMARCA4+STK11+TP53	1	1.8563399469573034	0.0	39383512.055759616	0.0	0.0	500
metastatic::ATM+KRAS+NF1+SMARCA4+TP53	1	2.1701925516194716	0.0	15.651340121941864	0.0	0.0	500
primary::ATM+RBM10+SETD2	1	2.519882680410909	0.0	12.129694768975545	0.0	0.0	500
primary::KEAP1+MET+NF1	1	2.4315052618691313	0.0	10.069537895001504	0.0	0.0	500
primary::KEAP1+KRAS+MET+SETD2+SMARCA4+STK11	1	1.6846494089493778	0.0	39816961.081644356	0.0	0.0	500
unknown::ARID1A+KEAP1+KRAS+STK11	1	2.1155009173679846	0.0	16.29932299250785	0.004	0.0	500
metastatic::ARID1A+ATM+BRAF+NF1+TP53	1	2.2592999775263642	0.0	17.769950300372777	0.0	0.0	500
primary::CDKN2A+KRAS+MET+NF1+TP53	1	2.295759388117586	0.0	24.545782718267972	0.008	0.0	500
primary::ARID1A+EGFR+NF1+PIK3CA+RBM10+TP53	1	1.8900394645664742	0.0	78956253.98338626	0.002	0.0	500
primary::KRAS+MET+NF1+STK11	2	5.157715515359463	0.0	27.36739970606182	0.038	0.0	500
metastatic::ATM+CDKN2A+KRAS+SMARCA4+STK11	1	2.198167448952133	0.0	30.993041394090227	0.002	0.0	500
unknown::ATM+KRAS+NF1+STK11+TP53	1	1.9029529755618695	0.0	80959892.3320441	0.004	0.0	500
metastatic::ARID1A+CDKN2A+KEAP1+NF1+PIK3CA+SMARCA4+TP53	1	2.611768390587728	0.0	83488640.67760706	0.002	0.0	500
primary::CDKN2A+EGFR+KRAS+MET+STK11+TP53	3	7.913197607079471	0.0	221.00137292212688	0.136	0.0	500
metastatic::ATM+CDKN2A+KEAP1+NF1+SMARCA4+STK11+TP53	1	2.1065401576021365	0.0	82713190.85077962	0.002	0.0	500
unknown::EGFR+KRAS+STK11	1	2.434373909480919	0.0	24.877412296421067	0.006	0.0	500
metastatic::EGFR+KEAP1+KRAS+STK11	1	2.6282919572082593	0.0	41.81536223364241	0.002	0.0	500
metastatic::ATM+CDKN2A+SETD2+TP53	1	2.5173868658697836	0.0	14.195942500252462	0.004	0.0	500
metastatic::BRAF+KEAP1+PIK3CA+STK11+TP53	1	2.5454650949570232	0.0	14.944856663443373	0.002	0.0	500
primary::ATM+MET+SMARCA4	1	2.6586825463760704	0.0	10.715934431098322	0.0	0.0	500
primary::KRAS+MET+NF1+PIK3CA+STK11+TP53	1	2.4820121933027135	0.0	52.07441816381099	0.006	0.0	500
metastatic::ARID1A+EGFR+SETD2+SMARCA4+TP53	1	2.4864493694742347	0.0	31.208509507086642	0.002	0.0	500
primary::EGFR+KRAS+MET+PIK3CA	3	8.181086833285994	0.0	31.29929532788917	0.15	0.0	500
primary::ATM+NF1+PIK3CA+TP53	2	5.329039607728426	0.0	28.374217230974924	0.036	0.0	500
metastatic::ATM+KRAS+SETD2+SMARCA4	1	2.6421711611822136	0.0	19.09679655190652	0.002	0.0	500
unknown::MET+RBM10+TP53	3	7.863400512319773	0.0	42.46034748930354	0.122	0.0	500
unknown::MET+RBM10	2	5.799695511380801	0.0	17.978976308198508	0.048	0.0	500
metastatic::BRAF+KEAP1+KRAS+NF1+STK11	1	2.6343443763713483	0.0	13.976958022380769	0.008	0.0	500
metastatic::ATM+CDKN2A+KEAP1+NF1+SETD2+SMARCA4+TP53	1	1.974404875091886	0.0	84962404.00419635	0.0	0.0	500
metastatic::ARID1A+EGFR+KRAS+RBM10	1	2.9246007093952953	0.0	19.445016118348544	0.004	0.0	500
metastatic::ATM+KEAP1+KRAS+SETD2+STK11+TP53	1	2.9079801222664137	0.0	26.649373517568307	0.002	0.0	500
metastatic::BRAF+NF1+STK11	1	2.8723250794408903	0.0	14.55889459020441	0.004	0.0	500
primary::EGFR+KRAS+NF1+RBM10	1	2.8279498369606646	0.0	11.593211493947088	0.002	0.0	500
metastatic::ARID1A+BRAF+EGFR+SETD2	1	2.7363874968695083	0.0	15.298294439221683	0.004	0.0	500
primary::ATM+BRAF+KRAS+SMARCA4	1	2.6187741041301367	0.0	13.107362697459616	0.006	0.0	500
primary::CDKN2A+KRAS+MET+PIK3CA	1	2.8104368314508306	0.0	12.875828663418762	0.002	0.0	500
primary::BRAF+PIK3CA+SETD2+SMARCA4	1	2.644212878728508	0.0	15.934871381570261	0.004	0.0	500
metastatic::CDKN2A+KRAS+RBM10+SETD2+TP53	1	2.5335903653818583	0.0	16.632960644299768	0.0	0.0	500
metastatic::ARID1A+ATM+KRAS+MET+RBM10	1	2.7696774924397713	0.0	25.404795111483597	0.002	0.0	500
unknown::ATM+KRAS+SMARCA4+TP53	2	6.104349300475993	0.0	36.54871912945701	0.044	0.0	500
primary::BRAF+RBM10+SETD2+SMARCA4	1	2.5751271829175133	0.0	21.038921441619966	0.002	0.0	500
unknown::KEAP1+KRAS+SETD2+TP53	1	2.734901578809626	0.0	18.764621269077992	0.0	0.0	500
primary::CDKN2A+KEAP1+NF1+STK11	3	8.784774326640047	0.0	25.842713870807962	0.14	0.0	500
unknown::ATM+SMARCA4	1	2.9093804821174545	0.0	12.967090714316708	0.002	0.0	500
metastatic::ARID1A+KEAP1+SMARCA4+STK11	3	9.042412818354176	0.0	38.31088241805633	0.166	0.004	500
unknown::RBM10+STK11+TP53	1	2.8647919593466207	0.0	22.632039641472634	0.006	0.0	500
primary::CDKN2A+KEAP1+KRAS+SETD2+SMARCA4+STK11	2	6.242984454357169	0.0	23.918026139741436	0.048	0.0	500
metastatic::ARID1A+EGFR+SMARCA4	2	5.666513854591182	0.0	18.57318026812565	0.048	0.0	500
metastatic::ARID1A+BRAF+SETD2+STK11+TP53	1	2.7278917932052797	0.0	47.974699380322576	0.002	0.0	500
unknown::CDKN2A+KEAP1+NF1+SMARCA4+TP53	1	2.8043530710111044	0.0	81751685.9055163	0.0	0.0	500
unknown::ATM+KEAP1	1	3.0669868299711878	0.0	11.8846891472574	0.0	0.0	500
metastatic::ATM+CDKN2A+RBM10+TP53	1	2.8035795553765785	0.0	17.135011484969482	0.006	0.0	500
primary::KRAS+MET+NF1+PIK3CA+TP53	1	2.6173880326203127	0.0	31.756749096688072	0.0	0.0	500
metastatic::ARID1A+BRAF+MET+SETD2+TP53	1	2.503769455356303	0.0	103.7316701282968	0.002	0.0	500
primary::ATM+BRAF+NF1+SETD2	1	2.9334154830700747	0.0	33.41087801836766	0.004	0.0	500
metastatic::MET+PIK3CA+RBM10	1	2.829495641926674	0.0	15.435223560435395	0.002	0.0	500
primary::ARID1A+BRAF+KEAP1+SMARCA4+TP53	1	2.95280486343193	0.0	56.807878301213215	0.006	0.0	500
primary::ARID1A+ATM+BRAF+CDKN2A+EGFR+KEAP1+NF1+RBM10+SETD2+SMARCA4+TP53	1	3.2200715185442204	0.0	118320065.92680812	0.0	0.0	500
primary::ARID1A+KRAS+MET+PIK3CA	1	2.7964985732285434	0.0	13.814530504870733	0.002	0.0	500
primary::ARID1A+ATM+MET+NF1	1	3.056879775753927	0.0	32.05085117303692	0.002	0.0	500
primary::CDKN2A+KEAP1+RBM10+STK11	1	2.9231003340521844	0.0	15.025908131729357	0.002	0.0	500
primary::ATM+MET+SMARCA4+TP53	1	2.809674355057576	0.0	21.690626137635757	0.0	0.0	500
metastatic::ARID1A+ATM+KEAP1+MET+SMARCA4+TP53	1	2.301627905248525	0.0	79771823.20056568	0.0	0.0	500
metastatic::ARID1A+ATM+NF1+STK11+TP53	1	3.337946294856729	0.0	33.85506737152979	0.002	0.0	500
primary::ATM+BRAF+NF1+SMARCA4+TP53	1	2.8149822156157187	0.0	26.8159892032598	0.006	0.0	500
primary::ARID1A+ATM+CDKN2A+NF1+SMARCA4+TP53	1	3.3851311477264874	0.0	60117716.13284872	0.004	0.0	500
primary::ARID1A+KRAS+RBM10+SETD2+SMARCA4	1	2.6944369560573955	0.0	30.010063092159967	0.004	0.0	500
primary::BRAF+KRAS+NF1+SMARCA4+TP53	1	2.914199884124507	0.0	16.705733326402402	0.002	0.0	500
primary::BRAF+EGFR+MET+PIK3CA+STK11+TP53	1	2.6720600531827006	0.0	1916.4363288524632	0.002	0.0	500
metastatic::BRAF+KEAP1+RBM10+SMARCA4+STK11+TP53	1	2.7548021714228823	0.0	35.16703386441819	0.006	0.0	500
primary::ATM+BRAF+CDKN2A+EGFR+KRAS+PIK3CA+TP53	1	3.386481156549361	0.0	79038835.54180412	0.0	0.0	500
metastatic::ATM+KEAP1+PIK3CA+SMARCA4+TP53	1	3.055573289571864	0.0	39401378.93043694	0.006	0.0	500
metastatic::CDKN2A+KEAP1+SMARCA4+STK11	1	3.119860481988642	0.0	14.086001407968697	0.002	0.0	500
unknown::MET+SETD2+TP53	1	3.095641697756302	0.0	16.228162865377872	0.002	0.0	500
unknown::ATM+KRAS+PIK3CA+RBM10+TP53	1	3.3030145670448046	0.0	40480077.42317917	0.004	0.0	500
primary::EGFR+KRAS+MET+STK11+TP53	1	3.3719489391551445	0.0	37.235753457672836	0.0	0.0	500
primary::EGFR+KEAP1+KRAS	1	3.31555732479796	0.0	13.147247965705441	0.002	0.0	500
metastatic::ARID1A+CDKN2A+KEAP1+SETD2+TP53	1	3.0301287592935076	0.0	21.256581651192644	0.002	0.0	500
primary::ARID1A+BRAF+EGFR+SMARCA4+TP53	2	7.195685388646069	0.0	63.18739571520609	0.052	0.0	500
primary::ARID1A+ATM+NF1+SMARCA4+STK11	1	3.024105918415615	0.0	39.76443181782488	0.004	0.0	500
metastatic::ATM+NF1+STK11	3	11.246287336809193	0.0	69.40433176611424	0.164	0.0	500
metastatic::ATM+KEAP1+MET+TP53	1	3.0477615331424603	0.0	20.645617369593676	0.006	0.0	500
primary::ATM+BRAF+KEAP1+NF1+STK11	1	3.4179563565462927	0.0	51.32418303868267	0.0	0.0	500
metastatic::ARID1A+ATM+KEAP1+MET+TP53	1	3.2014159270916114	0.0	69.19148462766678	0.0	0.0	500
metastatic::ARID1A+ATM+RBM10+TP53	1	3.5678031016631877	0.0	27.796952202889305	0.002	0.0	500
primary::ARID1A+ATM+NF1+STK11+TP53	1	2.861754973434348	0.0	23.267533532739254	0.004	0.0	500
unknown::EGFR+KEAP1+NF1+TP53	1	3.026999173317582	0.0	30.888134674339174	0.004	0.0	500
primary::EGFR+KEAP1+RBM10+STK11	2	6.988250560111668	0.0	37.32403518244245	0.066	0.0	500
metastatic::ATM+BRAF+SETD2+SMARCA4	1	3.392948110759505	0.0	34.95471650030651	0.006	0.0	500
primary::ARID1A+ATM+EGFR+NF1+RBM10+SETD2+SMARCA4+TP53	1	3.548806853539994	0.0	118262341.1927699	0.0	0.0	500
primary::ARID1A+ATM+CDKN2A+NF1+TP53	2	7.1913212482577435	0.0	122554781.60090703	0.036	0.0	500
primary::BRAF+KEAP1+PIK3CA+SETD2	1	3.311428728502177	0.0	23.97660477321148	0.002	0.0	500
primary::KRAS+NF1+PIK3CA+SETD2	1	3.818172574737787	0.0	22.651858790213627	0.008	0.0	500
metastatic::KRAS+RBM10+SETD2+SMARCA4+TP53	5	19.477200098400004	4.561722776959308	160089047.15998834	0.526	0.038	500
primary::ATM+CDKN2A+KEAP1+STK11+TP53	2	8.245960953494345	0.0	39929318.33113186	0.064	0.0	500
primary::NF1+PIK3CA+STK11	1	3.310256130875824	0.0	18.52113864098784	0.004	0.0	500
primary::BRAF+KEAP1+NF1+SMARCA4+STK11+TP53	1	2.949230040691842	0.0	41264441.254076324	0.0	0.0	500
primary::ARID1A+ATM+NF1+STK11	1	3.1371665984312296	0.0	20.296061330442704	0.004	0.0	500
primary::ARID1A+BRAF+KEAP1	1	3.6630149846328752	0.0	17.917130714283214	0.0	0.0	500
metastatic::ATM+KEAP1+MET+SMARCA4+TP53	1	2.9718232057183265	0.0	43.081465469411405	0.0	0.0	500
primary::ARID1A+KRAS+MET+STK11	1	3.181439795455492	0.0	18.312653373531194	0.002	0.0	500
primary::ARID1A+NF1+PIK3CA+SMARCA4+TP53	1	3.157321512163188	0.0	33.70545871961068	0.004	0.0	500
metastatic::ARID1A+EGFR+KEAP1+SMARCA4+TP53	2	8.673596475724372	0.0	142.2193923461681	0.04	0.0	500
primary::CDKN2A+EGFR+PIK3CA+STK11+TP53	1	3.402421009479087	0.0	149.25300390672047	0.002	0.0	500
metastatic::ARID1A+CDKN2A+KEAP1+NF1+STK11+TP53	1	3.694093556650722	0.0	41314450.54801595	0.0	0.0	500
metastatic::EGFR+KEAP1+RBM10+STK11	1	3.873180209274011	0.0	98.09738207497895	0.008	0.0	500
metastatic::BRAF+KEAP1+NF1+SMARCA4+STK11+TP53	1	3.7601488677256842	0.0	79968743.78808932	0.002	0.0	500
unknown::EGFR+NF1+STK11+TP53	1	3.1864841401106228	0.0	30.69099112069135	0.0	0.0	500
metastatic::ARID1A+BRAF+MET+STK11+TP53	1	3.870777408595081	0.0	39989211.89469383	0.004	0.0	500
metastatic::ARID1A+BRAF+KRAS+SMARCA4+TP53	1	3.5008826018077004	0.0	30.600182771425327	0.004	0.0	500
unknown::ARID1A+CDKN2A+KEAP1+NF1+SMARCA4+TP53	1	3.8880428238507805	0.0	83251275.90720885	0.004	0.0	500
metastatic::ATM+KEAP1+NF1+SMARCA4	1	3.500667870867315	0.0	41572205.18413583	0.0	0.0	500
metastatic::ARID1A+KEAP1+RBM10+SMARCA4+STK11+TP53	1	2.8333205736501643	0.0	42101239.97893793	0.002	0.0	500
primary::CDKN2A+KEAP1+NF1+RBM10+TP53	1	3.0943938680649055	0.0	79693257.86843346	0.0	0.0	500
primary::CDKN2A+EGFR+MET+PIK3CA	1	3.559539748233769	0.0	21.69801822335195	0.004	0.0	500
unknown::ATM+KRAS+NF1+SMARCA4+STK11+TP53	1	3.3243481270858135	0.0	80724974.06080642	0.0	0.0	500
metastatic::ARID1A+KEAP1+RBM10	1	3.235645663719323	0.0	18.707743086740667	0.002	0.0	500
metastatic::BRAF+KEAP1+NF1+PIK3CA+STK11+TP53	1	3.4206079799754923	0.0	53.63319785808457	0.0	0.0	500
primary::EGFR+KEAP1+NF1+SMARCA4+STK11+TP53	1	2.8527670419062643	0.0	2239.7384655025453	0.0	0.0	500
primary::ATM+KEAP1+SETD2+STK11	1	3.7639569631067067	0.0	26.703027522123666	0.002	0.0	500
primary::KEAP1+KRAS+NF1+SETD2+TP53	1	3.785541159655615	0.0	25.24652370152162	0.004	0.0	500
primary::BRAF+EGFR+MET+RBM10+TP53	1	3.699006125536567	0.0	40.41830720578807	0.004	0.0	500
metastatic::ARID1A+ATM+NF1	1	3.3197536259013622	0.0	32.54140024905826	0.006	0.0	500
metastatic::ARID1A+KRAS+PIK3CA+SETD2+STK11+TP53	1	3.9455649726061033	0.0	84434556.54469697	0.0	0.0	500
primary::ARID1A+KEAP1+SETD2+STK11+TP53	2	7.770189676367416	0.0	78.87274127973555	0.04	0.0	500
unknown::KRAS+MET+TP53	1	3.6807912718063376	0.0	14.997674062669363	0.002	0.0	500
unknown::KEAP1+KRAS+SMARCA4	4	16.720012172807706	1.127083532862566	66.93607754497452	0.382	0.01	500
primary::BRAF+CDKN2A+KRAS+SMARCA4+STK11	1	3.3117717233505974	0.0	36.692873932715514	0.004	0.0	500
primary::ARID1A+EGFR+KEAP1+SMARCA4+STK11+TP53	1	2.820102008847321	0.0	530.1303540811998	0.0	0.0	500
metastatic::ATM+BRAF+KEAP1+STK11	1	3.741797416648139	0.0	42.80466386187612	0.004	0.0	500
metastatic::CDKN2A+EGFR+KEAP1	1	3.8117511670971904	0.0	21.13717773802216	0.0	0.0	500
primary::ATM+EGFR+KRAS+SETD2	1	3.7676565720884367	0.0	20.724933691116963	0.002	0.0	500
primary::ATM+BRAF+EGFR+STK11+TP53	1	3.7715450970869773	0.0	34.49350865456957	0.002	0.0	500
metastatic::BRAF+KRAS+RBM10+SMARCA4+STK11	1	4.129328963830552	0.0	81555842.81901261	0.004	0.0	500
primary::ARID1A+KEAP1+SMARCA4	1	3.618937867787025	0.0	20.978304067154625	0.0	0.0	500
primary::KEAP1+KRAS+MET+STK11+TP53	1	3.8334142705560934	0.0	86.3657910676215	0.006	0.0	500
metastatic::ATM+CDKN2A+KRAS+SMARCA4	1	3.9142545984204182	0.0	32.820567376008	0.006	0.0	500
metastatic::ATM+KRAS+PIK3CA+RBM10+SETD2	1	3.206138626312763	0.0	56.16710521681	0.004	0.0	500
metastatic::EGFR+MET+NF1+STK11+TP53	1	3.3408818728844274	0.0	53.07855736205337	0.0	0.0	500
metastatic::MET+SMARCA4+STK11	1	3.6267943452216396	0.0	24.572827419001552	0.006	0.0	500
unknown::ARID1A+ATM+EGFR+SMARCA4+TP53	1	4.30747502968626	0.0	60483899.34926466	0.0	0.0	500
primary::ARID1A+BRAF+KEAP1+PIK3CA+TP53	1	3.9038775604566758	0.0	47.645195318262836	0.0	0.0	500
metastatic::ATM+BRAF+KEAP1+NF1+SETD2+TP53	1	3.3954776680131937	0.0	48.2120949886209	0.002	0.0	500
primary::ARID1A+ATM+KRAS+NF1+SETD2+SMARCA4+TP53	1	4.179285214846147	0.0	121174346.18495227	0.0	0.0	500
metastatic::ATM+KRAS+NF1+SETD2+STK11+TP53	2	8.581000812335745	0.0	162724870.9995408	0.032	0.0	500
metastatic::ARID1A+CDKN2A+KRAS+MET+TP53	2	8.851696655076228	0.0	102.54588745599528	0.046	0.0	500
metastatic::CDKN2A+KEAP1+RBM10+STK11+TP53	1	3.5537727214691373	0.0	26.690982907931797	0.004	0.0	500
primary::ATM+KRAS+NF1+SETD2+SMARCA4	1	4.27261308808123	0.0	33.08253947603952	0.006	0.0	500
metastatic::ARID1A+EGFR+NF1+SMARCA4+STK11+TP53	1	3.4818135725171513	0.0	81909716.19492777	0.008	0.0	500
metastatic::BRAF+KEAP1+MET+TP53	1	4.048144025954534	0.0	21.04887837628666	0.0	0.0	500
primary::CDKN2A+KEAP1+RBM10+STK11+TP53	1	3.8014984211038843	0.0	31.18662090149382	0.002	0.0	500
unknown::KRAS+NF1+STK11	1	4.380850739740886	0.0	20.881478021610896	0.0	0.0	500
primary::MET+NF1+PIK3CA+SMARCA4+TP53	1	4.362792797376895	0.0	81510150.26638833	0.004	0.0	500
metastatic::ARID1A+EGFR+KRAS+PIK3CA+RBM10	1	3.4612067835956113	0.0	42753381.142569035	0.004	0.0	500
primary::ATM+KRAS+MET+SETD2	1	4.009592261529464	0.0	24.498414962715767	0.004	0.0	500
metastatic::EGFR+KRAS+PIK3CA+STK11+TP53	1	4.43590551063556	0.0	40452092.0177028	0.006	0.0	500
primary::CDKN2A+KEAP1+RBM10	1	4.109725741904182	0.0	18.954126154857835	0.004	0.0	500
metastatic::ARID1A+EGFR+PIK3CA+RBM10+SETD2+TP53	1	4.392763850739529	0.0	124696264.4767146	0.002	0.0	500
metastatic::ARID1A+ATM+EGFR+KRAS+TP53	1	3.8027684210669976	0.0	147.50059863006183	0.002	0.0	500
unknown::KEAP1+KRAS+NF1+SMARCA4+STK11	1	4.346545948240318	0.0	40.1307251720839	0.0	0.0	500
metastatic::CDKN2A+KEAP1+NF1+SETD2+TP53	1	3.597850067638393	0.0	40.81441581898511	0.0	0.0	500
metastatic::ATM+KEAP1+KRAS+RBM10+SETD2	3	12.967896289227081	0.0	119759873.0644715	0.15	0.002	500
primary::ARID1A+KEAP1+NF1	1	4.085107147277624	0.0	27.1483476977638	0.004	0.0	500
metastatic::EGFR+KRAS+MET+TP53	3	13.233047765513898	0.0	34.61897579333411	0.182	0.002	500
primary::EGFR+KRAS+SETD2+STK11+TP53	1	4.067599193186107	0.0	30.794410887128763	0.008	0.0	500
primary::EGFR+KEAP1+PIK3CA+SMARCA4+TP53	1	3.1581500684388395	0.0	95.137218126547	0.006	0.0	500
primary::ATM+NF1+RBM10+SMARCA4	1	4.633341551345369	0.0	97.25470643104435	0.004	0.0	500
metastatic::EGFR+KRAS+MET+STK11+TP53	1	3.7636005018406875	0.0	50.3799644609588	0.006	0.0	500
metastatic::CDKN2A+KEAP1+NF1+SMARCA4+STK11+TP53	1	4.352566931344793	0.0	114922607.22690131	0.002	0.0	500
primary::EGFR+KRAS+MET+PIK3CA+STK11	3	14.627167888885122	0.0	126.81072653796224	0.152	0.002	500
primary::KEAP1+KRAS+PIK3CA+RBM10+SMARCA4+STK11	1	4.036876670114821	0.0	26.607639294889385	0.002	0.0	500
primary::EGFR+KEAP1+NF1	1	4.566816513463308	0.0	17.15937704361586	0.004	0.0	500
primary::ARID1A+BRAF+NF1+PIK3CA+TP53	1	4.54630858242867	0.0	79391278.18811545	0.01	0.0	500
metastatic::ATM+PIK3CA+SETD2+TP53	1	4.674452736080192	0.0	30.058536139929235	0.006	0.0	500
primary::ARID1A+BRAF+KRAS+SMARCA4+TP53	1	4.211395263341397	0.0	30.853147764421585	0.004	0.0	500
metastatic::BRAF+CDKN2A+EGFR+KRAS+MET+PIK3CA+STK11+TP53	3	14.356298372110079	0.0	197387656.6591849	0.15	0.002	500
metastatic::EGFR+KEAP1+KRAS+RBM10+TP53	1	3.5424211852678873	0.0	105.94876377608414	0.006	0.0	500
metastatic::MET+NF1+SETD2	1	4.145534709999167	0.0	21.174226683973064	0.002	0.0	500
metastatic::ARID1A+EGFR+NF1+STK11+TP53	1	3.5209344426305407	0.0	47.47898581033795	0.002	0.0	500
primary::BRAF+EGFR+KRAS	1	4.477109190293678	0.0	18.681587024422825	0.002	0.0	500
primary::BRAF+KRAS+NF1+SETD2+TP53	1	3.8573401471420414	0.0	19804440.42449719	0.01	0.0	500
metastatic::ATM+KEAP1+NF1	1	4.214665694944086	0.0	31.03163647500912	0.0	0.0	500
metastatic::ARID1A+BRAF+PIK3CA	1	4.215668556461642	0.0	26.654036238200586	0.002	0.0	500
metastatic::ARID1A+ATM+CDKN2A+KRAS+RBM10	1	4.004382108218353	0.0	20206092.869654395	0.002	0.0	500
metastatic::BRAF+CDKN2A+PIK3CA	1	4.392957347093084	0.0	24.070564725344905	0.006	0.0	500
unknown::ATM+BRAF+KEAP1+TP53	2	8.743589195083889	0.0	133.84530544615663	0.044	0.0	500
metastatic::KEAP1+SETD2+SMARCA4	1	4.521165360443801	0.0	23.856261306679663	0.004	0.0	500
metastatic::CDKN2A+KEAP1+SMARCA4	2	9.69756697308347	0.0	45.658845088685865	0.052	0.0	500
unknown::ATM+KEAP1+SETD2+TP53	1	4.430611294171549	0.0	38.8609663051638	0.002	0.0	500
metastatic::KEAP1+KRAS+RBM10+SETD2+STK11+TP53	1	4.0849103103053	0.0	59.53591204602432	0.006	0.0	500
primary::CDKN2A+KRAS+NF1+SETD2+TP53	1	4.208894483369977	0.0	122.1036735836455	0.002	0.0	500
primary::BRAF+CDKN2A+EGFR+MET+STK11+TP53	2	9.742619248525116	0.0	3296.531480269648	0.048	0.0	500
metastatic::BRAF+EGFR+KEAP1+MET+NF1+PIK3CA+TP53	1	4.799604941243949	0.0	115439705.31047808	0.002	0.0	500
unknown::EGFR+KEAP1+KRAS+RBM10+STK11	1	4.895783032944692	0.0	2479.609969040842	0.006	0.0	500
metastatic::ATM+BRAF+SETD2+SMARCA4+TP53	1	4.42209400758945	0.0	76887664.491252	0.004	0.0	500
primary::CDKN2A+KEAP1+NF1+SETD2+TP53	1	4.0284388802541535	0.0	19907789.293700866	0.0	0.0	500
metastatic::MET+NF1+PIK3CA	1	4.624756530875134	0.0	25.67093825761846	0.002	0.0	500
metastatic::ARID1A+BRAF+KEAP1+SMARCA4+STK11	1	4.242227101637693	0.0	47.89209609209216	0.006	0.0	500
primary::PIK3CA+RBM10+SETD2	1	4.763300038205888	0.0	26.97915612177646	0.0	0.0	500
metastatic::EGFR+KRAS+MET+PIK3CA+STK11+TP53	1	4.847423589263521	0.0	2126.049089779766	0.002	0.0	500
primary::ARID1A+ATM+BRAF+EGFR+NF1+RBM10+SETD2+SMARCA4+STK11+TP53	1	4.913307453604925	0.0	103105105.80782902	0.002	0.0	500
unknown::EGFR+KEAP1+KRAS+STK11	1	5.011306692658303	0.0	1209.9635637499625	0.002	0.0	500
metastatic::KEAP1+NF1+SETD2+SMARCA4+STK11	1	5.130204875794345	0.0	29.263217240335216	0.006	0.0	500
primary::KEAP1+MET+SETD2	1	4.581605343767794	0.0	27.03127419127421	0.002	0.0	500
metastatic::BRAF+NF1+SMARCA4	1	5.083458470538863	0.0	36.53798121863799	0.004	0.0	500
unknown::BRAF+KRAS+SMARCA4+STK11+TP53	1	4.6627114831933945	0.0	68.63522659372123	0.002	0.0	500
metastatic::BRAF+KRAS+RBM10+SETD2+TP53	1	5.039425055962367	0.0	87643938.35796733	0.004	0.0	500
metastatic::KEAP1+KRAS+MET+PIK3CA+TP53	1	5.8025323973788066	0.0	498.2031699966343	0.004	0.0	500
metastatic::BRAF+KEAP1+MET+SMARCA4+TP53	1	3.8612282046445783	0.0	78244091.89253308	0.002	0.0	500
metastatic::KEAP1+MET+SMARCA4	2	9.649929944841938	0.0	51.50961230844045	0.058	0.0	500
primary::ARID1A+KRAS+PIK3CA+RBM10+SMARCA4	1	5.171294880263428	0.0	40888397.95157419	0.006	0.0	500
primary::ATM+EGFR+KEAP1+PIK3CA	1	4.630966086380289	0.0	27.044012896331555	0.002	0.0	500
primary::ATM+BRAF+KRAS+MET	1	4.640488324791061	0.0	32.085803730921796	0.004	0.0	500
primary::BRAF+CDKN2A+RBM10+STK11	2	12.009746520349124	0.0	59.45337690317955	0.066	0.0	500
primary::BRAF+CDKN2A+EGFR+KRAS+PIK3CA+TP53	2	11.313021908816594	0.0	121974505.85532735	0.05	0.0	500
primary::EGFR+KEAP1+KRAS+RBM10	1	5.35497276047197	0.0	23.18931044713763	0.002	0.0	500
primary::ATM+KRAS+RBM10+SETD2+STK11+TP53	1	5.6337948622419365	0.0	922.0740654683635	0.002	0.0	500
primary::CDKN2A+NF1+PIK3CA+RBM10+TP53	1	5.574753761334991	0.0	80759327.34155641	0.004	0.0	500
primary::MET+NF1+SETD2+SMARCA4+TP53	1	4.433904196886557	0.0	40339093.31286419	0.0	0.0	500
primary::EGFR+PIK3CA+RBM10+STK11+TP53	2	11.368670430241751	0.0	80578733.92522362	0.04	0.0	500
primary::BRAF+CDKN2A+KRAS+MET+TP53	1	4.933677202239509	0.0	56.47719322861	0.0	0.0	500
primary::CDKN2A+EGFR+NF1+RBM10	2	11.23124173135458	0.0	57.162114588914015	0.052	0.0	500
metastatic::ATM+CDKN2A+KEAP1+NF1+SETD2+TP53	1	5.165916779351021	0.0	59669425.83957975	0.002	0.0	500
metastatic::ARID1A+ATM+CDKN2A+KEAP1+SMARCA4+TP53	1	4.336168979523536	0.0	85962634.10702139	0.002	0.0	500
metastatic::KEAP1+NF1+SMARCA4	2	11.29047812063733	0.0	137.05745272718872	0.038	0.002	500
unknown::EGFR+NF1+PIK3CA	1	5.623655009927992	0.0	29.11149550816045	0.0	0.0	500
metastatic::ATM+BRAF+KEAP1+RBM10+STK11+TP53	1	5.83663060932508	0.0	39538711.245293885	0.004	0.0	500
primary::ATM+KEAP1+PIK3CA+SMARCA4+STK11+TP53	1	5.0408695563617005	0.0	42142650.06873318	0.004	0.0	500
metastatic::BRAF+EGFR+KRAS+MET+PIK3CA+STK11+TP53	1	5.6943494999302215	0.0	79163506.20120029	0.002	0.0	500
metastatic::BRAF+KRAS+PIK3CA+RBM10+TP53	1	5.416639737908849	0.0	192.77127654397765	0.002	0.0	500
primary::KEAP1+PIK3CA+RBM10+STK11+TP53	1	5.213832489814625	0.0	46.70185222351842	0.002	0.0	500
primary::CDKN2A+KRAS+PIK3CA+SMARCA4	1	4.702679579480977	0.0	43.94487775723316	0.002	0.0	500
primary::EGFR+KRAS+MET+NF1+TP53	1	5.156034776444309	0.0	44.92863139620382	0.006	0.0	500
primary::ARID1A+ATM+PIK3CA+SETD2+TP53	1	6.244084655946088	0.0	100239629.51398337	0.002	0.0	500
metastatic::KEAP1+PIK3CA+SETD2+STK11+TP53	1	5.8556090551456546	0.0	41.655626454962686	0.002	0.0	500
primary::ARID1A+ATM+BRAF+EGFR+NF1+SETD2+SMARCA4+TP53	2	12.78524285692776	0.0	201683169.6849942	0.022	0.0	500
unknown::CDKN2A+EGFR+PIK3CA	1	5.629257681080938	0.0	31.64190591412455	0.002	0.0	500
metastatic::ARID1A+CDKN2A+KEAP1+KRAS	1	5.356076774095799	0.0	47.31874735753662	0.008	0.0	500
primary::ARID1A+CDKN2A+KRAS+PIK3CA+RBM10+TP53	2	12.93551672489123	0.0	166655175.6220921	0.036	0.0	500
metastatic::KRAS+MET+PIK3CA+STK11	2	13.185798095928916	0.0	416.7505205859547	0.056	0.0	500
metastatic::ARID1A+NF1+SETD2	1	5.886116231070731	0.0	34.31859398755968	0.0	0.0	500
metastatic::ARID1A+BRAF+CDKN2A+KRAS+NF1+TP53	1	5.365841740118159	0.0	79315525.01161256	0.006	0.0	500
metastatic::ARID1A+KEAP1+NF1+PIK3CA+TP53	1	6.375597046197402	0.0	39684577.283108175	0.002	0.0	500
metastatic::ARID1A+ATM+EGFR+SETD2	1	5.752518767826455	0.0	112.51002656761557	0.006	0.0	500
metastatic::KEAP1+RBM10+SMARCA4	1	5.854333748758009	0.0	35.86309459367241	0.002	0.0	500
metastatic::ARID1A+KEAP1+SETD2+SMARCA4+STK11	1	5.437800878951741	0.0	49.092032543002794	0.002	0.0	500
primary::PIK3CA+SMARCA4+STK11	1	6.007651690537943	0.0	31.80616069986059	0.004	0.0	500
unknown::CDKN2A+KEAP1+KRAS+SETD2+TP53	1	5.0744273676606975	0.0	60079504.45911233	0.0	0.0	500
primary::ATM+KEAP1+RBM10+SMARCA4+STK11	1	6.3098138730038436	0.0	41494749.829594105	0.002	0.0	500
primary::ATM+KRAS+MET+RBM10+SMARCA4	1	5.736418113764097	0.0	47.347405545974965	0.004	0.0	500
primary::BRAF+KEAP1+KRAS+NF1	1	6.964834748698034	0.0	28.998027098867126	0.0	0.0	500
metastatic::ATM+MET+SMARCA4	1	6.660900852154317	0.0	40.11079389064431	0.002	0.0	500
metastatic::ARID1A+PIK3CA+RBM10	1	6.307252588596847	0.0	33.43789494447678	0.004	0.0	500
metastatic::CDKN2A+EGFR+KRAS+MET+PIK3CA+STK11+TP53	1	6.780055952027485	0.0	80505203.11395083	0.004	0.0	500
unknown::BRAF+KRAS+STK11+TP53	1	5.7857861886115955	0.0	47.36411225887235	0.0	0.0	500
unknown::CDKN2A+EGFR+PIK3CA+RBM10	1	5.129243743508447	0.0	78575759.93529874	0.0	0.0	500
metastatic::ARID1A+BRAF+EGFR+STK11+TP53	1	5.356098217433077	0.0	2659.5396731120386	0.006	0.0	500
unknown::KEAP1+MET+TP53	1	6.910938386121437	0.0	58.31573744621329	0.0	0.0	500
primary::BRAF+EGFR+KRAS+PIK3CA+TP53	1	6.637190862158931	0.0	100.92781060948498	0.006	0.0	500
primary::ARID1A+ATM+EGFR+PIK3CA+STK11+TP53	1	4.1412152901854125	0.0	119018688.60155101	0.0	0.0	500
metastatic::ATM+CDKN2A+MET+SMARCA4+TP53	1	7.068644885582133	0.0	80755026.71533382	0.004	0.0	500
metastatic::ARID1A+BRAF+EGFR+SMARCA4+TP53	1	6.66114024492026	0.0	39762059.66028978	0.0	0.0	500
metastatic::ARID1A+CDKN2A+KEAP1+NF1+PIK3CA+TP53	1	4.7799138655519435	0.0	117877847.34804988	0.0	0.0	500
primary::ARID1A+NF1+SMARCA4+STK11	1	5.7150287153697805	0.0	59.456721603710136	0.004	0.0	500
primary::ARID1A+BRAF+KRAS+PIK3CA+RBM10+SETD2	1	3.7086350109382256	0.0	83799907.52391864	0.002	0.0	500
primary::BRAF+MET+PIK3CA+STK11+TP53	2	13.447424874971947	0.0	122554649.48353323	0.044	0.0	500
metastatic::ARID1A+KEAP1+KRAS+PIK3CA+SMARCA4+STK11	1	5.955229081040255	0.0	79895728.15258197	0.004	0.0	500
primary::MET+NF1+SETD2+SMARCA4+STK11+TP53	1	7.119467333712287	0.0	117009204.4756231	0.002	0.0	500
primary::EGFR+MET+PIK3CA+SMARCA4+TP53	1	6.396422297953938	0.0	39798718.93754497	0.0	0.0	500
primary::BRAF+CDKN2A+KRAS+NF1	1	7.37798121743452	0.0	45.38174777946424	0.0	0.0	500
metastatic::ARID1A+ATM+BRAF+KEAP1+RBM10+TP53	1	7.435283103736728	0.0	84807488.74455424	0.006	0.0	500
metastatic::BRAF+EGFR+MET	1	7.0471783988433785	0.0	34.81863018125188	0.004	0.0	500
metastatic::BRAF+KEAP1+KRAS+SETD2	1	7.257994760053033	0.0	39822281.318100214	0.0	0.0	500
metastatic::BRAF+KEAP1+PIK3CA+RBM10+TP53	1	6.719754797660828	0.0	81356269.20025717	0.002	0.0	500
unknown::ATM+EGFR+KRAS+PIK3CA	1	7.633027068968943	0.0	41519998.92688709	0.002	0.0	500
unknown::EGFR+NF1+SMARCA4	1	7.843975784569012	0.0	39393407.598005936	0.0	0.0	500
metastatic::EGFR+KEAP1+RBM10+SMARCA4+TP53	1	7.666521020656575	0.0	40499513.34165111	0.006	0.0	500
unknown::ARID1A+NF1+SETD2	1	6.358607789517345	0.0	76910204.21632	0.0	0.0	500
primary::ATM+PIK3CA+SETD2+TP53	1	7.9886257284650295	0.0	79427177.69598158	0.006	0.0	500
primary::CDKN2A+EGFR+KRAS+MET+PIK3CA	2	15.23806332580655	0.0	103.80445127954167	0.046	0.0	500
primary::ATM+BRAF+KRAS+NF1+RBM10+SETD2	1	5.623919729437482	0.0	79391991.00911921	0.004	0.0	500
unknown::CDKN2A+EGFR+SETD2+TP53	1	6.344103740534903	0.0	39516216.93427503	0.002	0.0	500
unknown::ATM+KEAP1+NF1	1	6.552568818196496	0.0	113.59557506141732	0.004	0.0	500
metastatic::ARID1A+ATM+MET	1	7.069206966050101	0.0	50.342202560750984	0.0	0.0	500
unknown::ARID1A+ATM+NF1	1	7.839636790471891	0.0	79848250.28106008	0.004	0.0	500
primary::ATM+KEAP1+MET+SMARCA4+TP53	1	8.11058106929257	0.0	146.9815891630485	0.004	0.0	500
metastatic::ARID1A+CDKN2A+MET+STK11+TP53	1	6.766860104784369	0.0	40685418.5376866	0.002	0.0	500
primary::CDKN2A+KEAP1+NF1+RBM10+SETD2+TP53	1	8.174777046640047	0.0	81347896.69238444	0.008	0.0	500
metastatic::BRAF+EGFR+NF1+SMARCA4+TP53	1	5.682445684036647	0.0	39257140.63688686	0.004	0.0	500
unknown::EGFR+KRAS+NF1+TP53	1	6.412697817620723	0.0	127.4551060710796	0.004	0.0	500
primary::EGFR+MET+PIK3CA+STK11	1	8.615398138128123	0.0	59.02750924505618	0.004	0.0	500
unknown::ATM+BRAF+STK11	2	17.306362712495844	0.0	80213288.70297323	0.046	0.0	500
primary::ATM+KEAP1+MET+PIK3CA+TP53	1	7.40298229534587	0.0	43224573.88056515	0.002	0.0	500
unknown::KEAP1+NF1+SMARCA4	1	7.180412149268237	0.0	80550011.74081944	0.004	0.0	500
primary::BRAF+CDKN2A+KEAP1+SMARCA4+STK11+TP53	1	8.9003786287502	0.0	85637108.5498067	0.006	0.0	500
metastatic::KEAP1+PIK3CA+RBM10+STK11	1	7.519270766780677	0.0	174.40991838814298	0.006	0.0	500
primary::KEAP1+PIK3CA+SMARCA4	1	8.098511274590855	0.0	55.40765963921613	0.008	0.0	500
primary::ARID1A+BRAF+KRAS+PIK3CA+SETD2	1	9.04095077065909	0.0	78656366.17220962	0.004	0.0	500
primary::ARID1A+KRAS+NF1+SETD2+SMARCA4+TP53	1	9.091243219559955	0.0	115894504.85443658	0.0	0.0	500
metastatic::MET+NF1+SMARCA4+STK11+TP53	1	8.292830313579664	0.0	295.46386346756486	0.002	0.0	500
metastatic::BRAF+KEAP1+RBM10+SETD2+STK11	1	9.113052634342601	0.0	121283647.23041815	0.006	0.0	500
metastatic::ATM+SETD2+SMARCA4+STK11+TP53	2	18.59572158892062	0.0	124274084.81970909	0.03	0.0	500
metastatic::CDKN2A+KEAP1+NF1+SMARCA4	1	8.831286157039795	0.0	58.144438173129686	0.002	0.0	500
primary::ARID1A+BRAF+CDKN2A+SETD2	1	9.168636504558638	0.0	49.70656784409794	0.0	0.0	500
metastatic::ATM+KEAP1+SETD2+STK11	1	7.9470473005365445	0.0	123.8722417068145	0.004	0.0	500
primary::KEAP1+MET+NF1+SETD2+TP53	1	8.111888489023215	0.0	40856720.40487	0.002	0.0	500
primary::KEAP1+KRAS+MET+RBM10	1	9.270728026735952	0.0	63.41626433656911	0.008	0.0	500
primary::ATM+KEAP1+KRAS+MET+STK11+TP53	1	5.857472004569378	0.0	76200587.92158833	0.0	0.0	500
primary::ARID1A+KEAP1+PIK3CA+RBM10+TP53	1	9.628204099169977	0.0	43086406.473979674	0.004	0.0	500
unknown::ATM+BRAF+NF1+STK11	1	10.494814900672472	0.0	80486688.87705001	0.002	0.0	500
metastatic::ARID1A+CDKN2A+KEAP1+NF1+PIK3CA+RBM10+TP53	1	10.422675516139542	0.0	101065519.75923382	0.002	0.0	500
primary::ATM+BRAF+EGFR+KRAS	1	10.274136219351599	0.0	60.46454499878009	0.004	0.0	500
primary::ARID1A+KEAP1+MET+SETD2+TP53	1	8.051501978547968	0.0	82228091.39954971	0.004	0.0	500
unknown::ATM+CDKN2A+KEAP1+KRAS+STK11+TP53	1	10.720073065960204	0.0	120114837.52877747	0.002	0.0	500
primary::ARID1A+ATM+BRAF+CDKN2A+EGFR+NF1+RBM10+SETD2+SMARCA4+STK11+TP53	1	10.88228919155156	0.0	83354119.44119208	0.002	0.0	500
metastatic::BRAF+PIK3CA+SETD2+SMARCA4	1	10.305516086588447	0.0	41771275.108259894	0.008	0.0	500
primary::KEAP1+MET+NF1+SMARCA4+TP53	1	11.343173478681656	0.0	78154625.90261784	0.006	0.0	500
unknown::ARID1A+KEAP1+PIK3CA+TP53	1	7.748246960289748	0.0	121334534.68352617	0.002	0.0	500
primary::KEAP1+MET+PIK3CA	1	10.579828364970027	0.0	60.67493154405297	0.002	0.0	500
metastatic::CDKN2A+EGFR+KRAS+PIK3CA+STK11+TP53	1	6.128035020912629	0.0	118606588.34657818	0.002	0.0	500
metastatic::ARID1A+ATM+PIK3CA+TP53	1	11.02918299992713	0.0	80301513.31789316	0.002	0.0	500
primary::ATM+BRAF+KRAS+NF1+PIK3CA	2	21.20789649240958	0.0	124884576.84398125	0.044	0.0	500
metastatic::ATM+MET+NF1+RBM10	1	11.27994210696302	0.0	84024083.87197831	0.0	0.0	500
metastatic::CDKN2A+EGFR+KRAS+SETD2+TP53	1	8.793760972652898	0.0	446.2687513886635	0.004	0.0	500
primary::BRAF+KEAP1+KRAS+NF1+SMARCA4+STK11	1	9.790820780269193	0.0	80449594.37148792	0.002	0.0	500
primary::ARID1A+ATM+BRAF+EGFR+KEAP1+NF1+RBM10+SETD2+SMARCA4+TP53	1	11.418255006678224	0.0	84888233.57937385	0.0	0.0	500
metastatic::BRAF+KRAS+MET+STK11+TP53	1	11.65145054234555	0.0	39931104.87789397	0.0	0.0	500
metastatic::RBM10+SETD2+STK11	1	10.967863314198931	0.0	71.73986622332083	0.008	0.0	500
unknown::BRAF+KRAS+NF1+RBM10+TP53	1	11.669969471514765	0.0	82562689.71397512	0.004	0.0	500
metastatic::ATM+EGFR+KEAP1+KRAS	1	11.812816225088982	0.0	58.206404970577765	0.004	0.0	500
unknown::ARID1A+BRAF+EGFR	1	10.440941959883585	0.0	68.04517107192893	0.006	0.0	500
metastatic::ATM+BRAF+EGFR+KRAS	1	10.588687314667283	0.0	64.31611646624168	0.002	0.0	500
primary::BRAF+EGFR+SMARCA4+STK11+TP53	2	25.549374789767246	0.0	162959433.85422432	0.04	0.0	500
primary::ATM+KEAP1+PIK3CA	1	11.180218393886397	0.0	68.31968760161307	0.006	0.0	500
metastatic::ATM+EGFR+KRAS+NF1	1	9.714493699833037	0.0	59.27616869395682	0.004	0.0	500
primary::KEAP1+KRAS+MET+SMARCA4	1	11.873331701558524	0.0	57.59316979109544	0.002	0.0	500
unknown::KRAS+MET+SETD2+TP53	1	13.383352831953697	0.0	230.80187557758708	0.002	0.0	500
metastatic::ARID1A+BRAF+CDKN2A+KEAP1+SMARCA4+TP53	1	12.460971381257181	0.0	116907786.14833978	0.0	0.0	500
metastatic::ARID1A+BRAF+KRAS+PIK3CA+SMARCA4+TP53	1	12.497523081904205	0.0	121695886.01008761	0.0	0.0	500
primary::CDKN2A+KRAS+MET+PIK3CA+SMARCA4+TP53	1	8.611278419009471	0.0	82887406.4749659	0.0	0.0	500
unknown::ARID1A+BRAF+SETD2	1	6.9495020524566105	0.0	84296569.40439376	0.0	0.0	500
metastatic::ARID1A+EGFR+SETD2+SMARCA4+STK11+TP53	1	12.790014004974616	0.0	86537376.01974931	0.006	0.0	500
primary::KEAP1+KRAS+MET+SETD2+STK11	1	9.66529080349859	0.0	239.046785720698	0.004	0.0	500
primary::ARID1A+ATM+CDKN2A+KEAP1+NF1+SMARCA4+TP53	1	9.20246478857639	0.0	117145420.5867278	0.002	0.0	500
metastatic::KEAP1+PIK3CA+SMARCA4	1	10.973171500131816	0.0	95.90198239567164	0.0	0.0	500
primary::ARID1A+BRAF+KEAP1+MET+SETD2+TP53	1	6.853506541647908	0.0	82942577.3855667	0.002	0.0	500
primary::ATM+KRAS+NF1+SETD2+STK11+TP53	1	13.263719145443762	0.0	118089616.79162368	0.002	0.0	500
metastatic::ARID1A+EGFR+NF1+PIK3CA	1	10.199315039117247	0.0	79436023.0257053	0.004	0.0	500
metastatic::CDKN2A+EGFR+KEAP1+SETD2+TP53	1	12.123178968828654	0.0	80432340.45235832	0.004	0.0	500
metastatic::ARID1A+KEAP1+KRAS+NF1+SMARCA4	1	13.451032685900728	0.0	84006438.5838853	0.0	0.0	500
metastatic::BRAF+CDKN2A+MET+STK11+TP53	1	13.099154275207194	0.0	79465090.96032132	0.006	0.0	500
primary::KEAP1+KRAS+MET+RBM10+STK11+TP53	1	13.487569296090413	0.0	1027.340384170506	0.002	0.0	500
metastatic::ARID1A+BRAF+KEAP1+MET+NF1+TP53	1	7.375489917815486	0.0	117526758.456738	0.0	0.0	500
metastatic::ARID1A+BRAF+RBM10+SETD2+TP53	1	13.434073811062676	0.0	83230688.12282775	0.002	0.0	500
metastatic::ARID1A+BRAF+KEAP1+NF1+STK11	1	13.934842329921203	0.0	120018317.4011524	0.0	0.0	500
primary::ARID1A+KRAS+NF1+PIK3CA+RBM10+SMARCA4	1	7.335164440351649	0.0	117987883.94410901	0.002	0.0	500
unknown::BRAF+CDKN2A+NF1+TP53	1	13.676364963463149	0.0	117219981.13917035	0.0	0.0	500
primary::ATM+EGFR+KEAP1+KRAS	1	12.035714300819944	0.0	76.30434954574243	0.002	0.0	500
metastatic::BRAF+EGFR+KRAS+RBM10+TP53	1	14.14787104107161	0.0	8371.585553784267	0.002	0.0	500
primary::ATM+BRAF+EGFR+STK11	1	13.73854677759094	0.0	237.31187773315543	0.006	0.0	500
primary::ATM+KEAP1+NF1+SETD2+SMARCA4+STK11+TP53	1	14.394076860521174	0.0	117072119.41039792	0.0	0.0	500
primary::ARID1A+CDKN2A+KEAP1+KRAS+RBM10+STK11+TP53	2	31.12860847838922	0.0	164858764.37700346	0.036	0.0	500
primary::ARID1A+NF1+PIK3CA+SETD2+SMARCA4+TP53	1	14.660446213851527	0.0	117294605.21729614	0.002	0.0	500
primary::ARID1A+CDKN2A+MET+STK11+TP53	1	10.785437168714953	0.0	77804361.99976397	0.006	0.0	500
primary::ARID1A+RBM10+SMARCA4+STK11	1	14.70351756504797	0.0	79752498.9795639	0.0	0.0	500
primary::ARID1A+KEAP1+KRAS+NF1+RBM10	1	15.036169822606308	0.0	120216788.23329654	0.002	0.0	500
metastatic::BRAF+KEAP1+PIK3CA+SETD2+SMARCA4+TP53	1	15.60617014043974	0.0	122781305.426102	0.0	0.0	500
primary::BRAF+CDKN2A+KRAS+PIK3CA+STK11	1	13.711199623948534	0.0	81351537.5440923	0.004	0.0	500
metastatic::BRAF+KEAP1+NF1	1	15.666788963340572	0.0	82337043.31637904	0.004	0.0	500
metastatic::CDKN2A+KEAP1+NF1+RBM10+SETD2+TP53	1	15.564499878372274	0.0	118369532.56402738	0.004	0.0	500
unknown::ARID1A+NF1+STK11+TP53	1	16.61432088196297	0.0	87059536.48717612	0.004	0.0	500
metastatic::ARID1A+ATM+KEAP1+STK11	2	31.358630979765024	0.0	79213797.58007465	0.054	0.0	500
unknown::KEAP1+SETD2+STK11	1	16.866174442028246	0.0	141.22784462274294	0.004	0.0	500
primary::KRAS+MET+NF1+SETD2+TP53	1	12.234511878506245	0.0	20966292.042252257	0.004	0.0	500
primary::ATM+CDKN2A+MET+SETD2	1	16.918103832190454	0.0	120809034.60737543	0.004	0.0	500
primary::PIK3CA+RBM10+SMARCA4	1	17.054974309069348	0.0	140.82929526060533	0.002	0.0	500
metastatic::BRAF+EGFR+KEAP1+RBM10+SMARCA4+TP53	1	17.360508342176676	0.0	121078811.44400418	0.0	0.0	500
primary::BRAF+CDKN2A+EGFR+KRAS+MET+PIK3CA	1	16.134772484711128	0.0	233.8492067493361	0.0	0.0	500
metastatic::ARID1A+CDKN2A+KEAP1+PIK3CA+SETD2+TP53	1	17.23583145754069	0.0	117924614.13257498	0.004	0.0	500
metastatic::ATM+CDKN2A+KEAP1+RBM10+TP53	1	11.01218803322046	0.0	102139458.95720395	0.002	0.0	500
metastatic::ARID1A+CDKN2A+KEAP1+RBM10+SETD2+TP53	1	17.90018837326913	0.0	116080172.49974379	0.0	0.0	500
primary::BRAF+CDKN2A+KRAS+NF1+PIK3CA+TP53	1	18.912124677694464	0.0	120932133.3880954	0.0	0.0	500
primary::CDKN2A+MET+PIK3CA+RBM10+SETD2+TP53	1	19.192847945050367	0.0	120091085.82213733	0.002	0.0	500
unknown::MET+RBM10+SETD2	1	13.236239470994516	0.0	79558651.9929965	0.0	0.0	500
primary::CDKN2A+KEAP1+NF1+SETD2+STK11	1	15.259653557490854	0.0	39266578.9773831	0.006	0.0	500
metastatic::ATM+KRAS+NF1+PIK3CA+SMARCA4+TP53	1	19.495068176096765	0.0	119609318.11654587	0.002	0.0	500
unknown::BRAF+EGFR+KRAS	1	19.794753603566026	0.0	102.0911238948858	0.006	0.0	500
primary::BRAF+KEAP1+PIK3CA+RBM10+TP53	1	19.339778339863926	0.0	84496723.67163482	0.002	0.0	500
primary::ARID1A+PIK3CA+RBM10	1	19.807598571120387	0.0	41330106.9331852	0.004	0.0	500
unknown::CDKN2A+SETD2+STK11+TP53	1	14.276401298839144	0.0	78964063.71107978	0.002	0.0	500
primary::ATM+EGFR+MET+STK11	1	19.32690891297395	0.0	79518845.45257215	0.004	0.0	500
primary::BRAF+EGFR+KRAS+MET+PIK3CA	1	15.839665331079676	0.0	198.42526333087096	0.004	0.0	500
metastatic::KEAP1+NF1+PIK3CA+SMARCA4+STK11	1	20.458408649754546	0.0	169.7763581624001	0.01	0.0	500
primary::ARID1A+ATM+MET+SMARCA4	1	17.58637957209522	0.0	41857609.68716685	0.0	0.0	500
metastatic::ARID1A+ATM+CDKN2A+NF1+PIK3CA+TP53	1	20.706970100063437	0.0	121324711.53432254	0.002	0.0	500
metastatic::BRAF+EGFR+SMARCA4+STK11	1	20.604162401354706	0.0	101257344.38340625	0.002	0.0	500
metastatic::ARID1A+KEAP1+NF1+SETD2	1	21.056578528080376	0.0	121331927.28563304	0.002	0.0	500
primary::ATM+CDKN2A+KEAP1+KRAS+RBM10+STK11	1	21.47313061315033	0.0	118891899.46193966	0.002	0.0	500
metastatic::ATM+KEAP1+PIK3CA	1	17.588321874442308	0.0	179.6250270514291	0.004	0.0	500
primary::BRAF+KRAS+PIK3CA+RBM10+STK11	1	20.723027120396722	0.0	113572586.56982987	0.004	0.0	500
metastatic::ARID1A+KEAP1+MET+SMARCA4+STK11	1	17.27059787295201	0.0	39750491.5810359	0.0	0.0	500
primary::ARID1A+BRAF+KRAS+MET+TP53	1	21.295528601668053	0.0	40827707.66885282	0.002	0.0	500
metastatic::ATM+KEAP1+NF1+SETD2	1	21.626094332934706	0.0	117856077.73602292	0.002	0.0	500
metastatic::ARID1A+KEAP1+PIK3CA+RBM10+TP53	1	15.0724038361965	0.0	119163509.82901776	0.002	0.0	500
metastatic::NF1+SETD2+STK11	1	21.75927924537816	0.0	39102173.13734007	0.006	0.0	500
primary::ARID1A+BRAF+KRAS+NF1+RBM10	1	17.42916267691033	0.0	115415021.71848184	0.002	0.0	500
primary::ARID1A+ATM+CDKN2A+KRAS+NF1	1	23.629269646117095	0.0	118183891.36843278	0.002	0.0	500
primary::BRAF+MET+RBM10+STK11+TP53	1	13.284576168034882	0.0	117431064.73861481	0.004	0.0	500
unknown::ATM+BRAF+EGFR+KRAS+TP53	1	22.030008631996438	0.0	915.6256515866122	0.002	0.0	500
primary::BRAF+KRAS+NF1+RBM10+SMARCA4	1	20.37858791830739	0.0	120453560.24415001	0.008	0.0	500
metastatic::ARID1A+ATM+CDKN2A+RBM10+SMARCA4+STK11+TP53	1	25.354293110425125	0.0	83572185.98779768	0.002	0.0	500
metastatic::ATM+KRAS+PIK3CA+RBM10+SETD2+TP53	2	53.05453692861459	0.0	165190008.05014446	0.026	0.0	500
primary::ARID1A+ATM+RBM10+SMARCA4+STK11	1	25.430173420874773	0.0	85792657.07636948	0.0	0.0	500
metastatic::ARID1A+KEAP1+RBM10+STK11	1	19.56967311732437	0.0	79322360.05409372	0.006	0.0	500
metastatic::ATM+KEAP1+RBM10+SETD2+STK11	1	26.09894686190922	0.0	100758916.89174391	0.004	0.0	500
metastatic::CDKN2A+EGFR+KEAP1+KRAS+STK11	1	26.411545890225803	0.0	4293.266686540817	0.002	0.0	500
metastatic::ATM+KRAS+MET+SETD2	1	21.209545088815716	0.0	39944770.26502053	0.006	0.0	500
primary::KEAP1+KRAS+MET+NF1+TP53	1	21.66773922063448	0.0	612.3417204730298	0.004	0.0	500
primary::ARID1A+ATM+NF1+SMARCA4	1	27.77634132316092	0.0	83902436.37978761	0.006	0.0	500
metastatic::ATM+BRAF+CDKN2A+EGFR	1	27.557098635394873	0.0	102836954.25944865	0.002	0.0	500
unknown::BRAF+KEAP1+KRAS	1	31.914540120386555	0.0	81580799.72940092	0.002	0.0	500
unknown::EGFR+KRAS+MET	1	30.054922592670707	0.0	780.7887715521686	0.006	0.0	500
metastatic::ATM+PIK3CA+STK11	1	27.520684268637226	0.0	84004446.93303096	0.002	0.0	500
unknown::ATM+EGFR+NF1+SETD2	1	32.33422580509724	0.0	82903129.70225364	0.0	0.0	500
primary::BRAF+KEAP1+MET+PIK3CA+SETD2	1	33.83252153392931	0.0	102714462.37817915	0.004	0.0	500
primary::ARID1A+ATM+CDKN2A	1	33.22945079006303	0.0	20103836.635233294	0.002	0.0	500
primary::BRAF+CDKN2A+EGFR+KRAS+MET+PIK3CA+STK11	1	22.44178998303145	0.0	84722075.98242211	0.0	0.0	500
metastatic::ARID1A+EGFR+MET+SETD2+SMARCA4+TP53	1	35.8542164822297	0.0	115816963.92043208	0.0	0.0	500
metastatic::EGFR+KEAP1+KRAS+MET+TP53	1	36.16555849362169	0.0	546.2300661907489	0.004	0.0	500
metastatic::ATM+CDKN2A+KEAP1+NF1+PIK3CA+SETD2+TP53	1	37.986583371207246	0.0	100813270.74805975	0.004	0.0	500
primary::ARID1A+KEAP1+KRAS+PIK3CA+SETD2+STK11+TP53	1	20.7219715486914	0.0	83487412.34102729	0.002	0.0	500
metastatic::ARID1A+KEAP1+KRAS+NF1+PIK3CA+SMARCA4	1	40.08957687227053	0.0	101480742.63006623	0.002	0.0	500
unknown::CDKN2A+KRAS+MET	1	33.2858205640602	0.0	302.4633661488109	0.002	0.0	500
primary::BRAF+KRAS+MET+NF1	1	38.0666174504686	0.0	40361490.17011599	0.002	0.0	500
primary::BRAF+KEAP1+PIK3CA+RBM10+STK11	2	89.83454600195077	0.0	149818864.1205387	0.038	0.0	500
metastatic::ARID1A+EGFR+KRAS+NF1	2	108.56885732454766	0.0	83024345.26990883	0.048	0.0	500
metastatic::ARID1A+KEAP1+MET+RBM10+SMARCA4+STK11+TP53	1	51.73209106630564	0.0	114745183.3368033	0.0	0.0	500
metastatic::ATM+BRAF+CDKN2A+MET+PIK3CA+TP53	1	55.531451644442406	0.0	118444574.83021627	0.0	0.0	500
primary::ARID1A+BRAF+CDKN2A+EGFR	1	31.38471394527178	0.0	86194299.42461164	0.008	0.0	500
metastatic::KEAP1+NF1+PIK3CA	1	60.96956797846707	0.0	82302506.62418054	0.008	0.0	500
primary::ARID1A+CDKN2A+EGFR+STK11	1	61.62793744943239	0.0	121160459.79068042	0.0	0.0	500
metastatic::ARID1A+MET+STK11	1	51.84771452225795	0.0	121073610.79353431	0.002	0.0	500
metastatic::EGFR+KEAP1+NF1+SMARCA4+STK11	1	56.68303323742982	0.0	536.3654464825975	0.004	0.0	500
unknown::ATM+CDKN2A+NF1	1	69.30703953270029	0.0	118846653.4060777	0.002	0.0	500
primary::ARID1A+ATM+BRAF+KRAS+NF1+RBM10+SETD2+SMARCA4+TP53	1	37.26600022705967	0.0	85185547.07797718	0.0	0.0	500
metastatic::ATM+CDKN2A+EGFR+KEAP1+SMARCA4+TP53	1	72.40337013173803	0.0	120216666.56856683	0.0	0.0	500
unknown::ATM+CDKN2A+STK11	1	50.46054010636636	0.0	80902276.6032357	0.002	0.0	500
primary::ARID1A+KRAS+MET+NF1+RBM10	1	72.83844462107997	0.0	120071798.33459628	0.0	0.0	500
metastatic::BRAF+CDKN2A+EGFR+MET	1	77.41496942382464	0.0	86106202.32125449	0.0	0.0	500
unknown::BRAF+PIK3CA+STK11	1	46.66082597671188	0.0	120500105.53050157	0.0	0.0	500
metastatic::BRAF+KEAP1+PIK3CA+RBM10+SETD2+STK11	1	59.91423628956533	0.0	118378963.18391062	0.002	0.0	500
metastatic::KEAP1+KRAS+MET+SETD2+SMARCA4+STK11	1	71.26474915757004	0.0	39877824.14030633	0.006	0.0	500
metastatic::ARID1A+ATM+KEAP1+KRAS+MET	3	298.74123036502294	0.0	243670916.75079915	0.154	0.0	500
metastatic::BRAF+KRAS+MET+PIK3CA+TP53	2	221.9404749563301	0.0	120477159.34721808	0.044	0.0	500
primary::BRAF+KRAS+MET+STK11+TP53	2	233.15912745087212	0.0	99763006.4979023	0.04	0.0	500
metastatic::CDKN2A+EGFR+KEAP1+SMARCA4+STK11	1	119.71317622927597	0.0	122285514.70317397	0.006	0.0	500
primary::ATM+CDKN2A+SETD2	1	122.17443630323001	0.0	83077045.86774611	0.002	0.0	500
primary::ARID1A+KEAP1+MET+NF1+STK11+TP53	1	124.94204925316583	0.0	118346965.66901441	0.004	0.0	500
primary::ARID1A+NF1+PIK3CA+RBM10+SETD2+STK11+TP53	1	66.11437702628729	0.0	83123866.97125274	0.006	0.0	500
metastatic::ATM+BRAF+KEAP1+MET+STK11	1	80.85571238912503	0.0	84979322.57605502	0.0	0.0	500
metastatic::EGFR+KRAS+MET+PIK3CA	1	187.58521089223774	0.0	81840197.789142	0.002	0.0	500
primary::ARID1A+ATM+BRAF+EGFR+KRAS+NF1+RBM10+SETD2+SMARCA4+TP53	1	202.89364485181187	0.0	81365299.40827693	0.0	0.0	500
metastatic::ATM+EGFR+KRAS+SMARCA4+STK11	1	342.8447641475866	0.0	2802.596105853499	0.008	0.0	500
primary::EGFR+KRAS+RBM10+SMARCA4+STK11	1	345.25962774815673	0.0	81621009.44590588	0.002	0.0	500
metastatic::ARID1A+CDKN2A+EGFR+KEAP1+KRAS+TP53	1	524.1505945880372	0.0	41141321.22167511	0.004	0.0	500
primary::BRAF+EGFR+KEAP1+NF1+TP53	1	693.6913169721904	0.0	81282494.95133533	0.008	0.0	500
metastatic::BRAF+EGFR+KRAS+MET+PIK3CA+TP53	1	4376.206379064382	0.0	80023610.18663417	0.002	0.0	500
primary::ATM+EGFR+KRAS+PIK3CA+STK11+TP53	2	26446.705901211135	0.0	197811971.10570234	0.002	0.0	500
unknown::WT	3200	129241544222.79736	120724507997.70569	137908295697.64526	0.0	0.0	500
primary::WT	1641	66163984374.14325	61160762612.91303	70820561543.46771	0.0	0.0	500
metastatic::WT	1074	43478373197.019516	39894275996.81053	47129834857.73014	0.0	0.0	500
metastatic::ARID1A+MET+NF1+PIK3CA+RBM10	2	79984399.23268941	0.0	221845245.81218812	0.0	0.0	500
metastatic::ATM+CDKN2A+KEAP1+PIK3CA+SMARCA4+STK11+TP53	2	79793210.79648888	0.0	202128045.51254824	0.0	0.0	500
primary::ARID1A+BRAF+KEAP1+SETD2+SMARCA4+STK11	2	79647961.72354355	0.0	202177846.3910696	0.0	0.0	500
metastatic::ARID1A+ATM+BRAF+EGFR+KRAS+MET+NF1+RBM10+SETD2+STK11+TP53	1	39634310.471977144	0.0	124894609.82910056	0.0	0.0	500
metastatic::ARID1A+ATM+BRAF+EGFR+NF1+PIK3CA+RBM10+SETD2+SMARCA4+STK11+TP53	1	39999000.79217841	0.0	155954644.78225338	0.0	0.0	500
metastatic::ARID1A+ATM+BRAF+KEAP1+NF1+SMARCA4+TP53	1	40088433.54991624	0.0	124806978.59449573	0.0	0.0	500
metastatic::ARID1A+ATM+BRAF+KEAP1+SMARCA4+STK11+TP53	1	39652157.71637932	0.0	126094185.06301376	0.0	0.0	500
metastatic::ARID1A+ATM+BRAF+MET+NF1+SETD2+STK11+TP53	1	39689964.037400916	0.0	123632521.41205943	0.0	0.0	500
metastatic::ARID1A+ATM+BRAF+NF1+SETD2	1	39842586.61144355	0.0	124736542.42361821	0.0	0.0	500
metastatic::ARID1A+ATM+CDKN2A	1	39692978.0585102	0.0	124354694.55338047	0.0	0.0	500
metastatic::ARID1A+ATM+CDKN2A+EGFR+KEAP1+KRAS+NF1+PIK3CA+SETD2+TP53	1	39909279.247862734	0.0	123650733.68063729	0.0	0.0	500
metastatic::ARID1A+ATM+CDKN2A+EGFR+NF1+RBM10	1	39940140.670377016	0.0	142296174.14724952	0.0	0.0	500
metastatic::ARID1A+ATM+CDKN2A+NF1+RBM10+SMARCA4+TP53	1	39818228.196641825	0.0	125437673.70347205	0.0	0.0	500
metastatic::ARID1A+ATM+EGFR+KEAP1+MET+NF1+TP53	1	39844716.286928505	0.0	123526491.14638479	0.0	0.0	500
metastatic::ARID1A+ATM+EGFR+MET+NF1+PIK3CA+RBM10+SETD2+SMARCA4+TP53	1	39931659.71863434	0.0	124991646.01918831	0.0	0.0	500
metastatic::ARID1A+ATM+KEAP1+KRAS+RBM10+SMARCA4+TP53	1	40151966.955146804	0.0	123196146.5227442	0.0	0.0	500
metastatic::ARID1A+ATM+KEAP1+MET+NF1+SETD2	1	39741628.564637855	0.0	129673721.64169547	0.0	0.0	500
metastatic::ARID1A+ATM+KEAP1+NF1+RBM10+SETD2+SMARCA4+STK11	1	40003883.23525949	0.0	124173730.33685008	0.0	0.0	500
metastatic::ARID1A+ATM+KEAP1+RBM10+SETD2+SMARCA4+TP53	1	39838137.149331175	0.0	121451990.94859576	0.0	0.0	500
metastatic::ARID1A+ATM+MET+NF1+RBM10+TP53	1	40019180.76948768	0.0	127714740.86048023	0.0	0.0	500
metastatic::ARID1A+ATM+MET+SMARCA4+STK11+TP53	1	39880887.989927866	0.0	159767217.51635107	0.0	0.0	500
metastatic::ARID1A+ATM+NF1+SETD2+SMARCA4+TP53	1	39694370.94505328	0.0	125797860.47245514	0.0	0.0	500
metastatic::ARID1A+ATM+PIK3CA+SMARCA4+STK11+TP53	1	39732826.93838009	0.0	124141846.5162014	0.0	0.0	500
metastatic::ARID1A+ATM+RBM10+SMARCA4+STK11+TP53	1	39957001.74378066	0.0	129126172.79001804	0.0	0.0	500
metastatic::ARID1A+BRAF+CDKN2A+EGFR+KEAP1+NF1+PIK3CA+RBM10+SETD2+SMARCA4+STK11+TP53	1	40319910.11302998	0.0	126176506.2102829	0.0	0.0	500
metastatic::ARID1A+BRAF+EGFR+KRAS+NF1+PIK3CA+SETD2+TP53	1	39846149.14528097	0.0	127981558.56951027	0.0	0.0	500
metastatic::ARID1A+BRAF+EGFR+NF1+RBM10+STK11	1	39722182.43873212	0.0	126260218.22758357	0.0	0.0	500
metastatic::ARID1A+BRAF+KEAP1+KRAS+NF1	1	39767604.30340955	0.0	127037674.6044814	0.0	0.0	500
metastatic::ARID1A+BRAF+KRAS+NF1+RBM10+SETD2+TP53	1	40102906.82541208	0.0	125307294.14189453	0.0	0.0	500
metastatic::ARID1A+BRAF+PIK3CA+SETD2+SMARCA4+TP53	1	39934014.78413335	0.0	124332972.81773545	0.0	0.0	500
metastatic::ARID1A+BRAF+RBM10+SMARCA4	1	40044404.646769255	0.0	127423372.01173289	0.0	0.0	500
metastatic::ARID1A+CDKN2A+EGFR+KRAS+PIK3CA+TP53	1	39974799.81039393	0.0	127012520.70431319	0.0	0.0	500
metastatic::ARID1A+CDKN2A+KEAP1+RBM10+SMARCA4+TP53	1	40220085.61954318	0.0	126679217.56460331	0.0	0.0	500
metastatic::ARID1A+CDKN2A+KRAS+NF1+SMARCA4	1	39930678.92241268	0.0	125864221.55215095	0.0	0.0	500
metastatic::ARID1A+CDKN2A+KRAS+SETD2+STK11	1	39893584.012515604	0.0	125586773.9929049	0.0	0.0	500
metastatic::ARID1A+CDKN2A+NF1+RBM10+SMARCA4	1	40079041.39451136	0.0	155478759.97851595	0.0	0.0	500
metastatic::ARID1A+EGFR+KEAP1+MET	1	40099562.10662053	0.0	127122510.26387522	0.0	0.0	500
metastatic::ARID1A+EGFR+MET+PIK3CA	1	39689964.037400916	0.0	123780252.30069722	0.0	0.0	500
metastatic::ARID1A+KEAP1+KRAS+PIK3CA+RBM10	1	39953961.258155465	0.0	125982605.62471151	0.0	0.0	500
metastatic::ARID1A+NF1+PIK3CA+RBM10+TP53	1	39663488.81243646	0.0	123306706.4277612	0.0	0.0	500
metastatic::ARID1A+NF1+PIK3CA+SETD2+TP53	1	39948033.37527654	0.0	123287364.8230168	0.0	0.0	500
metastatic::ARID1A+NF1+RBM10+SETD2+STK11+TP53	1	40055572.57127446	0.0	128862287.69111204	0.0	0.0	500
metastatic::ATM+BRAF+CDKN2A+KRAS+NF1+RBM10+TP53	1	40019180.76948768	0.0	128306393.96326455	0.0	0.0	500
metastatic::ATM+BRAF+CDKN2A+NF1	1	40026878.84767267	0.0	140703737.39996272	0.0	0.0	500
metastatic::ATM+BRAF+CDKN2A+PIK3CA+TP53	1	39634310.471977144	0.0	161040395.16882396	0.0	0.0	500
metastatic::ATM+BRAF+CDKN2A+RBM10+SMARCA4+STK11+TP53	1	39466372.690522574	0.0	124431414.69739953	0.0	0.0	500
metastatic::ATM+BRAF+EGFR+KRAS+PIK3CA+STK11+TP53	1	39853823.96880981	0.0	124114061.01175073	0.0	0.0	500
metastatic::ATM+BRAF+EGFR+MET+PIK3CA+STK11+TP53	1	40273495.542237714	0.0	160271950.24061367	0.0	0.0	500
metastatic::ATM+BRAF+EGFR+PIK3CA+SETD2+TP53	1	40543559.16944284	0.0	123940933.09662116	0.0	0.0	500
metastatic::ATM+BRAF+KEAP1+RBM10+TP53	1	39732561.45577645	0.0	124011422.3703348	0.0	0.0	500
metastatic::ATM+BRAF+MET+RBM10+TP53	1	39934346.81957339	0.0	123440386.917886	0.0	0.0	500
metastatic::ATM+BRAF+MET+STK11+TP53	1	39972244.31866741	0.0	126009657.87582797	0.0	0.0	500
metastatic::ATM+CDKN2A+EGFR+KEAP1+KRAS+SMARCA4+STK11+TP53	1	39609195.60826482	0.0	124964029.84093781	0.0	0.0	500
metastatic::ATM+CDKN2A+EGFR+SMARCA4+STK11+TP53	1	39970608.1273335	0.0	123520252.92713548	0.0	0.0	500
metastatic::ATM+CDKN2A+KEAP1+KRAS+NF1+SMARCA4+STK11	1	39830254.80871627	0.0	122471333.10304084	0.0	0.0	500
metastatic::ATM+EGFR+KRAS+NF1+RBM10+STK11+TP53	1	40224788.589865044	0.0	162407077.26226845	0.0	0.0	500
metastatic::ATM+EGFR+KRAS+PIK3CA+SETD2+TP53	1	39581269.20446883	0.0	122646678.34171003	0.0	0.0	500
metastatic::ATM+EGFR+MET+SETD2+SMARCA4	1	40090662.24208227	0.0	128501755.46396486	0.0	0.0	500
metastatic::ATM+KEAP1+KRAS+MET+SETD2+TP53	1	39637256.36371221	0.0	123103003.16816609	0.0	0.0	500
metastatic::BRAF+EGFR+KEAP1+MET+NF1+TP53	1	40029835.68807061	0.0	126156408.93086308	0.0	0.0	500
metastatic::CDKN2A+KEAP1+KRAS+MET+RBM10+SMARCA4+STK11	1	39899978.654393464	0.0	125278333.14983146	0.0	0.0	500
metastatic::CDKN2A+NF1+RBM10+SMARCA4+STK11+TP53	1	39896066.40437332	0.0	124836346.22766162	0.0	0.0	500
metastatic::EGFR+KEAP1+KRAS+NF1+RBM10+SMARCA4+STK11+TP53	1	39852728.2828783	0.0	123128957.86977965	0.0	0.0	500
metastatic::KEAP1+MET+RBM10+SETD2+STK11+TP53	1	39606395.51649982	0.0	125628462.8295375	0.0	0.0	500
primary::ARID1A+ATM+BRAF+CDKN2A+KRAS+NF1+SETD2+SMARCA4+TP53	1	39537439.90886927	0.0	126348972.05993581	0.0	0.0	500
primary::ARID1A+ATM+BRAF+EGFR+KRAS+MET+NF1+RBM10+SETD2+TP53	1	40220085.61954318	0.0	128939036.74031189	0.0	0.0	500
primary::ARID1A+ATM+BRAF+EGFR+KRAS+NF1+PIK3CA+SETD2+TP53	1	39940140.670377016	0.0	126052109.76869823	0.0	0.0	500
primary::ARID1A+ATM+BRAF+EGFR+MET+NF1+PIK3CA+RBM10+SETD2+SMARCA4+STK11+TP53	1	39893584.012515604	0.0	127000009.95479159	0.0	0.0	500
primary::ARID1A+ATM+BRAF+EGFR+NF1+RBM10+STK11+TP53	1	39775119.19137029	0.0	127358132.66984008	0.0	0.0	500
primary::ARID1A+ATM+BRAF+EGFR+NF1+SETD2+TP53	1	39946093.1731412	0.0	125041703.86656831	0.0	0.0	500
primary::ARID1A+ATM+BRAF+KEAP1+KRAS+MET+NF1+RBM10+SMARCA4+STK11+TP53	1	40067912.83780707	0.0	125503536.38006912	0.0	0.0	500
primary::ARID1A+ATM+BRAF+KEAP1+MET+NF1+RBM10+SETD2+STK11+TP53	1	39933319.96793707	0.0	144165296.72389522	0.0	0.0	500
primary::ARID1A+ATM+BRAF+KEAP1+NF1+SETD2+SMARCA4+STK11+TP53	1	39708304.04478268	0.0	125729950.14809734	0.0	0.0	500
primary::ARID1A+ATM+BRAF+NF1+RBM10+SETD2	1	40044779.89278638	0.0	154479273.6635626	0.0	0.0	500
primary::ARID1A+ATM+BRAF+NF1+RBM10+SETD2+SMARCA4+TP53	1	40166119.05824445	0.0	125580152.81341872	0.0	0.0	500
primary::ARID1A+ATM+CDKN2A+KEAP1+SETD2+SMARCA4+TP53	1	39749657.17989309	0.0	124527582.85851575	0.0	0.0	500
primary::ARID1A+ATM+CDKN2A+KRAS+MET+NF1+PIK3CA+RBM10+SETD2+SMARCA4	1	39860016.00353359	0.0	125955246.85084371	0.0	0.0	500
primary::ARID1A+ATM+CDKN2A+PIK3CA+SETD2+SMARCA4+TP53	1	39874554.45049961	0.0	124892535.97475512	0.0	0.0	500
primary::ARID1A+ATM+CDKN2A+RBM10+TP53	1	39873167.74457341	0.0	124131008.49871224	0.0	0.0	500
primary::ARID1A+ATM+EGFR+KEAP1+KRAS+NF1+RBM10+SETD2+SMARCA4+STK11+TP53	1	40216125.883249104	0.0	141936393.01790226	0.0	0.0	500
primary::ARID1A+ATM+EGFR+KRAS+MET+NF1+PIK3CA+SETD2+SMARCA4+TP53	1	39972435.97957195	0.0	128251606.13190098	0.0	0.0	500
primary::ARID1A+ATM+EGFR+KRAS+NF1	1	39929350.70854999	0.0	125834321.69565381	0.0	0.0	500
primary::ARID1A+ATM+EGFR+NF1+RBM10+SETD2+SMARCA4	1	40102906.82541208	0.0	156616704.90545216	0.0	0.0	500
primary::ARID1A+ATM+KRAS+MET+NF1+RBM10+SETD2+SMARCA4+TP53	1	40046662.93143715	0.0	139316407.68178815	0.0	0.0	500
primary::ARID1A+BRAF+CDKN2A+SMARCA4	1	39864243.26370983	0.0	127773960.1873215	0.0	0.0	500
primary::ARID1A+BRAF+EGFR+KEAP1+NF1+RBM10+SETD2+SMARCA4+STK11+TP53	1	39520231.191382736	0.0	122014096.67595209	0.0	0.0	500
primary::ARID1A+BRAF+EGFR+NF1+SETD2+SMARCA4+STK11+TP53	1	39804718.615013406	0.0	125597207.3381493	0.0	0.0	500
primary::ARID1A+BRAF+KEAP1+KRAS+NF1+SETD2+SMARCA4+STK11+TP53	1	39918178.45456775	0.0	122908745.69385889	0.0	0.0	500
primary::ARID1A+CDKN2A+KEAP1+PIK3CA+SMARCA4+TP53	1	39581269.20446883	0.0	125808697.62730521	0.0	0.0	500
primary::ARID1A+CDKN2A+NF1+SMARCA4+STK11+TP53	1	39754486.836990304	0.0	122764393.74644667	0.0	0.0	500
primary::ARID1A+CDKN2A+PIK3CA+RBM10+STK11+TP53	1	39801529.15681261	0.0	122812714.85138218	0.0	0.0	500
primary::ARID1A+EGFR+KRAS+MET+SETD2+TP53	1	39535927.28040143	0.0	125911597.8259315	0.0	0.0	500
primary::ARID1A+EGFR+RBM10+SETD2+STK11+TP53	1	40158807.668755546	0.0	126862716.97850887	0.0	0.0	500
primary::ARID1A+KEAP1+KRAS+MET+NF1+RBM10+TP53	1	39598282.11206732	0.0	123199497.9837183	0.0	0.0	500
primary::ARID1A+KEAP1+KRAS+PIK3CA+SMARCA4+STK11	1	40018886.802520126	0.0	155792514.21687013	0.0	0.0	500
primary::ARID1A+KEAP1+NF1+RBM10+SETD2+SMARCA4+TP53	1	40207192.09274022	0.0	124491577.06247567	0.0	0.0	500
primary::ARID1A+KRAS+NF1+PIK3CA+SETD2+TP53	1	39795503.57268982	0.0	123125626.79528067	0.0	0.0	500
primary::ARID1A+MET+SETD2+STK11+TP53	1	39887706.19153942	0.0	130059557.71064274	0.0	0.0	500
primary::ARID1A+NF1+RBM10+SETD2+STK11+TP53	1	40437431.07614076	0.0	122420699.1917047	0.0	0.0	500
primary::ATM+BRAF+CDKN2A+EGFR+SETD2	1	40154642.66681239	0.0	127275761.74979176	0.0	0.0	500
primary::ATM+BRAF+CDKN2A+NF1+SETD2+TP53	1	40314649.66969767	0.0	128357338.45928301	0.0	0.0	500
primary::ATM+BRAF+EGFR+KRAS+PIK3CA+RBM10	1	39982667.8954082	0.0	123518109.13847476	0.0	0.0	500
primary::ATM+BRAF+KEAP1+RBM10+TP53	1	39853823.96880981	0.0	124549359.91127774	0.0	0.0	500
primary::ATM+BRAF+KEAP1+SETD2+SMARCA4+TP53	1	39836600.5613401	0.0	127000526.54346667	0.0	0.0	500
primary::ATM+CDKN2A+KEAP1+KRAS+NF1+RBM10+SMARCA4+STK11	1	39638546.402944796	0.0	125088468.16176702	0.0	0.0	500
primary::ATM+CDKN2A+KEAP1+NF1+PIK3CA+SETD2+TP53	1	39964978.161941364	0.0	121660507.62325488	0.0	0.0	500
primary::ATM+CDKN2A+KRAS+NF1+RBM10+STK11+TP53	1	39936966.95323611	0.0	125273345.58914833	0.0	0.0	500
primary::ATM+EGFR+KEAP1+NF1+RBM10+TP53	1	40014672.72144674	0.0	125612245.69850467	0.0	0.0	500
primary::ATM+KEAP1+KRAS+MET+NF1+SETD2+SMARCA4+STK11+TP53	1	39855135.58182852	0.0	123155473.0808154	0.0	0.0	500
primary::ATM+KEAP1+MET+NF1+PIK3CA+SETD2+STK11+TP53	1	40030626.36519446	0.0	128351494.98275113	0.0	0.0	500
primary::ATM+KRAS+MET+NF1+PIK3CA+SETD2+TP53	1	39695797.251960844	0.0	157989745.65741804	0.0	0.0	500
primary::BRAF+CDKN2A+EGFR+KEAP1+MET+SETD2+TP53	1	39795503.57268982	0.0	125435945.20074591	0.0	0.0	500
primary::BRAF+CDKN2A+EGFR+KRAS+SMARCA4	1	39796171.908535704	0.0	126218483.39275293	0.0	0.0	500
primary::BRAF+CDKN2A+EGFR+KRAS+STK11+TP53	1	39918178.45456775	0.0	155804736.8593971	0.0	0.0	500
primary::BRAF+CDKN2A+SETD2+SMARCA4+TP53	1	40158807.668755546	0.0	125897954.41426638	0.0	0.0	500
primary::BRAF+EGFR+KRAS+PIK3CA+STK11	1	40125020.75845702	0.0	123088247.54461157	0.0	0.0	500
primary::BRAF+KEAP1+KRAS+RBM10+SETD2+SMARCA4	1	39677421.912165865	0.0	127366515.95190653	0.0	0.0	500
primary::BRAF+KRAS+MET+PIK3CA+STK11	1	40060441.21301194	0.0	124173730.33685008	0.0	0.0	500
primary::BRAF+KRAS+MET+RBM10+SMARCA4	1	39776136.89599392	0.0	123868066.74216366	0.0	0.0	500
primary::CDKN2A+EGFR+KEAP1+NF1+STK11+TP53	1	39902619.69991785	0.0	125201678.13511024	0.0	0.0	500
primary::CDKN2A+EGFR+KEAP1+RBM10+SMARCA4+TP53	1	39932686.57027066	0.0	120465060.89692798	0.0	0.0	500
primary::CDKN2A+EGFR+KRAS+MET+STK11	1	39805354.59436676	0.0	123580755.15476297	0.0	0.0	500
primary::CDKN2A+MET+NF1+SETD2	1	39929350.70854999	0.0	125223034.8795141	0.0	0.0	500
primary::CDKN2A+MET+RBM10+SMARCA4	1	39850908.32165228	0.0	125477747.32698442	0.0	0.0	500
primary::CDKN2A+PIK3CA+RBM10+SETD2+TP53	1	39863147.577778324	0.0	124200910.7787506	0.0	0.0	500
primary::EGFR+KEAP1+KRAS+SETD2+SMARCA4+STK11+TP53	1	39934544.81599771	0.0	126062267.57858463	0.0	0.0	500
primary::KEAP1+NF1+PIK3CA+RBM10+SETD2+TP53	1	39811380.17848955	0.0	124508160.15437368	0.0	0.0	500
unknown::ARID1A+ATM+CDKN2A+KEAP1+STK11+TP53	1	39953425.3503114	0.0	125400086.5197519	0.0	0.0	500
unknown::ARID1A+ATM+EGFR+KRAS+SETD2+SMARCA4+TP53	1	39836600.5613401	0.0	126587793.02046593	0.0	0.0	500
unknown::ARID1A+ATM+KEAP1+KRAS+SMARCA4	1	39939528.78048241	0.0	123916394.25037074	0.0	0.0	500
unknown::ARID1A+BRAF+KRAS+NF1+RBM10+SETD2+TP53	1	39937164.949660435	0.0	161042189.03278863	0.0	0.0	500
unknown::ARID1A+BRAF+KRAS+STK11	1	39753310.42481798	0.0	124856778.57163396	0.0	0.0	500
unknown::ARID1A+BRAF+MET+NF1+PIK3CA+SMARCA4+STK11+TP53	1	39940777.18015688	0.0	124150427.07759722	0.0	0.0	500
unknown::ARID1A+BRAF+SMARCA4+STK11+TP53	1	39614497.472613655	0.0	122159718.89526008	0.0	0.0	500
unknown::ARID1A+CDKN2A+KEAP1+RBM10+TP53	1	39814569.63669035	0.0	123812569.52967535	0.0	0.0	500
unknown::ARID1A+EGFR+PIK3CA+SMARCA4	1	40018886.802520126	0.0	127385882.43501726	0.0	0.0	500
unknown::ARID1A+EGFR+RBM10+SETD2	1	39668400.459132835	0.0	125709026.7915225	0.0	0.0	500
unknown::ARID1A+KEAP1+KRAS+SMARCA4+STK11+TP53	1	40160567.09058161	0.0	126376642.26677094	0.0	0.0	500
unknown::ARID1A+KEAP1+MET+NF1+TP53	1	40211594.830505416	0.0	127867004.85512172	0.0	0.0	500
unknown::ARID1A+KEAP1+RBM10+STK11	1	39931834.60790986	0.0	124794302.79029565	0.0	0.0	500
unknown::ARID1A+KRAS+PIK3CA+SETD2+TP53	1	39852004.00758379	0.0	123607487.69404513	0.0	0.0	500
unknown::ATM+BRAF+NF1+RBM10+SMARCA4	1	39932166.64334989	0.0	123285443.06030996	0.0	0.0	500
unknown::ATM+BRAF+NF1+RBM10+TP53	1	39753310.42481798	0.0	123696244.08963124	0.0	0.0	500
unknown::ATM+BRAF+NF1+SETD2+SMARCA4+TP53	1	40237921.58738904	0.0	127126379.95161483	0.0	0.0	500
unknown::ATM+CDKN2A+KRAS+MET+STK11+TP53	1	39825550.579942286	0.0	124968964.53003696	0.0	0.0	500
unknown::ATM+CDKN2A+KRAS+NF1+RBM10+SMARCA4+STK11+TP53	1	40182141.87761213	0.0	127331817.27613665	0.0	0.0	500
unknown::ATM+EGFR+RBM10+SMARCA4	1	39796186.022429034	0.0	124435358.4153619	0.0	0.0	500
unknown::BRAF+KEAP1+KRAS+RBM10+SETD2+STK11+TP53	1	39931903.77047333	0.0	122421180.3763308	0.0	0.0	500
unknown::CDKN2A+EGFR+KEAP1+KRAS+RBM10+SMARCA4+STK11	1	39997910.47029495	0.0	125655788.96666692	0.0	0.0	500
unknown::CDKN2A+KEAP1+NF1+STK11+TP53	1	40067912.83780707	0.0	124191097.7016726	0.0	0.0	500
unknown::EGFR+NF1+PIK3CA+RBM10+SMARCA4+STK11+TP53	1	40053343.87910842	0.0	140083010.29684472	0.0	0.0	500
unknown::KEAP1+KRAS+MET+SETD2+SMARCA4+STK11	1	39688066.41181383	0.0	127760902.82309233	0.0	0.0	500
unknown::KEAP1+KRAS+NF1+STK11+TP53	1	39939528.78048241	0.0	142595080.59342554	0.0	0.0	500
unknown::KEAP1+MET+NF1+RBM10+TP53	1	39878781.71067585	0.0	125077695.56860875	0.0	0.0	500
unknown::KEAP1+MET+NF1+STK11+TP53	1	40014071.60762749	0.0	125940920.5289454	0.0	0.0	500
unknown::KEAP1+RBM10+SMARCA4	1	39866349.54296185	0.0	123752104.08033551	0.0	0.0	500
unknown::KRAS+NF1+PIK3CA+SETD2+TP53	1	40044779.89278638	0.0	125238782.27220175	0.0	0.0	500
unknown::NF1+RBM10+STK11	1	40174191.70010729	0.0	125261757.46523443	0.0	0.0	500
