rule	source_state	target_state	predecessor_type	event_added	step_distance	edge_probability	source_L	inflow_contribution
rule_a_one_step	primary::WT	primary::KRAS	same_stage_one_event	KRAS	1	0.25101481199195763	0.0604464417268307	0.015172952205643232
rule_a_one_step	primary::WT	primary::EGFR	same_stage_one_event	EGFR	1	0.27150641637913986	0.0604464417268307	0.01641159677612231
rule_a_one_step	metastatic::TP53	metastatic::EGFR+TP53	same_stage_one_event	EGFR	1	0.08194886140714645	0.03245174598497127	0.002659383634142332
rule_a_one_step	metastatic::EGFR	metastatic::EGFR+TP53	same_stage_one_event	TP53	1	0.7243601306283101	0.024237512892294092	0.017556688004767496
rule_a_one_step	primary::TP53	primary::EGFR+TP53	same_stage_one_event	EGFR	1	0.08194886140714645	0.03175187859142478	0.0026020302981052098
rule_a_one_step	primary::EGFR	primary::EGFR+TP53	same_stage_one_event	TP53	1	0.7243601306283101	0.04759098276116104	0.034473010489604265
rule_a_one_step	metastatic::WT	metastatic::TP53	same_stage_one_event	TP53	1	0.19519197629117535	0.03956092529836452	0.007721975192895326
rule_a_one_step	primary::WT	primary::TP53	same_stage_one_event	TP53	1	0.19519197629117535	0.0604464417268307	0.01179866042042945
rule_a_one_step	primary::TP53	primary::KRAS+TP53	same_stage_one_event	KRAS	1	0.049345404060045395	0.03175187859142478	0.0015668092787593608
rule_a_one_step	primary::KRAS	primary::KRAS+TP53	same_stage_one_event	TP53	1	0.5281365548259801	0.053816119051127154	0.028422259709767087
rule_a_one_step	metastatic::WT	metastatic::EGFR	same_stage_one_event	EGFR	1	0.27150641637913986	0.03956092529836452	0.010741045056401805
rule_a_one_step	metastatic::WT	metastatic::KRAS	same_stage_one_event	KRAS	1	0.25101481199195763	0.03956092529836452	0.00993037822599685
rule_a_one_step	metastatic::TP53	metastatic::KRAS+TP53	same_stage_one_event	KRAS	1	0.049345404060045395	0.03245174598497127	0.001601344518082363
rule_a_one_step	metastatic::KRAS	metastatic::KRAS+TP53	same_stage_one_event	TP53	1	0.5281365548259801	0.017386179460733755	0.009182276921978141
rule_a_one_step	primary::STK11	primary::KRAS+STK11	same_stage_one_event	KRAS	1	0.3929676865591062	0.004088698983350523	0.0016067265805238247
rule_a_one_step	primary::KRAS	primary::KRAS+STK11	same_stage_one_event	STK11	1	0.10964129723657923	0.053816119051127154	0.005900469105003766
rule_a_one_step	primary::WT	primary::MET	same_stage_one_event	MET	1	0.037741400017052326	0.0604464417268307	0.002281333336819761
rule_a_one_step	primary::RBM10	primary::EGFR+RBM10	same_stage_one_event	EGFR	1	0.4218101636752709	0.0012892294091645794	0.000543810068094684
rule_a_one_step	primary::EGFR	primary::EGFR+RBM10	same_stage_one_event	RBM10	1	0.048034202497844805	0.04759098276116104	0.0022859949030210507
rule_a_one_step	unknown::TP53	unknown::EGFR+TP53	same_stage_one_event	EGFR	1	0.08194886140714645	0.0035730072196846915	0.00029280387345267445
rule_a_one_step	unknown::EGFR	unknown::EGFR+TP53	same_stage_one_event	TP53	1	0.7243601306283101	0.004457050243111832	0.0032285094963174273
rule_a_one_step	primary::RBM10	primary::KRAS+RBM10	same_stage_one_event	KRAS	1	0.26590153149625173	0.0012892294091645794	0.00034280807434686943
rule_a_one_step	primary::KRAS	primary::KRAS+RBM10	same_stage_one_event	RBM10	1	0.07011815328209413	0.053816119051127154	0.0037734868846743598
rule_a_one_step	primary::WT	primary::BRAF	same_stage_one_event	BRAF	1	0.026082965865315298	0.0604464417268307	0.0015766224762406955
rule_a_one_step	primary::KRAS	primary::ATM+KRAS	same_stage_one_event	ATM	1	0.05948405820285435	0.053816119051127154	0.0032012011578889865
rule_a_one_step	primary::ATM	primary::ATM+KRAS	same_stage_one_event	KRAS	1	0.4633310631248468	0.0016575806689258876	0.0007680086135486262
rule_a_one_step	primary::KRAS+STK11	primary::KEAP1+KRAS+STK11	same_stage_one_event	KEAP1	1	0.5188137902741108	0.008729924856343009	0.004529205403527488
rule_a_one_step	primary::KEAP1+STK11	primary::KEAP1+KRAS+STK11	same_stage_one_event	KRAS	1	0.5705449791780566	0.0026889641962575513	0.0015341750213643042
rule_a_one_step	primary::KEAP1+KRAS	primary::KEAP1+KRAS+STK11	same_stage_one_event	STK11	1	0.0419987347543047	0.0019154265507588036	8.044549164667173e-05
rule_a_one_step	unknown::WT	unknown::EGFR	same_stage_one_event	EGFR	1	0.27150641637913986	0.11787240312361869	0.03200311376209104
rule_a_one_step	primary::WT	primary::STK11	same_stage_one_event	STK11	1	0.04855147001263862	0.0604464417268307	0.0029347636028709285
rule_a_one_step	primary::TP53	primary::STK11+TP53	same_stage_one_event	STK11	1	0.1676050143027459	0.03175187859142478	0.005321774065454802
rule_a_one_step	primary::STK11	primary::STK11+TP53	same_stage_one_event	TP53	1	0.013011450178980727	0.004088698983350523	5.319990311871449e-05
rule_a_one_step	unknown::WT	unknown::TP53	same_stage_one_event	TP53	1	0.19519197629117535	0.11787240312361869	0.02300774731588924
rule_a_one_step	metastatic::STK11	metastatic::KRAS+STK11	same_stage_one_event	KRAS	1	0.3929676865591062	0.0013260645351407102	0.0005211005126023215
rule_a_one_step	metastatic::KRAS	metastatic::KRAS+STK11	same_stage_one_event	STK11	1	0.10964129723657923	0.017386179460733755	0.0019062432700628184
rule_a_one_step	metastatic::KRAS+STK11	metastatic::KEAP1+KRAS+STK11	same_stage_one_event	KEAP1	1	0.5188137902741108	0.00349933696773243	0.0018155042756755756
rule_a_one_step	metastatic::KEAP1+STK11	metastatic::KEAP1+KRAS+STK11	same_stage_one_event	KRAS	1	0.5705449791780566	0.0010313835273316634	0.0005884506931260345
rule_a_one_step	metastatic::KEAP1+KRAS	metastatic::KEAP1+KRAS+STK11	same_stage_one_event	STK11	1	0.0419987347543047	0.0014365699130691027	6.0334118735003805e-05
rule_a_one_step	primary::TP53	primary::NF1+TP53	same_stage_one_event	NF1	1	0.11534415726252098	0.03175187859142478	0.003662393677629773
rule_a_one_step	primary::NF1	primary::NF1+TP53	same_stage_one_event	TP53	1	0.27719013500940587	0.0017680860468542803	0.0004900960100357847
rule_a_one_step	primary::TP53	primary::BRAF+TP53	same_stage_one_event	BRAF	1	0.06846272962838786	0.03175187859142478	0.0021738202791981116
rule_a_one_step	primary::BRAF	primary::BRAF+TP53	same_stage_one_event	TP53	1	0.3333104899966696	0.0055989391483718875	0.00186618515100537
rule_a_one_step	primary::PIK3CA	primary::EGFR+PIK3CA	same_stage_one_event	EGFR	1	0.3094810281000829	0.0023942831884485043	0.0007409852227237875
rule_a_one_step	primary::EGFR	primary::EGFR+PIK3CA	same_stage_one_event	PIK3CA	1	0.03642951396829626	0.04759098276116104	0.0017337163712626627
rule_a_one_step	primary::TP53	primary::MET+TP53	same_stage_one_event	MET	1	0.042565338649767685	0.03175187859142478	0.0013515294650103043
rule_a_one_step	primary::MET	primary::MET+TP53	same_stage_one_event	TP53	1	0.29657564600355596	0.008214233092677176	0.0024361414858845207
rule_a_one_step	metastatic::WT	metastatic::MET	same_stage_one_event	MET	1	0.037741400017052326	0.03956092529836452	0.0014930847067303004
rule_a_one_step	metastatic::TP53	metastatic::BRAF+TP53	same_stage_one_event	BRAF	1	0.06846272962838786	0.03245174598497127	0.002221735111338209
rule_a_one_step	metastatic::BRAF	metastatic::BRAF+TP53	same_stage_one_event	TP53	1	0.3333104899966696	0.002578458818329159	0.0008594273721735257
rule_a_one_step	primary::RBM10+TP53	primary::EGFR+RBM10+TP53	same_stage_one_event	EGFR	1	0.12979790499530214	0.0008103727714748784	0.00010518468800267596
rule_a_one_step	primary::EGFR+TP53	primary::EGFR+RBM10+TP53	same_stage_one_event	RBM10	1	0.12789046258176948	0.03996611168410196	0.0051112845108744615
rule_a_one_step	primary::EGFR+RBM10	primary::EGFR+RBM10+TP53	same_stage_one_event	TP53	1	0.46971033368788495	0.007809046706939738	0.003667989934500943
rule_a_one_step	metastatic::TP53	metastatic::NF1+TP53	same_stage_one_event	NF1	1	0.11534415726252098	0.03245174598497127	0.0037431192923339097
rule_a_one_step	metastatic::NF1	metastatic::NF1+TP53	same_stage_one_event	TP53	1	0.27719013500940587	0.0008103727714748784	0.00022462733793306795
rule_a_one_step	unknown::WT	unknown::KRAS	same_stage_one_event	KRAS	1	0.25101481199195763	0.11787240312361869	0.029587719109115385
rule_a_one_step	primary::STK11	primary::KEAP1+STK11	same_stage_one_event	KEAP1	1	0.3567062056661642	0.004088698983350523	0.0014584643004620682
rule_a_one_step	primary::KEAP1	primary::KEAP1+STK11	same_stage_one_event	STK11	1	0.02288884792513842	0.0010313835273316634	2.360718070958729e-05
rule_a_one_step	metastatic::PIK3CA+TP53	metastatic::EGFR+PIK3CA+TP53	same_stage_one_event	EGFR	1	0.08526610784717058	0.001141888905260056	9.736442254539147e-05
rule_a_one_step	metastatic::EGFR+TP53	metastatic::EGFR+PIK3CA+TP53	same_stage_one_event	PIK3CA	1	0.18390280654958613	0.04129217621924267	0.007593747095258806
rule_a_one_step	metastatic::EGFR+PIK3CA	metastatic::EGFR+PIK3CA+TP53	same_stage_one_event	TP53	1	0.5550621904767977	0.0016207455429497568	0.0008996145712751989
rule_a_one_step	metastatic::WT	metastatic::BRAF	same_stage_one_event	BRAF	1	0.026082965865315298	0.03956092529836452	0.00103186626415753
rule_a_one_step	metastatic::TP53	metastatic::KEAP1+TP53	same_stage_one_event	KEAP1	1	0.07106467322771289	0.03245174598497127	0.0023061727240907266
rule_a_one_step	metastatic::KEAP1	metastatic::KEAP1+TP53	same_stage_one_event	TP53	1	0.26441632646088126	0.0008103727714748784	0.00021427579129731057
rule_a_one_step	primary::KRAS+TP53	primary::CDKN2A+KRAS+TP53	same_stage_one_event	CDKN2A	1	0.1266872906028547	0.025305731545601885	0.003205914566235493
rule_a_one_step	primary::CDKN2A+TP53	primary::CDKN2A+KRAS+TP53	same_stage_one_event	KRAS	1	0.05343516352906176	0.002062767054663327	0.00011022429488829595
rule_a_one_step	primary::CDKN2A+KRAS	primary::CDKN2A+KRAS+TP53	same_stage_one_event	TP53	1	0.5400843588601496	0.0018049211728304111	0.0009748096944212219
rule_a_one_step	primary::WT	primary::SETD2	same_stage_one_event	SETD2	1	0.018023555595364962	0.0604464417268307	0.0010894598030055218
rule_a_one_step	primary::KRAS+STK11	primary::ATM+KRAS+STK11	same_stage_one_event	ATM	1	0.08816365580378178	0.008729924856343009	0.0007696620902275041
rule_a_one_step	primary::ATM+STK11	primary::ATM+KRAS+STK11	same_stage_one_event	KRAS	1	0.6006876459906242	0.0003683512597613084	0.00022126405112370126
rule_a_one_step	primary::ATM+KRAS	primary::ATM+KRAS+STK11	same_stage_one_event	STK11	1	0.24797925483078126	0.005377928392515103	0.0013336146753091965
rule_a_one_step	primary::PIK3CA	primary::KRAS+PIK3CA	same_stage_one_event	KRAS	1	0.2854525457211368	0.0023942831884485043	0.000683454231319946
rule_a_one_step	primary::KRAS	primary::KRAS+PIK3CA	same_stage_one_event	PIK3CA	1	0.03385901601633562	0.053816119051127154	0.0018221608368891387
rule_a_one_step	primary::STK11+TP53	primary::KRAS+STK11+TP53	same_stage_one_event	KRAS	1	0.04113024798941143	0.0039781936054221305	0.00016362408954090298
rule_a_one_step	primary::KRAS+TP53	primary::KRAS+STK11+TP53	same_stage_one_event	STK11	1	0.25040874714028877	0.025305731545601885	0.006336776531802651
rule_a_one_step	primary::KRAS+STK11	primary::KRAS+STK11+TP53	same_stage_one_event	TP53	1	0.04249957380974218	0.008729924856343009	0.0003710180857856526
rule_a_one_step	primary::WT	primary::PIK3CA	same_stage_one_event	PIK3CA	1	0.015024063358105496	0.0604464417268307	0.0009081511702759362
rule_a_one_step	metastatic::TP53	metastatic::MET+TP53	same_stage_one_event	MET	1	0.042565338649767685	0.03245174598497127	0.0013813195576265409
rule_a_one_step	metastatic::MET	metastatic::MET+TP53	same_stage_one_event	TP53	1	0.29657564600355596	0.0030573154560188595	0.0009067253064054496
rule_a_one_step	primary::PIK3CA+TP53	primary::EGFR+PIK3CA+TP53	same_stage_one_event	EGFR	1	0.08526610784717058	0.001583910416973626	0.00013505387643393012
rule_a_one_step	primary::EGFR+TP53	primary::EGFR+PIK3CA+TP53	same_stage_one_event	PIK3CA	1	0.18390280654958613	0.03996611168410196	0.007349880105580557
rule_a_one_step	primary::EGFR+PIK3CA	primary::EGFR+PIK3CA+TP53	same_stage_one_event	TP53	1	0.5550621904767977	0.003204655959923383	0.0017787833568395977
rule_a_one_step	metastatic::TP53	metastatic::STK11+TP53	same_stage_one_event	STK11	1	0.1676050143027459	0.03245174598497127	0.0054390753499601865
rule_a_one_step	metastatic::STK11	metastatic::STK11+TP53	same_stage_one_event	TP53	1	0.013011450178980727	0.0013260645351407102	1.7254022633096587e-05
rule_a_one_step	metastatic::RBM10+TP53	metastatic::EGFR+RBM10+TP53	same_stage_one_event	EGFR	1	0.12979790499530214	0.0006261971415942243	8.127907709297689e-05
rule_a_one_step	metastatic::EGFR+TP53	metastatic::EGFR+RBM10+TP53	same_stage_one_event	RBM10	1	0.12789046258176948	0.04129217621924267	0.005280875517686886
rule_a_one_step	metastatic::EGFR+RBM10	metastatic::EGFR+RBM10+TP53	same_stage_one_event	TP53	1	0.46971033368788495	0.0017312509208781495	0.0008131864477431337
rule_a_one_step	metastatic::KRAS	metastatic::ATM+KRAS	same_stage_one_event	ATM	1	0.05948405820285435	0.017386179460733755	0.0010342005109675576
rule_a_one_step	metastatic::ATM	metastatic::ATM+KRAS	same_stage_one_event	KRAS	1	0.4633310631248468	0.0018049211728304111	0.0008362760458640597
rule_a_one_step	metastatic::TP53	metastatic::CDKN2A+TP53	same_stage_one_event	CDKN2A	1	0.08812138814386408	0.03245174598497127	0.002859692903887736
rule_a_one_step	metastatic::CDKN2A	metastatic::CDKN2A+TP53	same_stage_one_event	TP53	1	0.19699346124923608	0.0009577132753794018	0.00018866325300133117
rule_a_one_step	primary::TP53	primary::CDKN2A+TP53	same_stage_one_event	CDKN2A	1	0.08812138814386408	0.03175187859142478	0.0027980196176517914
rule_a_one_step	primary::CDKN2A	primary::CDKN2A+TP53	same_stage_one_event	TP53	1	0.19699346124923608	0.0008840430234271402	0.00017415069507815183
rule_a_one_step	primary::EGFR	primary::ATM+EGFR	same_stage_one_event	ATM	1	0.029852473201110105	0.04759098276116104	0.001420708537492053
rule_a_one_step	primary::ATM	primary::ATM+EGFR	same_stage_one_event	EGFR	1	0.1669289517560766	0.0016575806689258876	0.0002766982035149347
rule_a_one_step	primary::SETD2	primary::KRAS+SETD2	same_stage_one_event	KRAS	1	0.22497937049978473	0.002541623692353028	0.0005718128983529228
rule_a_one_step	primary::KRAS	primary::KRAS+SETD2	same_stage_one_event	SETD2	1	0.03162839567331638	0.053816119051127154	0.0017021175069513491
rule_a_one_step	metastatic::TP53	metastatic::SMARCA4+TP53	same_stage_one_event	SMARCA4	1	0.04986684596111837	0.03245174598497127	0.0016182662182019037
rule_a_one_step	metastatic::SMARCA4	metastatic::SMARCA4+TP53	same_stage_one_event	TP53	1	0.21374207869017667	0.0004788566376897009	0.00010235181313438546
rule_a_one_step	primary::KRAS	primary::KEAP1+KRAS	same_stage_one_event	KEAP1	1	0.027798509904458094	0.053816119051127154	0.001496007918462254
rule_a_one_step	primary::KEAP1	primary::KEAP1+KRAS	same_stage_one_event	KRAS	1	0.3368891025587815	0.0010313835273316634	0.0003474618709166746
rule_a_one_step	primary::TP53	primary::KEAP1+TP53	same_stage_one_event	KEAP1	1	0.07106467322771289	0.03175187859142478	0.0022564368764656146
rule_a_one_step	primary::KEAP1	primary::KEAP1+TP53	same_stage_one_event	TP53	1	0.26441632646088126	0.0010313835273316634	0.0002727146434693044
rule_a_one_step	metastatic::WT	metastatic::ATM	same_stage_one_event	ATM	1	0.02626936306839714	0.03956092529836452	0.001039240309984475
rule_a_one_step	primary::KRAS	primary::CDKN2A+KRAS	same_stage_one_event	CDKN2A	1	0.02677674097986994	0.053816119051127154	0.0014410202803738757
rule_a_one_step	primary::CDKN2A	primary::CDKN2A+KRAS	same_stage_one_event	KRAS	1	0.2536863616579952	0.0008840430234271402	0.000224269658162365
rule_a_one_step	primary::KRAS+SMARCA4+STK11	primary::KEAP1+KRAS+SMARCA4+STK11	same_stage_one_event	KEAP1	1	0.5639520698616337	0.0004788566376897009	0.00027005219199208923
rule_a_one_step	primary::KEAP1+SMARCA4+STK11	primary::KEAP1+KRAS+SMARCA4+STK11	same_stage_one_event	KRAS	1	0.6575831069503242	0.0005525268896419625	0.0003633323487643606
rule_a_one_step	primary::KEAP1+KRAS+STK11	primary::KEAP1+KRAS+SMARCA4+STK11	same_stage_one_event	SMARCA4	1	0.36131577804319526	0.004935906880801533	0.0017834210349855668
rule_a_one_step	primary::KEAP1+KRAS+SMARCA4	primary::KEAP1+KRAS+SMARCA4+STK11	same_stage_one_event	STK11	1	0.04527566297400383	0.0004788566376897009	2.1680551740903557e-05
rule_a_one_step	primary::RBM10+TP53	primary::KRAS+RBM10+TP53	same_stage_one_event	KRAS	1	0.053291263272673084	0.0008103727714748784	4.318578871367349e-05
rule_a_one_step	primary::KRAS+TP53	primary::KRAS+RBM10+TP53	same_stage_one_event	RBM10	1	0.08829726292041863	0.025305731545601885	0.0022344268316755412
rule_a_one_step	primary::KRAS+RBM10	primary::KRAS+RBM10+TP53	same_stage_one_event	TP53	1	0.28207074819376404	0.0057094445263002796	0.0016104672893043105
rule_a_one_step	primary::WT	primary::NF1	same_stage_one_event	NF1	1	0.020866748684370513	0.0604464417268307	0.0012613207083782235
rule_a_one_step	metastatic::EGFR+TP53	metastatic::ATM+EGFR+TP53	same_stage_one_event	ATM	1	0.0972252389712202	0.04129217621924267	0.004014641700557604
rule_a_one_step	metastatic::ATM+TP53	metastatic::ATM+EGFR+TP53	same_stage_one_event	EGFR	1	0.04608482914904503	0.0013997347870929719	6.450653851715453e-05
rule_a_one_step	metastatic::ATM+EGFR	metastatic::ATM+EGFR+TP53	same_stage_one_event	TP53	1	0.4237341806432344	0.0014734050390452335	0.0006243320769754448
rule_a_one_step	metastatic::RBM10	metastatic::EGFR+RBM10	same_stage_one_event	EGFR	1	0.4218101636752709	0.0004051863857374392	0.00017091173568690069
rule_a_one_step	metastatic::EGFR	metastatic::EGFR+RBM10	same_stage_one_event	RBM10	1	0.048034202497844805	0.024237512892294092	0.0011642296023125786
rule_a_one_step	primary::STK11+TP53	primary::KEAP1+STK11+TP53	same_stage_one_event	KEAP1	1	0.5849601492814691	0.0039781936054221305	0.0023270847252983154
rule_a_one_step	primary::KEAP1+TP53	primary::KEAP1+STK11+TP53	same_stage_one_event	STK11	1	0.0717142763827842	0.001841756298806542	0.00013208022024234603
rule_a_one_step	primary::KEAP1+STK11	primary::KEAP1+STK11+TP53	same_stage_one_event	TP53	1	0.019067661928793108	0.0026889641962575513	5.127226023286787e-05
rule_a_one_step	metastatic::STK11+TP53	metastatic::KRAS+STK11+TP53	same_stage_one_event	KRAS	1	0.04113024798941143	0.0023206129364962426	9.544738556552674e-05
rule_a_one_step	metastatic::KRAS+TP53	metastatic::KRAS+STK11+TP53	same_stage_one_event	STK11	1	0.25040874714028877	0.016907322823044055	0.004233741525614872
rule_a_one_step	metastatic::KRAS+STK11	metastatic::KRAS+STK11+TP53	same_stage_one_event	TP53	1	0.04249957380974218	0.00349933696773243	0.0001487203297453038
rule_a_one_step	primary::KRAS	primary::ARID1A+KRAS	same_stage_one_event	ARID1A	1	0.02758177783648699	0.053816119051127154	0.0014843442396901242
rule_a_one_step	primary::ARID1A	primary::ARID1A+KRAS	same_stage_one_event	KRAS	1	0.2620156834310963	0.001105053779283925	0.0002895414212071935
rule_a_one_step	metastatic::WT	metastatic::SETD2	same_stage_one_event	SETD2	1	0.018023555595364962	0.03956092529836452	0.0007130285365191531
rule_a_one_step	primary::WT	primary::ATM	same_stage_one_event	ATM	1	0.02626936306839714	0.0604464417268307	0.0015878895239148263
rule_a_one_step	metastatic::PIK3CA	metastatic::EGFR+PIK3CA	same_stage_one_event	EGFR	1	0.3094810281000829	0.0009577132753794018	0.00029639408908951507
rule_a_one_step	metastatic::EGFR	metastatic::EGFR+PIK3CA	same_stage_one_event	PIK3CA	1	0.03642951396829626	0.024237512892294092	0.0008829608144665883
rule_a_one_step	metastatic::KRAS+STK11	metastatic::ATM+KRAS+STK11	same_stage_one_event	ATM	1	0.08816365580378178	0.00349933696773243	0.0003085143399646114
rule_a_one_step	metastatic::ATM+KRAS	metastatic::ATM+KRAS+STK11	same_stage_one_event	STK11	1	0.24797925483078126	0.002246942684543981	0.0005571951725606916
rule_a_one_step	metastatic::RBM10	metastatic::KRAS+RBM10	same_stage_one_event	KRAS	1	0.26590153149625173	0.0004051863857374392	0.00010773968050901609
rule_a_one_step	metastatic::KRAS	metastatic::KRAS+RBM10	same_stage_one_event	RBM10	1	0.07011815328209413	0.017386179460733755	0.0012190867964177261
rule_a_one_step	metastatic::TP53	metastatic::SETD2+TP53	same_stage_one_event	SETD2	1	0.043681900491781354	0.03245174598497127	0.00141755393890008
rule_a_one_step	metastatic::SETD2	metastatic::SETD2+TP53	same_stage_one_event	TP53	1	0.1876906131956456	0.0016575806689258876	0.00031111233217194826
rule_a_one_step	primary::TP53	primary::PIK3CA+TP53	same_stage_one_event	PIK3CA	1	0.05422017042474313	0.03175187859142478	0.0017215922685328044
rule_a_one_step	primary::PIK3CA	primary::PIK3CA+TP53	same_stage_one_event	TP53	1	0.09294866079980509	0.0023942831884485043	0.00022254541594177583
rule_a_one_step	primary::SETD2	primary::EGFR+SETD2	same_stage_one_event	EGFR	1	0.205388349097477	0.002541623692353028	0.0005220198941994222
rule_a_one_step	primary::EGFR	primary::EGFR+SETD2	same_stage_one_event	SETD2	1	0.014252560538265626	0.04759098276116104	0.0006782933628790035
rule_a_one_step	metastatic::EGFR+TP53	metastatic::CDKN2A+EGFR+TP53	same_stage_one_event	CDKN2A	1	0.10381402001420266	0.04129217621924267	0.004286706808454442
rule_a_one_step	metastatic::CDKN2A+TP53	metastatic::CDKN2A+EGFR+TP53	same_stage_one_event	EGFR	1	0.08838769306675337	0.00221010755856785	0.0001953463085312068
rule_a_one_step	metastatic::CDKN2A+EGFR	metastatic::CDKN2A+EGFR+TP53	same_stage_one_event	TP53	1	0.7293066642842103	0.00022101075585678504	0.00016118461712484388
rule_a_one_step	primary::EGFR+TP53	primary::CDKN2A+EGFR+TP53	same_stage_one_event	CDKN2A	1	0.10381402001420266	0.03996611168410196	0.00414904271826322
rule_a_one_step	primary::CDKN2A+TP53	primary::CDKN2A+EGFR+TP53	same_stage_one_event	EGFR	1	0.08838769306675337	0.002062767054663327	0.00018232322129579302
rule_a_one_step	primary::CDKN2A+EGFR	primary::CDKN2A+EGFR+TP53	same_stage_one_event	TP53	1	0.7293066642842103	0.0009945484013555326	0.0007253307770617974
rule_a_one_step	metastatic::EGFR	metastatic::ATM+EGFR	same_stage_one_event	ATM	1	0.029852473201110105	0.024237512892294092	0.0007235497040787701
rule_a_one_step	metastatic::ATM	metastatic::ATM+EGFR	same_stage_one_event	EGFR	1	0.1669289517560766	0.0018049211728304111	0.0003012935993829289
rule_a_one_step	primary::PIK3CA+TP53	primary::KRAS+PIK3CA+TP53	same_stage_one_event	KRAS	1	0.0512225107847666	0.001583910416973626	8.113186841553571e-05
rule_a_one_step	primary::KRAS+TP53	primary::KRAS+PIK3CA+TP53	same_stage_one_event	PIK3CA	1	0.08084227211676787	0.025305731545601885	0.002045772835723424
rule_a_one_step	primary::KRAS+PIK3CA	primary::KRAS+PIK3CA+TP53	same_stage_one_event	TP53	1	0.3333119202853439	0.002504788566376897	0.0008348758869678571
rule_a_one_step	metastatic::KRAS+TP53	metastatic::CDKN2A+KRAS+TP53	same_stage_one_event	CDKN2A	1	0.1266872906028547	0.016907322823044055	0.0021419429197992597
rule_a_one_step	metastatic::CDKN2A+TP53	metastatic::CDKN2A+KRAS+TP53	same_stage_one_event	KRAS	1	0.05343516352906176	0.00221010755856785	0.00011809745880888851
rule_a_one_step	metastatic::CDKN2A+KRAS	metastatic::CDKN2A+KRAS+TP53	same_stage_one_event	TP53	1	0.5400843588601496	0.0004051863857374392	0.00021883482935986613
rule_a_one_step	metastatic::KRAS	metastatic::KEAP1+KRAS	same_stage_one_event	KEAP1	1	0.027798509904458094	0.017386179460733755	0.00048330988193989315
rule_a_one_step	metastatic::KEAP1	metastatic::KEAP1+KRAS	same_stage_one_event	KRAS	1	0.3368891025587815	0.0008103727714748784	0.00027300575572024435
rule_a_one_step	primary::KRAS+RBM10	primary::ATM+KRAS+RBM10	same_stage_one_event	ATM	1	0.1296794894797967	0.0057094445263002796	0.00074039785138384
rule_a_one_step	primary::ATM+RBM10	primary::ATM+KRAS+RBM10	same_stage_one_event	KRAS	1	0.4760654378302817	0.00022101075585678504	0.00010521558225216186
rule_a_one_step	primary::ATM+KRAS	primary::ATM+KRAS+RBM10	same_stage_one_event	RBM10	1	0.13350897079636825	0.005377928392515103	0.0007180016847012585
rule_a_one_step	primary::NF1+TP53	primary::KRAS+NF1+TP53	same_stage_one_event	KRAS	1	0.02153228135006323	0.0032783262118756444	7.058984235139337e-05
rule_a_one_step	primary::KRAS+TP53	primary::KRAS+NF1+TP53	same_stage_one_event	NF1	1	0.08882431672420048	0.025305731545601885	0.0022477643137441333
rule_a_one_step	primary::KRAS+NF1	primary::KRAS+NF1+TP53	same_stage_one_event	TP53	1	0.48463246263360477	0.0013260645351407102	0.0006426539212763287
rule_a_one_step	unknown::TP53	unknown::KRAS+TP53	same_stage_one_event	KRAS	1	0.049345404060045395	0.0035730072196846915	0.00017631148496480048
rule_a_one_step	unknown::KRAS	unknown::KRAS+TP53	same_stage_one_event	TP53	1	0.5281365548259801	0.002725799322233682	0.0014395942631914883
rule_a_one_step	metastatic::TP53	metastatic::ARID1A+TP53	same_stage_one_event	ARID1A	1	0.057939727147424	0.03245174598497127	0.0018802453078267476
rule_a_one_step	metastatic::ARID1A	metastatic::ARID1A+TP53	same_stage_one_event	TP53	1	0.2022466107954845	0.0010313835273316634	0.0002085938228331209
rule_a_one_step	metastatic::TP53	metastatic::ATM+TP53	same_stage_one_event	ATM	1	0.06116271240346598	0.03245174598497127	0.0019848368066691293
rule_a_one_step	metastatic::ATM	metastatic::ATM+TP53	same_stage_one_event	TP53	1	0.06236226877463014	0.0018049211728304111	0.00011255897929707077
rule_a_one_step	metastatic::KRAS+SMARCA4+STK11	metastatic::KEAP1+KRAS+SMARCA4+STK11	same_stage_one_event	KEAP1	1	0.5639520698616337	0.0004420215117135701	0.00024927894645423624
rule_a_one_step	metastatic::KEAP1+SMARCA4+STK11	metastatic::KEAP1+KRAS+SMARCA4+STK11	same_stage_one_event	KRAS	1	0.6575831069503242	0.0003683512597613084	0.0002422215658429071
rule_a_one_step	metastatic::KEAP1+KRAS+STK11	metastatic::KEAP1+KRAS+SMARCA4+STK11	same_stage_one_event	SMARCA4	1	0.36131577804319526	0.0032783262118756444	0.0011845109859232495
rule_a_one_step	metastatic::KEAP1+KRAS+SMARCA4	metastatic::KEAP1+KRAS+SMARCA4+STK11	same_stage_one_event	STK11	1	0.04527566297400383	0.00033151613378517756	1.5009612743702463e-05
rule_a_one_step	metastatic::EGFR+TP53	metastatic::ARID1A+EGFR+TP53	same_stage_one_event	ARID1A	1	0.07787330298012933	0.04129217621924267	0.003215558149429976
rule_a_one_step	metastatic::ARID1A+TP53	metastatic::ARID1A+EGFR+TP53	same_stage_one_event	EGFR	1	0.07505041737049149	0.0013997347870929719	0.00010505067997932359
rule_a_one_step	metastatic::ARID1A+EGFR	metastatic::ARID1A+EGFR+TP53	same_stage_one_event	TP53	1	0.7280698571317454	0.0005893620156180934	0.00042909671850994275
rule_a_one_step	metastatic::SMARCA4+TP53	metastatic::EGFR+SMARCA4+TP53	same_stage_one_event	EGFR	1	0.07020922429733135	0.0019154265507588036	0.0001344806123272886
rule_a_one_step	metastatic::EGFR+TP53	metastatic::EGFR+SMARCA4+TP53	same_stage_one_event	SMARCA4	1	0.05835347142125406	0.04129217621924267	0.002409541824930964
rule_a_one_step	metastatic::EGFR+SMARCA4	metastatic::EGFR+SMARCA4+TP53	same_stage_one_event	TP53	1	0.7324499043090815	0.00033151613378517756	0.00024281896046786998
rule_a_one_step	metastatic::RBM10+TP53	metastatic::KRAS+RBM10+TP53	same_stage_one_event	KRAS	1	0.053291263272673084	0.0006261971415942243	3.3370836733293154e-05
rule_a_one_step	metastatic::KRAS+TP53	metastatic::KRAS+RBM10+TP53	same_stage_one_event	RBM10	1	0.08829726292041863	0.016907322823044055	0.0014928703285867154
rule_a_one_step	metastatic::KRAS+RBM10	metastatic::KRAS+RBM10+TP53	same_stage_one_event	TP53	1	0.28207074819376404	0.001583910416973626	0.00044677479638764744
rule_a_one_step	metastatic::WT	metastatic::STK11	same_stage_one_event	STK11	1	0.04855147001263862	0.03956092529836452	0.0019207410782957814
rule_a_one_step	primary::SETD2	primary::BRAF+SETD2	same_stage_one_event	BRAF	1	0.03574293631524752	0.002541623692353028	9.084509377309853e-05
rule_a_one_step	primary::BRAF	primary::BRAF+SETD2	same_stage_one_event	SETD2	1	0.11572710646973973	0.0055989391483718875	0.0006479490269412273
rule_a_one_step	primary::NF1	primary::KRAS+NF1	same_stage_one_event	KRAS	1	0.1475744808115147	0.0017680860468542803	0.0002609243803946039
rule_a_one_step	primary::KRAS	primary::KRAS+NF1	same_stage_one_event	NF1	1	0.024288480963608163	0.053816119051127154	0.0013071117831085725
rule_a_one_step	primary::WT	primary::RBM10	same_stage_one_event	RBM10	1	0.025570833827129772	0.0604464417268307	0.001545665916838071
rule_a_one_step	metastatic::KRAS+TP53	metastatic::ARID1A+KRAS+TP53	same_stage_one_event	ARID1A	1	0.07071469291047551	0.016907322823044055	0.0011955961413698342
rule_a_one_step	metastatic::ARID1A+TP53	metastatic::ARID1A+KRAS+TP53	same_stage_one_event	KRAS	1	0.0516148749413739	0.0013997347870929719	7.224713598689437e-05
rule_a_one_step	metastatic::ARID1A+KRAS	metastatic::ARID1A+KRAS+TP53	same_stage_one_event	TP53	1	0.5350027565549533	0.00033151613378517756	0.00017736204541751068
rule_a_one_step	metastatic::STK11+TP53	metastatic::KEAP1+STK11+TP53	same_stage_one_event	KEAP1	1	0.5849601492814691	0.0023206129364962426	0.0013574660897573505
rule_a_one_step	metastatic::KEAP1+TP53	metastatic::KEAP1+STK11+TP53	same_stage_one_event	STK11	1	0.0717142763827842	0.002541623692353028	0.00018227070393443754
rule_a_one_step	metastatic::KEAP1+STK11	metastatic::KEAP1+STK11+TP53	same_stage_one_event	TP53	1	0.019067661928793108	0.0010313835273316634	1.9666072418086306e-05
rule_a_one_step	primary::EGFR+TP53	primary::ARID1A+EGFR+TP53	same_stage_one_event	ARID1A	1	0.07787330298012933	0.03996611168410196	0.003112293124113759
rule_a_one_step	primary::ARID1A+TP53	primary::ARID1A+EGFR+TP53	same_stage_one_event	EGFR	1	0.07505041737049149	0.001105053779283925	8.293474735209757e-05
rule_a_one_step	primary::ARID1A+EGFR	primary::ARID1A+EGFR+TP53	same_stage_one_event	TP53	1	0.7280698571317454	0.0008840430234271402	0.0006436450777649142
rule_a_one_step	primary::KRAS+TP53	primary::ARID1A+KRAS+TP53	same_stage_one_event	ARID1A	1	0.07071469291047551	0.025305731545601885	0.0017894870351221701
rule_a_one_step	primary::ARID1A+TP53	primary::ARID1A+KRAS+TP53	same_stage_one_event	KRAS	1	0.0516148749413739	0.001105053779283925	5.703721262123239e-05
rule_a_one_step	primary::ARID1A+KRAS	primary::ARID1A+KRAS+TP53	same_stage_one_event	TP53	1	0.5350027565549533	0.0016944157949020187	0.0009065171210228324
rule_a_one_step	metastatic::KRAS+TP53	metastatic::KEAP1+KRAS+TP53	same_stage_one_event	KEAP1	1	0.05664619084502178	0.016907322823044055	0.000957735435312546
rule_a_one_step	metastatic::KEAP1+TP53	metastatic::KEAP1+KRAS+TP53	same_stage_one_event	KRAS	1	0.06010787664212213	0.002541623692353028	0.00015277160337065078
rule_a_one_step	metastatic::KEAP1+KRAS	metastatic::KEAP1+KRAS+TP53	same_stage_one_event	TP53	1	0.5813170031799698	0.0014365699130691027	0.0008351025167238406
rule_a_one_step	metastatic::TP53	metastatic::PIK3CA+TP53	same_stage_one_event	PIK3CA	1	0.05422017042474313	0.03245174598497127	0.0017595391978856157
rule_a_one_step	metastatic::PIK3CA	metastatic::PIK3CA+TP53	same_stage_one_event	TP53	1	0.09294866079980509	0.0009577132753794018	8.901816637671034e-05
rule_a_one_step	primary::KRAS	primary::BRAF+KRAS	same_stage_one_event	BRAF	1	0.022841491129793282	0.053816119051127154	0.0012292404059462201
rule_a_one_step	primary::BRAF	primary::BRAF+KRAS	same_stage_one_event	KRAS	1	0.08771721718925235	0.0055989391483718875	0.0004911233613071445
rule_a_one_step	primary::NF1+TP53	primary::EGFR+NF1+TP53	same_stage_one_event	EGFR	1	0.027895458246301262	0.0032783262118756444	9.145041196113202e-05
rule_a_one_step	primary::EGFR+TP53	primary::EGFR+NF1+TP53	same_stage_one_event	NF1	1	0.08997269914971565	0.03996611168410196	0.003595858942737641
rule_a_one_step	primary::EGFR+NF1	primary::EGFR+NF1+TP53	same_stage_one_event	TP53	1	0.7024697844604741	0.0005893620156180934	0.00041400900808043266
rule_a_one_step	primary::KRAS+TP53	primary::KEAP1+KRAS+TP53	same_stage_one_event	KEAP1	1	0.05664619084502178	0.025305731545601885	0.0014334732986050524
rule_a_one_step	primary::KEAP1+TP53	primary::KEAP1+KRAS+TP53	same_stage_one_event	KRAS	1	0.06010787664212213	0.001841756298806542	0.00011070406041351505
rule_a_one_step	primary::KEAP1+KRAS	primary::KEAP1+KRAS+TP53	same_stage_one_event	TP53	1	0.5813170031799698	0.0019154265507588036	0.001113470022298454
rule_a_one_step	primary::RBM10+STK11	primary::KRAS+RBM10+STK11	same_stage_one_event	KRAS	1	0.38846135410054233	0.0001841756298806542	7.154511457575923e-05
rule_a_one_step	primary::KRAS+STK11	primary::KRAS+RBM10+STK11	same_stage_one_event	RBM10	1	0.10255831042536785	0.008729924856343009	0.0008953263434069612
rule_a_one_step	primary::KRAS+RBM10	primary::KRAS+RBM10+STK11	same_stage_one_event	STK11	1	0.11215938206946945	0.0057094445263002796	0.000640367770029754
rule_a_one_step	metastatic::NF1+TP53	metastatic::EGFR+NF1+TP53	same_stage_one_event	EGFR	1	0.027895458246301262	0.0029099749521143362	8.117508477448797e-05
rule_a_one_step	metastatic::EGFR+TP53	metastatic::EGFR+NF1+TP53	same_stage_one_event	NF1	1	0.08997269914971565	0.04129217621924267	0.0037151685482109636
rule_a_one_step	metastatic::EGFR+NF1	metastatic::EGFR+NF1+TP53	same_stage_one_event	TP53	1	0.7024697844604741	0.0004788566376897009	0.00033638231906535154
rule_a_one_step	primary::WT	primary::ARID1A	same_stage_one_event	ARID1A	1	0.014951327285096728	0.0604464417268307	0.0009037545334773733
rule_a_one_step	primary::TP53	primary::ARID1A+TP53	same_stage_one_event	ARID1A	1	0.057939727147424	0.03175187859142478	0.0018396951820052853
rule_a_one_step	primary::ARID1A	primary::ARID1A+TP53	same_stage_one_event	TP53	1	0.2022466107954845	0.001105053779283925	0.00022349338160691524
rule_a_one_step	primary::KRAS+TP53	primary::ATM+KRAS+TP53	same_stage_one_event	ATM	1	0.09162805973188612	0.025305731545601885	0.0023187150816194844
rule_a_one_step	primary::ATM+TP53	primary::ATM+KRAS+TP53	same_stage_one_event	KRAS	1	0.08331098457450427	0.0008840430234271402	7.365049468793658e-05
rule_a_one_step	primary::ATM+KRAS	primary::ATM+KRAS+TP53	same_stage_one_event	TP53	1	0.2529791764277119	0.005377928392515103	0.0013605038956256792
rule_a_one_step	primary::SMARCA4	primary::EGFR+SMARCA4	same_stage_one_event	EGFR	1	0.24321464679563526	0.0005893620156180934	0.00014334147446331825
rule_a_one_step	primary::EGFR	primary::EGFR+SMARCA4	same_stage_one_event	SMARCA4	1	0.011552871683181441	0.04759098276116104	0.0005498125171161935
rule_a_one_step	metastatic::PIK3CA+TP53	metastatic::KRAS+PIK3CA+TP53	same_stage_one_event	KRAS	1	0.0512225107847666	0.001141888905260056	5.849041676468854e-05
rule_a_one_step	metastatic::KRAS+TP53	metastatic::KRAS+PIK3CA+TP53	same_stage_one_event	PIK3CA	1	0.08084227211676787	0.016907322823044055	0.0013668263924265674
rule_a_one_step	metastatic::KRAS+PIK3CA	metastatic::KRAS+PIK3CA+TP53	same_stage_one_event	TP53	1	0.3333119202853439	0.0009945484013555326	0.0003314948374725315
rule_a_one_step	primary::TP53	primary::SMARCA4+TP53	same_stage_one_event	SMARCA4	1	0.04986684596111837	0.03175187859142478	0.0015833660386947118
rule_a_one_step	primary::SMARCA4	primary::SMARCA4+TP53	same_stage_one_event	TP53	1	0.21374207869017667	0.0005893620156180934	0.00012597146231924366
rule_a_one_step	metastatic::WT	metastatic::ARID1A	same_stage_one_event	ARID1A	1	0.014951327285096728	0.03956092529836452	0.0005914883418371108
rule_a_one_step	metastatic::KRAS+TP53	metastatic::ATM+KRAS+TP53	same_stage_one_event	ATM	1	0.09162805973188612	0.016907322823044055	0.0015491851855361622
rule_a_one_step	metastatic::ATM+TP53	metastatic::ATM+KRAS+TP53	same_stage_one_event	KRAS	1	0.08331098457450427	0.0013997347870929719	0.0001166132832558996
rule_a_one_step	metastatic::ATM+KRAS	metastatic::ATM+KRAS+TP53	same_stage_one_event	TP53	1	0.2529791764277119	0.002246942684543981	0.0005684297098162084
rule_a_one_step	metastatic::STK11	metastatic::KEAP1+STK11	same_stage_one_event	KEAP1	1	0.3567062056661642	0.0013260645351407102	0.0004730154487985086
rule_a_one_step	metastatic::KEAP1	metastatic::KEAP1+STK11	same_stage_one_event	STK11	1	0.02288884792513842	0.0008103727714748784	1.854849912896144e-05
rule_a_one_step	primary::EGFR+TP53	primary::ATM+EGFR+TP53	same_stage_one_event	ATM	1	0.0972252389712202	0.03996611168410196	0.0038857147592372887
rule_a_one_step	primary::ATM+TP53	primary::ATM+EGFR+TP53	same_stage_one_event	EGFR	1	0.04608482914904503	0.0008840430234271402	4.074097169504496e-05
rule_a_one_step	primary::ATM+EGFR	primary::ATM+EGFR+TP53	same_stage_one_event	TP53	1	0.4237341806432344	0.0019522616767349344	0.0008272400019924644
rule_a_one_step	primary::STK11	primary::BRAF+STK11	same_stage_one_event	BRAF	1	0.032052244219113686	0.004088698983350523	0.00013105197835279283
rule_a_one_step	primary::BRAF	primary::BRAF+STK11	same_stage_one_event	STK11	1	0.09755284342101005	0.0055989391483718875	0.0005461924340648861
rule_a_one_step	primary::WT	primary::KEAP1	same_stage_one_event	KEAP1	1	0.02307253297797865	0.0604464417268307	0.001394652520143766
rule_a_one_step	metastatic::PIK3CA	metastatic::KRAS+PIK3CA	same_stage_one_event	KRAS	1	0.2854525457211368	0.0009577132753794018	0.0002733816925279784
rule_a_one_step	metastatic::KRAS	metastatic::KRAS+PIK3CA	same_stage_one_event	PIK3CA	1	0.03385901601633562	0.017386179460733755	0.0005886789288238696
rule_a_one_step	primary::EGFR	primary::CDKN2A+EGFR	same_stage_one_event	CDKN2A	1	0.010377909430479958	0.04759098276116104	0.0004938949088028623
rule_a_one_step	primary::CDKN2A	primary::CDKN2A+EGFR	same_stage_one_event	EGFR	1	0.273304202563207	0.0008840430234271402	0.00024161267354932104
rule_a_one_step	primary::SETD2+TP53	primary::KRAS+SETD2+TP53	same_stage_one_event	KRAS	1	0.0345134383045129	0.000920878149403271	3.178267119540381e-05
rule_a_one_step	primary::KRAS+TP53	primary::KRAS+SETD2+TP53	same_stage_one_event	SETD2	1	0.05071412353848556	0.025305731545601885	0.0012833579958354052
rule_a_one_step	primary::KRAS+SETD2	primary::KRAS+SETD2+TP53	same_stage_one_event	TP53	1	0.4467499821961342	0.0019522616767349344	0.0008721728693235271
rule_a_one_step	metastatic::WT	metastatic::CDKN2A	same_stage_one_event	CDKN2A	1	0.012322439809954877	0.03956092529836452	0.00048748712081521795
rule_a_one_step	metastatic::MET+TP53	metastatic::EGFR+MET+TP53	same_stage_one_event	EGFR	1	0.042747289801201044	0.0023574480624723735	0.00010077451551778645
rule_a_one_step	metastatic::EGFR+TP53	metastatic::EGFR+MET+TP53	same_stage_one_event	MET	1	0.02326102806765331	0.04129217621924267	0.0009604984700102903
rule_a_one_step	metastatic::EGFR+MET	metastatic::EGFR+MET+TP53	same_stage_one_event	TP53	1	0.7580175939682193	0.00022101075585678504	0.00016753004139565773
rule_a_one_step	metastatic::WT	metastatic::PIK3CA	same_stage_one_event	PIK3CA	1	0.015024063358105496	0.03956092529836452	0.0005943658481879071
rule_a_one_step	metastatic::NF1+TP53	metastatic::KRAS+NF1+TP53	same_stage_one_event	KRAS	1	0.02153228135006323	0.0029099749521143362	6.265839939056266e-05
rule_a_one_step	metastatic::KRAS+TP53	metastatic::KRAS+NF1+TP53	same_stage_one_event	NF1	1	0.08882431672420048	0.016907322823044055	0.0015017813973923686
rule_a_one_step	metastatic::KRAS+NF1	metastatic::KRAS+NF1+TP53	same_stage_one_event	TP53	1	0.48463246263360477	0.0004788566376897009	0.00023206947157200758
rule_a_one_step	primary::MET+TP53	primary::KRAS+MET+TP53	same_stage_one_event	KRAS	1	0.03838694922996227	0.003204655959923383	0.0001230169656330749
rule_a_one_step	primary::KRAS+TP53	primary::KRAS+MET+TP53	same_stage_one_event	MET	1	0.004735299103967671	0.025305731545601885	0.00011983020791313504
rule_a_one_step	primary::KRAS+MET	primary::KRAS+MET+TP53	same_stage_one_event	TP53	1	0.5760917177351704	0.0008472078974510093	0.00048806945292135406
rule_a_one_step	primary::TP53	primary::SETD2+TP53	same_stage_one_event	SETD2	1	0.043681900491781354	0.03175187859142478	0.0013869824010577401
rule_a_one_step	primary::SETD2	primary::SETD2+TP53	same_stage_one_event	TP53	1	0.1876906131956456	0.002541623692353028	0.0004770389093303207
rule_a_one_step	metastatic::KRAS+STK11+TP53	metastatic::KEAP1+KRAS+STK11+TP53	same_stage_one_event	KEAP1	1	0.5337663239003347	0.0016944157949020187	0.0009044220900035141
rule_a_one_step	metastatic::KEAP1+STK11+TP53	metastatic::KEAP1+KRAS+STK11+TP53	same_stage_one_event	KRAS	1	0.07485550842650232	0.0012523942831884486	9.374861081851625e-05
rule_a_one_step	metastatic::KEAP1+KRAS+TP53	metastatic::KEAP1+KRAS+STK11+TP53	same_stage_one_event	STK11	1	0.10263167542473114	0.001141888905260056	0.00011719397149575163
rule_a_one_step	metastatic::KEAP1+KRAS+STK11	metastatic::KEAP1+KRAS+STK11+TP53	same_stage_one_event	TP53	1	0.07175495121080185	0.0032783262118756444	0.0002352361373862297
rule_a_one_step	primary::EGFR	primary::ARID1A+EGFR	same_stage_one_event	ARID1A	1	0.014365818994675433	0.04759098276116104	0.0006836834441255584
rule_a_one_step	primary::ARID1A	primary::ARID1A+EGFR	same_stage_one_event	EGFR	1	0.2481361581393719	0.001105053779283925	0.0002742037993289066
rule_a_one_step	primary::TP53	primary::ATM+TP53	same_stage_one_event	ATM	1	0.06116271240346598	0.03175187859142478	0.0019420310185570824
rule_a_one_step	primary::ATM	primary::ATM+TP53	same_stage_one_event	TP53	1	0.06236226877463014	0.0016575806689258876	0.00010337049119118742
rule_a_one_step	primary::WT	primary::CDKN2A	same_stage_one_event	CDKN2A	1	0.012322439809954877	0.0604464417268307	0.0007448476399048163
rule_a_one_step	primary::RBM10	primary::MET+RBM10	same_stage_one_event	MET	1	0.04361582551228316	0.0012892294091645794	5.62308049554262e-05
rule_a_one_step	primary::MET	primary::MET+RBM10	same_stage_one_event	RBM10	1	0.025965255423396817	0.008214233092677176	0.00021328466035868166
rule_a_one_step	unknown::RBM10	unknown::EGFR+RBM10	same_stage_one_event	EGFR	1	0.4218101636752709	3.6835125976130835e-05	1.553743051699097e-05
rule_a_one_step	unknown::EGFR	unknown::EGFR+RBM10	same_stage_one_event	RBM10	1	0.048034202497844805	0.004457050243111832	0.00021409085392070214
rule_a_one_step	metastatic::KRAS+RBM10	metastatic::ATM+KRAS+RBM10	same_stage_one_event	ATM	1	0.1296794894797967	0.001583910416973626	0.00020540069425487175
rule_a_one_step	metastatic::ATM+RBM10	metastatic::ATM+KRAS+RBM10	same_stage_one_event	KRAS	1	0.4760654378302817	0.00022101075585678504	0.00010521558225216186
rule_a_one_step	metastatic::ATM+KRAS	metastatic::ATM+KRAS+RBM10	same_stage_one_event	RBM10	1	0.13350897079636825	0.002246942684543981	0.00029998700525189564
rule_a_one_step	primary::SETD2+TP53	primary::EGFR+SETD2+TP53	same_stage_one_event	EGFR	1	0.04837676237714364	0.000920878149403271	4.454910341198582e-05
rule_a_one_step	primary::EGFR+TP53	primary::EGFR+SETD2+TP53	same_stage_one_event	SETD2	1	0.048318724024883915	0.03996611168410196	0.001931111520811811
rule_a_one_step	primary::EGFR+SETD2	primary::EGFR+SETD2+TP53	same_stage_one_event	TP53	1	0.6547733489916623	0.0015470752909974952	0.0010129836694286803
rule_a_one_step	primary::MET	primary::KRAS+MET	same_stage_one_event	KRAS	1	0.22905450507685518	0.008214233092677176	0.0018815070956290961
rule_a_one_step	primary::KRAS	primary::KRAS+MET	same_stage_one_event	MET	1	0.006346271142509798	0.053816119051127154	0.00034153168333604005
rule_a_one_step	metastatic::WT	metastatic::KEAP1	same_stage_one_event	KEAP1	1	0.02307253297797865	0.03956092529836452	0.0009127707535858652
rule_a_one_step	metastatic::WT	metastatic::NF1	same_stage_one_event	NF1	1	0.020866748684370513	0.03956092529836452	0.0008255078859221279
rule_a_one_step	primary::TP53	primary::RBM10+TP53	same_stage_one_event	RBM10	1	0.04867107688927608	0.03175187859142478	0.0015453981243021945
rule_a_one_step	primary::RBM10	primary::RBM10+TP53	same_stage_one_event	TP53	1	0.0556014704248077	0.0012892294091645794	7.168305086445667e-05
rule_a_one_step	primary::KRAS+TP53	primary::EGFR+KRAS+TP53	same_stage_one_event	EGFR	1	0.0022268446885322867	0.025305731545601885	5.635193388174749e-05
rule_a_one_step	primary::EGFR+TP53	primary::EGFR+KRAS+TP53	same_stage_one_event	KRAS	1	0.011729729988139872	0.03996611168410196	0.00046879169873035806
rule_a_one_step	primary::EGFR+KRAS	primary::EGFR+KRAS+TP53	same_stage_one_event	TP53	1	0.8129959453662842	0.0006630322675703551	0.0005390425451817119
rule_a_one_step	primary::MET+TP53	primary::EGFR+MET+TP53	same_stage_one_event	EGFR	1	0.042747289801201044	0.003204655959923383	0.00013699035703199097
rule_a_one_step	primary::EGFR+TP53	primary::EGFR+MET+TP53	same_stage_one_event	MET	1	0.02326102806765331	0.03996611168410196	0.0009296528456388626
rule_a_one_step	primary::EGFR+MET	primary::EGFR+MET+TP53	same_stage_one_event	TP53	1	0.7580175939682193	0.0004420215117135701	0.00033506008279131545
rule_a_one_step	primary::SMARCA4	primary::KRAS+SMARCA4	same_stage_one_event	KRAS	1	0.24032957782105044	0.0005893620156180934	0.0001416411243972597
rule_a_one_step	primary::KRAS	primary::KRAS+SMARCA4	same_stage_one_event	SMARCA4	1	0.02034767303272582	0.053816119051127154	0.001095032794342582
rule_a_one_step	metastatic::SETD2+TP53	metastatic::EGFR+SETD2+TP53	same_stage_one_event	EGFR	1	0.04837676237714364	0.001583910416973626	7.66244578686156e-05
rule_a_one_step	metastatic::EGFR+TP53	metastatic::EGFR+SETD2+TP53	same_stage_one_event	SETD2	1	0.048318724024883915	0.04129217621924267	0.001995185267124461
rule_a_one_step	metastatic::EGFR+SETD2	metastatic::EGFR+SETD2+TP53	same_stage_one_event	TP53	1	0.6547733489916623	0.0004788566376897009	0.0003135425643469725
rule_a_one_step	metastatic::SMARCA4+TP53	metastatic::KRAS+SMARCA4+TP53	same_stage_one_event	KRAS	1	0.04518519978622393	0.0019154265507588036	8.654893137187433e-05
rule_a_one_step	metastatic::KRAS+TP53	metastatic::KRAS+SMARCA4+TP53	same_stage_one_event	SMARCA4	1	0.04860944874616721	0.016907322823044055	0.0008218556422016632
rule_a_one_step	metastatic::KRAS+SMARCA4	metastatic::KRAS+SMARCA4+TP53	same_stage_one_event	TP53	1	0.5329517302485729	0.0004051863857374392	0.0002159447853519339
rule_a_one_step	primary::KRAS+TP53	primary::BRAF+KRAS+TP53	same_stage_one_event	BRAF	1	0.03966545093093346	0.025305731545601885	0.0010037632528934466
rule_a_one_step	primary::BRAF+TP53	primary::BRAF+KRAS+TP53	same_stage_one_event	KRAS	1	0.010057813069092815	0.003204655959923383	3.223183059566358e-05
rule_a_one_step	primary::BRAF+KRAS	primary::BRAF+KRAS+TP53	same_stage_one_event	TP53	1	0.47788329413302705	0.001141888905260056	0.0005456896315796315
rule_a_one_step	metastatic::EGFR+TP53	metastatic::BRAF+EGFR+TP53	same_stage_one_event	BRAF	1	0.06271715794545506	0.04129217621924267	0.002589727937853806
rule_a_one_step	metastatic::BRAF+TP53	metastatic::BRAF+EGFR+TP53	same_stage_one_event	EGFR	1	0.009864787987308422	0.002983645204066598	2.943302736746656e-05
rule_a_one_step	metastatic::BRAF+EGFR	metastatic::BRAF+EGFR+TP53	same_stage_one_event	TP53	1	0.7208643351917665	0.00025784588183291586	0.0001858719001894197
rule_a_one_step	metastatic::STK11+TP53	metastatic::EGFR+STK11+TP53	same_stage_one_event	EGFR	1	0.00361070801017331	0.0023206129364962426	8.37905571831879e-06
rule_a_one_step	metastatic::EGFR+TP53	metastatic::EGFR+STK11+TP53	same_stage_one_event	STK11	1	0.08082065979072825	0.04129217621924267	0.0033372609262342116
rule_a_one_step	metastatic::EGFR+STK11	metastatic::EGFR+STK11+TP53	same_stage_one_event	TP53	1	0.10628404215536058	0.00022101075585678504	2.3489916492270647e-05
rule_a_one_step	primary::KRAS+RBM10+STK11	primary::KEAP1+KRAS+RBM10+STK11	same_stage_one_event	KEAP1	1	0.608797034828519	0.001141888905260056	0.0006951785796259057
rule_a_one_step	primary::KEAP1+RBM10+STK11	primary::KEAP1+KRAS+RBM10+STK11	same_stage_one_event	KRAS	1	0.5849967414554985	0.0005156917636658317	0.0003016780013399506
rule_a_one_step	primary::KEAP1+KRAS+STK11	primary::KEAP1+KRAS+RBM10+STK11	same_stage_one_event	RBM10	1	0.14550154229736295	0.004935906880801533	0.000718182063792789
rule_a_one_step	primary::KEAP1+KRAS+RBM10	primary::KEAP1+KRAS+RBM10+STK11	same_stage_one_event	STK11	1	0.04307985393361078	0.00025784588183291586	1.110796292674508e-05
rule_a_one_step	metastatic::KRAS+TP53	metastatic::EGFR+KRAS+TP53	same_stage_one_event	EGFR	1	0.0022268446885322867	0.016907322823044055	3.764998202579636e-05
rule_a_one_step	metastatic::EGFR+TP53	metastatic::EGFR+KRAS+TP53	same_stage_one_event	KRAS	1	0.011729729988139872	0.04129217621924267	0.0004843460776744068
rule_a_one_step	metastatic::EGFR+KRAS	metastatic::EGFR+KRAS+TP53	same_stage_one_event	TP53	1	0.8129959453662842	0.0003683512597613084	0.0002994680806565066
rule_a_one_step	primary::KRAS	primary::EGFR+KRAS	same_stage_one_event	EGFR	1	0.011151579773388072	0.053816119051127154	0.0006001347446927941
rule_a_one_step	primary::EGFR	primary::EGFR+KRAS	same_stage_one_event	KRAS	1	0.04265590364293984	0.04759098276116104	0.0020300363749328966
rule_a_one_step	primary::SMARCA4+TP53	primary::EGFR+SMARCA4+TP53	same_stage_one_event	EGFR	1	0.07020922429733135	0.0010682186533077943	7.499880302868016e-05
rule_a_one_step	primary::EGFR+TP53	primary::EGFR+SMARCA4+TP53	same_stage_one_event	SMARCA4	1	0.05835347142125406	0.03996611168410196	0.0023321613559768918
rule_a_one_step	primary::EGFR+SMARCA4	primary::EGFR+SMARCA4+TP53	same_stage_one_event	TP53	1	0.7324499043090815	0.001105053779283925	0.0008093965348928998
rule_a_one_step	primary::SMARCA4+TP53	primary::KRAS+SMARCA4+TP53	same_stage_one_event	KRAS	1	0.04518519978622393	0.0010682186533077943	4.8267673265083757e-05
rule_a_one_step	primary::KRAS+TP53	primary::KRAS+SMARCA4+TP53	same_stage_one_event	SMARCA4	1	0.04860944874616721	0.025305731545601885	0.0012300976605502017
rule_a_one_step	primary::KRAS+SMARCA4	primary::KRAS+SMARCA4+TP53	same_stage_one_event	TP53	1	0.5329517302485729	0.0007735376454987476	0.00041225822658096475
rule_a_one_step	primary::RBM10	primary::NF1+RBM10	same_stage_one_event	NF1	1	0.02417211254486505	0.0012892294091645794	3.116339837447609e-05
rule_a_one_step	primary::NF1	primary::NF1+RBM10	same_stage_one_event	RBM10	1	0.06058113172959074	0.0017680860468542803	0.0001071126537137305
rule_a_one_step	metastatic::SETD2	metastatic::BRAF+SETD2	same_stage_one_event	BRAF	1	0.03574293631524752	0.0016575806689258876	5.924680028680338e-05
rule_a_one_step	metastatic::BRAF	metastatic::BRAF+SETD2	same_stage_one_event	SETD2	1	0.11572710646973973	0.002578458818329159	0.00029839757819661786
rule_a_one_step	metastatic::TP53	metastatic::RBM10+TP53	same_stage_one_event	RBM10	1	0.04867107688927608	0.03245174598497127	0.0015794614240257929
rule_a_one_step	metastatic::RBM10	metastatic::RBM10+TP53	same_stage_one_event	TP53	1	0.0556014704248077	0.0004051863857374392	2.252895884311495e-05
rule_a_one_step	primary::KEAP1+TP53	primary::EGFR+KEAP1+TP53	same_stage_one_event	EGFR	1	0.02385002677848292	0.001841756298806542	4.3925937045975614e-05
rule_a_one_step	primary::EGFR+TP53	primary::EGFR+KEAP1+TP53	same_stage_one_event	KEAP1	1	0.03412069851526215	0.03996611168410196	0.001363671647600539
rule_a_one_step	primary::EGFR+KEAP1	primary::EGFR+KEAP1+TP53	same_stage_one_event	TP53	1	0.7395128713481263	7.367025195226167e-05	5.448009955415693e-05
rule_a_one_step	unknown::WT	unknown::ATM	same_stage_one_event	ATM	1	0.02626936306839714	0.11787240312361869	0.0030964329533988083
rule_a_one_step	metastatic::EGFR	metastatic::ARID1A+EGFR	same_stage_one_event	ARID1A	1	0.014365818994675433	0.024237512892294092	0.00034819172309180917
rule_a_one_step	metastatic::ARID1A	metastatic::ARID1A+EGFR	same_stage_one_event	EGFR	1	0.2481361581393719	0.0010313835273316634	0.0002559235460403128
rule_a_one_step	metastatic::KEAP1+KRAS+STK11	metastatic::ATM+KEAP1+KRAS+STK11	same_stage_one_event	ATM	1	0.14792011014408354	0.0032783262118756444	0.0004849303743488815
rule_a_one_step	metastatic::ATM+KRAS+STK11	metastatic::ATM+KEAP1+KRAS+STK11	same_stage_one_event	KEAP1	1	0.4519799943259124	0.001583910416973626	0.000715895821276493
rule_a_one_step	metastatic::ATM+KEAP1+STK11	metastatic::ATM+KEAP1+KRAS+STK11	same_stage_one_event	KRAS	1	0.7050782302636321	0.00011050537792839252	7.791493630436484e-05
rule_a_one_step	metastatic::ATM+KEAP1+KRAS	metastatic::ATM+KEAP1+KRAS+STK11	same_stage_one_event	STK11	1	0.10331680766392472	0.0003683512597613084	3.805687625752347e-05
rule_a_one_step	metastatic::SETD2+TP53	metastatic::KRAS+SETD2+TP53	same_stage_one_event	KRAS	1	0.0345134383045129	0.001583910416973626	5.4666194456094545e-05
rule_a_one_step	metastatic::KRAS+TP53	metastatic::KRAS+SETD2+TP53	same_stage_one_event	SETD2	1	0.05071412353848556	0.016907322823044055	0.0008574400583529127
rule_a_one_step	metastatic::KRAS+SETD2	metastatic::KRAS+SETD2+TP53	same_stage_one_event	TP53	1	0.4467499821961342	0.00025784588183291586	0.00011519264311820168
rule_a_one_step	primary::NF1	primary::EGFR+NF1	same_stage_one_event	EGFR	1	0.12452004015499331	0.0017680860468542803	0.00022016214555177838
rule_a_one_step	primary::EGFR	primary::EGFR+NF1	same_stage_one_event	NF1	1	0.011636126299342953	0.04759098276116104	0.0005537746861187231
rule_a_one_step	primary::NF1+TP53	primary::KEAP1+NF1+TP53	same_stage_one_event	KEAP1	1	0.0835875950778761	0.0032783262118756444	0.0002740274039314488
rule_a_one_step	primary::KEAP1+TP53	primary::KEAP1+NF1+TP53	same_stage_one_event	NF1	1	0.14109571709897403	0.001841756298806542	0.0002598639257016613
rule_a_one_step	primary::KEAP1+NF1	primary::KEAP1+NF1+TP53	same_stage_one_event	TP53	1	0.33067804136182277	7.367025195226167e-05	2.436113462220589e-05
rule_a_one_step	primary::RBM10+SETD2	primary::KRAS+RBM10+SETD2	same_stage_one_event	KRAS	1	0.24663655487980266	0.00014734050390452334	3.633955427726575e-05
rule_a_one_step	primary::KRAS+SETD2	primary::KRAS+RBM10+SETD2	same_stage_one_event	RBM10	1	0.08461045108363074	0.0019522616767349344	0.0001651817411018281
rule_a_one_step	primary::KRAS+RBM10	primary::KRAS+RBM10+SETD2	same_stage_one_event	SETD2	1	0.06865604243422062	0.0057094445263002796	0.00039198786567350066
rule_a_one_step	primary::STK11+TP53	primary::NF1+STK11+TP53	same_stage_one_event	NF1	1	0.06439746582567538	0.0039781936054221305	0.00025618558675309194
rule_a_one_step	primary::NF1+TP53	primary::NF1+STK11+TP53	same_stage_one_event	STK11	1	0.17482287141201597	0.0032783262118756444	0.0005731264017853772
rule_a_one_step	primary::NF1+STK11	primary::NF1+STK11+TP53	same_stage_one_event	TP53	1	0.015435627651066718	0.0004051863857374392	6.254306179524602e-06
rule_a_one_step	primary::WT	primary::SMARCA4	same_stage_one_event	SMARCA4	1	0.013810094836322685	0.0604464417268307	0.0008347710927657847
rule_a_one_step	metastatic::KEAP1+TP53	metastatic::CDKN2A+KEAP1+TP53	same_stage_one_event	CDKN2A	1	0.12556248313825336	0.002541623692353028	0.0003191325820148623
rule_a_one_step	metastatic::CDKN2A+TP53	metastatic::CDKN2A+KEAP1+TP53	same_stage_one_event	KEAP1	1	0.07706584015622533	0.00221010755856785	0.00017032379583665537
rule_a_one_step	metastatic::CDKN2A+KEAP1	metastatic::CDKN2A+KEAP1+TP53	same_stage_one_event	TP53	1	0.2634576794968233	3.6835125976130835e-05	9.704496813644588e-06
rule_a_one_step	metastatic::NF1+TP53	metastatic::KEAP1+NF1+TP53	same_stage_one_event	KEAP1	1	0.0835875950778761	0.0029099749521143362	0.000243237807984095
rule_a_one_step	metastatic::KEAP1+TP53	metastatic::KEAP1+NF1+TP53	same_stage_one_event	NF1	1	0.14109571709897403	0.002541623692353028	0.00035861221746829263
rule_a_one_step	metastatic::KEAP1+NF1	metastatic::KEAP1+NF1+TP53	same_stage_one_event	TP53	1	0.33067804136182277	3.6835125976130835e-05	1.2180567311102945e-05
rule_a_one_step	metastatic::STK11+TP53	metastatic::SMARCA4+STK11+TP53	same_stage_one_event	SMARCA4	1	0.08817654671208709	0.0023206129364962426	0.00020462363499563455
rule_a_one_step	metastatic::SMARCA4+TP53	metastatic::SMARCA4+STK11+TP53	same_stage_one_event	STK11	1	0.18039006981635664	0.0019154265507588036	0.0003455239292194838
rule_a_one_step	metastatic::SMARCA4+STK11	metastatic::SMARCA4+STK11+TP53	same_stage_one_event	TP53	1	0.014224064630552882	0.00022101075585678504	3.1436712753542543e-06
rule_a_one_step	primary::KRAS+RBM10	primary::ARID1A+KRAS+RBM10	same_stage_one_event	ARID1A	1	0.0599509622937368	0.0057094445263002796	0.00034228669351441004
rule_a_one_step	primary::ARID1A+KRAS	primary::ARID1A+KRAS+RBM10	same_stage_one_event	RBM10	1	0.074040580555813	0.0016944157949020187	0.00012545552915748482
rule_a_one_step	primary::KRAS+STK11+TP53	primary::KEAP1+KRAS+STK11+TP53	same_stage_one_event	KEAP1	1	0.5337663239003347	0.0024311183144246355	0.0012976490856572158
rule_a_one_step	primary::KEAP1+STK11+TP53	primary::KEAP1+KRAS+STK11+TP53	same_stage_one_event	KRAS	1	0.07485550842650232	0.0017312509208781495	0.00012959366789618422
rule_a_one_step	primary::KEAP1+KRAS+TP53	primary::KEAP1+KRAS+STK11+TP53	same_stage_one_event	STK11	1	0.10263167542473114	0.001141888905260056	0.00011719397149575163
rule_a_one_step	primary::KEAP1+KRAS+STK11	primary::KEAP1+KRAS+STK11+TP53	same_stage_one_event	TP53	1	0.07175495121080185	0.004935906880801533	0.0003541757574129751
rule_a_one_step	primary::SMARCA4+STK11	primary::KEAP1+SMARCA4+STK11	same_stage_one_event	KEAP1	1	0.39947658952833315	0.0003683512597613084	0.0001471477049979126
rule_a_one_step	primary::KEAP1+STK11	primary::KEAP1+SMARCA4+STK11	same_stage_one_event	SMARCA4	1	0.1763188213912271	0.0026889641962575513	0.0004741149978473397
rule_a_one_step	primary::KEAP1+SMARCA4	primary::KEAP1+SMARCA4+STK11	same_stage_one_event	STK11	1	0.026084577277118003	0.00025784588183291586	6.725800830257331e-06
rule_a_one_step	unknown::WT	unknown::NF1	same_stage_one_event	NF1	1	0.020866748684370513	0.11787240312361869	0.002459613812803361
rule_a_one_step	metastatic::KEAP1+TP53	metastatic::ARID1A+KEAP1+TP53	same_stage_one_event	ARID1A	1	0.09093457836652562	0.002541623692353028	0.00023112147883049464
rule_a_one_step	metastatic::ARID1A+TP53	metastatic::ARID1A+KEAP1+TP53	same_stage_one_event	KEAP1	1	0.0770108187068792	0.0013997347870929719	0.00010779472192652902
rule_a_one_step	metastatic::ARID1A+KEAP1	metastatic::ARID1A+KEAP1+TP53	same_stage_one_event	TP53	1	0.27035156802545124	7.367025195226167e-05	1.9916868132124002e-05
rule_a_one_step	metastatic::MET+TP53	metastatic::KRAS+MET+TP53	same_stage_one_event	KRAS	1	0.03838694922996227	0.0023574480624723735	9.049523908639992e-05
rule_a_one_step	metastatic::KRAS+TP53	metastatic::KRAS+MET+TP53	same_stage_one_event	MET	1	0.004735299103967671	0.016907322823044055	8.006123061445267e-05
rule_a_one_step	metastatic::KRAS+MET	metastatic::KRAS+MET+TP53	same_stage_one_event	TP53	1	0.5760917177351704	0.00022101075585678504	0.00012732246597948368
rule_a_one_step	primary::NF1+TP53	primary::ARID1A+NF1+TP53	same_stage_one_event	ARID1A	1	0.11480938103711227	0.0032783262118756444	0.00037638260322318373
rule_a_one_step	primary::ARID1A+TP53	primary::ARID1A+NF1+TP53	same_stage_one_event	NF1	1	0.12466398102932608	0.001105053779283925	0.00013776040337703632
rule_a_one_step	primary::ARID1A+NF1	primary::ARID1A+NF1+TP53	same_stage_one_event	TP53	1	0.2879592247165217	0.00011050537792839252	3.182104295526614e-05
rule_a_one_step	primary::EGFR+RBM10	primary::ATM+EGFR+RBM10	same_stage_one_event	ATM	1	0.07901595135822909	0.007809046706939738	0.0006170392547496893
rule_a_one_step	primary::ATM+RBM10	primary::ATM+EGFR+RBM10	same_stage_one_event	EGFR	1	0.25154886068848553	0.00022101075585678504	5.5595003835675306e-05
rule_a_one_step	primary::ATM+EGFR	primary::ATM+EGFR+RBM10	same_stage_one_event	RBM10	1	0.11169429116904209	0.0019522616767349344	0.00021805648415939408
rule_a_one_step	primary::KEAP1+STK11	primary::BRAF+KEAP1+STK11	same_stage_one_event	BRAF	1	0.03211206438436499	0.0026889641962575513	8.634819139747474e-05
rule_a_one_step	primary::BRAF+STK11	primary::BRAF+KEAP1+STK11	same_stage_one_event	KEAP1	1	0.48487150073230434	0.0010313835273316634	0.0005000884787278813
rule_a_one_step	primary::BRAF+KEAP1	primary::BRAF+KEAP1+STK11	same_stage_one_event	STK11	1	0.038036471143244675	0.0001841756298806542	7.005391031244415e-06
rule_a_one_step	primary::STK11+TP53	primary::BRAF+STK11+TP53	same_stage_one_event	BRAF	1	0.04479327416910001	0.0039781936054221305	0.00017819631686543397
rule_a_one_step	primary::BRAF+TP53	primary::BRAF+STK11+TP53	same_stage_one_event	STK11	1	0.19642461490371083	0.003204655959923383	0.0006294733128268322
rule_a_one_step	primary::BRAF+STK11	primary::BRAF+STK11+TP53	same_stage_one_event	TP53	1	0.020527112406536718	0.0010313835273316634	2.117132559978739e-05
rule_a_one_step	primary::SMARCA4+TP53	primary::CDKN2A+SMARCA4+TP53	same_stage_one_event	CDKN2A	1	0.09503843320194377	0.0010682186533077943	0.00010152182712746314
rule_a_one_step	primary::CDKN2A+TP53	primary::CDKN2A+SMARCA4+TP53	same_stage_one_event	SMARCA4	1	0.08574949638071508	0.002062767054663327	0.00017688123608811126
rule_a_one_step	primary::CDKN2A+SMARCA4	primary::CDKN2A+SMARCA4+TP53	same_stage_one_event	TP53	1	0.2179699020430906	0.00014734050390452334	3.2115795203048564e-05
rule_a_one_step	primary::RBM10+STK11	primary::KEAP1+RBM10+STK11	same_stage_one_event	KEAP1	1	0.3848169763300427	0.0001841756298806542	7.087390900435441e-05
rule_a_one_step	primary::KEAP1+STK11	primary::KEAP1+RBM10+STK11	same_stage_one_event	RBM10	1	0.03815152074635736	0.0026889641962575513	0.00010258807331973211
rule_a_one_step	primary::KEAP1+RBM10	primary::KEAP1+RBM10+STK11	same_stage_one_event	STK11	1	0.014383627681085765	0.0001841756298806542	2.649113688132784e-06
rule_a_one_step	primary::NF1	primary::MET+NF1	same_stage_one_event	MET	1	0.05336353105957856	0.0017680860468542803	9.435131467731587e-05
rule_a_one_step	primary::MET	primary::MET+NF1	same_stage_one_event	NF1	1	0.024769367681188183	0.008214233092677176	0.0002034613596915045
rule_a_one_step	metastatic::NF1	metastatic::EGFR+NF1	same_stage_one_event	EGFR	1	0.12452004015499331	0.0008103727714748784	0.00010090765004456508
rule_a_one_step	metastatic::EGFR	metastatic::EGFR+NF1	same_stage_one_event	NF1	1	0.011636126299342953	0.024237512892294092	0.0002820307611966872
rule_a_one_step	metastatic::SETD2	metastatic::EGFR+SETD2	same_stage_one_event	EGFR	1	0.205388349097477	0.0016575806689258876	0.00034044775708657964
rule_a_one_step	metastatic::EGFR	metastatic::EGFR+SETD2	same_stage_one_event	SETD2	1	0.014252560538265626	0.024237512892294092	0.00034544661979441513
rule_a_one_step	metastatic::NF1	metastatic::KRAS+NF1	same_stage_one_event	KRAS	1	0.1475744808115147	0.0008103727714748784	0.00011959034101419343
rule_a_one_step	metastatic::KRAS	metastatic::KRAS+NF1	same_stage_one_event	NF1	1	0.024288480963608163	0.017386179460733755	0.00042228388886190706
rule_a_one_step	metastatic::SMARCA4+STK11+TP53	metastatic::KRAS+SMARCA4+STK11+TP53	same_stage_one_event	KRAS	1	0.038671358302755976	0.0005525268896419625	2.1366965321251643e-05
rule_a_one_step	metastatic::KRAS+STK11+TP53	metastatic::KRAS+SMARCA4+STK11+TP53	same_stage_one_event	SMARCA4	1	0.09839427358095298	0.0016944157949020187	0.00016672081128347714
rule_a_one_step	metastatic::KRAS+SMARCA4+TP53	metastatic::KRAS+SMARCA4+STK11+TP53	same_stage_one_event	STK11	1	0.2623144772023377	0.0007367025195226168	0.0001932477362622202
rule_a_one_step	metastatic::KRAS+SMARCA4+STK11	metastatic::KRAS+SMARCA4+STK11+TP53	same_stage_one_event	TP53	1	0.04509543741288214	0.0004420215117135701	1.993315341662685e-05
rule_a_one_step	metastatic::WT	metastatic::SMARCA4	same_stage_one_event	SMARCA4	1	0.013810094836322685	0.03956092529836452	0.0005463401301830913
rule_a_one_step	primary::KEAP1+KRAS+STK11	primary::ATM+KEAP1+KRAS+STK11	same_stage_one_event	ATM	1	0.14792011014408354	0.004935906880801533	0.0007301198894691025
rule_a_one_step	primary::ATM+KRAS+STK11	primary::ATM+KEAP1+KRAS+STK11	same_stage_one_event	KEAP1	1	0.4519799943259124	0.002504788566376897	0.0011321143220186403
rule_a_one_step	primary::ATM+KEAP1+STK11	primary::ATM+KEAP1+KRAS+STK11	same_stage_one_event	KRAS	1	0.7050782302636321	0.00014734050390452334	0.0001038865817391531
rule_a_one_step	primary::ATM+KEAP1+KRAS	primary::ATM+KEAP1+KRAS+STK11	same_stage_one_event	STK11	1	0.10331680766392472	0.0002946810078090467	3.0445501006018773e-05
rule_a_one_step	primary::MET	primary::ATM+MET	same_stage_one_event	ATM	1	0.030976610910671474	0.008214233092677176	0.0002544491024414225
rule_a_one_step	primary::ATM	primary::ATM+MET	same_stage_one_event	MET	1	0.04603949950884649	0.0016575806689258876	7.631418439288684e-05
rule_a_one_step	primary::KRAS+SMARCA4	primary::KEAP1+KRAS+SMARCA4	same_stage_one_event	KEAP1	1	0.0287372906232785	0.0007735376454987476	2.2229376126744086e-05
rule_a_one_step	primary::KEAP1+SMARCA4	primary::KEAP1+KRAS+SMARCA4	same_stage_one_event	KRAS	1	0.32664101048246064	0.00025784588183291586	8.422303939064478e-05
rule_a_one_step	primary::KEAP1+KRAS	primary::KEAP1+KRAS+SMARCA4	same_stage_one_event	SMARCA4	1	0.058752690978534965	0.0019154265507588036	0.0001125364642288131
rule_a_one_step	primary::SMARCA4+STK11	primary::KRAS+SMARCA4+STK11	same_stage_one_event	KRAS	1	0.3756078505000462	0.0003683512597613084	0.0001383556249079292
rule_a_one_step	primary::KRAS+STK11	primary::KRAS+SMARCA4+STK11	same_stage_one_event	SMARCA4	1	0.0815780676060893	0.008729924856343009	0.0007121704001268294
rule_a_one_step	primary::KRAS+SMARCA4	primary::KRAS+SMARCA4+STK11	same_stage_one_event	STK11	1	0.11370295259181525	0.0007735376454987476	8.795351423412848e-05
rule_a_one_step	primary::STK11+TP53	primary::SMARCA4+STK11+TP53	same_stage_one_event	SMARCA4	1	0.08817654671208709	0.0039781936054221305	0.00035078337427823066
rule_a_one_step	primary::SMARCA4+TP53	primary::SMARCA4+STK11+TP53	same_stage_one_event	STK11	1	0.18039006981635664	0.0010682186533077943	0.00019269603744932748
rule_a_one_step	primary::SMARCA4+STK11	primary::SMARCA4+STK11+TP53	same_stage_one_event	TP53	1	0.014224064630552882	0.0003683512597613084	5.239452125590424e-06
rule_a_one_step	unknown::WT	unknown::MET	same_stage_one_event	MET	1	0.037741400017052326	0.11787240312361869	0.004448669517259741
rule_a_one_step	metastatic::NF1+TP53	metastatic::ARID1A+NF1+TP53	same_stage_one_event	ARID1A	1	0.11480938103711227	0.0029099749521143362	0.00033409242308574734
rule_a_one_step	metastatic::ARID1A+TP53	metastatic::ARID1A+NF1+TP53	same_stage_one_event	NF1	1	0.12466398102932608	0.0013997347870929719	0.000174496510944246
rule_a_one_step	metastatic::ARID1A+NF1	metastatic::ARID1A+NF1+TP53	same_stage_one_event	TP53	1	0.2879592247165217	0.00011050537792839252	3.182104295526614e-05
rule_a_one_step	metastatic::SMARCA4+TP53	metastatic::CDKN2A+SMARCA4+TP53	same_stage_one_event	CDKN2A	1	0.09503843320194377	0.0019154265507588036	0.0001820391382975201
rule_a_one_step	metastatic::CDKN2A+TP53	metastatic::CDKN2A+SMARCA4+TP53	same_stage_one_event	SMARCA4	1	0.08574949638071508	0.00221010755856785	0.00018951561009440492
rule_a_one_step	metastatic::CDKN2A+SMARCA4	metastatic::CDKN2A+SMARCA4+TP53	same_stage_one_event	TP53	1	0.2179699020430906	0.00011050537792839252	2.4086846402286423e-05
rule_a_one_step	metastatic::KEAP1+TP53	metastatic::EGFR+KEAP1+TP53	same_stage_one_event	EGFR	1	0.02385002677848292	0.002541623692353028	6.061779312344635e-05
rule_a_one_step	metastatic::EGFR+TP53	metastatic::EGFR+KEAP1+TP53	same_stage_one_event	KEAP1	1	0.03412069851526215	0.04129217621924267	0.0014089178958158566
rule_a_one_step	metastatic::EGFR+KEAP1	metastatic::EGFR+KEAP1+TP53	same_stage_one_event	TP53	1	0.7395128713481263	0.0003683512597613084	0.00027240049777078467
rule_a_one_step	metastatic::SMARCA4+STK11	metastatic::KRAS+SMARCA4+STK11	same_stage_one_event	KRAS	1	0.3756078505000462	0.00022101075585678504	8.301337494475752e-05
rule_a_one_step	metastatic::KRAS+STK11	metastatic::KRAS+SMARCA4+STK11	same_stage_one_event	SMARCA4	1	0.0815780676060893	0.00349933696773243	0.00028546914773016366
rule_a_one_step	metastatic::KRAS+SMARCA4	metastatic::KRAS+SMARCA4+STK11	same_stage_one_event	STK11	1	0.11370295259181525	0.0004051863857374392	4.607088840835301e-05
rule_a_one_step	primary::KRAS+STK11	primary::CDKN2A+KRAS+STK11	same_stage_one_event	CDKN2A	1	0.02937133966791998	0.008729924856343009	0.00025640958823106805
rule_a_one_step	primary::CDKN2A+STK11	primary::CDKN2A+KRAS+STK11	same_stage_one_event	KRAS	1	0.388154149488331	7.367025195226167e-05	2.8595413989121186e-05
rule_a_one_step	primary::CDKN2A+KRAS	primary::CDKN2A+KRAS+STK11	same_stage_one_event	STK11	1	0.11188323176648401	0.0018049211728304111	0.00020194041390001903
rule_a_one_step	primary::NF1+TP53	primary::CDKN2A+NF1+TP53	same_stage_one_event	CDKN2A	1	0.09193729520611904	0.0032783262118756444	0.0003014004447231691
rule_a_one_step	primary::CDKN2A+TP53	primary::CDKN2A+NF1+TP53	same_stage_one_event	NF1	1	0.11458350884631753	0.002062767054663327	0.00023635908705590768
rule_a_one_step	primary::CDKN2A+NF1	primary::CDKN2A+NF1+TP53	same_stage_one_event	TP53	1	0.27918681652318605	7.367025195226167e-05	2.0567763115012968e-05
rule_a_one_step	primary::MET	primary::EGFR+MET	same_stage_one_event	EGFR	1	0.1661301124253807	0.008214233092677176	0.0013646314671747419
rule_a_one_step	primary::EGFR	primary::EGFR+MET	same_stage_one_event	MET	1	0.014744474901279076	0.04759098276116104	0.0007017040508491442
rule_a_one_step	primary::NF1+STK11	primary::KEAP1+NF1+STK11	same_stage_one_event	KEAP1	1	0.47222621408522075	0.0004051863857374392	0.0001913396329356648
rule_a_one_step	primary::KEAP1+STK11	primary::KEAP1+NF1+STK11	same_stage_one_event	NF1	1	0.031903434339226294	0.0026889641962575513	8.57871926758332e-05
rule_a_one_step	primary::KEAP1+NF1	primary::KEAP1+NF1+STK11	same_stage_one_event	STK11	1	0.028327290367132656	7.367025195226167e-05	2.0868786184715378e-06
rule_a_one_step	primary::NF1+RBM10	primary::KRAS+NF1+RBM10	same_stage_one_event	KRAS	1	0.18967048889385044	0.0006630322675703551	0.00012575765434246752
rule_a_one_step	primary::KRAS+RBM10	primary::KRAS+NF1+RBM10	same_stage_one_event	NF1	1	0.05275306323460951	0.0057094445263002796	0.00030119068813041377
rule_a_one_step	primary::KRAS+NF1	primary::KRAS+NF1+RBM10	same_stage_one_event	RBM10	1	0.10734292529682804	0.0013260645351407102	0.00014234364633438227
rule_a_one_step	primary::PIK3CA+TP53	primary::MET+PIK3CA+TP53	same_stage_one_event	MET	1	0.04410041107505504	0.001583910416973626	6.985110049459873e-05
rule_a_one_step	primary::MET+TP53	primary::MET+PIK3CA+TP53	same_stage_one_event	PIK3CA	1	0.12914055234642358	0.003204655959923383	0.0004138510407447639
rule_a_one_step	primary::MET+PIK3CA	primary::MET+PIK3CA+TP53	same_stage_one_event	TP53	1	0.1557788708785795	0.00011050537792839252	1.721440299969569e-05
rule_a_one_step	unknown::EGFR+TP53	unknown::ATM+EGFR+TP53	same_stage_one_event	ATM	1	0.0972252389712202	0.005930455282157065	0.0005765899320158557
rule_a_one_step	unknown::ATM+TP53	unknown::ATM+EGFR+TP53	same_stage_one_event	EGFR	1	0.04608482914904503	0.0004420215117135701	2.037048584752248e-05
rule_a_one_step	unknown::ATM+EGFR	unknown::ATM+EGFR+TP53	same_stage_one_event	TP53	1	0.4237341806432344	0.0001841756298806542	7.80415096219306e-05
rule_a_one_step	unknown::TP53	unknown::ATM+TP53	same_stage_one_event	ATM	1	0.06116271240346598	0.0035730072196846915	0.00021853481299308235
rule_a_one_step	unknown::ATM	unknown::ATM+TP53	same_stage_one_event	TP53	1	0.06236226877463014	0.0006261971415942243	3.905107445000414e-05
rule_a_one_step	unknown::TP53	unknown::NF1+TP53	same_stage_one_event	NF1	1	0.11534415726252098	0.0035730072196846915	0.0004121255066474339
rule_a_one_step	unknown::NF1	unknown::NF1+TP53	same_stage_one_event	TP53	1	0.27719013500940587	0.0005525268896419625	0.0001531550031361827
rule_a_one_step	metastatic::EGFR+RBM10	metastatic::ATM+EGFR+RBM10	same_stage_one_event	ATM	1	0.07901595135822909	0.0017312509208781495	0.00013679643855299718
rule_a_one_step	metastatic::ATM+RBM10	metastatic::ATM+EGFR+RBM10	same_stage_one_event	EGFR	1	0.25154886068848553	0.00022101075585678504	5.5595003835675306e-05
rule_a_one_step	metastatic::ATM+EGFR	metastatic::ATM+EGFR+RBM10	same_stage_one_event	RBM10	1	0.11169429116904209	0.0014734050390452335	0.00016457093144105214
rule_a_one_step	metastatic::KRAS	metastatic::BRAF+KRAS	same_stage_one_event	BRAF	1	0.022841491129793282	0.017386179460733755	0.00039712626393334423
rule_a_one_step	metastatic::BRAF	metastatic::BRAF+KRAS	same_stage_one_event	KRAS	1	0.08771721718925235	0.002578458818329159	0.0002261752321809218
rule_a_one_step	metastatic::STK11+TP53	metastatic::BRAF+STK11+TP53	same_stage_one_event	BRAF	1	0.04479327416910001	0.0023206129364962426	0.00010394785150483648
rule_a_one_step	metastatic::BRAF+TP53	metastatic::BRAF+STK11+TP53	same_stage_one_event	STK11	1	0.19642461490371083	0.002983645204066598	0.0005860613602180852
rule_a_one_step	metastatic::BRAF+STK11	metastatic::BRAF+STK11+TP53	same_stage_one_event	TP53	1	0.020527112406536718	0.00014734050390452334	3.0244750856839128e-06
rule_a_one_step	metastatic::KRAS	metastatic::CDKN2A+KRAS	same_stage_one_event	CDKN2A	1	0.02677674097986994	0.017386179460733755	0.0004655452240496026
rule_a_one_step	metastatic::CDKN2A	metastatic::CDKN2A+KRAS	same_stage_one_event	KRAS	1	0.2536863616579952	0.0009577132753794018	0.00024295879634256206
rule_a_one_step	metastatic::SMARCA4+STK11+TP53	metastatic::KEAP1+SMARCA4+STK11+TP53	same_stage_one_event	KEAP1	1	0.6444025155163433	0.0005525268896419625	0.00035604971757570165
rule_a_one_step	metastatic::KEAP1+STK11+TP53	metastatic::KEAP1+SMARCA4+STK11+TP53	same_stage_one_event	SMARCA4	1	0.4249134026049817	0.0012523942831884486	0.0005321591162726308
rule_a_one_step	metastatic::KEAP1+SMARCA4+TP53	metastatic::KEAP1+SMARCA4+STK11+TP53	same_stage_one_event	STK11	1	0.08616473825839663	0.0003683512597613084	3.17388898844838e-05
rule_a_one_step	metastatic::KEAP1+SMARCA4+STK11	metastatic::KEAP1+SMARCA4+STK11+TP53	same_stage_one_event	TP53	1	0.025134971452956394	0.0003683512597613084	9.258498398761012e-06
rule_a_one_step	metastatic::SMARCA4	metastatic::KRAS+SMARCA4	same_stage_one_event	KRAS	1	0.24032957782105044	0.0004788566376897009	0.00011508341357277353
rule_a_one_step	metastatic::KRAS	metastatic::KRAS+SMARCA4	same_stage_one_event	SMARCA4	1	0.02034767303272582	0.017386179460733755	0.00035376829495530374
rule_a_one_step	metastatic::WT	metastatic::RBM10	same_stage_one_event	RBM10	1	0.025570833827129772	0.03956092529836452	0.0010116058468519734
rule_a_one_step	primary::KEAP1+TP53	primary::ARID1A+KEAP1+TP53	same_stage_one_event	ARID1A	1	0.09093457836652562	0.001841756298806542	0.00016747933248586566
rule_a_one_step	primary::ARID1A+TP53	primary::ARID1A+KEAP1+TP53	same_stage_one_event	KEAP1	1	0.0770108187068792	0.001105053779283925	8.510109625778605e-05
rule_a_one_step	primary::EGFR+TP53	primary::BRAF+EGFR+TP53	same_stage_one_event	BRAF	1	0.06271715794545506	0.03996611168410196	0.0025065609389575195
rule_a_one_step	primary::BRAF+TP53	primary::BRAF+EGFR+TP53	same_stage_one_event	EGFR	1	0.009864787987308422	0.003204655959923383	3.1613251616908526e-05
rule_a_one_step	primary::BRAF+EGFR	primary::BRAF+EGFR+TP53	same_stage_one_event	TP53	1	0.7208643351917665	0.00033151613378517756	0.00023897815738639674
rule_a_one_step	primary::KEAP1+TP53	primary::CDKN2A+KEAP1+TP53	same_stage_one_event	CDKN2A	1	0.12556248313825336	0.001841756298806542	0.00023125549421366834
rule_a_one_step	primary::CDKN2A+TP53	primary::CDKN2A+KEAP1+TP53	same_stage_one_event	KEAP1	1	0.07706584015622533	0.002062767054663327	0.00015896887611421167
rule_a_one_step	primary::CDKN2A+KEAP1	primary::CDKN2A+KEAP1+TP53	same_stage_one_event	TP53	1	0.2634576794968233	7.367025195226167e-05	1.9408993627289176e-05
rule_a_one_step	primary::STK11	primary::EGFR+STK11	same_stage_one_event	EGFR	1	0.0224684138887344	0.004088698983350523	9.186658102436713e-05
rule_a_one_step	primary::EGFR	primary::EGFR+STK11	same_stage_one_event	STK11	1	0.016736947727812212	0.04759098276116104	0.0007965277907887644
rule_a_one_step	primary::SMARCA4+STK11+TP53	primary::KEAP1+SMARCA4+STK11+TP53	same_stage_one_event	KEAP1	1	0.6444025155163433	0.0004788566376897009	0.0003085764218989415
rule_a_one_step	primary::KEAP1+STK11+TP53	primary::KEAP1+SMARCA4+STK11+TP53	same_stage_one_event	SMARCA4	1	0.4249134026049817	0.0017312509208781495	0.0007356317195533425
rule_a_one_step	primary::KEAP1+SMARCA4+TP53	primary::KEAP1+SMARCA4+STK11+TP53	same_stage_one_event	STK11	1	0.08616473825839663	0.00033151613378517756	2.8565000896035425e-05
rule_a_one_step	primary::KEAP1+SMARCA4+STK11	primary::KEAP1+SMARCA4+STK11+TP53	same_stage_one_event	TP53	1	0.025134971452956394	0.0005525268896419625	1.3887747598141516e-05
rule_a_one_step	primary::RBM10+TP53	primary::NF1+RBM10+TP53	same_stage_one_event	NF1	1	0.1362207411434186	0.0008103727714748784	0.00011038957953275412
rule_a_one_step	primary::NF1+TP53	primary::NF1+RBM10+TP53	same_stage_one_event	RBM10	1	0.08558445105229416	0.0032783262118756444	0.00028057374921372405
rule_a_one_step	primary::NF1+RBM10	primary::NF1+RBM10+TP53	same_stage_one_event	TP53	1	0.09580079122126005	0.0006630322675703551	6.351901583846623e-05
rule_a_one_step	primary::STK11	primary::NF1+STK11	same_stage_one_event	NF1	1	0.021881184840008124	0.004088698983350523	8.94655782098461e-05
rule_a_one_step	primary::NF1	primary::NF1+STK11	same_stage_one_event	STK11	1	0.06823107343035295	0.0017680860468542803	0.00012063840889409686
rule_a_one_step	unknown::KRAS	unknown::ATM+KRAS	same_stage_one_event	ATM	1	0.05948405820285435	0.002725799322233682	0.0001621416055330493
rule_a_one_step	unknown::ATM	unknown::ATM+KRAS	same_stage_one_event	KRAS	1	0.4633310631248468	0.0006261971415942243	0.00029013658734059215
rule_a_one_step	unknown::RBM10	unknown::KRAS+RBM10	same_stage_one_event	KRAS	1	0.26590153149625173	3.6835125976130835e-05	9.794516409910554e-06
rule_a_one_step	unknown::KRAS	unknown::KRAS+RBM10	same_stage_one_event	RBM10	1	0.07011815328209413	0.002725799322233682	0.00019112801469260961
rule_a_one_step	metastatic::KEAP1+KRAS	metastatic::ATM+KEAP1+KRAS	same_stage_one_event	ATM	1	0.06506354472630582	0.0014365699130691027	9.346833079143682e-05
rule_a_one_step	metastatic::ATM+KRAS	metastatic::ATM+KEAP1+KRAS	same_stage_one_event	KEAP1	1	0.028607482659218017	0.002246942684543981	6.427937388434872e-05
rule_a_one_step	metastatic::ATM+KEAP1	metastatic::ATM+KEAP1+KRAS	same_stage_one_event	KRAS	1	0.5674006338243586	0.00014734050390452334	8.360109530342692e-05
rule_a_one_step	metastatic::KRAS+RBM10+TP53	metastatic::ATM+KRAS+RBM10+TP53	same_stage_one_event	ATM	1	0.12620831637023983	0.001362899661116841	0.0001720092716111269
rule_a_one_step	metastatic::ATM+RBM10+TP53	metastatic::ATM+KRAS+RBM10+TP53	same_stage_one_event	KRAS	1	0.09559331941564861	3.6835125976130835e-05	3.52119196315193e-06
rule_a_one_step	metastatic::ATM+KRAS+TP53	metastatic::ATM+KRAS+RBM10+TP53	same_stage_one_event	RBM10	1	0.1034863752820419	0.0010313835273316634	0.00010673414276916064
rule_a_one_step	metastatic::ATM+KRAS+RBM10	metastatic::ATM+KRAS+RBM10+TP53	same_stage_one_event	TP53	1	0.11848921752427304	0.0008472078974510093	0.00010038500084935465
rule_a_one_step	metastatic::NF1+TP53	metastatic::BRAF+NF1+TP53	same_stage_one_event	BRAF	1	0.07183951060411946	0.0029099749521143362	0.00020905117643013987
rule_a_one_step	metastatic::BRAF+TP53	metastatic::BRAF+NF1+TP53	same_stage_one_event	NF1	1	0.13170451327700608	0.002983645204066598	0.00039295953939286475
rule_a_one_step	metastatic::BRAF+NF1	metastatic::BRAF+NF1+TP53	same_stage_one_event	TP53	1	0.3347571840925852	3.6835125976130835e-05	1.2330823047465197e-05
rule_a_one_step	metastatic::SETD2+TP53	metastatic::BRAF+SETD2+TP53	same_stage_one_event	BRAF	1	0.07321256695704235	0.001583910416973626	0.00011596214745663846
rule_a_one_step	metastatic::BRAF+TP53	metastatic::BRAF+SETD2+TP53	same_stage_one_event	SETD2	1	0.1635940497461346	0.002983645204066598	0.0004881066019388869
rule_a_one_step	metastatic::BRAF+SETD2	metastatic::BRAF+SETD2+TP53	same_stage_one_event	TP53	1	0.3085711180023725	0.0006261971415942243	0.00019322635207161975
rule_a_one_step	metastatic::KEAP1	metastatic::EGFR+KEAP1	same_stage_one_event	EGFR	1	0.08706206851360941	0.0008103727714748784	7.05527297517094e-05
rule_a_one_step	metastatic::EGFR	metastatic::EGFR+KEAP1	same_stage_one_event	KEAP1	1	0.007919502811748483	0.024237512892294092	0.00019194905150031317
rule_a_one_step	metastatic::KRAS	metastatic::EGFR+KRAS	same_stage_one_event	EGFR	1	0.011151579773388072	0.017386179460733755	0.00019388336721081368
rule_a_one_step	metastatic::EGFR	metastatic::EGFR+KRAS	same_stage_one_event	KRAS	1	0.04265590364293984	0.024237512892294092	0.001033873014478209
rule_a_one_step	metastatic::KRAS+RBM10+STK11	metastatic::KEAP1+KRAS+RBM10+STK11	same_stage_one_event	KEAP1	1	0.608797034828519	0.00014734050390452334	8.970046188721363e-05
rule_a_one_step	metastatic::KEAP1+RBM10+STK11	metastatic::KEAP1+KRAS+RBM10+STK11	same_stage_one_event	KRAS	1	0.5849967414554985	3.6835125976130835e-05	2.1548428667139326e-05
rule_a_one_step	metastatic::KEAP1+KRAS+STK11	metastatic::KEAP1+KRAS+RBM10+STK11	same_stage_one_event	RBM10	1	0.14550154229736295	0.0032783262118756444	0.00047700151998177775
rule_a_one_step	metastatic::KEAP1+KRAS+RBM10	metastatic::KEAP1+KRAS+RBM10+STK11	same_stage_one_event	STK11	1	0.04307985393361078	0.0001841756298806542	7.934259233389343e-06
rule_a_one_step	metastatic::SMARCA4+STK11	metastatic::KEAP1+SMARCA4+STK11	same_stage_one_event	KEAP1	1	0.39947658952833315	0.00022101075585678504	8.828862299874757e-05
rule_a_one_step	metastatic::KEAP1+STK11	metastatic::KEAP1+SMARCA4+STK11	same_stage_one_event	SMARCA4	1	0.1763188213912271	0.0010313835273316634	0.00018185232794144535
rule_a_one_step	metastatic::KEAP1+SMARCA4	metastatic::KEAP1+SMARCA4+STK11	same_stage_one_event	STK11	1	0.026084577277118003	0.00011050537792839252	2.882486070110285e-06
rule_a_one_step	metastatic::SMARCA4+TP53	metastatic::KEAP1+SMARCA4+TP53	same_stage_one_event	KEAP1	1	0.0762440765458609	0.0019154265507588036	0.00014603992855402855
rule_a_one_step	metastatic::KEAP1+TP53	metastatic::KEAP1+SMARCA4+TP53	same_stage_one_event	SMARCA4	1	0.16083534101045335	0.002541623692353028	0.0004087829132798468
rule_a_one_step	metastatic::KEAP1+SMARCA4	metastatic::KEAP1+SMARCA4+TP53	same_stage_one_event	TP53	1	0.29321906725170904	0.00011050537792839252	3.240228384246085e-05
rule_a_one_step	metastatic::STK11+TP53	metastatic::NF1+STK11+TP53	same_stage_one_event	NF1	1	0.06439746582567538	0.0023206129364962426	0.00014944159227263696
rule_a_one_step	metastatic::NF1+TP53	metastatic::NF1+STK11+TP53	same_stage_one_event	STK11	1	0.17482287141201597	0.0029099749521143362	0.0005087301768656719
rule_a_one_step	metastatic::NF1+STK11	metastatic::NF1+STK11+TP53	same_stage_one_event	TP53	1	0.015435627651066718	0.00011050537792839252	1.7057198671430734e-06
rule_a_one_step	primary::ATM+KRAS	primary::ARID1A+ATM+KRAS	same_stage_one_event	ARID1A	1	0.05785431493563157	0.005377928392515103	0.00031113636292184356
rule_a_one_step	primary::ARID1A+KRAS	primary::ARID1A+ATM+KRAS	same_stage_one_event	ATM	1	0.06324932424913812	0.0016944157949020187	0.00010717065402461889
rule_a_one_step	primary::ARID1A+ATM	primary::ARID1A+ATM+KRAS	same_stage_one_event	KRAS	1	0.4796842887580796	0.00011050537792839252	5.300769361552376e-05
rule_a_one_step	primary::STK11	primary::ATM+STK11	same_stage_one_event	ATM	1	0.032252541185558654	0.004088698983350523	0.00013187093235586455
rule_a_one_step	primary::ATM	primary::ATM+STK11	same_stage_one_event	STK11	1	0.07324280499128775	0.0016575806689258876	0.0001214058576914671
rule_a_one_step	primary::NF1+TP53	primary::MET+NF1+TP53	same_stage_one_event	MET	1	0.044669806112704935	0.0032783262118756444	0.00014644219625868348
rule_a_one_step	primary::MET+TP53	primary::MET+NF1+TP53	same_stage_one_event	NF1	1	0.1167221113731456	0.003204655959923383	0.00037405420986679193
rule_a_one_step	primary::MET+NF1	primary::MET+NF1+TP53	same_stage_one_event	TP53	1	0.37675492177819964	0.0005156917636658317	0.00019428941008158224
rule_a_one_step	primary::STK11	primary::SMARCA4+STK11	same_stage_one_event	SMARCA4	1	0.045864928349131695	0.004088698983350523	0.00018752788591253937
rule_a_one_step	primary::SMARCA4	primary::SMARCA4+STK11	same_stage_one_event	STK11	1	0.05463694146596278	0.0005893620156180934	3.220093794958761e-05
rule_a_one_step	unknown::WT	unknown::BRAF	same_stage_one_event	BRAF	1	0.026082965865315298	0.11787240312361869	0.0030744618671360306
rule_a_one_step	metastatic::EGFR+PIK3CA+TP53	metastatic::ARID1A+EGFR+PIK3CA+TP53	same_stage_one_event	ARID1A	1	0.09401568884879218	0.0026152939443052897	0.00024587866171593654
rule_a_one_step	metastatic::ARID1A+EGFR+TP53	metastatic::ARID1A+EGFR+PIK3CA+TP53	same_stage_one_event	PIK3CA	1	0.19956017040833327	0.001362899661116841	0.0002719804886219365
rule_a_one_step	metastatic::KRAS	metastatic::ARID1A+KRAS	same_stage_one_event	ARID1A	1	0.02758177783648699	0.017386179460733755	0.0004795417393112516
rule_a_one_step	metastatic::ARID1A	metastatic::ARID1A+KRAS	same_stage_one_event	KRAS	1	0.2620156834310963	0.0010313835273316634	0.00027023865979338064
rule_a_one_step	metastatic::KRAS+TP53	metastatic::BRAF+KRAS+TP53	same_stage_one_event	BRAF	1	0.03966545093093346	0.016907322823044055	0.0006706365838109054
rule_a_one_step	metastatic::BRAF+TP53	metastatic::BRAF+KRAS+TP53	same_stage_one_event	KRAS	1	0.010057813069092815	0.002983645204066598	3.0008945726997126e-05
rule_a_one_step	metastatic::BRAF+KRAS	metastatic::BRAF+KRAS+TP53	same_stage_one_event	TP53	1	0.47788329413302705	0.0004051863857374392	0.0001936318047540628
rule_a_one_step	metastatic::STK11+TP53	metastatic::CDKN2A+STK11+TP53	same_stage_one_event	CDKN2A	1	0.042631429038184496	0.0023206129364962426	9.893104572733252e-05
rule_a_one_step	metastatic::CDKN2A+TP53	metastatic::CDKN2A+STK11+TP53	same_stage_one_event	STK11	1	0.18085685945587213	0.00221010755856785	0.0003997131121022664
rule_a_one_step	metastatic::CDKN2A+STK11	metastatic::CDKN2A+STK11+TP53	same_stage_one_event	TP53	1	0.012834092804152038	7.367025195226167e-05	9.454908504605891e-07
rule_a_one_step	metastatic::SMARCA4	metastatic::EGFR+SMARCA4	same_stage_one_event	EGFR	1	0.24321464679563526	0.0004788566376897009	0.00011646494800144609
rule_a_one_step	metastatic::EGFR	metastatic::EGFR+SMARCA4	same_stage_one_event	SMARCA4	1	0.011552871683181441	0.024237512892294092	0.00028001287636412954
rule_a_one_step	metastatic::KRAS+SMARCA4	metastatic::KEAP1+KRAS+SMARCA4	same_stage_one_event	KEAP1	1	0.0287372906232785	0.0004051863857374392	1.1643958923532617e-05
rule_a_one_step	metastatic::KEAP1+SMARCA4	metastatic::KEAP1+KRAS+SMARCA4	same_stage_one_event	KRAS	1	0.32664101048246064	0.00011050537792839252	3.6095588310276335e-05
rule_a_one_step	metastatic::KEAP1+KRAS	metastatic::KEAP1+KRAS+SMARCA4	same_stage_one_event	SMARCA4	1	0.058752690978534965	0.0014365699130691027	8.440234817160983e-05
rule_a_one_step	metastatic::RBM10+TP53	metastatic::MET+RBM10+TP53	same_stage_one_event	MET	1	0.05014989174111842	0.0006261971415942243	3.140371885954815e-05
rule_a_one_step	metastatic::MET+TP53	metastatic::MET+RBM10+TP53	same_stage_one_event	RBM10	1	0.042132387013117965	0.0023574480624723735	9.932491413141114e-05
rule_a_one_step	metastatic::MET+RBM10	metastatic::MET+RBM10+TP53	same_stage_one_event	TP53	1	0.09900497128612328	0.0001841756298806542	1.8234302947937836e-05
rule_a_one_step	primary::MET+TP53	primary::ARID1A+MET+TP53	same_stage_one_event	ARID1A	1	0.05916009001714708	0.003204655959923383	0.00018958773506305422
rule_a_one_step	primary::ARID1A+TP53	primary::ARID1A+MET+TP53	same_stage_one_event	MET	1	0.04600422907805962	0.001105053779283925	5.0837147205753224e-05
rule_a_one_step	primary::ARID1A+MET	primary::ARID1A+MET+TP53	same_stage_one_event	TP53	1	0.30413436288053924	0.00025784588183291586	7.841979299262467e-05
rule_a_one_step	primary::BRAF	primary::ATM+BRAF	same_stage_one_event	ATM	1	0.05145564618237602	0.0055989391483718875	0.00028809703181527753
rule_a_one_step	primary::ATM	primary::ATM+BRAF	same_stage_one_event	BRAF	1	0.031571231320229834	0.0016575806689258876	5.2331862730600505e-05
rule_a_one_step	primary::KRAS+RBM10+TP53	primary::ATM+KRAS+RBM10+TP53	same_stage_one_event	ATM	1	0.12620831637023983	0.0018049211728304111	0.00022779606240392485
rule_a_one_step	primary::ATM+RBM10+TP53	primary::ATM+KRAS+RBM10+TP53	same_stage_one_event	KRAS	1	0.09559331941564861	0.00014734050390452334	1.408476785260772e-05
rule_a_one_step	primary::ATM+KRAS+TP53	primary::ATM+KRAS+RBM10+TP53	same_stage_one_event	RBM10	1	0.1034863752820419	0.001105053779283925	0.00011435801010981497
rule_a_one_step	primary::ATM+KRAS+RBM10	primary::ATM+KRAS+RBM10+TP53	same_stage_one_event	TP53	1	0.11848921752427304	0.0014365699130691027	0.0001702180449184709
rule_a_one_step	primary::NF1	primary::ATM+NF1	same_stage_one_event	ATM	1	0.06183367768375071	0.0017680860468542803	0.00010932726273832452
rule_a_one_step	primary::ATM	primary::ATM+NF1	same_stage_one_event	NF1	1	0.025555159581478654	0.0016575806689258876	4.2359738513575196e-05
rule_a_one_step	primary::EGFR	primary::BRAF+EGFR	same_stage_one_event	BRAF	1	0.01708156367471377	0.04759098276116104	0.0008129284023769776
rule_a_one_step	primary::BRAF	primary::BRAF+EGFR	same_stage_one_event	EGFR	1	0.05603425153917101	0.0055989391483718875	0.00031373236459238227
rule_a_one_step	primary::NF1	primary::BRAF+NF1	same_stage_one_event	BRAF	1	0.0368752272897948	0.0017680860468542803	6.519857484566637e-05
rule_a_one_step	primary::BRAF	primary::BRAF+NF1	same_stage_one_event	NF1	1	0.04084966400472698	0.0055989391483718875	0.0002287147829939038
rule_a_one_step	primary::NF1+TP53	primary::BRAF+NF1+TP53	same_stage_one_event	BRAF	1	0.07183951060411946	0.0032783262118756444	0.00023551335066180314
rule_a_one_step	primary::BRAF+TP53	primary::BRAF+NF1+TP53	same_stage_one_event	NF1	1	0.13170451327700608	0.003204655959923383	0.0004220676534219658
rule_a_one_step	primary::BRAF+NF1	primary::BRAF+NF1+TP53	same_stage_one_event	TP53	1	0.3347571840925852	0.00033151613378517756	0.00011097740742718679
rule_a_one_step	primary::SMARCA4+TP53	primary::KEAP1+SMARCA4+TP53	same_stage_one_event	KEAP1	1	0.0762440765458609	0.0010682186533077943	8.144534477051592e-05
rule_a_one_step	primary::KEAP1+TP53	primary::KEAP1+SMARCA4+TP53	same_stage_one_event	SMARCA4	1	0.16083534101045335	0.001841756298806542	0.0002962195023767006
rule_a_one_step	primary::KEAP1+SMARCA4	primary::KEAP1+SMARCA4+TP53	same_stage_one_event	TP53	1	0.29321906725170904	0.00025784588183291586	7.560532896574198e-05
rule_a_one_step	metastatic::SETD2+TP53	metastatic::ARID1A+SETD2+TP53	same_stage_one_event	ARID1A	1	0.1296173900303032	0.001583910416973626	0.00020530233428993065
rule_a_one_step	metastatic::ARID1A+TP53	metastatic::ARID1A+SETD2+TP53	same_stage_one_event	SETD2	1	0.04731083763669548	0.0013997347870929719	6.622262524659012e-05
rule_a_one_step	metastatic::ARID1A+SETD2	metastatic::ARID1A+SETD2+TP53	same_stage_one_event	TP53	1	0.19802016378925796	7.367025195226167e-05	1.4588195357982758e-05
rule_a_one_step	metastatic::RBM10+TP53	metastatic::BRAF+RBM10+TP53	same_stage_one_event	BRAF	1	0.07223502628328943	0.0006261971415942243	4.52333669815795e-05
rule_a_one_step	metastatic::BRAF+TP53	metastatic::BRAF+RBM10+TP53	same_stage_one_event	RBM10	1	0.055613611390289364	0.002983645204066598	0.00016593128490546038
rule_a_one_step	metastatic::BRAF+RBM10	metastatic::BRAF+RBM10+TP53	same_stage_one_event	TP53	1	0.126956916058006	3.6835125976130835e-05	4.676473996537719e-06
rule_a_one_step	metastatic::EGFR+SETD2+TP53	metastatic::EGFR+PIK3CA+SETD2+TP53	same_stage_one_event	PIK3CA	1	0.1792792183833917	0.0007367025195226168	0.0001320754518810901
rule_a_one_step	metastatic::EGFR+PIK3CA+TP53	metastatic::EGFR+PIK3CA+SETD2+TP53	same_stage_one_event	SETD2	1	0.058356450451277714	0.0026152939443052897	0.0001526192714763783
rule_a_one_step	metastatic::EGFR+PIK3CA+SETD2	metastatic::EGFR+PIK3CA+SETD2+TP53	same_stage_one_event	TP53	1	0.4751122310670247	3.6835125976130835e-05	1.7500818884154437e-05
rule_a_one_step	metastatic::RBM10+TP53	metastatic::NF1+RBM10+TP53	same_stage_one_event	NF1	1	0.1362207411434186	0.0006261971415942243	8.530103872985547e-05
rule_a_one_step	metastatic::NF1+TP53	metastatic::NF1+RBM10+TP53	same_stage_one_event	RBM10	1	0.08558445105229416	0.0029099749521143362	0.00024904860885263143
rule_a_one_step	metastatic::NF1+RBM10	metastatic::NF1+RBM10+TP53	same_stage_one_event	TP53	1	0.09580079122126005	0.00011050537792839252	1.058650263974437e-05
rule_a_one_step	metastatic::SETD2+TP53	metastatic::NF1+SETD2+TP53	same_stage_one_event	NF1	1	0.12375351374714814	0.001583910416973626	0.00019601447956119677
rule_a_one_step	metastatic::NF1+TP53	metastatic::NF1+SETD2+TP53	same_stage_one_event	SETD2	1	0.055664743818604354	0.0029099749521143362	0.000161983010228
rule_a_one_step	metastatic::SMARCA4+TP53	metastatic::NF1+SMARCA4+TP53	same_stage_one_event	NF1	1	0.1242994653910589	0.0019154265507588036	0.00023808649625515924
rule_a_one_step	metastatic::NF1+TP53	metastatic::NF1+SMARCA4+TP53	same_stage_one_event	SMARCA4	1	0.06962293887623267	0.0029099749521143362	0.0002026010082224245
rule_a_one_step	primary::KRAS+SETD2	primary::ARID1A+KRAS+SETD2	same_stage_one_event	ARID1A	1	0.0695582483991542	0.0019522616767349344	0.00013579590265047785
rule_a_one_step	primary::ARID1A+SETD2	primary::ARID1A+KRAS+SETD2	same_stage_one_event	KRAS	1	0.2391212688485339	0.00014734050390452334	3.523224824643199e-05
rule_a_one_step	primary::ARID1A+KRAS	primary::ARID1A+KRAS+SETD2	same_stage_one_event	SETD2	1	0.03342154666104216	0.0016944157949020187	5.662999655252466e-05
rule_a_one_step	primary::KEAP1+KRAS	primary::ATM+KEAP1+KRAS	same_stage_one_event	ATM	1	0.06506354472630582	0.0019154265507588036	0.00012462444105524912
rule_a_one_step	primary::ATM+KRAS	primary::ATM+KEAP1+KRAS	same_stage_one_event	KEAP1	1	0.028607482659218017	0.005377928392515103	0.000153848993231392
rule_a_one_step	primary::ATM+KEAP1	primary::ATM+KEAP1+KRAS	same_stage_one_event	KRAS	1	0.5674006338243586	0.00011050537792839252	6.27008214775702e-05
rule_a_one_step	primary::CDKN2A	primary::BRAF+CDKN2A	same_stage_one_event	BRAF	1	0.02639237466626458	0.0008840430234271402	2.33319946953864e-05
rule_a_one_step	primary::BRAF	primary::BRAF+CDKN2A	same_stage_one_event	CDKN2A	1	0.02415351978408653	0.0055989391483718875	0.00013523408749009698
rule_a_one_step	primary::CDKN2A+TP53	primary::BRAF+CDKN2A+TP53	same_stage_one_event	BRAF	1	0.07422639494511854	0.002062767054663327	0.00015311176207921903
rule_a_one_step	primary::BRAF+TP53	primary::BRAF+CDKN2A+TP53	same_stage_one_event	CDKN2A	1	0.10074799361884504	0.003204655959923383	0.0003228626582009547
rule_a_one_step	primary::BRAF+CDKN2A	primary::BRAF+CDKN2A+TP53	same_stage_one_event	TP53	1	0.34382015666854415	0.0002946810078090467	0.00010131727027215091
rule_a_one_step	primary::KRAS+RBM10	primary::BRAF+KRAS+RBM10	same_stage_one_event	BRAF	1	0.04432183848507186	0.0057094445263002796	0.0002530530781341586
rule_a_one_step	primary::BRAF+RBM10	primary::BRAF+KRAS+RBM10	same_stage_one_event	KRAS	1	0.12424799845470869	0.0002946810078090467	3.661352540289043e-05
rule_a_one_step	primary::BRAF+KRAS	primary::BRAF+KRAS+RBM10	same_stage_one_event	RBM10	1	0.07278767670551178	0.001141888905260056	8.311544046967973e-05
rule_a_one_step	primary::KRAS+STK11	primary::BRAF+KRAS+STK11	same_stage_one_event	BRAF	1	0.03388445673304493	0.008729924856343009	0.00029580876107748814
rule_a_one_step	primary::BRAF+STK11	primary::BRAF+KRAS+STK11	same_stage_one_event	KRAS	1	0.12686957141548327	0.0010313835273316634	0.00013085118607755752
rule_a_one_step	primary::BRAF+KRAS	primary::BRAF+KRAS+STK11	same_stage_one_event	STK11	1	0.11673479201607039	0.001141888905260056	0.00013329816386099092
rule_a_one_step	primary::RBM10	primary::BRAF+RBM10	same_stage_one_event	BRAF	1	0.026993722637955676	0.0012892294091645794	3.480110108768413e-05
rule_a_one_step	primary::BRAF	primary::BRAF+RBM10	same_stage_one_event	RBM10	1	0.0500937654690029	0.0055989391483718875	0.00028047194457376016
rule_a_one_step	primary::RBM10+STK11	primary::BRAF+RBM10+STK11	same_stage_one_event	BRAF	1	0.030955209060634162	0.0001841756298806542	5.701195126829631e-06
rule_a_one_step	primary::BRAF+STK11	primary::BRAF+RBM10+STK11	same_stage_one_event	RBM10	1	0.0560743951679699	0.0010313835273316634	5.7834207481330384e-05
rule_a_one_step	primary::BRAF+RBM10	primary::BRAF+RBM10+STK11	same_stage_one_event	STK11	1	0.07116999494583601	0.0002946810078090467	2.0972445836403713e-05
rule_a_one_step	primary::MET+TP53	primary::CDKN2A+MET+TP53	same_stage_one_event	CDKN2A	1	0.1293984440072405	0.003204655959923383	0.00041467749479261537
rule_a_one_step	primary::CDKN2A+TP53	primary::CDKN2A+MET+TP53	same_stage_one_event	MET	1	0.046037259152232064	0.002062767054663327	9.496414146622202e-05
rule_a_one_step	primary::CDKN2A+MET	primary::CDKN2A+MET+TP53	same_stage_one_event	TP53	1	0.3021216305414863	0.0001841756298806542	5.5643441605548525e-05
rule_a_one_step	primary::PIK3CA+RBM10	primary::EGFR+PIK3CA+RBM10	same_stage_one_event	EGFR	1	0.4386334685856459	0.00011050537792839252	4.847135721809849e-05
rule_a_one_step	primary::EGFR+RBM10	primary::EGFR+PIK3CA+RBM10	same_stage_one_event	PIK3CA	1	0.06912235655503277	0.007809046706939738	0.000539779710831993
rule_a_one_step	primary::EGFR+PIK3CA	primary::EGFR+PIK3CA+RBM10	same_stage_one_event	RBM10	1	0.08627714954077746	0.003204655959923383	0.00027648858148105344
rule_a_one_step	primary::NF1+STK11+TP53	primary::KEAP1+NF1+STK11+TP53	same_stage_one_event	KEAP1	1	0.606589087952523	0.0005893620156180934	0.00035750056752763986
rule_a_one_step	primary::KEAP1+STK11+TP53	primary::KEAP1+NF1+STK11+TP53	same_stage_one_event	NF1	1	0.11769683047179526	0.0017312509208781495	0.000203762746138735
rule_a_one_step	primary::KEAP1+NF1+TP53	primary::KEAP1+NF1+STK11+TP53	same_stage_one_event	STK11	1	0.06918211250426967	0.0005893620156180934	4.0773309270234074e-05
rule_a_one_step	primary::KEAP1+NF1+STK11	primary::KEAP1+NF1+STK11+TP53	same_stage_one_event	TP53	1	0.024938451129730418	0.0004420215117135701	1.1023331868158428e-05
rule_a_one_step	primary::RBM10+TP53	primary::MET+RBM10+TP53	same_stage_one_event	MET	1	0.05014989174111842	0.0008103727714748784	4.064010675941525e-05
rule_a_one_step	primary::MET+TP53	primary::MET+RBM10+TP53	same_stage_one_event	RBM10	1	0.042132387013117965	0.003204655959923383	0.00013501980514738702
rule_a_one_step	primary::MET+RBM10	primary::MET+RBM10+TP53	same_stage_one_event	TP53	1	0.09900497128612328	0.0008840430234271402	8.752465415010161e-05
rule_a_one_step	primary::SMARCA4+TP53	primary::NF1+SMARCA4+TP53	same_stage_one_event	NF1	1	0.1242994653910589	0.0010682186533077943	0.00013277900752691572
rule_a_one_step	primary::NF1+TP53	primary::NF1+SMARCA4+TP53	same_stage_one_event	SMARCA4	1	0.06962293887623267	0.0032783262118756444	0.00022824670546576936
rule_a_one_step	primary::NF1+SMARCA4	primary::NF1+SMARCA4+TP53	same_stage_one_event	TP53	1	0.2926237716418185	3.6835125976130835e-05	1.0778833492036927e-05
rule_a_one_step	unknown::STK11	unknown::KRAS+STK11	same_stage_one_event	KRAS	1	0.3929676865591062	0.0002946810078090467	0.00011580011391162698
rule_a_one_step	unknown::KRAS	unknown::KRAS+STK11	same_stage_one_event	STK11	1	0.10964129723657923	0.002725799322233682	0.00029886017369628936
rule_a_one_step	unknown::WT	unknown::STK11	same_stage_one_event	STK11	1	0.04855147001263862	0.11787240312361869	0.005722878445574024
rule_a_one_step	metastatic::ATM+KRAS	metastatic::ARID1A+ATM+KRAS	same_stage_one_event	ARID1A	1	0.05785431493563157	0.002246942684543981	0.00012999532971392092
rule_a_one_step	metastatic::ARID1A+KRAS	metastatic::ARID1A+ATM+KRAS	same_stage_one_event	ATM	1	0.06324932424913812	0.00033151613378517756	2.096817143959935e-05
rule_a_one_step	metastatic::KEAP1+KRAS+STK11	metastatic::ARID1A+KEAP1+KRAS+STK11	same_stage_one_event	ARID1A	1	0.05922182954223684	0.0032783262118756444	0.00019414847610354645
rule_a_one_step	metastatic::ARID1A+KRAS+STK11	metastatic::ARID1A+KEAP1+KRAS+STK11	same_stage_one_event	KEAP1	1	0.5345602843186458	0.00022101075585678504	0.00011814357248828182
rule_a_one_step	metastatic::ARID1A+KEAP1+KRAS	metastatic::ARID1A+KEAP1+KRAS+STK11	same_stage_one_event	STK11	1	0.04382597143274926	0.00011050537792839252	4.843005536254891e-06
rule_a_one_step	metastatic::RBM10	metastatic::ARID1A+RBM10	same_stage_one_event	ARID1A	1	0.017332696964645056	0.0004051863857374392	7.022972838186813e-06
rule_a_one_step	metastatic::ARID1A	metastatic::ARID1A+RBM10	same_stage_one_event	RBM10	1	0.027618096045885138	0.0010313835273316634	2.848484931798968e-05
rule_a_one_step	metastatic::BRAF	metastatic::ATM+BRAF	same_stage_one_event	ATM	1	0.05145564618237602	0.002578458818329159	0.00013267626465177256
rule_a_one_step	metastatic::ATM	metastatic::ATM+BRAF	same_stage_one_event	BRAF	1	0.031571231320229834	0.0018049211728304111	5.698358386220944e-05
rule_a_one_step	metastatic::NF1+TP53	metastatic::ATM+NF1+TP53	same_stage_one_event	ATM	1	0.10685471578485156	0.0029099749521143362	0.00031094454644921445
rule_a_one_step	metastatic::ATM+TP53	metastatic::ATM+NF1+TP53	same_stage_one_event	NF1	1	0.12920606533677068	0.0013997347870929719	0.0001808542243552853
rule_a_one_step	metastatic::ATM+NF1	metastatic::ATM+NF1+TP53	same_stage_one_event	TP53	1	0.09753158854710081	3.6835125976130835e-05	3.5925883507846176e-06
rule_a_one_step	metastatic::CDKN2A+TP53	metastatic::BRAF+CDKN2A+TP53	same_stage_one_event	BRAF	1	0.07422639494511854	0.00221010755856785	0.00016404831651344894
rule_a_one_step	metastatic::BRAF+TP53	metastatic::BRAF+CDKN2A+TP53	same_stage_one_event	CDKN2A	1	0.10074799361884504	0.002983645204066598	0.0003005962679801992
rule_a_one_step	metastatic::BRAF+CDKN2A	metastatic::BRAF+CDKN2A+TP53	same_stage_one_event	TP53	1	0.34382015666854415	0.00014734050390452334	5.0658635136075456e-05
rule_a_one_step	metastatic::EGFR	metastatic::BRAF+EGFR	same_stage_one_event	BRAF	1	0.01708156367471377	0.024237512892294092	0.00041401461978641743
rule_a_one_step	metastatic::BRAF	metastatic::BRAF+EGFR	same_stage_one_event	EGFR	1	0.05603425153917101	0.002578458818329159	0.00014448201000964972
rule_a_one_step	metastatic::KEAP1+TP53	metastatic::BRAF+KEAP1+TP53	same_stage_one_event	BRAF	1	0.057546063752313234	0.002541623692353028	0.0001462604390345371
rule_a_one_step	metastatic::BRAF+TP53	metastatic::BRAF+KEAP1+TP53	same_stage_one_event	KEAP1	1	0.060985413730462734	0.002983645204066598	0.00018195883719491238
rule_a_one_step	metastatic::NF1+TP53	metastatic::CDKN2A+NF1+TP53	same_stage_one_event	CDKN2A	1	0.09193729520611904	0.0029099749521143362	0.0002675352262149479
rule_a_one_step	metastatic::CDKN2A+TP53	metastatic::CDKN2A+NF1+TP53	same_stage_one_event	NF1	1	0.11458350884631753	0.00221010755856785	0.0002532418789884725
rule_a_one_step	metastatic::CDKN2A+NF1	metastatic::CDKN2A+NF1+TP53	same_stage_one_event	TP53	1	0.27918681652318605	3.6835125976130835e-05	1.0283881557506484e-05
rule_a_one_step	metastatic::KRAS+NF1+STK11	metastatic::KEAP1+KRAS+NF1+STK11	same_stage_one_event	KEAP1	1	0.47913563281789356	0.0001841756298806542	8.824510697250139e-05
rule_a_one_step	metastatic::KEAP1+NF1+STK11	metastatic::KEAP1+KRAS+NF1+STK11	same_stage_one_event	KRAS	1	0.3089285368965881	0.00025784588183291586	7.965595101945325e-05
rule_a_one_step	metastatic::KEAP1+KRAS+STK11	metastatic::KEAP1+KRAS+NF1+STK11	same_stage_one_event	NF1	1	0.05164795955605334	0.0032783262118756444	0.00016931885960250285
rule_a_one_step	metastatic::KEAP1+KRAS+NF1	metastatic::KEAP1+KRAS+NF1+STK11	same_stage_one_event	STK11	1	0.03730681730397189	7.367025195226167e-05	2.7484026303206043e-06
rule_a_one_step	metastatic::KRAS+SETD2+STK11	metastatic::KEAP1+KRAS+SETD2+STK11	same_stage_one_event	KEAP1	1	0.5021412382325671	0.00014734050390452334	7.398574307242773e-05
rule_a_one_step	metastatic::KEAP1+SETD2+STK11	metastatic::KEAP1+KRAS+SETD2+STK11	same_stage_one_event	KRAS	1	0.43376493979282416	3.6835125976130835e-05	1.5977786201297485e-05
rule_a_one_step	metastatic::KEAP1+KRAS+STK11	metastatic::KEAP1+KRAS+SETD2+STK11	same_stage_one_event	SETD2	1	0.03921589078645274	0.0032783262118756444	0.0001285624826872806
rule_a_one_step	metastatic::NF1+STK11	metastatic::KEAP1+NF1+STK11	same_stage_one_event	KEAP1	1	0.47222621408522075	0.00011050537792839252	5.218353625518131e-05
rule_a_one_step	metastatic::KEAP1+STK11	metastatic::KEAP1+NF1+STK11	same_stage_one_event	NF1	1	0.031903434339226294	0.0010313835273316634	3.2904676642785336e-05
rule_a_one_step	metastatic::KEAP1+NF1	metastatic::KEAP1+NF1+STK11	same_stage_one_event	STK11	1	0.028327290367132656	3.6835125976130835e-05	1.0434393092357689e-06
rule_a_one_step	metastatic::SETD2+TP53	metastatic::KEAP1+SETD2+TP53	same_stage_one_event	KEAP1	1	0.07607172517696133	0.001583910416973626	0.00012049079794494389
rule_a_one_step	metastatic::KEAP1+TP53	metastatic::KEAP1+SETD2+TP53	same_stage_one_event	SETD2	1	0.05327772280630784	0.002541623692353028	0.00013541192255912926
rule_a_one_step	metastatic::SETD2	metastatic::KRAS+SETD2	same_stage_one_event	KRAS	1	0.22497937049978473	0.0016575806689258876	0.00037292145544755826
rule_a_one_step	metastatic::KRAS	metastatic::KRAS+SETD2	same_stage_one_event	SETD2	1	0.03162839567331638	0.017386179460733755	0.0005498969632313736
rule_a_one_step	primary::ATM+TP53	primary::ARID1A+ATM+TP53	same_stage_one_event	ARID1A	1	0.07414379875850027	0.0008840430234271402	6.554630802283803e-05
rule_a_one_step	primary::ARID1A+TP53	primary::ARID1A+ATM+TP53	same_stage_one_event	ATM	1	0.06665792161062069	0.001105053779283925	7.366058819502801e-05
rule_a_one_step	primary::ARID1A+ATM	primary::ARID1A+ATM+TP53	same_stage_one_event	TP53	1	0.06408809111296053	0.00011050537792839252	7.082078729146957e-06
rule_a_one_step	primary::MET	primary::ARID1A+MET	same_stage_one_event	ARID1A	1	0.017907490468237433	0.008214233092677176	0.00014709630081099703
rule_a_one_step	primary::ARID1A	primary::ARID1A+MET	same_stage_one_event	MET	1	0.0407060947396822	0.001105053779283925	4.498242383197532e-05
rule_a_one_step	primary::EGFR+PIK3CA	primary::ATM+EGFR+PIK3CA	same_stage_one_event	ATM	1	0.05365402500064377	0.003204655959923383	0.00017194269099219124
rule_a_one_step	primary::ATM+PIK3CA	primary::ATM+EGFR+PIK3CA	same_stage_one_event	EGFR	1	0.17421177311385594	0.00011050537792839252	1.9251337827522022e-05
rule_a_one_step	primary::ATM+EGFR	primary::ATM+EGFR+PIK3CA	same_stage_one_event	PIK3CA	1	0.05760605298845545	0.0019522616767349344	0.0001124620895973235
rule_a_one_step	primary::KRAS+NF1	primary::ATM+KRAS+NF1	same_stage_one_event	ATM	1	0.09047458287423883	0.0013260645351407102	0.00011997513568117718
rule_a_one_step	primary::ATM+NF1	primary::ATM+KRAS+NF1	same_stage_one_event	KRAS	1	0.29999285748188737	0.00033151613378517756	9.945247227556308e-05
rule_a_one_step	primary::ATM+KRAS	primary::ATM+KRAS+NF1	same_stage_one_event	NF1	1	0.04459670444482298	0.005377928392515103	0.00023983788304641796
rule_a_one_step	primary::KRAS+NF1+RBM10	primary::ATM+KRAS+NF1+RBM10	same_stage_one_event	ATM	1	0.19692771327418626	0.0004420215117135701	8.70462855197523e-05
rule_a_one_step	primary::ATM+NF1+RBM10	primary::ATM+KRAS+NF1+RBM10	same_stage_one_event	KRAS	1	0.35566785390059064	0.00011050537792839252	3.930321061226506e-05
rule_a_one_step	primary::ATM+KRAS+RBM10	primary::ATM+KRAS+NF1+RBM10	same_stage_one_event	NF1	1	0.08494392614993025	0.0014365699130691027	0.00012202788860495358
rule_a_one_step	primary::ATM+KRAS+NF1	primary::ATM+KRAS+NF1+RBM10	same_stage_one_event	RBM10	1	0.20094262899824375	0.00025784588183291586	5.181222937187661e-05
rule_a_one_step	primary::KRAS+SETD2	primary::ATM+KRAS+SETD2	same_stage_one_event	ATM	1	0.09413680576726086	0.0019522616767349344	0.00018377967826966351
rule_a_one_step	primary::ATM+SETD2	primary::ATM+KRAS+SETD2	same_stage_one_event	KRAS	1	0.41291442709446086	3.6835125976130835e-05	1.5209754939386358e-05
rule_a_one_step	primary::ATM+KRAS	primary::ATM+KRAS+SETD2	same_stage_one_event	SETD2	1	0.0581310229774567	0.005377928392515103	0.00031262447895641224
rule_a_one_step	primary::KEAP1+TP53	primary::BRAF+KEAP1+TP53	same_stage_one_event	BRAF	1	0.057546063752313234	0.001841756298806542	0.00010598582538734572
rule_a_one_step	primary::BRAF+TP53	primary::BRAF+KEAP1+TP53	same_stage_one_event	KEAP1	1	0.060985413730462734	0.003204655959923383	0.0001954372695797207
rule_a_one_step	primary::BRAF+KEAP1	primary::BRAF+KEAP1+TP53	same_stage_one_event	TP53	1	0.3734341438228996	0.0001841756298806542	6.877746865752534e-05
rule_a_one_step	primary::PIK3CA	primary::BRAF+PIK3CA	same_stage_one_event	BRAF	1	0.04029746698974842	0.0023942831884485043	9.64835477506132e-05
rule_a_one_step	primary::BRAF	primary::BRAF+PIK3CA	same_stage_one_event	PIK3CA	1	0.02948021288042765	0.0055989391483718875	0.00016505791799856353
rule_a_one_step	primary::KEAP1+SMARCA4+TP53	primary::CDKN2A+KEAP1+SMARCA4+TP53	same_stage_one_event	CDKN2A	1	0.15117367373288385	0.00033151613378517756	5.01165118460275e-05
rule_a_one_step	primary::CDKN2A+SMARCA4+TP53	primary::CDKN2A+KEAP1+SMARCA4+TP53	same_stage_one_event	KEAP1	1	0.0861860943907192	0.0005156917636658317	4.444545901981983e-05
rule_a_one_step	primary::CDKN2A+KEAP1+TP53	primary::CDKN2A+KEAP1+SMARCA4+TP53	same_stage_one_event	SMARCA4	1	0.26940030154940764	0.0004051863857374392	0.00010915733450138072
rule_a_one_step	primary::KRAS+RBM10	primary::EGFR+KRAS+RBM10	same_stage_one_event	EGFR	1	0.03248335247494177	0.0057094445263002796	0.00018546189898393896
rule_a_one_step	primary::EGFR+RBM10	primary::EGFR+KRAS+RBM10	same_stage_one_event	KRAS	1	0.10286127348381113	0.007809046706939738	0.0008032484889703831
rule_a_one_step	primary::EGFR+KRAS	primary::EGFR+KRAS+RBM10	same_stage_one_event	RBM10	1	0.05463686077979565	0.0006630322675703551	3.622600169575371e-05
rule_a_one_step	primary::PIK3CA+SETD2	primary::EGFR+PIK3CA+SETD2	same_stage_one_event	EGFR	1	0.23388864302994705	7.367025195226167e-05	1.723063526078879e-05
rule_a_one_step	primary::EGFR+SETD2	primary::EGFR+PIK3CA+SETD2	same_stage_one_event	PIK3CA	1	0.04699531855037699	0.0015470752909974952	7.270529612184446e-05
rule_a_one_step	primary::EGFR+PIK3CA	primary::EGFR+PIK3CA+SETD2	same_stage_one_event	SETD2	1	0.026141075814577416	0.003204655959923383	8.377315440799451e-05
rule_a_one_step	primary::STK11+TP53	primary::EGFR+STK11+TP53	same_stage_one_event	EGFR	1	0.00361070801017331	0.0039781936054221305	1.4364095517117926e-05
rule_a_one_step	primary::EGFR+TP53	primary::EGFR+STK11+TP53	same_stage_one_event	STK11	1	0.08082065979072825	0.03996611168410196	0.003230087515579054
rule_a_one_step	primary::EGFR+STK11	primary::EGFR+STK11+TP53	same_stage_one_event	TP53	1	0.10628404215536058	0.0004051863857374392	4.3064846902496184e-05
rule_a_one_step	primary::KRAS+NF1+STK11	primary::KEAP1+KRAS+NF1+STK11	same_stage_one_event	KEAP1	1	0.47913563281789356	0.0001841756298806542	8.824510697250139e-05
rule_a_one_step	primary::KEAP1+NF1+STK11	primary::KEAP1+KRAS+NF1+STK11	same_stage_one_event	KRAS	1	0.3089285368965881	0.0004420215117135701	0.00013655305889049128
rule_a_one_step	primary::KEAP1+KRAS+STK11	primary::KEAP1+KRAS+NF1+STK11	same_stage_one_event	NF1	1	0.05164795955605334	0.004935906880801533	0.00025492951895208295
rule_a_one_step	primary::KEAP1+KRAS+NF1	primary::KEAP1+KRAS+NF1+STK11	same_stage_one_event	STK11	1	0.03730681730397189	0.00014734050390452334	5.496805260641209e-06
rule_a_one_step	primary::KRAS+RBM10	primary::KEAP1+KRAS+RBM10	same_stage_one_event	KEAP1	1	0.06025361267304042	0.0057094445263002796	0.00034401465906590777
rule_a_one_step	primary::KEAP1+RBM10	primary::KEAP1+KRAS+RBM10	same_stage_one_event	KRAS	1	0.41103520029546076	0.0001841756298806542	7.570266691753734e-05
rule_a_one_step	primary::KEAP1+KRAS	primary::KEAP1+KRAS+RBM10	same_stage_one_event	RBM10	1	0.06485249786429251	0.0019154265507588036	0.00012422019629229448
rule_a_one_step	primary::PIK3CA+TP53	primary::KEAP1+PIK3CA+TP53	same_stage_one_event	KEAP1	1	0.0734926617751269	0.001583910416973626	0.0001164057925567429
rule_a_one_step	primary::KEAP1+TP53	primary::KEAP1+PIK3CA+TP53	same_stage_one_event	PIK3CA	1	0.05135297261755963	0.001841756298806542	9.457966078083032e-05
rule_a_one_step	primary::SETD2+TP53	primary::KEAP1+SETD2+TP53	same_stage_one_event	KEAP1	1	0.07607172517696133	0.000920878149403271	7.005278950287436e-05
rule_a_one_step	primary::KEAP1+TP53	primary::KEAP1+SETD2+TP53	same_stage_one_event	SETD2	1	0.05327772280630784	0.001841756298806542	9.812458156458642e-05
rule_a_one_step	primary::KEAP1+SETD2	primary::KEAP1+SETD2+TP53	same_stage_one_event	TP53	1	0.23695724483046646	3.6835125976130835e-05	8.72834996428711e-06
rule_a_one_step	primary::SMARCA4	primary::KEAP1+SMARCA4	same_stage_one_event	KEAP1	1	0.025882486587667026	0.0005893620156180934	1.5254154464515705e-05
rule_a_one_step	primary::KEAP1	primary::KEAP1+SMARCA4	same_stage_one_event	SMARCA4	1	0.049076002693067736	0.0010313835273316634	5.0616180764914415e-05
rule_a_one_step	primary::PIK3CA+RBM10	primary::KRAS+PIK3CA+RBM10	same_stage_one_event	KRAS	1	0.2758583934455868	0.00011050537792839252	3.048383602242377e-05
rule_a_one_step	primary::KRAS+RBM10	primary::KRAS+PIK3CA+RBM10	same_stage_one_event	PIK3CA	1	0.05291462682522088	0.0057094445263002796	0.00030211312648847926
rule_a_one_step	primary::KRAS+PIK3CA	primary::KRAS+PIK3CA+RBM10	same_stage_one_event	RBM10	1	0.10372732637194251	0.002504788566376897	0.0002598150211172864
rule_a_one_step	primary::SETD2	primary::MET+SETD2	same_stage_one_event	MET	1	0.05137514227048068	0.002541623692353028	0.00013057627879266122
rule_a_one_step	primary::MET	primary::MET+SETD2	same_stage_one_event	SETD2	1	0.020466847783636354	0.008214233092677176	0.00016811945836713225
rule_a_one_step	primary::STK11+TP53	primary::MET+STK11+TP53	same_stage_one_event	MET	1	0.006316841826207763	0.0039781936054221305	2.5129619759482774e-05
rule_a_one_step	primary::MET+TP53	primary::MET+STK11+TP53	same_stage_one_event	STK11	1	0.1726621790028084	0.003204655959923383	0.0005533228809947078
rule_a_one_step	primary::MET+STK11	primary::MET+STK11+TP53	same_stage_one_event	TP53	1	0.022619026450111043	0.0001841756298806542	4.165873443736379e-06
rule_a_one_step	primary::SETD2+TP53	primary::NF1+SETD2+TP53	same_stage_one_event	NF1	1	0.12375351374714814	0.000920878149403271	0.00011396190672162603
rule_a_one_step	primary::NF1+TP53	primary::NF1+SETD2+TP53	same_stage_one_event	SETD2	1	0.055664743818604354	0.0032783262118756444	0.0001824871887378734
rule_a_one_step	primary::NF1+SETD2	primary::NF1+SETD2+TP53	same_stage_one_event	TP53	1	0.23432333549897594	0.0001841756298806542	4.315664791125975e-05
rule_a_one_step	primary::STK11	primary::SETD2+STK11	same_stage_one_event	SETD2	1	0.011052556119356804	0.004088698983350523	4.519057496863877e-05
rule_a_one_step	primary::SETD2	primary::SETD2+STK11	same_stage_one_event	STK11	1	0.05355655083590755	0.002541623692353028	0.00013612059848525202
rule_a_one_step	unknown::TP53	unknown::CDKN2A+TP53	same_stage_one_event	CDKN2A	1	0.08812138814386408	0.0035730072196846915	0.00031485835604666334
rule_a_one_step	unknown::CDKN2A	unknown::CDKN2A+TP53	same_stage_one_event	TP53	1	0.19699346124923608	7.367025195226167e-05	1.4512557923179318e-05
rule_a_one_step	unknown::PIK3CA	unknown::EGFR+PIK3CA	same_stage_one_event	EGFR	1	0.3094810281000829	0.00025784588183291586	7.979840860102328e-05
rule_a_one_step	unknown::EGFR	unknown::EGFR+PIK3CA	same_stage_one_event	PIK3CA	1	0.03642951396829626	0.004457050243111832	0.0001623681740888407
rule_a_one_step	unknown::RBM10+TP53	unknown::EGFR+RBM10+TP53	same_stage_one_event	EGFR	1	0.12979790499530214	7.367025195226167e-05	9.562244363879632e-06
rule_a_one_step	unknown::EGFR+TP53	unknown::EGFR+RBM10+TP53	same_stage_one_event	RBM10	1	0.12789046258176948	0.005930455282157065	0.0007584486693555653
rule_a_one_step	unknown::EGFR+RBM10	unknown::EGFR+RBM10+TP53	same_stage_one_event	TP53	1	0.46971033368788495	0.0008840430234271402	0.0004152441435284087
rule_a_one_step	unknown::SMARCA4+TP53	unknown::EGFR+SMARCA4+TP53	same_stage_one_event	EGFR	1	0.07020922429733135	0.00022101075585678504	1.551699373007176e-05
rule_a_one_step	unknown::EGFR+TP53	unknown::EGFR+SMARCA4+TP53	same_stage_one_event	SMARCA4	1	0.05835347142125406	0.005930455282157065	0.0003460626528223775
rule_a_one_step	unknown::EGFR+SMARCA4	unknown::EGFR+SMARCA4+TP53	same_stage_one_event	TP53	1	0.7324499043090815	3.6835125976130835e-05	2.6979884496429993e-05
rule_a_one_step	unknown::KRAS+STK11	unknown::KEAP1+KRAS+STK11	same_stage_one_event	KEAP1	1	0.5188137902741108	0.0002946810078090467	0.00015288457058320636
rule_a_one_step	unknown::KEAP1+STK11	unknown::KEAP1+KRAS+STK11	same_stage_one_event	KRAS	1	0.5705449791780566	0.00014734050390452334	8.406438473229064e-05
rule_a_one_step	unknown::KEAP1+KRAS	unknown::KEAP1+KRAS+STK11	same_stage_one_event	STK11	1	0.0419987347543047	7.367025195226167e-05	3.0940573710258356e-06
rule_a_one_step	unknown::WT	unknown::PIK3CA	same_stage_one_event	PIK3CA	1	0.015024063358105496	0.11787240312361869	0.0017709224527013992
rule_a_one_step	unknown::TP53	unknown::PIK3CA+TP53	same_stage_one_event	PIK3CA	1	0.05422017042474313	0.0035730072196846915	0.00019372906038014158
rule_a_one_step	unknown::PIK3CA	unknown::PIK3CA+TP53	same_stage_one_event	TP53	1	0.09294866079980509	0.00025784588183291586	2.3966429409114322e-05
rule_a_one_step	metastatic::ATM+KRAS+TP53	metastatic::ARID1A+ATM+KRAS+TP53	same_stage_one_event	ARID1A	1	0.09130175273041252	0.0010313835273316634	9.41671237826562e-05
rule_a_one_step	metastatic::ARID1A+KRAS+TP53	metastatic::ARID1A+ATM+KRAS+TP53	same_stage_one_event	ATM	1	0.09991536461989711	0.0012523942831884486	0.00012513343145264852
rule_a_one_step	metastatic::ARID1A+ATM+TP53	metastatic::ARID1A+ATM+KRAS+TP53	same_stage_one_event	KRAS	1	0.0884542472482044	7.367025195226167e-05	6.516446681022867e-06
rule_a_one_step	metastatic::ARID1A+ATM+KRAS	metastatic::ARID1A+ATM+KRAS+TP53	same_stage_one_event	TP53	1	0.26252618684420315	0.00025784588183291586	6.76912961510764e-05
rule_a_one_step	metastatic::KRAS+STK11	metastatic::ARID1A+KRAS+STK11	same_stage_one_event	ARID1A	1	0.02747801010177896	0.00349933696773243	9.615481654888027e-05
rule_a_one_step	metastatic::ARID1A+KRAS	metastatic::ARID1A+KRAS+STK11	same_stage_one_event	STK11	1	0.1131444278755645	0.00033151613378517756	3.7509203288643016e-05
rule_a_one_step	metastatic::MET+TP53	metastatic::ARID1A+MET+TP53	same_stage_one_event	ARID1A	1	0.05916009001714708	0.0023574480624723735	0.0001394668395866146
rule_a_one_step	metastatic::ARID1A+TP53	metastatic::ARID1A+MET+TP53	same_stage_one_event	MET	1	0.04600422907805962	0.0013997347870929719	6.439371979395409e-05
rule_a_one_step	metastatic::EGFR+NF1+TP53	metastatic::ATM+EGFR+NF1+TP53	same_stage_one_event	ATM	1	0.14228712530675866	0.001105053779283925	0.00015723492556367908
rule_a_one_step	metastatic::ATM+NF1+TP53	metastatic::ATM+EGFR+NF1+TP53	same_stage_one_event	EGFR	1	0.016190676089858903	0.00025784588183291586	4.174699153860775e-06
rule_a_one_step	metastatic::ATM+EGFR+TP53	metastatic::ATM+EGFR+NF1+TP53	same_stage_one_event	NF1	1	0.10753903611856779	0.0017312509208781495	0.00018617705531061906
rule_a_one_step	metastatic::KEAP1+KRAS+SMARCA4+STK11	metastatic::ATM+KEAP1+KRAS+SMARCA4+STK11	same_stage_one_event	ATM	1	0.23043156489033137	0.0013997347870929719	0.0003225430774212683
rule_a_one_step	metastatic::ATM+KRAS+SMARCA4+STK11	metastatic::ATM+KEAP1+KRAS+SMARCA4+STK11	same_stage_one_event	KEAP1	1	0.514992510797391	0.00014734050390452334	7.587925604794326e-05
rule_a_one_step	metastatic::ATM+KEAP1+SMARCA4+STK11	metastatic::ATM+KEAP1+KRAS+SMARCA4+STK11	same_stage_one_event	KRAS	1	0.7983312231557689	3.6835125976130835e-05	2.9406631175621364e-05
rule_a_one_step	metastatic::ATM+KEAP1+KRAS+STK11	metastatic::ATM+KEAP1+KRAS+SMARCA4+STK11	same_stage_one_event	SMARCA4	1	0.4600331069564594	0.0005893620156180934	0.00027112603916691283
rule_a_one_step	metastatic::ATM+KEAP1+KRAS+SMARCA4	metastatic::ATM+KEAP1+KRAS+SMARCA4+STK11	same_stage_one_event	STK11	1	0.11725292352136737	7.367025195226167e-05	8.638052417958403e-06
rule_a_one_step	metastatic::KRAS+PIK3CA	metastatic::ATM+KRAS+PIK3CA	same_stage_one_event	ATM	1	0.0880521755492322	0.0009945484013555326	8.75721504283656e-05
rule_a_one_step	metastatic::ATM+KRAS	metastatic::ATM+KRAS+PIK3CA	same_stage_one_event	PIK3CA	1	0.04384182882765388	0.002246942684543981	9.85100765613263e-05
rule_a_one_step	metastatic::KRAS+SETD2+TP53	metastatic::ATM+KRAS+SETD2+TP53	same_stage_one_event	ATM	1	0.12345981738436405	0.0005893620156180934	7.276252682149052e-05
rule_a_one_step	metastatic::ATM+SETD2+TP53	metastatic::ATM+KRAS+SETD2+TP53	same_stage_one_event	KRAS	1	0.05855407698312613	0.0001841756298806542	1.0784234010447571e-05
rule_a_one_step	metastatic::ATM+KRAS+TP53	metastatic::ATM+KRAS+SETD2+TP53	same_stage_one_event	SETD2	1	0.057374073099663206	0.0010313835273316634	5.917467389091534e-05
rule_a_one_step	metastatic::ATM+KRAS+SETD2	metastatic::ATM+KRAS+SETD2+TP53	same_stage_one_event	TP53	1	0.20262928295067822	0.00011050537792839252	2.239162549182388e-05
rule_a_one_step	metastatic::MET+TP53	metastatic::ATM+MET+TP53	same_stage_one_event	ATM	1	0.061484903377091685	0.0023574480624723735	0.00014494746633762588
rule_a_one_step	metastatic::ATM+TP53	metastatic::ATM+MET+TP53	same_stage_one_event	MET	1	0.04749328062007039	0.0013997347870929719	6.6477997037081e-05
rule_a_one_step	metastatic::ATM+MET	metastatic::ATM+MET+TP53	same_stage_one_event	TP53	1	0.10001306857235	0.0001841756298806542	1.841996990060962e-05
rule_a_one_step	metastatic::RBM10	metastatic::ATM+RBM10	same_stage_one_event	ATM	1	0.03054448017872385	0.0004051863857374392	1.2376207527845968e-05
rule_a_one_step	metastatic::ATM	metastatic::ATM+RBM10	same_stage_one_event	RBM10	1	0.032474783738051204	0.0018049211728304111	5.861442475189734e-05
rule_a_one_step	metastatic::EGFR	metastatic::CDKN2A+EGFR	same_stage_one_event	CDKN2A	1	0.010377909430479958	0.024237512892294092	0.0002515347136163184
rule_a_one_step	metastatic::CDKN2A	metastatic::CDKN2A+EGFR	same_stage_one_event	EGFR	1	0.273304202563207	0.0009577132753794018	0.0002617470630117645
rule_a_one_step	metastatic::KEAP1+KRAS+SMARCA4+STK11	metastatic::CDKN2A+KEAP1+KRAS+SMARCA4+STK11	same_stage_one_event	CDKN2A	1	0.08980989397935236	0.0013997347870929719	0.00012571003282803116
rule_a_one_step	metastatic::CDKN2A+KEAP1+SMARCA4+STK11	metastatic::CDKN2A+KEAP1+KRAS+SMARCA4+STK11	same_stage_one_event	KRAS	1	0.6802444134040969	3.6835125976130835e-05	2.5056888662299132e-05
rule_a_one_step	metastatic::CDKN2A+KEAP1+KRAS+STK11	metastatic::CDKN2A+KEAP1+KRAS+SMARCA4+STK11	same_stage_one_event	SMARCA4	1	0.5018108035381388	0.00011050537792839252	5.5452792493532356e-05
rule_a_one_step	metastatic::CDKN2A+KEAP1+KRAS+SMARCA4	metastatic::CDKN2A+KEAP1+KRAS+SMARCA4+STK11	same_stage_one_event	STK11	1	0.047329875768181706	7.367025195226167e-05	3.4868038727111908e-06
rule_a_one_step	metastatic::MET	metastatic::EGFR+MET	same_stage_one_event	EGFR	1	0.1661301124253807	0.0030573154560188595	0.0005079121604282671
rule_a_one_step	metastatic::EGFR	metastatic::EGFR+MET	same_stage_one_event	MET	1	0.014744474901279076	0.024237512892294092	0.00035736940050985826
rule_a_one_step	metastatic::NF1+RBM10+TP53	metastatic::EGFR+NF1+RBM10+TP53	same_stage_one_event	EGFR	1	0.04736654461973779	0.0002946810078090467	1.395802110497651e-05
rule_a_one_step	metastatic::EGFR+RBM10+TP53	metastatic::EGFR+NF1+RBM10+TP53	same_stage_one_event	NF1	1	0.11993927212474902	0.002283777810520112	0.0002739146482884352
rule_a_one_step	metastatic::EGFR+NF1+TP53	metastatic::EGFR+NF1+RBM10+TP53	same_stage_one_event	RBM10	1	0.18838299686494903	0.001105053779283925	0.00020817334263844374
rule_a_one_step	metastatic::EGFR+RBM10	metastatic::EGFR+PIK3CA+RBM10	same_stage_one_event	PIK3CA	1	0.06912235655503277	0.0017312509208781495	0.00011966814343916826
rule_a_one_step	metastatic::EGFR+PIK3CA	metastatic::EGFR+PIK3CA+RBM10	same_stage_one_event	RBM10	1	0.08627714954077746	0.0016207455429497568	0.00013983330557662473
rule_a_one_step	metastatic::STK11	metastatic::EGFR+STK11	same_stage_one_event	EGFR	1	0.0224684138887344	0.0013260645351407102	2.9794566818713662e-05
rule_a_one_step	metastatic::EGFR	metastatic::EGFR+STK11	same_stage_one_event	STK11	1	0.016736947727812212	0.024237512892294092	0.0004056619863305008
rule_a_one_step	metastatic::NF1+STK11+TP53	metastatic::KEAP1+NF1+STK11+TP53	same_stage_one_event	KEAP1	1	0.606589087952523	0.0003683512597613084	0.00022343785470477491
rule_a_one_step	metastatic::KEAP1+STK11+TP53	metastatic::KEAP1+NF1+STK11+TP53	same_stage_one_event	NF1	1	0.11769683047179526	0.0012523942831884486	0.00014740283763227638
rule_a_one_step	metastatic::KEAP1+NF1+TP53	metastatic::KEAP1+NF1+STK11+TP53	same_stage_one_event	STK11	1	0.06918211250426967	0.0005525268896419625	3.822497744084445e-05
rule_a_one_step	metastatic::KEAP1+NF1+STK11	metastatic::KEAP1+NF1+STK11+TP53	same_stage_one_event	TP53	1	0.024938451129730418	0.00025784588183291586	6.430276923092417e-06
rule_a_one_step	metastatic::PIK3CA+TP53	metastatic::KEAP1+PIK3CA+TP53	same_stage_one_event	KEAP1	1	0.0734926617751269	0.001141888905260056	8.39204550990472e-05
rule_a_one_step	metastatic::KEAP1+TP53	metastatic::KEAP1+PIK3CA+TP53	same_stage_one_event	PIK3CA	1	0.05135297261755963	0.002541623692353028	0.00013051993187754586
rule_a_one_step	metastatic::MET	metastatic::KRAS+MET	same_stage_one_event	KRAS	1	0.22905450507685518	0.0030573154560188595	0.0007002918786422197
rule_a_one_step	metastatic::KRAS	metastatic::KRAS+MET	same_stage_one_event	MET	1	0.006346271142509798	0.017386179460733755	0.00011033740899015119
rule_a_one_step	metastatic::STK11	metastatic::SMARCA4+STK11	same_stage_one_event	SMARCA4	1	0.045864928349131695	0.0013260645351407102	6.08198548905533e-05
rule_a_one_step	metastatic::SMARCA4	metastatic::SMARCA4+STK11	same_stage_one_event	STK11	1	0.05463694146596278	0.0004788566376897009	2.6163262084039932e-05
rule_a_one_step	primary::CDKN2A+KRAS+TP53	primary::ARID1A+CDKN2A+KRAS+TP53	same_stage_one_event	ARID1A	1	0.08003947725040456	0.002541623692353028	0.00020343023170317942
rule_a_one_step	primary::ARID1A+KRAS+TP53	primary::ARID1A+CDKN2A+KRAS+TP53	same_stage_one_event	CDKN2A	1	0.1369372224434943	0.0012523942831884486	0.00017149939454393716
rule_a_one_step	primary::ARID1A+CDKN2A+TP53	primary::ARID1A+CDKN2A+KRAS+TP53	same_stage_one_event	KRAS	1	0.05626620686612612	0.00014734050390452334	8.290291272451174e-06
rule_a_one_step	primary::ARID1A+CDKN2A+KRAS	primary::ARID1A+CDKN2A+KRAS+TP53	same_stage_one_event	TP53	1	0.5478104434835923	3.6835125976130835e-05	2.0178666696758224e-05
rule_a_one_step	primary::KEAP1+KRAS+STK11	primary::ARID1A+KEAP1+KRAS+STK11	same_stage_one_event	ARID1A	1	0.05922182954223684	0.004935906880801533	0.0002923134359311823
rule_a_one_step	primary::ARID1A+KRAS+STK11	primary::ARID1A+KEAP1+KRAS+STK11	same_stage_one_event	KEAP1	1	0.5345602843186458	0.00014734050390452334	7.876238165885453e-05
rule_a_one_step	primary::ARID1A+KEAP1+STK11	primary::ARID1A+KEAP1+KRAS+STK11	same_stage_one_event	KRAS	1	0.576718635673399	0.00011050537792839252	6.373051079343587e-05
rule_a_one_step	primary::ARID1A+KEAP1+KRAS	primary::ARID1A+KEAP1+KRAS+STK11	same_stage_one_event	STK11	1	0.04382597143274926	0.00011050537792839252	4.843005536254891e-06
rule_a_one_step	primary::KRAS+PIK3CA	primary::ARID1A+KRAS+PIK3CA	same_stage_one_event	ARID1A	1	0.04164939096155682	0.002504788566376897	0.00010432291827706881
rule_a_one_step	primary::ARID1A+KRAS	primary::ARID1A+KRAS+PIK3CA	same_stage_one_event	PIK3CA	1	0.0356889986866356	0.0016944157949020187	6.047200307887276e-05
rule_a_one_step	primary::STK11	primary::ARID1A+STK11	same_stage_one_event	ARID1A	1	0.012338664803881466	0.004088698983350523	5.0449086239533036e-05
rule_a_one_step	primary::ARID1A	primary::ARID1A+STK11	same_stage_one_event	STK11	1	0.05124728815642432	0.001105053779283925	5.663100945530903e-05
rule_a_one_step	primary::BRAF+STK11	primary::ATM+BRAF+STK11	same_stage_one_event	ATM	1	0.05836635450101523	0.0010313835273316634	6.0198096582747403e-05
rule_a_one_step	primary::ATM+STK11	primary::ATM+BRAF+STK11	same_stage_one_event	BRAF	1	0.03212867253458954	0.0003683512597613084	1.1834637002574607e-05
rule_a_one_step	primary::ATM+BRAF	primary::ATM+BRAF+STK11	same_stage_one_event	STK11	1	0.16798441374282086	0.00033151613378517756	5.568954338018962e-05
rule_a_one_step	primary::KRAS+PIK3CA	primary::ATM+KRAS+PIK3CA	same_stage_one_event	ATM	1	0.0880521755492322	0.002504788566376897	0.0002205520825603282
rule_a_one_step	primary::ATM+PIK3CA	primary::ATM+KRAS+PIK3CA	same_stage_one_event	KRAS	1	0.48241176434612026	0.00011050537792839252	5.330909433617065e-05
rule_a_one_step	primary::ATM+KRAS	primary::ATM+KRAS+PIK3CA	same_stage_one_event	PIK3CA	1	0.04384182882765388	0.005377928392515103	0.00023577821603202692
rule_a_one_step	primary::KRAS+SMARCA4	primary::ATM+KRAS+SMARCA4	same_stage_one_event	ATM	1	0.06162079553987984	0.0007735376454987476	4.7666005095678376e-05
rule_a_one_step	primary::ATM+SMARCA4	primary::ATM+KRAS+SMARCA4	same_stage_one_event	KRAS	1	0.44824684825359046	3.6835125976130835e-05	1.6511229123824607e-05
rule_a_one_step	primary::ATM+KRAS	primary::ATM+KRAS+SMARCA4	same_stage_one_event	SMARCA4	1	0.03732154445052002	0.005377928392515103	0.00020071259355296608
rule_a_one_step	primary::KRAS+SMARCA4+STK11	primary::ATM+KRAS+SMARCA4+STK11	same_stage_one_event	ATM	1	0.09603348332056263	0.0004788566376897009	4.59862709285146e-05
rule_a_one_step	primary::ATM+SMARCA4+STK11	primary::ATM+KRAS+SMARCA4+STK11	same_stage_one_event	KRAS	1	0.5930089489978292	3.6835125976130835e-05	2.1843559341307982e-05
rule_a_one_step	primary::ATM+KRAS+STK11	primary::ATM+KRAS+SMARCA4+STK11	same_stage_one_event	SMARCA4	1	0.12666827185754997	0.002504788566376897	0.0003172772390715117
rule_a_one_step	primary::ATM+KRAS+SMARCA4	primary::ATM+KRAS+SMARCA4+STK11	same_stage_one_event	STK11	1	0.25900433891481434	0.00022101075585678504	5.7242744713750037e-05
rule_a_one_step	primary::RBM10	primary::ATM+RBM10	same_stage_one_event	ATM	1	0.03054448017872385	0.0012892294091645794	3.9378842134055356e-05
rule_a_one_step	primary::ATM	primary::ATM+RBM10	same_stage_one_event	RBM10	1	0.032474783738051204	0.0016575806689258876	5.382957375174245e-05
rule_a_one_step	primary::STK11+TP53	primary::ATM+STK11+TP53	same_stage_one_event	ATM	1	0.03998142419171701	0.0039781936054221305	0.0001590538460551583
rule_a_one_step	primary::ATM+TP53	primary::ATM+STK11+TP53	same_stage_one_event	STK11	1	0.23126668811856926	0.0008840430234271402	0.00020444970218232145
rule_a_one_step	primary::ATM+STK11	primary::ATM+STK11+TP53	same_stage_one_event	TP53	1	0.003442591088904814	0.0003683512597613084	1.2680827644411427e-06
rule_a_one_step	primary::EGFR+KRAS+MET+PIK3CA+TP53	primary::BRAF+EGFR+KRAS+MET+PIK3CA+TP53	same_stage_one_event	BRAF	1	0.05883439034474867	3.6835125976130835e-05	2.167172180077673e-06
rule_a_one_step	primary::BRAF+EGFR+MET+PIK3CA+TP53	primary::BRAF+EGFR+KRAS+MET+PIK3CA+TP53	same_stage_one_event	KRAS	1	0.0019619288884640696	7.367025195226167e-05	1.4453579552556869e-07
rule_a_one_step	primary::BRAF+EGFR+KRAS+PIK3CA+TP53	primary::BRAF+EGFR+KRAS+MET+PIK3CA+TP53	same_stage_one_event	MET	1	0.0007525500543923424	3.6835125976130835e-05	2.7720276056886043e-08
rule_a_one_step	primary::BRAF+EGFR+KRAS+MET+PIK3CA	primary::BRAF+EGFR+KRAS+MET+PIK3CA+TP53	same_stage_one_event	TP53	1	0.70374431253363	3.6835125976130835e-05	2.592251040716185e-05
rule_a_one_step	primary::RBM10+TP53	primary::BRAF+RBM10+TP53	same_stage_one_event	BRAF	1	0.07223502628328943	0.0008103727714748784	5.853729844674994e-05
rule_a_one_step	primary::BRAF+TP53	primary::BRAF+RBM10+TP53	same_stage_one_event	RBM10	1	0.055613611390289364	0.003204655959923383	0.00017822249119475372
rule_a_one_step	primary::BRAF+RBM10	primary::BRAF+RBM10+TP53	same_stage_one_event	TP53	1	0.126956916058006	0.0002946810078090467	3.741179197230175e-05
rule_a_one_step	primary::KRAS+RBM10+TP53	primary::CDKN2A+KRAS+RBM10+TP53	same_stage_one_event	CDKN2A	1	0.14022642652419925	0.0018049211728304111	0.00025309764622387517
rule_a_one_step	primary::CDKN2A+RBM10+TP53	primary::CDKN2A+KRAS+RBM10+TP53	same_stage_one_event	KRAS	1	0.057297351859276605	0.00011050537792839252	6.331665521505445e-06
rule_a_one_step	primary::CDKN2A+KRAS+TP53	primary::CDKN2A+KRAS+RBM10+TP53	same_stage_one_event	RBM10	1	0.09943980708404823	0.002541623692353028	0.0002527385696478315
rule_a_one_step	primary::CDKN2A+KRAS+RBM10	primary::CDKN2A+KRAS+RBM10+TP53	same_stage_one_event	TP53	1	0.2927128234907186	3.6835125976130835e-05	1.0782113728109569e-05
rule_a_one_step	primary::KRAS+STK11+TP53	primary::CDKN2A+KRAS+STK11+TP53	same_stage_one_event	CDKN2A	1	0.07015999523449201	0.0024311183144246355	0.0001705672493545187
rule_a_one_step	primary::CDKN2A+STK11+TP53	primary::CDKN2A+KRAS+STK11+TP53	same_stage_one_event	KRAS	1	0.04103812101834552	0.0001841756298806542	7.5582217876723005e-06
rule_a_one_step	primary::CDKN2A+KRAS+TP53	primary::CDKN2A+KRAS+STK11+TP53	same_stage_one_event	STK11	1	0.28194900498235925	0.002541623692353028	0.0007166082710985262
rule_a_one_step	primary::CDKN2A+KRAS+STK11	primary::CDKN2A+KRAS+STK11+TP53	same_stage_one_event	TP53	1	0.04192157626062591	0.0004420215117135701	1.853023851213758e-05
rule_a_one_step	primary::PIK3CA+TP53	primary::CDKN2A+PIK3CA+TP53	same_stage_one_event	CDKN2A	1	0.09147140253438417	0.001583910416973626	0.00014488250732939883
rule_a_one_step	primary::CDKN2A+TP53	primary::CDKN2A+PIK3CA+TP53	same_stage_one_event	PIK3CA	1	0.05871184607305769	0.002062767054663327	0.00012110886179796782
rule_a_one_step	primary::CDKN2A+PIK3CA	primary::CDKN2A+PIK3CA+TP53	same_stage_one_event	TP53	1	0.09395737205859038	3.6835125976130835e-05	3.460931636164372e-06
rule_a_one_step	primary::EGFR+SMARCA4	primary::EGFR+PIK3CA+SMARCA4	same_stage_one_event	PIK3CA	1	0.03636223451215265	0.001105053779283925	4.018222467086265e-05
rule_a_one_step	primary::EGFR+PIK3CA	primary::EGFR+PIK3CA+SMARCA4	same_stage_one_event	SMARCA4	1	0.020271702516508595	0.003204655959923383	6.496383228732311e-05
rule_a_one_step	primary::KRAS+RBM10+SMARCA4+STK11	primary::KEAP1+KRAS+RBM10+SMARCA4+STK11	same_stage_one_event	KEAP1	1	0.6712444779807867	7.367025195226167e-05	4.9450749814408916e-05
rule_a_one_step	primary::KEAP1+RBM10+SMARCA4+STK11	primary::KEAP1+KRAS+RBM10+SMARCA4+STK11	same_stage_one_event	KRAS	1	0.6960347297659674	3.6835125976130835e-05	2.563852695469159e-05
rule_a_one_step	primary::KEAP1+KRAS+SMARCA4+STK11	primary::KEAP1+KRAS+RBM10+SMARCA4+STK11	same_stage_one_event	RBM10	1	0.2264719916229711	0.0018049211728304111	0.000408764092733372
rule_a_one_step	primary::KEAP1+KRAS+RBM10+STK11	primary::KEAP1+KRAS+RBM10+SMARCA4+STK11	same_stage_one_event	SMARCA4	1	0.46316599479868975	0.0006998673935464859	0.00032415477755912424
rule_a_one_step	primary::KEAP1+KRAS+RBM10+SMARCA4	primary::KEAP1+KRAS+RBM10+SMARCA4+STK11	same_stage_one_event	STK11	1	0.049579744736504436	3.6835125976130835e-05	1.8262761432335507e-06
rule_a_one_step	primary::NF1+SMARCA4+TP53	primary::KRAS+NF1+SMARCA4+TP53	same_stage_one_event	KRAS	1	0.01969598718901486	0.0002946810078090467	5.804033354652971e-06
rule_a_one_step	primary::KRAS+SMARCA4+TP53	primary::KRAS+NF1+SMARCA4+TP53	same_stage_one_event	NF1	1	0.09316497706026505	0.0006630322675703551	6.177138599840765e-05
rule_a_one_step	primary::KRAS+NF1+TP53	primary::KRAS+NF1+SMARCA4+TP53	same_stage_one_event	SMARCA4	1	0.05792653061291981	0.0014365699130691027	8.321551104699692e-05
rule_a_one_step	primary::KRAS+NF1+SMARCA4	primary::KRAS+NF1+SMARCA4+TP53	same_stage_one_event	TP53	1	0.48878185036233535	7.367025195226167e-05	3.6008682065885906e-05
rule_a_one_step	primary::SETD2+STK11	primary::KRAS+SETD2+STK11	same_stage_one_event	KRAS	1	0.29476304730720565	0.00025784588183291586	7.600343786468393e-05
rule_a_one_step	primary::KRAS+STK11	primary::KRAS+SETD2+STK11	same_stage_one_event	SETD2	1	0.02341391440521892	0.008729924856343009	0.00020440171335040825
rule_a_one_step	primary::KRAS+SETD2	primary::KRAS+SETD2+STK11	same_stage_one_event	STK11	1	0.10639521710246329	0.0019522616767349344	0.00020771130493703235
rule_a_one_step	primary::STK11+TP53	primary::PIK3CA+STK11+TP53	same_stage_one_event	PIK3CA	1	0.01288461847369359	0.0039781936054221305	5.125750682035169e-05
rule_a_one_step	primary::PIK3CA+TP53	primary::PIK3CA+STK11+TP53	same_stage_one_event	STK11	1	0.17384391408905717	0.001583910416973626	0.00027535318645312577
rule_a_one_step	primary::PIK3CA+STK11	primary::PIK3CA+STK11+TP53	same_stage_one_event	TP53	1	0.0054901743807695726	7.367025195226167e-05	4.044625298931466e-07
rule_a_one_step	unknown::EGFR+TP53	unknown::ARID1A+EGFR+TP53	same_stage_one_event	ARID1A	1	0.07787330298012933	0.005930455282157065	0.0004618241409975255
rule_a_one_step	unknown::ARID1A+TP53	unknown::ARID1A+EGFR+TP53	same_stage_one_event	EGFR	1	0.07505041737049149	0.00014734050390452334	1.1057966313613009e-05
rule_a_one_step	unknown::ARID1A+EGFR	unknown::ARID1A+EGFR+TP53	same_stage_one_event	TP53	1	0.7280698571317454	0.00011050537792839252	8.045563472061427e-05
rule_a_one_step	unknown::KRAS	unknown::EGFR+KRAS	same_stage_one_event	EGFR	1	0.011151579773388072	0.002725799322233682	3.0396968588136046e-05
rule_a_one_step	unknown::EGFR	unknown::EGFR+KRAS	same_stage_one_event	KRAS	1	0.04265590364293984	0.004457050243111832	0.0001901195057019199
rule_a_one_step	unknown::PIK3CA+TP53	unknown::EGFR+PIK3CA+TP53	same_stage_one_event	EGFR	1	0.08526610784717058	0.00025784588183291586	2.1985514768314204e-05
rule_a_one_step	unknown::EGFR+TP53	unknown::EGFR+PIK3CA+TP53	same_stage_one_event	PIK3CA	1	0.18390280654958613	0.005930455282157065	0.001090627370505502
rule_a_one_step	unknown::EGFR+PIK3CA	unknown::EGFR+PIK3CA+TP53	same_stage_one_event	TP53	1	0.5550621904767977	0.00025784588183291586	0.00014312049997559982
rule_a_one_step	unknown::TP53	unknown::SMARCA4+TP53	same_stage_one_event	SMARCA4	1	0.04986684596111837	0.0035730072196846915	0.00017817460064198035
rule_a_one_step	unknown::SMARCA4	unknown::SMARCA4+TP53	same_stage_one_event	TP53	1	0.21374207869017667	7.367025195226167e-05	1.5746432789905457e-05
rule_a_one_step	metastatic::BRAF+TP53	metastatic::ARID1A+BRAF+TP53	same_stage_one_event	ARID1A	1	0.06704147395271762	0.002983645204066598	0.00020002797223258166
rule_a_one_step	metastatic::ARID1A+TP53	metastatic::ARID1A+BRAF+TP53	same_stage_one_event	BRAF	1	0.07394175727392129	0.0013997347870929719	0.00010349884987509241
rule_a_one_step	metastatic::ARID1A+BRAF	metastatic::ARID1A+BRAF+TP53	same_stage_one_event	TP53	1	0.33896697730286496	7.367025195226167e-05	2.4971782621398625e-05
rule_a_one_step	metastatic::EGFR+RBM10+TP53	metastatic::ARID1A+EGFR+RBM10+TP53	same_stage_one_event	ARID1A	1	0.10388810603857099	0.002283777810520112	0.00023725735134784887
rule_a_one_step	metastatic::ARID1A+RBM10+TP53	metastatic::ARID1A+EGFR+RBM10+TP53	same_stage_one_event	EGFR	1	0.12100076252783014	3.6835125976130835e-05	4.457078330920515e-06
rule_a_one_step	metastatic::ARID1A+EGFR+TP53	metastatic::ARID1A+EGFR+RBM10+TP53	same_stage_one_event	RBM10	1	0.1390282265040951	0.001362899661116841	0.00018948152278810664
rule_a_one_step	metastatic::ARID1A+EGFR+RBM10	metastatic::ARID1A+EGFR+RBM10+TP53	same_stage_one_event	TP53	1	0.4797054117206302	7.367025195226167e-05	3.5340018544322243e-05
rule_a_one_step	metastatic::STK11+TP53	metastatic::ARID1A+STK11+TP53	same_stage_one_event	ARID1A	1	0.02545786570938946	0.0023206129364962426	5.9077852500793276e-05
rule_a_one_step	metastatic::ARID1A+TP53	metastatic::ARID1A+STK11+TP53	same_stage_one_event	STK11	1	0.17727836764326382	0.0013997347870929719	0.00024814269818933347
rule_a_one_step	metastatic::BRAF+TP53	metastatic::ATM+BRAF+TP53	same_stage_one_event	ATM	1	0.0698781799283607	0.002983645204066598	0.00020849169641215623
rule_a_one_step	metastatic::ATM+TP53	metastatic::ATM+BRAF+TP53	same_stage_one_event	BRAF	1	0.07579704017641412	0.0013997347870929719	0.00010609575389361044
rule_a_one_step	metastatic::ATM+BRAF	metastatic::ATM+BRAF+TP53	same_stage_one_event	TP53	1	0.12155571957474827	0.00025784588183291586	3.13426417055856e-05
rule_a_one_step	metastatic::EGFR+KRAS	metastatic::ATM+EGFR+KRAS	same_stage_one_event	ATM	1	0.028040189125789188	0.0003683512597613084	1.0328638988429787e-05
rule_a_one_step	metastatic::ATM+KRAS	metastatic::ATM+EGFR+KRAS	same_stage_one_event	EGFR	1	0.010279371574461238	0.002246942684543981	2.3097158760945023e-05
rule_a_one_step	metastatic::ATM+EGFR	metastatic::ATM+EGFR+KRAS	same_stage_one_event	KRAS	1	0.14416181091007865	0.0014734050390452335	0.00021240873863279602
rule_a_one_step	metastatic::KRAS+STK11+TP53	metastatic::ATM+KRAS+STK11+TP53	same_stage_one_event	ATM	1	0.06856586435698145	0.0016944157949020187	0.00011617908355757872
rule_a_one_step	metastatic::ATM+STK11+TP53	metastatic::ATM+KRAS+STK11+TP53	same_stage_one_event	KRAS	1	0.08764252173513154	0.0001841756298806542	1.6141616644896776e-05
rule_a_one_step	metastatic::ATM+KRAS+TP53	metastatic::ATM+KRAS+STK11+TP53	same_stage_one_event	STK11	1	0.34861545485453976	0.0010313835273316634	0.0003595562375102075
rule_a_one_step	metastatic::ATM+KRAS+STK11	metastatic::ATM+KRAS+STK11+TP53	same_stage_one_event	TP53	1	0.017233468544924226	0.001583910416973626	2.72962703488928e-05
rule_a_one_step	metastatic::MET	metastatic::ATM+MET	same_stage_one_event	ATM	1	0.030976610910671474	0.0030573154560188595	9.470527131227833e-05
rule_a_one_step	metastatic::ATM	metastatic::ATM+MET	same_stage_one_event	MET	1	0.04603949950884649	0.0018049211728304111	8.309766745003234e-05
rule_a_one_step	metastatic::SETD2+TP53	metastatic::ATM+SETD2+TP53	same_stage_one_event	ATM	1	0.08586299841418271	0.001583910416973626	0.00013599929762081394
rule_a_one_step	metastatic::ATM+TP53	metastatic::ATM+SETD2+TP53	same_stage_one_event	SETD2	1	0.04897982351581716	0.0013997347870929719	6.855876284076366e-05
rule_a_one_step	metastatic::ATM+SETD2	metastatic::ATM+SETD2+TP53	same_stage_one_event	TP53	1	0.05962491737809416	0.00014734050390452334	8.785165371753964e-06
rule_a_one_step	metastatic::STK11+TP53	metastatic::ATM+STK11+TP53	same_stage_one_event	ATM	1	0.03998142419171701	0.0023206129364962426	9.278141019884233e-05
rule_a_one_step	metastatic::ATM+TP53	metastatic::ATM+STK11+TP53	same_stage_one_event	STK11	1	0.23126668811856926	0.0013997347870929719	0.0003237120284553423
rule_a_one_step	metastatic::EGFR+RBM10+TP53	metastatic::CDKN2A+EGFR+RBM10+TP53	same_stage_one_event	CDKN2A	1	0.11162651783134375	0.002283777810520112	0.00025493016448885044
rule_a_one_step	metastatic::CDKN2A+RBM10+TP53	metastatic::CDKN2A+EGFR+RBM10+TP53	same_stage_one_event	EGFR	1	0.13899995497059262	7.367025195226167e-05	1.0240161704036585e-05
rule_a_one_step	metastatic::CDKN2A+EGFR+TP53	metastatic::CDKN2A+EGFR+RBM10+TP53	same_stage_one_event	RBM10	1	0.13940776846687794	0.0015102401650213643	0.0002105392112546779
rule_a_one_step	metastatic::CDKN2A+EGFR+RBM10	metastatic::CDKN2A+EGFR+RBM10+TP53	same_stage_one_event	TP53	1	0.47560807790611437	3.6835125976130835e-05	1.751908346493717e-05
rule_a_one_step	metastatic::KRAS+SMARCA4+TP53	metastatic::CDKN2A+KRAS+SMARCA4+TP53	same_stage_one_event	CDKN2A	1	0.13298361417686694	0.0007367025195226168	9.796936361932144e-05
rule_a_one_step	metastatic::CDKN2A+SMARCA4+TP53	metastatic::CDKN2A+KRAS+SMARCA4+TP53	same_stage_one_event	KRAS	1	0.051003452855108766	0.0004420215117135701	2.254462333362698e-05
rule_a_one_step	metastatic::CDKN2A+KRAS+TP53	metastatic::CDKN2A+KRAS+SMARCA4+TP53	same_stage_one_event	SMARCA4	1	0.08721947475725236	0.0014365699130691027	0.00012529687326995882
rule_a_one_step	metastatic::CDKN2A+KRAS+SMARCA4	metastatic::CDKN2A+KRAS+SMARCA4+TP53	same_stage_one_event	TP53	1	0.5525421061196116	7.367025195226167e-05	4.07059161720651e-05
rule_a_one_step	metastatic::KRAS+RBM10	metastatic::KEAP1+KRAS+RBM10	same_stage_one_event	KEAP1	1	0.06025361267304042	0.001583910416973626	9.543632477312281e-05
rule_a_one_step	metastatic::KEAP1+KRAS	metastatic::KEAP1+KRAS+RBM10	same_stage_one_event	RBM10	1	0.06485249786429251	0.0014365699130691027	9.316514721922086e-05
rule_a_one_step	metastatic::NF1+PIK3CA+TP53	metastatic::KRAS+NF1+PIK3CA+TP53	same_stage_one_event	KRAS	1	0.022241655639575704	0.0001841756298806542	4.09637093700746e-06
rule_a_one_step	metastatic::KRAS+PIK3CA+TP53	metastatic::KRAS+NF1+PIK3CA+TP53	same_stage_one_event	NF1	1	0.09357157177602678	0.0010682186533077943	9.995489839048093e-05
rule_a_one_step	metastatic::KRAS+NF1+TP53	metastatic::KRAS+NF1+PIK3CA+TP53	same_stage_one_event	PIK3CA	1	0.06513064623830181	0.000920878149403271	5.997738897736648e-05
rule_a_one_step	metastatic::NF1+RBM10	metastatic::KRAS+NF1+RBM10	same_stage_one_event	KRAS	1	0.18967048889385044	0.00011050537792839252	2.0959609057077918e-05
rule_a_one_step	metastatic::KRAS+RBM10	metastatic::KRAS+NF1+RBM10	same_stage_one_event	NF1	1	0.05275306323460951	0.001583910416973626	8.355612638456641e-05
rule_a_one_step	metastatic::KRAS+NF1	metastatic::KRAS+NF1+RBM10	same_stage_one_event	RBM10	1	0.10734292529682804	0.0004788566376897009	5.140187228741581e-05
rule_a_one_step	metastatic::NF1+RBM10+TP53	metastatic::KRAS+NF1+RBM10+TP53	same_stage_one_event	KRAS	1	0.024929455729443342	0.0002946810078090467	7.346237138483377e-06
rule_a_one_step	metastatic::KRAS+RBM10+TP53	metastatic::KRAS+NF1+RBM10+TP53	same_stage_one_event	NF1	1	0.12188997415310952	0.001362899661116841	0.00016612380446681349
rule_a_one_step	metastatic::KRAS+NF1+TP53	metastatic::KRAS+NF1+RBM10+TP53	same_stage_one_event	RBM10	1	0.1325218610468757	0.000920878149403271	0.00012203648615632431
rule_a_one_step	metastatic::KRAS+NF1+RBM10	metastatic::KRAS+NF1+RBM10+TP53	same_stage_one_event	TP53	1	0.2584246103625055	0.0001841756298806542	4.759551539017709e-05
rule_a_one_step	metastatic::NF1+STK11	metastatic::KRAS+NF1+STK11	same_stage_one_event	KRAS	1	0.19299743477938605	0.00011050537792839252	2.1327254469506343e-05
rule_a_one_step	metastatic::KRAS+STK11	metastatic::KRAS+NF1+STK11	same_stage_one_event	NF1	1	0.0307461688941484	0.00349933696773243	0.00010759120542743841
rule_a_one_step	metastatic::KRAS+NF1	metastatic::KRAS+NF1+STK11	same_stage_one_event	STK11	1	0.09956448462887357	0.0004788566376897009	4.767711434269031e-05
rule_a_one_step	metastatic::NF1+STK11+TP53	metastatic::KRAS+NF1+STK11+TP53	same_stage_one_event	KRAS	1	0.015822857267128124	0.0003683512597613084	5.8283694073700175e-06
rule_a_one_step	metastatic::KRAS+STK11+TP53	metastatic::KRAS+NF1+STK11+TP53	same_stage_one_event	NF1	1	0.056769228751392856	0.0016944157949020187	9.619067786076586e-05
rule_a_one_step	metastatic::KRAS+NF1+TP53	metastatic::KRAS+NF1+STK11+TP53	same_stage_one_event	STK11	1	0.22293441041532422	0.000920878149403271	0.00020529542730157306
rule_a_one_step	metastatic::KRAS+NF1+STK11	metastatic::KRAS+NF1+STK11+TP53	same_stage_one_event	TP53	1	0.03517148434721704	0.0001841756298806542	6.477730283486269e-06
rule_a_one_step	metastatic::KRAS+SETD2+SMARCA4+TP53	metastatic::KRAS+RBM10+SETD2+SMARCA4+TP53	same_stage_one_event	RBM10	1	0.09557584231347714	0.00011050537792839252	1.056164457567524e-05
rule_a_one_step	metastatic::RBM10	metastatic::MET+RBM10	same_stage_one_event	MET	1	0.04361582551228316	0.0004051863857374392	1.7672538700276806e-05
rule_a_one_step	metastatic::MET	metastatic::MET+RBM10	same_stage_one_event	RBM10	1	0.025965255423396817	0.0030573154560188595	7.93839767254286e-05
rule_a_one_step	metastatic::SETD2	metastatic::MET+SETD2	same_stage_one_event	MET	1	0.05137514227048068	0.0016575806689258876	8.515844269086601e-05
rule_a_one_step	metastatic::MET	metastatic::MET+SETD2	same_stage_one_event	SETD2	1	0.020466847783636354	0.0030573154560188595	6.257361006489676e-05
rule_a_one_step	metastatic::SMARCA4+TP53	metastatic::MET+SMARCA4+TP53	same_stage_one_event	MET	1	0.04564788777609657	0.0019154265507588036	8.74351762323936e-05
rule_a_one_step	metastatic::MET+TP53	metastatic::MET+SMARCA4+TP53	same_stage_one_event	SMARCA4	1	0.043293912268822766	0.0023574480624723735	0.00010206314959498515
rule_a_one_step	metastatic::MET+SMARCA4	metastatic::MET+SMARCA4+TP53	same_stage_one_event	TP53	1	0.31722246990348335	7.367025195226167e-05	2.3369859282708362e-05
rule_a_one_step	metastatic::STK11+TP53	metastatic::MET+STK11+TP53	same_stage_one_event	MET	1	0.006316841826207763	0.0023206129364962426	1.4658944859698285e-05
rule_a_one_step	metastatic::MET+TP53	metastatic::MET+STK11+TP53	same_stage_one_event	STK11	1	0.1726621790028084	0.0023574480624723735	0.00040704211935242875
rule_a_one_step	metastatic::MET+STK11	metastatic::MET+STK11+TP53	same_stage_one_event	TP53	1	0.022619026450111043	3.6835125976130835e-05	8.331746887472757e-07
rule_a_one_step	metastatic::PIK3CA+TP53	metastatic::NF1+PIK3CA+TP53	same_stage_one_event	NF1	1	0.11676598547959384	0.001141888905260056	0.000133333783330905
rule_a_one_step	metastatic::NF1+TP53	metastatic::NF1+PIK3CA+TP53	same_stage_one_event	PIK3CA	1	0.0511789514217051	0.0029099749521143362	0.00014892946671263825
rule_a_one_step	metastatic::STK11+TP53	metastatic::PIK3CA+STK11+TP53	same_stage_one_event	PIK3CA	1	0.01288461847369359	0.0023206129364962426	2.9900212311871817e-05
rule_a_one_step	metastatic::PIK3CA+TP53	metastatic::PIK3CA+STK11+TP53	same_stage_one_event	STK11	1	0.17384391408905717	0.001141888905260056	0.00019851043674527668
rule_a_one_step	metastatic::PIK3CA+STK11	metastatic::PIK3CA+STK11+TP53	same_stage_one_event	TP53	1	0.0054901743807695726	3.6835125976130835e-05	2.022312649465733e-07
rule_a_one_step	metastatic::STK11	metastatic::RBM10+STK11	same_stage_one_event	RBM10	1	0.030982087283142352	0.0013260645351407102	4.108424717080907e-05
rule_a_one_step	metastatic::RBM10	metastatic::RBM10+STK11	same_stage_one_event	STK11	1	0.026489656073155243	0.0004051863857374392	1.073324800370958e-05
rule_a_one_step	primary::ATM+KRAS+STK11	primary::ARID1A+ATM+KRAS+STK11	same_stage_one_event	ARID1A	1	0.04879196994186132	0.002504788566376897	0.00012221356844137947
rule_a_one_step	primary::ARID1A+KRAS+STK11	primary::ARID1A+ATM+KRAS+STK11	same_stage_one_event	ATM	1	0.0913569985175453	0.00014734050390452334	1.3460586196779916e-05
rule_a_one_step	primary::ARID1A+ATM+STK11	primary::ARID1A+ATM+KRAS+STK11	same_stage_one_event	KRAS	1	0.6023281758752765	7.367025195226167e-05	4.43736684746778e-05
rule_a_one_step	primary::ARID1A+ATM+KRAS	primary::ARID1A+ATM+KRAS+STK11	same_stage_one_event	STK11	1	0.2621515444007938	0.0003683512597613084	9.656385162840497e-05
rule_a_one_step	primary::BRAF+SETD2	primary::ARID1A+BRAF+SETD2	same_stage_one_event	ARID1A	1	0.08186341540619489	0.0013260645351407102	0.00010855617189564669
rule_a_one_step	primary::ARID1A+SETD2	primary::ARID1A+BRAF+SETD2	same_stage_one_event	BRAF	1	0.039225918687084575	0.00014734050390452334	5.7795666254729e-06
rule_a_one_step	primary::ARID1A+BRAF	primary::ARID1A+BRAF+SETD2	same_stage_one_event	SETD2	1	0.12276740961538686	7.367025195226167e-05	9.044305997892062e-06
rule_a_one_step	primary::EGFR+PIK3CA+TP53	primary::ARID1A+EGFR+PIK3CA+TP53	same_stage_one_event	ARID1A	1	0.09401568884879218	0.0023574480624723735	0.00022163710351859065
rule_a_one_step	primary::ARID1A+PIK3CA+TP53	primary::ARID1A+EGFR+PIK3CA+TP53	same_stage_one_event	EGFR	1	0.07834223561407166	0.00011050537792839252	8.65723835428816e-06
rule_a_one_step	primary::ARID1A+EGFR+TP53	primary::ARID1A+EGFR+PIK3CA+TP53	same_stage_one_event	PIK3CA	1	0.19956017040833327	0.0012523942831884486	0.0002499280165715092
rule_a_one_step	primary::ARID1A+EGFR+PIK3CA	primary::ARID1A+EGFR+PIK3CA+TP53	same_stage_one_event	TP53	1	0.5616922508122912	3.6835125976130835e-05	2.0690004818487226e-05
rule_a_one_step	primary::KEAP1+KRAS+RBM10+STK11	primary::ARID1A+KEAP1+KRAS+RBM10+STK11	same_stage_one_event	ARID1A	1	0.07614157924333301	0.0006998673935464859	5.328900860554469e-05
rule_a_one_step	primary::ARID1A+KEAP1+RBM10+STK11	primary::ARID1A+KEAP1+KRAS+RBM10+STK11	same_stage_one_event	KRAS	1	0.5933671871760118	3.6835125976130835e-05	2.18567550897308e-05
rule_a_one_step	primary::ARID1A+KEAP1+KRAS+STK11	primary::ARID1A+KEAP1+KRAS+RBM10+STK11	same_stage_one_event	RBM10	1	0.15498171017016557	0.00022101075585678504	3.4252624908685484e-05
rule_a_one_step	primary::KRAS+RBM10+TP53	primary::ARID1A+KRAS+RBM10+TP53	same_stage_one_event	ARID1A	1	0.09711187579450675	0.0018049211728304111	0.00017527928075478235
rule_a_one_step	primary::ARID1A+RBM10+TP53	primary::ARID1A+KRAS+RBM10+TP53	same_stage_one_event	KRAS	1	0.056740665043830074	0.00011050537792839252	6.270148634576773e-06
rule_a_one_step	primary::ARID1A+KRAS+TP53	primary::ARID1A+KRAS+RBM10+TP53	same_stage_one_event	RBM10	1	0.09561699143040661	0.0012523942831884486	0.00011975017344312012
rule_a_one_step	primary::ARID1A+KRAS+RBM10	primary::ARID1A+KRAS+RBM10+TP53	same_stage_one_event	TP53	1	0.29357854725366844	0.0005525268896419625	0.00016221004157967534
rule_a_one_step	primary::KRAS+NF1+TP53	primary::ATM+KRAS+NF1+TP53	same_stage_one_event	ATM	1	0.13663180879038658	0.0014365699130691027	0.0001962811456764799
rule_a_one_step	primary::ATM+NF1+TP53	primary::ATM+KRAS+NF1+TP53	same_stage_one_event	KRAS	1	0.037519930894729915	0.00014734050390452334	5.528205524492399e-06
rule_a_one_step	primary::ATM+KRAS+TP53	primary::ATM+KRAS+NF1+TP53	same_stage_one_event	NF1	1	0.10038995135280065	0.001105053779283925	0.00011093629514454175
rule_a_one_step	primary::ATM+KRAS+NF1	primary::ATM+KRAS+NF1+TP53	same_stage_one_event	TP53	1	0.22822841955600198	0.00025784588183291586	5.884775809975003e-05
rule_a_one_step	primary::KEAP1	primary::BRAF+KEAP1	same_stage_one_event	BRAF	1	0.02415579424366009	0.0010313835273316634	2.4913888272524034e-05
rule_a_one_step	primary::BRAF	primary::BRAF+KEAP1	same_stage_one_event	KEAP1	1	0.03394658821821647	0.0055989391483718875	0.0001900648817286321
rule_a_one_step	primary::MET	primary::BRAF+MET	same_stage_one_event	BRAF	1	0.037447937910826644	0.008214233092677176	0.0003076060908396324
rule_a_one_step	primary::BRAF	primary::BRAF+MET	same_stage_one_event	MET	1	0.023001136508947407	0.0055989391483718875	0.00012878196365699154
rule_a_one_step	primary::PIK3CA+SETD2	primary::BRAF+PIK3CA+SETD2	same_stage_one_event	BRAF	1	0.05516840134126289	7.367025195226167e-05	4.064270026614328e-06
rule_a_one_step	primary::BRAF+SETD2	primary::BRAF+PIK3CA+SETD2	same_stage_one_event	PIK3CA	1	0.038949480738163365	0.0013260645351407102	5.164952506902465e-05
rule_a_one_step	primary::BRAF+PIK3CA	primary::BRAF+PIK3CA+SETD2	same_stage_one_event	SETD2	1	0.15004968514451983	0.00025784588183291586	3.868969338484009e-05
rule_a_one_step	primary::EGFR+MET+TP53	primary::CDKN2A+EGFR+MET+TP53	same_stage_one_event	CDKN2A	1	0.12149899092485619	0.0007735376454987476	9.398404337048696e-05
rule_a_one_step	primary::CDKN2A+MET+TP53	primary::CDKN2A+EGFR+MET+TP53	same_stage_one_event	EGFR	1	0.04845926732444836	0.0002946810078090467	1.4280025732856447e-05
rule_a_one_step	primary::CDKN2A+EGFR+TP53	primary::CDKN2A+EGFR+MET+TP53	same_stage_one_event	MET	1	0.02540920931231494	0.0015102401650213643	3.8374008464892906e-05
rule_a_one_step	primary::CDKN2A+EGFR+MET	primary::CDKN2A+EGFR+MET+TP53	same_stage_one_event	TP53	1	0.7656976213043595	7.367025195226167e-05	5.6409136680739604e-05
rule_a_one_step	primary::KEAP1+KRAS+SMARCA4+STK11	primary::CDKN2A+KEAP1+KRAS+SMARCA4+STK11	same_stage_one_event	CDKN2A	1	0.08980989397935236	0.0018049211728304111	0.00016209977917298755
rule_a_one_step	primary::CDKN2A+KRAS+SMARCA4+STK11	primary::CDKN2A+KEAP1+KRAS+SMARCA4+STK11	same_stage_one_event	KEAP1	1	0.5876190017750733	0.00011050537792839252	6.493505986905923e-05
rule_a_one_step	primary::CDKN2A+KEAP1+SMARCA4+STK11	primary::CDKN2A+KEAP1+KRAS+SMARCA4+STK11	same_stage_one_event	KRAS	1	0.6802444134040969	7.367025195226167e-05	5.0113777324598263e-05
rule_a_one_step	primary::CDKN2A+KEAP1+KRAS+STK11	primary::CDKN2A+KEAP1+KRAS+SMARCA4+STK11	same_stage_one_event	SMARCA4	1	0.5018108035381388	0.00014734050390452334	7.393705665804313e-05
rule_a_one_step	primary::MET	primary::CDKN2A+MET	same_stage_one_event	CDKN2A	1	0.021224967289092667	0.008214233092677176	0.00017434682869705556
rule_a_one_step	primary::CDKN2A	primary::CDKN2A+MET	same_stage_one_event	MET	1	0.03809681863707236	0.0008840430234271402	3.367922673087287e-05
rule_a_one_step	primary::STK11+TP53	primary::CDKN2A+STK11+TP53	same_stage_one_event	CDKN2A	1	0.042631429038184496	0.0039781936054221305	0.0001695960783897129
rule_a_one_step	primary::CDKN2A+TP53	primary::CDKN2A+STK11+TP53	same_stage_one_event	STK11	1	0.18085685945587213	0.002062767054663327	0.0003730655712954486
rule_a_one_step	primary::CDKN2A+STK11	primary::CDKN2A+STK11+TP53	same_stage_one_event	TP53	1	0.012834092804152038	7.367025195226167e-05	9.454908504605891e-07
rule_a_one_step	primary::MET+RBM10	primary::EGFR+MET+RBM10	same_stage_one_event	EGFR	1	0.30247013686034646	0.0008840430234271402	0.0002673966142864416
rule_a_one_step	primary::EGFR+RBM10	primary::EGFR+MET+RBM10	same_stage_one_event	MET	1	0.038788828361929664	0.007809046706939738	0.00030290377238577755
rule_a_one_step	primary::EGFR+MET	primary::EGFR+MET+RBM10	same_stage_one_event	RBM10	1	0.0335930562815382	0.0004420215117135701	1.4848853520644555e-05
rule_a_one_step	primary::KRAS+RBM10+TP53	primary::KEAP1+KRAS+RBM10+TP53	same_stage_one_event	KEAP1	1	0.07757487178108631	0.0018049211728304111	0.00014001652855728707
rule_a_one_step	primary::KEAP1+RBM10+TP53	primary::KEAP1+KRAS+RBM10+TP53	same_stage_one_event	KRAS	1	0.06319199811279569	0.0001841756298806542	1.1638426055841257e-05
rule_a_one_step	primary::KEAP1+KRAS+TP53	primary::KEAP1+KRAS+RBM10+TP53	same_stage_one_event	RBM10	1	0.08738026579966762	0.001141888905260056	9.977855605531516e-05
rule_a_one_step	primary::KEAP1+KRAS+RBM10	primary::KEAP1+KRAS+RBM10+TP53	same_stage_one_event	TP53	1	0.3113159850011408	0.00025784588183291586	8.027154468130196e-05
rule_a_one_step	primary::RBM10	primary::KEAP1+RBM10	same_stage_one_event	KEAP1	1	0.026672845123333015	0.0012892294091645794	3.4387416359092956e-05
rule_a_one_step	primary::KEAP1	primary::KEAP1+RBM10	same_stage_one_event	RBM10	1	0.0291072138523357	0.0010313835273316634	3.0020700893819048e-05
rule_a_one_step	primary::RBM10+TP53	primary::KEAP1+RBM10+TP53	same_stage_one_event	KEAP1	1	0.0837559458811343	0.0008103727714748784	6.787353799119473e-05
rule_a_one_step	primary::KEAP1+TP53	primary::KEAP1+RBM10+TP53	same_stage_one_event	RBM10	1	0.050283299255541966	0.001841756298806542	9.260958312866872e-05
rule_a_one_step	primary::KEAP1+RBM10	primary::KEAP1+RBM10+TP53	same_stage_one_event	TP53	1	0.08675272917383775	0.0001841756298806542	1.5977738539457373e-05
rule_a_one_step	primary::MET+PIK3CA	primary::KRAS+MET+PIK3CA	same_stage_one_event	KRAS	1	0.28731963110349873	0.00011050537792839252	3.175036442133845e-05
rule_a_one_step	primary::KRAS+PIK3CA	primary::KRAS+MET+PIK3CA	same_stage_one_event	MET	1	0.009546606637921567	0.002504788566376897	2.3912231154363734e-05
rule_a_one_step	primary::KRAS+MET	primary::KRAS+MET+PIK3CA	same_stage_one_event	PIK3CA	1	0.06791263379793422	0.0008472078974510093	5.75361196903082e-05
rule_a_one_step	primary::MET+STK11	primary::KRAS+MET+STK11	same_stage_one_event	KRAS	1	0.4102711798320381	0.0001841756298806542	7.556195296744476e-05
rule_a_one_step	primary::KRAS+STK11	primary::KRAS+MET+STK11	same_stage_one_event	MET	1	0.002135403793084603	0.008729924856343009	1.8641914651578418e-05
rule_a_one_step	primary::KRAS+MET	primary::KRAS+MET+STK11	same_stage_one_event	STK11	1	0.09511715565814033	0.0008472078974510093	8.058400545665344e-05
rule_a_one_step	primary::NF1+RBM10+TP53	primary::KRAS+NF1+RBM10+TP53	same_stage_one_event	KRAS	1	0.024929455729443342	0.0004051863857374392	1.0101076065414643e-05
rule_a_one_step	primary::KRAS+RBM10+TP53	primary::KRAS+NF1+RBM10+TP53	same_stage_one_event	NF1	1	0.12188997415310952	0.0018049211728304111	0.00022000179510469893
rule_a_one_step	primary::KRAS+NF1+TP53	primary::KRAS+NF1+RBM10+TP53	same_stage_one_event	RBM10	1	0.1325218610468757	0.0014365699130691027	0.00019037691840386592
rule_a_one_step	primary::KRAS+NF1+RBM10	primary::KRAS+NF1+RBM10+TP53	same_stage_one_event	TP53	1	0.2584246103625055	0.0004420215117135701	0.00011422923693642502
rule_a_one_step	primary::NF1+STK11	primary::KRAS+NF1+STK11	same_stage_one_event	KRAS	1	0.19299743477938605	0.0004051863857374392	7.819993305485658e-05
rule_a_one_step	primary::KRAS+STK11	primary::KRAS+NF1+STK11	same_stage_one_event	NF1	1	0.0307461688941484	0.008729924856343009	0.0002684117440663463
rule_a_one_step	primary::KRAS+NF1	primary::KRAS+NF1+STK11	same_stage_one_event	STK11	1	0.09956448462887357	0.0013260645351407102	0.00013202893202591163
rule_a_one_step	primary::RBM10+SMARCA4	primary::KRAS+RBM10+SMARCA4	same_stage_one_event	KRAS	1	0.2637598882103608	3.6835125976130835e-05	9.715628709678825e-06
rule_a_one_step	primary::KRAS+SMARCA4	primary::KRAS+RBM10+SMARCA4	same_stage_one_event	RBM10	1	0.07257538281866306	0.0007735376454987476	5.613979074671888e-05
rule_a_one_step	primary::KRAS+RBM10	primary::KRAS+RBM10+SMARCA4	same_stage_one_event	SMARCA4	1	0.04409591228942074	0.0057094445263002796	0.00025176316505305045
rule_a_one_step	primary::STK11	primary::MET+STK11	same_stage_one_event	MET	1	0.010519734712931916	0.004088698983350523	4.301202862588193e-05
rule_a_one_step	primary::MET	primary::MET+STK11	same_stage_one_event	STK11	1	0.058669879146286796	0.008214233092677176	0.00048192806282679955
rule_a_one_step	primary::RBM10+SMARCA4+TP53	primary::NF1+RBM10+SMARCA4+TP53	same_stage_one_event	NF1	1	0.1496699866921588	7.367025195226167e-05	1.102622562930299e-05
rule_a_one_step	primary::NF1+SMARCA4+TP53	primary::NF1+RBM10+SMARCA4+TP53	same_stage_one_event	RBM10	1	0.09183748612986513	0.0002946810078090467	2.7062762967398003e-05
rule_a_one_step	primary::NF1+RBM10+TP53	primary::NF1+RBM10+SMARCA4+TP53	same_stage_one_event	SMARCA4	1	0.08795280369375812	0.0004051863857374392	3.563727864414834e-05
rule_a_one_step	primary::NF1+RBM10+SMARCA4	primary::NF1+RBM10+SMARCA4+TP53	same_stage_one_event	TP53	1	0.10486271803104284	3.6835125976130835e-05	3.86263142887295e-06
rule_a_one_step	primary::SETD2	primary::NF1+SETD2	same_stage_one_event	NF1	1	0.028689207699040254	0.002541623692353028	7.291717000271761e-05
rule_a_one_step	primary::NF1	primary::NF1+SETD2	same_stage_one_event	SETD2	1	0.03094480414783934	0.0017680860468542803	5.4713076436433195e-05
rule_a_one_step	primary::SMARCA4+TP53	primary::PIK3CA+SMARCA4+TP53	same_stage_one_event	PIK3CA	1	0.05605371059695989	0.0010682186533077943	5.9877619246789334e-05
rule_a_one_step	primary::PIK3CA+TP53	primary::PIK3CA+SMARCA4+TP53	same_stage_one_event	SMARCA4	1	0.049634748494980986	0.001583910416973626	7.861699518506639e-05
rule_a_one_step	primary::STK11	primary::RBM10+STK11	same_stage_one_event	RBM10	1	0.030982087283142352	0.004088698983350523	0.0001266764287766613
rule_a_one_step	primary::RBM10	primary::RBM10+STK11	same_stage_one_event	STK11	1	0.026489656073155243	0.0012892294091645794	3.415124364816685e-05
rule_a_one_step	unknown::WT	unknown::ARID1A	same_stage_one_event	ARID1A	1	0.014951327285096728	0.11787240312361869	0.0017623488769820809
rule_a_one_step	unknown::EGFR	unknown::ATM+EGFR	same_stage_one_event	ATM	1	0.029852473201110105	0.004457050243111832	0.00013305397293849724
rule_a_one_step	unknown::ATM	unknown::ATM+EGFR	same_stage_one_event	EGFR	1	0.1669289517560766	0.0006261971415942243	0.00010453043243897534
rule_a_one_step	unknown::KRAS+STK11	unknown::ATM+KRAS+STK11	same_stage_one_event	ATM	1	0.08816365580378178	0.0002946810078090467	2.5980154944388326e-05
rule_a_one_step	unknown::ATM+STK11	unknown::ATM+KRAS+STK11	same_stage_one_event	KRAS	1	0.6006876459906242	7.367025195226167e-05	4.425281022474025e-05
rule_a_one_step	unknown::ATM+KRAS	unknown::ATM+KRAS+STK11	same_stage_one_event	STK11	1	0.24797925483078126	0.0004051863857374392	0.00010047781800274767
rule_a_one_step	unknown::KRAS+TP53	unknown::CDKN2A+KRAS+TP53	same_stage_one_event	CDKN2A	1	0.1266872906028547	0.0014365699130691027	0.0001819951500483031
rule_a_one_step	unknown::CDKN2A+TP53	unknown::CDKN2A+KRAS+TP53	same_stage_one_event	KRAS	1	0.05343516352906176	0.00025784588183291586	1.3778036861036993e-05
rule_a_one_step	unknown::CDKN2A+KRAS	unknown::CDKN2A+KRAS+TP53	same_stage_one_event	TP53	1	0.5400843588601496	0.00014734050390452334	7.957630158540586e-05
rule_a_one_step	unknown::MET+TP53	unknown::EGFR+MET+TP53	same_stage_one_event	EGFR	1	0.042747289801201044	7.367025195226167e-05	3.1492036099308267e-06
rule_a_one_step	unknown::EGFR+TP53	unknown::EGFR+MET+TP53	same_stage_one_event	MET	1	0.02326102806765331	0.005930455282157065	0.00013794848677221833
rule_a_one_step	unknown::EGFR+MET	unknown::EGFR+MET+TP53	same_stage_one_event	TP53	1	0.7580175939682193	3.6835125976130835e-05	2.7921673565942953e-05
rule_a_one_step	unknown::SMARCA4	unknown::KRAS+SMARCA4	same_stage_one_event	KRAS	1	0.24032957782105044	7.367025195226167e-05	1.7705140549657464e-05
rule_a_one_step	unknown::KRAS	unknown::KRAS+SMARCA4	same_stage_one_event	SMARCA4	1	0.02034767303272582	0.002725799322233682	5.5463673361636605e-05
rule_a_one_step	unknown::STK11+TP53	unknown::KRAS+STK11+TP53	same_stage_one_event	KRAS	1	0.04113024798941143	0.0001841756298806542	7.575189330597361e-06
rule_a_one_step	unknown::KRAS+TP53	unknown::KRAS+STK11+TP53	same_stage_one_event	STK11	1	0.25040874714028877	0.0014365699130691027	0.0003597296721110676
rule_a_one_step	unknown::KRAS+STK11	unknown::KRAS+STK11+TP53	same_stage_one_event	TP53	1	0.04249957380974218	0.0002946810078090467	1.2523817241709791e-05
rule_a_one_step	unknown::TP53	unknown::SETD2+TP53	same_stage_one_event	SETD2	1	0.043681900491781354	0.0035730072196846915	0.00015607574582668306
rule_a_one_step	unknown::SETD2	unknown::SETD2+TP53	same_stage_one_event	TP53	1	0.1876906131956456	0.00014734050390452334	2.7654429526395398e-05
rule_a_one_step	unknown::TP53	unknown::STK11+TP53	same_stage_one_event	STK11	1	0.1676050143027459	0.0035730072196846915	0.0005988539261590671
rule_a_one_step	unknown::STK11	unknown::STK11+TP53	same_stage_one_event	TP53	1	0.013011450178980727	0.0002946810078090467	3.834227251799241e-06
rule_a_one_step	metastatic::CDKN2A+KEAP1+TP53	metastatic::ARID1A+CDKN2A+KEAP1+TP53	same_stage_one_event	ARID1A	1	0.09608320110545528	0.0005525268896419625	5.308855225364038e-05
rule_a_one_step	metastatic::ARID1A+KEAP1+TP53	metastatic::ARID1A+CDKN2A+KEAP1+TP53	same_stage_one_event	CDKN2A	1	0.13898817052494244	0.0005156917636658317	7.167505478669494e-05
rule_a_one_step	metastatic::ARID1A+CDKN2A+TP53	metastatic::ARID1A+CDKN2A+KEAP1+TP53	same_stage_one_event	KEAP1	1	0.08407216284761058	0.00014734050390452334	1.238723483831009e-05
rule_a_one_step	metastatic::CDKN2A+KRAS+TP53	metastatic::ARID1A+CDKN2A+KRAS+TP53	same_stage_one_event	ARID1A	1	0.08003947725040456	0.0014365699130691027	0.00011498230487571009
rule_a_one_step	metastatic::ARID1A+KRAS+TP53	metastatic::ARID1A+CDKN2A+KRAS+TP53	same_stage_one_event	CDKN2A	1	0.1369372224434943	0.0012523942831884486	0.00017149939454393716
rule_a_one_step	metastatic::ARID1A+CDKN2A+TP53	metastatic::ARID1A+CDKN2A+KRAS+TP53	same_stage_one_event	KRAS	1	0.05626620686612612	0.00014734050390452334	8.290291272451174e-06
rule_a_one_step	metastatic::ARID1A+CDKN2A+KRAS	metastatic::ARID1A+CDKN2A+KRAS+TP53	same_stage_one_event	TP53	1	0.5478104434835923	7.367025195226167e-05	4.035733339351645e-05
rule_a_one_step	metastatic::CDKN2A+TP53	metastatic::ARID1A+CDKN2A+TP53	same_stage_one_event	ARID1A	1	0.06284893694578228	0.00221010755856785	0.00013890291059182763
rule_a_one_step	metastatic::ARID1A+TP53	metastatic::ARID1A+CDKN2A+TP53	same_stage_one_event	CDKN2A	1	0.09519870490443776	0.0013997347870929719	0.00013325293894093983
rule_a_one_step	metastatic::EGFR+MET+TP53	metastatic::ARID1A+EGFR+MET+TP53	same_stage_one_event	ARID1A	1	0.06337382411838448	0.0009577132753794018	6.069395266973613e-05
rule_a_one_step	metastatic::ARID1A+MET+TP53	metastatic::ARID1A+EGFR+MET+TP53	same_stage_one_event	EGFR	1	0.03894512043811095	0.00022101075585678504	8.607290504960429e-06
rule_a_one_step	metastatic::ARID1A+EGFR+TP53	metastatic::ARID1A+EGFR+MET+TP53	same_stage_one_event	MET	1	0.02525144974338921	0.001362899661116841	3.4415192297974095e-05
rule_a_one_step	metastatic::KEAP1+KRAS+STK11+TP53	metastatic::ARID1A+KEAP1+KRAS+STK11+TP53	same_stage_one_event	ARID1A	1	0.0731239586655368	0.0008840430234271402	6.464472550364238e-05
rule_a_one_step	metastatic::ARID1A+KRAS+STK11+TP53	metastatic::ARID1A+KEAP1+KRAS+STK11+TP53	same_stage_one_event	KEAP1	1	0.5536257423326277	7.367025195226167e-05	4.0785747924902584e-05
rule_a_one_step	metastatic::ARID1A+KEAP1+STK11+TP53	metastatic::ARID1A+KEAP1+KRAS+STK11+TP53	same_stage_one_event	KRAS	1	0.07713244547679919	0.00014734050390452334	1.1364733383939766e-05
rule_a_one_step	metastatic::ARID1A+KEAP1+KRAS+TP53	metastatic::ARID1A+KEAP1+KRAS+STK11+TP53	same_stage_one_event	STK11	1	0.11250655157828209	7.367025195226167e-05	8.288386001052164e-06
rule_a_one_step	metastatic::ARID1A+KEAP1+KRAS+STK11	metastatic::ARID1A+KEAP1+KRAS+STK11+TP53	same_stage_one_event	TP53	1	0.07332214662852497	0.00025784588183291586	1.890581355531438e-05
rule_a_one_step	metastatic::KEAP1+STK11+TP53	metastatic::ARID1A+KEAP1+STK11+TP53	same_stage_one_event	ARID1A	1	0.059696980178015266	0.0012523942831884486	7.476415669856045e-05
rule_a_one_step	metastatic::ARID1A+STK11+TP53	metastatic::ARID1A+KEAP1+STK11+TP53	same_stage_one_event	KEAP1	1	0.6016983849122457	0.0001841756298806542	0.00011081817903938516
rule_a_one_step	metastatic::ARID1A+KEAP1+TP53	metastatic::ARID1A+KEAP1+STK11+TP53	same_stage_one_event	STK11	1	0.07772175337348296	0.0005156917636658317	4.008046807237223e-05
rule_a_one_step	metastatic::KRAS+SMARCA4	metastatic::ARID1A+KRAS+SMARCA4	same_stage_one_event	ARID1A	1	0.0314970436354644	0.0004051863857374392	1.2762173272068232e-05
rule_a_one_step	metastatic::ARID1A+KRAS	metastatic::ARID1A+KRAS+SMARCA4	same_stage_one_event	SMARCA4	1	0.021502915371603586	0.00033151613378517756	7.1285633691038854e-06
rule_a_one_step	metastatic::KEAP1	metastatic::ATM+KEAP1	same_stage_one_event	ATM	1	0.03536276227766839	0.0008103727714748784	2.8657019673961415e-05
rule_a_one_step	metastatic::ATM	metastatic::ATM+KEAP1	same_stage_one_event	KEAP1	1	0.01583706871315804	0.0018049211728304111	2.8584660635949018e-05
rule_a_one_step	metastatic::KEAP1+KRAS+TP53	metastatic::ATM+KEAP1+KRAS+TP53	same_stage_one_event	ATM	1	0.1072347397862216	0.001141888905260056	0.00012245015962033555
rule_a_one_step	metastatic::ATM+KRAS+TP53	metastatic::ATM+KEAP1+KRAS+TP53	same_stage_one_event	KEAP1	1	0.035882673498631334	0.0010313835273316634	3.7008798363108786e-05
rule_a_one_step	metastatic::ATM+KEAP1+TP53	metastatic::ATM+KEAP1+KRAS+TP53	same_stage_one_event	KRAS	1	0.09901059429202247	7.367025195226167e-05	7.294135427436457e-06
rule_a_one_step	metastatic::ATM+KEAP1+KRAS	metastatic::ATM+KEAP1+KRAS+TP53	same_stage_one_event	TP53	1	0.3028622598068695	0.0003683512597613084	0.00011155969493401705
rule_a_one_step	metastatic::KEAP1+STK11+TP53	metastatic::ATM+KEAP1+STK11+TP53	same_stage_one_event	ATM	1	0.07298434613884647	0.0012523942831884486	9.140517786653824e-05
rule_a_one_step	metastatic::ATM+STK11+TP53	metastatic::ATM+KEAP1+STK11+TP53	same_stage_one_event	KEAP1	1	0.4635187159934031	0.0001841756298806542	8.536885147955708e-05
rule_a_one_step	metastatic::ATM+KEAP1+TP53	metastatic::ATM+KEAP1+STK11+TP53	same_stage_one_event	STK11	1	0.09654425099538391	7.367025195226167e-05	7.1124392953723224e-06
rule_a_one_step	metastatic::ATM+KEAP1+STK11	metastatic::ATM+KEAP1+STK11+TP53	same_stage_one_event	TP53	1	0.004078615244949385	0.00011050537792839252	4.5070891906763504e-07
rule_a_one_step	metastatic::KRAS+RBM10+STK11	metastatic::ATM+KRAS+RBM10+STK11	same_stage_one_event	ATM	1	0.10405422893549669	0.00014734050390452334	1.5331402524752716e-05
rule_a_one_step	metastatic::ATM+KRAS+STK11	metastatic::ATM+KRAS+RBM10+STK11	same_stage_one_event	RBM10	1	0.16531048904168522	0.001583910416973626	0.00026183700562812964
rule_a_one_step	metastatic::ATM+KRAS+RBM10	metastatic::ATM+KRAS+RBM10+STK11	same_stage_one_event	STK11	1	0.22246363435268482	0.0008472078974510093	0.00018847294791924824
rule_a_one_step	metastatic::KRAS+SMARCA4+STK11	metastatic::ATM+KRAS+SMARCA4+STK11	same_stage_one_event	ATM	1	0.09603348332056263	0.0004420215117135701	4.2448865472475016e-05
rule_a_one_step	metastatic::ATM+KRAS+STK11	metastatic::ATM+KRAS+SMARCA4+STK11	same_stage_one_event	SMARCA4	1	0.12666827185754997	0.001583910416973626	0.00020063119529522058
rule_a_one_step	metastatic::ATM+KRAS+SMARCA4	metastatic::ATM+KRAS+SMARCA4+STK11	same_stage_one_event	STK11	1	0.25900433891481434	7.367025195226167e-05	1.9080914904583344e-05
rule_a_one_step	metastatic::SETD2	metastatic::ATM+SETD2	same_stage_one_event	ATM	1	0.04725749390677394	0.0016575806689258876	7.83331083617514e-05
rule_a_one_step	metastatic::ATM	metastatic::ATM+SETD2	same_stage_one_event	SETD2	1	0.02209493214032319	0.0018049211728304111	3.9879610832320484e-05
rule_a_one_step	metastatic::SMARCA4+TP53	metastatic::ATM+SMARCA4+TP53	same_stage_one_event	ATM	1	0.06575692409429566	0.0019154265507588036	0.0001259525583064452
rule_a_one_step	metastatic::ATM+TP53	metastatic::ATM+SMARCA4+TP53	same_stage_one_event	SMARCA4	1	0.05580095681705609	0.0013997347870929719	7.810654040990612e-05
rule_a_one_step	metastatic::CDKN2A	metastatic::BRAF+CDKN2A	same_stage_one_event	BRAF	1	0.02639237466626458	0.0009577132753794018	2.52763275866686e-05
rule_a_one_step	metastatic::BRAF	metastatic::BRAF+CDKN2A	same_stage_one_event	CDKN2A	1	0.02415351978408653	0.002578458818329159	6.227885608096571e-05
rule_a_one_step	metastatic::EGFR+KEAP1+TP53	metastatic::BRAF+EGFR+KEAP1+TP53	same_stage_one_event	BRAF	1	0.044858489238879196	0.0004420215117135701	1.9828417226556297e-05
rule_a_one_step	metastatic::BRAF+KEAP1+TP53	metastatic::BRAF+EGFR+KEAP1+TP53	same_stage_one_event	EGFR	1	0.002592389987498044	0.00025784588183291586	6.684370823812549e-07
rule_a_one_step	metastatic::BRAF+EGFR+TP53	metastatic::BRAF+EGFR+KEAP1+TP53	same_stage_one_event	KEAP1	1	0.025211569490556654	0.0006998673935464859	1.764475542657199e-05
rule_a_one_step	metastatic::KEAP1+KRAS+SMARCA4+STK11	metastatic::BRAF+KEAP1+KRAS+SMARCA4+STK11	same_stage_one_event	BRAF	1	0.06050883452716369	0.0013997347870929719	8.469632061412333e-05
rule_a_one_step	metastatic::BRAF+KRAS+SMARCA4+STK11	metastatic::BRAF+KEAP1+KRAS+SMARCA4+STK11	same_stage_one_event	KEAP1	1	0.48493676924484297	7.367025195226167e-05	3.572541397118336e-05
rule_a_one_step	metastatic::BRAF+KEAP1+SMARCA4+STK11	metastatic::BRAF+KEAP1+KRAS+SMARCA4+STK11	same_stage_one_event	KRAS	1	0.2633974416387173	3.6835125976130835e-05	9.702277944552722e-06
rule_a_one_step	metastatic::BRAF+KEAP1+KRAS+STK11	metastatic::BRAF+KEAP1+KRAS+SMARCA4+STK11	same_stage_one_event	SMARCA4	1	0.34726705766664595	7.367025195226167e-05	2.558325163302239e-05
rule_a_one_step	metastatic::KEAP1+NF1+TP53	metastatic::BRAF+KEAP1+NF1+TP53	same_stage_one_event	BRAF	1	0.05584724244977258	0.0005525268896419625	3.0857103165853416e-05
rule_a_one_step	metastatic::BRAF+NF1+TP53	metastatic::BRAF+KEAP1+NF1+TP53	same_stage_one_event	KEAP1	1	0.06494180183882675	0.0003683512597613084	2.3921394518501086e-05
rule_a_one_step	metastatic::BRAF+KEAP1+TP53	metastatic::BRAF+KEAP1+NF1+TP53	same_stage_one_event	NF1	1	0.14547404704696776	0.00025784588183291586	3.750988394462849e-05
rule_a_one_step	metastatic::BRAF+KEAP1+NF1	metastatic::BRAF+KEAP1+NF1+TP53	same_stage_one_event	TP53	1	0.3580151972770237	3.6835125976130835e-05	1.31875348930685e-05
rule_a_one_step	metastatic::KEAP1+STK11+TP53	metastatic::BRAF+KEAP1+STK11+TP53	same_stage_one_event	BRAF	1	0.056253814898942225	0.0012523942831884486	7.045195618697642e-05
rule_a_one_step	metastatic::BRAF+STK11+TP53	metastatic::BRAF+KEAP1+STK11+TP53	same_stage_one_event	KEAP1	1	0.5485574571830819	0.0004051863857374392	0.000222268013445333
rule_a_one_step	metastatic::BRAF+KEAP1+TP53	metastatic::BRAF+KEAP1+STK11+TP53	same_stage_one_event	STK11	1	0.07588940642509072	0.00025784588183291586	1.956777092145407e-05
rule_a_one_step	metastatic::BRAF+KEAP1+STK11	metastatic::BRAF+KEAP1+STK11+TP53	same_stage_one_event	TP53	1	0.03205619044596303	7.367025195226167e-05	2.3615876267837797e-06
rule_a_one_step	metastatic::PIK3CA+TP53	metastatic::BRAF+PIK3CA+TP53	same_stage_one_event	BRAF	1	0.09655050899372998	0.001141888905260056	0.00011024995501715151
rule_a_one_step	metastatic::BRAF+TP53	metastatic::BRAF+PIK3CA+TP53	same_stage_one_event	PIK3CA	1	0.062054808738044476	0.002983645204066598	0.0001851495324805364
rule_a_one_step	metastatic::BRAF+PIK3CA	metastatic::BRAF+PIK3CA+TP53	same_stage_one_event	TP53	1	0.1805533374200625	7.367025195226167e-05	1.3301409858557719e-05
rule_a_one_step	metastatic::SMARCA4	metastatic::BRAF+SMARCA4	same_stage_one_event	BRAF	1	0.02911845145636166	0.0004788566376897009	1.394356375912412e-05
rule_a_one_step	metastatic::BRAF	metastatic::BRAF+SMARCA4	same_stage_one_event	SMARCA4	1	0.02701726085929808	0.002578458818329159	6.966289450975636e-05
rule_a_one_step	metastatic::STK11	metastatic::BRAF+STK11	same_stage_one_event	BRAF	1	0.032052244219113686	0.0013260645351407102	4.2503344330635507e-05
rule_a_one_step	metastatic::BRAF	metastatic::BRAF+STK11	same_stage_one_event	STK11	1	0.09755284342101005	0.002578458818329159	0.000251535989371987
rule_a_one_step	metastatic::EGFR+MET+TP53	metastatic::CDKN2A+EGFR+MET+TP53	same_stage_one_event	CDKN2A	1	0.12149899092485619	0.0009577132753794018	0.00011636119655393623
rule_a_one_step	metastatic::CDKN2A+MET+TP53	metastatic::CDKN2A+EGFR+MET+TP53	same_stage_one_event	EGFR	1	0.04845926732444836	0.00011050537792839252	5.355009649821168e-06
rule_a_one_step	metastatic::CDKN2A+EGFR+TP53	metastatic::CDKN2A+EGFR+MET+TP53	same_stage_one_event	MET	1	0.02540920931231494	0.0015102401650213643	3.8374008464892906e-05
rule_a_one_step	metastatic::KEAP1+KRAS+TP53	metastatic::CDKN2A+KEAP1+KRAS+TP53	same_stage_one_event	CDKN2A	1	0.17291191646308968	0.001141888905260056	0.0001974461989964557
rule_a_one_step	metastatic::CDKN2A+KRAS+TP53	metastatic::CDKN2A+KEAP1+KRAS+TP53	same_stage_one_event	KEAP1	1	0.06409910393587158	0.0014365699130691027	9.208284416896241e-05
rule_a_one_step	metastatic::CDKN2A+KEAP1+TP53	metastatic::CDKN2A+KEAP1+KRAS+TP53	same_stage_one_event	KRAS	1	0.06340284345447554	0.0005525268896419625	3.5031775888357635e-05
rule_a_one_step	metastatic::KEAP1+STK11+TP53	metastatic::CDKN2A+KEAP1+STK11+TP53	same_stage_one_event	CDKN2A	1	0.0907582715248825	0.0012523942831884486	0.0001136651404098278
rule_a_one_step	metastatic::CDKN2A+STK11+TP53	metastatic::CDKN2A+KEAP1+STK11+TP53	same_stage_one_event	KEAP1	1	0.5844941125890792	0.00033151613378517756	0.00019376922842572982
rule_a_one_step	metastatic::CDKN2A+KEAP1+TP53	metastatic::CDKN2A+KEAP1+STK11+TP53	same_stage_one_event	STK11	1	0.07537902467945576	0.0005525268896419625	4.1648938050384424e-05
rule_a_one_step	metastatic::KRAS+RBM10+TP53	metastatic::CDKN2A+KRAS+RBM10+TP53	same_stage_one_event	CDKN2A	1	0.14022642652419925	0.001362899661116841	0.00019111454918945678
rule_a_one_step	metastatic::CDKN2A+RBM10+TP53	metastatic::CDKN2A+KRAS+RBM10+TP53	same_stage_one_event	KRAS	1	0.057297351859276605	7.367025195226167e-05	4.221110347670296e-06
rule_a_one_step	metastatic::CDKN2A+KRAS+TP53	metastatic::CDKN2A+KRAS+RBM10+TP53	same_stage_one_event	RBM10	1	0.09943980708404823	0.0014365699130691027	0.0001428522350183395
rule_a_one_step	metastatic::CDKN2A+KRAS+RBM10	metastatic::CDKN2A+KRAS+RBM10+TP53	same_stage_one_event	TP53	1	0.2927128234907186	7.367025195226167e-05	2.1564227456219138e-05
rule_a_one_step	metastatic::KRAS+STK11+TP53	metastatic::CDKN2A+KRAS+STK11+TP53	same_stage_one_event	CDKN2A	1	0.07015999523449201	0.0016944157949020187	0.00011888020409557363
rule_a_one_step	metastatic::CDKN2A+STK11+TP53	metastatic::CDKN2A+KRAS+STK11+TP53	same_stage_one_event	KRAS	1	0.04103812101834552	0.00033151613378517756	1.3604799217810141e-05
rule_a_one_step	metastatic::CDKN2A+KRAS+TP53	metastatic::CDKN2A+KRAS+STK11+TP53	same_stage_one_event	STK11	1	0.28194900498235925	0.0014365699130691027	0.0004050394575774278
rule_a_one_step	metastatic::CDKN2A+KRAS+STK11	metastatic::CDKN2A+KRAS+STK11+TP53	same_stage_one_event	TP53	1	0.04192157626062591	0.00011050537792839252	4.632559628034395e-06
rule_a_one_step	metastatic::KEAP1+PIK3CA+TP53	metastatic::EGFR+KEAP1+PIK3CA+TP53	same_stage_one_event	EGFR	1	0.024976876193858865	0.00022101075585678504	5.520158286546088e-06
rule_a_one_step	metastatic::EGFR+PIK3CA+TP53	metastatic::EGFR+KEAP1+PIK3CA+TP53	same_stage_one_event	KEAP1	1	0.04096163892601878	0.0026152939443052897	0.00010712672623203674
rule_a_one_step	metastatic::EGFR+KEAP1+TP53	metastatic::EGFR+KEAP1+PIK3CA+TP53	same_stage_one_event	PIK3CA	1	0.1482142389501179	0.0004420215117135701	6.551388195820742e-05
rule_a_one_step	metastatic::EGFR+KEAP1+PIK3CA	metastatic::EGFR+KEAP1+PIK3CA+TP53	same_stage_one_event	TP53	1	0.5703349696483985	3.6835125976130835e-05	2.1008360455591515e-05
rule_a_one_step	metastatic::PIK3CA+RBM10+TP53	metastatic::EGFR+PIK3CA+RBM10+TP53	same_stage_one_event	EGFR	1	0.13373890058215648	7.367025195226167e-05	9.852578501705944e-06
rule_a_one_step	metastatic::EGFR+RBM10+TP53	metastatic::EGFR+PIK3CA+RBM10+TP53	same_stage_one_event	PIK3CA	1	0.17639777085617728	0.002283777810520112	0.0004028533149065489
rule_a_one_step	metastatic::EGFR+PIK3CA+TP53	metastatic::EGFR+PIK3CA+RBM10+TP53	same_stage_one_event	RBM10	1	0.1512607364020412	0.0026152939443052897	0.0003955912879234171
rule_a_one_step	metastatic::EGFR+PIK3CA+RBM10	metastatic::EGFR+PIK3CA+RBM10+TP53	same_stage_one_event	TP53	1	0.2940661410291222	0.00022101075585678504	6.499178010073424e-05
rule_a_one_step	metastatic::PIK3CA+SMARCA4+TP53	metastatic::EGFR+PIK3CA+SMARCA4+TP53	same_stage_one_event	EGFR	1	0.07293961199436419	0.00014734050390452334	1.0746959185850035e-05
rule_a_one_step	metastatic::EGFR+SMARCA4+TP53	metastatic::EGFR+PIK3CA+SMARCA4+TP53	same_stage_one_event	PIK3CA	1	0.18793871381070268	0.001362899661116841	0.00025614160936334167
rule_a_one_step	metastatic::EGFR+PIK3CA+TP53	metastatic::EGFR+PIK3CA+SMARCA4+TP53	same_stage_one_event	SMARCA4	1	0.06742327132503484	0.0026152939443052897	0.0001763316732016161
rule_a_one_step	metastatic::RBM10+SMARCA4	metastatic::EGFR+RBM10+SMARCA4	same_stage_one_event	EGFR	1	0.39147740868051595	7.367025195226167e-05	2.884023933111212e-05
rule_a_one_step	metastatic::EGFR+SMARCA4	metastatic::EGFR+RBM10+SMARCA4	same_stage_one_event	RBM10	1	0.04981856230868538	0.00033151613378517756	1.6515657167311346e-05
rule_a_one_step	metastatic::EGFR+RBM10	metastatic::EGFR+RBM10+SMARCA4	same_stage_one_event	SMARCA4	1	0.030397459286567348	0.0017312509208781495	5.262562938222578e-05
rule_a_one_step	metastatic::KRAS+NF1+TP53	metastatic::KEAP1+KRAS+NF1+TP53	same_stage_one_event	KEAP1	1	0.05686894204164941	0.000920878149403271	5.236936610583599e-05
rule_a_one_step	metastatic::KEAP1+NF1+TP53	metastatic::KEAP1+KRAS+NF1+TP53	same_stage_one_event	KRAS	1	0.024257815007346275	0.0005525268896419625	1.3403095075519159e-05
rule_a_one_step	metastatic::KEAP1+KRAS+TP53	metastatic::KEAP1+KRAS+NF1+TP53	same_stage_one_event	NF1	1	0.10407907321858652	0.001141888905260056	0.00011884673897805296
rule_a_one_step	metastatic::KEAP1+KRAS+NF1	metastatic::KEAP1+KRAS+NF1+TP53	same_stage_one_event	TP53	1	0.5217963152707668	7.367025195226167e-05	3.844086601375915e-05
rule_a_one_step	metastatic::KEAP1+RBM10+SMARCA4+STK11	metastatic::KEAP1+KRAS+RBM10+SMARCA4+STK11	same_stage_one_event	KRAS	1	0.6960347297659674	0.00014734050390452334	0.00010255410781876636
rule_a_one_step	metastatic::KEAP1+KRAS+SMARCA4+STK11	metastatic::KEAP1+KRAS+RBM10+SMARCA4+STK11	same_stage_one_event	RBM10	1	0.2264719916229711	0.0013997347870929719	0.0003170007249769008
rule_a_one_step	metastatic::KEAP1+KRAS+RBM10+STK11	metastatic::KEAP1+KRAS+RBM10+SMARCA4+STK11	same_stage_one_event	SMARCA4	1	0.46316599479868975	0.0003683512597613084	0.00017060777766269696
rule_a_one_step	metastatic::KEAP1+KRAS+RBM10+SMARCA4	metastatic::KEAP1+KRAS+RBM10+SMARCA4+STK11	same_stage_one_event	STK11	1	0.049579744736504436	3.6835125976130835e-05	1.8262761432335507e-06
rule_a_one_step	metastatic::KEAP1+SMARCA4+STK11	metastatic::KEAP1+NF1+SMARCA4+STK11	same_stage_one_event	NF1	1	0.04327353355331872	0.0003683512597613084	1.5939860598688197e-05
rule_a_one_step	metastatic::KEAP1+NF1+STK11	metastatic::KEAP1+NF1+SMARCA4+STK11	same_stage_one_event	SMARCA4	1	0.30546673898260196	0.00025784588183291586	7.876334068359413e-05
rule_a_one_step	metastatic::KEAP1+NF1+SMARCA4	metastatic::KEAP1+NF1+SMARCA4+STK11	same_stage_one_event	STK11	1	0.03213213630593438	7.367025195226167e-05	2.3671825774226006e-06
rule_a_one_step	metastatic::RBM10+SMARCA4+STK11	metastatic::KEAP1+RBM10+SMARCA4+STK11	same_stage_one_event	KEAP1	1	0.4331972426360563	7.367025195226167e-05	3.19137500100233e-05
rule_a_one_step	metastatic::KEAP1+SMARCA4+STK11	metastatic::KEAP1+RBM10+SMARCA4+STK11	same_stage_one_event	RBM10	1	0.05158340714846387	0.0003683512597613084	1.9000813005917147e-05
rule_a_one_step	metastatic::KEAP1+RBM10+STK11	metastatic::KEAP1+RBM10+SMARCA4+STK11	same_stage_one_event	SMARCA4	1	0.19725899621129503	3.6835125976130835e-05	7.266059975368168e-06
rule_a_one_step	metastatic::KEAP1+RBM10+SMARCA4	metastatic::KEAP1+RBM10+SMARCA4+STK11	same_stage_one_event	STK11	1	0.01708618205526097	3.6835125976130835e-05	6.293716684566439e-07
rule_a_one_step	metastatic::KRAS+RBM10	metastatic::KRAS+PIK3CA+RBM10	same_stage_one_event	PIK3CA	1	0.05291462682522088	0.001583910416973626	8.381202863873941e-05
rule_a_one_step	metastatic::KRAS+PIK3CA	metastatic::KRAS+PIK3CA+RBM10	same_stage_one_event	RBM10	1	0.10372732637194251	0.0009945484013555326	0.000103161846620099
rule_a_one_step	metastatic::KRAS+SETD2+TP53	metastatic::KRAS+PIK3CA+SETD2+TP53	same_stage_one_event	PIK3CA	1	0.08309212462787048	0.0005893620156180934	4.897134205267156e-05
rule_a_one_step	metastatic::KRAS+PIK3CA+TP53	metastatic::KRAS+PIK3CA+SETD2+TP53	same_stage_one_event	SETD2	1	0.054906585595861104	0.0010682186533077943	5.8652238922939884e-05
rule_a_one_step	metastatic::KRAS+PIK3CA+SETD2	metastatic::KRAS+PIK3CA+SETD2+TP53	same_stage_one_event	TP53	1	0.26573437436926484	7.367025195226167e-05	1.9576718312160367e-05
rule_a_one_step	metastatic::RBM10+STK11	metastatic::KRAS+RBM10+STK11	same_stage_one_event	KRAS	1	0.38846135410054233	0.0001841756298806542	7.154511457575923e-05
rule_a_one_step	metastatic::KRAS+STK11	metastatic::KRAS+RBM10+STK11	same_stage_one_event	RBM10	1	0.10255831042536785	0.00349933696773243	0.000358886087019668
rule_a_one_step	metastatic::KRAS+RBM10	metastatic::KRAS+RBM10+STK11	same_stage_one_event	STK11	1	0.11215938206946945	0.001583910416973626	0.00017765041362115757
rule_a_one_step	metastatic::KRAS+STK11	metastatic::KRAS+SETD2+STK11	same_stage_one_event	SETD2	1	0.02341391440521892	0.00349933696773243	8.193317623750543e-05
rule_a_one_step	metastatic::KRAS+SETD2	metastatic::KRAS+SETD2+STK11	same_stage_one_event	STK11	1	0.10639521710246329	0.00025784588183291586	2.7433568576589178e-05
rule_a_one_step	metastatic::NF1+TP53	metastatic::MET+NF1+TP53	same_stage_one_event	MET	1	0.044669806112704935	0.0029099749521143362	0.00012998801690377522
rule_a_one_step	metastatic::MET+TP53	metastatic::MET+NF1+TP53	same_stage_one_event	NF1	1	0.1167221113731456	0.0023574480624723735	0.00027516631530430667
rule_a_one_step	metastatic::MET+NF1	metastatic::MET+NF1+TP53	same_stage_one_event	TP53	1	0.37675492177819964	7.367025195226167e-05	2.7755630011654605e-05
rule_a_one_step	metastatic::PIK3CA	metastatic::MET+PIK3CA	same_stage_one_event	MET	1	0.0428375840088206	0.0009577132753794018	4.1026122890427865e-05
rule_a_one_step	metastatic::MET	metastatic::MET+PIK3CA	same_stage_one_event	PIK3CA	1	0.04197510271479196	0.0030573154560188595	0.00012833113029791265
rule_a_one_step	metastatic::SETD2+TP53	metastatic::MET+SETD2+TP53	same_stage_one_event	MET	1	0.045215703632412015	0.001583910416973626	7.161762399416961e-05
rule_a_one_step	metastatic::MET+TP53	metastatic::MET+SETD2+TP53	same_stage_one_event	SETD2	1	0.04228724719211885	0.0023574480624723735	9.96899889603509e-05
rule_a_one_step	metastatic::MET+SETD2	metastatic::MET+SETD2+TP53	same_stage_one_event	TP53	1	0.27682194690631445	0.0001841756298806542	5.098385643625948e-05
rule_a_one_step	metastatic::SMARCA4+TP53	metastatic::PIK3CA+SMARCA4+TP53	same_stage_one_event	PIK3CA	1	0.05605371059695989	0.0019154265507588036	0.00010736676554596709
rule_a_one_step	metastatic::PIK3CA+TP53	metastatic::PIK3CA+SMARCA4+TP53	same_stage_one_event	SMARCA4	1	0.049634748494980986	0.001141888905260056	5.6677368621792046e-05
rule_a_one_step	metastatic::PIK3CA+SMARCA4	metastatic::PIK3CA+SMARCA4+TP53	same_stage_one_event	TP53	1	0.10302419570360274	3.6835125976130835e-05	3.794909227331764e-06
rule_a_one_step	metastatic::SMARCA4+TP53	metastatic::RBM10+SMARCA4+TP53	same_stage_one_event	RBM10	1	0.05228268266304829	0.0019154265507588036	0.00010014363851769968
rule_a_one_step	metastatic::RBM10+TP53	metastatic::RBM10+SMARCA4+TP53	same_stage_one_event	SMARCA4	1	0.05876189485524905	0.0006261971415942243	3.679653059301731e-05
rule_a_one_step	metastatic::RBM10+SMARCA4	metastatic::RBM10+SMARCA4+TP53	same_stage_one_event	TP53	1	0.06308039171000737	7.367025195226167e-05	4.647148350523601e-06
rule_a_one_step	metastatic::SMARCA4	metastatic::SETD2+SMARCA4	same_stage_one_event	SETD2	1	0.02033114408929891	0.0004788566376897009	9.735703298986512e-06
rule_a_one_step	metastatic::SETD2	metastatic::SETD2+SMARCA4	same_stage_one_event	SMARCA4	1	0.02426359818193774	0.0016575806689258876	4.021887130496531e-05
rule_a_one_step	metastatic::SMARCA4+TP53	metastatic::SETD2+SMARCA4+TP53	same_stage_one_event	SETD2	1	0.04712642505538766	0.0019154265507588036	9.026720579343444e-05
rule_a_one_step	metastatic::SETD2+TP53	metastatic::SETD2+SMARCA4+TP53	same_stage_one_event	SMARCA4	1	0.06837047763289902	0.001583910416973626	0.00010829271173621106
rule_a_one_step	metastatic::SETD2+SMARCA4	metastatic::SETD2+SMARCA4+TP53	same_stage_one_event	TP53	1	0.20335559203862483	0.00014734050390452334	2.9962515402773657e-05
rule_a_one_step	primary::BRAF+TP53	primary::ARID1A+BRAF+TP53	same_stage_one_event	ARID1A	1	0.06704147395271762	0.003204655959923383	0.00021484485906462475
rule_a_one_step	primary::ARID1A+TP53	primary::ARID1A+BRAF+TP53	same_stage_one_event	BRAF	1	0.07394175727392129	0.001105053779283925	8.170961832244137e-05
rule_a_one_step	primary::ARID1A+BRAF	primary::ARID1A+BRAF+TP53	same_stage_one_event	TP53	1	0.33896697730286496	7.367025195226167e-05	2.4971782621398625e-05
rule_a_one_step	primary::CDKN2A+TP53	primary::ARID1A+CDKN2A+TP53	same_stage_one_event	ARID1A	1	0.06284893694578228	0.002062767054663327	0.00012964271655237247
rule_a_one_step	primary::ARID1A+TP53	primary::ARID1A+CDKN2A+TP53	same_stage_one_event	CDKN2A	1	0.09519870490443776	0.001105053779283925	0.00010519968863758407
rule_a_one_step	primary::KRAS+STK11	primary::ARID1A+KRAS+STK11	same_stage_one_event	ARID1A	1	0.02747801010177896	0.008729924856343009	0.00023988096339036443
rule_a_one_step	primary::ARID1A+STK11	primary::ARID1A+KRAS+STK11	same_stage_one_event	KRAS	1	0.39109914266541496	0.00022101075585678504	8.643711713542397e-05
rule_a_one_step	primary::ARID1A+KRAS	primary::ARID1A+KRAS+STK11	same_stage_one_event	STK11	1	0.1131444278755645	0.0016944157949020187	0.00019171370569750874
rule_a_one_step	primary::SETD2	primary::ARID1A+SETD2	same_stage_one_event	ARID1A	1	0.04286160262630774	0.002541623692353028	0.00010893806472724453
rule_a_one_step	primary::ARID1A	primary::ARID1A+SETD2	same_stage_one_event	SETD2	1	0.019480466421611997	0.001105053779283925	2.1526963041415938e-05
rule_a_one_step	primary::SMARCA4+TP53	primary::ARID1A+SMARCA4+TP53	same_stage_one_event	ARID1A	1	0.06866762454172842	0.0010682186533077943	7.335203741381038e-05
rule_a_one_step	primary::ARID1A+TP53	primary::ARID1A+SMARCA4+TP53	same_stage_one_event	SMARCA4	1	0.05401373718341343	0.001105053779283925	5.9688084407779684e-05
rule_a_one_step	primary::ARID1A+SMARCA4	primary::ARID1A+SMARCA4+TP53	same_stage_one_event	TP53	1	0.22141040878650647	3.6835125976130835e-05	8.155680300077592e-06
rule_a_one_step	primary::CDKN2A+KRAS	primary::ATM+CDKN2A+KRAS	same_stage_one_event	ATM	1	0.060726936176378865	0.0018049211728304111	0.00010960733286586726
rule_a_one_step	primary::ATM+KRAS	primary::ATM+CDKN2A+KRAS	same_stage_one_event	CDKN2A	1	0.03184235296019791	0.005377928392515103	0.00017124589406913567
rule_a_one_step	primary::CDKN2A+TP53	primary::ATM+CDKN2A+TP53	same_stage_one_event	ATM	1	0.06602747021536017	0.002062767054663327	0.00013619929026300904
rule_a_one_step	primary::ATM+TP53	primary::ATM+CDKN2A+TP53	same_stage_one_event	CDKN2A	1	0.06393131722464249	0.0008840430234271402	5.651803497095255e-05
rule_a_one_step	primary::EGFR+KRAS	primary::ATM+EGFR+KRAS	same_stage_one_event	ATM	1	0.028040189125789188	0.0006630322675703551	1.8591550179173618e-05
rule_a_one_step	primary::ATM+KRAS	primary::ATM+EGFR+KRAS	same_stage_one_event	EGFR	1	0.010279371574461238	0.005377928392515103	5.5281724247507766e-05
rule_a_one_step	primary::ATM+EGFR	primary::ATM+EGFR+KRAS	same_stage_one_event	KRAS	1	0.14416181091007865	0.0019522616767349344	0.0002814415786884547
rule_a_one_step	primary::EGFR+RBM10+TP53	primary::ATM+EGFR+RBM10+TP53	same_stage_one_event	ATM	1	0.13009273742224783	0.002946810078090467	0.00038335858972225674
rule_a_one_step	primary::ATM+RBM10+TP53	primary::ATM+EGFR+RBM10+TP53	same_stage_one_event	EGFR	1	0.07755301926450328	0.00014734050390452334	1.1426700937749119e-05
rule_a_one_step	primary::ATM+EGFR+TP53	primary::ATM+EGFR+RBM10+TP53	same_stage_one_event	RBM10	1	0.15851527347215796	0.0010313835273316634	0.00016349004188965754
rule_a_one_step	primary::ATM+EGFR+RBM10	primary::ATM+EGFR+RBM10+TP53	same_stage_one_event	TP53	1	0.20481995447608725	0.0005156917636658317	0.00010562396355772879
rule_a_one_step	primary::KEAP1+KRAS+SMARCA4+STK11	primary::ATM+KEAP1+KRAS+SMARCA4+STK11	same_stage_one_event	ATM	1	0.23043156489033137	0.0018049211728304111	0.0004159108103590039
rule_a_one_step	primary::ATM+KRAS+SMARCA4+STK11	primary::ATM+KEAP1+KRAS+SMARCA4+STK11	same_stage_one_event	KEAP1	1	0.514992510797391	0.00022101075585678504	0.0001138188840719149
rule_a_one_step	primary::ATM+KEAP1+SMARCA4+STK11	primary::ATM+KEAP1+KRAS+SMARCA4+STK11	same_stage_one_event	KRAS	1	0.7983312231557689	7.367025195226167e-05	5.881326235124273e-05
rule_a_one_step	primary::ATM+KEAP1+KRAS+STK11	primary::ATM+KEAP1+KRAS+SMARCA4+STK11	same_stage_one_event	SMARCA4	1	0.4600331069564594	0.0004788566376897009	0.00022028990682311668
rule_a_one_step	primary::KEAP1+KRAS+TP53	primary::ATM+KEAP1+KRAS+TP53	same_stage_one_event	ATM	1	0.1072347397862216	0.001141888905260056	0.00012245015962033555
rule_a_one_step	primary::ATM+KRAS+TP53	primary::ATM+KEAP1+KRAS+TP53	same_stage_one_event	KEAP1	1	0.035882673498631334	0.001105053779283925	3.96522839604737e-05
rule_a_one_step	primary::ATM+KEAP1+TP53	primary::ATM+KEAP1+KRAS+TP53	same_stage_one_event	KRAS	1	0.09901059429202247	0.00014734050390452334	1.4588270854872913e-05
rule_a_one_step	primary::ATM+KEAP1+KRAS	primary::ATM+KEAP1+KRAS+TP53	same_stage_one_event	TP53	1	0.3028622598068695	0.0002946810078090467	8.924775594721363e-05
rule_a_one_step	primary::KEAP1+NF1+TP53	primary::ATM+KEAP1+NF1+TP53	same_stage_one_event	ATM	1	0.120743664502662	0.0005893620156180934	7.11617294844037e-05
rule_a_one_step	primary::ATM+NF1+TP53	primary::ATM+KEAP1+NF1+TP53	same_stage_one_event	KEAP1	1	0.05416282044089643	0.00014734050390452334	7.980377256651897e-06
rule_a_one_step	primary::ATM+KEAP1+TP53	primary::ATM+KEAP1+NF1+TP53	same_stage_one_event	NF1	1	0.15420407673419229	0.00014734050390452334	2.2720506370147676e-05
rule_a_one_step	primary::KEAP1+STK11	primary::ATM+KEAP1+STK11	same_stage_one_event	ATM	1	0.04696842651664034	0.0026889641962575513	0.00012629641725779965
rule_a_one_step	primary::ATM+STK11	primary::ATM+KEAP1+STK11	same_stage_one_event	KEAP1	1	0.2027635947784064	0.0003683512597613084	7.468822557035744e-05
rule_a_one_step	primary::ATM+KEAP1	primary::ATM+KEAP1+STK11	same_stage_one_event	STK11	1	0.031506292703216005	0.00011050537792839252	3.48161478229144e-06
rule_a_one_step	primary::KEAP1+TP53	primary::ATM+KEAP1+TP53	same_stage_one_event	ATM	1	0.07472749752298921	0.001841756298806542	0.00013762983925701564
rule_a_one_step	primary::ATM+TP53	primary::ATM+KEAP1+TP53	same_stage_one_event	KEAP1	1	0.04461663146945309	0.0008840430234271402	3.9443021779389796e-05
rule_a_one_step	primary::ATM+KEAP1	primary::ATM+KEAP1+TP53	same_stage_one_event	TP53	1	0.07708306910443098	0.00011050537792839252	8.518093683265542e-06
rule_a_one_step	primary::KRAS+RBM10+STK11	primary::ATM+KRAS+RBM10+STK11	same_stage_one_event	ATM	1	0.10405422893549669	0.001141888905260056	0.00011881836956683356
rule_a_one_step	primary::ATM+RBM10+STK11	primary::ATM+KRAS+RBM10+STK11	same_stage_one_event	KRAS	1	0.6032256456833982	7.367025195226167e-05	4.443978530156167e-05
rule_a_one_step	primary::ATM+KRAS+STK11	primary::ATM+KRAS+RBM10+STK11	same_stage_one_event	RBM10	1	0.16531048904168522	0.002504788566376897	0.00041406782285378647
rule_a_one_step	primary::ATM+KRAS+RBM10	primary::ATM+KRAS+RBM10+STK11	same_stage_one_event	STK11	1	0.22246363435268482	0.0014365699130691027	0.0003195845638630731
rule_a_one_step	primary::KRAS+SETD2+TP53	primary::ATM+KRAS+SETD2+TP53	same_stage_one_event	ATM	1	0.12345981738436405	0.0009945484013555326	0.00012278676401126528
rule_a_one_step	primary::ATM+SETD2+TP53	primary::ATM+KRAS+SETD2+TP53	same_stage_one_event	KRAS	1	0.05855407698312613	3.6835125976130835e-05	2.156846802089514e-06
rule_a_one_step	primary::ATM+KRAS+TP53	primary::ATM+KRAS+SETD2+TP53	same_stage_one_event	SETD2	1	0.057374073099663206	0.001105053779283925	6.340143631169501e-05
rule_a_one_step	primary::ATM+KRAS+SETD2	primary::ATM+KRAS+SETD2+TP53	same_stage_one_event	TP53	1	0.20262928295067822	0.00025784588183291586	5.224712614758905e-05
rule_a_one_step	primary::KRAS+STK11+TP53	primary::ATM+KRAS+STK11+TP53	same_stage_one_event	ATM	1	0.06856586435698145	0.0024311183144246355	0.00016669172858261295
rule_a_one_step	primary::ATM+STK11+TP53	primary::ATM+KRAS+STK11+TP53	same_stage_one_event	KRAS	1	0.08764252173513154	0.00022101075585678504	1.9369939973876133e-05
rule_a_one_step	primary::ATM+KRAS+TP53	primary::ATM+KRAS+STK11+TP53	same_stage_one_event	STK11	1	0.34861545485453976	0.001105053779283925	0.00038523882590379375
rule_a_one_step	primary::ATM+KRAS+STK11	primary::ATM+KRAS+STK11+TP53	same_stage_one_event	TP53	1	0.017233468544924226	0.002504788566376897	4.3166194970342103e-05
rule_a_one_step	primary::NF1+TP53	primary::ATM+NF1+TP53	same_stage_one_event	ATM	1	0.10685471578485156	0.0032783262118756444	0.00035030461562000106
rule_a_one_step	primary::ATM+TP53	primary::ATM+NF1+TP53	same_stage_one_event	NF1	1	0.12920606533677068	0.0008840430234271402	0.00011422372064544336
rule_a_one_step	primary::ATM+NF1	primary::ATM+NF1+TP53	same_stage_one_event	TP53	1	0.09753158854710081	0.00033151613378517756	3.233329515706156e-05
rule_a_one_step	primary::RBM10+TP53	primary::ATM+RBM10+TP53	same_stage_one_event	ATM	1	0.07250329581257768	0.0008103727714748784	5.875469676870152e-05
rule_a_one_step	primary::ATM+TP53	primary::ATM+RBM10+TP53	same_stage_one_event	RBM10	1	0.056537398664513516	0.0008840430234271402	4.9981492852082084e-05
rule_a_one_step	primary::ATM+RBM10	primary::ATM+RBM10+TP53	same_stage_one_event	TP53	1	0.01723058285105901	0.00022101075585678504	3.80814413976551e-06
rule_a_one_step	primary::CDKN2A+EGFR+KRAS+MET+PIK3CA+STK11+TP53	primary::BRAF+CDKN2A+EGFR+KRAS+MET+PIK3CA+STK11+TP53	same_stage_one_event	BRAF	1	0.06514302552104437	0.00011050537792839252	7.198654654601927e-06
rule_a_one_step	primary::BRAF+EGFR+KRAS+MET+PIK3CA+STK11+TP53	primary::BRAF+CDKN2A+EGFR+KRAS+MET+PIK3CA+STK11+TP53	same_stage_one_event	CDKN2A	1	0.16524809814993324	0.00014734050390452334	2.4347738050675296e-05
rule_a_one_step	primary::BRAF+CDKN2A+EGFR+MET+PIK3CA+STK11+TP53	primary::BRAF+CDKN2A+EGFR+KRAS+MET+PIK3CA+STK11+TP53	same_stage_one_event	KRAS	1	0.0026720254881327722	3.6835125976130835e-05	9.842439546680315e-08
rule_a_one_step	primary::BRAF+CDKN2A+EGFR+KRAS+MET+PIK3CA+TP53	primary::BRAF+CDKN2A+EGFR+KRAS+MET+PIK3CA+STK11+TP53	same_stage_one_event	STK11	1	0.14711312836859727	0.00014734050390452334	2.167572246479995e-05
rule_a_one_step	primary::BRAF+CDKN2A+EGFR+KRAS+MET+PIK3CA+STK11	primary::BRAF+CDKN2A+EGFR+KRAS+MET+PIK3CA+STK11+TP53	same_stage_one_event	TP53	1	0.12593678810821976	3.6835125976130835e-05	4.63889745499557e-06
rule_a_one_step	primary::CDKN2A+EGFR+KRAS+MET+PIK3CA+TP53	primary::BRAF+CDKN2A+EGFR+KRAS+MET+PIK3CA+TP53	same_stage_one_event	BRAF	1	0.07379054346653369	7.367025195226167e-05	5.436167928873853e-06
rule_a_one_step	primary::BRAF+EGFR+KRAS+MET+PIK3CA+TP53	primary::BRAF+CDKN2A+EGFR+KRAS+MET+PIK3CA+TP53	same_stage_one_event	CDKN2A	1	0.2009361806284981	0.00022101075585678504	4.4409057159679856e-05
rule_a_one_step	primary::BRAF+CDKN2A+EGFR+KRAS+PIK3CA+TP53	primary::BRAF+CDKN2A+EGFR+KRAS+MET+PIK3CA+TP53	same_stage_one_event	MET	1	0.0008788660675505105	7.367025195226167e-05	6.474628462873953e-08
rule_a_one_step	primary::BRAF+CDKN2A+EGFR+KRAS+MET+PIK3CA	primary::BRAF+CDKN2A+EGFR+KRAS+MET+PIK3CA+TP53	same_stage_one_event	TP53	1	0.7253064036139407	3.6835125976130835e-05	2.6716752748413904e-05
rule_a_one_step	primary::CDKN2A+KRAS	primary::BRAF+CDKN2A+KRAS	same_stage_one_event	BRAF	1	0.0234191683737249	0.0018049211728304111	4.2269752847816414e-05
rule_a_one_step	primary::BRAF+KRAS	primary::BRAF+CDKN2A+KRAS	same_stage_one_event	CDKN2A	1	0.027811860306577535	0.001141888905260056	3.1758054718723425e-05
rule_a_one_step	primary::BRAF+CDKN2A	primary::BRAF+CDKN2A+KRAS	same_stage_one_event	KRAS	1	0.09060978878446252	0.0002946810078090467	2.670098387637027e-05
rule_a_one_step	primary::EGFR+KRAS+MET+PIK3CA+STK11+TP53	primary::BRAF+EGFR+KRAS+MET+PIK3CA+STK11+TP53	same_stage_one_event	BRAF	1	0.05892768037654736	0.00014734050390452334	8.682434120605179e-06
rule_a_one_step	primary::BRAF+EGFR+MET+PIK3CA+STK11+TP53	primary::BRAF+EGFR+KRAS+MET+PIK3CA+STK11+TP53	same_stage_one_event	KRAS	1	0.0024956714856872882	3.6835125976130835e-05	9.192837357032886e-08
rule_a_one_step	primary::BRAF+EGFR+KRAS+MET+PIK3CA+TP53	primary::BRAF+EGFR+KRAS+MET+PIK3CA+STK11+TP53	same_stage_one_event	STK11	1	0.11682077514542528	0.00022101075585678504	2.581864781466597e-05
rule_a_one_step	primary::KEAP1+KRAS+STK11	primary::BRAF+KEAP1+KRAS+STK11	same_stage_one_event	BRAF	1	0.03911162571544978	0.004935906880801533	0.00019305134248822275
rule_a_one_step	primary::BRAF+KRAS+STK11	primary::BRAF+KEAP1+KRAS+STK11	same_stage_one_event	KEAP1	1	0.44147585450262156	0.0002946810078090467	0.00013009454972819258
rule_a_one_step	primary::BRAF+KEAP1+STK11	primary::BRAF+KEAP1+KRAS+STK11	same_stage_one_event	KRAS	1	0.19629210371427866	0.0005156917636658317	0.00010122622115809272
rule_a_one_step	primary::BRAF+KEAP1+KRAS	primary::BRAF+KEAP1+KRAS+STK11	same_stage_one_event	STK11	1	0.04385520279255003	7.367025195226167e-05	3.2308238391446904e-06
rule_a_one_step	primary::KEAP1+STK11+TP53	primary::BRAF+KEAP1+STK11+TP53	same_stage_one_event	BRAF	1	0.056253814898942225	0.0017312509208781495	9.73894688467027e-05
rule_a_one_step	primary::BRAF+STK11+TP53	primary::BRAF+KEAP1+STK11+TP53	same_stage_one_event	KEAP1	1	0.5485574571830819	0.0005156917636658317	0.00028288656256678747
rule_a_one_step	primary::BRAF+KEAP1+TP53	primary::BRAF+KEAP1+STK11+TP53	same_stage_one_event	STK11	1	0.07588940642509072	0.00025784588183291586	1.956777092145407e-05
rule_a_one_step	primary::BRAF+KEAP1+STK11	primary::BRAF+KEAP1+STK11+TP53	same_stage_one_event	TP53	1	0.03205619044596303	0.0005156917636658317	1.6531113387486457e-05
rule_a_one_step	primary::SETD2+TP53	primary::BRAF+SETD2+TP53	same_stage_one_event	BRAF	1	0.07321256695704235	0.000920878149403271	6.741985317246424e-05
rule_a_one_step	primary::BRAF+TP53	primary::BRAF+SETD2+TP53	same_stage_one_event	SETD2	1	0.1635940497461346	0.003204655959923383	0.0005242626465269526
rule_a_one_step	primary::BRAF+SETD2	primary::BRAF+SETD2+TP53	same_stage_one_event	TP53	1	0.3085711180023725	0.0013260645351407102	0.00040918521615166537
rule_a_one_step	primary::SMARCA4+TP53	primary::BRAF+SMARCA4+TP53	same_stage_one_event	BRAF	1	0.07309827623370786	0.0010682186533077943	7.808494219749256e-05
rule_a_one_step	primary::BRAF+TP53	primary::BRAF+SMARCA4+TP53	same_stage_one_event	SMARCA4	1	0.05690204955759028	0.003204655959923383	0.00018235149224658738
rule_a_one_step	primary::BRAF+SMARCA4	primary::BRAF+SMARCA4+TP53	same_stage_one_event	TP53	1	0.34453736642642724	3.6835125976130835e-05	1.2691077295801798e-05
rule_a_one_step	primary::EGFR+KRAS+TP53	primary::CDKN2A+EGFR+KRAS+TP53	same_stage_one_event	CDKN2A	1	0.117954876787177	0.0007735376454987476	9.124253766504777e-05
rule_a_one_step	primary::CDKN2A+KRAS+TP53	primary::CDKN2A+EGFR+KRAS+TP53	same_stage_one_event	EGFR	1	0.0025061779026917673	0.002541623692353028	6.3697611347330175e-06
rule_a_one_step	primary::CDKN2A+EGFR+TP53	primary::CDKN2A+EGFR+KRAS+TP53	same_stage_one_event	KRAS	1	0.012828542785505489	0.0015102401650213643	1.9374180573365442e-05
rule_a_one_step	primary::EGFR+MET+PIK3CA+TP53	primary::CDKN2A+EGFR+MET+PIK3CA+TP53	same_stage_one_event	CDKN2A	1	0.18230363976015676	7.367025195226167e-05	1.3430355072945096e-05
rule_a_one_step	primary::CDKN2A+MET+PIK3CA+TP53	primary::CDKN2A+EGFR+MET+PIK3CA+TP53	same_stage_one_event	EGFR	1	0.05526489194686706	3.6835125976130835e-05	2.0356892569201067e-06
rule_a_one_step	primary::CDKN2A+EGFR+PIK3CA+TP53	primary::CDKN2A+EGFR+MET+PIK3CA+TP53	same_stage_one_event	MET	1	0.031207996117729002	7.367025195226167e-05	2.2991009369182995e-06
rule_a_one_step	primary::CDKN2A+EGFR+MET+TP53	primary::CDKN2A+EGFR+MET+PIK3CA+TP53	same_stage_one_event	PIK3CA	1	0.3924389514732598	0.0001841756298806542	7.227769107729111e-05
rule_a_one_step	primary::CDKN2A+EGFR+MET+PIK3CA	primary::CDKN2A+EGFR+MET+PIK3CA+TP53	same_stage_one_event	TP53	1	0.6565367678120887	3.6835125976130835e-05	2.418361455032005e-05
rule_a_one_step	primary::EGFR+RBM10	primary::CDKN2A+EGFR+RBM10	same_stage_one_event	CDKN2A	1	0.022074032014759007	0.007809046706939738	0.00017237714701373618
rule_a_one_step	primary::CDKN2A+RBM10	primary::CDKN2A+EGFR+RBM10	same_stage_one_event	EGFR	1	0.4241385261628525	0.00011050537792839252	4.6869588127617416e-05
rule_a_one_step	primary::CDKN2A+EGFR	primary::CDKN2A+EGFR+RBM10	same_stage_one_event	RBM10	1	0.04826959494275385	0.0009945484013555326	4.800644848439495e-05
rule_a_one_step	primary::EGFR+RBM10+TP53	primary::CDKN2A+EGFR+RBM10+TP53	same_stage_one_event	CDKN2A	1	0.11162651783134375	0.002946810078090467	0.000328942147727549
rule_a_one_step	primary::CDKN2A+RBM10+TP53	primary::CDKN2A+EGFR+RBM10+TP53	same_stage_one_event	EGFR	1	0.13899995497059262	0.00011050537792839252	1.536024255605488e-05
rule_a_one_step	primary::CDKN2A+EGFR+TP53	primary::CDKN2A+EGFR+RBM10+TP53	same_stage_one_event	RBM10	1	0.13940776846687794	0.0015102401650213643	0.0002105392112546779
rule_a_one_step	primary::CDKN2A+EGFR+RBM10	primary::CDKN2A+EGFR+RBM10+TP53	same_stage_one_event	TP53	1	0.47560807790611437	0.00014734050390452334	7.007633385974868e-05
rule_a_one_step	primary::KEAP1+KRAS+STK11	primary::CDKN2A+KEAP1+KRAS+STK11	same_stage_one_event	CDKN2A	1	0.05747066878017676	0.004935906880801533	0.0002836698694763403
rule_a_one_step	primary::CDKN2A+KRAS+STK11	primary::CDKN2A+KEAP1+KRAS+STK11	same_stage_one_event	KEAP1	1	0.5132159932885076	0.0004420215117135701	0.0002268525091889676
rule_a_one_step	primary::CDKN2A+KEAP1+STK11	primary::CDKN2A+KEAP1+KRAS+STK11	same_stage_one_event	KRAS	1	0.5287159436039804	7.367025195226167e-05	3.895063677648301e-05
rule_a_one_step	primary::KEAP1+KRAS+TP53	primary::CDKN2A+KEAP1+KRAS+TP53	same_stage_one_event	CDKN2A	1	0.17291191646308968	0.001141888905260056	0.0001974461989964557
rule_a_one_step	primary::CDKN2A+KRAS+TP53	primary::CDKN2A+KEAP1+KRAS+TP53	same_stage_one_event	KEAP1	1	0.06409910393587158	0.002541623692353028	0.00016291580122201044
rule_a_one_step	primary::CDKN2A+KEAP1+TP53	primary::CDKN2A+KEAP1+KRAS+TP53	same_stage_one_event	KRAS	1	0.06340284345447554	0.0004051863857374392	2.5689968984795598e-05
rule_a_one_step	primary::SMARCA4	primary::CDKN2A+SMARCA4	same_stage_one_event	CDKN2A	1	0.013895462948304764	0.0005893620156180934	8.18945805115943e-06
rule_a_one_step	primary::CDKN2A	primary::CDKN2A+SMARCA4	same_stage_one_event	SMARCA4	1	0.022163261774592654	0.0008840430234271402	1.9593276948218055e-05
rule_a_one_step	primary::KRAS+MET+PIK3CA+STK11+TP53	primary::EGFR+KRAS+MET+PIK3CA+STK11+TP53	same_stage_one_event	EGFR	1	7.741970891391151e-05	7.367025195226167e-05	5.70352946175862e-09
rule_a_one_step	primary::EGFR+MET+PIK3CA+STK11+TP53	primary::EGFR+KRAS+MET+PIK3CA+STK11+TP53	same_stage_one_event	KRAS	1	0.012248649787647349	3.6835125976130835e-05	4.511805579654983e-07
rule_a_one_step	primary::EGFR+KRAS+MET+STK11+TP53	primary::EGFR+KRAS+MET+PIK3CA+STK11+TP53	same_stage_one_event	PIK3CA	1	0.1882000225068267	3.6835125976130835e-05	6.932371537749619e-06
rule_a_one_step	primary::EGFR+KRAS+MET+PIK3CA+TP53	primary::EGFR+KRAS+MET+PIK3CA+STK11+TP53	same_stage_one_event	STK11	1	0.12102792396097518	3.6835125976130835e-05	4.4580788257321044e-06
rule_a_one_step	primary::EGFR+KRAS+MET+PIK3CA+STK11	primary::EGFR+KRAS+MET+PIK3CA+STK11+TP53	same_stage_one_event	TP53	1	0.13431018429450994	0.00011050537792839252	1.4841997675096871e-05
rule_a_one_step	primary::KRAS+MET+TP53	primary::EGFR+KRAS+MET+TP53	same_stage_one_event	EGFR	1	0.0010197469944724451	0.000920878149403271	9.390627251293329e-07
rule_a_one_step	primary::EGFR+MET+TP53	primary::EGFR+KRAS+MET+TP53	same_stage_one_event	KRAS	1	0.007272669333760028	0.0007735376454987476	5.625683512927678e-06
rule_a_one_step	primary::EGFR+KRAS+TP53	primary::EGFR+KRAS+MET+TP53	same_stage_one_event	MET	1	0.0020451652405642576	0.0007735376454987476	1.5820123048419554e-06
rule_a_one_step	primary::EGFR+KRAS+MET	primary::EGFR+KRAS+MET+TP53	same_stage_one_event	TP53	1	0.821175612198854	7.367025195226167e-05	6.04962142477423e-05
rule_a_one_step	primary::KRAS+STK11	primary::EGFR+KRAS+STK11	same_stage_one_event	EGFR	1	0.0011140464993035061	0.008729924856343009	9.725542225391593e-06
rule_a_one_step	primary::EGFR+STK11	primary::EGFR+KRAS+STK11	same_stage_one_event	KRAS	1	0.14698953643751986	0.0004051863857374392	5.9558159010340297e-05
rule_a_one_step	primary::EGFR+KRAS	primary::EGFR+KRAS+STK11	same_stage_one_event	STK11	1	0.01567825110030459	0.0006630322675703551	1.0395186378572368e-05
rule_a_one_step	primary::KRAS+STK11+TP53	primary::EGFR+KRAS+STK11+TP53	same_stage_one_event	EGFR	1	0.00011231747082706736	0.0024311183144246355	2.730570603575382e-07
rule_a_one_step	primary::EGFR+STK11+TP53	primary::EGFR+KRAS+STK11+TP53	same_stage_one_event	KRAS	1	0.01255847872273738	0.00025784588183291586	3.2381520207441305e-06
rule_a_one_step	primary::EGFR+KRAS+TP53	primary::EGFR+KRAS+STK11+TP53	same_stage_one_event	STK11	1	0.09543178643634824	0.0007735376454987476	7.382007938571214e-05
rule_a_one_step	primary::EGFR+KRAS+STK11	primary::EGFR+KRAS+STK11+TP53	same_stage_one_event	TP53	1	0.18534346438094956	0.00014734050390452334	2.7308599437299182e-05
rule_a_one_step	primary::MET+PIK3CA	primary::EGFR+MET+PIK3CA	same_stage_one_event	EGFR	1	0.2088787132097134	0.00011050537792839252	2.3082221144435694e-05
rule_a_one_step	primary::EGFR+PIK3CA	primary::EGFR+MET+PIK3CA	same_stage_one_event	MET	1	0.02693036282844595	0.003204655959923383	8.630254774107845e-05
rule_a_one_step	primary::EGFR+MET	primary::EGFR+MET+PIK3CA	same_stage_one_event	PIK3CA	1	0.07009853827641445	0.0004420215117135701	3.098506185785227e-05
rule_a_one_step	primary::RBM10+SETD2	primary::EGFR+RBM10+SETD2	same_stage_one_event	EGFR	1	0.3302220013960856	0.00014734050390452334	4.8655076086059464e-05
rule_a_one_step	primary::EGFR+SETD2	primary::EGFR+RBM10+SETD2	same_stage_one_event	RBM10	1	0.06193872561931554	0.0015470752909974952	9.58238719615166e-05
rule_a_one_step	primary::EGFR+RBM10	primary::EGFR+RBM10+SETD2	same_stage_one_event	SETD2	1	0.03756282533299653	0.007809046706939738	0.0002933298574699891
rule_a_one_step	primary::RBM10+SMARCA4	primary::EGFR+RBM10+SMARCA4	same_stage_one_event	EGFR	1	0.39147740868051595	3.6835125976130835e-05	1.442011966555606e-05
rule_a_one_step	primary::EGFR+SMARCA4	primary::EGFR+RBM10+SMARCA4	same_stage_one_event	RBM10	1	0.04981856230868538	0.001105053779283925	5.5052190557704484e-05
rule_a_one_step	primary::EGFR+RBM10	primary::EGFR+RBM10+SMARCA4	same_stage_one_event	SMARCA4	1	0.030397459286567348	0.007809046706939738	0.0002373751793411035
rule_a_one_step	primary::KRAS+NF1	primary::KEAP1+KRAS+NF1	same_stage_one_event	KEAP1	1	0.028466143003602205	0.0013260645351407102	3.774794268932074e-05
rule_a_one_step	primary::KEAP1+NF1	primary::KEAP1+KRAS+NF1	same_stage_one_event	KRAS	1	0.17442155671614332	7.367025195226167e-05	1.2849680029183977e-05
rule_a_one_step	primary::KEAP1+KRAS	primary::KEAP1+KRAS+NF1	same_stage_one_event	NF1	1	0.026598798147426432	0.0019154265507588036	5.0948044189854664e-05
rule_a_one_step	primary::KEAP1+RBM10+STK11+TP53	primary::KEAP1+KRAS+RBM10+STK11+TP53	same_stage_one_event	KRAS	1	0.07470090434636513	7.367025195226167e-05	5.503234444258518e-06
rule_a_one_step	primary::KEAP1+KRAS+STK11+TP53	primary::KEAP1+KRAS+RBM10+STK11+TP53	same_stage_one_event	RBM10	1	0.08824189774297	0.0005525268896419625	4.875602129602733e-05
rule_a_one_step	primary::KEAP1+KRAS+RBM10+TP53	primary::KEAP1+KRAS+RBM10+STK11+TP53	same_stage_one_event	STK11	1	0.06033074186604053	0.0001841756298806542	1.111145238434517e-05
rule_a_one_step	primary::KEAP1+KRAS+RBM10+STK11	primary::KEAP1+KRAS+RBM10+STK11+TP53	same_stage_one_event	TP53	1	0.022668869049032366	0.0006998673935464859	1.586520229599289e-05
rule_a_one_step	primary::PIK3CA+SETD2+TP53	primary::KRAS+PIK3CA+SETD2+TP53	same_stage_one_event	KRAS	1	0.03596297036793909	3.6835125976130835e-05	1.3247005439788969e-06
rule_a_one_step	primary::KRAS+SETD2+TP53	primary::KRAS+PIK3CA+SETD2+TP53	same_stage_one_event	PIK3CA	1	0.08309212462787048	0.0009945484013555326	8.263913971388326e-05
rule_a_one_step	primary::KRAS+PIK3CA+TP53	primary::KRAS+PIK3CA+SETD2+TP53	same_stage_one_event	SETD2	1	0.054906585595861104	0.0014734050390452335	8.089963989371019e-05
rule_a_one_step	primary::KRAS+PIK3CA+SETD2	primary::KRAS+PIK3CA+SETD2+TP53	same_stage_one_event	TP53	1	0.26573437436926484	0.00011050537792839252	2.9365077468240553e-05
rule_a_one_step	primary::SETD2+SMARCA4	primary::KRAS+SETD2+SMARCA4	same_stage_one_event	KRAS	1	0.2131258215417386	7.367025195226167e-05	1.570103297051264e-05
rule_a_one_step	primary::KRAS+SMARCA4	primary::KRAS+SETD2+SMARCA4	same_stage_one_event	SETD2	1	0.03287850728596484	0.0007735376454987476	2.543276311349866e-05
rule_a_one_step	primary::KRAS+SETD2	primary::KRAS+SETD2+SMARCA4	same_stage_one_event	SMARCA4	1	0.03144930254065526	0.0019522616767349344	6.139726811016388e-05
rule_a_one_step	primary::SETD2+SMARCA4+TP53	primary::KRAS+SETD2+SMARCA4+TP53	same_stage_one_event	KRAS	1	0.03169204645025191	0.00011050537792839252	3.5021415703092574e-06
rule_a_one_step	primary::KRAS+SMARCA4+TP53	primary::KRAS+SETD2+SMARCA4+TP53	same_stage_one_event	SETD2	1	0.05325238223343963	0.0006630322675703551	3.530804774576077e-05
rule_a_one_step	primary::KRAS+SETD2+TP53	primary::KRAS+SETD2+SMARCA4+TP53	same_stage_one_event	SMARCA4	1	0.06396688997648804	0.0009945484013555326	6.361816816580142e-05
rule_a_one_step	primary::KRAS+SETD2+SMARCA4	primary::KRAS+SETD2+SMARCA4+TP53	same_stage_one_event	TP53	1	0.45288336054925604	0.00014734050390452334	6.672806255330131e-05
rule_a_one_step	primary::RBM10+TP53	primary::PIK3CA+RBM10+TP53	same_stage_one_event	PIK3CA	1	0.046074708140453516	0.0008103727714748784	3.733768893067546e-05
rule_a_one_step	primary::PIK3CA+TP53	primary::PIK3CA+RBM10+TP53	same_stage_one_event	RBM10	1	0.04958950917428322	0.001583910416973626	7.854534015375639e-05
rule_a_one_step	primary::PIK3CA+RBM10	primary::PIK3CA+RBM10+TP53	same_stage_one_event	TP53	1	0.024154510750945435	0.00011050537792839252	2.6692033392086455e-06
rule_a_one_step	primary::SETD2	primary::RBM10+SETD2	same_stage_one_event	RBM10	1	0.03507524450007022	0.002541623692353028	8.914807243645371e-05
rule_a_one_step	primary::RBM10	primary::RBM10+SETD2	same_stage_one_event	SETD2	1	0.020866738148694337	0.0012892294091645794	2.690201249463319e-05
rule_a_one_step	unknown::TP53	unknown::ARID1A+TP53	same_stage_one_event	ARID1A	1	0.057939727147424	0.0035730072196846915	0.00020701906340430708
rule_a_one_step	unknown::ARID1A	unknown::ARID1A+TP53	same_stage_one_event	TP53	1	0.2022466107954845	0.0001841756298806542	3.724889693448587e-05
rule_a_one_step	unknown::KRAS+RBM10	unknown::ATM+KRAS+RBM10	same_stage_one_event	ATM	1	0.1296794894797967	0.0004051863857374392	5.25443636465951e-05
rule_a_one_step	unknown::ATM+KRAS	unknown::ATM+KRAS+RBM10	same_stage_one_event	RBM10	1	0.13350897079636825	0.0004051863857374392	5.409601734050577e-05
rule_a_one_step	unknown::KRAS	unknown::CDKN2A+KRAS	same_stage_one_event	CDKN2A	1	0.02677674097986994	0.002725799322233682	7.298802241455634e-05
rule_a_one_step	unknown::CDKN2A	unknown::CDKN2A+KRAS	same_stage_one_event	KRAS	1	0.2536863616579952	7.367025195226167e-05	1.868913818019708e-05
rule_a_one_step	unknown::KRAS+SMARCA4	unknown::KEAP1+KRAS+SMARCA4	same_stage_one_event	KEAP1	1	0.0287372906232785	0.0001841756298806542	5.292708601605736e-06
rule_a_one_step	unknown::KEAP1+KRAS	unknown::KEAP1+KRAS+SMARCA4	same_stage_one_event	SMARCA4	1	0.058752690978534965	7.367025195226167e-05	4.3283255472620425e-06
rule_a_one_step	unknown::STK11	unknown::KEAP1+STK11	same_stage_one_event	KEAP1	1	0.3567062056661642	0.0002946810078090467	0.00010511454417744633
rule_a_one_step	unknown::KEAP1	unknown::KEAP1+STK11	same_stage_one_event	STK11	1	0.02288884792513842	7.367025195226167e-05	1.6862271935419492e-06
rule_a_one_step	unknown::KRAS+STK11	unknown::KRAS+RBM10+STK11	same_stage_one_event	RBM10	1	0.10255831042536785	0.0002946810078090467	3.0221986275340458e-05
rule_a_one_step	unknown::KRAS+RBM10	unknown::KRAS+RBM10+STK11	same_stage_one_event	STK11	1	0.11215938206946945	0.0004051863857374392	4.544545464727287e-05
rule_a_one_step	unknown::RBM10+TP53	unknown::KRAS+RBM10+TP53	same_stage_one_event	KRAS	1	0.053291263272673084	7.367025195226167e-05	3.925980792152135e-06
rule_a_one_step	unknown::KRAS+TP53	unknown::KRAS+RBM10+TP53	same_stage_one_event	RBM10	1	0.08829726292041863	0.0014365699130691027	0.0001268451913178255
rule_a_one_step	unknown::KRAS+RBM10	unknown::KRAS+RBM10+TP53	same_stage_one_event	TP53	1	0.28207074819376404	0.0004051863857374392	0.00011429122698288655
rule_a_one_step	unknown::SETD2	unknown::KRAS+SETD2	same_stage_one_event	KRAS	1	0.22497937049978473	0.00014734050390452334	3.3148573817560737e-05
rule_a_one_step	unknown::KRAS	unknown::KRAS+SETD2	same_stage_one_event	SETD2	1	0.03162839567331638	0.002725799322233682	8.62126594896645e-05
rule_a_one_step	unknown::WT	unknown::SETD2	same_stage_one_event	SETD2	1	0.018023555595364962	0.11787240312361869	0.002124479810857812
rule_a_one_step	metastatic::ARID1A+ATM+KEAP1+KRAS	metastatic::ARID1A+ATM+KEAP1+KRAS+MET	same_stage_one_event	MET	1	0.011451853539109803	3.6835125976130835e-05	4.218304677733094e-07
rule_a_one_step	metastatic::ATM+KEAP1+KRAS+STK11	metastatic::ARID1A+ATM+KEAP1+KRAS+STK11	same_stage_one_event	ARID1A	1	0.08622885566222797	0.0005893620156180934	5.082001217753232e-05
rule_a_one_step	metastatic::ARID1A+KEAP1+KRAS+STK11	metastatic::ARID1A+ATM+KEAP1+KRAS+STK11	same_stage_one_event	ATM	1	0.15865582716690915	0.00025784588183291586	4.090875166378238e-05
rule_a_one_step	metastatic::ARID1A+ATM+KRAS+STK11	metastatic::ARID1A+ATM+KEAP1+KRAS+STK11	same_stage_one_event	KEAP1	1	0.4759689536409159	7.367025195226167e-05	3.5064752736180626e-05
rule_a_one_step	metastatic::ARID1A+ATM+KEAP1+STK11	metastatic::ARID1A+ATM+KEAP1+KRAS+STK11	same_stage_one_event	KRAS	1	0.7142359878811327	7.367025195226167e-05	5.2617945180575565e-05
rule_a_one_step	metastatic::ARID1A+ATM+KEAP1+KRAS	metastatic::ARID1A+ATM+KEAP1+KRAS+STK11	same_stage_one_event	STK11	1	0.11265121260087804	3.6835125976130835e-05	4.14952160751724e-06
rule_a_one_step	metastatic::BRAF+SETD2	metastatic::ARID1A+BRAF+SETD2	same_stage_one_event	ARID1A	1	0.08186341540619489	0.0006261971415942243	5.1262636728499825e-05
rule_a_one_step	metastatic::ARID1A+SETD2	metastatic::ARID1A+BRAF+SETD2	same_stage_one_event	BRAF	1	0.039225918687084575	7.367025195226167e-05	2.88978331273645e-06
rule_a_one_step	metastatic::ARID1A+BRAF	metastatic::ARID1A+BRAF+SETD2	same_stage_one_event	SETD2	1	0.12276740961538686	7.367025195226167e-05	9.044305997892062e-06
rule_a_one_step	metastatic::CDKN2A+KEAP1+KRAS+TP53	metastatic::ARID1A+CDKN2A+KEAP1+KRAS+TP53	same_stage_one_event	ARID1A	1	0.11881406224383147	0.00014734050390452334	1.750612380194953e-05
rule_a_one_step	metastatic::ARID1A+KEAP1+KRAS+TP53	metastatic::ARID1A+CDKN2A+KEAP1+KRAS+TP53	same_stage_one_event	CDKN2A	1	0.19359863581962813	7.367025195226167e-05	1.4262460278446155e-05
rule_a_one_step	metastatic::ARID1A+CDKN2A+KRAS+TP53	metastatic::ARID1A+CDKN2A+KEAP1+KRAS+TP53	same_stage_one_event	KEAP1	1	0.07024362536778159	0.00014734050390452334	1.0349731157769499e-05
rule_a_one_step	metastatic::ARID1A+CDKN2A+KEAP1+TP53	metastatic::ARID1A+CDKN2A+KEAP1+KRAS+TP53	same_stage_one_event	KRAS	1	0.06834638537862116	0.00014734050390452334	1.0070190861738788e-05
rule_a_one_step	metastatic::ARID1A+CDKN2A+KEAP1+KRAS	metastatic::ARID1A+CDKN2A+KEAP1+KRAS+TP53	same_stage_one_event	TP53	1	0.6002294533155236	3.6835125976130835e-05	2.2109527527461453e-05
rule_a_one_step	metastatic::CDKN2A+SMARCA4+TP53	metastatic::ARID1A+CDKN2A+SMARCA4+TP53	same_stage_one_event	ARID1A	1	0.07764195324251612	0.0004420215117135701	3.43194135446513e-05
rule_a_one_step	metastatic::ARID1A+SMARCA4+TP53	metastatic::ARID1A+CDKN2A+SMARCA4+TP53	same_stage_one_event	CDKN2A	1	0.10369411390608917	0.00011050537792839252	1.1458757246142166e-05
rule_a_one_step	metastatic::ARID1A+CDKN2A+TP53	metastatic::ARID1A+CDKN2A+SMARCA4+TP53	same_stage_one_event	SMARCA4	1	0.0935009945813665	0.00014734050390452334	1.3776483657192646e-05
rule_a_one_step	metastatic::KEAP1+KRAS	metastatic::ARID1A+KEAP1+KRAS	same_stage_one_event	ARID1A	1	0.03875415718838597	0.0014365699130691027	5.567305622318598e-05
rule_a_one_step	metastatic::ARID1A+KRAS	metastatic::ARID1A+KEAP1+KRAS	same_stage_one_event	KEAP1	1	0.029390688685680507	0.00033151613378517756	9.743487482360563e-06
rule_a_one_step	metastatic::ARID1A+KEAP1	metastatic::ARID1A+KEAP1+KRAS	same_stage_one_event	KRAS	1	0.3470054018620862	7.367025195226167e-05	2.5563975383975705e-05
rule_a_one_step	metastatic::KEAP1+NF1+TP53	metastatic::ARID1A+KEAP1+NF1+TP53	same_stage_one_event	ARID1A	1	0.16665062405992487	0.0005525268896419625	9.20789509687223e-05
rule_a_one_step	metastatic::ARID1A+NF1+TP53	metastatic::ARID1A+KEAP1+NF1+TP53	same_stage_one_event	KEAP1	1	0.09546658554483288	0.0004420215117135701	4.2198284460659887e-05
rule_a_one_step	metastatic::ARID1A+KEAP1+TP53	metastatic::ARID1A+KEAP1+NF1+TP53	same_stage_one_event	NF1	1	0.1562526726834697	0.0005156917636658317	8.057821635363841e-05
rule_a_one_step	metastatic::KEAP1+SMARCA4+STK11	metastatic::ARID1A+KEAP1+SMARCA4+STK11	same_stage_one_event	ARID1A	1	0.034431503688503985	0.0003683512597613084	1.2682887759136578e-05
rule_a_one_step	metastatic::KRAS+NF1+TP53	metastatic::ARID1A+KRAS+NF1+TP53	same_stage_one_event	ARID1A	1	0.11959883811714016	0.000920878149403271	0.00011013595671609342
rule_a_one_step	metastatic::ARID1A+NF1+TP53	metastatic::ARID1A+KRAS+NF1+TP53	same_stage_one_event	KRAS	1	0.023737216911689393	0.0004420215117135701	1.0492360503177866e-05
rule_a_one_step	metastatic::ARID1A+KRAS+TP53	metastatic::ARID1A+KRAS+NF1+TP53	same_stage_one_event	NF1	1	0.09605412555327551	0.0012523942831884486	0.00012029763771958773
rule_a_one_step	metastatic::ARID1A+KRAS+NF1	metastatic::ARID1A+KRAS+NF1+TP53	same_stage_one_event	TP53	1	0.49964816723342415	7.367025195226167e-05	3.680920636757213e-05
rule_a_one_step	metastatic::KRAS+RBM10	metastatic::ARID1A+KRAS+RBM10	same_stage_one_event	ARID1A	1	0.0599509622937368	0.001583910416973626	9.495695368464279e-05
rule_a_one_step	metastatic::ARID1A+RBM10	metastatic::ARID1A+KRAS+RBM10	same_stage_one_event	KRAS	1	0.28361825437250243	0.00025784588183291586	7.312979890259013e-05
rule_a_one_step	metastatic::ARID1A+KRAS	metastatic::ARID1A+KRAS+RBM10	same_stage_one_event	RBM10	1	0.074040580555813	0.00033151613378517756	2.4545647009073118e-05
rule_a_one_step	metastatic::KRAS+RBM10+TP53	metastatic::ARID1A+KRAS+RBM10+TP53	same_stage_one_event	ARID1A	1	0.09711187579450675	0.001362899661116841	0.00013235374261075402
rule_a_one_step	metastatic::ARID1A+RBM10+TP53	metastatic::ARID1A+KRAS+RBM10+TP53	same_stage_one_event	KRAS	1	0.056740665043830074	3.6835125976130835e-05	2.090049544858924e-06
rule_a_one_step	metastatic::ARID1A+KRAS+TP53	metastatic::ARID1A+KRAS+RBM10+TP53	same_stage_one_event	RBM10	1	0.09561699143040661	0.0012523942831884486	0.00011975017344312012
rule_a_one_step	metastatic::ARID1A+KRAS+RBM10	metastatic::ARID1A+KRAS+RBM10+TP53	same_stage_one_event	TP53	1	0.29357854725366844	0.00011050537792839252	3.244200831593507e-05
rule_a_one_step	metastatic::KRAS+SETD2+TP53	metastatic::ARID1A+KRAS+SETD2+TP53	same_stage_one_event	ARID1A	1	0.15183584575534734	0.0005893620156180934	8.948628009744943e-05
rule_a_one_step	metastatic::ARID1A+SETD2+TP53	metastatic::ARID1A+KRAS+SETD2+TP53	same_stage_one_event	KRAS	1	0.03884644885125914	0.0002946810078090467	1.1447310697291627e-05
rule_a_one_step	metastatic::ARID1A+KRAS+TP53	metastatic::ARID1A+KRAS+SETD2+TP53	same_stage_one_event	SETD2	1	0.05495747769989158	0.0012523942831884486	6.882843088980086e-05
rule_a_one_step	metastatic::ARID1A+KRAS+SETD2	metastatic::ARID1A+KRAS+SETD2+TP53	same_stage_one_event	TP53	1	0.4713750871495025	3.6835125976130835e-05	1.7363160717161577e-05
rule_a_one_step	metastatic::NF1	metastatic::ARID1A+NF1	same_stage_one_event	ARID1A	1	0.039916206118855255	0.0008103727714748784	3.234700657929923e-05
rule_a_one_step	metastatic::ARID1A	metastatic::ARID1A+NF1	same_stage_one_event	NF1	1	0.0225060845032119	0.0010313835273316634	2.3212404821347177e-05
rule_a_one_step	metastatic::SMARCA4+TP53	metastatic::ARID1A+SMARCA4+TP53	same_stage_one_event	ARID1A	1	0.06866762454172842	0.0019154265507588036	0.00013152779122476343
rule_a_one_step	metastatic::ARID1A+TP53	metastatic::ARID1A+SMARCA4+TP53	same_stage_one_event	SMARCA4	1	0.05401373718341343	0.0013997347870929719	7.560490691652093e-05
rule_a_one_step	metastatic::BRAF+SETD2	metastatic::ATM+BRAF+SETD2	same_stage_one_event	ATM	1	0.08912096504261906	0.0006261971415942243	5.580729356580684e-05
rule_a_one_step	metastatic::ATM+SETD2	metastatic::ATM+BRAF+SETD2	same_stage_one_event	BRAF	1	0.04301798524303466	0.00014734050390452334	6.338291622666076e-06
rule_a_one_step	metastatic::ATM+BRAF	metastatic::ATM+BRAF+SETD2	same_stage_one_event	SETD2	1	0.16193986288515713	0.00025784588183291586	4.175552674952482e-05
rule_a_one_step	metastatic::EGFR+PIK3CA	metastatic::ATM+EGFR+PIK3CA	same_stage_one_event	ATM	1	0.05365402500064377	0.0016207455429497568	8.695952188110821e-05
rule_a_one_step	metastatic::ATM+EGFR	metastatic::ATM+EGFR+PIK3CA	same_stage_one_event	PIK3CA	1	0.05760605298845545	0.0014734050390452335	8.4877048752697e-05
rule_a_one_step	metastatic::EGFR+STK11+TP53	metastatic::ATM+EGFR+STK11+TP53	same_stage_one_event	ATM	1	0.08163660642021822	0.0006998673935464859	5.713479895329845e-05
rule_a_one_step	metastatic::ATM+STK11+TP53	metastatic::ATM+EGFR+STK11+TP53	same_stage_one_event	EGFR	1	0.0025627450701633954	0.0001841756298806542	4.7199518752088466e-07
rule_a_one_step	metastatic::ATM+EGFR+TP53	metastatic::ATM+EGFR+STK11+TP53	same_stage_one_event	STK11	1	0.11899166853929523	0.0017312509208781495	0.0002060044357354824
rule_a_one_step	metastatic::ATM+KRAS+RBM10+SETD2	metastatic::ATM+KEAP1+KRAS+RBM10+SETD2	same_stage_one_event	KEAP1	1	0.059033511861758634	7.367025195226167e-05	4.349013692482586e-06
rule_a_one_step	metastatic::ATM+KEAP1+KRAS+RBM10	metastatic::ATM+KEAP1+KRAS+RBM10+SETD2	same_stage_one_event	SETD2	1	0.12323768010873525	3.6835125976130835e-05	4.539475471811376e-06
rule_a_one_step	metastatic::KEAP1+NF1+TP53	metastatic::ATM+KEAP1+NF1+TP53	same_stage_one_event	ATM	1	0.120743664502662	0.0005525268896419625	6.671412139162848e-05
rule_a_one_step	metastatic::ATM+NF1+TP53	metastatic::ATM+KEAP1+NF1+TP53	same_stage_one_event	KEAP1	1	0.05416282044089643	0.00025784588183291586	1.396566019914082e-05
rule_a_one_step	metastatic::ATM+KEAP1+TP53	metastatic::ATM+KEAP1+NF1+TP53	same_stage_one_event	NF1	1	0.15420407673419229	7.367025195226167e-05	1.1360253185073838e-05
rule_a_one_step	metastatic::ATM+KEAP1+NF1	metastatic::ATM+KEAP1+NF1+TP53	same_stage_one_event	TP53	1	0.11403224575708068	3.6835125976130835e-05	4.200392137803178e-06
rule_a_one_step	metastatic::KEAP1+STK11	metastatic::ATM+KEAP1+STK11	same_stage_one_event	ATM	1	0.04696842651664034	0.0010313835273316634	4.8442461413950554e-05
rule_a_one_step	metastatic::ATM+KEAP1	metastatic::ATM+KEAP1+STK11	same_stage_one_event	STK11	1	0.031506292703216005	0.00014734050390452334	4.642153043055253e-06
rule_a_one_step	metastatic::KRAS+MET+RBM10	metastatic::ATM+KRAS+MET+RBM10	same_stage_one_event	ATM	1	0.11540479323382098	3.6835125976130835e-05	4.250950097017127e-06
rule_a_one_step	metastatic::ATM+KRAS+RBM10	metastatic::ATM+KRAS+MET+RBM10	same_stage_one_event	MET	1	0.02205492795753497	0.0008472078974510093	1.8685109143336687e-05
rule_a_one_step	metastatic::KRAS+NF1	metastatic::ATM+KRAS+NF1	same_stage_one_event	ATM	1	0.09047458287423883	0.0004788566376897009	4.33243545515362e-05
rule_a_one_step	metastatic::ATM+NF1	metastatic::ATM+KRAS+NF1	same_stage_one_event	KRAS	1	0.29999285748188737	3.6835125976130835e-05	1.1050274697284785e-05
rule_a_one_step	metastatic::ATM+KRAS	metastatic::ATM+KRAS+NF1	same_stage_one_event	NF1	1	0.04459670444482298	0.002246942684543981	0.00010020623880706503
rule_a_one_step	metastatic::KRAS+NF1+RBM10	metastatic::ATM+KRAS+NF1+RBM10	same_stage_one_event	ATM	1	0.19692771327418626	0.0001841756298806542	3.626928563323012e-05
rule_a_one_step	metastatic::ATM+NF1+RBM10	metastatic::ATM+KRAS+NF1+RBM10	same_stage_one_event	KRAS	1	0.35566785390059064	3.6835125976130835e-05	1.3101070204088354e-05
rule_a_one_step	metastatic::ATM+KRAS+RBM10	metastatic::ATM+KRAS+NF1+RBM10	same_stage_one_event	NF1	1	0.08494392614993025	0.0008472078974510093	7.196516507471622e-05
rule_a_one_step	metastatic::ATM+KRAS+NF1	metastatic::ATM+KRAS+NF1+RBM10	same_stage_one_event	RBM10	1	0.20094262899824375	0.00011050537792839252	2.220524115937569e-05
rule_a_one_step	metastatic::KRAS+SETD2	metastatic::ATM+KRAS+SETD2	same_stage_one_event	ATM	1	0.09413680576726086	0.00025784588183291586	2.4272787695993295e-05
rule_a_one_step	metastatic::ATM+SETD2	metastatic::ATM+KRAS+SETD2	same_stage_one_event	KRAS	1	0.41291442709446086	0.00014734050390452334	6.083901975754543e-05
rule_a_one_step	metastatic::ATM+KRAS	metastatic::ATM+KRAS+SETD2	same_stage_one_event	SETD2	1	0.0581310229774567	0.002246942684543981	0.0001306170768242544
rule_a_one_step	metastatic::NF1+SMARCA4+TP53	metastatic::ATM+NF1+SMARCA4+TP53	same_stage_one_event	ATM	1	0.11475897391771588	0.0002946810078090467	3.3817290089204616e-05
rule_a_one_step	metastatic::ATM+SMARCA4+TP53	metastatic::ATM+NF1+SMARCA4+TP53	same_stage_one_event	NF1	1	0.13947165103328923	0.00014734050390452334	2.054982334364067e-05
rule_a_one_step	metastatic::ATM+NF1+TP53	metastatic::ATM+NF1+SMARCA4+TP53	same_stage_one_event	SMARCA4	1	0.08040786363347513	0.00025784588183291586	2.073283650487424e-05
rule_a_one_step	metastatic::NF1+STK11	metastatic::ATM+NF1+STK11	same_stage_one_event	ATM	1	0.0634194184339857	0.00011050537792839252	7.008186802046453e-06
rule_a_one_step	metastatic::ATM+NF1	metastatic::ATM+NF1+STK11	same_stage_one_event	STK11	1	0.11335805107854283	3.6835125976130835e-05	4.175558091886799e-06
rule_a_one_step	metastatic::CDKN2A+EGFR+KRAS+MET+PIK3CA+STK11+TP53	metastatic::BRAF+CDKN2A+EGFR+KRAS+MET+PIK3CA+STK11+TP53	same_stage_one_event	BRAF	1	0.06514302552104437	3.6835125976130835e-05	2.3995515515339755e-06
rule_a_one_step	metastatic::BRAF+EGFR+KRAS+MET+PIK3CA+STK11+TP53	metastatic::BRAF+CDKN2A+EGFR+KRAS+MET+PIK3CA+STK11+TP53	same_stage_one_event	CDKN2A	1	0.16524809814993324	3.6835125976130835e-05	6.086934512668824e-06
rule_a_one_step	metastatic::EGFR+SETD2	metastatic::BRAF+EGFR+SETD2	same_stage_one_event	BRAF	1	0.022004765380974033	0.0004788566376897009	1.0537127963483955e-05
rule_a_one_step	metastatic::BRAF+SETD2	metastatic::BRAF+EGFR+SETD2	same_stage_one_event	EGFR	1	0.04081078813981217	0.0006261971415942243	2.555559887935785e-05
rule_a_one_step	metastatic::BRAF+EGFR	metastatic::BRAF+EGFR+SETD2	same_stage_one_event	SETD2	1	0.053333427970706754	0.00025784588183291586	1.3751804766279183e-05
rule_a_one_step	metastatic::KRAS+PIK3CA	metastatic::BRAF+KRAS+PIK3CA	same_stage_one_event	BRAF	1	0.04677013991461086	0.0009945484013555326	4.651516788325082e-05
rule_a_one_step	metastatic::BRAF+PIK3CA	metastatic::BRAF+KRAS+PIK3CA	same_stage_one_event	KRAS	1	0.1134735859218952	7.367025195226167e-05	8.359627664792632e-06
rule_a_one_step	metastatic::BRAF+KRAS	metastatic::BRAF+KRAS+PIK3CA	same_stage_one_event	PIK3CA	1	0.03520514533626097	0.0004051863857374392	1.4264645598160846e-05
rule_a_one_step	metastatic::KRAS+RBM10	metastatic::BRAF+KRAS+RBM10	same_stage_one_event	BRAF	1	0.04432183848507186	0.001583910416973626	7.020182167592787e-05
rule_a_one_step	metastatic::BRAF+RBM10	metastatic::BRAF+KRAS+RBM10	same_stage_one_event	KRAS	1	0.12424799845470869	3.6835125976130835e-05	4.5766906753613035e-06
rule_a_one_step	metastatic::BRAF+KRAS	metastatic::BRAF+KRAS+RBM10	same_stage_one_event	RBM10	1	0.07278767670551178	0.0004051863857374392	2.9492575650531516e-05
rule_a_one_step	metastatic::MET+TP53	metastatic::BRAF+MET+TP53	same_stage_one_event	BRAF	1	0.08379585676730676	0.0023574480624723735	0.00019754438017929984
rule_a_one_step	metastatic::BRAF+TP53	metastatic::BRAF+MET+TP53	same_stage_one_event	MET	1	0.015130690100436944	0.002983645204066598	4.5144610952386636e-05
rule_a_one_step	metastatic::NF1+SETD2+TP53	metastatic::BRAF+NF1+SETD2+TP53	same_stage_one_event	BRAF	1	0.06935526879574168	0.0002946810078090467	2.0437680505596485e-05
rule_a_one_step	metastatic::BRAF+SETD2+TP53	metastatic::BRAF+NF1+SETD2+TP53	same_stage_one_event	NF1	1	0.15261104077900475	0.0003683512597613084	5.6214469124430804e-05
rule_a_one_step	metastatic::BRAF+NF1+TP53	metastatic::BRAF+NF1+SETD2+TP53	same_stage_one_event	SETD2	1	0.18873675585789548	0.0003683512597613084	6.95214217835183e-05
rule_a_one_step	metastatic::BRAF+SETD2+TP53	metastatic::BRAF+PIK3CA+SETD2+TP53	same_stage_one_event	PIK3CA	1	0.07176989742838749	0.0003683512597613084	2.643653213068642e-05
rule_a_one_step	metastatic::BRAF+PIK3CA+TP53	metastatic::BRAF+PIK3CA+SETD2+TP53	same_stage_one_event	SETD2	1	0.17627495940130694	0.00014734050390452334	2.597244134393796e-05
rule_a_one_step	metastatic::BRAF+PIK3CA+SETD2	metastatic::BRAF+PIK3CA+SETD2+TP53	same_stage_one_event	TP53	1	0.16659457937777414	3.6835125976130835e-05	6.1365323183208385e-06
rule_a_one_step	metastatic::SMARCA4+TP53	metastatic::BRAF+SMARCA4+TP53	same_stage_one_event	BRAF	1	0.07309827623370786	0.0019154265507588036	0.00014001437911274528
rule_a_one_step	metastatic::BRAF+TP53	metastatic::BRAF+SMARCA4+TP53	same_stage_one_event	SMARCA4	1	0.05690204955759028	0.002983645204066598	0.00016977552726406414
rule_a_one_step	metastatic::BRAF+SMARCA4	metastatic::BRAF+SMARCA4+TP53	same_stage_one_event	TP53	1	0.34453736642642724	0.00014734050390452334	5.076430918320719e-05
rule_a_one_step	metastatic::EGFR+PIK3CA+TP53	metastatic::CDKN2A+EGFR+PIK3CA+TP53	same_stage_one_event	CDKN2A	1	0.1250919074695727	0.0026152939443052897	0.0003271521080867711
rule_a_one_step	metastatic::CDKN2A+PIK3CA+TP53	metastatic::CDKN2A+EGFR+PIK3CA+TP53	same_stage_one_event	EGFR	1	0.0923550275198484	3.6835125976130835e-05	3.401909073222646e-06
rule_a_one_step	metastatic::CDKN2A+EGFR+TP53	metastatic::CDKN2A+EGFR+PIK3CA+TP53	same_stage_one_event	PIK3CA	1	0.2011231644328703	0.0015102401650213643	0.00030374428104271704
rule_a_one_step	metastatic::CDKN2A+EGFR+PIK3CA	metastatic::CDKN2A+EGFR+PIK3CA+TP53	same_stage_one_event	TP53	1	0.5623435158203508	3.6835125976130835e-05	2.0713994247102945e-05
rule_a_one_step	metastatic::KEAP1+KRAS+STK11	metastatic::CDKN2A+KEAP1+KRAS+STK11	same_stage_one_event	CDKN2A	1	0.05747066878017676	0.0032783262118756444	0.00018840759987607674
rule_a_one_step	metastatic::CDKN2A+KRAS+STK11	metastatic::CDKN2A+KEAP1+KRAS+STK11	same_stage_one_event	KEAP1	1	0.5132159932885076	0.00011050537792839252	5.67131272972419e-05
rule_a_one_step	metastatic::KEAP1+SMARCA4+TP53	metastatic::CDKN2A+KEAP1+SMARCA4+TP53	same_stage_one_event	CDKN2A	1	0.15117367373288385	0.0003683512597613084	5.568501316225278e-05
rule_a_one_step	metastatic::CDKN2A+SMARCA4+TP53	metastatic::CDKN2A+KEAP1+SMARCA4+TP53	same_stage_one_event	KEAP1	1	0.0861860943907192	0.0004420215117135701	3.809610773127414e-05
rule_a_one_step	metastatic::CDKN2A+KEAP1+TP53	metastatic::CDKN2A+KEAP1+SMARCA4+TP53	same_stage_one_event	SMARCA4	1	0.26940030154940764	0.0005525268896419625	0.000148850910683701
rule_a_one_step	metastatic::CDKN2A+KEAP1+SMARCA4	metastatic::CDKN2A+KEAP1+SMARCA4+TP53	same_stage_one_event	TP53	1	0.30195785899714706	7.367025195226167e-05	2.2245311551285328e-05
rule_a_one_step	metastatic::KRAS+MET+TP53	metastatic::CDKN2A+KRAS+MET+TP53	same_stage_one_event	CDKN2A	1	0.16331181921663984	0.0005156917636658317	8.421856007930447e-05
rule_a_one_step	metastatic::CDKN2A+MET+TP53	metastatic::CDKN2A+KRAS+MET+TP53	same_stage_one_event	KRAS	1	0.04369013782397819	0.00011050537792839252	4.827995191982266e-06
rule_a_one_step	metastatic::CDKN2A+KRAS+TP53	metastatic::CDKN2A+KRAS+MET+TP53	same_stage_one_event	MET	1	0.005344091389071922	0.0014365699130691027	7.677160902232391e-06
rule_a_one_step	metastatic::KRAS+NF1+TP53	metastatic::CDKN2A+KRAS+NF1+TP53	same_stage_one_event	CDKN2A	1	0.11281317237164835	0.000920878149403271	0.00010388718540191576
rule_a_one_step	metastatic::CDKN2A+NF1+TP53	metastatic::CDKN2A+KRAS+NF1+TP53	same_stage_one_event	KRAS	1	0.022934247764834385	0.00025784588183291586	5.913501339098302e-06
rule_a_one_step	metastatic::CDKN2A+KRAS+TP53	metastatic::CDKN2A+KRAS+NF1+TP53	same_stage_one_event	NF1	1	0.09207282864524959	0.0014365699130691027	0.0001322690554429326
rule_a_one_step	metastatic::CDKN2A+KRAS+NF1	metastatic::CDKN2A+KRAS+NF1+TP53	same_stage_one_event	TP53	1	0.49236167489390015	7.367025195226167e-05	3.627240864107117e-05
rule_a_one_step	metastatic::KRAS+PIK3CA	metastatic::CDKN2A+KRAS+PIK3CA	same_stage_one_event	CDKN2A	1	0.04035576515419554	0.0009945484013555326	4.013576171958448e-05
rule_a_one_step	metastatic::CDKN2A+PIK3CA	metastatic::CDKN2A+KRAS+PIK3CA	same_stage_one_event	KRAS	1	0.28895456886869075	3.6835125976130835e-05	1.0643677945656798e-05
rule_a_one_step	metastatic::CDKN2A+KRAS	metastatic::CDKN2A+KRAS+PIK3CA	same_stage_one_event	PIK3CA	1	0.034672251974927515	0.0004051863857374392	1.4048724463098668e-05
rule_a_one_step	metastatic::KRAS+STK11	metastatic::CDKN2A+KRAS+STK11	same_stage_one_event	CDKN2A	1	0.02937133966791998	0.00349933696773243	0.00010278021469177833
rule_a_one_step	metastatic::CDKN2A+STK11	metastatic::CDKN2A+KRAS+STK11	same_stage_one_event	KRAS	1	0.388154149488331	7.367025195226167e-05	2.8595413989121186e-05
rule_a_one_step	metastatic::CDKN2A+KRAS	metastatic::CDKN2A+KRAS+STK11	same_stage_one_event	STK11	1	0.11188323176648401	0.0004051863857374392	4.5333562304085904e-05
rule_a_one_step	metastatic::MET+TP53	metastatic::CDKN2A+MET+TP53	same_stage_one_event	CDKN2A	1	0.1293984440072405	0.0023574480624723735	0.000305050111111809
rule_a_one_step	metastatic::CDKN2A+TP53	metastatic::CDKN2A+MET+TP53	same_stage_one_event	MET	1	0.046037259152232064	0.00221010755856785	0.00010174729442809502
rule_a_one_step	metastatic::CDKN2A+MET	metastatic::CDKN2A+MET+TP53	same_stage_one_event	TP53	1	0.3021216305414863	3.6835125976130835e-05	1.1128688321109704e-05
rule_a_one_step	metastatic::NF1+SMARCA4+TP53	metastatic::CDKN2A+NF1+SMARCA4+TP53	same_stage_one_event	CDKN2A	1	0.09904849264771175	0.0002946810078090467	2.918770963539465e-05
rule_a_one_step	metastatic::CDKN2A+SMARCA4+TP53	metastatic::CDKN2A+NF1+SMARCA4+TP53	same_stage_one_event	NF1	1	0.12871190430847615	0.0004420215117135701	5.6893430517965e-05
rule_a_one_step	metastatic::CDKN2A+NF1+TP53	metastatic::CDKN2A+NF1+SMARCA4+TP53	same_stage_one_event	SMARCA4	1	0.11775681483169759	0.00025784588183291586	3.036310976211445e-05
rule_a_one_step	metastatic::SMARCA4	metastatic::CDKN2A+SMARCA4	same_stage_one_event	CDKN2A	1	0.013895462948304764	0.0004788566376897009	6.653934666567037e-06
rule_a_one_step	metastatic::CDKN2A	metastatic::CDKN2A+SMARCA4	same_stage_one_event	SMARCA4	1	0.022163261774592654	0.0009577132753794018	2.1226050027236222e-05
rule_a_one_step	metastatic::KEAP1+NF1+TP53	metastatic::EGFR+KEAP1+NF1+TP53	same_stage_one_event	EGFR	1	0.007508555654037565	0.0005525268896419625	4.148678901228947e-06
rule_a_one_step	metastatic::EGFR+NF1+TP53	metastatic::EGFR+KEAP1+NF1+TP53	same_stage_one_event	KEAP1	1	0.033619063357379464	0.001105053779283925	3.71508730190579e-05
rule_a_one_step	metastatic::EGFR+KEAP1+TP53	metastatic::EGFR+KEAP1+NF1+TP53	same_stage_one_event	NF1	1	0.0936538944499462	0.0004420215117135701	4.139703600262835e-05
rule_a_one_step	metastatic::KRAS+MET+TP53	metastatic::EGFR+KRAS+MET+TP53	same_stage_one_event	EGFR	1	0.0010197469944724451	0.0005156917636658317	5.258751260724264e-07
rule_a_one_step	metastatic::EGFR+MET+TP53	metastatic::EGFR+KRAS+MET+TP53	same_stage_one_event	KRAS	1	0.007272669333760028	0.0009577132753794018	6.965131968386648e-06
rule_a_one_step	metastatic::EGFR+KRAS+TP53	metastatic::EGFR+KRAS+MET+TP53	same_stage_one_event	MET	1	0.0020451652405642576	0.0006630322675703551	1.3560105470073906e-06
rule_a_one_step	metastatic::MET+NF1+TP53	metastatic::EGFR+MET+NF1+TP53	same_stage_one_event	EGFR	1	0.014337359074052968	0.00014734050390452334	2.1124737106310546e-06
rule_a_one_step	metastatic::EGFR+NF1+TP53	metastatic::EGFR+MET+NF1+TP53	same_stage_one_event	MET	1	0.02044873793510759	0.001105053779283925	2.2596955136777207e-05
rule_a_one_step	metastatic::EGFR+MET+TP53	metastatic::EGFR+MET+NF1+TP53	same_stage_one_event	NF1	1	0.07256667464374236	0.0009577132753794018	6.949806765644988e-05
rule_a_one_step	metastatic::MET+PIK3CA+TP53	metastatic::EGFR+MET+PIK3CA+TP53	same_stage_one_event	EGFR	1	0.047907412636182464	7.367025195226167e-05	3.5293511592885265e-06
rule_a_one_step	metastatic::EGFR+PIK3CA+TP53	metastatic::EGFR+MET+PIK3CA+TP53	same_stage_one_event	MET	1	0.027975937427549835	0.0026152939443052897	7.316529974053478e-05
rule_a_one_step	metastatic::EGFR+MET+TP53	metastatic::EGFR+MET+PIK3CA+TP53	same_stage_one_event	PIK3CA	1	0.34910740151460723	0.0009577132753794018	0.0003343447929637464
rule_a_one_step	metastatic::RBM10+SETD2	metastatic::EGFR+RBM10+SETD2	same_stage_one_event	EGFR	1	0.3302220013960856	3.6835125976130835e-05	1.2163769021514866e-05
rule_a_one_step	metastatic::EGFR+SETD2	metastatic::EGFR+RBM10+SETD2	same_stage_one_event	RBM10	1	0.06193872561931554	0.0004788566376897009	2.9659769892850378e-05
rule_a_one_step	metastatic::EGFR+RBM10	metastatic::EGFR+RBM10+SETD2	same_stage_one_event	SETD2	1	0.03756282533299653	0.0017312509208781495	6.503067594853532e-05
rule_a_one_step	metastatic::SMARCA4+STK11+TP53	metastatic::EGFR+SMARCA4+STK11+TP53	same_stage_one_event	EGFR	1	0.0031763051704571774	0.0005525268896419625	1.7549940163863879e-06
rule_a_one_step	metastatic::EGFR+STK11+TP53	metastatic::EGFR+SMARCA4+STK11+TP53	same_stage_one_event	SMARCA4	1	0.1325385709942142	0.0006998673935464859	9.275942422609658e-05
rule_a_one_step	metastatic::EGFR+SMARCA4+TP53	metastatic::EGFR+SMARCA4+STK11+TP53	same_stage_one_event	STK11	1	0.0859869244257918	0.001362899661116841	0.00011719155016039106
rule_a_one_step	metastatic::EGFR+SMARCA4+STK11	metastatic::EGFR+SMARCA4+STK11+TP53	same_stage_one_event	TP53	1	0.11613698814948781	3.6835125976130835e-05	4.277920588974798e-06
rule_a_one_step	metastatic::KEAP1+SETD2+SMARCA4+STK11	metastatic::KEAP1+KRAS+SETD2+SMARCA4+STK11	same_stage_one_event	KRAS	1	0.5459498167076515	3.6835125976130835e-05	2.0110130275071884e-05
rule_a_one_step	metastatic::KEAP1+KRAS+SMARCA4+STK11	metastatic::KEAP1+KRAS+SETD2+SMARCA4+STK11	same_stage_one_event	SETD2	1	0.06130346886863675	0.0013997347870929719	8.58085979449019e-05
rule_a_one_step	metastatic::KEAP1+KRAS+SETD2+STK11	metastatic::KEAP1+KRAS+SETD2+SMARCA4+STK11	same_stage_one_event	SMARCA4	1	0.4092869061666891	0.00025784588183291586	0.00010553294324321584
rule_a_one_step	metastatic::NF1+SMARCA4+TP53	metastatic::KEAP1+NF1+SMARCA4+TP53	same_stage_one_event	KEAP1	1	0.08958439919534383	0.0002946810078090467	2.6398821038851873e-05
rule_a_one_step	metastatic::KEAP1+SMARCA4+TP53	metastatic::KEAP1+NF1+SMARCA4+TP53	same_stage_one_event	NF1	1	0.1697406359025641	0.0003683512597613084	6.252417706739506e-05
rule_a_one_step	metastatic::KEAP1+NF1+TP53	metastatic::KEAP1+NF1+SMARCA4+TP53	same_stage_one_event	SMARCA4	1	0.20768201668673564	0.0005525268896419625	0.00011474989871449221
rule_a_one_step	metastatic::KEAP1+NF1+SMARCA4	metastatic::KEAP1+NF1+SMARCA4+TP53	same_stage_one_event	TP53	1	0.36499254512659857	7.367025195226167e-05	2.6889092760173755e-05
rule_a_one_step	metastatic::PIK3CA+STK11	metastatic::KEAP1+PIK3CA+STK11	same_stage_one_event	KEAP1	1	0.35809689623485863	3.6835125976130835e-05	1.319054428447247e-05
rule_a_one_step	metastatic::KEAP1+STK11	metastatic::KEAP1+PIK3CA+STK11	same_stage_one_event	PIK3CA	1	0.007569968011832225	0.0010313835273316634	7.80754030983138e-06
rule_a_one_step	metastatic::PIK3CA+STK11+TP53	metastatic::KEAP1+PIK3CA+STK11+TP53	same_stage_one_event	KEAP1	1	0.5859670230375514	0.0001841756298806542	0.00010792084555723284
rule_a_one_step	metastatic::KEAP1+STK11+TP53	metastatic::KEAP1+PIK3CA+STK11+TP53	same_stage_one_event	PIK3CA	1	0.018232827896447885	0.0012523942831884486	2.2834689423870198e-05
rule_a_one_step	metastatic::KEAP1+PIK3CA+TP53	metastatic::KEAP1+PIK3CA+STK11+TP53	same_stage_one_event	STK11	1	0.07486758763049009	0.00022101075585678504	1.6546542131388705e-05
rule_a_one_step	metastatic::KEAP1+PIK3CA+STK11	metastatic::KEAP1+PIK3CA+STK11+TP53	same_stage_one_event	TP53	1	0.008119593329709076	0.00011050537792839252	8.972587295243565e-07
rule_a_one_step	metastatic::SMARCA4	metastatic::KEAP1+SMARCA4	same_stage_one_event	KEAP1	1	0.025882486587667026	0.0004788566376897009	1.2394000502419013e-05
rule_a_one_step	metastatic::KEAP1	metastatic::KEAP1+SMARCA4	same_stage_one_event	SMARCA4	1	0.049076002693067736	0.0008103727714748784	3.9769856315289895e-05
rule_a_one_step	metastatic::MET+STK11	metastatic::KRAS+MET+STK11	same_stage_one_event	KRAS	1	0.4102711798320381	3.6835125976130835e-05	1.5112390593488951e-05
rule_a_one_step	metastatic::KRAS+STK11	metastatic::KRAS+MET+STK11	same_stage_one_event	MET	1	0.002135403793084603	0.00349933696773243	7.4724974341770035e-06
rule_a_one_step	metastatic::KRAS+MET	metastatic::KRAS+MET+STK11	same_stage_one_event	STK11	1	0.09511715565814033	0.00022101075585678504	2.1021914466953073e-05
rule_a_one_step	metastatic::NF1+SETD2+TP53	metastatic::KRAS+NF1+SETD2+TP53	same_stage_one_event	KRAS	1	0.01359615896518074	0.0002946810078090467	4.006529826191466e-06
rule_a_one_step	metastatic::KRAS+SETD2+TP53	metastatic::KRAS+NF1+SETD2+TP53	same_stage_one_event	NF1	1	0.09146851754542394	0.0005893620156180934	5.390806986616999e-05
rule_a_one_step	metastatic::KRAS+NF1+TP53	metastatic::KRAS+NF1+SETD2+TP53	same_stage_one_event	SETD2	1	0.05515996534959169	0.000920878149403271	5.079560681228054e-05
rule_a_one_step	metastatic::KRAS+SMARCA4+STK11	metastatic::KRAS+PIK3CA+SMARCA4+STK11	same_stage_one_event	PIK3CA	1	0.01910839991609055	0.0004420215117135701	8.4463238173378e-06
rule_a_one_step	metastatic::KRAS+PIK3CA+STK11	metastatic::KRAS+PIK3CA+SMARCA4+STK11	same_stage_one_event	SMARCA4	1	0.08150009724579751	3.6835125976130835e-05	3.002066349115865e-06
rule_a_one_step	metastatic::KRAS+PIK3CA+SMARCA4	metastatic::KRAS+PIK3CA+SMARCA4+STK11	same_stage_one_event	STK11	1	0.17167389287625057	3.6835125976130835e-05	6.32362947090948e-06
rule_a_one_step	metastatic::SETD2+SMARCA4+TP53	metastatic::KRAS+SETD2+SMARCA4+TP53	same_stage_one_event	KRAS	1	0.03169204645025191	0.00014734050390452334	4.6695220937456765e-06
rule_a_one_step	metastatic::KRAS+SMARCA4+TP53	metastatic::KRAS+SETD2+SMARCA4+TP53	same_stage_one_event	SETD2	1	0.05325238223343963	0.0007367025195226168	3.9231164161956406e-05
rule_a_one_step	metastatic::KRAS+SETD2+TP53	metastatic::KRAS+SETD2+SMARCA4+TP53	same_stage_one_event	SMARCA4	1	0.06396688997648804	0.0005893620156180934	3.769965520936381e-05
rule_a_one_step	metastatic::KRAS+SETD2+SMARCA4	metastatic::KRAS+SETD2+SMARCA4+TP53	same_stage_one_event	TP53	1	0.45288336054925604	3.6835125976130835e-05	1.6682015638325328e-05
rule_a_one_step	metastatic::RBM10	metastatic::NF1+RBM10	same_stage_one_event	NF1	1	0.02417211254486505	0.0004051863857374392	9.794210917692484e-06
rule_a_one_step	metastatic::NF1	metastatic::NF1+RBM10	same_stage_one_event	RBM10	1	0.06058113172959074	0.0008103727714748784	4.909329961879314e-05
rule_a_one_step	metastatic::SMARCA4+STK11+TP53	metastatic::NF1+SMARCA4+STK11+TP53	same_stage_one_event	NF1	1	0.07125593431665234	0.0005525268896419625	3.9370819756511896e-05
rule_a_one_step	metastatic::NF1+STK11+TP53	metastatic::NF1+SMARCA4+STK11+TP53	same_stage_one_event	SMARCA4	1	0.10853599291761143	0.0003683512597613084	3.997936972064661e-05
rule_a_one_step	metastatic::NF1+SMARCA4+TP53	metastatic::NF1+SMARCA4+STK11+TP53	same_stage_one_event	STK11	1	0.18795854662589173	0.0002946810078090467	5.5387813946041464e-05
rule_a_one_step	metastatic::STK11	metastatic::NF1+STK11	same_stage_one_event	NF1	1	0.021881184840008124	0.0013260645351407102	2.9015863203193328e-05
rule_a_one_step	metastatic::NF1	metastatic::NF1+STK11	same_stage_one_event	STK11	1	0.06823107343035295	0.0008103727714748784	5.529260407646106e-05
rule_a_one_step	metastatic::STK11+TP53	metastatic::SETD2+STK11+TP53	same_stage_one_event	SETD2	1	0.01426201572920394	0.0023206129364962426	3.3096618201703556e-05
rule_a_one_step	metastatic::SETD2+TP53	metastatic::SETD2+STK11+TP53	same_stage_one_event	STK11	1	0.14427643171641857	0.001583910416973626	0.0002285209431194194
rule_a_one_step	primary::ATM	primary::ARID1A+ATM	same_stage_one_event	ARID1A	1	0.02091773452012494	0.0016575806689258876	3.4672832378282826e-05
rule_a_one_step	primary::ARID1A	primary::ARID1A+ATM	same_stage_one_event	ATM	1	0.02857026986682175	0.001105053779283925	3.1571684691493016e-05
rule_a_one_step	primary::ATM+EGFR	primary::ARID1A+ATM+EGFR	same_stage_one_event	ARID1A	1	0.03679970207751141	0.0019522616767349344	7.184264808118848e-05
rule_a_one_step	primary::ARID1A+EGFR	primary::ARID1A+ATM+EGFR	same_stage_one_event	ATM	1	0.03149519766601601	0.0008840430234271402	2.78431097681002e-05
rule_a_one_step	primary::ARID1A+ATM	primary::ARID1A+ATM+EGFR	same_stage_one_event	EGFR	1	0.15131352917855892	0.00011050537792839252	1.67209587275555e-05
rule_a_one_step	primary::ATM+KRAS+SETD2	primary::ARID1A+ATM+KRAS+SETD2	same_stage_one_event	ARID1A	1	0.13815329706629798	0.00025784588183291586	3.562225871018439e-05
rule_a_one_step	primary::ARID1A+KRAS+SETD2	primary::ARID1A+ATM+KRAS+SETD2	same_stage_one_event	ATM	1	0.10425743790791236	0.0002946810078090467	3.072268687429272e-05
rule_a_one_step	primary::ARID1A+ATM+KRAS	primary::ARID1A+ATM+KRAS+SETD2	same_stage_one_event	SETD2	1	0.06292676577114496	0.0003683512597613084	2.3179153444506026e-05
rule_a_one_step	primary::ATM+KRAS+TP53	primary::ARID1A+ATM+KRAS+TP53	same_stage_one_event	ARID1A	1	0.09130175273041252	0.001105053779283925	0.00010089334690998878
rule_a_one_step	primary::ARID1A+KRAS+TP53	primary::ARID1A+ATM+KRAS+TP53	same_stage_one_event	ATM	1	0.09991536461989711	0.0012523942831884486	0.00012513343145264852
rule_a_one_step	primary::ARID1A+ATM+TP53	primary::ARID1A+ATM+KRAS+TP53	same_stage_one_event	KRAS	1	0.0884542472482044	0.00025784588183291586	2.2807563383580036e-05
rule_a_one_step	primary::ARID1A+ATM+KRAS	primary::ARID1A+ATM+KRAS+TP53	same_stage_one_event	TP53	1	0.26252618684420315	0.0003683512597613084	9.670185164439485e-05
rule_a_one_step	primary::CDKN2A+KEAP1+KRAS+TP53	primary::ARID1A+CDKN2A+KEAP1+KRAS+TP53	same_stage_one_event	ARID1A	1	0.11881406224383147	0.00014734050390452334	1.750612380194953e-05
rule_a_one_step	primary::ARID1A+KEAP1+KRAS+TP53	primary::ARID1A+CDKN2A+KEAP1+KRAS+TP53	same_stage_one_event	CDKN2A	1	0.19359863581962813	0.00011050537792839252	2.1393690417669237e-05
rule_a_one_step	primary::ARID1A+CDKN2A+KRAS+TP53	primary::ARID1A+CDKN2A+KEAP1+KRAS+TP53	same_stage_one_event	KEAP1	1	0.07024362536778159	0.00022101075585678504	1.5524596736654247e-05
rule_a_one_step	primary::ARID1A+CDKN2A+KEAP1+TP53	primary::ARID1A+CDKN2A+KEAP1+KRAS+TP53	same_stage_one_event	KRAS	1	0.06834638537862116	0.00011050537792839252	7.5526431463040915e-06
rule_a_one_step	primary::CDKN2A+KEAP1+TP53	primary::ARID1A+CDKN2A+KEAP1+TP53	same_stage_one_event	ARID1A	1	0.09608320110545528	0.0004051863857374392	3.893160498600295e-05
rule_a_one_step	primary::ARID1A+KEAP1+TP53	primary::ARID1A+CDKN2A+KEAP1+TP53	same_stage_one_event	CDKN2A	1	0.13898817052494244	0.0004051863857374392	5.6316114475260306e-05
rule_a_one_step	primary::ARID1A+CDKN2A+TP53	primary::ARID1A+CDKN2A+KEAP1+TP53	same_stage_one_event	KEAP1	1	0.08407216284761058	0.00014734050390452334	1.238723483831009e-05
rule_a_one_step	primary::EGFR+MET+TP53	primary::ARID1A+EGFR+MET+TP53	same_stage_one_event	ARID1A	1	0.06337382411838448	0.0007735376454987476	4.902203869478687e-05
rule_a_one_step	primary::ARID1A+MET+TP53	primary::ARID1A+EGFR+MET+TP53	same_stage_one_event	EGFR	1	0.03894512043811095	0.00033151613378517756	1.2910935757440642e-05
rule_a_one_step	primary::ARID1A+EGFR+TP53	primary::ARID1A+EGFR+MET+TP53	same_stage_one_event	MET	1	0.02525144974338921	0.0012523942831884486	3.162477130084106e-05
rule_a_one_step	primary::ARID1A+EGFR+MET	primary::ARID1A+EGFR+MET+TP53	same_stage_one_event	TP53	1	0.7605828111121664	3.6835125976130835e-05	2.8016163662596375e-05
rule_a_one_step	primary::EGFR+RBM10	primary::ARID1A+EGFR+RBM10	same_stage_one_event	ARID1A	1	0.03791124498492481	0.007809046706939738	0.0002960506828055128
rule_a_one_step	primary::ARID1A+EGFR	primary::ARID1A+EGFR+RBM10	same_stage_one_event	RBM10	1	0.05032672292013314	0.0008840430234271402	4.4490988289494454e-05
rule_a_one_step	primary::EGFR+SETD2	primary::ARID1A+EGFR+SETD2	same_stage_one_event	ARID1A	1	0.038714612017242515	0.0015470752909974952	5.989441965243059e-05
rule_a_one_step	primary::ARID1A+SETD2	primary::ARID1A+EGFR+SETD2	same_stage_one_event	EGFR	1	0.19113196789660164	0.00014734050390452334	2.8161480462148464e-05
rule_a_one_step	primary::ARID1A+EGFR	primary::ARID1A+EGFR+SETD2	same_stage_one_event	SETD2	1	0.014943454183703834	0.0008840430234271402	1.3210656417006483e-05
rule_a_one_step	primary::KEAP1+KRAS	primary::ARID1A+KEAP1+KRAS	same_stage_one_event	ARID1A	1	0.03875415718838597	0.0019154265507588036	7.423074163091464e-05
rule_a_one_step	primary::ARID1A+KRAS	primary::ARID1A+KEAP1+KRAS	same_stage_one_event	KEAP1	1	0.029390688685680507	0.0016944157949020187	4.98000471320651e-05
rule_a_one_step	primary::KEAP1+KRAS+TP53	primary::ARID1A+KEAP1+KRAS+TP53	same_stage_one_event	ARID1A	1	0.10631035824879607	0.001141888905260056	0.00012139461859852211
rule_a_one_step	primary::ARID1A+KRAS+TP53	primary::ARID1A+KEAP1+KRAS+TP53	same_stage_one_event	KEAP1	1	0.06141966512693573	0.0012523942831884486	7.692163748032323e-05
rule_a_one_step	primary::ARID1A+KEAP1+TP53	primary::ARID1A+KEAP1+KRAS+TP53	same_stage_one_event	KRAS	1	0.0644210484406394	0.0004051863857374392	2.610253178307917e-05
rule_a_one_step	primary::ARID1A+KEAP1+KRAS	primary::ARID1A+KEAP1+KRAS+TP53	same_stage_one_event	TP53	1	0.5954689989536383	0.00011050537792839252	6.580252677401337e-05
rule_a_one_step	primary::KEAP1+NF1+TP53	primary::ARID1A+KEAP1+NF1+TP53	same_stage_one_event	ARID1A	1	0.16665062405992487	0.0005893620156180934	9.821754769997044e-05
rule_a_one_step	primary::ARID1A+NF1+TP53	primary::ARID1A+KEAP1+NF1+TP53	same_stage_one_event	KEAP1	1	0.09546658554483288	0.0005156917636658317	4.923133187076986e-05
rule_a_one_step	primary::ARID1A+KEAP1+TP53	primary::ARID1A+KEAP1+NF1+TP53	same_stage_one_event	NF1	1	0.1562526726834697	0.0004051863857374392	6.331145570643018e-05
rule_a_one_step	primary::ARID1A+KEAP1+NF1	primary::ARID1A+KEAP1+NF1+TP53	same_stage_one_event	TP53	1	0.34698168007644226	3.6835125976130835e-05	1.2781113897025277e-05
rule_a_one_step	primary::KEAP1+STK11	primary::ARID1A+KEAP1+STK11	same_stage_one_event	ARID1A	1	0.023081772108728776	0.0026889641962575513	6.206605878654784e-05
rule_a_one_step	primary::ARID1A+STK11	primary::ARID1A+KEAP1+STK11	same_stage_one_event	KEAP1	1	0.3677989590914819	0.00022101075585678504	8.128752595214717e-05
rule_a_one_step	primary::KEAP1+STK11+TP53	primary::ARID1A+KEAP1+STK11+TP53	same_stage_one_event	ARID1A	1	0.059696980178015266	0.0017312509208781495	0.00010335045190683356
rule_a_one_step	primary::ARID1A+STK11+TP53	primary::ARID1A+KEAP1+STK11+TP53	same_stage_one_event	KEAP1	1	0.6016983849122457	0.00011050537792839252	6.64909074236311e-05
rule_a_one_step	primary::ARID1A+KEAP1+TP53	primary::ARID1A+KEAP1+STK11+TP53	same_stage_one_event	STK11	1	0.07772175337348296	0.0004051863857374392	3.1491796342578184e-05
rule_a_one_step	primary::ARID1A+KEAP1+STK11	primary::ARID1A+KEAP1+STK11+TP53	same_stage_one_event	TP53	1	0.019132111067332314	0.00011050537792839252	2.1142011640635385e-06
rule_a_one_step	primary::KRAS+PIK3CA+TP53	primary::ARID1A+KRAS+PIK3CA+TP53	same_stage_one_event	ARID1A	1	0.07653207689669705	0.0014734050390452335	0.00011276274774819073
rule_a_one_step	primary::ARID1A+PIK3CA+TP53	primary::ARID1A+KRAS+PIK3CA+TP53	same_stage_one_event	KRAS	1	0.053752462647816135	0.00011050537792839252	5.939936199478725e-06
rule_a_one_step	primary::ARID1A+KRAS+TP53	primary::ARID1A+KRAS+PIK3CA+TP53	same_stage_one_event	PIK3CA	1	0.08738703996080356	0.0012523942831884486	0.00010944302927167089
rule_a_one_step	primary::ARID1A+KRAS+PIK3CA	primary::ARID1A+KRAS+PIK3CA+TP53	same_stage_one_event	TP53	1	0.3405511679347504	0.00022101075585678504	7.526547103317012e-05
rule_a_one_step	primary::KRAS+RBM10+SETD2	primary::ARID1A+KRAS+RBM10+SETD2	same_stage_one_event	ARID1A	1	0.13741225023715672	0.0005893620156180934	8.098556077038851e-05
rule_a_one_step	primary::ARID1A+KRAS+SETD2	primary::ARID1A+KRAS+RBM10+SETD2	same_stage_one_event	RBM10	1	0.09305841401363898	0.0002946810078090467	2.742254722665065e-05
rule_a_one_step	primary::ARID1A+KRAS+RBM10	primary::ARID1A+KRAS+RBM10+SETD2	same_stage_one_event	SETD2	1	0.0745391818212205	0.0005525268896419625	4.1184902288135684e-05
rule_a_one_step	primary::KRAS+SETD2+TP53	primary::ARID1A+KRAS+SETD2+TP53	same_stage_one_event	ARID1A	1	0.15183584575534734	0.0009945484013555326	0.00015100809766444592
rule_a_one_step	primary::ARID1A+SETD2+TP53	primary::ARID1A+KRAS+SETD2+TP53	same_stage_one_event	KRAS	1	0.03884644885125914	7.367025195226167e-05	2.861827674322907e-06
rule_a_one_step	primary::ARID1A+KRAS+TP53	primary::ARID1A+KRAS+SETD2+TP53	same_stage_one_event	SETD2	1	0.05495747769989158	0.0012523942831884486	6.882843088980086e-05
rule_a_one_step	primary::ARID1A+KRAS+SETD2	primary::ARID1A+KRAS+SETD2+TP53	same_stage_one_event	TP53	1	0.4713750871495025	0.0002946810078090467	0.00013890528573729262
rule_a_one_step	primary::KRAS+STK11+TP53	primary::ARID1A+KRAS+STK11+TP53	same_stage_one_event	ARID1A	1	0.03556830315899883	0.0024311183144246355	8.647075322284968e-05
rule_a_one_step	primary::ARID1A+STK11+TP53	primary::ARID1A+KRAS+STK11+TP53	same_stage_one_event	KRAS	1	0.04083608377703277	0.00011050537792839252	4.512606870896504e-06
rule_a_one_step	primary::ARID1A+KRAS+TP53	primary::ARID1A+KRAS+STK11+TP53	same_stage_one_event	STK11	1	0.2650067817560593	0.0012523942831884486	0.0003318929784774575
rule_a_one_step	primary::ARID1A+KRAS+STK11	primary::ARID1A+KRAS+STK11+TP53	same_stage_one_event	TP53	1	0.041955731627204375	0.00014734050390452334	6.18177863963524e-06
rule_a_one_step	primary::NF1	primary::ARID1A+NF1	same_stage_one_event	ARID1A	1	0.039916206118855255	0.0017680860468542803	7.057528708210742e-05
rule_a_one_step	primary::ARID1A	primary::ARID1A+NF1	same_stage_one_event	NF1	1	0.0225060845032119	0.001105053779283925	2.487043373715769e-05
rule_a_one_step	primary::NF1+RBM10+TP53	primary::ARID1A+NF1+RBM10+TP53	same_stage_one_event	ARID1A	1	0.14546718442705675	0.0004051863857374392	5.8941322701400626e-05
rule_a_one_step	primary::ARID1A+RBM10+TP53	primary::ARID1A+NF1+RBM10+TP53	same_stage_one_event	NF1	1	0.1498645336556351	0.00011050537792839252	1.6560836929678258e-05
rule_a_one_step	primary::ARID1A+NF1+TP53	primary::ARID1A+NF1+RBM10+TP53	same_stage_one_event	RBM10	1	0.09762375970591128	0.0005156917636658317	5.034376881843074e-05
rule_a_one_step	primary::PIK3CA+TP53	primary::ARID1A+PIK3CA+TP53	same_stage_one_event	ARID1A	1	0.06025859267654815	0.001583910416973626	9.544421265255526e-05
rule_a_one_step	primary::ARID1A+TP53	primary::ARID1A+PIK3CA+TP53	same_stage_one_event	PIK3CA	1	0.05857747401472721	0.001105053779283925	6.473125904088022e-05
rule_a_one_step	primary::RBM10+TP53	primary::ARID1A+RBM10+TP53	same_stage_one_event	ARID1A	1	0.06847793538809402	0.0008103727714748784	5.5492654285327404e-05
rule_a_one_step	primary::ARID1A+TP53	primary::ARID1A+RBM10+TP53	same_stage_one_event	RBM10	1	0.05267687860679006	0.001105053779283925	5.82107837853139e-05
rule_a_one_step	primary::STK11+TP53	primary::ARID1A+STK11+TP53	same_stage_one_event	ARID1A	1	0.02545786570938946	0.0039781936054221305	0.00010127631857278848
rule_a_one_step	primary::ARID1A+TP53	primary::ARID1A+STK11+TP53	same_stage_one_event	STK11	1	0.17727836764326382	0.001105053779283925	0.0001959021301494738
rule_a_one_step	primary::ARID1A+STK11	primary::ARID1A+STK11+TP53	same_stage_one_event	TP53	1	0.012854259995998108	0.00022101075585678504	2.8409297176951768e-06
rule_a_one_step	primary::BRAF+KRAS	primary::ATM+BRAF+KRAS	same_stage_one_event	ATM	1	0.061740861232062245	0.001141888905260056	7.050120444209259e-05
rule_a_one_step	primary::ATM+KRAS	primary::ATM+BRAF+KRAS	same_stage_one_event	BRAF	1	0.041451246990712794	0.005377928392515103	0.00022292183809651054
rule_a_one_step	primary::ATM+BRAF	primary::ATM+BRAF+KRAS	same_stage_one_event	KRAS	1	0.18481762487062942	0.00033151613378517756	6.127002445247034e-05
rule_a_one_step	primary::BRAF+TP53	primary::ATM+BRAF+TP53	same_stage_one_event	ATM	1	0.0698781799283607	0.003204655959923383	0.00022393552577601965
rule_a_one_step	primary::ATM+TP53	primary::ATM+BRAF+TP53	same_stage_one_event	BRAF	1	0.07579704017641412	0.0008840430234271402	6.700784456438555e-05
rule_a_one_step	primary::ATM+BRAF	primary::ATM+BRAF+TP53	same_stage_one_event	TP53	1	0.12155571957474827	0.00033151613378517756	4.029768219289577e-05
rule_a_one_step	primary::CDKN2A+EGFR	primary::ATM+CDKN2A+EGFR	same_stage_one_event	ATM	1	0.030005534640580898	0.0009945484013555326	2.9841956508607787e-05
rule_a_one_step	primary::ATM+EGFR	primary::ATM+CDKN2A+EGFR	same_stage_one_event	CDKN2A	1	0.01507154324270676	0.0019522616767349344	2.942359628198977e-05
rule_a_one_step	primary::CDKN2A+KRAS+TP53	primary::ATM+CDKN2A+KRAS+TP53	same_stage_one_event	ATM	1	0.10321421277765926	0.002541623692353028	0.0002623316885832654
rule_a_one_step	primary::ATM+KRAS+TP53	primary::ATM+CDKN2A+KRAS+TP53	same_stage_one_event	CDKN2A	1	0.09273345450834984	0.001105053779283925	0.00010247545437050594
rule_a_one_step	primary::ATM+CDKN2A+TP53	primary::ATM+CDKN2A+KRAS+TP53	same_stage_one_event	KRAS	1	0.08776956689473095	0.00014734050390452334	1.2932012213751428e-05
rule_a_one_step	primary::ATM+CDKN2A+KRAS	primary::ATM+CDKN2A+KRAS+TP53	same_stage_one_event	TP53	1	0.2590125174347644	0.00014734050390452334	3.816303483641732e-05
rule_a_one_step	primary::EGFR+MET+TP53	primary::ATM+EGFR+MET+TP53	same_stage_one_event	ATM	1	0.07789861125955189	0.0007735376454987476	6.0257508341335994e-05
rule_a_one_step	primary::ATM+MET+TP53	primary::ATM+EGFR+MET+TP53	same_stage_one_event	EGFR	1	0.024248675023285857	3.6835125976130835e-05	8.932029992369918e-07
rule_a_one_step	primary::ATM+EGFR+TP53	primary::ATM+EGFR+MET+TP53	same_stage_one_event	MET	1	0.027693195478381647	0.0010313835273316634	2.8562305635578537e-05
rule_a_one_step	primary::ATM+EGFR+MET	primary::ATM+EGFR+MET+TP53	same_stage_one_event	TP53	1	0.4840738910327226	3.6835125976130835e-05	1.7830922757946168e-05
rule_a_one_step	primary::EGFR+NF1+TP53	primary::ATM+EGFR+NF1+TP53	same_stage_one_event	ATM	1	0.14228712530675866	0.001141888905260056	0.00016247608974913504
rule_a_one_step	primary::ATM+NF1+TP53	primary::ATM+EGFR+NF1+TP53	same_stage_one_event	EGFR	1	0.016190676089858903	0.00014734050390452334	2.3855423736347285e-06
rule_a_one_step	primary::ATM+EGFR+TP53	primary::ATM+EGFR+NF1+TP53	same_stage_one_event	NF1	1	0.10753903611856779	0.0010313835273316634	0.0001109139903978156
rule_a_one_step	primary::EGFR+STK11+TP53	primary::ATM+EGFR+STK11+TP53	same_stage_one_event	ATM	1	0.08163660642021822	0.00025784588183291586	2.1049662772267848e-05
rule_a_one_step	primary::ATM+STK11+TP53	primary::ATM+EGFR+STK11+TP53	same_stage_one_event	EGFR	1	0.0025627450701633954	0.00022101075585678504	5.663942250250616e-07
rule_a_one_step	primary::ATM+EGFR+TP53	primary::ATM+EGFR+STK11+TP53	same_stage_one_event	STK11	1	0.11899166853929523	0.0010313835273316634	0.00012272604682113844
rule_a_one_step	primary::ATM+EGFR+STK11	primary::ATM+EGFR+STK11+TP53	same_stage_one_event	TP53	1	0.035239759139034744	3.6835125976130835e-05	1.2980609672548528e-06
rule_a_one_step	primary::KEAP1	primary::ATM+KEAP1	same_stage_one_event	ATM	1	0.03536276227766839	0.0010313835273316634	3.647257049413271e-05
rule_a_one_step	primary::ATM	primary::ATM+KEAP1	same_stage_one_event	KEAP1	1	0.01583706871315804	0.0016575806689258876	2.6251218951381748e-05
rule_a_one_step	primary::KEAP1+KRAS+SMARCA4+STK11+TP53	primary::ATM+KEAP1+KRAS+SMARCA4+STK11+TP53	same_stage_one_event	ATM	1	0.18562899481349432	3.6835125976130835e-05	6.837667408777601e-06
rule_a_one_step	primary::ATM+KRAS+SMARCA4+STK11+TP53	primary::ATM+KEAP1+KRAS+SMARCA4+STK11+TP53	same_stage_one_event	KEAP1	1	0.5171034295470434	3.6835125976130835e-05	1.904756997005464e-05
rule_a_one_step	primary::ATM+KEAP1+SMARCA4+STK11+TP53	primary::ATM+KEAP1+KRAS+SMARCA4+STK11+TP53	same_stage_one_event	KRAS	1	0.19169918681174763	7.367025195226167e-05	1.4122527391465126e-05
rule_a_one_step	primary::ATM+KEAP1+KRAS+STK11+TP53	primary::ATM+KEAP1+KRAS+SMARCA4+STK11+TP53	same_stage_one_event	SMARCA4	1	0.4891554297227949	3.6835125976130835e-05	1.8018101875747563e-05
rule_a_one_step	primary::ATM+KEAP1+KRAS+SMARCA4+STK11	primary::ATM+KEAP1+KRAS+SMARCA4+STK11+TP53	same_stage_one_event	TP53	1	0.042468277048106726	0.00014734050390452334	6.257297340224948e-06
rule_a_one_step	primary::KRAS+MET	primary::ATM+KRAS+MET	same_stage_one_event	ATM	1	0.05035664960717293	0.0008472078974510093	4.2662551236370175e-05
rule_a_one_step	primary::ATM+MET	primary::ATM+KRAS+MET	same_stage_one_event	KRAS	1	0.44626438467451884	0.0004788566376897009	0.0002136966627659034
rule_a_one_step	primary::ATM+KRAS	primary::ATM+KRAS+MET	same_stage_one_event	MET	1	0.011606728124463688	0.005377928392515103	6.242015272475683e-05
rule_a_one_step	primary::KRAS+MET+TP53	primary::ATM+KRAS+MET+TP53	same_stage_one_event	ATM	1	0.0808624866420796	0.000920878149403271	7.446449705510497e-05
rule_a_one_step	primary::ATM+MET+TP53	primary::ATM+KRAS+MET+TP53	same_stage_one_event	KRAS	1	0.0653737692402048	3.6835125976130835e-05	2.4080510254974506e-06
rule_a_one_step	primary::ATM+KRAS+TP53	primary::ATM+KRAS+MET+TP53	same_stage_one_event	MET	1	0.005330826653132514	0.001105053779283925	5.890850139751562e-06
rule_a_one_step	primary::ATM+KRAS+MET	primary::ATM+KRAS+MET+TP53	same_stage_one_event	TP53	1	0.2940221082709735	0.00011050537792839252	3.2491024193786675e-05
rule_a_one_step	primary::KRAS+PIK3CA+STK11	primary::ATM+KRAS+PIK3CA+STK11	same_stage_one_event	ATM	1	0.09021858662136424	7.367025195226167e-05	6.646426007172848e-06
rule_a_one_step	primary::ATM+KRAS+STK11	primary::ATM+KRAS+PIK3CA+STK11	same_stage_one_event	PIK3CA	1	0.019997071471564636	0.002504788566376897	5.008843598299673e-05
rule_a_one_step	primary::ATM+KRAS+PIK3CA	primary::ATM+KRAS+PIK3CA+STK11	same_stage_one_event	STK11	1	0.3026139232133286	0.00022101075585678504	6.688093190216486e-05
rule_a_one_step	primary::KRAS+PIK3CA+TP53	primary::ATM+KRAS+PIK3CA+TP53	same_stage_one_event	ATM	1	0.09721100466467461	0.0014734050390452335	0.00014323118412358127
rule_a_one_step	primary::ATM+KRAS+TP53	primary::ATM+KRAS+PIK3CA+TP53	same_stage_one_event	PIK3CA	1	0.06443306580527902	0.001105053779283925	7.120200287897343e-05
rule_a_one_step	primary::ATM+KRAS+PIK3CA	primary::ATM+KRAS+PIK3CA+TP53	same_stage_one_event	TP53	1	0.1293738799936559	0.00022101075585678504	2.8593019005522893e-05
rule_a_one_step	primary::KRAS+RBM10+SETD2	primary::ATM+KRAS+RBM10+SETD2	same_stage_one_event	ATM	1	0.18652329207733004	0.0005893620156180934	0.00010992974337841758
rule_a_one_step	primary::ATM+RBM10+SETD2	primary::ATM+KRAS+RBM10+SETD2	same_stage_one_event	KRAS	1	0.4368550067345466	3.6835125976130835e-05	1.609160920637051e-05
rule_a_one_step	primary::ATM+KRAS+SETD2	primary::ATM+KRAS+RBM10+SETD2	same_stage_one_event	RBM10	1	0.1525468016014707	0.00025784588183291586	3.933356457972207e-05
rule_a_one_step	primary::ATM+KRAS+RBM10	primary::ATM+KRAS+RBM10+SETD2	same_stage_one_event	SETD2	1	0.1106602896796399	0.0014365699130691027	0.000158971242725282
rule_a_one_step	primary::NF1+RBM10	primary::ATM+NF1+RBM10	same_stage_one_event	ATM	1	0.08723189028362156	0.0006630322675703551	5.783755801919803e-05
rule_a_one_step	primary::ATM+RBM10	primary::ATM+NF1+RBM10	same_stage_one_event	NF1	1	0.028713898798625827	0.00022101075585678504	6.346080477079526e-06
rule_a_one_step	primary::ATM+NF1	primary::ATM+NF1+RBM10	same_stage_one_event	RBM10	1	0.08473178241715172	0.00033151613378517756	2.8089952915661026e-05
rule_a_one_step	primary::NF1+STK11	primary::ATM+NF1+STK11	same_stage_one_event	ATM	1	0.0634194184339857	0.0004051863857374392	2.569668494083699e-05
rule_a_one_step	primary::ATM+STK11	primary::ATM+NF1+STK11	same_stage_one_event	NF1	1	0.02219189752461171	0.0003683512597613084	8.174413409684585e-06
rule_a_one_step	primary::ATM+NF1	primary::ATM+NF1+STK11	same_stage_one_event	STK11	1	0.11335805107854283	0.00033151613378517756	3.7580022826981193e-05
rule_a_one_step	primary::NF1+STK11+TP53	primary::ATM+NF1+STK11+TP53	same_stage_one_event	ATM	1	0.0615808193211649	0.0005893620156180934	3.629339579853538e-05
rule_a_one_step	primary::ATM+STK11+TP53	primary::ATM+NF1+STK11+TP53	same_stage_one_event	NF1	1	0.09104457181005055	0.00022101075585678504	2.0121829632396615e-05
rule_a_one_step	primary::ATM+NF1+TP53	primary::ATM+NF1+STK11+TP53	same_stage_one_event	STK11	1	0.24896640551906543	0.00014734050390452334	3.6682835644477e-05
rule_a_one_step	primary::ATM+NF1+STK11	primary::ATM+NF1+STK11+TP53	same_stage_one_event	TP53	1	0.004970626054745407	0.00011050537792839252	5.492809107203559e-07
rule_a_one_step	primary::PIK3CA	primary::ATM+PIK3CA	same_stage_one_event	ATM	1	0.029340371051644682	0.0023942831884485043	7.024915715179403e-05
rule_a_one_step	primary::ATM	primary::ATM+PIK3CA	same_stage_one_event	PIK3CA	1	0.012975471102061584	0.0016575806689258876	2.1507890068983763e-05
rule_a_one_step	primary::CDKN2A+EGFR+TP53	primary::BRAF+CDKN2A+EGFR+TP53	same_stage_one_event	BRAF	1	0.06867511669166945	0.0015102401650213643	0.00010371591956528833
rule_a_one_step	primary::BRAF+EGFR+TP53	primary::BRAF+CDKN2A+EGFR+TP53	same_stage_one_event	CDKN2A	1	0.1021929280720804	0.0004051863857374392	4.140718317345235e-05
rule_a_one_step	primary::BRAF+CDKN2A+TP53	primary::BRAF+CDKN2A+EGFR+TP53	same_stage_one_event	EGFR	1	0.01099018481956133	0.0002946810078090467	3.2385987386360185e-06
rule_a_one_step	primary::CDKN2A+MET+TP53	primary::BRAF+CDKN2A+MET+TP53	same_stage_one_event	BRAF	1	0.09548740398897927	0.0002946810078090467	2.8138324440541995e-05
rule_a_one_step	primary::BRAF+MET+TP53	primary::BRAF+CDKN2A+MET+TP53	same_stage_one_event	CDKN2A	1	0.13797221988524108	3.6835125976130835e-05	5.082224100679279e-06
rule_a_one_step	primary::BRAF+CDKN2A+TP53	primary::BRAF+CDKN2A+MET+TP53	same_stage_one_event	MET	1	0.01690364908119421	0.0002946810078090467	4.981184346896776e-06
rule_a_one_step	primary::KEAP1+SMARCA4+STK11	primary::BRAF+KEAP1+SMARCA4+STK11	same_stage_one_event	BRAF	1	0.04315512845242959	0.0005525268896419625	2.384436889592028e-05
rule_a_one_step	primary::BRAF+SMARCA4+STK11	primary::BRAF+KEAP1+SMARCA4+STK11	same_stage_one_event	KEAP1	1	0.5387938207965681	3.6835125976130835e-05	1.984653826420245e-05
rule_a_one_step	primary::BRAF+KEAP1+STK11	primary::BRAF+KEAP1+SMARCA4+STK11	same_stage_one_event	SMARCA4	1	0.33960241873479424	0.0005156917636658317	0.00017513017026252835
rule_a_one_step	primary::BRAF+KEAP1+SMARCA4	primary::BRAF+KEAP1+SMARCA4+STK11	same_stage_one_event	STK11	1	0.04242897845640191	3.6835125976130835e-05	1.5628767664801056e-06
rule_a_one_step	primary::KRAS+PIK3CA+TP53	primary::BRAF+KRAS+PIK3CA+TP53	same_stage_one_event	BRAF	1	0.05821086507748973	0.0014734050390452335	8.576818193235558e-05
rule_a_one_step	primary::BRAF+PIK3CA+TP53	primary::BRAF+KRAS+PIK3CA+TP53	same_stage_one_event	KRAS	1	0.010812761401340944	0.00011050537792839252	1.1948682851047162e-06
rule_a_one_step	primary::BRAF+KRAS+TP53	primary::BRAF+KRAS+PIK3CA+TP53	same_stage_one_event	PIK3CA	1	0.07611272273834961	0.0007367025195226168	5.607243460906852e-05
rule_a_one_step	primary::NF1+STK11+TP53	primary::BRAF+NF1+STK11+TP53	same_stage_one_event	BRAF	1	0.0414383265975228	0.0005893620156180934	2.4422175687356886e-05
rule_a_one_step	primary::BRAF+STK11+TP53	primary::BRAF+NF1+STK11+TP53	same_stage_one_event	NF1	1	0.08035214345585145	0.0005156917636658317	4.1436938573077956e-05
rule_a_one_step	primary::BRAF+NF1+TP53	primary::BRAF+NF1+STK11+TP53	same_stage_one_event	STK11	1	0.1854886946395041	0.00033151613378517756	6.149249490774779e-05
rule_a_one_step	primary::PIK3CA+TP53	primary::BRAF+PIK3CA+TP53	same_stage_one_event	BRAF	1	0.09655050899372998	0.001583910416973626	0.0001529273569592747
rule_a_one_step	primary::BRAF+TP53	primary::BRAF+PIK3CA+TP53	same_stage_one_event	PIK3CA	1	0.062054808738044476	0.003204655959923383	0.00019886431266427984
rule_a_one_step	primary::BRAF+PIK3CA	primary::BRAF+PIK3CA+TP53	same_stage_one_event	TP53	1	0.1805533374200625	0.00025784588183291586	4.655493450495202e-05
rule_a_one_step	primary::RBM10+SETD2	primary::BRAF+RBM10+SETD2	same_stage_one_event	BRAF	1	0.03828153063525157	0.00014734050390452334	5.6404200140344135e-06
rule_a_one_step	primary::BRAF+SETD2	primary::BRAF+RBM10+SETD2	same_stage_one_event	RBM10	1	0.06615538409928781	0.0013260645351407102	8.772630866267722e-05
rule_a_one_step	primary::BRAF+RBM10	primary::BRAF+RBM10+SETD2	same_stage_one_event	SETD2	1	0.17915637102583212	0.0002946810078090467	5.2793979969303704e-05
rule_a_one_step	primary::EGFR+KRAS+MET+PIK3CA+STK11+TP53	primary::CDKN2A+EGFR+KRAS+MET+PIK3CA+STK11+TP53	same_stage_one_event	CDKN2A	1	0.15803581532624836	0.00014734050390452334	2.3285076665131625e-05
rule_a_one_step	primary::CDKN2A+EGFR+MET+PIK3CA+STK11+TP53	primary::CDKN2A+EGFR+KRAS+MET+PIK3CA+STK11+TP53	same_stage_one_event	KRAS	1	0.012868579583880426	7.367025195226167e-05	9.480315002122016e-07
rule_a_one_step	primary::CDKN2A+EGFR+KRAS+MET+STK11+TP53	primary::CDKN2A+EGFR+KRAS+MET+PIK3CA+STK11+TP53	same_stage_one_event	PIK3CA	1	0.20329861883191142	0.00011050537792839252	2.2465590706340588e-05
rule_a_one_step	primary::CDKN2A+EGFR+KRAS+MET+PIK3CA+TP53	primary::CDKN2A+EGFR+KRAS+MET+PIK3CA+STK11+TP53	same_stage_one_event	STK11	1	0.15107717498598774	7.367025195226167e-05	1.1129893545453642e-05
rule_a_one_step	primary::EGFR+KRAS+MET+STK11+TP53	primary::CDKN2A+EGFR+KRAS+MET+STK11+TP53	same_stage_one_event	CDKN2A	1	0.12857165885150462	3.6835125976130835e-05	4.73595325075529e-06
rule_a_one_step	primary::CDKN2A+EGFR+MET+STK11+TP53	primary::CDKN2A+EGFR+KRAS+MET+STK11+TP53	same_stage_one_event	KRAS	1	0.011070636740150474	0.00011050537792839252	1.2233648968782755e-06
rule_a_one_step	primary::CDKN2A+EGFR+KRAS+MET+STK11	primary::CDKN2A+EGFR+KRAS+MET+STK11+TP53	same_stage_one_event	TP53	1	0.2393002724370813	3.6835125976130835e-05	8.81465568134232e-06
rule_a_one_step	primary::EGFR+MET+STK11+TP53	primary::CDKN2A+EGFR+MET+STK11+TP53	same_stage_one_event	CDKN2A	1	0.10315959483636958	3.6835125976130835e-05	3.7998966714442892e-06
rule_a_one_step	primary::CDKN2A+MET+STK11+TP53	primary::CDKN2A+EGFR+MET+STK11+TP53	same_stage_one_event	EGFR	1	0.002586565655049332	7.367025195226167e-05	1.9055294349855102e-07
rule_a_one_step	primary::CDKN2A+EGFR+STK11+TP53	primary::CDKN2A+EGFR+MET+STK11+TP53	same_stage_one_event	MET	1	0.004407545654940815	3.6835125976130835e-05	1.62352499445293e-07
rule_a_one_step	primary::CDKN2A+EGFR+MET+TP53	primary::CDKN2A+EGFR+MET+STK11+TP53	same_stage_one_event	STK11	1	0.07433574696092253	0.0001841756298806542	1.3690833019176832e-05
rule_a_one_step	primary::KEAP1+NF1+STK11	primary::CDKN2A+KEAP1+NF1+STK11	same_stage_one_event	CDKN2A	1	0.02461785853511726	0.0004420215117135701	1.0881623044843344e-05
rule_a_one_step	primary::CDKN2A+KEAP1+STK11	primary::CDKN2A+KEAP1+NF1+STK11	same_stage_one_event	NF1	1	0.027121645755092114	7.367025195226167e-05	1.9980584761376243e-06
rule_a_one_step	primary::KRAS+MET+TP53	primary::CDKN2A+KRAS+MET+TP53	same_stage_one_event	CDKN2A	1	0.16331181921663984	0.000920878149403271	0.00015039028585590086
rule_a_one_step	primary::CDKN2A+MET+TP53	primary::CDKN2A+KRAS+MET+TP53	same_stage_one_event	KRAS	1	0.04369013782397819	0.0002946810078090467	1.2874653845286042e-05
rule_a_one_step	primary::CDKN2A+KRAS+TP53	primary::CDKN2A+KRAS+MET+TP53	same_stage_one_event	MET	1	0.005344091389071922	0.002541623692353028	1.3582669288565e-05
rule_a_one_step	primary::CDKN2A+KRAS+MET	primary::CDKN2A+KRAS+MET+TP53	same_stage_one_event	TP53	1	0.594123622678875	3.6835125976130835e-05	2.1884618486771583e-05
rule_a_one_step	primary::KRAS+PIK3CA+TP53	primary::CDKN2A+KRAS+PIK3CA+TP53	same_stage_one_event	CDKN2A	1	0.136844818247787	0.0014734050390452335	0.00020162784477351848
rule_a_one_step	primary::CDKN2A+PIK3CA+TP53	primary::CDKN2A+KRAS+PIK3CA+TP53	same_stage_one_event	KRAS	1	0.05570273554628042	0.00022101075585678504	1.2310903686374044e-05
rule_a_one_step	primary::CDKN2A+KRAS+TP53	primary::CDKN2A+KRAS+PIK3CA+TP53	same_stage_one_event	PIK3CA	1	0.0913432504908637	0.002541623692353028	0.00023216016958411652
rule_a_one_step	primary::CDKN2A+KRAS+PIK3CA	primary::CDKN2A+KRAS+PIK3CA+TP53	same_stage_one_event	TP53	1	0.3450648014616049	7.367025195226167e-05	2.5421010863533583e-05
rule_a_one_step	primary::KRAS+SMARCA4+STK11	primary::CDKN2A+KRAS+SMARCA4+STK11	same_stage_one_event	CDKN2A	1	0.03209371800131603	0.0004788566376897009	1.5368289893071624e-05
rule_a_one_step	primary::CDKN2A+SMARCA4+STK11	primary::CDKN2A+KRAS+SMARCA4+STK11	same_stage_one_event	KRAS	1	0.3818609654800228	3.6835125976130835e-05	1.4065896768823588e-05
rule_a_one_step	primary::CDKN2A+KRAS+STK11	primary::CDKN2A+KRAS+SMARCA4+STK11	same_stage_one_event	SMARCA4	1	0.1279598163040089	0.0004420215117135701	5.656099144128875e-05
rule_a_one_step	primary::CDKN2A+KRAS+SMARCA4	primary::CDKN2A+KRAS+SMARCA4+STK11	same_stage_one_event	STK11	1	0.11763179114608285	3.6835125976130835e-05	4.332981845663874e-06
rule_a_one_step	primary::KRAS+SMARCA4+TP53	primary::CDKN2A+KRAS+SMARCA4+TP53	same_stage_one_event	CDKN2A	1	0.13298361417686694	0.0006630322675703551	8.817242725738931e-05
rule_a_one_step	primary::CDKN2A+SMARCA4+TP53	primary::CDKN2A+KRAS+SMARCA4+TP53	same_stage_one_event	KRAS	1	0.051003452855108766	0.0005156917636658317	2.630206055589814e-05
rule_a_one_step	primary::CDKN2A+KRAS+TP53	primary::CDKN2A+KRAS+SMARCA4+TP53	same_stage_one_event	SMARCA4	1	0.08721947475725236	0.002541623692353028	0.00022167908347761947
rule_a_one_step	primary::CDKN2A+KRAS+SMARCA4	primary::CDKN2A+KRAS+SMARCA4+TP53	same_stage_one_event	TP53	1	0.5525421061196116	3.6835125976130835e-05	2.035295808603255e-05
rule_a_one_step	primary::RBM10	primary::CDKN2A+RBM10	same_stage_one_event	CDKN2A	1	0.01151376170008055	0.0012892294091645794	1.4843880193856611e-05
rule_a_one_step	primary::CDKN2A	primary::CDKN2A+RBM10	same_stage_one_event	RBM10	1	0.025757408504331038	0.0008840430234271402	2.2770657289816742e-05
rule_a_one_step	primary::RBM10+TP53	primary::CDKN2A+RBM10+TP53	same_stage_one_event	CDKN2A	1	0.08394400338434259	0.0008103727714748784	6.802593467126627e-05
rule_a_one_step	primary::CDKN2A+TP53	primary::CDKN2A+RBM10+TP53	same_stage_one_event	RBM10	1	0.05253042252204709	0.002062767054663327	0.00010835802494602317
rule_a_one_step	primary::CDKN2A+RBM10	primary::CDKN2A+RBM10+TP53	same_stage_one_event	TP53	1	0.05605322405630542	0.00011050537792839252	6.194182708446893e-06
rule_a_one_step	primary::SMARCA4+STK11+TP53	primary::CDKN2A+SMARCA4+STK11+TP53	same_stage_one_event	CDKN2A	1	0.04720917707690615	0.0004788566376897009	2.2606427803144983e-05
rule_a_one_step	primary::CDKN2A+STK11+TP53	primary::CDKN2A+SMARCA4+STK11+TP53	same_stage_one_event	SMARCA4	1	0.1397070977023202	0.0001841756298806542	2.573064271812292e-05
rule_a_one_step	primary::CDKN2A+SMARCA4+TP53	primary::CDKN2A+SMARCA4+STK11+TP53	same_stage_one_event	STK11	1	0.2029006985993812	0.0005156917636658317	0.00010463421910974424
rule_a_one_step	primary::CDKN2A+SMARCA4+STK11	primary::CDKN2A+SMARCA4+STK11+TP53	same_stage_one_event	TP53	1	0.0144406386774391	3.6835125976130835e-05	5.319227448592567e-07
rule_a_one_step	primary::KRAS+MET+PIK3CA	primary::EGFR+KRAS+MET+PIK3CA	same_stage_one_event	EGFR	1	0.008146982884854123	0.0001841756298806542	1.5004757044449172e-06
rule_a_one_step	primary::EGFR+MET+PIK3CA	primary::EGFR+KRAS+MET+PIK3CA	same_stage_one_event	KRAS	1	0.05429466129028877	0.00014734050390452334	7.999802753836565e-06
rule_a_one_step	primary::EGFR+KRAS+PIK3CA	primary::EGFR+KRAS+MET+PIK3CA	same_stage_one_event	MET	1	0.002079225156854833	3.6835125976130835e-05	7.658852058548817e-08
rule_a_one_step	primary::EGFR+KRAS+MET	primary::EGFR+KRAS+MET+PIK3CA	same_stage_one_event	PIK3CA	1	0.06325114308632296	7.367025195226167e-05	4.6597276474379665e-06
rule_a_one_step	primary::EGFR+MET+PIK3CA+STK11	primary::EGFR+KRAS+MET+PIK3CA+STK11	same_stage_one_event	KRAS	1	0.15114639270374963	3.6835125976130835e-05	5.56749641608036e-06
rule_a_one_step	primary::EGFR+KRAS+MET+PIK3CA	primary::EGFR+KRAS+MET+PIK3CA+STK11	same_stage_one_event	STK11	1	0.027346387633857668	0.00011050537792839252	3.021922900455761e-06
rule_a_one_step	primary::KRAS+PIK3CA+RBM10+TP53	primary::EGFR+KRAS+PIK3CA+RBM10+TP53	same_stage_one_event	EGFR	1	0.004419370787100858	7.367025195226167e-05	3.255761593561852e-07
rule_a_one_step	primary::EGFR+PIK3CA+RBM10+TP53	primary::EGFR+KRAS+PIK3CA+RBM10+TP53	same_stage_one_event	KRAS	1	0.016982459854694074	0.00011050537792839252	1.8766531443967225e-06
rule_a_one_step	primary::EGFR+KRAS+RBM10+TP53	primary::EGFR+KRAS+PIK3CA+RBM10+TP53	same_stage_one_event	PIK3CA	1	0.22937177886035962	0.00011050537792839252	2.5346815109071715e-05
rule_a_one_step	primary::EGFR+KRAS+PIK3CA+TP53	primary::EGFR+KRAS+PIK3CA+RBM10+TP53	same_stage_one_event	RBM10	1	0.22926756385549704	0.00011050537792839252	2.5335298790573565e-05
rule_a_one_step	primary::KRAS+PIK3CA+TP53	primary::EGFR+KRAS+PIK3CA+TP53	same_stage_one_event	EGFR	1	0.0024110973402454695	0.0014734050390452335	3.5525229707462347e-06
rule_a_one_step	primary::EGFR+PIK3CA+TP53	primary::EGFR+KRAS+PIK3CA+TP53	same_stage_one_event	KRAS	1	0.014134204349650199	0.0023574480624723735	3.332065265867145e-05
rule_a_one_step	primary::EGFR+KRAS+TP53	primary::EGFR+KRAS+PIK3CA+TP53	same_stage_one_event	PIK3CA	1	0.2167076108162471	0.0007735376454987476	0.0001676314950324587
rule_a_one_step	primary::EGFR+KRAS+PIK3CA	primary::EGFR+KRAS+PIK3CA+TP53	same_stage_one_event	TP53	1	0.6895799277350073	3.6835125976130835e-05	2.540076350873019e-05
rule_a_one_step	primary::KRAS+RBM10+TP53	primary::EGFR+KRAS+RBM10+TP53	same_stage_one_event	EGFR	1	0.0040982944517775595	0.0018049211728304111	7.397098428506719e-06
rule_a_one_step	primary::EGFR+RBM10+TP53	primary::EGFR+KRAS+RBM10+TP53	same_stage_one_event	KRAS	1	0.014298824700447924	0.002946810078090467	4.213592073212885e-05
rule_a_one_step	primary::EGFR+KRAS+TP53	primary::EGFR+KRAS+RBM10+TP53	same_stage_one_event	RBM10	1	0.18336760739774965	0.0007735376454987476	0.00014184174728719398
rule_a_one_step	primary::EGFR+KRAS+RBM10	primary::EGFR+KRAS+RBM10+TP53	same_stage_one_event	TP53	1	0.640659337633558	0.00025784588183291586	0.00016519137186661654
rule_a_one_step	primary::NF1+RBM10	primary::EGFR+NF1+RBM10	same_stage_one_event	EGFR	1	0.2347162753092581	0.0006630322675703551	0.00015562446425396515
rule_a_one_step	primary::EGFR+RBM10	primary::EGFR+NF1+RBM10	same_stage_one_event	NF1	1	0.030684532388328373	0.007809046706939738	0.0002396169466010614
rule_a_one_step	primary::EGFR+NF1	primary::EGFR+NF1+RBM10	same_stage_one_event	RBM10	1	0.07771419957142499	0.0005893620156180934	4.58017973015618e-05
rule_a_one_step	primary::NF1+RBM10+TP53	primary::EGFR+NF1+RBM10+TP53	same_stage_one_event	EGFR	1	0.04736654461973779	0.0004051863857374392	1.9192279019342704e-05
rule_a_one_step	primary::EGFR+RBM10+TP53	primary::EGFR+NF1+RBM10+TP53	same_stage_one_event	NF1	1	0.11993927212474902	0.002946810078090467	0.0003534382558560454
rule_a_one_step	primary::EGFR+NF1+TP53	primary::EGFR+NF1+RBM10+TP53	same_stage_one_event	RBM10	1	0.18838299686494903	0.001141888905260056	0.0002151124540597252
rule_a_one_step	primary::EGFR+NF1+RBM10	primary::EGFR+NF1+RBM10+TP53	same_stage_one_event	TP53	1	0.4666857226129562	0.00011050537792839252	5.157128215112969e-05
rule_a_one_step	primary::PIK3CA+RBM10+TP53	primary::EGFR+PIK3CA+RBM10+TP53	same_stage_one_event	EGFR	1	0.13373890058215648	0.00014734050390452334	1.9705157003411887e-05
rule_a_one_step	primary::EGFR+RBM10+TP53	primary::EGFR+PIK3CA+RBM10+TP53	same_stage_one_event	PIK3CA	1	0.17639777085617728	0.002946810078090467	0.000519810728911676
rule_a_one_step	primary::EGFR+PIK3CA+TP53	primary::EGFR+PIK3CA+RBM10+TP53	same_stage_one_event	RBM10	1	0.1512607364020412	0.0023574480624723735	0.00035658932995913644
rule_a_one_step	primary::EGFR+PIK3CA+RBM10	primary::EGFR+PIK3CA+RBM10+TP53	same_stage_one_event	TP53	1	0.2940661410291222	0.0002946810078090467	8.665570680097898e-05
rule_a_one_step	primary::PIK3CA+SETD2+TP53	primary::EGFR+PIK3CA+SETD2+TP53	same_stage_one_event	EGFR	1	0.050526997347776936	3.6835125976130835e-05	1.8611683125009921e-06
rule_a_one_step	primary::EGFR+SETD2+TP53	primary::EGFR+PIK3CA+SETD2+TP53	same_stage_one_event	PIK3CA	1	0.1792792183833917	0.0008472078974510093	0.00015188676966325362
rule_a_one_step	primary::EGFR+PIK3CA+TP53	primary::EGFR+PIK3CA+SETD2+TP53	same_stage_one_event	SETD2	1	0.058356450451277714	0.0023574480624723735	0.00013757230104912972
rule_a_one_step	primary::EGFR+PIK3CA+SETD2	primary::EGFR+PIK3CA+SETD2+TP53	same_stage_one_event	TP53	1	0.4751122310670247	0.00025784588183291586	0.00012250573218908106
rule_a_one_step	primary::RBM10+SETD2+TP53	primary::EGFR+RBM10+SETD2+TP53	same_stage_one_event	EGFR	1	0.07638998406777746	0.00011050537792839252	8.441504059353631e-06
rule_a_one_step	primary::EGFR+SETD2+TP53	primary::EGFR+RBM10+SETD2+TP53	same_stage_one_event	RBM10	1	0.12462070721671782	0.0008472078974510093	0.00010557964733993333
rule_a_one_step	primary::EGFR+RBM10+TP53	primary::EGFR+RBM10+SETD2+TP53	same_stage_one_event	SETD2	1	0.06437546666174068	0.002946810078090467	0.0001897022739405943
rule_a_one_step	primary::EGFR+RBM10+SETD2	primary::EGFR+RBM10+SETD2+TP53	same_stage_one_event	TP53	1	0.3880105603784788	0.00014734050390452334	5.7169671486441545e-05
rule_a_one_step	primary::KRAS+NF1+TP53	primary::KEAP1+KRAS+NF1+TP53	same_stage_one_event	KEAP1	1	0.05686894204164941	0.0014365699130691027	8.169621112510413e-05
rule_a_one_step	primary::KEAP1+NF1+TP53	primary::KEAP1+KRAS+NF1+TP53	same_stage_one_event	KRAS	1	0.024257815007346275	0.0005893620156180934	1.4296634747220436e-05
rule_a_one_step	primary::KEAP1+KRAS+TP53	primary::KEAP1+KRAS+NF1+TP53	same_stage_one_event	NF1	1	0.10407907321858652	0.001141888905260056	0.00011884673897805296
rule_a_one_step	primary::KEAP1+KRAS+NF1	primary::KEAP1+KRAS+NF1+TP53	same_stage_one_event	TP53	1	0.5217963152707668	0.00014734050390452334	7.68817320275183e-05
rule_a_one_step	primary::KRAS+PIK3CA	primary::KEAP1+KRAS+PIK3CA	same_stage_one_event	KEAP1	1	0.041740302355745024	0.002504788566376897	0.0001045506320977848
rule_a_one_step	primary::KEAP1+KRAS	primary::KEAP1+KRAS+PIK3CA	same_stage_one_event	PIK3CA	1	0.02870929126513451	0.0019154265507588036	5.4990538742706446e-05
rule_a_one_step	primary::KRAS+RBM10+SETD2	primary::KEAP1+KRAS+RBM10+SETD2	same_stage_one_event	KEAP1	1	0.06608380787257546	0.0005893620156180934	3.8947286207499905e-05
rule_a_one_step	primary::KEAP1+KRAS+SETD2	primary::KEAP1+KRAS+RBM10+SETD2	same_stage_one_event	RBM10	1	0.07639314026145706	0.00011050537792839252	8.441852835729011e-06
rule_a_one_step	primary::KEAP1+KRAS+RBM10	primary::KEAP1+KRAS+RBM10+SETD2	same_stage_one_event	SETD2	1	0.0751697135698403	0.00025784588183291586	1.9382201082543173e-05
rule_a_one_step	primary::KRAS+SETD2	primary::KEAP1+KRAS+SETD2	same_stage_one_event	KEAP1	1	0.033545214513986205	0.0019522616767349344	6.548903673350777e-05
rule_a_one_step	primary::KEAP1+SETD2	primary::KEAP1+KRAS+SETD2	same_stage_one_event	KRAS	1	0.28140476259088976	3.6835125976130835e-05	1.0365579880318613e-05
rule_a_one_step	primary::KEAP1+KRAS	primary::KEAP1+KRAS+SETD2	same_stage_one_event	SETD2	1	0.03453541829859335	0.0019154265507588036	6.615005715068713e-05
rule_a_one_step	primary::KRAS+SETD2+STK11	primary::KEAP1+KRAS+SETD2+STK11	same_stage_one_event	KEAP1	1	0.5021412382325671	0.00022101075585678504	0.00011097861460864162
rule_a_one_step	primary::KEAP1+SETD2+STK11	primary::KEAP1+KRAS+SETD2+STK11	same_stage_one_event	KRAS	1	0.43376493979282416	0.00011050537792839252	4.793335860389246e-05
rule_a_one_step	primary::KEAP1+KRAS+STK11	primary::KEAP1+KRAS+SETD2+STK11	same_stage_one_event	SETD2	1	0.03921589078645274	0.004935906880801533	0.0001935659851696135
rule_a_one_step	primary::KEAP1+KRAS+SETD2	primary::KEAP1+KRAS+SETD2+STK11	same_stage_one_event	STK11	1	0.039784899070671516	0.00011050537792839252	4.3964453076475085e-06
rule_a_one_step	primary::PIK3CA+STK11	primary::KEAP1+PIK3CA+STK11	same_stage_one_event	KEAP1	1	0.35809689623485863	7.367025195226167e-05	2.638108856894494e-05
rule_a_one_step	primary::KEAP1+STK11	primary::KEAP1+PIK3CA+STK11	same_stage_one_event	PIK3CA	1	0.007569968011832225	0.0026889641962575513	2.0355372950631814e-05
rule_a_one_step	primary::PIK3CA+STK11+TP53	primary::KEAP1+PIK3CA+STK11+TP53	same_stage_one_event	KEAP1	1	0.5859670230375514	0.00022101075585678504	0.0001295050146686794
rule_a_one_step	primary::KEAP1+STK11+TP53	primary::KEAP1+PIK3CA+STK11+TP53	same_stage_one_event	PIK3CA	1	0.018232827896447885	0.0017312509208781495	3.1565600085938216e-05
rule_a_one_step	primary::KEAP1+PIK3CA+TP53	primary::KEAP1+PIK3CA+STK11+TP53	same_stage_one_event	STK11	1	0.07486758763049009	0.00025784588183291586	1.9304299153286822e-05
rule_a_one_step	primary::KEAP1+PIK3CA+STK11	primary::KEAP1+PIK3CA+STK11+TP53	same_stage_one_event	TP53	1	0.008119593329709076	0.00011050537792839252	8.972587295243565e-07
rule_a_one_step	primary::KEAP1+SMARCA4+STK11	primary::KEAP1+SETD2+SMARCA4+STK11	same_stage_one_event	SETD2	1	0.021818729681943125	0.0005525268896419625	1.2055434847102802e-05
rule_a_one_step	primary::KEAP1+SETD2+STK11	primary::KEAP1+SETD2+SMARCA4+STK11	same_stage_one_event	SMARCA4	1	0.2627716018729221	0.00011050537792839252	2.903767517381635e-05
rule_a_one_step	primary::SETD2+STK11	primary::KEAP1+SETD2+STK11	same_stage_one_event	KEAP1	1	0.40950088733241885	0.00025784588183291586	0.00010558811740558907
rule_a_one_step	primary::KEAP1+STK11	primary::KEAP1+SETD2+STK11	same_stage_one_event	SETD2	1	0.01606775601030286	0.0026889641962575513	4.3205620625906465e-05
rule_a_one_step	primary::KEAP1+SETD2	primary::KEAP1+SETD2+STK11	same_stage_one_event	STK11	1	0.02353072357085913	3.6835125976130835e-05	8.667571670421073e-07
rule_a_one_step	primary::NF1+PIK3CA+TP53	primary::KRAS+NF1+PIK3CA+TP53	same_stage_one_event	KRAS	1	0.022241655639575704	7.367025195226167e-05	1.6385483748029838e-06
rule_a_one_step	primary::KRAS+PIK3CA+TP53	primary::KRAS+NF1+PIK3CA+TP53	same_stage_one_event	NF1	1	0.09357157177602678	0.0014734050390452335	0.0001378688253661806
rule_a_one_step	primary::KRAS+NF1+TP53	primary::KRAS+NF1+PIK3CA+TP53	same_stage_one_event	PIK3CA	1	0.06513064623830181	0.0014365699130691027	9.356472680469171e-05
rule_a_one_step	primary::KRAS+NF1+PIK3CA	primary::KRAS+NF1+PIK3CA+TP53	same_stage_one_event	TP53	1	0.2926973963028904	7.367025195226167e-05	2.1563090931404916e-05
rule_a_one_step	primary::PIK3CA+SETD2	primary::KRAS+PIK3CA+SETD2	same_stage_one_event	KRAS	1	0.25559753739214663	7.367025195226167e-05	1.8829934978057066e-05
rule_a_one_step	primary::KRAS+SETD2	primary::KRAS+PIK3CA+SETD2	same_stage_one_event	PIK3CA	1	0.040874966855493536	0.0019522616767349344	7.979863132979068e-05
rule_a_one_step	primary::KRAS+PIK3CA	primary::KRAS+PIK3CA+SETD2	same_stage_one_event	SETD2	1	0.04777769967831102	0.002504788566376897	0.00011967303588202259
rule_a_one_step	primary::PIK3CA+STK11+TP53	primary::KRAS+PIK3CA+STK11+TP53	same_stage_one_event	KRAS	1	0.04135539396709352	0.00022101075585678504	9.139986879422466e-06
rule_a_one_step	primary::KRAS+STK11+TP53	primary::KRAS+PIK3CA+STK11+TP53	same_stage_one_event	PIK3CA	1	0.021991615699276698	0.0024311183144246355	5.3464219690299916e-05
rule_a_one_step	primary::KRAS+PIK3CA+TP53	primary::KRAS+PIK3CA+STK11+TP53	same_stage_one_event	STK11	1	0.27027960774667414	0.0014734050390452335	0.00039823133600511883
rule_a_one_step	primary::KRAS+PIK3CA+STK11	primary::KRAS+PIK3CA+STK11+TP53	same_stage_one_event	TP53	1	0.018541980513746892	7.367025195226167e-05	1.36599237614166e-06
rule_a_one_step	primary::RBM10+SETD2+TP53	primary::KRAS+RBM10+SETD2+TP53	same_stage_one_event	KRAS	1	0.03715971662272844	0.00011050537792839252	4.106348529106576e-06
rule_a_one_step	primary::KRAS+SETD2+TP53	primary::KRAS+RBM10+SETD2+TP53	same_stage_one_event	RBM10	1	0.09071498943472495	0.0009945484013555326	9.022044772128973e-05
rule_a_one_step	primary::KRAS+RBM10+TP53	primary::KRAS+RBM10+SETD2+TP53	same_stage_one_event	SETD2	1	0.0695535509915463	0.0018049211728304111	0.00012553867683018154
rule_a_one_step	primary::KRAS+RBM10+SETD2	primary::KRAS+RBM10+SETD2+TP53	same_stage_one_event	TP53	1	0.21685991251632403	0.0005893620156180934	0.00012780899514738413
rule_a_one_step	primary::RBM10+SMARCA4+TP53	primary::KRAS+RBM10+SMARCA4+TP53	same_stage_one_event	KRAS	1	0.04975346517956025	7.367025195226167e-05	3.6653503152762818e-06
rule_a_one_step	primary::KRAS+SMARCA4+TP53	primary::KRAS+RBM10+SMARCA4+TP53	same_stage_one_event	RBM10	1	0.09231691750686735	0.0006630322675703551	6.120909514968368e-05
rule_a_one_step	primary::KRAS+RBM10+TP53	primary::KRAS+RBM10+SMARCA4+TP53	same_stage_one_event	SMARCA4	1	0.06655689581877446	0.0018049211728304111	0.00012012995046117388
rule_a_one_step	primary::KRAS+RBM10+SMARCA4	primary::KRAS+RBM10+SMARCA4+TP53	same_stage_one_event	TP53	1	0.2903715153715442	0.0001841756298806542	5.3479356742954216e-05
rule_a_one_step	primary::SETD2+STK11+TP53	primary::KRAS+SETD2+STK11+TP53	same_stage_one_event	KRAS	1	0.02635693452677182	3.6835125976130835e-05	9.708610036382723e-07
rule_a_one_step	primary::KRAS+STK11+TP53	primary::KRAS+SETD2+STK11+TP53	same_stage_one_event	SETD2	1	0.018954671049362683	0.0024311183144246355	4.6081047932000045e-05
rule_a_one_step	primary::KRAS+SETD2+TP53	primary::KRAS+SETD2+STK11+TP53	same_stage_one_event	STK11	1	0.2068881933585861	0.0009945484013555326	0.00020576032196411613
rule_a_one_step	primary::KRAS+SETD2+STK11	primary::KRAS+SETD2+STK11+TP53	same_stage_one_event	TP53	1	0.02883422028470957	0.00022101075585678504	6.3726728196647055e-06
rule_a_one_step	primary::NF1+RBM10+TP53	primary::MET+NF1+RBM10+TP53	same_stage_one_event	MET	1	0.056421083174085666	0.0004051863857374392	2.2861054770699217e-05
rule_a_one_step	primary::MET+RBM10+TP53	primary::MET+NF1+RBM10+TP53	same_stage_one_event	NF1	1	0.144506955281585	0.0002946810078090467	4.258345521779431e-05
rule_a_one_step	primary::MET+NF1+TP53	primary::MET+NF1+RBM10+TP53	same_stage_one_event	RBM10	1	0.07299783489425538	0.0003683512597613084	2.6888844443146963e-05
rule_a_one_step	primary::MET+NF1+RBM10	primary::MET+NF1+RBM10+TP53	same_stage_one_event	TP53	1	0.15154203446782402	3.6835125976130835e-05	5.582069930301459e-06
rule_a_one_step	primary::PIK3CA	primary::MET+PIK3CA	same_stage_one_event	MET	1	0.0428375840088206	0.0023942831884485043	0.00010256530722606965
rule_a_one_step	primary::MET	primary::MET+PIK3CA	same_stage_one_event	PIK3CA	1	0.04197510271479196	0.008214233092677176	0.0003447932777883677
rule_a_one_step	primary::RBM10+SETD2	primary::MET+RBM10+SETD2	same_stage_one_event	MET	1	0.06144299637338092	0.00014734050390452334	9.053042047057745e-06
rule_a_one_step	primary::MET+SETD2	primary::MET+RBM10+SETD2	same_stage_one_event	RBM10	1	0.03457266500227711	0.00025784588183291586	8.91441929482613e-06
rule_a_one_step	primary::MET+RBM10	primary::MET+RBM10+SETD2	same_stage_one_event	SETD2	1	0.027769128919408304	0.0008840430234271402	2.454910468785175e-05
rule_a_one_step	primary::SMARCA4	primary::MET+SMARCA4	same_stage_one_event	MET	1	0.0423195437434232	0.0005893620156180934	2.494153160066197e-05
rule_a_one_step	primary::MET	primary::MET+SMARCA4	same_stage_one_event	SMARCA4	1	0.01406417278572534	0.008214233092677176	0.00011552639351763484
rule_a_one_step	primary::SMARCA4+STK11	primary::NF1+SMARCA4+STK11	same_stage_one_event	NF1	1	0.02461346851783478	0.0003683512597613084	9.066402135639745e-06
rule_a_one_step	primary::NF1+STK11	primary::NF1+SMARCA4+STK11	same_stage_one_event	SMARCA4	1	0.07207298854792786	0.0004051863857374392	2.9202993739030736e-05
rule_a_one_step	primary::NF1+SMARCA4	primary::NF1+SMARCA4+STK11	same_stage_one_event	STK11	1	0.07402355973347644	3.6835125976130835e-05	2.72666714798425e-06
rule_a_one_step	primary::SMARCA4+STK11+TP53	primary::NF1+SMARCA4+STK11+TP53	same_stage_one_event	NF1	1	0.07125593431665234	0.0004788566376897009	3.4121377122310316e-05
rule_a_one_step	primary::NF1+STK11+TP53	primary::NF1+SMARCA4+STK11+TP53	same_stage_one_event	SMARCA4	1	0.10853599291761143	0.0005893620156180934	6.396699155303458e-05
rule_a_one_step	primary::NF1+SMARCA4+TP53	primary::NF1+SMARCA4+STK11+TP53	same_stage_one_event	STK11	1	0.18795854662589173	0.0002946810078090467	5.5387813946041464e-05
rule_a_one_step	primary::NF1+SMARCA4+STK11	primary::NF1+SMARCA4+STK11+TP53	same_stage_one_event	TP53	1	0.01673526893380509	0.00011050537792839252	1.849337218263418e-06
rule_a_one_step	primary::RBM10	primary::PIK3CA+RBM10	same_stage_one_event	PIK3CA	1	0.01252279596216216	0.0012892294091645794	1.6144756839386904e-05
rule_a_one_step	primary::PIK3CA	primary::PIK3CA+RBM10	same_stage_one_event	RBM10	1	0.02854198426526941	0.0023942831884485043	6.833759309129628e-05
rule_a_one_step	primary::SETD2+TP53	primary::RBM10+SETD2+TP53	same_stage_one_event	RBM10	1	0.05209846670697177	0.000920878149403271	4.797633960786409e-05
rule_a_one_step	primary::RBM10+TP53	primary::RBM10+SETD2+TP53	same_stage_one_event	SETD2	1	0.051558875559782724	0.0008103727714748784	4.17819088815095e-05
rule_a_one_step	primary::RBM10+SETD2	primary::RBM10+SETD2+TP53	same_stage_one_event	TP53	1	0.055329930864573905	0.00014734050390452334	8.152339894588758e-06
rule_a_one_step	primary::STK11+TP53	primary::RBM10+STK11+TP53	same_stage_one_event	RBM10	1	0.031397413043687386	0.0039781936054221305	0.00012490498779719455
rule_a_one_step	primary::RBM10+TP53	primary::RBM10+STK11+TP53	same_stage_one_event	STK11	1	0.09322851354256448	0.0008103727714748784	7.554984889997121e-05
rule_a_one_step	primary::RBM10+STK11	primary::RBM10+STK11+TP53	same_stage_one_event	TP53	1	0.0034587526827378166	0.0001841756298806542	6.370179539446398e-07
rule_a_one_step	primary::SMARCA4+TP53	primary::SETD2+SMARCA4+TP53	same_stage_one_event	SETD2	1	0.04712642505538766	0.0010682186533077943	5.0341326307876896e-05
rule_a_one_step	primary::SETD2+TP53	primary::SETD2+SMARCA4+TP53	same_stage_one_event	SMARCA4	1	0.06837047763289902	0.000920878149403271	6.296087891640178e-05
rule_a_one_step	primary::SETD2+SMARCA4	primary::SETD2+SMARCA4+TP53	same_stage_one_event	TP53	1	0.20335559203862483	7.367025195226167e-05	1.4981257701386829e-05
rule_a_one_step	unknown::EGFR	unknown::ARID1A+EGFR	same_stage_one_event	ARID1A	1	0.014365818994675433	0.004457050243111832	6.402917704271871e-05
rule_a_one_step	unknown::ARID1A	unknown::ARID1A+EGFR	same_stage_one_event	EGFR	1	0.2481361581393719	0.0001841756298806542	4.5700633221484436e-05
rule_a_one_step	unknown::KRAS	unknown::ARID1A+KRAS	same_stage_one_event	ARID1A	1	0.02758177783648699	0.002725799322233682	7.518239133269623e-05
rule_a_one_step	unknown::ARID1A	unknown::ARID1A+KRAS	same_stage_one_event	KRAS	1	0.2620156834310963	0.0001841756298806542	4.8256903534532254e-05
rule_a_one_step	unknown::KEAP1+KRAS+STK11	unknown::ATM+KEAP1+KRAS+STK11	same_stage_one_event	ATM	1	0.14792011014408354	0.00025784588183291586	3.814059124092326e-05
rule_a_one_step	unknown::ATM+KRAS+STK11	unknown::ATM+KEAP1+KRAS+STK11	same_stage_one_event	KEAP1	1	0.4519799943259124	0.0001841756298806542	8.324370014842943e-05
rule_a_one_step	unknown::ATM+KEAP1+KRAS	unknown::ATM+KEAP1+KRAS+STK11	same_stage_one_event	STK11	1	0.10331680766392472	3.6835125976130835e-05	3.8056876257523467e-06
rule_a_one_step	unknown::KEAP1+TP53	unknown::ATM+KEAP1+TP53	same_stage_one_event	ATM	1	0.07472749752298921	7.367025195226167e-05	5.505193570280625e-06
rule_a_one_step	unknown::ATM+TP53	unknown::ATM+KEAP1+TP53	same_stage_one_event	KEAP1	1	0.04461663146945309	0.0004420215117135701	1.9721510889694898e-05
rule_a_one_step	unknown::ATM+KEAP1	unknown::ATM+KEAP1+TP53	same_stage_one_event	TP53	1	0.07708306910443098	3.6835125976130835e-05	2.839364561088514e-06
rule_a_one_step	unknown::KRAS+TP53	unknown::ATM+KRAS+TP53	same_stage_one_event	ATM	1	0.09162805973188612	0.0014365699130691027	0.0001316301138037262
rule_a_one_step	unknown::ATM+TP53	unknown::ATM+KRAS+TP53	same_stage_one_event	KRAS	1	0.08331098457450427	0.0004420215117135701	3.682524734396829e-05
rule_a_one_step	unknown::ATM+KRAS	unknown::ATM+KRAS+TP53	same_stage_one_event	TP53	1	0.2529791764277119	0.0004051863857374392	0.00010250371816357856
rule_a_one_step	unknown::EGFR+TP53	unknown::BRAF+EGFR+TP53	same_stage_one_event	BRAF	1	0.06271715794545506	0.005930455282157065	0.0003719413006195029
rule_a_one_step	unknown::BRAF+TP53	unknown::BRAF+EGFR+TP53	same_stage_one_event	EGFR	1	0.009864787987308422	0.00011050537792839252	1.0901121247209837e-06
rule_a_one_step	unknown::BRAF+EGFR	unknown::BRAF+EGFR+TP53	same_stage_one_event	TP53	1	0.7208643351917665	7.367025195226167e-05	5.310625719697705e-05
rule_a_one_step	unknown::TP53	unknown::BRAF+TP53	same_stage_one_event	BRAF	1	0.06846272962838786	0.0035730072196846915	0.00024461782724155085
rule_a_one_step	unknown::BRAF	unknown::BRAF+TP53	same_stage_one_event	TP53	1	0.3333104899966696	0.0003683512597613084	0.00012277533888193224
rule_a_one_step	unknown::EGFR+PIK3CA+TP53	unknown::CDKN2A+EGFR+PIK3CA+TP53	same_stage_one_event	CDKN2A	1	0.1250919074695727	0.00022101075585678504	2.7646657021417275e-05
rule_a_one_step	unknown::CDKN2A+EGFR+TP53	unknown::CDKN2A+EGFR+PIK3CA+TP53	same_stage_one_event	PIK3CA	1	0.2011231644328703	0.00011050537792839252	2.2225191295808565e-05
rule_a_one_step	unknown::CDKN2A+EGFR+PIK3CA	unknown::CDKN2A+EGFR+PIK3CA+TP53	same_stage_one_event	TP53	1	0.5623435158203508	3.6835125976130835e-05	2.0713994247102945e-05
rule_a_one_step	unknown::EGFR+TP53	unknown::CDKN2A+EGFR+TP53	same_stage_one_event	CDKN2A	1	0.10381402001420266	0.005930455282157065	0.0006156644033551875
rule_a_one_step	unknown::CDKN2A+TP53	unknown::CDKN2A+EGFR+TP53	same_stage_one_event	EGFR	1	0.08838769306675337	0.00025784588183291586	2.2790402661974127e-05
rule_a_one_step	unknown::CDKN2A+EGFR	unknown::CDKN2A+EGFR+TP53	same_stage_one_event	TP53	1	0.7293066642842103	3.6835125976130835e-05	2.6864102854140646e-05
rule_a_one_step	unknown::KEAP1+TP53	unknown::CDKN2A+KEAP1+TP53	same_stage_one_event	CDKN2A	1	0.12556248313825336	7.367025195226167e-05	9.250219768546732e-06
rule_a_one_step	unknown::CDKN2A+TP53	unknown::CDKN2A+KEAP1+TP53	same_stage_one_event	KEAP1	1	0.07706584015622533	0.00025784588183291586	1.987110951427646e-05
rule_a_one_step	unknown::NF1+TP53	unknown::EGFR+NF1+TP53	same_stage_one_event	EGFR	1	0.027895458246301262	0.0004420215117135701	1.2330392623972858e-05
rule_a_one_step	unknown::EGFR+TP53	unknown::EGFR+NF1+TP53	same_stage_one_event	NF1	1	0.08997269914971565	0.005930455282157065	0.0005335790689223596
rule_a_one_step	unknown::EGFR+NF1	unknown::EGFR+NF1+TP53	same_stage_one_event	TP53	1	0.7024697844604741	3.6835125976130835e-05	2.587556300502704e-05
rule_a_one_step	unknown::KRAS+RBM10+STK11	unknown::KEAP1+KRAS+RBM10+STK11	same_stage_one_event	KEAP1	1	0.608797034828519	0.00014734050390452334	8.970046188721363e-05
rule_a_one_step	unknown::KEAP1+KRAS+STK11	unknown::KEAP1+KRAS+RBM10+STK11	same_stage_one_event	RBM10	1	0.14550154229736295	0.00025784588183291586	3.7516973481712854e-05
rule_a_one_step	unknown::KEAP1+KRAS+RBM10	unknown::KEAP1+KRAS+RBM10+STK11	same_stage_one_event	STK11	1	0.04307985393361078	3.6835125976130835e-05	1.5868518466778686e-06
rule_a_one_step	unknown::KRAS+SMARCA4+STK11	unknown::KEAP1+KRAS+SMARCA4+STK11	same_stage_one_event	KEAP1	1	0.5639520698616337	3.6835125976130835e-05	2.0773245537853015e-05
rule_a_one_step	unknown::KEAP1+KRAS+STK11	unknown::KEAP1+KRAS+SMARCA4+STK11	same_stage_one_event	SMARCA4	1	0.36131577804319526	0.00025784588183291586	9.316378540969377e-05
rule_a_one_step	unknown::KEAP1+KRAS+SMARCA4	unknown::KEAP1+KRAS+SMARCA4+STK11	same_stage_one_event	STK11	1	0.04527566297400383	0.00014734050390452334	6.670938997201094e-06
rule_a_one_step	unknown::KRAS+TP53	unknown::KEAP1+KRAS+TP53	same_stage_one_event	KEAP1	1	0.05664619084502178	0.0014365699130691027	8.137621345792874e-05
rule_a_one_step	unknown::KEAP1+TP53	unknown::KEAP1+KRAS+TP53	same_stage_one_event	KRAS	1	0.06010787664212213	7.367025195226167e-05	4.428162416540601e-06
rule_a_one_step	unknown::KEAP1+KRAS	unknown::KEAP1+KRAS+TP53	same_stage_one_event	TP53	1	0.5813170031799698	7.367025195226167e-05	4.2825770088402075e-05
rule_a_one_step	unknown::KRAS+SETD2	unknown::KRAS+RBM10+SETD2	same_stage_one_event	RBM10	1	0.08461045108363074	0.00014734050390452334	1.2466546498251177e-05
rule_a_one_step	unknown::KRAS+RBM10	unknown::KRAS+RBM10+SETD2	same_stage_one_event	SETD2	1	0.06865604243422062	0.0004051863857374392	2.781849369295811e-05
rule_a_one_step	unknown::SETD2+TP53	unknown::KRAS+SETD2+TP53	same_stage_one_event	KRAS	1	0.0345134383045129	0.0001841756298806542	6.3565342390807615e-06
rule_a_one_step	unknown::KRAS+TP53	unknown::KRAS+SETD2+TP53	same_stage_one_event	SETD2	1	0.05071412353848556	0.0014365699130691027	7.285438404305794e-05
rule_a_one_step	unknown::KRAS+SETD2	unknown::KRAS+SETD2+TP53	same_stage_one_event	TP53	1	0.4467499821961342	0.00014734050390452334	6.582436749611524e-05
rule_a_one_step	unknown::SMARCA4+STK11+TP53	unknown::KRAS+SMARCA4+STK11+TP53	same_stage_one_event	KRAS	1	0.038671358302755976	3.6835125976130835e-05	1.4244643547501095e-06
rule_a_one_step	unknown::KRAS+STK11+TP53	unknown::KRAS+SMARCA4+STK11+TP53	same_stage_one_event	SMARCA4	1	0.09839427358095298	0.0001841756298806542	1.812182731342143e-05
rule_a_one_step	unknown::KRAS+SMARCA4+TP53	unknown::KRAS+SMARCA4+STK11+TP53	same_stage_one_event	STK11	1	0.2623144772023377	7.367025195226167e-05	1.9324773626222017e-05
rule_a_one_step	unknown::KRAS+SMARCA4+STK11	unknown::KRAS+SMARCA4+STK11+TP53	same_stage_one_event	TP53	1	0.04509543741288214	3.6835125976130835e-05	1.6610961180522373e-06
rule_a_one_step	unknown::RBM10+TP53	unknown::MET+RBM10+TP53	same_stage_one_event	MET	1	0.05014989174111842	7.367025195226167e-05	3.6945551599468408e-06
rule_a_one_step	unknown::MET+TP53	unknown::MET+RBM10+TP53	same_stage_one_event	RBM10	1	0.042132387013117965	7.367025195226167e-05	3.103903566606598e-06
rule_a_one_step	unknown::MET+RBM10	unknown::MET+RBM10+TP53	same_stage_one_event	TP53	1	0.09900497128612328	7.367025195226167e-05	7.293721179175134e-06
rule_a_one_step	metastatic::ARID1A+BRAF+STK11+TP53	metastatic::ARID1A+ATM+BRAF+STK11+TP53	same_stage_one_event	ATM	1	0.051905874241881464	3.6835125976130835e-05	1.9119594166009083e-06
rule_a_one_step	metastatic::ARID1A+ATM+STK11+TP53	metastatic::ARID1A+ATM+BRAF+STK11+TP53	same_stage_one_event	BRAF	1	0.06534175701261057	7.367025195226167e-05	4.8137437021224815e-06
rule_a_one_step	metastatic::ARID1A+ATM+BRAF+TP53	metastatic::ARID1A+ATM+BRAF+STK11+TP53	same_stage_one_event	STK11	1	0.2871944420494629	3.6835125976130835e-05	1.0578843452536572e-05
rule_a_one_step	metastatic::ATM+EGFR	metastatic::ARID1A+ATM+EGFR	same_stage_one_event	ARID1A	1	0.03679970207751141	0.0014734050390452335	5.422086647636866e-05
rule_a_one_step	metastatic::ARID1A+EGFR	metastatic::ARID1A+ATM+EGFR	same_stage_one_event	ATM	1	0.03149519766601601	0.0005893620156180934	1.8562073178733465e-05
rule_a_one_step	metastatic::ATM+KEAP1+STK11	metastatic::ARID1A+ATM+KEAP1+STK11	same_stage_one_event	ARID1A	1	0.021620184553479343	0.00011050537792839252	2.389146664963829e-06
rule_a_one_step	metastatic::ATM+KEAP1+STK11+TP53	metastatic::ARID1A+ATM+KEAP1+STK11+TP53	same_stage_one_event	ARID1A	1	0.07285750906279308	0.00014734050390452334	1.0734862098540309e-05
rule_a_one_step	metastatic::ARID1A+KEAP1+STK11+TP53	metastatic::ARID1A+ATM+KEAP1+STK11+TP53	same_stage_one_event	ATM	1	0.07835738235400572	0.00014734050390452334	1.1545216200678608e-05
rule_a_one_step	metastatic::ARID1A+ATM+STK11+TP53	metastatic::ARID1A+ATM+KEAP1+STK11+TP53	same_stage_one_event	KEAP1	1	0.4855250914891834	7.367025195226167e-05	3.576875581915304e-05
rule_a_one_step	metastatic::ARID1A+ATM+KEAP1+STK11	metastatic::ARID1A+ATM+KEAP1+STK11+TP53	same_stage_one_event	TP53	1	0.004101177011991296	7.367025195226167e-05	3.021347437742225e-07
rule_a_one_step	metastatic::ATM+KRAS+NF1+TP53	metastatic::ARID1A+ATM+KRAS+NF1+TP53	same_stage_one_event	ARID1A	1	0.16030991507591402	3.6835125976130835e-05	5.905035917044129e-06
rule_a_one_step	metastatic::ARID1A+KRAS+NF1+TP53	metastatic::ARID1A+ATM+KRAS+NF1+TP53	same_stage_one_event	ATM	1	0.15706981868451012	0.00011050537792839252	1.735705967487588e-05
rule_a_one_step	metastatic::ARID1A+ATM+KRAS+TP53	metastatic::ARID1A+ATM+KRAS+NF1+TP53	same_stage_one_event	NF1	1	0.11136623904779773	0.00022101075585678504	2.4613136668881185e-05
rule_a_one_step	metastatic::ATM+KRAS+RBM10	metastatic::ARID1A+ATM+KRAS+RBM10	same_stage_one_event	ARID1A	1	0.11027876467458657	0.0008472078974510093	9.342904035345113e-05
rule_a_one_step	metastatic::ARID1A+KRAS+RBM10	metastatic::ARID1A+ATM+KRAS+RBM10	same_stage_one_event	ATM	1	0.14167168754982556	0.00011050537792839252	1.5655483374446615e-05
rule_a_one_step	metastatic::ARID1A+ATM+KRAS	metastatic::ARID1A+ATM+KRAS+RBM10	same_stage_one_event	RBM10	1	0.14442017220561373	0.00025784588183291586	3.7238146656818036e-05
rule_a_one_step	metastatic::ATM+KRAS+STK11	metastatic::ARID1A+ATM+KRAS+STK11	same_stage_one_event	ARID1A	1	0.04879196994186132	0.001583910416973626	7.72821094555782e-05
rule_a_one_step	metastatic::ARID1A+KRAS+STK11	metastatic::ARID1A+ATM+KRAS+STK11	same_stage_one_event	ATM	1	0.0913569985175453	0.00022101075585678504	2.0190879295169877e-05
rule_a_one_step	metastatic::ARID1A+ATM+KRAS	metastatic::ARID1A+ATM+KRAS+STK11	same_stage_one_event	STK11	1	0.2621515444007938	0.00025784588183291586	6.759469613988348e-05
rule_a_one_step	metastatic::ATM+STK11+TP53	metastatic::ARID1A+ATM+STK11+TP53	same_stage_one_event	ARID1A	1	0.04111671014763184	0.0001841756298806542	7.5726959900603795e-06
rule_a_one_step	metastatic::ARID1A+STK11+TP53	metastatic::ARID1A+ATM+STK11+TP53	same_stage_one_event	ATM	1	0.041359747588021946	0.0001841756298806542	7.61745756372881e-06
rule_a_one_step	metastatic::ARID1A+ATM+TP53	metastatic::ARID1A+ATM+STK11+TP53	same_stage_one_event	STK11	1	0.24829619929862065	7.367025195226167e-05	1.829204356111836e-05
rule_a_one_step	metastatic::ATM+TP53	metastatic::ARID1A+ATM+TP53	same_stage_one_event	ARID1A	1	0.07414379875850027	0.0013997347870929719	0.00010378165436949353
rule_a_one_step	metastatic::ARID1A+TP53	metastatic::ARID1A+ATM+TP53	same_stage_one_event	ATM	1	0.06665792161062069	0.0013997347870929719	9.330341171370216e-05
rule_a_one_step	metastatic::BRAF	metastatic::ARID1A+BRAF	same_stage_one_event	ARID1A	1	0.029660297477075194	0.002578458818329159	7.647785558403063e-05
rule_a_one_step	metastatic::ARID1A	metastatic::ARID1A+BRAF	same_stage_one_event	BRAF	1	0.02811203588160588	0.0010313835273316634	2.899429072804496e-05
rule_a_one_step	metastatic::BRAF+EGFR	metastatic::ARID1A+BRAF+EGFR	same_stage_one_event	ARID1A	1	0.016608794989585594	0.00025784588183291586	4.282509390271812e-06
rule_a_one_step	metastatic::ARID1A+EGFR	metastatic::ARID1A+BRAF+EGFR	same_stage_one_event	BRAF	1	0.017859207005365224	0.0005893620156180934	1.0525538238022821e-05
rule_a_one_step	metastatic::ARID1A+BRAF	metastatic::ARID1A+BRAF+EGFR	same_stage_one_event	EGFR	1	0.05026349101673078	7.367025195226167e-05	3.7029240472027973e-06
rule_a_one_step	metastatic::ARID1A+KRAS+SETD2+TP53	metastatic::ARID1A+BRAF+KRAS+SETD2+TP53	same_stage_one_event	BRAF	1	0.048150787920741366	0.00011050537792839252	5.320921016731402e-06
rule_a_one_step	metastatic::ARID1A+BRAF+SETD2+TP53	metastatic::ARID1A+BRAF+KRAS+SETD2+TP53	same_stage_one_event	KRAS	1	0.008814138128458127	3.6835125976130835e-05	3.2466988833277317e-07
rule_a_one_step	metastatic::ARID1A+BRAF+KRAS+TP53	metastatic::ARID1A+BRAF+KRAS+SETD2+TP53	same_stage_one_event	SETD2	1	0.16857647171110832	7.367025195226167e-05	1.2419071144180663e-05
rule_a_one_step	metastatic::BRAF+KRAS+TP53	metastatic::ARID1A+BRAF+KRAS+TP53	same_stage_one_event	ARID1A	1	0.06731021098464436	0.00033151613378517756	2.2314420909893887e-05
rule_a_one_step	metastatic::ARID1A+KRAS+TP53	metastatic::ARID1A+BRAF+KRAS+TP53	same_stage_one_event	BRAF	1	0.04286340906749246	0.0012523942831884486	5.3681888474095466e-05
rule_a_one_step	metastatic::ARID1A+BRAF+TP53	metastatic::ARID1A+BRAF+KRAS+TP53	same_stage_one_event	KRAS	1	0.010487343381187087	0.0001841756298806542	1.931513073004841e-06
rule_a_one_step	metastatic::BRAF+NF1+TP53	metastatic::ARID1A+BRAF+NF1+TP53	same_stage_one_event	ARID1A	1	0.12026929820048123	0.0003683512597613084	4.430134750275572e-05
rule_a_one_step	metastatic::ARID1A+NF1+TP53	metastatic::ARID1A+BRAF+NF1+TP53	same_stage_one_event	BRAF	1	0.0817731080452399	0.0004420215117135701	3.6145472835674044e-05
rule_a_one_step	metastatic::ARID1A+BRAF+TP53	metastatic::ARID1A+BRAF+NF1+TP53	same_stage_one_event	NF1	1	0.14189915440088632	0.0001841756298806542	2.6134366141315442e-05
rule_a_one_step	metastatic::CDKN2A+KRAS	metastatic::ARID1A+CDKN2A+KRAS	same_stage_one_event	ARID1A	1	0.028293495549704277	0.0004051863857374392	1.1464139201662996e-05
rule_a_one_step	metastatic::ARID1A+KRAS	metastatic::ARID1A+CDKN2A+KRAS	same_stage_one_event	CDKN2A	1	0.028222643938709557	0.00033151613378517756	9.356261803756667e-06
rule_a_one_step	metastatic::CDKN2A+KRAS+MET+TP53	metastatic::ARID1A+CDKN2A+KRAS+MET+TP53	same_stage_one_event	ARID1A	1	0.07524919552756114	0.00011050537792839252	8.315440790580647e-06
rule_a_one_step	metastatic::ARID1A+CDKN2A+KRAS+TP53	metastatic::ARID1A+CDKN2A+KRAS+MET+TP53	same_stage_one_event	MET	1	0.0058408025266003085	0.00014734050390452334	8.605867874761025e-07
rule_a_one_step	metastatic::ARID1A+KEAP1+SMARCA4+TP53	metastatic::ARID1A+EGFR+KEAP1+SMARCA4+TP53	same_stage_one_event	EGFR	1	0.022135086914015292	3.6835125976130835e-05	8.153487149703585e-07
rule_a_one_step	metastatic::ARID1A+EGFR+SMARCA4+TP53	metastatic::ARID1A+EGFR+KEAP1+SMARCA4+TP53	same_stage_one_event	KEAP1	1	0.03997396441351715	7.367025195226167e-05	2.9448920298745507e-06
rule_a_one_step	metastatic::ARID1A+EGFR+KEAP1+TP53	metastatic::ARID1A+EGFR+KEAP1+SMARCA4+TP53	same_stage_one_event	SMARCA4	1	0.17907406980973392	3.6835125976130835e-05	6.5962159204999966e-06
rule_a_one_step	metastatic::ARID1A+KRAS+NF1	metastatic::ARID1A+EGFR+KRAS+NF1	same_stage_one_event	EGFR	1	0.0030053044672613783	7.367025195226167e-05	2.2140153729640327e-07
rule_a_one_step	metastatic::ARID1A+EGFR+NF1	metastatic::ARID1A+EGFR+KRAS+NF1	same_stage_one_event	KRAS	1	0.0175228928734618	3.6835125976130835e-05	6.454579664602107e-07
rule_a_one_step	metastatic::EGFR+NF1+TP53	metastatic::ARID1A+EGFR+NF1+TP53	same_stage_one_event	ARID1A	1	0.12926148915394822	0.001105053779283925	0.00014284089710543858
rule_a_one_step	metastatic::ARID1A+NF1+TP53	metastatic::ARID1A+EGFR+NF1+TP53	same_stage_one_event	EGFR	1	0.026924972637277136	0.0004420215117135701	1.190141710797575e-05
rule_a_one_step	metastatic::ARID1A+EGFR+TP53	metastatic::ARID1A+EGFR+NF1+TP53	same_stage_one_event	NF1	1	0.09767240643943924	0.001362899661116841	0.0001331176896367781
rule_a_one_step	metastatic::ARID1A+EGFR+NF1	metastatic::ARID1A+EGFR+NF1+TP53	same_stage_one_event	TP53	1	0.7134711959103237	3.6835125976130835e-05	2.62808013816975e-05
rule_a_one_step	metastatic::EGFR+RBM10	metastatic::ARID1A+EGFR+RBM10	same_stage_one_event	ARID1A	1	0.03791124498492481	0.0017312509208781495	6.56338777917882e-05
rule_a_one_step	metastatic::ARID1A+RBM10	metastatic::ARID1A+EGFR+RBM10	same_stage_one_event	EGFR	1	0.3939239616849116	0.00025784588183291586	0.00010157167127576179
rule_a_one_step	metastatic::ARID1A+EGFR	metastatic::ARID1A+EGFR+RBM10	same_stage_one_event	RBM10	1	0.05032672292013314	0.0005893620156180934	2.9660658859662965e-05
rule_a_one_step	metastatic::EGFR+SMARCA4	metastatic::ARID1A+EGFR+SMARCA4	same_stage_one_event	ARID1A	1	0.016438404617786718	0.00033151613378517756	5.4495963444850625e-06
rule_a_one_step	metastatic::ARID1A+EGFR	metastatic::ARID1A+EGFR+SMARCA4	same_stage_one_event	SMARCA4	1	0.012113824186347205	0.0005893620156180934	7.139427839308799e-06
rule_a_one_step	metastatic::EGFR+SMARCA4+TP53	metastatic::ARID1A+EGFR+SMARCA4+TP53	same_stage_one_event	ARID1A	1	0.09123229048726206	0.001362899661116841	0.00012434045778800265
rule_a_one_step	metastatic::ARID1A+SMARCA4+TP53	metastatic::ARID1A+EGFR+SMARCA4+TP53	same_stage_one_event	EGFR	1	0.06493958203986926	0.00011050537792839252	7.176173055827603e-06
rule_a_one_step	metastatic::ARID1A+EGFR+TP53	metastatic::ARID1A+EGFR+SMARCA4+TP53	same_stage_one_event	SMARCA4	1	0.06348553314201308	0.001362899661116841	8.65244116050716e-05
rule_a_one_step	metastatic::ARID1A+EGFR+SMARCA4	metastatic::ARID1A+EGFR+SMARCA4+TP53	same_stage_one_event	TP53	1	0.7379439101513752	7.367025195226167e-05	5.436451378748896e-05
rule_a_one_step	metastatic::KEAP1	metastatic::ARID1A+KEAP1	same_stage_one_event	ARID1A	1	0.025854449604776588	0.0008103727714748784	2.0951741981180378e-05
rule_a_one_step	metastatic::ARID1A	metastatic::ARID1A+KEAP1	same_stage_one_event	KEAP1	1	0.024951290974517478	0.0010313835273316634	2.5734350496776535e-05
rule_a_one_step	metastatic::KEAP1+KRAS+TP53	metastatic::ARID1A+KEAP1+KRAS+TP53	same_stage_one_event	ARID1A	1	0.10631035824879607	0.001141888905260056	0.00012139461859852211
rule_a_one_step	metastatic::ARID1A+KRAS+TP53	metastatic::ARID1A+KEAP1+KRAS+TP53	same_stage_one_event	KEAP1	1	0.06141966512693573	0.0012523942831884486	7.692163748032323e-05
rule_a_one_step	metastatic::ARID1A+KEAP1+TP53	metastatic::ARID1A+KEAP1+KRAS+TP53	same_stage_one_event	KRAS	1	0.0644210484406394	0.0005156917636658317	3.3221404087555307e-05
rule_a_one_step	metastatic::ARID1A+KEAP1+KRAS	metastatic::ARID1A+KEAP1+KRAS+TP53	same_stage_one_event	TP53	1	0.5954689989536383	0.00011050537792839252	6.580252677401337e-05
rule_a_one_step	metastatic::KEAP1+MET+TP53	metastatic::ARID1A+KEAP1+MET+TP53	same_stage_one_event	ARID1A	1	0.08795149967032145	3.6835125976130835e-05	3.2397045701459204e-06
rule_a_one_step	metastatic::ARID1A+MET+TP53	metastatic::ARID1A+KEAP1+MET+TP53	same_stage_one_event	KEAP1	1	0.04181484687574065	0.00022101075585678504	9.241530914043167e-06
rule_a_one_step	metastatic::ARID1A+KEAP1+TP53	metastatic::ARID1A+KEAP1+MET+TP53	same_stage_one_event	MET	1	0.04287035977768461	0.0005156917636658317	2.210789144274291e-05
rule_a_one_step	metastatic::KEAP1+NF1+STK11+TP53	metastatic::ARID1A+KEAP1+NF1+STK11+TP53	same_stage_one_event	ARID1A	1	0.10105824092417202	0.00022101075585678504	2.2334958212208347e-05
rule_a_one_step	metastatic::ARID1A+NF1+STK11+TP53	metastatic::ARID1A+KEAP1+NF1+STK11+TP53	same_stage_one_event	KEAP1	1	0.635352580755851	7.367025195226167e-05	4.680658470280322e-05
rule_a_one_step	metastatic::ARID1A+KEAP1+STK11+TP53	metastatic::ARID1A+KEAP1+NF1+STK11+TP53	same_stage_one_event	NF1	1	0.12531276864490798	0.00014734050390452334	1.8463646477811695e-05
rule_a_one_step	metastatic::ARID1A+KEAP1+NF1+TP53	metastatic::ARID1A+KEAP1+NF1+STK11+TP53	same_stage_one_event	STK11	1	0.08142041915533879	0.00011050537792839252	8.997394189848844e-06
rule_a_one_step	metastatic::KRAS+NF1	metastatic::ARID1A+KRAS+NF1	same_stage_one_event	ARID1A	1	0.047581949202228795	0.0004788566376897009	2.2784932209701428e-05
rule_a_one_step	metastatic::ARID1A+NF1	metastatic::ARID1A+KRAS+NF1	same_stage_one_event	KRAS	1	0.15444474524481683	0.00011050537792839252	1.7066974942332787e-05
rule_a_one_step	metastatic::ARID1A+KRAS	metastatic::ARID1A+KRAS+NF1	same_stage_one_event	NF1	1	0.025611558943841404	0.00033151613378517756	8.490645001273488e-06
rule_a_one_step	metastatic::KRAS+PIK3CA	metastatic::ARID1A+KRAS+PIK3CA	same_stage_one_event	ARID1A	1	0.04164939096155682	0.0009945484013555326	4.1422335198247906e-05
rule_a_one_step	metastatic::ARID1A+PIK3CA	metastatic::ARID1A+KRAS+PIK3CA	same_stage_one_event	KRAS	1	0.29960047176229515	7.367025195226167e-05	2.2071642239744743e-05
rule_a_one_step	metastatic::ARID1A+KRAS	metastatic::ARID1A+KRAS+PIK3CA	same_stage_one_event	PIK3CA	1	0.0356889986866356	0.00033151613378517756	1.1831478863257714e-05
rule_a_one_step	metastatic::KRAS+PIK3CA+TP53	metastatic::ARID1A+KRAS+PIK3CA+TP53	same_stage_one_event	ARID1A	1	0.07653207689669705	0.0010682186533077943	8.175299211743828e-05
rule_a_one_step	metastatic::ARID1A+KRAS+TP53	metastatic::ARID1A+KRAS+PIK3CA+TP53	same_stage_one_event	PIK3CA	1	0.08738703996080356	0.0012523942831884486	0.00010944302927167089
rule_a_one_step	metastatic::ARID1A+KRAS+PIK3CA	metastatic::ARID1A+KRAS+PIK3CA+TP53	same_stage_one_event	TP53	1	0.3405511679347504	7.367025195226167e-05	2.5088490344390035e-05
rule_a_one_step	metastatic::KRAS+SMARCA4+TP53	metastatic::ARID1A+KRAS+SMARCA4+TP53	same_stage_one_event	ARID1A	1	0.08157036083063458	0.0007367025195226168	6.009309034229747e-05
rule_a_one_step	metastatic::ARID1A+SMARCA4+TP53	metastatic::ARID1A+KRAS+SMARCA4+TP53	same_stage_one_event	KRAS	1	0.047734184039665735	0.00011050537792839252	5.274884047406704e-06
rule_a_one_step	metastatic::ARID1A+KRAS+TP53	metastatic::ARID1A+KRAS+SMARCA4+TP53	same_stage_one_event	SMARCA4	1	0.05268072930630962	0.0012523942831884486	6.597704421742033e-05
rule_a_one_step	metastatic::ARID1A+KRAS+SMARCA4	metastatic::ARID1A+KRAS+SMARCA4+TP53	same_stage_one_event	TP53	1	0.5421175397596149	0.00014734050390452334	7.987587148366212e-05
rule_a_one_step	metastatic::KRAS+STK11+TP53	metastatic::ARID1A+KRAS+STK11+TP53	same_stage_one_event	ARID1A	1	0.03556830315899883	0.0016944157949020187	6.0267494670470985e-05
rule_a_one_step	metastatic::ARID1A+STK11+TP53	metastatic::ARID1A+KRAS+STK11+TP53	same_stage_one_event	KRAS	1	0.04083608377703277	0.0001841756298806542	7.521011451494174e-06
rule_a_one_step	metastatic::ARID1A+KRAS+TP53	metastatic::ARID1A+KRAS+STK11+TP53	same_stage_one_event	STK11	1	0.2650067817560593	0.0012523942831884486	0.0003318929784774575
rule_a_one_step	metastatic::ARID1A+KRAS+STK11	metastatic::ARID1A+KRAS+STK11+TP53	same_stage_one_event	TP53	1	0.041955731627204375	0.00022101075585678504	9.27266795945286e-06
rule_a_one_step	metastatic::MET+NF1+TP53	metastatic::ARID1A+MET+NF1+TP53	same_stage_one_event	ARID1A	1	0.11550472661210695	0.00014734050390452334	1.7018524622382044e-05
rule_a_one_step	metastatic::ARID1A+NF1+TP53	metastatic::ARID1A+MET+NF1+TP53	same_stage_one_event	MET	1	0.05088236797921516	0.0004420215117135701	2.2491101213738835e-05
rule_a_one_step	metastatic::ARID1A+MET+TP53	metastatic::ARID1A+MET+NF1+TP53	same_stage_one_event	NF1	1	0.1254968439156255	0.00022101075585678504	2.7736152331433363e-05
rule_a_one_step	metastatic::NF1+STK11+TP53	metastatic::ARID1A+NF1+STK11+TP53	same_stage_one_event	ARID1A	1	0.04447369027537011	0.0003683512597613084	1.638193983916683e-05
rule_a_one_step	metastatic::ARID1A+STK11+TP53	metastatic::ARID1A+NF1+STK11+TP53	same_stage_one_event	NF1	1	0.0660645919247042	0.0001841756298806542	1.2167487830540775e-05
rule_a_one_step	metastatic::ARID1A+NF1+TP53	metastatic::ARID1A+NF1+STK11+TP53	same_stage_one_event	STK11	1	0.19488506956481091	0.0004420215117135701	8.614339305944199e-05
rule_a_one_step	metastatic::PIK3CA	metastatic::ARID1A+PIK3CA	same_stage_one_event	ARID1A	1	0.017035022260293027	0.0009577132753794018	1.6314666965066255e-05
rule_a_one_step	metastatic::ARID1A	metastatic::ARID1A+PIK3CA	same_stage_one_event	PIK3CA	1	0.016197833725566234	0.0010313835273316634	1.6706178883006283e-05
rule_a_one_step	metastatic::SETD2	metastatic::ARID1A+SETD2	same_stage_one_event	ARID1A	1	0.04286160262630774	0.0016575806689258876	7.104656395255077e-05
rule_a_one_step	metastatic::ARID1A	metastatic::ARID1A+SETD2	same_stage_one_event	SETD2	1	0.019480466421611997	0.0010313835273316634	2.009183217198821e-05
rule_a_one_step	metastatic::BRAF+EGFR+RBM10	metastatic::ATM+BRAF+EGFR+RBM10	same_stage_one_event	ATM	1	0.09084586066897525	7.367025195226167e-05	6.692637444303466e-06
rule_a_one_step	metastatic::ATM+EGFR+RBM10	metastatic::ATM+BRAF+EGFR+RBM10	same_stage_one_event	BRAF	1	0.0664815973054726	0.0004051863857374392	2.6937438130256318e-05
rule_a_one_step	metastatic::BRAF+EGFR+TP53	metastatic::ATM+BRAF+EGFR+TP53	same_stage_one_event	ATM	1	0.09564089356860582	0.0006998673935464859	6.693594289831702e-05
rule_a_one_step	metastatic::ATM+EGFR+TP53	metastatic::ATM+BRAF+EGFR+TP53	same_stage_one_event	BRAF	1	0.07408878889255337	0.0017312509208781495	0.00012826628399697983
rule_a_one_step	metastatic::ATM+BRAF+TP53	metastatic::ATM+BRAF+EGFR+TP53	same_stage_one_event	EGFR	1	0.0054608593439438935	0.0001841756298806542	1.0057572093605227e-06
rule_a_one_step	metastatic::BRAF+KEAP1+STK11+TP53	metastatic::ATM+BRAF+KEAP1+STK11+TP53	same_stage_one_event	ATM	1	0.07810811685426614	0.00014734050390452334	1.1508489296340965e-05
rule_a_one_step	metastatic::ATM+KEAP1+STK11+TP53	metastatic::ATM+BRAF+KEAP1+STK11+TP53	same_stage_one_event	BRAF	1	0.05939824113057756	0.00014734050390452334	8.751766779221682e-06
rule_a_one_step	metastatic::ATM+BRAF+KEAP1+STK11	metastatic::ATM+BRAF+KEAP1+STK11+TP53	same_stage_one_event	TP53	1	0.00856736523074013	3.6835125976130835e-05	3.1557997755783593e-07
rule_a_one_step	metastatic::BRAF+KRAS	metastatic::ATM+BRAF+KRAS	same_stage_one_event	ATM	1	0.061740861232062245	0.0004051863857374392	2.5016556414936077e-05
rule_a_one_step	metastatic::ATM+KRAS	metastatic::ATM+BRAF+KRAS	same_stage_one_event	BRAF	1	0.041451246990712794	0.002246942684543981	9.313857619100782e-05
rule_a_one_step	metastatic::ATM+BRAF	metastatic::ATM+BRAF+KRAS	same_stage_one_event	KRAS	1	0.18481762487062942	0.00025784588183291586	4.7654463463032486e-05
rule_a_one_step	metastatic::CDKN2A+NF1+TP53	metastatic::ATM+CDKN2A+NF1+TP53	same_stage_one_event	ATM	1	0.11346074616471544	0.00025784588183291586	2.925538614826168e-05
rule_a_one_step	metastatic::ATM+NF1+TP53	metastatic::ATM+CDKN2A+NF1+TP53	same_stage_one_event	CDKN2A	1	0.06883993822061366	0.00025784588183291586	1.7750094575817577e-05
rule_a_one_step	metastatic::ATM+CDKN2A+TP53	metastatic::ATM+CDKN2A+NF1+TP53	same_stage_one_event	NF1	1	0.12487361180516462	7.367025195226167e-05	9.199470443875395e-06
rule_a_one_step	metastatic::CDKN2A+TP53	metastatic::ATM+CDKN2A+TP53	same_stage_one_event	ATM	1	0.06602747021536017	0.00221010755856785	0.0001459278109960811
rule_a_one_step	metastatic::ATM+TP53	metastatic::ATM+CDKN2A+TP53	same_stage_one_event	CDKN2A	1	0.06393131722464249	0.0013997347870929719	8.94868887040082e-05
rule_a_one_step	metastatic::EGFR+KRAS+TP53	metastatic::ATM+EGFR+KRAS+TP53	same_stage_one_event	ATM	1	0.11511421249907224	0.0006630322675703551	7.632443734283558e-05
rule_a_one_step	metastatic::ATM+KRAS+TP53	metastatic::ATM+EGFR+KRAS+TP53	same_stage_one_event	EGFR	1	0.001263502348474813	0.0010313835273316634	1.3031555089617932e-06
rule_a_one_step	metastatic::ATM+EGFR+TP53	metastatic::ATM+EGFR+KRAS+TP53	same_stage_one_event	KRAS	1	0.021130591864443646	0.0017312509208781495	3.65823566240184e-05
rule_a_one_step	metastatic::ATM+EGFR+KRAS	metastatic::ATM+EGFR+KRAS+TP53	same_stage_one_event	TP53	1	0.5840698976109879	0.0001841756298806542	0.0001075714412868329
rule_a_one_step	metastatic::EGFR+PIK3CA+TP53	metastatic::ATM+EGFR+PIK3CA+TP53	same_stage_one_event	ATM	1	0.11506516324010808	0.0026152939443052897	0.0003009292246223543
rule_a_one_step	metastatic::ATM+EGFR+TP53	metastatic::ATM+EGFR+PIK3CA+TP53	same_stage_one_event	PIK3CA	1	0.15500855361295326	0.0017312509208781495	0.00026835870118641536
rule_a_one_step	metastatic::ATM+EGFR+PIK3CA	metastatic::ATM+EGFR+PIK3CA+TP53	same_stage_one_event	TP53	1	0.25135932144950157	0.00011050537792839252	2.7776556812601472e-05
rule_a_one_step	metastatic::EGFR+SETD2+TP53	metastatic::ATM+EGFR+SETD2+TP53	same_stage_one_event	ATM	1	0.12425000061691717	0.0007367025195226168	9.153528850516957e-05
rule_a_one_step	metastatic::ATM+SETD2+TP53	metastatic::ATM+EGFR+SETD2+TP53	same_stage_one_event	EGFR	1	0.0273379039102543	0.0001841756298806542	5.034975672287884e-06
rule_a_one_step	metastatic::ATM+EGFR+TP53	metastatic::ATM+EGFR+SETD2+TP53	same_stage_one_event	SETD2	1	0.05780950319088745	0.0017312509208781495	0.00010008275563473222
rule_a_one_step	metastatic::ATM+EGFR+SETD2	metastatic::ATM+EGFR+SETD2+TP53	same_stage_one_event	TP53	1	0.36045232975574026	3.6835125976130835e-05	1.3277306974942546e-05
rule_a_one_step	metastatic::EGFR+SMARCA4+TP53	metastatic::ATM+EGFR+SMARCA4+TP53	same_stage_one_event	ATM	1	0.10332803656446703	0.001362899661116841	0.00014082574601758069
rule_a_one_step	metastatic::ATM+SMARCA4+TP53	metastatic::ATM+EGFR+SMARCA4+TP53	same_stage_one_event	EGFR	1	0.03954928286190345	0.00014734050390452334	5.827211265935383e-06
rule_a_one_step	metastatic::ATM+EGFR+TP53	metastatic::ATM+EGFR+SMARCA4+TP53	same_stage_one_event	SMARCA4	1	0.06967300336212698	0.0017312509208781495	0.00012062145123102873
rule_a_one_step	metastatic::ATM+EGFR+SMARCA4	metastatic::ATM+EGFR+SMARCA4+TP53	same_stage_one_event	TP53	1	0.4376524698666744	3.6835125976130835e-05	1.6120983861303755e-05
rule_a_one_step	metastatic::KEAP1+KRAS+RBM10+STK11	metastatic::ATM+KEAP1+KRAS+RBM10+STK11	same_stage_one_event	ATM	1	0.19074979573930226	0.0003683512597613084	7.026292755978424e-05
rule_a_one_step	metastatic::ATM+KRAS+RBM10+STK11	metastatic::ATM+KEAP1+KRAS+RBM10+STK11	same_stage_one_event	KEAP1	1	0.561073798500634	0.00014734050390452334	8.26688961987084e-05
rule_a_one_step	metastatic::ATM+KEAP1+KRAS+STK11	metastatic::ATM+KEAP1+KRAS+RBM10+STK11	same_stage_one_event	RBM10	1	0.19231133323070695	0.0005893620156180934	0.00011334099497905227
rule_a_one_step	metastatic::ATM+KEAP1+KRAS+RBM10	metastatic::ATM+KEAP1+KRAS+RBM10+STK11	same_stage_one_event	STK11	1	0.08691309667712331	3.6835125976130835e-05	3.2014548650774754e-06
rule_a_one_step	metastatic::KEAP1+KRAS+SMARCA4	metastatic::ATM+KEAP1+KRAS+SMARCA4	same_stage_one_event	ATM	1	0.07006408674869233	0.00033151613378517756	2.322737515611577e-05
rule_a_one_step	metastatic::ATM+KRAS+SMARCA4	metastatic::ATM+KEAP1+KRAS+SMARCA4	same_stage_one_event	KEAP1	1	0.029785031133967365	7.367025195226167e-05	2.1942707480453337e-06
rule_a_one_step	metastatic::ATM+KEAP1+KRAS	metastatic::ATM+KEAP1+KRAS+SMARCA4	same_stage_one_event	SMARCA4	1	0.11721041572022295	0.0003683512597613084	4.3174604287690786e-05
rule_a_one_step	metastatic::KEAP1+SETD2+TP53	metastatic::ATM+KEAP1+SETD2+TP53	same_stage_one_event	ATM	1	0.0957287465452166	0.00025784588183291586	2.4683263069711073e-05
rule_a_one_step	metastatic::ATM+SETD2+TP53	metastatic::ATM+KEAP1+SETD2+TP53	same_stage_one_event	KEAP1	1	0.04799319196615822	0.0001841756298806542	8.839176360350343e-06
rule_a_one_step	metastatic::ATM+KEAP1+TP53	metastatic::ATM+KEAP1+SETD2+TP53	same_stage_one_event	SETD2	1	0.05828490165846824	7.367025195226167e-05	4.2938633901921495e-06
rule_a_one_step	metastatic::KEAP1+TP53	metastatic::ATM+KEAP1+TP53	same_stage_one_event	ATM	1	0.07472749752298921	0.002541623692353028	0.00018992917817468158
rule_a_one_step	metastatic::ATM+TP53	metastatic::ATM+KEAP1+TP53	same_stage_one_event	KEAP1	1	0.04461663146945309	0.0013997347870929719	6.245145115070051e-05
rule_a_one_step	metastatic::ATM+KEAP1	metastatic::ATM+KEAP1+TP53	same_stage_one_event	TP53	1	0.07708306910443098	0.00014734050390452334	1.1357458244354056e-05
rule_a_one_step	metastatic::KRAS+MET+TP53	metastatic::ATM+KRAS+MET+TP53	same_stage_one_event	ATM	1	0.0808624866420796	0.0005156917636658317	4.170011835085879e-05
rule_a_one_step	metastatic::ATM+MET+TP53	metastatic::ATM+KRAS+MET+TP53	same_stage_one_event	KRAS	1	0.0653737692402048	0.00022101075585678504	1.4448306152984706e-05
rule_a_one_step	metastatic::ATM+KRAS+TP53	metastatic::ATM+KRAS+MET+TP53	same_stage_one_event	MET	1	0.005330826653132514	0.0010313835273316634	5.498126797101458e-06
rule_a_one_step	metastatic::ATM+KRAS+NF1+SETD2+TP53	metastatic::ATM+KRAS+NF1+SETD2+STK11+TP53	same_stage_one_event	STK11	1	0.2503500801203091	3.6835125976130835e-05	9.221676739366035e-06
rule_a_one_step	metastatic::KRAS+NF1+STK11	metastatic::ATM+KRAS+NF1+STK11	same_stage_one_event	ATM	1	0.12093595512147325	0.0001841756298806542	2.2273455709715862e-05
rule_a_one_step	metastatic::ATM+NF1+STK11	metastatic::ATM+KRAS+NF1+STK11	same_stage_one_event	KRAS	1	0.35906283686640494	0.00011050537792839252	3.967837448796283e-05
rule_a_one_step	metastatic::ATM+KRAS+STK11	metastatic::ATM+KRAS+NF1+STK11	same_stage_one_event	NF1	1	0.047790656421990096	0.001583910416973626	7.569611854079764e-05
rule_a_one_step	metastatic::ATM+KRAS+NF1	metastatic::ATM+KRAS+NF1+STK11	same_stage_one_event	STK11	1	0.2213932167165317	0.00011050537792839252	2.4465141084042842e-05
rule_a_one_step	metastatic::ATM+KRAS+PIK3CA+RBM10+SETD2	metastatic::ATM+KRAS+PIK3CA+RBM10+SETD2+TP53	same_stage_one_event	TP53	1	0.041790336073260284	3.6835125976130835e-05	1.5393522938433874e-06
rule_a_one_step	metastatic::KRAS+PIK3CA+STK11	metastatic::ATM+KRAS+PIK3CA+STK11	same_stage_one_event	ATM	1	0.09021858662136424	3.6835125976130835e-05	3.323213003586424e-06
rule_a_one_step	metastatic::ATM+PIK3CA+STK11	metastatic::ATM+KRAS+PIK3CA+STK11	same_stage_one_event	KRAS	1	0.6001092944402543	3.6835125976130835e-05	2.2105101460153758e-05
rule_a_one_step	metastatic::ATM+KRAS+STK11	metastatic::ATM+KRAS+PIK3CA+STK11	same_stage_one_event	PIK3CA	1	0.019997071471564636	0.001583910416973626	3.1673569812777345e-05
rule_a_one_step	metastatic::ATM+KRAS+PIK3CA	metastatic::ATM+KRAS+PIK3CA+STK11	same_stage_one_event	STK11	1	0.3026139232133286	0.00022101075585678504	6.688093190216486e-05
rule_a_one_step	metastatic::ATM+KRAS+SETD2	metastatic::ATM+KRAS+RBM10+SETD2	same_stage_one_event	RBM10	1	0.1525468016014707	0.00011050537792839252	1.685724196273803e-05
rule_a_one_step	metastatic::ATM+KRAS+RBM10	metastatic::ATM+KRAS+RBM10+SETD2	same_stage_one_event	SETD2	1	0.1106602896796399	0.0008472078974510093	9.375227135080735e-05
rule_a_one_step	metastatic::KRAS+SMARCA4	metastatic::ATM+KRAS+SMARCA4	same_stage_one_event	ATM	1	0.06162079553987984	0.0004051863857374392	2.4967907431069627e-05
rule_a_one_step	metastatic::ATM+KRAS	metastatic::ATM+KRAS+SMARCA4	same_stage_one_event	SMARCA4	1	0.03732154445052002	0.002246942684543981	8.385937127897898e-05
rule_a_one_step	metastatic::SETD2+SMARCA4+STK11+TP53	metastatic::ATM+SETD2+SMARCA4+STK11+TP53	same_stage_one_event	ATM	1	0.05787887787021861	7.367025195226167e-05	4.2639515154131875e-06
rule_a_one_step	metastatic::CDKN2A+KRAS+TP53	metastatic::BRAF+CDKN2A+KRAS+TP53	same_stage_one_event	BRAF	1	0.044873469216370684	0.0014365699130691027	6.446387577127068e-05
rule_a_one_step	metastatic::BRAF+KRAS+TP53	metastatic::BRAF+CDKN2A+KRAS+TP53	same_stage_one_event	CDKN2A	1	0.1191495230438452	0.00033151613378517756	3.949998922184348e-05
rule_a_one_step	metastatic::BRAF+CDKN2A+TP53	metastatic::BRAF+CDKN2A+KRAS+TP53	same_stage_one_event	KRAS	1	0.011249995741557524	0.00025784588183291586	2.900765072598448e-06
rule_a_one_step	metastatic::CDKN2A+SMARCA4+TP53	metastatic::BRAF+CDKN2A+SMARCA4+TP53	same_stage_one_event	BRAF	1	0.08261030607849139	0.0004420215117135701	3.651553237593549e-05
rule_a_one_step	metastatic::BRAF+SMARCA4+TP53	metastatic::BRAF+CDKN2A+SMARCA4+TP53	same_stage_one_event	CDKN2A	1	0.1069153703809851	0.00011050537792839252	1.1814723410304821e-05
rule_a_one_step	metastatic::BRAF+CDKN2A+TP53	metastatic::BRAF+CDKN2A+SMARCA4+TP53	same_stage_one_event	SMARCA4	1	0.10106853074691072	0.00025784588183291586	2.6060104435994366e-05
rule_a_one_step	metastatic::EGFR+RBM10	metastatic::BRAF+EGFR+RBM10	same_stage_one_event	BRAF	1	0.04024247594065941	0.0017312509208781495	6.966982353068338e-05
rule_a_one_step	metastatic::BRAF+RBM10	metastatic::BRAF+EGFR+RBM10	same_stage_one_event	EGFR	1	0.11640552245203808	3.6835125976130835e-05	4.287812083838149e-06
rule_a_one_step	metastatic::BRAF+EGFR	metastatic::BRAF+EGFR+RBM10	same_stage_one_event	RBM10	1	0.05484049332834623	0.00025784588183291586	1.4140395362399573e-05
rule_a_one_step	metastatic::EGFR+SETD2+TP53	metastatic::BRAF+EGFR+SETD2+TP53	same_stage_one_event	BRAF	1	0.06105424433927382	0.0007367025195226168	4.497881563229248e-05
rule_a_one_step	metastatic::BRAF+SETD2+TP53	metastatic::BRAF+EGFR+SETD2+TP53	same_stage_one_event	EGFR	1	0.006289338791981389	0.0003683512597613084	2.31668586709201e-06
rule_a_one_step	metastatic::BRAF+EGFR+TP53	metastatic::BRAF+EGFR+SETD2+TP53	same_stage_one_event	SETD2	1	0.15580851683347366	0.0006998673935464859	0.00010904530056858698
rule_a_one_step	metastatic::BRAF+EGFR+SETD2	metastatic::BRAF+EGFR+SETD2+TP53	same_stage_one_event	TP53	1	0.6715659382871985	0.00011050537792839252	7.42116478142624e-05
rule_a_one_step	metastatic::EGFR+STK11+TP53	metastatic::BRAF+EGFR+STK11+TP53	same_stage_one_event	BRAF	1	0.05270834358494465	0.0006998673935464859	3.6888851042947855e-05
rule_a_one_step	metastatic::BRAF+STK11+TP53	metastatic::BRAF+EGFR+STK11+TP53	same_stage_one_event	EGFR	1	0.0004749641527790401	0.0004051863857374392	1.9244900841938415e-07
rule_a_one_step	metastatic::BRAF+EGFR+TP53	metastatic::BRAF+EGFR+STK11+TP53	same_stage_one_event	STK11	1	0.08155320862137212	0.0006998673935464859	5.7076431553192514e-05
rule_a_one_step	metastatic::KEAP1+KRAS+STK11	metastatic::BRAF+KEAP1+KRAS+STK11	same_stage_one_event	BRAF	1	0.03911162571544978	0.0032783262118756444	0.00012822066777202853
rule_a_one_step	metastatic::BRAF+KRAS+STK11	metastatic::BRAF+KEAP1+KRAS+STK11	same_stage_one_event	KEAP1	1	0.44147585450262156	3.6835125976130835e-05	1.6261818716024072e-05
rule_a_one_step	metastatic::BRAF+KEAP1+STK11	metastatic::BRAF+KEAP1+KRAS+STK11	same_stage_one_event	KRAS	1	0.19629210371427866	7.367025195226167e-05	1.4460888736870388e-05
rule_a_one_step	metastatic::KEAP1+SETD2+TP53	metastatic::BRAF+KEAP1+SETD2+TP53	same_stage_one_event	BRAF	1	0.05615515965018021	0.00025784588183291586	1.4479376659468892e-05
rule_a_one_step	metastatic::BRAF+SETD2+TP53	metastatic::BRAF+KEAP1+SETD2+TP53	same_stage_one_event	KEAP1	1	0.07050482427617198	0.0003683512597613084	2.5970540841377628e-05
rule_a_one_step	metastatic::BRAF+KEAP1+TP53	metastatic::BRAF+KEAP1+SETD2+TP53	same_stage_one_event	SETD2	1	0.18016825183829827	0.00025784588183291586	4.645564177354088e-05
rule_a_one_step	metastatic::BRAF+KEAP1+SETD2	metastatic::BRAF+KEAP1+SETD2+TP53	same_stage_one_event	TP53	1	0.33263485493509604	3.6835125976130835e-05	1.2252646785586268e-05
rule_a_one_step	metastatic::KEAP1+STK11	metastatic::BRAF+KEAP1+STK11	same_stage_one_event	BRAF	1	0.03211206438436499	0.0010313835273316634	3.311985423464784e-05
rule_a_one_step	metastatic::BRAF+STK11	metastatic::BRAF+KEAP1+STK11	same_stage_one_event	KEAP1	1	0.48487150073230434	0.00014734050390452334	7.144121124684018e-05
rule_a_one_step	metastatic::BRAF+MET+PIK3CA+TP53	metastatic::BRAF+KRAS+MET+PIK3CA+TP53	same_stage_one_event	KRAS	1	0.008530705583866545	3.6835125976130835e-05	3.1422961484700696e-07
rule_a_one_step	metastatic::BRAF+KRAS+PIK3CA+TP53	metastatic::BRAF+KRAS+MET+PIK3CA+TP53	same_stage_one_event	MET	1	0.0015071270259657732	3.6835125976130835e-05	5.551521386348066e-08
rule_a_one_step	metastatic::KRAS+NF1+TP53	metastatic::BRAF+KRAS+NF1+TP53	same_stage_one_event	BRAF	1	0.03552531367956488	0.000920878149403271	3.2714485118208414e-05
rule_a_one_step	metastatic::BRAF+NF1+TP53	metastatic::BRAF+KRAS+NF1+TP53	same_stage_one_event	KRAS	1	0.003973353353727992	0.0003683512597613084	1.4635897133225255e-06
rule_a_one_step	metastatic::BRAF+KRAS+TP53	metastatic::BRAF+KRAS+NF1+TP53	same_stage_one_event	NF1	1	0.08343362567577876	0.00033151613378517756	2.76595930117139e-05
rule_a_one_step	metastatic::KRAS+SETD2	metastatic::BRAF+KRAS+SETD2	same_stage_one_event	BRAF	1	0.027535656170653604	0.00025784588183291586	7.09995554717015e-06
rule_a_one_step	metastatic::BRAF+SETD2	metastatic::BRAF+KRAS+SETD2	same_stage_one_event	KRAS	1	0.07569268193279673	0.0006261971415942243	4.739854106591809e-05
rule_a_one_step	metastatic::BRAF+KRAS	metastatic::BRAF+KRAS+SETD2	same_stage_one_event	SETD2	1	0.10761192173153811	0.0004051863857374392	4.3602885628662115e-05
rule_a_one_step	metastatic::KRAS+SMARCA4+STK11	metastatic::BRAF+KRAS+SMARCA4+STK11	same_stage_one_event	BRAF	1	0.03665487903143926	0.0004420215117135701	1.6202245041154826e-05
rule_a_one_step	metastatic::BRAF+KRAS+STK11	metastatic::BRAF+KRAS+SMARCA4+STK11	same_stage_one_event	SMARCA4	1	0.09230232836242504	3.6835125976130835e-05	3.3999678931201202e-06
rule_a_one_step	metastatic::BRAF+KRAS+SMARCA4	metastatic::BRAF+KRAS+SMARCA4+STK11	same_stage_one_event	STK11	1	0.12066913730123335	3.6835125976130835e-05	4.444862873921959e-06
rule_a_one_step	metastatic::PIK3CA	metastatic::BRAF+PIK3CA	same_stage_one_event	BRAF	1	0.04029746698974842	0.0009577132753794018	3.859341910024528e-05
rule_a_one_step	metastatic::BRAF	metastatic::BRAF+PIK3CA	same_stage_one_event	PIK3CA	1	0.02948021288042765	0.002578458818329159	7.601351486775953e-05
rule_a_one_step	metastatic::RBM10+SMARCA4+TP53	metastatic::BRAF+RBM10+SMARCA4+TP53	same_stage_one_event	BRAF	1	0.07863548705399857	0.00014734050390452334	1.1586192287313771e-05
rule_a_one_step	metastatic::BRAF+SMARCA4+TP53	metastatic::BRAF+RBM10+SMARCA4+TP53	same_stage_one_event	RBM10	1	0.05878327881313929	0.00011050537792839252	6.495868441116027e-06
rule_a_one_step	metastatic::BRAF+RBM10+TP53	metastatic::BRAF+RBM10+SMARCA4+TP53	same_stage_one_event	SMARCA4	1	0.07043928443629233	0.0002946810078090467	2.075711932703472e-05
rule_a_one_step	metastatic::SMARCA4+STK11+TP53	metastatic::BRAF+SMARCA4+STK11+TP53	same_stage_one_event	BRAF	1	0.049107105314713705	0.0005525268896419625	2.7132996158859052e-05
rule_a_one_step	metastatic::BRAF+STK11+TP53	metastatic::BRAF+SMARCA4+STK11+TP53	same_stage_one_event	SMARCA4	1	0.10994936546934175	0.0004051863857374392	4.454998600864739e-05
rule_a_one_step	metastatic::BRAF+SMARCA4+TP53	metastatic::BRAF+SMARCA4+STK11+TP53	same_stage_one_event	STK11	1	0.20802107207194317	0.00011050537792839252	2.2987447186379457e-05
rule_a_one_step	metastatic::EGFR+KRAS+TP53	metastatic::CDKN2A+EGFR+KRAS+TP53	same_stage_one_event	CDKN2A	1	0.117954876787177	0.0006630322675703551	7.820788942718382e-05
rule_a_one_step	metastatic::CDKN2A+KRAS+TP53	metastatic::CDKN2A+EGFR+KRAS+TP53	same_stage_one_event	EGFR	1	0.0025061779026917673	0.0014365699130691027	3.6002997718056183e-06
rule_a_one_step	metastatic::CDKN2A+EGFR+TP53	metastatic::CDKN2A+EGFR+KRAS+TP53	same_stage_one_event	KRAS	1	0.012828542785505489	0.0015102401650213643	1.9374180573365442e-05
rule_a_one_step	metastatic::KEAP1+KRAS+RBM10	metastatic::CDKN2A+KEAP1+KRAS+RBM10	same_stage_one_event	CDKN2A	1	0.0600018059821423	0.0001841756298806542	1.1050870410737863e-05
rule_a_one_step	metastatic::CDKN2A+KRAS+RBM10	metastatic::CDKN2A+KEAP1+KRAS+RBM10	same_stage_one_event	KEAP1	1	0.0627050374166449	7.367025195226167e-05	4.619495905160225e-06
rule_a_one_step	metastatic::KEAP1+KRAS+SMARCA4	metastatic::CDKN2A+KEAP1+KRAS+SMARCA4	same_stage_one_event	CDKN2A	1	0.03689781443141386	0.00033151613378517756	1.2232220785425252e-05
rule_a_one_step	metastatic::CDKN2A+KRAS+SMARCA4	metastatic::CDKN2A+KEAP1+KRAS+SMARCA4	same_stage_one_event	KEAP1	1	0.02987851191720448	7.367025195226167e-05	2.201157500899107e-06
rule_a_one_step	metastatic::CDKN2A+KEAP1+SMARCA4	metastatic::CDKN2A+KEAP1+KRAS+SMARCA4	same_stage_one_event	KRAS	1	0.33684705972101225	7.367025195226167e-05	2.4815607759025505e-05
rule_a_one_step	metastatic::KEAP1+KRAS+STK11+TP53	metastatic::CDKN2A+KEAP1+KRAS+STK11+TP53	same_stage_one_event	CDKN2A	1	0.13095197492340058	0.0008840430234271402	0.00011576717983503809
rule_a_one_step	metastatic::CDKN2A+KRAS+STK11+TP53	metastatic::CDKN2A+KEAP1+KRAS+STK11+TP53	same_stage_one_event	KEAP1	1	0.5452641489923482	0.00014734050390452334	8.033949447360368e-05
rule_a_one_step	metastatic::CDKN2A+KEAP1+STK11+TP53	metastatic::CDKN2A+KEAP1+KRAS+STK11+TP53	same_stage_one_event	KRAS	1	0.06538456731605524	0.00014734050390452334	9.633795095926807e-06
rule_a_one_step	metastatic::CDKN2A+KEAP1+KRAS+TP53	metastatic::CDKN2A+KEAP1+KRAS+STK11+TP53	same_stage_one_event	STK11	1	0.11410381597114438	0.00014734050390452334	1.681211374261741e-05
rule_a_one_step	metastatic::CDKN2A+KEAP1+KRAS+STK11	metastatic::CDKN2A+KEAP1+KRAS+STK11+TP53	same_stage_one_event	TP53	1	0.06266972490327985	0.00011050537792839252	6.925341635105332e-06
rule_a_one_step	metastatic::KEAP1+NF1+TP53	metastatic::CDKN2A+KEAP1+NF1+TP53	same_stage_one_event	CDKN2A	1	0.12115664694654421	0.0005525268896419625	6.694230529682345e-05
rule_a_one_step	metastatic::CDKN2A+NF1+TP53	metastatic::CDKN2A+KEAP1+NF1+TP53	same_stage_one_event	KEAP1	1	0.089158756966671	0.00025784588183291586	2.2989218313197913e-05
rule_a_one_step	metastatic::CDKN2A+KEAP1+TP53	metastatic::CDKN2A+KEAP1+NF1+TP53	same_stage_one_event	NF1	1	0.13653288392097424	0.0005525268896419625	7.543808968670302e-05
rule_a_one_step	metastatic::KEAP1+SMARCA4	metastatic::CDKN2A+KEAP1+SMARCA4	same_stage_one_event	CDKN2A	1	0.022091764065887934	0.00011050537792839252	2.4412587372058273e-06
rule_a_one_step	metastatic::CDKN2A+SMARCA4	metastatic::CDKN2A+KEAP1+SMARCA4	same_stage_one_event	KEAP1	1	0.026469646387849297	0.00011050537792839252	2.9250382777201963e-06
rule_a_one_step	metastatic::CDKN2A+KEAP1	metastatic::CDKN2A+KEAP1+SMARCA4	same_stage_one_event	SMARCA4	1	0.07775690073324792	3.6835125976130835e-05	2.8641852340226874e-06
rule_a_one_step	metastatic::KRAS+NF1	metastatic::CDKN2A+KRAS+NF1	same_stage_one_event	CDKN2A	1	0.024321320649900738	0.0004788566376897009	1.1646425830584558e-05
rule_a_one_step	metastatic::CDKN2A+NF1	metastatic::CDKN2A+KRAS+NF1	same_stage_one_event	KRAS	1	0.1488457098260058	3.6835125976130835e-05	5.482750472447539e-06
rule_a_one_step	metastatic::CDKN2A+KRAS	metastatic::CDKN2A+KRAS+NF1	same_stage_one_event	NF1	1	0.02281758782701449	0.0004051863857374392	9.24537594287459e-06
rule_a_one_step	metastatic::KRAS+RBM10	metastatic::CDKN2A+KRAS+RBM10	same_stage_one_event	CDKN2A	1	0.04691003482528881	0.001583910416973626	7.430129282037052e-05
rule_a_one_step	metastatic::CDKN2A+RBM10	metastatic::CDKN2A+KRAS+RBM10	same_stage_one_event	KRAS	1	0.26843743473565074	3.6835125976130835e-05	9.887926725197094e-06
rule_a_one_step	metastatic::CDKN2A+KRAS	metastatic::CDKN2A+KRAS+RBM10	same_stage_one_event	RBM10	1	0.07156707498262581	0.0004051863857374392	2.8998004450010455e-05
rule_a_one_step	metastatic::KRAS+SMARCA4	metastatic::CDKN2A+KRAS+SMARCA4	same_stage_one_event	CDKN2A	1	0.02782579707051515	0.0004051863857374392	1.1274634145265456e-05
rule_a_one_step	metastatic::CDKN2A+SMARCA4	metastatic::CDKN2A+KRAS+SMARCA4	same_stage_one_event	KRAS	1	0.2454266078142064	0.00011050537792839252	2.712096005019225e-05
rule_a_one_step	metastatic::CDKN2A+KRAS	metastatic::CDKN2A+KRAS+SMARCA4	same_stage_one_event	SMARCA4	1	0.033088515837567174	0.0004051863857374392	1.340701614163986e-05
rule_a_one_step	metastatic::MET+SMARCA4+TP53	metastatic::CDKN2A+MET+SMARCA4+TP53	same_stage_one_event	CDKN2A	1	0.13754227761033516	0.0001841756298806542	2.5331935614103277e-05
rule_a_one_step	metastatic::CDKN2A+SMARCA4+TP53	metastatic::CDKN2A+MET+SMARCA4+TP53	same_stage_one_event	MET	1	0.051463224191051204	0.0004420215117135701	2.2747852154582823e-05
rule_a_one_step	metastatic::CDKN2A+MET+TP53	metastatic::CDKN2A+MET+SMARCA4+TP53	same_stage_one_event	SMARCA4	1	0.07824667532988604	0.00011050537792839252	8.646678428969283e-06
rule_a_one_step	metastatic::NF1+STK11+TP53	metastatic::CDKN2A+NF1+STK11+TP53	same_stage_one_event	CDKN2A	1	0.03921213866009904	0.0003683512597613084	1.4443840673382584e-05
rule_a_one_step	metastatic::CDKN2A+STK11+TP53	metastatic::CDKN2A+NF1+STK11+TP53	same_stage_one_event	NF1	1	0.05894418956023456	0.00033151613378517756	1.9540949832109587e-05
rule_a_one_step	metastatic::CDKN2A+NF1+TP53	metastatic::CDKN2A+NF1+STK11+TP53	same_stage_one_event	STK11	1	0.185549696206126	0.00025784588183291586	4.78432250420982e-05
rule_a_one_step	metastatic::RBM10+TP53	metastatic::CDKN2A+RBM10+TP53	same_stage_one_event	CDKN2A	1	0.08394400338434259	0.0006261971415942243	5.256549497325122e-05
rule_a_one_step	metastatic::CDKN2A+TP53	metastatic::CDKN2A+RBM10+TP53	same_stage_one_event	RBM10	1	0.05253042252204709	0.00221010755856785	0.00011609788387073911
rule_a_one_step	metastatic::CDKN2A+RBM10	metastatic::CDKN2A+RBM10+TP53	same_stage_one_event	TP53	1	0.05605322405630542	3.6835125976130835e-05	2.0647275694822974e-06
rule_a_one_step	metastatic::SMARCA4+STK11+TP53	metastatic::CDKN2A+SMARCA4+STK11+TP53	same_stage_one_event	CDKN2A	1	0.04720917707690615	0.0005525268896419625	2.6084339772859594e-05
rule_a_one_step	metastatic::CDKN2A+STK11+TP53	metastatic::CDKN2A+SMARCA4+STK11+TP53	same_stage_one_event	SMARCA4	1	0.1397070977023202	0.00033151613378517756	4.6315156892621256e-05
rule_a_one_step	metastatic::CDKN2A+SMARCA4+TP53	metastatic::CDKN2A+SMARCA4+STK11+TP53	same_stage_one_event	STK11	1	0.2029006985993812	0.0004420215117135701	8.968647352263792e-05
rule_a_one_step	metastatic::STK11	metastatic::CDKN2A+STK11	same_stage_one_event	CDKN2A	1	0.01119665093080659	0.0013260645351407102	1.4847481711692842e-05
rule_a_one_step	metastatic::CDKN2A	metastatic::CDKN2A+STK11	same_stage_one_event	STK11	1	0.0488953657100727	0.0009577132753794018	4.682774084506741e-05
rule_a_one_step	metastatic::KEAP1+PIK3CA+SMARCA4+TP53	metastatic::EGFR+KEAP1+PIK3CA+SMARCA4+TP53	same_stage_one_event	EGFR	1	0.023849739191209682	3.6835125976130835e-05	8.785081476060734e-07
rule_a_one_step	metastatic::EGFR+PIK3CA+SMARCA4+TP53	metastatic::EGFR+KEAP1+PIK3CA+SMARCA4+TP53	same_stage_one_event	KEAP1	1	0.0434828267644089	0.00014734050390452334	6.406781606661101e-06
rule_a_one_step	metastatic::EGFR+KEAP1+PIK3CA+TP53	metastatic::EGFR+KEAP1+PIK3CA+SMARCA4+TP53	same_stage_one_event	SMARCA4	1	0.17953766010695477	0.00014734050390452334	2.6453169309997753e-05
rule_a_one_step	metastatic::KEAP1+STK11	metastatic::EGFR+KEAP1+STK11	same_stage_one_event	EGFR	1	0.0077941136347500425	0.0010313835273316634	8.038720413032311e-06
rule_a_one_step	metastatic::EGFR+STK11	metastatic::EGFR+KEAP1+STK11	same_stage_one_event	KEAP1	1	0.26950268078193534	0.00022101075585678504	5.956299118504539e-05
rule_a_one_step	metastatic::EGFR+KEAP1	metastatic::EGFR+KEAP1+STK11	same_stage_one_event	STK11	1	0.005946517518569617	0.0003683512597613084	2.190407219157808e-06
rule_a_one_step	metastatic::KRAS+PIK3CA	metastatic::EGFR+KRAS+PIK3CA	same_stage_one_event	EGFR	1	0.0168466584429684	0.0009945484013555326	1.675481722263691e-05
rule_a_one_step	metastatic::EGFR+PIK3CA	metastatic::EGFR+KRAS+PIK3CA	same_stage_one_event	KRAS	1	0.07805840072830371	0.0016207455429497568	0.00012651280507018428
rule_a_one_step	metastatic::EGFR+KRAS	metastatic::EGFR+KRAS+PIK3CA	same_stage_one_event	PIK3CA	1	0.034055705213827836	0.0003683512597613084	1.2544461917573241e-05
rule_a_one_step	metastatic::KRAS+PIK3CA+TP53	metastatic::EGFR+KRAS+PIK3CA+TP53	same_stage_one_event	EGFR	1	0.0024110973402454695	0.0010682186533077943	2.57557915379102e-06
rule_a_one_step	metastatic::EGFR+PIK3CA+TP53	metastatic::EGFR+KRAS+PIK3CA+TP53	same_stage_one_event	KRAS	1	0.014134204349650199	0.0026152939443052897	3.696509904321365e-05
rule_a_one_step	metastatic::EGFR+KRAS+TP53	metastatic::EGFR+KRAS+PIK3CA+TP53	same_stage_one_event	PIK3CA	1	0.2167076108162471	0.0006630322675703551	0.00014368413859925034
rule_a_one_step	metastatic::EGFR+KRAS+PIK3CA	metastatic::EGFR+KRAS+PIK3CA+TP53	same_stage_one_event	TP53	1	0.6895799277350073	7.367025195226167e-05	5.080152701746038e-05
rule_a_one_step	metastatic::KRAS+RBM10	metastatic::EGFR+KRAS+RBM10	same_stage_one_event	EGFR	1	0.03248335247494177	0.001583910416973626	5.145072036328629e-05
rule_a_one_step	metastatic::EGFR+RBM10	metastatic::EGFR+KRAS+RBM10	same_stage_one_event	KRAS	1	0.10286127348381113	0.0017312509208781495	0.0001780786744415472
rule_a_one_step	metastatic::EGFR+KRAS	metastatic::EGFR+KRAS+RBM10	same_stage_one_event	RBM10	1	0.05463686077979565	0.0003683512597613084	2.012555649764095e-05
rule_a_one_step	metastatic::KRAS+RBM10+TP53	metastatic::EGFR+KRAS+RBM10+TP53	same_stage_one_event	EGFR	1	0.0040982944517775595	0.001362899661116841	5.585564119484666e-06
rule_a_one_step	metastatic::EGFR+RBM10+TP53	metastatic::EGFR+KRAS+RBM10+TP53	same_stage_one_event	KRAS	1	0.014298824700447924	0.002283777810520112	3.2655338567399856e-05
rule_a_one_step	metastatic::EGFR+KRAS+TP53	metastatic::EGFR+KRAS+RBM10+TP53	same_stage_one_event	RBM10	1	0.18336760739774965	0.0006630322675703551	0.00012157864053188058
rule_a_one_step	metastatic::EGFR+KRAS+RBM10	metastatic::EGFR+KRAS+RBM10+TP53	same_stage_one_event	TP53	1	0.640659337633558	7.367025195226167e-05	4.7197534819033294e-05
rule_a_one_step	metastatic::EGFR+MET+STK11+TP53	metastatic::EGFR+MET+PIK3CA+STK11+TP53	same_stage_one_event	PIK3CA	1	0.14559891449337523	3.6835125976130835e-05	5.363154357351378e-06
rule_a_one_step	metastatic::EGFR+MET+PIK3CA+TP53	metastatic::EGFR+MET+PIK3CA+STK11+TP53	same_stage_one_event	STK11	1	0.09949303611981404	0.00011050537792839252	1.0994515557663259e-05
rule_a_one_step	metastatic::RBM10+SMARCA4+TP53	metastatic::EGFR+RBM10+SMARCA4+TP53	same_stage_one_event	EGFR	1	0.11338007878475227	0.00014734050390452334	1.6705477940879958e-05
rule_a_one_step	metastatic::EGFR+SMARCA4+TP53	metastatic::EGFR+RBM10+SMARCA4+TP53	same_stage_one_event	RBM10	1	0.13580303341772595	0.001362899661116841	0.00018508590822365775
rule_a_one_step	metastatic::EGFR+RBM10+TP53	metastatic::EGFR+RBM10+SMARCA4+TP53	same_stage_one_event	SMARCA4	1	0.07761642039896323	0.002283777810520112	0.00017725865863915278
rule_a_one_step	metastatic::EGFR+RBM10+SMARCA4	metastatic::EGFR+RBM10+SMARCA4+TP53	same_stage_one_event	TP53	1	0.48506048930662155	0.00014734050390452334	7.146905691861227e-05
rule_a_one_step	metastatic::KRAS+NF1	metastatic::KEAP1+KRAS+NF1	same_stage_one_event	KEAP1	1	0.028466143003602205	0.0004788566376897009	1.3631201526699154e-05
rule_a_one_step	metastatic::KEAP1+NF1	metastatic::KEAP1+KRAS+NF1	same_stage_one_event	KRAS	1	0.17442155671614332	3.6835125976130835e-05	6.424840014591988e-06
rule_a_one_step	metastatic::KEAP1+KRAS	metastatic::KEAP1+KRAS+NF1	same_stage_one_event	NF1	1	0.026598798147426432	0.0014365699130691027	3.8211033142390996e-05
rule_a_one_step	metastatic::KEAP1+KRAS+RBM10+SMARCA4+STK11	metastatic::KEAP1+KRAS+NF1+RBM10+SMARCA4+STK11	same_stage_one_event	NF1	1	0.12243102782266224	0.00014734050390452334	1.8039049332939773e-05
rule_a_one_step	metastatic::KEAP1+KRAS+NF1+SMARCA4+STK11	metastatic::KEAP1+KRAS+NF1+RBM10+SMARCA4+STK11	same_stage_one_event	RBM10	1	0.28639623359296335	7.367025195226167e-05	2.1098882686972397e-05
rule_a_one_step	metastatic::KRAS+NF1+RBM10+TP53	metastatic::KEAP1+KRAS+NF1+RBM10+TP53	same_stage_one_event	KEAP1	1	0.08036290668084654	0.0001841756298806542	1.4800888956985145e-05
rule_a_one_step	metastatic::KEAP1+NF1+RBM10+TP53	metastatic::KEAP1+KRAS+NF1+RBM10+TP53	same_stage_one_event	KRAS	1	0.026403277635854264	3.6835125976130835e-05	9.725680578994498e-07
rule_a_one_step	metastatic::KEAP1+KRAS+RBM10+TP53	metastatic::KEAP1+KRAS+NF1+RBM10+TP53	same_stage_one_event	NF1	1	0.1298992218887117	3.6835125976130835e-05	4.784854202472068e-06
rule_a_one_step	metastatic::KEAP1+KRAS+NF1+TP53	metastatic::KEAP1+KRAS+NF1+RBM10+TP53	same_stage_one_event	RBM10	1	0.12476151179594785	0.00014734050390452334	1.838242401590509e-05
rule_a_one_step	metastatic::KEAP1+NF1+SMARCA4+STK11	metastatic::KEAP1+KRAS+NF1+SMARCA4+STK11	same_stage_one_event	KRAS	1	0.40315625711787617	0.00014734050390452334	5.940124607600945e-05
rule_a_one_step	metastatic::KEAP1+KRAS+SMARCA4+STK11	metastatic::KEAP1+KRAS+NF1+SMARCA4+STK11	same_stage_one_event	NF1	1	0.08064674132649274	0.0013997347870929719	0.00011288404930038029
rule_a_one_step	metastatic::KEAP1+KRAS+NF1+STK11	metastatic::KEAP1+KRAS+NF1+SMARCA4+STK11	same_stage_one_event	SMARCA4	1	0.36343373649944105	0.00025784588183291586	9.370989227552996e-05
rule_a_one_step	metastatic::KEAP1+KRAS+NF1+SMARCA4	metastatic::KEAP1+KRAS+NF1+SMARCA4+STK11	same_stage_one_event	STK11	1	0.04049168103362261	3.6835125976130835e-05	1.4915161718587967e-06
rule_a_one_step	metastatic::KRAS+PIK3CA+STK11+TP53	metastatic::KEAP1+KRAS+PIK3CA+STK11+TP53	same_stage_one_event	KEAP1	1	0.5432382640254043	3.6835125976130835e-05	2.0010249890430393e-05
rule_a_one_step	metastatic::KEAP1+PIK3CA+STK11+TP53	metastatic::KEAP1+KRAS+PIK3CA+STK11+TP53	same_stage_one_event	KRAS	1	0.07642153427146313	0.00011050537792839252	8.444990526535635e-06
rule_a_one_step	metastatic::KEAP1+KRAS+STK11+TP53	metastatic::KEAP1+KRAS+PIK3CA+STK11+TP53	same_stage_one_event	PIK3CA	1	0.02728385817064843	0.0008840430234271402	2.412010446793732e-05
rule_a_one_step	metastatic::KEAP1+KRAS+PIK3CA+TP53	metastatic::KEAP1+KRAS+PIK3CA+STK11+TP53	same_stage_one_event	STK11	1	0.11073727983986681	7.367025195226167e-05	8.158043306311095e-06
rule_a_one_step	metastatic::KEAP1+KRAS+PIK3CA+STK11	metastatic::KEAP1+KRAS+PIK3CA+STK11+TP53	same_stage_one_event	TP53	1	0.03240178118891507	3.6835125976130835e-05	1.193523691944713e-06
rule_a_one_step	metastatic::KRAS+PIK3CA+TP53	metastatic::KEAP1+KRAS+PIK3CA+TP53	same_stage_one_event	KEAP1	1	0.060961020050854686	0.0010682186533077943	6.511969874299344e-05
rule_a_one_step	metastatic::KEAP1+PIK3CA+TP53	metastatic::KEAP1+KRAS+PIK3CA+TP53	same_stage_one_event	KRAS	1	0.06280023579471036	0.00022101075585678504	1.3879527580973265e-05
rule_a_one_step	metastatic::KEAP1+KRAS+TP53	metastatic::KEAP1+KRAS+PIK3CA+TP53	same_stage_one_event	PIK3CA	1	0.07334263875506217	0.001141888905260056	8.374914547690168e-05
rule_a_one_step	metastatic::KEAP1+KRAS+PIK3CA	metastatic::KEAP1+KRAS+PIK3CA+TP53	same_stage_one_event	TP53	1	0.38380026085731733	3.6835125976130835e-05	1.413733095835116e-05
rule_a_one_step	metastatic::KRAS+RBM10+STK11+TP53	metastatic::KEAP1+KRAS+RBM10+STK11+TP53	same_stage_one_event	KEAP1	1	0.5847857387747931	7.367025195226167e-05	4.308131271362849e-05
rule_a_one_step	metastatic::KEAP1+RBM10+STK11+TP53	metastatic::KEAP1+KRAS+RBM10+STK11+TP53	same_stage_one_event	KRAS	1	0.07470090434636513	3.6835125976130835e-05	2.751617222129259e-06
rule_a_one_step	metastatic::KEAP1+KRAS+STK11+TP53	metastatic::KEAP1+KRAS+RBM10+STK11+TP53	same_stage_one_event	RBM10	1	0.08824189774297	0.0008840430234271402	7.800963407364373e-05
rule_a_one_step	metastatic::KEAP1+KRAS+RBM10+TP53	metastatic::KEAP1+KRAS+RBM10+STK11+TP53	same_stage_one_event	STK11	1	0.06033074186604053	3.6835125976130835e-05	2.222290476869034e-06
rule_a_one_step	metastatic::KEAP1+KRAS+RBM10+STK11	metastatic::KEAP1+KRAS+RBM10+STK11+TP53	same_stage_one_event	TP53	1	0.022668869049032366	0.0003683512597613084	8.350106471575205e-06
rule_a_one_step	metastatic::KRAS+SETD2+STK11+TP53	metastatic::KEAP1+KRAS+SETD2+STK11+TP53	same_stage_one_event	KEAP1	1	0.5114013188704071	3.6835125976130835e-05	1.88375320049509e-05
rule_a_one_step	metastatic::KEAP1+SETD2+STK11+TP53	metastatic::KEAP1+KRAS+SETD2+STK11+TP53	same_stage_one_event	KRAS	1	0.04358606155795771	7.367025195226167e-05	3.2109961365815315e-06
rule_a_one_step	metastatic::KEAP1+KRAS+STK11+TP53	metastatic::KEAP1+KRAS+SETD2+STK11+TP53	same_stage_one_event	SETD2	1	0.03028337791775811	0.0008840430234271402	2.6771808974001572e-05
rule_a_one_step	metastatic::KEAP1+KRAS+SETD2+TP53	metastatic::KEAP1+KRAS+SETD2+STK11+TP53	same_stage_one_event	STK11	1	0.07859285290422695	3.6835125976130835e-05	2.89497763755072e-06
rule_a_one_step	metastatic::KEAP1+KRAS+SETD2+STK11	metastatic::KEAP1+KRAS+SETD2+STK11+TP53	same_stage_one_event	TP53	1	0.044485128075188916	0.00025784588183291586	1.1470307076997289e-05
rule_a_one_step	metastatic::KRAS+SMARCA4+STK11+TP53	metastatic::KEAP1+KRAS+SMARCA4+STK11+TP53	same_stage_one_event	KEAP1	1	0.589596449522234	0.0004788566376897009	0.0002823321734120024
rule_a_one_step	metastatic::KEAP1+SMARCA4+STK11+TP53	metastatic::KEAP1+KRAS+SMARCA4+STK11+TP53	same_stage_one_event	KRAS	1	0.11199348132901525	0.0004051863857374392	4.537823392585707e-05
rule_a_one_step	metastatic::KEAP1+KRAS+STK11+TP53	metastatic::KEAP1+KRAS+SMARCA4+STK11+TP53	same_stage_one_event	SMARCA4	1	0.4157031768164445	0.0008840430234271402	0.0003674994932810766
rule_a_one_step	metastatic::KEAP1+KRAS+SMARCA4+TP53	metastatic::KEAP1+KRAS+SMARCA4+STK11+TP53	same_stage_one_event	STK11	1	0.11966871320474505	3.6835125976130835e-05	4.408012126298256e-06
rule_a_one_step	metastatic::KEAP1+KRAS+SMARCA4+STK11	metastatic::KEAP1+KRAS+SMARCA4+STK11+TP53	same_stage_one_event	TP53	1	0.10888838550960174	0.0013997347870929719	0.00015241486110817985
rule_a_one_step	metastatic::MET+SMARCA4	metastatic::KEAP1+MET+SMARCA4	same_stage_one_event	KEAP1	1	0.016186519683222444	7.367025195226167e-05	1.1924649832932402e-06
rule_a_one_step	metastatic::KEAP1+SMARCA4	metastatic::KEAP1+MET+SMARCA4	same_stage_one_event	MET	1	0.04294483370804981	0.00011050537792839252	4.745635078980014e-06
rule_a_one_step	metastatic::KEAP1+MET	metastatic::KEAP1+MET+SMARCA4	same_stage_one_event	SMARCA4	1	0.04482426642776879	3.6835125976130835e-05	1.6511075006545153e-06
rule_a_one_step	metastatic::KEAP1+PIK3CA+STK11+TP53	metastatic::KEAP1+NF1+PIK3CA+STK11+TP53	same_stage_one_event	NF1	1	0.1171826597931503	0.00011050537792839252	1.2949314107096321e-05
rule_a_one_step	metastatic::KEAP1+NF1+STK11+TP53	metastatic::KEAP1+NF1+PIK3CA+STK11+TP53	same_stage_one_event	PIK3CA	1	0.014702899201319501	0.00022101075585678504	3.249498865769744e-06
rule_a_one_step	metastatic::NF1+SETD2+TP53	metastatic::KEAP1+NF1+SETD2+TP53	same_stage_one_event	KEAP1	1	0.0807785406178006	0.0002946810078090467	2.3803901758597494e-05
rule_a_one_step	metastatic::KEAP1+SETD2+TP53	metastatic::KEAP1+NF1+SETD2+TP53	same_stage_one_event	NF1	1	0.1381396622178307	0.00025784588183291586	3.5618743020657686e-05
rule_a_one_step	metastatic::KEAP1+NF1+TP53	metastatic::KEAP1+NF1+SETD2+TP53	same_stage_one_event	SETD2	1	0.06279156398587997	0.0005525268896419625	3.4694027544872535e-05
rule_a_one_step	metastatic::KEAP1+SMARCA4	metastatic::KEAP1+NF1+SMARCA4	same_stage_one_event	NF1	1	0.032091045304673584	0.00011050537792839252	3.5462330895101206e-06
rule_a_one_step	metastatic::KEAP1+NF1	metastatic::KEAP1+NF1+SMARCA4	same_stage_one_event	SMARCA4	1	0.0812979307412233	3.6835125976130835e-05	2.99461952045172e-06
rule_a_one_step	metastatic::KEAP1+SMARCA4+STK11+TP53	metastatic::KEAP1+RBM10+SMARCA4+STK11+TP53	same_stage_one_event	RBM10	1	0.08506106713639625	0.0004051863857374392	3.4465586359966064e-05
rule_a_one_step	metastatic::KEAP1+RBM10+STK11+TP53	metastatic::KEAP1+RBM10+SMARCA4+STK11+TP53	same_stage_one_event	SMARCA4	1	0.4626761471824661	3.6835125976130835e-05	1.704273416761699e-05
rule_a_one_step	metastatic::KEAP1+RBM10+SMARCA4+TP53	metastatic::KEAP1+RBM10+SMARCA4+STK11+TP53	same_stage_one_event	STK11	1	0.04809804358336648	3.6835125976130835e-05	1.7716974945987358e-06
rule_a_one_step	metastatic::KEAP1+RBM10+SMARCA4+STK11	metastatic::KEAP1+RBM10+SMARCA4+STK11+TP53	same_stage_one_event	TP53	1	0.0071542067178537025	0.00014734050390452334	1.0541044228456906e-06
rule_a_one_step	metastatic::RBM10+TP53	metastatic::KEAP1+RBM10+TP53	same_stage_one_event	KEAP1	1	0.0837559458811343	0.0006261971415942243	5.2447733902286844e-05
rule_a_one_step	metastatic::KEAP1+TP53	metastatic::KEAP1+RBM10+TP53	same_stage_one_event	RBM10	1	0.050283299255541966	0.002541623692353028	0.00012780122471756284
rule_a_one_step	metastatic::SETD2+SMARCA4+STK11+TP53	metastatic::KEAP1+SETD2+SMARCA4+STK11+TP53	same_stage_one_event	KEAP1	1	0.6443708770337225	7.367025195226167e-05	4.747096486177416e-05
rule_a_one_step	metastatic::KEAP1+SMARCA4+STK11+TP53	metastatic::KEAP1+SETD2+SMARCA4+STK11+TP53	same_stage_one_event	SETD2	1	0.04581263305485927	0.0004051863857374392	1.8562655208613964e-05
rule_a_one_step	metastatic::KEAP1+SETD2+STK11+TP53	metastatic::KEAP1+SETD2+SMARCA4+STK11+TP53	same_stage_one_event	SMARCA4	1	0.4849974882768541	7.367025195226167e-05	3.5729887157569917e-05
rule_a_one_step	metastatic::KEAP1+SETD2+SMARCA4+TP53	metastatic::KEAP1+SETD2+SMARCA4+STK11+TP53	same_stage_one_event	STK11	1	0.06982300829952767	7.367025195226167e-05	5.143878613491062e-06
rule_a_one_step	metastatic::KEAP1+SETD2+SMARCA4+STK11	metastatic::KEAP1+SETD2+SMARCA4+STK11+TP53	same_stage_one_event	TP53	1	0.022388124685057163	3.6835125976130835e-05	8.246693931434051e-07
rule_a_one_step	metastatic::SETD2+SMARCA4+TP53	metastatic::KEAP1+SETD2+SMARCA4+TP53	same_stage_one_event	KEAP1	1	0.08184424944688466	0.00014734050390452334	1.2058972955191492e-05
rule_a_one_step	metastatic::KEAP1+SMARCA4+TP53	metastatic::KEAP1+SETD2+SMARCA4+TP53	same_stage_one_event	SETD2	1	0.06416629418615208	0.0003683512597613084	2.3635735297683834e-05
rule_a_one_step	metastatic::KEAP1+SETD2+TP53	metastatic::KEAP1+SETD2+SMARCA4+TP53	same_stage_one_event	SMARCA4	1	0.2012244819270152	0.00025784588183291586	5.1884903988842875e-05
rule_a_one_step	metastatic::KEAP1+SETD2+SMARCA4	metastatic::KEAP1+SETD2+SMARCA4+TP53	same_stage_one_event	TP53	1	0.26672404663123395	3.6835125976130835e-05	9.824813858524897e-06
rule_a_one_step	metastatic::SETD2+STK11+TP53	metastatic::KEAP1+SETD2+STK11+TP53	same_stage_one_event	KEAP1	1	0.5737039433050439	0.00011050537792839252	6.339737107393295e-05
rule_a_one_step	metastatic::KEAP1+STK11+TP53	metastatic::KEAP1+SETD2+STK11+TP53	same_stage_one_event	SETD2	1	0.025989791734586706	0.0012523942831884486	3.254946658965478e-05
rule_a_one_step	metastatic::KEAP1+SETD2+TP53	metastatic::KEAP1+SETD2+STK11+TP53	same_stage_one_event	STK11	1	0.05633218878005495	0.00025784588183291586	1.4525022891571557e-05
rule_a_one_step	metastatic::KEAP1+SETD2+STK11	metastatic::KEAP1+SETD2+STK11+TP53	same_stage_one_event	TP53	1	0.01555246545435171	3.6835125976130835e-05	5.728770242504681e-07
rule_a_one_step	metastatic::KRAS+PIK3CA+STK11	metastatic::KRAS+MET+PIK3CA+STK11	same_stage_one_event	MET	1	0.0022206358279557707	3.6835125976130835e-05	8.179740046986041e-08
rule_a_one_step	metastatic::KRAS+MET+STK11	metastatic::KRAS+MET+PIK3CA+STK11	same_stage_one_event	PIK3CA	1	0.054523493859178755	0.00011050537792839252	6.025139294884937e-06
rule_a_one_step	metastatic::MET+STK11+TP53	metastatic::KRAS+MET+STK11+TP53	same_stage_one_event	KRAS	1	0.04265214039921682	0.0001841756298806542	7.855484823783855e-06
rule_a_one_step	metastatic::KRAS+STK11+TP53	metastatic::KRAS+MET+STK11+TP53	same_stage_one_event	MET	1	0.0008044503913614537	0.0016944157949020187	1.3630734493379577e-06
rule_a_one_step	metastatic::KRAS+MET+TP53	metastatic::KRAS+MET+STK11+TP53	same_stage_one_event	STK11	1	0.2264626315140813	0.0005156917636658317	0.00011678491384990195
rule_a_one_step	metastatic::KRAS+MET+STK11	metastatic::KRAS+MET+STK11+TP53	same_stage_one_event	TP53	1	0.06907723098340625	0.00011050537792839252	7.633405516068173e-06
rule_a_one_step	metastatic::PIK3CA+SETD2	metastatic::KRAS+PIK3CA+SETD2	same_stage_one_event	KRAS	1	0.25559753739214663	3.6835125976130835e-05	9.414967489028533e-06
rule_a_one_step	metastatic::KRAS+SETD2	metastatic::KRAS+PIK3CA+SETD2	same_stage_one_event	PIK3CA	1	0.040874966855493536	0.00025784588183291586	1.0539441873745939e-05
rule_a_one_step	metastatic::KRAS+PIK3CA	metastatic::KRAS+PIK3CA+SETD2	same_stage_one_event	SETD2	1	0.04777769967831102	0.0009945484013555326	4.751723483550897e-05
rule_a_one_step	metastatic::RBM10+STK11+TP53	metastatic::KRAS+RBM10+STK11+TP53	same_stage_one_event	KRAS	1	0.039656343148125946	3.6835125976130835e-05	1.460746395613892e-06
rule_a_one_step	metastatic::KRAS+STK11+TP53	metastatic::KRAS+RBM10+STK11+TP53	same_stage_one_event	RBM10	1	0.06520457879824845	0.0016944157949020187	0.00011048366821568547
rule_a_one_step	metastatic::KRAS+RBM10+TP53	metastatic::KRAS+RBM10+STK11+TP53	same_stage_one_event	STK11	1	0.1618451608965887	0.001362899661116841	0.00022057871493936138
rule_a_one_step	metastatic::KRAS+RBM10+STK11	metastatic::KRAS+RBM10+STK11+TP53	same_stage_one_event	TP53	1	0.01228841415937092	0.00014734050390452334	1.810581134429191e-06
rule_a_one_step	metastatic::NF1	metastatic::MET+NF1	same_stage_one_event	MET	1	0.05336353105957856	0.0008103727714748784	4.324435256043643e-05
rule_a_one_step	metastatic::MET	metastatic::MET+NF1	same_stage_one_event	NF1	1	0.024769367681188183	0.0030573154560188595	7.572777064751065e-05
rule_a_one_step	metastatic::NF1+PIK3CA+TP53	metastatic::MET+NF1+PIK3CA+TP53	same_stage_one_event	MET	1	0.046053593752629664	0.0001841756298806542	8.481949637658329e-06
rule_a_one_step	metastatic::MET+PIK3CA+TP53	metastatic::MET+NF1+PIK3CA+TP53	same_stage_one_event	NF1	1	0.12727247777755155	7.367025195226167e-05	9.376195504460848e-06
rule_a_one_step	metastatic::MET+NF1+TP53	metastatic::MET+NF1+PIK3CA+TP53	same_stage_one_event	PIK3CA	1	0.12010556908998271	0.00014734050390452334	1.7696415071457597e-05
rule_a_one_step	metastatic::MET+NF1+PIK3CA	metastatic::MET+NF1+PIK3CA+TP53	same_stage_one_event	TP53	1	0.21112175248613926	3.6835125976130835e-05	7.776696349128453e-06
rule_a_one_step	metastatic::PIK3CA+TP53	metastatic::MET+PIK3CA+TP53	same_stage_one_event	MET	1	0.04410041107505504	0.001141888905260056	5.035777012401304e-05
rule_a_one_step	metastatic::MET+TP53	metastatic::MET+PIK3CA+TP53	same_stage_one_event	PIK3CA	1	0.12914055234642358	0.0023574480624723735	0.0003044421449156884
rule_a_one_step	metastatic::MET+PIK3CA	metastatic::MET+PIK3CA+TP53	same_stage_one_event	TP53	1	0.1557788708785795	0.00014734050390452334	2.295253733292758e-05
rule_a_one_step	metastatic::RBM10+SMARCA4+TP53	metastatic::MET+RBM10+SMARCA4+TP53	same_stage_one_event	MET	1	0.05483431394766314	0.00014734050390452334	8.079315448307519e-06
rule_a_one_step	metastatic::MET+SMARCA4+TP53	metastatic::MET+RBM10+SMARCA4+TP53	same_stage_one_event	RBM10	1	0.044605888277106966	0.0001841756298806542	8.215317569822264e-06
rule_a_one_step	metastatic::MET+RBM10+TP53	metastatic::MET+RBM10+SMARCA4+TP53	same_stage_one_event	SMARCA4	1	0.05348089930120998	0.00033151613378517756	1.7729780967691536e-05
rule_a_one_step	metastatic::SMARCA4	metastatic::MET+SMARCA4	same_stage_one_event	MET	1	0.0423195437434232	0.0004788566376897009	2.026499442553785e-05
rule_a_one_step	metastatic::MET	metastatic::MET+SMARCA4	same_stage_one_event	SMARCA4	1	0.01406417278572534	0.0030573154560188595	4.29986128339179e-05
rule_a_one_step	metastatic::SETD2+SMARCA4+TP53	metastatic::NF1+SETD2+SMARCA4+TP53	same_stage_one_event	NF1	1	0.13373459253494505	0.00014734050390452334	1.9704522253564908e-05
rule_a_one_step	metastatic::NF1+SMARCA4+TP53	metastatic::NF1+SETD2+SMARCA4+TP53	same_stage_one_event	SETD2	1	0.05999034995825399	0.0002946810078090467	1.7678016784515688e-05
rule_a_one_step	metastatic::NF1+SETD2+TP53	metastatic::NF1+SETD2+SMARCA4+TP53	same_stage_one_event	SMARCA4	1	0.08617746913437557	0.0002946810078090467	2.5394863454950807e-05
rule_a_one_step	metastatic::RBM10+TP53	metastatic::PIK3CA+RBM10+TP53	same_stage_one_event	PIK3CA	1	0.046074708140453516	0.0006261971415942243	2.8851850537340128e-05
rule_a_one_step	metastatic::PIK3CA+TP53	metastatic::PIK3CA+RBM10+TP53	same_stage_one_event	RBM10	1	0.04958950917428322	0.001141888905260056	5.662571034340576e-05
rule_a_one_step	metastatic::SMARCA4+STK11+TP53	metastatic::PIK3CA+SMARCA4+STK11+TP53	same_stage_one_event	PIK3CA	1	0.013677088371799135	0.0005525268896419625	7.55695909742843e-06
rule_a_one_step	metastatic::PIK3CA+STK11+TP53	metastatic::PIK3CA+SMARCA4+STK11+TP53	same_stage_one_event	SMARCA4	1	0.0850126771887067	0.0001841756298806542	1.5657263369070777e-05
rule_a_one_step	metastatic::PIK3CA+SMARCA4+TP53	metastatic::PIK3CA+SMARCA4+STK11+TP53	same_stage_one_event	STK11	1	0.18681892531533523	0.00014734050390452334	2.7525994594863003e-05
rule_a_one_step	metastatic::SETD2+TP53	metastatic::RBM10+SETD2+TP53	same_stage_one_event	RBM10	1	0.05209846670697177	0.001583910416973626	8.251930412552622e-05
rule_a_one_step	metastatic::RBM10+TP53	metastatic::RBM10+SETD2+TP53	same_stage_one_event	SETD2	1	0.051558875559782724	0.0006261971415942243	3.2286020499348254e-05
rule_a_one_step	metastatic::RBM10+SETD2	metastatic::RBM10+SETD2+TP53	same_stage_one_event	TP53	1	0.055329930864573905	3.6835125976130835e-05	2.0380849736471895e-06
rule_a_one_step	metastatic::SMARCA4	metastatic::RBM10+SMARCA4	same_stage_one_event	RBM10	1	0.028720379541924898	0.0004788566376897009	1.375294438061823e-05
rule_a_one_step	metastatic::RBM10	metastatic::RBM10+SMARCA4	same_stage_one_event	SMARCA4	1	0.01596219955777148	0.0004051863857374392	6.467665947233177e-06
rule_a_one_step	metastatic::SMARCA4+STK11	metastatic::RBM10+SMARCA4+STK11	same_stage_one_event	RBM10	1	0.0347396872545372	0.00022101075585678504	7.677844538353589e-06
rule_a_one_step	metastatic::RBM10+STK11	metastatic::RBM10+SMARCA4+STK11	same_stage_one_event	SMARCA4	1	0.04947049826183427	0.0001841756298806542	9.111260177883135e-06
rule_a_one_step	metastatic::RBM10+SMARCA4	metastatic::RBM10+SMARCA4+STK11	same_stage_one_event	STK11	1	0.030884484221277982	7.367025195226167e-05	2.275267733997199e-06
rule_a_one_step	metastatic::SMARCA4+STK11+TP53	metastatic::SETD2+SMARCA4+STK11+TP53	same_stage_one_event	SETD2	1	0.015798741134719733	0.0005525268896419625	8.729229299425224e-06
rule_a_one_step	metastatic::SETD2+STK11+TP53	metastatic::SETD2+SMARCA4+STK11+TP53	same_stage_one_event	SMARCA4	1	0.11076482160285193	0.00011050537792839252	1.2240108472394129e-05
rule_a_one_step	metastatic::SETD2+SMARCA4+TP53	metastatic::SETD2+SMARCA4+STK11+TP53	same_stage_one_event	STK11	1	0.15571611918130351	0.00014734050390452334	2.294329146623007e-05
rule_a_one_step	primary::ARID1A+ATM+BRAF+EGFR+NF1+SETD2+TP53	primary::ARID1A+ATM+BRAF+EGFR+NF1+SETD2+SMARCA4+TP53	same_stage_one_event	SMARCA4	1	0.16973491478047495	3.6835125976130835e-05	6.252206968486626e-06
rule_a_one_step	primary::ATM+CDKN2A+NF1+TP53	primary::ARID1A+ATM+CDKN2A+NF1+TP53	same_stage_one_event	ARID1A	1	0.15708210458060817	3.6835125976130835e-05	5.786139110822461e-06
rule_a_one_step	primary::ARID1A+CDKN2A+NF1+TP53	primary::ARID1A+ATM+CDKN2A+NF1+TP53	same_stage_one_event	ATM	1	0.13152357734191047	3.6835125976130835e-05	4.844687540220659e-06
rule_a_one_step	primary::ATM+KEAP1+TP53	primary::ARID1A+ATM+KEAP1+TP53	same_stage_one_event	ARID1A	1	0.1135330142840722	0.00014734050390452334	1.6728011534414645e-05
rule_a_one_step	primary::ARID1A+KEAP1+TP53	primary::ARID1A+ATM+KEAP1+TP53	same_stage_one_event	ATM	1	0.0834475715094251	0.0004051863857374392	3.381181989847046e-05
rule_a_one_step	primary::ARID1A+ATM+TP53	primary::ARID1A+ATM+KEAP1+TP53	same_stage_one_event	KEAP1	1	0.04907756526576345	0.00025784588183291586	1.2654448094163259e-05
rule_a_one_step	primary::ATM+KRAS+RBM10	primary::ARID1A+ATM+KRAS+RBM10	same_stage_one_event	ARID1A	1	0.11027876467458657	0.0014365699130691027	0.00015842315538193885
rule_a_one_step	primary::ARID1A+KRAS+RBM10	primary::ARID1A+ATM+KRAS+RBM10	same_stage_one_event	ATM	1	0.14167168754982556	0.0005525268896419625	7.827741687223307e-05
rule_a_one_step	primary::ARID1A+ATM+KRAS	primary::ARID1A+ATM+KRAS+RBM10	same_stage_one_event	RBM10	1	0.14442017220561373	0.0003683512597613084	5.319735236688291e-05
rule_a_one_step	primary::ATM+STK11	primary::ARID1A+ATM+STK11	same_stage_one_event	ARID1A	1	0.014295615423081156	0.0003683512597613084	5.265807950155133e-06
rule_a_one_step	primary::ARID1A+STK11	primary::ARID1A+ATM+STK11	same_stage_one_event	ATM	1	0.033444970996002694	0.00022101075585678504	7.3916983194348085e-06
rule_a_one_step	primary::ARID1A+ATM	primary::ARID1A+ATM+STK11	same_stage_one_event	STK11	1	0.07667779429053627	0.00011050537792839252	8.47330863679125e-06
rule_a_one_step	primary::BRAF	primary::ARID1A+BRAF	same_stage_one_event	ARID1A	1	0.029660297477075194	0.0055989391483718875	0.00016606620069675222
rule_a_one_step	primary::ARID1A	primary::ARID1A+BRAF	same_stage_one_event	BRAF	1	0.02811203588160588	0.001105053779283925	3.106531149433389e-05
rule_a_one_step	primary::BRAF+EGFR+SMARCA4+TP53	primary::ARID1A+BRAF+EGFR+SMARCA4+TP53	same_stage_one_event	ARID1A	1	0.09056584109051541	3.6835125976130835e-05	3.3360041657033813e-06
rule_a_one_step	primary::ARID1A+EGFR+SMARCA4+TP53	primary::ARID1A+BRAF+EGFR+SMARCA4+TP53	same_stage_one_event	BRAF	1	0.072875884331599	7.367025195226167e-05	5.368784759952777e-06
rule_a_one_step	primary::ARID1A+BRAF+SMARCA4+TP53	primary::ARID1A+BRAF+EGFR+SMARCA4+TP53	same_stage_one_event	EGFR	1	0.007684771935165511	3.6835125976130835e-05	2.830695423296563e-07
rule_a_one_step	primary::ARID1A+BRAF+EGFR+TP53	primary::ARID1A+BRAF+EGFR+SMARCA4+TP53	same_stage_one_event	SMARCA4	1	0.062318265819668206	3.6835125976130835e-05	2.2955011720814866e-06
rule_a_one_step	primary::BRAF+KRAS	primary::ARID1A+BRAF+KRAS	same_stage_one_event	ARID1A	1	0.02899389821632905	0.001141888905260056	3.310781069346546e-05
rule_a_one_step	primary::ARID1A+KRAS	primary::ARID1A+BRAF+KRAS	same_stage_one_event	BRAF	1	0.024068569428034304	0.0016944157949020187	4.078216419955717e-05
rule_a_one_step	primary::ARID1A+BRAF	primary::ARID1A+BRAF+KRAS	same_stage_one_event	KRAS	1	0.0898673428561446	7.367025195226167e-05	6.620549790492456e-06
rule_a_one_step	primary::BRAF+KRAS+TP53	primary::ARID1A+BRAF+KRAS+TP53	same_stage_one_event	ARID1A	1	0.06731021098464436	0.0007367025195226168	4.958760202198642e-05
rule_a_one_step	primary::ARID1A+KRAS+TP53	primary::ARID1A+BRAF+KRAS+TP53	same_stage_one_event	BRAF	1	0.04286340906749246	0.0012523942831884486	5.3681888474095466e-05
rule_a_one_step	primary::ARID1A+BRAF+TP53	primary::ARID1A+BRAF+KRAS+TP53	same_stage_one_event	KRAS	1	0.010487343381187087	0.00014734050390452334	1.545210458403873e-06
rule_a_one_step	primary::ARID1A+BRAF+KRAS	primary::ARID1A+BRAF+KRAS+TP53	same_stage_one_event	TP53	1	0.4830203390529415	7.367025195226167e-05	3.558423007609706e-05
rule_a_one_step	primary::BRAF+STK11+TP53	primary::ARID1A+BRAF+STK11+TP53	same_stage_one_event	ARID1A	1	0.032189388852587555	0.0005156917636658317	1.659980270871614e-05
rule_a_one_step	primary::ARID1A+STK11+TP53	primary::ARID1A+BRAF+STK11+TP53	same_stage_one_event	BRAF	1	0.045920113584577676	0.00011050537792839252	5.074419506178468e-06
rule_a_one_step	primary::ARID1A+BRAF+TP53	primary::ARID1A+BRAF+STK11+TP53	same_stage_one_event	STK11	1	0.20710872998520713	0.00014734050390452334	3.051550463904628e-05
rule_a_one_step	primary::CDKN2A+KEAP1+KRAS+RBM10+STK11+TP53	primary::ARID1A+CDKN2A+KEAP1+KRAS+RBM10+STK11+TP53	same_stage_one_event	ARID1A	1	0.07327344480324754	3.6835125976130835e-05	2.6990365700326927e-06
rule_a_one_step	primary::CDKN2A+KEAP1+SMARCA4+STK11+TP53	primary::ARID1A+CDKN2A+KEAP1+SMARCA4+STK11+TP53	same_stage_one_event	ARID1A	1	0.14207216255346855	3.6835125976130835e-05	5.233246005358352e-06
rule_a_one_step	primary::ARID1A+KEAP1+SMARCA4+STK11+TP53	primary::ARID1A+CDKN2A+KEAP1+SMARCA4+STK11+TP53	same_stage_one_event	CDKN2A	1	0.181325773858056	7.367025195226167e-05	1.3358315445561809e-05
rule_a_one_step	primary::ARID1A+CDKN2A+KEAP1+STK11+TP53	primary::ARID1A+CDKN2A+KEAP1+SMARCA4+STK11+TP53	same_stage_one_event	SMARCA4	1	0.6235017245087585	3.6835125976130835e-05	2.2966764568614942e-05
rule_a_one_step	primary::ARID1A+KRAS+PIK3CA+RBM10+TP53	primary::ARID1A+CDKN2A+KRAS+PIK3CA+RBM10+TP53	same_stage_one_event	CDKN2A	1	0.16895554065022866	3.6835125976130835e-05	6.223498624216467e-06
rule_a_one_step	primary::EGFR+KEAP1+TP53	primary::ARID1A+EGFR+KEAP1+TP53	same_stage_one_event	ARID1A	1	0.10400113256117734	0.0006261971415942243	6.512521193237125e-05
rule_a_one_step	primary::ARID1A+KEAP1+TP53	primary::ARID1A+EGFR+KEAP1+TP53	same_stage_one_event	EGFR	1	0.02238037149337564	0.0004051863857374392	9.06822183686209e-06
rule_a_one_step	primary::ARID1A+EGFR+TP53	primary::ARID1A+EGFR+KEAP1+TP53	same_stage_one_event	KEAP1	1	0.03713912245594786	0.0012523942831884486	4.6512824646464834e-05
rule_a_one_step	primary::EGFR+PIK3CA+SETD2	primary::ARID1A+EGFR+PIK3CA+SETD2	same_stage_one_event	ARID1A	1	0.06721433550546307	0.00025784588183291586	1.733093961021959e-05
rule_a_one_step	primary::ARID1A+EGFR+SETD2	primary::ARID1A+EGFR+PIK3CA+SETD2	same_stage_one_event	PIK3CA	1	0.05026658973135122	0.00011050537792839252	5.554728495434421e-06
rule_a_one_step	primary::ARID1A+EGFR+PIK3CA	primary::ARID1A+EGFR+PIK3CA+SETD2	same_stage_one_event	SETD2	1	0.027594328682477805	3.6835125976130835e-05	1.0164405732458304e-06
rule_a_one_step	primary::EGFR+SETD2+TP53	primary::ARID1A+EGFR+SETD2+TP53	same_stage_one_event	ARID1A	1	0.15858915645654678	0.0008472078974510093	0.00013435798580008017
rule_a_one_step	primary::ARID1A+SETD2+TP53	primary::ARID1A+EGFR+SETD2+TP53	same_stage_one_event	EGFR	1	0.0476740354247385	7.367025195226167e-05	3.512158201321533e-06
rule_a_one_step	primary::ARID1A+EGFR+TP53	primary::ARID1A+EGFR+SETD2+TP53	same_stage_one_event	SETD2	1	0.05256423116556081	0.0012523942831884486	6.583114261194444e-05
rule_a_one_step	primary::ARID1A+EGFR+SETD2	primary::ARID1A+EGFR+SETD2+TP53	same_stage_one_event	TP53	1	0.6730782852992127	0.00011050537792839252	7.43787702923839e-05
rule_a_one_step	primary::EGFR+SMARCA4+TP53	primary::ARID1A+EGFR+SMARCA4+TP53	same_stage_one_event	ARID1A	1	0.09123229048726206	0.0006630322675703551	6.04899524374067e-05
rule_a_one_step	primary::ARID1A+SMARCA4+TP53	primary::ARID1A+EGFR+SMARCA4+TP53	same_stage_one_event	EGFR	1	0.06493958203986926	0.00014734050390452334	9.56823074110347e-06
rule_a_one_step	primary::ARID1A+EGFR+TP53	primary::ARID1A+EGFR+SMARCA4+TP53	same_stage_one_event	SMARCA4	1	0.06348553314201308	0.0012523942831884486	7.950891877222796e-05
rule_a_one_step	primary::ARID1A+KRAS+SETD2+TP53	primary::ARID1A+KEAP1+KRAS+SETD2+TP53	same_stage_one_event	KEAP1	1	0.06906566723794863	0.00011050537792839252	7.63212766000611e-06
rule_a_one_step	primary::ARID1A+KEAP1+SETD2+TP53	primary::ARID1A+KEAP1+KRAS+SETD2+TP53	same_stage_one_event	KRAS	1	0.045770113252126904	3.6835125976130835e-05	1.68594788758387e-06
rule_a_one_step	primary::ARID1A+KEAP1+KRAS+TP53	primary::ARID1A+KEAP1+KRAS+SETD2+TP53	same_stage_one_event	SETD2	1	0.06650788440595323	0.00011050537792839252	7.349478901497706e-06
rule_a_one_step	primary::ARID1A+KEAP1+KRAS+SETD2	primary::ARID1A+KEAP1+KRAS+SETD2+TP53	same_stage_one_event	TP53	1	0.5206719516862537	3.6835125976130835e-05	1.9179016932601064e-05
rule_a_one_step	primary::KEAP1+KRAS+STK11+TP53	primary::ARID1A+KEAP1+KRAS+STK11+TP53	same_stage_one_event	ARID1A	1	0.0731239586655368	0.0005525268896419625	4.040295343977648e-05
rule_a_one_step	primary::ARID1A+KRAS+STK11+TP53	primary::ARID1A+KEAP1+KRAS+STK11+TP53	same_stage_one_event	KEAP1	1	0.5536257423326277	0.00011050537792839252	6.117862188735389e-05
rule_a_one_step	primary::ARID1A+KEAP1+STK11+TP53	primary::ARID1A+KEAP1+KRAS+STK11+TP53	same_stage_one_event	KRAS	1	0.07713244547679919	0.00011050537792839252	8.523550037954825e-06
rule_a_one_step	primary::ARID1A+KEAP1+KRAS+TP53	primary::ARID1A+KEAP1+KRAS+STK11+TP53	same_stage_one_event	STK11	1	0.11250655157828209	0.00011050537792839252	1.2432579001578247e-05
rule_a_one_step	primary::ARID1A+KEAP1+KRAS+STK11	primary::ARID1A+KEAP1+KRAS+STK11+TP53	same_stage_one_event	TP53	1	0.07332214662852497	0.00022101075585678504	1.620498304741233e-05
rule_a_one_step	primary::KEAP1+SETD2+STK11+TP53	primary::ARID1A+KEAP1+SETD2+STK11+TP53	same_stage_one_event	ARID1A	1	0.11117868557375704	3.6835125976130835e-05	4.09528088896998e-06
rule_a_one_step	primary::ARID1A+KEAP1+STK11+TP53	primary::ARID1A+KEAP1+SETD2+STK11+TP53	same_stage_one_event	SETD2	1	0.02772982175021502	0.00011050537792839252	3.0642944323944698e-06
rule_a_one_step	primary::ARID1A+KEAP1+SETD2+TP53	primary::ARID1A+KEAP1+SETD2+STK11+TP53	same_stage_one_event	STK11	1	0.06796160956732744	3.6835125976130835e-05	2.503374449953125e-06
rule_a_one_step	primary::KEAP1+SMARCA4+STK11+TP53	primary::ARID1A+KEAP1+SMARCA4+STK11+TP53	same_stage_one_event	ARID1A	1	0.11559722904415962	0.0004051863857374392	4.683842343766597e-05
rule_a_one_step	primary::ARID1A+KEAP1+STK11+TP53	primary::ARID1A+KEAP1+SMARCA4+STK11+TP53	same_stage_one_event	SMARCA4	1	0.45339624905918696	0.00011050537792839252	5.010272385360104e-05
rule_a_one_step	primary::ARID1A+KEAP1+SMARCA4+TP53	primary::ARID1A+KEAP1+SMARCA4+STK11+TP53	same_stage_one_event	STK11	1	0.09656748000067124	3.6835125976130835e-05	3.5570752910222203e-06
rule_a_one_step	primary::KRAS+NF1	primary::ARID1A+KRAS+NF1	same_stage_one_event	ARID1A	1	0.047581949202228795	0.0013260645351407102	6.309673534994242e-05
rule_a_one_step	primary::ARID1A+NF1	primary::ARID1A+KRAS+NF1	same_stage_one_event	KRAS	1	0.15444474524481683	0.00011050537792839252	1.7066974942332787e-05
rule_a_one_step	primary::ARID1A+KRAS	primary::ARID1A+KRAS+NF1	same_stage_one_event	NF1	1	0.025611558943841404	0.0016944157949020187	4.339663000650894e-05
rule_a_one_step	primary::KRAS+NF1+STK11	primary::ARID1A+KRAS+NF1+STK11	same_stage_one_event	ARID1A	1	0.042750884125673044	0.0001841756298806542	7.873671011800693e-06
rule_a_one_step	primary::ARID1A+KRAS+STK11	primary::ARID1A+KRAS+NF1+STK11	same_stage_one_event	NF1	1	0.03159538128855028	0.00014734050390452334	4.655279400110546e-06
rule_a_one_step	primary::ARID1A+KRAS+NF1	primary::ARID1A+KRAS+NF1+STK11	same_stage_one_event	STK11	1	0.10456960343704243	7.367025195226167e-05	7.703669031755003e-06
rule_a_one_step	primary::KRAS+PIK3CA+RBM10	primary::ARID1A+KRAS+PIK3CA+RBM10	same_stage_one_event	ARID1A	1	0.07568769809853754	0.00025784588183291586	1.951576126012092e-05
rule_a_one_step	primary::ARID1A+PIK3CA+RBM10	primary::ARID1A+KRAS+PIK3CA+RBM10	same_stage_one_event	KRAS	1	0.295002650760677	3.6835125976130835e-05	1.0866459804062066e-05
rule_a_one_step	primary::ARID1A+KRAS+RBM10	primary::ARID1A+KRAS+PIK3CA+RBM10	same_stage_one_event	PIK3CA	1	0.05730496387549699	0.0005525268896419625	3.1662533451173374e-05
rule_a_one_step	primary::ARID1A+KRAS+PIK3CA	primary::ARID1A+KRAS+PIK3CA+RBM10	same_stage_one_event	RBM10	1	0.110472521462815	0.00022101075585678504	2.441561546990165e-05
rule_a_one_step	primary::KRAS+PIK3CA+SETD2	primary::ARID1A+KRAS+PIK3CA+SETD2	same_stage_one_event	ARID1A	1	0.09899508012433865	0.00011050537792839252	1.093948874219154e-05
rule_a_one_step	primary::ARID1A+KRAS+SETD2	primary::ARID1A+KRAS+PIK3CA+SETD2	same_stage_one_event	PIK3CA	1	0.04487554481492728	0.0002946810078090467	1.322397077204281e-05
rule_a_one_step	primary::ARID1A+KRAS+PIK3CA	primary::ARID1A+KRAS+PIK3CA+SETD2	same_stage_one_event	SETD2	1	0.050920933163822756	0.00022101075585678504	1.1254073927469299e-05
rule_a_one_step	primary::KRAS+SMARCA4	primary::ARID1A+KRAS+SMARCA4	same_stage_one_event	ARID1A	1	0.0314970436354644	0.0007735376454987476	2.4364148973948445e-05
rule_a_one_step	primary::ARID1A+SMARCA4	primary::ARID1A+KRAS+SMARCA4	same_stage_one_event	KRAS	1	0.2507978884265951	3.6835125976130835e-05	9.238171814741237e-06
rule_a_one_step	primary::ARID1A+KRAS	primary::ARID1A+KRAS+SMARCA4	same_stage_one_event	SMARCA4	1	0.021502915371603586	0.0016944157949020187	3.643487944208653e-05
rule_a_one_step	primary::NF1+PIK3CA+TP53	primary::ARID1A+NF1+PIK3CA+TP53	same_stage_one_event	ARID1A	1	0.1188181614651516	7.367025195226167e-05	8.753363891642227e-06
rule_a_one_step	primary::ARID1A+PIK3CA+TP53	primary::ARID1A+NF1+PIK3CA+TP53	same_stage_one_event	NF1	1	0.12661089357338967	0.00011050537792839252	1.399118464417891e-05
rule_a_one_step	primary::ARID1A+NF1+TP53	primary::ARID1A+NF1+PIK3CA+TP53	same_stage_one_event	PIK3CA	1	0.058273717999456416	0.0005156917636658317	3.0051276410505003e-05
rule_a_one_step	primary::NF1+SMARCA4+TP53	primary::ARID1A+NF1+SMARCA4+TP53	same_stage_one_event	ARID1A	1	0.13592244047671106	0.0002946810078090467	4.005376174354237e-05
rule_a_one_step	primary::ARID1A+SMARCA4+TP53	primary::ARID1A+NF1+SMARCA4+TP53	same_stage_one_event	NF1	1	0.13568123202746432	0.00014734050390452334	1.9991341097313144e-05
rule_a_one_step	primary::ARID1A+NF1+TP53	primary::ARID1A+NF1+SMARCA4+TP53	same_stage_one_event	SMARCA4	1	0.07947970760891873	0.0005156917636658317	4.0987030592487926e-05
rule_a_one_step	primary::RBM10+STK11+TP53	primary::ARID1A+RBM10+STK11+TP53	same_stage_one_event	ARID1A	1	0.026861993115129962	0.00011050537792839252	2.9683947010973143e-06
rule_a_one_step	primary::ARID1A+STK11+TP53	primary::ARID1A+RBM10+STK11+TP53	same_stage_one_event	RBM10	1	0.032255036057507125	0.00011050537792839252	3.5643549496287526e-06
rule_a_one_step	primary::ARID1A+RBM10+TP53	primary::ARID1A+RBM10+STK11+TP53	same_stage_one_event	STK11	1	0.10037550261948536	0.00011050537792839252	1.1092032851718583e-05
rule_a_one_step	primary::SETD2+TP53	primary::ARID1A+SETD2+TP53	same_stage_one_event	ARID1A	1	0.1296173900303032	0.000920878149403271	0.0001193618222615876
rule_a_one_step	primary::ARID1A+TP53	primary::ARID1A+SETD2+TP53	same_stage_one_event	SETD2	1	0.04731083763669548	0.001105053779283925	5.228101993151851e-05
rule_a_one_step	primary::ARID1A+SETD2	primary::ARID1A+SETD2+TP53	same_stage_one_event	TP53	1	0.19802016378925796	0.00014734050390452334	2.9176390715965515e-05
rule_a_one_step	primary::SMARCA4+STK11	primary::ARID1A+SMARCA4+STK11	same_stage_one_event	ARID1A	1	0.015264130406462231	0.0003683512597613084	5.622561664381255e-06
rule_a_one_step	primary::ARID1A+STK11	primary::ARID1A+SMARCA4+STK11	same_stage_one_event	SMARCA4	1	0.04726883513080959	0.00022101075585678504	1.044692098072998e-05
rule_a_one_step	primary::ARID1A+SMARCA4	primary::ARID1A+SMARCA4+STK11	same_stage_one_event	STK11	1	0.05765587915477165	3.6835125976130835e-05	2.1237615719305893e-06
rule_a_one_step	primary::BRAF+KEAP1	primary::ATM+BRAF+KEAP1	same_stage_one_event	ATM	1	0.05728862659303236	0.0001841756298806542	1.055116888776933e-05
rule_a_one_step	primary::ATM+KEAP1	primary::ATM+BRAF+KEAP1	same_stage_one_event	BRAF	1	0.026678822295040993	0.00011050537792839252	2.948153340397929e-06
rule_a_one_step	primary::ATM+BRAF	primary::ATM+BRAF+KEAP1	same_stage_one_event	KEAP1	1	0.026597580316874522	0.00033151613378517756	8.817526994690979e-06
rule_a_one_step	primary::BRAF+KEAP1+NF1+TP53	primary::ATM+BRAF+KEAP1+NF1+TP53	same_stage_one_event	ATM	1	0.11626853374235835	7.367025195226167e-05	8.565532174919577e-06
rule_a_one_step	primary::ATM+KEAP1+NF1+TP53	primary::ATM+BRAF+KEAP1+NF1+TP53	same_stage_one_event	BRAF	1	0.0631720725397312	0.00014734050390452334	9.307805000697096e-06
rule_a_one_step	primary::ATM+BRAF+NF1+TP53	primary::ATM+BRAF+KEAP1+NF1+TP53	same_stage_one_event	KEAP1	1	0.041563749955696505	3.6835125976130835e-05	1.5310059656584832e-06
rule_a_one_step	primary::BRAF+KEAP1+STK11	primary::ATM+BRAF+KEAP1+STK11	same_stage_one_event	ATM	1	0.09057679517739829	0.0005156917636658317	4.6709707252231325e-05
rule_a_one_step	primary::ATM+KEAP1+STK11	primary::ATM+BRAF+KEAP1+STK11	same_stage_one_event	BRAF	1	0.026023045598029187	0.00014734050390452334	3.834248651544009e-06
rule_a_one_step	primary::ATM+BRAF+STK11	primary::ATM+BRAF+KEAP1+STK11	same_stage_one_event	KEAP1	1	0.35289467903881144	0.00022101075585678504	7.799351975220527e-05
rule_a_one_step	primary::ATM+BRAF+KEAP1	primary::ATM+BRAF+KEAP1+STK11	same_stage_one_event	STK11	1	0.06629854676184278	7.367025195226167e-05	4.88423064401376e-06
rule_a_one_step	primary::ATM+KRAS+NF1+PIK3CA	primary::ATM+BRAF+KRAS+NF1+PIK3CA	same_stage_one_event	BRAF	1	0.060230278534748424	3.6835125976130835e-05	2.218589897404907e-06
rule_a_one_step	primary::ATM+BRAF+KRAS+NF1	primary::ATM+BRAF+KRAS+NF1+PIK3CA	same_stage_one_event	PIK3CA	1	0.033225752023646436	3.6835125976130835e-05	1.2238747614427006e-06
rule_a_one_step	primary::BRAF+KRAS+STK11	primary::ATM+BRAF+KRAS+STK11	same_stage_one_event	ATM	1	0.09987750193877501	0.0002946810078090467	2.9432002928768233e-05
rule_a_one_step	primary::ATM+KRAS+STK11	primary::ATM+BRAF+KRAS+STK11	same_stage_one_event	BRAF	1	0.05205509576236057	0.002504788566376897	0.00013038700868721524
rule_a_one_step	primary::ATM+BRAF+STK11	primary::ATM+BRAF+KRAS+STK11	same_stage_one_event	KRAS	1	0.24830671659637601	0.00022101075585678504	5.4878455119281575e-05
rule_a_one_step	primary::ATM+BRAF+KRAS	primary::ATM+BRAF+KRAS+STK11	same_stage_one_event	STK11	1	0.24426019470311114	0.00011050537792839252	2.6992065128530036e-05
rule_a_one_step	primary::BRAF+RBM10	primary::ATM+BRAF+RBM10	same_stage_one_event	ATM	1	0.0800017152704104	0.0002946810078090467	2.3574986082336938e-05
rule_a_one_step	primary::ATM+RBM10	primary::ATM+BRAF+RBM10	same_stage_one_event	BRAF	1	0.03169210414436986	0.00022101075585678504	7.0042958916391326e-06
rule_a_one_step	primary::ATM+BRAF	primary::ATM+BRAF+RBM10	same_stage_one_event	RBM10	1	0.0726192111434038	0.00033151613378517756	2.4074440116790713e-05
rule_a_one_step	primary::CDKN2A+KEAP1+SMARCA4+TP53	primary::ATM+CDKN2A+KEAP1+SMARCA4+TP53	same_stage_one_event	ATM	1	0.10855732246332048	0.00025784588183291586	2.7991058539975073e-05
rule_a_one_step	primary::ATM+KEAP1+SMARCA4+TP53	primary::ATM+CDKN2A+KEAP1+SMARCA4+TP53	same_stage_one_event	CDKN2A	1	0.10905452882740893	7.367025195226167e-05	8.0340746152504e-06
rule_a_one_step	primary::ATM+CDKN2A+SMARCA4+TP53	primary::ATM+CDKN2A+KEAP1+SMARCA4+TP53	same_stage_one_event	KEAP1	1	0.05278234679867973	3.6835125976130835e-05	1.944244393645194e-06
rule_a_one_step	primary::ATM+CDKN2A+KEAP1+TP53	primary::ATM+CDKN2A+KEAP1+SMARCA4+TP53	same_stage_one_event	SMARCA4	1	0.2811692767631547	3.6835125976130835e-05	1.0356905730188399e-05
rule_a_one_step	primary::CDKN2A+KEAP1+STK11+TP53	primary::ATM+CDKN2A+KEAP1+STK11+TP53	same_stage_one_event	ATM	1	0.06355338673819218	3.6835125976130835e-05	2.3409970067110715e-06
rule_a_one_step	primary::ATM+KEAP1+STK11+TP53	primary::ATM+CDKN2A+KEAP1+STK11+TP53	same_stage_one_event	CDKN2A	1	0.06279746431686514	7.367025195226167e-05	4.626305018186617e-06
rule_a_one_step	primary::ATM+CDKN2A+KEAP1+TP53	primary::ATM+CDKN2A+KEAP1+STK11+TP53	same_stage_one_event	STK11	1	0.09701002762018432	3.6835125976130835e-05	3.5733765883374212e-06
rule_a_one_step	primary::ATM+KRAS+SETD2	primary::ATM+CDKN2A+KRAS+SETD2	same_stage_one_event	CDKN2A	1	0.02336133161414266	0.00025784588183291586	6.02362315083979e-06
rule_a_one_step	primary::ATM+CDKN2A+SETD2	primary::ATM+CDKN2A+KRAS+SETD2	same_stage_one_event	KRAS	1	0.41085857464831627	3.6835125976130835e-05	1.5134027355544284e-05
rule_a_one_step	primary::ATM+CDKN2A+KRAS	primary::ATM+CDKN2A+KRAS+SETD2	same_stage_one_event	SETD2	1	0.04981920373214148	0.00014734050390452334	7.340386582015835e-06
rule_a_one_step	primary::EGFR+KEAP1+TP53	primary::ATM+EGFR+KEAP1+TP53	same_stage_one_event	ATM	1	0.10108101227251358	0.0006261971415942243	6.32966409544987e-05
rule_a_one_step	primary::ATM+KEAP1+TP53	primary::ATM+EGFR+KEAP1+TP53	same_stage_one_event	EGFR	1	0.013085751001674216	0.00014734050390452334	1.9280611465558003e-06
rule_a_one_step	primary::ATM+EGFR+TP53	primary::ATM+EGFR+KEAP1+TP53	same_stage_one_event	KEAP1	1	0.022857515210168086	0.0010313835273316634	2.357486466350031e-05
rule_a_one_step	primary::ATM+KRAS+PIK3CA+STK11+TP53	primary::ATM+EGFR+KRAS+PIK3CA+STK11+TP53	same_stage_one_event	EGFR	1	8.564292353009061e-05	3.6835125976130835e-05	3.154667877195027e-09
rule_a_one_step	primary::EGFR+KRAS+RBM10	primary::ATM+EGFR+KRAS+RBM10	same_stage_one_event	ATM	1	0.09019419756174067	0.00025784588183291586	2.3256202406519255e-05
rule_a_one_step	primary::ATM+KRAS+RBM10	primary::ATM+EGFR+KRAS+RBM10	same_stage_one_event	EGFR	1	0.026258701657903512	0.0014365699130691027	3.772246075800195e-05
rule_a_one_step	primary::ATM+EGFR+RBM10	primary::ATM+EGFR+KRAS+RBM10	same_stage_one_event	KRAS	1	0.2591350569135521	0.0005156917636658317	0.00013363381452739537
rule_a_one_step	primary::ATM+EGFR+KRAS	primary::ATM+EGFR+KRAS+RBM10	same_stage_one_event	RBM10	1	0.15602838555578188	0.00014734050390452334	2.2989300951198156e-05
rule_a_one_step	primary::EGFR+PIK3CA+RBM10	primary::ATM+EGFR+PIK3CA+RBM10	same_stage_one_event	ATM	1	0.11602846968557977	0.0002946810078090467	3.419138638148807e-05
rule_a_one_step	primary::ATM+EGFR+RBM10	primary::ATM+EGFR+PIK3CA+RBM10	same_stage_one_event	PIK3CA	1	0.08147727006805155	0.0005156917636658317	4.201715710007079e-05
rule_a_one_step	primary::ATM+EGFR+PIK3CA	primary::ATM+EGFR+PIK3CA+RBM10	same_stage_one_event	RBM10	1	0.15530683546337923	0.00025784588183291586	4.004522794473459e-05
rule_a_one_step	primary::EGFR+PIK3CA+SETD2+TP53	primary::ATM+EGFR+PIK3CA+SETD2+TP53	same_stage_one_event	ATM	1	0.1464970412692811	0.00011050537792839252	1.6188710910853224e-05
rule_a_one_step	primary::ATM+PIK3CA+SETD2+TP53	primary::ATM+EGFR+PIK3CA+SETD2+TP53	same_stage_one_event	EGFR	1	0.028095296694741385	3.6835125976130835e-05	1.0348937930875712e-06
rule_a_one_step	primary::ATM+EGFR+SETD2+TP53	primary::ATM+EGFR+PIK3CA+SETD2+TP53	same_stage_one_event	PIK3CA	1	0.15228925204930674	3.6835125976130835e-05	5.609593784046954e-06
rule_a_one_step	primary::ATM+EGFR+PIK3CA+TP53	primary::ATM+EGFR+PIK3CA+SETD2+TP53	same_stage_one_event	SETD2	1	0.06712377056422998	7.367025195226167e-05	4.945025089452628e-06
rule_a_one_step	primary::EGFR+PIK3CA+TP53	primary::ATM+EGFR+PIK3CA+TP53	same_stage_one_event	ATM	1	0.11506516324010808	0.0023574480624723735	0.00027126014613846017
rule_a_one_step	primary::ATM+EGFR+TP53	primary::ATM+EGFR+PIK3CA+TP53	same_stage_one_event	PIK3CA	1	0.15500855361295326	0.0010313835273316634	0.000159873268791907
rule_a_one_step	primary::ATM+EGFR+PIK3CA	primary::ATM+EGFR+PIK3CA+TP53	same_stage_one_event	TP53	1	0.25135932144950157	0.00025784588183291586	6.481196589607009e-05
rule_a_one_step	primary::ATM+KRAS+SETD2+TP53	primary::ATM+KEAP1+KRAS+SETD2+TP53	same_stage_one_event	KEAP1	1	0.03754689223637366	0.00014734050390452334	5.5321780221561305e-06
rule_a_one_step	primary::ATM+KEAP1+SETD2+TP53	primary::ATM+KEAP1+KRAS+SETD2+TP53	same_stage_one_event	KRAS	1	0.06318644517323505	3.6835125976130835e-05	2.327480667939997e-06
rule_a_one_step	primary::ATM+KEAP1+KRAS+TP53	primary::ATM+KEAP1+KRAS+SETD2+TP53	same_stage_one_event	SETD2	1	0.06964477935162333	0.00014734050390452334	1.0261496883987523e-05
rule_a_one_step	primary::ATM+KEAP1+KRAS+SETD2	primary::ATM+KEAP1+KRAS+SETD2+TP53	same_stage_one_event	TP53	1	0.22770832160417345	3.6835125976130835e-05	8.387664712103044e-06
rule_a_one_step	primary::KEAP1+SMARCA4+STK11	primary::ATM+KEAP1+SMARCA4+STK11	same_stage_one_event	ATM	1	0.06355826403492273	0.0005525268896419625	3.511764993825847e-05
rule_a_one_step	primary::ATM+SMARCA4+STK11	primary::ATM+KEAP1+SMARCA4+STK11	same_stage_one_event	KEAP1	1	0.23453376601534665	3.6835125976130835e-05	8.639080816831686e-06
rule_a_one_step	primary::ATM+KEAP1+STK11	primary::ATM+KEAP1+SMARCA4+STK11	same_stage_one_event	SMARCA4	1	0.1444176520711063	0.00014734050390452334	2.127856962886493e-05
rule_a_one_step	primary::KEAP1+SMARCA4+STK11+TP53	primary::ATM+KEAP1+SMARCA4+STK11+TP53	same_stage_one_event	ATM	1	0.12820470324611125	0.0004051863857374392	5.194680034283275e-05
rule_a_one_step	primary::ATM+KEAP1+STK11+TP53	primary::ATM+KEAP1+SMARCA4+STK11+TP53	same_stage_one_event	SMARCA4	1	0.45347541208219666	7.367025195226167e-05	3.340764786225111e-05
rule_a_one_step	primary::ATM+KEAP1+SMARCA4+TP53	primary::ATM+KEAP1+SMARCA4+STK11+TP53	same_stage_one_event	STK11	1	0.11821997480811297	7.367025195226167e-05	8.70929532990371e-06
rule_a_one_step	primary::ATM+KEAP1+SMARCA4+STK11	primary::ATM+KEAP1+SMARCA4+STK11+TP53	same_stage_one_event	TP53	1	0.005281760941787192	7.367025195226167e-05	3.8910865933307736e-07
rule_a_one_step	primary::KEAP1+SMARCA4+TP53	primary::ATM+KEAP1+SMARCA4+TP53	same_stage_one_event	ATM	1	0.08968783181959464	0.00033151613378517756	2.973296325240724e-05
rule_a_one_step	primary::ATM+SMARCA4+TP53	primary::ATM+KEAP1+SMARCA4+TP53	same_stage_one_event	KEAP1	1	0.04794888403021995	7.367025195226167e-05	3.5324063673360796e-06
rule_a_one_step	primary::ATM+KEAP1+TP53	primary::ATM+KEAP1+SMARCA4+TP53	same_stage_one_event	SMARCA4	1	0.1755924963270541	0.00014734050390452334	2.5871886890681314e-05
rule_a_one_step	primary::KEAP1+STK11+TP53	primary::ATM+KEAP1+STK11+TP53	same_stage_one_event	ATM	1	0.07298434613884647	0.0017312509208781495	0.00012635421646256756
rule_a_one_step	primary::ATM+STK11+TP53	primary::ATM+KEAP1+STK11+TP53	same_stage_one_event	KEAP1	1	0.4635187159934031	0.00022101075585678504	0.0001024426217754685
rule_a_one_step	primary::ATM+KEAP1+TP53	primary::ATM+KEAP1+STK11+TP53	same_stage_one_event	STK11	1	0.09654425099538391	0.00014734050390452334	1.4224878590744645e-05
rule_a_one_step	primary::ATM+KEAP1+STK11	primary::ATM+KEAP1+STK11+TP53	same_stage_one_event	TP53	1	0.004078615244949385	0.00014734050390452334	6.009452254235133e-07
rule_a_one_step	primary::KRAS+MET+RBM10	primary::ATM+KRAS+MET+RBM10	same_stage_one_event	ATM	1	0.11540479323382098	3.6835125976130835e-05	4.250950097017127e-06
rule_a_one_step	primary::ATM+KRAS+RBM10	primary::ATM+KRAS+MET+RBM10	same_stage_one_event	MET	1	0.02205492795753497	0.0014365699130691027	3.168344593870133e-05
rule_a_one_step	primary::ATM+KRAS+MET	primary::ATM+KRAS+MET+RBM10	same_stage_one_event	RBM10	1	0.10370026025881798	0.00011050537792839252	1.1459436451173345e-05
rule_a_one_step	primary::KRAS+MET+STK11	primary::ATM+KRAS+MET+STK11	same_stage_one_event	ATM	1	0.11121177430326092	0.0001841756298806542	2.048249858244823e-05
rule_a_one_step	primary::ATM+KRAS+STK11	primary::ATM+KRAS+MET+STK11	same_stage_one_event	MET	1	0.003306136443276911	0.002504788566376897	8.281172762001988e-06
rule_a_one_step	primary::ATM+KRAS+MET	primary::ATM+KRAS+MET+STK11	same_stage_one_event	STK11	1	0.2292185968242182	0.00011050537792839252	2.5329887670276064e-05
rule_a_one_step	primary::KRAS+NF1+RBM10+SETD2	primary::ATM+KRAS+NF1+RBM10+SETD2	same_stage_one_event	ATM	1	0.2592957364667979	3.6835125976130835e-05	9.551191117828122e-06
rule_a_one_step	primary::ATM+NF1+RBM10+SETD2	primary::ATM+KRAS+NF1+RBM10+SETD2	same_stage_one_event	KRAS	1	0.2809228141583217	3.6835125976130835e-05	1.0347827249090972e-05
rule_a_one_step	primary::ATM+KRAS+RBM10+SETD2	primary::ATM+KRAS+NF1+RBM10+SETD2	same_stage_one_event	NF1	1	0.09242722925593506	0.00011050537792839252	1.0213705899801283e-05
rule_a_one_step	primary::ATM+KRAS+NF1+SETD2	primary::ATM+KRAS+NF1+RBM10+SETD2	same_stage_one_event	RBM10	1	0.2154048961266307	3.6835125976130835e-05	7.934466484699819e-06
rule_a_one_step	primary::ATM+KRAS+NF1+RBM10	primary::ATM+KRAS+NF1+RBM10+SETD2	same_stage_one_event	SETD2	1	0.12898076752193544	0.00025784588183291586	3.325715974117975e-05
rule_a_one_step	primary::KRAS+NF1+SMARCA4	primary::ATM+KRAS+NF1+SMARCA4	same_stage_one_event	ATM	1	0.09367295521266197	7.367025195226167e-05	6.900910211629731e-06
rule_a_one_step	primary::ATM+KRAS+SMARCA4	primary::ATM+KRAS+NF1+SMARCA4	same_stage_one_event	NF1	1	0.046638276954818855	0.00022101075585678504	1.0307560841642594e-05
rule_a_one_step	primary::ATM+KRAS+NF1	primary::ATM+KRAS+NF1+SMARCA4	same_stage_one_event	SMARCA4	1	0.044600299673411246	0.00025784588183291586	1.1500003599303032e-05
rule_a_one_step	primary::KRAS+NF1+STK11	primary::ATM+KRAS+NF1+STK11	same_stage_one_event	ATM	1	0.12093595512147325	0.0001841756298806542	2.2273455709715862e-05
rule_a_one_step	primary::ATM+NF1+STK11	primary::ATM+KRAS+NF1+STK11	same_stage_one_event	KRAS	1	0.35906283686640494	0.00011050537792839252	3.967837448796283e-05
rule_a_one_step	primary::ATM+KRAS+STK11	primary::ATM+KRAS+NF1+STK11	same_stage_one_event	NF1	1	0.047790656421990096	0.002504788566376897	0.00011970548978544742
rule_a_one_step	primary::ATM+KRAS+NF1	primary::ATM+KRAS+NF1+STK11	same_stage_one_event	STK11	1	0.2213932167165317	0.00025784588183291586	5.7085329196099965e-05
rule_a_one_step	primary::KRAS+RBM10+SMARCA4	primary::ATM+KRAS+RBM10+SMARCA4	same_stage_one_event	ATM	1	0.1370415667852288	0.0001841756298806542	2.523971688250125e-05
rule_a_one_step	primary::ATM+KRAS+SMARCA4	primary::ATM+KRAS+RBM10+SMARCA4	same_stage_one_event	RBM10	1	0.13917570364473614	0.00022101075585678504	3.075932745942304e-05
rule_a_one_step	primary::ATM+KRAS+RBM10	primary::ATM+KRAS+RBM10+SMARCA4	same_stage_one_event	SMARCA4	1	0.07092925919180727	0.0014365699130691027	0.00010189483971123042
rule_a_one_step	primary::KRAS+RBM10+SMARCA4+STK11	primary::ATM+KRAS+RBM10+SMARCA4+STK11	same_stage_one_event	ATM	1	0.11496624336345176	7.367025195226167e-05	8.469592114590523e-06
rule_a_one_step	primary::ATM+KRAS+SMARCA4+STK11	primary::ATM+KRAS+RBM10+SMARCA4+STK11	same_stage_one_event	RBM10	1	0.18858913753732745	0.00022101075585678504	4.1680227833503935e-05
rule_a_one_step	primary::ATM+KRAS+RBM10+STK11	primary::ATM+KRAS+RBM10+SMARCA4+STK11	same_stage_one_event	SMARCA4	1	0.15721378673283862	0.00014734050390452334	2.316395855795471e-05
rule_a_one_step	primary::ATM+KRAS+RBM10+SMARCA4	primary::ATM+KRAS+RBM10+SMARCA4+STK11	same_stage_one_event	STK11	1	0.23947379571893987	7.367025195226167e-05	1.7642094866578743e-05
rule_a_one_step	primary::KRAS+SETD2+STK11	primary::ATM+KRAS+SETD2+STK11	same_stage_one_event	ATM	1	0.11190610491437192	0.00022101075585678504	2.4732452832114023e-05
rule_a_one_step	primary::ATM+KRAS+STK11	primary::ATM+KRAS+SETD2+STK11	same_stage_one_event	SETD2	1	0.03642960005916104	0.002504788566376897	9.12484457058697e-05
rule_a_one_step	primary::ATM+KRAS+SETD2	primary::ATM+KRAS+SETD2+STK11	same_stage_one_event	STK11	1	0.2278570171724916	0.00025784588183291586	5.875199352465895e-05
rule_a_one_step	primary::MET+NF1	primary::ATM+MET+NF1	same_stage_one_event	ATM	1	0.0652254488353503	0.0005156917636658317	3.363622674579726e-05
rule_a_one_step	primary::ATM+NF1	primary::ATM+MET+NF1	same_stage_one_event	MET	1	0.0716910149800643	0.00033151613378517756	2.3766728113326165e-05
rule_a_one_step	primary::ATM+MET	primary::ATM+MET+NF1	same_stage_one_event	NF1	1	0.0320184315356632	0.0004788566376897009	1.5332238469265566e-05
rule_a_one_step	primary::NF1+PIK3CA+TP53	primary::ATM+NF1+PIK3CA+TP53	same_stage_one_event	ATM	1	0.10840573235816382	7.367025195226167e-05	7.986277615895375e-06
rule_a_one_step	primary::ATM+NF1+TP53	primary::ATM+NF1+PIK3CA+TP53	same_stage_one_event	PIK3CA	1	0.041726026317138544	0.00014734050390452334	6.147933743500595e-06
rule_a_one_step	primary::ATM+RBM10+STK11	primary::ATM+NF1+RBM10+STK11	same_stage_one_event	NF1	1	0.0243704679177524	7.367025195226167e-05	1.7953785116953292e-06
rule_a_one_step	primary::ATM+NF1+STK11	primary::ATM+NF1+RBM10+STK11	same_stage_one_event	RBM10	1	0.07848997263787601	0.00011050537792839252	8.673564089937676e-06
rule_a_one_step	primary::ATM+NF1+RBM10	primary::ATM+NF1+RBM10+STK11	same_stage_one_event	STK11	1	0.06922110324700187	0.00011050537792839252	7.64930417493022e-06
rule_a_one_step	primary::NF1+SETD2	primary::ATM+NF1+SETD2	same_stage_one_event	ATM	1	0.097792016320172	0.0001841756298806542	1.8010906203066893e-05
rule_a_one_step	primary::ATM+SETD2	primary::ATM+NF1+SETD2	same_stage_one_event	NF1	1	0.03493555588858729	3.6835125976130835e-05	1.2868556022022721e-06
rule_a_one_step	primary::ATM+NF1	primary::ATM+NF1+SETD2	same_stage_one_event	SETD2	1	0.04177798814697484	0.00033151613378517756	1.3850077107808072e-05
rule_a_one_step	primary::RBM10+STK11	primary::ATM+RBM10+STK11	same_stage_one_event	ATM	1	0.03499585626841503	0.0001841756298806542	6.4453838714481785e-06
rule_a_one_step	primary::ATM+STK11	primary::ATM+RBM10+STK11	same_stage_one_event	RBM10	1	0.032584558612559204	0.0003683512597613084	1.2002563213702374e-05
rule_a_one_step	primary::ATM+RBM10	primary::ATM+RBM10+STK11	same_stage_one_event	STK11	1	0.03876079268543028	0.00022101075585678504	8.566552089015091e-06
rule_a_one_step	primary::SMARCA4+TP53	primary::ATM+SMARCA4+TP53	same_stage_one_event	ATM	1	0.06575692409429566	0.0010682186533077943	7.024277290167136e-05
rule_a_one_step	primary::ATM+TP53	primary::ATM+SMARCA4+TP53	same_stage_one_event	SMARCA4	1	0.05580095681705609	0.0008840430234271402	4.933044657467755e-05
rule_a_one_step	primary::ATM+SMARCA4	primary::ATM+SMARCA4+TP53	same_stage_one_event	TP53	1	0.06900299271392243	3.6835125976130835e-05	2.541733929347371e-06
rule_a_one_step	primary::CDKN2A+EGFR+KRAS+PIK3CA+TP53	primary::BRAF+CDKN2A+EGFR+KRAS+PIK3CA+TP53	same_stage_one_event	BRAF	1	0.05747580473801578	3.6835125976130835e-05	2.117128508104309e-06
rule_a_one_step	primary::BRAF+EGFR+KRAS+PIK3CA+TP53	primary::BRAF+CDKN2A+EGFR+KRAS+PIK3CA+TP53	same_stage_one_event	CDKN2A	1	0.1398597624802954	3.6835125976130835e-05	5.151751969953419e-06
rule_a_one_step	primary::CDKN2A+EGFR+MET+STK11+TP53	primary::BRAF+CDKN2A+EGFR+MET+STK11+TP53	same_stage_one_event	BRAF	1	0.07319309388091706	0.00011050537792839252	8.088230501059054e-06
rule_a_one_step	primary::BRAF+CDKN2A+MET+STK11+TP53	primary::BRAF+CDKN2A+EGFR+MET+STK11+TP53	same_stage_one_event	EGFR	1	0.00033539055015100404	7.367025195226167e-05	2.470830633203212e-08
rule_a_one_step	primary::CDKN2A+KEAP1+TP53	primary::BRAF+CDKN2A+KEAP1+TP53	same_stage_one_event	BRAF	1	0.06077384243689163	0.0004051863857374392	2.4624733564380724e-05
rule_a_one_step	primary::BRAF+KEAP1+TP53	primary::BRAF+CDKN2A+KEAP1+TP53	same_stage_one_event	CDKN2A	1	0.12962286145314056	0.00025784588183291586	3.342272101709091e-05
rule_a_one_step	primary::BRAF+CDKN2A+TP53	primary::BRAF+CDKN2A+KEAP1+TP53	same_stage_one_event	KEAP1	1	0.06831286400795279	0.0002946810078090467	2.013050361218588e-05
rule_a_one_step	primary::BRAF+CDKN2A+KEAP1	primary::BRAF+CDKN2A+KEAP1+TP53	same_stage_one_event	TP53	1	0.3768865594535686	3.6835125976130835e-05	1.3882663896182722e-05
rule_a_one_step	primary::CDKN2A+KRAS+TP53	primary::BRAF+CDKN2A+KRAS+TP53	same_stage_one_event	BRAF	1	0.044873469216370684	0.002541623692353028	0.00011405147251840199
rule_a_one_step	primary::BRAF+KRAS+TP53	primary::BRAF+CDKN2A+KRAS+TP53	same_stage_one_event	CDKN2A	1	0.1191495230438452	0.0007367025195226168	8.777775382631884e-05
rule_a_one_step	primary::BRAF+CDKN2A+TP53	primary::BRAF+CDKN2A+KRAS+TP53	same_stage_one_event	KRAS	1	0.011249995741557524	0.0002946810078090467	3.315160082969655e-06
rule_a_one_step	primary::BRAF+CDKN2A+KRAS	primary::BRAF+CDKN2A+KRAS+TP53	same_stage_one_event	TP53	1	0.49534013041217995	0.00014734050390452334	7.29836644190629e-05
rule_a_one_step	primary::CDKN2A+MET+STK11+TP53	primary::BRAF+CDKN2A+MET+STK11+TP53	same_stage_one_event	BRAF	1	0.07568362090334836	7.367025195226167e-05	5.5756314206091315e-06
rule_a_one_step	primary::BRAF+MET+STK11+TP53	primary::BRAF+CDKN2A+MET+STK11+TP53	same_stage_one_event	CDKN2A	1	0.10109346632655165	3.6835125976130835e-05	3.7237905675022706e-06
rule_a_one_step	primary::BRAF+CDKN2A+STK11+TP53	primary::BRAF+CDKN2A+MET+STK11+TP53	same_stage_one_event	MET	1	0.002461271832092529	3.6835125976130835e-05	9.066125799663065e-08
rule_a_one_step	primary::BRAF+CDKN2A+MET+TP53	primary::BRAF+CDKN2A+MET+STK11+TP53	same_stage_one_event	STK11	1	0.22027511781125747	0.00011050537792839252	2.4341585141954194e-05
rule_a_one_step	primary::CDKN2A+PIK3CA+TP53	primary::BRAF+CDKN2A+PIK3CA+TP53	same_stage_one_event	BRAF	1	0.10512208183121798	0.00022101075585678504	2.3233110762756293e-05
rule_a_one_step	primary::BRAF+PIK3CA+TP53	primary::BRAF+CDKN2A+PIK3CA+TP53	same_stage_one_event	CDKN2A	1	0.10830769701426034	0.00011050537792839252	1.196858299111467e-05
rule_a_one_step	primary::BRAF+CDKN2A+TP53	primary::BRAF+CDKN2A+PIK3CA+TP53	same_stage_one_event	PIK3CA	1	0.06940786157463198	0.0002946810078090467	2.0453178598683357e-05
rule_a_one_step	primary::BRAF+RBM10+STK11	primary::BRAF+CDKN2A+RBM10+STK11	same_stage_one_event	CDKN2A	1	0.01795787486441105	0.0002946810078090467	5.291844663153395e-06
rule_a_one_step	primary::BRAF+CDKN2A+STK11	primary::BRAF+CDKN2A+RBM10+STK11	same_stage_one_event	RBM10	1	0.05507609864200983	3.6835125976130835e-05	2.0287350317522405e-06
rule_a_one_step	primary::EGFR+MET+PIK3CA+TP53	primary::BRAF+EGFR+MET+PIK3CA+TP53	same_stage_one_event	BRAF	1	0.12472188339481974	7.367025195226167e-05	9.188292573656971e-06
rule_a_one_step	primary::BRAF+EGFR+PIK3CA+TP53	primary::BRAF+EGFR+MET+PIK3CA+TP53	same_stage_one_event	MET	1	0.00876689639383293	7.367025195226167e-05	6.458594661730461e-07
rule_a_one_step	primary::BRAF+EGFR+MET+TP53	primary::BRAF+EGFR+MET+PIK3CA+TP53	same_stage_one_event	PIK3CA	1	0.3438013439742225	7.367025195226167e-05	2.5327931632107153e-05
rule_a_one_step	primary::EGFR+MET+TP53	primary::BRAF+EGFR+MET+TP53	same_stage_one_event	BRAF	1	0.06118199626728232	0.0007735376454987476	4.732657733950673e-05
rule_a_one_step	primary::BRAF+MET+TP53	primary::BRAF+EGFR+MET+TP53	same_stage_one_event	EGFR	1	0.00479911259276877	3.6835125976130835e-05	1.7677591692827353e-07
rule_a_one_step	primary::BRAF+EGFR+TP53	primary::BRAF+EGFR+MET+TP53	same_stage_one_event	MET	1	0.00711936578002704	0.0004051863857374392	2.884670089151961e-06
rule_a_one_step	primary::EGFR+PIK3CA	primary::BRAF+EGFR+PIK3CA	same_stage_one_event	BRAF	1	0.0424672687578172	0.003204655959923383	0.00013609298592640696
rule_a_one_step	primary::BRAF+PIK3CA	primary::BRAF+EGFR+PIK3CA	same_stage_one_event	EGFR	1	0.07265790504056556	0.00025784588183291586	1.8734541597316888e-05
rule_a_one_step	primary::BRAF+EGFR	primary::BRAF+EGFR+PIK3CA	same_stage_one_event	PIK3CA	1	0.041658973653688515	0.00033151613378517756	1.3810621883129389e-05
rule_a_one_step	primary::EGFR+PIK3CA+TP53	primary::BRAF+EGFR+PIK3CA+TP53	same_stage_one_event	BRAF	1	0.10267292268707309	0.0023574480624723735	0.00024204608265701626
rule_a_one_step	primary::BRAF+PIK3CA+TP53	primary::BRAF+EGFR+PIK3CA+TP53	same_stage_one_event	EGFR	1	0.010630169222632511	0.00011050537792839252	1.1746908673897721e-06
rule_a_one_step	primary::BRAF+EGFR+TP53	primary::BRAF+EGFR+PIK3CA+TP53	same_stage_one_event	PIK3CA	1	0.18122273406997452	0.0004051863857374392	7.342898463127006e-05
rule_a_one_step	primary::BRAF+EGFR+PIK3CA	primary::BRAF+EGFR+PIK3CA+TP53	same_stage_one_event	TP53	1	0.5621745451130007	7.367025195226167e-05	4.141554037962285e-05
rule_a_one_step	primary::EGFR+RBM10	primary::BRAF+EGFR+RBM10	same_stage_one_event	BRAF	1	0.04024247594065941	0.007809046706939738	0.000314255374223508
rule_a_one_step	primary::BRAF+RBM10	primary::BRAF+EGFR+RBM10	same_stage_one_event	EGFR	1	0.11640552245203808	0.0002946810078090467	3.430249667070519e-05
rule_a_one_step	primary::BRAF+EGFR	primary::BRAF+EGFR+RBM10	same_stage_one_event	RBM10	1	0.05484049332834623	0.00033151613378517756	1.8180508323085165e-05
rule_a_one_step	primary::EGFR+RBM10+TP53	primary::BRAF+EGFR+RBM10+TP53	same_stage_one_event	BRAF	1	0.07469353530831933	0.002946810078090467	0.00022010766261476155
rule_a_one_step	primary::BRAF+RBM10+TP53	primary::BRAF+EGFR+RBM10+TP53	same_stage_one_event	EGFR	1	0.016414046117362278	0.00022101075585678504	3.6276807390663647e-06
rule_a_one_step	primary::BRAF+EGFR+TP53	primary::BRAF+EGFR+RBM10+TP53	same_stage_one_event	RBM10	1	0.12582242716812486	0.0004051863857374392	5.098153450896469e-05
rule_a_one_step	primary::BRAF+EGFR+RBM10	primary::BRAF+EGFR+RBM10+TP53	same_stage_one_event	TP53	1	0.47078651264091376	7.367025195226167e-05	3.468296100198274e-05
rule_a_one_step	primary::BRAF+EGFR+SMARCA4+TP53	primary::BRAF+EGFR+SMARCA4+STK11+TP53	same_stage_one_event	STK11	1	0.08645498830381314	3.6835125976130835e-05	3.184580385435875e-06
rule_a_one_step	primary::KEAP1+KRAS	primary::BRAF+KEAP1+KRAS	same_stage_one_event	BRAF	1	0.017188156229735733	0.0019154265507588036	3.2922650801026155e-05
rule_a_one_step	primary::BRAF+KRAS	primary::BRAF+KEAP1+KRAS	same_stage_one_event	KEAP1	1	0.021672597906557116	0.001141888905260056	2.4747699097659884e-05
rule_a_one_step	primary::BRAF+KEAP1	primary::BRAF+KEAP1+KRAS	same_stage_one_event	KRAS	1	0.09736686676555881	0.0001841756298806542	1.7932604016052527e-05
rule_a_one_step	primary::KEAP1+KRAS+TP53	primary::BRAF+KEAP1+KRAS+TP53	same_stage_one_event	BRAF	1	0.03193648521335977	0.001141888905260056	3.646791813813735e-05
rule_a_one_step	primary::BRAF+KRAS+TP53	primary::BRAF+KEAP1+KRAS+TP53	same_stage_one_event	KEAP1	1	0.039989604235145505	0.0007367025195226168	2.9460442194744e-05
rule_a_one_step	primary::BRAF+KEAP1+TP53	primary::BRAF+KEAP1+KRAS+TP53	same_stage_one_event	KRAS	1	0.011062540383404425	0.00025784588183291586	2.852430480471157e-06
rule_a_one_step	primary::BRAF+KEAP1+KRAS	primary::BRAF+KEAP1+KRAS+TP53	same_stage_one_event	TP53	1	0.5158784835071153	7.367025195226167e-05	3.800489785671985e-05
rule_a_one_step	primary::KEAP1+NF1+TP53	primary::BRAF+KEAP1+NF1+TP53	same_stage_one_event	BRAF	1	0.05584724244977258	0.0005893620156180934	3.291424337691031e-05
rule_a_one_step	primary::BRAF+NF1+TP53	primary::BRAF+KEAP1+NF1+TP53	same_stage_one_event	KEAP1	1	0.06494180183882675	0.00033151613378517756	2.152925506665098e-05
rule_a_one_step	primary::BRAF+KEAP1+TP53	primary::BRAF+KEAP1+NF1+TP53	same_stage_one_event	NF1	1	0.14547404704696776	0.00025784588183291586	3.750988394462849e-05
rule_a_one_step	primary::BRAF+KEAP1+RBM10+STK11	primary::BRAF+KEAP1+PIK3CA+RBM10+STK11	same_stage_one_event	PIK3CA	1	0.012034789968235154	7.367025195226167e-05	8.86606009152435e-07
rule_a_one_step	primary::KEAP1+RBM10+STK11	primary::BRAF+KEAP1+RBM10+STK11	same_stage_one_event	BRAF	1	0.03216741067802042	0.0005156917636658317	1.6588468745111456e-05
rule_a_one_step	primary::BRAF+RBM10+STK11	primary::BRAF+KEAP1+RBM10+STK11	same_stage_one_event	KEAP1	1	0.5313101818130594	0.0002946810078090467	0.00015656701983588018
rule_a_one_step	primary::BRAF+KEAP1+STK11	primary::BRAF+KEAP1+RBM10+STK11	same_stage_one_event	RBM10	1	0.07358310123076263	0.0005156917636658317	3.794619924969341e-05
rule_a_one_step	primary::BRAF+MET+STK11+TP53	primary::BRAF+KRAS+MET+STK11+TP53	same_stage_one_event	KRAS	1	0.009211820438890465	3.6835125976130835e-05	3.393185663360271e-07
rule_a_one_step	primary::BRAF+KRAS+STK11+TP53	primary::BRAF+KRAS+MET+STK11+TP53	same_stage_one_event	MET	1	0.0002843017363093462	3.6835125976130835e-05	1.0472290272187499e-08
rule_a_one_step	primary::KRAS+NF1	primary::BRAF+KRAS+NF1	same_stage_one_event	BRAF	1	0.020866646057011787	0.0013260645351407102	2.767051930353707e-05
rule_a_one_step	primary::BRAF+NF1	primary::BRAF+KRAS+NF1	same_stage_one_event	KRAS	1	0.03647219282257265	0.00033151613378517756	1.2091120355206787e-05
rule_a_one_step	primary::BRAF+KRAS	primary::BRAF+KRAS+NF1	same_stage_one_event	NF1	1	0.025195481204276456	0.001141888905260056	2.8770440449851556e-05
rule_a_one_step	primary::KRAS+SETD2	primary::BRAF+KRAS+SETD2	same_stage_one_event	BRAF	1	0.027535656170653604	0.0019522616767349344	5.375680628571685e-05
rule_a_one_step	primary::BRAF+SETD2	primary::BRAF+KRAS+SETD2	same_stage_one_event	KRAS	1	0.07569268193279673	0.0013260645351407102	0.00010037338108076773
rule_a_one_step	primary::BRAF+KRAS	primary::BRAF+KRAS+SETD2	same_stage_one_event	SETD2	1	0.10761192173153811	0.001141888905260056	0.00012288085949895686
rule_a_one_step	primary::KRAS+SETD2+TP53	primary::BRAF+KRAS+SETD2+TP53	same_stage_one_event	BRAF	1	0.04071192577555945	0.0009945484013555326	4.0489980696187756e-05
rule_a_one_step	primary::BRAF+SETD2+TP53	primary::BRAF+KRAS+SETD2+TP53	same_stage_one_event	KRAS	1	0.007597460224172304	0.00014734050390452334	1.1194136178241203e-06
rule_a_one_step	primary::BRAF+KRAS+TP53	primary::BRAF+KRAS+SETD2+TP53	same_stage_one_event	SETD2	1	0.15624246651390086	0.0007367025195226168	0.00011510421873721885
rule_a_one_step	primary::BRAF+KRAS+SETD2	primary::BRAF+KRAS+SETD2+TP53	same_stage_one_event	TP53	1	0.4333989485786026	7.367025195226167e-05	3.1928609737630954e-05
rule_a_one_step	primary::MET+PIK3CA+STK11+TP53	primary::BRAF+MET+PIK3CA+STK11+TP53	same_stage_one_event	BRAF	1	0.1017484966303782	3.6835125976130835e-05	3.747918691261905e-06
rule_a_one_step	primary::BRAF+MET+STK11+TP53	primary::BRAF+MET+PIK3CA+STK11+TP53	same_stage_one_event	PIK3CA	1	0.049611034642409776	3.6835125976130835e-05	1.8274287108593552e-06
rule_a_one_step	primary::NF1+SMARCA4+TP53	primary::BRAF+NF1+SMARCA4+TP53	same_stage_one_event	BRAF	1	0.07662217931445463	0.0002946810078090467	2.257910102090898e-05
rule_a_one_step	primary::BRAF+SMARCA4+TP53	primary::BRAF+NF1+SMARCA4+TP53	same_stage_one_event	NF1	1	0.13965616719396146	0.00014734050390452334	2.057701004773264e-05
rule_a_one_step	primary::BRAF+NF1+TP53	primary::BRAF+NF1+SMARCA4+TP53	same_stage_one_event	SMARCA4	1	0.07192479845590177	0.00033151613378517756	2.3844231107378664e-05
rule_a_one_step	primary::PIK3CA+RBM10+SETD2	primary::BRAF+PIK3CA+RBM10+SETD2	same_stage_one_event	BRAF	1	0.054101653222487237	3.6835125976130835e-05	1.992841211967262e-06
rule_a_one_step	primary::BRAF+RBM10+SETD2	primary::BRAF+PIK3CA+RBM10+SETD2	same_stage_one_event	PIK3CA	1	0.043855971395277624	0.00011050537792839252	4.846320693451925e-06
rule_a_one_step	primary::BRAF+PIK3CA+SETD2	primary::BRAF+PIK3CA+RBM10+SETD2	same_stage_one_event	RBM10	1	0.08371993537210741	0.0001841756298806542	1.5419171830725544e-05
rule_a_one_step	primary::RBM10+SETD2+STK11	primary::BRAF+RBM10+SETD2+STK11	same_stage_one_event	BRAF	1	0.03540029169256813	7.367025195226167e-05	2.60794840817505e-06
rule_a_one_step	primary::BRAF+SETD2+STK11	primary::BRAF+RBM10+SETD2+STK11	same_stage_one_event	RBM10	1	0.05956942130984373	3.6835125976130835e-05	2.1942471382733064e-06
rule_a_one_step	primary::BRAF+RBM10+STK11	primary::BRAF+RBM10+SETD2+STK11	same_stage_one_event	SETD2	1	0.07195053002874552	0.0002946810078090467	2.1202454701265807e-05
rule_a_one_step	primary::BRAF+RBM10+SETD2	primary::BRAF+RBM10+SETD2+STK11	same_stage_one_event	STK11	1	0.07635947768189895	0.00011050537792839252	8.438132939652897e-06
rule_a_one_step	primary::SETD2+SMARCA4	primary::BRAF+SETD2+SMARCA4	same_stage_one_event	BRAF	1	0.039480898553961426	7.367025195226167e-05	2.908567743772022e-06
rule_a_one_step	primary::BRAF+SMARCA4	primary::BRAF+SETD2+SMARCA4	same_stage_one_event	SETD2	1	0.12322979403145912	3.6835125976130835e-05	4.5391849871614525e-06
rule_a_one_step	primary::BRAF+SETD2	primary::BRAF+SETD2+SMARCA4	same_stage_one_event	SMARCA4	1	0.04570098497522741	0.0013260645351407102	6.060245539664752e-05
rule_a_one_step	primary::EGFR+KRAS+MET+PIK3CA	primary::CDKN2A+EGFR+KRAS+MET+PIK3CA	same_stage_one_event	CDKN2A	1	0.023275115838004998	0.00011050537792839252	2.5720254720058566e-06
rule_a_one_step	primary::CDKN2A+KRAS+MET+PIK3CA	primary::CDKN2A+EGFR+KRAS+MET+PIK3CA	same_stage_one_event	EGFR	1	0.008562749933480973	3.6835125976130835e-05	3.1540997250187755e-07
rule_a_one_step	primary::CDKN2A+EGFR+MET+PIK3CA	primary::CDKN2A+EGFR+KRAS+MET+PIK3CA	same_stage_one_event	KRAS	1	0.055527860772390115	3.6835125976130835e-05	2.0453757467360435e-06
rule_a_one_step	primary::EGFR+KRAS+MET+PIK3CA+TP53	primary::CDKN2A+EGFR+KRAS+MET+PIK3CA+TP53	same_stage_one_event	CDKN2A	1	0.21339167375853413	3.6835125976130835e-05	7.860309185153018e-06
rule_a_one_step	primary::CDKN2A+KRAS+MET+PIK3CA+TP53	primary::CDKN2A+EGFR+KRAS+MET+PIK3CA+TP53	same_stage_one_event	EGFR	1	0.0014903542167462958	3.6835125976130835e-05	5.4897385322907606e-08
rule_a_one_step	primary::CDKN2A+EGFR+MET+PIK3CA+TP53	primary::CDKN2A+EGFR+KRAS+MET+PIK3CA+TP53	same_stage_one_event	KRAS	1	0.013098919227476774	0.00014734050390452334	1.9300013595810774e-06
rule_a_one_step	primary::CDKN2A+EGFR+KRAS+PIK3CA+TP53	primary::CDKN2A+EGFR+KRAS+MET+PIK3CA+TP53	same_stage_one_event	MET	1	0.002999826457738942	3.6835125976130835e-05	1.1049898547734425e-07
rule_a_one_step	primary::CDKN2A+EGFR+KRAS+MET+PIK3CA	primary::CDKN2A+EGFR+KRAS+MET+PIK3CA+TP53	same_stage_one_event	TP53	1	0.7633211053471106	7.367025195226167e-05	5.6234058151400515e-05
rule_a_one_step	primary::EGFR+MET	primary::CDKN2A+EGFR+MET	same_stage_one_event	CDKN2A	1	0.012311512889560117	0.0004420215117135701	5.4419535389244665e-06
rule_a_one_step	primary::CDKN2A+MET	primary::CDKN2A+EGFR+MET	same_stage_one_event	EGFR	1	0.16879946134397478	0.0001841756298806542	3.108874711654169e-05
rule_a_one_step	primary::CDKN2A+EGFR	primary::CDKN2A+EGFR+MET	same_stage_one_event	MET	1	0.014847926487066383	0.0009945484013555326	1.476698155115634e-05
rule_a_one_step	primary::EGFR+MET+PIK3CA+STK11+TP53	primary::CDKN2A+EGFR+MET+PIK3CA+STK11+TP53	same_stage_one_event	CDKN2A	1	0.11876564845736151	3.6835125976130835e-05	4.37474762256378e-06
rule_a_one_step	primary::CDKN2A+EGFR+PIK3CA+STK11+TP53	primary::CDKN2A+EGFR+MET+PIK3CA+STK11+TP53	same_stage_one_event	MET	1	0.00463909086731137	3.6835125976130835e-05	1.7088149651213235e-07
rule_a_one_step	primary::CDKN2A+EGFR+MET+STK11+TP53	primary::CDKN2A+EGFR+MET+PIK3CA+STK11+TP53	same_stage_one_event	PIK3CA	1	0.15150197899768966	0.00011050537792839252	1.6741783446039083e-05
rule_a_one_step	primary::CDKN2A+EGFR+MET+PIK3CA+TP53	primary::CDKN2A+EGFR+MET+PIK3CA+STK11+TP53	same_stage_one_event	STK11	1	0.11900604911311574	0.00014734050390452334	1.7534411244012926e-05
rule_a_one_step	primary::EGFR+NF1+RBM10	primary::CDKN2A+EGFR+NF1+RBM10	same_stage_one_event	CDKN2A	1	0.0217089705947685	0.00011050537792839252	2.398958000011253e-06
rule_a_one_step	primary::CDKN2A+EGFR+RBM10	primary::CDKN2A+EGFR+NF1+RBM10	same_stage_one_event	NF1	1	0.028542540197242745	0.00014734050390452334	4.205472255376859e-06
rule_a_one_step	primary::EGFR+PIK3CA+RBM10	primary::CDKN2A+EGFR+PIK3CA+RBM10	same_stage_one_event	CDKN2A	1	0.03300196707089072	0.0002946810078090467	9.725052916131049e-06
rule_a_one_step	primary::CDKN2A+EGFR+RBM10	primary::CDKN2A+EGFR+PIK3CA+RBM10	same_stage_one_event	PIK3CA	1	0.0700857925259867	0.00014734050390452334	1.0326475987326757e-05
rule_a_one_step	primary::CDKN2A+EGFR+PIK3CA	primary::CDKN2A+EGFR+PIK3CA+RBM10	same_stage_one_event	RBM10	1	0.08724152749974291	3.6835125976130835e-05	3.213552655803113e-06
rule_a_one_step	primary::EGFR+PIK3CA+TP53	primary::CDKN2A+EGFR+PIK3CA+TP53	same_stage_one_event	CDKN2A	1	0.1250919074695727	0.0023574480624723735	0.00029489767489511757
rule_a_one_step	primary::CDKN2A+PIK3CA+TP53	primary::CDKN2A+EGFR+PIK3CA+TP53	same_stage_one_event	EGFR	1	0.0923550275198484	0.00022101075585678504	2.041145443933588e-05
rule_a_one_step	primary::CDKN2A+EGFR+TP53	primary::CDKN2A+EGFR+PIK3CA+TP53	same_stage_one_event	PIK3CA	1	0.2011231644328703	0.0015102401650213643	0.00030374428104271704
rule_a_one_step	primary::CDKN2A+EGFR+PIK3CA	primary::CDKN2A+EGFR+PIK3CA+TP53	same_stage_one_event	TP53	1	0.5623435158203508	3.6835125976130835e-05	2.0713994247102945e-05
rule_a_one_step	primary::KEAP1	primary::CDKN2A+KEAP1	same_stage_one_event	CDKN2A	1	0.019345422015623486	0.0010313835273316634	1.995254959619337e-05
rule_a_one_step	primary::CDKN2A	primary::CDKN2A+KEAP1	same_stage_one_event	KEAP1	1	0.023351821737707685	0.0008840430234271402	2.0644015091534716e-05
rule_a_one_step	primary::KEAP1+KRAS+SETD2+SMARCA4+STK11	primary::CDKN2A+KEAP1+KRAS+SETD2+SMARCA4+STK11	same_stage_one_event	CDKN2A	1	0.05458344636116007	3.6835125976130835e-05	2.010588122924711e-06
rule_a_one_step	primary::CDKN2A+KEAP1+KRAS+SMARCA4+STK11	primary::CDKN2A+KEAP1+KRAS+SETD2+SMARCA4+STK11	same_stage_one_event	SETD2	1	0.05744089193702687	0.0001841756298806542	1.0579212453408513e-05
rule_a_one_step	primary::CDKN2A+KEAP1+SMARCA4+STK11+TP53	primary::CDKN2A+KEAP1+RBM10+SMARCA4+STK11+TP53	same_stage_one_event	RBM10	1	0.10401856116885622	3.6835125976130835e-05	3.8315368045106895e-06
rule_a_one_step	primary::CDKN2A+KEAP1+RBM10+STK11+TP53	primary::CDKN2A+KEAP1+RBM10+SMARCA4+STK11+TP53	same_stage_one_event	SMARCA4	1	0.6243343626530424	3.6835125976130835e-05	2.2997434899552172e-05
rule_a_one_step	primary::KEAP1+SMARCA4+STK11	primary::CDKN2A+KEAP1+SMARCA4+STK11	same_stage_one_event	CDKN2A	1	0.025813344428046	0.0005525268896419625	1.426256690808494e-05
rule_a_one_step	primary::CDKN2A+SMARCA4+STK11	primary::CDKN2A+KEAP1+SMARCA4+STK11	same_stage_one_event	KEAP1	1	0.40671450346334403	3.6835125976130835e-05	1.4981379971391778e-05
rule_a_one_step	primary::CDKN2A+KEAP1+STK11	primary::CDKN2A+KEAP1+SMARCA4+STK11	same_stage_one_event	SMARCA4	1	0.2594600142163106	7.367025195226167e-05	1.9114484618852996e-05
rule_a_one_step	primary::KEAP1+STK11	primary::CDKN2A+KEAP1+STK11	same_stage_one_event	CDKN2A	1	0.01901582077763353	0.0026889641962575513	5.1132861233506986e-05
rule_a_one_step	primary::CDKN2A+STK11	primary::CDKN2A+KEAP1+STK11	same_stage_one_event	KEAP1	1	0.352846471403231	7.367025195226167e-05	2.599428844874252e-05
rule_a_one_step	primary::CDKN2A+KEAP1	primary::CDKN2A+KEAP1+STK11	same_stage_one_event	STK11	1	0.02275736598858949	7.367025195226167e-05	1.6765408861492182e-06
rule_a_one_step	primary::KRAS+PIK3CA	primary::CDKN2A+KRAS+PIK3CA	same_stage_one_event	CDKN2A	1	0.04035576515419554	0.002504788566376897	0.00010108265914562018
rule_a_one_step	primary::CDKN2A+PIK3CA	primary::CDKN2A+KRAS+PIK3CA	same_stage_one_event	KRAS	1	0.28895456886869075	3.6835125976130835e-05	1.0643677945656798e-05
rule_a_one_step	primary::CDKN2A+KRAS	primary::CDKN2A+KRAS+PIK3CA	same_stage_one_event	PIK3CA	1	0.034672251974927515	0.0018049211728304111	6.258068169925771e-05
rule_a_one_step	primary::MET+STK11	primary::CDKN2A+MET+STK11	same_stage_one_event	CDKN2A	1	0.022065468065092655	0.0001841756298806542	4.063921479499899e-06
rule_a_one_step	primary::CDKN2A+STK11	primary::CDKN2A+MET+STK11	same_stage_one_event	MET	1	0.010378273572435233	7.367025195226167e-05	7.645700289108024e-07
rule_a_one_step	primary::CDKN2A+MET	primary::CDKN2A+MET+STK11	same_stage_one_event	STK11	1	0.05963991196921859	0.0001841756298806542	1.09842183529576e-05
rule_a_one_step	primary::MET+STK11+TP53	primary::CDKN2A+MET+STK11+TP53	same_stage_one_event	CDKN2A	1	0.0834488254431862	0.00025784588183291586	2.151693598431941e-05
rule_a_one_step	primary::CDKN2A+STK11+TP53	primary::CDKN2A+MET+STK11+TP53	same_stage_one_event	MET	1	0.006295048429772015	0.0001841756298806542	1.159394509682484e-06
rule_a_one_step	primary::CDKN2A+MET+TP53	primary::CDKN2A+MET+STK11+TP53	same_stage_one_event	STK11	1	0.19582339614648075	0.0002946810078090467	5.770543572903514e-05
rule_a_one_step	primary::CDKN2A+MET+STK11	primary::CDKN2A+MET+STK11+TP53	same_stage_one_event	TP53	1	0.02248250002553831	7.367025195226167e-05	1.6562914413981367e-06
rule_a_one_step	primary::NF1	primary::CDKN2A+NF1	same_stage_one_event	CDKN2A	1	0.01732110828238965	0.0017680860468542803	3.0625209870145255e-05
rule_a_one_step	primary::CDKN2A	primary::CDKN2A+NF1	same_stage_one_event	NF1	1	0.019346332155428456	0.0008840430234271402	1.7102989970910674e-05
rule_a_one_step	primary::PIK3CA+STK11+TP53	primary::CDKN2A+PIK3CA+STK11+TP53	same_stage_one_event	CDKN2A	1	0.04286379117767388	0.00022101075585678504	9.473358887065098e-06
rule_a_one_step	primary::CDKN2A+STK11+TP53	primary::CDKN2A+PIK3CA+STK11+TP53	same_stage_one_event	PIK3CA	1	0.012855297376305067	0.0001841756298806542	2.367632491584107e-06
rule_a_one_step	primary::CDKN2A+PIK3CA+TP53	primary::CDKN2A+PIK3CA+STK11+TP53	same_stage_one_event	STK11	1	0.18838342873295782	0.00022101075585678504	4.1634763975163806e-05
rule_a_one_step	primary::STK11	primary::CDKN2A+STK11	same_stage_one_event	CDKN2A	1	0.01119665093080659	0.004088698983350523	4.57797352777196e-05
rule_a_one_step	primary::CDKN2A	primary::CDKN2A+STK11	same_stage_one_event	STK11	1	0.0488953657100727	0.0008840430234271402	4.3225606933908385e-05
rule_a_one_step	primary::KEAP1	primary::EGFR+KEAP1	same_stage_one_event	EGFR	1	0.08706206851360941	0.0010313835273316634	8.979438332035743e-05
rule_a_one_step	primary::EGFR	primary::EGFR+KEAP1	same_stage_one_event	KEAP1	1	0.007919502811748483	0.04759098276116104	0.00037689692179088846
rule_a_one_step	primary::KEAP1+KRAS+STK11	primary::EGFR+KEAP1+KRAS+STK11	same_stage_one_event	EGFR	1	0.00044523899592006325	0.004935906880801533	2.1976582235630058e-06
rule_a_one_step	primary::EGFR+KRAS+STK11	primary::EGFR+KEAP1+KRAS+STK11	same_stage_one_event	KEAP1	1	0.2092735192227492	0.00014734050390452334	3.083446577615282e-05
rule_a_one_step	primary::EGFR+KEAP1+STK11	primary::EGFR+KEAP1+KRAS+STK11	same_stage_one_event	KRAS	1	0.1753929656343519	3.6835125976130835e-05	6.4606219844685385e-06
rule_a_one_step	primary::EGFR+KEAP1+KRAS	primary::EGFR+KEAP1+KRAS+STK11	same_stage_one_event	STK11	1	0.0055520411809886604	3.6835125976130835e-05	2.0451013632638354e-07
rule_a_one_step	primary::KEAP1+RBM10+STK11	primary::EGFR+KEAP1+RBM10+STK11	same_stage_one_event	EGFR	1	0.011720489373772652	0.0005156917636658317	6.044159836187459e-06
rule_a_one_step	primary::EGFR+KEAP1+STK11	primary::EGFR+KEAP1+RBM10+STK11	same_stage_one_event	RBM10	1	0.12964627247193763	3.6835125976130835e-05	4.775536778839606e-06
rule_a_one_step	primary::KEAP1+SMARCA4+STK11+TP53	primary::EGFR+KEAP1+SMARCA4+STK11+TP53	same_stage_one_event	EGFR	1	0.0021977931226331514	0.0004051863857374392	8.905158519583271e-07
rule_a_one_step	primary::EGFR+KEAP1+STK11+TP53	primary::EGFR+KEAP1+SMARCA4+STK11+TP53	same_stage_one_event	SMARCA4	1	0.41989772880488835	3.6835125976130835e-05	1.5466985737619284e-05
rule_a_one_step	primary::EGFR+KEAP1+SMARCA4+TP53	primary::EGFR+KEAP1+SMARCA4+STK11+TP53	same_stage_one_event	STK11	1	0.03492939074936057	3.6835125976130835e-05	1.2866285085221958e-06
rule_a_one_step	primary::KRAS+MET	primary::EGFR+KRAS+MET	same_stage_one_event	EGFR	1	0.004898651417026056	0.0008472078974510093	4.150176167364052e-06
rule_a_one_step	primary::EGFR+MET	primary::EGFR+KRAS+MET	same_stage_one_event	KRAS	1	0.026808336067148945	0.0004420215117135701	1.18498612349266e-05
rule_a_one_step	primary::EGFR+KRAS	primary::EGFR+KRAS+MET	same_stage_one_event	MET	1	0.0010284412840932875	0.0006630322675703551	6.818897566553402e-07
rule_a_one_step	primary::KRAS+SETD2	primary::EGFR+KRAS+SETD2	same_stage_one_event	EGFR	1	0.007421126351133984	0.0019522616767349344	1.4487980573526637e-05
rule_a_one_step	primary::EGFR+SETD2	primary::EGFR+KRAS+SETD2	same_stage_one_event	KRAS	1	0.03594002364983055	0.0015470752909974952	5.560192254651846e-05
rule_a_one_step	primary::EGFR+KRAS	primary::EGFR+KRAS+SETD2	same_stage_one_event	SETD2	1	0.010374786339065389	0.0006630322675703551	6.878818111948468e-06
rule_a_one_step	primary::KRAS+SETD2+TP53	primary::EGFR+KRAS+SETD2+TP53	same_stage_one_event	EGFR	1	0.0012617160586968663	0.0009945484013555326	1.2548376891415719e-06
rule_a_one_step	primary::EGFR+SETD2+TP53	primary::EGFR+KRAS+SETD2+TP53	same_stage_one_event	KRAS	1	0.007468400497645147	0.0008472078974510093	6.327287882932017e-06
rule_a_one_step	primary::EGFR+KRAS+TP53	primary::EGFR+KRAS+SETD2+TP53	same_stage_one_event	SETD2	1	0.044335440768476855	0.0007735376454987476	3.429513246419677e-05
rule_a_one_step	primary::EGFR+KRAS+SETD2	primary::EGFR+KRAS+SETD2+TP53	same_stage_one_event	TP53	1	0.7470981034875965	7.367025195226167e-05	5.50389055169881e-05
rule_a_one_step	primary::MET+NF1+TP53	primary::EGFR+MET+NF1+TP53	same_stage_one_event	EGFR	1	0.014337359074052968	0.0003683512597613084	5.281184276577636e-06
rule_a_one_step	primary::EGFR+NF1+TP53	primary::EGFR+MET+NF1+TP53	same_stage_one_event	MET	1	0.02044873793510759	0.001141888905260056	2.335018697466978e-05
rule_a_one_step	primary::EGFR+MET+TP53	primary::EGFR+MET+NF1+TP53	same_stage_one_event	NF1	1	0.07256667464374236	0.0007735376454987476	5.6133054645594134e-05
rule_a_one_step	primary::MET+PIK3CA+TP53	primary::EGFR+MET+PIK3CA+TP53	same_stage_one_event	EGFR	1	0.047907412636182464	0.0004420215117135701	2.1176106955731163e-05
rule_a_one_step	primary::EGFR+PIK3CA+TP53	primary::EGFR+MET+PIK3CA+TP53	same_stage_one_event	MET	1	0.027975937427549835	0.0023574480624723735	6.595181948442572e-05
rule_a_one_step	primary::EGFR+MET+TP53	primary::EGFR+MET+PIK3CA+TP53	same_stage_one_event	PIK3CA	1	0.34910740151460723	0.0007735376454987476	0.0002700477173937952
rule_a_one_step	primary::EGFR+MET+PIK3CA	primary::EGFR+MET+PIK3CA+TP53	same_stage_one_event	TP53	1	0.6428551972641631	0.00014734050390452334	9.471860870254354e-05
rule_a_one_step	primary::NF1+PIK3CA	primary::EGFR+NF1+PIK3CA	same_stage_one_event	EGFR	1	0.15040314864837676	7.367025195226167e-05	1.108023785533938e-05
rule_a_one_step	primary::EGFR+PIK3CA	primary::EGFR+NF1+PIK3CA	same_stage_one_event	NF1	1	0.020766127902411148	0.003204655959923383	6.654829554699314e-05
rule_a_one_step	primary::EGFR+NF1	primary::EGFR+NF1+PIK3CA	same_stage_one_event	PIK3CA	1	0.03163805393835504	0.0005893620156180934	1.8646267239342882e-05
rule_a_one_step	primary::NF1+PIK3CA+TP53	primary::EGFR+NF1+PIK3CA+TP53	same_stage_one_event	EGFR	1	0.028882177244263875	7.367025195226167e-05	2.1277572745147983e-06
rule_a_one_step	primary::EGFR+PIK3CA+TP53	primary::EGFR+NF1+PIK3CA+TP53	same_stage_one_event	NF1	1	0.10573059981300155	0.0023574480624723735	0.0002492543976732024
rule_a_one_step	primary::EGFR+NF1+TP53	primary::EGFR+NF1+PIK3CA+TP53	same_stage_one_event	PIK3CA	1	0.1454114120470401	0.001141888905260056	0.00016604367811471355
rule_a_one_step	primary::EGFR+NF1+PIK3CA	primary::EGFR+NF1+PIK3CA+TP53	same_stage_one_event	TP53	1	0.5224068586381263	7.367025195226167e-05	3.848584489746031e-05
rule_a_one_step	primary::NF1+SMARCA4+TP53	primary::EGFR+NF1+SMARCA4+TP53	same_stage_one_event	EGFR	1	0.023873877486746516	0.0002946810078090467	7.035178278104174e-06
rule_a_one_step	primary::EGFR+SMARCA4+TP53	primary::EGFR+NF1+SMARCA4+TP53	same_stage_one_event	NF1	1	0.09584485715696071	0.0006630322675703551	6.354823297573644e-05
rule_a_one_step	primary::EGFR+NF1+TP53	primary::EGFR+NF1+SMARCA4+TP53	same_stage_one_event	SMARCA4	1	0.06824750479364824	0.001141888905260056	7.793106853554941e-05
rule_a_one_step	primary::EGFR+NF1+SMARCA4	primary::EGFR+NF1+SMARCA4+TP53	same_stage_one_event	TP53	1	0.708537646569886	3.6835125976130835e-05	2.609907347023302e-05
rule_a_one_step	primary::NF1+STK11	primary::EGFR+NF1+STK11	same_stage_one_event	EGFR	1	0.008608239702291109	0.0004051863857374392	3.487941532532864e-06
rule_a_one_step	primary::EGFR+STK11	primary::EGFR+NF1+STK11	same_stage_one_event	NF1	1	0.02685803642600724	0.0004051863857374392	1.0882510707458364e-05
rule_a_one_step	primary::EGFR+NF1	primary::EGFR+NF1+STK11	same_stage_one_event	STK11	1	0.01606250889625248	0.0005893620156180934	9.466632618978919e-06
rule_a_one_step	primary::EGFR+PIK3CA+RBM10+TP53	primary::EGFR+PIK3CA+RBM10+STK11+TP53	same_stage_one_event	STK11	1	0.060220693246873985	0.00011050537792839252	6.654710466355605e-06
rule_a_one_step	primary::SETD2+SMARCA4+TP53	primary::EGFR+SETD2+SMARCA4+TP53	same_stage_one_event	EGFR	1	0.04156239928808817	0.00011050537792839252	4.592868640940935e-06
rule_a_one_step	primary::EGFR+SMARCA4+TP53	primary::EGFR+SETD2+SMARCA4+TP53	same_stage_one_event	SETD2	1	0.05153031919836967	0.0006630322675703551	3.416626438671925e-05
rule_a_one_step	primary::EGFR+SETD2+TP53	primary::EGFR+SETD2+SMARCA4+TP53	same_stage_one_event	SMARCA4	1	0.07283187280537376	0.0008472078974510093	6.170373782686005e-05
rule_a_one_step	primary::KRAS+MET+STK11	primary::KEAP1+KRAS+MET+STK11	same_stage_one_event	KEAP1	1	0.35533290388662014	0.0001841756298806542	6.544366139064022e-05
rule_a_one_step	primary::KEAP1+MET+STK11	primary::KEAP1+KRAS+MET+STK11	same_stage_one_event	KRAS	1	0.5145444710548076	7.367025195226167e-05	3.7906620823250886e-05
rule_a_one_step	primary::KEAP1+KRAS+STK11	primary::KEAP1+KRAS+MET+STK11	same_stage_one_event	MET	1	0.002666951253540175	0.004935906880801533	1.3163823043111221e-05
rule_a_one_step	primary::KEAP1+NF1+SMARCA4+STK11	primary::KEAP1+KRAS+NF1+SMARCA4+STK11	same_stage_one_event	KRAS	1	0.40315625711787617	7.367025195226167e-05	2.9700623038004726e-05
rule_a_one_step	primary::KEAP1+KRAS+SMARCA4+STK11	primary::KEAP1+KRAS+NF1+SMARCA4+STK11	same_stage_one_event	NF1	1	0.08064674132649274	0.0018049211728304111	0.00014556101093996407
rule_a_one_step	primary::KEAP1+KRAS+NF1+STK11	primary::KEAP1+KRAS+NF1+SMARCA4+STK11	same_stage_one_event	SMARCA4	1	0.36343373649944105	0.00025784588183291586	9.370989227552996e-05
rule_a_one_step	primary::KEAP1+KRAS+NF1+SMARCA4	primary::KEAP1+KRAS+NF1+SMARCA4+STK11	same_stage_one_event	STK11	1	0.04049168103362261	3.6835125976130835e-05	1.4915161718587967e-06
rule_a_one_step	primary::KRAS+PIK3CA+STK11	primary::KEAP1+KRAS+PIK3CA+STK11	same_stage_one_event	KEAP1	1	0.5385332380067215	7.367025195226167e-05	3.9673879328622474e-05
rule_a_one_step	primary::KEAP1+PIK3CA+STK11	primary::KEAP1+KRAS+PIK3CA+STK11	same_stage_one_event	KRAS	1	0.5802031982022026	0.00011050537792839252	6.411557369259643e-05
rule_a_one_step	primary::KEAP1+KRAS+STK11	primary::KEAP1+KRAS+PIK3CA+STK11	same_stage_one_event	PIK3CA	1	0.023727453674726773	0.004935906880801533	0.0001171165018569835
rule_a_one_step	primary::KEAP1+KRAS+PIK3CA	primary::KEAP1+KRAS+PIK3CA+STK11	same_stage_one_event	STK11	1	0.06616680637234365	0.00011050537792839252	7.311787944490605e-06
rule_a_one_step	primary::KRAS+PIK3CA+TP53	primary::KEAP1+KRAS+PIK3CA+TP53	same_stage_one_event	KEAP1	1	0.060961020050854686	0.0014734050390452335	8.982027412826682e-05
rule_a_one_step	primary::KEAP1+PIK3CA+TP53	primary::KEAP1+KRAS+PIK3CA+TP53	same_stage_one_event	KRAS	1	0.06280023579471036	0.00025784588183291586	1.6192782177802142e-05
rule_a_one_step	primary::KEAP1+KRAS+TP53	primary::KEAP1+KRAS+PIK3CA+TP53	same_stage_one_event	PIK3CA	1	0.07334263875506217	0.001141888905260056	8.374914547690168e-05
rule_a_one_step	primary::KEAP1+KRAS+PIK3CA	primary::KEAP1+KRAS+PIK3CA+TP53	same_stage_one_event	TP53	1	0.38380026085731733	0.00011050537792839252	4.2411992875053486e-05
rule_a_one_step	primary::KRAS+SMARCA4+TP53	primary::KEAP1+KRAS+SMARCA4+TP53	same_stage_one_event	KEAP1	1	0.05915210471164921	0.0006630322675703551	3.9219754118523864e-05
rule_a_one_step	primary::KEAP1+SMARCA4+TP53	primary::KEAP1+KRAS+SMARCA4+TP53	same_stage_one_event	KRAS	1	0.061443962731977594	0.00033151613378517756	2.036966496934575e-05
rule_a_one_step	primary::KEAP1+KRAS+TP53	primary::KEAP1+KRAS+SMARCA4+TP53	same_stage_one_event	SMARCA4	1	0.15017705727288105	0.001141888905260056	0.00017148551552450687
rule_a_one_step	primary::KEAP1+KRAS+SMARCA4	primary::KEAP1+KRAS+SMARCA4+TP53	same_stage_one_event	TP53	1	0.6097975969655894	0.0004788566376897009	0.0002920056269542015
rule_a_one_step	primary::MET+STK11	primary::KEAP1+MET+STK11	same_stage_one_event	KEAP1	1	0.2612958058138743	0.0001841756298806542	4.81243196209434e-05
rule_a_one_step	primary::KEAP1+STK11	primary::KEAP1+MET+STK11	same_stage_one_event	MET	1	0.011403660972086754	0.0026889641962575513	3.066403606020086e-05
rule_a_one_step	primary::KEAP1+MET	primary::KEAP1+MET+STK11	same_stage_one_event	STK11	1	0.024806370187792647	3.6835125976130835e-05	9.137457708778784e-07
rule_a_one_step	primary::NF1	primary::KEAP1+NF1	same_stage_one_event	KEAP1	1	0.03656385016425702	0.0017680860468542803	6.464803329469343e-05
rule_a_one_step	primary::KEAP1	primary::KEAP1+NF1	same_stage_one_event	NF1	1	0.02812392642323973	0.0010313835273316634	2.9006554436817163e-05
rule_a_one_step	primary::NF1+SETD2+TP53	primary::KEAP1+NF1+SETD2+TP53	same_stage_one_event	KEAP1	1	0.0807785406178006	0.00025784588183291586	2.0828414038772808e-05
rule_a_one_step	primary::KEAP1+SETD2+TP53	primary::KEAP1+NF1+SETD2+TP53	same_stage_one_event	NF1	1	0.1381396622178307	0.00025784588183291586	3.5618743020657686e-05
rule_a_one_step	primary::KEAP1+NF1+TP53	primary::KEAP1+NF1+SETD2+TP53	same_stage_one_event	SETD2	1	0.06279156398587997	0.0005893620156180934	3.70069627145307e-05
rule_a_one_step	primary::NF1+SMARCA4+STK11	primary::KEAP1+NF1+SMARCA4+STK11	same_stage_one_event	KEAP1	1	0.524494754055363	0.00011050537792839252	5.795949101834718e-05
rule_a_one_step	primary::KEAP1+SMARCA4+STK11	primary::KEAP1+NF1+SMARCA4+STK11	same_stage_one_event	NF1	1	0.04327353355331872	0.0005525268896419625	2.3909790898032295e-05
rule_a_one_step	primary::KEAP1+NF1+STK11	primary::KEAP1+NF1+SMARCA4+STK11	same_stage_one_event	SMARCA4	1	0.30546673898260196	0.0004420215117135701	0.00013502286974330426
rule_a_one_step	primary::KEAP1+NF1+SMARCA4	primary::KEAP1+NF1+SMARCA4+STK11	same_stage_one_event	STK11	1	0.03213213630593438	3.6835125976130835e-05	1.1835912887113003e-06
rule_a_one_step	primary::NF1+SMARCA4+STK11+TP53	primary::KEAP1+NF1+SMARCA4+STK11+TP53	same_stage_one_event	KEAP1	1	0.6789130061018683	0.00011050537792839252	7.502353831978801e-05
rule_a_one_step	primary::KEAP1+SMARCA4+STK11+TP53	primary::KEAP1+NF1+SMARCA4+STK11+TP53	same_stage_one_event	NF1	1	0.20723252144514853	0.0004051863857374392	8.396779637161609e-05
rule_a_one_step	primary::KEAP1+NF1+STK11+TP53	primary::KEAP1+NF1+SMARCA4+STK11+TP53	same_stage_one_event	SMARCA4	1	0.5068265099932076	0.0002946810078090467	0.00014935214674914027
rule_a_one_step	primary::KEAP1+NF1+SMARCA4+STK11	primary::KEAP1+NF1+SMARCA4+STK11+TP53	same_stage_one_event	TP53	1	0.037222457875645126	7.367025195226167e-05	2.7421878499812233e-06
rule_a_one_step	primary::RBM10+SMARCA4	primary::KEAP1+RBM10+SMARCA4	same_stage_one_event	KEAP1	1	0.030999886413135665	3.6835125976130835e-05	1.1418847212735988e-06
rule_a_one_step	primary::KEAP1+SMARCA4	primary::KEAP1+RBM10+SMARCA4	same_stage_one_event	RBM10	1	0.033107149867139696	0.00025784588183291586	8.536542252467139e-06
rule_a_one_step	primary::KEAP1+RBM10	primary::KEAP1+RBM10+SMARCA4	same_stage_one_event	SMARCA4	1	0.0653334842604885	0.0001841756298806542	1.2032835615973276e-05
rule_a_one_step	primary::RBM10+SMARCA4+TP53	primary::KEAP1+RBM10+SMARCA4+TP53	same_stage_one_event	KEAP1	1	0.09161905620544675	7.367025195226167e-05	6.749598954283685e-06
rule_a_one_step	primary::KEAP1+SMARCA4+TP53	primary::KEAP1+RBM10+SMARCA4+TP53	same_stage_one_event	RBM10	1	0.06029884683449857	0.00033151613378517756	1.999004057427756e-05
rule_a_one_step	primary::KEAP1+RBM10+TP53	primary::KEAP1+RBM10+SMARCA4+TP53	same_stage_one_event	SMARCA4	1	0.1844959220128182	0.0001841756298806542	3.397965264712284e-05
rule_a_one_step	primary::KEAP1+RBM10+SMARCA4	primary::KEAP1+RBM10+SMARCA4+TP53	same_stage_one_event	TP53	1	0.10027757298426486	7.367025195226167e-05	7.3874740669121e-06
rule_a_one_step	primary::RBM10+STK11+TP53	primary::KEAP1+RBM10+STK11+TP53	same_stage_one_event	KEAP1	1	0.6155030293748164	0.00011050537792839252	6.801639487713457e-05
rule_a_one_step	primary::KEAP1+STK11+TP53	primary::KEAP1+RBM10+STK11+TP53	same_stage_one_event	RBM10	1	0.04846457803051977	0.0017312509208781495	8.390434534530829e-05
rule_a_one_step	primary::KEAP1+RBM10+TP53	primary::KEAP1+RBM10+STK11+TP53	same_stage_one_event	STK11	1	0.038831911438771474	0.0001841756298806542	7.151891748705517e-06
rule_a_one_step	primary::KEAP1+RBM10+STK11	primary::KEAP1+RBM10+STK11+TP53	same_stage_one_event	TP53	1	0.005257312934856229	0.0005156917636658317	2.7111529795191988e-06
rule_a_one_step	primary::MET+NF1+STK11	primary::KRAS+MET+NF1+STK11	same_stage_one_event	KRAS	1	0.20348590594613492	3.6835125976130835e-05	7.49542897989299e-06
rule_a_one_step	primary::KRAS+NF1+STK11	primary::KRAS+MET+NF1+STK11	same_stage_one_event	MET	1	0.0017595308115154603	0.0001841756298806542	3.2406269550527854e-07
rule_a_one_step	primary::KRAS+MET+STK11	primary::KRAS+MET+NF1+STK11	same_stage_one_event	NF1	1	0.03904163207891519	0.0001841756298806542	7.190517179702959e-06
rule_a_one_step	primary::MET+PIK3CA+STK11+TP53	primary::KRAS+MET+PIK3CA+STK11+TP53	same_stage_one_event	KRAS	1	0.04370779227523088	3.6835125976130835e-05	1.6099820345966878e-06
rule_a_one_step	primary::KRAS+PIK3CA+STK11+TP53	primary::KRAS+MET+PIK3CA+STK11+TP53	same_stage_one_event	MET	1	0.0008202283595388465	0.00011050537792839252	9.063964485842565e-08
rule_a_one_step	primary::KRAS+MET+PIK3CA+TP53	primary::KRAS+MET+PIK3CA+STK11+TP53	same_stage_one_event	STK11	1	0.2693780276203599	7.367025195226167e-05	1.9845147165195216e-05
rule_a_one_step	primary::MET+PIK3CA+TP53	primary::KRAS+MET+PIK3CA+TP53	same_stage_one_event	KRAS	1	0.042919866944624296	0.0004420215117135701	1.8971504469408116e-05
rule_a_one_step	primary::KRAS+PIK3CA+TP53	primary::KRAS+MET+PIK3CA+TP53	same_stage_one_event	MET	1	0.005105346953003166	0.0014734050390452335	7.522243926629094e-06
rule_a_one_step	primary::KRAS+MET+TP53	primary::KRAS+MET+PIK3CA+TP53	same_stage_one_event	PIK3CA	1	0.16903518630061246	0.000920878149403271	0.00015566080954454515
rule_a_one_step	primary::KRAS+MET+PIK3CA	primary::KRAS+MET+PIK3CA+TP53	same_stage_one_event	TP53	1	0.40025718909489433	0.0001841756298806542	7.371761991581227e-05
rule_a_one_step	primary::NF1+PIK3CA	primary::KRAS+NF1+PIK3CA	same_stage_one_event	KRAS	1	0.17783186285709515	7.367025195226167e-05	1.3100918141822244e-05
rule_a_one_step	primary::KRAS+PIK3CA	primary::KRAS+NF1+PIK3CA	same_stage_one_event	NF1	1	0.03569973259639067	0.002504788566376897	8.942028203015198e-05
rule_a_one_step	primary::KRAS+NF1	primary::KRAS+NF1+PIK3CA	same_stage_one_event	PIK3CA	1	0.02782427655055498	0.0013260645351407102	3.689678634963825e-05
rule_a_one_step	primary::NF1+SETD2	primary::KRAS+NF1+SETD2	same_stage_one_event	KRAS	1	0.11628181202703429	0.0001841756298806542	2.141627597374287e-05
rule_a_one_step	primary::KRAS+SETD2	primary::KRAS+NF1+SETD2	same_stage_one_event	NF1	1	0.02937662147016109	0.0019522616767349344	5.7350852288144165e-05
rule_a_one_step	primary::KRAS+NF1	primary::KRAS+NF1+SETD2	same_stage_one_event	SETD2	1	0.035089315454419456	0.0013260645351407102	4.653069678647048e-05
rule_a_one_step	primary::NF1+SMARCA4	primary::KRAS+NF1+SMARCA4	same_stage_one_event	KRAS	1	0.1362143632211863	3.6835125976130835e-05	5.01747322901084e-06
rule_a_one_step	primary::KRAS+SMARCA4	primary::KRAS+NF1+SMARCA4	same_stage_one_event	NF1	1	0.025220051704366774	0.0007735376454987476	1.950865941475255e-05
rule_a_one_step	primary::KRAS+NF1	primary::KRAS+NF1+SMARCA4	same_stage_one_event	SMARCA4	1	0.024732854612641058	0.0013260645351407102	3.279736135461464e-05
rule_a_one_step	primary::NF1+STK11+TP53	primary::KRAS+NF1+STK11+TP53	same_stage_one_event	KRAS	1	0.015822857267128124	0.0005893620156180934	9.325391051792027e-06
rule_a_one_step	primary::KRAS+STK11+TP53	primary::KRAS+NF1+STK11+TP53	same_stage_one_event	NF1	1	0.056769228751392856	0.0024311183144246355	0.00013801271171327275
rule_a_one_step	primary::KRAS+NF1+TP53	primary::KRAS+NF1+STK11+TP53	same_stage_one_event	STK11	1	0.22293441041532422	0.0014365699130691027	0.00032026086659045396
rule_a_one_step	primary::KRAS+NF1+STK11	primary::KRAS+NF1+STK11+TP53	same_stage_one_event	TP53	1	0.03517148434721704	0.0001841756298806542	6.477730283486269e-06
rule_a_one_step	primary::PIK3CA+RBM10+TP53	primary::KRAS+PIK3CA+RBM10+TP53	same_stage_one_event	KRAS	1	0.054780591723577896	0.00014734050390452334	8.071399988739927e-06
rule_a_one_step	primary::KRAS+RBM10+TP53	primary::KRAS+PIK3CA+RBM10+TP53	same_stage_one_event	PIK3CA	1	0.07982311961039068	0.0018049211728304111	0.00014407443866616852
rule_a_one_step	primary::KRAS+PIK3CA+TP53	primary::KRAS+PIK3CA+RBM10+TP53	same_stage_one_event	RBM10	1	0.09361757690310857	0.0014734050390452335	0.00013793660955224482
rule_a_one_step	primary::KRAS+PIK3CA+RBM10	primary::KRAS+PIK3CA+RBM10+TP53	same_stage_one_event	TP53	1	0.14883511510668448	0.00025784588183291586	3.8376521502386596e-05
rule_a_one_step	primary::PIK3CA+STK11	primary::KRAS+PIK3CA+STK11	same_stage_one_event	KRAS	1	0.39597764777296957	7.367025195226167e-05	2.9171773078898595e-05
rule_a_one_step	primary::KRAS+STK11	primary::KRAS+PIK3CA+STK11	same_stage_one_event	PIK3CA	1	0.018243261986408722	0.008729924856343009	0.00015926230627592703
rule_a_one_step	primary::KRAS+PIK3CA	primary::KRAS+PIK3CA+STK11	same_stage_one_event	STK11	1	0.1651165134249668	0.002504788566376897	0.0004135819549468743
rule_a_one_step	primary::RBM10+SETD2+SMARCA4+TP53	primary::KRAS+RBM10+SETD2+SMARCA4+TP53	same_stage_one_event	KRAS	1	0.034697468807826565	3.6835125976130835e-05	1.2780856345891617e-06
rule_a_one_step	primary::KRAS+SETD2+SMARCA4+TP53	primary::KRAS+RBM10+SETD2+SMARCA4+TP53	same_stage_one_event	RBM10	1	0.09557584231347714	0.00014734050390452334	1.4082192767566986e-05
rule_a_one_step	primary::KRAS+RBM10+SMARCA4+TP53	primary::KRAS+RBM10+SETD2+SMARCA4+TP53	same_stage_one_event	SETD2	1	0.07424133757288728	0.00011050537792839252	8.204067066401277e-06
rule_a_one_step	primary::KRAS+RBM10+SETD2+TP53	primary::KRAS+RBM10+SETD2+SMARCA4+TP53	same_stage_one_event	SMARCA4	1	0.08433903469435707	0.00011050537792839252	9.319916903015736e-06
rule_a_one_step	primary::KRAS+SMARCA4+STK11	primary::KRAS+RBM10+SMARCA4+STK11	same_stage_one_event	RBM10	1	0.11161847995252419	0.0004788566376897009	5.344925001410102e-05
rule_a_one_step	primary::KRAS+RBM10+STK11	primary::KRAS+RBM10+SMARCA4+STK11	same_stage_one_event	SMARCA4	1	0.09570980648596812	0.001141888905260056	0.00010928996615091394
rule_a_one_step	primary::KRAS+RBM10+SMARCA4	primary::KRAS+RBM10+SMARCA4+STK11	same_stage_one_event	STK11	1	0.11865539711947334	0.0001841756298806542	2.1853432503218165e-05
rule_a_one_step	primary::NF1+SMARCA4+TP53	primary::MET+NF1+SMARCA4+TP53	same_stage_one_event	MET	1	0.047853848569935346	0.0002946810078090467	1.4101620324130055e-05
rule_a_one_step	primary::MET+SMARCA4+TP53	primary::MET+NF1+SMARCA4+TP53	same_stage_one_event	NF1	1	0.12396983261835753	3.6835125976130835e-05	4.566444401737053e-06
rule_a_one_step	primary::MET+NF1+TP53	primary::MET+NF1+SMARCA4+TP53	same_stage_one_event	SMARCA4	1	0.05955761313656008	0.0003683512597613084	2.1938121827228555e-05
rule_a_one_step	primary::SETD2+TP53	primary::MET+SETD2+TP53	same_stage_one_event	MET	1	0.045215703632412015	0.000920878149403271	4.1638153484982336e-05
rule_a_one_step	primary::MET+TP53	primary::MET+SETD2+TP53	same_stage_one_event	SETD2	1	0.04228724719211885	0.003204655959923383	0.000135516078742977
rule_a_one_step	primary::MET+SETD2	primary::MET+SETD2+TP53	same_stage_one_event	TP53	1	0.27682194690631445	0.00025784588183291586	7.137739901076326e-05
rule_a_one_step	primary::PIK3CA	primary::NF1+PIK3CA	same_stage_one_event	NF1	1	0.023141736933259095	0.0023942831884485043	5.5407871690800094e-05
rule_a_one_step	primary::NF1	primary::NF1+PIK3CA	same_stage_one_event	PIK3CA	1	0.01910673543194657	0.0017680860468542803	3.378235231816102e-05
rule_a_one_step	primary::PIK3CA+RBM10+TP53	primary::NF1+PIK3CA+RBM10+TP53	same_stage_one_event	NF1	1	0.13655906615142907	0.00014734050390452334	2.0120681619482696e-05
rule_a_one_step	primary::NF1+RBM10+TP53	primary::NF1+PIK3CA+RBM10+TP53	same_stage_one_event	PIK3CA	1	0.046623679359370396	0.0004051863857374392	1.8891280129404535e-05
rule_a_one_step	primary::NF1+PIK3CA+TP53	primary::NF1+PIK3CA+RBM10+TP53	same_stage_one_event	RBM10	1	0.08677140651691594	7.367025195226167e-05	6.392471380353317e-06
rule_a_one_step	primary::PIK3CA+TP53	primary::NF1+PIK3CA+TP53	same_stage_one_event	NF1	1	0.11676598547959384	0.001583910416973626	0.00018494686074931984
rule_a_one_step	primary::NF1+TP53	primary::NF1+PIK3CA+TP53	same_stage_one_event	PIK3CA	1	0.0511789514217051	0.0032783262118756444	0.0001677812979420861
rule_a_one_step	primary::NF1+PIK3CA	primary::NF1+PIK3CA+TP53	same_stage_one_event	TP53	1	0.13986939240928611	7.367025195226167e-05	1.0304213379201864e-05
rule_a_one_step	primary::RBM10+SETD2	primary::NF1+RBM10+SETD2	same_stage_one_event	NF1	1	0.03439312478574664	0.00014734050390452334	5.067500336783061e-06
rule_a_one_step	primary::NF1+SETD2	primary::NF1+RBM10+SETD2	same_stage_one_event	RBM10	1	0.07305507284493237	0.0001841756298806542	1.3454964057192495e-05
rule_a_one_step	primary::NF1+RBM10	primary::NF1+RBM10+SETD2	same_stage_one_event	SETD2	1	0.04346791851844487	0.0006630322675703551	2.8820632581847935e-05
rule_a_one_step	primary::SETD2	primary::PIK3CA+SETD2	same_stage_one_event	PIK3CA	1	0.020617346185350032	0.002541623692353028	5.2401535538129964e-05
rule_a_one_step	primary::PIK3CA	primary::PIK3CA+SETD2	same_stage_one_event	SETD2	1	0.020543058436172733	0.0023942831884485043	4.918589945304359e-05
rule_a_one_step	primary::STK11	primary::PIK3CA+STK11	same_stage_one_event	PIK3CA	1	0.006705651263083099	0.004088698983350523	2.741738950207102e-05
rule_a_one_step	primary::PIK3CA	primary::PIK3CA+STK11	same_stage_one_event	STK11	1	0.05516902211016822	0.0023942831884485043	0.0001320902621615196
rule_a_one_step	primary::SETD2+STK11	primary::RBM10+SETD2+STK11	same_stage_one_event	RBM10	1	0.0355663534232518	0.00025784588183291586	9.170637761999506e-06
rule_a_one_step	primary::RBM10+STK11	primary::RBM10+SETD2+STK11	same_stage_one_event	SETD2	1	0.011941154420154164	0.0001841756298806542	2.199269636834051e-06
rule_a_one_step	primary::RBM10+SETD2	primary::RBM10+SETD2+STK11	same_stage_one_event	STK11	1	0.030239861258318484	0.00014734050390452334	4.455556395803519e-06
rule_a_one_step	primary::SMARCA4+TP53	primary::RBM10+SMARCA4+TP53	same_stage_one_event	RBM10	1	0.05228268266304829	0.0010682186533077943	5.584933686564021e-05
rule_a_one_step	primary::RBM10+TP53	primary::RBM10+SMARCA4+TP53	same_stage_one_event	SMARCA4	1	0.05876189485524905	0.0008103727714748784	4.761903959096357e-05
rule_a_one_step	primary::RBM10+SMARCA4	primary::RBM10+SMARCA4+TP53	same_stage_one_event	TP53	1	0.06308039171000737	3.6835125976130835e-05	2.3235741752618006e-06
rule_a_one_step	primary::SMARCA4	primary::SETD2+SMARCA4	same_stage_one_event	SETD2	1	0.02033114408929891	0.0005893620156180934	1.1982404060291092e-05
rule_a_one_step	primary::SETD2	primary::SETD2+SMARCA4	same_stage_one_event	SMARCA4	1	0.02426359818193774	0.002541623692353028	6.166893600094681e-05
rule_a_one_step	primary::SMARCA4+STK11+TP53	primary::SETD2+SMARCA4+STK11+TP53	same_stage_one_event	SETD2	1	0.015798741134719733	0.0004788566376897009	7.565332059501862e-06
rule_a_one_step	primary::SETD2+STK11+TP53	primary::SETD2+SMARCA4+STK11+TP53	same_stage_one_event	SMARCA4	1	0.11076482160285193	3.6835125976130835e-05	4.080036157464709e-06
rule_a_one_step	primary::SETD2+SMARCA4+TP53	primary::SETD2+SMARCA4+STK11+TP53	same_stage_one_event	STK11	1	0.15571611918130351	0.00011050537792839252	1.7207468599672557e-05
rule_a_one_step	unknown::BRAF+EGFR+TP53	unknown::ATM+BRAF+EGFR+TP53	same_stage_one_event	ATM	1	0.09564089356860582	0.00011050537792839252	1.0568833089207951e-05
rule_a_one_step	unknown::ATM+EGFR+TP53	unknown::ATM+BRAF+EGFR+TP53	same_stage_one_event	BRAF	1	0.07408878889255337	0.0004420215117135701	3.2748838467314e-05
rule_a_one_step	unknown::ATM+BRAF+TP53	unknown::ATM+BRAF+EGFR+TP53	same_stage_one_event	EGFR	1	0.0054608593439438935	3.6835125976130835e-05	2.011514418721045e-07
rule_a_one_step	unknown::ATM+KEAP1+TP53	unknown::ATM+BRAF+KEAP1+TP53	same_stage_one_event	BRAF	1	0.062159624503414744	0.00011050537792839252	6.868972797636815e-06
rule_a_one_step	unknown::ATM+BRAF+TP53	unknown::ATM+BRAF+KEAP1+TP53	same_stage_one_event	KEAP1	1	0.03769008926206832	3.6835125976130835e-05	1.3883191860199028e-06
rule_a_one_step	unknown::BRAF+STK11	unknown::ATM+BRAF+STK11	same_stage_one_event	ATM	1	0.05836635450101523	3.6835125976130835e-05	2.149932020812407e-06
rule_a_one_step	unknown::ATM+STK11	unknown::ATM+BRAF+STK11	same_stage_one_event	BRAF	1	0.03212867253458954	7.367025195226167e-05	2.366927400514921e-06
rule_a_one_step	unknown::EGFR+NF1+TP53	unknown::ATM+EGFR+NF1+TP53	same_stage_one_event	ATM	1	0.14228712530675866	0.00011050537792839252	1.572349255636791e-05
rule_a_one_step	unknown::ATM+NF1+TP53	unknown::ATM+EGFR+NF1+TP53	same_stage_one_event	EGFR	1	0.016190676089858903	7.367025195226167e-05	1.1927711868173643e-06
rule_a_one_step	unknown::ATM+EGFR+TP53	unknown::ATM+EGFR+NF1+TP53	same_stage_one_event	NF1	1	0.10753903611856779	0.0004420215117135701	4.7534567313349546e-05
rule_a_one_step	unknown::EGFR+SMARCA4+TP53	unknown::ATM+EGFR+SMARCA4+TP53	same_stage_one_event	ATM	1	0.10332803656446703	0.00025784588183291586	2.6642708706028775e-05
rule_a_one_step	unknown::ATM+EGFR+TP53	unknown::ATM+EGFR+SMARCA4+TP53	same_stage_one_event	SMARCA4	1	0.06967300336212698	0.0004420215117135701	3.079696627175202e-05
rule_a_one_step	unknown::KEAP1+KRAS+RBM10+STK11	unknown::ATM+KEAP1+KRAS+RBM10+STK11	same_stage_one_event	ATM	1	0.19074979573930226	0.00011050537792839252	2.1078878267935273e-05
rule_a_one_step	unknown::ATM+KEAP1+KRAS+STK11	unknown::ATM+KEAP1+KRAS+RBM10+STK11	same_stage_one_event	RBM10	1	0.19231133323070695	0.00011050537792839252	2.1251436558572302e-05
rule_a_one_step	unknown::KRAS+SMARCA4+TP53	unknown::ATM+KRAS+SMARCA4+TP53	same_stage_one_event	ATM	1	0.09588052179904928	7.367025195226167e-05	7.063542198250278e-06
rule_a_one_step	unknown::ATM+KRAS+TP53	unknown::ATM+KRAS+SMARCA4+TP53	same_stage_one_event	SMARCA4	1	0.0548809359054146	0.00011050537792839252	6.064638563291727e-06
rule_a_one_step	unknown::MET	unknown::ATM+MET	same_stage_one_event	ATM	1	0.030976610910671474	0.0004788566376897009	1.4833355747706247e-05
rule_a_one_step	unknown::ATM	unknown::ATM+MET	same_stage_one_event	MET	1	0.04603949950884649	0.0006261971415942243	2.8829802992868367e-05
rule_a_one_step	unknown::NF1+TP53	unknown::ATM+NF1+TP53	same_stage_one_event	ATM	1	0.10685471578485156	0.0004420215117135701	4.723208300494397e-05
rule_a_one_step	unknown::ATM+TP53	unknown::ATM+NF1+TP53	same_stage_one_event	NF1	1	0.12920606533677068	0.0004420215117135701	5.711186032272168e-05
rule_a_one_step	unknown::ATM+NF1	unknown::ATM+NF1+TP53	same_stage_one_event	TP53	1	0.09753158854710081	3.6835125976130835e-05	3.5925883507846176e-06
rule_a_one_step	unknown::SETD2	unknown::ATM+SETD2	same_stage_one_event	ATM	1	0.04725749390677394	0.00014734050390452334	6.962942965489013e-06
rule_a_one_step	unknown::ATM	unknown::ATM+SETD2	same_stage_one_event	SETD2	1	0.02209493214032319	0.0006261971415942243	1.383578334998874e-05
rule_a_one_step	unknown::STK11	unknown::ATM+STK11	same_stage_one_event	ATM	1	0.032252541185558654	0.0002946810078090467	9.504211340963209e-06
rule_a_one_step	unknown::ATM	unknown::ATM+STK11	same_stage_one_event	STK11	1	0.07324280499128775	0.0006261971415942243	4.586443512788758e-05
rule_a_one_step	unknown::EGFR	unknown::BRAF+EGFR	same_stage_one_event	BRAF	1	0.01708156367471377	0.004457050243111832	7.613338752911323e-05
rule_a_one_step	unknown::BRAF	unknown::BRAF+EGFR	same_stage_one_event	EGFR	1	0.05603425153917101	0.0003683512597613084	2.0640287144235675e-05
rule_a_one_step	unknown::MET	unknown::BRAF+MET	same_stage_one_event	BRAF	1	0.037447937910826644	0.0004788566376897009	1.793219363639113e-05
rule_a_one_step	unknown::BRAF	unknown::BRAF+MET	same_stage_one_event	MET	1	0.023001136508947407	0.0003683512597613084	8.4724976090126e-06
rule_a_one_step	unknown::PIK3CA+TP53	unknown::BRAF+PIK3CA+TP53	same_stage_one_event	BRAF	1	0.09655050899372998	0.00025784588183291586	2.489515113290518e-05
rule_a_one_step	unknown::BRAF+TP53	unknown::BRAF+PIK3CA+TP53	same_stage_one_event	PIK3CA	1	0.062054808738044476	0.00011050537792839252	6.857390091871719e-06
rule_a_one_step	unknown::RBM10+TP53	unknown::BRAF+RBM10+TP53	same_stage_one_event	BRAF	1	0.07223502628328943	7.367025195226167e-05	5.321572586068176e-06
rule_a_one_step	unknown::BRAF+TP53	unknown::BRAF+RBM10+TP53	same_stage_one_event	RBM10	1	0.055613611390289364	0.00011050537792839252	6.145603144646681e-06
rule_a_one_step	unknown::BRAF+RBM10	unknown::BRAF+RBM10+TP53	same_stage_one_event	TP53	1	0.126956916058006	3.6835125976130835e-05	4.676473996537719e-06
rule_a_one_step	unknown::SETD2+TP53	unknown::BRAF+SETD2+TP53	same_stage_one_event	BRAF	1	0.07321256695704235	0.0001841756298806542	1.3483970634492846e-05
rule_a_one_step	unknown::BRAF+TP53	unknown::BRAF+SETD2+TP53	same_stage_one_event	SETD2	1	0.1635940497461346	0.00011050537792839252	1.807802229403285e-05
rule_a_one_step	unknown::BRAF+SETD2	unknown::BRAF+SETD2+TP53	same_stage_one_event	TP53	1	0.3085711180023725	3.6835125976130835e-05	1.1366256004212925e-05
rule_a_one_step	unknown::WT	unknown::CDKN2A	same_stage_one_event	CDKN2A	1	0.012322439809954877	0.11787240312361869	0.0014524755927455284
rule_a_one_step	unknown::KEAP1+TP53	unknown::EGFR+KEAP1+TP53	same_stage_one_event	EGFR	1	0.02385002677848292	7.367025195226167e-05	1.7570374818390244e-06
rule_a_one_step	unknown::EGFR+TP53	unknown::EGFR+KEAP1+TP53	same_stage_one_event	KEAP1	1	0.03412069851526215	0.005930455282157065	0.00020235127674072514
rule_a_one_step	unknown::KRAS+TP53	unknown::EGFR+KRAS+TP53	same_stage_one_event	EGFR	1	0.0022268446885322867	0.0014365699130691027	3.1990180806232203e-06
rule_a_one_step	unknown::EGFR+TP53	unknown::EGFR+KRAS+TP53	same_stage_one_event	KRAS	1	0.011729729988139872	0.005930455282157065	6.956263916644023e-05
rule_a_one_step	unknown::EGFR+KRAS	unknown::EGFR+KRAS+TP53	same_stage_one_event	TP53	1	0.8129959453662842	0.00022101075585678504	0.00017968084839390397
rule_a_one_step	unknown::NF1+RBM10+TP53	unknown::EGFR+NF1+RBM10+TP53	same_stage_one_event	EGFR	1	0.04736654461973779	3.6835125976130835e-05	1.7447526381220637e-06
rule_a_one_step	unknown::EGFR+RBM10+TP53	unknown::EGFR+NF1+RBM10+TP53	same_stage_one_event	NF1	1	0.11993927212474902	0.00025784588183291586	3.092584738740397e-05
rule_a_one_step	unknown::EGFR+NF1+TP53	unknown::EGFR+NF1+RBM10+TP53	same_stage_one_event	RBM10	1	0.18838299686494903	0.00011050537792839252	2.0817334263844374e-05
rule_a_one_step	unknown::EGFR+NF1+RBM10	unknown::EGFR+NF1+RBM10+TP53	same_stage_one_event	TP53	1	0.4666857226129562	3.6835125976130835e-05	1.7190427383709894e-05
rule_a_one_step	unknown::SETD2	unknown::EGFR+SETD2	same_stage_one_event	EGFR	1	0.205388349097477	0.00014734050390452334	3.0262022852140413e-05
rule_a_one_step	unknown::EGFR	unknown::EGFR+SETD2	same_stage_one_event	SETD2	1	0.014252560538265626	0.004457050243111832	6.352437841204291e-05
rule_a_one_step	unknown::STK11	unknown::EGFR+STK11	same_stage_one_event	EGFR	1	0.0224684138887344	0.0002946810078090467	6.621014848603035e-06
rule_a_one_step	unknown::EGFR	unknown::EGFR+STK11	same_stage_one_event	STK11	1	0.016736947727812212	0.004457050243111832	7.459741693919544e-05
rule_a_one_step	unknown::WT	unknown::KEAP1	same_stage_one_event	KEAP1	1	0.02307253297797865	0.11787240312361869	0.0027196149082632857
rule_a_one_step	unknown::KRAS	unknown::KEAP1+KRAS	same_stage_one_event	KEAP1	1	0.027798509904458094	0.002725799322233682	7.577315945667818e-05
rule_a_one_step	unknown::KEAP1	unknown::KEAP1+KRAS	same_stage_one_event	KRAS	1	0.3368891025587815	7.367025195226167e-05	2.4818705065476755e-05
rule_a_one_step	unknown::STK11+TP53	unknown::KEAP1+STK11+TP53	same_stage_one_event	KEAP1	1	0.5849601492814691	0.0001841756298806542	0.00010773540394899608
rule_a_one_step	unknown::KEAP1+TP53	unknown::KEAP1+STK11+TP53	same_stage_one_event	STK11	1	0.0717142763827842	7.367025195226167e-05	5.283208809693841e-06
rule_a_one_step	unknown::KEAP1+STK11	unknown::KEAP1+STK11+TP53	same_stage_one_event	TP53	1	0.019067661928793108	0.00014734050390452334	2.809438916869472e-06
rule_a_one_step	unknown::TP53	unknown::KEAP1+TP53	same_stage_one_event	KEAP1	1	0.07106467322771289	0.0035730072196846915	0.0002539145905071515
rule_a_one_step	unknown::KEAP1	unknown::KEAP1+TP53	same_stage_one_event	TP53	1	0.26441632646088126	7.367025195226167e-05	1.9479617390664598e-05
rule_a_one_step	unknown::NF1+RBM10+TP53	unknown::KRAS+NF1+RBM10+TP53	same_stage_one_event	KRAS	1	0.024929455729443342	3.6835125976130835e-05	9.182796423104221e-07
rule_a_one_step	unknown::KRAS+RBM10+TP53	unknown::KRAS+NF1+RBM10+TP53	same_stage_one_event	NF1	1	0.12188997415310952	0.00014734050390452334	1.7959330212628483e-05
rule_a_one_step	unknown::KRAS+NF1+TP53	unknown::KRAS+NF1+RBM10+TP53	same_stage_one_event	RBM10	1	0.1325218610468757	7.367025195226167e-05	9.762918892505943e-06
rule_a_one_step	unknown::NF1+TP53	unknown::KRAS+NF1+TP53	same_stage_one_event	KRAS	1	0.02153228135006323	0.0004420215117135701	9.51773155299686e-06
rule_a_one_step	unknown::KRAS+TP53	unknown::KRAS+NF1+TP53	same_stage_one_event	NF1	1	0.08882431672420048	0.0014365699130691027	0.00012760234095490712
rule_a_one_step	unknown::PIK3CA	unknown::KRAS+PIK3CA	same_stage_one_event	KRAS	1	0.2854525457211368	0.00025784588183291586	7.360276337291725e-05
rule_a_one_step	unknown::KRAS	unknown::KRAS+PIK3CA	same_stage_one_event	PIK3CA	1	0.03385901601633562	0.002725799322233682	9.229288290882701e-05
rule_a_one_step	unknown::PIK3CA+TP53	unknown::KRAS+PIK3CA+TP53	same_stage_one_event	KRAS	1	0.0512225107847666	0.00025784588183291586	1.3207513462994186e-05
rule_a_one_step	unknown::KRAS+TP53	unknown::KRAS+PIK3CA+TP53	same_stage_one_event	PIK3CA	1	0.08084227211676787	0.0014365699130691027	0.00011613557582709396
rule_a_one_step	unknown::KRAS+PIK3CA	unknown::KRAS+PIK3CA+TP53	same_stage_one_event	TP53	1	0.3333119202853439	7.367025195226167e-05	2.4555173146113442e-05
rule_a_one_step	unknown::SMARCA4+TP53	unknown::KRAS+SMARCA4+TP53	same_stage_one_event	KRAS	1	0.04518519978622393	0.00022101075585678504	9.986415158293193e-06
rule_a_one_step	unknown::KRAS+TP53	unknown::KRAS+SMARCA4+TP53	same_stage_one_event	SMARCA4	1	0.04860944874616721	0.0014365699130691027	6.983087155961844e-05
rule_a_one_step	unknown::KRAS+SMARCA4	unknown::KRAS+SMARCA4+TP53	same_stage_one_event	TP53	1	0.5329517302485729	0.0001841756298806542	9.815672061451542e-05
rule_a_one_step	unknown::RBM10	unknown::MET+RBM10	same_stage_one_event	MET	1	0.04361582551228316	3.6835125976130835e-05	1.6065944272978913e-06
rule_a_one_step	unknown::MET	unknown::MET+RBM10	same_stage_one_event	RBM10	1	0.025965255423396817	0.0004788566376897009	1.2433634908802071e-05
rule_a_one_step	unknown::TP53	unknown::MET+TP53	same_stage_one_event	MET	1	0.042565338649767685	0.0035730072196846915	0.00015208626230394376
rule_a_one_step	unknown::MET	unknown::MET+TP53	same_stage_one_event	TP53	1	0.29657564600355596	0.0004788566376897009	0.00014201721666591379
rule_a_one_step	unknown::TP53	unknown::RBM10+TP53	same_stage_one_event	RBM10	1	0.04867107688927608	0.0035730072196846915	0.00017390210911521215
rule_a_one_step	unknown::RBM10	unknown::RBM10+TP53	same_stage_one_event	TP53	1	0.0556014704248077	3.6835125976130835e-05	2.048087167555905e-06
rule_a_one_step	unknown::STK11+TP53	unknown::SETD2+STK11+TP53	same_stage_one_event	SETD2	1	0.01426201572920394	0.0001841756298806542	2.626715730293933e-06
rule_a_one_step	unknown::SETD2+TP53	unknown::SETD2+STK11+TP53	same_stage_one_event	STK11	1	0.14427643171641857	0.0001841756298806542	2.6572202688304585e-05
rule_a_one_step	unknown::WT	unknown::SMARCA4	same_stage_one_event	SMARCA4	1	0.013810094836322685	0.11787240312361869	0.0016278290657224324
rule_a_one_step	metastatic::ATM+BRAF+KEAP1+RBM10+TP53	metastatic::ARID1A+ATM+BRAF+KEAP1+RBM10+TP53	same_stage_one_event	ARID1A	1	0.14151726203946968	3.6835125976130835e-05	5.212806175020984e-06
rule_a_one_step	metastatic::ARID1A+BRAF+NF1+TP53	metastatic::ARID1A+ATM+BRAF+NF1+TP53	same_stage_one_event	ATM	1	0.12709677672620392	7.367025195226167e-05	9.36325156373979e-06
rule_a_one_step	metastatic::ARID1A+ATM+BRAF+TP53	metastatic::ARID1A+ATM+BRAF+NF1+TP53	same_stage_one_event	NF1	1	0.1597418317623549	3.6835125976130835e-05	5.8841104966242405e-06
rule_a_one_step	metastatic::ATM+BRAF+SETD2+TP53	metastatic::ARID1A+ATM+BRAF+SETD2+TP53	same_stage_one_event	ARID1A	1	0.2093464997997117	3.6835125976130835e-05	7.711304692784429e-06
rule_a_one_step	metastatic::ARID1A+BRAF+SETD2+TP53	metastatic::ARID1A+ATM+BRAF+SETD2+TP53	same_stage_one_event	ATM	1	0.12806561356927307	3.6835125976130835e-05	4.717313009034664e-06
rule_a_one_step	metastatic::ARID1A+ATM+BRAF+TP53	metastatic::ARID1A+ATM+BRAF+SETD2+TP53	same_stage_one_event	SETD2	1	0.19903415828605828	3.6835125976130835e-05	7.331448294020122e-06
rule_a_one_step	metastatic::ATM+BRAF+TP53	metastatic::ARID1A+ATM+BRAF+TP53	same_stage_one_event	ARID1A	1	0.0844500903217298	0.0001841756298806542	1.5553648578482724e-05
rule_a_one_step	metastatic::ARID1A+BRAF+TP53	metastatic::ARID1A+ATM+BRAF+TP53	same_stage_one_event	ATM	1	0.0759172336476686	0.0001841756298806542	1.3982104325856159e-05
rule_a_one_step	metastatic::ARID1A+ATM+TP53	metastatic::ARID1A+ATM+BRAF+TP53	same_stage_one_event	BRAF	1	0.08309522309278958	7.367025195226167e-05	6.1216460212752e-06
rule_a_one_step	metastatic::ATM+CDKN2A+KEAP1+SMARCA4+TP53	metastatic::ARID1A+ATM+CDKN2A+KEAP1+SMARCA4+TP53	same_stage_one_event	ARID1A	1	0.17765591553125823	3.6835125976130835e-05	6.543978028998756e-06
rule_a_one_step	metastatic::ATM+CDKN2A+KRAS+RBM10	metastatic::ARID1A+ATM+CDKN2A+KRAS+RBM10	same_stage_one_event	ARID1A	1	0.11425205968778065	3.6835125976130835e-05	4.20848901163182e-06
rule_a_one_step	metastatic::ARID1A+ATM+KRAS+RBM10	metastatic::ARID1A+ATM+CDKN2A+KRAS+RBM10	same_stage_one_event	CDKN2A	1	0.05577384279709631	7.367025195226167e-05	4.10887305120792e-06
rule_a_one_step	metastatic::ARID1A+ATM+CDKN2A+NF1+TP53	metastatic::ARID1A+ATM+CDKN2A+NF1+PIK3CA+TP53	same_stage_one_event	PIK3CA	1	0.0517017146804479	3.6835125976130835e-05	1.9044391734362716e-06
rule_a_one_step	metastatic::ATM+CDKN2A+NF1+TP53	metastatic::ARID1A+ATM+CDKN2A+NF1+TP53	same_stage_one_event	ARID1A	1	0.15708210458060817	7.367025195226167e-05	1.1572278221644921e-05
rule_a_one_step	metastatic::ARID1A+CDKN2A+NF1+TP53	metastatic::ARID1A+ATM+CDKN2A+NF1+TP53	same_stage_one_event	ATM	1	0.13152357734191047	3.6835125976130835e-05	4.844687540220659e-06
rule_a_one_step	metastatic::ARID1A+ATM+CDKN2A+TP53	metastatic::ARID1A+ATM+CDKN2A+NF1+TP53	same_stage_one_event	NF1	1	0.13770992070245777	3.6835125976130835e-05	5.0725622772380194e-06
rule_a_one_step	metastatic::ARID1A+ATM+RBM10+SMARCA4+STK11+TP53	metastatic::ARID1A+ATM+CDKN2A+RBM10+SMARCA4+STK11+TP53	same_stage_one_event	CDKN2A	1	0.042231583428964214	3.6835125976130835e-05	1.5556056957773763e-06
rule_a_one_step	metastatic::ATM+CDKN2A+TP53	metastatic::ARID1A+ATM+CDKN2A+TP53	same_stage_one_event	ARID1A	1	0.07824517728381954	7.367025195226167e-05	5.764341924548367e-06
rule_a_one_step	metastatic::ARID1A+CDKN2A+TP53	metastatic::ARID1A+ATM+CDKN2A+TP53	same_stage_one_event	ATM	1	0.072440596057202	0.00014734050390452334	1.067343392621217e-05
rule_a_one_step	metastatic::ARID1A+ATM+TP53	metastatic::ARID1A+ATM+CDKN2A+TP53	same_stage_one_event	CDKN2A	1	0.07010542348162392	7.367025195226167e-05	5.164684211111236e-06
rule_a_one_step	metastatic::ARID1A+ATM+CDKN2A	metastatic::ARID1A+ATM+CDKN2A+TP53	same_stage_one_event	TP53	1	0.06445083522623929	3.6835125976130835e-05	2.374054634825375e-06
rule_a_one_step	metastatic::ATM+EGFR+KRAS+TP53	metastatic::ARID1A+ATM+EGFR+KRAS+TP53	same_stage_one_event	ARID1A	1	0.10603780608816174	7.367025195226167e-05	7.811831890979942e-06
rule_a_one_step	metastatic::ARID1A+ATM+KRAS+TP53	metastatic::ARID1A+ATM+EGFR+KRAS+TP53	same_stage_one_event	EGFR	1	0.0011876928983443314	0.00022101075585678504	2.624929051888164e-07
rule_a_one_step	metastatic::ARID1A+ATM+EGFR+TP53	metastatic::ARID1A+ATM+EGFR+KRAS+TP53	same_stage_one_event	KRAS	1	0.022955632709620498	3.6835125976130835e-05	8.455736227206606e-07
rule_a_one_step	metastatic::ATM+EGFR+SETD2	metastatic::ARID1A+ATM+EGFR+SETD2	same_stage_one_event	ARID1A	1	0.09332687137470011	3.6835125976130835e-05	3.4377070640452374e-06
rule_a_one_step	metastatic::ARID1A+ATM+EGFR	metastatic::ARID1A+ATM+EGFR+SETD2	same_stage_one_event	SETD2	1	0.0340625948933748	7.367025195226167e-05	2.5093999479427434e-06
rule_a_one_step	metastatic::ATM+EGFR+TP53	metastatic::ARID1A+ATM+EGFR+TP53	same_stage_one_event	ARID1A	1	0.10632981848161793	0.0017312509208781495	0.00018408359616310752
rule_a_one_step	metastatic::ARID1A+EGFR+TP53	metastatic::ARID1A+ATM+EGFR+TP53	same_stage_one_event	ATM	1	0.10642895498678312	0.001362899661116841	0.00014505198668450625
rule_a_one_step	metastatic::ARID1A+ATM+TP53	metastatic::ARID1A+ATM+EGFR+TP53	same_stage_one_event	EGFR	1	0.04284068671088164	7.367025195226167e-05	3.156084183798559e-06
rule_a_one_step	metastatic::ARID1A+ATM+EGFR	metastatic::ARID1A+ATM+EGFR+TP53	same_stage_one_event	TP53	1	0.4325213283914612	7.367025195226167e-05	3.1863955237325854e-05
rule_a_one_step	metastatic::ATM+KEAP1+KRAS	metastatic::ARID1A+ATM+KEAP1+KRAS	same_stage_one_event	ARID1A	1	0.08841488411177258	0.0003683512597613084	3.2567733944221515e-05
rule_a_one_step	metastatic::ARID1A+KEAP1+KRAS	metastatic::ARID1A+ATM+KEAP1+KRAS	same_stage_one_event	ATM	1	0.06995670715652615	0.00011050537792839252	7.730592362957804e-06
rule_a_one_step	metastatic::ARID1A+ATM+KRAS	metastatic::ARID1A+ATM+KEAP1+KRAS	same_stage_one_event	KEAP1	1	0.030984604261638023	0.00025784588183291586	7.989252609085978e-06
rule_a_one_step	metastatic::ATM+KEAP1+KRAS+SMARCA4+STK11	metastatic::ARID1A+ATM+KEAP1+KRAS+SMARCA4+STK11	same_stage_one_event	ARID1A	1	0.17369024552411025	0.00022101075585678504	3.838741244823418e-05
rule_a_one_step	metastatic::ARID1A+KEAP1+KRAS+SMARCA4+STK11	metastatic::ARID1A+ATM+KEAP1+KRAS+SMARCA4+STK11	same_stage_one_event	ATM	1	0.2592701558396217	3.6835125976130835e-05	9.55024885220354e-06
rule_a_one_step	metastatic::ARID1A+ATM+KRAS+SMARCA4+STK11	metastatic::ARID1A+ATM+KEAP1+KRAS+SMARCA4+STK11	same_stage_one_event	KEAP1	1	0.5496910888079065	3.6835125976130835e-05	2.0247940504195758e-05
rule_a_one_step	metastatic::ARID1A+ATM+KEAP1+KRAS+STK11	metastatic::ARID1A+ATM+KEAP1+KRAS+SMARCA4+STK11	same_stage_one_event	SMARCA4	1	0.5043613095520965	0.00011050537792839252	5.573463712451339e-05
rule_a_one_step	metastatic::ATM+KEAP1+MET+SMARCA4+TP53	metastatic::ARID1A+ATM+KEAP1+MET+SMARCA4+TP53	same_stage_one_event	ARID1A	1	0.14896668326023974	3.6835125976130835e-05	5.4872065441373114e-06
rule_a_one_step	metastatic::ARID1A+ATM+KEAP1+MET+TP53	metastatic::ARID1A+ATM+KEAP1+MET+SMARCA4+TP53	same_stage_one_event	SMARCA4	1	0.17106112630984172	3.6835125976130835e-05	6.301058137241849e-06
rule_a_one_step	metastatic::ATM+KEAP1+MET+TP53	metastatic::ARID1A+ATM+KEAP1+MET+TP53	same_stage_one_event	ARID1A	1	0.11428592675420256	3.6835125976130835e-05	4.209736509289913e-06
rule_a_one_step	metastatic::ARID1A+KEAP1+MET+TP53	metastatic::ARID1A+ATM+KEAP1+MET+TP53	same_stage_one_event	ATM	1	0.07900639437853008	7.367025195226167e-05	5.820420979706061e-06
rule_a_one_step	metastatic::ARID1A+ATM+MET+TP53	metastatic::ARID1A+ATM+KEAP1+MET+TP53	same_stage_one_event	KEAP1	1	0.026979985864078716	3.6835125976130835e-05	9.938111781375688e-07
rule_a_one_step	metastatic::ATM+KRAS+MET+RBM10	metastatic::ARID1A+ATM+KRAS+MET+RBM10	same_stage_one_event	ARID1A	1	0.1028717144592255	0.00011050537792839252	1.1367877684458394e-05
rule_a_one_step	metastatic::ARID1A+ATM+KRAS+RBM10	metastatic::ARID1A+ATM+KRAS+MET+RBM10	same_stage_one_event	MET	1	0.025155487674070855	7.367025195226167e-05	1.8532111149308127e-06
rule_a_one_step	metastatic::ATM+KRAS+SETD2	metastatic::ARID1A+ATM+KRAS+SETD2	same_stage_one_event	ARID1A	1	0.13815329706629798	0.00011050537792839252	1.526668230436474e-05
rule_a_one_step	metastatic::ARID1A+KRAS+SETD2	metastatic::ARID1A+ATM+KRAS+SETD2	same_stage_one_event	ATM	1	0.10425743790791236	3.6835125976130835e-05	3.84033585928659e-06
rule_a_one_step	metastatic::ARID1A+ATM+KRAS	metastatic::ARID1A+ATM+KRAS+SETD2	same_stage_one_event	SETD2	1	0.06292676577114496	0.00025784588183291586	1.622540741115422e-05
rule_a_one_step	metastatic::ATM+KRAS+SETD2+TP53	metastatic::ARID1A+ATM+KRAS+SETD2+TP53	same_stage_one_event	ARID1A	1	0.19965750613077238	0.00022101075585678504	4.412645634244269e-05
rule_a_one_step	metastatic::ARID1A+KRAS+SETD2+TP53	metastatic::ARID1A+ATM+KRAS+SETD2+TP53	same_stage_one_event	ATM	1	0.1473454931167571	0.00011050537792839252	1.62824694029126e-05
rule_a_one_step	metastatic::ARID1A+ATM+KRAS+TP53	metastatic::ARID1A+ATM+KRAS+SETD2+TP53	same_stage_one_event	SETD2	1	0.0637812039437687	0.00022101075585678504	1.4096332093068079e-05
rule_a_one_step	metastatic::ARID1A+ATM+KRAS+SETD2	metastatic::ARID1A+ATM+KRAS+SETD2+TP53	same_stage_one_event	TP53	1	0.22945013412888396	3.6835125976130835e-05	8.451824595877558e-06
rule_a_one_step	metastatic::ATM+KRAS+SMARCA4+STK11	metastatic::ARID1A+ATM+KRAS+SMARCA4+STK11	same_stage_one_event	ARID1A	1	0.06141200643298729	0.00014734050390452334	9.048475973624176e-06
rule_a_one_step	metastatic::ARID1A+KRAS+SMARCA4+STK11	metastatic::ARID1A+ATM+KRAS+SMARCA4+STK11	same_stage_one_event	ATM	1	0.10008521866845407	3.6835125976130835e-05	3.6866516380011074e-06
rule_a_one_step	metastatic::ARID1A+ATM+KRAS+STK11	metastatic::ARID1A+ATM+KRAS+SMARCA4+STK11	same_stage_one_event	SMARCA4	1	0.133328074862107	7.367025195226167e-05	9.822312867401427e-06
rule_a_one_step	metastatic::ATM+KRAS+STK11+TP53	metastatic::ARID1A+ATM+KRAS+STK11+TP53	same_stage_one_event	ARID1A	1	0.060410007151183026	0.0001841756298806542	1.1126051118163958e-05
rule_a_one_step	metastatic::ARID1A+KRAS+STK11+TP53	metastatic::ARID1A+ATM+KRAS+STK11+TP53	same_stage_one_event	ATM	1	0.07152207653082061	7.367025195226167e-05	5.269049398174496e-06
rule_a_one_step	metastatic::ARID1A+ATM+STK11+TP53	metastatic::ARID1A+ATM+KRAS+STK11+TP53	same_stage_one_event	KRAS	1	0.08861137218340458	7.367025195226167e-05	6.528022114587047e-06
rule_a_one_step	metastatic::ARID1A+ATM+KRAS+TP53	metastatic::ARID1A+ATM+KRAS+STK11+TP53	same_stage_one_event	STK11	1	0.3784715958083253	0.00022101075585678504	8.364629345992161e-05
rule_a_one_step	metastatic::ARID1A+ATM+KRAS+STK11	metastatic::ARID1A+ATM+KRAS+STK11+TP53	same_stage_one_event	TP53	1	0.01738816108582837	7.367025195226167e-05	1.280990208179488e-06
rule_a_one_step	metastatic::ATM+MET	metastatic::ARID1A+ATM+MET	same_stage_one_event	ARID1A	1	0.02644423141540447	0.0001841756298806542	4.8703829776419014e-06
rule_a_one_step	metastatic::ATM+MET+TP53	metastatic::ARID1A+ATM+MET+TP53	same_stage_one_event	ARID1A	1	0.07636451251199426	0.00022101075585678504	1.687737863091077e-05
rule_a_one_step	metastatic::ARID1A+MET+TP53	metastatic::ARID1A+ATM+MET+TP53	same_stage_one_event	ATM	1	0.06666038291817122	0.00022101075585678504	1.4732661614447744e-05
rule_a_one_step	metastatic::ARID1A+ATM+TP53	metastatic::ARID1A+ATM+MET+TP53	same_stage_one_event	MET	1	0.05210292299861906	7.367025195226167e-05	3.838435464757555e-06
rule_a_one_step	metastatic::ARID1A+ATM+MET	metastatic::ARID1A+ATM+MET+TP53	same_stage_one_event	TP53	1	0.1025491387049166	3.6835125976130835e-05	3.777410442939317e-06
rule_a_one_step	metastatic::ATM+NF1	metastatic::ARID1A+ATM+NF1	same_stage_one_event	ARID1A	1	0.06150235382764844	3.6835125976130835e-05	2.2654469510700027e-06
rule_a_one_step	metastatic::ARID1A+NF1	metastatic::ARID1A+ATM+NF1	same_stage_one_event	ATM	1	0.06742544351542322	0.00011050537792839252	7.450874117661325e-06
rule_a_one_step	metastatic::ARID1A+NF1+STK11+TP53	metastatic::ARID1A+ATM+NF1+STK11+TP53	same_stage_one_event	ATM	1	0.06486833068141437	7.367025195226167e-05	4.778866265022423e-06
rule_a_one_step	metastatic::ARID1A+ATM+STK11+TP53	metastatic::ARID1A+ATM+NF1+STK11+TP53	same_stage_one_event	NF1	1	0.09511431311255161	7.367025195226167e-05	7.007095411267983e-06
rule_a_one_step	metastatic::ARID1A+ATM+TP53	metastatic::ARID1A+ATM+PIK3CA+TP53	same_stage_one_event	PIK3CA	1	0.046969735188526464	7.367025195226167e-05	3.4602722254697552e-06
rule_a_one_step	metastatic::ATM+RBM10+TP53	metastatic::ARID1A+ATM+RBM10+TP53	same_stage_one_event	ARID1A	1	0.09310328725454146	3.6835125976130835e-05	3.4294713148129313e-06
rule_a_one_step	metastatic::ARID1A+RBM10+TP53	metastatic::ARID1A+ATM+RBM10+TP53	same_stage_one_event	ATM	1	0.08043276837316281	3.6835125976130835e-05	2.962751155634404e-06
rule_a_one_step	metastatic::ARID1A+ATM+TP53	metastatic::ARID1A+ATM+RBM10+TP53	same_stage_one_event	RBM10	1	0.062111662465408835	7.367025195226167e-05	4.575781823000503e-06
rule_a_one_step	metastatic::ATM+SMARCA4+TP53	metastatic::ARID1A+ATM+SMARCA4+TP53	same_stage_one_event	ARID1A	1	0.08801968131429468	0.00014734050390452334	1.2968864198363734e-05
rule_a_one_step	metastatic::ARID1A+SMARCA4+TP53	metastatic::ARID1A+ATM+SMARCA4+TP53	same_stage_one_event	ATM	1	0.07237884488280212	0.00011050537792839252	7.998251607794548e-06
rule_a_one_step	metastatic::ARID1A+ATM+TP53	metastatic::ARID1A+ATM+SMARCA4+TP53	same_stage_one_event	SMARCA4	1	0.06135108201018786	7.367025195226167e-05	4.519749669234408e-06
rule_a_one_step	metastatic::ARID1A+BRAF+CDKN2A+SMARCA4+TP53	metastatic::ARID1A+BRAF+CDKN2A+KEAP1+SMARCA4+TP53	same_stage_one_event	KEAP1	1	0.08407532954506935	3.6835125976130835e-05	3.0969253552773445e-06
rule_a_one_step	metastatic::ARID1A+CDKN2A+KRAS+NF1+TP53	metastatic::ARID1A+BRAF+CDKN2A+KRAS+NF1+TP53	same_stage_one_event	BRAF	1	0.045108479473585865	3.6835125976130835e-05	1.6615765240012473e-06
rule_a_one_step	metastatic::ARID1A+BRAF+KRAS+NF1+TP53	metastatic::ARID1A+BRAF+CDKN2A+KRAS+NF1+TP53	same_stage_one_event	CDKN2A	1	0.1180661273371113	3.6835125976130835e-05	4.348980673976399e-06
rule_a_one_step	metastatic::BRAF+CDKN2A+SMARCA4+TP53	metastatic::ARID1A+BRAF+CDKN2A+SMARCA4+TP53	same_stage_one_event	ARID1A	1	0.09191277824216026	7.367025195226167e-05	6.7712375307323015e-06
rule_a_one_step	metastatic::ARID1A+CDKN2A+SMARCA4+TP53	metastatic::ARID1A+BRAF+CDKN2A+SMARCA4+TP53	same_stage_one_event	BRAF	1	0.09118965419473901	0.00011050537792839252	1.0076947199949058e-05
rule_a_one_step	metastatic::ARID1A+BRAF+SMARCA4+TP53	metastatic::ARID1A+BRAF+CDKN2A+SMARCA4+TP53	same_stage_one_event	CDKN2A	1	0.11654290601686017	3.6835125976130835e-05	4.29287262475542e-06
rule_a_one_step	metastatic::BRAF+EGFR+SETD2	metastatic::ARID1A+BRAF+EGFR+SETD2	same_stage_one_event	ARID1A	1	0.04612977232693972	0.00011050537792839252	5.097587924739176e-06
rule_a_one_step	metastatic::ARID1A+BRAF+SETD2	metastatic::ARID1A+BRAF+EGFR+SETD2	same_stage_one_event	EGFR	1	0.038588530796310215	0.00011050537792839252	4.264240179347674e-06
rule_a_one_step	metastatic::ARID1A+BRAF+EGFR	metastatic::ARID1A+BRAF+EGFR+SETD2	same_stage_one_event	SETD2	1	0.05597355137080058	7.367025195226167e-05	4.12358563214974e-06
rule_a_one_step	metastatic::BRAF+EGFR+SETD2+TP53	metastatic::ARID1A+BRAF+EGFR+SETD2+TP53	same_stage_one_event	ARID1A	1	0.17593296751369128	7.367025195226167e-05	1.2961026043442703e-05
rule_a_one_step	metastatic::ARID1A+EGFR+SETD2+TP53	metastatic::ARID1A+BRAF+EGFR+SETD2+TP53	same_stage_one_event	BRAF	1	0.07253398241235323	3.6835125976130835e-05	2.6717983797094898e-06
rule_a_one_step	metastatic::ARID1A+BRAF+SETD2+TP53	metastatic::ARID1A+BRAF+EGFR+SETD2+TP53	same_stage_one_event	EGFR	1	0.0063884930238063435	3.6835125976130835e-05	2.3532094532953968e-07
rule_a_one_step	metastatic::ARID1A+BRAF+EGFR+SETD2	metastatic::ARID1A+BRAF+EGFR+SETD2+TP53	same_stage_one_event	TP53	1	0.6956492719011953	3.6835125976130835e-05	2.5624328565684223e-05
rule_a_one_step	metastatic::ARID1A+EGFR+SMARCA4+TP53	metastatic::ARID1A+BRAF+EGFR+SMARCA4+TP53	same_stage_one_event	BRAF	1	0.072875884331599	7.367025195226167e-05	5.368784759952777e-06
rule_a_one_step	metastatic::ARID1A+BRAF+SMARCA4+TP53	metastatic::ARID1A+BRAF+EGFR+SMARCA4+TP53	same_stage_one_event	EGFR	1	0.007684771935165511	3.6835125976130835e-05	2.830695423296563e-07
rule_a_one_step	metastatic::BRAF+EGFR+STK11+TP53	metastatic::ARID1A+BRAF+EGFR+STK11+TP53	same_stage_one_event	ARID1A	1	0.04996813028412165	7.367025195226167e-05	3.6811647476146784e-06
rule_a_one_step	metastatic::ARID1A+EGFR+STK11+TP53	metastatic::ARID1A+BRAF+EGFR+STK11+TP53	same_stage_one_event	BRAF	1	0.054998480495677855	3.6835125976130835e-05	2.0258759575540683e-06
rule_a_one_step	metastatic::ARID1A+BRAF+STK11+TP53	metastatic::ARID1A+BRAF+EGFR+STK11+TP53	same_stage_one_event	EGFR	1	0.00041503599188420196	3.6835125976130835e-05	1.5287903045682995e-08
rule_a_one_step	metastatic::ARID1A+KEAP1+MET+NF1+TP53	metastatic::ARID1A+BRAF+KEAP1+MET+NF1+TP53	same_stage_one_event	BRAF	1	0.07770054873722412	3.6835125976130835e-05	2.8621095011501444e-06
rule_a_one_step	metastatic::BRAF+KEAP1+NF1+STK11	metastatic::ARID1A+BRAF+KEAP1+NF1+STK11	same_stage_one_event	ARID1A	1	0.07702156707210023	3.6835125976130835e-05	2.8370991259798223e-06
rule_a_one_step	metastatic::BRAF+KEAP1+SMARCA4+STK11	metastatic::ARID1A+BRAF+KEAP1+SMARCA4+STK11	same_stage_one_event	ARID1A	1	0.0782937603588011	3.6835125976130835e-05	2.883960525961437e-06
rule_a_one_step	metastatic::ARID1A+KEAP1+SMARCA4+STK11	metastatic::ARID1A+BRAF+KEAP1+SMARCA4+STK11	same_stage_one_event	BRAF	1	0.045744517236250226	0.00011050537792839252	5.055015165343697e-06
rule_a_one_step	metastatic::BRAF+KEAP1+TP53	metastatic::ARID1A+BRAF+KEAP1+TP53	same_stage_one_event	ARID1A	1	0.0950085736628632	0.00025784588183291586	2.4497569457788507e-05
rule_a_one_step	metastatic::ARID1A+KEAP1+TP53	metastatic::ARID1A+BRAF+KEAP1+TP53	same_stage_one_event	BRAF	1	0.06368239846102879	0.0005156917636658317	3.284048837683818e-05
rule_a_one_step	metastatic::ARID1A+BRAF+TP53	metastatic::ARID1A+BRAF+KEAP1+TP53	same_stage_one_event	KEAP1	1	0.06588062490164552	0.0001841756298806542	1.2133605588191675e-05
rule_a_one_step	metastatic::BRAF+KRAS+NF1+TP53	metastatic::ARID1A+BRAF+KRAS+NF1+TP53	same_stage_one_event	ARID1A	1	0.11216575880670876	7.367025195226167e-05	8.263279711706847e-06
rule_a_one_step	metastatic::ARID1A+KRAS+NF1+TP53	metastatic::ARID1A+BRAF+KRAS+NF1+TP53	same_stage_one_event	BRAF	1	0.040471506593305305	0.00011050537792839252	4.4723191314246324e-06
rule_a_one_step	metastatic::ARID1A+BRAF+NF1+TP53	metastatic::ARID1A+BRAF+KRAS+NF1+TP53	same_stage_one_event	KRAS	1	0.004385266892134918	7.367025195226167e-05	3.230637168214909e-07
rule_a_one_step	metastatic::ARID1A+BRAF+KRAS+TP53	metastatic::ARID1A+BRAF+KRAS+NF1+TP53	same_stage_one_event	NF1	1	0.08983080040773775	7.367025195226167e-05	6.61785769911137e-06
rule_a_one_step	metastatic::ARID1A+BRAF+KRAS+SMARCA4+TP53	metastatic::ARID1A+BRAF+KRAS+PIK3CA+SMARCA4+TP53	same_stage_one_event	PIK3CA	1	0.08301199577558709	3.6835125976130835e-05	3.057757321923791e-06
rule_a_one_step	metastatic::BRAF+KRAS+SMARCA4+TP53	metastatic::ARID1A+BRAF+KRAS+SMARCA4+TP53	same_stage_one_event	ARID1A	1	0.07733066322368234	3.6835125976130835e-05	2.848484721662087e-06
rule_a_one_step	metastatic::ARID1A+KRAS+SMARCA4+TP53	metastatic::ARID1A+BRAF+KRAS+SMARCA4+TP53	same_stage_one_event	BRAF	1	0.045085447426492044	7.367025195226167e-05	3.3214562712901166e-06
rule_a_one_step	metastatic::ARID1A+BRAF+SMARCA4+TP53	metastatic::ARID1A+BRAF+KRAS+SMARCA4+TP53	same_stage_one_event	KRAS	1	0.00956451638633565	3.6835125976130835e-05	3.523101659914413e-07
rule_a_one_step	metastatic::ARID1A+BRAF+KRAS+TP53	metastatic::ARID1A+BRAF+KRAS+SMARCA4+TP53	same_stage_one_event	SMARCA4	1	0.04923477722237793	7.367025195226167e-05	3.627138442786056e-06
rule_a_one_step	metastatic::BRAF+MET+SETD2+TP53	metastatic::ARID1A+BRAF+MET+SETD2+TP53	same_stage_one_event	ARID1A	1	0.15432621495568458	3.6835125976130835e-05	5.684625569312088e-06
rule_a_one_step	metastatic::ARID1A+BRAF+SETD2+TP53	metastatic::ARID1A+BRAF+MET+SETD2+TP53	same_stage_one_event	MET	1	0.02080847277076294	3.6835125976130835e-05	7.664827158819412e-07
rule_a_one_step	metastatic::ARID1A+BRAF+MET+TP53	metastatic::ARID1A+BRAF+MET+SETD2+TP53	same_stage_one_event	SETD2	1	0.15878600241595736	3.6835125976130835e-05	5.8489024022380045e-06
rule_a_one_step	metastatic::ARID1A+MET+STK11+TP53	metastatic::ARID1A+BRAF+MET+STK11+TP53	same_stage_one_event	BRAF	1	0.07565139380274585	3.6835125976130835e-05	2.7866286209940272e-06
rule_a_one_step	metastatic::ARID1A+BRAF+STK11+TP53	metastatic::ARID1A+BRAF+MET+STK11+TP53	same_stage_one_event	MET	1	0.0025303621405111513	3.6835125976130835e-05	9.320620821096033e-08
rule_a_one_step	metastatic::ARID1A+BRAF+MET+TP53	metastatic::ARID1A+BRAF+MET+STK11+TP53	same_stage_one_event	STK11	1	0.19813106197837088	3.6835125976130835e-05	7.298182627757878e-06
rule_a_one_step	metastatic::BRAF+MET+TP53	metastatic::ARID1A+BRAF+MET+TP53	same_stage_one_event	ARID1A	1	0.06384155491825728	0.00011050537792839252	7.054835153778248e-06
rule_a_one_step	metastatic::ARID1A+MET+TP53	metastatic::ARID1A+BRAF+MET+TP53	same_stage_one_event	BRAF	1	0.09003106357663225	0.00022101075585678504	1.989783341166176e-05
rule_a_one_step	metastatic::ARID1A+BRAF+TP53	metastatic::ARID1A+BRAF+MET+TP53	same_stage_one_event	MET	1	0.016301747393738592	0.0001841756298806542	3.002384594397118e-06
rule_a_one_step	metastatic::BRAF+PIK3CA	metastatic::ARID1A+BRAF+PIK3CA	same_stage_one_event	ARID1A	1	0.038442694683197026	7.367025195226167e-05	2.832083003034995e-06
rule_a_one_step	metastatic::ARID1A+PIK3CA	metastatic::ARID1A+BRAF+PIK3CA	same_stage_one_event	BRAF	1	0.043671057420067834	7.367025195226167e-05	3.217257803158084e-06
rule_a_one_step	metastatic::ARID1A+BRAF	metastatic::ARID1A+BRAF+PIK3CA	same_stage_one_event	PIK3CA	1	0.031195306908779565	7.367025195226167e-05	2.29816611969792e-06
rule_a_one_step	metastatic::ARID1A+BRAF+SETD2+TP53	metastatic::ARID1A+BRAF+RBM10+SETD2+TP53	same_stage_one_event	RBM10	1	0.07717751071486166	3.6835125976130835e-05	2.842843329706117e-06
rule_a_one_step	metastatic::BRAF+SETD2+STK11+TP53	metastatic::ARID1A+BRAF+SETD2+STK11+TP53	same_stage_one_event	ARID1A	1	0.0672139083611623	3.6835125976130835e-05	2.475832781831527e-06
rule_a_one_step	metastatic::ARID1A+BRAF+STK11+TP53	metastatic::ARID1A+BRAF+SETD2+STK11+TP53	same_stage_one_event	SETD2	1	0.06031764437654505	3.6835125976130835e-05	2.2218080291934965e-06
rule_a_one_step	metastatic::ARID1A+BRAF+SETD2+TP53	metastatic::ARID1A+BRAF+SETD2+STK11+TP53	same_stage_one_event	STK11	1	0.21422967923481162	3.6835125976130835e-05	7.891177222440387e-06
rule_a_one_step	metastatic::BRAF+SETD2+TP53	metastatic::ARID1A+BRAF+SETD2+TP53	same_stage_one_event	ARID1A	1	0.16197714453596815	0.0003683512597613084	5.96644852423634e-05
rule_a_one_step	metastatic::ARID1A+SETD2+TP53	metastatic::ARID1A+BRAF+SETD2+TP53	same_stage_one_event	BRAF	1	0.0850856103318972	0.0002946810078090467	2.5073113402651302e-05
rule_a_one_step	metastatic::ARID1A+BRAF+TP53	metastatic::ARID1A+BRAF+SETD2+TP53	same_stage_one_event	SETD2	1	0.17662833457150223	0.0001841756298806542	3.2530634774477355e-05
rule_a_one_step	metastatic::ARID1A+BRAF+SETD2	metastatic::ARID1A+BRAF+SETD2+TP53	same_stage_one_event	TP53	1	0.3307865715038993	0.00011050537792839252	3.6553695097675626e-05
rule_a_one_step	metastatic::BRAF+SMARCA4+TP53	metastatic::ARID1A+BRAF+SMARCA4+TP53	same_stage_one_event	ARID1A	1	0.07818166818291124	0.00011050537792839252	8.639494789624787e-06
rule_a_one_step	metastatic::ARID1A+SMARCA4+TP53	metastatic::ARID1A+BRAF+SMARCA4+TP53	same_stage_one_event	BRAF	1	0.07973478348483745	0.00011050537792839252	8.811122383030512e-06
rule_a_one_step	metastatic::ARID1A+BRAF+TP53	metastatic::ARID1A+BRAF+SMARCA4+TP53	same_stage_one_event	SMARCA4	1	0.06144039436903322	0.0001841756298806542	1.1315823333032493e-05
rule_a_one_step	metastatic::BRAF+STK11+TP53	metastatic::ARID1A+BRAF+STK11+TP53	same_stage_one_event	ARID1A	1	0.032189388852587555	0.0004051863857374392	1.3042702128276967e-05
rule_a_one_step	metastatic::ARID1A+STK11+TP53	metastatic::ARID1A+BRAF+STK11+TP53	same_stage_one_event	BRAF	1	0.045920113584577676	0.0001841756298806542	8.457365843630779e-06
rule_a_one_step	metastatic::ARID1A+BRAF+TP53	metastatic::ARID1A+BRAF+STK11+TP53	same_stage_one_event	STK11	1	0.20710872998520713	0.0001841756298806542	3.814438079880786e-05
rule_a_one_step	metastatic::ARID1A+CDKN2A+KEAP1+KRAS+TP53	metastatic::ARID1A+CDKN2A+EGFR+KEAP1+KRAS+TP53	same_stage_one_event	EGFR	1	0.0006639661980263049	0.00011050537792839252	7.337183564457472e-08
rule_a_one_step	metastatic::ARID1A+EGFR+SMARCA4+TP53	metastatic::ARID1A+CDKN2A+EGFR+SMARCA4+TP53	same_stage_one_event	CDKN2A	1	0.12188005539335399	7.367025195226167e-05	8.978934388783997e-06
rule_a_one_step	metastatic::ARID1A+CDKN2A+SMARCA4+TP53	metastatic::ARID1A+CDKN2A+EGFR+SMARCA4+TP53	same_stage_one_event	EGFR	1	0.0738842648023921	0.00011050537792839252	8.164608604949769e-06
rule_a_one_step	metastatic::ARID1A+CDKN2A+EGFR+TP53	metastatic::ARID1A+CDKN2A+EGFR+SMARCA4+TP53	same_stage_one_event	SMARCA4	1	0.11115064292890195	3.6835125976130835e-05	4.09424793461404e-06
rule_a_one_step	metastatic::CDKN2A+EGFR+TP53	metastatic::ARID1A+CDKN2A+EGFR+TP53	same_stage_one_event	ARID1A	1	0.08531373681027997	0.0015102401650213643	0.00012884423195894646
rule_a_one_step	metastatic::ARID1A+EGFR+TP53	metastatic::ARID1A+CDKN2A+EGFR+TP53	same_stage_one_event	CDKN2A	1	0.11264747628357141	0.001362899661116841	0.00015352720725254687
rule_a_one_step	metastatic::ARID1A+CDKN2A+TP53	metastatic::ARID1A+CDKN2A+EGFR+TP53	same_stage_one_event	EGFR	1	0.08148812267708612	0.00014734050390452334	1.2006501057475484e-05
rule_a_one_step	metastatic::ARID1A+KEAP1+KRAS	metastatic::ARID1A+CDKN2A+KEAP1+KRAS	same_stage_one_event	CDKN2A	1	0.03640458042480637	0.00011050537792839252	4.022901918167788e-06
rule_a_one_step	metastatic::ARID1A+CDKN2A+KRAS	metastatic::ARID1A+CDKN2A+KEAP1+KRAS	same_stage_one_event	KEAP1	1	0.030180031720864878	7.367025195226167e-05	2.223370540803365e-06
rule_a_one_step	metastatic::CDKN2A+KEAP1+KRAS+STK11	metastatic::ARID1A+CDKN2A+KEAP1+KRAS+STK11	same_stage_one_event	ARID1A	1	0.051884389735767	0.00011050537792839252	5.733504096334942e-06
rule_a_one_step	metastatic::ARID1A+KEAP1+KRAS+STK11	metastatic::ARID1A+CDKN2A+KEAP1+KRAS+STK11	same_stage_one_event	CDKN2A	1	0.06110260643973242	0.00025784588183291586	1.575505543974241e-05
rule_a_one_step	metastatic::ARID1A+CDKN2A+KEAP1+KRAS	metastatic::ARID1A+CDKN2A+KEAP1+KRAS+STK11	same_stage_one_event	STK11	1	0.04408239306905205	3.6835125976130835e-05	1.6237805020278492e-06
rule_a_one_step	metastatic::ARID1A+CDKN2A+KEAP1+NF1+PIK3CA+TP53	metastatic::ARID1A+CDKN2A+KEAP1+NF1+PIK3CA+RBM10+TP53	same_stage_one_event	RBM10	1	0.10276375104475767	3.6835125976130835e-05	3.7853157155133955e-06
rule_a_one_step	metastatic::ARID1A+CDKN2A+KEAP1+NF1+PIK3CA+TP53	metastatic::ARID1A+CDKN2A+KEAP1+NF1+PIK3CA+SMARCA4+TP53	same_stage_one_event	SMARCA4	1	0.40652968547044643	3.6835125976130835e-05	1.497457217734074e-05
rule_a_one_step	metastatic::ARID1A+KEAP1+NF1+PIK3CA+TP53	metastatic::ARID1A+CDKN2A+KEAP1+NF1+PIK3CA+TP53	same_stage_one_event	CDKN2A	1	0.15241689427305272	3.6835125976130835e-05	5.614295501438511e-06
rule_a_one_step	metastatic::ARID1A+KEAP1+NF1+STK11+TP53	metastatic::ARID1A+CDKN2A+KEAP1+NF1+STK11+TP53	same_stage_one_event	CDKN2A	1	0.08983410919033397	7.367025195226167e-05	6.618101457958889e-06
rule_a_one_step	metastatic::ARID1A+CDKN2A+KEAP1+STK11+TP53	metastatic::ARID1A+CDKN2A+KEAP1+NF1+STK11+TP53	same_stage_one_event	NF1	1	0.09955473043352883	3.6835125976130835e-05	3.667111037038781e-06
rule_a_one_step	metastatic::ARID1A+CDKN2A+KEAP1+SETD2+TP53	metastatic::ARID1A+CDKN2A+KEAP1+PIK3CA+SETD2+TP53	same_stage_one_event	PIK3CA	1	0.05979009466851599	3.6835125976130835e-05	2.202375669239575e-06
rule_a_one_step	metastatic::ARID1A+CDKN2A+KEAP1+SETD2+TP53	metastatic::ARID1A+CDKN2A+KEAP1+RBM10+SETD2+TP53	same_stage_one_event	RBM10	1	0.058432204956075075	3.6835125976130835e-05	2.152357630620122e-06
rule_a_one_step	metastatic::ARID1A+KEAP1+SETD2+TP53	metastatic::ARID1A+CDKN2A+KEAP1+SETD2+TP53	same_stage_one_event	CDKN2A	1	0.09703854807400689	3.6835125976130835e-05	3.574427142846872e-06
rule_a_one_step	metastatic::ARID1A+CDKN2A+KEAP1+TP53	metastatic::ARID1A+CDKN2A+KEAP1+SETD2+TP53	same_stage_one_event	SETD2	1	0.052433117175770656	0.00014734050390452334	7.725521905962966e-06
rule_a_one_step	metastatic::CDKN2A+KEAP1+STK11+TP53	metastatic::ARID1A+CDKN2A+KEAP1+STK11+TP53	same_stage_one_event	ARID1A	1	0.052232992687540745	0.00014734050390452334	7.696035463023537e-06
rule_a_one_step	metastatic::ARID1A+KEAP1+STK11+TP53	metastatic::ARID1A+CDKN2A+KEAP1+STK11+TP53	same_stage_one_event	CDKN2A	1	0.09658753732729869	0.00014734050390452334	1.4231256420701146e-05
rule_a_one_step	metastatic::ARID1A+CDKN2A+STK11+TP53	metastatic::ARID1A+CDKN2A+KEAP1+STK11+TP53	same_stage_one_event	KEAP1	1	0.6011305080348056	3.6835125976130835e-05	2.2142717991557595e-05
rule_a_one_step	metastatic::ARID1A+CDKN2A+KEAP1+TP53	metastatic::ARID1A+CDKN2A+KEAP1+STK11+TP53	same_stage_one_event	STK11	1	0.08216708810298352	0.00014734050390452334	1.2106540165460957e-05
rule_a_one_step	metastatic::CDKN2A+KRAS+NF1+TP53	metastatic::ARID1A+CDKN2A+KRAS+NF1+TP53	same_stage_one_event	ARID1A	1	0.13152657774033766	0.00011050537792839252	1.4534394180824112e-05
rule_a_one_step	metastatic::ARID1A+KRAS+NF1+TP53	metastatic::ARID1A+CDKN2A+KRAS+NF1+TP53	same_stage_one_event	CDKN2A	1	0.12855394712684615	0.00011050537792839252	1.4205902511438723e-05
rule_a_one_step	metastatic::ARID1A+CDKN2A+NF1+TP53	metastatic::ARID1A+CDKN2A+KRAS+NF1+TP53	same_stage_one_event	KRAS	1	0.025515590064288725	3.6835125976130835e-05	9.398699743733875e-07
rule_a_one_step	metastatic::ARID1A+CDKN2A+KRAS+TP53	metastatic::ARID1A+CDKN2A+KRAS+NF1+TP53	same_stage_one_event	NF1	1	0.10063147989181753	0.00014734050390452334	1.4827092955918303e-05
rule_a_one_step	metastatic::CDKN2A+KRAS+RBM10+TP53	metastatic::ARID1A+CDKN2A+KRAS+RBM10+TP53	same_stage_one_event	ARID1A	1	0.1109501051784071	0.00014734050390452334	1.634744440524637e-05
rule_a_one_step	metastatic::ARID1A+KRAS+RBM10+TP53	metastatic::ARID1A+CDKN2A+KRAS+RBM10+TP53	same_stage_one_event	CDKN2A	1	0.15569721906696662	0.00011050537792839252	1.720538003539487e-05
rule_a_one_step	metastatic::ARID1A+CDKN2A+RBM10+TP53	metastatic::ARID1A+CDKN2A+KRAS+RBM10+TP53	same_stage_one_event	KRAS	1	0.06146428344049162	3.6835125976130835e-05	2.264044623563121e-06
rule_a_one_step	metastatic::ARID1A+CDKN2A+KRAS+TP53	metastatic::ARID1A+CDKN2A+KRAS+RBM10+TP53	same_stage_one_event	RBM10	1	0.10883443646991571	0.00014734050390452334	1.6035720711642213e-05
rule_a_one_step	metastatic::CDKN2A+KRAS+SETD2+TP53	metastatic::ARID1A+CDKN2A+KRAS+SETD2+TP53	same_stage_one_event	ARID1A	1	0.1608709886300463	3.6835125976130835e-05	5.925703132092467e-06
rule_a_one_step	metastatic::ARID1A+KRAS+SETD2+TP53	metastatic::ARID1A+CDKN2A+KRAS+SETD2+TP53	same_stage_one_event	CDKN2A	1	0.09886909309944736	0.00011050537792839252	1.0925566498391855e-05
rule_a_one_step	metastatic::ARID1A+CDKN2A+KRAS+TP53	metastatic::ARID1A+CDKN2A+KRAS+SETD2+TP53	same_stage_one_event	SETD2	1	0.0524618331873082	0.00014734050390452334	7.729752937573036e-06
rule_a_one_step	metastatic::CDKN2A+MET+STK11+TP53	metastatic::ARID1A+CDKN2A+MET+STK11+TP53	same_stage_one_event	ARID1A	1	0.035901489145330326	3.6835125976130835e-05	1.3224358753989363e-06
rule_a_one_step	metastatic::ARID1A+MET+STK11+TP53	metastatic::ARID1A+CDKN2A+MET+STK11+TP53	same_stage_one_event	CDKN2A	1	0.08640274868621764	3.6835125976130835e-05	3.1826561325407998e-06
rule_a_one_step	metastatic::ARID1A+CDKN2A+STK11+TP53	metastatic::ARID1A+CDKN2A+MET+STK11+TP53	same_stage_one_event	MET	1	0.006457008994570319	3.6835125976130835e-05	2.378447397440076e-07
rule_a_one_step	metastatic::CDKN2A+NF1+TP53	metastatic::ARID1A+CDKN2A+NF1+TP53	same_stage_one_event	ARID1A	1	0.12249345573903637	0.00025784588183291586	3.158443311379308e-05
rule_a_one_step	metastatic::ARID1A+NF1+TP53	metastatic::ARID1A+CDKN2A+NF1+TP53	same_stage_one_event	CDKN2A	1	0.10467742138215966	0.0004420215117135701	4.6269672041620596e-05
rule_a_one_step	metastatic::ARID1A+CDKN2A+TP53	metastatic::ARID1A+CDKN2A+NF1+TP53	same_stage_one_event	NF1	1	0.1246693899899004	0.00014734050390452334	1.8368850742581465e-05
rule_a_one_step	metastatic::CDKN2A+RBM10+TP53	metastatic::ARID1A+CDKN2A+RBM10+TP53	same_stage_one_event	ARID1A	1	0.07375139684272615	7.367025195226167e-05	5.433283987234871e-06
rule_a_one_step	metastatic::ARID1A+RBM10+TP53	metastatic::ARID1A+CDKN2A+RBM10+TP53	same_stage_one_event	CDKN2A	1	0.09231018562243617	3.6835125976130835e-05	3.400257316282458e-06
rule_a_one_step	metastatic::ARID1A+CDKN2A+TP53	metastatic::ARID1A+CDKN2A+RBM10+TP53	same_stage_one_event	RBM10	1	0.057233762513634275	0.00014734050390452334	8.432851409110692e-06
rule_a_one_step	metastatic::CDKN2A+SMARCA4+STK11+TP53	metastatic::ARID1A+CDKN2A+SMARCA4+STK11+TP53	same_stage_one_event	ARID1A	1	0.03283580681687913	7.367025195226167e-05	2.4190221612552765e-06
rule_a_one_step	metastatic::ARID1A+CDKN2A+STK11+TP53	metastatic::ARID1A+CDKN2A+SMARCA4+STK11+TP53	same_stage_one_event	SMARCA4	1	0.1436155443468193	3.6835125976130835e-05	5.290096668145694e-06
rule_a_one_step	metastatic::ARID1A+CDKN2A+SMARCA4+TP53	metastatic::ARID1A+CDKN2A+SMARCA4+STK11+TP53	same_stage_one_event	STK11	1	0.21934516185188455	0.00011050537792839252	2.4238820007206926e-05
rule_a_one_step	metastatic::CDKN2A+STK11+TP53	metastatic::ARID1A+CDKN2A+STK11+TP53	same_stage_one_event	ARID1A	1	0.02544422271374584	0.00033151613378517756	8.43517034123002e-06
rule_a_one_step	metastatic::ARID1A+STK11+TP53	metastatic::ARID1A+CDKN2A+STK11+TP53	same_stage_one_event	CDKN2A	1	0.043715373101427174	0.0001841756298806542	8.051306376423158e-06
rule_a_one_step	metastatic::ARID1A+CDKN2A+TP53	metastatic::ARID1A+CDKN2A+STK11+TP53	same_stage_one_event	STK11	1	0.19257328891556683	0.00014734050390452334	2.8373845427370974e-05
rule_a_one_step	metastatic::ARID1A+EGFR+NF1+SMARCA4+STK11+TP53	metastatic::ARID1A+EGFR+KEAP1+NF1+SMARCA4+STK11+TP53	same_stage_one_event	KEAP1	1	0.4407690094962538	3.6835125976130835e-05	1.6235781991168918e-05
rule_a_one_step	metastatic::EGFR+KEAP1+TP53	metastatic::ARID1A+EGFR+KEAP1+TP53	same_stage_one_event	ARID1A	1	0.10400113256117734	0.0004420215117135701	4.5970737834615e-05
rule_a_one_step	metastatic::ARID1A+KEAP1+TP53	metastatic::ARID1A+EGFR+KEAP1+TP53	same_stage_one_event	EGFR	1	0.02238037149337564	0.0005156917636658317	1.1541373246915387e-05
rule_a_one_step	metastatic::ARID1A+EGFR+TP53	metastatic::ARID1A+EGFR+KEAP1+TP53	same_stage_one_event	KEAP1	1	0.03713912245594786	0.001362899661116841	5.06168974093882e-05
rule_a_one_step	metastatic::ARID1A+EGFR+PIK3CA+RBM10	metastatic::ARID1A+EGFR+KRAS+PIK3CA+RBM10	same_stage_one_event	KRAS	1	0.1605162340484685	3.6835125976130835e-05	5.912635702389439e-06
rule_a_one_step	metastatic::ARID1A+EGFR+KRAS+RBM10	metastatic::ARID1A+EGFR+KRAS+PIK3CA+RBM10	same_stage_one_event	PIK3CA	1	0.08351481044445827	3.6835125976130835e-05	3.0762785635943075e-06
rule_a_one_step	metastatic::EGFR+KRAS+RBM10	metastatic::ARID1A+EGFR+KRAS+RBM10	same_stage_one_event	ARID1A	1	0.03525521220565405	7.367025195226167e-05	2.5972603658209848e-06
rule_a_one_step	metastatic::ARID1A+KRAS+RBM10	metastatic::ARID1A+EGFR+KRAS+RBM10	same_stage_one_event	EGFR	1	0.029820696055526678	0.00011050537792839252	3.2953472877036994e-06
rule_a_one_step	metastatic::ARID1A+EGFR+RBM10	metastatic::ARID1A+EGFR+KRAS+RBM10	same_stage_one_event	KRAS	1	0.10582908640279921	7.367025195226167e-05	7.796455459171888e-06
rule_a_one_step	metastatic::EGFR+MET+PIK3CA+TP53	metastatic::ARID1A+EGFR+MET+PIK3CA+TP53	same_stage_one_event	ARID1A	1	0.09527327918658365	0.00011050537792839252	1.052820972299068e-05
rule_a_one_step	metastatic::ARID1A+MET+PIK3CA+TP53	metastatic::ARID1A+EGFR+MET+PIK3CA+TP53	same_stage_one_event	EGFR	1	0.04404301991596442	3.6835125976130835e-05	1.6223301869737886e-06
rule_a_one_step	metastatic::ARID1A+EGFR+PIK3CA+TP53	metastatic::ARID1A+EGFR+MET+PIK3CA+TP53	same_stage_one_event	MET	1	0.03091670608578531	0.00033151613378517756	1.0249386870932216e-05
rule_a_one_step	metastatic::ARID1A+EGFR+MET+TP53	metastatic::ARID1A+EGFR+MET+PIK3CA+TP53	same_stage_one_event	PIK3CA	1	0.3729404034637206	0.00014734050390452334	5.494922697270083e-05
rule_a_one_step	metastatic::ARID1A+EGFR+MET+PIK3CA	metastatic::ARID1A+EGFR+MET+PIK3CA+TP53	same_stage_one_event	TP53	1	0.6508481403693255	3.6835125976130835e-05	2.397407324183459e-05
rule_a_one_step	metastatic::ARID1A+EGFR+SETD2+SMARCA4+TP53	metastatic::ARID1A+EGFR+MET+SETD2+SMARCA4+TP53	same_stage_one_event	MET	1	0.029521984798575922	3.6835125976130835e-05	1.0874460291209637e-06
rule_a_one_step	metastatic::EGFR+NF1	metastatic::ARID1A+EGFR+NF1	same_stage_one_event	ARID1A	1	0.026191308728964857	0.0004788566376897009	1.2541882034645025e-05
rule_a_one_step	metastatic::ARID1A+NF1	metastatic::ARID1A+EGFR+NF1	same_stage_one_event	EGFR	1	0.11409934274284712	0.00011050537792839252	1.2608590991179512e-05
rule_a_one_step	metastatic::ARID1A+EGFR	metastatic::ARID1A+EGFR+NF1	same_stage_one_event	NF1	1	0.012174546916710872	0.0005893620156180934	7.175215510069763e-06
rule_a_one_step	metastatic::EGFR+NF1+PIK3CA	metastatic::ARID1A+EGFR+NF1+PIK3CA	same_stage_one_event	ARID1A	1	0.046603679071963604	3.6835125976130835e-05	1.7166523895669515e-06
rule_a_one_step	metastatic::ARID1A+EGFR+NF1	metastatic::ARID1A+EGFR+NF1+PIK3CA	same_stage_one_event	PIK3CA	1	0.033435575056851095	3.6835125976130835e-05	1.231603619303488e-06
rule_a_one_step	metastatic::EGFR+NF1+RBM10+TP53	metastatic::ARID1A+EGFR+NF1+RBM10+TP53	same_stage_one_event	ARID1A	1	0.18219026954218442	0.00022101075585678504	4.026600918126958e-05
rule_a_one_step	metastatic::ARID1A+EGFR+RBM10+TP53	metastatic::ARID1A+EGFR+NF1+RBM10+TP53	same_stage_one_event	NF1	1	0.13387471853913752	0.0001841756298806542	2.4656460612040946e-05
rule_a_one_step	metastatic::ARID1A+EGFR+NF1+TP53	metastatic::ARID1A+EGFR+NF1+RBM10+TP53	same_stage_one_event	RBM10	1	0.21664592321264423	7.367025195226167e-05	1.5960359747505836e-05
rule_a_one_step	metastatic::ARID1A+EGFR+NF1+STK11+TP53	metastatic::ARID1A+EGFR+NF1+SMARCA4+STK11+TP53	same_stage_one_event	SMARCA4	1	0.16088656837335263	3.6835125976130835e-05	5.926277013899832e-06
rule_a_one_step	metastatic::ARID1A+EGFR+NF1+SMARCA4+TP53	metastatic::ARID1A+EGFR+NF1+SMARCA4+STK11+TP53	same_stage_one_event	STK11	1	0.08691088424187153	3.6835125976130835e-05	3.201373369746262e-06
rule_a_one_step	metastatic::EGFR+NF1+SMARCA4+TP53	metastatic::ARID1A+EGFR+NF1+SMARCA4+TP53	same_stage_one_event	ARID1A	1	0.15180630191723038	3.6835125976130835e-05	5.591804255091733e-06
rule_a_one_step	metastatic::ARID1A+EGFR+SMARCA4+TP53	metastatic::ARID1A+EGFR+NF1+SMARCA4+TP53	same_stage_one_event	NF1	1	0.1055938894056881	7.367025195226167e-05	7.779128437136297e-06
rule_a_one_step	metastatic::ARID1A+EGFR+NF1+TP53	metastatic::ARID1A+EGFR+NF1+SMARCA4+TP53	same_stage_one_event	SMARCA4	1	0.07854867193280375	7.367025195226167e-05	5.786700451805197e-06
rule_a_one_step	metastatic::ARID1A+NF1+STK11+TP53	metastatic::ARID1A+EGFR+NF1+STK11+TP53	same_stage_one_event	EGFR	1	0.0009591700454895693	7.367025195226167e-05	7.066229891627885e-08
rule_a_one_step	metastatic::ARID1A+EGFR+STK11+TP53	metastatic::ARID1A+EGFR+NF1+STK11+TP53	same_stage_one_event	NF1	1	0.06737510946317814	3.6835125976130835e-05	2.4817706447317716e-06
rule_a_one_step	metastatic::ARID1A+EGFR+NF1+TP53	metastatic::ARID1A+EGFR+NF1+STK11+TP53	same_stage_one_event	STK11	1	0.07936732472073608	7.367025195226167e-05	5.847010808953593e-06
rule_a_one_step	metastatic::EGFR+PIK3CA+RBM10	metastatic::ARID1A+EGFR+PIK3CA+RBM10	same_stage_one_event	ARID1A	1	0.056789067280574916	0.00022101075585678504	1.2550994684081681e-05
rule_a_one_step	metastatic::ARID1A+PIK3CA+RBM10	metastatic::ARID1A+EGFR+PIK3CA+RBM10	same_stage_one_event	EGFR	1	0.4106988623578099	3.6835125976130835e-05	1.5128144333203546e-05
rule_a_one_step	metastatic::ARID1A+EGFR+RBM10	metastatic::ARID1A+EGFR+PIK3CA+RBM10	same_stage_one_event	PIK3CA	1	0.07345363250983233	7.367025195226167e-05	5.411347613808187e-06
rule_a_one_step	metastatic::EGFR+PIK3CA+RBM10+SETD2+TP53	metastatic::ARID1A+EGFR+PIK3CA+RBM10+SETD2+TP53	same_stage_one_event	ARID1A	1	0.24259171065833834	3.6835125976130835e-05	8.935896222864974e-06
rule_a_one_step	metastatic::ARID1A+EGFR+SETD2+SMARCA4+TP53	metastatic::ARID1A+EGFR+SETD2+SMARCA4+STK11+TP53	same_stage_one_event	STK11	1	0.08163987311444337	3.6835125976130835e-05	3.0072150108458583e-06
rule_a_one_step	metastatic::EGFR+SETD2+SMARCA4+TP53	metastatic::ARID1A+EGFR+SETD2+SMARCA4+TP53	same_stage_one_event	ARID1A	1	0.1869278432119162	3.6835125976130835e-05	6.885510653157366e-06
rule_a_one_step	metastatic::ARID1A+EGFR+SMARCA4+TP53	metastatic::ARID1A+EGFR+SETD2+SMARCA4+TP53	same_stage_one_event	SETD2	1	0.05689138751422214	7.367025195226167e-05	4.1912028520864985e-06
rule_a_one_step	metastatic::ARID1A+EGFR+SETD2+TP53	metastatic::ARID1A+EGFR+SETD2+SMARCA4+TP53	same_stage_one_event	SMARCA4	1	0.086776855640999	3.6835125976130835e-05	3.1964364093487182e-06
rule_a_one_step	metastatic::EGFR+SETD2+TP53	metastatic::ARID1A+EGFR+SETD2+TP53	same_stage_one_event	ARID1A	1	0.15858915645654678	0.0007367025195226168	0.00011683303113050448
rule_a_one_step	metastatic::ARID1A+SETD2+TP53	metastatic::ARID1A+EGFR+SETD2+TP53	same_stage_one_event	EGFR	1	0.0476740354247385	0.0002946810078090467	1.4048632805286133e-05
rule_a_one_step	metastatic::ARID1A+EGFR+TP53	metastatic::ARID1A+EGFR+SETD2+TP53	same_stage_one_event	SETD2	1	0.05256423116556081	0.001362899661116841	7.163977284241013e-05
rule_a_one_step	metastatic::EGFR+STK11+TP53	metastatic::ARID1A+EGFR+STK11+TP53	same_stage_one_event	ARID1A	1	0.04395097782558168	0.0006998673935464859	3.075985629460925e-05
rule_a_one_step	metastatic::ARID1A+STK11+TP53	metastatic::ARID1A+EGFR+STK11+TP53	same_stage_one_event	EGFR	1	0.0031387530338011795	0.0001841756298806542	5.780818170401465e-07
rule_a_one_step	metastatic::ARID1A+EGFR+TP53	metastatic::ARID1A+EGFR+STK11+TP53	same_stage_one_event	STK11	1	0.08586316155987492	0.001362899661116841	0.0001170228737923741
rule_a_one_step	metastatic::ARID1A+KEAP1+KRAS+NF1+SMARCA4	metastatic::ARID1A+KEAP1+KRAS+NF1+PIK3CA+SMARCA4	same_stage_one_event	PIK3CA	1	0.026714317615451195	3.6835125976130835e-05	9.840252547315158e-07
rule_a_one_step	metastatic::KEAP1+KRAS+NF1+SMARCA4	metastatic::ARID1A+KEAP1+KRAS+NF1+SMARCA4	same_stage_one_event	ARID1A	1	0.07816053863887852	3.6835125976130835e-05	2.8790532871253322e-06
rule_a_one_step	metastatic::KEAP1+KRAS+PIK3CA+SMARCA4+STK11	metastatic::ARID1A+KEAP1+KRAS+PIK3CA+SMARCA4+STK11	same_stage_one_event	ARID1A	1	0.11161546673620736	3.6835125976130835e-05	4.111369778112839e-06
rule_a_one_step	metastatic::ARID1A+KEAP1+KRAS+SMARCA4+STK11	metastatic::ARID1A+KEAP1+KRAS+PIK3CA+SMARCA4+STK11	same_stage_one_event	PIK3CA	1	0.03964330988873078	3.6835125976130835e-05	1.4602663138621916e-06
rule_a_one_step	metastatic::KEAP1+KRAS+RBM10+SMARCA4+STK11	metastatic::ARID1A+KEAP1+KRAS+RBM10+SMARCA4+STK11	same_stage_one_event	ARID1A	1	0.15450717008715242	0.00014734050390452334	2.2765164297502933e-05
rule_a_one_step	metastatic::ARID1A+KEAP1+KRAS+SMARCA4+STK11	metastatic::ARID1A+KEAP1+KRAS+RBM10+SMARCA4+STK11	same_stage_one_event	RBM10	1	0.2530516100283015	3.6835125976130835e-05	9.32118793385522e-06
rule_a_one_step	metastatic::KEAP1+KRAS+RBM10+TP53	metastatic::ARID1A+KEAP1+KRAS+RBM10+TP53	same_stage_one_event	ARID1A	1	0.13278385976275722	3.6835125976130835e-05	4.891110201958052e-06
rule_a_one_step	metastatic::ARID1A+KRAS+RBM10+TP53	metastatic::ARID1A+KEAP1+KRAS+RBM10+TP53	same_stage_one_event	KEAP1	1	0.08640130894493035	0.00011050537792839252	9.54780929846733e-06
rule_a_one_step	metastatic::ARID1A+KEAP1+RBM10+TP53	metastatic::ARID1A+KEAP1+KRAS+RBM10+TP53	same_stage_one_event	KRAS	1	0.06886711883681211	3.6835125976130835e-05	2.536728997967147e-06
rule_a_one_step	metastatic::ARID1A+KEAP1+KRAS+TP53	metastatic::ARID1A+KEAP1+KRAS+RBM10+TP53	same_stage_one_event	RBM10	1	0.09801444762351355	7.367025195226167e-05	7.220749051385998e-06
rule_a_one_step	metastatic::KEAP1+KRAS+SMARCA4+STK11	metastatic::ARID1A+KEAP1+KRAS+SMARCA4+STK11	same_stage_one_event	ARID1A	1	0.1016991662946381	0.0013997347870929719	0.000142351860880958
rule_a_one_step	metastatic::ARID1A+KRAS+SMARCA4+STK11	metastatic::ARID1A+KEAP1+KRAS+SMARCA4+STK11	same_stage_one_event	KEAP1	1	0.5844164088217699	3.6835125976130835e-05	2.1527052041467875e-05
rule_a_one_step	metastatic::ARID1A+KEAP1+SMARCA4+STK11	metastatic::ARID1A+KEAP1+KRAS+SMARCA4+STK11	same_stage_one_event	KRAS	1	0.6750716900093526	0.00011050537792839252	7.459905223324215e-05
rule_a_one_step	metastatic::ARID1A+KEAP1+KRAS+STK11	metastatic::ARID1A+KEAP1+KRAS+SMARCA4+STK11	same_stage_one_event	SMARCA4	1	0.3851616409724494	0.00025784588183291586	9.931234296475416e-05
rule_a_one_step	metastatic::ARID1A+MET+NF1+TP53	metastatic::ARID1A+KEAP1+MET+NF1+TP53	same_stage_one_event	KEAP1	1	0.051267168657254336	7.367025195226167e-05	3.7768652318590197e-06
rule_a_one_step	metastatic::ARID1A+KEAP1+NF1+TP53	metastatic::ARID1A+KEAP1+MET+NF1+TP53	same_stage_one_event	MET	1	0.0451850331522519	0.00011050537792839252	4.993189165196542e-06
rule_a_one_step	metastatic::ARID1A+KEAP1+MET+TP53	metastatic::ARID1A+KEAP1+MET+NF1+TP53	same_stage_one_event	NF1	1	0.148919569208056	7.367025195226167e-05	1.0970942184179754e-05
rule_a_one_step	metastatic::ARID1A+KEAP1+RBM10+SMARCA4+STK11+TP53	metastatic::ARID1A+KEAP1+MET+RBM10+SMARCA4+STK11+TP53	same_stage_one_event	MET	1	0.020325601529853854	3.6835125976130835e-05	7.486960928928043e-07
rule_a_one_step	metastatic::ARID1A+KEAP1+SMARCA4+STK11	metastatic::ARID1A+KEAP1+MET+SMARCA4+STK11	same_stage_one_event	MET	1	0.016327996396343424	0.00011050537792839252	1.8043314125913612e-06
rule_a_one_step	metastatic::ARID1A+KEAP1+NF1+TP53	metastatic::ARID1A+KEAP1+NF1+PIK3CA+TP53	same_stage_one_event	PIK3CA	1	0.0538906708738603	0.00011050537792839252	5.955208951730547e-06
rule_a_one_step	metastatic::ARID1A+NF1+SETD2	metastatic::ARID1A+KEAP1+NF1+SETD2	same_stage_one_event	KEAP1	1	0.050616095803550205	3.6835125976130835e-05	1.8644502653436792e-06
rule_a_one_step	metastatic::KEAP1+NF1+SETD2+TP53	metastatic::ARID1A+KEAP1+NF1+SETD2+TP53	same_stage_one_event	ARID1A	1	0.30397494390358437	7.367025195226167e-05	2.2393910704551668e-05
rule_a_one_step	metastatic::ARID1A+KEAP1+SETD2+TP53	metastatic::ARID1A+KEAP1+NF1+SETD2+TP53	same_stage_one_event	NF1	1	0.17029506951739226	3.6835125976130835e-05	6.272840338787102e-06
rule_a_one_step	metastatic::ARID1A+KEAP1+NF1+TP53	metastatic::ARID1A+KEAP1+NF1+SETD2+TP53	same_stage_one_event	SETD2	1	0.07567129919250307	0.00011050537792839252	8.362085515600015e-06
rule_a_one_step	metastatic::ARID1A+KEAP1+NF1+SETD2	metastatic::ARID1A+KEAP1+NF1+SETD2+TP53	same_stage_one_event	TP53	1	0.29951236053019753	3.6835125976130835e-05	1.1032575531538143e-05
rule_a_one_step	metastatic::KEAP1+NF1+SMARCA4+TP53	metastatic::ARID1A+KEAP1+NF1+SMARCA4+TP53	same_stage_one_event	ARID1A	1	0.2288746051549486	0.00011050537792839252	2.529187474085921e-05
rule_a_one_step	metastatic::ARID1A+KEAP1+SMARCA4+TP53	metastatic::ARID1A+KEAP1+NF1+SMARCA4+TP53	same_stage_one_event	NF1	1	0.194385472526995	3.6835125976130835e-05	7.16021336846158e-06
rule_a_one_step	metastatic::ARID1A+KEAP1+NF1+TP53	metastatic::ARID1A+KEAP1+NF1+SMARCA4+TP53	same_stage_one_event	SMARCA4	1	0.2503006611981523	0.00011050537792839252	2.7659569161428353e-05
rule_a_one_step	metastatic::ARID1A+KEAP1+RBM10+TP53	metastatic::ARID1A+KEAP1+PIK3CA+RBM10+TP53	same_stage_one_event	PIK3CA	1	0.047816756776079224	3.6835125976130835e-05	1.761336259616886e-06
rule_a_one_step	metastatic::ARID1A+RBM10	metastatic::ARID1A+KEAP1+RBM10	same_stage_one_event	KEAP1	1	0.029474910246912095	0.00025784588183291586	7.599984224561097e-06
rule_a_one_step	metastatic::ARID1A+KEAP1	metastatic::ARID1A+KEAP1+RBM10	same_stage_one_event	RBM10	1	0.031022073078976593	7.367025195226167e-05	2.2854039398096794e-06
rule_a_one_step	metastatic::KEAP1+RBM10+SMARCA4+STK11+TP53	metastatic::ARID1A+KEAP1+RBM10+SMARCA4+STK11+TP53	same_stage_one_event	ARID1A	1	0.13505270789243864	7.367025195226167e-05	9.949367017271154e-06
rule_a_one_step	metastatic::KEAP1+RBM10+STK11	metastatic::ARID1A+KEAP1+RBM10+STK11	same_stage_one_event	ARID1A	1	0.025899871791970397	3.6835125976130835e-05	9.54025040222867e-07
rule_a_one_step	metastatic::ARID1A+KEAP1+RBM10	metastatic::ARID1A+KEAP1+RBM10+STK11	same_stage_one_event	STK11	1	0.015212619300957362	3.6835125976130835e-05	5.603587483776839e-07
rule_a_one_step	metastatic::KEAP1+RBM10+TP53	metastatic::ARID1A+KEAP1+RBM10+TP53	same_stage_one_event	ARID1A	1	0.10462239683478866	7.367025195226167e-05	7.707558334668385e-06
rule_a_one_step	metastatic::ARID1A+RBM10+TP53	metastatic::ARID1A+KEAP1+RBM10+TP53	same_stage_one_event	KEAP1	1	0.09238976472212845	3.6835125976130835e-05	3.40318862244469e-06
rule_a_one_step	metastatic::ARID1A+KEAP1+TP53	metastatic::ARID1A+KEAP1+RBM10+TP53	same_stage_one_event	RBM10	1	0.055762350891169876	0.0005156917636658317	2.8756185077220358e-05
rule_a_one_step	metastatic::ARID1A+KEAP1+RBM10	metastatic::ARID1A+KEAP1+RBM10+TP53	same_stage_one_event	TP53	1	0.0900677879453639	3.6835125976130835e-05	3.317658315358917e-06
rule_a_one_step	metastatic::KEAP1+SETD2+SMARCA4+STK11	metastatic::ARID1A+KEAP1+SETD2+SMARCA4+STK11	same_stage_one_event	ARID1A	1	0.09143308546770405	3.6835125976130835e-05	3.3679492215892166e-06
rule_a_one_step	metastatic::ARID1A+KEAP1+SMARCA4+STK11	metastatic::ARID1A+KEAP1+SETD2+SMARCA4+STK11	same_stage_one_event	SETD2	1	0.023193145460819627	0.00011050537792839252	2.5629673044960545e-06
rule_a_one_step	metastatic::KEAP1+SETD2+TP53	metastatic::ARID1A+KEAP1+SETD2+TP53	same_stage_one_event	ARID1A	1	0.1856344194699092	0.00025784588183291586	4.786507058676014e-05
rule_a_one_step	metastatic::ARID1A+SETD2+TP53	metastatic::ARID1A+KEAP1+SETD2+TP53	same_stage_one_event	KEAP1	1	0.08870664820041037	0.0002946810078090467	2.6140164491059483e-05
rule_a_one_step	metastatic::ARID1A+KEAP1+TP53	metastatic::ARID1A+KEAP1+SETD2+TP53	same_stage_one_event	SETD2	1	0.05912525111914898	0.0005156917636658317	3.049040502681913e-05
rule_a_one_step	metastatic::KEAP1+SMARCA4+TP53	metastatic::ARID1A+KEAP1+SMARCA4+TP53	same_stage_one_event	ARID1A	1	0.12031034409821004	0.0003683512597613084	4.431646681089216e-05
rule_a_one_step	metastatic::ARID1A+SMARCA4+TP53	metastatic::ARID1A+KEAP1+SMARCA4+TP53	same_stage_one_event	KEAP1	1	0.08344670874534531	0.00011050537792839252	9.22131008678488e-06
rule_a_one_step	metastatic::ARID1A+KEAP1+TP53	metastatic::ARID1A+KEAP1+SMARCA4+TP53	same_stage_one_event	SMARCA4	1	0.17850157115539664	0.0005156917636658317	9.205179004624845e-05
rule_a_one_step	metastatic::KRAS+NF1+PIK3CA+TP53	metastatic::ARID1A+KRAS+NF1+PIK3CA+TP53	same_stage_one_event	ARID1A	1	0.12743532502246632	0.0001841756298806542	2.347048125505863e-05
rule_a_one_step	metastatic::ARID1A+KRAS+PIK3CA+TP53	metastatic::ARID1A+KRAS+NF1+PIK3CA+TP53	same_stage_one_event	NF1	1	0.10186821932613248	7.367025195226167e-05	7.504657383684431e-06
rule_a_one_step	metastatic::ARID1A+KRAS+NF1+TP53	metastatic::ARID1A+KRAS+NF1+PIK3CA+TP53	same_stage_one_event	PIK3CA	1	0.07422172479357504	0.00011050537792839252	8.201899748811151e-06
rule_a_one_step	metastatic::KRAS+NF1+STK11+TP53	metastatic::ARID1A+KRAS+NF1+STK11+TP53	same_stage_one_event	ARID1A	1	0.05775633446174891	0.0001841756298806542	1.063730927909034e-05
rule_a_one_step	metastatic::ARID1A+NF1+STK11+TP53	metastatic::ARID1A+KRAS+NF1+STK11+TP53	same_stage_one_event	KRAS	1	0.015996880783406175	7.367025195226167e-05	1.178494237763826e-06
rule_a_one_step	metastatic::ARID1A+KRAS+STK11+TP53	metastatic::ARID1A+KRAS+NF1+STK11+TP53	same_stage_one_event	NF1	1	0.0587253364854346	7.367025195226167e-05	4.326310334863312e-06
rule_a_one_step	metastatic::ARID1A+KRAS+NF1+TP53	metastatic::ARID1A+KRAS+NF1+STK11+TP53	same_stage_one_event	STK11	1	0.24872631636844256	0.00011050537792839252	2.748559559103167e-05
rule_a_one_step	metastatic::ARID1A+KRAS+PIK3CA+SETD2+TP53	metastatic::ARID1A+KRAS+PIK3CA+SETD2+STK11+TP53	same_stage_one_event	STK11	1	0.2636824075185671	3.6835125976130835e-05	9.712774698635887e-06
rule_a_one_step	metastatic::KRAS+PIK3CA+SETD2+TP53	metastatic::ARID1A+KRAS+PIK3CA+SETD2+TP53	same_stage_one_event	ARID1A	1	0.16488207925349738	0.00014734050390452334	2.4293808642035856e-05
rule_a_one_step	metastatic::ARID1A+KRAS+SETD2+TP53	metastatic::ARID1A+KRAS+PIK3CA+SETD2+TP53	same_stage_one_event	PIK3CA	1	0.09830504822056745	0.00011050537792839252	1.0863236505882657e-05
rule_a_one_step	metastatic::ARID1A+KRAS+PIK3CA+TP53	metastatic::ARID1A+KRAS+PIK3CA+SETD2+TP53	same_stage_one_event	SETD2	1	0.05990084495201093	7.367025195226167e-05	4.4129103397680065e-06
rule_a_one_step	metastatic::KRAS+RBM10+SMARCA4	metastatic::ARID1A+KRAS+RBM10+SMARCA4	same_stage_one_event	ARID1A	1	0.06983899911448554	3.6835125976130835e-05	2.572528330428965e-06
rule_a_one_step	metastatic::ARID1A+KRAS+SMARCA4	metastatic::ARID1A+KRAS+RBM10+SMARCA4	same_stage_one_event	RBM10	1	0.0769528080192146	0.00014734050390452334	1.1338265510419124e-05
rule_a_one_step	metastatic::ARID1A+KRAS+RBM10	metastatic::ARID1A+KRAS+RBM10+SMARCA4	same_stage_one_event	SMARCA4	1	0.04787815455959681	0.00011050537792839252	5.2907935641222355e-06
rule_a_one_step	metastatic::KRAS+RBM10+STK11	metastatic::ARID1A+KRAS+RBM10+STK11	same_stage_one_event	ARID1A	1	0.03233393970098742	0.00014734050390452334	4.764098968761959e-06
rule_a_one_step	metastatic::ARID1A+KRAS+STK11	metastatic::ARID1A+KRAS+RBM10+STK11	same_stage_one_event	RBM10	1	0.10553758103489809	0.00022101075585678504	2.3324940555819527e-05
rule_a_one_step	metastatic::ARID1A+KRAS+RBM10	metastatic::ARID1A+KRAS+RBM10+STK11	same_stage_one_event	STK11	1	0.1189189561344771	0.00011050537792839252	1.3141184190490324e-05
rule_a_one_step	metastatic::KRAS+SETD2	metastatic::ARID1A+KRAS+SETD2	same_stage_one_event	ARID1A	1	0.0695582483991542	0.00025784588183291586	1.7935307897232924e-05
rule_a_one_step	metastatic::ARID1A+SETD2	metastatic::ARID1A+KRAS+SETD2	same_stage_one_event	KRAS	1	0.2391212688485339	7.367025195226167e-05	1.7616124123215994e-05
rule_a_one_step	metastatic::ARID1A+KRAS	metastatic::ARID1A+KRAS+SETD2	same_stage_one_event	SETD2	1	0.03342154666104216	0.00033151613378517756	1.1079781934189608e-05
rule_a_one_step	metastatic::KRAS+SMARCA4+STK11	metastatic::ARID1A+KRAS+SMARCA4+STK11	same_stage_one_event	ARID1A	1	0.0329943210087268	0.0004420215117135701	1.4584199650240223e-05
rule_a_one_step	metastatic::ARID1A+KRAS+STK11	metastatic::ARID1A+KRAS+SMARCA4+STK11	same_stage_one_event	SMARCA4	1	0.08401424739004634	0.00022101075585678504	1.8568052318413073e-05
rule_a_one_step	metastatic::ARID1A+KRAS+SMARCA4	metastatic::ARID1A+KRAS+SMARCA4+STK11	same_stage_one_event	STK11	1	0.11782204014529084	0.00014734050390452334	1.735995876606613e-05
rule_a_one_step	metastatic::KRAS+SMARCA4+STK11+TP53	metastatic::ARID1A+KRAS+SMARCA4+STK11+TP53	same_stage_one_event	ARID1A	1	0.04340003396739364	0.0004788566376897009	2.078239434124493e-05
rule_a_one_step	metastatic::ARID1A+KRAS+STK11+TP53	metastatic::ARID1A+KRAS+SMARCA4+STK11+TP53	same_stage_one_event	SMARCA4	1	0.10200683645452821	7.367025195226167e-05	7.514869342458244e-06
rule_a_one_step	metastatic::ARID1A+KRAS+SMARCA4+TP53	metastatic::ARID1A+KRAS+SMARCA4+STK11+TP53	same_stage_one_event	STK11	1	0.2809825548950373	7.367025195226167e-05	2.0700055613307594e-05
rule_a_one_step	metastatic::ARID1A+KRAS+SMARCA4+STK11	metastatic::ARID1A+KRAS+SMARCA4+STK11+TP53	same_stage_one_event	TP53	1	0.044774872301427675	3.6835125976130835e-05	1.6492880617882595e-06
rule_a_one_step	metastatic::ARID1A+NF1+STK11+TP53	metastatic::ARID1A+MET+NF1+STK11+TP53	same_stage_one_event	MET	1	0.0061052312010737774	7.367025195226167e-05	4.4977392080991434e-07
rule_a_one_step	metastatic::ARID1A+MET+STK11+TP53	metastatic::ARID1A+MET+NF1+STK11+TP53	same_stage_one_event	NF1	1	0.08998537614670155	3.6835125976130835e-05	3.3146226663732703e-06
rule_a_one_step	metastatic::ARID1A+MET+NF1+TP53	metastatic::ARID1A+MET+NF1+STK11+TP53	same_stage_one_event	STK11	1	0.19752962048803155	7.367025195226167e-05	1.4552056909387913e-05
rule_a_one_step	metastatic::MET+PIK3CA+TP53	metastatic::ARID1A+MET+PIK3CA+TP53	same_stage_one_event	ARID1A	1	0.06627229046295861	7.367025195226167e-05	4.882296335859629e-06
rule_a_one_step	metastatic::ARID1A+MET+TP53	metastatic::ARID1A+MET+PIK3CA+TP53	same_stage_one_event	PIK3CA	1	0.13879271751883795	0.00022101075585678504	3.067468340625563e-05
rule_a_one_step	metastatic::MET+STK11	metastatic::ARID1A+MET+STK11	same_stage_one_event	ARID1A	1	0.016908217589012113	3.6835125976130835e-05	6.228163249230924e-07
rule_a_one_step	metastatic::MET+STK11+TP53	metastatic::ARID1A+MET+STK11+TP53	same_stage_one_event	ARID1A	1	0.034651096739540664	0.0001841756298806542	6.381887568060385e-06
rule_a_one_step	metastatic::ARID1A+STK11+TP53	metastatic::ARID1A+MET+STK11+TP53	same_stage_one_event	MET	1	0.006480317058043729	0.0001841756298806542	1.1935164759915516e-06
rule_a_one_step	metastatic::ARID1A+MET+TP53	metastatic::ARID1A+MET+STK11+TP53	same_stage_one_event	STK11	1	0.1816771180330314	0.00022101075585678504	4.0152597178362625e-05
rule_a_one_step	metastatic::ARID1A+MET+STK11	metastatic::ARID1A+MET+STK11+TP53	same_stage_one_event	TP53	1	0.022452679878147003	3.6835125976130835e-05	8.270472918132828e-07
rule_a_one_step	metastatic::ARID1A+SETD2	metastatic::ARID1A+NF1+SETD2	same_stage_one_event	NF1	1	0.03150730704401627	7.367025195226167e-05	2.3211512482699474e-06
rule_a_one_step	metastatic::ARID1A+NF1	metastatic::ARID1A+NF1+SETD2	same_stage_one_event	SETD2	1	0.03353362884598049	0.00011050537792839252	3.705646328935519e-06
rule_a_one_step	metastatic::ARID1A+RBM10	metastatic::ARID1A+PIK3CA+RBM10	same_stage_one_event	PIK3CA	1	0.013796096939513074	0.00025784588183291586	3.5572667812211403e-06
rule_a_one_step	metastatic::ARID1A+PIK3CA	metastatic::ARID1A+PIK3CA+RBM10	same_stage_one_event	RBM10	1	0.030996570251150563	7.367025195226167e-05	2.2835251400582407e-06
rule_a_one_step	metastatic::RBM10+TP53	metastatic::ARID1A+RBM10+TP53	same_stage_one_event	ARID1A	1	0.06847793538809402	0.0006261971415942243	4.2880687402298456e-05
rule_a_one_step	metastatic::ARID1A+TP53	metastatic::ARID1A+RBM10+TP53	same_stage_one_event	RBM10	1	0.05267687860679006	0.0013997347870929719	7.37336594613976e-05
rule_a_one_step	metastatic::ARID1A+RBM10	metastatic::ARID1A+RBM10+TP53	same_stage_one_event	TP53	1	0.0588695845442879	0.00025784588183291586	1.5179279939959309e-05
rule_a_one_step	metastatic::ATM+CDKN2A+EGFR	metastatic::ATM+BRAF+CDKN2A+EGFR	same_stage_one_event	BRAF	1	0.038219729084915444	3.6835125976130835e-05	1.4078285356164521e-06
rule_a_one_step	metastatic::ATM+BRAF+CDKN2A+PIK3CA+TP53	metastatic::ATM+BRAF+CDKN2A+MET+PIK3CA+TP53	same_stage_one_event	MET	1	0.01913921027441221	3.6835125976130835e-05	7.049952215416314e-07
rule_a_one_step	metastatic::ATM+EGFR+KRAS	metastatic::ATM+BRAF+EGFR+KRAS	same_stage_one_event	BRAF	1	0.016888680643559868	0.0001841756298806542	3.1104833953808507e-06
rule_a_one_step	metastatic::ATM+BRAF+KRAS	metastatic::ATM+BRAF+EGFR+KRAS	same_stage_one_event	EGFR	1	0.0010400155730983527	7.367025195226167e-05	7.661820930443146e-08
rule_a_one_step	metastatic::BRAF+KEAP1+KRAS+STK11	metastatic::ATM+BRAF+KEAP1+KRAS+STK11	same_stage_one_event	ATM	1	0.1423451650986685	7.367025195226167e-05	1.0486604177005193e-05
rule_a_one_step	metastatic::ATM+KEAP1+KRAS+STK11	metastatic::ATM+BRAF+KEAP1+KRAS+STK11	same_stage_one_event	BRAF	1	0.0492692917981015	0.0005893620156180934	2.9037449122205097e-05
rule_a_one_step	metastatic::ATM+BRAF+KRAS+STK11	metastatic::ATM+BRAF+KEAP1+KRAS+STK11	same_stage_one_event	KEAP1	1	0.3715634887490015	3.6835125976130835e-05	1.3686587916200143e-05
rule_a_one_step	metastatic::ATM+BRAF+KEAP1+STK11	metastatic::ATM+BRAF+KEAP1+KRAS+STK11	same_stage_one_event	KRAS	1	0.3030891043142844	3.6835125976130835e-05	1.1164325339409325e-05
rule_a_one_step	metastatic::ATM+BRAF+KEAP1+STK11	metastatic::ATM+BRAF+KEAP1+MET+STK11	same_stage_one_event	MET	1	0.006982180086699864	3.6835125976130835e-05	2.571894830816216e-07
rule_a_one_step	metastatic::BRAF+KEAP1+NF1+SETD2+TP53	metastatic::ATM+BRAF+KEAP1+NF1+SETD2+TP53	same_stage_one_event	ATM	1	0.15034507574685654	3.6835125976130835e-05	5.537979805026393e-06
rule_a_one_step	metastatic::ATM+KEAP1+NF1+SETD2+TP53	metastatic::ATM+BRAF+KEAP1+NF1+SETD2+TP53	same_stage_one_event	BRAF	1	0.05421012470769853	3.6835125976130835e-05	1.996836772789838e-06
rule_a_one_step	metastatic::ATM+BRAF+NF1+SETD2+TP53	metastatic::ATM+BRAF+KEAP1+NF1+SETD2+TP53	same_stage_one_event	KEAP1	1	0.0462465158194384	3.6835125976130835e-05	1.703496236166141e-06
rule_a_one_step	metastatic::ATM+BRAF+KEAP1+STK11+TP53	metastatic::ATM+BRAF+KEAP1+RBM10+STK11+TP53	same_stage_one_event	RBM10	1	0.05978462645773943	7.367025195226167e-05	4.404348494013513e-06
rule_a_one_step	metastatic::ATM+BRAF+KEAP1+RBM10+TP53	metastatic::ATM+BRAF+KEAP1+RBM10+STK11+TP53	same_stage_one_event	STK11	1	0.05736447212050358	3.6835125976130835e-05	2.1130275571129945e-06
rule_a_one_step	metastatic::BRAF+KEAP1+SMARCA4+STK11	metastatic::ATM+BRAF+KEAP1+SMARCA4+STK11	same_stage_one_event	ATM	1	0.1427022855292877	3.6835125976130835e-05	5.256456664553105e-06
rule_a_one_step	metastatic::ATM+KEAP1+SMARCA4+STK11	metastatic::ATM+BRAF+KEAP1+SMARCA4+STK11	same_stage_one_event	BRAF	1	0.03435637701170408	3.6835125976130835e-05	1.2655214753095654e-06
rule_a_one_step	metastatic::ATM+BRAF+KEAP1+STK11	metastatic::ATM+BRAF+KEAP1+SMARCA4+STK11	same_stage_one_event	SMARCA4	1	0.3475461305106057	3.6835125976130835e-05	1.2801905499874968e-05
rule_a_one_step	metastatic::BRAF+KEAP1+STK11	metastatic::ATM+BRAF+KEAP1+STK11	same_stage_one_event	ATM	1	0.09057679517739829	7.367025195226167e-05	6.672815321747332e-06
rule_a_one_step	metastatic::ATM+KEAP1+STK11	metastatic::ATM+BRAF+KEAP1+STK11	same_stage_one_event	BRAF	1	0.026023045598029187	0.00011050537792839252	2.8756864886580065e-06
rule_a_one_step	metastatic::BRAF+KRAS+RBM10	metastatic::ATM+BRAF+KRAS+RBM10	same_stage_one_event	ATM	1	0.12638370778988497	0.00011050537792839252	1.3966079393312765e-05
rule_a_one_step	metastatic::ATM+KRAS+RBM10	metastatic::ATM+BRAF+KRAS+RBM10	same_stage_one_event	BRAF	1	0.07053637710342116	0.0008472078974510093	5.975897573960095e-05
rule_a_one_step	metastatic::ATM+BRAF+KRAS	metastatic::ATM+BRAF+KRAS+RBM10	same_stage_one_event	RBM10	1	0.12821801105829186	7.367025195226167e-05	9.445853179482235e-06
rule_a_one_step	metastatic::BRAF+KRAS+STK11	metastatic::ATM+BRAF+KRAS+STK11	same_stage_one_event	ATM	1	0.09987750193877501	3.6835125976130835e-05	3.679000366096029e-06
rule_a_one_step	metastatic::ATM+KRAS+STK11	metastatic::ATM+BRAF+KRAS+STK11	same_stage_one_event	BRAF	1	0.05205509576236057	0.001583910416973626	8.245060843456256e-05
rule_a_one_step	metastatic::ATM+BRAF+KRAS	metastatic::ATM+BRAF+KRAS+STK11	same_stage_one_event	STK11	1	0.24426019470311114	7.367025195226167e-05	1.799471008568669e-05
rule_a_one_step	metastatic::BRAF+KRAS+TP53	metastatic::ATM+BRAF+KRAS+TP53	same_stage_one_event	ATM	1	0.08611672826111569	0.00033151613378517756	2.854908480735381e-05
rule_a_one_step	metastatic::ATM+KRAS+TP53	metastatic::ATM+BRAF+KRAS+TP53	same_stage_one_event	BRAF	1	0.044307933961259656	0.0010313835273316634	4.5698473217742385e-05
rule_a_one_step	metastatic::ATM+BRAF+TP53	metastatic::ATM+BRAF+KRAS+TP53	same_stage_one_event	KRAS	1	0.016715420023245116	0.0001841756298806542	3.0785730115008685e-06
rule_a_one_step	metastatic::ATM+BRAF+KRAS	metastatic::ATM+BRAF+KRAS+TP53	same_stage_one_event	TP53	1	0.2117734904691174	7.367025195226167e-05	1.5601406399669764e-05
rule_a_one_step	metastatic::BRAF+NF1+SETD2+TP53	metastatic::ATM+BRAF+NF1+SETD2+TP53	same_stage_one_event	ATM	1	0.1569130927952879	0.00011050537792839252	1.7339740621256216e-05
rule_a_one_step	metastatic::ATM+NF1+SETD2+TP53	metastatic::ATM+BRAF+NF1+SETD2+TP53	same_stage_one_event	BRAF	1	0.07967128783971077	3.6835125976130835e-05	2.934701924256327e-06
rule_a_one_step	metastatic::ATM+BRAF+SETD2+TP53	metastatic::ATM+BRAF+NF1+SETD2+TP53	same_stage_one_event	NF1	1	0.17265805048449373	3.6835125976130835e-05	6.359881040389484e-06
rule_a_one_step	metastatic::BRAF+SETD2+SMARCA4	metastatic::ATM+BRAF+SETD2+SMARCA4	same_stage_one_event	ATM	1	0.09544274368220611	3.6835125976130835e-05	3.5156454870416272e-06
rule_a_one_step	metastatic::ATM+BRAF+SETD2	metastatic::ATM+BRAF+SETD2+SMARCA4	same_stage_one_event	SMARCA4	1	0.06517899982278014	0.00011050537792839252	7.202630008410948e-06
rule_a_one_step	metastatic::ATM+SETD2+SMARCA4+STK11+TP53	metastatic::ATM+BRAF+SETD2+SMARCA4+STK11+TP53	same_stage_one_event	BRAF	1	0.07279469006903794	7.367025195226167e-05	5.362803158172826e-06
rule_a_one_step	metastatic::ATM+BRAF+SETD2+SMARCA4+TP53	metastatic::ATM+BRAF+SETD2+SMARCA4+STK11+TP53	same_stage_one_event	STK11	1	0.2763154777524068	3.6835125976130835e-05	1.0178115432164681e-05
rule_a_one_step	metastatic::ATM+BRAF+SETD2+TP53	metastatic::ATM+BRAF+SETD2+SMARCA4+TP53	same_stage_one_event	SMARCA4	1	0.09522507084206737	3.6835125976130835e-05	3.5076274805535346e-06
rule_a_one_step	metastatic::ATM+BRAF+SETD2+SMARCA4	metastatic::ATM+BRAF+SETD2+SMARCA4+TP53	same_stage_one_event	TP53	1	0.1224780993421586	3.6835125976130835e-05	4.511496218585479e-06
rule_a_one_step	metastatic::BRAF+SETD2+TP53	metastatic::ATM+BRAF+SETD2+TP53	same_stage_one_event	ATM	1	0.10594592475371223	0.0003683512597613084	3.9025314849606686e-05
rule_a_one_step	metastatic::ATM+SETD2+TP53	metastatic::ATM+BRAF+SETD2+TP53	same_stage_one_event	BRAF	1	0.08145111347978919	0.0001841756298806542	1.5001310129620817e-05
rule_a_one_step	metastatic::ATM+BRAF+TP53	metastatic::ATM+BRAF+SETD2+TP53	same_stage_one_event	SETD2	1	0.18056824246358097	0.0001841756298806542	3.3256269792172714e-05
rule_a_one_step	metastatic::ATM+BRAF+SETD2	metastatic::ATM+BRAF+SETD2+TP53	same_stage_one_event	TP53	1	0.11492938815151095	0.00011050537792839252	1.2700315472761635e-05
rule_a_one_step	metastatic::CDKN2A+EGFR	metastatic::ATM+CDKN2A+EGFR	same_stage_one_event	ATM	1	0.030005534640580898	0.00022101075585678504	6.631545890801731e-06
rule_a_one_step	metastatic::ATM+EGFR	metastatic::ATM+CDKN2A+EGFR	same_stage_one_event	CDKN2A	1	0.01507154324270676	0.0014734050390452335	2.220648775999228e-05
rule_a_one_step	metastatic::ATM+CDKN2A+KEAP1+SMARCA4+TP53	metastatic::ATM+CDKN2A+EGFR+KEAP1+SMARCA4+TP53	same_stage_one_event	EGFR	1	0.014718352975249349	3.6835125976130835e-05	5.421523860044698e-07
rule_a_one_step	metastatic::CDKN2A+EGFR+PIK3CA+TP53	metastatic::ATM+CDKN2A+EGFR+PIK3CA+TP53	same_stage_one_event	ATM	1	0.12811785161319453	0.00011050537792839252	1.4157711611889774e-05
rule_a_one_step	metastatic::ATM+EGFR+PIK3CA+TP53	metastatic::ATM+CDKN2A+EGFR+PIK3CA+TP53	same_stage_one_event	CDKN2A	1	0.09309649346216037	7.367025195226167e-05	6.858442129229436e-06
rule_a_one_step	metastatic::ATM+CDKN2A+EGFR+TP53	metastatic::ATM+CDKN2A+EGFR+PIK3CA+TP53	same_stage_one_event	PIK3CA	1	0.16462543537453617	3.6835125976130835e-05	6.063998650896425e-06
rule_a_one_step	metastatic::CDKN2A+EGFR+TP53	metastatic::ATM+CDKN2A+EGFR+TP53	same_stage_one_event	ATM	1	0.1060048702862662	0.0015102401650213643	0.000160092812794199
rule_a_one_step	metastatic::ATM+EGFR+TP53	metastatic::ATM+CDKN2A+EGFR+TP53	same_stage_one_event	CDKN2A	1	0.08036305177684673	0.0017312509208781495	0.00013912860739324432
rule_a_one_step	metastatic::ATM+CDKN2A+TP53	metastatic::ATM+CDKN2A+EGFR+TP53	same_stage_one_event	EGFR	1	0.048357975594810136	7.367025195226167e-05	3.5625442459709836e-06
rule_a_one_step	metastatic::ATM+CDKN2A+EGFR	metastatic::ATM+CDKN2A+EGFR+TP53	same_stage_one_event	TP53	1	0.42668588020523085	3.6835125976130835e-05	1.5717028149595948e-05
rule_a_one_step	metastatic::CDKN2A+KEAP1+KRAS+TP53	metastatic::ATM+CDKN2A+KEAP1+KRAS+TP53	same_stage_one_event	ATM	1	0.11927356376286803	0.00014734050390452334	1.757382698730927e-05
rule_a_one_step	metastatic::ATM+KEAP1+KRAS+TP53	metastatic::ATM+CDKN2A+KEAP1+KRAS+TP53	same_stage_one_event	CDKN2A	1	0.13150545250346785	0.00014734050390452334	1.9376079638053312e-05
rule_a_one_step	metastatic::ATM+CDKN2A+KRAS+TP53	metastatic::ATM+CDKN2A+KEAP1+KRAS+TP53	same_stage_one_event	KEAP1	1	0.0390380999161264	3.6835125976130835e-05	1.4379733282792984e-06
rule_a_one_step	metastatic::ATM+CDKN2A+KEAP1+NF1+SETD2+TP53	metastatic::ATM+CDKN2A+KEAP1+NF1+PIK3CA+SETD2+TP53	same_stage_one_event	PIK3CA	1	0.0281571902711394	3.6835125976130835e-05	1.0371736507713054e-06
rule_a_one_step	metastatic::ATM+CDKN2A+KEAP1+NF1+SETD2+TP53	metastatic::ATM+CDKN2A+KEAP1+NF1+SETD2+SMARCA4+TP53	same_stage_one_event	SMARCA4	1	0.3756762090547452	3.6835125976130835e-05	1.3838080486766803e-05
rule_a_one_step	metastatic::CDKN2A+KEAP1+NF1+SETD2+TP53	metastatic::ATM+CDKN2A+KEAP1+NF1+SETD2+TP53	same_stage_one_event	ATM	1	0.1289713333789835	3.6835125976130835e-05	4.750675312324425e-06
rule_a_one_step	metastatic::ATM+KEAP1+NF1+SETD2+TP53	metastatic::ATM+CDKN2A+KEAP1+NF1+SETD2+TP53	same_stage_one_event	CDKN2A	1	0.04953162211522417	3.6835125976130835e-05	1.8245035404163904e-06
rule_a_one_step	metastatic::CDKN2A+KEAP1+NF1+SMARCA4+STK11+TP53	metastatic::ATM+CDKN2A+KEAP1+NF1+SMARCA4+STK11+TP53	same_stage_one_event	ATM	1	0.2632618818621572	3.6835125976130835e-05	9.697284583105835e-06
rule_a_one_step	metastatic::ATM+KEAP1+NF1+SMARCA4+STK11+TP53	metastatic::ATM+CDKN2A+KEAP1+NF1+SMARCA4+STK11+TP53	same_stage_one_event	CDKN2A	1	0.13587588742249698	3.6835125976130835e-05	5.005005430326247e-06
rule_a_one_step	metastatic::ATM+CDKN2A+RBM10+TP53	metastatic::ATM+CDKN2A+KEAP1+RBM10+TP53	same_stage_one_event	KEAP1	1	0.05874827391683252	3.6835125976130835e-05	2.1640000706067674e-06
rule_a_one_step	metastatic::CDKN2A+KEAP1+SMARCA4+TP53	metastatic::ATM+CDKN2A+KEAP1+SMARCA4+TP53	same_stage_one_event	ATM	1	0.10855732246332048	0.00011050537792839252	1.1996167945703604e-05
rule_a_one_step	metastatic::ATM+KEAP1+SMARCA4+TP53	metastatic::ATM+CDKN2A+KEAP1+SMARCA4+TP53	same_stage_one_event	CDKN2A	1	0.10905452882740893	3.6835125976130835e-05	4.0170373076252e-06
rule_a_one_step	metastatic::CDKN2A+KEAP1+STK11+TP53	metastatic::ATM+CDKN2A+KEAP1+STK11+TP53	same_stage_one_event	ATM	1	0.06355338673819218	0.00014734050390452334	9.363988026844286e-06
rule_a_one_step	metastatic::ATM+KEAP1+STK11+TP53	metastatic::ATM+CDKN2A+KEAP1+STK11+TP53	same_stage_one_event	CDKN2A	1	0.06279746431686514	0.00014734050390452334	9.252610036373234e-06
rule_a_one_step	metastatic::CDKN2A+KRAS	metastatic::ATM+CDKN2A+KRAS	same_stage_one_event	ATM	1	0.060726936176378865	0.0004051863857374392	2.46057277862151e-05
rule_a_one_step	metastatic::ATM+KRAS	metastatic::ATM+CDKN2A+KRAS	same_stage_one_event	CDKN2A	1	0.03184235296019791	0.002246942684543981	7.154794204258407e-05
rule_a_one_step	metastatic::CDKN2A+KRAS+RBM10	metastatic::ATM+CDKN2A+KRAS+RBM10	same_stage_one_event	ATM	1	0.13434465708266233	7.367025195226167e-05	9.89720473571993e-06
rule_a_one_step	metastatic::ATM+KRAS+RBM10	metastatic::ATM+CDKN2A+KRAS+RBM10	same_stage_one_event	CDKN2A	1	0.0489210111102098	0.0008472078974510093	4.144626696385831e-05
rule_a_one_step	metastatic::ATM+CDKN2A+KRAS	metastatic::ATM+CDKN2A+KRAS+RBM10	same_stage_one_event	RBM10	1	0.13643124826337955	3.6835125976130835e-05	5.0254622168623665e-06
rule_a_one_step	metastatic::CDKN2A+KRAS+SETD2+TP53	metastatic::ATM+CDKN2A+KRAS+SETD2+TP53	same_stage_one_event	ATM	1	0.1301803631037475	3.6835125976130835e-05	4.795210074544994e-06
rule_a_one_step	metastatic::ATM+KRAS+SETD2+TP53	metastatic::ATM+CDKN2A+KRAS+SETD2+TP53	same_stage_one_event	CDKN2A	1	0.062303136321232126	0.00022101075585678504	1.376966325060383e-05
rule_a_one_step	metastatic::ATM+CDKN2A+SETD2+TP53	metastatic::ATM+CDKN2A+KRAS+SETD2+TP53	same_stage_one_event	KRAS	1	0.059210644453047405	3.6835125976130835e-05	2.1810315475558935e-06
rule_a_one_step	metastatic::ATM+CDKN2A+KRAS+TP53	metastatic::ATM+CDKN2A+KRAS+SETD2+TP53	same_stage_one_event	SETD2	1	0.05209988400172097	3.6835125976130835e-05	1.9191057905451953e-06
rule_a_one_step	metastatic::CDKN2A+KRAS+SMARCA4	metastatic::ATM+CDKN2A+KRAS+SMARCA4	same_stage_one_event	ATM	1	0.06377789948447023	7.367025195226167e-05	4.698533924006941e-06
rule_a_one_step	metastatic::ATM+KRAS+SMARCA4	metastatic::ATM+CDKN2A+KRAS+SMARCA4	same_stage_one_event	CDKN2A	1	0.03332645810939376	7.367025195226167e-05	2.4551685655955324e-06
rule_a_one_step	metastatic::ATM+CDKN2A+KRAS	metastatic::ATM+CDKN2A+KRAS+SMARCA4	same_stage_one_event	SMARCA4	1	0.060763495804639425	3.6835125976130835e-05	2.238231022713991e-06
rule_a_one_step	metastatic::ATM+KRAS+SMARCA4+STK11	metastatic::ATM+CDKN2A+KRAS+SMARCA4+STK11	same_stage_one_event	CDKN2A	1	0.03386632398011384	0.00014734050390452334	4.989881240623816e-06
rule_a_one_step	metastatic::ATM+CDKN2A+KRAS+SMARCA4	metastatic::ATM+CDKN2A+KRAS+SMARCA4+STK11	same_stage_one_event	STK11	1	0.2713167885409676	3.6835125976130835e-05	9.993988085345791e-06
rule_a_one_step	metastatic::CDKN2A+KRAS+SMARCA4+TP53	metastatic::ATM+CDKN2A+KRAS+SMARCA4+TP53	same_stage_one_event	ATM	1	0.11254361929209351	0.0001841756298806542	2.072779197216987e-05
rule_a_one_step	metastatic::ATM+KRAS+SMARCA4+TP53	metastatic::ATM+CDKN2A+KRAS+SMARCA4+TP53	same_stage_one_event	CDKN2A	1	0.09767870727768532	3.6835125976130835e-05	3.5980074877591468e-06
rule_a_one_step	metastatic::ATM+CDKN2A+KRAS+TP53	metastatic::ATM+CDKN2A+KRAS+SMARCA4+TP53	same_stage_one_event	SMARCA4	1	0.09467534809942783	3.6835125976130835e-05	3.4873783740764633e-06
rule_a_one_step	metastatic::ATM+CDKN2A+KRAS+SMARCA4	metastatic::ATM+CDKN2A+KRAS+SMARCA4+TP53	same_stage_one_event	TP53	1	0.26990734155947027	3.6835125976130835e-05	9.942070928225662e-06
rule_a_one_step	metastatic::CDKN2A+KRAS+TP53	metastatic::ATM+CDKN2A+KRAS+TP53	same_stage_one_event	ATM	1	0.10321421277765926	0.0014365699130691027	0.00014827443267749783
rule_a_one_step	metastatic::ATM+KRAS+TP53	metastatic::ATM+CDKN2A+KRAS+TP53	same_stage_one_event	CDKN2A	1	0.09273345450834984	0.0010313835273316634	9.564375741247221e-05
rule_a_one_step	metastatic::ATM+CDKN2A+TP53	metastatic::ATM+CDKN2A+KRAS+TP53	same_stage_one_event	KRAS	1	0.08776956689473095	7.367025195226167e-05	6.466006106875714e-06
rule_a_one_step	metastatic::ATM+CDKN2A+KRAS	metastatic::ATM+CDKN2A+KRAS+TP53	same_stage_one_event	TP53	1	0.2590125174347644	3.6835125976130835e-05	9.54075870910433e-06
rule_a_one_step	metastatic::CDKN2A+MET+SMARCA4+TP53	metastatic::ATM+CDKN2A+MET+SMARCA4+TP53	same_stage_one_event	ATM	1	0.07695547776942585	7.367025195226167e-05	5.669329436380274e-06
rule_a_one_step	metastatic::CDKN2A+NF1+SMARCA4+TP53	metastatic::ATM+CDKN2A+NF1+SMARCA4+TP53	same_stage_one_event	ATM	1	0.1285324333971132	0.00011050537792839252	1.4203525128603935e-05
rule_a_one_step	metastatic::ATM+NF1+SMARCA4+TP53	metastatic::ATM+CDKN2A+NF1+SMARCA4+TP53	same_stage_one_event	CDKN2A	1	0.07469798295347387	0.00011050537792839252	8.254528836762251e-06
rule_a_one_step	metastatic::ATM+CDKN2A+NF1+TP53	metastatic::ATM+CDKN2A+NF1+SMARCA4+TP53	same_stage_one_event	SMARCA4	1	0.1320478189303201	7.367025195226167e-05	9.72799609034331e-06
rule_a_one_step	metastatic::CDKN2A+RBM10+TP53	metastatic::ATM+CDKN2A+RBM10+TP53	same_stage_one_event	ATM	1	0.07771301737533268	7.367025195226167e-05	5.725137570011247e-06
rule_a_one_step	metastatic::ATM+RBM10+TP53	metastatic::ATM+CDKN2A+RBM10+TP53	same_stage_one_event	CDKN2A	1	0.06470501910480603	3.6835125976130835e-05	2.3834175300134824e-06
rule_a_one_step	metastatic::ATM+CDKN2A+TP53	metastatic::ATM+CDKN2A+RBM10+TP53	same_stage_one_event	RBM10	1	0.05936589448477675	7.367025195226167e-05	4.373500404064884e-06
rule_a_one_step	metastatic::CDKN2A+SETD2+TP53	metastatic::ATM+CDKN2A+SETD2+TP53	same_stage_one_event	ATM	1	0.0883700284978985	3.6835125976130835e-05	3.2551211322343634e-06
rule_a_one_step	metastatic::ATM+SETD2+TP53	metastatic::ATM+CDKN2A+SETD2+TP53	same_stage_one_event	CDKN2A	1	0.04415509036974516	0.0001841756298806542	8.132291581285022e-06
rule_a_one_step	metastatic::ATM+CDKN2A+TP53	metastatic::ATM+CDKN2A+SETD2+TP53	same_stage_one_event	SETD2	1	0.04313241955199533	7.367025195226167e-05	3.1775762157061532e-06
rule_a_one_step	metastatic::EGFR+KEAP1+KRAS	metastatic::ATM+EGFR+KEAP1+KRAS	same_stage_one_event	ATM	1	0.02835378815448152	3.6835125976130835e-05	1.044415358570853e-06
rule_a_one_step	metastatic::ATM+KEAP1+KRAS	metastatic::ATM+EGFR+KEAP1+KRAS	same_stage_one_event	EGFR	1	0.002913060651702398	0.0003683512597613084	1.0730295608156762e-06
rule_a_one_step	metastatic::ATM+EGFR+KRAS	metastatic::ATM+EGFR+KEAP1+KRAS	same_stage_one_event	KEAP1	1	0.006108994828428978	0.0001841756298806542	1.125127970463566e-06
rule_a_one_step	metastatic::EGFR+KEAP1+TP53	metastatic::ATM+EGFR+KEAP1+TP53	same_stage_one_event	ATM	1	0.10108101227251358	0.0004420215117135701	4.467998185023438e-05
rule_a_one_step	metastatic::ATM+KEAP1+TP53	metastatic::ATM+EGFR+KEAP1+TP53	same_stage_one_event	EGFR	1	0.013085751001674216	7.367025195226167e-05	9.640305732779001e-07
rule_a_one_step	metastatic::ATM+EGFR+TP53	metastatic::ATM+EGFR+KEAP1+TP53	same_stage_one_event	KEAP1	1	0.022857515210168086	0.0017312509208781495	3.957209425658981e-05
rule_a_one_step	metastatic::ATM+KRAS+NF1	metastatic::ATM+EGFR+KRAS+NF1	same_stage_one_event	EGFR	1	0.002994986432192061	0.00011050537792839252	3.3096210757979163e-07
rule_a_one_step	metastatic::ATM+EGFR+KRAS	metastatic::ATM+EGFR+KRAS+NF1	same_stage_one_event	NF1	1	0.01547190820443741	0.0001841756298806542	2.849548439007921e-06
rule_a_one_step	metastatic::ATM+KRAS+SMARCA4+STK11	metastatic::ATM+EGFR+KRAS+SMARCA4+STK11	same_stage_one_event	EGFR	1	0.0007909766608666943	0.00014734050390452334	1.1654289978881599e-07
rule_a_one_step	metastatic::ATM+EGFR+PIK3CA+TP53	metastatic::ATM+EGFR+NF1+PIK3CA+TP53	same_stage_one_event	NF1	1	0.12149538526693436	7.367025195226167e-05	8.950595643652154e-06
rule_a_one_step	metastatic::ATM+EGFR+NF1+TP53	metastatic::ATM+EGFR+NF1+PIK3CA+TP53	same_stage_one_event	PIK3CA	1	0.1263985745452746	0.00022101075585678504	2.7935444499471325e-05
rule_a_one_step	metastatic::EGFR+NF1+RBM10+TP53	metastatic::ATM+EGFR+NF1+RBM10+TP53	same_stage_one_event	ATM	1	0.20114925500830233	0.00022101075585678504	4.44561488894141e-05
rule_a_one_step	metastatic::ATM+NF1+RBM10+TP53	metastatic::ATM+EGFR+NF1+RBM10+TP53	same_stage_one_event	EGFR	1	0.0295872027974158	3.6835125976130835e-05	1.0898483423241417e-06
rule_a_one_step	metastatic::ATM+EGFR+RBM10+TP53	metastatic::ATM+EGFR+NF1+RBM10+TP53	same_stage_one_event	NF1	1	0.15154957438246183	3.6835125976130835e-05	5.582347664006992e-06
rule_a_one_step	metastatic::ATM+EGFR+NF1+TP53	metastatic::ATM+EGFR+NF1+RBM10+TP53	same_stage_one_event	RBM10	1	0.24079697968312833	0.00022101075585678504	5.3218722487799104e-05
rule_a_one_step	metastatic::EGFR+NF1+SMARCA4+TP53	metastatic::ATM+EGFR+NF1+SMARCA4+TP53	same_stage_one_event	ATM	1	0.15158821043666848	3.6835125976130835e-05	5.583770827930915e-06
rule_a_one_step	metastatic::ATM+NF1+SMARCA4+TP53	metastatic::ATM+EGFR+NF1+SMARCA4+TP53	same_stage_one_event	EGFR	1	0.013956184433982714	0.00011050537792839252	1.5422334353156086e-06
rule_a_one_step	metastatic::ATM+EGFR+SMARCA4+TP53	metastatic::ATM+EGFR+NF1+SMARCA4+TP53	same_stage_one_event	NF1	1	0.11563186470928004	7.367025195226167e-05	8.518628606842494e-06
rule_a_one_step	metastatic::ATM+EGFR+NF1+TP53	metastatic::ATM+EGFR+NF1+SMARCA4+TP53	same_stage_one_event	SMARCA4	1	0.0840351520326069	0.00022101075585678504	1.8572672469266298e-05
rule_a_one_step	metastatic::EGFR+RBM10+SETD2+TP53	metastatic::ATM+EGFR+RBM10+SETD2+TP53	same_stage_one_event	ATM	1	0.16150906798345854	3.6835125976130835e-05	5.949206865458175e-06
rule_a_one_step	metastatic::ATM+EGFR+SETD2+TP53	metastatic::ATM+EGFR+RBM10+SETD2+TP53	same_stage_one_event	RBM10	1	0.15566650126086454	7.367025195226167e-05	1.146799036841495e-05
rule_a_one_step	metastatic::ATM+EGFR+RBM10+TP53	metastatic::ATM+EGFR+RBM10+SETD2+TP53	same_stage_one_event	SETD2	1	0.08142206116716957	3.6835125976130835e-05	2.9991918803289217e-06
rule_a_one_step	metastatic::EGFR+RBM10+TP53	metastatic::ATM+EGFR+RBM10+TP53	same_stage_one_event	ATM	1	0.13009273742224783	0.002283777810520112	0.00029710290703474895
rule_a_one_step	metastatic::ATM+RBM10+TP53	metastatic::ATM+EGFR+RBM10+TP53	same_stage_one_event	EGFR	1	0.07755301926450328	3.6835125976130835e-05	2.8566752344372798e-06
rule_a_one_step	metastatic::ATM+EGFR+TP53	metastatic::ATM+EGFR+RBM10+TP53	same_stage_one_event	RBM10	1	0.15851527347215796	0.0017312509208781495	0.0002744297131719252
rule_a_one_step	metastatic::ATM+EGFR+RBM10	metastatic::ATM+EGFR+RBM10+TP53	same_stage_one_event	TP53	1	0.20481995447608725	0.0004051863857374392	8.299025708107262e-05
rule_a_one_step	metastatic::EGFR+SETD2	metastatic::ATM+EGFR+SETD2	same_stage_one_event	ATM	1	0.05048441464585051	0.0004788566376897009	2.417479705304467e-05
rule_a_one_step	metastatic::ATM+SETD2	metastatic::ATM+EGFR+SETD2	same_stage_one_event	EGFR	1	0.1255603924379045	0.00014734050390452334	1.8500131492250552e-05
rule_a_one_step	metastatic::ATM+EGFR	metastatic::ATM+EGFR+SETD2	same_stage_one_event	SETD2	1	0.03199072702536621	0.0014734050390452335	4.7135298401895114e-05
rule_a_one_step	metastatic::EGFR+SMARCA4	metastatic::ATM+EGFR+SMARCA4	same_stage_one_event	ATM	1	0.030987658983073565	0.00033151613378517756	1.0272908901122076e-05
rule_a_one_step	metastatic::ATM+EGFR	metastatic::ATM+EGFR+SMARCA4	same_stage_one_event	SMARCA4	1	0.025878268831722413	0.0014734050390452335	3.812917169842701e-05
rule_a_one_step	metastatic::KEAP1+KRAS+NF1+RBM10+SMARCA4+STK11	metastatic::ATM+KEAP1+KRAS+NF1+RBM10+SMARCA4+STK11	same_stage_one_event	ATM	1	0.46282188111349154	7.367025195226167e-05	3.409620459065062e-05
rule_a_one_step	metastatic::ATM+KEAP1+KRAS+RBM10+SMARCA4+STK11	metastatic::ATM+KEAP1+KRAS+NF1+RBM10+SMARCA4+STK11	same_stage_one_event	NF1	1	0.20779937368691914	3.6835125976130835e-05	7.654316107518753e-06
rule_a_one_step	metastatic::KEAP1+KRAS+RBM10	metastatic::ATM+KEAP1+KRAS+RBM10	same_stage_one_event	ATM	1	0.142227964604656	0.0001841756298806542	2.6194924967705907e-05
rule_a_one_step	metastatic::ATM+KRAS+RBM10	metastatic::ATM+KEAP1+KRAS+RBM10	same_stage_one_event	KEAP1	1	0.05437802781900976	0.0008472078974510093	4.6069494616075753e-05
rule_a_one_step	metastatic::ATM+KEAP1+KRAS	metastatic::ATM+KEAP1+KRAS+RBM10	same_stage_one_event	RBM10	1	0.13430750235009814	0.0003683512597613084	4.9472337686053535e-05
rule_a_one_step	metastatic::KEAP1+KRAS+RBM10+SMARCA4+STK11	metastatic::ATM+KEAP1+KRAS+RBM10+SMARCA4+STK11	same_stage_one_event	ATM	1	0.3511316800221737	0.00014734050390452334	5.1735918671308925e-05
rule_a_one_step	metastatic::ATM+KRAS+RBM10+SMARCA4+STK11	metastatic::ATM+KEAP1+KRAS+RBM10+SMARCA4+STK11	same_stage_one_event	KEAP1	1	0.6612827930457114	3.6835125976130835e-05	2.4358434987686434e-05
rule_a_one_step	metastatic::ATM+KEAP1+KRAS+SMARCA4+STK11	metastatic::ATM+KEAP1+KRAS+RBM10+SMARCA4+STK11	same_stage_one_event	RBM10	1	0.35110661748081284	0.00022101075585678504	7.759833891575355e-05
rule_a_one_step	metastatic::ATM+KEAP1+KRAS+RBM10+STK11	metastatic::ATM+KEAP1+KRAS+RBM10+SMARCA4+STK11	same_stage_one_event	SMARCA4	1	0.5973667218266301	7.367025195226167e-05	4.400815690486445e-05
rule_a_one_step	metastatic::KEAP1+KRAS+SETD2+STK11	metastatic::ATM+KEAP1+KRAS+SETD2+STK11	same_stage_one_event	ATM	1	0.17156581018620035	0.00025784588183291586	4.4237537619839486e-05
rule_a_one_step	metastatic::ATM+KRAS+SETD2+STK11	metastatic::ATM+KEAP1+KRAS+SETD2+STK11	same_stage_one_event	KEAP1	1	0.4361793832778448	3.6835125976130835e-05	1.606672253123047e-05
rule_a_one_step	metastatic::ATM+KEAP1+SETD2+STK11	metastatic::ATM+KEAP1+KRAS+SETD2+STK11	same_stage_one_event	KRAS	1	0.5756956937274127	3.6835125976130835e-05	2.120582340236528e-05
rule_a_one_step	metastatic::ATM+KEAP1+KRAS+STK11	metastatic::ATM+KEAP1+KRAS+SETD2+STK11	same_stage_one_event	SETD2	1	0.05003226799892731	0.0005893620156180934	2.948711831379243e-05
rule_a_one_step	metastatic::KEAP1+KRAS+SETD2+STK11+TP53	metastatic::ATM+KEAP1+KRAS+SETD2+STK11+TP53	same_stage_one_event	ATM	1	0.1247488388942366	7.367025195226167e-05	9.19027839209051e-06
rule_a_one_step	metastatic::ATM+KEAP1+SETD2+STK11+TP53	metastatic::ATM+KEAP1+KRAS+SETD2+STK11+TP53	same_stage_one_event	KRAS	1	0.07066446377936496	3.6835125976130835e-05	2.602934425348643e-06
rule_a_one_step	metastatic::ATM+KEAP1+KRAS+STK11+TP53	metastatic::ATM+KEAP1+KRAS+SETD2+STK11+TP53	same_stage_one_event	SETD2	1	0.03570703561848876	3.6835125976130835e-05	1.3152731552412242e-06
rule_a_one_step	metastatic::ATM+KEAP1+KRAS+SETD2+STK11	metastatic::ATM+KEAP1+KRAS+SETD2+STK11+TP53	same_stage_one_event	TP53	1	0.014556273296601802	3.6835125976130835e-05	5.361821606233166e-07
rule_a_one_step	metastatic::KEAP1+KRAS+STK11+TP53	metastatic::ATM+KEAP1+KRAS+STK11+TP53	same_stage_one_event	ATM	1	0.1097351073323239	0.0008840430234271402	9.701055606216935e-05
rule_a_one_step	metastatic::ATM+KRAS+STK11+TP53	metastatic::ATM+KEAP1+KRAS+STK11+TP53	same_stage_one_event	KEAP1	1	0.44477619718588307	0.0001841756298806542	8.191693627263206e-05
rule_a_one_step	metastatic::ATM+KEAP1+STK11+TP53	metastatic::ATM+KEAP1+KRAS+STK11+TP53	same_stage_one_event	KRAS	1	0.12053214650310651	0.00014734050390452334	1.7759267202461543e-05
rule_a_one_step	metastatic::ATM+KEAP1+KRAS+TP53	metastatic::ATM+KEAP1+KRAS+STK11+TP53	same_stage_one_event	STK11	1	0.14845471828244822	0.00014734050390452334	2.1873392998739975e-05
rule_a_one_step	metastatic::ATM+KEAP1+KRAS+STK11	metastatic::ATM+KEAP1+KRAS+STK11+TP53	same_stage_one_event	TP53	1	0.02385875201143512	0.0005893620156180934	1.4061442175591641e-05
rule_a_one_step	metastatic::KEAP1+MET+SMARCA4+TP53	metastatic::ATM+KEAP1+MET+SMARCA4+TP53	same_stage_one_event	ATM	1	0.08236463573112099	3.6835125976130835e-05	3.033911733133969e-06
rule_a_one_step	metastatic::ATM+KEAP1+SMARCA4+TP53	metastatic::ATM+KEAP1+MET+SMARCA4+TP53	same_stage_one_event	MET	1	0.05141874246089138	3.6835125976130835e-05	1.8940158560811616e-06
rule_a_one_step	metastatic::ATM+KEAP1+MET+TP53	metastatic::ATM+KEAP1+MET+SMARCA4+TP53	same_stage_one_event	SMARCA4	1	0.15029311678488108	3.6835125976130835e-05	5.536065890116438e-06
rule_a_one_step	metastatic::KEAP1+MET+TP53	metastatic::ATM+KEAP1+MET+TP53	same_stage_one_event	ATM	1	0.07115804502056695	3.6835125976130835e-05	2.621115552547773e-06
rule_a_one_step	metastatic::ATM+MET+TP53	metastatic::ATM+KEAP1+MET+TP53	same_stage_one_event	KEAP1	1	0.02456437057799441	0.00022101075585678504	5.428990108588717e-06
rule_a_one_step	metastatic::ATM+KEAP1+TP53	metastatic::ATM+KEAP1+MET+TP53	same_stage_one_event	MET	1	0.04214228032647077	7.367025195226167e-05	3.104632409493942e-06
rule_a_one_step	metastatic::KEAP1+NF1	metastatic::ATM+KEAP1+NF1	same_stage_one_event	ATM	1	0.07330321065497614	3.6835125976130835e-05	2.700132998930902e-06
rule_a_one_step	metastatic::ATM+NF1	metastatic::ATM+KEAP1+NF1	same_stage_one_event	KEAP1	1	0.027640063001749246	3.6835125976130835e-05	1.0181252026576264e-06
rule_a_one_step	metastatic::ATM+KEAP1	metastatic::ATM+KEAP1+NF1	same_stage_one_event	NF1	1	0.03142755174786111	0.00014734050390452334	4.630551311015339e-06
rule_a_one_step	metastatic::ATM+KEAP1+NF1	metastatic::ATM+KEAP1+NF1+SETD2	same_stage_one_event	SETD2	1	0.048456345966951926	3.6835125976130835e-05	1.7848956080356535e-06
rule_a_one_step	metastatic::KEAP1+NF1+SETD2+TP53	metastatic::ATM+KEAP1+NF1+SETD2+TP53	same_stage_one_event	ATM	1	0.138206249529416	7.367025195226167e-05	1.0181689224209222e-05
rule_a_one_step	metastatic::ATM+NF1+SETD2+TP53	metastatic::ATM+KEAP1+NF1+SETD2+TP53	same_stage_one_event	KEAP1	1	0.052621516417569444	3.6835125976130835e-05	1.9383201862962073e-06
rule_a_one_step	metastatic::ATM+KEAP1+SETD2+TP53	metastatic::ATM+KEAP1+NF1+SETD2+TP53	same_stage_one_event	NF1	1	0.15095883382915712	7.367025195226167e-05	1.1121175322613607e-05
rule_a_one_step	metastatic::ATM+KEAP1+NF1+TP53	metastatic::ATM+KEAP1+NF1+SETD2+TP53	same_stage_one_event	SETD2	1	0.07193534753734442	0.00011050537792839252	7.949242766024505e-06
rule_a_one_step	metastatic::ATM+KEAP1+NF1+SETD2	metastatic::ATM+KEAP1+NF1+SETD2+TP53	same_stage_one_event	TP53	1	0.08883271094447255	3.6835125976130835e-05	3.2721640984408626e-06
rule_a_one_step	metastatic::KEAP1+NF1+SMARCA4	metastatic::ATM+KEAP1+NF1+SMARCA4	same_stage_one_event	ATM	1	0.08305899983275664	7.367025195226167e-05	6.118977444582041e-06
rule_a_one_step	metastatic::ATM+KEAP1+NF1	metastatic::ATM+KEAP1+NF1+SMARCA4	same_stage_one_event	SMARCA4	1	0.10735150157185078	3.6835125976130835e-05	3.954306084125931e-06
rule_a_one_step	metastatic::ATM+KEAP1+NF1+STK11+TP53	metastatic::ATM+KEAP1+NF1+SMARCA4+STK11+TP53	same_stage_one_event	SMARCA4	1	0.570075036145128	3.6835125976130835e-05	2.099878577225313e-05
rule_a_one_step	metastatic::ATM+KEAP1+NF1+SMARCA4+TP53	metastatic::ATM+KEAP1+NF1+SMARCA4+STK11+TP53	same_stage_one_event	STK11	1	0.12575587119556106	3.6835125976130835e-05	4.632233357726575e-06
rule_a_one_step	metastatic::KEAP1+NF1+SMARCA4+TP53	metastatic::ATM+KEAP1+NF1+SMARCA4+TP53	same_stage_one_event	ATM	1	0.15042990837447887	0.00011050537792839252	1.6623313876655247e-05
rule_a_one_step	metastatic::ATM+NF1+SMARCA4+TP53	metastatic::ATM+KEAP1+NF1+SMARCA4+TP53	same_stage_one_event	KEAP1	1	0.05846609414715246	0.00011050537792839252	6.460817829728061e-06
rule_a_one_step	metastatic::ATM+KEAP1+SMARCA4+TP53	metastatic::ATM+KEAP1+NF1+SMARCA4+TP53	same_stage_one_event	NF1	1	0.189063782157894	3.6835125976130835e-05	6.964188233309782e-06
rule_a_one_step	metastatic::ATM+KEAP1+NF1+TP53	metastatic::ATM+KEAP1+NF1+SMARCA4+TP53	same_stage_one_event	SMARCA4	1	0.23744005971946114	0.00011050537792839252	2.6238403534639144e-05
rule_a_one_step	metastatic::ATM+KEAP1+NF1+SMARCA4	metastatic::ATM+KEAP1+NF1+SMARCA4+TP53	same_stage_one_event	TP53	1	0.13192876370497414	3.6835125976130835e-05	4.85961263094792e-06
rule_a_one_step	metastatic::KEAP1+NF1+STK11+TP53	metastatic::ATM+KEAP1+NF1+STK11+TP53	same_stage_one_event	ATM	1	0.10893191037342094	0.00022101075585678504	2.4075123848553326e-05
rule_a_one_step	metastatic::ATM+KEAP1+STK11+TP53	metastatic::ATM+KEAP1+NF1+STK11+TP53	same_stage_one_event	NF1	1	0.12574063156760307	0.00014734050390452334	1.852668801644365e-05
rule_a_one_step	metastatic::ATM+KEAP1+NF1+TP53	metastatic::ATM+KEAP1+NF1+STK11+TP53	same_stage_one_event	STK11	1	0.09753157731406181	0.00011050537792839252	1.0777763811042635e-05
rule_a_one_step	metastatic::ATM+KEAP1	metastatic::ATM+KEAP1+PIK3CA	same_stage_one_event	PIK3CA	1	0.012354966345744702	0.00014734050390452334	1.8203869671054518e-06
rule_a_one_step	metastatic::KEAP1+PIK3CA+SMARCA4+TP53	metastatic::ATM+KEAP1+PIK3CA+SMARCA4+TP53	same_stage_one_event	ATM	1	0.09188419814535675	3.6835125976130835e-05	3.384566013899983e-06
rule_a_one_step	metastatic::ATM+KEAP1+SMARCA4+TP53	metastatic::ATM+KEAP1+PIK3CA+SMARCA4+TP53	same_stage_one_event	PIK3CA	1	0.04655237508770302	3.6835125976130835e-05	1.7147626008436354e-06
rule_a_one_step	metastatic::ATM+KEAP1+PIK3CA+TP53	metastatic::ATM+KEAP1+PIK3CA+SMARCA4+TP53	same_stage_one_event	SMARCA4	1	0.17342774404125408	3.6835125976130835e-05	6.388232799515768e-06
rule_a_one_step	metastatic::KEAP1+PIK3CA+TP53	metastatic::ATM+KEAP1+PIK3CA+TP53	same_stage_one_event	ATM	1	0.07668171448123795	0.00022101075585678504	1.6947483677892577e-05
rule_a_one_step	metastatic::ATM+KEAP1+TP53	metastatic::ATM+KEAP1+PIK3CA+TP53	same_stage_one_event	PIK3CA	1	0.039578518084581876	7.367025195226167e-05	2.915759399188292e-06
rule_a_one_step	metastatic::ATM+KEAP1+PIK3CA	metastatic::ATM+KEAP1+PIK3CA+TP53	same_stage_one_event	TP53	1	0.034016643715477204	3.6835125976130835e-05	1.2530073565447622e-06
rule_a_one_step	metastatic::ATM+KEAP1+SETD2+STK11	metastatic::ATM+KEAP1+RBM10+SETD2+STK11	same_stage_one_event	RBM10	1	0.04053561116305066	3.6835125976130835e-05	1.4931343437104266e-06
rule_a_one_step	metastatic::KEAP1+SETD2+STK11	metastatic::ATM+KEAP1+SETD2+STK11	same_stage_one_event	ATM	1	0.07167180887100462	3.6835125976130835e-05	2.6400401087006266e-06
rule_a_one_step	metastatic::ATM+KEAP1+STK11	metastatic::ATM+KEAP1+SETD2+STK11	same_stage_one_event	SETD2	1	0.013187509315283532	0.00011050537792839252	1.4572907008196036e-06
rule_a_one_step	metastatic::KEAP1+SETD2+STK11+TP53	metastatic::ATM+KEAP1+SETD2+STK11+TP53	same_stage_one_event	ATM	1	0.08529653340210967	7.367025195226167e-05	6.283817106387923e-06
rule_a_one_step	metastatic::ATM+KEAP1+STK11+TP53	metastatic::ATM+KEAP1+SETD2+STK11+TP53	same_stage_one_event	SETD2	1	0.02779342438943436	0.00014734050390452334	4.095097154771528e-06
rule_a_one_step	metastatic::ATM+KEAP1+SETD2+TP53	metastatic::ATM+KEAP1+SETD2+STK11+TP53	same_stage_one_event	STK11	1	0.07582903708912127	7.367025195226167e-05	5.586344267652959e-06
rule_a_one_step	metastatic::ATM+KEAP1+SETD2+STK11	metastatic::ATM+KEAP1+SETD2+STK11+TP53	same_stage_one_event	TP53	1	0.0035727749212268113	3.6835125976130835e-05	1.3160361430775052e-07
rule_a_one_step	metastatic::KEAP1+SMARCA4+STK11	metastatic::ATM+KEAP1+SMARCA4+STK11	same_stage_one_event	ATM	1	0.06355826403492273	0.0003683512597613084	2.3411766625505648e-05
rule_a_one_step	metastatic::ATM+KEAP1+STK11	metastatic::ATM+KEAP1+SMARCA4+STK11	same_stage_one_event	SMARCA4	1	0.1444176520711063	0.00011050537792839252	1.59589272216487e-05
rule_a_one_step	metastatic::KEAP1+SMARCA4+TP53	metastatic::ATM+KEAP1+SMARCA4+TP53	same_stage_one_event	ATM	1	0.08968783181959464	0.0003683512597613084	3.3036625836008044e-05
rule_a_one_step	metastatic::ATM+SMARCA4+TP53	metastatic::ATM+KEAP1+SMARCA4+TP53	same_stage_one_event	KEAP1	1	0.04794888403021995	0.00014734050390452334	7.064812734672159e-06
rule_a_one_step	metastatic::ATM+KEAP1+TP53	metastatic::ATM+KEAP1+SMARCA4+TP53	same_stage_one_event	SMARCA4	1	0.1755924963270541	7.367025195226167e-05	1.2935943445340657e-05
rule_a_one_step	metastatic::ATM+KRAS+SETD2	metastatic::ATM+KRAS+MET+SETD2	same_stage_one_event	MET	1	0.01316078166161325	0.00011050537792839252	1.45433715134963e-06
rule_a_one_step	metastatic::KRAS+MET+SMARCA4	metastatic::ATM+KRAS+MET+SMARCA4	same_stage_one_event	ATM	1	0.051959349905689754	3.6835125976130835e-05	1.913929199413944e-06
rule_a_one_step	metastatic::ATM+MET+SMARCA4	metastatic::ATM+KRAS+MET+SMARCA4	same_stage_one_event	KRAS	1	0.4259386794552031	3.6835125976130835e-05	1.5689504915839216e-05
rule_a_one_step	metastatic::ATM+KRAS+SMARCA4	metastatic::ATM+KRAS+MET+SMARCA4	same_stage_one_event	MET	1	0.012079264051973175	7.367025195226167e-05	8.89882426106761e-07
rule_a_one_step	metastatic::ATM+KRAS+NF1+SMARCA4+TP53	metastatic::ATM+KRAS+NF1+PIK3CA+SMARCA4+TP53	same_stage_one_event	PIK3CA	1	0.0547389432950546	3.6835125976130835e-05	2.0163158720736182e-06
rule_a_one_step	metastatic::ATM+KRAS+RBM10+SETD2	metastatic::ATM+KRAS+NF1+RBM10+SETD2	same_stage_one_event	NF1	1	0.09242722925593506	7.367025195226167e-05	6.809137266534187e-06
rule_a_one_step	metastatic::ATM+KRAS+NF1+RBM10	metastatic::ATM+KRAS+NF1+RBM10+SETD2	same_stage_one_event	SETD2	1	0.12898076752193544	0.00011050537792839252	1.4253068460505611e-05
rule_a_one_step	metastatic::KRAS+NF1+SETD2+TP53	metastatic::ATM+KRAS+NF1+SETD2+TP53	same_stage_one_event	ATM	1	0.17071267427018674	0.00011050537792839252	1.8864668587393556e-05
rule_a_one_step	metastatic::ATM+NF1+SETD2+TP53	metastatic::ATM+KRAS+NF1+SETD2+TP53	same_stage_one_event	KRAS	1	0.023817497748267486	3.6835125976130835e-05	8.773205299936453e-07
rule_a_one_step	metastatic::ATM+KRAS+SETD2+TP53	metastatic::ATM+KRAS+NF1+SETD2+TP53	same_stage_one_event	NF1	1	0.10528630463162601	0.00022101075585678504	2.3269405768003392e-05
rule_a_one_step	metastatic::ATM+KRAS+NF1+TP53	metastatic::ATM+KRAS+NF1+SETD2+TP53	same_stage_one_event	SETD2	1	0.0647850370151586	3.6835125976130835e-05	2.3863649998216663e-06
rule_a_one_step	metastatic::KRAS+NF1+SMARCA4+TP53	metastatic::ATM+KRAS+NF1+SMARCA4+TP53	same_stage_one_event	ATM	1	0.14352316392275877	3.6835125976130835e-05	5.286693823587695e-06
rule_a_one_step	metastatic::ATM+NF1+SMARCA4+TP53	metastatic::ATM+KRAS+NF1+SMARCA4+TP53	same_stage_one_event	KRAS	1	0.03456702406471882	0.00011050537792839252	3.819842058131593e-06
rule_a_one_step	metastatic::ATM+KRAS+SMARCA4+TP53	metastatic::ATM+KRAS+NF1+SMARCA4+TP53	same_stage_one_event	NF1	1	0.1056597140492804	3.6835125976130835e-05	3.891988877607204e-06
rule_a_one_step	metastatic::ATM+KRAS+NF1+TP53	metastatic::ATM+KRAS+NF1+SMARCA4+TP53	same_stage_one_event	SMARCA4	1	0.06789570457045009	3.6835125976130835e-05	2.500946831090691e-06
rule_a_one_step	metastatic::KRAS+NF1+TP53	metastatic::ATM+KRAS+NF1+TP53	same_stage_one_event	ATM	1	0.13663180879038658	0.000920878149403271	0.00012582124722851278
rule_a_one_step	metastatic::ATM+NF1+TP53	metastatic::ATM+KRAS+NF1+TP53	same_stage_one_event	KRAS	1	0.037519930894729915	0.00025784588183291586	9.674359667861699e-06
rule_a_one_step	metastatic::ATM+KRAS+TP53	metastatic::ATM+KRAS+NF1+TP53	same_stage_one_event	NF1	1	0.10038995135280065	0.0010313835273316634	0.00010354054213490564
rule_a_one_step	metastatic::ATM+KRAS+NF1	metastatic::ATM+KRAS+NF1+TP53	same_stage_one_event	TP53	1	0.22822841955600198	0.00011050537792839252	2.522046775703573e-05
rule_a_one_step	metastatic::KRAS+PIK3CA+RBM10	metastatic::ATM+KRAS+PIK3CA+RBM10	same_stage_one_event	ATM	1	0.16049205301555902	0.00014734050390452334	2.364697996398394e-05
rule_a_one_step	metastatic::ATM+KRAS+RBM10	metastatic::ATM+KRAS+PIK3CA+RBM10	same_stage_one_event	PIK3CA	1	0.06008586277899908	0.0008472078974510093	5.090521747152567e-05
rule_a_one_step	metastatic::ATM+KRAS+PIK3CA	metastatic::ATM+KRAS+PIK3CA+RBM10	same_stage_one_event	RBM10	1	0.16004067465929164	0.00022101075585678504	3.537071047427987e-05
rule_a_one_step	metastatic::ATM+KRAS+RBM10+SETD2	metastatic::ATM+KRAS+PIK3CA+RBM10+SETD2	same_stage_one_event	PIK3CA	1	0.06525615683033537	7.367025195226167e-05	4.807437515127108e-06
rule_a_one_step	metastatic::ATM+KRAS+PIK3CA+RBM10	metastatic::ATM+KRAS+PIK3CA+RBM10+SETD2	same_stage_one_event	SETD2	1	0.1244231069264448	3.6835125976130835e-05	4.583140817977192e-06
rule_a_one_step	metastatic::ATM+KRAS+RBM10+STK11	metastatic::ATM+KRAS+PIK3CA+RBM10+STK11	same_stage_one_event	PIK3CA	1	0.01789810307736368	0.00014734050390452334	2.6371155263538644e-06
rule_a_one_step	metastatic::ATM+KRAS+PIK3CA+STK11	metastatic::ATM+KRAS+PIK3CA+RBM10+STK11	same_stage_one_event	RBM10	1	0.16596022727620371	7.367025195226167e-05	1.2226331757492537e-05
rule_a_one_step	metastatic::ATM+KRAS+PIK3CA+RBM10	metastatic::ATM+KRAS+PIK3CA+RBM10+STK11	same_stage_one_event	STK11	1	0.24936559761760144	3.6835125976130835e-05	9.1854132023575e-06
rule_a_one_step	metastatic::KRAS+PIK3CA+TP53	metastatic::ATM+KRAS+PIK3CA+TP53	same_stage_one_event	ATM	1	0.09721100466467461	0.0010682186533077943	0.00010384260848959642
rule_a_one_step	metastatic::ATM+KRAS+TP53	metastatic::ATM+KRAS+PIK3CA+TP53	same_stage_one_event	PIK3CA	1	0.06443306580527902	0.0010313835273316634	6.645520268704186e-05
rule_a_one_step	metastatic::ATM+KRAS+PIK3CA	metastatic::ATM+KRAS+PIK3CA+TP53	same_stage_one_event	TP53	1	0.1293738799936559	0.00022101075585678504	2.8593019005522893e-05
rule_a_one_step	metastatic::ATM+KRAS+SMARCA4+STK11	metastatic::ATM+KRAS+RBM10+SMARCA4+STK11	same_stage_one_event	RBM10	1	0.18858913753732745	0.00014734050390452334	2.7786818555669286e-05
rule_a_one_step	metastatic::ATM+KRAS+RBM10+STK11	metastatic::ATM+KRAS+RBM10+SMARCA4+STK11	same_stage_one_event	SMARCA4	1	0.15721378673283862	0.00014734050390452334	2.316395855795471e-05
rule_a_one_step	metastatic::KRAS+SETD2+SMARCA4	metastatic::ATM+KRAS+SETD2+SMARCA4	same_stage_one_event	ATM	1	0.09796396196708929	3.6835125976130835e-05	3.6085148801786236e-06
rule_a_one_step	metastatic::ATM+KRAS+SMARCA4	metastatic::ATM+KRAS+SETD2+SMARCA4	same_stage_one_event	SETD2	1	0.06086070883716669	7.367025195226167e-05	4.4836237540273085e-06
rule_a_one_step	metastatic::ATM+KRAS+SETD2	metastatic::ATM+KRAS+SETD2+SMARCA4	same_stage_one_event	SMARCA4	1	0.054620414688046307	0.00011050537792839252	6.035849567708079e-06
rule_a_one_step	metastatic::KRAS+SETD2+STK11	metastatic::ATM+KRAS+SETD2+STK11	same_stage_one_event	ATM	1	0.11190610491437192	0.00014734050390452334	1.6488301888076016e-05
rule_a_one_step	metastatic::ATM+KRAS+STK11	metastatic::ATM+KRAS+SETD2+STK11	same_stage_one_event	SETD2	1	0.03642960005916104	0.001583910416973626	5.770122301988819e-05
rule_a_one_step	metastatic::ATM+KRAS+SETD2	metastatic::ATM+KRAS+SETD2+STK11	same_stage_one_event	STK11	1	0.2278570171724916	0.00011050537792839252	2.517942579628241e-05
rule_a_one_step	metastatic::KRAS+SMARCA4+TP53	metastatic::ATM+KRAS+SMARCA4+TP53	same_stage_one_event	ATM	1	0.09588052179904928	0.0007367025195226168	7.063542198250279e-05
rule_a_one_step	metastatic::ATM+SMARCA4+TP53	metastatic::ATM+KRAS+SMARCA4+TP53	same_stage_one_event	KRAS	1	0.07641544466827732	0.00014734050390452334	1.1259090123512203e-05
rule_a_one_step	metastatic::ATM+KRAS+TP53	metastatic::ATM+KRAS+SMARCA4+TP53	same_stage_one_event	SMARCA4	1	0.0548809359054146	0.0010313835273316634	5.6603293257389455e-05
rule_a_one_step	metastatic::ATM+KRAS+SMARCA4	metastatic::ATM+KRAS+SMARCA4+TP53	same_stage_one_event	TP53	1	0.25711092726570894	7.367025195226167e-05	1.8941426791344403e-05
rule_a_one_step	metastatic::ATM+NF1+RBM10	metastatic::ATM+MET+NF1+RBM10	same_stage_one_event	MET	1	0.09272632113112984	3.6835125976130835e-05	3.4155857201683307e-06
rule_a_one_step	metastatic::MET+SMARCA4	metastatic::ATM+MET+SMARCA4	same_stage_one_event	ATM	1	0.034013194338222995	7.367025195226167e-05	2.505760596598128e-06
rule_a_one_step	metastatic::ATM+MET	metastatic::ATM+MET+SMARCA4	same_stage_one_event	SMARCA4	1	0.018161084183179566	0.0001841756298806542	3.344829118752683e-06
rule_a_one_step	metastatic::MET+STK11	metastatic::ATM+MET+STK11	same_stage_one_event	ATM	1	0.04351339586778617	3.6835125976130835e-05	1.6028214184391545e-06
rule_a_one_step	metastatic::ATM+MET	metastatic::ATM+MET+STK11	same_stage_one_event	STK11	1	0.09341983587364491	0.0001841756298806542	1.7205657115375885e-05
rule_a_one_step	metastatic::NF1	metastatic::ATM+NF1	same_stage_one_event	ATM	1	0.06183367768375071	0.0008103727714748784	5.01083287550654e-05
rule_a_one_step	metastatic::ATM	metastatic::ATM+NF1	same_stage_one_event	NF1	1	0.025555159581478654	0.0018049211728304111	4.6125048603670774e-05
rule_a_one_step	metastatic::NF1+RBM10	metastatic::ATM+NF1+RBM10	same_stage_one_event	ATM	1	0.08723189028362156	0.00011050537792839252	9.639593003199673e-06
rule_a_one_step	metastatic::ATM+RBM10	metastatic::ATM+NF1+RBM10	same_stage_one_event	NF1	1	0.028713898798625827	0.00022101075585678504	6.346080477079526e-06
rule_a_one_step	metastatic::ATM+NF1	metastatic::ATM+NF1+RBM10	same_stage_one_event	RBM10	1	0.08473178241715172	3.6835125976130835e-05	3.1211058795178915e-06
rule_a_one_step	metastatic::NF1+RBM10+TP53	metastatic::ATM+NF1+RBM10+TP53	same_stage_one_event	ATM	1	0.1357932400119636	0.0002946810078090467	4.0015688820381195e-05
rule_a_one_step	metastatic::ATM+RBM10+TP53	metastatic::ATM+NF1+RBM10+TP53	same_stage_one_event	NF1	1	0.16212370101985382	3.6835125976130835e-05	5.971846950782887e-06
rule_a_one_step	metastatic::ATM+NF1+TP53	metastatic::ATM+NF1+RBM10+TP53	same_stage_one_event	RBM10	1	0.10260680454060099	0.00025784588183291586	2.6456741998828898e-05
rule_a_one_step	metastatic::ATM+NF1+RBM10	metastatic::ATM+NF1+RBM10+TP53	same_stage_one_event	TP53	1	0.031094374421908384	3.6835125976130835e-05	1.1453651989799757e-06
rule_a_one_step	metastatic::NF1+SETD2+TP53	metastatic::ATM+NF1+SETD2+TP53	same_stage_one_event	ATM	1	0.1354246361415889	0.0002946810078090467	3.990706826037686e-05
rule_a_one_step	metastatic::ATM+SETD2+TP53	metastatic::ATM+NF1+SETD2+TP53	same_stage_one_event	NF1	1	0.13930227039486737	0.0001841756298806542	2.5656083393779905e-05
rule_a_one_step	metastatic::ATM+NF1+TP53	metastatic::ATM+NF1+SETD2+TP53	same_stage_one_event	SETD2	1	0.06441875570856798	0.00025784588183291586	1.661011087225489e-05
rule_a_one_step	metastatic::ATM+SETD2+TP53	metastatic::ATM+PIK3CA+SETD2+TP53	same_stage_one_event	PIK3CA	1	0.046091089818025885	0.0001841756298806542	8.488855499120725e-06
rule_a_one_step	metastatic::PIK3CA+STK11	metastatic::ATM+PIK3CA+STK11	same_stage_one_event	ATM	1	0.03191973355715488	3.6835125976130835e-05	1.1757674067023307e-06
rule_a_one_step	metastatic::RBM10+TP53	metastatic::ATM+RBM10+TP53	same_stage_one_event	ATM	1	0.07250329581257768	0.0006261971415942243	4.5401356593996635e-05
rule_a_one_step	metastatic::ATM+TP53	metastatic::ATM+RBM10+TP53	same_stage_one_event	RBM10	1	0.056537398664513516	0.0013997347870929719	7.913736368246329e-05
rule_a_one_step	metastatic::ATM+RBM10	metastatic::ATM+RBM10+TP53	same_stage_one_event	TP53	1	0.01723058285105901	0.00022101075585678504	3.80814413976551e-06
rule_a_one_step	metastatic::BRAF+EGFR+MET	metastatic::BRAF+CDKN2A+EGFR+MET	same_stage_one_event	CDKN2A	1	0.013857679649962557	3.6835125976130835e-05	5.104493756432354e-07
rule_a_one_step	metastatic::CDKN2A+KEAP1+TP53	metastatic::BRAF+CDKN2A+KEAP1+TP53	same_stage_one_event	BRAF	1	0.06077384243689163	0.0005525268896419625	3.3579182133246444e-05
rule_a_one_step	metastatic::BRAF+KEAP1+TP53	metastatic::BRAF+CDKN2A+KEAP1+TP53	same_stage_one_event	CDKN2A	1	0.12962286145314056	0.00025784588183291586	3.342272101709091e-05
rule_a_one_step	metastatic::BRAF+CDKN2A+TP53	metastatic::BRAF+CDKN2A+KEAP1+TP53	same_stage_one_event	KEAP1	1	0.06831286400795279	0.00025784588183291586	1.7614190660662647e-05
rule_a_one_step	metastatic::CDKN2A+KRAS+SMARCA4+TP53	metastatic::BRAF+CDKN2A+KRAS+SMARCA4+TP53	same_stage_one_event	BRAF	1	0.04859249422333369	0.0001841756298806542	8.949553231054533e-06
rule_a_one_step	metastatic::BRAF+KRAS+SMARCA4+TP53	metastatic::BRAF+CDKN2A+KRAS+SMARCA4+TP53	same_stage_one_event	CDKN2A	1	0.12456770155434446	3.6835125976130835e-05	4.588466979311347e-06
rule_a_one_step	metastatic::BRAF+CDKN2A+SMARCA4+TP53	metastatic::BRAF+CDKN2A+KRAS+SMARCA4+TP53	same_stage_one_event	KRAS	1	0.010635765695947479	7.367025195226167e-05	7.835395385256724e-07
rule_a_one_step	metastatic::BRAF+CDKN2A+KRAS+TP53	metastatic::BRAF+CDKN2A+KRAS+SMARCA4+TP53	same_stage_one_event	SMARCA4	1	0.08291039784527321	7.367025195226167e-05	6.10802989872353e-06
rule_a_one_step	metastatic::CDKN2A+MET+STK11+TP53	metastatic::BRAF+CDKN2A+MET+STK11+TP53	same_stage_one_event	BRAF	1	0.07568362090334836	3.6835125976130835e-05	2.7878157103045658e-06
rule_a_one_step	metastatic::BRAF+CDKN2A+STK11+TP53	metastatic::BRAF+CDKN2A+MET+STK11+TP53	same_stage_one_event	MET	1	0.002461271832092529	3.6835125976130835e-05	9.066125799663065e-08
rule_a_one_step	metastatic::CDKN2A+NF1+SMARCA4+TP53	metastatic::BRAF+CDKN2A+NF1+SMARCA4+TP53	same_stage_one_event	BRAF	1	0.08618800138007329	0.00011050537792839252	9.524237665397815e-06
rule_a_one_step	metastatic::BRAF+NF1+SMARCA4+TP53	metastatic::BRAF+CDKN2A+NF1+SMARCA4+TP53	same_stage_one_event	CDKN2A	1	0.10176373890148242	3.6835125976130835e-05	3.748480142238191e-06
rule_a_one_step	metastatic::BRAF+CDKN2A+SMARCA4+TP53	metastatic::BRAF+CDKN2A+NF1+SMARCA4+TP53	same_stage_one_event	NF1	1	0.15036131186040938	7.367025195226167e-05	1.107715572862895e-05
rule_a_one_step	metastatic::CDKN2A+PIK3CA	metastatic::BRAF+CDKN2A+PIK3CA	same_stage_one_event	BRAF	1	0.04084107056545448	3.6835125976130835e-05	1.5043859792785648e-06
rule_a_one_step	metastatic::BRAF+PIK3CA	metastatic::BRAF+CDKN2A+PIK3CA	same_stage_one_event	CDKN2A	1	0.031244977543611416	7.367025195226167e-05	2.301825367880611e-06
rule_a_one_step	metastatic::BRAF+CDKN2A	metastatic::BRAF+CDKN2A+PIK3CA	same_stage_one_event	PIK3CA	1	0.0304512631604939	0.00014734050390452334	4.486704458596419e-06
rule_a_one_step	metastatic::CDKN2A+RBM10+TP53	metastatic::BRAF+CDKN2A+RBM10+TP53	same_stage_one_event	BRAF	1	0.07775889751342328	7.367025195226167e-05	5.728517571343987e-06
rule_a_one_step	metastatic::BRAF+RBM10+TP53	metastatic::BRAF+CDKN2A+RBM10+TP53	same_stage_one_event	CDKN2A	1	0.10082027740217865	0.0002946810078090467	2.970982095246166e-05
rule_a_one_step	metastatic::BRAF+CDKN2A+TP53	metastatic::BRAF+CDKN2A+RBM10+TP53	same_stage_one_event	RBM10	1	0.06199967335081293	0.00025784588183291586	1.5986360448493094e-05
rule_a_one_step	metastatic::CDKN2A+STK11	metastatic::BRAF+CDKN2A+STK11	same_stage_one_event	BRAF	1	0.031697832086044396	7.367025195226167e-05	2.3351872761193746e-06
rule_a_one_step	metastatic::BRAF+STK11	metastatic::BRAF+CDKN2A+STK11	same_stage_one_event	CDKN2A	1	0.02027622012186267	0.00014734050390452334	2.9875084900342814e-06
rule_a_one_step	metastatic::BRAF+CDKN2A	metastatic::BRAF+CDKN2A+STK11	same_stage_one_event	STK11	1	0.10041480509156428	0.00014734050390452334	1.4795167981665576e-05
rule_a_one_step	metastatic::CDKN2A+STK11+TP53	metastatic::BRAF+CDKN2A+STK11+TP53	same_stage_one_event	BRAF	1	0.044746871047118573	0.00033151613378517756	1.4834309688524649e-05
rule_a_one_step	metastatic::BRAF+STK11+TP53	metastatic::BRAF+CDKN2A+STK11+TP53	same_stage_one_event	CDKN2A	1	0.05326091199268602	0.0004051863857374392	2.158059643139628e-05
rule_a_one_step	metastatic::BRAF+CDKN2A+TP53	metastatic::BRAF+CDKN2A+STK11+TP53	same_stage_one_event	STK11	1	0.21893351667703367	0.00025784588183291586	5.645110567037114e-05
rule_a_one_step	metastatic::BRAF+CDKN2A+STK11	metastatic::BRAF+CDKN2A+STK11+TP53	same_stage_one_event	TP53	1	0.02020035517839112	3.6835125976130835e-05	7.440826277586239e-07
rule_a_one_step	metastatic::BRAF+EGFR+KEAP1+MET+NF1+TP53	metastatic::BRAF+EGFR+KEAP1+MET+NF1+PIK3CA+TP53	same_stage_one_event	PIK3CA	1	0.21983194884373938	3.6835125976130835e-05	8.09753752923749e-06
rule_a_one_step	metastatic::EGFR+KEAP1+RBM10+SMARCA4+TP53	metastatic::BRAF+EGFR+KEAP1+RBM10+SMARCA4+TP53	same_stage_one_event	BRAF	1	0.061628210726909056	3.6835125976130835e-05	2.2700829058092326e-06
rule_a_one_step	metastatic::EGFR+KRAS+MET+PIK3CA+STK11+TP53	metastatic::BRAF+EGFR+KRAS+MET+PIK3CA+STK11+TP53	same_stage_one_event	BRAF	1	0.05892768037654736	3.6835125976130835e-05	2.1706085301512947e-06
rule_a_one_step	metastatic::BRAF+EGFR+KRAS+MET+PIK3CA+TP53	metastatic::BRAF+EGFR+KRAS+MET+PIK3CA+STK11+TP53	same_stage_one_event	STK11	1	0.11682077514542528	3.6835125976130835e-05	4.303107969110994e-06
rule_a_one_step	metastatic::BRAF+KRAS+MET+PIK3CA+TP53	metastatic::BRAF+EGFR+KRAS+MET+PIK3CA+TP53	same_stage_one_event	EGFR	1	0.00012244338159866477	7.367025195226167e-05	9.020434772260555e-09
rule_a_one_step	metastatic::EGFR+KRAS+RBM10+TP53	metastatic::BRAF+EGFR+KRAS+RBM10+TP53	same_stage_one_event	BRAF	1	0.037740744057169595	7.367025195226167e-05	2.7803701235575063e-06
rule_a_one_step	metastatic::BRAF+KRAS+RBM10+TP53	metastatic::BRAF+EGFR+KRAS+RBM10+TP53	same_stage_one_event	EGFR	1	0.0003969304931460785	3.6835125976130835e-05	1.4620984718803538e-08
rule_a_one_step	metastatic::EGFR+MET	metastatic::BRAF+EGFR+MET	same_stage_one_event	BRAF	1	0.016890783021152742	0.00022101075585678504	3.7330447225179186e-06
rule_a_one_step	metastatic::BRAF+EGFR	metastatic::BRAF+EGFR+MET	same_stage_one_event	MET	1	0.005236879486719659	0.00025784588183291586	1.3503078093059384e-06
rule_a_one_step	metastatic::EGFR+NF1+SMARCA4+TP53	metastatic::BRAF+EGFR+NF1+SMARCA4+TP53	same_stage_one_event	BRAF	1	0.05832747102955685	3.6835125976130835e-05	2.1484997432428484e-06
rule_a_one_step	metastatic::BRAF+NF1+SMARCA4+TP53	metastatic::BRAF+EGFR+NF1+SMARCA4+TP53	same_stage_one_event	EGFR	1	0.002582604485760069	3.6835125976130835e-05	9.513056157949274e-08
rule_a_one_step	metastatic::BRAF+EGFR+NF1+TP53	metastatic::BRAF+EGFR+NF1+SMARCA4+TP53	same_stage_one_event	SMARCA4	1	0.06553352964221477	3.6835125976130835e-05	2.4139358200314857e-06
rule_a_one_step	metastatic::EGFR+NF1+TP53	metastatic::BRAF+EGFR+NF1+TP53	same_stage_one_event	BRAF	1	0.05512837026179283	0.001105053779283925	6.091981390355772e-05
rule_a_one_step	metastatic::BRAF+NF1+TP53	metastatic::BRAF+EGFR+NF1+TP53	same_stage_one_event	EGFR	1	0.0030401052891696253	0.0003683512597613084	1.1198266130726483e-06
rule_a_one_step	metastatic::BRAF+EGFR+TP53	metastatic::BRAF+EGFR+NF1+TP53	same_stage_one_event	NF1	1	0.08845564728305196	0.0006998673935464859	6.190722330845688e-05
rule_a_one_step	metastatic::EGFR+PIK3CA	metastatic::BRAF+EGFR+PIK3CA	same_stage_one_event	BRAF	1	0.0424672687578172	0.0016207455429497568	6.882863656048168e-05
rule_a_one_step	metastatic::BRAF+PIK3CA	metastatic::BRAF+EGFR+PIK3CA	same_stage_one_event	EGFR	1	0.07265790504056556	7.367025195226167e-05	5.352726170661968e-06
rule_a_one_step	metastatic::BRAF+EGFR	metastatic::BRAF+EGFR+PIK3CA	same_stage_one_event	PIK3CA	1	0.041658973653688515	0.00025784588183291586	1.0741594797989524e-05
rule_a_one_step	metastatic::EGFR+PIK3CA+RBM10+TP53	metastatic::BRAF+EGFR+PIK3CA+RBM10+TP53	same_stage_one_event	BRAF	1	0.12052287256746762	0.00014734050390452334	1.775790077611133e-05
rule_a_one_step	metastatic::BRAF+PIK3CA+RBM10+TP53	metastatic::BRAF+EGFR+PIK3CA+RBM10+TP53	same_stage_one_event	EGFR	1	0.017570885019418378	3.6835125976130835e-05	6.47225763202386e-07
rule_a_one_step	metastatic::EGFR+RBM10+SETD2	metastatic::BRAF+EGFR+RBM10+SETD2	same_stage_one_event	BRAF	1	0.04737517055518896	0.00011050537792839252	5.235211126623209e-06
rule_a_one_step	metastatic::BRAF+EGFR+SETD2	metastatic::BRAF+EGFR+RBM10+SETD2	same_stage_one_event	RBM10	1	0.07288055974143014	0.00011050537792839252	8.053693797859527e-06
rule_a_one_step	metastatic::BRAF+EGFR+RBM10	metastatic::BRAF+EGFR+RBM10+SETD2	same_stage_one_event	SETD2	1	0.14156625771334672	7.367025195226167e-05	1.042922187368106e-05
rule_a_one_step	metastatic::EGFR+SMARCA4+STK11	metastatic::BRAF+EGFR+SMARCA4+STK11	same_stage_one_event	BRAF	1	0.051471237245381864	3.6835125976130835e-05	1.8959495080809585e-06
rule_a_one_step	metastatic::KEAP1+KRAS+NF1+SMARCA4+STK11	metastatic::BRAF+KEAP1+KRAS+NF1+SMARCA4+STK11	same_stage_one_event	BRAF	1	0.045662199953765414	7.367025195226167e-05	3.3639457752884493e-06
rule_a_one_step	metastatic::BRAF+KEAP1+NF1+SMARCA4+STK11	metastatic::BRAF+KEAP1+KRAS+NF1+SMARCA4+STK11	same_stage_one_event	KRAS	1	0.10712253512373211	3.6835125976130835e-05	3.945872076165173e-06
rule_a_one_step	metastatic::BRAF+KEAP1+KRAS+SMARCA4+STK11	metastatic::BRAF+KEAP1+KRAS+NF1+SMARCA4+STK11	same_stage_one_event	NF1	1	0.07580668553446974	0.00014734050390452334	1.1169395245980512e-05
rule_a_one_step	metastatic::BRAF+KEAP1+KRAS+NF1+STK11	metastatic::BRAF+KEAP1+KRAS+NF1+SMARCA4+STK11	same_stage_one_event	SMARCA4	1	0.3474568355831233	3.6835125976130835e-05	1.2798616309972126e-05
rule_a_one_step	metastatic::KEAP1+KRAS+NF1+STK11	metastatic::BRAF+KEAP1+KRAS+NF1+STK11	same_stage_one_event	BRAF	1	0.029567382786809794	0.00025784588183291586	7.623827888156349e-06
rule_a_one_step	metastatic::BRAF+KEAP1+NF1+STK11	metastatic::BRAF+KEAP1+KRAS+NF1+STK11	same_stage_one_event	KRAS	1	0.07385250622559456	3.6835125976130835e-05	2.720366370472762e-06
rule_a_one_step	metastatic::BRAF+KEAP1+KRAS+STK11	metastatic::BRAF+KEAP1+KRAS+NF1+STK11	same_stage_one_event	NF1	1	0.0496728269793816	7.367025195226167e-05	3.6594096787521435e-06
rule_a_one_step	metastatic::BRAF+KRAS+SETD2	metastatic::BRAF+KEAP1+KRAS+SETD2	same_stage_one_event	KEAP1	1	0.028039335623930343	7.367025195226167e-05	2.065664919988975e-06
rule_a_one_step	metastatic::BRAF+KEAP1+SETD2	metastatic::BRAF+KEAP1+KRAS+SETD2	same_stage_one_event	KRAS	1	0.08084025626425523	3.6835125976130835e-05	2.977761023436541e-06
rule_a_one_step	metastatic::KEAP1+KRAS+SETD2+STK11	metastatic::BRAF+KEAP1+KRAS+SETD2+STK11	same_stage_one_event	BRAF	1	0.03455584381411551	0.00025784588183291586	8.910082020731123e-06
rule_a_one_step	metastatic::BRAF+KEAP1+KRAS+STK11	metastatic::BRAF+KEAP1+KRAS+SETD2+STK11	same_stage_one_event	SETD2	1	0.12370541595176056	7.367025195226167e-05	9.11340916102553e-06
rule_a_one_step	metastatic::BRAF+KEAP1+KRAS+SETD2	metastatic::BRAF+KEAP1+KRAS+SETD2+STK11	same_stage_one_event	STK11	1	0.044622449909181766	3.6835125976130835e-05	1.6436735637682982e-06
rule_a_one_step	metastatic::KEAP1+KRAS+TP53	metastatic::BRAF+KEAP1+KRAS+TP53	same_stage_one_event	BRAF	1	0.03193648521335977	0.001141888905260056	3.646791813813735e-05
rule_a_one_step	metastatic::BRAF+KRAS+TP53	metastatic::BRAF+KEAP1+KRAS+TP53	same_stage_one_event	KEAP1	1	0.039989604235145505	0.00033151613378517756	1.3257198987634801e-05
rule_a_one_step	metastatic::BRAF+KEAP1+TP53	metastatic::BRAF+KEAP1+KRAS+TP53	same_stage_one_event	KRAS	1	0.011062540383404425	0.00025784588183291586	2.852430480471157e-06
rule_a_one_step	metastatic::KEAP1+MET+SMARCA4+TP53	metastatic::BRAF+KEAP1+MET+SMARCA4+TP53	same_stage_one_event	BRAF	1	0.07669388096328011	3.6835125976130835e-05	2.8250287668808054e-06
rule_a_one_step	metastatic::BRAF+KEAP1+MET+TP53	metastatic::BRAF+KEAP1+MET+SMARCA4+TP53	same_stage_one_event	SMARCA4	1	0.13201833696766588	3.6835125976130835e-05	4.862912073363263e-06
rule_a_one_step	metastatic::KEAP1+MET+TP53	metastatic::BRAF+KEAP1+MET+TP53	same_stage_one_event	BRAF	1	0.0667184224328188	3.6835125976130835e-05	2.457581495241594e-06
rule_a_one_step	metastatic::BRAF+MET+TP53	metastatic::BRAF+KEAP1+MET+TP53	same_stage_one_event	KEAP1	1	0.03104402242966263	0.00011050537792839252	3.430531431007363e-06
rule_a_one_step	metastatic::BRAF+KEAP1+TP53	metastatic::BRAF+KEAP1+MET+TP53	same_stage_one_event	MET	1	0.012425575352655345	0.00025784588183291586	3.203883434086762e-06
rule_a_one_step	metastatic::KEAP1+NF1	metastatic::BRAF+KEAP1+NF1	same_stage_one_event	BRAF	1	0.030074632914509167	3.6835125976130835e-05	1.107802892091836e-06
rule_a_one_step	metastatic::BRAF+NF1	metastatic::BRAF+KEAP1+NF1	same_stage_one_event	KEAP1	1	0.03804677873091383	3.6835125976130835e-05	1.4014578875391863e-06
rule_a_one_step	metastatic::KEAP1+NF1+PIK3CA+STK11+TP53	metastatic::BRAF+KEAP1+NF1+PIK3CA+STK11+TP53	same_stage_one_event	BRAF	1	0.06994658631955643	7.367025195226167e-05	5.152982637362341e-06
rule_a_one_step	metastatic::BRAF+KEAP1+PIK3CA+STK11+TP53	metastatic::BRAF+KEAP1+NF1+PIK3CA+STK11+TP53	same_stage_one_event	NF1	1	0.12833507503085928	3.6835125976130835e-05	4.727238655917905e-06
rule_a_one_step	metastatic::KEAP1+NF1+SETD2+TP53	metastatic::BRAF+KEAP1+NF1+SETD2+TP53	same_stage_one_event	BRAF	1	0.048694193104689254	7.367025195226167e-05	3.5873134746345402e-06
rule_a_one_step	metastatic::BRAF+NF1+SETD2+TP53	metastatic::BRAF+KEAP1+NF1+SETD2+TP53	same_stage_one_event	KEAP1	1	0.07030316405292432	0.00011050537792839252	7.768877713230181e-06
rule_a_one_step	metastatic::BRAF+KEAP1+SETD2+TP53	metastatic::BRAF+KEAP1+NF1+SETD2+TP53	same_stage_one_event	NF1	1	0.15713216854619635	7.367025195226167e-05	1.1575966446603532e-05
rule_a_one_step	metastatic::BRAF+KEAP1+NF1+TP53	metastatic::BRAF+KEAP1+NF1+SETD2+TP53	same_stage_one_event	SETD2	1	0.19820302309346743	0.00014734050390452334	2.9203333297991367e-05
rule_a_one_step	metastatic::KEAP1+NF1+SMARCA4+STK11	metastatic::BRAF+KEAP1+NF1+SMARCA4+STK11	same_stage_one_event	BRAF	1	0.0636240027991288	0.00014734050390452334	9.37439263284644e-06
rule_a_one_step	metastatic::BRAF+KEAP1+SMARCA4+STK11	metastatic::BRAF+KEAP1+NF1+SMARCA4+STK11	same_stage_one_event	NF1	1	0.09710273696613415	3.6835125976130835e-05	3.576791548774648e-06
rule_a_one_step	metastatic::BRAF+KEAP1+NF1+STK11	metastatic::BRAF+KEAP1+NF1+SMARCA4+STK11	same_stage_one_event	SMARCA4	1	0.4088182717897214	3.6835125976130835e-05	1.5058872542718483e-05
rule_a_one_step	metastatic::BRAF+KEAP1+SMARCA4+STK11+TP53	metastatic::BRAF+KEAP1+NF1+SMARCA4+STK11+TP53	same_stage_one_event	NF1	1	0.229254999851267	3.6835125976130835e-05	8.444636800179275e-06
rule_a_one_step	metastatic::BRAF+KEAP1+NF1+SMARCA4+STK11	metastatic::BRAF+KEAP1+NF1+SMARCA4+STK11+TP53	same_stage_one_event	TP53	1	0.048329689976868914	3.6835125976130835e-05	1.7802302186853143e-06
rule_a_one_step	metastatic::KEAP1+NF1+STK11	metastatic::BRAF+KEAP1+NF1+STK11	same_stage_one_event	BRAF	1	0.0418121195743727	0.00025784588183291586	1.078108284295745e-05
rule_a_one_step	metastatic::BRAF+NF1+STK11	metastatic::BRAF+KEAP1+NF1+STK11	same_stage_one_event	KEAP1	1	0.5036840325391392	3.6835125976130835e-05	1.8553264790744774e-05
rule_a_one_step	metastatic::BRAF+KEAP1+STK11	metastatic::BRAF+KEAP1+NF1+STK11	same_stage_one_event	NF1	1	0.061489163544955365	7.367025195226167e-05	4.529922170690685e-06
rule_a_one_step	metastatic::BRAF+KEAP1+NF1	metastatic::BRAF+KEAP1+NF1+STK11	same_stage_one_event	STK11	1	0.03608707381322891	3.6835125976130835e-05	1.3292719100202192e-06
rule_a_one_step	metastatic::BRAF+KEAP1+RBM10+SETD2+STK11	metastatic::BRAF+KEAP1+PIK3CA+RBM10+SETD2+STK11	same_stage_one_event	PIK3CA	1	0.012107529806576348	3.6835125976130835e-05	4.4598238568499877e-07
rule_a_one_step	metastatic::BRAF+PIK3CA+RBM10+TP53	metastatic::BRAF+KEAP1+PIK3CA+RBM10+TP53	same_stage_one_event	KEAP1	1	0.08033886263809514	3.6835125976130835e-05	2.9592921260533053e-06
rule_a_one_step	metastatic::BRAF+KEAP1+PIK3CA+TP53	metastatic::BRAF+KEAP1+PIK3CA+RBM10+TP53	same_stage_one_event	RBM10	1	0.054480088424961305	3.6835125976130835e-05	2.006780920324197e-06
rule_a_one_step	metastatic::BRAF+KEAP1+SETD2+SMARCA4+TP53	metastatic::BRAF+KEAP1+PIK3CA+SETD2+SMARCA4+TP53	same_stage_one_event	PIK3CA	1	0.06962947215232548	3.6835125976130835e-05	2.564810378382403e-06
rule_a_one_step	metastatic::KEAP1+PIK3CA+STK11+TP53	metastatic::BRAF+KEAP1+PIK3CA+STK11+TP53	same_stage_one_event	BRAF	1	0.07802435224238977	0.00011050537792839252	8.622110532163302e-06
rule_a_one_step	metastatic::BRAF+KEAP1+STK11+TP53	metastatic::BRAF+KEAP1+PIK3CA+STK11+TP53	same_stage_one_event	PIK3CA	1	0.019547003634778272	0.00014734050390452334	2.88006536537178e-06
rule_a_one_step	metastatic::BRAF+KEAP1+PIK3CA+TP53	metastatic::BRAF+KEAP1+PIK3CA+STK11+TP53	same_stage_one_event	STK11	1	0.08112823904307519	3.6835125976130835e-05	2.988368905373331e-06
rule_a_one_step	metastatic::KEAP1+PIK3CA+TP53	metastatic::BRAF+KEAP1+PIK3CA+TP53	same_stage_one_event	BRAF	1	0.08168300650051886	0.00022101075585678504	1.805282300733436e-05
rule_a_one_step	metastatic::BRAF+PIK3CA+TP53	metastatic::BRAF+KEAP1+PIK3CA+TP53	same_stage_one_event	KEAP1	1	0.06531833339364415	0.00014734050390452334	9.624036156423184e-06
rule_a_one_step	metastatic::BRAF+KEAP1+TP53	metastatic::BRAF+KEAP1+PIK3CA+TP53	same_stage_one_event	PIK3CA	1	0.05306971846748935	0.00025784588183291586	1.368380835687437e-05
rule_a_one_step	metastatic::BRAF+KEAP1+RBM10+STK11	metastatic::BRAF+KEAP1+RBM10+SETD2+STK11	same_stage_one_event	SETD2	1	0.11610510407680377	3.6835125976130835e-05	4.276746135140849e-06
rule_a_one_step	metastatic::KEAP1+RBM10+SMARCA4+STK11	metastatic::BRAF+KEAP1+RBM10+SMARCA4+STK11	same_stage_one_event	BRAF	1	0.04462692823807999	0.00014734050390452334	6.575354094309708e-06
rule_a_one_step	metastatic::BRAF+KEAP1+SMARCA4+STK11	metastatic::BRAF+KEAP1+RBM10+SMARCA4+STK11	same_stage_one_event	RBM10	1	0.11583084407971375	3.6835125976130835e-05	4.266643733597825e-06
rule_a_one_step	metastatic::BRAF+KEAP1+RBM10+STK11	metastatic::BRAF+KEAP1+RBM10+SMARCA4+STK11	same_stage_one_event	SMARCA4	1	0.3875491317275774	3.6835125976130835e-05	1.4275421089125437e-05
rule_a_one_step	metastatic::KEAP1+RBM10+SMARCA4+STK11+TP53	metastatic::BRAF+KEAP1+RBM10+SMARCA4+STK11+TP53	same_stage_one_event	BRAF	1	0.10235278709540101	7.367025195226167e-05	7.540355613334389e-06
rule_a_one_step	metastatic::BRAF+KEAP1+SMARCA4+STK11+TP53	metastatic::BRAF+KEAP1+RBM10+SMARCA4+STK11+TP53	same_stage_one_event	RBM10	1	0.09416658410503716	3.6835125976130835e-05	3.468637988250963e-06
rule_a_one_step	metastatic::BRAF+KEAP1+RBM10+SMARCA4+STK11	metastatic::BRAF+KEAP1+RBM10+SMARCA4+STK11+TP53	same_stage_one_event	TP53	1	0.014967628092857716	3.6835125976130835e-05	5.513344663642889e-07
rule_a_one_step	metastatic::KEAP1+RBM10+STK11	metastatic::BRAF+KEAP1+RBM10+STK11	same_stage_one_event	BRAF	1	0.03216741067802042	3.6835125976130835e-05	1.1848906246508184e-06
rule_a_one_step	metastatic::BRAF+RBM10+STK11	metastatic::BRAF+KEAP1+RBM10+STK11	same_stage_one_event	KEAP1	1	0.5313101818130594	3.6835125976130835e-05	1.9570877479485022e-05
rule_a_one_step	metastatic::BRAF+KEAP1+STK11	metastatic::BRAF+KEAP1+RBM10+STK11	same_stage_one_event	RBM10	1	0.07358310123076263	7.367025195226167e-05	5.420885607099059e-06
rule_a_one_step	metastatic::BRAF+SETD2	metastatic::BRAF+KEAP1+SETD2	same_stage_one_event	KEAP1	1	0.04483252146353554	0.0006261971415942243	2.8073996790927665e-05
rule_a_one_step	metastatic::KEAP1+SETD2+SMARCA4+TP53	metastatic::BRAF+KEAP1+SETD2+SMARCA4+TP53	same_stage_one_event	BRAF	1	0.06904923995611272	7.367025195226167e-05	5.086874904678998e-06
rule_a_one_step	metastatic::BRAF+KEAP1+SETD2+TP53	metastatic::BRAF+KEAP1+SETD2+SMARCA4+TP53	same_stage_one_event	SMARCA4	1	0.22873808675581492	7.367025195226167e-05	1.6851192482379172e-05
rule_a_one_step	metastatic::KEAP1+SMARCA4+STK11	metastatic::BRAF+KEAP1+SMARCA4+STK11	same_stage_one_event	BRAF	1	0.04315512845242959	0.0003683512597613084	1.5896245930613522e-05
rule_a_one_step	metastatic::BRAF+KEAP1+STK11	metastatic::BRAF+KEAP1+SMARCA4+STK11	same_stage_one_event	SMARCA4	1	0.33960241873479424	7.367025195226167e-05	2.501859575178976e-05
rule_a_one_step	metastatic::KEAP1+SMARCA4+STK11+TP53	metastatic::BRAF+KEAP1+SMARCA4+STK11+TP53	same_stage_one_event	BRAF	1	0.09813510423781759	0.0004051863857374392	3.976300820008816e-05
rule_a_one_step	metastatic::BRAF+SMARCA4+STK11+TP53	metastatic::BRAF+KEAP1+SMARCA4+STK11+TP53	same_stage_one_event	KEAP1	1	0.6146265824223826	7.367025195226167e-05	4.527969518361445e-05
rule_a_one_step	metastatic::BRAF+KEAP1+STK11+TP53	metastatic::BRAF+KEAP1+SMARCA4+STK11+TP53	same_stage_one_event	SMARCA4	1	0.4541800325652454	0.00014734050390452334	6.691911486153608e-05
rule_a_one_step	metastatic::BRAF+KEAP1+SMARCA4+STK11	metastatic::BRAF+KEAP1+SMARCA4+STK11+TP53	same_stage_one_event	TP53	1	0.04919724978675267	3.6835125976130835e-05	1.8121868935742104e-06
rule_a_one_step	metastatic::KRAS+MET+STK11+TP53	metastatic::BRAF+KRAS+MET+STK11+TP53	same_stage_one_event	BRAF	1	0.045110086123605904	7.367025195226167e-05	3.32327141031427e-06
rule_a_one_step	metastatic::BRAF+KRAS+STK11+TP53	metastatic::BRAF+KRAS+MET+STK11+TP53	same_stage_one_event	MET	1	0.0002843017363093462	3.6835125976130835e-05	1.0472290272187499e-08
rule_a_one_step	metastatic::KRAS+NF1+RBM10+TP53	metastatic::BRAF+KRAS+NF1+RBM10+TP53	same_stage_one_event	BRAF	1	0.04494176756295464	0.0001841756298806542	8.277178348857124e-06
rule_a_one_step	metastatic::BRAF+KRAS+RBM10+TP53	metastatic::BRAF+KRAS+NF1+RBM10+TP53	same_stage_one_event	NF1	1	0.11197975577218532	3.6835125976130835e-05	4.124788410644811e-06
rule_a_one_step	metastatic::BRAF+KRAS+NF1+TP53	metastatic::BRAF+KRAS+NF1+RBM10+TP53	same_stage_one_event	RBM10	1	0.12273372019620662	7.367025195226167e-05	9.04182408989293e-06
rule_a_one_step	metastatic::BRAF+PIK3CA+RBM10+TP53	metastatic::BRAF+KRAS+PIK3CA+RBM10+TP53	same_stage_one_event	KRAS	1	0.012186377448241081	3.6835125976130835e-05	4.4888674849864004e-07
rule_a_one_step	metastatic::BRAF+KRAS+RBM10+TP53	metastatic::BRAF+KRAS+PIK3CA+RBM10+TP53	same_stage_one_event	PIK3CA	1	0.07350379010478808	3.6835125976130835e-05	2.707521368232948e-06
rule_a_one_step	metastatic::BRAF+KRAS+PIK3CA+TP53	metastatic::BRAF+KRAS+PIK3CA+RBM10+TP53	same_stage_one_event	RBM10	1	0.08883610143323988	3.6835125976130835e-05	3.2722889875217278e-06
rule_a_one_step	metastatic::KRAS+PIK3CA+TP53	metastatic::BRAF+KRAS+PIK3CA+TP53	same_stage_one_event	BRAF	1	0.05821086507748973	0.0010682186533077943	6.218193190095779e-05
rule_a_one_step	metastatic::BRAF+PIK3CA+TP53	metastatic::BRAF+KRAS+PIK3CA+TP53	same_stage_one_event	KRAS	1	0.010812761401340944	0.00014734050390452334	1.5931577134729547e-06
rule_a_one_step	metastatic::BRAF+KRAS+TP53	metastatic::BRAF+KRAS+PIK3CA+TP53	same_stage_one_event	PIK3CA	1	0.07611272273834961	0.00033151613378517756	2.5232595574080835e-05
rule_a_one_step	metastatic::BRAF+KRAS+PIK3CA	metastatic::BRAF+KRAS+PIK3CA+TP53	same_stage_one_event	TP53	1	0.29289631031521113	0.00011050537792839252	3.236661746521414e-05
rule_a_one_step	metastatic::BRAF+KRAS+RBM10+TP53	metastatic::BRAF+KRAS+RBM10+SETD2+TP53	same_stage_one_event	SETD2	1	0.2095809281033228	3.6835125976130835e-05	7.719939888880314e-06
rule_a_one_step	metastatic::BRAF+KRAS+SMARCA4+STK11	metastatic::BRAF+KRAS+RBM10+SMARCA4+STK11	same_stage_one_event	RBM10	1	0.1277959100469994	7.367025195226167e-05	9.414756891631014e-06
rule_a_one_step	metastatic::KRAS+RBM10+TP53	metastatic::BRAF+KRAS+RBM10+TP53	same_stage_one_event	BRAF	1	0.04862890510985513	0.001362899661116841	6.627631829470459e-05
rule_a_one_step	metastatic::BRAF+RBM10+TP53	metastatic::BRAF+KRAS+RBM10+TP53	same_stage_one_event	KRAS	1	0.011410797546387245	0.0002946810078090467	3.3625453208743905e-06
rule_a_one_step	metastatic::BRAF+KRAS+TP53	metastatic::BRAF+KRAS+RBM10+TP53	same_stage_one_event	RBM10	1	0.08299684191602706	0.00033151613378517756	2.751479214838086e-05
rule_a_one_step	metastatic::BRAF+KRAS+RBM10	metastatic::BRAF+KRAS+RBM10+TP53	same_stage_one_event	TP53	1	0.23965217674215988	0.00011050537792839252	2.64828543622543e-05
rule_a_one_step	metastatic::KRAS+SMARCA4	metastatic::BRAF+KRAS+SMARCA4	same_stage_one_event	BRAF	1	0.0234989974979145	0.0004051863857374392	9.521473864633102e-06
rule_a_one_step	metastatic::BRAF+SMARCA4	metastatic::BRAF+KRAS+SMARCA4	same_stage_one_event	KRAS	1	0.0792778748605343	0.00014734050390452334	1.1680842030430866e-05
rule_a_one_step	metastatic::BRAF+KRAS	metastatic::BRAF+KRAS+SMARCA4	same_stage_one_event	SMARCA4	1	0.02109346881438981	0.0004051863857374392	8.546786391567994e-06
rule_a_one_step	metastatic::KRAS+SMARCA4+TP53	metastatic::BRAF+KRAS+SMARCA4+TP53	same_stage_one_event	BRAF	1	0.04122042512731392	0.0007367025195226168	3.0367191047085547e-05
rule_a_one_step	metastatic::BRAF+SMARCA4+TP53	metastatic::BRAF+KRAS+SMARCA4+TP53	same_stage_one_event	KRAS	1	0.009062308820419964	0.00011050537792839252	1.0014338611043131e-06
rule_a_one_step	metastatic::BRAF+KRAS+TP53	metastatic::BRAF+KRAS+SMARCA4+TP53	same_stage_one_event	SMARCA4	1	0.04562899350075774	0.00033151613378517756	1.51267475138802e-05
rule_a_one_step	metastatic::BRAF+KRAS+SMARCA4	metastatic::BRAF+KRAS+SMARCA4+TP53	same_stage_one_event	TP53	1	0.48068637687438476	3.6835125976130835e-05	1.7706143247177866e-05
rule_a_one_step	metastatic::KRAS+STK11	metastatic::BRAF+KRAS+STK11	same_stage_one_event	BRAF	1	0.03388445673304493	0.00349933696773243	0.00011857313207747417
rule_a_one_step	metastatic::BRAF+STK11	metastatic::BRAF+KRAS+STK11	same_stage_one_event	KRAS	1	0.12686957141548327	0.00014734050390452334	1.8693026582508217e-05
rule_a_one_step	metastatic::BRAF+KRAS	metastatic::BRAF+KRAS+STK11	same_stage_one_event	STK11	1	0.11673479201607039	0.0004051863857374392	4.729934846680323e-05
rule_a_one_step	metastatic::KRAS+STK11+TP53	metastatic::BRAF+KRAS+STK11+TP53	same_stage_one_event	BRAF	1	0.029708377607770696	0.0016944157949020187	5.033834425952011e-05
rule_a_one_step	metastatic::BRAF+STK11+TP53	metastatic::BRAF+KRAS+STK11+TP53	same_stage_one_event	KRAS	1	0.009160977362035269	0.0004051863857374392	3.7119033071455705e-06
rule_a_one_step	metastatic::BRAF+KRAS+TP53	metastatic::BRAF+KRAS+STK11+TP53	same_stage_one_event	STK11	1	0.24141407233955325	0.00033151613378517756	8.003265990334387e-05
rule_a_one_step	metastatic::BRAF+KRAS+STK11	metastatic::BRAF+KRAS+STK11+TP53	same_stage_one_event	TP53	1	0.041972630045084856	3.6835125976130835e-05	1.5460671152602347e-06
rule_a_one_step	metastatic::MET+PIK3CA+TP53	metastatic::BRAF+MET+PIK3CA+TP53	same_stage_one_event	BRAF	1	0.12728684394602763	7.367025195226167e-05	9.377253863712068e-06
rule_a_one_step	metastatic::BRAF+PIK3CA+TP53	metastatic::BRAF+MET+PIK3CA+TP53	same_stage_one_event	MET	1	0.016235444674302553	0.00014734050390452334	2.392138599425748e-06
rule_a_one_step	metastatic::BRAF+MET+TP53	metastatic::BRAF+MET+PIK3CA+TP53	same_stage_one_event	PIK3CA	1	0.13784300248531905	0.00011050537792839252	1.5232393084424532e-05
rule_a_one_step	metastatic::MET+SETD2+TP53	metastatic::BRAF+MET+SETD2+TP53	same_stage_one_event	BRAF	1	0.0889487238240008	0.00014734050390452334	1.3105749789892558e-05
rule_a_one_step	metastatic::BRAF+SETD2+TP53	metastatic::BRAF+MET+SETD2+TP53	same_stage_one_event	MET	1	0.01735862395297592	0.0003683512597613084	6.394071000801503e-06
rule_a_one_step	metastatic::BRAF+MET+TP53	metastatic::BRAF+MET+SETD2+TP53	same_stage_one_event	SETD2	1	0.1477008226901293	0.00011050537792839252	1.632173523170723e-05
rule_a_one_step	metastatic::NF1	metastatic::BRAF+NF1	same_stage_one_event	BRAF	1	0.0368752272897948	0.0008103727714748784	2.9882680137597083e-05
rule_a_one_step	metastatic::BRAF	metastatic::BRAF+NF1	same_stage_one_event	NF1	1	0.04084966400472698	0.002578458818329159	0.0001053291763787715
rule_a_one_step	metastatic::BRAF+SMARCA4	metastatic::BRAF+NF1+SMARCA4	same_stage_one_event	NF1	1	0.04344900209710688	0.00014734050390452334	6.401797863136419e-06
rule_a_one_step	metastatic::BRAF+NF1	metastatic::BRAF+NF1+SMARCA4	same_stage_one_event	SMARCA4	1	0.03594309417464561	3.6835125976130835e-05	1.3239684018950055e-06
rule_a_one_step	metastatic::NF1+SMARCA4+TP53	metastatic::BRAF+NF1+SMARCA4+TP53	same_stage_one_event	BRAF	1	0.07662217931445463	0.0002946810078090467	2.257910102090898e-05
rule_a_one_step	metastatic::BRAF+SMARCA4+TP53	metastatic::BRAF+NF1+SMARCA4+TP53	same_stage_one_event	NF1	1	0.13965616719396146	0.00011050537792839252	1.5432757535799484e-05
rule_a_one_step	metastatic::BRAF+NF1+TP53	metastatic::BRAF+NF1+SMARCA4+TP53	same_stage_one_event	SMARCA4	1	0.07192479845590177	0.0003683512597613084	2.6493590119309625e-05
rule_a_one_step	metastatic::BRAF+NF1+SMARCA4	metastatic::BRAF+NF1+SMARCA4+TP53	same_stage_one_event	TP53	1	0.3427278462754867	3.6835125976130835e-05	1.2624423393085555e-05
rule_a_one_step	metastatic::NF1+STK11	metastatic::BRAF+NF1+STK11	same_stage_one_event	BRAF	1	0.037854625829987124	0.00011050537792839252	4.183139733680616e-06
rule_a_one_step	metastatic::BRAF+STK11	metastatic::BRAF+NF1+STK11	same_stage_one_event	NF1	1	0.039574886194654976	0.00014734050390452334	5.830983673884629e-06
rule_a_one_step	metastatic::BRAF+NF1	metastatic::BRAF+NF1+STK11	same_stage_one_event	STK11	1	0.09695827220025859	3.6835125976130835e-05	3.5714701709245094e-06
rule_a_one_step	metastatic::NF1+STK11+TP53	metastatic::BRAF+NF1+STK11+TP53	same_stage_one_event	BRAF	1	0.0414383265975228	0.0003683512597613084	1.5263859804598056e-05
rule_a_one_step	metastatic::BRAF+STK11+TP53	metastatic::BRAF+NF1+STK11+TP53	same_stage_one_event	NF1	1	0.08035214345585145	0.0004051863857374392	3.255759459313268e-05
rule_a_one_step	metastatic::BRAF+NF1+TP53	metastatic::BRAF+NF1+STK11+TP53	same_stage_one_event	STK11	1	0.1854886946395041	0.0003683512597613084	6.832499434194199e-05
rule_a_one_step	metastatic::BRAF+NF1+STK11	metastatic::BRAF+NF1+STK11+TP53	same_stage_one_event	TP53	1	0.0191081459181862	3.6835125976130835e-05	7.038509620666789e-07
rule_a_one_step	metastatic::PIK3CA+RBM10+TP53	metastatic::BRAF+PIK3CA+RBM10+TP53	same_stage_one_event	BRAF	1	0.10087992317945582	7.367025195226167e-05	7.431849357555312e-06
rule_a_one_step	metastatic::BRAF+RBM10+TP53	metastatic::BRAF+PIK3CA+RBM10+TP53	same_stage_one_event	PIK3CA	1	0.055396240293484715	0.0002946810078090467	1.6324219918516196e-05
rule_a_one_step	metastatic::BRAF+PIK3CA+TP53	metastatic::BRAF+PIK3CA+RBM10+TP53	same_stage_one_event	RBM10	1	0.058683885239497184	0.00014734050390452334	8.646513222262734e-06
rule_a_one_step	metastatic::PIK3CA+SETD2	metastatic::BRAF+PIK3CA+SETD2	same_stage_one_event	BRAF	1	0.05516840134126289	3.6835125976130835e-05	2.032135013307164e-06
rule_a_one_step	metastatic::BRAF+SETD2	metastatic::BRAF+PIK3CA+SETD2	same_stage_one_event	PIK3CA	1	0.038949480738163365	0.0006261971415942243	2.4390053504817197e-05
rule_a_one_step	metastatic::BRAF+PIK3CA	metastatic::BRAF+PIK3CA+SETD2	same_stage_one_event	SETD2	1	0.15004968514451983	7.367025195226167e-05	1.105419810995431e-05
rule_a_one_step	metastatic::BRAF+SETD2+SMARCA4	metastatic::BRAF+PIK3CA+SETD2+SMARCA4	same_stage_one_event	PIK3CA	1	0.040110072093847274	3.6835125976130835e-05	1.4774595584885543e-06
rule_a_one_step	metastatic::BRAF+PIK3CA+SETD2	metastatic::BRAF+PIK3CA+SETD2+SMARCA4	same_stage_one_event	SMARCA4	1	0.056499463051771164	3.6835125976130835e-05	2.0811648390957403e-06
rule_a_one_step	metastatic::BRAF+SETD2+STK11+TP53	metastatic::BRAF+PIK3CA+SETD2+STK11+TP53	same_stage_one_event	PIK3CA	1	0.016106933876111524	3.6835125976130835e-05	5.933009384157774e-07
rule_a_one_step	metastatic::BRAF+PIK3CA+SETD2+TP53	metastatic::BRAF+PIK3CA+SETD2+STK11+TP53	same_stage_one_event	STK11	1	0.1988122071131739	0.00011050537792839252	2.196981808381913e-05
rule_a_one_step	metastatic::RBM10	metastatic::BRAF+RBM10	same_stage_one_event	BRAF	1	0.026993722637955676	0.0004051863857374392	1.0937488913272154e-05
rule_a_one_step	metastatic::BRAF	metastatic::BRAF+RBM10	same_stage_one_event	RBM10	1	0.0500937654690029	0.002578458818329159	0.00012916471131686324
rule_a_one_step	metastatic::RBM10+STK11	metastatic::BRAF+RBM10+STK11	same_stage_one_event	BRAF	1	0.030955209060634162	0.0001841756298806542	5.701195126829631e-06
rule_a_one_step	metastatic::BRAF+STK11	metastatic::BRAF+RBM10+STK11	same_stage_one_event	RBM10	1	0.0560743951679699	0.00014734050390452334	8.262029640190054e-06
rule_a_one_step	metastatic::BRAF+RBM10	metastatic::BRAF+RBM10+STK11	same_stage_one_event	STK11	1	0.07116999494583601	3.6835125976130835e-05	2.621555729550464e-06
rule_a_one_step	metastatic::RBM10+STK11+TP53	metastatic::BRAF+RBM10+STK11+TP53	same_stage_one_event	BRAF	1	0.04219378280266483	3.6835125976130835e-05	1.5542133049456617e-06
rule_a_one_step	metastatic::BRAF+STK11+TP53	metastatic::BRAF+RBM10+STK11+TP53	same_stage_one_event	RBM10	1	0.03920375264521669	0.0004051863857374392	1.588482684165992e-05
rule_a_one_step	metastatic::BRAF+RBM10+TP53	metastatic::BRAF+RBM10+STK11+TP53	same_stage_one_event	STK11	1	0.11477856670893402	0.0002946810078090467	3.382306371266657e-05
rule_a_one_step	metastatic::BRAF+RBM10+STK11	metastatic::BRAF+RBM10+STK11+TP53	same_stage_one_event	TP53	1	0.005542421984878905	3.6835125976130835e-05	2.0415581202589157e-07
rule_a_one_step	metastatic::SETD2+SMARCA4	metastatic::BRAF+SETD2+SMARCA4	same_stage_one_event	BRAF	1	0.039480898553961426	0.00014734050390452334	5.817135487544044e-06
rule_a_one_step	metastatic::BRAF+SMARCA4	metastatic::BRAF+SETD2+SMARCA4	same_stage_one_event	SETD2	1	0.12322979403145912	0.00014734050390452334	1.815673994864581e-05
rule_a_one_step	metastatic::BRAF+SETD2	metastatic::BRAF+SETD2+SMARCA4	same_stage_one_event	SMARCA4	1	0.04570098497522741	0.0006261971415942243	2.8617826159527997e-05
rule_a_one_step	metastatic::SETD2+STK11+TP53	metastatic::BRAF+SETD2+STK11+TP53	same_stage_one_event	BRAF	1	0.04388703939076723	0.00011050537792839252	4.8497538740349815e-06
rule_a_one_step	metastatic::BRAF+STK11+TP53	metastatic::BRAF+SETD2+STK11+TP53	same_stage_one_event	SETD2	1	0.058367423264577625	0.0004051863857374392	2.3649685277381532e-05
rule_a_one_step	metastatic::BRAF+SETD2+TP53	metastatic::BRAF+SETD2+STK11+TP53	same_stage_one_event	STK11	1	0.18261130228412062	0.0003683512597613084	6.726510324300892e-05
rule_a_one_step	metastatic::EGFR+KEAP1	metastatic::CDKN2A+EGFR+KEAP1	same_stage_one_event	CDKN2A	1	0.012278809793005541	0.0003683512597613084	4.522915055623081e-06
rule_a_one_step	metastatic::CDKN2A+KEAP1	metastatic::CDKN2A+EGFR+KEAP1	same_stage_one_event	EGFR	1	0.08652227675615219	3.6835125976130835e-05	3.187058964054523e-06
rule_a_one_step	metastatic::CDKN2A+EGFR	metastatic::CDKN2A+EGFR+KEAP1	same_stage_one_event	KEAP1	1	0.007996302269958825	0.00022101075585678504	1.7672688087429258e-06
rule_a_one_step	metastatic::EGFR+KEAP1+KRAS+STK11	metastatic::CDKN2A+EGFR+KEAP1+KRAS+STK11	same_stage_one_event	CDKN2A	1	0.038436343373259706	3.6835125976130835e-05	1.415807550215843e-06
rule_a_one_step	metastatic::CDKN2A+KEAP1+KRAS+STK11	metastatic::CDKN2A+EGFR+KEAP1+KRAS+STK11	same_stage_one_event	EGFR	1	0.00038786042777644644	0.00011050537792839252	4.2860663154904205e-08
rule_a_one_step	metastatic::EGFR+KEAP1+NF1+TP53	metastatic::CDKN2A+EGFR+KEAP1+NF1+TP53	same_stage_one_event	CDKN2A	1	0.10581457766847763	0.00011050537792839252	1.1693079895588363e-05
rule_a_one_step	metastatic::CDKN2A+KEAP1+NF1+TP53	metastatic::CDKN2A+EGFR+KEAP1+NF1+TP53	same_stage_one_event	EGFR	1	0.007553957997802873	7.367025195226167e-05	5.565019889349398e-07
rule_a_one_step	metastatic::CDKN2A+EGFR+NF1+TP53	metastatic::CDKN2A+EGFR+KEAP1+NF1+TP53	same_stage_one_event	KEAP1	1	0.03581947981278128	3.6835125976130835e-05	1.3194150513032739e-06
rule_a_one_step	metastatic::CDKN2A+EGFR+KEAP1+TP53	metastatic::CDKN2A+EGFR+KEAP1+NF1+TP53	same_stage_one_event	NF1	1	0.09027226572234334	3.6835125976130835e-05	3.3251902800332743e-06
rule_a_one_step	metastatic::CDKN2A+EGFR+SETD2+TP53	metastatic::CDKN2A+EGFR+KEAP1+SETD2+TP53	same_stage_one_event	KEAP1	1	0.03432933441030647	3.6835125976130835e-05	1.2645253576803622e-06
rule_a_one_step	metastatic::CDKN2A+EGFR+KEAP1+TP53	metastatic::CDKN2A+EGFR+KEAP1+SETD2+TP53	same_stage_one_event	SETD2	1	0.04404369855901663	3.6835125976130835e-05	1.6223551848761097e-06
rule_a_one_step	metastatic::CDKN2A+KEAP1+SMARCA4+STK11	metastatic::CDKN2A+EGFR+KEAP1+SMARCA4+STK11	same_stage_one_event	EGFR	1	0.008659882998684417	3.6835125976130835e-05	3.1898788119509415e-07
rule_a_one_step	metastatic::EGFR+KEAP1+TP53	metastatic::CDKN2A+EGFR+KEAP1+TP53	same_stage_one_event	CDKN2A	1	0.12587266752436702	0.0004420215117135701	5.563842678254031e-05
rule_a_one_step	metastatic::CDKN2A+KEAP1+TP53	metastatic::CDKN2A+EGFR+KEAP1+TP53	same_stage_one_event	EGFR	1	0.025057322439419463	0.0005525268896419625	1.3844844430208188e-05
rule_a_one_step	metastatic::CDKN2A+EGFR+TP53	metastatic::CDKN2A+EGFR+KEAP1+TP53	same_stage_one_event	KEAP1	1	0.037371019522838514	0.0015102401650213643	5.643921469118827e-05
rule_a_one_step	metastatic::CDKN2A+EGFR+KEAP1	metastatic::CDKN2A+EGFR+KEAP1+TP53	same_stage_one_event	TP53	1	0.7375094413871087	3.6835125976130835e-05	2.716625318208003e-05
rule_a_one_step	metastatic::EGFR+KRAS+MET+PIK3CA+STK11+TP53	metastatic::CDKN2A+EGFR+KRAS+MET+PIK3CA+STK11+TP53	same_stage_one_event	CDKN2A	1	0.15803581532624836	3.6835125976130835e-05	5.821269166282906e-06
rule_a_one_step	metastatic::CDKN2A+EGFR+KRAS+PIK3CA+STK11+TP53	metastatic::CDKN2A+EGFR+KRAS+MET+PIK3CA+STK11+TP53	same_stage_one_event	MET	1	0.0005168233010144445	3.6835125976130835e-05	1.903725140026685e-08
rule_a_one_step	metastatic::EGFR+KRAS+PIK3CA+STK11+TP53	metastatic::CDKN2A+EGFR+KRAS+PIK3CA+STK11+TP53	same_stage_one_event	CDKN2A	1	0.09466424253036952	3.6835125976130835e-05	3.4869692990411636e-06
rule_a_one_step	metastatic::CDKN2A+KRAS+SETD2+TP53	metastatic::CDKN2A+EGFR+KRAS+SETD2+TP53	same_stage_one_event	EGFR	1	0.0013292064283416587	3.6835125976130835e-05	4.896148623624792e-08
rule_a_one_step	metastatic::CDKN2A+EGFR+SETD2+TP53	metastatic::CDKN2A+EGFR+KRAS+SETD2+TP53	same_stage_one_event	KRAS	1	0.007699805935956014	3.6835125976130835e-05	2.8362332164269977e-07
rule_a_one_step	metastatic::CDKN2A+EGFR+KRAS+TP53	metastatic::CDKN2A+EGFR+KRAS+SETD2+TP53	same_stage_one_event	SETD2	1	0.041380957782223435	7.367025195226167e-05	3.0485455858423037e-06
rule_a_one_step	metastatic::EGFR+NF1+TP53	metastatic::CDKN2A+EGFR+NF1+TP53	same_stage_one_event	CDKN2A	1	0.09072898051252462	0.001105053779283925	0.00010026040280594292
rule_a_one_step	metastatic::CDKN2A+NF1+TP53	metastatic::CDKN2A+EGFR+NF1+TP53	same_stage_one_event	EGFR	1	0.02959350436419183	0.00025784588183291586	7.630563229311287e-06
rule_a_one_step	metastatic::CDKN2A+EGFR+TP53	metastatic::CDKN2A+EGFR+NF1+TP53	same_stage_one_event	NF1	1	0.09027056174832451	0.0015102401650213643	0.00013633022807136086
rule_a_one_step	metastatic::EGFR+PIK3CA	metastatic::CDKN2A+EGFR+PIK3CA	same_stage_one_event	CDKN2A	1	0.018990667676941277	0.0016207455429497568	3.077903999504259e-05
rule_a_one_step	metastatic::CDKN2A+PIK3CA	metastatic::CDKN2A+EGFR+PIK3CA	same_stage_one_event	EGFR	1	0.31203126943133175	3.6835125976130835e-05	1.1493711117995128e-05
rule_a_one_step	metastatic::CDKN2A+EGFR	metastatic::CDKN2A+EGFR+PIK3CA	same_stage_one_event	PIK3CA	1	0.036728345583219565	0.00022101075585678504	8.117359418716569e-06
rule_a_one_step	metastatic::EGFR+RBM10	metastatic::CDKN2A+EGFR+RBM10	same_stage_one_event	CDKN2A	1	0.022074032014759007	0.0017312509208781495	3.821568825304529e-05
rule_a_one_step	metastatic::CDKN2A+RBM10	metastatic::CDKN2A+EGFR+RBM10	same_stage_one_event	EGFR	1	0.4241385261628525	3.6835125976130835e-05	1.562319604253914e-05
rule_a_one_step	metastatic::CDKN2A+EGFR	metastatic::CDKN2A+EGFR+RBM10	same_stage_one_event	RBM10	1	0.04826959494275385	0.00022101075585678504	1.0668099663198877e-05
rule_a_one_step	metastatic::EGFR+SETD2+TP53	metastatic::CDKN2A+EGFR+SETD2+TP53	same_stage_one_event	CDKN2A	1	0.06495429087839787	0.0007367025195226168	4.785198974392063e-05
rule_a_one_step	metastatic::CDKN2A+SETD2+TP53	metastatic::CDKN2A+EGFR+SETD2+TP53	same_stage_one_event	EGFR	1	0.04974468652698854	3.6835125976130835e-05	1.8323517948647612e-06
rule_a_one_step	metastatic::CDKN2A+EGFR+TP53	metastatic::CDKN2A+EGFR+SETD2+TP53	same_stage_one_event	SETD2	1	0.04417226672080412	0.0015102401650213643	6.671073138179493e-05
rule_a_one_step	metastatic::KEAP1	metastatic::CDKN2A+KEAP1	same_stage_one_event	CDKN2A	1	0.019345422015623486	0.0008103727714748784	1.567700325415193e-05
rule_a_one_step	metastatic::CDKN2A	metastatic::CDKN2A+KEAP1	same_stage_one_event	KEAP1	1	0.023351821737707685	0.0009577132753794018	2.2364349682495943e-05
rule_a_one_step	metastatic::KEAP1+KRAS+NF1+TP53	metastatic::CDKN2A+KEAP1+KRAS+NF1+TP53	same_stage_one_event	CDKN2A	1	0.14648011440003578	0.00014734050390452334	2.1582453867693497e-05
rule_a_one_step	metastatic::CDKN2A+KRAS+NF1+TP53	metastatic::CDKN2A+KEAP1+KRAS+NF1+TP53	same_stage_one_event	KEAP1	1	0.06252423286625798	0.00011050537792839252	6.909263982568659e-06
rule_a_one_step	metastatic::CDKN2A+KEAP1+NF1+TP53	metastatic::CDKN2A+KEAP1+KRAS+NF1+TP53	same_stage_one_event	KRAS	1	0.02450199233201247	7.367025195226167e-05	1.805067948431742e-06
rule_a_one_step	metastatic::CDKN2A+KEAP1+KRAS+TP53	metastatic::CDKN2A+KEAP1+KRAS+NF1+TP53	same_stage_one_event	NF1	1	0.10652724753497424	0.00014734050390452334	1.5695778331364997e-05
rule_a_one_step	metastatic::KEAP1+KRAS+RBM10+SMARCA4+TP53	metastatic::CDKN2A+KEAP1+KRAS+RBM10+SMARCA4+TP53	same_stage_one_event	CDKN2A	1	0.21172410700492014	3.6835125976130835e-05	7.79888415371004e-06
rule_a_one_step	metastatic::CDKN2A+KEAP1+KRAS+SMARCA4+TP53	metastatic::CDKN2A+KEAP1+KRAS+RBM10+SMARCA4+TP53	same_stage_one_event	RBM10	1	0.1306611919895631	3.6835125976130835e-05	4.812921467126975e-06
rule_a_one_step	metastatic::CDKN2A+KEAP1+KRAS+RBM10+TP53	metastatic::CDKN2A+KEAP1+KRAS+RBM10+SMARCA4+TP53	same_stage_one_event	SMARCA4	1	0.3253988358721009	3.6835125976130835e-05	1.1986107111835157e-05
rule_a_one_step	metastatic::KEAP1+KRAS+RBM10+STK11	metastatic::CDKN2A+KEAP1+KRAS+RBM10+STK11	same_stage_one_event	CDKN2A	1	0.05955530410879934	0.0003683512597613084	2.1937271293944063e-05
rule_a_one_step	metastatic::CDKN2A+KEAP1+KRAS+STK11	metastatic::CDKN2A+KEAP1+KRAS+RBM10+STK11	same_stage_one_event	RBM10	1	0.12683553284896815	0.00011050537792839252	1.4016008492224269e-05
rule_a_one_step	metastatic::CDKN2A+KEAP1+KRAS+RBM10	metastatic::CDKN2A+KEAP1+KRAS+RBM10+STK11	same_stage_one_event	STK11	1	0.04305516316076925	7.367025195226167e-05	3.1718847178996058e-06
rule_a_one_step	metastatic::KEAP1+KRAS+RBM10+STK11+TP53	metastatic::CDKN2A+KEAP1+KRAS+RBM10+STK11+TP53	same_stage_one_event	CDKN2A	1	0.12073896641189173	7.367025195226167e-05	8.894870076019723e-06
rule_a_one_step	metastatic::CDKN2A+KEAP1+RBM10+STK11+TP53	metastatic::CDKN2A+KEAP1+KRAS+RBM10+STK11+TP53	same_stage_one_event	KRAS	1	0.06347851278799505	3.6835125976130835e-05	2.3382390153232296e-06
rule_a_one_step	metastatic::CDKN2A+KEAP1+KRAS+STK11+TP53	metastatic::CDKN2A+KEAP1+KRAS+RBM10+STK11+TP53	same_stage_one_event	RBM10	1	0.07991726589439123	7.367025195226167e-05	5.887525113775691e-06
rule_a_one_step	metastatic::CDKN2A+KEAP1+KRAS+RBM10+TP53	metastatic::CDKN2A+KEAP1+KRAS+RBM10+STK11+TP53	same_stage_one_event	STK11	1	0.06587186875415194	3.6835125976130835e-05	2.426398583842343e-06
rule_a_one_step	metastatic::CDKN2A+KEAP1+KRAS+RBM10+STK11	metastatic::CDKN2A+KEAP1+KRAS+RBM10+STK11+TP53	same_stage_one_event	TP53	1	0.018886704434718085	3.6835125976130835e-05	6.956941371267896e-07
rule_a_one_step	metastatic::KEAP1+KRAS+RBM10+TP53	metastatic::CDKN2A+KEAP1+KRAS+RBM10+TP53	same_stage_one_event	CDKN2A	1	0.17407193883488073	3.6835125976130835e-05	6.411961795892173e-06
rule_a_one_step	metastatic::CDKN2A+KRAS+RBM10+TP53	metastatic::CDKN2A+KEAP1+KRAS+RBM10+TP53	same_stage_one_event	KEAP1	1	0.08860599465652542	0.00014734050390452334	1.305525190165396e-05
rule_a_one_step	metastatic::CDKN2A+KEAP1+KRAS+TP53	metastatic::CDKN2A+KEAP1+KRAS+RBM10+TP53	same_stage_one_event	RBM10	1	0.09716818091414416	0.00014734050390452334	1.4316808739375888e-05
rule_a_one_step	metastatic::CDKN2A+KEAP1+KRAS+RBM10	metastatic::CDKN2A+KEAP1+KRAS+RBM10+TP53	same_stage_one_event	TP53	1	0.3118006187931479	7.367025195226167e-05	2.29704301453623e-05
rule_a_one_step	metastatic::KEAP1+KRAS+SETD2+SMARCA4+STK11	metastatic::CDKN2A+KEAP1+KRAS+SETD2+SMARCA4+STK11	same_stage_one_event	CDKN2A	1	0.05458344636116007	0.00011050537792839252	6.031764368774135e-06
rule_a_one_step	metastatic::CDKN2A+KEAP1+KRAS+SMARCA4+STK11	metastatic::CDKN2A+KEAP1+KRAS+SETD2+SMARCA4+STK11	same_stage_one_event	SETD2	1	0.05744089193702687	0.00022101075585678504	1.2695054944090216e-05
rule_a_one_step	metastatic::KEAP1+KRAS+SMARCA4+STK11+TP53	metastatic::CDKN2A+KEAP1+KRAS+SMARCA4+STK11+TP53	same_stage_one_event	CDKN2A	1	0.22221606751994452	7.367025195226167e-05	1.6370713682035105e-05
rule_a_one_step	metastatic::CDKN2A+KEAP1+SMARCA4+STK11+TP53	metastatic::CDKN2A+KEAP1+KRAS+SMARCA4+STK11+TP53	same_stage_one_event	KRAS	1	0.13740839124259244	3.6835125976130835e-05	5.061455401598365e-06
rule_a_one_step	metastatic::CDKN2A+KEAP1+KRAS+STK11+TP53	metastatic::CDKN2A+KEAP1+KRAS+SMARCA4+STK11+TP53	same_stage_one_event	SMARCA4	1	0.5998309361143153	7.367025195226167e-05	4.418969619230258e-05
rule_a_one_step	metastatic::CDKN2A+KEAP1+KRAS+SMARCA4+TP53	metastatic::CDKN2A+KEAP1+KRAS+SMARCA4+STK11+TP53	same_stage_one_event	STK11	1	0.15373098982024466	3.6835125976130835e-05	5.662700376463999e-06
rule_a_one_step	metastatic::CDKN2A+KEAP1+KRAS+SMARCA4+STK11	metastatic::CDKN2A+KEAP1+KRAS+SMARCA4+STK11+TP53	same_stage_one_event	TP53	1	0.121889093181369	0.00022101075585678504	2.6938800614712464e-05
rule_a_one_step	metastatic::KEAP1+KRAS+SMARCA4+TP53	metastatic::CDKN2A+KEAP1+KRAS+SMARCA4+TP53	same_stage_one_event	CDKN2A	1	0.20203027065907767	3.6835125976130835e-05	7.441810470718935e-06
rule_a_one_step	metastatic::CDKN2A+KRAS+SMARCA4+TP53	metastatic::CDKN2A+KEAP1+KRAS+SMARCA4+TP53	same_stage_one_event	KEAP1	1	0.06974786585979546	0.0001841756298806542	1.2845857127559205e-05
rule_a_one_step	metastatic::CDKN2A+KEAP1+SMARCA4+TP53	metastatic::CDKN2A+KEAP1+KRAS+SMARCA4+TP53	same_stage_one_event	KRAS	1	0.07460146003923207	0.00011050537792839252	8.243862535645211e-06
rule_a_one_step	metastatic::CDKN2A+KEAP1+KRAS+TP53	metastatic::CDKN2A+KEAP1+KRAS+SMARCA4+TP53	same_stage_one_event	SMARCA4	1	0.2660688547104771	0.00014734050390452334	3.9202719126341105e-05
rule_a_one_step	metastatic::CDKN2A+KEAP1+KRAS+SMARCA4	metastatic::CDKN2A+KEAP1+KRAS+SMARCA4+TP53	same_stage_one_event	TP53	1	0.6388233610585526	7.367025195226167e-05	4.70622779621742e-05
rule_a_one_step	metastatic::CDKN2A+MET+STK11+TP53	metastatic::CDKN2A+KEAP1+MET+STK11+TP53	same_stage_one_event	KEAP1	1	0.44085475316638323	3.6835125976130835e-05	1.623894037005979e-05
rule_a_one_step	metastatic::CDKN2A+KEAP1+STK11+TP53	metastatic::CDKN2A+KEAP1+MET+STK11+TP53	same_stage_one_event	MET	1	0.007488473954006069	0.00014734050390452334	1.1033555258591525e-06
rule_a_one_step	metastatic::CDKN2A+KEAP1+MET+TP53	metastatic::CDKN2A+KEAP1+MET+STK11+TP53	same_stage_one_event	STK11	1	0.07892917673431026	3.6835125976130835e-05	2.9073661682006134e-06
rule_a_one_step	metastatic::KEAP1+MET+TP53	metastatic::CDKN2A+KEAP1+MET+TP53	same_stage_one_event	CDKN2A	1	0.174650338271202	3.6835125976130835e-05	6.43326721199359e-06
rule_a_one_step	metastatic::CDKN2A+MET+TP53	metastatic::CDKN2A+KEAP1+MET+TP53	same_stage_one_event	KEAP1	1	0.04421053729101733	0.00011050537792839252	4.885502131761161e-06
rule_a_one_step	metastatic::CDKN2A+KEAP1+TP53	metastatic::CDKN2A+KEAP1+MET+TP53	same_stage_one_event	MET	1	0.04078472271580992	0.0005525268896419625	2.253465598707635e-05
rule_a_one_step	metastatic::CDKN2A+KEAP1+NF1+SETD2+TP53	metastatic::CDKN2A+KEAP1+NF1+RBM10+SETD2+TP53	same_stage_one_event	RBM10	1	0.06658710973294789	3.6835125976130835e-05	2.452744575399583e-06
rule_a_one_step	metastatic::KEAP1+NF1+SETD2+TP53	metastatic::CDKN2A+KEAP1+NF1+SETD2+TP53	same_stage_one_event	CDKN2A	1	0.06789613175673645	7.367025195226167e-05	5.001925133102729e-06
rule_a_one_step	metastatic::CDKN2A+KEAP1+NF1+TP53	metastatic::CDKN2A+KEAP1+NF1+SETD2+TP53	same_stage_one_event	SETD2	1	0.05301465469476046	7.367025195226167e-05	3.9056029685251555e-06
rule_a_one_step	metastatic::KEAP1+NF1+SMARCA4	metastatic::CDKN2A+KEAP1+NF1+SMARCA4	same_stage_one_event	CDKN2A	1	0.02721982603164938	7.367025195226167e-05	2.0052914418483406e-06
rule_a_one_step	metastatic::CDKN2A+KEAP1+SMARCA4	metastatic::CDKN2A+KEAP1+NF1+SMARCA4	same_stage_one_event	NF1	1	0.03035931705940028	7.367025195226167e-05	2.2365785368646144e-06
rule_a_one_step	metastatic::CDKN2A+KEAP1+SMARCA4+STK11+TP53	metastatic::CDKN2A+KEAP1+NF1+SMARCA4+STK11+TP53	same_stage_one_event	NF1	1	0.23325153204454663	3.6835125976130835e-05	8.591849566986393e-06
rule_a_one_step	metastatic::KEAP1+PIK3CA+SMARCA4+TP53	metastatic::CDKN2A+KEAP1+PIK3CA+SMARCA4+TP53	same_stage_one_event	CDKN2A	1	0.15768552896241364	3.6835125976130835e-05	5.808366323943334e-06
rule_a_one_step	metastatic::CDKN2A+KEAP1+SMARCA4+TP53	metastatic::CDKN2A+KEAP1+PIK3CA+SMARCA4+TP53	same_stage_one_event	PIK3CA	1	0.07195482888459236	0.00011050537792839252	7.951395559664693e-06
rule_a_one_step	metastatic::CDKN2A+KEAP1+PIK3CA+TP53	metastatic::CDKN2A+KEAP1+PIK3CA+SMARCA4+TP53	same_stage_one_event	SMARCA4	1	0.2716302446163421	3.6835125976130835e-05	1.0005534279370196e-05
rule_a_one_step	metastatic::KEAP1+PIK3CA+TP53	metastatic::CDKN2A+KEAP1+PIK3CA+TP53	same_stage_one_event	CDKN2A	1	0.13118362844888765	0.00022101075585678504	2.8992992879524308e-05
rule_a_one_step	metastatic::CDKN2A+PIK3CA+TP53	metastatic::CDKN2A+KEAP1+PIK3CA+TP53	same_stage_one_event	KEAP1	1	0.08003636551826934	3.6835125976130835e-05	2.9481496065371052e-06
rule_a_one_step	metastatic::CDKN2A+KEAP1+TP53	metastatic::CDKN2A+KEAP1+PIK3CA+TP53	same_stage_one_event	PIK3CA	1	0.05416607435261357	0.0005525268896419625	2.9928212586164857e-05
rule_a_one_step	metastatic::KEAP1+RBM10+STK11+TP53	metastatic::CDKN2A+KEAP1+RBM10+STK11+TP53	same_stage_one_event	CDKN2A	1	0.07988906769552212	3.6835125976130835e-05	2.9427238726802018e-06
rule_a_one_step	metastatic::CDKN2A+KEAP1+STK11+TP53	metastatic::CDKN2A+KEAP1+RBM10+STK11+TP53	same_stage_one_event	RBM10	1	0.04219251667029202	0.00014734050390452334	6.216666667200828e-06
rule_a_one_step	metastatic::KEAP1+SMARCA4+STK11	metastatic::CDKN2A+KEAP1+SMARCA4+STK11	same_stage_one_event	CDKN2A	1	0.025813344428046	0.0003683512597613084	9.508377938723294e-06
rule_a_one_step	metastatic::CDKN2A+KEAP1+SMARCA4	metastatic::CDKN2A+KEAP1+SMARCA4+STK11	same_stage_one_event	STK11	1	0.026804851019658148	7.367025195226167e-05	1.974720128161054e-06
rule_a_one_step	metastatic::KEAP1+SMARCA4+STK11+TP53	metastatic::CDKN2A+KEAP1+SMARCA4+STK11+TP53	same_stage_one_event	CDKN2A	1	0.159927680110175	0.0004051863857374392	6.480051868321516e-05
rule_a_one_step	metastatic::CDKN2A+SMARCA4+STK11+TP53	metastatic::CDKN2A+KEAP1+SMARCA4+STK11+TP53	same_stage_one_event	KEAP1	1	0.6828344310649784	7.367025195226167e-05	5.030458457823621e-05
rule_a_one_step	metastatic::CDKN2A+KEAP1+STK11+TP53	metastatic::CDKN2A+KEAP1+SMARCA4+STK11+TP53	same_stage_one_event	SMARCA4	1	0.5893742587738736	0.00014734050390452334	8.683870027609747e-05
rule_a_one_step	metastatic::CDKN2A+KEAP1+SMARCA4+TP53	metastatic::CDKN2A+KEAP1+SMARCA4+STK11+TP53	same_stage_one_event	STK11	1	0.10424739890589924	0.00011050537792839252	1.1519898214148288e-05
rule_a_one_step	metastatic::CDKN2A+KEAP1+SMARCA4+STK11	metastatic::CDKN2A+KEAP1+SMARCA4+STK11+TP53	same_stage_one_event	TP53	1	0.025964789816566462	3.6835125976130835e-05	9.564163038369846e-07
rule_a_one_step	metastatic::KRAS+NF1+SMARCA4+TP53	metastatic::CDKN2A+KRAS+NF1+SMARCA4+TP53	same_stage_one_event	CDKN2A	1	0.11887572509971435	3.6835125976130835e-05	4.378802309551876e-06
rule_a_one_step	metastatic::CDKN2A+NF1+SMARCA4+TP53	metastatic::CDKN2A+KRAS+NF1+SMARCA4+TP53	same_stage_one_event	KRAS	1	0.02212821277066065	0.00011050537792839252	2.445286515101737e-06
rule_a_one_step	metastatic::CDKN2A+KRAS+SMARCA4+TP53	metastatic::CDKN2A+KRAS+NF1+SMARCA4+TP53	same_stage_one_event	NF1	1	0.10063099481577732	0.0001841756298806542	1.8533776855712636e-05
rule_a_one_step	metastatic::CDKN2A+KRAS+NF1+TP53	metastatic::CDKN2A+KRAS+NF1+SMARCA4+TP53	same_stage_one_event	SMARCA4	1	0.10098625449896172	0.00011050537792839252	1.1159524218980593e-05
rule_a_one_step	metastatic::KRAS+PIK3CA+SETD2+TP53	metastatic::CDKN2A+KRAS+PIK3CA+SETD2+TP53	same_stage_one_event	CDKN2A	1	0.0905785276781785	0.00014734050390452334	1.3345885911032635e-05
rule_a_one_step	metastatic::CDKN2A+KRAS+SETD2+TP53	metastatic::CDKN2A+KRAS+PIK3CA+SETD2+TP53	same_stage_one_event	PIK3CA	1	0.08788335922468164	3.6835125976130835e-05	3.237194608246708e-06
rule_a_one_step	metastatic::CDKN2A+KRAS+PIK3CA+TP53	metastatic::CDKN2A+KRAS+PIK3CA+SETD2+TP53	same_stage_one_event	SETD2	1	0.05246830532259345	3.6835125976130835e-05	1.932676636311826e-06
rule_a_one_step	metastatic::KRAS+PIK3CA+TP53	metastatic::CDKN2A+KRAS+PIK3CA+TP53	same_stage_one_event	CDKN2A	1	0.136844818247787	0.0010682186533077943	0.00014618018746080088
rule_a_one_step	metastatic::CDKN2A+PIK3CA+TP53	metastatic::CDKN2A+KRAS+PIK3CA+TP53	same_stage_one_event	KRAS	1	0.05570273554628042	3.6835125976130835e-05	2.0518172810623402e-06
rule_a_one_step	metastatic::CDKN2A+KRAS+TP53	metastatic::CDKN2A+KRAS+PIK3CA+TP53	same_stage_one_event	PIK3CA	1	0.0913432504908637	0.0014365699130691027	0.00013122096541710933
rule_a_one_step	metastatic::CDKN2A+KRAS+PIK3CA	metastatic::CDKN2A+KRAS+PIK3CA+TP53	same_stage_one_event	TP53	1	0.3450648014616049	0.00011050537792839252	3.813151629530038e-05
rule_a_one_step	metastatic::CDKN2A+KRAS+SETD2+TP53	metastatic::CDKN2A+KRAS+RBM10+SETD2+TP53	same_stage_one_event	RBM10	1	0.09563148950200816	3.6835125976130835e-05	3.522597963091504e-06
rule_a_one_step	metastatic::CDKN2A+KRAS+RBM10+TP53	metastatic::CDKN2A+KRAS+RBM10+SETD2+TP53	same_stage_one_event	SETD2	1	0.06630992583914133	0.00014734050390452334	9.770137887010657e-06
rule_a_one_step	metastatic::KRAS+SETD2	metastatic::CDKN2A+KRAS+SETD2	same_stage_one_event	CDKN2A	1	0.020746796274644475	0.00025784588183291586	5.349475980643559e-06
rule_a_one_step	metastatic::CDKN2A+SETD2	metastatic::CDKN2A+KRAS+SETD2	same_stage_one_event	KRAS	1	0.2250669141232671	3.6835125976130835e-05	8.290368134789564e-06
rule_a_one_step	metastatic::CDKN2A+KRAS	metastatic::CDKN2A+KRAS+SETD2	same_stage_one_event	SETD2	1	0.02707356039528822	0.0004051863857374392	1.096983808561111e-05
rule_a_one_step	metastatic::KRAS+SETD2+TP53	metastatic::CDKN2A+KRAS+SETD2+TP53	same_stage_one_event	CDKN2A	1	0.08357274076713186	0.0005893620156180934	4.9254598949245235e-05
rule_a_one_step	metastatic::CDKN2A+SETD2+TP53	metastatic::CDKN2A+KRAS+SETD2+TP53	same_stage_one_event	KRAS	1	0.03563113722654315	3.6835125976130835e-05	1.312477428412522e-06
rule_a_one_step	metastatic::CDKN2A+KRAS+TP53	metastatic::CDKN2A+KRAS+SETD2+TP53	same_stage_one_event	SETD2	1	0.04789910156815705	0.0014365699130691027	6.881040817585549e-05
rule_a_one_step	metastatic::CDKN2A+KRAS+SETD2	metastatic::CDKN2A+KRAS+SETD2+TP53	same_stage_one_event	TP53	1	0.4488600941155192	3.6835125976130835e-05	1.653381811240309e-05
rule_a_one_step	metastatic::MET	metastatic::CDKN2A+MET	same_stage_one_event	CDKN2A	1	0.021224967289092667	0.0030573154560188595	6.489142054643772e-05
rule_a_one_step	metastatic::CDKN2A	metastatic::CDKN2A+MET	same_stage_one_event	MET	1	0.03809681863707236	0.0009577132753794018	3.648582895844561e-05
rule_a_one_step	metastatic::MET+SMARCA4+STK11+TP53	metastatic::CDKN2A+MET+SMARCA4+STK11+TP53	same_stage_one_event	CDKN2A	1	0.09382513674867657	3.6835125976130835e-05	3.456060731865204e-06
rule_a_one_step	metastatic::CDKN2A+SMARCA4+STK11+TP53	metastatic::CDKN2A+MET+SMARCA4+STK11+TP53	same_stage_one_event	MET	1	0.007351002909906199	7.367025195226167e-05	5.415502364745983e-07
rule_a_one_step	metastatic::CDKN2A+MET+STK11+TP53	metastatic::CDKN2A+MET+SMARCA4+STK11+TP53	same_stage_one_event	SMARCA4	1	0.16761168698851203	3.6835125976130835e-05	6.1739976052936504e-06
rule_a_one_step	metastatic::CDKN2A+MET+SMARCA4+TP53	metastatic::CDKN2A+MET+SMARCA4+STK11+TP53	same_stage_one_event	STK11	1	0.21624654835025964	7.367025195226167e-05	1.5930937700770562e-05
rule_a_one_step	metastatic::MET+STK11+TP53	metastatic::CDKN2A+MET+STK11+TP53	same_stage_one_event	CDKN2A	1	0.0834488254431862	0.0001841756298806542	1.536923998879958e-05
rule_a_one_step	metastatic::CDKN2A+STK11+TP53	metastatic::CDKN2A+MET+STK11+TP53	same_stage_one_event	MET	1	0.006295048429772015	0.00033151613378517756	2.0869101174284712e-06
rule_a_one_step	metastatic::CDKN2A+MET+TP53	metastatic::CDKN2A+MET+STK11+TP53	same_stage_one_event	STK11	1	0.19582339614648075	0.00011050537792839252	2.163953839838818e-05
rule_a_one_step	metastatic::NF1	metastatic::CDKN2A+NF1	same_stage_one_event	CDKN2A	1	0.01732110828238965	0.0008103727714748784	1.4036554523816574e-05
rule_a_one_step	metastatic::CDKN2A	metastatic::CDKN2A+NF1	same_stage_one_event	NF1	1	0.019346332155428456	0.0009577132753794018	1.8528239135153228e-05
rule_a_one_step	metastatic::NF1+PIK3CA+TP53	metastatic::CDKN2A+NF1+PIK3CA+TP53	same_stage_one_event	CDKN2A	1	0.09496392241820883	0.0001841756298806542	1.7490040227311188e-05
rule_a_one_step	metastatic::CDKN2A+PIK3CA+TP53	metastatic::CDKN2A+NF1+PIK3CA+TP53	same_stage_one_event	NF1	1	0.11648716988336977	3.6835125976130835e-05	4.2908195772568795e-06
rule_a_one_step	metastatic::CDKN2A+NF1+TP53	metastatic::CDKN2A+NF1+PIK3CA+TP53	same_stage_one_event	PIK3CA	1	0.05450925698549369	0.00025784588183291586	1.405498743548165e-05
rule_a_one_step	metastatic::NF1+RBM10+TP53	metastatic::CDKN2A+NF1+RBM10+TP53	same_stage_one_event	CDKN2A	1	0.09388874099762769	0.0002946810078090467	2.7667228819103488e-05
rule_a_one_step	metastatic::CDKN2A+RBM10+TP53	metastatic::CDKN2A+NF1+RBM10+TP53	same_stage_one_event	NF1	1	0.13435933870834532	7.367025195226167e-05	9.898286334783064e-06
rule_a_one_step	metastatic::CDKN2A+NF1+TP53	metastatic::CDKN2A+NF1+RBM10+TP53	same_stage_one_event	RBM10	1	0.09085499917058225	0.00025784588183291586	2.342658738006762e-05
rule_a_one_step	metastatic::PIK3CA	metastatic::CDKN2A+PIK3CA	same_stage_one_event	CDKN2A	1	0.0140126776650703	0.0009577132753794018	1.3420127423450265e-05
rule_a_one_step	metastatic::CDKN2A	metastatic::CDKN2A+PIK3CA	same_stage_one_event	PIK3CA	1	0.015183419857785369	0.0009577132753794018	1.4541362763460276e-05
rule_a_one_step	metastatic::PIK3CA+TP53	metastatic::CDKN2A+PIK3CA+TP53	same_stage_one_event	CDKN2A	1	0.09147140253438417	0.001141888905260056	0.00010445017970258984
rule_a_one_step	metastatic::CDKN2A+TP53	metastatic::CDKN2A+PIK3CA+TP53	same_stage_one_event	PIK3CA	1	0.05871184607305769	0.00221010755856785	0.00012975949478353697
rule_a_one_step	metastatic::CDKN2A+PIK3CA	metastatic::CDKN2A+PIK3CA+TP53	same_stage_one_event	TP53	1	0.09395737205859038	3.6835125976130835e-05	3.460931636164372e-06
rule_a_one_step	metastatic::RBM10	metastatic::CDKN2A+RBM10	same_stage_one_event	CDKN2A	1	0.01151376170008055	0.0004051863857374392	4.665219489497792e-06
rule_a_one_step	metastatic::CDKN2A	metastatic::CDKN2A+RBM10	same_stage_one_event	RBM10	1	0.025757408504331038	0.0009577132753794018	2.4668212063968136e-05
rule_a_one_step	metastatic::SETD2	metastatic::CDKN2A+SETD2	same_stage_one_event	CDKN2A	1	0.010853062561273618	0.0016575806689258876	1.798982670021043e-05
rule_a_one_step	metastatic::CDKN2A	metastatic::CDKN2A+SETD2	same_stage_one_event	SETD2	1	0.015225906476860751	0.0009577132753794018	1.4582052762574758e-05
rule_a_one_step	metastatic::SETD2+TP53	metastatic::CDKN2A+SETD2+TP53	same_stage_one_event	CDKN2A	1	0.060566865749079046	0.001583910416973626	9.593248958340942e-05
rule_a_one_step	metastatic::CDKN2A+TP53	metastatic::CDKN2A+SETD2+TP53	same_stage_one_event	SETD2	1	0.03953910871145704	0.00221010755856785	8.738568302222715e-05
rule_a_one_step	metastatic::CDKN2A+SETD2	metastatic::CDKN2A+SETD2+TP53	same_stage_one_event	TP53	1	0.18750100134151715	3.6835125976130835e-05	6.906623005065461e-06
rule_a_one_step	metastatic::KEAP1+KRAS	metastatic::EGFR+KEAP1+KRAS	same_stage_one_event	EGFR	1	0.0029055327247479996	0.0014365699130691027	4.174000893810667e-06
rule_a_one_step	metastatic::EGFR+KRAS	metastatic::EGFR+KEAP1+KRAS	same_stage_one_event	KEAP1	1	0.003957981256612488	0.0003683512597613084	1.4579273819848564e-06
rule_a_one_step	metastatic::EGFR+KEAP1	metastatic::EGFR+KEAP1+KRAS	same_stage_one_event	KRAS	1	0.04314511723053977	0.0003683512597613084	1.5892558284418657e-05
rule_a_one_step	metastatic::KEAP1+KRAS+MET+TP53	metastatic::EGFR+KEAP1+KRAS+MET+TP53	same_stage_one_event	EGFR	1	0.0002794547460395829	3.6835125976130835e-05	1.0293750774995686e-08
rule_a_one_step	metastatic::EGFR+KRAS+MET+TP53	metastatic::EGFR+KEAP1+KRAS+MET+TP53	same_stage_one_event	KEAP1	1	0.008867610780302989	0.00011050537792839252	9.799186805992694e-07
rule_a_one_step	metastatic::EGFR+KEAP1+KRAS+TP53	metastatic::EGFR+KEAP1+KRAS+MET+TP53	same_stage_one_event	MET	1	0.0016115536090377577	3.6835125976130835e-05	5.9361780206194106e-08
rule_a_one_step	metastatic::KEAP1+KRAS+RBM10+TP53	metastatic::EGFR+KEAP1+KRAS+RBM10+TP53	same_stage_one_event	EGFR	1	0.0010391289372586306	3.6835125976130835e-05	3.8276445309364614e-08
rule_a_one_step	metastatic::EGFR+KRAS+RBM10+TP53	metastatic::EGFR+KEAP1+KRAS+RBM10+TP53	same_stage_one_event	KEAP1	1	0.03155506097663684	7.367025195226167e-05	2.324669292517816e-06
rule_a_one_step	metastatic::EGFR+KEAP1+KRAS+TP53	metastatic::EGFR+KEAP1+KRAS+RBM10+TP53	same_stage_one_event	RBM10	1	0.16413478999913758	3.6835125976130835e-05	6.045925666684013e-06
rule_a_one_step	metastatic::KEAP1+KRAS+STK11	metastatic::EGFR+KEAP1+KRAS+STK11	same_stage_one_event	EGFR	1	0.00044523899592006325	0.0032783262118756444	1.4596386708739365e-06
rule_a_one_step	metastatic::EGFR+KEAP1+STK11	metastatic::EGFR+KEAP1+KRAS+STK11	same_stage_one_event	KRAS	1	0.1753929656343519	7.367025195226167e-05	1.2921243968937077e-05
rule_a_one_step	metastatic::EGFR+KEAP1+KRAS	metastatic::EGFR+KEAP1+KRAS+STK11	same_stage_one_event	STK11	1	0.0055520411809886604	3.6835125976130835e-05	2.0451013632638354e-07
rule_a_one_step	metastatic::KEAP1+KRAS+TP53	metastatic::EGFR+KEAP1+KRAS+TP53	same_stage_one_event	EGFR	1	0.0006207963937935839	0.001141888905260056	7.088805144983461e-07
rule_a_one_step	metastatic::EGFR+KRAS+TP53	metastatic::EGFR+KEAP1+KRAS+TP53	same_stage_one_event	KEAP1	1	0.02149527647584595	0.0006630322675703551	1.4252061903831851e-05
rule_a_one_step	metastatic::EGFR+KEAP1+TP53	metastatic::EGFR+KEAP1+KRAS+TP53	same_stage_one_event	KRAS	1	0.012158207562946648	0.0004420215117135701	5.374189286701038e-06
rule_a_one_step	metastatic::EGFR+KEAP1+KRAS	metastatic::EGFR+KEAP1+KRAS+TP53	same_stage_one_event	TP53	1	0.8272717587672466	3.6835125976130835e-05	3.0472659450686846e-05
rule_a_one_step	metastatic::KEAP1+NF1+SMARCA4+STK11	metastatic::EGFR+KEAP1+NF1+SMARCA4+STK11	same_stage_one_event	EGFR	1	0.004019751846508699	0.00014734050390452334	5.922722626357299e-07
rule_a_one_step	metastatic::EGFR+PIK3CA	metastatic::EGFR+KEAP1+PIK3CA	same_stage_one_event	KEAP1	1	0.014438247439894795	0.0016207455429497568	2.3400725186215226e-05
rule_a_one_step	metastatic::EGFR+KEAP1	metastatic::EGFR+KEAP1+PIK3CA	same_stage_one_event	PIK3CA	1	0.028650085125190062	0.0003683512597613084	1.0553294948132482e-05
rule_a_one_step	metastatic::EGFR+RBM10	metastatic::EGFR+KEAP1+RBM10	same_stage_one_event	KEAP1	1	0.020841225175038034	0.0017312509208781495	3.608139027651347e-05
rule_a_one_step	metastatic::EGFR+KEAP1	metastatic::EGFR+KEAP1+RBM10	same_stage_one_event	RBM10	1	0.0412070215032458	0.0003683512597613084	1.5178658281731914e-05
rule_a_one_step	metastatic::KEAP1+RBM10+SMARCA4+TP53	metastatic::EGFR+KEAP1+RBM10+SMARCA4+TP53	same_stage_one_event	EGFR	1	0.036257620597857	3.6835125976130835e-05	1.3355540223168187e-06
rule_a_one_step	metastatic::EGFR+RBM10+SMARCA4+TP53	metastatic::EGFR+KEAP1+RBM10+SMARCA4+TP53	same_stage_one_event	KEAP1	1	0.049005612234730316	7.367025195226167e-05	3.6102558004074196e-06
rule_a_one_step	metastatic::KEAP1+RBM10+STK11	metastatic::EGFR+KEAP1+RBM10+STK11	same_stage_one_event	EGFR	1	0.011720489373772652	3.6835125976130835e-05	4.3172570258481843e-07
rule_a_one_step	metastatic::EGFR+KEAP1+STK11	metastatic::EGFR+KEAP1+RBM10+STK11	same_stage_one_event	RBM10	1	0.12964627247193763	7.367025195226167e-05	9.551073557679212e-06
rule_a_one_step	metastatic::EGFR+KEAP1+RBM10	metastatic::EGFR+KEAP1+RBM10+STK11	same_stage_one_event	STK11	1	0.0073196685497054674	3.6835125976130835e-05	2.6962091313192377e-07
rule_a_one_step	metastatic::KEAP1+SMARCA4+STK11+TP53	metastatic::EGFR+KEAP1+SMARCA4+STK11+TP53	same_stage_one_event	EGFR	1	0.0021977931226331514	0.0004051863857374392	8.905158519583271e-07
rule_a_one_step	metastatic::EGFR+SMARCA4+STK11+TP53	metastatic::EGFR+KEAP1+SMARCA4+STK11+TP53	same_stage_one_event	KEAP1	1	0.41517042718252684	0.00011050537792839252	4.587856496049729e-05
rule_a_one_step	metastatic::EGFR+KRAS+PIK3CA	metastatic::EGFR+KRAS+MET+PIK3CA	same_stage_one_event	MET	1	0.002079225156854833	7.367025195226167e-05	1.5317704117097634e-07
rule_a_one_step	metastatic::EGFR+MET+PIK3CA+STK11+TP53	metastatic::EGFR+KRAS+MET+PIK3CA+STK11+TP53	same_stage_one_event	KRAS	1	0.012248649787647349	7.367025195226167e-05	9.023611159309966e-07
rule_a_one_step	metastatic::EGFR+KRAS+PIK3CA+STK11+TP53	metastatic::EGFR+KRAS+MET+PIK3CA+STK11+TP53	same_stage_one_event	MET	1	0.0005025466131365581	3.6835125976130835e-05	1.8511367803763004e-08
rule_a_one_step	metastatic::EGFR+KRAS+MET+STK11+TP53	metastatic::EGFR+KRAS+MET+PIK3CA+STK11+TP53	same_stage_one_event	PIK3CA	1	0.1882000225068267	3.6835125976130835e-05	6.932371537749619e-06
rule_a_one_step	metastatic::KRAS+MET+STK11+TP53	metastatic::EGFR+KRAS+MET+STK11+TP53	same_stage_one_event	EGFR	1	7.268409087767024e-05	7.367025195226167e-05	5.354655287879051e-09
rule_a_one_step	metastatic::EGFR+MET+STK11+TP53	metastatic::EGFR+KRAS+MET+STK11+TP53	same_stage_one_event	KRAS	1	0.010638903172065601	3.6835125976130835e-05	3.918853385908944e-07
rule_a_one_step	metastatic::EGFR+KRAS+MET+TP53	metastatic::EGFR+KRAS+MET+STK11+TP53	same_stage_one_event	STK11	1	0.07430573911534544	0.00011050537792839252	8.211183783189786e-06
rule_a_one_step	metastatic::KRAS+NF1+TP53	metastatic::EGFR+KRAS+NF1+TP53	same_stage_one_event	EGFR	1	0.0006469889678230814	0.000920878149403271	5.957980033732516e-07
rule_a_one_step	metastatic::EGFR+NF1+TP53	metastatic::EGFR+KRAS+NF1+TP53	same_stage_one_event	KRAS	1	0.004287567603473064	0.001105053779283925	4.737992784153231e-06
rule_a_one_step	metastatic::EGFR+KRAS+TP53	metastatic::EGFR+KRAS+NF1+TP53	same_stage_one_event	NF1	1	0.05475896093371039	0.0006630322675703551	3.630695803767449e-05
rule_a_one_step	metastatic::KRAS+PIK3CA+STK11+TP53	metastatic::EGFR+KRAS+PIK3CA+STK11+TP53	same_stage_one_event	EGFR	1	0.00011500846305632712	3.6835125976130835e-05	4.236351225000999e-09
rule_a_one_step	metastatic::EGFR+KRAS+PIK3CA+TP53	metastatic::EGFR+KRAS+PIK3CA+STK11+TP53	same_stage_one_event	STK11	1	0.121469342722082	7.367025195226167e-05	8.948677082811403e-06
rule_a_one_step	metastatic::KRAS+SETD2	metastatic::EGFR+KRAS+SETD2	same_stage_one_event	EGFR	1	0.007421126351133984	0.00025784588183291586	1.9135068682016314e-06
rule_a_one_step	metastatic::EGFR+SETD2	metastatic::EGFR+KRAS+SETD2	same_stage_one_event	KRAS	1	0.03594002364983055	0.0004788566376897009	1.721011888344619e-05
rule_a_one_step	metastatic::EGFR+KRAS	metastatic::EGFR+KRAS+SETD2	same_stage_one_event	SETD2	1	0.010374786339065389	0.0003683512597613084	3.821565617749149e-06
rule_a_one_step	metastatic::KRAS+SMARCA4+TP53	metastatic::EGFR+KRAS+SMARCA4+TP53	same_stage_one_event	EGFR	1	0.0018568991807219584	0.0007367025195226168	1.3679823049373496e-06
rule_a_one_step	metastatic::EGFR+SMARCA4+TP53	metastatic::EGFR+KRAS+SMARCA4+TP53	same_stage_one_event	KRAS	1	0.010617491378773223	0.001362899661116841	1.4470575402041007e-05
rule_a_one_step	metastatic::EGFR+KRAS+TP53	metastatic::EGFR+KRAS+SMARCA4+TP53	same_stage_one_event	SMARCA4	1	0.04495558641037085	0.0006630322675703551	2.9807004397623224e-05
rule_a_one_step	metastatic::MET+NF1+PIK3CA+TP53	metastatic::EGFR+MET+NF1+PIK3CA+TP53	same_stage_one_event	EGFR	1	0.015873653943597705	7.367025195226167e-05	1.169416085427855e-06
rule_a_one_step	metastatic::EGFR+MET+PIK3CA+TP53	metastatic::EGFR+MET+NF1+PIK3CA+TP53	same_stage_one_event	NF1	1	0.10618829091731807	0.00011050537792839252	1.1734377219388324e-05
rule_a_one_step	metastatic::EGFR+MET+NF1+TP53	metastatic::EGFR+MET+NF1+PIK3CA+TP53	same_stage_one_event	PIK3CA	1	0.2913455022960044	0.00011050537792839252	3.219524483895732e-05
rule_a_one_step	metastatic::EGFR+MET+STK11+TP53	metastatic::EGFR+MET+NF1+STK11+TP53	same_stage_one_event	NF1	1	0.07110477963589922	3.6835125976130835e-05	2.61915351539337e-06
rule_a_one_step	metastatic::EGFR+MET+NF1+TP53	metastatic::EGFR+MET+NF1+STK11+TP53	same_stage_one_event	STK11	1	0.06119719795876858	0.00011050537792839252	6.762619488592373e-06
rule_a_one_step	metastatic::MET+SMARCA4	metastatic::EGFR+MET+SMARCA4	same_stage_one_event	EGFR	1	0.14536450593024822	7.367025195226167e-05	1.0709039776797421e-05
rule_a_one_step	metastatic::EGFR+SMARCA4	metastatic::EGFR+MET+SMARCA4	same_stage_one_event	MET	1	0.015266785433755472	0.00033151613378517756	5.061185682326479e-06
rule_a_one_step	metastatic::EGFR+MET	metastatic::EGFR+MET+SMARCA4	same_stage_one_event	SMARCA4	1	0.00810324007195949	0.00022101075585678504	1.790903213192756e-06
rule_a_one_step	metastatic::MET+STK11+TP53	metastatic::EGFR+MET+STK11+TP53	same_stage_one_event	EGFR	1	0.002510733656047087	0.0001841756298806542	4.6241595256503e-07
rule_a_one_step	metastatic::EGFR+STK11+TP53	metastatic::EGFR+MET+STK11+TP53	same_stage_one_event	MET	1	0.0044341176824647	0.0006998673935464859	3.103294385104954e-06
rule_a_one_step	metastatic::EGFR+MET+TP53	metastatic::EGFR+MET+STK11+TP53	same_stage_one_event	STK11	1	0.06635926080908891	0.0009577132753794018	6.355314502122851e-05
rule_a_one_step	metastatic::EGFR+PIK3CA	metastatic::EGFR+NF1+PIK3CA	same_stage_one_event	NF1	1	0.020766127902411148	0.0016207455429497568	3.365660924215745e-05
rule_a_one_step	metastatic::EGFR+NF1	metastatic::EGFR+NF1+PIK3CA	same_stage_one_event	PIK3CA	1	0.03163805393835504	0.0004788566376897009	1.5150092131966094e-05
rule_a_one_step	metastatic::EGFR+PIK3CA+RBM10+TP53	metastatic::EGFR+NF1+PIK3CA+RBM10+TP53	same_stage_one_event	NF1	1	0.13892111467045723	0.00014734050390452334	2.046870703852324e-05
rule_a_one_step	metastatic::EGFR+NF1+RBM10+TP53	metastatic::EGFR+NF1+PIK3CA+RBM10+TP53	same_stage_one_event	PIK3CA	1	0.14736081594762027	0.00022101075585678504	3.2568325316256135e-05
rule_a_one_step	metastatic::EGFR+PIK3CA+SMARCA4+TP53	metastatic::EGFR+NF1+PIK3CA+SMARCA4+TP53	same_stage_one_event	NF1	1	0.11273595688819235	0.00014734050390452334	1.661057269606488e-05
rule_a_one_step	metastatic::EGFR+NF1+SMARCA4+TP53	metastatic::EGFR+NF1+PIK3CA+SMARCA4+TP53	same_stage_one_event	PIK3CA	1	0.14896596285747135	3.6835125976130835e-05	5.487180008010585e-06
rule_a_one_step	metastatic::NF1+SETD2+TP53	metastatic::EGFR+NF1+SETD2+TP53	same_stage_one_event	EGFR	1	0.014866613349800021	0.0002946810078090467	4.380908604626498e-06
rule_a_one_step	metastatic::EGFR+SETD2+TP53	metastatic::EGFR+NF1+SETD2+TP53	same_stage_one_event	NF1	1	0.08787609601261757	0.0007367025195226168	6.473854133830674e-05
rule_a_one_step	metastatic::EGFR+NF1+TP53	metastatic::EGFR+NF1+SETD2+TP53	same_stage_one_event	SETD2	1	0.05157910191797605	0.001105053779283925	5.699768150653019e-05
rule_a_one_step	metastatic::NF1+SMARCA4+TP53	metastatic::EGFR+NF1+SMARCA4+TP53	same_stage_one_event	EGFR	1	0.023873877486746516	0.0002946810078090467	7.035178278104174e-06
rule_a_one_step	metastatic::EGFR+SMARCA4+TP53	metastatic::EGFR+NF1+SMARCA4+TP53	same_stage_one_event	NF1	1	0.09584485715696071	0.001362899661116841	0.0001306269233390138
rule_a_one_step	metastatic::EGFR+NF1+TP53	metastatic::EGFR+NF1+SMARCA4+TP53	same_stage_one_event	SMARCA4	1	0.06824750479364824	0.001105053779283925	7.541716309891878e-05
rule_a_one_step	metastatic::EGFR+RBM10+SETD2+TP53	metastatic::EGFR+PIK3CA+RBM10+SETD2+TP53	same_stage_one_event	PIK3CA	1	0.16705564830054154	3.6835125976130835e-05	6.153515850174655e-06
rule_a_one_step	metastatic::EGFR+PIK3CA+SETD2+TP53	metastatic::EGFR+PIK3CA+RBM10+SETD2+TP53	same_stage_one_event	RBM10	1	0.1468405082519478	0.0002946810078090467	4.3271108958876616e-05
rule_a_one_step	metastatic::EGFR+PIK3CA+RBM10+TP53	metastatic::EGFR+PIK3CA+RBM10+SETD2+TP53	same_stage_one_event	SETD2	1	0.07663209609954641	0.00014734050390452334	1.1291011654567025e-05
rule_a_one_step	metastatic::PIK3CA+SETD2	metastatic::EGFR+PIK3CA+SETD2	same_stage_one_event	EGFR	1	0.23388864302994705	3.6835125976130835e-05	8.615317630394395e-06
rule_a_one_step	metastatic::EGFR+SETD2	metastatic::EGFR+PIK3CA+SETD2	same_stage_one_event	PIK3CA	1	0.04699531855037699	0.0004788566376897009	2.2504020228189952e-05
rule_a_one_step	metastatic::EGFR+PIK3CA	metastatic::EGFR+PIK3CA+SETD2	same_stage_one_event	SETD2	1	0.026141075814577416	0.0016207455429497568	4.236803211438803e-05
rule_a_one_step	metastatic::PIK3CA+STK11	metastatic::EGFR+PIK3CA+STK11	same_stage_one_event	EGFR	1	0.022693715651324935	3.6835125976130835e-05	8.35925874883046e-07
rule_a_one_step	metastatic::EGFR+STK11	metastatic::EGFR+PIK3CA+STK11	same_stage_one_event	PIK3CA	1	0.03578958948491471	0.00022101075585678504	7.909884223865046e-06
rule_a_one_step	metastatic::EGFR+PIK3CA	metastatic::EGFR+PIK3CA+STK11	same_stage_one_event	STK11	1	0.030603781547178157	0.0016207455429497568	4.960094253999701e-05
rule_a_one_step	metastatic::RBM10+SETD2+TP53	metastatic::EGFR+RBM10+SETD2+TP53	same_stage_one_event	EGFR	1	0.07638998406777746	7.367025195226167e-05	5.62766937290242e-06
rule_a_one_step	metastatic::EGFR+SETD2+TP53	metastatic::EGFR+RBM10+SETD2+TP53	same_stage_one_event	RBM10	1	0.12462070721671782	0.0007367025195226168	9.180838899124637e-05
rule_a_one_step	metastatic::EGFR+RBM10+TP53	metastatic::EGFR+RBM10+SETD2+TP53	same_stage_one_event	SETD2	1	0.06437546666174068	0.002283777810520112	0.00014701926230396058
rule_a_one_step	metastatic::EGFR+RBM10+SETD2	metastatic::EGFR+RBM10+SETD2+TP53	same_stage_one_event	TP53	1	0.3880105603784788	0.00011050537792839252	4.2877253614831165e-05
rule_a_one_step	metastatic::SETD2+SMARCA4+TP53	metastatic::EGFR+SETD2+SMARCA4+TP53	same_stage_one_event	EGFR	1	0.04156239928808817	0.00014734050390452334	6.123824854587913e-06
rule_a_one_step	metastatic::EGFR+SMARCA4+TP53	metastatic::EGFR+SETD2+SMARCA4+TP53	same_stage_one_event	SETD2	1	0.05153031919836967	0.001362899661116841	7.023065457270067e-05
rule_a_one_step	metastatic::EGFR+SETD2+TP53	metastatic::EGFR+SETD2+SMARCA4+TP53	same_stage_one_event	SMARCA4	1	0.07283187280537376	0.0007367025195226168	5.36554241972696e-05
rule_a_one_step	metastatic::SMARCA4+STK11	metastatic::EGFR+SMARCA4+STK11	same_stage_one_event	EGFR	1	0.0200933333637777	0.00022101075585678504	4.440842794410867e-06
rule_a_one_step	metastatic::EGFR+STK11	metastatic::EGFR+SMARCA4+STK11	same_stage_one_event	SMARCA4	1	0.08445469363544313	0.00022101075585678504	1.8665395676022496e-05
rule_a_one_step	metastatic::EGFR+SMARCA4	metastatic::EGFR+SMARCA4+STK11	same_stage_one_event	STK11	1	0.01739224228110504	0.00033151613378517756	5.76580891888704e-06
rule_a_one_step	metastatic::KEAP1+MET+PIK3CA+TP53	metastatic::KEAP1+KRAS+MET+PIK3CA+TP53	same_stage_one_event	KRAS	1	0.04935141483240104	3.6835125976130835e-05	1.8178655824517842e-06
rule_a_one_step	metastatic::KEAP1+KRAS+PIK3CA+TP53	metastatic::KEAP1+KRAS+MET+PIK3CA+TP53	same_stage_one_event	MET	1	0.004446091111989067	7.367025195226167e-05	3.2754465242294586e-07
rule_a_one_step	metastatic::KEAP1+KRAS+MET+TP53	metastatic::KEAP1+KRAS+MET+PIK3CA+TP53	same_stage_one_event	PIK3CA	1	0.15074917190097556	3.6835125976130835e-05	5.552864737769838e-06
rule_a_one_step	metastatic::KEAP1+KRAS+SETD2+SMARCA4+STK11	metastatic::KEAP1+KRAS+MET+SETD2+SMARCA4+STK11	same_stage_one_event	MET	1	0.0038927441954232306	0.00011050537792839252	4.3016916849380035e-07
rule_a_one_step	metastatic::KRAS+MET+SMARCA4	metastatic::KEAP1+KRAS+MET+SMARCA4	same_stage_one_event	KEAP1	1	0.01315663912241413	3.6835125976130835e-05	4.84626459496616e-07
rule_a_one_step	metastatic::KEAP1+MET+SMARCA4	metastatic::KEAP1+KRAS+MET+SMARCA4	same_stage_one_event	KRAS	1	0.2618967610055434	7.367025195226167e-05	1.929400036875964e-05
rule_a_one_step	metastatic::KEAP1+KRAS+SMARCA4	metastatic::KEAP1+KRAS+MET+SMARCA4	same_stage_one_event	MET	1	0.005550355189326086	0.00033151613378517756	1.8400322934998813e-06
rule_a_one_step	metastatic::KRAS+MET+STK11	metastatic::KEAP1+KRAS+MET+STK11	same_stage_one_event	KEAP1	1	0.35533290388662014	0.00011050537792839252	3.926619683438413e-05
rule_a_one_step	metastatic::KEAP1+KRAS+STK11	metastatic::KEAP1+KRAS+MET+STK11	same_stage_one_event	MET	1	0.002666951253540175	0.0032783262118756444	8.743136200275363e-06
rule_a_one_step	metastatic::KRAS+MET+TP53	metastatic::KEAP1+KRAS+MET+TP53	same_stage_one_event	KEAP1	1	0.027142637580833844	0.0005156917636658317	1.399723464460269e-05
rule_a_one_step	metastatic::KEAP1+MET+TP53	metastatic::KEAP1+KRAS+MET+TP53	same_stage_one_event	KRAS	1	0.04429248903979579	3.6835125976130835e-05	1.6315194135772722e-06
rule_a_one_step	metastatic::KEAP1+KRAS+TP53	metastatic::KEAP1+KRAS+MET+TP53	same_stage_one_event	MET	1	0.004125265123106392	0.001141888905260056	4.710594475331447e-06
rule_a_one_step	metastatic::KEAP1+NF1+SETD2+SMARCA4+STK11	metastatic::KEAP1+KRAS+NF1+SETD2+SMARCA4+STK11	same_stage_one_event	KRAS	1	0.2780002031021349	3.6835125976130835e-05	1.0240172502657097e-05
rule_a_one_step	metastatic::KEAP1+KRAS+SETD2+SMARCA4+STK11	metastatic::KEAP1+KRAS+NF1+SETD2+SMARCA4+STK11	same_stage_one_event	NF1	1	0.07651238880420672	0.00011050537792839252	8.455030441012972e-06
rule_a_one_step	metastatic::KEAP1+KRAS+NF1+SMARCA4+STK11	metastatic::KEAP1+KRAS+NF1+SETD2+SMARCA4+STK11	same_stage_one_event	SETD2	1	0.056181409189203176	7.367025195226167e-05	4.138898570001707e-06
rule_a_one_step	metastatic::KEAP1+NF1+SMARCA4	metastatic::KEAP1+KRAS+NF1+SMARCA4	same_stage_one_event	KRAS	1	0.1683288679516492	7.367025195226167e-05	1.2400830112836981e-05
rule_a_one_step	metastatic::KEAP1+KRAS+SMARCA4	metastatic::KEAP1+KRAS+NF1+SMARCA4	same_stage_one_event	NF1	1	0.0287103618573198	0.00033151613378517756	9.517948162512089e-06
rule_a_one_step	metastatic::KEAP1+KRAS+NF1	metastatic::KEAP1+KRAS+NF1+SMARCA4	same_stage_one_event	SMARCA4	1	0.06985684471820577	7.367025195226167e-05	5.146371350980239e-06
rule_a_one_step	metastatic::KEAP1+KRAS+SMARCA4+STK11+TP53	metastatic::KEAP1+KRAS+NF1+SMARCA4+STK11+TP53	same_stage_one_event	NF1	1	0.15423903101597128	7.367025195226167e-05	1.1362828275819307e-05
rule_a_one_step	metastatic::KEAP1+KRAS+NF1+STK11+TP53	metastatic::KEAP1+KRAS+NF1+SMARCA4+STK11+TP53	same_stage_one_event	SMARCA4	1	0.44356320825112966	3.6835125976130835e-05	1.6338706654307117e-05
rule_a_one_step	metastatic::KEAP1+KRAS+NF1+SMARCA4+TP53	metastatic::KEAP1+KRAS+NF1+SMARCA4+STK11+TP53	same_stage_one_event	STK11	1	0.10291487962648081	3.6835125976130835e-05	3.7908825558597617e-06
rule_a_one_step	metastatic::KEAP1+KRAS+NF1+SMARCA4+STK11	metastatic::KEAP1+KRAS+NF1+SMARCA4+STK11+TP53	same_stage_one_event	TP53	1	0.08253871017925085	7.367025195226167e-05	6.080647574720115e-06
rule_a_one_step	metastatic::KRAS+NF1+SMARCA4+TP53	metastatic::KEAP1+KRAS+NF1+SMARCA4+TP53	same_stage_one_event	KEAP1	1	0.05961326698551376	3.6835125976130835e-05	2.1958621992601206e-06
rule_a_one_step	metastatic::KEAP1+NF1+SMARCA4+TP53	metastatic::KEAP1+KRAS+NF1+SMARCA4+TP53	same_stage_one_event	KRAS	1	0.025740457564537255	0.00011050537792839252	2.8444589912189394e-06
rule_a_one_step	metastatic::KEAP1+KRAS+SMARCA4+TP53	metastatic::KEAP1+KRAS+NF1+SMARCA4+TP53	same_stage_one_event	NF1	1	0.12150961925667919	3.6835125976130835e-05	4.475822132631471e-06
rule_a_one_step	metastatic::KEAP1+KRAS+NF1+TP53	metastatic::KEAP1+KRAS+NF1+SMARCA4+TP53	same_stage_one_event	SMARCA4	1	0.17025010739689933	0.00014734050390452334	2.5084736613658364e-05
rule_a_one_step	metastatic::KEAP1+KRAS+NF1+SMARCA4	metastatic::KEAP1+KRAS+NF1+SMARCA4+TP53	same_stage_one_event	TP53	1	0.5510901973775165	3.6835125976130835e-05	2.0299476844611628e-05
rule_a_one_step	metastatic::KRAS+NF1+STK11+TP53	metastatic::KEAP1+KRAS+NF1+STK11+TP53	same_stage_one_event	KEAP1	1	0.5144874467619979	0.0001841756298806542	9.47560495730805e-05
rule_a_one_step	metastatic::KEAP1+NF1+STK11+TP53	metastatic::KEAP1+KRAS+NF1+STK11+TP53	same_stage_one_event	KRAS	1	0.027905225913488457	0.00022101075585678504	6.167355071494429e-06
rule_a_one_step	metastatic::KEAP1+KRAS+STK11+TP53	metastatic::KEAP1+KRAS+NF1+STK11+TP53	same_stage_one_event	NF1	1	0.09096517526387977	0.0008840430234271402	8.041712856685998e-05
rule_a_one_step	metastatic::KEAP1+KRAS+NF1+TP53	metastatic::KEAP1+KRAS+NF1+STK11+TP53	same_stage_one_event	STK11	1	0.08692326155403729	0.00014734050390452334	1.2807317158396535e-05
rule_a_one_step	metastatic::KEAP1+KRAS+NF1+STK11	metastatic::KEAP1+KRAS+NF1+STK11+TP53	same_stage_one_event	TP53	1	0.05448751040366317	0.00025784588183291586	1.4049380168912707e-05
rule_a_one_step	metastatic::KRAS+PIK3CA	metastatic::KEAP1+KRAS+PIK3CA	same_stage_one_event	KEAP1	1	0.041740302355745024	0.0009945484013555326	4.1512750980002785e-05
rule_a_one_step	metastatic::KEAP1+KRAS	metastatic::KEAP1+KRAS+PIK3CA	same_stage_one_event	PIK3CA	1	0.02870929126513451	0.0014365699130691027	4.124290405702983e-05
rule_a_one_step	metastatic::KEAP1+PIK3CA+RBM10+STK11	metastatic::KEAP1+KRAS+PIK3CA+RBM10+STK11	same_stage_one_event	KRAS	1	0.5894040361567041	3.6835125976130835e-05	2.171077192267217e-05
rule_a_one_step	metastatic::KEAP1+KRAS+RBM10+STK11	metastatic::KEAP1+KRAS+PIK3CA+RBM10+STK11	same_stage_one_event	PIK3CA	1	0.02193404331574478	0.0003683512597613084	8.079432487013696e-06
rule_a_one_step	metastatic::KEAP1+KRAS+PIK3CA+STK11	metastatic::KEAP1+KRAS+PIK3CA+RBM10+STK11	same_stage_one_event	RBM10	1	0.15400779575211454	3.6835125976130835e-05	5.672896557835366e-06
rule_a_one_step	metastatic::KRAS+PIK3CA+SMARCA4+STK11	metastatic::KEAP1+KRAS+PIK3CA+SMARCA4+STK11	same_stage_one_event	KEAP1	1	0.5845081793929161	0.00011050537792839252	6.459129726605085e-05
rule_a_one_step	metastatic::KEAP1+KRAS+SMARCA4+STK11	metastatic::KEAP1+KRAS+PIK3CA+SMARCA4+STK11	same_stage_one_event	PIK3CA	1	0.035543043850340184	0.0013997347870929719	4.975083491649208e-05
rule_a_one_step	metastatic::KEAP1+KRAS+PIK3CA+STK11	metastatic::KEAP1+KRAS+PIK3CA+SMARCA4+STK11	same_stage_one_event	SMARCA4	1	0.3736088077886026	3.6835125976130835e-05	1.3761927500685229e-05
rule_a_one_step	metastatic::KRAS+PIK3CA+STK11	metastatic::KEAP1+KRAS+PIK3CA+STK11	same_stage_one_event	KEAP1	1	0.5385332380067215	3.6835125976130835e-05	1.9836939664311237e-05
rule_a_one_step	metastatic::KEAP1+PIK3CA+STK11	metastatic::KEAP1+KRAS+PIK3CA+STK11	same_stage_one_event	KRAS	1	0.5802031982022026	0.00011050537792839252	6.411557369259643e-05
rule_a_one_step	metastatic::KEAP1+KRAS+STK11	metastatic::KEAP1+KRAS+PIK3CA+STK11	same_stage_one_event	PIK3CA	1	0.023727453674726773	0.0032783262118756444	7.778633332292187e-05
rule_a_one_step	metastatic::KEAP1+KRAS+PIK3CA	metastatic::KEAP1+KRAS+PIK3CA+STK11	same_stage_one_event	STK11	1	0.06616680637234365	3.6835125976130835e-05	2.437262648163535e-06
rule_a_one_step	metastatic::KEAP1+KRAS+RBM10+SMARCA4+STK11+TP53	metastatic::KEAP1+KRAS+RBM10+SETD2+SMARCA4+STK11+TP53	same_stage_one_event	SETD2	1	0.06500433900204379	3.6835125976130835e-05	2.394443016135398e-06
rule_a_one_step	metastatic::KEAP1+KRAS+RBM10+SETD2+STK11+TP53	metastatic::KEAP1+KRAS+RBM10+SETD2+SMARCA4+STK11+TP53	same_stage_one_event	SMARCA4	1	0.51208162916177	3.6835125976130835e-05	1.8862591320236113e-05
rule_a_one_step	metastatic::KEAP1+KRAS+SETD2+STK11+TP53	metastatic::KEAP1+KRAS+RBM10+SETD2+STK11+TP53	same_stage_one_event	RBM10	1	0.07648925516618604	7.367025195226167e-05	5.634982699733759e-06
rule_a_one_step	metastatic::KEAP1+KRAS+RBM10+STK11+TP53	metastatic::KEAP1+KRAS+RBM10+SETD2+STK11+TP53	same_stage_one_event	SETD2	1	0.03459658898678649	7.367025195226167e-05	2.548739427345402e-06
rule_a_one_step	metastatic::KRAS+RBM10+SMARCA4	metastatic::KEAP1+KRAS+RBM10+SMARCA4	same_stage_one_event	KEAP1	1	0.063542120922578	3.6835125976130835e-05	2.3405820289736992e-06
rule_a_one_step	metastatic::KEAP1+RBM10+SMARCA4	metastatic::KEAP1+KRAS+RBM10+SMARCA4	same_stage_one_event	KRAS	1	0.415412432920638	3.6835125976130835e-05	1.53017692986827e-05
rule_a_one_step	metastatic::KEAP1+KRAS+SMARCA4	metastatic::KEAP1+KRAS+RBM10+SMARCA4	same_stage_one_event	RBM10	1	0.06977769323820089	0.00033151613378517756	2.3132431086776486e-05
rule_a_one_step	metastatic::KEAP1+KRAS+RBM10	metastatic::KEAP1+KRAS+RBM10+SMARCA4	same_stage_one_event	SMARCA4	1	0.1276697232478712	0.0001841756298806542	2.351365169586548e-05
rule_a_one_step	metastatic::KEAP1+RBM10+SMARCA4+STK11+TP53	metastatic::KEAP1+KRAS+RBM10+SMARCA4+STK11+TP53	same_stage_one_event	KRAS	1	0.11955939568946841	7.367025195226167e-05	8.807970803703286e-06
rule_a_one_step	metastatic::KEAP1+KRAS+SMARCA4+STK11+TP53	metastatic::KEAP1+KRAS+RBM10+SMARCA4+STK11+TP53	same_stage_one_event	RBM10	1	0.14914449041435343	7.367025195226167e-05	1.0987512186117093e-05
rule_a_one_step	metastatic::KEAP1+KRAS+RBM10+STK11+TP53	metastatic::KEAP1+KRAS+RBM10+SMARCA4+STK11+TP53	same_stage_one_event	SMARCA4	1	0.4741265642248003	7.367025195226167e-05	3.4929023443701215e-05
rule_a_one_step	metastatic::KEAP1+KRAS+RBM10+SMARCA4+TP53	metastatic::KEAP1+KRAS+RBM10+SMARCA4+STK11+TP53	same_stage_one_event	STK11	1	0.07322980708305803	3.6835125976130835e-05	2.6974291691122006e-06
rule_a_one_step	metastatic::KEAP1+KRAS+RBM10+SMARCA4+STK11	metastatic::KEAP1+KRAS+RBM10+SMARCA4+STK11+TP53	same_stage_one_event	TP53	1	0.04064908029972607	0.00014734050390452334	5.989255974617071e-06
rule_a_one_step	metastatic::KEAP1+RBM10+SMARCA4+TP53	metastatic::KEAP1+KRAS+RBM10+SMARCA4+TP53	same_stage_one_event	KRAS	1	0.06659239107578473	3.6835125976130835e-05	2.452939114328301e-06
rule_a_one_step	metastatic::KEAP1+KRAS+SMARCA4+TP53	metastatic::KEAP1+KRAS+RBM10+SMARCA4+TP53	same_stage_one_event	RBM10	1	0.1016889709861345	3.6835125976130835e-05	3.7457260566573777e-06
rule_a_one_step	metastatic::KEAP1+KRAS+RBM10+TP53	metastatic::KEAP1+KRAS+RBM10+SMARCA4+TP53	same_stage_one_event	SMARCA4	1	0.18701781394376724	3.6835125976130835e-05	6.888824736399264e-06
rule_a_one_step	metastatic::KEAP1+KRAS+RBM10+SMARCA4	metastatic::KEAP1+KRAS+RBM10+SMARCA4+TP53	same_stage_one_event	TP53	1	0.348638670221401	3.6835125976130835e-05	1.284214933775604e-05
rule_a_one_step	metastatic::KRAS+RBM10+TP53	metastatic::KEAP1+KRAS+RBM10+TP53	same_stage_one_event	KEAP1	1	0.07757487178108631	0.001362899661116841	0.00010572676646162493
rule_a_one_step	metastatic::KEAP1+RBM10+TP53	metastatic::KEAP1+KRAS+RBM10+TP53	same_stage_one_event	KRAS	1	0.06319199811279569	7.367025195226167e-05	4.6553704223365025e-06
rule_a_one_step	metastatic::KEAP1+KRAS+TP53	metastatic::KEAP1+KRAS+RBM10+TP53	same_stage_one_event	RBM10	1	0.08738026579966762	0.001141888905260056	9.977855605531516e-05
rule_a_one_step	metastatic::KEAP1+KRAS+RBM10	metastatic::KEAP1+KRAS+RBM10+TP53	same_stage_one_event	TP53	1	0.3113159850011408	0.0001841756298806542	5.7336817629501404e-05
rule_a_one_step	metastatic::KRAS+SETD2+SMARCA4+TP53	metastatic::KEAP1+KRAS+SETD2+SMARCA4+TP53	same_stage_one_event	KEAP1	1	0.0612424500974609	0.00011050537792839252	6.767620093280636e-06
rule_a_one_step	metastatic::KEAP1+SETD2+SMARCA4+TP53	metastatic::KEAP1+KRAS+SETD2+SMARCA4+TP53	same_stage_one_event	KRAS	1	0.04045585018295865	7.367025195226167e-05	2.980392675921515e-06
rule_a_one_step	metastatic::KEAP1+KRAS+SMARCA4+TP53	metastatic::KEAP1+KRAS+SETD2+SMARCA4+TP53	same_stage_one_event	SETD2	1	0.06925050060677343	3.6835125976130835e-05	2.5508509137606243e-06
rule_a_one_step	metastatic::KEAP1+KRAS+SETD2+TP53	metastatic::KEAP1+KRAS+SETD2+SMARCA4+TP53	same_stage_one_event	SMARCA4	1	0.18316966602741722	3.6835125976130835e-05	6.747077723125726e-06
rule_a_one_step	metastatic::KRAS+SETD2+TP53	metastatic::KEAP1+KRAS+SETD2+TP53	same_stage_one_event	KEAP1	1	0.05819933734284779	0.0005893620156180934	3.430047876401814e-05
rule_a_one_step	metastatic::KEAP1+SETD2+TP53	metastatic::KEAP1+KRAS+SETD2+TP53	same_stage_one_event	KRAS	1	0.03836326165567053	0.00025784588183291586	9.891809031593255e-06
rule_a_one_step	metastatic::KEAP1+KRAS+TP53	metastatic::KEAP1+KRAS+SETD2+TP53	same_stage_one_event	SETD2	1	0.05924972830070431	0.001141888905260056	6.7656607386247e-05
rule_a_one_step	metastatic::KRAS+SMARCA4+TP53	metastatic::KEAP1+KRAS+SMARCA4+TP53	same_stage_one_event	KEAP1	1	0.05915210471164921	0.0007367025195226168	4.357750457613762e-05
rule_a_one_step	metastatic::KEAP1+SMARCA4+TP53	metastatic::KEAP1+KRAS+SMARCA4+TP53	same_stage_one_event	KRAS	1	0.061443962731977594	0.0003683512597613084	2.263296107705083e-05
rule_a_one_step	metastatic::KEAP1+KRAS+TP53	metastatic::KEAP1+KRAS+SMARCA4+TP53	same_stage_one_event	SMARCA4	1	0.15017705727288105	0.001141888905260056	0.00017148551552450687
rule_a_one_step	metastatic::KEAP1+KRAS+SMARCA4	metastatic::KEAP1+KRAS+SMARCA4+TP53	same_stage_one_event	TP53	1	0.6097975969655894	0.00033151613378517756	0.00020215774173752414
rule_a_one_step	metastatic::MET	metastatic::KEAP1+MET	same_stage_one_event	KEAP1	1	0.01477210438035444	0.0030573154560188595	4.516298303998153e-05
rule_a_one_step	metastatic::KEAP1	metastatic::KEAP1+MET	same_stage_one_event	MET	1	0.03781917768986793	0.0008103727714748784	3.064763183943916e-05
rule_a_one_step	metastatic::MET+PIK3CA+TP53	metastatic::KEAP1+MET+PIK3CA+TP53	same_stage_one_event	KEAP1	1	0.04320649979534387	7.367025195226167e-05	3.183033725898325e-06
rule_a_one_step	metastatic::KEAP1+PIK3CA+TP53	metastatic::KEAP1+MET+PIK3CA+TP53	same_stage_one_event	MET	1	0.04036914126762805	0.00022101075585678504	8.922014424847808e-06
rule_a_one_step	metastatic::KEAP1+MET+TP53	metastatic::KEAP1+MET+PIK3CA+TP53	same_stage_one_event	PIK3CA	1	0.11585883591246272	3.6835125976130835e-05	4.267674816283436e-06
rule_a_one_step	metastatic::MET+SMARCA4+TP53	metastatic::KEAP1+MET+SMARCA4+TP53	same_stage_one_event	KEAP1	1	0.04101472657428692	0.0001841756298806542	7.553913101202099e-06
rule_a_one_step	metastatic::KEAP1+SMARCA4+TP53	metastatic::KEAP1+MET+SMARCA4+TP53	same_stage_one_event	MET	1	0.04634577602784535	0.0003683512597613084	1.7071524984472283e-05
rule_a_one_step	metastatic::KEAP1+MET+TP53	metastatic::KEAP1+MET+SMARCA4+TP53	same_stage_one_event	SMARCA4	1	0.13226904801350992	3.6835125976130835e-05	4.872147046320536e-06
rule_a_one_step	metastatic::KEAP1+MET+SMARCA4	metastatic::KEAP1+MET+SMARCA4+TP53	same_stage_one_event	TP53	1	0.39145843896963584	7.367025195226167e-05	2.883884182773212e-05
rule_a_one_step	metastatic::MET+TP53	metastatic::KEAP1+MET+TP53	same_stage_one_event	KEAP1	1	0.03878807760361376	0.0023574480624723735	9.144087839366732e-05
rule_a_one_step	metastatic::KEAP1+TP53	metastatic::KEAP1+MET+TP53	same_stage_one_event	MET	1	0.03871214462769255	0.002541623692353028	9.839170396754038e-05
rule_a_one_step	metastatic::KEAP1+MET	metastatic::KEAP1+MET+TP53	same_stage_one_event	TP53	1	0.3603199163073823	3.6835125976130835e-05	1.3272429508891346e-05
rule_a_one_step	metastatic::NF1	metastatic::KEAP1+NF1	same_stage_one_event	KEAP1	1	0.03656385016425702	0.0008103727714748784	2.963034859340115e-05
rule_a_one_step	metastatic::KEAP1	metastatic::KEAP1+NF1	same_stage_one_event	NF1	1	0.02812392642323973	0.0008103727714748784	2.2790864200356344e-05
rule_a_one_step	metastatic::KEAP1+NF1	metastatic::KEAP1+NF1+PIK3CA	same_stage_one_event	PIK3CA	1	0.017558823658218252	3.6835125976130835e-05	6.467814814431358e-07
rule_a_one_step	metastatic::KEAP1+NF1+SMARCA4+STK11	metastatic::KEAP1+NF1+PIK3CA+SMARCA4+STK11	same_stage_one_event	PIK3CA	1	0.013063475081778526	0.00014734050390452334	1.9247790012934323e-06
rule_a_one_step	metastatic::NF1+RBM10+SMARCA4+TP53	metastatic::KEAP1+NF1+RBM10+SMARCA4+TP53	same_stage_one_event	KEAP1	1	0.1156189761340833	3.6835125976130835e-05	4.258839551130223e-06
rule_a_one_step	metastatic::KEAP1+RBM10+SMARCA4+TP53	metastatic::KEAP1+NF1+RBM10+SMARCA4+TP53	same_stage_one_event	NF1	1	0.20117293380260753	3.6835125976130835e-05	7.410230359606877e-06
rule_a_one_step	metastatic::KEAP1+NF1+SMARCA4+TP53	metastatic::KEAP1+NF1+RBM10+SMARCA4+TP53	same_stage_one_event	RBM10	1	0.10179504293393646	0.00011050537792839252	1.124889969065159e-05
rule_a_one_step	metastatic::KEAP1+NF1+RBM10+TP53	metastatic::KEAP1+NF1+RBM10+SMARCA4+TP53	same_stage_one_event	SMARCA4	1	0.24664915992750805	3.6835125976130835e-05	9.085352877836601e-06
rule_a_one_step	metastatic::KEAP1+RBM10+STK11	metastatic::KEAP1+NF1+RBM10+STK11	same_stage_one_event	NF1	1	0.03577167927459385	3.6835125976130835e-05	1.3176543124574128e-06
rule_a_one_step	metastatic::KEAP1+NF1+STK11	metastatic::KEAP1+NF1+RBM10+STK11	same_stage_one_event	RBM10	1	0.08324546261767928	0.00025784588183291586	2.1464499717244547e-05
rule_a_one_step	metastatic::NF1+RBM10+TP53	metastatic::KEAP1+NF1+RBM10+TP53	same_stage_one_event	KEAP1	1	0.10561294660692562	0.0002946810078090467	3.112212954381188e-05
rule_a_one_step	metastatic::KEAP1+RBM10+TP53	metastatic::KEAP1+NF1+RBM10+TP53	same_stage_one_event	NF1	1	0.16221195751224887	7.367025195226167e-05	1.195019577959694e-05
rule_a_one_step	metastatic::KEAP1+NF1+TP53	metastatic::KEAP1+NF1+RBM10+TP53	same_stage_one_event	RBM10	1	0.08177576890757282	0.0005525268896419625	4.518331124258112e-05
rule_a_one_step	metastatic::KEAP1+SETD2+SMARCA4+STK11	metastatic::KEAP1+NF1+SETD2+SMARCA4+STK11	same_stage_one_event	NF1	1	0.055111833200214906	3.6835125976130835e-05	2.030051318705426e-06
rule_a_one_step	metastatic::KEAP1+NF1+SMARCA4+STK11	metastatic::KEAP1+NF1+SETD2+SMARCA4+STK11	same_stage_one_event	SETD2	1	0.039064976881901636	0.00014734050390452334	5.755853378797942e-06
rule_a_one_step	metastatic::KEAP1+RBM10+STK11	metastatic::KEAP1+PIK3CA+RBM10+STK11	same_stage_one_event	PIK3CA	1	0.0061073106646245155	3.6835125976130835e-05	2.2496355770681136e-07
rule_a_one_step	metastatic::KEAP1+PIK3CA+STK11	metastatic::KEAP1+PIK3CA+RBM10+STK11	same_stage_one_event	RBM10	1	0.038080863323204615	0.00011050537792839252	4.208140193370187e-06
rule_a_one_step	metastatic::KEAP1+SETD2+STK11+TP53	metastatic::KEAP1+PIK3CA+SETD2+STK11+TP53	same_stage_one_event	PIK3CA	1	0.016254735419630354	7.367025195226167e-05	1.19749045378152e-06
rule_a_one_step	metastatic::KEAP1+PIK3CA+STK11+TP53	metastatic::KEAP1+PIK3CA+SETD2+STK11+TP53	same_stage_one_event	SETD2	1	0.026594072429175913	0.00011050537792839252	2.938788024441128e-06
rule_a_one_step	metastatic::KEAP1+PIK3CA+SETD2+TP53	metastatic::KEAP1+PIK3CA+SETD2+STK11+TP53	same_stage_one_event	STK11	1	0.058884231111364725	3.6835125976130835e-05	2.169008070994722e-06
rule_a_one_step	metastatic::KEAP1+SETD2+TP53	metastatic::KEAP1+PIK3CA+SETD2+TP53	same_stage_one_event	PIK3CA	1	0.05018243543643352	0.00025784588183291586	1.2939334317630567e-05
rule_a_one_step	metastatic::KEAP1+PIK3CA+TP53	metastatic::KEAP1+PIK3CA+SETD2+TP53	same_stage_one_event	SETD2	1	0.05579118703445139	0.00022101075585678504	1.2330452416631368e-05
rule_a_one_step	metastatic::PIK3CA+SMARCA4	metastatic::KEAP1+PIK3CA+SMARCA4	same_stage_one_event	KEAP1	1	0.0296814188747435	3.6835125976130835e-05	1.0933188034014844e-06
rule_a_one_step	metastatic::KEAP1+SMARCA4	metastatic::KEAP1+PIK3CA+SMARCA4	same_stage_one_event	PIK3CA	1	0.01716219340307564	0.00011050537792839252	1.8965146680870388e-06
rule_a_one_step	metastatic::PIK3CA+SMARCA4+STK11+TP53	metastatic::KEAP1+PIK3CA+SMARCA4+STK11+TP53	same_stage_one_event	KEAP1	1	0.6430114274643433	7.367025195226167e-05	4.7370813869481597e-05
rule_a_one_step	metastatic::KEAP1+SMARCA4+STK11+TP53	metastatic::KEAP1+PIK3CA+SMARCA4+STK11+TP53	same_stage_one_event	PIK3CA	1	0.030797609238623742	0.0004051863857374392	1.247877197675192e-05
rule_a_one_step	metastatic::KEAP1+PIK3CA+STK11+TP53	metastatic::KEAP1+PIK3CA+SMARCA4+STK11+TP53	same_stage_one_event	SMARCA4	1	0.4159605943583185	0.00011050537792839252	4.596588268288476e-05
rule_a_one_step	metastatic::KEAP1+PIK3CA+SMARCA4+TP53	metastatic::KEAP1+PIK3CA+SMARCA4+STK11+TP53	same_stage_one_event	STK11	1	0.08980773036303778	3.6835125976130835e-05	3.308079061552887e-06
rule_a_one_step	metastatic::PIK3CA+SMARCA4+TP53	metastatic::KEAP1+PIK3CA+SMARCA4+TP53	same_stage_one_event	KEAP1	1	0.07872851886500724	0.00014734050390452334	1.1599899641226939e-05
rule_a_one_step	metastatic::KEAP1+SMARCA4+TP53	metastatic::KEAP1+PIK3CA+SMARCA4+TP53	same_stage_one_event	PIK3CA	1	0.05926624474226434	0.0003683512597613084	2.183079591213509e-05
rule_a_one_step	metastatic::KEAP1+PIK3CA+TP53	metastatic::KEAP1+PIK3CA+SMARCA4+TP53	same_stage_one_event	SMARCA4	1	0.16112804746311174	0.00022101075585678504	3.561103155955026e-05
rule_a_one_step	metastatic::KEAP1+PIK3CA+SMARCA4	metastatic::KEAP1+PIK3CA+SMARCA4+TP53	same_stage_one_event	TP53	1	0.14968484704029944	3.6835125976130835e-05	5.513660197447304e-06
rule_a_one_step	metastatic::RBM10+SETD2+TP53	metastatic::KEAP1+RBM10+SETD2+TP53	same_stage_one_event	KEAP1	1	0.08938404624028429	7.367025195226167e-05	6.584945207034351e-06
rule_a_one_step	metastatic::KEAP1+SETD2+TP53	metastatic::KEAP1+RBM10+SETD2+TP53	same_stage_one_event	RBM10	1	0.04911570384690761	0.00025784588183291586	1.266428197025023e-05
rule_a_one_step	metastatic::KEAP1+RBM10+TP53	metastatic::KEAP1+RBM10+SETD2+TP53	same_stage_one_event	SETD2	1	0.06121656569892882	7.367025195226167e-05	4.5098398186922654e-06
rule_a_one_step	metastatic::RBM10+SMARCA4	metastatic::KEAP1+RBM10+SMARCA4	same_stage_one_event	KEAP1	1	0.030999886413135665	7.367025195226167e-05	2.2837694425471976e-06
rule_a_one_step	metastatic::KEAP1+SMARCA4	metastatic::KEAP1+RBM10+SMARCA4	same_stage_one_event	RBM10	1	0.033107149867139696	0.00011050537792839252	3.6585181082002024e-06
rule_a_one_step	metastatic::RBM10+SMARCA4+TP53	metastatic::KEAP1+RBM10+SMARCA4+TP53	same_stage_one_event	KEAP1	1	0.09161905620544675	0.00014734050390452334	1.349919790856737e-05
rule_a_one_step	metastatic::KEAP1+SMARCA4+TP53	metastatic::KEAP1+RBM10+SMARCA4+TP53	same_stage_one_event	RBM10	1	0.06029884683449857	0.0003683512597613084	2.221115619364173e-05
rule_a_one_step	metastatic::KEAP1+RBM10+TP53	metastatic::KEAP1+RBM10+SMARCA4+TP53	same_stage_one_event	SMARCA4	1	0.1844959220128182	7.367025195226167e-05	1.3591861058849136e-05
rule_a_one_step	metastatic::KEAP1+RBM10+SMARCA4	metastatic::KEAP1+RBM10+SMARCA4+TP53	same_stage_one_event	TP53	1	0.10027757298426486	3.6835125976130835e-05	3.69373703345605e-06
rule_a_one_step	metastatic::RBM10+STK11	metastatic::KEAP1+RBM10+STK11	same_stage_one_event	KEAP1	1	0.3848169763300427	0.0001841756298806542	7.087390900435441e-05
rule_a_one_step	metastatic::KEAP1+STK11	metastatic::KEAP1+RBM10+STK11	same_stage_one_event	RBM10	1	0.03815152074635736	0.0010313835273316634	3.934885004044519e-05
rule_a_one_step	metastatic::RBM10+STK11+TP53	metastatic::KEAP1+RBM10+STK11+TP53	same_stage_one_event	KEAP1	1	0.6155030293748164	3.6835125976130835e-05	2.267213162571152e-05
rule_a_one_step	metastatic::KEAP1+STK11+TP53	metastatic::KEAP1+RBM10+STK11+TP53	same_stage_one_event	RBM10	1	0.04846457803051977	0.0012523942831884486	6.069676046256344e-05
rule_a_one_step	metastatic::KEAP1+RBM10+TP53	metastatic::KEAP1+RBM10+STK11+TP53	same_stage_one_event	STK11	1	0.038831911438771474	7.367025195226167e-05	2.8607566994822065e-06
rule_a_one_step	metastatic::KEAP1+RBM10+STK11	metastatic::KEAP1+RBM10+STK11+TP53	same_stage_one_event	TP53	1	0.005257312934856229	3.6835125976130835e-05	1.9365378425137133e-07
rule_a_one_step	metastatic::SETD2+SMARCA4	metastatic::KEAP1+SETD2+SMARCA4	same_stage_one_event	KEAP1	1	0.03512876074471132	0.00014734050390452334	5.175889309667205e-06
rule_a_one_step	metastatic::KEAP1+SMARCA4	metastatic::KEAP1+SETD2+SMARCA4	same_stage_one_event	SETD2	1	0.027668445320667992	0.00011050537792839252	3.05751200685148e-06
rule_a_one_step	metastatic::KEAP1+SMARCA4+STK11	metastatic::KEAP1+SETD2+SMARCA4+STK11	same_stage_one_event	SETD2	1	0.021818729681943125	0.0003683512597613084	8.036956564735202e-06
rule_a_one_step	metastatic::KEAP1+SETD2+STK11	metastatic::KEAP1+SETD2+SMARCA4+STK11	same_stage_one_event	SMARCA4	1	0.2627716018729221	3.6835125976130835e-05	9.679225057938782e-06
rule_a_one_step	metastatic::KEAP1+SETD2+SMARCA4	metastatic::KEAP1+SETD2+SMARCA4+STK11	same_stage_one_event	STK11	1	0.027219703525349685	3.6835125976130835e-05	1.0026412083891883e-06
rule_a_one_step	metastatic::KEAP1+STK11	metastatic::KEAP1+SETD2+STK11	same_stage_one_event	SETD2	1	0.01606775601030286	0.0010313835273316634	1.65720188702107e-05
rule_a_one_step	metastatic::MET+NF1	metastatic::KRAS+MET+NF1	same_stage_one_event	KRAS	1	0.12046430887666837	7.367025195226167e-05	8.874635986199231e-06
rule_a_one_step	metastatic::KRAS+NF1	metastatic::KRAS+MET+NF1	same_stage_one_event	MET	1	0.005798232698934753	0.0004788566376897009	2.776522214754376e-06
rule_a_one_step	metastatic::KRAS+MET	metastatic::KRAS+MET+NF1	same_stage_one_event	NF1	1	0.02069818995772007	0.00022101075585678504	4.57452260742303e-06
rule_a_one_step	metastatic::MET+NF1+TP53	metastatic::KRAS+MET+NF1+TP53	same_stage_one_event	KRAS	1	0.01650429338363213	0.00014734050390452334	2.4317509037324485e-06
rule_a_one_step	metastatic::KRAS+NF1+TP53	metastatic::KRAS+MET+NF1+TP53	same_stage_one_event	MET	1	0.004241522368774217	0.000920878149403271	3.9059252696093795e-06
rule_a_one_step	metastatic::KRAS+MET+TP53	metastatic::KRAS+MET+NF1+TP53	same_stage_one_event	NF1	1	0.07890894812465667	0.0005156917636658317	4.069269462741982e-05
rule_a_one_step	metastatic::KRAS+MET+NF1	metastatic::KRAS+MET+NF1+TP53	same_stage_one_event	TP53	1	0.5397641217507053	3.6835125976130835e-05	1.9882279422082854e-05
rule_a_one_step	metastatic::MET+RBM10	metastatic::KRAS+MET+RBM10	same_stage_one_event	KRAS	1	0.2843528128916711	0.0001841756298806542	5.2370858422659326e-05
rule_a_one_step	metastatic::KRAS+RBM10	metastatic::KRAS+MET+RBM10	same_stage_one_event	MET	1	0.013750934721418478	0.001583910416973626	2.1780248748379054e-05
rule_a_one_step	metastatic::KRAS+MET	metastatic::KRAS+MET+RBM10	same_stage_one_event	RBM10	1	0.05111519928485244	0.00022101075585678504	1.1297008829715436e-05
rule_a_one_step	metastatic::MET+SMARCA4	metastatic::KRAS+MET+SMARCA4	same_stage_one_event	KRAS	1	0.21421363063300664	7.367025195226167e-05	1.5781172140342318e-05
rule_a_one_step	metastatic::KRAS+SMARCA4	metastatic::KRAS+MET+SMARCA4	same_stage_one_event	MET	1	0.006557754811789537	0.0004051863857374392	2.6571129707413035e-06
rule_a_one_step	metastatic::KRAS+MET	metastatic::KRAS+MET+SMARCA4	same_stage_one_event	SMARCA4	1	0.014876616319518329	0.00022101075585678504	3.2878922173681293e-06
rule_a_one_step	metastatic::KRAS+PIK3CA+RBM10	metastatic::KRAS+NF1+PIK3CA+RBM10	same_stage_one_event	NF1	1	0.06482686674561534	0.00014734050390452334	9.551623212850352e-06
rule_a_one_step	metastatic::KRAS+NF1+RBM10	metastatic::KRAS+NF1+PIK3CA+RBM10	same_stage_one_event	PIK3CA	1	0.04341450285261365	0.0001841756298806542	7.995893408835577e-06
rule_a_one_step	metastatic::KRAS+RBM10+STK11	metastatic::KRAS+NF1+RBM10+STK11	same_stage_one_event	NF1	1	0.03615245382193202	0.00014734050390452334	5.326720763508474e-06
rule_a_one_step	metastatic::KRAS+NF1+STK11	metastatic::KRAS+NF1+RBM10+STK11	same_stage_one_event	RBM10	1	0.14159687328347834	0.0001841756298806542	2.6078693326115798e-05
rule_a_one_step	metastatic::KRAS+NF1+RBM10	metastatic::KRAS+NF1+RBM10+STK11	same_stage_one_event	STK11	1	0.10168934239591482	0.0001841756298806542	1.8728698687917124e-05
rule_a_one_step	metastatic::NF1+SMARCA4+TP53	metastatic::KRAS+NF1+SMARCA4+TP53	same_stage_one_event	KRAS	1	0.01969598718901486	0.0002946810078090467	5.804033354652971e-06
rule_a_one_step	metastatic::KRAS+SMARCA4+TP53	metastatic::KRAS+NF1+SMARCA4+TP53	same_stage_one_event	NF1	1	0.09316497706026505	0.0007367025195226168	6.863487333156406e-05
rule_a_one_step	metastatic::KRAS+NF1+TP53	metastatic::KRAS+NF1+SMARCA4+TP53	same_stage_one_event	SMARCA4	1	0.05792653061291981	0.000920878149403271	5.334327631217752e-05
rule_a_one_step	metastatic::PIK3CA+SMARCA4	metastatic::KRAS+PIK3CA+SMARCA4	same_stage_one_event	KRAS	1	0.27663671779562854	3.6835125976130835e-05	1.0189948349625333e-05
rule_a_one_step	metastatic::KRAS+SMARCA4	metastatic::KRAS+PIK3CA+SMARCA4	same_stage_one_event	PIK3CA	1	0.03372793710663807	0.0004051863857374392	1.3666100934618344e-05
rule_a_one_step	metastatic::KRAS+PIK3CA	metastatic::KRAS+PIK3CA+SMARCA4	same_stage_one_event	SMARCA4	1	0.02940576862681458	0.0009945484013555326	2.9245460178429117e-05
rule_a_one_step	metastatic::PIK3CA+SMARCA4+TP53	metastatic::KRAS+PIK3CA+SMARCA4+TP53	same_stage_one_event	KRAS	1	0.0468323680969078	0.00014734050390452334	6.900304714440518e-06
rule_a_one_step	metastatic::KRAS+SMARCA4+TP53	metastatic::KRAS+PIK3CA+SMARCA4+TP53	same_stage_one_event	PIK3CA	1	0.08134467816858848	0.0007367025195226168	5.9926829356555534e-05
rule_a_one_step	metastatic::KRAS+PIK3CA+TP53	metastatic::KRAS+PIK3CA+SMARCA4+TP53	same_stage_one_event	SMARCA4	1	0.05034842874757771	0.0010682186533077943	5.3783130752900894e-05
rule_a_one_step	metastatic::KRAS+PIK3CA+SMARCA4	metastatic::KRAS+PIK3CA+SMARCA4+TP53	same_stage_one_event	TP53	1	0.337216380613729	3.6835125976130835e-05	1.2421407861121592e-05
rule_a_one_step	metastatic::PIK3CA+STK11	metastatic::KRAS+PIK3CA+STK11	same_stage_one_event	KRAS	1	0.39597764777296957	3.6835125976130835e-05	1.4585886539449298e-05
rule_a_one_step	metastatic::KRAS+STK11	metastatic::KRAS+PIK3CA+STK11	same_stage_one_event	PIK3CA	1	0.018243261986408722	0.00349933696773243	6.38393210810678e-05
rule_a_one_step	metastatic::KRAS+PIK3CA	metastatic::KRAS+PIK3CA+STK11	same_stage_one_event	STK11	1	0.1651165134249668	0.0009945484013555326	0.00016421636446420007
rule_a_one_step	metastatic::PIK3CA+STK11+TP53	metastatic::KRAS+PIK3CA+STK11+TP53	same_stage_one_event	KRAS	1	0.04135539396709352	0.0001841756298806542	7.616655732852055e-06
rule_a_one_step	metastatic::KRAS+STK11+TP53	metastatic::KRAS+PIK3CA+STK11+TP53	same_stage_one_event	PIK3CA	1	0.021991615699276698	0.0016944157949020187	3.726294099626964e-05
rule_a_one_step	metastatic::KRAS+PIK3CA+TP53	metastatic::KRAS+PIK3CA+STK11+TP53	same_stage_one_event	STK11	1	0.27027960774667414	0.0010682186533077943	0.0002887177186037111
rule_a_one_step	metastatic::KRAS+PIK3CA+STK11	metastatic::KRAS+PIK3CA+STK11+TP53	same_stage_one_event	TP53	1	0.018541980513746892	3.6835125976130835e-05	6.8299618807083e-07
rule_a_one_step	metastatic::RBM10+SETD2+STK11	metastatic::KRAS+RBM10+SETD2+STK11	same_stage_one_event	KRAS	1	0.29055677903886024	3.6835125976130835e-05	1.0702695559115228e-05
rule_a_one_step	metastatic::KRAS+SETD2+STK11	metastatic::KRAS+RBM10+SETD2+STK11	same_stage_one_event	RBM10	1	0.09925895984326626	0.00014734050390452334	1.4624865160345697e-05
rule_a_one_step	metastatic::KRAS+RBM10+STK11	metastatic::KRAS+RBM10+SETD2+STK11	same_stage_one_event	SETD2	1	0.02751535190189915	0.00014734050390452334	4.054125814336106e-06
rule_a_one_step	metastatic::RBM10+SMARCA4	metastatic::KRAS+RBM10+SMARCA4	same_stage_one_event	KRAS	1	0.2637598882103608	7.367025195226167e-05	1.943125741935765e-05
rule_a_one_step	metastatic::KRAS+SMARCA4	metastatic::KRAS+RBM10+SMARCA4	same_stage_one_event	RBM10	1	0.07257538281866306	0.0004051863857374392	2.940655705780513e-05
rule_a_one_step	metastatic::KRAS+RBM10	metastatic::KRAS+RBM10+SMARCA4	same_stage_one_event	SMARCA4	1	0.04409591228942074	0.001583910416973626	6.984397482116884e-05
rule_a_one_step	metastatic::SETD2+SMARCA4	metastatic::KRAS+SETD2+SMARCA4	same_stage_one_event	KRAS	1	0.2131258215417386	0.00014734050390452334	3.140206594102528e-05
rule_a_one_step	metastatic::KRAS+SMARCA4	metastatic::KRAS+SETD2+SMARCA4	same_stage_one_event	SETD2	1	0.03287850728596484	0.0004051863857374392	1.3321923535642157e-05
rule_a_one_step	metastatic::KRAS+SETD2	metastatic::KRAS+SETD2+SMARCA4	same_stage_one_event	SMARCA4	1	0.03144930254065526	0.00025784588183291586	8.109073146625418e-06
rule_a_one_step	metastatic::SETD2+STK11+TP53	metastatic::KRAS+SETD2+STK11+TP53	same_stage_one_event	KRAS	1	0.02635693452677182	0.00011050537792839252	2.9125830109148175e-06
rule_a_one_step	metastatic::KRAS+STK11+TP53	metastatic::KRAS+SETD2+STK11+TP53	same_stage_one_event	SETD2	1	0.018954671049362683	0.0016944157949020187	3.211709401321215e-05
rule_a_one_step	metastatic::KRAS+SETD2+TP53	metastatic::KRAS+SETD2+STK11+TP53	same_stage_one_event	STK11	1	0.2068881933585861	0.0005893620156180934	0.00012193204264540214
rule_a_one_step	metastatic::KRAS+SETD2+STK11	metastatic::KRAS+SETD2+STK11+TP53	same_stage_one_event	TP53	1	0.02883422028470957	0.00014734050390452334	4.248448546443137e-06
rule_a_one_step	metastatic::MET+PIK3CA	metastatic::MET+NF1+PIK3CA	same_stage_one_event	NF1	1	0.03030037321438773	0.00014734050390452334	4.46447225790301e-06
rule_a_one_step	metastatic::MET+NF1	metastatic::MET+NF1+PIK3CA	same_stage_one_event	PIK3CA	1	0.047752761539663305	7.367025195226167e-05	3.5179579740432667e-06
rule_a_one_step	metastatic::MET+SETD2	metastatic::MET+NF1+SETD2	same_stage_one_event	NF1	1	0.03305697663620923	0.0001841756298806542	6.088289493923904e-06
rule_a_one_step	metastatic::MET+NF1	metastatic::MET+NF1+SETD2	same_stage_one_event	SETD2	1	0.031434450155304085	7.367025195226167e-05	2.3157838629220627e-06
rule_a_one_step	metastatic::NF1+SMARCA4+STK11+TP53	metastatic::MET+NF1+SMARCA4+STK11+TP53	same_stage_one_event	MET	1	0.006538377724732595	0.00011050537792839252	7.225259015101586e-07
rule_a_one_step	metastatic::MET+SMARCA4+STK11+TP53	metastatic::MET+NF1+SMARCA4+STK11+TP53	same_stage_one_event	NF1	1	0.09759411389098763	3.6835125976130835e-05	3.5948914797033895e-06
rule_a_one_step	metastatic::MET+RBM10	metastatic::MET+PIK3CA+RBM10	same_stage_one_event	PIK3CA	1	0.04100179472903109	0.0001841756298806542	7.551531370456587e-06
rule_a_one_step	metastatic::MET+PIK3CA	metastatic::MET+PIK3CA+RBM10	same_stage_one_event	RBM10	1	0.03196861066875316	0.00014734050390452334	4.7102712050616116e-06
rule_a_one_step	metastatic::PIK3CA+RBM10+TP53	metastatic::MET+PIK3CA+RBM10+TP53	same_stage_one_event	MET	1	0.05145328357761009	7.367025195226167e-05	3.790576364933703e-06
rule_a_one_step	metastatic::MET+RBM10+TP53	metastatic::MET+PIK3CA+RBM10+TP53	same_stage_one_event	PIK3CA	1	0.11504091609180209	0.00033151613378517756	3.8137919729859246e-05
rule_a_one_step	metastatic::MET+PIK3CA+TP53	metastatic::MET+PIK3CA+RBM10+TP53	same_stage_one_event	RBM10	1	0.04623762673072988	7.367025195226167e-05	3.4063376109274995e-06
rule_a_one_step	metastatic::MET+PIK3CA+RBM10	metastatic::MET+PIK3CA+RBM10+TP53	same_stage_one_event	TP53	1	0.04525521582961577	3.6835125976130835e-05	1.6669815761608873e-06
rule_a_one_step	metastatic::PIK3CA+SETD2	metastatic::MET+PIK3CA+SETD2	same_stage_one_event	MET	1	0.05825583038725963	3.6835125976130835e-05	2.145860851158819e-06
rule_a_one_step	metastatic::MET+SETD2	metastatic::MET+PIK3CA+SETD2	same_stage_one_event	PIK3CA	1	0.05591412926412292	0.0001841756298806542	1.0298019976448157e-05
rule_a_one_step	metastatic::MET+PIK3CA	metastatic::MET+PIK3CA+SETD2	same_stage_one_event	SETD2	1	0.025731640883406553	0.00014734050390452334	3.7913129340513557e-06
rule_a_one_step	metastatic::SETD2+SMARCA4+TP53	metastatic::MET+SETD2+SMARCA4+TP53	same_stage_one_event	MET	1	0.04862576499431465	0.00014734050390452334	7.1645447170052525e-06
rule_a_one_step	metastatic::MET+SMARCA4+TP53	metastatic::MET+SETD2+SMARCA4+TP53	same_stage_one_event	SETD2	1	0.04496365478617844	0.0001841756298806542	8.281209441980705e-06
rule_a_one_step	metastatic::MET+SETD2+TP53	metastatic::MET+SETD2+SMARCA4+TP53	same_stage_one_event	SMARCA4	1	0.05892089002790326	0.00014734050390452334	8.68143362721427e-06
rule_a_one_step	metastatic::SMARCA4+STK11	metastatic::MET+SMARCA4+STK11	same_stage_one_event	MET	1	0.011775997501012844	0.00022101075585678504	2.6026221086664604e-06
rule_a_one_step	metastatic::MET+STK11	metastatic::MET+SMARCA4+STK11	same_stage_one_event	SMARCA4	1	0.05344079783180778	3.6835125976130835e-05	1.9684985203995793e-06
rule_a_one_step	metastatic::MET+SMARCA4	metastatic::MET+SMARCA4+STK11	same_stage_one_event	STK11	1	0.06449106954280635	7.367025195226167e-05	4.751073341889373e-06
rule_a_one_step	metastatic::SMARCA4+STK11+TP53	metastatic::MET+SMARCA4+STK11+TP53	same_stage_one_event	MET	1	0.006955737711091964	0.0005525268896419625	3.8432321226749465e-06
rule_a_one_step	metastatic::MET+STK11+TP53	metastatic::MET+SMARCA4+STK11+TP53	same_stage_one_event	SMARCA4	1	0.10204944147442416	0.0001841756298806542	1.8795020162521025e-05
rule_a_one_step	metastatic::MET+SMARCA4+TP53	metastatic::MET+SMARCA4+STK11+TP53	same_stage_one_event	STK11	1	0.1831521647560463	0.0001841756298806542	3.373216530795018e-05
rule_a_one_step	metastatic::MET+SMARCA4+STK11	metastatic::MET+SMARCA4+STK11+TP53	same_stage_one_event	TP53	1	0.024978677197561083	3.6835125976130835e-05	9.200927212892692e-07
rule_a_one_step	metastatic::STK11	metastatic::MET+STK11	same_stage_one_event	MET	1	0.010519734712931916	0.0013260645351407102	1.3949847121907653e-05
rule_a_one_step	metastatic::MET	metastatic::MET+STK11	same_stage_one_event	STK11	1	0.058669879146286796	0.0030573154560188595	0.00017937232831670118
rule_a_one_step	metastatic::RBM10+SMARCA4+TP53	metastatic::NF1+RBM10+SMARCA4+TP53	same_stage_one_event	NF1	1	0.1496699866921588	0.00014734050390452334	2.205245125860598e-05
rule_a_one_step	metastatic::NF1+SMARCA4+TP53	metastatic::NF1+RBM10+SMARCA4+TP53	same_stage_one_event	RBM10	1	0.09183748612986513	0.0002946810078090467	2.7062762967398003e-05
rule_a_one_step	metastatic::NF1+RBM10+TP53	metastatic::NF1+RBM10+SMARCA4+TP53	same_stage_one_event	SMARCA4	1	0.08795280369375812	0.0002946810078090467	2.5918020832107884e-05
rule_a_one_step	metastatic::SETD2+SMARCA4+STK11+TP53	metastatic::NF1+SETD2+SMARCA4+STK11+TP53	same_stage_one_event	NF1	1	0.07141544589563255	7.367025195226167e-05	5.261193892414362e-06
rule_a_one_step	metastatic::NF1+SMARCA4+STK11+TP53	metastatic::NF1+SETD2+SMARCA4+STK11+TP53	same_stage_one_event	SETD2	1	0.018033084071329645	0.00011050537792839252	1.9927527705167576e-06
rule_a_one_step	metastatic::NF1+SETD2+SMARCA4+TP53	metastatic::NF1+SETD2+SMARCA4+STK11+TP53	same_stage_one_event	STK11	1	0.14622504948732795	7.367025195226167e-05	1.0772436237463382e-05
rule_a_one_step	metastatic::NF1+STK11	metastatic::NF1+SETD2+STK11	same_stage_one_event	SETD2	1	0.015852318094619535	0.00011050537792839252	1.751766402087027e-06
rule_a_one_step	metastatic::SETD2	metastatic::PIK3CA+SETD2	same_stage_one_event	PIK3CA	1	0.020617346185350032	0.0016575806689258876	3.41749144813891e-05
rule_a_one_step	metastatic::PIK3CA	metastatic::PIK3CA+SETD2	same_stage_one_event	SETD2	1	0.020543058436172733	0.0009577132753794018	1.967435978121744e-05
rule_a_one_step	metastatic::SMARCA4	metastatic::PIK3CA+SMARCA4	same_stage_one_event	PIK3CA	1	0.016240121420006054	0.0004788566376897009	7.77668993885659e-06
rule_a_one_step	metastatic::PIK3CA	metastatic::PIK3CA+SMARCA4	same_stage_one_event	SMARCA4	1	0.015058822159028873	0.0009577132753794018	1.4422033893279458e-05
rule_a_one_step	metastatic::STK11	metastatic::PIK3CA+STK11	same_stage_one_event	PIK3CA	1	0.006705651263083099	0.0013260645351407102	8.892126324996005e-06
rule_a_one_step	metastatic::PIK3CA	metastatic::PIK3CA+STK11	same_stage_one_event	STK11	1	0.05516902211016822	0.0009577132753794018	5.283610486460784e-05
rule_a_one_step	metastatic::SETD2	metastatic::RBM10+SETD2	same_stage_one_event	RBM10	1	0.03507524450007022	0.0016575806689258876	5.8140047241165456e-05
rule_a_one_step	metastatic::RBM10	metastatic::RBM10+SETD2	same_stage_one_event	SETD2	1	0.020866738148694337	0.0004051863857374392	8.454918212599002e-06
rule_a_one_step	metastatic::RBM10+STK11	metastatic::RBM10+SETD2+STK11	same_stage_one_event	SETD2	1	0.011941154420154164	0.0001841756298806542	2.199269636834051e-06
rule_a_one_step	metastatic::RBM10+SETD2	metastatic::RBM10+SETD2+STK11	same_stage_one_event	STK11	1	0.030239861258318484	3.6835125976130835e-05	1.1138890989508797e-06
rule_a_one_step	metastatic::STK11+TP53	metastatic::RBM10+STK11+TP53	same_stage_one_event	RBM10	1	0.031397413043687386	0.0023206129364962426	7.286124288169682e-05
rule_a_one_step	metastatic::RBM10+TP53	metastatic::RBM10+STK11+TP53	same_stage_one_event	STK11	1	0.09322851354256448	0.0006261971415942243	5.837942869543231e-05
rule_a_one_step	metastatic::RBM10+STK11	metastatic::RBM10+STK11+TP53	same_stage_one_event	TP53	1	0.0034587526827378166	0.0001841756298806542	6.370179539446398e-07
rule_a_one_step	primary::ARID1A+ATM+BRAF+EGFR+KEAP1+NF1+RBM10+SETD2+SMARCA4+TP53	primary::ARID1A+ATM+BRAF+CDKN2A+EGFR+KEAP1+NF1+RBM10+SETD2+SMARCA4+TP53	same_stage_one_event	CDKN2A	1	0.33118429467440835	3.6835125976130835e-05	1.2199215215647867e-05
rule_a_one_step	primary::ARID1A+ATM+BRAF+EGFR+NF1+RBM10+SETD2+SMARCA4+STK11+TP53	primary::ARID1A+ATM+BRAF+CDKN2A+EGFR+NF1+RBM10+SETD2+SMARCA4+STK11+TP53	same_stage_one_event	CDKN2A	1	0.09888166091863305	3.6835125976130835e-05	3.642318436666902e-06
rule_a_one_step	primary::ARID1A+ATM+BRAF+EGFR+NF1+RBM10+SETD2+SMARCA4+TP53	primary::ARID1A+ATM+BRAF+EGFR+KEAP1+NF1+RBM10+SETD2+SMARCA4+TP53	same_stage_one_event	KEAP1	1	0.09078145866170112	3.6835125976130835e-05	3.3439464661006746e-06
rule_a_one_step	primary::ARID1A+ATM+BRAF+EGFR+KRAS+MET+NF1+RBM10+SETD2+TP53	primary::ARID1A+ATM+BRAF+EGFR+KRAS+MET+NF1+PIK3CA+RBM10+SETD2+TP53	same_stage_one_event	PIK3CA	1	0.5735914062272687	3.6835125976130835e-05	2.1128311707207478e-05
rule_a_one_step	primary::ARID1A+ATM+BRAF+KRAS+NF1+RBM10+SETD2+SMARCA4+TP53	primary::ARID1A+ATM+BRAF+EGFR+KRAS+NF1+RBM10+SETD2+SMARCA4+TP53	same_stage_one_event	EGFR	1	8.565042346859336e-05	3.6835125976130835e-05	3.1549441383745894e-09
rule_a_one_step	primary::ARID1A+ATM+BRAF+EGFR+NF1+RBM10+SETD2+SMARCA4+TP53	primary::ARID1A+ATM+BRAF+EGFR+KRAS+NF1+RBM10+SETD2+SMARCA4+TP53	same_stage_one_event	KRAS	1	0.0036472580494887044	3.6835125976130835e-05	1.3434720972037367e-07
rule_a_one_step	primary::ARID1A+ATM+BRAF+EGFR+NF1+RBM10+SETD2+SMARCA4+TP53	primary::ARID1A+ATM+BRAF+EGFR+NF1+RBM10+SETD2+SMARCA4+STK11+TP53	same_stage_one_event	STK11	1	0.21268033964193264	3.6835125976130835e-05	7.834107103356882e-06
rule_a_one_step	primary::ARID1A+ATM+EGFR+NF1+RBM10+SETD2+SMARCA4+TP53	primary::ARID1A+ATM+BRAF+EGFR+NF1+RBM10+SETD2+SMARCA4+TP53	same_stage_one_event	BRAF	1	0.21533575129189758	3.6835125976130835e-05	7.931919526001825e-06
rule_a_one_step	primary::ARID1A+ATM+BRAF+NF1+RBM10+SETD2+SMARCA4+TP53	primary::ARID1A+ATM+BRAF+EGFR+NF1+RBM10+SETD2+SMARCA4+TP53	same_stage_one_event	EGFR	1	0.0038719222367535676	3.6835125976130835e-05	1.4262274336059994e-07
rule_a_one_step	primary::ARID1A+ATM+BRAF+EGFR+NF1+SETD2+SMARCA4+TP53	primary::ARID1A+ATM+BRAF+EGFR+NF1+RBM10+SETD2+SMARCA4+TP53	same_stage_one_event	RBM10	1	0.46161398026807793	7.367025195226167e-05	3.400721823103565e-05
rule_a_one_step	primary::ARID1A+ATM+BRAF+NF1+RBM10+SETD2+SMARCA4+TP53	primary::ARID1A+ATM+BRAF+KRAS+NF1+RBM10+SETD2+SMARCA4+TP53	same_stage_one_event	KRAS	1	0.014982493807784757	3.6835125976130835e-05	5.518820468463517e-07
rule_a_one_step	primary::ATM+BRAF+SETD2	primary::ARID1A+ATM+BRAF+SETD2	same_stage_one_event	ARID1A	1	0.1335182506142412	3.6835125976130835e-05	4.918161581488182e-06
rule_a_one_step	primary::ARID1A+BRAF+SETD2	primary::ARID1A+ATM+BRAF+SETD2	same_stage_one_event	ATM	1	0.10028084521800146	0.0001841756298806542	1.8469287832989806e-05
rule_a_one_step	primary::ATM+BRAF+TP53	primary::ARID1A+ATM+BRAF+TP53	same_stage_one_event	ARID1A	1	0.0844500903217298	0.00011050537792839252	9.332189147089635e-06
rule_a_one_step	primary::ARID1A+BRAF+TP53	primary::ARID1A+ATM+BRAF+TP53	same_stage_one_event	ATM	1	0.0759172336476686	0.00014734050390452334	1.1185683460684927e-05
rule_a_one_step	primary::ARID1A+ATM+TP53	primary::ARID1A+ATM+BRAF+TP53	same_stage_one_event	BRAF	1	0.08309522309278958	0.00025784588183291586	2.1425761074463202e-05
rule_a_one_step	primary::ARID1A+ATM	primary::ARID1A+ATM+CDKN2A	same_stage_one_event	CDKN2A	1	0.010450838971802141	0.00011050537792839252	1.1548739102477687e-06
rule_a_one_step	primary::ARID1A+ATM+CDKN2A+NF1+SMARCA4+TP53	primary::ARID1A+ATM+CDKN2A+KEAP1+NF1+SMARCA4+TP53	same_stage_one_event	KEAP1	1	0.08118175924927244	3.6835125976130835e-05	2.990340328910875e-06
rule_a_one_step	primary::ATM+CDKN2A+KRAS	primary::ARID1A+ATM+CDKN2A+KRAS	same_stage_one_event	ARID1A	1	0.059418367031940644	0.00014734050390452334	8.754732139670051e-06
rule_a_one_step	primary::ARID1A+CDKN2A+KRAS	primary::ARID1A+ATM+CDKN2A+KRAS	same_stage_one_event	ATM	1	0.06465402788850513	3.6835125976130835e-05	2.381539262137363e-06
rule_a_one_step	primary::ARID1A+ATM+KRAS	primary::ARID1A+ATM+CDKN2A+KRAS	same_stage_one_event	CDKN2A	1	0.0343813713942451	0.0003683512597613084	1.2664421465391595e-05
rule_a_one_step	primary::ARID1A+ATM+CDKN2A	primary::ARID1A+ATM+CDKN2A+KRAS	same_stage_one_event	KRAS	1	0.4830750735464299	3.6835125976130835e-05	1.7794131190011416e-05
rule_a_one_step	primary::ARID1A+ATM+CDKN2A+KRAS	primary::ARID1A+ATM+CDKN2A+KRAS+NF1	same_stage_one_event	NF1	1	0.04540431380500497	3.6835125976130835e-05	1.6724736188671344e-06
rule_a_one_step	primary::ARID1A+ATM+CDKN2A+NF1+TP53	primary::ARID1A+ATM+CDKN2A+NF1+SMARCA4+TP53	same_stage_one_event	SMARCA4	1	0.15862580071374238	7.367025195226167e-05	1.168600270471065e-05
rule_a_one_step	primary::ATM+EGFR+KEAP1+TP53	primary::ARID1A+ATM+EGFR+KEAP1+TP53	same_stage_one_event	ARID1A	1	0.14108360176642576	7.367025195226167e-05	1.0393664488465135e-05
rule_a_one_step	primary::ARID1A+EGFR+KEAP1+TP53	primary::ARID1A+ATM+EGFR+KEAP1+TP53	same_stage_one_event	ATM	1	0.11372130864379666	7.367025195226167e-05	8.377877460129414e-06
rule_a_one_step	primary::ARID1A+ATM+KEAP1+TP53	primary::ARID1A+ATM+EGFR+KEAP1+TP53	same_stage_one_event	EGFR	1	0.012604547989401318	7.367025195226167e-05	9.285802261235684e-07
rule_a_one_step	primary::ARID1A+ATM+EGFR+TP53	primary::ARID1A+ATM+EGFR+KEAP1+TP53	same_stage_one_event	KEAP1	1	0.02572624671622243	3.6835125976130835e-05	9.476295386850754e-07
rule_a_one_step	primary::ARID1A+ATM+EGFR+NF1+RBM10+SETD2+SMARCA4	primary::ARID1A+ATM+EGFR+NF1+RBM10+SETD2+SMARCA4+TP53	same_stage_one_event	TP53	1	0.29084522311301425	3.6835125976130835e-05	1.071332043292376e-05
rule_a_one_step	primary::ARID1A+ATM+EGFR+PIK3CA+TP53	primary::ARID1A+ATM+EGFR+PIK3CA+STK11+TP53	same_stage_one_event	STK11	1	0.15434485815168797	3.6835125976130835e-05	5.685312293785471e-06
rule_a_one_step	primary::ATM+EGFR+PIK3CA+TP53	primary::ARID1A+ATM+EGFR+PIK3CA+TP53	same_stage_one_event	ARID1A	1	0.12341572696161496	7.367025195226167e-05	9.092067700133707e-06
rule_a_one_step	primary::ARID1A+EGFR+PIK3CA+TP53	primary::ARID1A+ATM+EGFR+PIK3CA+TP53	same_stage_one_event	ATM	1	0.12822591128242777	0.0001841756298806542	2.3616087977462018e-05
rule_a_one_step	primary::ARID1A+ATM+EGFR+TP53	primary::ARID1A+ATM+EGFR+PIK3CA+TP53	same_stage_one_event	PIK3CA	1	0.17393014593921274	3.6835125976130835e-05	6.406738836717722e-06
rule_a_one_step	primary::ATM+EGFR+TP53	primary::ARID1A+ATM+EGFR+TP53	same_stage_one_event	ARID1A	1	0.10632981848161793	0.0010313835273316634	0.0001096668232461066
rule_a_one_step	primary::ARID1A+EGFR+TP53	primary::ARID1A+ATM+EGFR+TP53	same_stage_one_event	ATM	1	0.10642895498678312	0.0012523942831884486	0.00013329101479116792
rule_a_one_step	primary::ARID1A+ATM+TP53	primary::ARID1A+ATM+EGFR+TP53	same_stage_one_event	EGFR	1	0.04284068671088164	0.00025784588183291586	1.1046294643294957e-05
rule_a_one_step	primary::ARID1A+ATM+EGFR	primary::ARID1A+ATM+EGFR+TP53	same_stage_one_event	TP53	1	0.4325213283914612	0.00011050537792839252	4.7795932855988784e-05
rule_a_one_step	primary::ATM+KEAP1+KRAS	primary::ARID1A+ATM+KEAP1+KRAS	same_stage_one_event	ARID1A	1	0.08841488411177258	0.0002946810078090467	2.6054187155377213e-05
rule_a_one_step	primary::ARID1A+KEAP1+KRAS	primary::ARID1A+ATM+KEAP1+KRAS	same_stage_one_event	ATM	1	0.06995670715652615	0.00011050537792839252	7.730592362957804e-06
rule_a_one_step	primary::ARID1A+ATM+KRAS	primary::ARID1A+ATM+KEAP1+KRAS	same_stage_one_event	KEAP1	1	0.030984604261638023	0.0003683512597613084	1.141321801297997e-05
rule_a_one_step	primary::ATM+KEAP1+KRAS+STK11	primary::ARID1A+ATM+KEAP1+KRAS+STK11	same_stage_one_event	ARID1A	1	0.08622885566222797	0.0004788566376897009	4.1291259894245015e-05
rule_a_one_step	primary::ARID1A+KEAP1+KRAS+STK11	primary::ARID1A+ATM+KEAP1+KRAS+STK11	same_stage_one_event	ATM	1	0.15865582716690915	0.00022101075585678504	3.506464428324204e-05
rule_a_one_step	primary::ARID1A+ATM+KRAS+STK11	primary::ARID1A+ATM+KEAP1+KRAS+STK11	same_stage_one_event	KEAP1	1	0.4759689536409159	0.0001841756298806542	8.766188184045159e-05
rule_a_one_step	primary::ARID1A+ATM+KEAP1+STK11	primary::ARID1A+ATM+KEAP1+KRAS+STK11	same_stage_one_event	KRAS	1	0.7142359878811327	3.6835125976130835e-05	2.6308972590287783e-05
rule_a_one_step	primary::ARID1A+ATM+KEAP1+KRAS	primary::ARID1A+ATM+KEAP1+KRAS+STK11	same_stage_one_event	STK11	1	0.11265121260087804	3.6835125976130835e-05	4.14952160751724e-06
rule_a_one_step	primary::ATM+KEAP1+KRAS+TP53	primary::ARID1A+ATM+KEAP1+KRAS+TP53	same_stage_one_event	ARID1A	1	0.14261344871017356	0.00014734050390452334	2.1012737396518868e-05
rule_a_one_step	primary::ARID1A+KEAP1+KRAS+TP53	primary::ARID1A+ATM+KEAP1+KRAS+TP53	same_stage_one_event	ATM	1	0.12112343859627167	0.00011050537792839252	1.3384791358067445e-05
rule_a_one_step	primary::ARID1A+ATM+KRAS+TP53	primary::ARID1A+ATM+KEAP1+KRAS+TP53	same_stage_one_event	KEAP1	1	0.03991174247783525	0.00011050537792839252	4.410462186293861e-06
rule_a_one_step	primary::ARID1A+ATM+KEAP1+TP53	primary::ARID1A+ATM+KEAP1+KRAS+TP53	same_stage_one_event	KRAS	1	0.10892517671884909	7.367025195226167e-05	8.02454521282224e-06
rule_a_one_step	primary::ARID1A+ATM+KEAP1+KRAS	primary::ARID1A+ATM+KEAP1+KRAS+TP53	same_stage_one_event	TP53	1	0.32416105487826774	3.6835125976130835e-05	1.1940513292996453e-05
rule_a_one_step	primary::ATM+KEAP1+STK11	primary::ARID1A+ATM+KEAP1+STK11	same_stage_one_event	ARID1A	1	0.021620184553479343	0.00014734050390452334	3.1855288866184384e-06
rule_a_one_step	primary::ARID1A+KEAP1+STK11	primary::ARID1A+ATM+KEAP1+STK11	same_stage_one_event	ATM	1	0.04946715912590667	0.00011050537792839252	5.466387114252248e-06
rule_a_one_step	primary::ARID1A+ATM+STK11	primary::ARID1A+ATM+KEAP1+STK11	same_stage_one_event	KEAP1	1	0.21064165986089298	7.367025195226167e-05	1.551802415359459e-05
rule_a_one_step	primary::ARID1A+KRAS+NF1+SETD2+SMARCA4+TP53	primary::ARID1A+ATM+KRAS+NF1+SETD2+SMARCA4+TP53	same_stage_one_event	ATM	1	0.2506976837889237	3.6835125976130835e-05	9.234480764289217e-06
rule_a_one_step	primary::ATM+KRAS+PIK3CA	primary::ARID1A+ATM+KRAS+PIK3CA	same_stage_one_event	ARID1A	1	0.07079121488779576	0.00022101075585678504	1.5645619910371835e-05
rule_a_one_step	primary::ARID1A+KRAS+PIK3CA	primary::ARID1A+ATM+KRAS+PIK3CA	same_stage_one_event	ATM	1	0.09443155202340855	0.00022101075585678504	2.0870388689422843e-05
rule_a_one_step	primary::ARID1A+ATM+KRAS	primary::ARID1A+ATM+KRAS+PIK3CA	same_stage_one_event	PIK3CA	1	0.04733983687685856	0.0003683512597613084	1.7437688550485694e-05
rule_a_one_step	primary::ATM+KRAS+SETD2+SMARCA4	primary::ARID1A+ATM+KRAS+SETD2+SMARCA4	same_stage_one_event	ARID1A	1	0.160153930663204	3.6835125976130835e-05	5.899290211551642e-06
rule_a_one_step	primary::ARID1A+KRAS+SETD2+SMARCA4	primary::ARID1A+ATM+KRAS+SETD2+SMARCA4	same_stage_one_event	ATM	1	0.10975079522263519	3.6835125976130835e-05	4.042684368006306e-06
rule_a_one_step	primary::ARID1A+ATM+KRAS+SMARCA4	primary::ARID1A+ATM+KRAS+SETD2+SMARCA4	same_stage_one_event	SETD2	1	0.06652008033588533	3.6835125976130835e-05	2.4502755391146797e-06
rule_a_one_step	primary::ARID1A+ATM+KRAS+SETD2	primary::ARID1A+ATM+KRAS+SETD2+SMARCA4	same_stage_one_event	SMARCA4	1	0.06452290393722156	0.00011050537792839252	7.130127884620034e-06
rule_a_one_step	primary::ATM+KRAS+SMARCA4	primary::ARID1A+ATM+KRAS+SMARCA4	same_stage_one_event	ARID1A	1	0.06653917368670069	0.00022101075585678504	1.4705873070583622e-05
rule_a_one_step	primary::ARID1A+KRAS+SMARCA4	primary::ARID1A+ATM+KRAS+SMARCA4	same_stage_one_event	ATM	1	0.06579280334812329	7.367025195226167e-05	4.846972399301848e-06
rule_a_one_step	primary::ARID1A+ATM+KRAS	primary::ARID1A+ATM+KRAS+SMARCA4	same_stage_one_event	SMARCA4	1	0.04040361903025979	0.0003683512597613084	1.4882723968712166e-05
rule_a_one_step	primary::ATM+KRAS+STK11+TP53	primary::ARID1A+ATM+KRAS+STK11+TP53	same_stage_one_event	ARID1A	1	0.060410007151183026	0.00014734050390452334	8.900840894531166e-06
rule_a_one_step	primary::ARID1A+KRAS+STK11+TP53	primary::ARID1A+ATM+KRAS+STK11+TP53	same_stage_one_event	ATM	1	0.07152207653082061	0.00011050537792839252	7.903574097261745e-06
rule_a_one_step	primary::ARID1A+ATM+KRAS+TP53	primary::ARID1A+ATM+KRAS+STK11+TP53	same_stage_one_event	STK11	1	0.3784715958083253	0.00011050537792839252	4.1823146729960805e-05
rule_a_one_step	primary::ARID1A+ATM+KRAS+STK11	primary::ARID1A+ATM+KRAS+STK11+TP53	same_stage_one_event	TP53	1	0.01738816108582837	0.0001841756298806542	3.2024755204487203e-06
rule_a_one_step	primary::ATM+MET	primary::ARID1A+ATM+MET	same_stage_one_event	ARID1A	1	0.02644423141540447	0.0004788566376897009	1.2662995741868945e-05
rule_a_one_step	primary::ARID1A+MET	primary::ARID1A+ATM+MET	same_stage_one_event	ATM	1	0.033343364201346606	0.00025784588183291586	8.597449145772294e-06
rule_a_one_step	primary::ARID1A+ATM	primary::ARID1A+ATM+MET	same_stage_one_event	MET	1	0.049250218860350525	0.00011050537792839252	5.44241404821908e-06
rule_a_one_step	primary::ATM+MET+NF1	primary::ARID1A+ATM+MET+NF1	same_stage_one_event	ARID1A	1	0.07233138080387971	7.367025195226167e-05	5.328671047876802e-06
rule_a_one_step	primary::ARID1A+MET+NF1	primary::ARID1A+ATM+MET+NF1	same_stage_one_event	ATM	1	0.07092882118435907	3.6835125976130835e-05	2.612672063664324e-06
rule_a_one_step	primary::ARID1A+ATM+NF1	primary::ARID1A+ATM+MET+NF1	same_stage_one_event	MET	1	0.0787794031772594	3.6835125976130835e-05	2.9018492403587517e-06
rule_a_one_step	primary::ARID1A+ATM+MET	primary::ARID1A+ATM+MET+NF1	same_stage_one_event	NF1	1	0.03417442269306523	3.6835125976130835e-05	1.2588191650606023e-06
rule_a_one_step	primary::ATM+MET+NF1+TP53	primary::ARID1A+ATM+MET+NF1+TP53	same_stage_one_event	ARID1A	1	0.15475905454628316	3.6835125976130835e-05	5.700569270159244e-06
rule_a_one_step	primary::ARID1A+MET+NF1+TP53	primary::ARID1A+ATM+MET+NF1+TP53	same_stage_one_event	ATM	1	0.12139352323605469	3.6835125976130835e-05	4.47154572108644e-06
rule_a_one_step	primary::ARID1A+ATM+MET+TP53	primary::ARID1A+ATM+MET+NF1+TP53	same_stage_one_event	NF1	1	0.1444735343038279	3.6835125976130835e-05	5.32170083629836e-06
rule_a_one_step	primary::ARID1A+ATM+MET+NF1	primary::ARID1A+ATM+MET+NF1+TP53	same_stage_one_event	TP53	1	0.15481538976801254	3.6835125976130835e-05	5.702644385148539e-06
rule_a_one_step	primary::ATM+MET+SMARCA4	primary::ARID1A+ATM+MET+SMARCA4	same_stage_one_event	ARID1A	1	0.03266719777106148	3.6835125976130835e-05	1.2033003451842302e-06
rule_a_one_step	primary::ARID1A+ATM+MET	primary::ARID1A+ATM+MET+SMARCA4	same_stage_one_event	SMARCA4	1	0.019426288764249382	3.6835125976130835e-05	7.15569793879821e-07
rule_a_one_step	primary::ATM+MET+TP53	primary::ARID1A+ATM+MET+TP53	same_stage_one_event	ARID1A	1	0.07636451251199426	3.6835125976130835e-05	2.812896438485128e-06
rule_a_one_step	primary::ARID1A+MET+TP53	primary::ARID1A+ATM+MET+TP53	same_stage_one_event	ATM	1	0.06666038291817122	0.00033151613378517756	2.2098992421671617e-05
rule_a_one_step	primary::ARID1A+ATM+TP53	primary::ARID1A+ATM+MET+TP53	same_stage_one_event	MET	1	0.05210292299861906	0.00025784588183291586	1.3434524126651443e-05
rule_a_one_step	primary::ARID1A+ATM+MET	primary::ARID1A+ATM+MET+TP53	same_stage_one_event	TP53	1	0.1025491387049166	3.6835125976130835e-05	3.777410442939317e-06
rule_a_one_step	primary::ATM+NF1	primary::ARID1A+ATM+NF1	same_stage_one_event	ARID1A	1	0.06150235382764844	0.00033151613378517756	2.0389022559630027e-05
rule_a_one_step	primary::ARID1A+NF1	primary::ARID1A+ATM+NF1	same_stage_one_event	ATM	1	0.06742544351542322	0.00011050537792839252	7.450874117661325e-06
rule_a_one_step	primary::ARID1A+ATM	primary::ARID1A+ATM+NF1	same_stage_one_event	NF1	1	0.027337569185931703	0.00011050537792839252	3.020948414534961e-06
rule_a_one_step	primary::ATM+NF1+PIK3CA+TP53	primary::ARID1A+ATM+NF1+PIK3CA+TP53	same_stage_one_event	ARID1A	1	0.15463043492462528	7.367025195226167e-05	1.1391663100384946e-05
rule_a_one_step	primary::ARID1A+NF1+PIK3CA+TP53	primary::ARID1A+ATM+NF1+PIK3CA+TP53	same_stage_one_event	ATM	1	0.12512706292496442	7.367025195226167e-05	9.21814225172863e-06
rule_a_one_step	primary::ARID1A+ATM+NF1	primary::ARID1A+ATM+NF1+SMARCA4	same_stage_one_event	SMARCA4	1	0.038545896311939616	3.6835125976130835e-05	1.4198429465131727e-06
rule_a_one_step	primary::ARID1A+NF1+SMARCA4+STK11	primary::ARID1A+ATM+NF1+SMARCA4+STK11	same_stage_one_event	ATM	1	0.07409576453347526	3.6835125976130835e-05	2.7293268208882883e-06
rule_a_one_step	primary::ARID1A+ATM+NF1+STK11	primary::ARID1A+ATM+NF1+SMARCA4+STK11	same_stage_one_event	SMARCA4	1	0.09377416106539155	3.6835125976130835e-05	3.454183036149681e-06
rule_a_one_step	primary::ARID1A+ATM+NF1+SMARCA4	primary::ARID1A+ATM+NF1+SMARCA4+STK11	same_stage_one_event	STK11	1	0.13644752549368422	3.6835125976130835e-05	5.026061790691182e-06
rule_a_one_step	primary::ATM+NF1+STK11	primary::ARID1A+ATM+NF1+STK11	same_stage_one_event	ARID1A	1	0.03880451033895617	0.00011050537792839252	4.288107080332566e-06
rule_a_one_step	primary::ARID1A+ATM+STK11	primary::ARID1A+ATM+NF1+STK11	same_stage_one_event	NF1	1	0.022993026438589605	7.367025195226167e-05	1.69390205087591e-06
rule_a_one_step	primary::ARID1A+ATM+NF1	primary::ARID1A+ATM+NF1+STK11	same_stage_one_event	STK11	1	0.1219066509155838	3.6835125976130835e-05	4.490446843803734e-06
rule_a_one_step	primary::ATM+NF1+STK11+TP53	primary::ARID1A+ATM+NF1+STK11+TP53	same_stage_one_event	ARID1A	1	0.07584725622483089	0.00011050537792839252	8.38152971395656e-06
rule_a_one_step	primary::ARID1A+NF1+STK11+TP53	primary::ARID1A+ATM+NF1+STK11+TP53	same_stage_one_event	ATM	1	0.06486833068141437	3.6835125976130835e-05	2.3894331325112113e-06
rule_a_one_step	primary::ARID1A+ATM+NF1+STK11	primary::ARID1A+ATM+NF1+STK11+TP53	same_stage_one_event	TP53	1	0.0050275434865332275	3.6835125976130835e-05	1.8519019767692748e-07
rule_a_one_step	primary::ATM+PIK3CA+SETD2+TP53	primary::ARID1A+ATM+PIK3CA+SETD2+TP53	same_stage_one_event	ARID1A	1	0.1712191941649292	3.6835125976130835e-05	6.306880586596773e-06
rule_a_one_step	primary::ARID1A+RBM10+SMARCA4+STK11	primary::ARID1A+ATM+RBM10+SMARCA4+STK11	same_stage_one_event	ATM	1	0.04111377893132914	3.6835125976130835e-05	1.5144312262903028e-06
rule_a_one_step	primary::ARID1A+CDKN2A+EGFR	primary::ARID1A+BRAF+CDKN2A+EGFR	same_stage_one_event	BRAF	1	0.018034380639846845	3.6835125976130835e-05	6.642986827702536e-07
rule_a_one_step	primary::ARID1A+BRAF+SETD2	primary::ARID1A+BRAF+CDKN2A+SETD2	same_stage_one_event	CDKN2A	1	0.022844650217218664	0.0001841756298806542	4.207427843159471e-06
rule_a_one_step	primary::ARID1A+CDKN2A+SETD2+TP53	primary::ARID1A+BRAF+CDKN2A+SETD2+TP53	same_stage_one_event	BRAF	1	0.08842105775929328	3.6835125976130835e-05	3.2570008015063086e-06
rule_a_one_step	primary::ARID1A+BRAF+SETD2+TP53	primary::ARID1A+BRAF+CDKN2A+SETD2+TP53	same_stage_one_event	CDKN2A	1	0.08960793968653119	3.6835125976130835e-05	3.3007197468149103e-06
rule_a_one_step	primary::ARID1A+BRAF+CDKN2A+TP53	primary::ARID1A+BRAF+CDKN2A+SETD2+TP53	same_stage_one_event	SETD2	1	0.1666767286984408	3.6835125976130835e-05	6.139558298896449e-06
rule_a_one_step	primary::ARID1A+BRAF+CDKN2A+SETD2	primary::ARID1A+BRAF+CDKN2A+SETD2+TP53	same_stage_one_event	TP53	1	0.33009926059029665	3.6835125976130835e-05	1.2159247848471218e-05
rule_a_one_step	primary::BRAF+CDKN2A+TP53	primary::ARID1A+BRAF+CDKN2A+TP53	same_stage_one_event	ARID1A	1	0.07511616540476339	0.0002946810078090467	2.2135307324226723e-05
rule_a_one_step	primary::ARID1A+CDKN2A+TP53	primary::ARID1A+BRAF+CDKN2A+TP53	same_stage_one_event	BRAF	1	0.08070236295686925	0.00014734050390452334	1.1890726824350854e-05
rule_a_one_step	primary::ARID1A+BRAF+TP53	primary::ARID1A+BRAF+CDKN2A+TP53	same_stage_one_event	CDKN2A	1	0.10849753587002392	0.00014734050390452334	1.5986081607488422e-05
rule_a_one_step	primary::BRAF+EGFR+TP53	primary::ARID1A+BRAF+EGFR+TP53	same_stage_one_event	ARID1A	1	0.07758280224230087	0.0004051863857374392	3.1435495235940384e-05
rule_a_one_step	primary::ARID1A+EGFR+TP53	primary::ARID1A+BRAF+EGFR+TP53	same_stage_one_event	BRAF	1	0.0680358279551641	0.0012523942831884486	8.520768198304035e-05
rule_a_one_step	primary::ARID1A+BRAF+TP53	primary::ARID1A+BRAF+EGFR+TP53	same_stage_one_event	EGFR	1	0.009005995015340804	0.00014734050390452334	1.3269478437219395e-06
rule_a_one_step	primary::BRAF+KEAP1	primary::ARID1A+BRAF+KEAP1	same_stage_one_event	ARID1A	1	0.042419914296991656	0.0001841756298806542	7.812714435131807e-06
rule_a_one_step	primary::ARID1A+BRAF	primary::ARID1A+BRAF+KEAP1	same_stage_one_event	KEAP1	1	0.036031554155111195	7.367025195226167e-05	2.6544536728386027e-06
rule_a_one_step	primary::ARID1A+KEAP1+MET+SETD2+TP53	primary::ARID1A+BRAF+KEAP1+MET+SETD2+TP53	same_stage_one_event	BRAF	1	0.08084271467008794	3.6835125976130835e-05	2.9778515791250895e-06
rule_a_one_step	primary::BRAF+KEAP1+PIK3CA+TP53	primary::ARID1A+BRAF+KEAP1+PIK3CA+TP53	same_stage_one_event	ARID1A	1	0.10184125591281841	3.6835125976130835e-05	3.7513354911160453e-06
rule_a_one_step	primary::ARID1A+KEAP1+PIK3CA+TP53	primary::ARID1A+BRAF+KEAP1+PIK3CA+TP53	same_stage_one_event	BRAF	1	0.09085148442186461	3.6835125976130835e-05	3.346525873797871e-06
rule_a_one_step	primary::ARID1A+BRAF+KEAP1+TP53	primary::ARID1A+BRAF+KEAP1+PIK3CA+TP53	same_stage_one_event	PIK3CA	1	0.05868189444242259	3.6835125976130835e-05	2.1615549743046482e-06
rule_a_one_step	primary::ARID1A+KEAP1+SMARCA4+TP53	primary::ARID1A+BRAF+KEAP1+SMARCA4+TP53	same_stage_one_event	BRAF	1	0.07849374073804972	3.6835125976130835e-05	2.8913268284238147e-06
rule_a_one_step	primary::ARID1A+BRAF+SMARCA4+TP53	primary::ARID1A+BRAF+KEAP1+SMARCA4+TP53	same_stage_one_event	KEAP1	1	0.07039763760175095	3.6835125976130835e-05	2.5931058494825015e-06
rule_a_one_step	primary::ARID1A+BRAF+KEAP1+TP53	primary::ARID1A+BRAF+KEAP1+SMARCA4+TP53	same_stage_one_event	SMARCA4	1	0.18371475286575545	3.6835125976130835e-05	6.767156065483845e-06
rule_a_one_step	primary::BRAF+KEAP1+TP53	primary::ARID1A+BRAF+KEAP1+TP53	same_stage_one_event	ARID1A	1	0.0950085736628632	0.00025784588183291586	2.4497569457788507e-05
rule_a_one_step	primary::ARID1A+KEAP1+TP53	primary::ARID1A+BRAF+KEAP1+TP53	same_stage_one_event	BRAF	1	0.06368239846102879	0.0004051863857374392	2.5803240867515715e-05
rule_a_one_step	primary::ARID1A+BRAF+TP53	primary::ARID1A+BRAF+KEAP1+TP53	same_stage_one_event	KEAP1	1	0.06588062490164552	0.00014734050390452334	9.70688447055334e-06
rule_a_one_step	primary::ARID1A+BRAF+KEAP1	primary::ARID1A+BRAF+KEAP1+TP53	same_stage_one_event	TP53	1	0.38260587129911755	3.6835125976130835e-05	1.4093335468510296e-05
rule_a_one_step	primary::ARID1A+KRAS+MET+TP53	primary::ARID1A+BRAF+KRAS+MET+TP53	same_stage_one_event	BRAF	1	0.04567479141957828	3.6835125976130835e-05	1.6824366958736658e-06
rule_a_one_step	primary::ARID1A+BRAF+KRAS+TP53	primary::ARID1A+BRAF+KRAS+MET+TP53	same_stage_one_event	MET	1	0.0014908524704304903	7.367025195226167e-05	1.0983147712026597e-07
rule_a_one_step	primary::ARID1A+KRAS+NF1+RBM10	primary::ARID1A+BRAF+KRAS+NF1+RBM10	same_stage_one_event	BRAF	1	0.04564794157295394	3.6835125976130835e-05	1.6814476783908183e-06
rule_a_one_step	primary::ARID1A+BRAF+KRAS+PIK3CA+SETD2	primary::ARID1A+BRAF+KRAS+PIK3CA+RBM10+SETD2	same_stage_one_event	RBM10	1	0.1518991731705206	3.6835125976130835e-05	5.595225179406239e-06
rule_a_one_step	primary::ARID1A+KRAS+PIK3CA+SETD2	primary::ARID1A+BRAF+KRAS+PIK3CA+SETD2	same_stage_one_event	BRAF	1	0.05985672066059085	7.367025195226167e-05	4.4096596921018746e-06
rule_a_one_step	primary::BRAF+KRAS+SETD2+TP53	primary::ARID1A+BRAF+KRAS+SETD2+TP53	same_stage_one_event	ARID1A	1	0.16226062887351334	7.367025195226167e-05	1.1953781411044153e-05
rule_a_one_step	primary::ARID1A+KRAS+SETD2+TP53	primary::ARID1A+BRAF+KRAS+SETD2+TP53	same_stage_one_event	BRAF	1	0.048150787920741366	0.00011050537792839252	5.320921016731402e-06
rule_a_one_step	primary::ARID1A+BRAF+SETD2+TP53	primary::ARID1A+BRAF+KRAS+SETD2+TP53	same_stage_one_event	KRAS	1	0.008814138128458127	3.6835125976130835e-05	3.2466988833277317e-07
rule_a_one_step	primary::ARID1A+BRAF+KRAS+TP53	primary::ARID1A+BRAF+KRAS+SETD2+TP53	same_stage_one_event	SETD2	1	0.16857647171110832	7.367025195226167e-05	1.2419071144180663e-05
rule_a_one_step	primary::BRAF+KRAS+SMARCA4+TP53	primary::ARID1A+BRAF+KRAS+SMARCA4+TP53	same_stage_one_event	ARID1A	1	0.07733066322368234	3.6835125976130835e-05	2.848484721662087e-06
rule_a_one_step	primary::ARID1A+KRAS+SMARCA4+TP53	primary::ARID1A+BRAF+KRAS+SMARCA4+TP53	same_stage_one_event	BRAF	1	0.045085447426492044	3.6835125976130835e-05	1.6607281356450583e-06
rule_a_one_step	primary::ARID1A+BRAF+SMARCA4+TP53	primary::ARID1A+BRAF+KRAS+SMARCA4+TP53	same_stage_one_event	KRAS	1	0.00956451638633565	3.6835125976130835e-05	3.523101659914413e-07
rule_a_one_step	primary::ARID1A+BRAF+KRAS+TP53	primary::ARID1A+BRAF+KRAS+SMARCA4+TP53	same_stage_one_event	SMARCA4	1	0.04923477722237793	7.367025195226167e-05	3.627138442786056e-06
rule_a_one_step	primary::BRAF+KRAS+STK11+TP53	primary::ARID1A+BRAF+KRAS+STK11+TP53	same_stage_one_event	ARID1A	1	0.04091738370102967	3.6835125976130835e-05	1.5071969832411106e-06
rule_a_one_step	primary::ARID1A+KRAS+STK11+TP53	primary::ARID1A+BRAF+KRAS+STK11+TP53	same_stage_one_event	BRAF	1	0.030710127602638856	0.00011050537792839252	3.3936342569587657e-06
rule_a_one_step	primary::ARID1A+BRAF+STK11+TP53	primary::ARID1A+BRAF+KRAS+STK11+TP53	same_stage_one_event	KRAS	1	0.009142915777457766	7.367025195226167e-05	6.73560908903622e-07
rule_a_one_step	primary::ARID1A+BRAF+KRAS+TP53	primary::ARID1A+BRAF+KRAS+STK11+TP53	same_stage_one_event	STK11	1	0.2543724542821768	7.367025195226167e-05	1.8739682796683127e-05
rule_a_one_step	primary::ARID1A+NF1+PIK3CA+TP53	primary::ARID1A+BRAF+NF1+PIK3CA+TP53	same_stage_one_event	BRAF	1	0.11531775109387003	7.367025195226167e-05	8.495487777653605e-06
rule_a_one_step	primary::BRAF+RBM10+TP53	primary::ARID1A+BRAF+RBM10+TP53	same_stage_one_event	ARID1A	1	0.08323785894336916	0.00022101075585678504	1.839646212097447e-05
rule_a_one_step	primary::ARID1A+RBM10+TP53	primary::ARID1A+BRAF+RBM10+TP53	same_stage_one_event	BRAF	1	0.07941337045521457	0.00011050537792839252	8.775604514720926e-06
rule_a_one_step	primary::ARID1A+BRAF+TP53	primary::ARID1A+BRAF+RBM10+TP53	same_stage_one_event	RBM10	1	0.06000175226966719	0.00014734050390452334	8.84068841456714e-06
rule_a_one_step	primary::BRAF+SETD2+TP53	primary::ARID1A+BRAF+SETD2+TP53	same_stage_one_event	ARID1A	1	0.16197714453596815	0.00014734050390452334	2.3865794096945358e-05
rule_a_one_step	primary::ARID1A+SETD2+TP53	primary::ARID1A+BRAF+SETD2+TP53	same_stage_one_event	BRAF	1	0.0850856103318972	7.367025195226167e-05	6.2682783506628255e-06
rule_a_one_step	primary::ARID1A+BRAF+TP53	primary::ARID1A+BRAF+SETD2+TP53	same_stage_one_event	SETD2	1	0.17662833457150223	0.00014734050390452334	2.602450781958188e-05
rule_a_one_step	primary::ARID1A+BRAF+SETD2	primary::ARID1A+BRAF+SETD2+TP53	same_stage_one_event	TP53	1	0.3307865715038993	0.0001841756298806542	6.0922825162792706e-05
rule_a_one_step	primary::BRAF+SMARCA4+TP53	primary::ARID1A+BRAF+SMARCA4+TP53	same_stage_one_event	ARID1A	1	0.07818166818291124	0.00014734050390452334	1.151932638616638e-05
rule_a_one_step	primary::ARID1A+SMARCA4+TP53	primary::ARID1A+BRAF+SMARCA4+TP53	same_stage_one_event	BRAF	1	0.07973478348483745	0.00014734050390452334	1.1748163177374016e-05
rule_a_one_step	primary::ARID1A+BRAF+TP53	primary::ARID1A+BRAF+SMARCA4+TP53	same_stage_one_event	SMARCA4	1	0.06144039436903322	0.00014734050390452334	9.052658666425993e-06
rule_a_one_step	primary::CDKN2A+EGFR	primary::ARID1A+CDKN2A+EGFR	same_stage_one_event	ARID1A	1	0.014508917525759763	0.0009945484013555326	1.4429820730643642e-05
rule_a_one_step	primary::ARID1A+EGFR	primary::ARID1A+CDKN2A+EGFR	same_stage_one_event	CDKN2A	1	0.010853219252760277	0.0008840430234271402	9.594712762127843e-06
rule_a_one_step	primary::ARID1A+CDKN2A+EGFR	primary::ARID1A+CDKN2A+EGFR+STK11	same_stage_one_event	STK11	1	0.01722371644983265	3.6835125976130835e-05	6.344377652067426e-07
rule_a_one_step	primary::CDKN2A+EGFR+TP53	primary::ARID1A+CDKN2A+EGFR+TP53	same_stage_one_event	ARID1A	1	0.08531373681027997	0.0015102401650213643	0.00012884423195894646
rule_a_one_step	primary::ARID1A+EGFR+TP53	primary::ARID1A+CDKN2A+EGFR+TP53	same_stage_one_event	CDKN2A	1	0.11264747628357141	0.0012523942831884486	0.00014107905531315118
rule_a_one_step	primary::ARID1A+CDKN2A+TP53	primary::ARID1A+CDKN2A+EGFR+TP53	same_stage_one_event	EGFR	1	0.08148812267708612	0.00014734050390452334	1.2006501057475484e-05
rule_a_one_step	primary::ARID1A+CDKN2A+EGFR	primary::ARID1A+CDKN2A+EGFR+TP53	same_stage_one_event	TP53	1	0.7332979429135718	3.6835125976130835e-05	2.7011122105259012e-05
rule_a_one_step	primary::CDKN2A+KEAP1+NF1+RBM10+TP53	primary::ARID1A+CDKN2A+KEAP1+NF1+RBM10+TP53	same_stage_one_event	ARID1A	1	0.1956834630365849	3.6835125976130835e-05	7.208025012398147e-06
rule_a_one_step	primary::ARID1A+CDKN2A+NF1+RBM10+TP53	primary::ARID1A+CDKN2A+KEAP1+NF1+RBM10+TP53	same_stage_one_event	KEAP1	1	0.1339744017163736	3.6835125976130835e-05	4.934963964799381e-06
rule_a_one_step	primary::ARID1A+CDKN2A+KEAP1+NF1+TP53	primary::ARID1A+CDKN2A+KEAP1+NF1+RBM10+TP53	same_stage_one_event	RBM10	1	0.09934113713027652	3.6835125976130835e-05	3.659243300805824e-06
rule_a_one_step	primary::ARID1A+KEAP1+NF1+TP53	primary::ARID1A+CDKN2A+KEAP1+NF1+TP53	same_stage_one_event	CDKN2A	1	0.14563566186140892	0.00011050537792839252	1.6093523853846572e-05
rule_a_one_step	primary::ARID1A+CDKN2A+NF1+TP53	primary::ARID1A+CDKN2A+KEAP1+NF1+TP53	same_stage_one_event	KEAP1	1	0.10276729568660788	3.6835125976130835e-05	3.785446282842488e-06
rule_a_one_step	primary::ARID1A+CDKN2A+KEAP1+TP53	primary::ARID1A+CDKN2A+KEAP1+NF1+TP53	same_stage_one_event	NF1	1	0.15207621707466373	0.00011050537792839252	1.6805239841755976e-05
rule_a_one_step	primary::CDKN2A+KEAP1+STK11+TP53	primary::ARID1A+CDKN2A+KEAP1+STK11+TP53	same_stage_one_event	ARID1A	1	0.052232992687540745	3.6835125976130835e-05	1.924008865755884e-06
rule_a_one_step	primary::ARID1A+KEAP1+STK11+TP53	primary::ARID1A+CDKN2A+KEAP1+STK11+TP53	same_stage_one_event	CDKN2A	1	0.09658753732729869	0.00011050537792839252	1.0673442315525861e-05
rule_a_one_step	primary::ARID1A+CDKN2A+KEAP1+TP53	primary::ARID1A+CDKN2A+KEAP1+STK11+TP53	same_stage_one_event	STK11	1	0.08216708810298352	0.00011050537792839252	9.079905124095719e-06
rule_a_one_step	primary::CDKN2A+KRAS	primary::ARID1A+CDKN2A+KRAS	same_stage_one_event	ARID1A	1	0.028293495549704277	0.0018049211728304111	5.106752917104426e-05
rule_a_one_step	primary::ARID1A+KRAS	primary::ARID1A+CDKN2A+KRAS	same_stage_one_event	CDKN2A	1	0.028222643938709557	0.0016944157949020187	4.7820893663645194e-05
rule_a_one_step	primary::CDKN2A+MET+STK11+TP53	primary::ARID1A+CDKN2A+MET+STK11+TP53	same_stage_one_event	ARID1A	1	0.035901489145330326	7.367025195226167e-05	2.6448717507978725e-06
rule_a_one_step	primary::ARID1A+NF1+RBM10+TP53	primary::ARID1A+CDKN2A+NF1+RBM10+TP53	same_stage_one_event	CDKN2A	1	0.11094129786555558	0.00011050537792839252	1.2259610048499586e-05
rule_a_one_step	primary::ARID1A+CDKN2A+NF1+TP53	primary::ARID1A+CDKN2A+NF1+RBM10+TP53	same_stage_one_event	RBM10	1	0.10459016597980945	3.6835125976130835e-05	3.852591939730715e-06
rule_a_one_step	primary::CDKN2A+NF1+TP53	primary::ARID1A+CDKN2A+NF1+TP53	same_stage_one_event	ARID1A	1	0.12249345573903637	0.0004420215117135701	5.4144742480788144e-05
rule_a_one_step	primary::ARID1A+NF1+TP53	primary::ARID1A+CDKN2A+NF1+TP53	same_stage_one_event	CDKN2A	1	0.10467742138215966	0.0005156917636658317	5.398128404855736e-05
rule_a_one_step	primary::ARID1A+CDKN2A+TP53	primary::ARID1A+CDKN2A+NF1+TP53	same_stage_one_event	NF1	1	0.1246693899899004	0.00014734050390452334	1.8368850742581465e-05
rule_a_one_step	primary::CDKN2A+SETD2+TP53	primary::ARID1A+CDKN2A+SETD2+TP53	same_stage_one_event	ARID1A	1	0.13404350844668042	3.6835125976130835e-05	4.937509519916031e-06
rule_a_one_step	primary::ARID1A+SETD2+TP53	primary::ARID1A+CDKN2A+SETD2+TP53	same_stage_one_event	CDKN2A	1	0.07040763194228288	7.367025195226167e-05	5.186947984550086e-06
rule_a_one_step	primary::ARID1A+CDKN2A+TP53	primary::ARID1A+CDKN2A+SETD2+TP53	same_stage_one_event	SETD2	1	0.043110028820581986	0.00014734050390452334	6.351853369763074e-06
rule_a_one_step	primary::CDKN2A+SMARCA4+TP53	primary::ARID1A+CDKN2A+SMARCA4+TP53	same_stage_one_event	ARID1A	1	0.07764195324251612	0.0005156917636658317	4.0039315802093176e-05
rule_a_one_step	primary::ARID1A+SMARCA4+TP53	primary::ARID1A+CDKN2A+SMARCA4+TP53	same_stage_one_event	CDKN2A	1	0.10369411390608917	0.00014734050390452334	1.527834299485622e-05
rule_a_one_step	primary::ARID1A+CDKN2A+TP53	primary::ARID1A+CDKN2A+SMARCA4+TP53	same_stage_one_event	SMARCA4	1	0.0935009945813665	0.00014734050390452334	1.3776483657192646e-05
rule_a_one_step	primary::EGFR+KEAP1+SMARCA4+STK11+TP53	primary::ARID1A+EGFR+KEAP1+SMARCA4+STK11+TP53	same_stage_one_event	ARID1A	1	0.12812686508687038	7.367025195226167e-05	9.43913843280318e-06
rule_a_one_step	primary::ARID1A+KEAP1+SMARCA4+STK11+TP53	primary::ARID1A+EGFR+KEAP1+SMARCA4+STK11+TP53	same_stage_one_event	EGFR	1	0.002112434198239346	7.367025195226167e-05	1.556235596168665e-07
rule_a_one_step	primary::EGFR+KRAS	primary::ARID1A+EGFR+KRAS	same_stage_one_event	ARID1A	1	0.01099315805939559	0.0006630322675703551	7.288818515880383e-06
rule_a_one_step	primary::ARID1A+KRAS	primary::ARID1A+EGFR+KRAS	same_stage_one_event	EGFR	1	0.009964071885903534	0.0016944157949020187	1.6883280785014093e-05
rule_a_one_step	primary::ARID1A+EGFR	primary::ARID1A+EGFR+KRAS	same_stage_one_event	KRAS	1	0.043192297571464956	0.0008840430234271402	3.8183849333842606e-05
rule_a_one_step	primary::EGFR+KRAS+RBM10	primary::ARID1A+EGFR+KRAS+RBM10	same_stage_one_event	ARID1A	1	0.03525521220565405	0.00025784588183291586	9.090411280373447e-06
rule_a_one_step	primary::ARID1A+KRAS+RBM10	primary::ARID1A+EGFR+KRAS+RBM10	same_stage_one_event	EGFR	1	0.029820696055526678	0.0005525268896419625	1.6476736438518497e-05
rule_a_one_step	primary::ARID1A+EGFR+RBM10	primary::ARID1A+EGFR+KRAS+RBM10	same_stage_one_event	KRAS	1	0.10582908640279921	0.00011050537792839252	1.1694683188757833e-05
rule_a_one_step	primary::ARID1A+EGFR+KRAS	primary::ARID1A+EGFR+KRAS+RBM10	same_stage_one_event	RBM10	1	0.0571692697885008	3.6835125976130835e-05	2.1058372546228378e-06
rule_a_one_step	primary::EGFR+KRAS+TP53	primary::ARID1A+EGFR+KRAS+TP53	same_stage_one_event	ARID1A	1	0.07511557289476692	0.0007735376454987476	5.810472339730755e-05
rule_a_one_step	primary::ARID1A+KRAS+TP53	primary::ARID1A+EGFR+KRAS+TP53	same_stage_one_event	EGFR	1	0.002040510679529512	0.0012523942831884486	2.5555239098277373e-06
rule_a_one_step	primary::ARID1A+EGFR+TP53	primary::ARID1A+EGFR+KRAS+TP53	same_stage_one_event	KRAS	1	0.012323439355827883	0.0012523942831884486	1.5433804998458378e-05
rule_a_one_step	primary::ARID1A+EGFR+KRAS	primary::ARID1A+EGFR+KRAS+TP53	same_stage_one_event	TP53	1	0.8160856322118678	3.6835125976130835e-05	3.0060617069834527e-05
rule_a_one_step	primary::EGFR+MET	primary::ARID1A+EGFR+MET	same_stage_one_event	ARID1A	1	0.011850497807199479	0.0004420215117135701	5.238174955296661e-06
rule_a_one_step	primary::ARID1A+MET	primary::ARID1A+EGFR+MET	same_stage_one_event	EGFR	1	0.1502688735982623	0.00025784588183291586	3.8746210224982914e-05
rule_a_one_step	primary::ARID1A+EGFR	primary::ARID1A+EGFR+MET	same_stage_one_event	MET	1	0.015426590979945243	0.0008840430234271402	1.3637770131084642e-05
rule_a_one_step	primary::ARID1A+EGFR+PIK3CA+RBM10+TP53	primary::ARID1A+EGFR+NF1+PIK3CA+RBM10+TP53	same_stage_one_event	NF1	1	0.15855564437019393	3.6835125976130835e-05	5.840417134602693e-06
rule_a_one_step	primary::ARID1A+EGFR+NF1+PIK3CA+TP53	primary::ARID1A+EGFR+NF1+PIK3CA+RBM10+TP53	same_stage_one_event	RBM10	1	0.251511450535095	3.6835125976130835e-05	9.264455964899623e-06
rule_a_one_step	primary::EGFR+NF1+PIK3CA+TP53	primary::ARID1A+EGFR+NF1+PIK3CA+TP53	same_stage_one_event	ARID1A	1	0.14960389589365633	7.367025195226167e-05	1.1021356703525587e-05
rule_a_one_step	primary::ARID1A+NF1+PIK3CA+TP53	primary::ARID1A+EGFR+NF1+PIK3CA+TP53	same_stage_one_event	EGFR	1	0.02801393317221058	7.367025195226167e-05	2.0637935149705744e-06
rule_a_one_step	primary::ARID1A+EGFR+PIK3CA+TP53	primary::ARID1A+EGFR+NF1+PIK3CA+TP53	same_stage_one_event	NF1	1	0.11684576929279704	0.0001841756298806542	2.1520143158390498e-05
rule_a_one_step	primary::EGFR+PIK3CA	primary::ARID1A+EGFR+PIK3CA	same_stage_one_event	ARID1A	1	0.026338999769702734	0.003204655959923383	8.440743259039847e-05
rule_a_one_step	primary::ARID1A+EGFR	primary::ARID1A+EGFR+PIK3CA	same_stage_one_event	PIK3CA	1	0.03809975024000514	0.0008840430234271402	3.3681818393993055e-05
rule_a_one_step	primary::EGFR+PIK3CA+RBM10	primary::ARID1A+EGFR+PIK3CA+RBM10	same_stage_one_event	ARID1A	1	0.056789067280574916	0.0002946810078090467	1.6734659578775575e-05
rule_a_one_step	primary::ARID1A+PIK3CA+RBM10	primary::ARID1A+EGFR+PIK3CA+RBM10	same_stage_one_event	EGFR	1	0.4106988623578099	3.6835125976130835e-05	1.5128144333203546e-05
rule_a_one_step	primary::ARID1A+EGFR+RBM10	primary::ARID1A+EGFR+PIK3CA+RBM10	same_stage_one_event	PIK3CA	1	0.07345363250983233	0.00011050537792839252	8.11702142071228e-06
rule_a_one_step	primary::ARID1A+EGFR+PIK3CA	primary::ARID1A+EGFR+PIK3CA+RBM10	same_stage_one_event	RBM10	1	0.09100853632585158	3.6835125976130835e-05	3.3523109004660225e-06
rule_a_one_step	primary::EGFR+PIK3CA+RBM10+TP53	primary::ARID1A+EGFR+PIK3CA+RBM10+TP53	same_stage_one_event	ARID1A	1	0.12362163108957147	0.00011050537792839252	1.3660855063677413e-05
rule_a_one_step	primary::ARID1A+EGFR+PIK3CA+TP53	primary::ARID1A+EGFR+PIK3CA+RBM10+TP53	same_stage_one_event	RBM10	1	0.16739488858079699	0.0001841756298806542	3.083005904317021e-05
rule_a_one_step	primary::ARID1A+EGFR+PIK3CA+RBM10	primary::ARID1A+EGFR+PIK3CA+RBM10+TP53	same_stage_one_event	TP53	1	0.3046738196639689	3.6835125976130835e-05	1.1222698528951262e-05
rule_a_one_step	primary::EGFR+RBM10+SETD2	primary::ARID1A+EGFR+RBM10+SETD2	same_stage_one_event	ARID1A	1	0.09336616982203584	0.00014734050390452334	1.3756618509214062e-05
rule_a_one_step	primary::ARID1A+EGFR+SETD2	primary::ARID1A+EGFR+RBM10+SETD2	same_stage_one_event	RBM10	1	0.06636917289860846	0.00011050537792839252	7.334150533955554e-06
rule_a_one_step	primary::ARID1A+EGFR+RBM10	primary::ARID1A+EGFR+RBM10+SETD2	same_stage_one_event	SETD2	1	0.040016798747425475	0.00011050537792839252	4.422071469068677e-06
rule_a_one_step	primary::ARID1A+KRAS+NF1+RBM10	primary::ARID1A+KEAP1+KRAS+NF1+RBM10	same_stage_one_event	KEAP1	1	0.069795569509048	3.6835125976130835e-05	2.5709285954415793e-06
rule_a_one_step	primary::KEAP1+KRAS+NF1+TP53	primary::ARID1A+KEAP1+KRAS+NF1+TP53	same_stage_one_event	ARID1A	1	0.17104873428581852	0.00011050537792839252	1.8901805026427566e-05
rule_a_one_step	primary::ARID1A+KRAS+NF1+TP53	primary::ARID1A+KEAP1+KRAS+NF1+TP53	same_stage_one_event	KEAP1	1	0.06500533778714467	3.6835125976130835e-05	2.394479806510412e-06
rule_a_one_step	primary::ARID1A+KEAP1+NF1+TP53	primary::ARID1A+KEAP1+KRAS+NF1+TP53	same_stage_one_event	KRAS	1	0.02823258390772344	0.00011050537792839252	3.119852354618032e-06
rule_a_one_step	primary::ARID1A+KEAP1+KRAS+TP53	primary::ARID1A+KEAP1+KRAS+NF1+TP53	same_stage_one_event	NF1	1	0.11658333258518973	0.00011050537792839252	1.288308522747787e-05
rule_a_one_step	primary::ARID1A+KEAP1+KRAS+SETD2+STK11+TP53	primary::ARID1A+KEAP1+KRAS+PIK3CA+SETD2+STK11+TP53	same_stage_one_event	PIK3CA	1	0.027196609710547378	3.6835125976130835e-05	1.0017905448116758e-06
rule_a_one_step	primary::KEAP1+KRAS+RBM10+SETD2	primary::ARID1A+KEAP1+KRAS+RBM10+SETD2	same_stage_one_event	ARID1A	1	0.1819282899532821	0.00011050537792839252	2.0104054437153616e-05
rule_a_one_step	primary::ARID1A+KRAS+RBM10+SETD2	primary::ARID1A+KEAP1+KRAS+RBM10+SETD2	same_stage_one_event	KEAP1	1	0.07788395390670601	0.00011050537792839252	8.60659576101805e-06
rule_a_one_step	primary::ARID1A+KEAP1+KRAS+SETD2	primary::ARID1A+KEAP1+KRAS+RBM10+SETD2	same_stage_one_event	RBM10	1	0.08637392290792427	3.6835125976130835e-05	3.1815943313660034e-06
rule_a_one_step	primary::KEAP1+KRAS+RBM10+SMARCA4+STK11	primary::ARID1A+KEAP1+KRAS+RBM10+SMARCA4+STK11	same_stage_one_event	ARID1A	1	0.15450717008715242	0.00022101075585678504	3.4147746446254407e-05
rule_a_one_step	primary::ARID1A+KEAP1+KRAS+RBM10+STK11	primary::ARID1A+KEAP1+KRAS+RBM10+SMARCA4+STK11	same_stage_one_event	SMARCA4	1	0.5015442908576948	0.0001841756298806542	9.237223568176198e-05
rule_a_one_step	primary::KEAP1+KRAS+RBM10+TP53	primary::ARID1A+KEAP1+KRAS+RBM10+TP53	same_stage_one_event	ARID1A	1	0.13278385976275722	0.0001841756298806542	2.4455551009790264e-05
rule_a_one_step	primary::ARID1A+KRAS+RBM10+TP53	primary::ARID1A+KEAP1+KRAS+RBM10+TP53	same_stage_one_event	KEAP1	1	0.08640130894493035	0.0001841756298806542	1.591301549744555e-05
rule_a_one_step	primary::ARID1A+KEAP1+RBM10+TP53	primary::ARID1A+KEAP1+KRAS+RBM10+TP53	same_stage_one_event	KRAS	1	0.06886711883681211	3.6835125976130835e-05	2.536728997967147e-06
rule_a_one_step	primary::ARID1A+KEAP1+KRAS+TP53	primary::ARID1A+KEAP1+KRAS+RBM10+TP53	same_stage_one_event	RBM10	1	0.09801444762351355	0.00011050537792839252	1.0831123577078998e-05
rule_a_one_step	primary::KEAP1+KRAS+SETD2	primary::ARID1A+KEAP1+KRAS+SETD2	same_stage_one_event	ARID1A	1	0.09540668174901537	0.00011050537792839252	1.0542951423568813e-05
rule_a_one_step	primary::ARID1A+KRAS+SETD2	primary::ARID1A+KEAP1+KRAS+SETD2	same_stage_one_event	KEAP1	1	0.036941209395857016	0.0002946810078090467	1.088587281445617e-05
rule_a_one_step	primary::ARID1A+KEAP1+KRAS	primary::ARID1A+KEAP1+KRAS+SETD2	same_stage_one_event	SETD2	1	0.0369020455170863	0.00011050537792839252	4.077874486196365e-06
rule_a_one_step	primary::KEAP1+KRAS+SETD2+STK11+TP53	primary::ARID1A+KEAP1+KRAS+SETD2+STK11+TP53	same_stage_one_event	ARID1A	1	0.1324701801806385	3.6835125976130835e-05	4.879555775034569e-06
rule_a_one_step	primary::ARID1A+KEAP1+SETD2+STK11+TP53	primary::ARID1A+KEAP1+KRAS+SETD2+STK11+TP53	same_stage_one_event	KRAS	1	0.04744561659723795	7.367025195226167e-05	3.495330528748928e-06
rule_a_one_step	primary::ARID1A+KEAP1+KRAS+STK11+TP53	primary::ARID1A+KEAP1+KRAS+SETD2+STK11+TP53	same_stage_one_event	SETD2	1	0.03267391839194671	7.367025195226167e-05	2.4070958002023505e-06
rule_a_one_step	primary::ARID1A+KEAP1+KRAS+SETD2+TP53	primary::ARID1A+KEAP1+KRAS+SETD2+STK11+TP53	same_stage_one_event	STK11	1	0.09757715349554853	7.367025195226167e-05	7.188533482801571e-06
rule_a_one_step	primary::KEAP1+KRAS+SMARCA4	primary::ARID1A+KEAP1+KRAS+SMARCA4	same_stage_one_event	ARID1A	1	0.046004134735655386	0.0004788566376897009	2.2029385279339914e-05
rule_a_one_step	primary::ARID1A+KRAS+SMARCA4	primary::ARID1A+KEAP1+KRAS+SMARCA4	same_stage_one_event	KEAP1	1	0.030509132319870038	7.367025195226167e-05	2.247615464849715e-06
rule_a_one_step	primary::ARID1A+KEAP1+SMARCA4	primary::ARID1A+KEAP1+KRAS+SMARCA4	same_stage_one_event	KRAS	1	0.33871532304142965	3.6835125976130835e-05	1.2476621594276912e-05
rule_a_one_step	primary::ARID1A+KEAP1+KRAS	primary::ARID1A+KEAP1+KRAS+SMARCA4	same_stage_one_event	SMARCA4	1	0.06278366975897873	0.00011050537792839252	6.937933154447332e-06
rule_a_one_step	primary::KEAP1+KRAS+SMARCA4+TP53	primary::ARID1A+KEAP1+KRAS+SMARCA4+TP53	same_stage_one_event	ARID1A	1	0.1364975144175752	7.367025195226167e-05	1.0055806278000236e-05
rule_a_one_step	primary::ARID1A+KRAS+SMARCA4+TP53	primary::ARID1A+KEAP1+KRAS+SMARCA4+TP53	same_stage_one_event	KEAP1	1	0.06491671565999105	3.6835125976130835e-05	2.3912153992924357e-06
rule_a_one_step	primary::ARID1A+KEAP1+SMARCA4+TP53	primary::ARID1A+KEAP1+KRAS+SMARCA4+TP53	same_stage_one_event	KRAS	1	0.068098880977594	3.6835125976130835e-05	2.508430859643215e-06
rule_a_one_step	primary::ARID1A+KEAP1+KRAS+TP53	primary::ARID1A+KEAP1+KRAS+SMARCA4+TP53	same_stage_one_event	SMARCA4	1	0.16858680289958838	0.00011050537792839252	1.8629748368158436e-05
rule_a_one_step	primary::ARID1A+KEAP1+KRAS+SMARCA4	primary::ARID1A+KEAP1+KRAS+SMARCA4+TP53	same_stage_one_event	TP53	1	0.6303244891857372	3.6835125976130835e-05	2.321808196499695e-05
rule_a_one_step	primary::ARID1A+KEAP1+NF1+STK11+TP53	primary::ARID1A+KEAP1+MET+NF1+STK11+TP53	same_stage_one_event	MET	1	0.008549948235678131	3.6835125976130835e-05	3.149384203506015e-07
rule_a_one_step	primary::ARID1A+KEAP1+SETD2+TP53	primary::ARID1A+KEAP1+MET+SETD2+TP53	same_stage_one_event	MET	1	0.04625972108424619	3.6835125976130835e-05	1.7039826537588841e-06
rule_a_one_step	primary::ARID1A+KEAP1+MET+TP53	primary::ARID1A+KEAP1+MET+SETD2+TP53	same_stage_one_event	SETD2	1	0.05390731108241651	3.6835125976130835e-05	1.9856825947552862e-06
rule_a_one_step	primary::KEAP1+MET+TP53	primary::ARID1A+KEAP1+MET+TP53	same_stage_one_event	ARID1A	1	0.08795149967032145	3.6835125976130835e-05	3.2397045701459204e-06
rule_a_one_step	primary::ARID1A+MET+TP53	primary::ARID1A+KEAP1+MET+TP53	same_stage_one_event	KEAP1	1	0.04181484687574065	0.00033151613378517756	1.3862296371064751e-05
rule_a_one_step	primary::ARID1A+KEAP1+TP53	primary::ARID1A+KEAP1+MET+TP53	same_stage_one_event	MET	1	0.04287035977768461	0.0004051863857374392	1.7370486133583714e-05
rule_a_one_step	primary::KEAP1+NF1	primary::ARID1A+KEAP1+NF1	same_stage_one_event	ARID1A	1	0.06078635270476009	7.367025195226167e-05	4.478145919018718e-06
rule_a_one_step	primary::ARID1A+NF1	primary::ARID1A+KEAP1+NF1	same_stage_one_event	KEAP1	1	0.03964455983781604	0.00011050537792839252	4.380937067682634e-06
rule_a_one_step	primary::KEAP1+NF1+STK11+TP53	primary::ARID1A+KEAP1+NF1+STK11+TP53	same_stage_one_event	ARID1A	1	0.10105824092417202	0.0002946810078090467	2.9779944282944457e-05
rule_a_one_step	primary::ARID1A+NF1+STK11+TP53	primary::ARID1A+KEAP1+NF1+STK11+TP53	same_stage_one_event	KEAP1	1	0.635352580755851	3.6835125976130835e-05	2.340329235140161e-05
rule_a_one_step	primary::ARID1A+KEAP1+STK11+TP53	primary::ARID1A+KEAP1+NF1+STK11+TP53	same_stage_one_event	NF1	1	0.12531276864490798	0.00011050537792839252	1.3847734858358773e-05
rule_a_one_step	primary::ARID1A+KEAP1+NF1+TP53	primary::ARID1A+KEAP1+NF1+STK11+TP53	same_stage_one_event	STK11	1	0.08142041915533879	0.00011050537792839252	8.997394189848844e-06
rule_a_one_step	primary::ARID1A+KEAP1+RBM10+TP53	primary::ARID1A+KEAP1+PIK3CA+RBM10+TP53	same_stage_one_event	PIK3CA	1	0.047816756776079224	3.6835125976130835e-05	1.761336259616886e-06
rule_a_one_step	primary::ARID1A+KEAP1+PIK3CA+TP53	primary::ARID1A+KEAP1+PIK3CA+RBM10+TP53	same_stage_one_event	RBM10	1	0.05747410115579976	3.6835125976130835e-05	2.117065756438771e-06
rule_a_one_step	primary::KEAP1+PIK3CA+TP53	primary::ARID1A+KEAP1+PIK3CA+TP53	same_stage_one_event	ARID1A	1	0.09518912425006447	0.00025784588183291586	2.454412368316087e-05
rule_a_one_step	primary::ARID1A+PIK3CA+TP53	primary::ARID1A+KEAP1+PIK3CA+TP53	same_stage_one_event	KEAP1	1	0.07990082943891101	0.00011050537792839252	8.829471353938892e-06
rule_a_one_step	primary::ARID1A+KEAP1+TP53	primary::ARID1A+KEAP1+PIK3CA+TP53	same_stage_one_event	PIK3CA	1	0.05684648057023585	0.0004051863857374392	2.3033420004147426e-05
rule_a_one_step	primary::KEAP1+RBM10+STK11	primary::ARID1A+KEAP1+RBM10+STK11	same_stage_one_event	ARID1A	1	0.025899871791970397	0.0005156917636658317	1.3356350563120139e-05
rule_a_one_step	primary::ARID1A+KEAP1+STK11	primary::ARID1A+KEAP1+RBM10+STK11	same_stage_one_event	RBM10	1	0.03990312038803656	0.00011050537792839252	4.409509399002125e-06
rule_a_one_step	primary::KEAP1+RBM10+TP53	primary::ARID1A+KEAP1+RBM10+TP53	same_stage_one_event	ARID1A	1	0.10462239683478866	0.0001841756298806542	1.9268895836670964e-05
rule_a_one_step	primary::ARID1A+RBM10+TP53	primary::ARID1A+KEAP1+RBM10+TP53	same_stage_one_event	KEAP1	1	0.09238976472212845	0.00011050537792839252	1.0209565867334071e-05
rule_a_one_step	primary::ARID1A+KEAP1+TP53	primary::ARID1A+KEAP1+RBM10+TP53	same_stage_one_event	RBM10	1	0.055762350891169876	0.0004051863857374392	2.2594145417815994e-05
rule_a_one_step	primary::KEAP1+SETD2+TP53	primary::ARID1A+KEAP1+SETD2+TP53	same_stage_one_event	ARID1A	1	0.1856344194699092	0.00025784588183291586	4.786507058676014e-05
rule_a_one_step	primary::ARID1A+SETD2+TP53	primary::ARID1A+KEAP1+SETD2+TP53	same_stage_one_event	KEAP1	1	0.08870664820041037	7.367025195226167e-05	6.535041122764871e-06
rule_a_one_step	primary::ARID1A+KEAP1+TP53	primary::ARID1A+KEAP1+SETD2+TP53	same_stage_one_event	SETD2	1	0.05912525111914898	0.0004051863857374392	2.3956746806786458e-05
rule_a_one_step	primary::KEAP1+SMARCA4	primary::ARID1A+KEAP1+SMARCA4	same_stage_one_event	ARID1A	1	0.03244480177594914	0.00025784588183291586	8.365758524813761e-06
rule_a_one_step	primary::ARID1A+SMARCA4	primary::ARID1A+KEAP1+SMARCA4	same_stage_one_event	KEAP1	1	0.02798288301541234	3.6835125976130835e-05	1.0307530210480455e-06
rule_a_one_step	primary::KEAP1+SMARCA4+TP53	primary::ARID1A+KEAP1+SMARCA4+TP53	same_stage_one_event	ARID1A	1	0.12031034409821004	0.00033151613378517756	3.988482012980294e-05
rule_a_one_step	primary::ARID1A+SMARCA4+TP53	primary::ARID1A+KEAP1+SMARCA4+TP53	same_stage_one_event	KEAP1	1	0.08344670874534531	0.00014734050390452334	1.2295080115713173e-05
rule_a_one_step	primary::ARID1A+KEAP1+TP53	primary::ARID1A+KEAP1+SMARCA4+TP53	same_stage_one_event	SMARCA4	1	0.17850157115539664	0.0004051863857374392	7.23264064649095e-05
rule_a_one_step	primary::ARID1A+KEAP1+SMARCA4	primary::ARID1A+KEAP1+SMARCA4+TP53	same_stage_one_event	TP53	1	0.3018197773728448	3.6835125976130835e-05	1.1117569521616503e-05
rule_a_one_step	primary::KRAS+MET	primary::ARID1A+KRAS+MET	same_stage_one_event	ARID1A	1	0.023716419087165767	0.0008472078974510093	2.0092737549904695e-05
rule_a_one_step	primary::ARID1A+MET	primary::ARID1A+KRAS+MET	same_stage_one_event	KRAS	1	0.23663418907396036	0.00025784588183291586	6.101515115359225e-05
rule_a_one_step	primary::ARID1A+KRAS	primary::ARID1A+KRAS+MET	same_stage_one_event	MET	1	0.006691917163080361	0.0016944157949020187	1.1338890139299273e-05
rule_a_one_step	primary::ARID1A+KRAS+NF1+RBM10	primary::ARID1A+KRAS+MET+NF1+RBM10	same_stage_one_event	MET	1	0.014173939650263551	3.6835125976130835e-05	5.220988525955337e-07
rule_a_one_step	primary::KRAS+MET+PIK3CA	primary::ARID1A+KRAS+MET+PIK3CA	same_stage_one_event	ARID1A	1	0.039425608688724155	0.0001841756298806542	7.261236313673964e-06
rule_a_one_step	primary::ARID1A+KRAS+PIK3CA	primary::ARID1A+KRAS+MET+PIK3CA	same_stage_one_event	MET	1	0.010153194315821488	0.00022101075585678504	2.2439651501005204e-06
rule_a_one_step	primary::ARID1A+KRAS+MET	primary::ARID1A+KRAS+MET+PIK3CA	same_stage_one_event	PIK3CA	1	0.07135288921452664	3.6835125976130835e-05	2.628292662977996e-06
rule_a_one_step	primary::KRAS+MET+STK11	primary::ARID1A+KRAS+MET+STK11	same_stage_one_event	ARID1A	1	0.035206032105815854	0.0001841756298806542	6.484093138687169e-06
rule_a_one_step	primary::ARID1A+KRAS+STK11	primary::ARID1A+KRAS+MET+STK11	same_stage_one_event	MET	1	0.002194365037716682	0.00014734050390452334	3.233188504076443e-07
rule_a_one_step	primary::ARID1A+KRAS+MET	primary::ARID1A+KRAS+MET+STK11	same_stage_one_event	STK11	1	0.09784053513091483	3.6835125976130835e-05	3.6039684371193024e-06
rule_a_one_step	primary::KRAS+MET+TP53	primary::ARID1A+KRAS+MET+TP53	same_stage_one_event	ARID1A	1	0.06338680830245276	0.000920878149403271	5.837152672614259e-05
rule_a_one_step	primary::ARID1A+MET+TP53	primary::ARID1A+KRAS+MET+TP53	same_stage_one_event	KRAS	1	0.03994349350485744	0.00033151613378517756	1.3241912536603689e-05
rule_a_one_step	primary::ARID1A+KRAS+TP53	primary::ARID1A+KRAS+MET+TP53	same_stage_one_event	MET	1	0.005120682355904838	0.0012523942831884486	6.4131133085591765e-06
rule_a_one_step	primary::ARID1A+KRAS+MET	primary::ARID1A+KRAS+MET+TP53	same_stage_one_event	TP53	1	0.5817044448235883	3.6835125976130835e-05	2.1427156505952122e-05
rule_a_one_step	primary::ARID1A+KRAS+PIK3CA+RBM10+SMARCA4	primary::ARID1A+KRAS+NF1+PIK3CA+RBM10+SMARCA4	same_stage_one_event	NF1	1	0.07673017904341421	3.6835125976130835e-05	2.8263658112352366e-06
rule_a_one_step	primary::KRAS+NF1+RBM10	primary::ARID1A+KRAS+NF1+RBM10	same_stage_one_event	ARID1A	1	0.10325846807818242	0.0004420215117135701	4.5642464157145615e-05
rule_a_one_step	primary::ARID1A+KRAS+RBM10	primary::ARID1A+KRAS+NF1+RBM10	same_stage_one_event	NF1	1	0.057153103475923346	0.0005525268896419625	3.157862649693716e-05
rule_a_one_step	primary::ARID1A+KRAS+NF1	primary::ARID1A+KRAS+NF1+RBM10	same_stage_one_event	RBM10	1	0.11535987531201974	7.367025195226167e-05	8.498591079417986e-06
rule_a_one_step	primary::ARID1A+KRAS+SETD2+SMARCA4+TP53	primary::ARID1A+KRAS+NF1+SETD2+SMARCA4+TP53	same_stage_one_event	NF1	1	0.11790577445954596	3.6835125976130835e-05	4.343074055530645e-06
rule_a_one_step	primary::KRAS+NF1+TP53	primary::ARID1A+KRAS+NF1+TP53	same_stage_one_event	ARID1A	1	0.11959883811714016	0.0014365699130691027	0.00017181209247710573
rule_a_one_step	primary::ARID1A+NF1+TP53	primary::ARID1A+KRAS+NF1+TP53	same_stage_one_event	KRAS	1	0.023737216911689393	0.0005156917636658317	1.224108725370751e-05
rule_a_one_step	primary::ARID1A+KRAS+TP53	primary::ARID1A+KRAS+NF1+TP53	same_stage_one_event	NF1	1	0.09605412555327551	0.0012523942831884486	0.00012029763771958773
rule_a_one_step	primary::ARID1A+KRAS+NF1	primary::ARID1A+KRAS+NF1+TP53	same_stage_one_event	TP53	1	0.49964816723342415	7.367025195226167e-05	3.680920636757213e-05
rule_a_one_step	primary::KRAS+PIK3CA+RBM10+SMARCA4	primary::ARID1A+KRAS+PIK3CA+RBM10+SMARCA4	same_stage_one_event	ARID1A	1	0.08853856084145566	3.6835125976130835e-05	3.261329042340344e-06
rule_a_one_step	primary::ARID1A+KRAS+PIK3CA+RBM10	primary::ARID1A+KRAS+PIK3CA+RBM10+SMARCA4	same_stage_one_event	SMARCA4	1	0.05861586638149213	7.367025195226167e-05	4.31824564472463e-06
rule_a_one_step	primary::KRAS+PIK3CA+RBM10+TP53	primary::ARID1A+KRAS+PIK3CA+RBM10+TP53	same_stage_one_event	ARID1A	1	0.10467395867856691	7.367025195226167e-05	7.71135690869065e-06
rule_a_one_step	primary::ARID1A+KRAS+RBM10+TP53	primary::ARID1A+KRAS+PIK3CA+RBM10+TP53	same_stage_one_event	PIK3CA	1	0.08863387502557209	0.0001841756298806542	1.6324199761597924e-05
rule_a_one_step	primary::ARID1A+KRAS+PIK3CA+TP53	primary::ARID1A+KRAS+PIK3CA+RBM10+TP53	same_stage_one_event	RBM10	1	0.10206007241632864	0.00011050537792839252	1.1278186873765505e-05
rule_a_one_step	primary::ARID1A+KRAS+PIK3CA+RBM10	primary::ARID1A+KRAS+PIK3CA+RBM10+TP53	same_stage_one_event	TP53	1	0.1569599802457652	7.367025195226167e-05	1.1563281291127538e-05
rule_a_one_step	primary::ARID1A+KRAS+SETD2+SMARCA4	primary::ARID1A+KRAS+RBM10+SETD2+SMARCA4	same_stage_one_event	RBM10	1	0.09787875332114404	3.6835125976130835e-05	3.605376208970975e-06
rule_a_one_step	primary::ARID1A+KRAS+RBM10+SETD2	primary::ARID1A+KRAS+RBM10+SETD2+SMARCA4	same_stage_one_event	SMARCA4	1	0.07297007504392905	0.00011050537792839252	8.063585720192542e-06
rule_a_one_step	primary::KRAS+SETD2+SMARCA4	primary::ARID1A+KRAS+SETD2+SMARCA4	same_stage_one_event	ARID1A	1	0.07979512244160913	0.00014734050390452334	1.1757053549669828e-05
rule_a_one_step	primary::ARID1A+KRAS+SMARCA4	primary::ARID1A+KRAS+SETD2+SMARCA4	same_stage_one_event	SETD2	1	0.03488648895683809	7.367025195226167e-05	2.5700964311800564e-06
rule_a_one_step	primary::ARID1A+KRAS+SETD2	primary::ARID1A+KRAS+SETD2+SMARCA4	same_stage_one_event	SMARCA4	1	0.03461671910472193	0.0002946810078090467	1.0200889672822138e-05
rule_a_one_step	primary::KRAS+SETD2+SMARCA4+TP53	primary::ARID1A+KRAS+SETD2+SMARCA4+TP53	same_stage_one_event	ARID1A	1	0.17649486035149592	0.00014734050390452334	2.6004841660747886e-05
rule_a_one_step	primary::ARID1A+SETD2+SMARCA4+TP53	primary::ARID1A+KRAS+SETD2+SMARCA4+TP53	same_stage_one_event	KRAS	1	0.03667845636753726	3.6835125976130835e-05	1.3510555609082533e-06
rule_a_one_step	primary::ARID1A+KRAS+SMARCA4+TP53	primary::ARID1A+KRAS+SETD2+SMARCA4+TP53	same_stage_one_event	SETD2	1	0.05840990676847988	3.6835125976130835e-05	2.1515362740710137e-06
rule_a_one_step	primary::ARID1A+KRAS+SETD2+TP53	primary::ARID1A+KRAS+SETD2+SMARCA4+TP53	same_stage_one_event	SMARCA4	1	0.0758741358455737	0.00011050537792839252	8.384500056605315e-06
rule_a_one_step	primary::ARID1A+KRAS+SETD2+SMARCA4	primary::ARID1A+KRAS+SETD2+SMARCA4+TP53	same_stage_one_event	TP53	1	0.48337278029339975	3.6835125976130835e-05	1.7805097255539993e-05
rule_a_one_step	primary::KRAS+SETD2+STK11	primary::ARID1A+KRAS+SETD2+STK11	same_stage_one_event	ARID1A	1	0.055579800210271466	0.00022101075585678504	1.2283733654841196e-05
rule_a_one_step	primary::ARID1A+KRAS+STK11	primary::ARID1A+KRAS+SETD2+STK11	same_stage_one_event	SETD2	1	0.024111284050389106	0.00014734050390452334	3.5525687417694275e-06
rule_a_one_step	primary::ARID1A+KRAS+SETD2	primary::ARID1A+KRAS+SETD2+STK11	same_stage_one_event	STK11	1	0.11435980357982722	0.0002946810078090467	3.369966217174811e-05
rule_a_one_step	primary::KRAS+SMARCA4+STK11	primary::ARID1A+KRAS+SMARCA4+STK11	same_stage_one_event	ARID1A	1	0.0329943210087268	0.0004788566376897009	1.5799549621093574e-05
rule_a_one_step	primary::ARID1A+SMARCA4+STK11	primary::ARID1A+KRAS+SMARCA4+STK11	same_stage_one_event	KRAS	1	0.37459239751879064	7.367025195226167e-05	2.7596316304611065e-05
rule_a_one_step	primary::ARID1A+KRAS+STK11	primary::ARID1A+KRAS+SMARCA4+STK11	same_stage_one_event	SMARCA4	1	0.08401424739004634	0.00014734050390452334	1.2378701545608712e-05
rule_a_one_step	primary::ARID1A+KRAS+SMARCA4	primary::ARID1A+KRAS+SMARCA4+STK11	same_stage_one_event	STK11	1	0.11782204014529084	7.367025195226167e-05	8.679979383033065e-06
rule_a_one_step	primary::KRAS+SMARCA4+TP53	primary::ARID1A+KRAS+SMARCA4+TP53	same_stage_one_event	ARID1A	1	0.08157036083063458	0.0006630322675703551	5.4083781308067726e-05
rule_a_one_step	primary::ARID1A+SMARCA4+TP53	primary::ARID1A+KRAS+SMARCA4+TP53	same_stage_one_event	KRAS	1	0.047734184039665735	0.00014734050390452334	7.033178729875605e-06
rule_a_one_step	primary::ARID1A+KRAS+TP53	primary::ARID1A+KRAS+SMARCA4+TP53	same_stage_one_event	SMARCA4	1	0.05268072930630962	0.0012523942831884486	6.597704421742033e-05
rule_a_one_step	primary::ARID1A+KRAS+SMARCA4	primary::ARID1A+KRAS+SMARCA4+TP53	same_stage_one_event	TP53	1	0.5421175397596149	7.367025195226167e-05	3.993793574183106e-05
rule_a_one_step	primary::MET+NF1	primary::ARID1A+MET+NF1	same_stage_one_event	ARID1A	1	0.04276730438262357	0.0005156917636658317	2.2054746624308605e-05
rule_a_one_step	primary::ARID1A+NF1	primary::ARID1A+MET+NF1	same_stage_one_event	MET	1	0.057705861120121486	0.00011050537792839252	6.376807991762357e-06
rule_a_one_step	primary::ARID1A+MET	primary::ARID1A+MET+NF1	same_stage_one_event	NF1	1	0.026440568903579407	0.00025784588183291586	6.817591805107405e-06
rule_a_one_step	primary::MET+NF1+RBM10+TP53	primary::ARID1A+MET+NF1+RBM10+TP53	same_stage_one_event	ARID1A	1	0.15047215328102628	0.00011050537792839252	1.6627982166018818e-05
rule_a_one_step	primary::ARID1A+NF1+RBM10+TP53	primary::ARID1A+MET+NF1+RBM10+TP53	same_stage_one_event	MET	1	0.06669804436468864	0.00011050537792839252	7.370492599604609e-06
rule_a_one_step	primary::ARID1A+MET+NF1+TP53	primary::ARID1A+MET+NF1+RBM10+TP53	same_stage_one_event	RBM10	1	0.08314652238381268	3.6835125976130835e-05	3.0627126264849223e-06
rule_a_one_step	primary::MET+NF1+TP53	primary::ARID1A+MET+NF1+TP53	same_stage_one_event	ARID1A	1	0.11550472661210695	0.0003683512597613084	4.2546311555955116e-05
rule_a_one_step	primary::ARID1A+NF1+TP53	primary::ARID1A+MET+NF1+TP53	same_stage_one_event	MET	1	0.05088236797921516	0.0005156917636658317	2.6239618082695306e-05
rule_a_one_step	primary::ARID1A+MET+TP53	primary::ARID1A+MET+NF1+TP53	same_stage_one_event	NF1	1	0.1254968439156255	0.00033151613378517756	4.1604228497150044e-05
rule_a_one_step	primary::ARID1A+MET+NF1	primary::ARID1A+MET+NF1+TP53	same_stage_one_event	TP53	1	0.3903184602068312	3.6835125976130835e-05	1.4377429652528038e-05
rule_a_one_step	primary::MET+PIK3CA+TP53	primary::ARID1A+MET+PIK3CA+TP53	same_stage_one_event	ARID1A	1	0.06627229046295861	0.0004420215117135701	2.929377801515778e-05
rule_a_one_step	primary::ARID1A+PIK3CA+TP53	primary::ARID1A+MET+PIK3CA+TP53	same_stage_one_event	MET	1	0.04781824531167239	0.00011050537792839252	5.2841732700389415e-06
rule_a_one_step	primary::ARID1A+MET+TP53	primary::ARID1A+MET+PIK3CA+TP53	same_stage_one_event	PIK3CA	1	0.13879271751883795	0.00033151613378517756	4.6012025109383444e-05
rule_a_one_step	primary::MET+SETD2	primary::ARID1A+MET+SETD2	same_stage_one_event	ARID1A	1	0.049831943758382825	0.00025784588183291586	1.2848961481828487e-05
rule_a_one_step	primary::ARID1A+SETD2	primary::ARID1A+MET+SETD2	same_stage_one_event	MET	1	0.05642116394996572	0.00014734050390452334	8.313122727267676e-06
rule_a_one_step	primary::ARID1A+MET	primary::ARID1A+MET+SETD2	same_stage_one_event	SETD2	1	0.021893770224719365	0.00025784588183291586	5.645218490240001e-06
rule_a_one_step	primary::ARID1A+NF1+RBM10+SETD2+STK11+TP53	primary::ARID1A+NF1+PIK3CA+RBM10+SETD2+STK11+TP53	same_stage_one_event	PIK3CA	1	0.008493890337830125	3.6835125976130835e-05	3.1287352062141315e-07
rule_a_one_step	primary::ARID1A+NF1+PIK3CA+SMARCA4+TP53	primary::ARID1A+NF1+PIK3CA+SETD2+SMARCA4+TP53	same_stage_one_event	SETD2	1	0.07280663012477546	3.6835125976130835e-05	2.6818413925436665e-06
rule_a_one_step	primary::ARID1A+NF1+SMARCA4+TP53	primary::ARID1A+NF1+PIK3CA+SMARCA4+TP53	same_stage_one_event	PIK3CA	1	0.061639327945070356	7.367025195226167e-05	4.540984819881417e-06
rule_a_one_step	primary::ARID1A+NF1+PIK3CA+TP53	primary::ARID1A+NF1+PIK3CA+SMARCA4+TP53	same_stage_one_event	SMARCA4	1	0.079107104470964	7.367025195226167e-05	5.827840317589803e-06
rule_a_one_step	primary::NF1+SMARCA4+STK11	primary::ARID1A+NF1+SMARCA4+STK11	same_stage_one_event	ARID1A	1	0.03376251157339844	0.00011050537792839252	3.730939101230121e-06
rule_a_one_step	primary::ARID1A+SMARCA4+STK11	primary::ARID1A+NF1+SMARCA4+STK11	same_stage_one_event	NF1	1	0.025363801057688314	7.367025195226167e-05	1.8685576143869392e-06
rule_a_one_step	primary::NF1+STK11+TP53	primary::ARID1A+NF1+STK11+TP53	same_stage_one_event	ARID1A	1	0.04447369027537011	0.0005893620156180934	2.6211103742666927e-05
rule_a_one_step	primary::ARID1A+STK11+TP53	primary::ARID1A+NF1+STK11+TP53	same_stage_one_event	NF1	1	0.0660645919247042	0.00011050537792839252	7.3004926983244655e-06
rule_a_one_step	primary::ARID1A+NF1+TP53	primary::ARID1A+NF1+STK11+TP53	same_stage_one_event	STK11	1	0.19488506956481091	0.0005156917636658317	0.00010050062523601565
rule_a_one_step	primary::PIK3CA+RBM10	primary::ARID1A+PIK3CA+RBM10	same_stage_one_event	ARID1A	1	0.018016063085629714	0.00011050537792839252	1.990871860059273e-06
rule_a_one_step	primary::ARID1A+SMARCA4+STK11	primary::ARID1A+RBM10+SMARCA4+STK11	same_stage_one_event	RBM10	1	0.035848510035800335	7.367025195226167e-05	2.6409687664505917e-06
rule_a_one_step	primary::SETD2+SMARCA4+TP53	primary::ARID1A+SETD2+SMARCA4+TP53	same_stage_one_event	ARID1A	1	0.1540463491313308	0.00011050537792839252	1.702295002924681e-05
rule_a_one_step	primary::ARID1A+SMARCA4+TP53	primary::ARID1A+SETD2+SMARCA4+TP53	same_stage_one_event	SETD2	1	0.051550007709512374	0.00014734050390452334	7.5954041122016165e-06
rule_a_one_step	primary::ARID1A+SETD2+TP53	primary::ARID1A+SETD2+SMARCA4+TP53	same_stage_one_event	SMARCA4	1	0.07968853956766417	7.367025195226167e-05	5.870674787657593e-06
rule_a_one_step	primary::SMARCA4	primary::ARID1A+SMARCA4	same_stage_one_event	ARID1A	1	0.018527366960807527	0.0005893620156180934	1.0919326336117593e-05
rule_a_one_step	primary::ARID1A	primary::ARID1A+SMARCA4	same_stage_one_event	SMARCA4	1	0.014927557612428225	0.001105053779283925	1.6495753955092336e-05
rule_a_one_step	primary::BRAF+CDKN2A+EGFR+KRAS+PIK3CA+TP53	primary::ATM+BRAF+CDKN2A+EGFR+KRAS+PIK3CA+TP53	same_stage_one_event	ATM	1	0.156159746547537	7.367025195226167e-05	1.1504327872958376e-05
rule_a_one_step	primary::BRAF+CDKN2A+KRAS+TP53	primary::ATM+BRAF+CDKN2A+KRAS+TP53	same_stage_one_event	ATM	1	0.09823672488535148	7.367025195226167e-05	7.2371242732688576e-06
rule_a_one_step	primary::ATM+CDKN2A+KRAS+TP53	primary::ATM+BRAF+CDKN2A+KRAS+TP53	same_stage_one_event	BRAF	1	0.04819271362455268	0.00011050537792839252	5.325554032475985e-06
rule_a_one_step	primary::ATM+BRAF+KRAS+TP53	primary::ATM+BRAF+CDKN2A+KRAS+TP53	same_stage_one_event	CDKN2A	1	0.08569546027314663	3.6835125976130835e-05	3.1566030747438714e-06
rule_a_one_step	primary::BRAF+EGFR+KRAS	primary::ATM+BRAF+EGFR+KRAS	same_stage_one_event	ATM	1	0.030742678190648538	3.6835125976130835e-05	1.1324104239961888e-06
rule_a_one_step	primary::ATM+EGFR+KRAS	primary::ATM+BRAF+EGFR+KRAS	same_stage_one_event	BRAF	1	0.016888680643559868	0.00014734050390452334	2.4883867163046806e-06
rule_a_one_step	primary::ATM+BRAF+KRAS	primary::ATM+BRAF+EGFR+KRAS	same_stage_one_event	EGFR	1	0.0010400155730983527	0.00011050537792839252	1.149273139566472e-07
rule_a_one_step	primary::BRAF+EGFR+KRAS+MET+PIK3CA+STK11+TP53	primary::ATM+BRAF+EGFR+KRAS+MET+PIK3CA+STK11+TP53	same_stage_one_event	ATM	1	0.14641916142989467	0.00014734050390452334	2.1573473026358427e-05
rule_a_one_step	primary::ATM+EGFR+KRAS+MET+PIK3CA+STK11+TP53	primary::ATM+BRAF+EGFR+KRAS+MET+PIK3CA+STK11+TP53	same_stage_one_event	BRAF	1	0.07873384481897261	3.6835125976130835e-05	2.9001710924919923e-06
rule_a_one_step	primary::ATM+EGFR+STK11	primary::ATM+BRAF+EGFR+STK11	same_stage_one_event	BRAF	1	0.058038789690206004	3.6835125976130835e-05	2.1378661297409016e-06
rule_a_one_step	primary::ATM+BRAF+STK11	primary::ATM+BRAF+EGFR+STK11	same_stage_one_event	EGFR	1	0.002792875167663041	0.00022101075585678504	6.172554518188539e-07
rule_a_one_step	primary::ATM+EGFR+STK11+TP53	primary::ATM+BRAF+EGFR+STK11+TP53	same_stage_one_event	BRAF	1	0.07074992117133778	0.00011050537792839252	7.818246777442662e-06
rule_a_one_step	primary::ATM+BRAF+STK11+TP53	primary::ATM+BRAF+EGFR+STK11+TP53	same_stage_one_event	EGFR	1	0.0003426733091862496	3.6835125976130835e-05	1.2622414512533136e-08
rule_a_one_step	primary::ATM+BRAF+EGFR+STK11	primary::ATM+BRAF+EGFR+STK11+TP53	same_stage_one_event	TP53	1	0.043476283488568794	3.6835125976130835e-05	1.6014543792754086e-06
rule_a_one_step	primary::BRAF+KEAP1+KRAS	primary::ATM+BRAF+KEAP1+KRAS	same_stage_one_event	ATM	1	0.0662321085884671	7.367025195226167e-05	4.879336127041926e-06
rule_a_one_step	primary::ATM+KEAP1+KRAS	primary::ATM+BRAF+KEAP1+KRAS	same_stage_one_event	BRAF	1	0.03392626318775237	0.0002946810078090467	9.997425427361829e-06
rule_a_one_step	primary::ATM+BRAF+KRAS	primary::ATM+BRAF+KEAP1+KRAS	same_stage_one_event	KEAP1	1	0.020633851460905163	0.00011050537792839252	2.280151553805639e-06
rule_a_one_step	primary::ATM+BRAF+KEAP1	primary::ATM+BRAF+KEAP1+KRAS	same_stage_one_event	KRAS	1	0.20765599297220294	7.367025195226167e-05	1.5298069321659268e-05
rule_a_one_step	primary::BRAF+KEAP1+KRAS+STK11	primary::ATM+BRAF+KEAP1+KRAS+STK11	same_stage_one_event	ATM	1	0.1423451650986685	0.00014734050390452334	2.0973208354010386e-05
rule_a_one_step	primary::ATM+KEAP1+KRAS+STK11	primary::ATM+BRAF+KEAP1+KRAS+STK11	same_stage_one_event	BRAF	1	0.0492692917981015	0.0004788566376897009	2.3592927411791643e-05
rule_a_one_step	primary::ATM+BRAF+KRAS+STK11	primary::ATM+BRAF+KEAP1+KRAS+STK11	same_stage_one_event	KEAP1	1	0.3715634887490015	7.367025195226167e-05	2.7373175832400286e-05
rule_a_one_step	primary::ATM+BRAF+KEAP1+STK11	primary::ATM+BRAF+KEAP1+KRAS+STK11	same_stage_one_event	KRAS	1	0.3030891043142844	7.367025195226167e-05	2.232865067881865e-05
rule_a_one_step	primary::ATM+BRAF+KEAP1+KRAS	primary::ATM+BRAF+KEAP1+KRAS+STK11	same_stage_one_event	STK11	1	0.09826114036482408	3.6835125976130835e-05	3.61946148389657e-06
rule_a_one_step	primary::BRAF+KEAP1+NF1+STK11	primary::ATM+BRAF+KEAP1+NF1+STK11	same_stage_one_event	ATM	1	0.1364403983970894	3.6835125976130835e-05	5.025799263190268e-06
rule_a_one_step	primary::ATM+KEAP1+NF1+STK11	primary::ATM+BRAF+KEAP1+NF1+STK11	same_stage_one_event	BRAF	1	0.03997298643847468	3.6835125976130835e-05	1.4724099911033844e-06
rule_a_one_step	primary::ATM+BRAF+KEAP1+STK11	primary::ATM+BRAF+KEAP1+NF1+STK11	same_stage_one_event	NF1	1	0.06299380235609507	7.367025195226167e-05	4.640769291004499e-06
rule_a_one_step	primary::BRAF+KRAS+MET	primary::ATM+BRAF+KRAS+MET	same_stage_one_event	ATM	1	0.052639378865979025	3.6835125976130835e-05	1.9389781518336164e-06
rule_a_one_step	primary::ATM+KRAS+MET	primary::ATM+BRAF+KRAS+MET	same_stage_one_event	BRAF	1	0.045522931827391255	0.00011050537792839252	5.030528785994319e-06
rule_a_one_step	primary::ATM+BRAF+KRAS	primary::ATM+BRAF+KRAS+MET	same_stage_one_event	MET	1	0.003467695065163253	0.00011050537792839252	3.83198953716287e-07
rule_a_one_step	primary::BRAF+KRAS+NF1	primary::ATM+BRAF+KRAS+NF1	same_stage_one_event	ATM	1	0.09174874162706469	7.367025195226167e-05	6.759152911968814e-06
rule_a_one_step	primary::ATM+KRAS+NF1	primary::ATM+BRAF+KRAS+NF1	same_stage_one_event	BRAF	1	0.037229265895645916	0.00025784588183291586	9.599412894854921e-06
rule_a_one_step	primary::ATM+BRAF+KRAS	primary::ATM+BRAF+KRAS+NF1	same_stage_one_event	NF1	1	0.04279926094453705	0.00011050537792839252	4.729548505731957e-06
rule_a_one_step	primary::ATM+KRAS+NF1+RBM10+SETD2	primary::ATM+BRAF+KRAS+NF1+RBM10+SETD2	same_stage_one_event	BRAF	1	0.06643558043391252	7.367025195226167e-05	4.894325949161082e-06
rule_a_one_step	primary::BRAF+KRAS+SETD2	primary::ATM+BRAF+KRAS+SETD2	same_stage_one_event	ATM	1	0.10475608034507547	7.367025195226167e-05	7.717406832553076e-06
rule_a_one_step	primary::ATM+KRAS+SETD2	primary::ATM+BRAF+KRAS+SETD2	same_stage_one_event	BRAF	1	0.047315964325437256	0.00025784588183291586	1.2200226546267157e-05
rule_a_one_step	primary::ATM+BRAF+SETD2	primary::ATM+BRAF+KRAS+SETD2	same_stage_one_event	KRAS	1	0.1628777783418308	3.6835125976130835e-05	5.999623483933651e-06
rule_a_one_step	primary::ATM+BRAF+KRAS	primary::ATM+BRAF+KRAS+SETD2	same_stage_one_event	SETD2	1	0.18297948009185752	0.00011050537792839252	2.022021660069149e-05
rule_a_one_step	primary::ATM+KRAS+SMARCA4	primary::ATM+BRAF+KRAS+SMARCA4	same_stage_one_event	BRAF	1	0.042949349945424396	0.00022101075585678504	9.492268294995815e-06
rule_a_one_step	primary::ATM+BRAF+KRAS	primary::ATM+BRAF+KRAS+SMARCA4	same_stage_one_event	SMARCA4	1	0.03579349134975892	0.00011050537792839252	3.955373288981758e-06
rule_a_one_step	primary::BRAF+KRAS+TP53	primary::ATM+BRAF+KRAS+TP53	same_stage_one_event	ATM	1	0.08611672826111569	0.0007367025195226168	6.344241068300847e-05
rule_a_one_step	primary::ATM+KRAS+TP53	primary::ATM+BRAF+KRAS+TP53	same_stage_one_event	BRAF	1	0.044307933961259656	0.001105053779283925	4.8962649876152556e-05
rule_a_one_step	primary::ATM+BRAF+TP53	primary::ATM+BRAF+KRAS+TP53	same_stage_one_event	KRAS	1	0.016715420023245116	0.00011050537792839252	1.8471438069005211e-06
rule_a_one_step	primary::ATM+BRAF+KRAS	primary::ATM+BRAF+KRAS+TP53	same_stage_one_event	TP53	1	0.2117734904691174	0.00011050537792839252	2.340210959950465e-05
rule_a_one_step	primary::BRAF+NF1+SETD2	primary::ATM+BRAF+NF1+SETD2	same_stage_one_event	ATM	1	0.1389209265039088	3.6835125976130835e-05	5.117169828492294e-06
rule_a_one_step	primary::ATM+NF1+SETD2	primary::ATM+BRAF+NF1+SETD2	same_stage_one_event	BRAF	1	0.05874623147282125	7.367025195226167e-05	4.327849673848626e-06
rule_a_one_step	primary::ATM+BRAF+SETD2	primary::ATM+BRAF+NF1+SETD2	same_stage_one_event	NF1	1	0.07720006125155623	3.6835125976130835e-05	2.8436739815660907e-06
rule_a_one_step	primary::BRAF+NF1+SMARCA4+TP53	primary::ATM+BRAF+NF1+SMARCA4+TP53	same_stage_one_event	ATM	1	0.11782341666279236	7.367025195226167e-05	8.68008079142422e-06
rule_a_one_step	primary::ATM+BRAF+NF1+TP53	primary::ATM+BRAF+NF1+SMARCA4+TP53	same_stage_one_event	SMARCA4	1	0.08204569035853092	3.6835125976130835e-05	3.0221633401551096e-06
rule_a_one_step	primary::BRAF+NF1+TP53	primary::ATM+BRAF+NF1+TP53	same_stage_one_event	ATM	1	0.11052457003513261	0.00033151613378517756	3.664067814631625e-05
rule_a_one_step	primary::ATM+NF1+TP53	primary::ATM+BRAF+NF1+TP53	same_stage_one_event	BRAF	1	0.08208765096633401	0.00014734050390452334	1.2094835857718285e-05
rule_a_one_step	primary::ATM+BRAF+TP53	primary::ATM+BRAF+NF1+TP53	same_stage_one_event	NF1	1	0.145226588464185	0.00011050537792839252	1.6048319043485894e-05
rule_a_one_step	primary::BRAF+PIK3CA+SETD2	primary::ATM+BRAF+PIK3CA+SETD2	same_stage_one_event	ATM	1	0.11285488334238647	0.0001841756298806542	2.0785119224691777e-05
rule_a_one_step	primary::ATM+BRAF+SETD2	primary::ATM+BRAF+PIK3CA+SETD2	same_stage_one_event	PIK3CA	1	0.03921509539162396	3.6835125976130835e-05	1.4444929789164564e-06
rule_a_one_step	primary::BRAF+SETD2	primary::ATM+BRAF+SETD2	same_stage_one_event	ATM	1	0.08912096504261906	0.0013260645351407102	0.00011818015108053213
rule_a_one_step	primary::ATM+SETD2	primary::ATM+BRAF+SETD2	same_stage_one_event	BRAF	1	0.04301798524303466	3.6835125976130835e-05	1.584572905666519e-06
rule_a_one_step	primary::ATM+BRAF	primary::ATM+BRAF+SETD2	same_stage_one_event	SETD2	1	0.16193986288515713	0.00033151613378517756	5.368567724938906e-05
rule_a_one_step	primary::BRAF+SMARCA4+STK11	primary::ATM+BRAF+SMARCA4+STK11	same_stage_one_event	ATM	1	0.06499215303496751	3.6835125976130835e-05	2.3939941445030023e-06
rule_a_one_step	primary::ATM+SMARCA4+STK11	primary::ATM+BRAF+SMARCA4+STK11	same_stage_one_event	BRAF	1	0.03698356370312639	3.6835125976130835e-05	1.3622942280509203e-06
rule_a_one_step	primary::ATM+BRAF+STK11	primary::ATM+BRAF+SMARCA4+STK11	same_stage_one_event	SMARCA4	1	0.10753397343485015	0.00022101075585678504	2.3766164749119673e-05
rule_a_one_step	primary::BRAF+STK11+TP53	primary::ATM+BRAF+STK11+TP53	same_stage_one_event	ATM	1	0.04991565100475385	0.0005156917636658317	2.574109010116966e-05
rule_a_one_step	primary::ATM+STK11+TP53	primary::ATM+BRAF+STK11+TP53	same_stage_one_event	BRAF	1	0.062590558141186	0.00022101075585678504	1.3833186564281567e-05
rule_a_one_step	primary::ATM+BRAF+TP53	primary::ATM+BRAF+STK11+TP53	same_stage_one_event	STK11	1	0.26679652014531985	0.00011050537792839252	2.948245028863856e-05
rule_a_one_step	primary::ATM+BRAF+STK11	primary::ATM+BRAF+STK11+TP53	same_stage_one_event	TP53	1	0.006953872635747218	0.00022101075585678504	1.5368806473583066e-06
rule_a_one_step	primary::ATM+KEAP1+KRAS+RBM10+STK11	primary::ATM+CDKN2A+KEAP1+KRAS+RBM10+STK11	same_stage_one_event	CDKN2A	1	0.04979977524483916	3.6835125976130835e-05	1.8343809947266523e-06
rule_a_one_step	primary::CDKN2A+KEAP1+KRAS+TP53	primary::ATM+CDKN2A+KEAP1+KRAS+TP53	same_stage_one_event	ATM	1	0.11927356376286803	0.00014734050390452334	1.757382698730927e-05
rule_a_one_step	primary::ATM+KEAP1+KRAS+TP53	primary::ATM+CDKN2A+KEAP1+KRAS+TP53	same_stage_one_event	CDKN2A	1	0.13150545250346785	0.00014734050390452334	1.9376079638053312e-05
rule_a_one_step	primary::ATM+CDKN2A+KRAS+TP53	primary::ATM+CDKN2A+KEAP1+KRAS+TP53	same_stage_one_event	KEAP1	1	0.0390380999161264	0.00011050537792839252	4.313919984837896e-06
rule_a_one_step	primary::ATM+CDKN2A+KEAP1+TP53	primary::ATM+CDKN2A+KEAP1+KRAS+TP53	same_stage_one_event	KRAS	1	0.09983994510948475	3.6835125976130835e-05	3.677616955557859e-06
rule_a_one_step	primary::ATM+KEAP1+NF1+TP53	primary::ATM+CDKN2A+KEAP1+NF1+TP53	same_stage_one_event	CDKN2A	1	0.08980591112169796	0.00014734050390452334	1.3232048198275815e-05
rule_a_one_step	primary::ATM+CDKN2A+NF1+TP53	primary::ATM+CDKN2A+KEAP1+NF1+TP53	same_stage_one_event	KEAP1	1	0.056094780953705695	3.6835125976130835e-05	2.066258323033214e-06
rule_a_one_step	primary::ATM+CDKN2A+KEAP1+TP53	primary::ATM+CDKN2A+KEAP1+NF1+TP53	same_stage_one_event	NF1	1	0.1426476447526251	3.6835125976130835e-05	5.254443964661304e-06
rule_a_one_step	primary::CDKN2A+KEAP1+TP53	primary::ATM+CDKN2A+KEAP1+TP53	same_stage_one_event	ATM	1	0.07858058821369793	0.0004051863857374392	3.1839784527430275e-05
rule_a_one_step	primary::ATM+KEAP1+TP53	primary::ATM+CDKN2A+KEAP1+TP53	same_stage_one_event	CDKN2A	1	0.0888764996642966	0.00014734050390452334	1.3095108245807662e-05
rule_a_one_step	primary::ATM+CDKN2A+TP53	primary::ATM+CDKN2A+KEAP1+TP53	same_stage_one_event	KEAP1	1	0.04707238326964632	0.00014734050390452334	6.935668670936543e-06
rule_a_one_step	primary::CDKN2A+KRAS+NF1+TP53	primary::ATM+CDKN2A+KRAS+NF1+TP53	same_stage_one_event	ATM	1	0.14953911557046448	3.6835125976130835e-05	5.508292160397247e-06
rule_a_one_step	primary::ATM+KRAS+NF1+TP53	primary::ATM+CDKN2A+KRAS+NF1+TP53	same_stage_one_event	CDKN2A	1	0.0857288840790752	0.0001841756298806542	1.578917122422926e-05
rule_a_one_step	primary::ATM+CDKN2A+NF1+TP53	primary::ATM+CDKN2A+KRAS+NF1+TP53	same_stage_one_event	KRAS	1	0.038802123550088344	3.6835125976130835e-05	1.429281109108897e-06
rule_a_one_step	primary::ATM+CDKN2A+KRAS+TP53	primary::ATM+CDKN2A+KRAS+NF1+TP53	same_stage_one_event	NF1	1	0.10004893838673762	0.00011050537792839252	1.1055945747760898e-05
rule_a_one_step	primary::CDKN2A+KRAS+PIK3CA+TP53	primary::ATM+CDKN2A+KRAS+PIK3CA+TP53	same_stage_one_event	ATM	1	0.11079001010022585	0.00011050537792839252	1.2242891936815881e-05
rule_a_one_step	primary::ATM+KRAS+PIK3CA+TP53	primary::ATM+CDKN2A+KRAS+PIK3CA+TP53	same_stage_one_event	CDKN2A	1	0.09816078663959586	0.00011050537792839252	1.0847294825356844e-05
rule_a_one_step	primary::ATM+CDKN2A+KRAS+TP53	primary::ATM+CDKN2A+KRAS+PIK3CA+TP53	same_stage_one_event	PIK3CA	1	0.06999538034555271	0.00011050537792839252	7.73486595832688e-06
rule_a_one_step	primary::CDKN2A+KRAS+RBM10	primary::ATM+CDKN2A+KRAS+RBM10	same_stage_one_event	ATM	1	0.13434465708266233	3.6835125976130835e-05	4.948602367859965e-06
rule_a_one_step	primary::ATM+KRAS+RBM10	primary::ATM+CDKN2A+KRAS+RBM10	same_stage_one_event	CDKN2A	1	0.0489210111102098	0.0014365699130691027	7.02784526778467e-05
rule_a_one_step	primary::ATM+CDKN2A+KRAS	primary::ATM+CDKN2A+KRAS+RBM10	same_stage_one_event	RBM10	1	0.13643124826337955	0.00014734050390452334	2.0101848867449466e-05
rule_a_one_step	primary::CDKN2A+KRAS+STK11	primary::ATM+CDKN2A+KRAS+STK11	same_stage_one_event	ATM	1	0.08681765036690249	0.0004420215117135701	3.8375269058598424e-05
rule_a_one_step	primary::ATM+KRAS+STK11	primary::ATM+CDKN2A+KRAS+STK11	same_stage_one_event	CDKN2A	1	0.02956791934178405	0.002504788566376897	7.4061386298855e-05
rule_a_one_step	primary::ATM+CDKN2A+KRAS	primary::ATM+CDKN2A+KRAS+STK11	same_stage_one_event	STK11	1	0.2533534335934121	0.00014734050390452334	3.732922257159453e-05
rule_a_one_step	primary::ATM+CDKN2A+SETD2	primary::ATM+CDKN2A+MET+SETD2	same_stage_one_event	MET	1	0.0619292967279852	3.6835125976130835e-05	2.281173446588522e-06
rule_a_one_step	primary::CDKN2A+NF1+TP53	primary::ATM+CDKN2A+NF1+TP53	same_stage_one_event	ATM	1	0.11346074616471544	0.0004420215117135701	5.015209053987717e-05
rule_a_one_step	primary::ATM+NF1+TP53	primary::ATM+CDKN2A+NF1+TP53	same_stage_one_event	CDKN2A	1	0.06883993822061366	0.00014734050390452334	1.0142911186181471e-05
rule_a_one_step	primary::ATM+CDKN2A+TP53	primary::ATM+CDKN2A+NF1+TP53	same_stage_one_event	NF1	1	0.12487361180516462	0.00014734050390452334	1.839894088775079e-05
rule_a_one_step	primary::ATM+SETD2	primary::ATM+CDKN2A+SETD2	same_stage_one_event	CDKN2A	1	0.008559461280879843	3.6835125976130835e-05	3.152888345690232e-07
rule_a_one_step	primary::CDKN2A+SMARCA4+TP53	primary::ATM+CDKN2A+SMARCA4+TP53	same_stage_one_event	ATM	1	0.0739949956623157	0.0005156917636658317	3.815860981554515e-05
rule_a_one_step	primary::ATM+SMARCA4+TP53	primary::ATM+CDKN2A+SMARCA4+TP53	same_stage_one_event	CDKN2A	1	0.06906546991076257	7.367025195226167e-05	5.088070569527225e-06
rule_a_one_step	primary::ATM+CDKN2A+TP53	primary::ATM+CDKN2A+SMARCA4+TP53	same_stage_one_event	SMARCA4	1	0.09335177467152328	0.00014734050390452334	1.3754497520483759e-05
rule_a_one_step	primary::EGFR+KEAP1+KRAS	primary::ATM+EGFR+KEAP1+KRAS	same_stage_one_event	ATM	1	0.02835378815448152	3.6835125976130835e-05	1.044415358570853e-06
rule_a_one_step	primary::ATM+KEAP1+KRAS	primary::ATM+EGFR+KEAP1+KRAS	same_stage_one_event	EGFR	1	0.002913060651702398	0.0002946810078090467	8.58423648652541e-07
rule_a_one_step	primary::ATM+EGFR+KRAS	primary::ATM+EGFR+KEAP1+KRAS	same_stage_one_event	KEAP1	1	0.006108994828428978	0.00014734050390452334	9.001023763708527e-07
rule_a_one_step	primary::EGFR+KEAP1+PIK3CA	primary::ATM+EGFR+KEAP1+PIK3CA	same_stage_one_event	ATM	1	0.05478491541870583	3.6835125976130835e-05	2.0180092610397017e-06
rule_a_one_step	primary::ATM+KEAP1+PIK3CA	primary::ATM+EGFR+KEAP1+PIK3CA	same_stage_one_event	EGFR	1	0.0515936860313397	3.6835125976130835e-05	1.9004599245373397e-06
rule_a_one_step	primary::ATM+EGFR+PIK3CA	primary::ATM+EGFR+KEAP1+PIK3CA	same_stage_one_event	KEAP1	1	0.014047123823104435	0.00025784588183291586	3.6219930293845235e-06
rule_a_one_step	primary::EGFR+KRAS+MET+PIK3CA+STK11+TP53	primary::ATM+EGFR+KRAS+MET+PIK3CA+STK11+TP53	same_stage_one_event	ATM	1	0.1401255064332676	0.00014734050390452334	2.0646162727754176e-05
rule_a_one_step	primary::ATM+EGFR+KRAS+PIK3CA+STK11+TP53	primary::ATM+EGFR+KRAS+MET+PIK3CA+STK11+TP53	same_stage_one_event	MET	1	0.0006858628528281023	7.367025195226167e-05	5.052768917254326e-08
rule_a_one_step	primary::EGFR+KRAS+SETD2	primary::ATM+EGFR+KRAS+SETD2	same_stage_one_event	ATM	1	0.04820707098757477	7.367025195226167e-05	3.551427065535197e-06
rule_a_one_step	primary::ATM+KRAS+SETD2	primary::ATM+EGFR+KRAS+SETD2	same_stage_one_event	EGFR	1	0.0064773760756614614	0.00025784588183291586	1.6701647461923615e-06
rule_a_one_step	primary::ATM+EGFR+KRAS	primary::ATM+EGFR+KRAS+SETD2	same_stage_one_event	SETD2	1	0.028598803364718216	0.00014734050390452334	4.2137620988239595e-06
rule_a_one_step	primary::EGFR+KRAS+STK11	primary::ATM+EGFR+KRAS+STK11	same_stage_one_event	ATM	1	0.11773903961906816	0.00014734050390452334	1.734772942670814e-05
rule_a_one_step	primary::ATM+KRAS+STK11	primary::ATM+EGFR+KRAS+STK11	same_stage_one_event	EGFR	1	0.0008693267879296409	0.002504788566376897	2.177479798851318e-06
rule_a_one_step	primary::ATM+EGFR+STK11	primary::ATM+EGFR+KRAS+STK11	same_stage_one_event	KRAS	1	0.2815680749154304	3.6835125976130835e-05	1.0371595510366523e-05
rule_a_one_step	primary::ATM+EGFR+KRAS	primary::ATM+EGFR+KRAS+STK11	same_stage_one_event	STK11	1	0.05318347355090642	0.00014734050390452334	7.83607979238344e-06
rule_a_one_step	primary::EGFR+MET	primary::ATM+EGFR+MET	same_stage_one_event	ATM	1	0.02424464886998238	0.0004420215117135701	1.071665634447431e-05
rule_a_one_step	primary::ATM+MET	primary::ATM+EGFR+MET	same_stage_one_event	EGFR	1	0.10781054700597031	0.0004788566376897009	5.1625796046766395e-05
rule_a_one_step	primary::ATM+EGFR	primary::ATM+EGFR+MET	same_stage_one_event	MET	1	0.03293221273210224	0.0019522616767349344	6.429229684696548e-05
rule_a_one_step	primary::EGFR+MET+PIK3CA	primary::ATM+EGFR+MET+PIK3CA	same_stage_one_event	ATM	1	0.04822637906568104	0.00014734050390452334	7.105698993027999e-06
rule_a_one_step	primary::ATM+EGFR+PIK3CA	primary::ATM+EGFR+MET+PIK3CA	same_stage_one_event	MET	1	0.046563776586699614	0.00025784588183291586	1.2006278035468443e-05
rule_a_one_step	primary::ATM+EGFR+MET	primary::ATM+EGFR+MET+PIK3CA	same_stage_one_event	PIK3CA	1	0.12100884569295424	3.6835125976130835e-05	4.457376075326146e-06
rule_a_one_step	primary::EGFR+MET+PIK3CA+TP53	primary::ATM+EGFR+MET+PIK3CA+TP53	same_stage_one_event	ATM	1	0.11480056256304612	7.367025195226167e-05	8.457386368280986e-06
rule_a_one_step	primary::ATM+EGFR+PIK3CA+TP53	primary::ATM+EGFR+MET+PIK3CA+TP53	same_stage_one_event	MET	1	0.032020824493953486	7.367025195226167e-05	2.358982208188705e-06
rule_a_one_step	primary::ATM+EGFR+MET+TP53	primary::ATM+EGFR+MET+PIK3CA+TP53	same_stage_one_event	PIK3CA	1	0.30754926802634713	0.00011050537792839252	3.3985848094851976e-05
rule_a_one_step	primary::ATM+EGFR+MET+PIK3CA	primary::ATM+EGFR+MET+PIK3CA+TP53	same_stage_one_event	TP53	1	0.3326362849262185	3.6835125976130835e-05	1.2252699459489408e-05
rule_a_one_step	primary::ATM+EGFR+STK11	primary::ATM+EGFR+MET+STK11	same_stage_one_event	MET	1	0.011452053952125058	3.6835125976130835e-05	4.218378500119735e-07
rule_a_one_step	primary::ATM+EGFR+MET	primary::ATM+EGFR+MET+STK11	same_stage_one_event	STK11	1	0.04200251597485454	3.6835125976130835e-05	1.5471679672482149e-06
rule_a_one_step	primary::EGFR+RBM10+SMARCA4	primary::ATM+EGFR+RBM10+SMARCA4	same_stage_one_event	ATM	1	0.08376558419669554	0.00014734050390452334	1.2342063385397898e-05
rule_a_one_step	primary::ATM+EGFR+RBM10	primary::ATM+EGFR+RBM10+SMARCA4	same_stage_one_event	SMARCA4	1	0.05075580811307341	0.0005156917636658317	2.6174352202115356e-05
rule_a_one_step	primary::EGFR+SETD2+TP53	primary::ATM+EGFR+SETD2+TP53	same_stage_one_event	ATM	1	0.12425000061691717	0.0008472078974510093	0.00010526558178094501
rule_a_one_step	primary::ATM+SETD2+TP53	primary::ATM+EGFR+SETD2+TP53	same_stage_one_event	EGFR	1	0.0273379039102543	3.6835125976130835e-05	1.006995134457577e-06
rule_a_one_step	primary::ATM+EGFR+TP53	primary::ATM+EGFR+SETD2+TP53	same_stage_one_event	SETD2	1	0.05780950319088745	0.0010313835273316634	5.962376931430855e-05
rule_a_one_step	primary::ATM+EGFR+STK11+TP53	primary::ATM+EGFR+SMARCA4+STK11+TP53	same_stage_one_event	SMARCA4	1	0.1798127921733553	0.00011050537792839252	1.9870280555476127e-05
rule_a_one_step	primary::EGFR+STK11	primary::ATM+EGFR+STK11	same_stage_one_event	ATM	1	0.08067602565652848	0.0004051863857374392	3.2688827251429694e-05
rule_a_one_step	primary::ATM+STK11	primary::ATM+EGFR+STK11	same_stage_one_event	EGFR	1	0.011439940765755436	0.0003683512597613084	4.2139165926607616e-06
rule_a_one_step	primary::ATM+EGFR	primary::ATM+EGFR+STK11	same_stage_one_event	STK11	1	0.046229357573611476	0.0019522616767349344	9.025180313103759e-05
rule_a_one_step	primary::KEAP1+KRAS+MET+STK11+TP53	primary::ATM+KEAP1+KRAS+MET+STK11+TP53	same_stage_one_event	ATM	1	0.10597087235127522	3.6835125976130835e-05	3.903450432859703e-06
rule_a_one_step	primary::ATM+KEAP1+KRAS+STK11+TP53	primary::ATM+KEAP1+KRAS+MET+STK11+TP53	same_stage_one_event	MET	1	0.0011244605100999628	3.6835125976130835e-05	4.141964454471647e-08
rule_a_one_step	primary::KEAP1+KRAS+RBM10+SMARCA4+STK11	primary::ATM+KEAP1+KRAS+RBM10+SMARCA4+STK11	same_stage_one_event	ATM	1	0.3511316800221737	0.00022101075585678504	7.76038780069634e-05
rule_a_one_step	primary::ATM+KRAS+RBM10+SMARCA4+STK11	primary::ATM+KEAP1+KRAS+RBM10+SMARCA4+STK11	same_stage_one_event	KEAP1	1	0.6612827930457114	7.367025195226167e-05	4.871686997537287e-05
rule_a_one_step	primary::ATM+KEAP1+RBM10+SMARCA4+STK11	primary::ATM+KEAP1+KRAS+RBM10+SMARCA4+STK11	same_stage_one_event	KRAS	1	0.8315309232252418	3.6835125976130835e-05	3.062954631005016e-05
rule_a_one_step	primary::ATM+KEAP1+KRAS+SMARCA4+STK11	primary::ATM+KEAP1+KRAS+RBM10+SMARCA4+STK11	same_stage_one_event	RBM10	1	0.35110661748081284	0.00014734050390452334	5.173222594383569e-05
rule_a_one_step	primary::ATM+KEAP1+KRAS+RBM10+STK11	primary::ATM+KEAP1+KRAS+RBM10+SMARCA4+STK11	same_stage_one_event	SMARCA4	1	0.5973667218266301	3.6835125976130835e-05	2.2004078452432225e-05
rule_a_one_step	primary::KEAP1+KRAS+RBM10+STK11	primary::ATM+KEAP1+KRAS+RBM10+STK11	same_stage_one_event	ATM	1	0.19074979573930226	0.0006998673935464859	0.00013349956236359005
rule_a_one_step	primary::ATM+KRAS+RBM10+STK11	primary::ATM+KEAP1+KRAS+RBM10+STK11	same_stage_one_event	KEAP1	1	0.561073798500634	0.00014734050390452334	8.26688961987084e-05
rule_a_one_step	primary::ATM+KEAP1+KRAS+STK11	primary::ATM+KEAP1+KRAS+RBM10+STK11	same_stage_one_event	RBM10	1	0.19231133323070695	0.0004788566376897009	9.208955842047997e-05
rule_a_one_step	primary::KEAP1+KRAS+SETD2	primary::ATM+KEAP1+KRAS+SETD2	same_stage_one_event	ATM	1	0.10051495951153033	0.00011050537792839252	1.1107443588278731e-05
rule_a_one_step	primary::ATM+KRAS+SETD2	primary::ATM+KEAP1+KRAS+SETD2	same_stage_one_event	KEAP1	1	0.0326879599621684	0.00025784588183291586	8.428455861764359e-06
rule_a_one_step	primary::ATM+KEAP1+KRAS	primary::ATM+KEAP1+KRAS+SETD2	same_stage_one_event	SETD2	1	0.06903814429313025	0.0002946810078090467	2.0344229937566007e-05
rule_a_one_step	primary::KEAP1+KRAS+SETD2+STK11	primary::ATM+KEAP1+KRAS+SETD2+STK11	same_stage_one_event	ATM	1	0.17156581018620035	0.00011050537792839252	1.8958944694216924e-05
rule_a_one_step	primary::ATM+KRAS+SETD2+STK11	primary::ATM+KEAP1+KRAS+SETD2+STK11	same_stage_one_event	KEAP1	1	0.4361793832778448	7.367025195226167e-05	3.213344506246094e-05
rule_a_one_step	primary::ATM+KEAP1+SETD2+STK11	primary::ATM+KEAP1+KRAS+SETD2+STK11	same_stage_one_event	KRAS	1	0.5756956937274127	3.6835125976130835e-05	2.120582340236528e-05
rule_a_one_step	primary::ATM+KEAP1+KRAS+STK11	primary::ATM+KEAP1+KRAS+SETD2+STK11	same_stage_one_event	SETD2	1	0.05003226799892731	0.0004788566376897009	2.395828362995635e-05
rule_a_one_step	primary::ATM+KEAP1+KRAS+SETD2	primary::ATM+KEAP1+KRAS+SETD2+STK11	same_stage_one_event	STK11	1	0.08911162151479174	3.6835125976130835e-05	3.2824378044346444e-06
rule_a_one_step	primary::KEAP1+KRAS+STK11+TP53	primary::ATM+KEAP1+KRAS+STK11+TP53	same_stage_one_event	ATM	1	0.1097351073323239	0.0005525268896419625	6.063159753885584e-05
rule_a_one_step	primary::ATM+KRAS+STK11+TP53	primary::ATM+KEAP1+KRAS+STK11+TP53	same_stage_one_event	KEAP1	1	0.44477619718588307	0.00014734050390452334	6.553354901810565e-05
rule_a_one_step	primary::ATM+KEAP1+STK11+TP53	primary::ATM+KEAP1+KRAS+STK11+TP53	same_stage_one_event	KRAS	1	0.12053214650310651	7.367025195226167e-05	8.879633601230771e-06
rule_a_one_step	primary::ATM+KEAP1+KRAS+TP53	primary::ATM+KEAP1+KRAS+STK11+TP53	same_stage_one_event	STK11	1	0.14845471828244822	0.00014734050390452334	2.1873392998739975e-05
rule_a_one_step	primary::ATM+KEAP1+KRAS+STK11	primary::ATM+KEAP1+KRAS+STK11+TP53	same_stage_one_event	TP53	1	0.02385875201143512	0.0004788566376897009	1.142492176766821e-05
rule_a_one_step	primary::KEAP1+MET+PIK3CA+TP53	primary::ATM+KEAP1+MET+PIK3CA+TP53	same_stage_one_event	ATM	1	0.07787086823175816	3.6835125976130835e-05	2.8683832411874967e-06
rule_a_one_step	primary::ATM+KEAP1+PIK3CA+TP53	primary::ATM+KEAP1+MET+PIK3CA+TP53	same_stage_one_event	MET	1	0.043325469013782175	3.6835125976130835e-05	1.5958991090976194e-06
rule_a_one_step	primary::ATM+MET+SMARCA4+TP53	primary::ATM+KEAP1+MET+SMARCA4+TP53	same_stage_one_event	KEAP1	1	0.02605938417446482	3.6835125976130835e-05	9.59900698926802e-07
rule_a_one_step	primary::ATM+KEAP1+SMARCA4+TP53	primary::ATM+KEAP1+MET+SMARCA4+TP53	same_stage_one_event	MET	1	0.05141874246089138	7.367025195226167e-05	3.788031712162323e-06
rule_a_one_step	primary::ATM+KEAP1+NF1+SMARCA4+STK11+TP53	primary::ATM+KEAP1+NF1+SETD2+SMARCA4+STK11+TP53	same_stage_one_event	SETD2	1	0.07347772037450317	3.6835125976130835e-05	2.70656108643374e-06
rule_a_one_step	primary::KEAP1+NF1+SMARCA4+STK11+TP53	primary::ATM+KEAP1+NF1+SMARCA4+STK11+TP53	same_stage_one_event	ATM	1	0.21845532352816138	7.367025195226167e-05	1.6093658724632485e-05
rule_a_one_step	primary::ATM+KEAP1+SMARCA4+STK11+TP53	primary::ATM+KEAP1+NF1+SMARCA4+STK11+TP53	same_stage_one_event	NF1	1	0.23535161363935447	7.367025195226167e-05	1.733841267418259e-05
rule_a_one_step	primary::KEAP1+NF1+STK11	primary::ATM+KEAP1+NF1+STK11	same_stage_one_event	ATM	1	0.10182109683436594	0.0004420215117135701	4.500711514706023e-05
rule_a_one_step	primary::ATM+NF1+STK11	primary::ATM+KEAP1+NF1+STK11	same_stage_one_event	KEAP1	1	0.32670551846649304	0.00011050537792839252	3.610271678943124e-05
rule_a_one_step	primary::ATM+KEAP1+STK11	primary::ATM+KEAP1+NF1+STK11	same_stage_one_event	NF1	1	0.026158726537973142	0.00014734050390452334	3.85423994960559e-06
rule_a_one_step	primary::ATM+PIK3CA	primary::ATM+KEAP1+PIK3CA	same_stage_one_event	KEAP1	1	0.016427721597870037	0.00011050537792839252	1.8153515836750446e-06
rule_a_one_step	primary::ATM+KEAP1	primary::ATM+KEAP1+PIK3CA	same_stage_one_event	PIK3CA	1	0.012354966345744702	0.00011050537792839252	1.365290225329089e-06
rule_a_one_step	primary::KEAP1+PIK3CA+SMARCA4+STK11+TP53	primary::ATM+KEAP1+PIK3CA+SMARCA4+STK11+TP53	same_stage_one_event	ATM	1	0.12646129558738003	3.6835125976130835e-05	4.658217754065862e-06
rule_a_one_step	primary::ATM+KEAP1+SMARCA4+STK11+TP53	primary::ATM+KEAP1+PIK3CA+SMARCA4+STK11+TP53	same_stage_one_event	PIK3CA	1	0.024665401546656914	7.367025195226167e-05	1.8171063464459195e-06
rule_a_one_step	primary::KEAP1+PIK3CA+TP53	primary::ATM+KEAP1+PIK3CA+TP53	same_stage_one_event	ATM	1	0.07668171448123795	0.00025784588183291586	1.9772064290874673e-05
rule_a_one_step	primary::ATM+KEAP1+TP53	primary::ATM+KEAP1+PIK3CA+TP53	same_stage_one_event	PIK3CA	1	0.039578518084581876	0.00014734050390452334	5.831518798376584e-06
rule_a_one_step	primary::ATM+KEAP1+PIK3CA	primary::ATM+KEAP1+PIK3CA+TP53	same_stage_one_event	TP53	1	0.034016643715477204	3.6835125976130835e-05	1.2530073565447622e-06
rule_a_one_step	primary::KEAP1+RBM10+SMARCA4+STK11	primary::ATM+KEAP1+RBM10+SMARCA4+STK11	same_stage_one_event	ATM	1	0.07384379280956066	3.6835125976130835e-05	2.720045410695471e-06
rule_a_one_step	primary::ATM+KEAP1+SMARCA4+STK11	primary::ATM+KEAP1+RBM10+SMARCA4+STK11	same_stage_one_event	RBM10	1	0.04308755006573347	7.367025195226167e-05	3.1742706693482737e-06
rule_a_one_step	primary::KEAP1+SETD2+STK11	primary::ATM+KEAP1+SETD2+STK11	same_stage_one_event	ATM	1	0.07167180887100462	0.00011050537792839252	7.920120326101881e-06
rule_a_one_step	primary::ATM+KEAP1+STK11	primary::ATM+KEAP1+SETD2+STK11	same_stage_one_event	SETD2	1	0.013187509315283532	0.00014734050390452334	1.9430542677594712e-06
rule_a_one_step	primary::KEAP1+SETD2+TP53	primary::ATM+KEAP1+SETD2+TP53	same_stage_one_event	ATM	1	0.0957287465452166	0.00025784588183291586	2.4683263069711073e-05
rule_a_one_step	primary::ATM+SETD2+TP53	primary::ATM+KEAP1+SETD2+TP53	same_stage_one_event	KEAP1	1	0.04799319196615822	3.6835125976130835e-05	1.7678352720700683e-06
rule_a_one_step	primary::ATM+KEAP1+TP53	primary::ATM+KEAP1+SETD2+TP53	same_stage_one_event	SETD2	1	0.05828490165846824	0.00014734050390452334	8.587726780384299e-06
rule_a_one_step	primary::KRAS+MET+PIK3CA	primary::ATM+KRAS+MET+PIK3CA	same_stage_one_event	ATM	1	0.08206145635753175	0.0001841756298806542	1.5113720413572224e-05
rule_a_one_step	primary::ATM+KRAS+PIK3CA	primary::ATM+KRAS+MET+PIK3CA	same_stage_one_event	MET	1	0.014148077417902272	0.00022101075585678504	3.1268772840508925e-06
rule_a_one_step	primary::ATM+KRAS+MET	primary::ATM+KRAS+MET+PIK3CA	same_stage_one_event	PIK3CA	1	0.09369463256806876	0.00011050537792839252	1.0353760781796312e-05
rule_a_one_step	primary::ATM+KRAS+RBM10+SMARCA4	primary::ATM+KRAS+MET+RBM10+SMARCA4	same_stage_one_event	MET	1	0.023656123994564893	7.367025195226167e-05	1.7427526148935386e-06
rule_a_one_step	primary::ATM+KRAS+MET+RBM10	primary::ATM+KRAS+MET+RBM10+SMARCA4	same_stage_one_event	SMARCA4	1	0.05625900685006503	7.367025195226167e-05	4.144615209228306e-06
rule_a_one_step	primary::ATM+KRAS+SETD2	primary::ATM+KRAS+MET+SETD2	same_stage_one_event	MET	1	0.01316078166161325	0.00025784588183291586	3.393453353149136e-06
rule_a_one_step	primary::ATM+KRAS+MET	primary::ATM+KRAS+MET+SETD2	same_stage_one_event	SETD2	1	0.0504940428119692	0.00011050537792839252	5.579863284069088e-06
rule_a_one_step	primary::KRAS+NF1+PIK3CA	primary::ATM+KRAS+NF1+PIK3CA	same_stage_one_event	ATM	1	0.12816452444405393	7.367025195226167e-05	9.441912807135252e-06
rule_a_one_step	primary::ATM+KRAS+PIK3CA	primary::ATM+KRAS+NF1+PIK3CA	same_stage_one_event	NF1	1	0.0531159051690698	0.00022101075585678504	1.1739186349433432e-05
rule_a_one_step	primary::ATM+KRAS+NF1	primary::ATM+KRAS+NF1+PIK3CA	same_stage_one_event	PIK3CA	1	0.035420679268136475	0.00025784588183291586	9.13307628101353e-06
rule_a_one_step	primary::KRAS+NF1+PIK3CA+TP53	primary::ATM+KRAS+NF1+PIK3CA+TP53	same_stage_one_event	ATM	1	0.1427143980032051	0.00011050537792839252	1.5770708487167205e-05
rule_a_one_step	primary::ATM+NF1+PIK3CA+TP53	primary::ATM+KRAS+NF1+PIK3CA+TP53	same_stage_one_event	KRAS	1	0.038188836916345184	7.367025195226167e-05	2.8133812373909816e-06
rule_a_one_step	primary::ATM+KRAS+PIK3CA+TP53	primary::ATM+KRAS+NF1+PIK3CA+TP53	same_stage_one_event	NF1	1	0.10363550685586527	0.00011050537792839252	1.1452280851907906e-05
rule_a_one_step	primary::ATM+KRAS+NF1+TP53	primary::ATM+KRAS+NF1+PIK3CA+TP53	same_stage_one_event	PIK3CA	1	0.05389142169273008	0.0001841756298806542	9.925486535422513e-06
rule_a_one_step	primary::ATM+KRAS+NF1+PIK3CA	primary::ATM+KRAS+NF1+PIK3CA+TP53	same_stage_one_event	TP53	1	0.11380478486905192	3.6835125976130835e-05	4.192013587337996e-06
rule_a_one_step	primary::KRAS+NF1+SETD2	primary::ATM+KRAS+NF1+SETD2	same_stage_one_event	ATM	1	0.135257279725439	7.367025195226167e-05	9.964437875750625e-06
rule_a_one_step	primary::ATM+NF1+SETD2	primary::ATM+KRAS+NF1+SETD2	same_stage_one_event	KRAS	1	0.23448992353233666	7.367025195226167e-05	1.7274931746893816e-05
rule_a_one_step	primary::ATM+KRAS+SETD2	primary::ATM+KRAS+NF1+SETD2	same_stage_one_event	NF1	1	0.05107441221601528	0.00025784588183291586	1.3169326856936311e-05
rule_a_one_step	primary::ATM+KRAS+NF1	primary::ATM+KRAS+NF1+SETD2	same_stage_one_event	SETD2	1	0.06340512648018194	0.00025784588183291586	1.634875075001008e-05
rule_a_one_step	primary::ATM+KRAS+SETD2+SMARCA4	primary::ATM+KRAS+NF1+SETD2+SMARCA4	same_stage_one_event	NF1	1	0.05383662269150424	3.6835125976130835e-05	1.9830787789709827e-06
rule_a_one_step	primary::ATM+KRAS+NF1+SMARCA4	primary::ATM+KRAS+NF1+SETD2+SMARCA4	same_stage_one_event	SETD2	1	0.06644243362242733	7.367025195226167e-05	4.894830825285644e-06
rule_a_one_step	primary::ATM+KRAS+NF1+SETD2	primary::ATM+KRAS+NF1+SETD2+SMARCA4	same_stage_one_event	SMARCA4	1	0.06123842246243664	3.6835125976130835e-05	2.2557250059833737e-06
rule_a_one_step	primary::ATM+KRAS+SETD2+STK11+TP53	primary::ATM+KRAS+NF1+SETD2+STK11+TP53	same_stage_one_event	NF1	1	0.08021483892123782	3.6835125976130835e-05	2.954723696818838e-06
rule_a_one_step	primary::KRAS+PIK3CA+RBM10+TP53	primary::ATM+KRAS+PIK3CA+RBM10+TP53	same_stage_one_event	ATM	1	0.133354409670754	7.367025195226167e-05	9.824252959389566e-06
rule_a_one_step	primary::ATM+PIK3CA+RBM10+TP53	primary::ATM+KRAS+PIK3CA+RBM10+TP53	same_stage_one_event	KRAS	1	0.09705119182392959	3.6835125976130835e-05	3.5748928769680852e-06
rule_a_one_step	primary::ATM+KRAS+RBM10+TP53	primary::ATM+KRAS+PIK3CA+RBM10+TP53	same_stage_one_event	PIK3CA	1	0.06902971712148087	0.00033151613378517756	2.2884464936397816e-05
rule_a_one_step	primary::ATM+KRAS+PIK3CA+TP53	primary::ATM+KRAS+PIK3CA+RBM10+TP53	same_stage_one_event	RBM10	1	0.10752256426144935	0.00011050537792839252	1.188182159954133e-05
rule_a_one_step	primary::KRAS+PIK3CA+SETD2	primary::ATM+KRAS+PIK3CA+SETD2	same_stage_one_event	ATM	1	0.1313341095630436	0.00011050537792839252	1.4513125412153042e-05
rule_a_one_step	primary::ATM+KRAS+SETD2	primary::ATM+KRAS+PIK3CA+SETD2	same_stage_one_event	PIK3CA	1	0.05011536066597686	0.00025784588183291586	1.292203936429343e-05
rule_a_one_step	primary::ATM+KRAS+PIK3CA	primary::ATM+KRAS+PIK3CA+SETD2	same_stage_one_event	SETD2	1	0.07115628235288801	0.00022101075585678504	1.5726303746770593e-05
rule_a_one_step	primary::KRAS+PIK3CA+STK11+TP53	primary::ATM+KRAS+PIK3CA+STK11+TP53	same_stage_one_event	ATM	1	0.06879431726609724	0.00011050537792839252	7.602142028815814e-06
rule_a_one_step	primary::ATM+KRAS+STK11+TP53	primary::ATM+KRAS+PIK3CA+STK11+TP53	same_stage_one_event	PIK3CA	1	0.02305704821480227	0.00014734050390452334	3.3972371025198567e-06
rule_a_one_step	primary::ATM+KRAS+PIK3CA+TP53	primary::ATM+KRAS+PIK3CA+STK11+TP53	same_stage_one_event	STK11	1	0.36873698791479276	0.00011050537792839252	4.074742020570128e-05
rule_a_one_step	primary::ATM+KRAS+PIK3CA+STK11	primary::ATM+KRAS+PIK3CA+STK11+TP53	same_stage_one_event	TP53	1	0.007381051052395941	0.00011050537792839252	8.156458360537728e-07
rule_a_one_step	primary::KRAS+RBM10+SETD2+STK11	primary::ATM+KRAS+RBM10+SETD2+STK11	same_stage_one_event	ATM	1	0.12964103605216587	3.6835125976130835e-05	4.775343894657649e-06
rule_a_one_step	primary::ATM+KRAS+SETD2+STK11	primary::ATM+KRAS+RBM10+SETD2+STK11	same_stage_one_event	RBM10	1	0.15952575796415822	7.367025195226167e-05	1.175230278209505e-05
rule_a_one_step	primary::ATM+KRAS+RBM10+STK11	primary::ATM+KRAS+RBM10+SETD2+STK11	same_stage_one_event	SETD2	1	0.04528925816759966	0.00014734050390452334	6.672942119876184e-06
rule_a_one_step	primary::ATM+KRAS+RBM10+SETD2	primary::ATM+KRAS+RBM10+SETD2+STK11	same_stage_one_event	STK11	1	0.19421066639901668	0.00011050537792839252	2.14613230881483e-05
rule_a_one_step	primary::KRAS+RBM10+SETD2+STK11+TP53	primary::ATM+KRAS+RBM10+SETD2+STK11+TP53	same_stage_one_event	ATM	1	0.09406385968685971	3.6835125976130835e-05	3.464854121366572e-06
rule_a_one_step	primary::ATM+KRAS+SETD2+STK11+TP53	primary::ATM+KRAS+RBM10+SETD2+STK11+TP53	same_stage_one_event	RBM10	1	0.09532118426455613	3.6835125976130835e-05	3.5111678305789054e-06
rule_a_one_step	primary::ATM+KRAS+RBM10+SETD2+STK11	primary::ATM+KRAS+RBM10+SETD2+STK11+TP53	same_stage_one_event	TP53	1	0.003511627828655851	3.6835125976130835e-05	1.2935125344982507e-07
rule_a_one_step	primary::KRAS+SETD2+SMARCA4	primary::ATM+KRAS+SETD2+SMARCA4	same_stage_one_event	ATM	1	0.09796396196708929	0.00014734050390452334	1.4434059520714494e-05
rule_a_one_step	primary::ATM+KRAS+SMARCA4	primary::ATM+KRAS+SETD2+SMARCA4	same_stage_one_event	SETD2	1	0.06086070883716669	0.00022101075585678504	1.3450871262081927e-05
rule_a_one_step	primary::ATM+KRAS+SETD2	primary::ATM+KRAS+SETD2+SMARCA4	same_stage_one_event	SMARCA4	1	0.054620414688046307	0.00025784588183291586	1.408364899131885e-05
rule_a_one_step	primary::KRAS+SETD2+SMARCA4+TP53	primary::ATM+KRAS+SETD2+SMARCA4+TP53	same_stage_one_event	ATM	1	0.13018548195119997	0.00014734050390452334	1.9181594511743032e-05
rule_a_one_step	primary::ATM+KRAS+SMARCA4+TP53	primary::ATM+KRAS+SETD2+SMARCA4+TP53	same_stage_one_event	SETD2	1	0.06045388005785446	3.6835125976130835e-05	2.2268262876769726e-06
rule_a_one_step	primary::ATM+KRAS+SETD2+TP53	primary::ATM+KRAS+SETD2+SMARCA4+TP53	same_stage_one_event	SMARCA4	1	0.07355258206641764	0.00014734050390452334	1.0837274505144782e-05
rule_a_one_step	primary::ATM+KRAS+SETD2+SMARCA4	primary::ATM+KRAS+SETD2+SMARCA4+TP53	same_stage_one_event	TP53	1	0.20757386313509332	3.6835125976130835e-05	7.646009397933303e-06
rule_a_one_step	primary::KRAS+SETD2+STK11+TP53	primary::ATM+KRAS+SETD2+STK11+TP53	same_stage_one_event	ATM	1	0.08615261024883215	0.00011050537792839252	9.5203267550647e-06
rule_a_one_step	primary::ATM+KRAS+STK11+TP53	primary::ATM+KRAS+SETD2+STK11+TP53	same_stage_one_event	SETD2	1	0.028208454669076097	0.00014734050390452334	4.156247925309576e-06
rule_a_one_step	primary::ATM+KRAS+SETD2+TP53	primary::ATM+KRAS+SETD2+STK11+TP53	same_stage_one_event	STK11	1	0.293342319961322	0.00014734050390452334	4.32212052396231e-05
rule_a_one_step	primary::ATM+KRAS+SETD2+STK11	primary::ATM+KRAS+SETD2+STK11+TP53	same_stage_one_event	TP53	1	0.011658102697343029	7.367025195226167e-05	8.588553629986023e-07
rule_a_one_step	primary::ATM+KRAS+STK11+TP53	primary::ATM+KRAS+SMARCA4+STK11+TP53	same_stage_one_event	SMARCA4	1	0.14613253621829686	0.00014734050390452334	2.1531241523249867e-05
rule_a_one_step	primary::ATM+KRAS+SMARCA4+TP53	primary::ATM+KRAS+SMARCA4+STK11+TP53	same_stage_one_event	STK11	1	0.36645257889535554	3.6835125976130835e-05	1.3498326907888445e-05
rule_a_one_step	primary::ATM+KRAS+SMARCA4+STK11	primary::ATM+KRAS+SMARCA4+STK11+TP53	same_stage_one_event	TP53	1	0.019167776733256224	0.00022101075585678504	4.236284823911056e-06
rule_a_one_step	primary::KRAS+SMARCA4+TP53	primary::ATM+KRAS+SMARCA4+TP53	same_stage_one_event	ATM	1	0.09588052179904928	0.0006630322675703551	6.357187978425251e-05
rule_a_one_step	primary::ATM+SMARCA4+TP53	primary::ATM+KRAS+SMARCA4+TP53	same_stage_one_event	KRAS	1	0.07641544466827732	7.367025195226167e-05	5.629545061756101e-06
rule_a_one_step	primary::ATM+KRAS+TP53	primary::ATM+KRAS+SMARCA4+TP53	same_stage_one_event	SMARCA4	1	0.0548809359054146	0.001105053779283925	6.064638563291727e-05
rule_a_one_step	primary::ATM+KRAS+SMARCA4	primary::ATM+KRAS+SMARCA4+TP53	same_stage_one_event	TP53	1	0.25711092726570894	0.00022101075585678504	5.682428037403322e-05
rule_a_one_step	primary::MET+NF1+TP53	primary::ATM+MET+NF1+TP53	same_stage_one_event	ATM	1	0.10583893274807185	0.0003683512597613084	3.898590420954466e-05
rule_a_one_step	primary::ATM+NF1+TP53	primary::ATM+MET+NF1+TP53	same_stage_one_event	MET	1	0.051440664560918795	0.00014734050390452334	7.579293437589331e-06
rule_a_one_step	primary::ATM+MET+TP53	primary::ATM+MET+NF1+TP53	same_stage_one_event	NF1	1	0.1318878552081511	3.6835125976130835e-05	4.8581057613139495e-06
rule_a_one_step	primary::ATM+MET+NF1	primary::ATM+MET+NF1+TP53	same_stage_one_event	TP53	1	0.14551201665738248	7.367025195226167e-05	1.0719906929231064e-05
rule_a_one_step	primary::MET+SMARCA4	primary::ATM+MET+SMARCA4	same_stage_one_event	ATM	1	0.034013194338222995	0.00011050537792839252	3.7586408948971928e-06
rule_a_one_step	primary::ATM+SMARCA4	primary::ATM+MET+SMARCA4	same_stage_one_event	MET	1	0.05216407577198016	3.6835125976130835e-05	1.9214703024893235e-06
rule_a_one_step	primary::ATM+MET	primary::ATM+MET+SMARCA4	same_stage_one_event	SMARCA4	1	0.018161084183179566	0.0004788566376897009	8.696555708756974e-06
rule_a_one_step	primary::MET+SMARCA4+TP53	primary::ATM+MET+SMARCA4+TP53	same_stage_one_event	ATM	1	0.06514970708967202	3.6835125976130835e-05	2.399797667956093e-06
rule_a_one_step	primary::ATM+SMARCA4+TP53	primary::ATM+MET+SMARCA4+TP53	same_stage_one_event	MET	1	0.051018318841912776	7.367025195226167e-05	3.758532403264533e-06
rule_a_one_step	primary::ATM+MET+TP53	primary::ATM+MET+SMARCA4+TP53	same_stage_one_event	SMARCA4	1	0.04886759300240339	3.6835125976130835e-05	1.8000439443938185e-06
rule_a_one_step	primary::ATM+MET+SMARCA4	primary::ATM+MET+SMARCA4+TP53	same_stage_one_event	TP53	1	0.10917716114191088	3.6835125976130835e-05	4.021554484378623e-06
rule_a_one_step	primary::MET+TP53	primary::ATM+MET+TP53	same_stage_one_event	ATM	1	0.061484903377091685	0.003204655959923383	0.0001970379620527102
rule_a_one_step	primary::ATM+TP53	primary::ATM+MET+TP53	same_stage_one_event	MET	1	0.04749328062007039	0.0008840430234271402	4.198610339184063e-05
rule_a_one_step	primary::ATM+MET	primary::ATM+MET+TP53	same_stage_one_event	TP53	1	0.10001306857235	0.0004788566376897009	4.7891921741585015e-05
rule_a_one_step	primary::NF1+RBM10+SETD2	primary::ATM+NF1+RBM10+SETD2	same_stage_one_event	ATM	1	0.1363574794355127	7.367025195226167e-05	1.0045489865589561e-05
rule_a_one_step	primary::ATM+RBM10+SETD2	primary::ATM+NF1+RBM10+SETD2	same_stage_one_event	NF1	1	0.04041878468541148	3.6835125976130835e-05	1.4888310256892394e-06
rule_a_one_step	primary::ATM+NF1+SETD2	primary::ATM+NF1+RBM10+SETD2	same_stage_one_event	RBM10	1	0.10136127894286946	7.367025195226167e-05	7.467310957924669e-06
rule_a_one_step	primary::ATM+NF1+RBM10	primary::ATM+NF1+RBM10+SETD2	same_stage_one_event	SETD2	1	0.05413446240717402	0.00011050537792839252	5.982149227255122e-06
rule_a_one_step	primary::NF1+RBM10+SMARCA4	primary::ATM+NF1+RBM10+SMARCA4	same_stage_one_event	ATM	1	0.09801947241334738	3.6835125976130835e-05	3.610559614459532e-06
rule_a_one_step	primary::ATM+NF1+RBM10	primary::ATM+NF1+RBM10+SMARCA4	same_stage_one_event	SMARCA4	1	0.045278060405121306	0.00011050537792839252	5.003469176932515e-06
rule_a_one_step	primary::NF1+RBM10+TP53	primary::ATM+NF1+RBM10+TP53	same_stage_one_event	ATM	1	0.1357932400119636	0.0004051863857374392	5.502157212802415e-05
rule_a_one_step	primary::ATM+RBM10+TP53	primary::ATM+NF1+RBM10+TP53	same_stage_one_event	NF1	1	0.16212370101985382	0.00014734050390452334	2.3887387803131547e-05
rule_a_one_step	primary::ATM+NF1+TP53	primary::ATM+NF1+RBM10+TP53	same_stage_one_event	RBM10	1	0.10260680454060099	0.00014734050390452334	1.5118138285045083e-05
rule_a_one_step	primary::ATM+NF1+RBM10	primary::ATM+NF1+RBM10+TP53	same_stage_one_event	TP53	1	0.031094374421908384	0.00011050537792839252	3.4360955969399276e-06
rule_a_one_step	primary::PIK3CA+RBM10+TP53	primary::ATM+PIK3CA+RBM10+TP53	same_stage_one_event	ATM	1	0.07319980773220364	0.00014734050390452334	1.0785296556977108e-05
rule_a_one_step	primary::ATM+RBM10+TP53	primary::ATM+PIK3CA+RBM10+TP53	same_stage_one_event	PIK3CA	1	0.038670321259978754	0.00014734050390452334	5.697704620595072e-06
rule_a_one_step	primary::PIK3CA+SETD2+TP53	primary::ATM+PIK3CA+SETD2+TP53	same_stage_one_event	ATM	1	0.08787288120211069	3.6835125976130835e-05	3.2368086489653263e-06
rule_a_one_step	primary::ATM+SETD2+TP53	primary::ATM+PIK3CA+SETD2+TP53	same_stage_one_event	PIK3CA	1	0.046091089818025885	3.6835125976130835e-05	1.6977710998241448e-06
rule_a_one_step	primary::PIK3CA+SMARCA4+TP53	primary::ATM+PIK3CA+SMARCA4+TP53	same_stage_one_event	ATM	1	0.06693802424494308	0.0001841756298806542	1.2328352778278892e-05
rule_a_one_step	primary::ATM+SMARCA4+TP53	primary::ATM+PIK3CA+SMARCA4+TP53	same_stage_one_event	PIK3CA	1	0.04435401763550746	7.367025195226167e-05	3.2675716543028924e-06
rule_a_one_step	primary::RBM10+SETD2	primary::ATM+RBM10+SETD2	same_stage_one_event	ATM	1	0.0568652746700355	0.00014734050390452334	8.378558224552158e-06
rule_a_one_step	primary::ATM+SETD2	primary::ATM+RBM10+SETD2	same_stage_one_event	RBM10	1	0.04429221265458595	3.6835125976130835e-05	1.6315092328932498e-06
rule_a_one_step	primary::ATM+RBM10	primary::ATM+RBM10+SETD2	same_stage_one_event	SETD2	1	0.02481192808606464	0.00022101075585678504	5.483702980565339e-06
rule_a_one_step	primary::SETD2	primary::ATM+SETD2	same_stage_one_event	ATM	1	0.04725749390677394	0.002541623692353028	0.0001201107661546855
rule_a_one_step	primary::ATM	primary::ATM+SETD2	same_stage_one_event	SETD2	1	0.02209493214032319	0.0016575806689258876	3.662413239702901e-05
rule_a_one_step	primary::SETD2+TP53	primary::ATM+SETD2+TP53	same_stage_one_event	ATM	1	0.08586299841418271	0.000920878149403271	7.906935908186857e-05
rule_a_one_step	primary::ATM+TP53	primary::ATM+SETD2+TP53	same_stage_one_event	SETD2	1	0.04897982351581716	0.0008840430234271402	4.330027126785074e-05
rule_a_one_step	primary::ATM+SETD2	primary::ATM+SETD2+TP53	same_stage_one_event	TP53	1	0.05962491737809416	3.6835125976130835e-05	2.196291342938491e-06
rule_a_one_step	primary::SMARCA4	primary::ATM+SMARCA4	same_stage_one_event	ATM	1	0.02952994736957	0.0005893620156180934	1.740382930282599e-05
rule_a_one_step	primary::ATM	primary::ATM+SMARCA4	same_stage_one_event	SMARCA4	1	0.01689518366573943	0.0016575806689258876	2.8005129842282095e-05
rule_a_one_step	primary::SMARCA4+STK11	primary::ATM+SMARCA4+STK11	same_stage_one_event	ATM	1	0.0361948694789392	0.0003683512597613084	1.3332425769463386e-05
rule_a_one_step	primary::ATM+STK11	primary::ATM+SMARCA4+STK11	same_stage_one_event	SMARCA4	1	0.046467228211189864	0.0003683512597613084	1.7116262049207993e-05
rule_a_one_step	primary::ATM+SMARCA4	primary::ATM+SMARCA4+STK11	same_stage_one_event	STK11	1	0.08328502434964842	3.6835125976130835e-05	3.067814363844424e-06
rule_a_one_step	primary::CDKN2A+EGFR+KRAS+MET+PIK3CA	primary::BRAF+CDKN2A+EGFR+KRAS+MET+PIK3CA	same_stage_one_event	BRAF	1	0.017907387207532207	7.367025195226167e-05	1.3192417273856053e-06
rule_a_one_step	primary::BRAF+EGFR+KRAS+MET+PIK3CA	primary::BRAF+CDKN2A+EGFR+KRAS+MET+PIK3CA	same_stage_one_event	CDKN2A	1	0.02516307624555052	3.6835125976130835e-05	9.268850834518388e-07
rule_a_one_step	primary::BRAF+CDKN2A+EGFR+KRAS+MET+PIK3CA	primary::BRAF+CDKN2A+EGFR+KRAS+MET+PIK3CA+STK11	same_stage_one_event	STK11	1	0.031167915219246813	3.6835125976130835e-05	1.1480740835143218e-06
rule_a_one_step	primary::CDKN2A+EGFR+MET+PIK3CA+STK11+TP53	primary::BRAF+CDKN2A+EGFR+MET+PIK3CA+STK11+TP53	same_stage_one_event	BRAF	1	0.11558841842327822	7.367025195226167e-05	8.515427908006352e-06
rule_a_one_step	primary::BRAF+EGFR+MET+PIK3CA+STK11+TP53	primary::BRAF+CDKN2A+EGFR+MET+PIK3CA+STK11+TP53	same_stage_one_event	CDKN2A	1	0.1357338818933671	3.6835125976130835e-05	4.999774638771442e-06
rule_a_one_step	primary::BRAF+CDKN2A+EGFR+MET+STK11+TP53	primary::BRAF+CDKN2A+EGFR+MET+PIK3CA+STK11+TP53	same_stage_one_event	PIK3CA	1	0.1676870181617578	7.367025195226167e-05	1.2353544877100176e-05
rule_a_one_step	primary::CDKN2A+KEAP1	primary::BRAF+CDKN2A+KEAP1	same_stage_one_event	BRAF	1	0.02413101345405262	7.367025195226167e-05	1.7777378410234729e-06
rule_a_one_step	primary::BRAF+KEAP1	primary::BRAF+CDKN2A+KEAP1	same_stage_one_event	CDKN2A	1	0.031361777255611914	0.0001841756298806542	5.7760750802290986e-06
rule_a_one_step	primary::BRAF+CDKN2A	primary::BRAF+CDKN2A+KEAP1	same_stage_one_event	KEAP1	1	0.035116734625983664	0.0002946810078090467	1.0348234750547712e-05
rule_a_one_step	primary::CDKN2A+KEAP1+SMARCA4+STK11+TP53	primary::BRAF+CDKN2A+KEAP1+SMARCA4+STK11+TP53	same_stage_one_event	BRAF	1	0.12055039072579361	3.6835125976130835e-05	4.440488828856402e-06
rule_a_one_step	primary::CDKN2A+KRAS+MET+TP53	primary::BRAF+CDKN2A+KRAS+MET+TP53	same_stage_one_event	BRAF	1	0.05057119534358471	0.00011050537792839252	5.588389053733392e-06
rule_a_one_step	primary::BRAF+CDKN2A+MET+TP53	primary::BRAF+CDKN2A+KRAS+MET+TP53	same_stage_one_event	KRAS	1	0.008547364524786822	0.00011050537792839252	9.445297471033029e-07
rule_a_one_step	primary::BRAF+CDKN2A+KRAS+TP53	primary::BRAF+CDKN2A+KRAS+MET+TP53	same_stage_one_event	MET	1	0.001582544907067216	7.367025195226167e-05	1.1658648202941033e-07
rule_a_one_step	primary::BRAF+KRAS+NF1	primary::BRAF+CDKN2A+KRAS+NF1	same_stage_one_event	CDKN2A	1	0.02468089525364813	7.367025195226167e-05	1.818247771743637e-06
rule_a_one_step	primary::BRAF+CDKN2A+KRAS	primary::BRAF+CDKN2A+KRAS+NF1	same_stage_one_event	NF1	1	0.02399155112914877	0.00014734050390452334	3.534927232819916e-06
rule_a_one_step	primary::CDKN2A+KRAS+NF1+PIK3CA+TP53	primary::BRAF+CDKN2A+KRAS+NF1+PIK3CA+TP53	same_stage_one_event	BRAF	1	0.05686456820469924	3.6835125976130835e-05	2.0946135333983804e-06
rule_a_one_step	primary::CDKN2A+KRAS+PIK3CA+STK11	primary::BRAF+CDKN2A+KRAS+PIK3CA+STK11	same_stage_one_event	BRAF	1	0.047501316153788074	3.6835125976130835e-05	1.7497169645568023e-06
rule_a_one_step	primary::BRAF+CDKN2A+KRAS+STK11	primary::BRAF+CDKN2A+KRAS+PIK3CA+STK11	same_stage_one_event	PIK3CA	1	0.020624929231187444	3.6835125976130835e-05	7.597218664795728e-07
rule_a_one_step	primary::CDKN2A+KRAS+SMARCA4+STK11	primary::BRAF+CDKN2A+KRAS+SMARCA4+STK11	same_stage_one_event	BRAF	1	0.038184000778558866	0.00011050537792839252	4.219537436852682e-06
rule_a_one_step	primary::BRAF+CDKN2A+KRAS+STK11	primary::BRAF+CDKN2A+KRAS+SMARCA4+STK11	same_stage_one_event	SMARCA4	1	0.1460224570849393	3.6835125976130835e-05	5.378755602067898e-06
rule_a_one_step	primary::CDKN2A+KRAS+STK11	primary::BRAF+CDKN2A+KRAS+STK11	same_stage_one_event	BRAF	1	0.033510831267076734	0.0004420215117135701	1.4812508295451629e-05
rule_a_one_step	primary::BRAF+KRAS+STK11	primary::BRAF+CDKN2A+KRAS+STK11	same_stage_one_event	CDKN2A	1	0.03329676687273082	0.0002946810078090467	9.811924818839197e-06
rule_a_one_step	primary::BRAF+CDKN2A+STK11	primary::BRAF+CDKN2A+KRAS+STK11	same_stage_one_event	KRAS	1	0.12502490659338678	3.6835125976130835e-05	4.605308184521393e-06
rule_a_one_step	primary::BRAF+CDKN2A+KRAS	primary::BRAF+CDKN2A+KRAS+STK11	same_stage_one_event	STK11	1	0.12074174402131314	0.00014734050390452334	1.7790149406411248e-05
rule_a_one_step	primary::CDKN2A+MET+PIK3CA+TP53	primary::BRAF+CDKN2A+MET+PIK3CA+TP53	same_stage_one_event	BRAF	1	0.14759967791861953	3.6835125976130835e-05	5.436852730168687e-06
rule_a_one_step	primary::BRAF+CDKN2A+PIK3CA+TP53	primary::BRAF+CDKN2A+MET+PIK3CA+TP53	same_stage_one_event	MET	1	0.018326373242049453	7.367025195226167e-05	1.3501085341129699e-06
rule_a_one_step	primary::BRAF+CDKN2A+MET+TP53	primary::BRAF+CDKN2A+MET+PIK3CA+TP53	same_stage_one_event	PIK3CA	1	0.16145570844442617	0.00011050537792839252	1.784172408034767e-05
rule_a_one_step	primary::CDKN2A+STK11	primary::BRAF+CDKN2A+STK11	same_stage_one_event	BRAF	1	0.031697832086044396	7.367025195226167e-05	2.3351872761193746e-06
rule_a_one_step	primary::BRAF+STK11	primary::BRAF+CDKN2A+STK11	same_stage_one_event	CDKN2A	1	0.02027622012186267	0.0010313835273316634	2.0912559430239972e-05
rule_a_one_step	primary::BRAF+CDKN2A	primary::BRAF+CDKN2A+STK11	same_stage_one_event	STK11	1	0.10041480509156428	0.0002946810078090467	2.9590335963331153e-05
rule_a_one_step	primary::CDKN2A+STK11+TP53	primary::BRAF+CDKN2A+STK11+TP53	same_stage_one_event	BRAF	1	0.044746871047118573	0.0001841756298806542	8.241283160291472e-06
rule_a_one_step	primary::BRAF+STK11+TP53	primary::BRAF+CDKN2A+STK11+TP53	same_stage_one_event	CDKN2A	1	0.05326091199268602	0.0005156917636658317	2.74662136399589e-05
rule_a_one_step	primary::BRAF+CDKN2A+TP53	primary::BRAF+CDKN2A+STK11+TP53	same_stage_one_event	STK11	1	0.21893351667703367	0.0002946810078090467	6.451554933756701e-05
rule_a_one_step	primary::BRAF+CDKN2A+STK11	primary::BRAF+CDKN2A+STK11+TP53	same_stage_one_event	TP53	1	0.02020035517839112	3.6835125976130835e-05	7.440826277586239e-07
rule_a_one_step	primary::BRAF+KEAP1+NF1+TP53	primary::BRAF+EGFR+KEAP1+NF1+TP53	same_stage_one_event	EGFR	1	0.0007618057244493669	7.367025195226167e-05	5.612241965886009e-08
rule_a_one_step	primary::EGFR+KRAS	primary::BRAF+EGFR+KRAS	same_stage_one_event	BRAF	1	0.006205041316100976	0.0006630322675703551	4.1141426141821704e-06
rule_a_one_step	primary::BRAF+KRAS	primary::BRAF+EGFR+KRAS	same_stage_one_event	EGFR	1	0.0012195468059906318	0.001141888905260056	1.3925869672060404e-06
rule_a_one_step	primary::BRAF+EGFR	primary::BRAF+EGFR+KRAS	same_stage_one_event	KRAS	1	0.00868713604560614	0.00033151613378517756	2.8799257555052036e-06
rule_a_one_step	primary::EGFR+KRAS+MET+PIK3CA	primary::BRAF+EGFR+KRAS+MET+PIK3CA	same_stage_one_event	BRAF	1	0.017483687103742453	0.00011050537792839252	1.9320414509808223e-06
rule_a_one_step	primary::EGFR+KRAS+PIK3CA+TP53	primary::BRAF+EGFR+KRAS+PIK3CA+TP53	same_stage_one_event	BRAF	1	0.04969975297561075	0.00011050537792839252	5.492089985517617e-06
rule_a_one_step	primary::BRAF+KRAS+PIK3CA+TP53	primary::BRAF+EGFR+KRAS+PIK3CA+TP53	same_stage_one_event	EGFR	1	0.00024103578754408522	0.00011050537792839252	2.6635750796826863e-08
rule_a_one_step	primary::BRAF+EGFR+PIK3CA+TP53	primary::BRAF+EGFR+KRAS+PIK3CA+TP53	same_stage_one_event	KRAS	1	0.002539725614212114	7.367025195226167e-05	1.8710222588861896e-07
rule_a_one_step	primary::EGFR+MET+PIK3CA+STK11+TP53	primary::BRAF+EGFR+MET+PIK3CA+STK11+TP53	same_stage_one_event	BRAF	1	0.10988747695704765	3.6835125976130835e-05	4.047719056912024e-06
rule_a_one_step	primary::BRAF+MET+PIK3CA+STK11+TP53	primary::BRAF+EGFR+MET+PIK3CA+STK11+TP53	same_stage_one_event	EGFR	1	0.0003416607647606488	7.367025195226167e-05	2.51702346221194e-08
rule_a_one_step	primary::BRAF+EGFR+MET+PIK3CA+TP53	primary::BRAF+EGFR+MET+PIK3CA+STK11+TP53	same_stage_one_event	STK11	1	0.10284930077640515	7.367025195226167e-05	7.576933901311709e-06
rule_a_one_step	primary::EGFR+MET+RBM10+TP53	primary::BRAF+EGFR+MET+RBM10+TP53	same_stage_one_event	BRAF	1	0.07304517253186045	3.6835125976130835e-05	2.6906281321592914e-06
rule_a_one_step	primary::BRAF+EGFR+RBM10+TP53	primary::BRAF+EGFR+MET+RBM10+TP53	same_stage_one_event	MET	1	0.009340367624611564	7.367025195226167e-05	6.881072362318819e-07
rule_a_one_step	primary::BRAF+EGFR+MET+TP53	primary::BRAF+EGFR+MET+RBM10+TP53	same_stage_one_event	RBM10	1	0.08675535645958075	7.367025195226167e-05	6.391288968585586e-06
rule_a_one_step	primary::EGFR+NF1+RBM10+TP53	primary::BRAF+EGFR+NF1+RBM10+TP53	same_stage_one_event	BRAF	1	0.06936662899120835	0.00011050537792839252	7.665385552292068e-06
rule_a_one_step	primary::BRAF+EGFR+RBM10+TP53	primary::BRAF+EGFR+NF1+RBM10+TP53	same_stage_one_event	NF1	1	0.11632738343784073	7.367025195226167e-05	8.569867646813078e-06
rule_a_one_step	primary::EGFR+PIK3CA+RBM10	primary::BRAF+EGFR+PIK3CA+RBM10	same_stage_one_event	BRAF	1	0.08174085955607184	0.0002946810078090467	2.4087478873160996e-05
rule_a_one_step	primary::BRAF+EGFR+RBM10	primary::BRAF+EGFR+PIK3CA+RBM10	same_stage_one_event	PIK3CA	1	0.07961018289013183	7.367025195226167e-05	5.864902231481643e-06
rule_a_one_step	primary::BRAF+EGFR+PIK3CA	primary::BRAF+EGFR+PIK3CA+RBM10	same_stage_one_event	RBM10	1	0.10024831637833084	7.367025195226167e-05	7.385318725381673e-06
rule_a_one_step	primary::EGFR+SETD2	primary::BRAF+EGFR+SETD2	same_stage_one_event	BRAF	1	0.022004765380974033	0.0015470752909974952	3.404302880510201e-05
rule_a_one_step	primary::BRAF+SETD2	primary::BRAF+EGFR+SETD2	same_stage_one_event	EGFR	1	0.04081078813981217	0.0013260645351407102	5.411773880334603e-05
rule_a_one_step	primary::BRAF+EGFR	primary::BRAF+EGFR+SETD2	same_stage_one_event	SETD2	1	0.053333427970706754	0.00033151613378517756	1.7680891842358952e-05
rule_a_one_step	primary::EGFR+SETD2+TP53	primary::BRAF+EGFR+SETD2+TP53	same_stage_one_event	BRAF	1	0.06105424433927382	0.0008472078974510093	5.172563797713636e-05
rule_a_one_step	primary::BRAF+SETD2+TP53	primary::BRAF+EGFR+SETD2+TP53	same_stage_one_event	EGFR	1	0.006289338791981389	0.00014734050390452334	9.266743468368039e-07
rule_a_one_step	primary::BRAF+EGFR+TP53	primary::BRAF+EGFR+SETD2+TP53	same_stage_one_event	SETD2	1	0.15580851683347366	0.0004051863857374392	6.313148980286614e-05
rule_a_one_step	primary::BRAF+EGFR+SETD2	primary::BRAF+EGFR+SETD2+TP53	same_stage_one_event	TP53	1	0.6715659382871985	3.6835125976130835e-05	2.4737215938087463e-05
rule_a_one_step	primary::EGFR+SMARCA4+TP53	primary::BRAF+EGFR+SMARCA4+TP53	same_stage_one_event	BRAF	1	0.06619477338546985	0.0006630322675703551	4.388927069907387e-05
rule_a_one_step	primary::BRAF+SMARCA4+TP53	primary::BRAF+EGFR+SMARCA4+TP53	same_stage_one_event	EGFR	1	0.008316197743088019	0.00014734050390452334	1.2253127660362484e-06
rule_a_one_step	primary::BRAF+EGFR+TP53	primary::BRAF+EGFR+SMARCA4+TP53	same_stage_one_event	SMARCA4	1	0.05733138908648209	0.0004051863857374392	2.3229898333258544e-05
rule_a_one_step	primary::KEAP1+KRAS+NF1	primary::BRAF+KEAP1+KRAS+NF1	same_stage_one_event	BRAF	1	0.015359574987926046	0.00014734050390452334	2.2630875184803365e-06
rule_a_one_step	primary::BRAF+KRAS+NF1	primary::BRAF+KEAP1+KRAS+NF1	same_stage_one_event	KEAP1	1	0.021683007351672192	7.367025195226167e-05	1.5973926146804324e-06
rule_a_one_step	primary::BRAF+KEAP1+KRAS	primary::BRAF+KEAP1+KRAS+NF1	same_stage_one_event	NF1	1	0.027060952853885607	7.367025195226167e-05	1.9935872148140273e-06
rule_a_one_step	primary::KEAP1+KRAS+NF1+SMARCA4+STK11	primary::BRAF+KEAP1+KRAS+NF1+SMARCA4+STK11	same_stage_one_event	BRAF	1	0.045662199953765414	7.367025195226167e-05	3.3639457752884493e-06
rule_a_one_step	primary::BRAF+KEAP1+PIK3CA+SETD2	primary::BRAF+KEAP1+MET+PIK3CA+SETD2	same_stage_one_event	MET	1	0.031365516378662216	3.6835125976130835e-05	1.1553527471144178e-06
rule_a_one_step	primary::KEAP1+NF1+SMARCA4+STK11+TP53	primary::BRAF+KEAP1+NF1+SMARCA4+STK11+TP53	same_stage_one_event	BRAF	1	0.10043504091123567	7.367025195226167e-05	7.39907476876644e-06
rule_a_one_step	primary::BRAF+KEAP1+NF1+SMARCA4+TP53	primary::BRAF+KEAP1+NF1+SMARCA4+STK11+TP53	same_stage_one_event	STK11	1	0.08388659359776382	3.6835125976130835e-05	3.0899732428821206e-06
rule_a_one_step	primary::BRAF+NF1+SMARCA4+TP53	primary::BRAF+KEAP1+NF1+SMARCA4+TP53	same_stage_one_event	KEAP1	1	0.06908674072077696	7.367025195226167e-05	5.089637595460215e-06
rule_a_one_step	primary::BRAF+KEAP1+NF1+TP53	primary::BRAF+KEAP1+NF1+SMARCA4+TP53	same_stage_one_event	SMARCA4	1	0.19973671237618137	7.367025195226167e-05	1.4714653924869703e-05
rule_a_one_step	primary::KEAP1+NF1+STK11	primary::BRAF+KEAP1+NF1+STK11	same_stage_one_event	BRAF	1	0.0418121195743727	0.0004420215117135701	1.8481856302212773e-05
rule_a_one_step	primary::BRAF+KEAP1+STK11	primary::BRAF+KEAP1+NF1+STK11	same_stage_one_event	NF1	1	0.061489163544955365	0.0005156917636658317	3.17094551948348e-05
rule_a_one_step	primary::BRAF+KEAP1+PIK3CA+TP53	primary::BRAF+KEAP1+PIK3CA+RBM10+TP53	same_stage_one_event	RBM10	1	0.054480088424961305	3.6835125976130835e-05	2.006780920324197e-06
rule_a_one_step	primary::BRAF+PIK3CA+SETD2	primary::BRAF+KEAP1+PIK3CA+SETD2	same_stage_one_event	KEAP1	1	0.057587498449230654	0.0001841756298806542	1.0606213800138251e-05
rule_a_one_step	primary::KEAP1+PIK3CA+TP53	primary::BRAF+KEAP1+PIK3CA+TP53	same_stage_one_event	BRAF	1	0.08168300650051886	0.00025784588183291586	2.1061626841890085e-05
rule_a_one_step	primary::BRAF+PIK3CA+TP53	primary::BRAF+KEAP1+PIK3CA+TP53	same_stage_one_event	KEAP1	1	0.06531833339364415	0.00011050537792839252	7.2180271173173885e-06
rule_a_one_step	primary::BRAF+KEAP1+TP53	primary::BRAF+KEAP1+PIK3CA+TP53	same_stage_one_event	PIK3CA	1	0.05306971846748935	0.00025784588183291586	1.368380835687437e-05
rule_a_one_step	primary::BRAF+KEAP1+SETD2+STK11+TP53	primary::BRAF+KEAP1+SETD2+SMARCA4+STK11+TP53	same_stage_one_event	SMARCA4	1	0.5328781573132125	3.6835125976130835e-05	1.9628634054560648e-05
rule_a_one_step	primary::KEAP1+SETD2+STK11+TP53	primary::BRAF+KEAP1+SETD2+STK11+TP53	same_stage_one_event	BRAF	1	0.050080164822539526	3.6835125976130835e-05	1.8447091801436394e-06
rule_a_one_step	primary::BRAF+KEAP1+STK11+TP53	primary::BRAF+KEAP1+SETD2+STK11+TP53	same_stage_one_event	SETD2	1	0.0911759664918127	0.00014734050390452334	1.3433912846885617e-05
rule_a_one_step	primary::BRAF+KEAP1+SETD2+TP53	primary::BRAF+KEAP1+SETD2+STK11+TP53	same_stage_one_event	STK11	1	0.06576687192549102	3.6835125976130835e-05	2.4225310124315243e-06
rule_a_one_step	primary::KEAP1+SETD2+TP53	primary::BRAF+KEAP1+SETD2+TP53	same_stage_one_event	BRAF	1	0.05615515965018021	0.00025784588183291586	1.4479376659468892e-05
rule_a_one_step	primary::BRAF+SETD2+TP53	primary::BRAF+KEAP1+SETD2+TP53	same_stage_one_event	KEAP1	1	0.07050482427617198	0.00014734050390452334	1.038821633655105e-05
rule_a_one_step	primary::BRAF+KEAP1+TP53	primary::BRAF+KEAP1+SETD2+TP53	same_stage_one_event	SETD2	1	0.18016825183829827	0.00025784588183291586	4.645564177354088e-05
rule_a_one_step	primary::KEAP1+SMARCA4	primary::BRAF+KEAP1+SMARCA4	same_stage_one_event	BRAF	1	0.027309169749695536	0.00025784588183291586	7.041556956235035e-06
rule_a_one_step	primary::BRAF+SMARCA4	primary::BRAF+KEAP1+SMARCA4	same_stage_one_event	KEAP1	1	0.03594728830219646	3.6835125976130835e-05	1.324122893111701e-06
rule_a_one_step	primary::BRAF+KEAP1	primary::BRAF+KEAP1+SMARCA4	same_stage_one_event	SMARCA4	1	0.0794058634281485	0.0001841756298806542	1.4624624913096451e-05
rule_a_one_step	primary::KRAS+MET	primary::BRAF+KRAS+MET	same_stage_one_event	BRAF	1	0.02354329620641252	0.0008472078974510093	1.9946066478101075e-05
rule_a_one_step	primary::BRAF+MET	primary::BRAF+KRAS+MET	same_stage_one_event	KRAS	1	0.06461169566220555	0.0001841756298806542	1.189989974624384e-05
rule_a_one_step	primary::BRAF+KRAS	primary::BRAF+KRAS+MET	same_stage_one_event	MET	1	0.002049455591408974	0.001141888905260056	2.3402506016530934e-06
rule_a_one_step	primary::BRAF+KRAS+NF1	primary::BRAF+KRAS+MET+NF1	same_stage_one_event	MET	1	0.0018294349149481004	7.367025195226167e-05	1.3477493111449096e-07
rule_a_one_step	primary::BRAF+KRAS+MET	primary::BRAF+KRAS+MET+NF1	same_stage_one_event	NF1	1	0.021624023604287085	3.6835125976130835e-05	7.965236335747415e-07
rule_a_one_step	primary::KRAS+NF1+RBM10+SMARCA4	primary::BRAF+KRAS+NF1+RBM10+SMARCA4	same_stage_one_event	BRAF	1	0.0424020252810748	3.6835125976130835e-05	1.5618839428714747e-06
rule_a_one_step	primary::KRAS+NF1+SETD2+TP53	primary::BRAF+KRAS+NF1+SETD2+TP53	same_stage_one_event	BRAF	1	0.0338114643051402	3.6835125976130835e-05	1.2454495471172902e-06
rule_a_one_step	primary::BRAF+KRAS+SETD2+TP53	primary::BRAF+KRAS+NF1+SETD2+TP53	same_stage_one_event	NF1	1	0.09646026072170769	7.367025195226167e-05	7.106251710749055e-06
rule_a_one_step	primary::KRAS+NF1+SMARCA4+TP53	primary::BRAF+KRAS+NF1+SMARCA4+TP53	same_stage_one_event	BRAF	1	0.03706007341954831	0.00022101075585678504	8.190674838562321e-06
rule_a_one_step	primary::BRAF+NF1+SMARCA4+TP53	primary::BRAF+KRAS+NF1+SMARCA4+TP53	same_stage_one_event	KRAS	1	0.003607652609167598	7.367025195226167e-05	2.6577667667361116e-07
rule_a_one_step	primary::BRAF+KRAS+SMARCA4+TP53	primary::BRAF+KRAS+NF1+SMARCA4+TP53	same_stage_one_event	NF1	1	0.0871585470623047	3.6835125976130835e-05	3.210496060936522e-06
rule_a_one_step	primary::KRAS+PIK3CA+RBM10+STK11	primary::BRAF+KRAS+PIK3CA+RBM10+STK11	same_stage_one_event	BRAF	1	0.04927834576367813	3.6835125976130835e-05	1.8151740741004172e-06
rule_a_one_step	primary::KRAS+PIK3CA+SETD2+TP53	primary::BRAF+KRAS+PIK3CA+SETD2+TP53	same_stage_one_event	BRAF	1	0.05994853946142806	0.00014734050390452334	8.832848012587012e-06
rule_a_one_step	primary::BRAF+KRAS+SETD2+TP53	primary::BRAF+KRAS+PIK3CA+SETD2+TP53	same_stage_one_event	PIK3CA	1	0.08783066288484863	7.367025195226167e-05	6.4705070638609565e-06
rule_a_one_step	primary::BRAF+KRAS+PIK3CA+TP53	primary::BRAF+KRAS+PIK3CA+SETD2+TP53	same_stage_one_event	SETD2	1	0.17077031075400828	0.00011050537792839252	1.8871037728820718e-05
rule_a_one_step	primary::KRAS+RBM10+SETD2	primary::BRAF+KRAS+RBM10+SETD2	same_stage_one_event	BRAF	1	0.04856145123140759	0.0005893620156180934	2.862027477908212e-05
rule_a_one_step	primary::BRAF+RBM10+SETD2	primary::BRAF+KRAS+RBM10+SETD2	same_stage_one_event	KRAS	1	0.10831498587605151	0.00011050537792839252	1.1969388449541571e-05
rule_a_one_step	primary::BRAF+KRAS+SETD2	primary::BRAF+KRAS+RBM10+SETD2	same_stage_one_event	RBM10	1	0.0941670764455656	7.367025195226167e-05	6.937312247352703e-06
rule_a_one_step	primary::BRAF+KRAS+RBM10	primary::BRAF+KRAS+RBM10+SETD2	same_stage_one_event	SETD2	1	0.21933588755559902	0.0002946810078090467	6.463412039357566e-05
rule_a_one_step	primary::KRAS+SETD2+SMARCA4+TP53	primary::BRAF+KRAS+SETD2+SMARCA4+TP53	same_stage_one_event	BRAF	1	0.04263406501341982	0.00014734050390452334	6.281724622575485e-06
rule_a_one_step	primary::BRAF+KRAS+SMARCA4+TP53	primary::BRAF+KRAS+SETD2+SMARCA4+TP53	same_stage_one_event	SETD2	1	0.1634019601644635	3.6835125976130835e-05	6.018931787404726e-06
rule_a_one_step	primary::BRAF+KRAS+SETD2+TP53	primary::BRAF+KRAS+SETD2+SMARCA4+TP53	same_stage_one_event	SMARCA4	1	0.06741289515584606	7.367025195226167e-05	4.966324970962579e-06
rule_a_one_step	primary::KRAS+SMARCA4+TP53	primary::BRAF+KRAS+SMARCA4+TP53	same_stage_one_event	BRAF	1	0.04122042512731392	0.0006630322675703551	2.7330471942376994e-05
rule_a_one_step	primary::BRAF+SMARCA4+TP53	primary::BRAF+KRAS+SMARCA4+TP53	same_stage_one_event	KRAS	1	0.009062308820419964	0.00014734050390452334	1.335245148139084e-06
rule_a_one_step	primary::BRAF+KRAS+TP53	primary::BRAF+KRAS+SMARCA4+TP53	same_stage_one_event	SMARCA4	1	0.04562899350075774	0.0007367025195226168	3.3614994475289336e-05
rule_a_one_step	primary::KRAS+STK11+TP53	primary::BRAF+KRAS+STK11+TP53	same_stage_one_event	BRAF	1	0.029708377607770696	0.0024311183144246355	7.222458089409408e-05
rule_a_one_step	primary::BRAF+STK11+TP53	primary::BRAF+KRAS+STK11+TP53	same_stage_one_event	KRAS	1	0.009160977362035269	0.0005156917636658317	4.724240572730727e-06
rule_a_one_step	primary::BRAF+KRAS+TP53	primary::BRAF+KRAS+STK11+TP53	same_stage_one_event	STK11	1	0.24141407233955325	0.0007367025195226168	0.00017785035534076415
rule_a_one_step	primary::BRAF+KRAS+STK11	primary::BRAF+KRAS+STK11+TP53	same_stage_one_event	TP53	1	0.041972630045084856	0.0002946810078090467	1.2368536922081878e-05
rule_a_one_step	primary::BRAF+MET+STK11+TP53	primary::BRAF+MET+RBM10+STK11+TP53	same_stage_one_event	RBM10	1	0.043867159610653524	3.6835125976130835e-05	1.615852350473461e-06
rule_a_one_step	primary::MET+STK11+TP53	primary::BRAF+MET+STK11+TP53	same_stage_one_event	BRAF	1	0.07308424365601607	0.00025784588183291586	1.884447125357715e-05
rule_a_one_step	primary::BRAF+STK11+TP53	primary::BRAF+MET+STK11+TP53	same_stage_one_event	MET	1	0.0024537272009841063	0.0005156917636658317	1.2653669078303186e-06
rule_a_one_step	primary::BRAF+MET+TP53	primary::BRAF+MET+STK11+TP53	same_stage_one_event	STK11	1	0.1887181376051804	3.6835125976130835e-05	6.951456372667614e-06
rule_a_one_step	primary::MET+TP53	primary::BRAF+MET+TP53	same_stage_one_event	BRAF	1	0.08379585676730676	0.003204655959923383	0.00026853689180623573
rule_a_one_step	primary::BRAF+TP53	primary::BRAF+MET+TP53	same_stage_one_event	MET	1	0.015130690100436944	0.003204655959923383	4.848865620811898e-05
rule_a_one_step	primary::BRAF+MET	primary::BRAF+MET+TP53	same_stage_one_event	TP53	1	0.4087985160354727	0.0001841756298806542	7.529072418510989e-05
rule_a_one_step	primary::NF1+PIK3CA	primary::BRAF+NF1+PIK3CA	same_stage_one_event	BRAF	1	0.060369728649561284	7.367025195226167e-05	4.447453119902849e-06
rule_a_one_step	primary::BRAF+PIK3CA	primary::BRAF+NF1+PIK3CA	same_stage_one_event	NF1	1	0.05153532491230843	0.00025784588183291586	1.3288171297560004e-05
rule_a_one_step	primary::BRAF+NF1	primary::BRAF+NF1+PIK3CA	same_stage_one_event	PIK3CA	1	0.02651519431425272	0.00033151613378517756	8.790214705623784e-06
rule_a_one_step	primary::NF1+RBM10+SETD2	primary::BRAF+NF1+RBM10+SETD2	same_stage_one_event	BRAF	1	0.055134484153979285	7.367025195226167e-05	4.061771338881632e-06
rule_a_one_step	primary::BRAF+RBM10+SETD2	primary::BRAF+NF1+RBM10+SETD2	same_stage_one_event	NF1	1	0.0846156986527069	0.00011050537792839252	9.350489758292351e-06
rule_a_one_step	primary::BRAF+NF1+SETD2	primary::BRAF+NF1+RBM10+SETD2	same_stage_one_event	RBM10	1	0.10379344890800542	3.6835125976130835e-05	3.823244766023479e-06
rule_a_one_step	primary::NF1+RBM10+SMARCA4+TP53	primary::BRAF+NF1+RBM10+SMARCA4+TP53	same_stage_one_event	BRAF	1	0.0885284731999563	0.0001841756298806542	1.6304787313974566e-05
rule_a_one_step	primary::BRAF+NF1+SMARCA4+TP53	primary::BRAF+NF1+RBM10+SMARCA4+TP53	same_stage_one_event	RBM10	1	0.09430185543227648	7.367025195226167e-05	6.947241449261565e-06
rule_a_one_step	primary::NF1+SETD2	primary::BRAF+NF1+SETD2	same_stage_one_event	BRAF	1	0.0444247649864238	0.0001841756298806542	8.181959073674636e-06
rule_a_one_step	primary::BRAF+SETD2	primary::BRAF+NF1+SETD2	same_stage_one_event	NF1	1	0.054072687832730136	0.0013260645351407102	7.170387365471803e-05
rule_a_one_step	primary::BRAF+NF1	primary::BRAF+NF1+SETD2	same_stage_one_event	SETD2	1	0.140523020950097	0.00033151613378517756	4.658564861318966e-05
rule_a_one_step	primary::BRAF+SETD2+SMARCA4	primary::BRAF+PIK3CA+SETD2+SMARCA4	same_stage_one_event	PIK3CA	1	0.040110072093847274	7.367025195226167e-05	2.9549191169771086e-06
rule_a_one_step	primary::BRAF+PIK3CA+SETD2	primary::BRAF+PIK3CA+SETD2+SMARCA4	same_stage_one_event	SMARCA4	1	0.056499463051771164	0.0001841756298806542	1.0405824195478703e-05
rule_a_one_step	primary::BRAF+SETD2+SMARCA4	primary::BRAF+RBM10+SETD2+SMARCA4	same_stage_one_event	RBM10	1	0.07078812107816196	7.367025195226167e-05	5.214978715055397e-06
rule_a_one_step	primary::BRAF+RBM10+SETD2	primary::BRAF+RBM10+SETD2+SMARCA4	same_stage_one_event	SMARCA4	1	0.07135670702925452	0.00011050537792839252	7.885299877993354e-06
rule_a_one_step	primary::SETD2+STK11	primary::BRAF+SETD2+STK11	same_stage_one_event	BRAF	1	0.03675907268807069	0.00025784588183291586	9.478175512615839e-06
rule_a_one_step	primary::BRAF+STK11	primary::BRAF+SETD2+STK11	same_stage_one_event	SETD2	1	0.06556506398406056	0.0010313835273316634	6.762272696160659e-05
rule_a_one_step	primary::BRAF+SETD2	primary::BRAF+SETD2+STK11	same_stage_one_event	STK11	1	0.10360383904240952	0.0013260645351407102	0.00013738537665856576
rule_a_one_step	primary::SMARCA4	primary::BRAF+SMARCA4	same_stage_one_event	BRAF	1	0.02911845145636166	0.0005893620156180934	1.7161309241998915e-05
rule_a_one_step	primary::BRAF	primary::BRAF+SMARCA4	same_stage_one_event	SMARCA4	1	0.02701726085929808	0.0055989391483718875	0.00015126799950689951
rule_a_one_step	primary::SMARCA4+STK11	primary::BRAF+SMARCA4+STK11	same_stage_one_event	BRAF	1	0.03572232288480411	0.0003683512597613084	1.315836263621781e-05
rule_a_one_step	primary::BRAF+STK11	primary::BRAF+SMARCA4+STK11	same_stage_one_event	SMARCA4	1	0.08289732393883367	0.0010313835273316634	8.549893437038982e-05
rule_a_one_step	primary::BRAF+SMARCA4	primary::BRAF+SMARCA4+STK11	same_stage_one_event	STK11	1	0.10362945374484366	3.6835125976130835e-05	3.817203983528939e-06
rule_a_one_step	primary::EGFR+KEAP1+TP53	primary::CDKN2A+EGFR+KEAP1+TP53	same_stage_one_event	CDKN2A	1	0.12587266752436702	0.0006261971415942243	7.882110460859877e-05
rule_a_one_step	primary::CDKN2A+KEAP1+TP53	primary::CDKN2A+EGFR+KEAP1+TP53	same_stage_one_event	EGFR	1	0.025057322439419463	0.0004051863857374392	1.0152885915486006e-05
rule_a_one_step	primary::CDKN2A+EGFR+TP53	primary::CDKN2A+EGFR+KEAP1+TP53	same_stage_one_event	KEAP1	1	0.037371019522838514	0.0015102401650213643	5.643921469118827e-05
rule_a_one_step	primary::EGFR+KRAS+PIK3CA+TP53	primary::CDKN2A+EGFR+KRAS+PIK3CA+TP53	same_stage_one_event	CDKN2A	1	0.15025227393116458	0.00011050537792839252	1.66036843153637e-05
rule_a_one_step	primary::CDKN2A+KRAS+PIK3CA+TP53	primary::CDKN2A+EGFR+KRAS+PIK3CA+TP53	same_stage_one_event	EGFR	1	0.002745433118885129	0.00011050537792839252	3.0338512437952657e-07
rule_a_one_step	primary::CDKN2A+EGFR+PIK3CA+TP53	primary::CDKN2A+EGFR+KRAS+PIK3CA+TP53	same_stage_one_event	KRAS	1	0.015786275136651994	7.367025195226167e-05	1.1629788667048764e-06
rule_a_one_step	primary::CDKN2A+EGFR+KRAS+TP53	primary::CDKN2A+EGFR+KRAS+PIK3CA+TP53	same_stage_one_event	PIK3CA	1	0.24197092225952802	0.00014734050390452334	3.56521176159611e-05
rule_a_one_step	primary::EGFR+KRAS+RBM10	primary::CDKN2A+EGFR+KRAS+RBM10	same_stage_one_event	CDKN2A	1	0.024179953362181553	0.00025784588183291586	6.2347013973504816e-06
rule_a_one_step	primary::CDKN2A+KRAS+RBM10	primary::CDKN2A+EGFR+KRAS+RBM10	same_stage_one_event	EGFR	1	0.03362179576032125	3.6835125976130835e-05	1.238463082375175e-06
rule_a_one_step	primary::CDKN2A+EGFR+RBM10	primary::CDKN2A+EGFR+KRAS+RBM10	same_stage_one_event	KRAS	1	0.10429870716259775	0.00014734050390452334	1.536742406992747e-05
rule_a_one_step	primary::EGFR+MET+NF1+TP53	primary::CDKN2A+EGFR+MET+NF1+TP53	same_stage_one_event	CDKN2A	1	0.11207321229630883	7.367025195226167e-05	8.256461786968382e-06
rule_a_one_step	primary::CDKN2A+EGFR+NF1+TP53	primary::CDKN2A+EGFR+MET+NF1+TP53	same_stage_one_event	MET	1	0.0217292825384775	3.6835125976130835e-05	8.004008596757588e-07
rule_a_one_step	primary::CDKN2A+EGFR+MET+TP53	primary::CDKN2A+EGFR+MET+NF1+TP53	same_stage_one_event	NF1	1	0.0748362352477872	0.0001841756298806542	1.3783010764658021e-05
rule_a_one_step	primary::EGFR+MET+PIK3CA	primary::CDKN2A+EGFR+MET+PIK3CA	same_stage_one_event	CDKN2A	1	0.024933804414839826	0.00014734050390452334	3.6737593067393288e-06
rule_a_one_step	primary::CDKN2A+EGFR+PIK3CA	primary::CDKN2A+EGFR+MET+PIK3CA	same_stage_one_event	MET	1	0.027288716257356377	3.6835125976130835e-05	1.0051833010666117e-06
rule_a_one_step	primary::CDKN2A+EGFR+MET	primary::CDKN2A+EGFR+MET+PIK3CA	same_stage_one_event	PIK3CA	1	0.07090540129970622	7.367025195226167e-05	5.22361877852558e-06
rule_a_one_step	primary::EGFR+NF1+TP53	primary::CDKN2A+EGFR+NF1+TP53	same_stage_one_event	CDKN2A	1	0.09072898051252462	0.001141888905260056	0.00010360241623280769
rule_a_one_step	primary::CDKN2A+NF1+TP53	primary::CDKN2A+EGFR+NF1+TP53	same_stage_one_event	EGFR	1	0.02959350436419183	0.0004420215117135701	1.3080965535962206e-05
rule_a_one_step	primary::CDKN2A+EGFR+TP53	primary::CDKN2A+EGFR+NF1+TP53	same_stage_one_event	NF1	1	0.09027056174832451	0.0015102401650213643	0.00013633022807136086
rule_a_one_step	primary::EGFR+PIK3CA	primary::CDKN2A+EGFR+PIK3CA	same_stage_one_event	CDKN2A	1	0.018990667676941277	0.003204655959923383	6.0858556353834204e-05
rule_a_one_step	primary::CDKN2A+PIK3CA	primary::CDKN2A+EGFR+PIK3CA	same_stage_one_event	EGFR	1	0.31203126943133175	3.6835125976130835e-05	1.1493711117995128e-05
rule_a_one_step	primary::CDKN2A+EGFR	primary::CDKN2A+EGFR+PIK3CA	same_stage_one_event	PIK3CA	1	0.036728345583219565	0.0009945484013555326	3.652811738422455e-05
rule_a_one_step	primary::EGFR+PIK3CA+RBM10+TP53	primary::CDKN2A+EGFR+PIK3CA+RBM10+TP53	same_stage_one_event	CDKN2A	1	0.13257373361382593	0.00011050537792839252	1.4650110536373869e-05
rule_a_one_step	primary::CDKN2A+EGFR+RBM10+TP53	primary::CDKN2A+EGFR+PIK3CA+RBM10+TP53	same_stage_one_event	PIK3CA	1	0.19314853552344968	0.00014734050390452334	2.8458602552445802e-05
rule_a_one_step	primary::CDKN2A+EGFR+PIK3CA+TP53	primary::CDKN2A+EGFR+PIK3CA+RBM10+TP53	same_stage_one_event	RBM10	1	0.1683813617359877	7.367025195226167e-05	1.2404697343155126e-05
rule_a_one_step	primary::CDKN2A+EGFR+PIK3CA+RBM10	primary::CDKN2A+EGFR+PIK3CA+RBM10+TP53	same_stage_one_event	TP53	1	0.29996092118350504	7.367025195226167e-05	2.209819663942132e-05
rule_a_one_step	primary::CDKN2A+PIK3CA+STK11+TP53	primary::CDKN2A+EGFR+PIK3CA+STK11+TP53	same_stage_one_event	EGFR	1	0.00362357368287968	7.367025195226167e-05	2.669495861853308e-07
rule_a_one_step	primary::CDKN2A+EGFR+STK11+TP53	primary::CDKN2A+EGFR+PIK3CA+STK11+TP53	same_stage_one_event	PIK3CA	1	0.05586432271023299	3.6835125976130835e-05	2.057769364602659e-06
rule_a_one_step	primary::CDKN2A+EGFR+PIK3CA+TP53	primary::CDKN2A+EGFR+PIK3CA+STK11+TP53	same_stage_one_event	STK11	1	0.10830285859644767	7.367025195226167e-05	7.978698879950469e-06
rule_a_one_step	primary::EGFR+SETD2+TP53	primary::CDKN2A+EGFR+SETD2+TP53	same_stage_one_event	CDKN2A	1	0.06495429087839787	0.0008472078974510093	5.502978820550873e-05
rule_a_one_step	primary::CDKN2A+SETD2+TP53	primary::CDKN2A+EGFR+SETD2+TP53	same_stage_one_event	EGFR	1	0.04974468652698854	3.6835125976130835e-05	1.8323517948647612e-06
rule_a_one_step	primary::CDKN2A+EGFR+TP53	primary::CDKN2A+EGFR+SETD2+TP53	same_stage_one_event	SETD2	1	0.04417226672080412	0.0015102401650213643	6.671073138179493e-05
rule_a_one_step	primary::EGFR+STK11+TP53	primary::CDKN2A+EGFR+STK11+TP53	same_stage_one_event	CDKN2A	1	0.06451177184979073	0.00025784588183291586	1.663409470121317e-05
rule_a_one_step	primary::CDKN2A+STK11+TP53	primary::CDKN2A+EGFR+STK11+TP53	same_stage_one_event	EGFR	1	0.003588285175925536	0.0001841756298806542	6.608746824674996e-07
rule_a_one_step	primary::CDKN2A+EGFR+TP53	primary::CDKN2A+EGFR+STK11+TP53	same_stage_one_event	STK11	1	0.0880803938463858	0.0015102401650213643	0.00013302254853771246
rule_a_one_step	primary::KEAP1+KRAS+RBM10+SMARCA4+STK11	primary::CDKN2A+KEAP1+KRAS+RBM10+SMARCA4+STK11	same_stage_one_event	CDKN2A	1	0.10997388425875436	0.00022101075585678504	2.4305411284533894e-05
rule_a_one_step	primary::CDKN2A+KRAS+RBM10+SMARCA4+STK11	primary::CDKN2A+KEAP1+KRAS+RBM10+SMARCA4+STK11	same_stage_one_event	KEAP1	1	0.6991231378932745	3.6835125976130835e-05	2.5752288857126657e-05
rule_a_one_step	primary::CDKN2A+KEAP1+KRAS+SMARCA4+STK11	primary::CDKN2A+KEAP1+KRAS+RBM10+SMARCA4+STK11	same_stage_one_event	RBM10	1	0.2530260367065679	0.0001841756298806542	4.660122968663767e-05
rule_a_one_step	primary::KEAP1+KRAS+RBM10+STK11+TP53	primary::CDKN2A+KEAP1+KRAS+RBM10+STK11+TP53	same_stage_one_event	CDKN2A	1	0.12073896641189173	0.00014734050390452334	1.7789740152039446e-05
rule_a_one_step	primary::CDKN2A+KEAP1+RBM10+STK11+TP53	primary::CDKN2A+KEAP1+KRAS+RBM10+STK11+TP53	same_stage_one_event	KRAS	1	0.06347851278799505	3.6835125976130835e-05	2.3382390153232296e-06
rule_a_one_step	primary::CDKN2A+KEAP1+KRAS+STK11+TP53	primary::CDKN2A+KEAP1+KRAS+RBM10+STK11+TP53	same_stage_one_event	RBM10	1	0.07991726589439123	3.6835125976130835e-05	2.9437625568878453e-06
rule_a_one_step	primary::CDKN2A+KEAP1+KRAS+RBM10+TP53	primary::CDKN2A+KEAP1+KRAS+RBM10+STK11+TP53	same_stage_one_event	STK11	1	0.06587186875415194	3.6835125976130835e-05	2.426398583842343e-06
rule_a_one_step	primary::KEAP1+KRAS+RBM10+TP53	primary::CDKN2A+KEAP1+KRAS+RBM10+TP53	same_stage_one_event	CDKN2A	1	0.17407193883488073	0.0001841756298806542	3.2059808979460866e-05
rule_a_one_step	primary::CDKN2A+KRAS+RBM10+TP53	primary::CDKN2A+KEAP1+KRAS+RBM10+TP53	same_stage_one_event	KEAP1	1	0.08860599465652542	0.00022101075585678504	1.958287785248094e-05
rule_a_one_step	primary::CDKN2A+KEAP1+RBM10+TP53	primary::CDKN2A+KEAP1+KRAS+RBM10+TP53	same_stage_one_event	KRAS	1	0.06526514927015481	3.6835125976130835e-05	2.404049995217136e-06
rule_a_one_step	primary::CDKN2A+KEAP1+KRAS+TP53	primary::CDKN2A+KEAP1+KRAS+RBM10+TP53	same_stage_one_event	RBM10	1	0.09716818091414416	0.00014734050390452334	1.4316808739375888e-05
rule_a_one_step	primary::KEAP1+KRAS+SMARCA4+TP53	primary::CDKN2A+KEAP1+KRAS+SMARCA4+TP53	same_stage_one_event	CDKN2A	1	0.20203027065907767	7.367025195226167e-05	1.488362094143787e-05
rule_a_one_step	primary::CDKN2A+KRAS+SMARCA4+TP53	primary::CDKN2A+KEAP1+KRAS+SMARCA4+TP53	same_stage_one_event	KEAP1	1	0.06974786585979546	0.00011050537792839252	7.707514276535524e-06
rule_a_one_step	primary::CDKN2A+KEAP1+SMARCA4+TP53	primary::CDKN2A+KEAP1+KRAS+SMARCA4+TP53	same_stage_one_event	KRAS	1	0.07460146003923207	0.00025784588183291586	1.9235679249838828e-05
rule_a_one_step	primary::CDKN2A+KEAP1+KRAS+TP53	primary::CDKN2A+KEAP1+KRAS+SMARCA4+TP53	same_stage_one_event	SMARCA4	1	0.2660688547104771	0.00014734050390452334	3.9202719126341105e-05
rule_a_one_step	primary::KEAP1+KRAS+STK11+TP53	primary::CDKN2A+KEAP1+KRAS+STK11+TP53	same_stage_one_event	CDKN2A	1	0.13095197492340058	0.0005525268896419625	7.235448739689879e-05
rule_a_one_step	primary::CDKN2A+KRAS+STK11+TP53	primary::CDKN2A+KEAP1+KRAS+STK11+TP53	same_stage_one_event	KEAP1	1	0.5452641489923482	0.00022101075585678504	0.00012050924171040554
rule_a_one_step	primary::CDKN2A+KEAP1+STK11+TP53	primary::CDKN2A+KEAP1+KRAS+STK11+TP53	same_stage_one_event	KRAS	1	0.06538456731605524	3.6835125976130835e-05	2.4084487739817018e-06
rule_a_one_step	primary::CDKN2A+KEAP1+KRAS+TP53	primary::CDKN2A+KEAP1+KRAS+STK11+TP53	same_stage_one_event	STK11	1	0.11410381597114438	0.00014734050390452334	1.681211374261741e-05
rule_a_one_step	primary::CDKN2A+KEAP1+KRAS+STK11	primary::CDKN2A+KEAP1+KRAS+STK11+TP53	same_stage_one_event	TP53	1	0.06266972490327985	0.00014734050390452334	9.233788846807108e-06
rule_a_one_step	primary::KEAP1+MET+TP53	primary::CDKN2A+KEAP1+MET+TP53	same_stage_one_event	CDKN2A	1	0.174650338271202	3.6835125976130835e-05	6.43326721199359e-06
rule_a_one_step	primary::CDKN2A+MET+TP53	primary::CDKN2A+KEAP1+MET+TP53	same_stage_one_event	KEAP1	1	0.04421053729101733	0.0002946810078090467	1.3028005684696427e-05
rule_a_one_step	primary::CDKN2A+KEAP1+TP53	primary::CDKN2A+KEAP1+MET+TP53	same_stage_one_event	MET	1	0.04078472271580992	0.0004051863857374392	1.6525414390522658e-05
rule_a_one_step	primary::CDKN2A+KEAP1+NF1+SETD2+TP53	primary::CDKN2A+KEAP1+NF1+RBM10+SETD2+TP53	same_stage_one_event	RBM10	1	0.06658710973294789	3.6835125976130835e-05	2.452744575399583e-06
rule_a_one_step	primary::CDKN2A+KEAP1+NF1+RBM10+TP53	primary::CDKN2A+KEAP1+NF1+RBM10+SETD2+TP53	same_stage_one_event	SETD2	1	0.06144407930878079	3.6835125976130835e-05	2.2633004018263146e-06
rule_a_one_step	primary::KEAP1+NF1+RBM10+TP53	primary::CDKN2A+KEAP1+NF1+RBM10+TP53	same_stage_one_event	CDKN2A	1	0.11631947944579571	3.6835125976130835e-05	4.284642678863846e-06
rule_a_one_step	primary::CDKN2A+KEAP1+RBM10+TP53	primary::CDKN2A+KEAP1+NF1+RBM10+TP53	same_stage_one_event	NF1	1	0.15369091520295894	3.6835125976130835e-05	5.661224222887835e-06
rule_a_one_step	primary::CDKN2A+KEAP1+NF1+STK11	primary::CDKN2A+KEAP1+NF1+SETD2+STK11	same_stage_one_event	SETD2	1	0.01846249951713321	0.00011050537792839252	2.04020548664357e-06
rule_a_one_step	primary::KEAP1+NF1+SETD2+TP53	primary::CDKN2A+KEAP1+NF1+SETD2+TP53	same_stage_one_event	CDKN2A	1	0.06789613175673645	7.367025195226167e-05	5.001925133102729e-06
rule_a_one_step	primary::CDKN2A+NF1+SETD2+TP53	primary::CDKN2A+KEAP1+NF1+SETD2+TP53	same_stage_one_event	KEAP1	1	0.08147094191974773	3.6835125976130835e-05	3.000992409007946e-06
rule_a_one_step	primary::KEAP1+NF1+SMARCA4+STK11+TP53	primary::CDKN2A+KEAP1+NF1+SMARCA4+STK11+TP53	same_stage_one_event	CDKN2A	1	0.1627367912251597	7.367025195226167e-05	1.198886041146012e-05
rule_a_one_step	primary::CDKN2A+KEAP1+SMARCA4+STK11+TP53	primary::CDKN2A+KEAP1+NF1+SMARCA4+STK11+TP53	same_stage_one_event	NF1	1	0.23325153204454663	3.6835125976130835e-05	8.591849566986393e-06
rule_a_one_step	primary::KEAP1+RBM10	primary::CDKN2A+KEAP1+RBM10	same_stage_one_event	CDKN2A	1	0.020819452409856675	0.0001841756298806542	3.834435761355657e-06
rule_a_one_step	primary::CDKN2A+RBM10	primary::CDKN2A+KEAP1+RBM10	same_stage_one_event	KEAP1	1	0.026966172299172347	0.00011050537792839252	2.9799070612021895e-06
rule_a_one_step	primary::CDKN2A+KEAP1	primary::CDKN2A+KEAP1+RBM10	same_stage_one_event	RBM10	1	0.028946139969543875	7.367025195226167e-05	2.132469424601729e-06
rule_a_one_step	primary::KEAP1+RBM10+STK11	primary::CDKN2A+KEAP1+RBM10+STK11	same_stage_one_event	CDKN2A	1	0.01719798937640303	0.0005156917636658317	8.868861473023516e-06
rule_a_one_step	primary::CDKN2A+KEAP1+STK11	primary::CDKN2A+KEAP1+RBM10+STK11	same_stage_one_event	RBM10	1	0.035237401762209304	7.367025195226167e-05	2.595948265965029e-06
rule_a_one_step	primary::CDKN2A+KEAP1+RBM10	primary::CDKN2A+KEAP1+RBM10+STK11	same_stage_one_event	STK11	1	0.014215163950028694	3.6835125976130835e-05	5.236173548706605e-07
rule_a_one_step	primary::KEAP1+RBM10+STK11+TP53	primary::CDKN2A+KEAP1+RBM10+STK11+TP53	same_stage_one_event	CDKN2A	1	0.07988906769552212	7.367025195226167e-05	5.8854477453604035e-06
rule_a_one_step	primary::CDKN2A+KEAP1+STK11+TP53	primary::CDKN2A+KEAP1+RBM10+STK11+TP53	same_stage_one_event	RBM10	1	0.04219251667029202	3.6835125976130835e-05	1.554166666800207e-06
rule_a_one_step	primary::CDKN2A+KEAP1+RBM10+TP53	primary::CDKN2A+KEAP1+RBM10+STK11+TP53	same_stage_one_event	STK11	1	0.03996460829672571	3.6835125976130835e-05	1.472101381196615e-06
rule_a_one_step	primary::CDKN2A+KEAP1+RBM10+STK11	primary::CDKN2A+KEAP1+RBM10+STK11+TP53	same_stage_one_event	TP53	1	0.004804479764780345	3.6835125976130835e-05	1.7697361738545547e-07
rule_a_one_step	primary::KEAP1+RBM10+TP53	primary::CDKN2A+KEAP1+RBM10+TP53	same_stage_one_event	CDKN2A	1	0.11643663311682002	0.0001841756298806542	2.1444790245472968e-05
rule_a_one_step	primary::CDKN2A+RBM10+TP53	primary::CDKN2A+KEAP1+RBM10+TP53	same_stage_one_event	KEAP1	1	0.0901824237701007	0.00011050537792839252	9.965642821213428e-06
rule_a_one_step	primary::CDKN2A+KEAP1+TP53	primary::CDKN2A+KEAP1+RBM10+TP53	same_stage_one_event	RBM10	1	0.05286407281970462	0.0004051863857374392	2.141980260117691e-05
rule_a_one_step	primary::CDKN2A+KEAP1+RBM10	primary::CDKN2A+KEAP1+RBM10+TP53	same_stage_one_event	TP53	1	0.08591937735063052	3.6835125976130835e-05	3.1648510885011974e-06
rule_a_one_step	primary::KEAP1+SMARCA4+STK11+TP53	primary::CDKN2A+KEAP1+SMARCA4+STK11+TP53	same_stage_one_event	CDKN2A	1	0.159927680110175	0.0004051863857374392	6.480051868321516e-05
rule_a_one_step	primary::CDKN2A+SMARCA4+STK11+TP53	primary::CDKN2A+KEAP1+SMARCA4+STK11+TP53	same_stage_one_event	KEAP1	1	0.6828344310649784	0.00011050537792839252	7.545687686735432e-05
rule_a_one_step	primary::CDKN2A+KEAP1+STK11+TP53	primary::CDKN2A+KEAP1+SMARCA4+STK11+TP53	same_stage_one_event	SMARCA4	1	0.5893742587738736	3.6835125976130835e-05	2.1709675069024367e-05
rule_a_one_step	primary::CDKN2A+KEAP1+SMARCA4+TP53	primary::CDKN2A+KEAP1+SMARCA4+STK11+TP53	same_stage_one_event	STK11	1	0.10424739890589924	0.00025784588183291586	2.6879762499679338e-05
rule_a_one_step	primary::CDKN2A+KEAP1+SMARCA4+STK11	primary::CDKN2A+KEAP1+SMARCA4+STK11+TP53	same_stage_one_event	TP53	1	0.025964789816566462	7.367025195226167e-05	1.9128326076739692e-06
rule_a_one_step	primary::KEAP1+STK11+TP53	primary::CDKN2A+KEAP1+STK11+TP53	same_stage_one_event	CDKN2A	1	0.0907582715248825	0.0017312509208781495	0.00015712534115476195
rule_a_one_step	primary::CDKN2A+STK11+TP53	primary::CDKN2A+KEAP1+STK11+TP53	same_stage_one_event	KEAP1	1	0.5844941125890792	0.0001841756298806542	0.00010764957134762768
rule_a_one_step	primary::CDKN2A+KEAP1+TP53	primary::CDKN2A+KEAP1+STK11+TP53	same_stage_one_event	STK11	1	0.07537902467945576	0.0004051863857374392	3.054255457028191e-05
rule_a_one_step	primary::CDKN2A+KEAP1+STK11	primary::CDKN2A+KEAP1+STK11+TP53	same_stage_one_event	TP53	1	0.017645015383585115	7.367025195226167e-05	1.2999127290102486e-06
rule_a_one_step	primary::KRAS+MET	primary::CDKN2A+KRAS+MET	same_stage_one_event	CDKN2A	1	0.03311158127049815	0.0008472078974510093	2.805239314945696e-05
rule_a_one_step	primary::CDKN2A+MET	primary::CDKN2A+KRAS+MET	same_stage_one_event	KRAS	1	0.23366469232745696	0.0001841756298806542	4.303534189027865e-05
rule_a_one_step	primary::CDKN2A+KRAS	primary::CDKN2A+KRAS+MET	same_stage_one_event	MET	1	0.006491048433089531	0.0018049211728304111	1.1715830750750959e-05
rule_a_one_step	primary::KRAS+MET+NF1+TP53	primary::CDKN2A+KRAS+MET+NF1+TP53	same_stage_one_event	CDKN2A	1	0.15016225635678312	3.6835125976130835e-05	5.53124562976216e-06
rule_a_one_step	primary::CDKN2A+KRAS+NF1+TP53	primary::CDKN2A+KRAS+MET+NF1+TP53	same_stage_one_event	MET	1	0.004650934223941251	3.6835125976130835e-05	1.7131774804557428e-07
rule_a_one_step	primary::CDKN2A+KRAS+MET+TP53	primary::CDKN2A+KRAS+MET+NF1+TP53	same_stage_one_event	NF1	1	0.08578952388279716	0.00011050537792839252	9.480203758965356e-06
rule_a_one_step	primary::KRAS+MET+PIK3CA	primary::CDKN2A+KRAS+MET+PIK3CA	same_stage_one_event	CDKN2A	1	0.054937726353233934	0.0001841756298806542	1.0118190355317875e-05
rule_a_one_step	primary::CDKN2A+KRAS+PIK3CA	primary::CDKN2A+KRAS+MET+PIK3CA	same_stage_one_event	MET	1	0.00988506883599913	7.367025195226167e-05	7.282355117135059e-07
rule_a_one_step	primary::CDKN2A+KRAS+MET	primary::CDKN2A+KRAS+MET+PIK3CA	same_stage_one_event	PIK3CA	1	0.07013391908409101	3.6835125976130835e-05	2.583391744662259e-06
rule_a_one_step	primary::CDKN2A+KRAS+MET+PIK3CA+TP53	primary::CDKN2A+KRAS+MET+PIK3CA+SMARCA4+TP53	same_stage_one_event	SMARCA4	1	0.08258111686366068	3.6835125976130835e-05	3.0418858429225236e-06
rule_a_one_step	primary::KRAS+MET+PIK3CA+TP53	primary::CDKN2A+KRAS+MET+PIK3CA+TP53	same_stage_one_event	CDKN2A	1	0.1944082809714008	7.367025195226167e-05	1.4322107040769175e-05
rule_a_one_step	primary::CDKN2A+MET+PIK3CA+TP53	primary::CDKN2A+KRAS+MET+PIK3CA+TP53	same_stage_one_event	KRAS	1	0.04970917257038111	3.6835125976130835e-05	1.8310436337992157e-06
rule_a_one_step	primary::CDKN2A+KRAS+PIK3CA+TP53	primary::CDKN2A+KRAS+MET+PIK3CA+TP53	same_stage_one_event	MET	1	0.005829427129440535	0.00011050537792839252	6.441830480448507e-07
rule_a_one_step	primary::CDKN2A+KRAS+MET+TP53	primary::CDKN2A+KRAS+MET+PIK3CA+TP53	same_stage_one_event	PIK3CA	1	0.20031960756387754	0.00011050537792839252	2.2136393940313563e-05
rule_a_one_step	primary::CDKN2A+KRAS+MET+PIK3CA	primary::CDKN2A+KRAS+MET+PIK3CA+TP53	same_stage_one_event	TP53	1	0.4217734476215324	3.6835125976130835e-05	1.5536078076526166e-05
rule_a_one_step	primary::KRAS+NF1+PIK3CA+TP53	primary::CDKN2A+KRAS+NF1+PIK3CA+TP53	same_stage_one_event	CDKN2A	1	0.11997317486869022	0.00011050537792839252	1.3257681030133736e-05
rule_a_one_step	primary::CDKN2A+KRAS+PIK3CA+TP53	primary::CDKN2A+KRAS+NF1+PIK3CA+TP53	same_stage_one_event	NF1	1	0.09813359096227477	0.00011050537792839252	1.0844289556756457e-05
rule_a_one_step	primary::CDKN2A+KRAS+NF1+TP53	primary::CDKN2A+KRAS+NF1+PIK3CA+TP53	same_stage_one_event	PIK3CA	1	0.07150152655902273	3.6835125976130835e-05	2.6337677382872667e-06
rule_a_one_step	primary::KRAS+NF1+RBM10+TP53	primary::CDKN2A+KRAS+NF1+RBM10+TP53	same_stage_one_event	CDKN2A	1	0.1288506942645214	0.0001841756298806542	2.3731157776727823e-05
rule_a_one_step	primary::CDKN2A+KRAS+RBM10+TP53	primary::CDKN2A+KRAS+NF1+RBM10+TP53	same_stage_one_event	NF1	1	0.1275347064119777	0.00022101075585678504	2.818654186208436e-05
rule_a_one_step	primary::CDKN2A+KRAS+NF1+TP53	primary::CDKN2A+KRAS+NF1+RBM10+TP53	same_stage_one_event	RBM10	1	0.1450081906690925	3.6835125976130835e-05	5.341394970866823e-06
rule_a_one_step	primary::KRAS+NF1+SETD2+TP53	primary::CDKN2A+KRAS+NF1+SETD2+TP53	same_stage_one_event	CDKN2A	1	0.0690093945112804	3.6835125976130835e-05	2.541969740359525e-06
rule_a_one_step	primary::CDKN2A+NF1+SETD2+TP53	primary::CDKN2A+KRAS+NF1+SETD2+TP53	same_stage_one_event	KRAS	1	0.013692894046652346	3.6835125976130835e-05	5.043794771862511e-07
rule_a_one_step	primary::CDKN2A+KRAS+SETD2+TP53	primary::CDKN2A+KRAS+NF1+SETD2+TP53	same_stage_one_event	NF1	1	0.08875239568672678	3.6835125976130835e-05	3.269205675803992e-06
rule_a_one_step	primary::CDKN2A+KRAS+NF1+TP53	primary::CDKN2A+KRAS+NF1+SETD2+TP53	same_stage_one_event	SETD2	1	0.05061909819641591	3.6835125976130835e-05	1.8645608588631173e-06
rule_a_one_step	primary::KRAS+NF1+TP53	primary::CDKN2A+KRAS+NF1+TP53	same_stage_one_event	CDKN2A	1	0.11281317237164835	0.0014365699130691027	0.00016206400922698857
rule_a_one_step	primary::CDKN2A+NF1+TP53	primary::CDKN2A+KRAS+NF1+TP53	same_stage_one_event	KRAS	1	0.022934247764834385	0.0004420215117135701	1.013743086702566e-05
rule_a_one_step	primary::CDKN2A+KRAS+TP53	primary::CDKN2A+KRAS+NF1+TP53	same_stage_one_event	NF1	1	0.09207282864524959	0.002541623692353028	0.00023401448270672688
rule_a_one_step	primary::KRAS+PIK3CA+RBM10	primary::CDKN2A+KRAS+PIK3CA+RBM10	same_stage_one_event	CDKN2A	1	0.059109374475635766	0.00025784588183291586	1.5241108786262352e-05
rule_a_one_step	primary::CDKN2A+KRAS+RBM10	primary::CDKN2A+KRAS+PIK3CA+RBM10	same_stage_one_event	PIK3CA	1	0.05498595615301675	3.6835125976130835e-05	2.0254146218143782e-06
rule_a_one_step	primary::CDKN2A+KRAS+PIK3CA	primary::CDKN2A+KRAS+PIK3CA+RBM10	same_stage_one_event	RBM10	1	0.10717917885049863	7.367025195226167e-05	7.895917109952749e-06
rule_a_one_step	primary::KRAS+PIK3CA+SMARCA4	primary::CDKN2A+KRAS+PIK3CA+SMARCA4	same_stage_one_event	CDKN2A	1	0.042044738018398316	3.6835125976130835e-05	1.5487232215411195e-06
rule_a_one_step	primary::CDKN2A+KRAS+SMARCA4	primary::CDKN2A+KRAS+PIK3CA+SMARCA4	same_stage_one_event	PIK3CA	1	0.035015443140794314	3.6835125976130835e-05	1.289798259201205e-06
rule_a_one_step	primary::CDKN2A+KRAS+PIK3CA	primary::CDKN2A+KRAS+PIK3CA+SMARCA4	same_stage_one_event	SMARCA4	1	0.04840937955649888	7.367025195226167e-05	3.5663311887799375e-06
rule_a_one_step	primary::KRAS+PIK3CA+STK11	primary::CDKN2A+KRAS+PIK3CA+STK11	same_stage_one_event	CDKN2A	1	0.030601206678760186	7.367025195226167e-05	2.2543986060674956e-06
rule_a_one_step	primary::CDKN2A+KRAS+STK11	primary::CDKN2A+KRAS+PIK3CA+STK11	same_stage_one_event	PIK3CA	1	0.018019712981783443	0.0004420215117135701	7.96510077285256e-06
rule_a_one_step	primary::CDKN2A+KRAS+PIK3CA	primary::CDKN2A+KRAS+PIK3CA+STK11	same_stage_one_event	STK11	1	0.17057516114552565	7.367025195226167e-05	1.2566315098388511e-05
rule_a_one_step	primary::KRAS+RBM10	primary::CDKN2A+KRAS+RBM10	same_stage_one_event	CDKN2A	1	0.04691003482528881	0.0057094445263002796	0.0002678302415618007
rule_a_one_step	primary::CDKN2A+RBM10	primary::CDKN2A+KRAS+RBM10	same_stage_one_event	KRAS	1	0.26843743473565074	0.00011050537792839252	2.9663780175591286e-05
rule_a_one_step	primary::CDKN2A+KRAS	primary::CDKN2A+KRAS+RBM10	same_stage_one_event	RBM10	1	0.07156707498262581	0.0018049211728304111	0.00012917292891368294
rule_a_one_step	primary::KRAS+RBM10+SMARCA4+STK11	primary::CDKN2A+KRAS+RBM10+SMARCA4+STK11	same_stage_one_event	CDKN2A	1	0.030874862104893926	7.367025195226167e-05	2.2745588702588718e-06
rule_a_one_step	primary::CDKN2A+KRAS+SMARCA4+STK11	primary::CDKN2A+KRAS+RBM10+SMARCA4+STK11	same_stage_one_event	RBM10	1	0.11575013988728738	0.00011050537792839252	1.2791012953508995e-05
rule_a_one_step	primary::CDKN2A+KRAS+RBM10+STK11	primary::CDKN2A+KRAS+RBM10+SMARCA4+STK11	same_stage_one_event	SMARCA4	1	0.1487780320221854	3.6835125976130835e-05	5.480257552018027e-06
rule_a_one_step	primary::KRAS+RBM10+SMARCA4+TP53	primary::CDKN2A+KRAS+RBM10+SMARCA4+TP53	same_stage_one_event	CDKN2A	1	0.14962746372294378	0.00011050537792839252	1.6534639427170742e-05
rule_a_one_step	primary::CDKN2A+RBM10+SMARCA4+TP53	primary::CDKN2A+KRAS+RBM10+SMARCA4+TP53	same_stage_one_event	KRAS	1	0.056201825849292064	3.6835125976130835e-05	2.0702013352472396e-06
rule_a_one_step	primary::CDKN2A+KRAS+SMARCA4+TP53	primary::CDKN2A+KRAS+RBM10+SMARCA4+TP53	same_stage_one_event	RBM10	1	0.108336250582253	0.00011050537792839252	1.1971738313936902e-05
rule_a_one_step	primary::CDKN2A+KRAS+RBM10+TP53	primary::CDKN2A+KRAS+RBM10+SMARCA4+TP53	same_stage_one_event	SMARCA4	1	0.12054428379311877	0.00022101075585678504	2.6641583275331982e-05
rule_a_one_step	primary::KRAS+RBM10+STK11	primary::CDKN2A+KRAS+RBM10+STK11	same_stage_one_event	CDKN2A	1	0.027856800651955956	0.001141888905260056	3.18093716005096e-05
rule_a_one_step	primary::CDKN2A+KRAS+STK11	primary::CDKN2A+KRAS+RBM10+STK11	same_stage_one_event	RBM10	1	0.10096975735572883	0.0004420215117135701	4.463080478373162e-05
rule_a_one_step	primary::CDKN2A+KRAS+RBM10	primary::CDKN2A+KRAS+RBM10+STK11	same_stage_one_event	STK11	1	0.1161434631472562	3.6835125976130835e-05	4.278159096333291e-06
rule_a_one_step	primary::KRAS+SETD2+TP53	primary::CDKN2A+KRAS+SETD2+TP53	same_stage_one_event	CDKN2A	1	0.08357274076713186	0.0009945484013555326	8.311713572685135e-05
rule_a_one_step	primary::CDKN2A+SETD2+TP53	primary::CDKN2A+KRAS+SETD2+TP53	same_stage_one_event	KRAS	1	0.03563113722654315	3.6835125976130835e-05	1.312477428412522e-06
rule_a_one_step	primary::CDKN2A+KRAS+TP53	primary::CDKN2A+KRAS+SETD2+TP53	same_stage_one_event	SETD2	1	0.04789910156815705	0.002541623692353028	0.00012174149138805203
rule_a_one_step	primary::KRAS+SMARCA4	primary::CDKN2A+KRAS+SMARCA4	same_stage_one_event	CDKN2A	1	0.02782579707051515	0.0007735376454987476	2.1524301550052235e-05
rule_a_one_step	primary::CDKN2A+SMARCA4	primary::CDKN2A+KRAS+SMARCA4	same_stage_one_event	KRAS	1	0.2454266078142064	0.00014734050390452334	3.6161280066922997e-05
rule_a_one_step	primary::CDKN2A+KRAS	primary::CDKN2A+KRAS+SMARCA4	same_stage_one_event	SMARCA4	1	0.033088515837567174	0.0018049211728304111	5.972216281275938e-05
rule_a_one_step	primary::MET+NF1+RBM10+TP53	primary::CDKN2A+MET+NF1+RBM10+TP53	same_stage_one_event	CDKN2A	1	0.13966898017230123	0.00011050537792839252	1.5434173438813307e-05
rule_a_one_step	primary::CDKN2A+MET+RBM10+TP53	primary::CDKN2A+MET+NF1+RBM10+TP53	same_stage_one_event	NF1	1	0.15045130195972464	3.6835125976130835e-05	5.5418926609593574e-06
rule_a_one_step	primary::CDKN2A+PIK3CA+RBM10+SETD2+TP53	primary::CDKN2A+MET+PIK3CA+RBM10+SETD2+TP53	same_stage_one_event	MET	1	0.056011158156869696	3.6835125976130835e-05	2.0631780667772834e-06
rule_a_one_step	primary::MET+PIK3CA+TP53	primary::CDKN2A+MET+PIK3CA+TP53	same_stage_one_event	CDKN2A	1	0.14467506228572863	0.0004420215117135701	6.394948973879267e-05
rule_a_one_step	primary::CDKN2A+PIK3CA+TP53	primary::CDKN2A+MET+PIK3CA+TP53	same_stage_one_event	MET	1	0.047899527837255616	0.00022101075585678504	1.058631085249498e-05
rule_a_one_step	primary::CDKN2A+MET+TP53	primary::CDKN2A+MET+PIK3CA+TP53	same_stage_one_event	PIK3CA	1	0.14697615457050736	0.0002946810078090467	4.331108135273533e-05
rule_a_one_step	primary::MET+RBM10+TP53	primary::CDKN2A+MET+RBM10+TP53	same_stage_one_event	CDKN2A	1	0.12921870337933158	0.0002946810078090467	3.8078297739599696e-05
rule_a_one_step	primary::CDKN2A+RBM10+TP53	primary::CDKN2A+MET+RBM10+TP53	same_stage_one_event	MET	1	0.05385443431649922	0.00011050537792839252	5.951204617264538e-06
rule_a_one_step	primary::CDKN2A+MET+TP53	primary::CDKN2A+MET+RBM10+TP53	same_stage_one_event	RBM10	1	0.04779422089286342	0.0002946810078090467	1.4084049180157188e-05
rule_a_one_step	primary::NF1+PIK3CA+RBM10+TP53	primary::CDKN2A+NF1+PIK3CA+RBM10+TP53	same_stage_one_event	CDKN2A	1	0.09615207258020356	7.367025195226167e-05	7.083547412715747e-06
rule_a_one_step	primary::NF1+SETD2+TP53	primary::CDKN2A+NF1+SETD2+TP53	same_stage_one_event	CDKN2A	1	0.057046652287216094	0.00025784588183291586	1.470924436461296e-05
rule_a_one_step	primary::CDKN2A+SETD2+TP53	primary::CDKN2A+NF1+SETD2+TP53	same_stage_one_event	NF1	1	0.11720471400280642	3.6835125976130835e-05	4.31725040528976e-06
rule_a_one_step	primary::CDKN2A+NF1+TP53	primary::CDKN2A+NF1+SETD2+TP53	same_stage_one_event	SETD2	1	0.0495586634750849	0.0004420215117135701	2.1905995347761116e-05
rule_a_one_step	primary::NF1+SMARCA4+TP53	primary::CDKN2A+NF1+SMARCA4+TP53	same_stage_one_event	CDKN2A	1	0.09904849264771175	0.0002946810078090467	2.918770963539465e-05
rule_a_one_step	primary::CDKN2A+SMARCA4+TP53	primary::CDKN2A+NF1+SMARCA4+TP53	same_stage_one_event	NF1	1	0.12871190430847615	0.0005156917636658317	6.637566893762583e-05
rule_a_one_step	primary::CDKN2A+NF1+TP53	primary::CDKN2A+NF1+SMARCA4+TP53	same_stage_one_event	SMARCA4	1	0.11775681483169759	0.0004420215117135701	5.205104530648192e-05
rule_a_one_step	primary::PIK3CA	primary::CDKN2A+PIK3CA	same_stage_one_event	CDKN2A	1	0.0140126776650703	0.0023942831884485043	3.355031855862566e-05
rule_a_one_step	primary::CDKN2A	primary::CDKN2A+PIK3CA	same_stage_one_event	PIK3CA	1	0.015183419857785369	0.0008840430234271402	1.3422796397040255e-05
rule_a_one_step	primary::RBM10+SMARCA4+TP53	primary::CDKN2A+RBM10+SMARCA4+TP53	same_stage_one_event	CDKN2A	1	0.09230504455059628	7.367025195226167e-05	6.800135888507166e-06
rule_a_one_step	primary::CDKN2A+SMARCA4+TP53	primary::CDKN2A+RBM10+SMARCA4+TP53	same_stage_one_event	RBM10	1	0.05881942030114223	0.0005156917636658317	3.0332690592897867e-05
rule_a_one_step	primary::CDKN2A+RBM10+TP53	primary::CDKN2A+RBM10+SMARCA4+TP53	same_stage_one_event	SMARCA4	1	0.10032601709570717	0.00011050537792839252	1.108656443521149e-05
rule_a_one_step	primary::SETD2+TP53	primary::CDKN2A+SETD2+TP53	same_stage_one_event	CDKN2A	1	0.060566865749079046	0.000920878149403271	5.577470324616827e-05
rule_a_one_step	primary::CDKN2A+TP53	primary::CDKN2A+SETD2+TP53	same_stage_one_event	SETD2	1	0.03953910871145704	0.002062767054663327	8.155997082074534e-05
rule_a_one_step	primary::SMARCA4+STK11	primary::CDKN2A+SMARCA4+STK11	same_stage_one_event	CDKN2A	1	0.01260475475414117	0.0003683512597613084	4.642977292670241e-06
rule_a_one_step	primary::CDKN2A+STK11	primary::CDKN2A+SMARCA4+STK11	same_stage_one_event	SMARCA4	1	0.0719394903812714	7.367025195226167e-05	5.299800381705569e-06
rule_a_one_step	primary::CDKN2A+SMARCA4	primary::CDKN2A+SMARCA4+STK11	same_stage_one_event	STK11	1	0.05559917475454292	0.00014734050390452334	8.192010425010007e-06
rule_a_one_step	primary::KEAP1+KRAS	primary::EGFR+KEAP1+KRAS	same_stage_one_event	EGFR	1	0.0029055327247479996	0.0019154265507588036	5.56533452508089e-06
rule_a_one_step	primary::EGFR+KRAS	primary::EGFR+KEAP1+KRAS	same_stage_one_event	KEAP1	1	0.003957981256612488	0.0006630322675703551	2.6242692875727417e-06
rule_a_one_step	primary::EGFR+KEAP1	primary::EGFR+KEAP1+KRAS	same_stage_one_event	KRAS	1	0.04314511723053977	7.367025195226167e-05	3.178511656883731e-06
rule_a_one_step	primary::KEAP1+KRAS+RBM10	primary::EGFR+KEAP1+KRAS+RBM10	same_stage_one_event	EGFR	1	0.008486464381137265	0.00025784588183291586	2.1881998919979685e-06
rule_a_one_step	primary::EGFR+KRAS+RBM10	primary::EGFR+KEAP1+KRAS+RBM10	same_stage_one_event	KEAP1	1	0.012657917654265993	0.00025784588183291586	3.263791939732649e-06
rule_a_one_step	primary::EGFR+KEAP1+KRAS	primary::EGFR+KEAP1+KRAS+RBM10	same_stage_one_event	RBM10	1	0.04671700561075508	3.6835125976130835e-05	1.7208267868997744e-06
rule_a_one_step	primary::KEAP1+KRAS+RBM10+STK11	primary::EGFR+KEAP1+KRAS+RBM10+STK11	same_stage_one_event	EGFR	1	0.0007671562042285032	0.0006998673935464859	5.369076130964182e-07
rule_a_one_step	primary::EGFR+KEAP1+RBM10+STK11	primary::EGFR+KEAP1+KRAS+RBM10+STK11	same_stage_one_event	KRAS	1	0.21685371029464356	7.367025195226167e-05	1.5975667474189152e-05
rule_a_one_step	primary::EGFR+KEAP1+KRAS+STK11	primary::EGFR+KEAP1+KRAS+RBM10+STK11	same_stage_one_event	RBM10	1	0.21704807289679384	7.367025195226167e-05	1.598998621605966e-05
rule_a_one_step	primary::EGFR+KEAP1+KRAS+RBM10	primary::EGFR+KEAP1+KRAS+RBM10+STK11	same_stage_one_event	STK11	1	0.008262412848187094	3.6835125976130835e-05	3.043470181297736e-07
rule_a_one_step	primary::KEAP1+KRAS+SMARCA4+STK11	primary::EGFR+KEAP1+KRAS+SMARCA4+STK11	same_stage_one_event	EGFR	1	0.000552719058820581	0.0018049211728304111	9.976143318921641e-07
rule_a_one_step	primary::EGFR+KEAP1+KRAS+STK11	primary::EGFR+KEAP1+KRAS+SMARCA4+STK11	same_stage_one_event	SMARCA4	1	0.2400285261255277	7.367025195226167e-05	1.768296199539765e-05
rule_a_one_step	primary::KEAP1+NF1	primary::EGFR+KEAP1+NF1	same_stage_one_event	EGFR	1	0.03516328304440811	7.367025195226167e-05	2.5904879213502364e-06
rule_a_one_step	primary::EGFR+NF1	primary::EGFR+KEAP1+NF1	same_stage_one_event	KEAP1	1	0.008570612578580166	0.0005893620156180934	5.051193504393792e-06
rule_a_one_step	primary::EGFR+KEAP1	primary::EGFR+KEAP1+NF1	same_stage_one_event	NF1	1	0.011819374320579015	7.367025195226167e-05	8.707362841151477e-07
rule_a_one_step	primary::KEAP1+NF1+SMARCA4+STK11+TP53	primary::EGFR+KEAP1+NF1+SMARCA4+STK11+TP53	same_stage_one_event	EGFR	1	0.0007296743911954635	7.367025195226167e-05	5.375529624248294e-08
rule_a_one_step	primary::EGFR+KEAP1+SMARCA4+STK11+TP53	primary::EGFR+KEAP1+NF1+SMARCA4+STK11+TP53	same_stage_one_event	NF1	1	0.1333072246229367	7.367025195226167e-05	9.820776825028488e-06
rule_a_one_step	primary::KEAP1+NF1+STK11	primary::EGFR+KEAP1+NF1+STK11	same_stage_one_event	EGFR	1	0.0032921689368482494	0.0004420215117135701	1.45520949028212e-06
rule_a_one_step	primary::EGFR+NF1+STK11	primary::EGFR+KEAP1+NF1+STK11	same_stage_one_event	KEAP1	1	0.271650152740575	7.367025195226167e-05	2.001253519526853e-05
rule_a_one_step	primary::EGFR+KEAP1+STK11	primary::EGFR+KEAP1+NF1+STK11	same_stage_one_event	NF1	1	0.03218352157103733	3.6835125976130835e-05	1.1854840714246842e-06
rule_a_one_step	primary::EGFR+KEAP1+NF1	primary::EGFR+KEAP1+NF1+STK11	same_stage_one_event	STK11	1	0.005676926061367905	3.6835125976130835e-05	2.0911028662766703e-07
rule_a_one_step	primary::EGFR+PIK3CA	primary::EGFR+KEAP1+PIK3CA	same_stage_one_event	KEAP1	1	0.014438247439894795	0.003204655959923383	4.626961570910738e-05
rule_a_one_step	primary::EGFR+KEAP1	primary::EGFR+KEAP1+PIK3CA	same_stage_one_event	PIK3CA	1	0.028650085125190062	7.367025195226167e-05	2.1106589896264962e-06
rule_a_one_step	primary::KEAP1+PIK3CA+SMARCA4+TP53	primary::EGFR+KEAP1+PIK3CA+SMARCA4+TP53	same_stage_one_event	EGFR	1	0.023849739191209682	3.6835125976130835e-05	8.785081476060734e-07
rule_a_one_step	primary::EGFR+PIK3CA+SMARCA4+TP53	primary::EGFR+KEAP1+PIK3CA+SMARCA4+TP53	same_stage_one_event	KEAP1	1	0.0434828267644089	3.6835125976130835e-05	1.6016954016652753e-06
rule_a_one_step	primary::EGFR+KEAP1+SMARCA4+TP53	primary::EGFR+KEAP1+PIK3CA+SMARCA4+TP53	same_stage_one_event	PIK3CA	1	0.16898997521783318	3.6835125976130835e-05	6.224767025852113e-06
rule_a_one_step	primary::KEAP1+RBM10+TP53	primary::EGFR+KEAP1+RBM10+TP53	same_stage_one_event	EGFR	1	0.036773504968308855	0.0001841756298806542	6.77278344045765e-06
rule_a_one_step	primary::EGFR+RBM10+TP53	primary::EGFR+KEAP1+RBM10+TP53	same_stage_one_event	KEAP1	1	0.04539236583861396	0.002946810078090467	0.00013376268112159706
rule_a_one_step	primary::EGFR+KEAP1+TP53	primary::EGFR+KEAP1+RBM10+TP53	same_stage_one_event	RBM10	1	0.11243145462569018	0.0006261971415942243	7.040425551188792e-05
rule_a_one_step	primary::KEAP1+SETD2	primary::EGFR+KEAP1+SETD2	same_stage_one_event	EGFR	1	0.06137984964888741	3.6835125976130835e-05	2.2609344942127376e-06
rule_a_one_step	primary::EGFR+SETD2	primary::EGFR+KEAP1+SETD2	same_stage_one_event	KEAP1	1	0.010212336438884922	0.0015470752909974952	1.5799253367952215e-05
rule_a_one_step	primary::EGFR+KEAP1	primary::EGFR+KEAP1+SETD2	same_stage_one_event	SETD2	1	0.014434603300301435	7.367025195226167e-05	1.0634008619641546e-06
rule_a_one_step	primary::KEAP1+SMARCA4+TP53	primary::EGFR+KEAP1+SMARCA4+TP53	same_stage_one_event	EGFR	1	0.022810691718894938	0.00033151613378517756	7.562112327613616e-06
rule_a_one_step	primary::EGFR+SMARCA4+TP53	primary::EGFR+KEAP1+SMARCA4+TP53	same_stage_one_event	KEAP1	1	0.036187173560887194	0.0006630322675703551	2.399326374303704e-05
rule_a_one_step	primary::EGFR+KEAP1+TP53	primary::EGFR+KEAP1+SMARCA4+TP53	same_stage_one_event	SMARCA4	1	0.16015228609960755	0.0006261971415942243	0.00010028690377535467
rule_a_one_step	primary::KEAP1+STK11	primary::EGFR+KEAP1+STK11	same_stage_one_event	EGFR	1	0.0077941136347500425	0.0026889641962575513	2.095809250540567e-05
rule_a_one_step	primary::EGFR+STK11	primary::EGFR+KEAP1+STK11	same_stage_one_event	KEAP1	1	0.26950268078193534	0.0004051863857374392	0.0001091988171725832
rule_a_one_step	primary::EGFR+KEAP1	primary::EGFR+KEAP1+STK11	same_stage_one_event	STK11	1	0.005946517518569617	7.367025195226167e-05	4.380814438315616e-07
rule_a_one_step	primary::KEAP1+STK11+TP53	primary::EGFR+KEAP1+STK11+TP53	same_stage_one_event	EGFR	1	0.0015700593735077642	0.0017312509208781495	2.718166736218687e-06
rule_a_one_step	primary::EGFR+STK11+TP53	primary::EGFR+KEAP1+STK11+TP53	same_stage_one_event	KEAP1	1	0.3607653603336958	0.00025784588183291586	9.302186247001143e-05
rule_a_one_step	primary::EGFR+KEAP1+TP53	primary::EGFR+KEAP1+STK11+TP53	same_stage_one_event	STK11	1	0.029426449593918852	0.0006261971415942243	1.842675862297851e-05
rule_a_one_step	primary::EGFR+KEAP1+STK11	primary::EGFR+KEAP1+STK11+TP53	same_stage_one_event	TP53	1	0.12800664246899024	3.6835125976130835e-05	4.715140801126795e-06
rule_a_one_step	primary::KRAS+MET+NF1+TP53	primary::EGFR+KRAS+MET+NF1+TP53	same_stage_one_event	EGFR	1	0.00030592557577225054	3.6835125976130835e-05	1.1268807122891207e-08
rule_a_one_step	primary::EGFR+MET+NF1+TP53	primary::EGFR+KRAS+MET+NF1+TP53	same_stage_one_event	KRAS	1	0.002805794984098268	7.367025195226167e-05	2.0670362340491143e-07
rule_a_one_step	primary::EGFR+KRAS+MET+TP53	primary::EGFR+KRAS+MET+NF1+TP53	same_stage_one_event	NF1	1	0.041882425824847434	0.00014734050390452334	6.170977725776843e-06
rule_a_one_step	primary::KRAS+MET+PIK3CA+TP53	primary::EGFR+KRAS+MET+PIK3CA+TP53	same_stage_one_event	EGFR	1	0.001216799672868585	7.367025195226167e-05	8.964193847565824e-08
rule_a_one_step	primary::EGFR+MET+PIK3CA+TP53	primary::EGFR+KRAS+MET+PIK3CA+TP53	same_stage_one_event	KRAS	1	0.010912560266855692	7.367025195226167e-05	8.039310643034986e-07
rule_a_one_step	primary::EGFR+KRAS+PIK3CA+TP53	primary::EGFR+KRAS+MET+PIK3CA+TP53	same_stage_one_event	MET	1	0.00260025590503721	0.00011050537792839252	2.8734226149667124e-07
rule_a_one_step	primary::EGFR+KRAS+MET+TP53	primary::EGFR+KRAS+MET+PIK3CA+TP53	same_stage_one_event	PIK3CA	1	0.39011712963905854	0.00014734050390452334	5.748005446280514e-05
rule_a_one_step	primary::EGFR+KRAS+MET+PIK3CA	primary::EGFR+KRAS+MET+PIK3CA+TP53	same_stage_one_event	TP53	1	0.7472049095550739	0.00011050537792839252	8.25701609203338e-05
rule_a_one_step	primary::EGFR+MET+STK11+TP53	primary::EGFR+KRAS+MET+STK11+TP53	same_stage_one_event	KRAS	1	0.010638903172065601	3.6835125976130835e-05	3.918853385908944e-07
rule_a_one_step	primary::EGFR+KRAS+STK11+TP53	primary::EGFR+KRAS+MET+STK11+TP53	same_stage_one_event	MET	1	0.0004628975859294485	0.00014734050390452334	6.820356356703233e-08
rule_a_one_step	primary::EGFR+KRAS+MET+TP53	primary::EGFR+KRAS+MET+STK11+TP53	same_stage_one_event	STK11	1	0.07430573911534544	0.00014734050390452334	1.0948245044253048e-05
rule_a_one_step	primary::KRAS+NF1+RBM10	primary::EGFR+KRAS+NF1+RBM10	same_stage_one_event	EGFR	1	0.00961125301386765	0.0004420215117135701	4.248380586651386e-06
rule_a_one_step	primary::EGFR+NF1+RBM10	primary::EGFR+KRAS+NF1+RBM10	same_stage_one_event	KRAS	1	0.042309939336262176	0.00011050537792839252	4.675475836481013e-06
rule_a_one_step	primary::EGFR+KRAS+RBM10	primary::EGFR+KRAS+NF1+RBM10	same_stage_one_event	NF1	1	0.01800436699142383	0.00025784588183291586	4.642351883747119e-06
rule_a_one_step	primary::KRAS+NF1+RBM10+TP53	primary::EGFR+KRAS+NF1+RBM10+TP53	same_stage_one_event	EGFR	1	0.0012286840981713518	0.0001841756298806542	2.2629366770505226e-07
rule_a_one_step	primary::EGFR+NF1+RBM10+TP53	primary::EGFR+KRAS+NF1+RBM10+TP53	same_stage_one_event	KRAS	1	0.005522072418893805	0.00011050537792839252	6.102186995978126e-07
rule_a_one_step	primary::EGFR+KRAS+RBM10+TP53	primary::EGFR+KRAS+NF1+RBM10+TP53	same_stage_one_event	NF1	1	0.08055025901797137	0.00011050537792839252	8.901236815010835e-06
rule_a_one_step	primary::EGFR+KRAS+NF1+RBM10	primary::EGFR+KRAS+NF1+RBM10+TP53	same_stage_one_event	TP53	1	0.5935998962661944	3.6835125976130835e-05	2.1865326958383465e-05
rule_a_one_step	primary::KRAS+PIK3CA	primary::EGFR+KRAS+PIK3CA	same_stage_one_event	EGFR	1	0.0168466584429684	0.002504788566376897	4.219731744960407e-05
rule_a_one_step	primary::EGFR+PIK3CA	primary::EGFR+KRAS+PIK3CA	same_stage_one_event	KRAS	1	0.07805840072830371	0.003204655959923383	0.00025015031911604623
rule_a_one_step	primary::EGFR+KRAS	primary::EGFR+KRAS+PIK3CA	same_stage_one_event	PIK3CA	1	0.034055705213827836	0.0006630322675703551	2.2580031451631837e-05
rule_a_one_step	primary::KRAS+RBM10+SMARCA4+STK11	primary::EGFR+KRAS+RBM10+SMARCA4+STK11	same_stage_one_event	EGFR	1	0.0015468005336904845	7.367025195226167e-05	1.1395318503687081e-07
rule_a_one_step	primary::EGFR+KRAS+STK11+TP53	primary::EGFR+KRAS+RBM10+STK11+TP53	same_stage_one_event	RBM10	1	0.1804089724088098	0.00014734050390452334	2.6581548903611283e-05
rule_a_one_step	primary::EGFR+KRAS+RBM10+TP53	primary::EGFR+KRAS+RBM10+STK11+TP53	same_stage_one_event	STK11	1	0.06611787850097728	0.00011050537792839252	7.3063811515740325e-06
rule_a_one_step	primary::KRAS+SETD2+STK11+TP53	primary::EGFR+KRAS+SETD2+STK11+TP53	same_stage_one_event	EGFR	1	5.934475796578307e-05	0.00011050537792839252	6.5579149070778405e-09
rule_a_one_step	primary::EGFR+KRAS+STK11+TP53	primary::EGFR+KRAS+SETD2+STK11+TP53	same_stage_one_event	SETD2	1	0.0220771505906135	0.00014734050390452334	3.252858492797038e-06
rule_a_one_step	primary::EGFR+KRAS+SETD2+TP53	primary::EGFR+KRAS+SETD2+STK11+TP53	same_stage_one_event	STK11	1	0.07485121894408717	7.367025195226167e-05	5.514308158544803e-06
rule_a_one_step	primary::KRAS+SMARCA4+TP53	primary::EGFR+KRAS+SMARCA4+TP53	same_stage_one_event	EGFR	1	0.0018568991807219584	0.0006630322675703551	1.2311840744436147e-06
rule_a_one_step	primary::EGFR+SMARCA4+TP53	primary::EGFR+KRAS+SMARCA4+TP53	same_stage_one_event	KRAS	1	0.010617491378773223	0.0006630322675703551	7.039739384776706e-06
rule_a_one_step	primary::EGFR+KRAS+TP53	primary::EGFR+KRAS+SMARCA4+TP53	same_stage_one_event	SMARCA4	1	0.04495558641037085	0.0007735376454987476	3.477483846389376e-05
rule_a_one_step	primary::EGFR+PIK3CA+SMARCA4+TP53	primary::EGFR+MET+PIK3CA+SMARCA4+TP53	same_stage_one_event	MET	1	0.02968501963703251	3.6835125976130835e-05	1.0934514379340102e-06
rule_a_one_step	primary::EGFR+MET+PIK3CA+TP53	primary::EGFR+MET+PIK3CA+SMARCA4+TP53	same_stage_one_event	SMARCA4	1	0.05809558820570285	7.367025195226167e-05	4.2799166204289706e-06
rule_a_one_step	primary::EGFR+PIK3CA+STK11	primary::EGFR+MET+PIK3CA+STK11	same_stage_one_event	MET	1	0.009920572808364723	3.6835125976130835e-05	3.6542554915149265e-07
rule_a_one_step	primary::EGFR+MET+PIK3CA	primary::EGFR+MET+PIK3CA+STK11	same_stage_one_event	STK11	1	0.02818940397843167	0.00014734050390452334	4.153440986950297e-06
rule_a_one_step	primary::MET+PIK3CA+STK11+TP53	primary::EGFR+MET+PIK3CA+STK11+TP53	same_stage_one_event	EGFR	1	0.0025789210483013808	3.6835125976130835e-05	9.499488169667675e-08
rule_a_one_step	primary::EGFR+MET+STK11+TP53	primary::EGFR+MET+PIK3CA+STK11+TP53	same_stage_one_event	PIK3CA	1	0.14559891449337523	3.6835125976130835e-05	5.363154357351378e-06
rule_a_one_step	primary::EGFR+MET+PIK3CA+TP53	primary::EGFR+MET+PIK3CA+STK11+TP53	same_stage_one_event	STK11	1	0.09949303611981404	7.367025195226167e-05	7.329677038442171e-06
rule_a_one_step	primary::EGFR+MET+PIK3CA+STK11	primary::EGFR+MET+PIK3CA+STK11+TP53	same_stage_one_event	TP53	1	0.07620089440410606	3.6835125976130835e-05	2.80686954486909e-06
rule_a_one_step	primary::MET+RBM10+TP53	primary::EGFR+MET+RBM10+TP53	same_stage_one_event	EGFR	1	0.07097760186080689	0.0002946810078090467	2.091575124821184e-05
rule_a_one_step	primary::EGFR+RBM10+TP53	primary::EGFR+MET+RBM10+TP53	same_stage_one_event	MET	1	0.030934694625201223	0.002946810078090467	9.115866988419397e-05
rule_a_one_step	primary::EGFR+MET+TP53	primary::EGFR+MET+RBM10+TP53	same_stage_one_event	RBM10	1	0.08823729901683001	0.0007735376454987476	6.825487252664764e-05
rule_a_one_step	primary::EGFR+MET+RBM10	primary::EGFR+MET+RBM10+TP53	same_stage_one_event	TP53	1	0.5158365045424013	0.0001841756298806542	9.50045131395317e-05
rule_a_one_step	primary::MET+STK11+TP53	primary::EGFR+MET+STK11+TP53	same_stage_one_event	EGFR	1	0.002510733656047087	0.00025784588183291586	6.47382333591042e-07
rule_a_one_step	primary::EGFR+STK11+TP53	primary::EGFR+MET+STK11+TP53	same_stage_one_event	MET	1	0.0044341176824647	0.00025784588183291586	1.1433189839860358e-06
rule_a_one_step	primary::EGFR+MET+TP53	primary::EGFR+MET+STK11+TP53	same_stage_one_event	STK11	1	0.06635926080908891	0.0007735376454987476	5.133138636329995e-05
rule_a_one_step	primary::EGFR+PIK3CA+SMARCA4+TP53	primary::EGFR+NF1+PIK3CA+SMARCA4+TP53	same_stage_one_event	NF1	1	0.11273595688819235	3.6835125976130835e-05	4.15264317401622e-06
rule_a_one_step	primary::EGFR+NF1+SMARCA4+TP53	primary::EGFR+NF1+PIK3CA+SMARCA4+TP53	same_stage_one_event	PIK3CA	1	0.14896596285747135	7.367025195226167e-05	1.097436001602117e-05
rule_a_one_step	primary::EGFR+NF1+PIK3CA+TP53	primary::EGFR+NF1+PIK3CA+SMARCA4+TP53	same_stage_one_event	SMARCA4	1	0.07559479827635249	7.367025195226167e-05	5.569087835299284e-06
rule_a_one_step	primary::NF1+RBM10+SMARCA4	primary::EGFR+NF1+RBM10+SMARCA4	same_stage_one_event	EGFR	1	0.21017293042836693	3.6835125976130835e-05	7.741746369101478e-06
rule_a_one_step	primary::EGFR+RBM10+SMARCA4	primary::EGFR+NF1+RBM10+SMARCA4	same_stage_one_event	NF1	1	0.03260537991710858	0.00014734050390452334	4.804093106985204e-06
rule_a_one_step	primary::EGFR+NF1+SMARCA4	primary::EGFR+NF1+RBM10+SMARCA4	same_stage_one_event	RBM10	1	0.08039941294676153	3.6835125976130835e-05	2.9615225043009256e-06
rule_a_one_step	primary::EGFR+NF1+RBM10	primary::EGFR+NF1+RBM10+SMARCA4	same_stage_one_event	SMARCA4	1	0.040005979315819666	0.00011050537792839252	4.420875863690106e-06
rule_a_one_step	primary::NF1+SETD2+TP53	primary::EGFR+NF1+SETD2+TP53	same_stage_one_event	EGFR	1	0.014866613349800021	0.00025784588183291586	3.833295029048186e-06
rule_a_one_step	primary::EGFR+SETD2+TP53	primary::EGFR+NF1+SETD2+TP53	same_stage_one_event	NF1	1	0.08787609601261757	0.0008472078974510093	7.444932253905276e-05
rule_a_one_step	primary::EGFR+NF1+TP53	primary::EGFR+NF1+SETD2+TP53	same_stage_one_event	SETD2	1	0.05157910191797605	0.001141888905260056	5.889760422341452e-05
rule_a_one_step	primary::NF1+SMARCA4	primary::EGFR+NF1+SMARCA4	same_stage_one_event	EGFR	1	0.10753569495648664	3.6835125976130835e-05	3.961090870652963e-06
rule_a_one_step	primary::EGFR+SMARCA4	primary::EGFR+NF1+SMARCA4	same_stage_one_event	NF1	1	0.012106978875034194	0.001105053779283925	1.337886276156718e-05
rule_a_one_step	primary::EGFR+NF1	primary::EGFR+NF1+SMARCA4	same_stage_one_event	SMARCA4	1	0.014840764742458443	0.0005893620156180934	8.746583021929243e-06
rule_a_one_step	primary::PIK3CA+RBM10+SMARCA4	primary::EGFR+PIK3CA+RBM10+SMARCA4	same_stage_one_event	EGFR	1	0.4087673359284526	3.6835125976130835e-05	1.5056996313851944e-05
rule_a_one_step	primary::EGFR+RBM10+SMARCA4	primary::EGFR+PIK3CA+RBM10+SMARCA4	same_stage_one_event	PIK3CA	1	0.07046251166738819	0.00014734050390452334	1.038198197545133e-05
rule_a_one_step	primary::EGFR+PIK3CA+SMARCA4	primary::EGFR+PIK3CA+RBM10+SMARCA4	same_stage_one_event	RBM10	1	0.0901474225188255	0.00022101075585678504	1.992354998942659e-05
rule_a_one_step	primary::EGFR+PIK3CA+RBM10	primary::EGFR+PIK3CA+RBM10+SMARCA4	same_stage_one_event	SMARCA4	1	0.04357780597562421	0.0002946810078090467	1.284155178300404e-05
rule_a_one_step	primary::PIK3CA+SMARCA4+TP53	primary::EGFR+PIK3CA+SMARCA4+TP53	same_stage_one_event	EGFR	1	0.07293961199436419	0.0001841756298806542	1.3433698982312545e-05
rule_a_one_step	primary::EGFR+SMARCA4+TP53	primary::EGFR+PIK3CA+SMARCA4+TP53	same_stage_one_event	PIK3CA	1	0.18793871381070268	0.0006630322675703551	0.00012460943158216622
rule_a_one_step	primary::EGFR+PIK3CA+TP53	primary::EGFR+PIK3CA+SMARCA4+TP53	same_stage_one_event	SMARCA4	1	0.06742327132503484	0.0023574480624723735	0.0001589468603507525
rule_a_one_step	primary::EGFR+PIK3CA+SMARCA4	primary::EGFR+PIK3CA+SMARCA4+TP53	same_stage_one_event	TP53	1	0.5654340443190481	0.00022101075585678504	0.0001249670055221117
rule_a_one_step	primary::PIK3CA+STK11	primary::EGFR+PIK3CA+STK11	same_stage_one_event	EGFR	1	0.022693715651324935	7.367025195226167e-05	1.671851749766092e-06
rule_a_one_step	primary::EGFR+STK11	primary::EGFR+PIK3CA+STK11	same_stage_one_event	PIK3CA	1	0.03578958948491471	0.0004051863857374392	1.450145441041925e-05
rule_a_one_step	primary::EGFR+PIK3CA	primary::EGFR+PIK3CA+STK11	same_stage_one_event	STK11	1	0.030603781547178157	0.003204655959923383	9.807459093135773e-05
rule_a_one_step	primary::KRAS+MET+NF1+TP53	primary::KEAP1+KRAS+MET+NF1+TP53	same_stage_one_event	KEAP1	1	0.02813668254141382	3.6835125976130835e-05	1.0364182459633792e-06
rule_a_one_step	primary::KEAP1+KRAS+NF1+TP53	primary::KEAP1+KRAS+MET+NF1+TP53	same_stage_one_event	MET	1	0.0035152255228223725	0.00011050537792839252	3.8845132490301743e-07
rule_a_one_step	primary::KRAS+MET+RBM10	primary::KEAP1+KRAS+MET+RBM10	same_stage_one_event	KEAP1	1	0.029113765593253477	3.6835125976130835e-05	1.0724092232670354e-06
rule_a_one_step	primary::KEAP1+KRAS+RBM10	primary::KEAP1+KRAS+MET+RBM10	same_stage_one_event	MET	1	0.011226473615649154	0.00025784588183291586	2.8946999893010193e-06
rule_a_one_step	primary::KEAP1+KRAS+RBM10+STK11+TP53	primary::KEAP1+KRAS+MET+RBM10+STK11+TP53	same_stage_one_event	MET	1	0.0010928871060720412	0.00014734050390452334	1.610265369194108e-07
rule_a_one_step	primary::KEAP1+KRAS+MET+STK11+TP53	primary::KEAP1+KRAS+MET+RBM10+STK11+TP53	same_stage_one_event	RBM10	1	0.07338023658529662	3.6835125976130835e-05	2.7029702587776856e-06
rule_a_one_step	primary::KEAP1+KRAS+SETD2+SMARCA4+STK11	primary::KEAP1+KRAS+MET+SETD2+SMARCA4+STK11	same_stage_one_event	MET	1	0.0038927441954232306	3.6835125976130835e-05	1.4338972283126677e-07
rule_a_one_step	primary::KEAP1+KRAS+MET+SMARCA4+STK11	primary::KEAP1+KRAS+MET+SETD2+SMARCA4+STK11	same_stage_one_event	SETD2	1	0.05373539171940746	3.6835125976130835e-05	1.9793499233611115e-06
rule_a_one_step	primary::KEAP1+KRAS+MET+SETD2+STK11	primary::KEAP1+KRAS+MET+SETD2+SMARCA4+STK11	same_stage_one_event	SMARCA4	1	0.35703595671455707	3.6835125976130835e-05	1.3151464443589106e-05
rule_a_one_step	primary::KEAP1+KRAS+SETD2+STK11	primary::KEAP1+KRAS+MET+SETD2+STK11	same_stage_one_event	MET	1	0.002340628500480195	0.00011050537792839252	2.5865203703553063e-07
rule_a_one_step	primary::KEAP1+KRAS+MET+STK11	primary::KEAP1+KRAS+MET+SETD2+STK11	same_stage_one_event	SETD2	1	0.03718319087074188	7.367025195226167e-05	2.7392950398365904e-06
rule_a_one_step	primary::KRAS+MET+SMARCA4	primary::KEAP1+KRAS+MET+SMARCA4	same_stage_one_event	KEAP1	1	0.01315663912241413	3.6835125976130835e-05	4.84626459496616e-07
rule_a_one_step	primary::KEAP1+KRAS+SMARCA4	primary::KEAP1+KRAS+MET+SMARCA4	same_stage_one_event	MET	1	0.005550355189326086	0.0004788566376897009	2.6578244239442727e-06
rule_a_one_step	primary::KEAP1+MET+SMARCA4+STK11	primary::KEAP1+KRAS+MET+SMARCA4+STK11	same_stage_one_event	KRAS	1	0.5871152195369803	3.6835125976130835e-05	2.1626463074148382e-05
rule_a_one_step	primary::KEAP1+KRAS+SMARCA4+STK11	primary::KEAP1+KRAS+MET+SMARCA4+STK11	same_stage_one_event	MET	1	0.004144190071651207	0.0018049211728304111	7.4799364045568425e-06
rule_a_one_step	primary::KEAP1+KRAS+MET+STK11	primary::KEAP1+KRAS+MET+SMARCA4+STK11	same_stage_one_event	SMARCA4	1	0.30724055546776535	7.367025195226167e-05	2.26344891312631e-05
rule_a_one_step	primary::KEAP1+KRAS+MET+SMARCA4	primary::KEAP1+KRAS+MET+SMARCA4+STK11	same_stage_one_event	STK11	1	0.037972911326011924	3.6835125976130835e-05	1.3987369723740946e-06
rule_a_one_step	primary::KEAP1+KRAS+SMARCA4+STK11+TP53	primary::KEAP1+KRAS+MET+SMARCA4+STK11+TP53	same_stage_one_event	MET	1	0.0016171280206506984	3.6835125976130835e-05	5.956711436019958e-08
rule_a_one_step	primary::KEAP1+KRAS+MET+STK11+TP53	primary::KEAP1+KRAS+MET+SMARCA4+STK11+TP53	same_stage_one_event	SMARCA4	1	0.3467028683144659	3.6835125976130835e-05	1.277084383064925e-05
rule_a_one_step	primary::KEAP1+KRAS+MET+SMARCA4+STK11	primary::KEAP1+KRAS+MET+SMARCA4+STK11+TP53	same_stage_one_event	TP53	1	0.12770854663536754	3.6835125976130835e-05	4.704160403542343e-06
rule_a_one_step	primary::KEAP1+MET+STK11+TP53	primary::KEAP1+KRAS+MET+STK11+TP53	same_stage_one_event	KRAS	1	0.05858065345053075	3.6835125976130835e-05	2.1578257496143636e-06
rule_a_one_step	primary::KEAP1+KRAS+STK11+TP53	primary::KEAP1+KRAS+MET+STK11+TP53	same_stage_one_event	MET	1	0.0009583724961864366	0.0005525268896419625	5.295265744362955e-07
rule_a_one_step	primary::KEAP1+KRAS+MET+STK11	primary::KEAP1+KRAS+MET+STK11+TP53	same_stage_one_event	TP53	1	0.09103313090208386	7.367025195226167e-05	6.706433689559735e-06
rule_a_one_step	primary::KEAP1+NF1+RBM10+STK11	primary::KEAP1+KRAS+NF1+RBM10+STK11	same_stage_one_event	KRAS	1	0.32824644654552515	3.6835125976130835e-05	1.2090999209721714e-05
rule_a_one_step	primary::KEAP1+KRAS+RBM10+STK11	primary::KEAP1+KRAS+NF1+RBM10+STK11	same_stage_one_event	NF1	1	0.06635393075714836	0.0006998673935464859	4.643895257056943e-05
rule_a_one_step	primary::KEAP1+KRAS+NF1+STK11	primary::KEAP1+KRAS+NF1+RBM10+STK11	same_stage_one_event	RBM10	1	0.1843271769822565	0.00025784588183291586	4.752800349476188e-05
rule_a_one_step	primary::KRAS+NF1+SETD2+TP53	primary::KEAP1+KRAS+NF1+SETD2+TP53	same_stage_one_event	KEAP1	1	0.054180035543558776	3.6835125976130835e-05	1.9957284346382336e-06
rule_a_one_step	primary::KEAP1+NF1+SETD2+TP53	primary::KEAP1+KRAS+NF1+SETD2+TP53	same_stage_one_event	KRAS	1	0.013833663683688997	7.367025195226167e-05	1.0191294890002207e-06
rule_a_one_step	primary::KEAP1+KRAS+NF1+TP53	primary::KEAP1+KRAS+NF1+SETD2+TP53	same_stage_one_event	SETD2	1	0.06130676582493192	0.00011050537792839252	6.774727327051561e-06
rule_a_one_step	primary::KRAS+NF1+SMARCA4	primary::KEAP1+KRAS+NF1+SMARCA4	same_stage_one_event	KEAP1	1	0.029411274948714847	7.367025195226167e-05	2.1667360357090647e-06
rule_a_one_step	primary::KEAP1+NF1+SMARCA4	primary::KEAP1+KRAS+NF1+SMARCA4	same_stage_one_event	KRAS	1	0.1683288679516492	3.6835125976130835e-05	6.2004150564184905e-06
rule_a_one_step	primary::KEAP1+KRAS+SMARCA4	primary::KEAP1+KRAS+NF1+SMARCA4	same_stage_one_event	NF1	1	0.0287103618573198	0.0004788566376897009	1.3748147345850794e-05
rule_a_one_step	primary::KEAP1+KRAS+NF1	primary::KEAP1+KRAS+NF1+SMARCA4	same_stage_one_event	SMARCA4	1	0.06985684471820577	0.00014734050390452334	1.0292742701960478e-05
rule_a_one_step	primary::KEAP1+KRAS+RBM10+SMARCA4+STK11	primary::KEAP1+KRAS+PIK3CA+RBM10+SMARCA4+STK11	same_stage_one_event	PIK3CA	1	0.038825169926280746	0.00022101075585678504	8.580780151675426e-06
rule_a_one_step	primary::KRAS+PIK3CA+SMARCA4	primary::KEAP1+KRAS+PIK3CA+SMARCA4	same_stage_one_event	KEAP1	1	0.043260951027003045	3.6835125976130835e-05	1.5935225809268838e-06
rule_a_one_step	primary::KEAP1+PIK3CA+SMARCA4	primary::KEAP1+KRAS+PIK3CA+SMARCA4	same_stage_one_event	KRAS	1	0.39820777560904774	3.6835125976130835e-05	1.4668033579234114e-05
rule_a_one_step	primary::KEAP1+KRAS+SMARCA4	primary::KEAP1+KRAS+PIK3CA+SMARCA4	same_stage_one_event	PIK3CA	1	0.029728223137198796	0.0004788566376897009	1.4235556975968187e-05
rule_a_one_step	primary::KEAP1+KRAS+PIK3CA	primary::KEAP1+KRAS+PIK3CA+SMARCA4	same_stage_one_event	SMARCA4	1	0.08882458156515446	0.00011050537792839252	9.815593955188721e-06
rule_a_one_step	primary::KRAS+RBM10+SMARCA4	primary::KEAP1+KRAS+RBM10+SMARCA4	same_stage_one_event	KEAP1	1	0.063542120922578	0.0001841756298806542	1.1702910144868497e-05
rule_a_one_step	primary::KEAP1+RBM10+SMARCA4	primary::KEAP1+KRAS+RBM10+SMARCA4	same_stage_one_event	KRAS	1	0.415412432920638	7.367025195226167e-05	3.06035385973654e-05
rule_a_one_step	primary::KEAP1+KRAS+SMARCA4	primary::KEAP1+KRAS+RBM10+SMARCA4	same_stage_one_event	RBM10	1	0.06977769323820089	0.0004788566376897009	3.341351156978825e-05
rule_a_one_step	primary::KEAP1+KRAS+RBM10	primary::KEAP1+KRAS+RBM10+SMARCA4	same_stage_one_event	SMARCA4	1	0.1276697232478712	0.00025784588183291586	3.291911237421167e-05
rule_a_one_step	primary::KRAS+SETD2+SMARCA4+STK11	primary::KEAP1+KRAS+SETD2+SMARCA4+STK11	same_stage_one_event	KEAP1	1	0.5556745935601716	3.6835125976130835e-05	2.046834365552422e-05
rule_a_one_step	primary::KEAP1+SETD2+SMARCA4+STK11	primary::KEAP1+KRAS+SETD2+SMARCA4+STK11	same_stage_one_event	KRAS	1	0.5459498167076515	0.00011050537792839252	6.0330390825215656e-05
rule_a_one_step	primary::KEAP1+KRAS+SMARCA4+STK11	primary::KEAP1+KRAS+SETD2+SMARCA4+STK11	same_stage_one_event	SETD2	1	0.06130346886863675	0.0018049211728304111	0.00011064792892895245
rule_a_one_step	primary::KEAP1+KRAS+SETD2+STK11	primary::KEAP1+KRAS+SETD2+SMARCA4+STK11	same_stage_one_event	SMARCA4	1	0.4092869061666891	0.00011050537792839252	4.522840424709251e-05
rule_a_one_step	primary::KRAS+SETD2+STK11+TP53	primary::KEAP1+KRAS+SETD2+STK11+TP53	same_stage_one_event	KEAP1	1	0.5114013188704071	0.00011050537792839252	5.651259601485271e-05
rule_a_one_step	primary::KEAP1+SETD2+STK11+TP53	primary::KEAP1+KRAS+SETD2+STK11+TP53	same_stage_one_event	KRAS	1	0.04358606155795771	3.6835125976130835e-05	1.6054980682907658e-06
rule_a_one_step	primary::KEAP1+KRAS+STK11+TP53	primary::KEAP1+KRAS+SETD2+STK11+TP53	same_stage_one_event	SETD2	1	0.03028337791775811	0.0005525268896419625	1.673238060875098e-05
rule_a_one_step	primary::KEAP1+KRAS+SETD2+STK11	primary::KEAP1+KRAS+SETD2+STK11+TP53	same_stage_one_event	TP53	1	0.044485128075188916	0.00011050537792839252	4.915845890141696e-06
rule_a_one_step	primary::KEAP1+SMARCA4+STK11+TP53	primary::KEAP1+KRAS+SMARCA4+STK11+TP53	same_stage_one_event	KRAS	1	0.11199348132901525	0.0004051863857374392	4.537823392585707e-05
rule_a_one_step	primary::KEAP1+KRAS+STK11+TP53	primary::KEAP1+KRAS+SMARCA4+STK11+TP53	same_stage_one_event	SMARCA4	1	0.4157031768164445	0.0005525268896419625	0.00022968718330067286
rule_a_one_step	primary::KEAP1+KRAS+SMARCA4+TP53	primary::KEAP1+KRAS+SMARCA4+STK11+TP53	same_stage_one_event	STK11	1	0.11966871320474505	7.367025195226167e-05	8.816024252596511e-06
rule_a_one_step	primary::KEAP1+KRAS+SMARCA4+STK11	primary::KEAP1+KRAS+SMARCA4+STK11+TP53	same_stage_one_event	TP53	1	0.10888838550960174	0.0018049211728304111	0.00019653495248160032
rule_a_one_step	primary::MET	primary::KEAP1+MET	same_stage_one_event	KEAP1	1	0.01477210438035444	0.008214233092677176	0.00012134150864958891
rule_a_one_step	primary::KEAP1	primary::KEAP1+MET	same_stage_one_event	MET	1	0.03781917768986793	0.0010313835273316634	3.9006076886558934e-05
rule_a_one_step	primary::MET+NF1	primary::KEAP1+MET+NF1	same_stage_one_event	KEAP1	1	0.020941445388096697	0.0005156917636658317	1.0799330905899283e-05
rule_a_one_step	primary::KEAP1+NF1	primary::KEAP1+MET+NF1	same_stage_one_event	MET	1	0.047091217084737284	7.367025195226167e-05	3.469221827371245e-06
rule_a_one_step	primary::KEAP1+MET	primary::KEAP1+MET+NF1	same_stage_one_event	NF1	1	0.029940742375883383	3.6835125976130835e-05	1.1028710172345433e-06
rule_a_one_step	primary::MET+NF1+SETD2+TP53	primary::KEAP1+MET+NF1+SETD2+TP53	same_stage_one_event	KEAP1	1	0.04373179371843376	3.6835125976130835e-05	1.6108661307806748e-06
rule_a_one_step	primary::KEAP1+NF1+SETD2+TP53	primary::KEAP1+MET+NF1+SETD2+TP53	same_stage_one_event	MET	1	0.032543134392185175	7.367025195226167e-05	2.3974609099885936e-06
rule_a_one_step	primary::MET+NF1+SMARCA4+TP53	primary::KEAP1+MET+NF1+SMARCA4+TP53	same_stage_one_event	KEAP1	1	0.047604554890560126	7.367025195226167e-05	3.507039552862835e-06
rule_a_one_step	primary::MET+PIK3CA	primary::KEAP1+MET+PIK3CA	same_stage_one_event	KEAP1	1	0.018460560822398563	0.00011050537792839252	2.03999125044923e-06
rule_a_one_step	primary::KEAP1+MET	primary::KEAP1+MET+PIK3CA	same_stage_one_event	PIK3CA	1	0.03928492162866465	3.6835125976130835e-05	1.4470650371542894e-06
rule_a_one_step	primary::MET+PIK3CA+TP53	primary::KEAP1+MET+PIK3CA+TP53	same_stage_one_event	KEAP1	1	0.04320649979534387	0.0004420215117135701	1.9098202355389954e-05
rule_a_one_step	primary::KEAP1+PIK3CA+TP53	primary::KEAP1+MET+PIK3CA+TP53	same_stage_one_event	MET	1	0.04036914126762805	0.00025784588183291586	1.040901682898911e-05
rule_a_one_step	primary::KEAP1+MET+TP53	primary::KEAP1+MET+PIK3CA+TP53	same_stage_one_event	PIK3CA	1	0.11585883591246272	3.6835125976130835e-05	4.267674816283436e-06
rule_a_one_step	primary::KEAP1+MET+PIK3CA	primary::KEAP1+MET+PIK3CA+TP53	same_stage_one_event	TP53	1	0.198818411931789	3.6835125976130835e-05	7.323501249881722e-06
rule_a_one_step	primary::MET+SETD2	primary::KEAP1+MET+SETD2	same_stage_one_event	KEAP1	1	0.01966971839073815	0.00025784588183291586	5.071755883865001e-06
rule_a_one_step	primary::KEAP1+SETD2	primary::KEAP1+MET+SETD2	same_stage_one_event	MET	1	0.047978674463744965	3.6835125976130835e-05	1.7673005180398173e-06
rule_a_one_step	primary::KEAP1+MET	primary::KEAP1+MET+SETD2	same_stage_one_event	SETD2	1	0.024667463942319202	3.6835125976130835e-05	9.086291418269928e-07
rule_a_one_step	primary::KEAP1+SMARCA4+STK11	primary::KEAP1+MET+SMARCA4+STK11	same_stage_one_event	MET	1	0.015392889564154378	0.0005525268896419625	8.504985393484442e-06
rule_a_one_step	primary::KEAP1+MET+STK11	primary::KEAP1+MET+SMARCA4+STK11	same_stage_one_event	SMARCA4	1	0.17746378734879695	7.367025195226167e-05	1.3073801926388458e-05
rule_a_one_step	primary::MET+STK11+TP53	primary::KEAP1+MET+STK11+TP53	same_stage_one_event	KEAP1	1	0.425611531568135	0.00025784588183291586	0.00010974218067544369
rule_a_one_step	primary::KEAP1+STK11+TP53	primary::KEAP1+MET+STK11+TP53	same_stage_one_event	MET	1	0.008583588720972085	0.0017312509208781495	1.4860345877622221e-05
rule_a_one_step	primary::KEAP1+MET+TP53	primary::KEAP1+MET+STK11+TP53	same_stage_one_event	STK11	1	0.069980596778804	3.6835125976130835e-05	2.577744098232061e-06
rule_a_one_step	primary::KEAP1+MET+STK11	primary::KEAP1+MET+STK11+TP53	same_stage_one_event	TP53	1	0.028632845270079855	7.367025195226167e-05	2.109388925156907e-06
rule_a_one_step	primary::MET+TP53	primary::KEAP1+MET+TP53	same_stage_one_event	KEAP1	1	0.03878807760361376	0.003204655959923383	0.00012430244406639153
rule_a_one_step	primary::KEAP1+TP53	primary::KEAP1+MET+TP53	same_stage_one_event	MET	1	0.03871214462769255	0.001841756298806542	7.129833620836259e-05
rule_a_one_step	primary::KEAP1+MET	primary::KEAP1+MET+TP53	same_stage_one_event	TP53	1	0.3603199163073823	3.6835125976130835e-05	1.3272429508891346e-05
rule_a_one_step	primary::KEAP1+NF1+SMARCA4+STK11+TP53	primary::KEAP1+NF1+RBM10+SMARCA4+STK11+TP53	same_stage_one_event	RBM10	1	0.14588359563996417	7.367025195226167e-05	1.0747281246498022e-05
rule_a_one_step	primary::KEAP1+NF1+RBM10+STK11+TP53	primary::KEAP1+NF1+RBM10+SMARCA4+STK11+TP53	same_stage_one_event	SMARCA4	1	0.5624265549831449	3.6835125976130835e-05	2.0717053005125417e-05
rule_a_one_step	primary::KEAP1+RBM10+STK11	primary::KEAP1+NF1+RBM10+STK11	same_stage_one_event	NF1	1	0.03577167927459385	0.0005156917636658317	1.844716037440378e-05
rule_a_one_step	primary::KEAP1+NF1+STK11	primary::KEAP1+NF1+RBM10+STK11	same_stage_one_event	RBM10	1	0.08324546261767928	0.0004420215117135701	3.679628522956208e-05
rule_a_one_step	primary::KEAP1+RBM10+STK11+TP53	primary::KEAP1+NF1+RBM10+STK11+TP53	same_stage_one_event	NF1	1	0.12844144869962823	7.367025195226167e-05	9.462313886815105e-06
rule_a_one_step	primary::KEAP1+NF1+STK11+TP53	primary::KEAP1+NF1+RBM10+STK11+TP53	same_stage_one_event	RBM10	1	0.07280593635143945	0.0002946810078090467	2.1454526698523484e-05
rule_a_one_step	primary::KEAP1+NF1+RBM10+TP53	primary::KEAP1+NF1+RBM10+STK11+TP53	same_stage_one_event	STK11	1	0.03878398484254842	3.6835125976130835e-05	1.42861296753162e-06
rule_a_one_step	primary::KEAP1+NF1+RBM10+STK11	primary::KEAP1+NF1+RBM10+STK11+TP53	same_stage_one_event	TP53	1	0.0071254830111907854	3.6835125976130835e-05	2.6246806435799266e-07
rule_a_one_step	primary::NF1+RBM10+TP53	primary::KEAP1+NF1+RBM10+TP53	same_stage_one_event	KEAP1	1	0.10561294660692562	0.0004051863857374392	4.2792928122741333e-05
rule_a_one_step	primary::KEAP1+RBM10+TP53	primary::KEAP1+NF1+RBM10+TP53	same_stage_one_event	NF1	1	0.16221195751224887	0.0001841756298806542	2.987548944899235e-05
rule_a_one_step	primary::KEAP1+NF1+TP53	primary::KEAP1+NF1+RBM10+TP53	same_stage_one_event	RBM10	1	0.08177576890757282	0.0005893620156180934	4.819553199208653e-05
rule_a_one_step	primary::KEAP1+SETD2+STK11+TP53	primary::KEAP1+NF1+SETD2+STK11+TP53	same_stage_one_event	NF1	1	0.10512573667497989	3.6835125976130835e-05	3.872319753756442e-06
rule_a_one_step	primary::KEAP1+NF1+STK11+TP53	primary::KEAP1+NF1+SETD2+STK11+TP53	same_stage_one_event	SETD2	1	0.028294363641857355	0.0002946810078090467	8.337811593298173e-06
rule_a_one_step	primary::KEAP1+NF1+SETD2+TP53	primary::KEAP1+NF1+SETD2+STK11+TP53	same_stage_one_event	STK11	1	0.04855637094797782	7.367025195226167e-05	3.577160081625005e-06
rule_a_one_step	primary::NF1+SMARCA4	primary::KEAP1+NF1+SMARCA4	same_stage_one_event	KEAP1	1	0.039542708116302144	3.6835125976130835e-05	1.4565606349013607e-06
rule_a_one_step	primary::KEAP1+SMARCA4	primary::KEAP1+NF1+SMARCA4	same_stage_one_event	NF1	1	0.032091045304673584	0.00025784588183291586	8.274543875523615e-06
rule_a_one_step	primary::KEAP1+NF1	primary::KEAP1+NF1+SMARCA4	same_stage_one_event	SMARCA4	1	0.0812979307412233	7.367025195226167e-05	5.98923904090344e-06
rule_a_one_step	primary::KEAP1+RBM10+STK11+TP53	primary::KEAP1+PIK3CA+RBM10+STK11+TP53	same_stage_one_event	PIK3CA	1	0.01431688499413157	7.367025195226167e-05	1.054728524689227e-06
rule_a_one_step	primary::KEAP1+PIK3CA+STK11+TP53	primary::KEAP1+PIK3CA+RBM10+STK11+TP53	same_stage_one_event	RBM10	1	0.04856474637915499	0.00011050537792839252	5.3666656526250545e-06
rule_a_one_step	primary::KEAP1+SMARCA4	primary::KEAP1+PIK3CA+SMARCA4	same_stage_one_event	PIK3CA	1	0.01716219340307564	0.00025784588183291586	4.42520089220309e-06
rule_a_one_step	primary::KEAP1+SMARCA4+STK11+TP53	primary::KEAP1+PIK3CA+SMARCA4+STK11+TP53	same_stage_one_event	PIK3CA	1	0.030797609238623742	0.0004051863857374392	1.247877197675192e-05
rule_a_one_step	primary::KEAP1+PIK3CA+STK11+TP53	primary::KEAP1+PIK3CA+SMARCA4+STK11+TP53	same_stage_one_event	SMARCA4	1	0.4159605943583185	0.00011050537792839252	4.596588268288476e-05
rule_a_one_step	primary::KEAP1+PIK3CA+SMARCA4+TP53	primary::KEAP1+PIK3CA+SMARCA4+STK11+TP53	same_stage_one_event	STK11	1	0.08980773036303778	3.6835125976130835e-05	3.308079061552887e-06
rule_a_one_step	primary::PIK3CA+SMARCA4+TP53	primary::KEAP1+PIK3CA+SMARCA4+TP53	same_stage_one_event	KEAP1	1	0.07872851886500724	0.0001841756298806542	1.4499874551533676e-05
rule_a_one_step	primary::KEAP1+SMARCA4+TP53	primary::KEAP1+PIK3CA+SMARCA4+TP53	same_stage_one_event	PIK3CA	1	0.05926624474226434	0.00033151613378517756	1.9647716320921582e-05
rule_a_one_step	primary::KEAP1+PIK3CA+TP53	primary::KEAP1+PIK3CA+SMARCA4+TP53	same_stage_one_event	SMARCA4	1	0.16112804746311174	0.00025784588183291586	4.154620348614197e-05
rule_a_one_step	primary::KEAP1+PIK3CA+SMARCA4	primary::KEAP1+PIK3CA+SMARCA4+TP53	same_stage_one_event	TP53	1	0.14968484704029944	3.6835125976130835e-05	5.513660197447304e-06
rule_a_one_step	primary::KEAP1+SMARCA4+STK11	primary::KEAP1+RBM10+SMARCA4+STK11	same_stage_one_event	RBM10	1	0.05158340714846387	0.0005525268896419625	2.850121950887572e-05
rule_a_one_step	primary::KEAP1+RBM10+STK11	primary::KEAP1+RBM10+SMARCA4+STK11	same_stage_one_event	SMARCA4	1	0.19725899621129503	0.0005156917636658317	0.00010172483965515436
rule_a_one_step	primary::KEAP1+RBM10+SMARCA4	primary::KEAP1+RBM10+SMARCA4+STK11	same_stage_one_event	STK11	1	0.01708618205526097	7.367025195226167e-05	1.2587433369132878e-06
rule_a_one_step	primary::SETD2	primary::KEAP1+SETD2	same_stage_one_event	KEAP1	1	0.031649482124703525	0.002541623692353028	8.044107361885014e-05
rule_a_one_step	primary::KEAP1	primary::KEAP1+SETD2	same_stage_one_event	SETD2	1	0.02422074715585136	0.0010313835273316634	2.4980879636210332e-05
rule_a_one_step	primary::SETD2+SMARCA4+TP53	primary::KEAP1+SETD2+SMARCA4+TP53	same_stage_one_event	KEAP1	1	0.08184424944688466	0.00011050537792839252	9.04422971639362e-06
rule_a_one_step	primary::KEAP1+SMARCA4+TP53	primary::KEAP1+SETD2+SMARCA4+TP53	same_stage_one_event	SETD2	1	0.06416629418615208	0.00033151613378517756	2.1272161767915455e-05
rule_a_one_step	primary::KEAP1+SETD2+TP53	primary::KEAP1+SETD2+SMARCA4+TP53	same_stage_one_event	SMARCA4	1	0.2012244819270152	0.00025784588183291586	5.1884903988842875e-05
rule_a_one_step	primary::SETD2+STK11+TP53	primary::KEAP1+SETD2+STK11+TP53	same_stage_one_event	KEAP1	1	0.5737039433050439	3.6835125976130835e-05	2.1132457024644316e-05
rule_a_one_step	primary::KEAP1+STK11+TP53	primary::KEAP1+SETD2+STK11+TP53	same_stage_one_event	SETD2	1	0.025989791734586706	0.0017312509208781495	4.499485087393455e-05
rule_a_one_step	primary::KEAP1+SETD2+TP53	primary::KEAP1+SETD2+STK11+TP53	same_stage_one_event	STK11	1	0.05633218878005495	0.00025784588183291586	1.4525022891571557e-05
rule_a_one_step	primary::KEAP1+SETD2+STK11	primary::KEAP1+SETD2+STK11+TP53	same_stage_one_event	TP53	1	0.01555246545435171	0.00011050537792839252	1.7186310727514046e-06
rule_a_one_step	primary::KRAS+MET+PIK3CA+STK11+TP53	primary::KRAS+MET+NF1+PIK3CA+STK11+TP53	same_stage_one_event	NF1	1	0.07385779184070063	7.367025195226167e-05	5.441122133542111e-06
rule_a_one_step	primary::KRAS+MET+NF1+PIK3CA+TP53	primary::KRAS+MET+NF1+PIK3CA+STK11+TP53	same_stage_one_event	STK11	1	0.239775500051108	3.6835125976130835e-05	8.83216075037233e-06
rule_a_one_step	primary::KRAS+NF1+PIK3CA+TP53	primary::KRAS+MET+NF1+PIK3CA+TP53	same_stage_one_event	MET	1	0.004502239955513755	0.00011050537792839252	4.975217278083566e-07
rule_a_one_step	primary::KRAS+MET+PIK3CA+TP53	primary::KRAS+MET+NF1+PIK3CA+TP53	same_stage_one_event	NF1	1	0.09160942092954033	7.367025195226167e-05	6.74888912108003e-06
rule_a_one_step	primary::KRAS+MET+NF1+TP53	primary::KRAS+MET+NF1+PIK3CA+TP53	same_stage_one_event	PIK3CA	1	0.14061783198612396	3.6835125976130835e-05	5.179675555699276e-06
rule_a_one_step	primary::MET+NF1+SETD2+TP53	primary::KRAS+MET+NF1+SETD2+TP53	same_stage_one_event	KRAS	1	0.01049083165877622	3.6835125976130835e-05	3.864311057454037e-07
rule_a_one_step	primary::KRAS+NF1+SETD2+TP53	primary::KRAS+MET+NF1+SETD2+TP53	same_stage_one_event	MET	1	0.004010048238158971	3.6835125976130835e-05	1.4771063202294721e-07
rule_a_one_step	primary::KRAS+MET+NF1+TP53	primary::KRAS+MET+NF1+SETD2+TP53	same_stage_one_event	SETD2	1	0.0484044314250172	3.6835125976130835e-05	1.7829833293434948e-06
rule_a_one_step	primary::MET+NF1+TP53	primary::KRAS+MET+NF1+TP53	same_stage_one_event	KRAS	1	0.01650429338363213	0.0003683512597613084	6.079377259331122e-06
rule_a_one_step	primary::KRAS+NF1+TP53	primary::KRAS+MET+NF1+TP53	same_stage_one_event	MET	1	0.004241522368774217	0.0014365699130691027	6.093243420590632e-06
rule_a_one_step	primary::KRAS+MET+TP53	primary::KRAS+MET+NF1+TP53	same_stage_one_event	NF1	1	0.07890894812465667	0.000920878149403271	7.266552612039254e-05
rule_a_one_step	primary::MET+RBM10	primary::KRAS+MET+RBM10	same_stage_one_event	KRAS	1	0.2843528128916711	0.0008840430234271402	0.0002513801204287648
rule_a_one_step	primary::KRAS+RBM10	primary::KRAS+MET+RBM10	same_stage_one_event	MET	1	0.013750934721418478	0.0057094445263002796	7.85101989767152e-05
rule_a_one_step	primary::KRAS+MET	primary::KRAS+MET+RBM10	same_stage_one_event	RBM10	1	0.05111519928485244	0.0008472078974510093	4.3305200513909173e-05
rule_a_one_step	primary::MET+SMARCA4	primary::KRAS+MET+SMARCA4	same_stage_one_event	KRAS	1	0.21421363063300664	0.00011050537792839252	2.367175821051348e-05
rule_a_one_step	primary::KRAS+SMARCA4	primary::KRAS+MET+SMARCA4	same_stage_one_event	MET	1	0.006557754811789537	0.0007735376454987476	5.0726702168697615e-06
rule_a_one_step	primary::KRAS+MET	primary::KRAS+MET+SMARCA4	same_stage_one_event	SMARCA4	1	0.014876616319518329	0.0008472078974510093	1.2603586833244497e-05
rule_a_one_step	primary::MET+SMARCA4+TP53	primary::KRAS+MET+SMARCA4+TP53	same_stage_one_event	KRAS	1	0.03464354413274631	3.6835125976130835e-05	1.2760993123893586e-06
rule_a_one_step	primary::KRAS+SMARCA4+TP53	primary::KRAS+MET+SMARCA4+TP53	same_stage_one_event	MET	1	0.0049426420022659736	0.0006630322675703551	3.2771311345508886e-06
rule_a_one_step	primary::KRAS+MET+TP53	primary::KRAS+MET+SMARCA4+TP53	same_stage_one_event	SMARCA4	1	0.03704865726351085	0.000920878149403271	3.4117298938697925e-05
rule_a_one_step	primary::KRAS+MET+SMARCA4	primary::KRAS+MET+SMARCA4+TP53	same_stage_one_event	TP53	1	0.579046512608852	3.6835125976130835e-05	2.1329251237986295e-05
rule_a_one_step	primary::NF1+PIK3CA+RBM10+TP53	primary::KRAS+NF1+PIK3CA+RBM10+TP53	same_stage_one_event	KRAS	1	0.025531014728880846	7.367025195226167e-05	1.8808762876735556e-06
rule_a_one_step	primary::KRAS+PIK3CA+RBM10+TP53	primary::KRAS+NF1+PIK3CA+RBM10+TP53	same_stage_one_event	NF1	1	0.12788290726879595	7.367025195226167e-05	9.421165998879913e-06
rule_a_one_step	primary::KRAS+NF1+RBM10+TP53	primary::KRAS+NF1+PIK3CA+RBM10+TP53	same_stage_one_event	PIK3CA	1	0.06635989730533245	0.0001841756298806542	1.2221875885025132e-05
rule_a_one_step	primary::KRAS+NF1+PIK3CA+TP53	primary::KRAS+NF1+PIK3CA+RBM10+TP53	same_stage_one_event	RBM10	1	0.138333291892392	0.00011050537792839252	1.5286572700647413e-05
rule_a_one_step	primary::KRAS+PIK3CA+SETD2	primary::KRAS+NF1+PIK3CA+SETD2	same_stage_one_event	NF1	1	0.040695372803179565	0.00011050537792839252	4.4970575515521846e-06
rule_a_one_step	primary::KRAS+NF1+SETD2	primary::KRAS+NF1+PIK3CA+SETD2	same_stage_one_event	PIK3CA	1	0.031730882667080684	7.367025195226167e-05	2.337622120751487e-06
rule_a_one_step	primary::KRAS+NF1+PIK3CA	primary::KRAS+NF1+PIK3CA+SETD2	same_stage_one_event	SETD2	1	0.050725309882752694	7.367025195226167e-05	3.73694635941894e-06
rule_a_one_step	primary::NF1+RBM10+SETD2	primary::KRAS+NF1+RBM10+SETD2	same_stage_one_event	KRAS	1	0.1477153570901024	7.367025195226167e-05	1.0882227574046146e-05
rule_a_one_step	primary::KRAS+RBM10+SETD2	primary::KRAS+NF1+RBM10+SETD2	same_stage_one_event	NF1	1	0.057989863703556244	0.0005893620156180934	3.417702295774642e-05
rule_a_one_step	primary::KRAS+NF1+SETD2	primary::KRAS+NF1+RBM10+SETD2	same_stage_one_event	RBM10	1	0.12236075799926825	7.367025195226167e-05	9.01434787087581e-06
rule_a_one_step	primary::KRAS+NF1+RBM10	primary::KRAS+NF1+RBM10+SETD2	same_stage_one_event	SETD2	1	0.0760476931104527	0.0004420215117135701	3.361471627101195e-05
rule_a_one_step	primary::NF1+RBM10+SMARCA4	primary::KRAS+NF1+RBM10+SMARCA4	same_stage_one_event	KRAS	1	0.1815229684358143	3.6835125976130835e-05	6.6864214098944415e-06
rule_a_one_step	primary::KRAS+RBM10+SMARCA4	primary::KRAS+NF1+RBM10+SMARCA4	same_stage_one_event	NF1	1	0.05587886980195093	0.0001841756298806542	1.0291526042793378e-05
rule_a_one_step	primary::KRAS+NF1+SMARCA4	primary::KRAS+NF1+RBM10+SMARCA4	same_stage_one_event	RBM10	1	0.11104351829492098	7.367025195226167e-05	8.180603970452408e-06
rule_a_one_step	primary::KRAS+NF1+RBM10	primary::KRAS+NF1+RBM10+SMARCA4	same_stage_one_event	SMARCA4	1	0.053513994844788984	0.0004420215117135701	2.3654336899125822e-05
rule_a_one_step	primary::NF1+SETD2+STK11	primary::KRAS+NF1+SETD2+STK11	same_stage_one_event	KRAS	1	0.12947931912284438	3.6835125976130835e-05	4.7693870311936195e-06
rule_a_one_step	primary::KRAS+SETD2+STK11	primary::KRAS+NF1+SETD2+STK11	same_stage_one_event	NF1	1	0.029826192933587025	0.00022101075585678504	6.591909444582369e-06
rule_a_one_step	primary::KRAS+NF1+STK11	primary::KRAS+NF1+SETD2+STK11	same_stage_one_event	SETD2	1	0.0234267265286281	0.0001841756298806542	4.314632114451912e-06
rule_a_one_step	primary::KRAS+NF1+SETD2	primary::KRAS+NF1+SETD2+STK11	same_stage_one_event	STK11	1	0.09126990135147386	7.367025195226167e-05	6.723876628221147e-06
rule_a_one_step	primary::NF1+SETD2+TP53	primary::KRAS+NF1+SETD2+TP53	same_stage_one_event	KRAS	1	0.01359615896518074	0.00025784588183291586	3.5057135979175326e-06
rule_a_one_step	primary::KRAS+SETD2+TP53	primary::KRAS+NF1+SETD2+TP53	same_stage_one_event	NF1	1	0.09146851754542394	0.0009945484013555326	9.096986789916187e-05
rule_a_one_step	primary::KRAS+NF1+TP53	primary::KRAS+NF1+SETD2+TP53	same_stage_one_event	SETD2	1	0.05515996534959169	0.0014365699130691027	7.924114662715765e-05
rule_a_one_step	primary::KRAS+NF1+SETD2	primary::KRAS+NF1+SETD2+TP53	same_stage_one_event	TP53	1	0.38726300280319037	7.367025195226167e-05	2.8529762988300454e-05
rule_a_one_step	primary::NF1+SMARCA4+STK11+TP53	primary::KRAS+NF1+SMARCA4+STK11+TP53	same_stage_one_event	KRAS	1	0.015114771906071302	0.00011050537792839252	1.670263581781859e-06
rule_a_one_step	primary::KRAS+NF1+STK11+TP53	primary::KRAS+NF1+SMARCA4+STK11+TP53	same_stage_one_event	SMARCA4	1	0.11257600190020467	7.367025195226167e-05	8.293502423766367e-06
rule_a_one_step	primary::KRAS+NF1+SMARCA4+TP53	primary::KRAS+NF1+SMARCA4+STK11+TP53	same_stage_one_event	STK11	1	0.2344326819727486	0.00022101075585678504	5.181214424033047e-05
rule_a_one_step	primary::PIK3CA+RBM10+SETD2	primary::KRAS+PIK3CA+RBM10+SETD2	same_stage_one_event	KRAS	1	0.25656208930658747	3.6835125976130835e-05	9.450496880307479e-06
rule_a_one_step	primary::KRAS+RBM10+SETD2	primary::KRAS+PIK3CA+RBM10+SETD2	same_stage_one_event	PIK3CA	1	0.058057954447632884	0.0005893620156180934	3.421715305592036e-05
rule_a_one_step	primary::KRAS+PIK3CA+SETD2	primary::KRAS+PIK3CA+RBM10+SETD2	same_stage_one_event	RBM10	1	0.11796829431445585	0.00011050537792839252	1.3036130946786782e-05
rule_a_one_step	primary::KRAS+PIK3CA+RBM10	primary::KRAS+PIK3CA+RBM10+SETD2	same_stage_one_event	SETD2	1	0.08671007826436088	0.00025784588183291586	2.235783659387528e-05
rule_a_one_step	primary::PIK3CA+RBM10+SMARCA4	primary::KRAS+PIK3CA+RBM10+SMARCA4	same_stage_one_event	KRAS	1	0.2747633909742819	3.6835125976130835e-05	1.0120944120166562e-05
rule_a_one_step	primary::KRAS+RBM10+SMARCA4	primary::KRAS+PIK3CA+RBM10+SMARCA4	same_stage_one_event	PIK3CA	1	0.053770675987790555	0.0001841756298806542	9.903248119159894e-06
rule_a_one_step	primary::KRAS+PIK3CA+SMARCA4	primary::KRAS+PIK3CA+RBM10+SMARCA4	same_stage_one_event	RBM10	1	0.10763864409214824	3.6835125976130835e-05	3.964883015034191e-06
rule_a_one_step	primary::KRAS+PIK3CA+RBM10	primary::KRAS+PIK3CA+RBM10+SMARCA4	same_stage_one_event	SMARCA4	1	0.05327934254035832	0.00025784588183291586	1.3737859060796678e-05
rule_a_one_step	primary::KRAS+RBM10+SMARCA4+TP53	primary::KRAS+PIK3CA+RBM10+SMARCA4+TP53	same_stage_one_event	PIK3CA	1	0.08164614704943846	0.00011050537792839252	9.022338336095307e-06
rule_a_one_step	primary::KRAS+PIK3CA+RBM10+TP53	primary::KRAS+PIK3CA+RBM10+SMARCA4+TP53	same_stage_one_event	SMARCA4	1	0.06865793718466533	7.367025195226167e-05	5.05804753091685e-06
rule_a_one_step	primary::KRAS+PIK3CA+RBM10+SMARCA4	primary::KRAS+PIK3CA+RBM10+SMARCA4+TP53	same_stage_one_event	TP53	1	0.1538532523071843	3.6835125976130835e-05	5.667203930572576e-06
rule_a_one_step	primary::KRAS+RBM10+STK11	primary::KRAS+PIK3CA+RBM10+STK11	same_stage_one_event	PIK3CA	1	0.015434883026393087	0.001141888905260056	1.762492168182502e-05
rule_a_one_step	primary::KRAS+PIK3CA+STK11	primary::KRAS+PIK3CA+RBM10+STK11	same_stage_one_event	RBM10	1	0.1048818887741125	7.367025195226167e-05	7.726675171217952e-06
rule_a_one_step	primary::KRAS+PIK3CA+RBM10	primary::KRAS+PIK3CA+RBM10+STK11	same_stage_one_event	STK11	1	0.14121950723493001	0.00025784588183291586	3.641286837500037e-05
rule_a_one_step	primary::KRAS+SETD2+STK11+TP53	primary::KRAS+PIK3CA+SETD2+STK11+TP53	same_stage_one_event	PIK3CA	1	0.021078603540053836	0.00011050537792839252	2.3292990503964017e-06
rule_a_one_step	primary::KRAS+PIK3CA+STK11+TP53	primary::KRAS+PIK3CA+SETD2+STK11+TP53	same_stage_one_event	SETD2	1	0.019407492800097178	0.00011050537792839252	2.1446323265172952e-06
rule_a_one_step	primary::KRAS+PIK3CA+SETD2+TP53	primary::KRAS+PIK3CA+SETD2+STK11+TP53	same_stage_one_event	STK11	1	0.22406023901433988	0.00014734050390452334	3.301314852134078e-05
rule_a_one_step	primary::KRAS+SMARCA4	primary::KRAS+PIK3CA+SMARCA4	same_stage_one_event	PIK3CA	1	0.03372793710663807	0.0007735376454987476	2.6089829056998654e-05
rule_a_one_step	primary::KRAS+PIK3CA	primary::KRAS+PIK3CA+SMARCA4	same_stage_one_event	SMARCA4	1	0.02940576862681458	0.002504788566376897	7.365523304196963e-05
rule_a_one_step	primary::RBM10+SETD2+STK11	primary::KRAS+RBM10+SETD2+STK11	same_stage_one_event	KRAS	1	0.29055677903886024	7.367025195226167e-05	2.1405391118230457e-05
rule_a_one_step	primary::KRAS+SETD2+STK11	primary::KRAS+RBM10+SETD2+STK11	same_stage_one_event	RBM10	1	0.09925895984326626	0.00022101075585678504	2.193729774051855e-05
rule_a_one_step	primary::KRAS+RBM10+STK11	primary::KRAS+RBM10+SETD2+STK11	same_stage_one_event	SETD2	1	0.02751535190189915	0.001141888905260056	3.141947506110482e-05
rule_a_one_step	primary::KRAS+RBM10+SETD2	primary::KRAS+RBM10+SETD2+STK11	same_stage_one_event	STK11	1	0.09892053571685311	0.0005893620156180934	5.830000631610615e-05
rule_a_one_step	primary::KRAS+SETD2+STK11+TP53	primary::KRAS+RBM10+SETD2+STK11+TP53	same_stage_one_event	RBM10	1	0.062470251142506074	0.00011050537792839252	6.9032987117842285e-06
rule_a_one_step	primary::KRAS+RBM10+SETD2+TP53	primary::KRAS+RBM10+SETD2+STK11+TP53	same_stage_one_event	STK11	1	0.1287617758956503	0.00011050537792839252	1.4228868708079819e-05
rule_a_one_step	primary::KRAS+RBM10+SETD2+STK11	primary::KRAS+RBM10+SETD2+STK11+TP53	same_stage_one_event	TP53	1	0.008183480382940369	3.6835125976130835e-05	3.0143953082880387e-07
rule_a_one_step	primary::KRAS+SMARCA4+STK11	primary::KRAS+SETD2+SMARCA4+STK11	same_stage_one_event	SETD2	1	0.025592654608530593	0.0004788566376897009	1.2255212535394788e-05
rule_a_one_step	primary::KRAS+SETD2+STK11	primary::KRAS+SETD2+SMARCA4+STK11	same_stage_one_event	SMARCA4	1	0.1011288347410131	0.00022101075585678504	2.2350560205027208e-05
rule_a_one_step	primary::KRAS+SETD2+SMARCA4	primary::KRAS+SETD2+SMARCA4+STK11	same_stage_one_event	STK11	1	0.11084085174876016	0.00014734050390452334	1.633134694986889e-05
rule_a_one_step	primary::SETD2+SMARCA4+STK11+TP53	primary::KRAS+SETD2+SMARCA4+STK11+TP53	same_stage_one_event	KRAS	1	0.025266210999778094	7.367025195226167e-05	1.8613681302326574e-06
rule_a_one_step	primary::KRAS+SETD2+STK11+TP53	primary::KRAS+SETD2+SMARCA4+STK11+TP53	same_stage_one_event	SMARCA4	1	0.12074459773915457	0.00011050537792839252	1.3342927405977004e-05
rule_a_one_step	primary::KRAS+SETD2+SMARCA4+TP53	primary::KRAS+SETD2+SMARCA4+STK11+TP53	same_stage_one_event	STK11	1	0.21839540580438857	0.00014734050390452334	3.2178489141651475e-05
rule_a_one_step	primary::KRAS+SETD2+SMARCA4+STK11	primary::KRAS+SETD2+SMARCA4+STK11+TP53	same_stage_one_event	TP53	1	0.031147285849272035	3.6835125976130835e-05	1.1473141980724927e-06
rule_a_one_step	primary::NF1+PIK3CA	primary::MET+NF1+PIK3CA	same_stage_one_event	MET	1	0.06418229829935977	7.367025195226167e-05	4.7283260865890505e-06
rule_a_one_step	primary::MET+PIK3CA	primary::MET+NF1+PIK3CA	same_stage_one_event	NF1	1	0.03030037321438773	0.00011050537792839252	3.3483541934272576e-06
rule_a_one_step	primary::MET+NF1	primary::MET+NF1+PIK3CA	same_stage_one_event	PIK3CA	1	0.047752761539663305	0.0005156917636658317	2.4625705818302868e-05
rule_a_one_step	primary::MET+NF1+SMARCA4+TP53	primary::MET+NF1+PIK3CA+SMARCA4+TP53	same_stage_one_event	PIK3CA	1	0.12255935715697441	7.367025195226167e-05	9.02897872086153e-06
rule_a_one_step	primary::NF1+RBM10	primary::MET+NF1+RBM10	same_stage_one_event	MET	1	0.07482343806792946	0.0006630322675703551	4.96103538095893e-05
rule_a_one_step	primary::MET+RBM10	primary::MET+NF1+RBM10	same_stage_one_event	NF1	1	0.033625747187586534	0.0008840430234271402	2.9726607208710653e-05
rule_a_one_step	primary::MET+NF1	primary::MET+NF1+RBM10	same_stage_one_event	RBM10	1	0.05502914081502915	0.0005156917636658317	2.837807467991779e-05
rule_a_one_step	primary::MET+NF1+SETD2+SMARCA4+TP53	primary::MET+NF1+SETD2+SMARCA4+STK11+TP53	same_stage_one_event	STK11	1	0.1475452295022818	3.6835125976130835e-05	5.434847115893686e-06
rule_a_one_step	primary::MET+NF1+SMARCA4+TP53	primary::MET+NF1+SETD2+SMARCA4+TP53	same_stage_one_event	SETD2	1	0.05654066545726033	7.367025195226167e-05	4.165365069784907e-06
rule_a_one_step	primary::MET+NF1+SETD2+TP53	primary::MET+NF1+SETD2+SMARCA4+TP53	same_stage_one_event	SMARCA4	1	0.07421051811254398	3.6835125976130835e-05	2.7335537834294967e-06
rule_a_one_step	primary::NF1+SETD2+TP53	primary::MET+NF1+SETD2+TP53	same_stage_one_event	MET	1	0.04283827145654847	0.00025784588183291586	1.1045671879911569e-05
rule_a_one_step	primary::MET+SETD2+TP53	primary::MET+NF1+SETD2+TP53	same_stage_one_event	NF1	1	0.12430849984741658	7.367025195226167e-05	9.157838503566862e-06
rule_a_one_step	primary::MET+NF1+TP53	primary::MET+NF1+SETD2+TP53	same_stage_one_event	SETD2	1	0.05309554762062458	0.0003683512597613084	1.9557811853773603e-05
rule_a_one_step	primary::NF1+STK11	primary::MET+NF1+STK11	same_stage_one_event	MET	1	0.012425507118455083	0.0004051863857374392	5.034646320281638e-06
rule_a_one_step	primary::MET+STK11	primary::MET+NF1+STK11	same_stage_one_event	NF1	1	0.02971704697392924	0.0001841756298806542	5.473155844616406e-06
rule_a_one_step	primary::MET+NF1	primary::MET+NF1+STK11	same_stage_one_event	STK11	1	0.07375689987643382	0.0005156917636658317	3.803582577980232e-05
rule_a_one_step	primary::NF1+STK11+TP53	primary::MET+NF1+STK11+TP53	same_stage_one_event	MET	1	0.005844376998081549	0.0005893620156180934	3.4444538076213635e-06
rule_a_one_step	primary::MET+STK11+TP53	primary::MET+NF1+STK11+TP53	same_stage_one_event	NF1	1	0.08686982070139616	0.00025784588183291586	2.2399025523418784e-05
rule_a_one_step	primary::MET+NF1+TP53	primary::MET+NF1+STK11+TP53	same_stage_one_event	STK11	1	0.1774510034621816	0.0003683512597613084	6.536430067120288e-05
rule_a_one_step	primary::MET+NF1+STK11	primary::MET+NF1+STK11+TP53	same_stage_one_event	TP53	1	0.02709824257951628	3.6835125976130835e-05	9.981671791482349e-07
rule_a_one_step	primary::PIK3CA+STK11+TP53	primary::MET+PIK3CA+STK11+TP53	same_stage_one_event	MET	1	0.006339328078370948	0.00022101075585678504	1.4010596902249039e-06
rule_a_one_step	primary::MET+STK11+TP53	primary::MET+PIK3CA+STK11+TP53	same_stage_one_event	PIK3CA	1	0.04090872440259621	0.00025784588183291586	1.0548146118247144e-05
rule_a_one_step	primary::MET+PIK3CA+TP53	primary::MET+PIK3CA+STK11+TP53	same_stage_one_event	STK11	1	0.19289915140164446	0.0004420215117135701	8.526557451081971e-05
rule_a_one_step	primary::RBM10+SMARCA4+TP53	primary::MET+RBM10+SMARCA4+TP53	same_stage_one_event	MET	1	0.05483431394766314	7.367025195226167e-05	4.039657724153759e-06
rule_a_one_step	primary::MET+SMARCA4+TP53	primary::MET+RBM10+SMARCA4+TP53	same_stage_one_event	RBM10	1	0.044605888277106966	3.6835125976130835e-05	1.6430635139644528e-06
rule_a_one_step	primary::MET+RBM10+TP53	primary::MET+RBM10+SMARCA4+TP53	same_stage_one_event	SMARCA4	1	0.05348089930120998	0.0002946810078090467	1.5759805304614696e-05
rule_a_one_step	primary::SMARCA4+TP53	primary::MET+SMARCA4+TP53	same_stage_one_event	MET	1	0.04564788777609657	0.0010682186533077943	4.87619252065272e-05
rule_a_one_step	primary::MET+TP53	primary::MET+SMARCA4+TP53	same_stage_one_event	SMARCA4	1	0.043293912268822766	0.003204655959923383	0.00013874209398068293
rule_a_one_step	primary::MET+SMARCA4	primary::MET+SMARCA4+TP53	same_stage_one_event	TP53	1	0.31722246990348335	0.00011050537792839252	3.5054788924062546e-05
rule_a_one_step	primary::PIK3CA+STK11	primary::NF1+PIK3CA+STK11	same_stage_one_event	NF1	1	0.0215026141483655	7.367025195226167e-05	1.584103001942353e-06
rule_a_one_step	primary::NF1+STK11	primary::NF1+PIK3CA+STK11	same_stage_one_event	PIK3CA	1	0.007123982254989453	0.0004051863857374392	2.8865406219568284e-06
rule_a_one_step	primary::NF1+PIK3CA	primary::NF1+PIK3CA+STK11	same_stage_one_event	STK11	1	0.08215591724078987	7.367025195226167e-05	6.052447122498148e-06
rule_a_one_step	primary::RBM10+SMARCA4	primary::NF1+RBM10+SMARCA4	same_stage_one_event	NF1	1	0.02821802943127877	3.6835125976130835e-05	1.039414668899321e-06
rule_a_one_step	primary::NF1+SMARCA4	primary::NF1+RBM10+SMARCA4	same_stage_one_event	RBM10	1	0.06559737087776492	3.6835125976130835e-05	2.416287419985447e-06
rule_a_one_step	primary::NF1+RBM10	primary::NF1+RBM10+SMARCA4	same_stage_one_event	SMARCA4	1	0.036430805665619334	0.0006630322675703551	2.4154799689890526e-05
rule_a_one_step	primary::SETD2+STK11	primary::NF1+SETD2+STK11	same_stage_one_event	NF1	1	0.025177201373296713	0.00025784588183291586	6.491837690182591e-06
rule_a_one_step	primary::NF1+STK11	primary::NF1+SETD2+STK11	same_stage_one_event	SETD2	1	0.015852318094619535	0.0004051863857374392	6.423143474319098e-06
rule_a_one_step	primary::NF1+SETD2	primary::NF1+SETD2+STK11	same_stage_one_event	STK11	1	0.06616824235530643	0.0001841756298806542	1.2186577713884342e-05
rule_a_one_step	primary::SMARCA4	primary::NF1+SMARCA4	same_stage_one_event	NF1	1	0.02351185110981083	0.0005893620156180934	1.3856991960990617e-05
rule_a_one_step	primary::NF1	primary::NF1+SMARCA4	same_stage_one_event	SMARCA4	1	0.02597799868573047	0.0017680860468542803	4.593133700143888e-05
rule_a_one_step	primary::RBM10+SETD2	primary::PIK3CA+RBM10+SETD2	same_stage_one_event	PIK3CA	1	0.017784428756115047	0.00014734050390452334	2.6203666945800863e-06
rule_a_one_step	primary::PIK3CA+SETD2	primary::PIK3CA+RBM10+SETD2	same_stage_one_event	RBM10	1	0.039112842234280874	7.367025195226167e-05	2.881452941968533e-06
rule_a_one_step	primary::PIK3CA+RBM10	primary::PIK3CA+RBM10+SETD2	same_stage_one_event	SETD2	1	0.021697514634397327	0.00011050537792839252	2.397692054780904e-06
rule_a_one_step	primary::RBM10+SMARCA4	primary::PIK3CA+RBM10+SMARCA4	same_stage_one_event	PIK3CA	1	0.014024365030073831	3.6835125976130835e-05	5.165892526180135e-07
rule_a_one_step	primary::PIK3CA+RBM10	primary::PIK3CA+RBM10+SMARCA4	same_stage_one_event	SMARCA4	1	0.01587880707575234	0.00011050537792839252	1.7546935769580456e-06
rule_a_one_step	primary::SETD2+TP53	primary::PIK3CA+SETD2+TP53	same_stage_one_event	PIK3CA	1	0.058063659554925234	0.000920878149403271	5.3469555358521105e-05
rule_a_one_step	primary::PIK3CA+TP53	primary::PIK3CA+SETD2+TP53	same_stage_one_event	SETD2	1	0.04544705418178106	0.001583910416973626	7.198406253928782e-05
rule_a_one_step	primary::PIK3CA+SETD2	primary::PIK3CA+SETD2+TP53	same_stage_one_event	TP53	1	0.08929006220134696	7.367025195226167e-05	6.578021379206347e-06
rule_a_one_step	primary::SMARCA4+STK11	primary::PIK3CA+SMARCA4+STK11	same_stage_one_event	PIK3CA	1	0.00723623688587977	0.0003683512597613084	2.6654769728450603e-06
rule_a_one_step	primary::PIK3CA+STK11	primary::PIK3CA+SMARCA4+STK11	same_stage_one_event	SMARCA4	1	0.0443153642122151	7.367025195226167e-05	3.2647240468701265e-06
rule_a_one_step	primary::SETD2+SMARCA4+TP53	primary::RBM10+SETD2+SMARCA4+TP53	same_stage_one_event	RBM10	1	0.056120871879116754	0.00011050537792839252	6.201658156672693e-06
rule_a_one_step	primary::RBM10+SMARCA4+TP53	primary::RBM10+SETD2+SMARCA4+TP53	same_stage_one_event	SETD2	1	0.05671320995045948	7.367025195226167e-05	4.178076466071864e-06
rule_a_one_step	primary::RBM10+SETD2+TP53	primary::RBM10+SETD2+SMARCA4+TP53	same_stage_one_event	SMARCA4	1	0.08032067806086407	0.00011050537792839252	8.87586688458053e-06
rule_a_one_step	primary::SMARCA4	primary::RBM10+SMARCA4	same_stage_one_event	RBM10	1	0.028720379541924898	0.0005893620156180934	1.692670077614551e-05
rule_a_one_step	primary::RBM10	primary::RBM10+SMARCA4	same_stage_one_event	SMARCA4	1	0.01596219955777148	0.0012892294091645794	2.0578937104832838e-05
rule_a_one_step	primary::SMARCA4+STK11+TP53	primary::RBM10+SMARCA4+STK11+TP53	same_stage_one_event	RBM10	1	0.03463054892069576	0.0004788566376897009	1.6583068217513073e-05
rule_a_one_step	primary::RBM10+STK11+TP53	primary::RBM10+SMARCA4+STK11+TP53	same_stage_one_event	SMARCA4	1	0.09276390187949998	0.00011050537792839252	1.0250910035306467e-05
rule_a_one_step	primary::RBM10+SMARCA4+TP53	primary::RBM10+SMARCA4+STK11+TP53	same_stage_one_event	STK11	1	0.10230390227672029	7.367025195226167e-05	7.53675425642554e-06
rule_a_one_step	primary::STK11+TP53	primary::SETD2+STK11+TP53	same_stage_one_event	SETD2	1	0.01426201572920394	0.0039781936054221305	5.673705977434896e-05
rule_a_one_step	primary::SETD2+TP53	primary::SETD2+STK11+TP53	same_stage_one_event	STK11	1	0.14427643171641857	0.000920878149403271	0.00013286101344152292
rule_a_one_step	primary::SETD2+STK11	primary::SETD2+STK11+TP53	same_stage_one_event	TP53	1	0.010470782647847121	0.00025784588183291586	2.6998481853149346e-06
rule_a_one_step	unknown::ATM+EGFR+SMARCA4+TP53	unknown::ARID1A+ATM+EGFR+SMARCA4+TP53	same_stage_one_event	ARID1A	1	0.12573853034247062	7.367025195226167e-05	9.263189210436909e-06
rule_a_one_step	unknown::ATM+KRAS	unknown::ARID1A+ATM+KRAS	same_stage_one_event	ARID1A	1	0.05785431493563157	0.0004051863857374392	2.3441780768084105e-05
rule_a_one_step	unknown::ARID1A+KRAS	unknown::ARID1A+ATM+KRAS	same_stage_one_event	ATM	1	0.06324932424913812	0.00011050537792839252	6.98939047986645e-06
rule_a_one_step	unknown::ATM+KRAS+TP53	unknown::ARID1A+ATM+KRAS+TP53	same_stage_one_event	ARID1A	1	0.09130175273041252	0.00011050537792839252	1.008933469099888e-05
rule_a_one_step	unknown::ARID1A+KRAS+TP53	unknown::ARID1A+ATM+KRAS+TP53	same_stage_one_event	ATM	1	0.09991536461989711	3.6835125976130835e-05	3.680395042724956e-06
rule_a_one_step	unknown::ARID1A+ATM+TP53	unknown::ARID1A+ATM+KRAS+TP53	same_stage_one_event	KRAS	1	0.0884542472482044	3.6835125976130835e-05	3.2582233405114334e-06
rule_a_one_step	unknown::ARID1A+ATM+KRAS	unknown::ARID1A+ATM+KRAS+TP53	same_stage_one_event	TP53	1	0.26252618684420315	3.6835125976130835e-05	9.670185164439485e-06
rule_a_one_step	unknown::ATM+NF1	unknown::ARID1A+ATM+NF1	same_stage_one_event	ARID1A	1	0.06150235382764844	3.6835125976130835e-05	2.2654469510700027e-06
rule_a_one_step	unknown::ARID1A+NF1	unknown::ARID1A+ATM+NF1	same_stage_one_event	ATM	1	0.06742544351542322	3.6835125976130835e-05	2.483624705887108e-06
rule_a_one_step	unknown::ATM+TP53	unknown::ARID1A+ATM+TP53	same_stage_one_event	ARID1A	1	0.07414379875850027	0.0004420215117135701	3.2773154011419015e-05
rule_a_one_step	unknown::ARID1A+TP53	unknown::ARID1A+ATM+TP53	same_stage_one_event	ATM	1	0.06665792161062069	0.00014734050390452334	9.821411759337069e-06
rule_a_one_step	unknown::BRAF+EGFR	unknown::ARID1A+BRAF+EGFR	same_stage_one_event	ARID1A	1	0.016608794989585594	7.367025195226167e-05	1.223574111506232e-06
rule_a_one_step	unknown::ARID1A+EGFR	unknown::ARID1A+BRAF+EGFR	same_stage_one_event	BRAF	1	0.017859207005365224	0.00011050537792839252	1.9735384196292794e-06
rule_a_one_step	unknown::BRAF+EGFR+TP53	unknown::ARID1A+BRAF+EGFR+TP53	same_stage_one_event	ARID1A	1	0.07758280224230087	0.00011050537792839252	8.573316882529196e-06
rule_a_one_step	unknown::ARID1A+EGFR+TP53	unknown::ARID1A+BRAF+EGFR+TP53	same_stage_one_event	BRAF	1	0.0680358279551641	0.00022101075585678504	1.5036649761713002e-05
rule_a_one_step	unknown::ARID1A+BRAF+EGFR	unknown::ARID1A+BRAF+EGFR+TP53	same_stage_one_event	TP53	1	0.7252659926744894	3.6835125976130835e-05	2.6715264206368403e-05
rule_a_one_step	unknown::BRAF+SETD2	unknown::ARID1A+BRAF+SETD2	same_stage_one_event	ARID1A	1	0.08186341540619489	3.6835125976130835e-05	3.0154492193235186e-06
rule_a_one_step	unknown::CDKN2A+KEAP1+NF1+SMARCA4+TP53	unknown::ARID1A+CDKN2A+KEAP1+NF1+SMARCA4+TP53	same_stage_one_event	ARID1A	1	0.2745766045469269	3.6835125976130835e-05	1.0114063818584311e-05
rule_a_one_step	unknown::CDKN2A+KRAS+TP53	unknown::ARID1A+CDKN2A+KRAS+TP53	same_stage_one_event	ARID1A	1	0.08003947725040456	0.0001841756298806542	1.4741321137911551e-05
rule_a_one_step	unknown::ARID1A+KRAS+TP53	unknown::ARID1A+CDKN2A+KRAS+TP53	same_stage_one_event	CDKN2A	1	0.1369372224434943	3.6835125976130835e-05	5.044099839527563e-06
rule_a_one_step	unknown::ARID1A+CDKN2A+TP53	unknown::ARID1A+CDKN2A+KRAS+TP53	same_stage_one_event	KRAS	1	0.05626620686612612	3.6835125976130835e-05	2.0725728181127936e-06
rule_a_one_step	unknown::CDKN2A+TP53	unknown::ARID1A+CDKN2A+TP53	same_stage_one_event	ARID1A	1	0.06284893694578228	0.00025784588183291586	1.620533956904656e-05
rule_a_one_step	unknown::ARID1A+TP53	unknown::ARID1A+CDKN2A+TP53	same_stage_one_event	CDKN2A	1	0.09519870490443776	0.00014734050390452334	1.4026625151677877e-05
rule_a_one_step	unknown::EGFR+PIK3CA+TP53	unknown::ARID1A+EGFR+PIK3CA+TP53	same_stage_one_event	ARID1A	1	0.09401568884879218	0.00022101075585678504	2.0778478454867874e-05
rule_a_one_step	unknown::ARID1A+EGFR+TP53	unknown::ARID1A+EGFR+PIK3CA+TP53	same_stage_one_event	PIK3CA	1	0.19956017040833327	0.00022101075585678504	4.410494410085456e-05
rule_a_one_step	unknown::KEAP1+KRAS+STK11	unknown::ARID1A+KEAP1+KRAS+STK11	same_stage_one_event	ARID1A	1	0.05922182954223684	0.00025784588183291586	1.5270104862076685e-05
rule_a_one_step	unknown::KEAP1+PIK3CA+TP53	unknown::ARID1A+KEAP1+PIK3CA+TP53	same_stage_one_event	ARID1A	1	0.09518912425006447	3.6835125976130835e-05	3.5063033833086955e-06
rule_a_one_step	unknown::KRAS+TP53	unknown::ARID1A+KRAS+TP53	same_stage_one_event	ARID1A	1	0.07071469291047551	0.0014365699130691027	0.0001015866002471101
rule_a_one_step	unknown::ARID1A+TP53	unknown::ARID1A+KRAS+TP53	same_stage_one_event	KRAS	1	0.0516148749413739	0.00014734050390452334	7.604961682830985e-06
rule_a_one_step	unknown::ARID1A+KRAS	unknown::ARID1A+KRAS+TP53	same_stage_one_event	TP53	1	0.5350027565549533	0.00011050537792839252	5.9120681805836896e-05
rule_a_one_step	unknown::NF1	unknown::ARID1A+NF1	same_stage_one_event	ARID1A	1	0.039916206118855255	0.0005525268896419625	2.2054777213158567e-05
rule_a_one_step	unknown::ARID1A	unknown::ARID1A+NF1	same_stage_one_event	NF1	1	0.0225060845032119	0.0001841756298806542	4.145072289526281e-06
rule_a_one_step	unknown::NF1+SETD2	unknown::ARID1A+NF1+SETD2	same_stage_one_event	ARID1A	1	0.10059933101074392	3.6835125976130835e-05	3.7055890308952375e-06
rule_a_one_step	unknown::ARID1A+NF1	unknown::ARID1A+NF1+SETD2	same_stage_one_event	SETD2	1	0.03353362884598049	3.6835125976130835e-05	1.2352154429785062e-06
rule_a_one_step	unknown::ARID1A+STK11+TP53	unknown::ARID1A+NF1+STK11+TP53	same_stage_one_event	NF1	1	0.0660645919247042	3.6835125976130835e-05	2.433497566108155e-06
rule_a_one_step	unknown::SMARCA4+TP53	unknown::ARID1A+SMARCA4+TP53	same_stage_one_event	ARID1A	1	0.06866762454172842	0.00022101075585678504	1.517628360285732e-05
rule_a_one_step	unknown::ARID1A+TP53	unknown::ARID1A+SMARCA4+TP53	same_stage_one_event	SMARCA4	1	0.05401373718341343	0.00014734050390452334	7.958411254370625e-06
rule_a_one_step	unknown::STK11+TP53	unknown::ARID1A+STK11+TP53	same_stage_one_event	ARID1A	1	0.02545786570938946	0.0001841756298806542	4.6887184524439115e-06
rule_a_one_step	unknown::ARID1A+TP53	unknown::ARID1A+STK11+TP53	same_stage_one_event	STK11	1	0.17727836764326382	0.00014734050390452334	2.612028401992984e-05
rule_a_one_step	unknown::ATM+EGFR+KRAS+TP53	unknown::ATM+BRAF+EGFR+KRAS+TP53	same_stage_one_event	BRAF	1	0.03507382477343327	3.6835125976130835e-05	1.291948753994153e-06
rule_a_one_step	unknown::ATM+BRAF+EGFR+TP53	unknown::ATM+BRAF+EGFR+KRAS+TP53	same_stage_one_event	KRAS	1	0.0036954779971515124	7.367025195226167e-05	2.7224679513419123e-07
rule_a_one_step	unknown::ATM+BRAF+STK11	unknown::ATM+BRAF+NF1+STK11	same_stage_one_event	NF1	1	0.051390449046452	7.367025195226167e-05	3.7859473291919843e-06
rule_a_one_step	unknown::BRAF+TP53	unknown::ATM+BRAF+TP53	same_stage_one_event	ATM	1	0.0698781799283607	0.00011050537792839252	7.721914681931712e-06
rule_a_one_step	unknown::ATM+TP53	unknown::ATM+BRAF+TP53	same_stage_one_event	BRAF	1	0.07579704017641412	0.0004420215117135701	3.350392228219278e-05
rule_a_one_step	unknown::ATM+KEAP1+KRAS+STK11+TP53	unknown::ATM+CDKN2A+KEAP1+KRAS+STK11+TP53	same_stage_one_event	CDKN2A	1	0.09990291606647335	3.6835125976130835e-05	3.679936498691371e-06
rule_a_one_step	unknown::CDKN2A+KEAP1+TP53	unknown::ATM+CDKN2A+KEAP1+TP53	same_stage_one_event	ATM	1	0.07858058821369793	0.00011050537792839252	8.683577598390076e-06
rule_a_one_step	unknown::ATM+KEAP1+TP53	unknown::ATM+CDKN2A+KEAP1+TP53	same_stage_one_event	CDKN2A	1	0.0888764996642966	0.00011050537792839252	9.821331184355747e-06
rule_a_one_step	unknown::ATM+CDKN2A+TP53	unknown::ATM+CDKN2A+KEAP1+TP53	same_stage_one_event	KEAP1	1	0.04707238326964632	3.6835125976130835e-05	1.7339171677341357e-06
rule_a_one_step	unknown::CDKN2A+KRAS+TP53	unknown::ATM+CDKN2A+KRAS+TP53	same_stage_one_event	ATM	1	0.10321421277765926	0.0001841756298806542	1.900954265096126e-05
rule_a_one_step	unknown::ATM+KRAS+TP53	unknown::ATM+CDKN2A+KRAS+TP53	same_stage_one_event	CDKN2A	1	0.09273345450834984	0.00011050537792839252	1.0247545437050594e-05
rule_a_one_step	unknown::ATM+CDKN2A+TP53	unknown::ATM+CDKN2A+KRAS+TP53	same_stage_one_event	KRAS	1	0.08776956689473095	3.6835125976130835e-05	3.233003053437857e-06
rule_a_one_step	unknown::ATM+NF1	unknown::ATM+CDKN2A+NF1	same_stage_one_event	CDKN2A	1	0.01513045864045453	3.6835125976130835e-05	5.5733235009778e-07
rule_a_one_step	unknown::ATM+STK11	unknown::ATM+CDKN2A+STK11	same_stage_one_event	CDKN2A	1	0.007354561163132133	7.367025195226167e-05	5.418123738862629e-07
rule_a_one_step	unknown::CDKN2A+TP53	unknown::ATM+CDKN2A+TP53	same_stage_one_event	ATM	1	0.06602747021536017	0.00025784588183291586	1.702491128287613e-05
rule_a_one_step	unknown::ATM+TP53	unknown::ATM+CDKN2A+TP53	same_stage_one_event	CDKN2A	1	0.06393131722464249	0.0004420215117135701	2.8259017485476275e-05
rule_a_one_step	unknown::EGFR+KEAP1+TP53	unknown::ATM+EGFR+KEAP1+TP53	same_stage_one_event	ATM	1	0.10108101227251358	7.367025195226167e-05	7.446663641705729e-06
rule_a_one_step	unknown::ATM+KEAP1+TP53	unknown::ATM+EGFR+KEAP1+TP53	same_stage_one_event	EGFR	1	0.013085751001674216	0.00011050537792839252	1.4460458599168503e-06
rule_a_one_step	unknown::ATM+EGFR+TP53	unknown::ATM+EGFR+KEAP1+TP53	same_stage_one_event	KEAP1	1	0.022857515210168086	0.0004420215117135701	1.010351342721442e-05
rule_a_one_step	unknown::EGFR+KRAS	unknown::ATM+EGFR+KRAS	same_stage_one_event	ATM	1	0.028040189125789188	0.00022101075585678504	6.197183393057873e-06
rule_a_one_step	unknown::ATM+KRAS	unknown::ATM+EGFR+KRAS	same_stage_one_event	EGFR	1	0.010279371574461238	0.0004051863857374392	4.165061415908119e-06
rule_a_one_step	unknown::ATM+EGFR	unknown::ATM+EGFR+KRAS	same_stage_one_event	KRAS	1	0.14416181091007865	0.0001841756298806542	2.6551092329099502e-05
rule_a_one_step	unknown::EGFR+KRAS+PIK3CA	unknown::ATM+EGFR+KRAS+PIK3CA	same_stage_one_event	ATM	1	0.05578430847494539	3.6835125976130835e-05	2.0548220301659565e-06
rule_a_one_step	unknown::ATM+KRAS+PIK3CA	unknown::ATM+EGFR+KRAS+PIK3CA	same_stage_one_event	EGFR	1	0.0125834912517159	3.6835125976130835e-05	4.635144854764955e-07
rule_a_one_step	unknown::ATM+EGFR+KRAS	unknown::ATM+EGFR+KRAS+PIK3CA	same_stage_one_event	PIK3CA	1	0.06613663660096945	3.6835125976130835e-05	2.4361513408342954e-06
rule_a_one_step	unknown::EGFR+KRAS+TP53	unknown::ATM+EGFR+KRAS+TP53	same_stage_one_event	ATM	1	0.11511421249907224	7.367025195226167e-05	8.48049303809284e-06
rule_a_one_step	unknown::ATM+KRAS+TP53	unknown::ATM+EGFR+KRAS+TP53	same_stage_one_event	EGFR	1	0.001263502348474813	0.00011050537792839252	1.396238045316207e-07
rule_a_one_step	unknown::ATM+EGFR+TP53	unknown::ATM+EGFR+KRAS+TP53	same_stage_one_event	KRAS	1	0.021130591864443646	0.0004420215117135701	9.340176159323845e-06
rule_a_one_step	unknown::ATM+EGFR+KRAS	unknown::ATM+EGFR+KRAS+TP53	same_stage_one_event	TP53	1	0.5840698976109879	3.6835125976130835e-05	2.151428825736658e-05
rule_a_one_step	unknown::EGFR+MET+TP53	unknown::ATM+EGFR+MET+TP53	same_stage_one_event	ATM	1	0.07789861125955189	0.0001841756298806542	1.4347025795556189e-05
rule_a_one_step	unknown::ATM+MET+TP53	unknown::ATM+EGFR+MET+TP53	same_stage_one_event	EGFR	1	0.024248675023285857	3.6835125976130835e-05	8.932029992369918e-07
rule_a_one_step	unknown::ATM+EGFR+TP53	unknown::ATM+EGFR+MET+TP53	same_stage_one_event	MET	1	0.027693195478381647	0.0004420215117135701	1.224098812953366e-05
rule_a_one_step	unknown::ATM+EGFR+SETD2	unknown::ATM+EGFR+NF1+SETD2	same_stage_one_event	NF1	1	0.03173575016433233	3.6835125976130835e-05	1.1689903552501964e-06
rule_a_one_step	unknown::EGFR+PIK3CA+TP53	unknown::ATM+EGFR+PIK3CA+TP53	same_stage_one_event	ATM	1	0.11506516324010808	0.00022101075585678504	2.5430638700480646e-05
rule_a_one_step	unknown::ATM+PIK3CA+TP53	unknown::ATM+EGFR+PIK3CA+TP53	same_stage_one_event	EGFR	1	0.047245280729527446	3.6835125976130835e-05	1.74028586744981e-06
rule_a_one_step	unknown::ATM+EGFR+TP53	unknown::ATM+EGFR+PIK3CA+TP53	same_stage_one_event	PIK3CA	1	0.15500855361295326	0.0004420215117135701	6.851711519653158e-05
rule_a_one_step	unknown::EGFR+RBM10+TP53	unknown::ATM+EGFR+RBM10+TP53	same_stage_one_event	ATM	1	0.13009273742224783	0.00025784588183291586	3.354387660069747e-05
rule_a_one_step	unknown::ATM+EGFR+TP53	unknown::ATM+EGFR+RBM10+TP53	same_stage_one_event	RBM10	1	0.15851527347215796	0.0004420215117135701	7.006716080985323e-05
rule_a_one_step	unknown::EGFR+SETD2	unknown::ATM+EGFR+SETD2	same_stage_one_event	ATM	1	0.05048441464585051	7.367025195226167e-05	3.7191995466222564e-06
rule_a_one_step	unknown::ATM+SETD2	unknown::ATM+EGFR+SETD2	same_stage_one_event	EGFR	1	0.1255603924379045	7.367025195226167e-05	9.250065746125276e-06
rule_a_one_step	unknown::ATM+EGFR	unknown::ATM+EGFR+SETD2	same_stage_one_event	SETD2	1	0.03199072702536621	0.0001841756298806542	5.891912300236889e-06
rule_a_one_step	unknown::ATM+SETD2+TP53	unknown::ATM+EGFR+SETD2+TP53	same_stage_one_event	EGFR	1	0.0273379039102543	3.6835125976130835e-05	1.006995134457577e-06
rule_a_one_step	unknown::ATM+EGFR+TP53	unknown::ATM+EGFR+SETD2+TP53	same_stage_one_event	SETD2	1	0.05780950319088745	0.0004420215117135701	2.5553043991846523e-05
rule_a_one_step	unknown::ATM+EGFR+SETD2	unknown::ATM+EGFR+SETD2+TP53	same_stage_one_event	TP53	1	0.36045232975574026	3.6835125976130835e-05	1.3277306974942546e-05
rule_a_one_step	unknown::EGFR+STK11+TP53	unknown::ATM+EGFR+STK11+TP53	same_stage_one_event	ATM	1	0.08163660642021822	3.6835125976130835e-05	3.0070946817525494e-06
rule_a_one_step	unknown::ATM+EGFR+TP53	unknown::ATM+EGFR+STK11+TP53	same_stage_one_event	STK11	1	0.11899166853929523	0.0004420215117135701	5.2596877209059334e-05
rule_a_one_step	unknown::KEAP1	unknown::ATM+KEAP1	same_stage_one_event	ATM	1	0.03536276227766839	7.367025195226167e-05	2.6051836067237648e-06
rule_a_one_step	unknown::ATM	unknown::ATM+KEAP1	same_stage_one_event	KEAP1	1	0.01583706871315804	0.0006261971415942243	9.917127159410883e-06
rule_a_one_step	unknown::KEAP1+KRAS	unknown::ATM+KEAP1+KRAS	same_stage_one_event	ATM	1	0.06506354472630582	7.367025195226167e-05	4.793247732894196e-06
rule_a_one_step	unknown::ATM+KRAS	unknown::ATM+KEAP1+KRAS	same_stage_one_event	KEAP1	1	0.028607482659218017	0.0004051863857374392	1.1591362503735015e-05
rule_a_one_step	unknown::ATM+KEAP1	unknown::ATM+KEAP1+KRAS	same_stage_one_event	KRAS	1	0.5674006338243586	3.6835125976130835e-05	2.090027382585673e-05
rule_a_one_step	unknown::ATM+KEAP1+KRAS+SMARCA4+STK11	unknown::ATM+KEAP1+KRAS+RBM10+SMARCA4+STK11	same_stage_one_event	RBM10	1	0.35110661748081284	3.6835125976130835e-05	1.2933056485958922e-05
rule_a_one_step	unknown::ATM+KEAP1+KRAS+RBM10+STK11	unknown::ATM+KEAP1+KRAS+RBM10+SMARCA4+STK11	same_stage_one_event	SMARCA4	1	0.5973667218266301	7.367025195226167e-05	4.400815690486445e-05
rule_a_one_step	unknown::KEAP1+KRAS+SMARCA4+STK11	unknown::ATM+KEAP1+KRAS+SMARCA4+STK11	same_stage_one_event	ATM	1	0.23043156489033137	0.00011050537792839252	2.546392716483697e-05
rule_a_one_step	unknown::ATM+KRAS+SMARCA4+STK11	unknown::ATM+KEAP1+KRAS+SMARCA4+STK11	same_stage_one_event	KEAP1	1	0.514992510797391	3.6835125976130835e-05	1.8969814011985815e-05
rule_a_one_step	unknown::ATM+KEAP1+KRAS+STK11	unknown::ATM+KEAP1+KRAS+SMARCA4+STK11	same_stage_one_event	SMARCA4	1	0.4600331069564594	0.00011050537792839252	5.083613234379616e-05
rule_a_one_step	unknown::ATM+KRAS+STK11+TP53	unknown::ATM+KEAP1+KRAS+STK11+TP53	same_stage_one_event	KEAP1	1	0.44477619718588307	3.6835125976130835e-05	1.6383387254526412e-05
rule_a_one_step	unknown::ATM+KEAP1+STK11+TP53	unknown::ATM+KEAP1+KRAS+STK11+TP53	same_stage_one_event	KRAS	1	0.12053214650310651	3.6835125976130835e-05	4.439816800615386e-06
rule_a_one_step	unknown::ATM+KEAP1+KRAS+TP53	unknown::ATM+KEAP1+KRAS+STK11+TP53	same_stage_one_event	STK11	1	0.14845471828244822	3.6835125976130835e-05	5.468348249684994e-06
rule_a_one_step	unknown::ATM+KEAP1+KRAS+STK11	unknown::ATM+KEAP1+KRAS+STK11+TP53	same_stage_one_event	TP53	1	0.02385875201143512	0.00011050537792839252	2.6365204079234333e-06
rule_a_one_step	unknown::KEAP1+KRAS+TP53	unknown::ATM+KEAP1+KRAS+TP53	same_stage_one_event	ATM	1	0.1072347397862216	0.00011050537792839252	1.1850015447129248e-05
rule_a_one_step	unknown::ATM+KRAS+TP53	unknown::ATM+KEAP1+KRAS+TP53	same_stage_one_event	KEAP1	1	0.035882673498631334	0.00011050537792839252	3.96522839604737e-06
rule_a_one_step	unknown::ATM+KEAP1+TP53	unknown::ATM+KEAP1+KRAS+TP53	same_stage_one_event	KRAS	1	0.09901059429202247	0.00011050537792839252	1.0941203141154686e-05
rule_a_one_step	unknown::ATM+KEAP1+KRAS	unknown::ATM+KEAP1+KRAS+TP53	same_stage_one_event	TP53	1	0.3028622598068695	3.6835125976130835e-05	1.1155969493401704e-05
rule_a_one_step	unknown::KEAP1+NF1	unknown::ATM+KEAP1+NF1	same_stage_one_event	ATM	1	0.07330321065497614	3.6835125976130835e-05	2.700132998930902e-06
rule_a_one_step	unknown::ATM+NF1	unknown::ATM+KEAP1+NF1	same_stage_one_event	KEAP1	1	0.027640063001749246	3.6835125976130835e-05	1.0181252026576264e-06
rule_a_one_step	unknown::ATM+KEAP1	unknown::ATM+KEAP1+NF1	same_stage_one_event	NF1	1	0.03142755174786111	3.6835125976130835e-05	1.1576378277538348e-06
rule_a_one_step	unknown::ATM+SETD2+TP53	unknown::ATM+KEAP1+SETD2+TP53	same_stage_one_event	KEAP1	1	0.04799319196615822	3.6835125976130835e-05	1.7678352720700683e-06
rule_a_one_step	unknown::ATM+KEAP1+TP53	unknown::ATM+KEAP1+SETD2+TP53	same_stage_one_event	SETD2	1	0.05828490165846824	0.00011050537792839252	6.440795085288224e-06
rule_a_one_step	unknown::KEAP1+STK11+TP53	unknown::ATM+KEAP1+STK11+TP53	same_stage_one_event	ATM	1	0.07298434613884647	7.367025195226167e-05	5.376775168619896e-06
rule_a_one_step	unknown::ATM+KEAP1+TP53	unknown::ATM+KEAP1+STK11+TP53	same_stage_one_event	STK11	1	0.09654425099538391	0.00011050537792839252	1.0668658943058484e-05
rule_a_one_step	unknown::ATM+KRAS+SMARCA4+STK11+TP53	unknown::ATM+KRAS+NF1+SMARCA4+STK11+TP53	same_stage_one_event	NF1	1	0.09856094150980971	3.6835125976130835e-05	3.6305046968399034e-06
rule_a_one_step	unknown::ATM+KRAS+NF1+STK11+TP53	unknown::ATM+KRAS+NF1+SMARCA4+STK11+TP53	same_stage_one_event	SMARCA4	1	0.17017326839387847	3.6835125976130835e-05	6.268353779058438e-06
rule_a_one_step	unknown::ATM+KRAS+STK11+TP53	unknown::ATM+KRAS+NF1+STK11+TP53	same_stage_one_event	NF1	1	0.0844010107400642	3.6835125976130835e-05	3.1089218631230364e-06
rule_a_one_step	unknown::ATM+KRAS+NF1+TP53	unknown::ATM+KRAS+NF1+STK11+TP53	same_stage_one_event	STK11	1	0.3222094083082894	3.6835125976130835e-05	1.1868624145730419e-05
rule_a_one_step	unknown::KRAS+NF1+TP53	unknown::ATM+KRAS+NF1+TP53	same_stage_one_event	ATM	1	0.13663180879038658	7.367025195226167e-05	1.006569977828102e-05
rule_a_one_step	unknown::ATM+NF1+TP53	unknown::ATM+KRAS+NF1+TP53	same_stage_one_event	KRAS	1	0.037519930894729915	7.367025195226167e-05	2.7641027622461994e-06
rule_a_one_step	unknown::ATM+KRAS+TP53	unknown::ATM+KRAS+NF1+TP53	same_stage_one_event	NF1	1	0.10038995135280065	0.00011050537792839252	1.1093629514454176e-05
rule_a_one_step	unknown::KRAS+PIK3CA	unknown::ATM+KRAS+PIK3CA	same_stage_one_event	ATM	1	0.0880521755492322	7.367025195226167e-05	6.486825957656711e-06
rule_a_one_step	unknown::ATM+PIK3CA	unknown::ATM+KRAS+PIK3CA	same_stage_one_event	KRAS	1	0.48241176434612026	3.6835125976130835e-05	1.776969811205688e-05
rule_a_one_step	unknown::ATM+KRAS	unknown::ATM+KRAS+PIK3CA	same_stage_one_event	PIK3CA	1	0.04384182882765388	0.0004051863857374392	1.7764112166796547e-05
rule_a_one_step	unknown::KRAS+PIK3CA+RBM10+TP53	unknown::ATM+KRAS+PIK3CA+RBM10+TP53	same_stage_one_event	ATM	1	0.133354409670754	3.6835125976130835e-05	4.912126479694783e-06
rule_a_one_step	unknown::ATM+KRAS+RBM10+TP53	unknown::ATM+KRAS+PIK3CA+RBM10+TP53	same_stage_one_event	PIK3CA	1	0.06902971712148087	3.6835125976130835e-05	2.5427183262664236e-06
rule_a_one_step	unknown::ATM+KRAS+PIK3CA+TP53	unknown::ATM+KRAS+PIK3CA+RBM10+TP53	same_stage_one_event	RBM10	1	0.10752256426144935	3.6835125976130835e-05	3.96060719984711e-06
rule_a_one_step	unknown::KRAS+PIK3CA+TP53	unknown::ATM+KRAS+PIK3CA+TP53	same_stage_one_event	ATM	1	0.09721100466467461	7.367025195226167e-05	7.161559206179063e-06
rule_a_one_step	unknown::ATM+PIK3CA+TP53	unknown::ATM+KRAS+PIK3CA+TP53	same_stage_one_event	KRAS	1	0.08520858570925804	3.6835125976130835e-05	3.1386689888484617e-06
rule_a_one_step	unknown::ATM+KRAS+TP53	unknown::ATM+KRAS+PIK3CA+TP53	same_stage_one_event	PIK3CA	1	0.06443306580527902	0.00011050537792839252	7.120200287897343e-06
rule_a_one_step	unknown::ATM+KRAS+PIK3CA	unknown::ATM+KRAS+PIK3CA+TP53	same_stage_one_event	TP53	1	0.1293738799936559	3.6835125976130835e-05	4.765503167587148e-06
rule_a_one_step	unknown::KRAS+RBM10+TP53	unknown::ATM+KRAS+RBM10+TP53	same_stage_one_event	ATM	1	0.12620831637023983	0.00014734050390452334	1.859559693093264e-05
rule_a_one_step	unknown::ATM+KRAS+TP53	unknown::ATM+KRAS+RBM10+TP53	same_stage_one_event	RBM10	1	0.1034863752820419	0.00011050537792839252	1.1435801010981498e-05
rule_a_one_step	unknown::ATM+KRAS+RBM10	unknown::ATM+KRAS+RBM10+TP53	same_stage_one_event	TP53	1	0.11848921752427304	0.00014734050390452334	1.7458261017279067e-05
rule_a_one_step	unknown::KRAS+SMARCA4+STK11	unknown::ATM+KRAS+SMARCA4+STK11	same_stage_one_event	ATM	1	0.09603348332056263	3.6835125976130835e-05	3.537405456039584e-06
rule_a_one_step	unknown::ATM+KRAS+STK11	unknown::ATM+KRAS+SMARCA4+STK11	same_stage_one_event	SMARCA4	1	0.12666827185754997	0.0001841756298806542	2.332920875525821e-05
rule_a_one_step	unknown::KRAS+SMARCA4+STK11+TP53	unknown::ATM+KRAS+SMARCA4+STK11+TP53	same_stage_one_event	ATM	1	0.07589515504529395	0.00011050537792839252	8.386822791214155e-06
rule_a_one_step	unknown::ATM+KRAS+STK11+TP53	unknown::ATM+KRAS+SMARCA4+STK11+TP53	same_stage_one_event	SMARCA4	1	0.14613253621829686	3.6835125976130835e-05	5.382810380812467e-06
rule_a_one_step	unknown::ATM+KRAS+SMARCA4+TP53	unknown::ATM+KRAS+SMARCA4+STK11+TP53	same_stage_one_event	STK11	1	0.36645257889535554	7.367025195226167e-05	2.699665381577689e-05
rule_a_one_step	unknown::ATM+KRAS+SMARCA4+STK11	unknown::ATM+KRAS+SMARCA4+STK11+TP53	same_stage_one_event	TP53	1	0.019167776733256224	3.6835125976130835e-05	7.060474706518426e-07
rule_a_one_step	unknown::KRAS+STK11+TP53	unknown::ATM+KRAS+STK11+TP53	same_stage_one_event	ATM	1	0.06856586435698145	0.0001841756298806542	1.2628161256258555e-05
rule_a_one_step	unknown::ATM+KRAS+TP53	unknown::ATM+KRAS+STK11+TP53	same_stage_one_event	STK11	1	0.34861545485453976	0.00011050537792839252	3.852388259037938e-05
rule_a_one_step	unknown::ATM+KRAS+STK11	unknown::ATM+KRAS+STK11+TP53	same_stage_one_event	TP53	1	0.017233468544924226	0.0001841756298806542	3.17398492428986e-06
rule_a_one_step	unknown::MET+TP53	unknown::ATM+MET+TP53	same_stage_one_event	ATM	1	0.061484903377091685	7.367025195226167e-05	4.529608323050809e-06
rule_a_one_step	unknown::ATM+TP53	unknown::ATM+MET+TP53	same_stage_one_event	MET	1	0.04749328062007039	0.0004420215117135701	2.0993051695920314e-05
rule_a_one_step	unknown::ATM+MET	unknown::ATM+MET+TP53	same_stage_one_event	TP53	1	0.10001306857235	7.367025195226167e-05	7.367987960243848e-06
rule_a_one_step	unknown::NF1	unknown::ATM+NF1	same_stage_one_event	ATM	1	0.06183367768375071	0.0005525268896419625	3.416476960572641e-05
rule_a_one_step	unknown::ATM	unknown::ATM+NF1	same_stage_one_event	NF1	1	0.025555159581478654	0.0006261971415942243	1.6002567882906186e-05
rule_a_one_step	unknown::PIK3CA	unknown::ATM+PIK3CA	same_stage_one_event	ATM	1	0.029340371051644682	0.00025784588183291586	7.56529384711628e-06
rule_a_one_step	unknown::ATM	unknown::ATM+PIK3CA	same_stage_one_event	PIK3CA	1	0.012975471102061584	0.0006261971415942243	8.125202914949423e-06
rule_a_one_step	unknown::PIK3CA+TP53	unknown::ATM+PIK3CA+TP53	same_stage_one_event	ATM	1	0.06235659289352251	0.00025784588183291586	1.6078390682726446e-05
rule_a_one_step	unknown::ATM+TP53	unknown::ATM+PIK3CA+TP53	same_stage_one_event	PIK3CA	1	0.04283118557464351	0.0004420215117135701	1.8932305396188377e-05
rule_a_one_step	unknown::ATM+PIK3CA	unknown::ATM+PIK3CA+TP53	same_stage_one_event	TP53	1	0.027189109493336455	3.6835125976130835e-05	1.001514273365863e-06
rule_a_one_step	unknown::SETD2+TP53	unknown::ATM+SETD2+TP53	same_stage_one_event	ATM	1	0.08586299841418271	0.0001841756298806542	1.5813871816373714e-05
rule_a_one_step	unknown::ATM+TP53	unknown::ATM+SETD2+TP53	same_stage_one_event	SETD2	1	0.04897982351581716	0.0004420215117135701	2.165013563392537e-05
rule_a_one_step	unknown::ATM+SETD2	unknown::ATM+SETD2+TP53	same_stage_one_event	TP53	1	0.05962491737809416	7.367025195226167e-05	4.392582685876982e-06
rule_a_one_step	unknown::SMARCA4	unknown::ATM+SMARCA4	same_stage_one_event	ATM	1	0.02952994736957	7.367025195226167e-05	2.1754786628532485e-06
rule_a_one_step	unknown::ATM	unknown::ATM+SMARCA4	same_stage_one_event	SMARCA4	1	0.01689518366573943	0.0006261971415942243	1.0579715718195459e-05
rule_a_one_step	unknown::CDKN2A+NF1+TP53	unknown::BRAF+CDKN2A+NF1+TP53	same_stage_one_event	BRAF	1	0.07660930870356014	3.6835125976130835e-05	2.821913537039934e-06
rule_a_one_step	unknown::EGFR+KRAS	unknown::BRAF+EGFR+KRAS	same_stage_one_event	BRAF	1	0.006205041316100976	0.00022101075585678504	1.371380871394057e-06
rule_a_one_step	unknown::BRAF+EGFR	unknown::BRAF+EGFR+KRAS	same_stage_one_event	KRAS	1	0.00868713604560614	7.367025195226167e-05	6.399835012233785e-07
rule_a_one_step	unknown::EGFR+RBM10+TP53	unknown::BRAF+EGFR+RBM10+TP53	same_stage_one_event	BRAF	1	0.07469353530831933	0.00025784588183291586	1.9259420478791637e-05
rule_a_one_step	unknown::BRAF+RBM10+TP53	unknown::BRAF+EGFR+RBM10+TP53	same_stage_one_event	EGFR	1	0.016414046117362278	7.367025195226167e-05	1.2092269130221214e-06
rule_a_one_step	unknown::BRAF+EGFR+TP53	unknown::BRAF+EGFR+RBM10+TP53	same_stage_one_event	RBM10	1	0.12582242716812486	0.00011050537792839252	1.390405486608128e-05
rule_a_one_step	unknown::KEAP1+KRAS	unknown::BRAF+KEAP1+KRAS	same_stage_one_event	BRAF	1	0.017188156229735733	7.367025195226167e-05	1.2662558000394675e-06
rule_a_one_step	unknown::KEAP1+KRAS+STK11	unknown::BRAF+KEAP1+KRAS+STK11	same_stage_one_event	BRAF	1	0.03911162571544978	0.00025784588183291586	1.0084771622519097e-05
rule_a_one_step	unknown::BRAF+KEAP1+STK11	unknown::BRAF+KEAP1+KRAS+STK11	same_stage_one_event	KRAS	1	0.19629210371427866	3.6835125976130835e-05	7.230444368435194e-06
rule_a_one_step	unknown::BRAF+KEAP1+KRAS	unknown::BRAF+KEAP1+KRAS+STK11	same_stage_one_event	STK11	1	0.04385520279255003	3.6835125976130835e-05	1.6154119195723452e-06
rule_a_one_step	unknown::KEAP1+STK11	unknown::BRAF+KEAP1+STK11	same_stage_one_event	BRAF	1	0.03211206438436499	0.00014734050390452334	4.731407747806834e-06
rule_a_one_step	unknown::BRAF+STK11	unknown::BRAF+KEAP1+STK11	same_stage_one_event	KEAP1	1	0.48487150073230434	3.6835125976130835e-05	1.7860302811710045e-05
rule_a_one_step	unknown::KRAS+NF1+RBM10+TP53	unknown::BRAF+KRAS+NF1+RBM10+TP53	same_stage_one_event	BRAF	1	0.04494176756295464	7.367025195226167e-05	3.3108713395428493e-06
rule_a_one_step	unknown::KRAS+SMARCA4+STK11+TP53	unknown::BRAF+KRAS+SMARCA4+STK11+TP53	same_stage_one_event	BRAF	1	0.032657520248067756	0.00011050537792839252	3.6088316172168585e-06
rule_a_one_step	unknown::BRAF+KRAS+STK11+TP53	unknown::BRAF+KRAS+SMARCA4+STK11+TP53	same_stage_one_event	SMARCA4	1	0.1116255044240546	3.6835125976130835e-05	4.111739517609201e-06
rule_a_one_step	unknown::KRAS+STK11+TP53	unknown::BRAF+KRAS+STK11+TP53	same_stage_one_event	BRAF	1	0.029708377607770696	0.0001841756298806542	5.471559158643491e-06
rule_a_one_step	unknown::BRAF+STK11+TP53	unknown::BRAF+KRAS+STK11+TP53	same_stage_one_event	KRAS	1	0.009160977362035269	3.6835125976130835e-05	3.374457551950519e-07
rule_a_one_step	unknown::BRAF+STK11	unknown::BRAF+PIK3CA+STK11	same_stage_one_event	PIK3CA	1	0.012156241212473778	3.6835125976130835e-05	4.4777667645770507e-07
rule_a_one_step	unknown::RBM10	unknown::BRAF+RBM10	same_stage_one_event	BRAF	1	0.026993722637955676	3.6835125976130835e-05	9.943171739338321e-07
rule_a_one_step	unknown::BRAF	unknown::BRAF+RBM10	same_stage_one_event	RBM10	1	0.0500937654690029	0.0003683512597613084	1.8452101616694746e-05
rule_a_one_step	unknown::SETD2	unknown::BRAF+SETD2	same_stage_one_event	BRAF	1	0.03574293631524752	0.00014734050390452334	5.266382247715856e-06
rule_a_one_step	unknown::BRAF	unknown::BRAF+SETD2	same_stage_one_event	SETD2	1	0.11572710646973973	0.0003683512597613084	4.262822545665969e-05
rule_a_one_step	unknown::SETD2+STK11+TP53	unknown::BRAF+SETD2+STK11+TP53	same_stage_one_event	BRAF	1	0.04388703939076723	7.367025195226167e-05	3.233169249356654e-06
rule_a_one_step	unknown::BRAF+STK11+TP53	unknown::BRAF+SETD2+STK11+TP53	same_stage_one_event	SETD2	1	0.058367423264577625	3.6835125976130835e-05	2.1499713888528666e-06
rule_a_one_step	unknown::BRAF+SETD2+TP53	unknown::BRAF+SETD2+STK11+TP53	same_stage_one_event	STK11	1	0.18261130228412062	7.367025195226167e-05	1.3453020648601782e-05
rule_a_one_step	unknown::STK11	unknown::BRAF+STK11	same_stage_one_event	BRAF	1	0.032052244219113686	0.0002946810078090467	9.445187629030111e-06
rule_a_one_step	unknown::BRAF	unknown::BRAF+STK11	same_stage_one_event	STK11	1	0.09755284342101005	0.0003683512597613084	3.5933712767426715e-05
rule_a_one_step	unknown::STK11+TP53	unknown::BRAF+STK11+TP53	same_stage_one_event	BRAF	1	0.04479327416910001	0.0001841756298806542	8.249829484510831e-06
rule_a_one_step	unknown::BRAF+TP53	unknown::BRAF+STK11+TP53	same_stage_one_event	STK11	1	0.19642461490371083	0.00011050537792839252	2.1705976304373527e-05
rule_a_one_step	unknown::BRAF+STK11	unknown::BRAF+STK11+TP53	same_stage_one_event	TP53	1	0.020527112406536718	3.6835125976130835e-05	7.561187714209782e-07
rule_a_one_step	unknown::EGFR	unknown::CDKN2A+EGFR	same_stage_one_event	CDKN2A	1	0.010377909430479958	0.004457050243111832	4.625486375011327e-05
rule_a_one_step	unknown::CDKN2A	unknown::CDKN2A+EGFR	same_stage_one_event	EGFR	1	0.273304202563207	7.367025195226167e-05	2.013438946244342e-05
rule_a_one_step	unknown::EGFR+PIK3CA	unknown::CDKN2A+EGFR+PIK3CA	same_stage_one_event	CDKN2A	1	0.018990667676941277	0.00025784588183291586	4.896665453756775e-06
rule_a_one_step	unknown::CDKN2A+EGFR	unknown::CDKN2A+EGFR+PIK3CA	same_stage_one_event	PIK3CA	1	0.036728345583219565	3.6835125976130835e-05	1.3528932364527612e-06
rule_a_one_step	unknown::CDKN2A+EGFR+RBM10	unknown::CDKN2A+EGFR+PIK3CA+RBM10	same_stage_one_event	PIK3CA	1	0.0700857925259867	3.6835125976130835e-05	2.5816189968316892e-06
rule_a_one_step	unknown::CDKN2A+EGFR+PIK3CA	unknown::CDKN2A+EGFR+PIK3CA+RBM10	same_stage_one_event	RBM10	1	0.08724152749974291	3.6835125976130835e-05	3.213552655803113e-06
rule_a_one_step	unknown::EGFR+RBM10	unknown::CDKN2A+EGFR+RBM10	same_stage_one_event	CDKN2A	1	0.022074032014759007	0.0008840430234271402	1.9514394001555038e-05
rule_a_one_step	unknown::CDKN2A+EGFR	unknown::CDKN2A+EGFR+RBM10	same_stage_one_event	RBM10	1	0.04826959494275385	3.6835125976130835e-05	1.7780166105331461e-06
rule_a_one_step	unknown::CDKN2A+EGFR+TP53	unknown::CDKN2A+EGFR+SETD2+TP53	same_stage_one_event	SETD2	1	0.04417226672080412	0.00011050537792839252	4.881273027936215e-06
rule_a_one_step	unknown::KEAP1+KRAS+SETD2+TP53	unknown::CDKN2A+KEAP1+KRAS+SETD2+TP53	same_stage_one_event	CDKN2A	1	0.10572360040303047	3.6835125976130835e-05	3.8943421394957445e-06
rule_a_one_step	unknown::CDKN2A+KEAP1+KRAS+TP53	unknown::CDKN2A+KEAP1+KRAS+SETD2+TP53	same_stage_one_event	SETD2	1	0.055256387119349167	3.6835125976130835e-05	2.03537598052708e-06
rule_a_one_step	unknown::KEAP1+KRAS+TP53	unknown::CDKN2A+KEAP1+KRAS+TP53	same_stage_one_event	CDKN2A	1	0.17291191646308968	0.00011050537792839252	1.910769667707636e-05
rule_a_one_step	unknown::CDKN2A+KRAS+TP53	unknown::CDKN2A+KEAP1+KRAS+TP53	same_stage_one_event	KEAP1	1	0.06409910393587158	0.0001841756298806542	1.1805492842174668e-05
rule_a_one_step	unknown::CDKN2A+KEAP1+TP53	unknown::CDKN2A+KEAP1+KRAS+TP53	same_stage_one_event	KRAS	1	0.06340284345447554	0.00011050537792839252	7.006355177671528e-06
rule_a_one_step	unknown::KEAP1+NF1+SMARCA4+TP53	unknown::CDKN2A+KEAP1+NF1+SMARCA4+TP53	same_stage_one_event	CDKN2A	1	0.15141896359827928	3.6835125976130835e-05	5.577536599317786e-06
rule_a_one_step	unknown::CDKN2A+KEAP1+SMARCA4+TP53	unknown::CDKN2A+KEAP1+NF1+SMARCA4+TP53	same_stage_one_event	NF1	1	0.1890601589692266	3.6835125976130835e-05	6.964054772698783e-06
rule_a_one_step	unknown::KEAP1+SMARCA4+TP53	unknown::CDKN2A+KEAP1+SMARCA4+TP53	same_stage_one_event	CDKN2A	1	0.15117367373288385	3.6835125976130835e-05	5.568501316225277e-06
rule_a_one_step	unknown::CDKN2A+KEAP1+TP53	unknown::CDKN2A+KEAP1+SMARCA4+TP53	same_stage_one_event	SMARCA4	1	0.26940030154940764	0.00011050537792839252	2.97701821367402e-05
rule_a_one_step	unknown::CDKN2A+KRAS	unknown::CDKN2A+KRAS+MET	same_stage_one_event	MET	1	0.006491048433089531	0.00014734050390452334	9.563943470000781e-07
rule_a_one_step	unknown::KRAS+STK11	unknown::CDKN2A+KRAS+STK11	same_stage_one_event	CDKN2A	1	0.02937133966791998	0.0002946810078090467	8.65517597404449e-06
rule_a_one_step	unknown::CDKN2A+KRAS	unknown::CDKN2A+KRAS+STK11	same_stage_one_event	STK11	1	0.11188323176648401	0.00014734050390452334	1.6484931746940328e-05
rule_a_one_step	unknown::NF1+TP53	unknown::CDKN2A+NF1+TP53	same_stage_one_event	CDKN2A	1	0.09193729520611904	0.0004420215117135701	4.06382622098655e-05
rule_a_one_step	unknown::CDKN2A+TP53	unknown::CDKN2A+NF1+TP53	same_stage_one_event	NF1	1	0.11458350884631753	0.00025784588183291586	2.954488588198846e-05
rule_a_one_step	unknown::SETD2+STK11+TP53	unknown::CDKN2A+SETD2+STK11+TP53	same_stage_one_event	CDKN2A	1	0.026845760628653407	7.367025195226167e-05	1.977733949363003e-06
rule_a_one_step	unknown::KEAP1+KRAS+RBM10+STK11	unknown::EGFR+KEAP1+KRAS+RBM10+STK11	same_stage_one_event	EGFR	1	0.0007671562042285032	0.00011050537792839252	8.477488627838182e-08
rule_a_one_step	unknown::EGFR+KEAP1+KRAS+STK11	unknown::EGFR+KEAP1+KRAS+RBM10+STK11	same_stage_one_event	RBM10	1	0.21704807289679384	3.6835125976130835e-05	7.99499310802983e-06
rule_a_one_step	unknown::KEAP1+KRAS+STK11	unknown::EGFR+KEAP1+KRAS+STK11	same_stage_one_event	EGFR	1	0.00044523899592006325	0.00025784588183291586	1.1480304152941073e-07
rule_a_one_step	unknown::EGFR+KRAS+STK11	unknown::EGFR+KEAP1+KRAS+STK11	same_stage_one_event	KEAP1	1	0.2092735192227492	3.6835125976130835e-05	7.708616444038205e-06
rule_a_one_step	unknown::KEAP1+NF1+TP53	unknown::EGFR+KEAP1+NF1+TP53	same_stage_one_event	EGFR	1	0.007508555654037565	3.6835125976130835e-05	2.7657859341526313e-07
rule_a_one_step	unknown::EGFR+NF1+TP53	unknown::EGFR+KEAP1+NF1+TP53	same_stage_one_event	KEAP1	1	0.033619063357379464	0.00011050537792839252	3.71508730190579e-06
rule_a_one_step	unknown::EGFR+KEAP1+TP53	unknown::EGFR+KEAP1+NF1+TP53	same_stage_one_event	NF1	1	0.0936538944499462	7.367025195226167e-05	6.899506000438058e-06
rule_a_one_step	unknown::EGFR+MET	unknown::EGFR+KRAS+MET	same_stage_one_event	KRAS	1	0.026808336067148945	3.6835125976130835e-05	9.874884362438833e-07
rule_a_one_step	unknown::EGFR+KRAS	unknown::EGFR+KRAS+MET	same_stage_one_event	MET	1	0.0010284412840932875	0.00022101075585678504	2.2729658555178006e-07
rule_a_one_step	unknown::KRAS+NF1+TP53	unknown::EGFR+KRAS+NF1+TP53	same_stage_one_event	EGFR	1	0.0006469889678230814	7.367025195226167e-05	4.766384026986012e-08
rule_a_one_step	unknown::EGFR+NF1+TP53	unknown::EGFR+KRAS+NF1+TP53	same_stage_one_event	KRAS	1	0.004287567603473064	0.00011050537792839252	4.737992784153231e-07
rule_a_one_step	unknown::EGFR+KRAS+TP53	unknown::EGFR+KRAS+NF1+TP53	same_stage_one_event	NF1	1	0.05475896093371039	7.367025195226167e-05	4.034106448630498e-06
rule_a_one_step	unknown::KRAS+PIK3CA	unknown::EGFR+KRAS+PIK3CA	same_stage_one_event	EGFR	1	0.0168466584429684	7.367025195226167e-05	1.2410975720471782e-06
rule_a_one_step	unknown::EGFR+PIK3CA	unknown::EGFR+KRAS+PIK3CA	same_stage_one_event	KRAS	1	0.07805840072830371	0.00025784588183291586	2.012703717025659e-05
rule_a_one_step	unknown::EGFR+KRAS	unknown::EGFR+KRAS+PIK3CA	same_stage_one_event	PIK3CA	1	0.034055705213827836	0.00022101075585678504	7.526677150543945e-06
rule_a_one_step	unknown::KRAS+PIK3CA+TP53	unknown::EGFR+KRAS+PIK3CA+TP53	same_stage_one_event	EGFR	1	0.0024110973402454695	7.367025195226167e-05	1.776261485373117e-07
rule_a_one_step	unknown::EGFR+PIK3CA+TP53	unknown::EGFR+KRAS+PIK3CA+TP53	same_stage_one_event	KRAS	1	0.014134204349650199	0.00022101075585678504	3.1238111867504494e-06
rule_a_one_step	unknown::EGFR+KRAS+TP53	unknown::EGFR+KRAS+PIK3CA+TP53	same_stage_one_event	PIK3CA	1	0.2167076108162471	7.367025195226167e-05	1.5964904288805588e-05
rule_a_one_step	unknown::EGFR+KRAS+PIK3CA	unknown::EGFR+KRAS+PIK3CA+TP53	same_stage_one_event	TP53	1	0.6895799277350073	3.6835125976130835e-05	2.540076350873019e-05
rule_a_one_step	unknown::KRAS+STK11	unknown::EGFR+KRAS+STK11	same_stage_one_event	EGFR	1	0.0011140464993035061	0.0002946810078090467	3.2828834516089763e-07
rule_a_one_step	unknown::EGFR+STK11	unknown::EGFR+KRAS+STK11	same_stage_one_event	KRAS	1	0.14698953643751986	7.367025195226167e-05	1.0828756183698236e-05
rule_a_one_step	unknown::EGFR+KRAS	unknown::EGFR+KRAS+STK11	same_stage_one_event	STK11	1	0.01567825110030459	0.00022101075585678504	3.4650621261907896e-06
rule_a_one_step	unknown::MET	unknown::EGFR+MET	same_stage_one_event	EGFR	1	0.1661301124253807	0.0004788566376897009	7.95525070550298e-05
rule_a_one_step	unknown::EGFR	unknown::EGFR+MET	same_stage_one_event	MET	1	0.014744474901279076	0.004457050243111832	6.57168654433022e-05
rule_a_one_step	unknown::NF1	unknown::EGFR+NF1	same_stage_one_event	EGFR	1	0.12452004015499331	0.0005525268896419625	6.880067048493074e-05
rule_a_one_step	unknown::EGFR	unknown::EGFR+NF1	same_stage_one_event	NF1	1	0.011636126299342953	0.004457050243111832	5.1862799551366486e-05
rule_a_one_step	unknown::EGFR+PIK3CA	unknown::EGFR+NF1+PIK3CA	same_stage_one_event	NF1	1	0.020766127902411148	0.00025784588183291586	5.3544605612523215e-06
rule_a_one_step	unknown::EGFR+NF1	unknown::EGFR+NF1+PIK3CA	same_stage_one_event	PIK3CA	1	0.03163805393835504	3.6835125976130835e-05	1.1653917024589301e-06
rule_a_one_step	unknown::EGFR+RBM10	unknown::EGFR+NF1+RBM10	same_stage_one_event	NF1	1	0.030684532388328373	0.0008840430234271402	2.712644678502582e-05
rule_a_one_step	unknown::EGFR+NF1	unknown::EGFR+NF1+RBM10	same_stage_one_event	RBM10	1	0.07771419957142499	3.6835125976130835e-05	2.8626123313476124e-06
rule_a_one_step	unknown::NF1+SMARCA4	unknown::EGFR+NF1+SMARCA4	same_stage_one_event	EGFR	1	0.10753569495648664	3.6835125976130835e-05	3.961090870652963e-06
rule_a_one_step	unknown::EGFR+SMARCA4	unknown::EGFR+NF1+SMARCA4	same_stage_one_event	NF1	1	0.012106978875034194	3.6835125976130835e-05	4.459620920522393e-07
rule_a_one_step	unknown::EGFR+NF1	unknown::EGFR+NF1+SMARCA4	same_stage_one_event	SMARCA4	1	0.014840764742458443	3.6835125976130835e-05	5.466614388705777e-07
rule_a_one_step	unknown::EGFR+SMARCA4+TP53	unknown::EGFR+NF1+SMARCA4+TP53	same_stage_one_event	NF1	1	0.09584485715696071	0.00025784588183291586	2.4713201712786392e-05
rule_a_one_step	unknown::EGFR+NF1+TP53	unknown::EGFR+NF1+SMARCA4+TP53	same_stage_one_event	SMARCA4	1	0.06824750479364824	0.00011050537792839252	7.541716309891879e-06
rule_a_one_step	unknown::EGFR+NF1+SMARCA4	unknown::EGFR+NF1+SMARCA4+TP53	same_stage_one_event	TP53	1	0.708537646569886	3.6835125976130835e-05	2.609907347023302e-05
rule_a_one_step	unknown::EGFR+STK11+TP53	unknown::EGFR+NF1+STK11+TP53	same_stage_one_event	NF1	1	0.06452356088239516	3.6835125976130835e-05	2.3767334935315736e-06
rule_a_one_step	unknown::EGFR+NF1+TP53	unknown::EGFR+NF1+STK11+TP53	same_stage_one_event	STK11	1	0.07061765024540219	0.00011050537792839252	7.80363012878321e-06
rule_a_one_step	unknown::SMARCA4	unknown::EGFR+SMARCA4	same_stage_one_event	EGFR	1	0.24321464679563526	7.367025195226167e-05	1.791768430791478e-05
rule_a_one_step	unknown::EGFR	unknown::EGFR+SMARCA4	same_stage_one_event	SMARCA4	1	0.011552871683181441	0.004457050243111832	5.149172954416364e-05
rule_a_one_step	unknown::STK11+TP53	unknown::EGFR+STK11+TP53	same_stage_one_event	EGFR	1	0.00361070801017331	0.0001841756298806542	6.650044220887929e-07
rule_a_one_step	unknown::EGFR+TP53	unknown::EGFR+STK11+TP53	same_stage_one_event	STK11	1	0.08082065979072825	0.005930455282157065	0.0004793033087633435
rule_a_one_step	unknown::EGFR+STK11	unknown::EGFR+STK11+TP53	same_stage_one_event	TP53	1	0.10628404215536058	7.367025195226167e-05	7.829972164090214e-06
rule_a_one_step	unknown::KEAP1+KRAS+SMARCA4+STK11	unknown::KEAP1+KRAS+NF1+SMARCA4+STK11	same_stage_one_event	NF1	1	0.08064674132649274	0.00011050537792839252	8.911898628977393e-06
rule_a_one_step	unknown::KRAS+RBM10	unknown::KEAP1+KRAS+RBM10	same_stage_one_event	KEAP1	1	0.06025361267304042	0.0004051863857374392	2.4413943546612812e-05
rule_a_one_step	unknown::KEAP1+KRAS	unknown::KEAP1+KRAS+RBM10	same_stage_one_event	RBM10	1	0.06485249786429251	7.367025195226167e-05	4.777699857395941e-06
rule_a_one_step	unknown::KRAS+RBM10+TP53	unknown::KEAP1+KRAS+RBM10+TP53	same_stage_one_event	KEAP1	1	0.07757487178108631	0.00014734050390452334	1.1429920698554045e-05
rule_a_one_step	unknown::KEAP1+KRAS+TP53	unknown::KEAP1+KRAS+RBM10+TP53	same_stage_one_event	RBM10	1	0.08738026579966762	0.00011050537792839252	9.655989295675661e-06
rule_a_one_step	unknown::KEAP1+KRAS+RBM10	unknown::KEAP1+KRAS+RBM10+TP53	same_stage_one_event	TP53	1	0.3113159850011408	3.6835125976130835e-05	1.146736352590028e-05
rule_a_one_step	unknown::KRAS+SETD2+TP53	unknown::KEAP1+KRAS+SETD2+TP53	same_stage_one_event	KEAP1	1	0.05819933734284779	0.00011050537792839252	6.431339768253403e-06
rule_a_one_step	unknown::KEAP1+KRAS+TP53	unknown::KEAP1+KRAS+SETD2+TP53	same_stage_one_event	SETD2	1	0.05924972830070431	0.00011050537792839252	6.5474136180239035e-06
rule_a_one_step	unknown::MET+TP53	unknown::KEAP1+MET+TP53	same_stage_one_event	KEAP1	1	0.03878807760361376	7.367025195226167e-05	2.857527449802104e-06
rule_a_one_step	unknown::KEAP1+TP53	unknown::KEAP1+MET+TP53	same_stage_one_event	MET	1	0.03871214462769255	7.367025195226167e-05	2.851933448334503e-06
rule_a_one_step	unknown::NF1	unknown::KEAP1+NF1	same_stage_one_event	KEAP1	1	0.03656385016425702	0.0005525268896419625	2.0202510404591693e-05
rule_a_one_step	unknown::KEAP1	unknown::KEAP1+NF1	same_stage_one_event	NF1	1	0.02812392642323973	7.367025195226167e-05	2.07189674548694e-06
rule_a_one_step	unknown::NF1+SMARCA4	unknown::KEAP1+NF1+SMARCA4	same_stage_one_event	KEAP1	1	0.039542708116302144	3.6835125976130835e-05	1.4565606349013607e-06
rule_a_one_step	unknown::KEAP1+NF1	unknown::KEAP1+NF1+SMARCA4	same_stage_one_event	SMARCA4	1	0.0812979307412233	3.6835125976130835e-05	2.99461952045172e-06
rule_a_one_step	unknown::KEAP1+SMARCA4+TP53	unknown::KEAP1+NF1+SMARCA4+TP53	same_stage_one_event	NF1	1	0.1697406359025641	3.6835125976130835e-05	6.252417706739506e-06
rule_a_one_step	unknown::KEAP1+NF1+TP53	unknown::KEAP1+NF1+SMARCA4+TP53	same_stage_one_event	SMARCA4	1	0.20768201668673564	3.6835125976130835e-05	7.649993247632813e-06
rule_a_one_step	unknown::KEAP1+NF1+SMARCA4	unknown::KEAP1+NF1+SMARCA4+TP53	same_stage_one_event	TP53	1	0.36499254512659857	3.6835125976130835e-05	1.3444546380086878e-05
rule_a_one_step	unknown::NF1+TP53	unknown::KEAP1+NF1+TP53	same_stage_one_event	KEAP1	1	0.0835875950778761	0.0004420215117135701	3.694751513682456e-05
rule_a_one_step	unknown::KEAP1+TP53	unknown::KEAP1+NF1+TP53	same_stage_one_event	NF1	1	0.14109571709897403	7.367025195226167e-05	1.0394557028066451e-05
rule_a_one_step	unknown::KEAP1+NF1	unknown::KEAP1+NF1+TP53	same_stage_one_event	TP53	1	0.33067804136182277	3.6835125976130835e-05	1.2180567311102945e-05
rule_a_one_step	unknown::PIK3CA+TP53	unknown::KEAP1+PIK3CA+TP53	same_stage_one_event	KEAP1	1	0.0734926617751269	0.00025784588183291586	1.8949780183655823e-05
rule_a_one_step	unknown::KEAP1+TP53	unknown::KEAP1+PIK3CA+TP53	same_stage_one_event	PIK3CA	1	0.05135297261755963	7.367025195226167e-05	3.783186431233213e-06
rule_a_one_step	unknown::KEAP1+STK11	unknown::KEAP1+SETD2+STK11	same_stage_one_event	SETD2	1	0.01606775601030286	0.00014734050390452334	2.3674312671729565e-06
rule_a_one_step	unknown::SMARCA4+STK11+TP53	unknown::KEAP1+SMARCA4+STK11+TP53	same_stage_one_event	KEAP1	1	0.6444025155163433	3.6835125976130835e-05	2.373664783838011e-05
rule_a_one_step	unknown::KEAP1+STK11+TP53	unknown::KEAP1+SMARCA4+STK11+TP53	same_stage_one_event	SMARCA4	1	0.4249134026049817	7.367025195226167e-05	3.13034774278018e-05
rule_a_one_step	unknown::KEAP1+SMARCA4+TP53	unknown::KEAP1+SMARCA4+STK11+TP53	same_stage_one_event	STK11	1	0.08616473825839663	3.6835125976130835e-05	3.17388898844838e-06
rule_a_one_step	unknown::SMARCA4+TP53	unknown::KEAP1+SMARCA4+TP53	same_stage_one_event	KEAP1	1	0.0762440765458609	0.00022101075585678504	1.6850760987003294e-05
rule_a_one_step	unknown::KEAP1+TP53	unknown::KEAP1+SMARCA4+TP53	same_stage_one_event	SMARCA4	1	0.16083534101045335	7.367025195226167e-05	1.1848780095068023e-05
rule_a_one_step	unknown::MET+SETD2+TP53	unknown::KRAS+MET+SETD2+TP53	same_stage_one_event	KRAS	1	0.026650837899063206	3.6835125976130835e-05	9.816869713814352e-07
rule_a_one_step	unknown::KRAS+SETD2+TP53	unknown::KRAS+MET+SETD2+TP53	same_stage_one_event	MET	1	0.0048279019729592035	0.00011050537792839252	5.335091321230886e-07
rule_a_one_step	unknown::KRAS+MET+TP53	unknown::KRAS+MET+SETD2+TP53	same_stage_one_event	SETD2	1	0.043099641497139976	3.6835125976130835e-05	1.5875807240732273e-06
rule_a_one_step	unknown::MET+TP53	unknown::KRAS+MET+TP53	same_stage_one_event	KRAS	1	0.03838694922996227	7.367025195226167e-05	2.8279762214499976e-06
rule_a_one_step	unknown::KRAS+TP53	unknown::KRAS+MET+TP53	same_stage_one_event	MET	1	0.004735299103967671	0.0014365699130691027	6.802588222143037e-06
rule_a_one_step	unknown::KRAS+STK11	unknown::KRAS+NF1+STK11	same_stage_one_event	NF1	1	0.0307461688941484	0.0002946810078090467	9.060312035994812e-06
rule_a_one_step	unknown::KRAS+RBM10+TP53	unknown::KRAS+PIK3CA+RBM10+TP53	same_stage_one_event	PIK3CA	1	0.07982311961039068	0.00014734050390452334	1.1761178666626002e-05
rule_a_one_step	unknown::KRAS+PIK3CA+TP53	unknown::KRAS+PIK3CA+RBM10+TP53	same_stage_one_event	RBM10	1	0.09361757690310857	7.367025195226167e-05	6.8968304776122414e-06
rule_a_one_step	unknown::KRAS+SMARCA4	unknown::KRAS+RBM10+SMARCA4	same_stage_one_event	RBM10	1	0.07257538281866306	0.0001841756298806542	1.3366616844456877e-05
rule_a_one_step	unknown::KRAS+RBM10	unknown::KRAS+RBM10+SMARCA4	same_stage_one_event	SMARCA4	1	0.04409591228942074	0.0004051863857374392	1.7867063326345517e-05
rule_a_one_step	unknown::KRAS+SMARCA4+STK11	unknown::KRAS+RBM10+SMARCA4+STK11	same_stage_one_event	RBM10	1	0.11161847995252419	3.6835125976130835e-05	4.111480770315463e-06
rule_a_one_step	unknown::KRAS+RBM10+STK11	unknown::KRAS+RBM10+SMARCA4+STK11	same_stage_one_event	SMARCA4	1	0.09570980648596812	0.00014734050390452334	1.4101931116246959e-05
rule_a_one_step	unknown::KRAS+RBM10+SMARCA4	unknown::KRAS+RBM10+SMARCA4+STK11	same_stage_one_event	STK11	1	0.11865539711947334	3.6835125976130835e-05	4.3706865006436325e-06
rule_a_one_step	unknown::SETD2+STK11+TP53	unknown::KRAS+SETD2+STK11+TP53	same_stage_one_event	KRAS	1	0.02635693452677182	7.367025195226167e-05	1.9417220072765447e-06
rule_a_one_step	unknown::KRAS+STK11+TP53	unknown::KRAS+SETD2+STK11+TP53	same_stage_one_event	SETD2	1	0.018954671049362683	0.0001841756298806542	3.490988479696973e-06
rule_a_one_step	unknown::KRAS+SETD2+TP53	unknown::KRAS+SETD2+STK11+TP53	same_stage_one_event	STK11	1	0.2068881933585861	0.00011050537792839252	2.2862257996012906e-05
rule_a_one_step	unknown::KRAS+STK11	unknown::KRAS+SMARCA4+STK11	same_stage_one_event	SMARCA4	1	0.0815780676060893	0.0002946810078090467	2.4039507177276937e-05
rule_a_one_step	unknown::KRAS+SMARCA4	unknown::KRAS+SMARCA4+STK11	same_stage_one_event	STK11	1	0.11370295259181525	0.0001841756298806542	2.0941312912887735e-05
rule_a_one_step	unknown::NF1	unknown::MET+NF1	same_stage_one_event	MET	1	0.05336353105957856	0.0005525268896419625	2.9484785836661207e-05
rule_a_one_step	unknown::MET	unknown::MET+NF1	same_stage_one_event	NF1	1	0.024769367681188183	0.0004788566376897009	1.1860976125513716e-05
rule_a_one_step	unknown::NF1+TP53	unknown::MET+NF1+TP53	same_stage_one_event	MET	1	0.044669806112704935	0.0004420215117135701	1.974501522588991e-05
rule_a_one_step	unknown::MET+TP53	unknown::MET+NF1+TP53	same_stage_one_event	NF1	1	0.1167221113731456	7.367025195226167e-05	8.598947353259584e-06
rule_a_one_step	unknown::MET+NF1	unknown::MET+NF1+TP53	same_stage_one_event	TP53	1	0.37675492177819964	3.6835125976130835e-05	1.3877815005827303e-05
rule_a_one_step	unknown::MET+RBM10	unknown::MET+RBM10+SETD2	same_stage_one_event	SETD2	1	0.027769128919408304	7.367025195226167e-05	2.0457587239876458e-06
rule_a_one_step	unknown::SETD2+TP53	unknown::MET+SETD2+TP53	same_stage_one_event	MET	1	0.045215703632412015	0.0001841756298806542	8.327630696996467e-06
rule_a_one_step	unknown::MET+TP53	unknown::MET+SETD2+TP53	same_stage_one_event	SETD2	1	0.04228724719211885	7.367025195226167e-05	3.1153121550109655e-06
rule_a_one_step	unknown::RBM10+TP53	unknown::NF1+RBM10+TP53	same_stage_one_event	NF1	1	0.1362207411434186	7.367025195226167e-05	1.0035416321159465e-05
rule_a_one_step	unknown::NF1+TP53	unknown::NF1+RBM10+TP53	same_stage_one_event	RBM10	1	0.08558445105229416	0.0004420215117135701	3.783016843331111e-05
rule_a_one_step	unknown::SETD2	unknown::NF1+SETD2	same_stage_one_event	NF1	1	0.028689207699040254	0.00014734050390452334	4.227082318998122e-06
rule_a_one_step	unknown::NF1	unknown::NF1+SETD2	same_stage_one_event	SETD2	1	0.03094480414783934	0.0005525268896419625	1.709783638638537e-05
rule_a_one_step	unknown::SETD2+TP53	unknown::NF1+SETD2+TP53	same_stage_one_event	NF1	1	0.12375351374714814	0.0001841756298806542	2.2792381344325205e-05
rule_a_one_step	unknown::NF1+TP53	unknown::NF1+SETD2+TP53	same_stage_one_event	SETD2	1	0.055664743818604354	0.0004420215117135701	2.46050142118481e-05
rule_a_one_step	unknown::NF1+SETD2	unknown::NF1+SETD2+TP53	same_stage_one_event	TP53	1	0.23432333549897594	3.6835125976130835e-05	8.63132958225195e-06
rule_a_one_step	unknown::SMARCA4	unknown::NF1+SMARCA4	same_stage_one_event	NF1	1	0.02351185110981083	7.367025195226167e-05	1.7321239951238271e-06
rule_a_one_step	unknown::NF1	unknown::NF1+SMARCA4	same_stage_one_event	SMARCA4	1	0.02597799868573047	0.0005525268896419625	1.4353542812949648e-05
rule_a_one_step	unknown::SMARCA4+TP53	unknown::PIK3CA+SMARCA4+TP53	same_stage_one_event	PIK3CA	1	0.05605371059695989	0.00022101075585678504	1.2388472947611586e-05
rule_a_one_step	unknown::PIK3CA+TP53	unknown::PIK3CA+SMARCA4+TP53	same_stage_one_event	SMARCA4	1	0.049634748494980986	0.00025784588183291586	1.2798115495243366e-05
rule_a_one_step	unknown::STK11+TP53	unknown::PIK3CA+STK11+TP53	same_stage_one_event	PIK3CA	1	0.01288461847369359	0.0001841756298806542	2.37303272316443e-06
rule_a_one_step	unknown::PIK3CA+TP53	unknown::PIK3CA+STK11+TP53	same_stage_one_event	STK11	1	0.17384391408905717	0.00025784588183291586	4.482493732957861e-05
rule_a_one_step	unknown::WT	unknown::RBM10	same_stage_one_event	RBM10	1	0.025570833827129772	0.11787240312361869	0.0030140956330785055
rule_a_one_step	unknown::STK11+TP53	unknown::RBM10+STK11+TP53	same_stage_one_event	RBM10	1	0.031397413043687386	0.0001841756298806542	5.782638323944192e-06
rule_a_one_step	unknown::RBM10+TP53	unknown::RBM10+STK11+TP53	same_stage_one_event	STK11	1	0.09322851354256448	7.367025195226167e-05	6.868168081815564e-06
rule_a_one_step	unknown::STK11+TP53	unknown::SMARCA4+STK11+TP53	same_stage_one_event	SMARCA4	1	0.08817654671208709	0.0001841756298806542	1.6239971031399567e-05
rule_a_one_step	unknown::SMARCA4+TP53	unknown::SMARCA4+STK11+TP53	same_stage_one_event	STK11	1	0.18039006981635664	0.00022101075585678504	3.9868145679171205e-05
