state	N_v	L_v	F_hat	R_star	eligible_relobstq	variant
primary::PIK3CA+TP53	452	0.041225829989055	0.06306525979196306	0.9550442723676911	True	full_mhn
primary::TP53	1436	0.1309740970448741	0.05210057055787007	3.672714919840143	True	full_mhn
metastatic::PIK3CA+TP53	264	0.0240788033564392	0.03045729924553206	1.1550154543309918	True	full_mhn
metastatic::TP53	711	0.0648485954031375	0.02596316057900547	3.6491128978651073	True	full_mhn
primary::MAP3K1+PIK3CA	158	0.014410798978475	0.02135666291935739	0.9858230140079229	True	full_mhn
primary::GATA3+PIK3CA	115	0.0104888726742064	0.020121540179170158	0.7615735964913433	True	full_mhn
primary::PIK3CA	766	0.0698650127690623	0.019888108039507517	5.132282549303074	True	full_mhn
unknown::TP53	33	0.0030098504195549	0.01746850233587446	0.2517291597794076	True	full_mhn
primary::MAP3K1+PIK3CA+TP53	32	0.0029186428310835	0.012255389977173235	0.34793498667221584	True	full_mhn
primary::PTEN+TP53	85	0.0077526450200656	0.01196549154679608	0.9465937661056509	True	full_mhn
primary::GATA3	332	0.0302809193724917	0.011571218649248153	3.823263601712891	True	full_mhn
primary::GATA3+TP53	48	0.0043779642466253	0.010728072895386971	0.5962038555155551	True	full_mhn
metastatic::PIK3CA	304	0.0277271068952936	0.009910796314002067	4.087335540486076	True	full_mhn
primary::RB1+TP53	78	0.0071141919007661	0.009242565367967559	1.1245462728777542	True	full_mhn
metastatic::GATA3+PIK3CA	42	0.0038307187157971	0.00921025541062978	0.6076491226428129	True	full_mhn
primary::NF1+TP53	59	0.0053812477198102	0.009071968705718216	0.8666140521271476	True	full_mhn
primary::BRCA2+TP53	49	0.0044691718350966	0.008611828826168509	0.7581863296709306	True	full_mhn
metastatic::MAP3K1+PIK3CA	45	0.0041043414812112	0.008388539797385602	0.7148277490189014	True	full_mhn
primary::CBFB+GATA3+PIK3CA	41	0.0037395111273257	0.008271159338842267	0.6605302749674425	True	full_mhn
primary::AKT1+TP53	57	0.0051988325428675	0.008193533957861881	0.9269981262712562	True	full_mhn
primary::NF1+PIK3CA+TP53	31	0.0028274352426121	0.007788005200192127	0.5304087985121895	True	full_mhn
primary::CBFB+PIK3CA	48	0.0043779642466253	0.0071987585082148135	0.8885029849091967	True	full_mhn
metastatic::MAP3K1+PIK3CA+TP53	23	0.0020977745348412	0.007094631976074111	0.4319895315634523	True	full_mhn
primary::BRCA1+TP53	73	0.0066581539584093	0.006923699636460633	1.4049468652761887	True	full_mhn
primary::MAP2K4+PIK3CA	51	0.0046515870120394	0.006907012254913832	0.9839096229634683	True	full_mhn
primary::MAP3K1+TP53	38	0.0034658883619117	0.006878340255751728	0.7361650576435079	True	full_mhn
primary::PIK3CA+RB1+TP53	8	0.0007296607077708	0.006736468382151894	0.15824608334029522	True	full_mhn
unknown::PIK3CA	12	0.0010944910616563	0.0066681700032127905	0.2398003657314068	True	full_mhn
metastatic::PTEN+TP53	68	0.0062021160160525	0.005984725434321247	1.5140490343214126	True	full_mhn
metastatic::GATA3	168	0.0153228748631886	0.00576625946066212	3.882311337117607	True	full_mhn
primary::PIK3CA+RUNX1+TP53	16	0.0014593214155417	0.005698096635967397	0.3741669561248232	True	full_mhn
primary::ATM+TP53	25	0.002280189711784	0.005412780005646908	0.6154529972759839	True	full_mhn
metastatic::GATA3+TP53	38	0.0034658883619117	0.005336139546399838	0.9489245374159405	True	full_mhn
primary::PIK3CA+PTEN+TP53	31	0.0028274352426121	0.005335611985522218	0.7741991906468249	True	full_mhn
primary::MAP2K4+PIK3CA+TP53	14	0.001276906238599	0.005323121298996458	0.3504587693813298	True	full_mhn
primary::GATA3+MAP3K1+PIK3CA	20	0.0018241517694272	0.004964256968159259	0.5368475805152444	True	full_mhn
metastatic::RB1+TP53	37	0.0033746807734403	0.0047783230124165	1.0318141470579636	True	full_mhn
metastatic::BRCA2+TP53	32	0.0029186428310835	0.004433346988260201	0.9618193565827937	True	full_mhn
metastatic::NF1+TP53	23	0.0020977745348412	0.0043364914850261725	0.706748013749666	True	full_mhn
primary::PTEN	78	0.0071141919007661	0.004314530217468481	2.4089974832047645	True	full_mhn
primary::RUNX1+TP53	26	0.0023713973002553	0.0042939052034001255	0.806856225489901	True	full_mhn
primary::MAP2K4+TP53	24	0.0021889821233126	0.0042571024155916345	0.7512290987115388	True	full_mhn
primary::BRCA2+PIK3CA+TP53	13	0.0011856986501276	0.0042131299212642805	0.4111627471449545	True	full_mhn
primary::ESR1+PIK3CA	9	0.0008208682962422	0.004185135245830778	0.28655518486175285	True	full_mhn
primary::GATA3+PIK3CA+TP53	21	0.0019153593578985	0.004164784408306777	0.6718959578899857	True	full_mhn
metastatic::AKT1+TP53	38	0.0034658883619117	0.004147699294340129	1.2208198789367781	True	full_mhn
metastatic::NF1+PIK3CA+TP53	30	0.0027362276541408	0.0039875214870173335	1.0025209961718091	True	full_mhn
primary::CBFB+MAP3K1+PIK3CA	15	0.0013681138270704	0.003976994965998666	0.5025872609339127	True	full_mhn
primary::ESR1+GATA3	9	0.0008208682962422	0.003919981486817029	0.30593823161008993	True	full_mhn
unknown::GATA3	6	0.0005472455308281	0.0038796477243716555	0.20607922664113748	True	full_mhn
primary::PIK3CA+RUNX1	27	0.0024626048887267	0.0038586393751822833	0.9324055093588197	True	full_mhn
primary::ESR1+TP53	12	0.0010944910616563	0.0038175384685443627	0.418864045123892	True	full_mhn
primary::ATM+PIK3CA+TP53	13	0.0011856986501276	0.003810665469346987	0.45458781055348174	True	full_mhn
primary::BRCA1+PIK3CA+TP53	8	0.0007296607077708	0.0038055175684647553	0.28012477086775184	True	full_mhn
primary::NF1+PIK3CA	19	0.0017329441809558	0.0038001281750772624	0.6662398631024755	True	full_mhn
metastatic::PIK3CA+PTEN+TP53	20	0.0018241517694272	0.003763276005860303	0.708172703275234	True	full_mhn
metastatic::PIK3CA+RB1+TP53	11	0.0010032834731849	0.003735327572891558	0.392409262541552	True	full_mhn
primary::MAP3K1	61	0.005563662896753	0.0037132084586913735	2.1890504086243454	True	full_mhn
primary::CBFB+GATA3	36	0.0032834731849689	0.0036764157787865536	1.3048276105448502	True	full_mhn
metastatic::ESR1+PIK3CA	59	0.0053812477198102	0.003666521826841293	2.1442380356231325	True	full_mhn
primary::PIK3CA+PTEN	41	0.0037395111273257	0.003640979089722313	1.5005170359167597	True	full_mhn
primary::AKT1+GATA3	27	0.0024626048887267	0.00359781661198124	1.0	True	full_mhn
metastatic::ESR1+GATA3+PIK3CA	14	0.001276906238599	0.003540789705558359	0.5268696236347793	True	full_mhn
primary::ESR1	25	0.002280189711784	0.0035031863360759684	0.9509376202542889	True	full_mhn
metastatic::BRCA1+TP53	29	0.0026450200656694	0.0035030692051807697	1.1031245230490911	True	full_mhn
metastatic::PIK3CA+RUNX1+TP53	12	0.0010944910616563	0.0033963607925249833	0.4708067555184083	True	full_mhn
metastatic::MAP3K1+TP53	25	0.002280189711784	0.0032759243849786127	1.0169073782486595	True	full_mhn
primary::ATM+PIK3CA	20	0.0018241517694272	0.0031605744195562346	0.843216766425662	True	full_mhn
metastatic::ESR1+GATA3	52	0.0047427946005107	0.003109066028087303	2.2286848290905272	True	full_mhn
primary::AKT1	78	0.0071141919007661	0.003005796325235411	3.45788313958018	True	full_mhn
metastatic::MAP2K4+PIK3CA	15	0.0013681138270704	0.002882765698514315	0.6933574267060862	True	full_mhn
metastatic::CBFB+PIK3CA	11	0.0010032834731849	0.0028766100297319673	0.5095501729335682	True	full_mhn
metastatic::ESR1+MAP3K1+PIK3CA	17	0.0015505290040131	0.0028656343533993013	0.7905027862431353	True	full_mhn
primary::CBFB+GATA3+MAP3K1+PIK3CA	4	0.0003648303538854	0.0028537120600829247	0.186777732714734	False	full_mhn
metastatic::GATA3+PIK3CA+TP53	9	0.0008208682962422	0.0028431078419575836	0.42181734586594904	True	full_mhn
metastatic::ATM+TP53	21	0.0019153593578985	0.0028066673273631905	0.9970194122466185	True	full_mhn
primary::BRCA2+PIK3CA	21	0.0019153593578985	0.002794729881033926	1.0012780942034833	True	full_mhn
metastatic::MAP2K4+PIK3CA+TP53	14	0.001276906238599	0.002748568304486963	0.6787295539791168	True	full_mhn
primary::MAP3K1+PIK3CA+RUNX1	8	0.0007296607077708	0.0027108182329910278	0.393246483225126	True	full_mhn
metastatic::ESR1+TP53	28	0.0025538124771981	0.0027083290666122537	1.3776276763215403	True	full_mhn
metastatic::CBFB+GATA3+PIK3CA	7	0.0006384531192995	0.0026755705423808624	0.3486236878858379	True	full_mhn
metastatic::BRCA2+PIK3CA+TP53	10	0.0009120758847136	0.0025884682109336226	0.5147927509139196	True	full_mhn
primary::CBFB+PIK3CA+TP53	5	0.0004560379423568	0.0025427653075133405	0.26202274095315964	True	full_mhn
metastatic::ATM+PIK3CA+TP53	6	0.0005472455308281	0.002454255747347444	0.3257667027664034	True	full_mhn
primary::PIK3CA+RB1	13	0.0011856986501276	0.002309594533545605	0.7500373104483482	True	full_mhn
metastatic::PTEN	40	0.0036483035388544	0.002150050175260212	2.479057812115496	True	full_mhn
metastatic::MAP2K4+TP53	7	0.0006384531192995	0.002141214950491105	0.4356252366828415	True	full_mhn
primary::GATA3+MAP3K1	17	0.0015505290040131	0.0020754109993875412	1.0914907654838961	True	full_mhn
primary::AKT1+PIK3CA	9	0.0008208682962422	0.002058318611797301	0.5826465333747304	True	full_mhn
primary::GATA3+MAP2K4+PIK3CA	5	0.0004560379423568	0.0020205477517340883	0.3297434246905199	True	full_mhn
primary::MAP3K1+PIK3CA+PTEN	8	0.0007296607077708	0.0019870314437869614	0.5364886096675794	True	full_mhn
metastatic::RUNX1+TP53	19	0.0017329441809558	0.001985257654321685	1.2752988857717467	True	full_mhn
primary::BRCA2	37	0.0033746807734403	0.001958442461149083	2.5174807939190154	True	full_mhn
metastatic::ESR1+PIK3CA+TP53	13	0.0011856986501276	0.0019293899987523956	0.8978392513380392	True	full_mhn
metastatic::CBFB+GATA3	7	0.0006384531192995	0.001859688150456728	0.5015718733818344	True	full_mhn
metastatic::MAP3K1	22	0.0020065669463699	0.001850394850652222	1.5842857942597364	True	full_mhn
metastatic::AKT1+GATA3	13	0.0011856986501276	0.0018495934793656575	0.9365744912629801	True	full_mhn
metastatic::BRCA1+PIK3CA+TP53	10	0.0009120758847136	0.0018320132515050524	0.7273553669180509	True	full_mhn
metastatic::ESR1	75	0.006840569135352	0.0017457349969074215	5.7247721149192845	True	full_mhn
primary::MAP3K1+NF1+PIK3CA	6	0.0005472455308281	0.0017138997863675256	0.4664886528241294	True	full_mhn
primary::AKT1+PIK3CA+TP53	3	0.000273622765414	0.001691593591062137	0.23632000222637525	False	full_mhn
primary::NF1	28	0.0025538124771981	0.001691180830731815	2.206191679873782	True	full_mhn
metastatic::PIK3CA+PTEN	10	0.0009120758847136	0.00162631986417055	0.8193496863759971	True	full_mhn
primary::MAP2K4	35	0.0031922655964976	0.0016233890560873176	2.8729011876726296	True	full_mhn
primary::ESR1+PIK3CA+TP53	5	0.0004560379423568	0.0015937341797988734	0.41805110523719974	True	full_mhn
metastatic::GATA3+MAP3K1+PIK3CA	2	0.0001824151769427	0.001579983516458342	0.1686757686710528	False	full_mhn
primary::GATA3+PTEN	18	0.0016417365924844	0.0015757034008942105	1.5222055151817817	True	full_mhn
primary::ATM+GATA3	16	0.0014593214155417	0.0015409891404674528	1.3835525617843647	True	full_mhn
metastatic::AKT1	42	0.0038307187157971	0.0014978717473581138	3.7363703710466205	True	full_mhn
primary::ESR1+MAP3K1+PIK3CA	1	9.120758847136082e-05	0.0014971926856753577	0.08900154825318704	False	full_mhn
metastatic::PIK3CA+RUNX1	5	0.0004560379423568	0.0014884555820092096	0.4476198976594854	True	full_mhn
metastatic::NF1+PIK3CA	12	0.0010944910616563	0.001482459635606532	1.0786328115008443	True	full_mhn
primary::ATM+MAP3K1+PIK3CA	4	0.0003648303538854	0.0014780037946298336	0.36062821365260667	False	full_mhn
metastatic::ATM+PIK3CA	8	0.0007296607077708	0.0014616096928876355	0.72934637861089	True	full_mhn
metastatic::BRCA2+PIK3CA	13	0.0011856986501276	0.0014267542868289795	1.2141418376619826	True	full_mhn
primary::AKT1+CBFB+GATA3	10	0.0009120758847136	0.001426130999763002	0.9343634426021333	True	full_mhn
primary::ATM	24	0.0021889821233126	0.0014236387340145157	2.2463980031466617	True	full_mhn
primary::MAP3K1+PIK3CA+RUNX1+TP53	1	9.120758847136082e-05	0.0014124213260761746	0.09434328453769449	False	full_mhn
unknown::PIK3CA+TP53	11	0.0010032834731849	0.001392105438848336	1.0529210623453933	True	full_mhn
primary::MAP2K4+MAP3K1+PIK3CA	1	9.120758847136082e-05	0.0013718039740033918	0.09713666790266162	False	full_mhn
primary::BRCA2+MAP3K1+PIK3CA	1	9.120758847136082e-05	0.0013688925889058711	0.09734325989493334	False	full_mhn
primary::BRCA1+PIK3CA	10	0.0009120758847136	0.0013637665154220195	0.9770915002155637	True	full_mhn
primary::PTEN+RB1+TP53	12	0.0010944910616563	0.0013590687279592373	1.1765627239425531	True	full_mhn
metastatic::CBFB+PIK3CA+TP53	2	0.0001824151769427	0.0013422861567760076	0.19854554317720402	False	full_mhn
primary::BRCA1	17	0.0015505290040131	0.0013043206917837849	1.7367599502480708	True	full_mhn
primary::MAP3K1+NF1+PIK3CA+TP53	3	0.000273622765414	0.0013028766347021885	0.3068267482030608	False	full_mhn
primary::GATA3+MAP2K4	16	0.0014593214155417	0.001294670285522765	1.6467818073475913	True	full_mhn
primary::ATM+GATA3+PIK3CA	4	0.0003648303538854	0.0012939233346022307	0.41193311375104036	False	full_mhn
primary::RB1	18	0.0016417365924844	0.0012893242257026201	1.8603112847636591	True	full_mhn
primary::GATA3+PIK3CA+PTEN	4	0.0003648303538854	0.0012211396535270127	0.4364855949225655	False	full_mhn
primary::ESR1+GATA3+PIK3CA	2	0.0001824151769427	0.001211746485635953	0.2199345632391721	False	full_mhn
unknown::ESR1	5	0.0004560379423568	0.0011745633116776427	0.5672425901149587	True	full_mhn
primary::CBFB+MAP2K4+PIK3CA	3	0.000273622765414	0.001146135563249656	0.34878718880340887	False	full_mhn
metastatic::MAP3K1+NF1+PIK3CA+TP53	2	0.0001824151769427	0.00113407363404524	0.23499791024085337	False	full_mhn
metastatic::CBFB+MAP3K1+PIK3CA	3	0.000273622765414	0.001084151886664478	0.3687282252521086	False	full_mhn
primary::BRCA2+GATA3	6	0.0005472455308281	0.0010800832934900711	0.7402343939243183	True	full_mhn
metastatic::AKT1+PIK3CA+TP53	3	0.000273622765414	0.001050927029180311	0.3803854977197214	False	full_mhn
primary::AKT1+NF1+TP53	3	0.000273622765414	0.0010463727672533306	0.3820410981351759	False	full_mhn
primary::BRCA1+NF1+TP53	3	0.000273622765414	0.0010392375584395404	0.3846641201630886	False	full_mhn
primary::BRCA1+BRCA2+TP53	6	0.0005472455308281	0.0010358011977655564	0.7718805537563405	True	full_mhn
primary::MAP3K1+PIK3CA+PTEN+TP53	2	0.0001824151769427	0.0010287476212018406	0.2590576430441472	False	full_mhn
primary::NF1+PTEN+TP53	5	0.0004560379423568	0.0010269210873235708	0.6487960402341457	True	full_mhn
primary::AKT1+RB1+TP53	4	0.0003648303538854	0.0010108343642071013	0.527296940958824	False	full_mhn
primary::GATA3+PIK3CA+RUNX1	8	0.0007296607077708	0.0009972848768466445	1.0689219909573757	True	full_mhn
primary::NF1+RB1+TP53	2	0.0001824151769427	0.0009810021731298988	0.2716659976123463	False	full_mhn
metastatic::PIK3CA+RB1	12	0.0010944910616563	0.0009775579272771472	1.6357389772159705	True	full_mhn
metastatic::BRCA2	27	0.0024626048887267	0.0009759462431813149	3.6864905566590043	True	full_mhn
primary::AKT1+MAP3K1+PIK3CA	3	0.000273622765414	0.0009740150642434986	0.41042219541266445	False	full_mhn
metastatic::ESR1+MAP2K4+PIK3CA	5	0.0004560379423568	0.000973748209965355	0.6842244516955288	True	full_mhn
primary::BRCA2+RB1+TP53	7	0.0006384531192995	0.0009618149978911255	0.9697990477457069	True	full_mhn
primary::CBFB+TP53	6	0.0005472455308281	0.0009460803186868684	0.8450813173550218	True	full_mhn
metastatic::GATA3+MAP3K1	6	0.0005472455308281	0.000944841617722089	0.8461892311284863	True	full_mhn
primary::AKT1+MAP3K1	11	0.0010032834731849	0.0009286033904348081	1.5784748926633814	True	full_mhn
primary::BRCA1+RB1+TP53	3	0.000273622765414	0.0009137022084828388	0.43751388285304854	False	full_mhn
metastatic::AKT1+PIK3CA	5	0.0004560379423568	0.000908329212883747	0.7335031457245896	True	full_mhn
primary::CBFB+GATA3+MAP2K4+PIK3CA	1	9.120758847136082e-05	0.0009031653973768997	0.1475393846873749	False	full_mhn
primary::RUNX1	18	0.0016417365924844	0.0009004460902926073	2.6637290470225787	True	full_mhn
metastatic::PTEN+RB1+TP53	4	0.0003648303538854	0.000890577691899244	0.5984990111918979	False	full_mhn
primary::CBFB+GATA3+PIK3CA+RUNX1	1	9.120758847136082e-05	0.0008822437851101148	0.151038147556671	False	full_mhn
metastatic::CBFB+ESR1+GATA3+PIK3CA	1	9.120758847136082e-05	0.0008657328127163949	0.15391869758919377	False	full_mhn
metastatic::ATM+GATA3	8	0.0007296607077708	0.0008655132262846739	1.2316619822482464	True	full_mhn
metastatic::NF1	10	0.0009120758847136	0.0008427623537760545	1.5811392902434913	True	full_mhn
primary::PIK3CA+PTEN+RB1+TP53	2	0.0001824151769427	0.0008239318609243994	0.3234550654133254	False	full_mhn
metastatic::MAP2K4	19	0.0017329441809558	0.0008089798306254521	3.1296168048028257	True	full_mhn
metastatic::GATA3+PTEN	9	0.0008208682962422	0.0008019658068491815	1.4954156306780697	True	full_mhn
primary::NF1+PIK3CA+PTEN+TP53	2	0.0001824151769427	0.0007997312529922309	0.3332431150645872	False	full_mhn
primary::CBFB	8	0.0007296607077708	0.0007969151378887812	1.337682878839492	True	full_mhn
metastatic::AKT1+ESR1+GATA3	4	0.0003648303538854	0.0007730006581360432	0.6895335240535064	False	full_mhn
primary::BRCA1+MAP3K1+PIK3CA	2	0.0001824151769427	0.0007695856763540734	0.3462966400455309	False	full_mhn
primary::MAP2K4+PIK3CA+PTEN	1	9.120758847136082e-05	0.0007641159021351137	0.17438776840101108	False	full_mhn
primary::GATA3+RUNX1	7	0.0006384531192995	0.0007614799972470714	1.2249399487568733	True	full_mhn
primary::GATA3+NF1	8	0.0007296607077708	0.0007553138800216017	1.4113599179955105	True	full_mhn
primary::GATA3+NF1+PIK3CA	2	0.0001824151769427	0.0007505876142501716	0.35506172614645826	False	full_mhn
primary::BRCA2+NF1+TP53	4	0.0003648303538854	0.0007462705940644538	0.7142313687754565	False	full_mhn
primary::GATA3+RB1+TP53	1	9.120758847136082e-05	0.0007450956489921915	0.17883941095193895	False	full_mhn
primary::MAP3K1+PIK3CA+RB1	1	9.120758847136082e-05	0.0007409877152830605	0.17983087198243458	False	full_mhn
primary::AKT1+MAP3K1+TP53	1	9.120758847136082e-05	0.000730238719157837	0.18247795339947714	False	full_mhn
primary::AKT1+BRCA1+TP53	1	9.120758847136082e-05	0.0007238202792085536	0.18409606747832724	False	full_mhn
metastatic::GATA3+MAP2K4+PIK3CA	2	0.0001824151769427	0.0007221107761721073	0.3690637817905895	False	full_mhn
metastatic::ATM	18	0.0016417365924844	0.000709438700227969	3.38090437482818	True	full_mhn
metastatic::AKT1+NF1+TP53	6	0.0005472455308281	0.000708308003813658	1.128767142897073	True	full_mhn
primary::AKT1+GATA3+TP53	2	0.0001824151769427	0.0007061911672867195	0.37738355598731643	False	full_mhn
metastatic::ESR1+GATA3+MAP3K1+PIK3CA	3	0.000273622765414	0.0007046228626079805	0.5673352683949422	False	full_mhn
metastatic::MAP3K1+PIK3CA+RUNX1	2	0.0001824151769427	0.0007038545182842302	0.3786363900396578	False	full_mhn
primary::BRCA1+GATA3	6	0.0005472455308281	0.0006956201797709801	1.149355388163852	True	full_mhn
primary::ATM+BRCA1+TP53	4	0.0003648303538854	0.0006758750270355506	0.7886219293217077	False	full_mhn
metastatic::GATA3+MAP2K4	7	0.0006384531192995	0.000674105151209499	1.3837118244458475	True	full_mhn
metastatic::MAP3K1+NF1+PIK3CA	4	0.0003648303538854	0.0006599969896765648	0.8075943922765001	False	full_mhn
unknown::BRCA2	1	9.120758847136082e-05	0.0006566349723417898	0.20293233311850328	False	full_mhn
primary::GATA3+PTEN+TP53	2	0.0001824151769427	0.0006539414836964085	0.4075363630105287	False	full_mhn
metastatic::BRCA1	10	0.0009120758847136	0.0006499792076113172	2.050103532267575	True	full_mhn
metastatic::RB1	13	0.0011856986501276	0.0006425060522732116	2.696133466901635	True	full_mhn
primary::MAP2K4+PIK3CA+PTEN+TP53	2	0.0001824151769427	0.0006341155508496782	0.42027818670824296	False	full_mhn
primary::GATA3+RB1	4	0.0003648303538854	0.0006324846846030256	0.8427237539855612	False	full_mhn
metastatic::NF1+PTEN+TP53	3	0.000273622765414	0.0006324638864534742	0.6320635997919385	False	full_mhn
primary::MAP2K4+PIK3CA+RUNX1	2	0.0001824151769427	0.0006270754378918078	0.4249966076902287	False	full_mhn
metastatic::BRCA2+GATA3	8	0.0007296607077708	0.0006260360171702207	1.702808953860647	True	full_mhn
metastatic::BRCA2+ESR1+PIK3CA	3	0.000273622765414	0.0006192453971560848	0.6455557080159116	False	full_mhn
metastatic::BRCA2+MAP3K1+PIK3CA	5	0.0004560379423568	0.0006186248457738315	1.0770054568804877	True	full_mhn
primary::AKT1+CBFB+GATA3+PIK3CA	2	0.0001824151769427	0.0006087645855175585	0.4377799566486328	False	full_mhn
primary::GATA3+MAP3K1+PIK3CA+TP53	4	0.0003648303538854	0.0006039661304616588	0.8825161558311585	False	full_mhn
primary::MAP3K1+PTEN+TP53	4	0.0003648303538854	0.0006002158296965774	0.8880303406379293	False	full_mhn
metastatic::ESR1+PIK3CA+PTEN	1	9.120758847136082e-05	0.0005971322658814382	0.2231540222124911	False	full_mhn
primary::BRCA2+NF1+PIK3CA+TP53	2	0.0001824151769427	0.0005812327673236802	0.4585167059033857	False	full_mhn
metastatic::BRCA1+PIK3CA	4	0.0003648303538854	0.0005798810695864236	0.9191710087220741	False	full_mhn
primary::MAP2K4+NF1+PIK3CA+TP53	2	0.0001824151769427	0.0005762190288290797	0.46250630489231037	False	full_mhn
metastatic::ATM+ESR1+PIK3CA	1	9.120758847136082e-05	0.0005725150980738235	0.23274926261861478	False	full_mhn
primary::NF1+PIK3CA+RUNX1+TP53	1	9.120758847136082e-05	0.000572370424919538	0.23280809264975513	False	full_mhn
primary::AKT1+RUNX1+TP53	2	0.0001824151769427	0.0005720180415521259	0.4659030213554741	False	full_mhn
metastatic::AKT1+CBFB+GATA3	1	9.120758847136082e-05	0.0005711923129721519	0.23328827067156974	False	full_mhn
primary::MAP3K1+PTEN	4	0.0003648303538854	0.000570049619052997	0.9350236362585519	False	full_mhn
metastatic::ATM+GATA3+PIK3CA	1	9.120758847136082e-05	0.0005641477430675384	0.23620136488838453	False	full_mhn
primary::BRCA2+MAP3K1+PIK3CA+TP53	2	0.0001824151769427	0.0005631700298935016	0.47322286285734033	False	full_mhn
primary::MAP2K4+NF1+PIK3CA	3	0.000273622765414	0.0005576558113083719	0.7168532858780442	False	full_mhn
primary::AKT1+GATA3+PIK3CA	3	0.000273622765414	0.0005574320255661315	0.7171410726161797	False	full_mhn
metastatic::NF1+PIK3CA+PTEN+TP53	5	0.0004560379423568	0.0005484050206594205	1.214909253969314	True	full_mhn
metastatic::AKT1+RB1+TP53	2	0.0001824151769427	0.0005469862634851705	0.4872241802007899	False	full_mhn
metastatic::AKT1+ESR1	6	0.0005472455308281	0.000544651710681505	1.4679377402786347	True	full_mhn
primary::AKT1+ESR1	2	0.0001824151769427	0.0005388414325648048	0.49458879309218506	False	full_mhn
primary::ATM+BRCA2+TP53	4	0.0003648303538854	0.0005381910124916036	0.9903730371337292	False	full_mhn
metastatic::NF1+PIK3CA+RB1+TP53	1	9.120758847136082e-05	0.0005360858386348737	0.2485655417390122	False	full_mhn
primary::CBFB+PIK3CA+RUNX1	1	9.120758847136082e-05	0.0005340121679516695	0.2495307689505397	False	full_mhn
primary::CBFB+ESR1+GATA3	2	0.0001824151769427	0.0005339145082696089	0.499152822536058	False	full_mhn
metastatic::ATM+MAP3K1+PIK3CA	5	0.0004560379423568	0.0005303854007134162	1.2561852825980955	True	full_mhn
metastatic::BRCA2+RB1+TP53	4	0.0003648303538854	0.000525560005983884	1.0141750922956048	False	full_mhn
metastatic::ESR1+MAP3K1	12	0.0010944910616563	0.0005249561706618474	3.0460249675842364	True	full_mhn
primary::AKT1+ATM+TP53	2	0.0001824151769427	0.0005235575891939356	0.5090269710275065	False	full_mhn
metastatic::ATM+ESR1+GATA3	1	9.120758847136082e-05	0.0005192167498975539	0.2566413100446128	False	full_mhn
primary::CBFB+PIK3CA+PTEN	1	9.120758847136082e-05	0.0005158295256292817	0.25832655997457465	False	full_mhn
metastatic::MAP3K1+PIK3CA+PTEN	6	0.0005472455308281	0.0005156681934301537	1.550444280877462	True	full_mhn
primary::ATM+RB1+TP53	5	0.0004560379423568	0.0005130746321572829	1.2985680692053034	True	full_mhn
primary::MAP3K1+PIK3CA+RB1+TP53	2	0.0001824151769427	0.0005119431252132745	0.520575276136932	False	full_mhn
primary::ATM+MAP2K4+PIK3CA	1	9.120758847136082e-05	0.0005077448830936766	0.2624398025896626	False	full_mhn
metastatic::AKT1+GATA3+TP53	7	0.0006384531192995	0.0005038122208417652	1.8514185039463185	True	full_mhn
primary::GATA3+NF1+TP53	2	0.0001824151769427	0.0005032445797407894	0.5295733814014992	False	full_mhn
primary::ATM+PTEN+TP53	4	0.0003648303538854	0.0005026752948863168	1.0603462572194968	False	full_mhn
metastatic::MAP3K1+PIK3CA+RB1+TP53	2	0.0001824151769427	0.0005006636104027145	0.5323033833999038	False	full_mhn
primary::BRCA2+GATA3+PIK3CA	1	9.120758847136082e-05	0.0005004389032941392	0.2662711991494866	False	full_mhn
primary::BRCA1+RUNX1+TP53	1	9.120758847136082e-05	0.0004997607276304767	0.26663252935582804	False	full_mhn
metastatic::MAP2K4+NF1+PIK3CA+TP53	2	0.0001824151769427	0.0004984814186777911	0.5346336368307235	False	full_mhn
primary::MAP2K4+PTEN+TP53	5	0.0004560379423568	0.0004964230852675887	1.3421260093817118	True	full_mhn
primary::AKT1+MAP2K4+TP53	2	0.0001824151769427	0.0004954098523644215	0.5379483925985615	False	full_mhn
primary::MAP3K1+RB1+TP53	2	0.0001824151769427	0.0004870599298657293	0.5471707225457406	False	full_mhn
metastatic::GATA3+PTEN+TP53	2	0.0001824151769427	0.0004862350824780614	0.5480989409249489	False	full_mhn
metastatic::CBFB+TP53	2	0.0001824151769427	0.0004693872192772623	0.5677720286833924	False	full_mhn
primary::ATM+NF1+PIK3CA+TP53	2	0.0001824151769427	0.0004681627467686027	0.5692570277432757	False	full_mhn
primary::AKT1+GATA3+MAP3K1	4	0.0003648303538854	0.00046517462354417	1.145827481694776	False	full_mhn
metastatic::NF1+PIK3CA+RUNX1+TP53	1	9.120758847136082e-05	0.00046361916848698366	0.287417941097875	False	full_mhn
metastatic::AKT1+MAP3K1+TP53	2	0.0001824151769427	0.000462515671301767	0.5762073595659678	False	full_mhn
metastatic::AKT1+MAP3K1	5	0.0004560379423568	0.00046189665053709587	1.4424489407318495	True	full_mhn
primary::AKT1+MAP2K4	8	0.0007296607077708	0.00045878525178384304	2.3235701904345527	True	full_mhn
primary::ATM+GATA3+TP53	1	9.120758847136082e-05	0.0004586303784848949	0.29054435359715264	False	full_mhn
metastatic::CBFB+GATA3+MAP3K1+PIK3CA	2	0.0001824151769427	0.00045566704780093404	0.584867690117542	False	full_mhn
metastatic::CBFB+ESR1+GATA3	3	0.000273622765414	0.0004543741642722154	0.8797978230182868	False	full_mhn
metastatic::BRCA1+BRCA2+TP53	3	0.000273622765414	0.00045403461396405513	0.8804557808304864	False	full_mhn
primary::AKT1+NF1	2	0.0001824151769427	0.0004505313256304765	0.5915347469577084	False	full_mhn
metastatic::RUNX1	5	0.0004560379423568	0.00044871728245350645	1.4848154067288262	True	full_mhn
metastatic::ESR1+GATA3+MAP2K4+PIK3CA	1	9.120758847136082e-05	0.00044545926783804714	0.2991350196731486	False	full_mhn
primary::PTEN+RUNX1+TP53	2	0.0001824151769427	0.0004439687613201886	0.6002785711817203	False	full_mhn
metastatic::ESR1+GATA3+TP53	6	0.0005472455308281	0.00043968613587856985	1.8183761911634813	True	full_mhn
unknown::BRCA1	1	9.120758847136082e-05	0.0004373182252552648	0.3047036669120566	False	full_mhn
metastatic::BRCA1+PTEN+TP53	2	0.0001824151769427	0.0004316342425047101	0.6174323244860239	False	full_mhn
primary::RB1+RUNX1+TP53	3	0.000273622765414	0.0004279291445948803	0.9341672694121561	False	full_mhn
metastatic::AKT1+BRCA2+TP53	2	0.0001824151769427	0.00042766270872077216	0.6231661733352551	False	full_mhn
primary::PIK3CA+PTEN+RUNX1+TP53	1	9.120758847136082e-05	0.000426369803494046	0.31252791765022003	False	full_mhn
metastatic::PIK3CA+PTEN+RB1+TP53	1	9.120758847136082e-05	0.00042278229594273204	0.31517986469879394	False	full_mhn
metastatic::MAP3K1+PTEN+TP53	2	0.0001824151769427	0.0004196611455508308	0.6350479106423534	False	full_mhn
primary::MAP2K4+RB1+TP53	1	9.120758847136082e-05	0.00041709991389095866	0.31947373372706506	False	full_mhn
metastatic::CBFB+ESR1+PIK3CA	3	0.000273622765414	0.00041054797418270855	0.9737166558045744	False	full_mhn
metastatic::ESR1+PTEN	12	0.0010944910616563	0.0004105215059020466	3.895117743857848	True	full_mhn
primary::ATM+NF1+TP53	1	9.120758847136082e-05	0.0004101790561727548	0.3248641412019575	False	full_mhn
metastatic::GATA3+RB1+TP53	4	0.0003648303538854	0.0004098035664675092	1.3006472146732062	False	full_mhn
primary::ATM+PIK3CA+PTEN+TP53	1	9.120758847136082e-05	0.00040786987671448686	0.3267033787690831	False	full_mhn
primary::BRCA2+MAP3K1+TP53	1	9.120758847136082e-05	0.0004075107285156757	0.32699130966643614	False	full_mhn
metastatic::ESR1+MAP3K1+PIK3CA+TP53	2	0.0001824151769427	0.00040588115289880795	0.6566082995844719	False	full_mhn
primary::AKT1+PTEN+TP53	2	0.0001824151769427	0.0004040255252645588	0.6596240013814629	False	full_mhn
metastatic::AKT1+BRCA1+TP53	2	0.0001824151769427	0.00040158950522580026	0.663625244592504	False	full_mhn
primary::AKT1+BRCA2	1	9.120758847136082e-05	0.00039907646654446674	0.3339020914146186	False	full_mhn
metastatic::BRCA1+RB1+TP53	2	0.0001824151769427	0.00039802774964010196	0.669563702194861	False	full_mhn
metastatic::CBFB	4	0.0003648303538854	0.00039712493493454287	1.3421717458649183	False	full_mhn
metastatic::ESR1+GATA3+MAP2K4	4	0.0003648303538854	0.00039678664592049194	1.3433160433359133	False	full_mhn
metastatic::ESR1+PTEN+TP53	2	0.0001824151769427	0.0003958016743101347	0.6733294751369023	False	full_mhn
metastatic::ATM+PTEN+TP53	3	0.000273622765414	0.0003954893076408587	1.0107919296631693	False	full_mhn
metastatic::NF1+RB1+TP53	2	0.0001824151769427	0.00039545845959995977	0.6739138515093556	False	full_mhn
metastatic::ESR1+GATA3+PIK3CA+TP53	2	0.0001824151769427	0.00039119891077052415	0.6812517271295745	False	full_mhn
primary::BRCA2+PTEN	6	0.0005472455308281	0.000390258707780401	2.0486789529520193	True	full_mhn
metastatic::ATM+MAP3K1+PIK3CA+TP53	3	0.000273622765414	0.0003890847208091976	1.0274302202960375	False	full_mhn
metastatic::AKT1+RUNX1+TP53	2	0.0001824151769427	0.0003886838294603948	0.6856599462324052	False	full_mhn
metastatic::ESR1+GATA3+PTEN	2	0.0001824151769427	0.00038716946919258017	0.6883418110480628	False	full_mhn
metastatic::BRCA2+MAP3K1+PIK3CA+TP53	4	0.0003648303538854	0.00038660766707184657	1.378684161253381	False	full_mhn
primary::GATA3+MAP3K1+PIK3CA+RUNX1	1	9.120758847136082e-05	0.00038499578353584017	0.3461140939714648	False	full_mhn
primary::BRCA2+GATA3+TP53	4	0.0003648303538854	0.00038233087573206456	1.394106259859545	False	full_mhn
primary::GATA3+PIK3CA+RB1	1	9.120758847136082e-05	0.00037855341274882227	0.35200439966411523	False	full_mhn
metastatic::BRCA1+NF1+TP53	2	0.0001824151769427	0.0003752320503772641	0.7102403254644456	False	full_mhn
primary::ATM+BRCA2+PIK3CA+TP53	2	0.0001824151769427	0.00037342284018534175	0.7136813951951179	False	full_mhn
primary::BRCA2+PIK3CA+RB1+TP53	1	9.120758847136082e-05	0.0003731912310298112	0.3570621593189284	False	full_mhn
primary::ATM+BRCA2+PIK3CA	1	9.120758847136082e-05	0.0003719934491615087	0.3582118639174998	False	full_mhn
metastatic::BRCA2+ESR1	10	0.0009120758847136	0.00037197267280563183	3.5823187166991546	True	full_mhn
primary::BRCA2+PIK3CA+PTEN	1	9.120758847136082e-05	0.0003685171679609467	0.36159093353280625	False	full_mhn
metastatic::AKT1+ATM+TP53	1	9.120758847136082e-05	0.0003675114439038129	0.3625804556435819	False	full_mhn
primary::PIK3CA+RB1+RUNX1+TP53	1	9.120758847136082e-05	0.0003650476421354879	0.36502760571994375	False	full_mhn
metastatic::ATM+BRCA2+TP53	1	9.120758847136082e-05	0.0003606474503655695	0.3694812389298837	False	full_mhn
primary::GATA3+NF1+PIK3CA+TP53	3	0.000273622765414	0.0003603260557078762	1.1094323987963433	False	full_mhn
primary::AKT1+CBFB+PIK3CA	1	9.120758847136082e-05	0.000360195744000462	0.3699445898431829	False	full_mhn
metastatic::BRCA1+GATA3	2	0.0001824151769427	0.0003601047197974083	0.7400762025688992	False	full_mhn
primary::GATA3+MAP2K4+PIK3CA+TP53	1	9.120758847136082e-05	0.000358994154339132	0.37118283171372424	False	full_mhn
metastatic::ATM+GATA3+TP53	1	9.120758847136082e-05	0.0003588033054106995	0.37138026536168517	False	full_mhn
primary::BRCA1+NF1+PIK3CA+TP53	1	9.120758847136082e-05	0.0003581858977782107	0.37202041621958365	False	full_mhn
primary::CBFB+MAP3K1+PIK3CA+TP53	3	0.000273622765414	0.0003565316299817661	1.1212396508591715	False	full_mhn
metastatic::GATA3+RB1	1	9.120758847136082e-05	0.0003545703115206381	0.37581394279787467	False	full_mhn
primary::CBFB+GATA3+MAP3K1	1	9.120758847136082e-05	0.00035079271513294597	0.3798609863294728	False	full_mhn
primary::AKT1+ATM+GATA3	1	9.120758847136082e-05	0.00035065911348154054	0.3800057139380882	False	full_mhn
primary::AKT1+ATM	3	0.000273622765414	0.0003503390823714785	1.1410585356198117	False	full_mhn
primary::NF1+PIK3CA+PTEN	1	9.120758847136082e-05	0.00034885983448289525	0.3819656308758107	False	full_mhn
metastatic::CBFB+GATA3+PIK3CA+TP53	2	0.0001824151769427	0.0003457382862031021	0.7708285259662976	False	full_mhn
primary::BRCA2+MAP3K1	2	0.0001824151769427	0.0003449115859890269	0.7726760838085682	False	full_mhn
metastatic::GATA3+NF1	2	0.0001824151769427	0.00034469278359684384	0.7731665593365595	False	full_mhn
primary::ESR1+MAP3K1+PIK3CA+TP53	1	9.120758847136082e-05	0.0003446576312006417	0.386622708154285	False	full_mhn
primary::MAP2K4+PTEN	4	0.0003648303538854	0.0003431258329799003	1.5533947485311819	False	full_mhn
unknown::GATA3+PIK3CA	1	9.120758847136082e-05	0.0003422194533755527	0.3893772415440296	False	full_mhn
primary::AKT1+CBFB	6	0.0005472455308281	0.00033364879370832387	2.3962766105106885	True	full_mhn
metastatic::ATM+BRCA1+TP53	2	0.0001824151769427	0.00033062378550914763	0.8060670319844214	False	full_mhn
primary::GATA3+MAP3K1+TP53	3	0.000273622765414	0.0003304633290002368	1.2096876268902814	False	full_mhn
primary::AKT1+PTEN	1	9.120758847136082e-05	0.0003279063570320076	0.4063735389188414	False	full_mhn
metastatic::BRCA2+NF1+PIK3CA+TP53	3	0.000273622765414	0.00032621625927988716	1.225436773443673	False	full_mhn
metastatic::PTEN+RUNX1+TP53	1	9.120758847136082e-05	0.00032246520668914217	0.4132305252475844	False	full_mhn
metastatic::ESR1+RB1+TP53	2	0.0001824151769427	0.0003187990506408842	0.8359652669076567	False	full_mhn
primary::ESR1+GATA3+TP53	2	0.0001824151769427	0.00031856407912092283	0.8365818713576175	False	full_mhn
primary::BRCA2+RUNX1+TP53	2	0.0001824151769427	0.0003140049888058805	0.8487283417363347	False	full_mhn
primary::NF1+RUNX1+TP53	1	9.120758847136082e-05	0.0003129088690061991	0.42585071859680973	False	full_mhn
primary::BRCA2+PIK3CA+RUNX1+TP53	1	9.120758847136082e-05	0.0003112695564256398	0.42809347707987383	False	full_mhn
primary::MAP2K4+NF1+TP53	1	9.120758847136082e-05	0.00031003705231647346	0.429795296149447	False	full_mhn
primary::BRCA1+GATA3+PIK3CA	1	9.120758847136082e-05	0.0003064327697174377	0.43485057696498125	False	full_mhn
primary::BRCA1+MAP2K4+TP53	1	9.120758847136082e-05	0.00030638748323941786	0.4349148512976765	False	full_mhn
metastatic::ATM+NF1+PIK3CA+TP53	1	9.120758847136082e-05	0.000300824555640721	0.44295741223879176	False	full_mhn
metastatic::ATM+RB1+TP53	3	0.000273622765414	0.0002972931785158363	1.344657156592965	False	full_mhn
unknown::MAP3K1+PIK3CA	1	9.120758847136082e-05	0.0002968393149975878	0.44890437339687994	False	full_mhn
metastatic::GATA3+NF1+PIK3CA	1	9.120758847136082e-05	0.0002938387132276916	0.453488463893155	False	full_mhn
metastatic::ESR1+PIK3CA+RB1	2	0.0001824151769427	0.00029382755743905843	0.9070113630956584	False	full_mhn
primary::CBFB+PIK3CA+RB1	1	9.120758847136082e-05	0.0002931181696935348	0.4546032299265939	False	full_mhn
primary::CBFB+GATA3+MAP2K4	1	9.120758847136082e-05	0.0002876622275395235	0.4632254565501543	False	full_mhn
primary::GATA3+MAP2K4+TP53	3	0.000273622765414	0.0002876598991971711	1.389687617802273	False	full_mhn
metastatic::PIK3CA+RB1+RUNX1+TP53	1	9.120758847136082e-05	0.0002869476846485461	0.4643789576008757	False	full_mhn
primary::ATM+PIK3CA+RUNX1+TP53	1	9.120758847136082e-05	0.0002858026271370798	0.4662394744793726	False	full_mhn
metastatic::BRCA2+GATA3+TP53	1	9.120758847136082e-05	0.00028427894370656857	0.4687384332490688	False	full_mhn
metastatic::ESR1+MAP2K4	7	0.0006384531192995	0.0002833186810984908	3.292290021693279	True	full_mhn
primary::GATA3+PIK3CA+RUNX1+TP53	2	0.0001824151769427	0.000281059683356598	0.9482147356173224	False	full_mhn
primary::AKT1+RUNX1	3	0.000273622765414	0.00028104202692923966	1.422411460619323	False	full_mhn
metastatic::BRCA2+PIK3CA+RB1+TP53	2	0.0001824151769427	0.000279210766081835	0.9544937578168989	False	full_mhn
metastatic::AKT1+PTEN+TP53	1	9.120758847136082e-05	0.0002786077649374389	0.4782798020690397	False	full_mhn
metastatic::MAP2K4+PTEN+TP53	1	9.120758847136082e-05	0.00027843160607914205	0.4785824014210413	False	full_mhn
primary::ATM+MAP2K4+PIK3CA+TP53	1	9.120758847136082e-05	0.0002775194889444942	0.48015534755453393	False	full_mhn
primary::MAP2K4+MAP3K1+PIK3CA+TP53	3	0.000273622765414	0.0002762484226901483	1.447093873341449	False	full_mhn
primary::ATM+PIK3CA+PTEN	2	0.0001824151769427	0.0002750433917622993	0.9689559586155961	False	full_mhn
primary::ATM+GATA3+PIK3CA+TP53	1	9.120758847136082e-05	0.00027192636214437327	0.49003143941842875	False	full_mhn
metastatic::ESR1+NF1+PIK3CA+TP53	2	0.0001824151769427	0.0002718420411079684	0.9803668786045648	False	full_mhn
primary::BRCA2+ESR1	1	9.120758847136082e-05	0.0002708894815928771	0.4919071271132452	False	full_mhn
primary::CBFB+GATA3+NF1+PIK3CA	2	0.0001824151769427	0.0002693933401206144	0.9892781060819111	False	full_mhn
primary::MAP3K1+RUNX1+TP53	6	0.0005472455308281	0.0002655409083719851	3.010891258810266	True	full_mhn
metastatic::BRCA1+GATA3+TP53	1	9.120758847136082e-05	0.0002622332221619332	0.5081448702065111	False	full_mhn
primary::NF1+PTEN	2	0.0001824151769427	0.00025740199457818244	1.0353646781030192	False	full_mhn
primary::BRCA2+GATA3+PIK3CA+TP53	1	9.120758847136082e-05	0.00025403478954777117	0.5245441652307758	False	full_mhn
metastatic::GATA3+NF1+TP53	2	0.0001824151769427	0.0002522042080222611	1.0567029603830134	False	full_mhn
metastatic::BRCA2+PTEN	1	9.120758847136082e-05	0.000251552728230441	0.5297198227787321	False	full_mhn
metastatic::AKT1+MAP2K4+TP53	3	0.000273622765414	0.0002507033835454008	1.5945432973197566	False	full_mhn
metastatic::MAP3K1+RB1+TP53	2	0.0001824151769427	0.0002503713667240354	1.0644385447006344	False	full_mhn
metastatic::AKT1+MAP2K4	2	0.0001824151769427	0.0002476825765904933	1.075993866373219	False	full_mhn
metastatic::ATM+ESR1	8	0.0007296607077708	0.00024680476837809676	4.319283374732566	True	full_mhn
metastatic::MAP3K1+PTEN	1	9.120758847136082e-05	0.00024580571721349084	0.5421048302534655	False	full_mhn
metastatic::RB1+RUNX1+TP53	1	9.120758847136082e-05	0.00024317092622582351	0.547978611866332	False	full_mhn
metastatic::ESR1+PIK3CA+RB1+TP53	1	9.120758847136082e-05	0.00024285710009108963	0.5486867237926716	False	full_mhn
primary::ATM+NF1+PIK3CA	1	9.120758847136082e-05	0.00024172912014852317	0.5512470591641404	False	full_mhn
primary::CBFB+MAP3K1+NF1+PIK3CA	1	9.120758847136082e-05	0.00024013350496792388	0.5549099306668807	False	full_mhn
metastatic::GATA3+MAP3K1+PIK3CA+TP53	1	9.120758847136082e-05	0.00023726816331106487	0.561611236527957	False	full_mhn
metastatic::ESR1+NF1+PIK3CA	1	9.120758847136082e-05	0.00023633837612736764	0.5638206911933016	False	full_mhn
unknown::GATA3+TP53	2	0.0001824151769427	0.000235548618500559	1.1314221873172436	False	full_mhn
primary::BRCA2+NF1+PIK3CA	2	0.0001824151769427	0.0002354755688675074	1.1317731790386203	False	full_mhn
unknown::MAP3K1+PIK3CA+TP53	1	9.120758847136082e-05	0.0002353479567188862	0.5661934288234631	False	full_mhn
primary::ATM+PTEN	2	0.0001824151769427	0.00023518337512554152	1.133179303254064	False	full_mhn
primary::ESR1+MAP2K4	1	9.120758847136082e-05	0.00023458297981039644	0.5680397899588375	False	full_mhn
metastatic::BRCA1+ESR1+TP53	1	9.120758847136082e-05	0.00023251887066553262	0.5730823747464807	False	full_mhn
primary::AKT1+CBFB+TP53	1	9.120758847136082e-05	0.00023200199620319336	0.5743591380842711	False	full_mhn
primary::AKT1+RB1	2	0.0001824151769427	0.00023075393261640082	1.1549312729719716	False	full_mhn
metastatic::AKT1+NF1	4	0.0003648303538854	0.00023069174441848504	2.3104852218394543	False	full_mhn
primary::NF1+PTEN+RB1+TP53	1	9.120758847136082e-05	0.0002288820571535205	0.5821883472319956	False	full_mhn
primary::AKT1+BRCA1	1	9.120758847136082e-05	0.0002272047568324709	0.5864862532751586	False	full_mhn
metastatic::ATM+PIK3CA+RB1+TP53	2	0.0001824151769427	0.00022622405518132806	1.1780574479721324	False	full_mhn
primary::AKT1+CBFB+ESR1+GATA3	1	9.120758847136082e-05	0.00022443164786752805	0.5937329597667776	False	full_mhn
metastatic::AKT1+ESR1+PIK3CA	2	0.0001824151769427	0.00021988085067839276	1.2120424869223323	False	full_mhn
metastatic::GATA3+PIK3CA+RUNX1	1	9.120758847136082e-05	0.00021652178170608003	0.6154229171867697	False	full_mhn
primary::MAP3K1+NF1	1	9.120758847136082e-05	0.00021319985821394903	0.6250119847111855	False	full_mhn
primary::ATM+BRCA2	5	0.0004560379423568	0.00021230832301535364	3.1381828236234846	True	full_mhn
unknown::BRCA2+PIK3CA+TP53	1	9.120758847136082e-05	0.00021129511106779907	0.6306462361736905	False	full_mhn
primary::BRCA2+PIK3CA+PTEN+TP53	1	9.120758847136082e-05	0.00020908273196975505	0.6373193293141587	False	full_mhn
metastatic::CBFB+GATA3+TP53	1	9.120758847136082e-05	0.00020894898553233454	0.6377272718996174	False	full_mhn
metastatic::AKT1+ATM	2	0.0001824151769427	0.0002078189177419455	1.2823901495984886	False	full_mhn
unknown::ESR1+PIK3CA	1	9.120758847136082e-05	0.00020758351447010276	0.6419222010268311	False	full_mhn
metastatic::AKT1+GATA3+MAP3K1	1	9.120758847136082e-05	0.00020417253527060797	0.6526463822286279	False	full_mhn
primary::CBFB+GATA3+PIK3CA+RB1	1	9.120758847136082e-05	0.00020299475913296115	0.6564330382723944	False	full_mhn
metastatic::GATA3+PIK3CA+RB1	3	0.000273622765414	0.00020290745132117732	1.9701464725380318	False	full_mhn
primary::GATA3+MAP3K1+PIK3CA+PTEN	3	0.000273622765414	0.0002019408341528108	1.9795768455634326	False	full_mhn
unknown::BRCA2+TP53	4	0.0003648303538854	0.0002008262167016666	2.6540850825640776	False	full_mhn
metastatic::BRCA2+MAP3K1	1	9.120758847136082e-05	0.00020012958290253254	0.6658309308850233	False	full_mhn
primary::AKT1+GATA3+RUNX1	2	0.0001824151769427	0.00019954198006099944	1.3355832836670583	False	full_mhn
primary::ESR1+GATA3+PIK3CA+TP53	1	9.120758847136082e-05	0.00019880861989447738	0.6702549745978202	False	full_mhn
primary::PTEN+RB1	1	9.120758847136082e-05	0.00019763569147999532	0.6742328041830977	False	full_mhn
metastatic::MAP2K4+PIK3CA+PTEN	2	0.0001824151769427	0.00019734935890980691	1.350422086074555	False	full_mhn
unknown::PTEN+TP53	1	9.120758847136082e-05	0.00019665266086171546	0.6776031704119909	False	full_mhn
metastatic::BRCA2+NF1+PIK3CA	1	9.120758847136082e-05	0.00019448167867215193	0.6851671960674464	False	full_mhn
metastatic::ESR1+RB1	1	9.120758847136082e-05	0.0001938124008082808	0.687533232673464	False	full_mhn
metastatic::AKT1+ESR1+MAP3K1+PIK3CA	2	0.0001824151769427	0.00019264875109746882	1.383372232590658	False	full_mhn
metastatic::BRCA1+BRCA2+PIK3CA+TP53	1	9.120758847136082e-05	0.00018810542073634175	0.7083924850089071	False	full_mhn
unknown::PIK3CA+RUNX1+TP53	1	9.120758847136082e-05	0.0001880504043788338	0.708599733560872	False	full_mhn
primary::AKT1+MAP3K1+PIK3CA+TP53	1	9.120758847136082e-05	0.000183184228378974	0.7274232481649996	False	full_mhn
metastatic::MAP2K4+PTEN	1	9.120758847136082e-05	0.0001818521605195989	0.7327516265628468	False	full_mhn
primary::BRCA2+NF1	1	9.120758847136082e-05	0.0001814194466677882	0.7344993541787481	False	full_mhn
primary::GATA3+PIK3CA+RB1+TP53	1	9.120758847136082e-05	0.0001809665660395578	0.7363374866824307	False	full_mhn
metastatic::AKT1+ATM+GATA3	1	9.120758847136082e-05	0.0001797959740224429	0.7411315360692723	False	full_mhn
metastatic::AKT1+CBFB	2	0.0001824151769427	0.00017854994831351963	1.4926071685795774	False	full_mhn
metastatic::BRCA1+ESR1	2	0.0001824151769427	0.00017757979752040207	1.5007615534841425	False	full_mhn
metastatic::BRCA1+ESR1+PIK3CA	1	9.120758847136082e-05	0.000176260970716969	0.7559953054237426	False	full_mhn
metastatic::AKT1+ESR1+MAP3K1	2	0.0001824151769427	0.00017546251356192303	1.5188710532290162	False	full_mhn
metastatic::GATA3+PIK3CA+PTEN+TP53	1	9.120758847136082e-05	0.0001744718013920835	0.7637478682543938	False	full_mhn
metastatic::MAP3K1+RUNX1+TP53	1	9.120758847136082e-05	0.00017129061221459648	0.7779321040815829	False	full_mhn
primary::ESR1+PIK3CA+PTEN	2	0.0001824151769427	0.00017097961545946077	1.5586941871405349	False	full_mhn
primary::ATM+MAP2K4+TP53	1	9.120758847136082e-05	0.00016706407796773456	0.7976129157794054	False	full_mhn
metastatic::ATM+PIK3CA+RUNX1+TP53	2	0.0001824151769427	0.0001669218848934443	1.5965847310460224	False	full_mhn
metastatic::BRCA1+PIK3CA+RB1+TP53	1	9.120758847136082e-05	0.00016549053298330792	0.8051969133225229	False	full_mhn
primary::AKT1+GATA3+MAP3K1+PIK3CA	1	9.120758847136082e-05	0.00016518457057418986	0.8066883358268572	False	full_mhn
metastatic::ATM+MAP3K1+TP53	1	9.120758847136082e-05	0.00016474588115507162	0.8088364055256205	False	full_mhn
primary::MAP3K1+RUNX1	3	0.000273622765414	0.00016288448554763226	2.4542386443005144	False	full_mhn
primary::BRCA1+MAP2K4+PIK3CA+TP53	1	9.120758847136082e-05	0.0001623166122692585	0.8209416427781799	False	full_mhn
primary::ATM+ESR1	1	9.120758847136082e-05	0.00016219173873920678	0.8215736964269357	False	full_mhn
metastatic::MAP2K4+RB1+TP53	2	0.0001824151769427	0.00016022502426035263	1.663316537861865	False	full_mhn
metastatic::ATM+ESR1+GATA3+PIK3CA	1	9.120758847136082e-05	0.00015972980184404722	0.8342367221072522	False	full_mhn
metastatic::ATM+BRCA2	1	9.120758847136082e-05	0.00015613912845072365	0.8534213532265729	False	full_mhn
metastatic::BRCA2+NF1+PIK3CA+PTEN+TP53	1	9.120758847136082e-05	0.00015603015719155207	0.8540173815876467	False	full_mhn
primary::ATM+BRCA1+BRCA2+TP53	1	9.120758847136082e-05	0.00015437456787081657	0.8631762868854629	False	full_mhn
metastatic::ATM+BRCA2+PIK3CA	2	0.0001824151769427	0.00015433602740505542	1.7267836748749068	False	full_mhn
primary::CBFB+GATA3+RUNX1	1	9.120758847136082e-05	0.0001518746751896173	0.8773843703942344	False	full_mhn
primary::BRCA1+MAP3K1	4	0.0003648303538854	0.00015064315887809522	3.5382281480359694	False	full_mhn
metastatic::ATM+PTEN	1	9.120758847136082e-05	0.00015036097960347417	0.8862170665065264	False	full_mhn
metastatic::MAP2K4+PIK3CA+RUNX1	2	0.0001824151769427	0.00015015340624655428	1.7748843611472254	False	full_mhn
primary::PIK3CA+RB1+RUNX1	1	9.120758847136082e-05	0.0001486632859328043	0.8963374206012653	False	full_mhn
unknown::ATM+PIK3CA+TP53	1	9.120758847136082e-05	0.00014721690416980113	0.905143787622496	False	full_mhn
metastatic::ESR1+NF1+TP53	2	0.0001824151769427	0.0001464795473028147	1.819400301152885	False	full_mhn
metastatic::BRCA1+PIK3CA+PTEN+TP53	1	9.120758847136082e-05	0.00014566320603966366	0.9147983890755018	False	full_mhn
unknown::ESR1+TP53	1	9.120758847136082e-05	0.00014554895382032753	0.9155164824917412	False	full_mhn
metastatic::ESR1+GATA3+PIK3CA+RB1	1	9.120758847136082e-05	0.00014549385050196525	0.9158632187673973	False	full_mhn
metastatic::GATA3+MAP2K4+TP53	1	9.120758847136082e-05	0.00014492854185717437	0.9194356371800039	False	full_mhn
primary::MAP3K1+NF1+PIK3CA+RUNX1	1	9.120758847136082e-05	0.00014490511044213124	0.9195843115628866	False	full_mhn
primary::BRCA1+PTEN	3	0.000273622765414	0.00014410985984868313	2.77397673613741	False	full_mhn
metastatic::ATM+GATA3+PIK3CA+TP53	1	9.120758847136082e-05	0.00014367030652473163	0.9274878674879798	False	full_mhn
metastatic::BRCA2+PIK3CA+PTEN+TP53	3	0.000273622765414	0.00014349723751013685	2.7858194735504047	False	full_mhn
metastatic::GATA3+PIK3CA+RUNX1+TP53	1	9.120758847136082e-05	0.00014329788320270866	0.9298983574590477	False	full_mhn
primary::NF1+PIK3CA+RB1	1	9.120758847136082e-05	0.0001419696420875166	0.9385983105227128	False	full_mhn
primary::BRCA1+CBFB+GATA3+PIK3CA	2	0.0001824151769427	0.00014108490656212206	1.8889684155446111	False	full_mhn
primary::PTEN+RUNX1	2	0.0001824151769427	0.00014042097913625904	1.8978996873278737	False	full_mhn
primary::CBFB+MAP2K4+PIK3CA+TP53	2	0.0001824151769427	0.00013883159527696548	1.919627386284669	False	full_mhn
metastatic::AKT1+RUNX1	2	0.0001824151769427	0.0001371163108844788	1.9436413555187466	False	full_mhn
primary::AKT1+CBFB+MAP3K1	2	0.0001824151769427	0.00013682652201904284	1.9477578499732013	False	full_mhn
unknown::GATA3+PIK3CA+TP53	1	9.120758847136082e-05	0.00013580314397265277	0.9812178294861228	False	full_mhn
metastatic::ESR1+GATA3+RB1	2	0.0001824151769427	0.00013356090475284953	1.9953813040774002	False	full_mhn
metastatic::BRCA1+ESR1+MAP3K1+PIK3CA	1	9.120758847136082e-05	0.0001326207678731321	1.004763192671035	False	full_mhn
metastatic::ATM+MAP3K1+PIK3CA+RUNX1+TP53	1	9.120758847136082e-05	0.0001316298501621039	1.012327112513053	False	full_mhn
metastatic::ATM+NF1+PIK3CA	1	9.120758847136082e-05	0.00013159428729629175	1.0126006901411282	False	full_mhn
primary::ESR1+MAP3K1+TP53	2	0.0001824151769427	0.00013074197412650686	2.038403764644121	False	full_mhn
primary::BRCA2+MAP3K1+PIK3CA+PTEN	1	9.120758847136082e-05	0.000130522015376505	1.0209194651350952	False	full_mhn
primary::ATM+GATA3+MAP3K1	1	9.120758847136082e-05	0.00012963263802528275	1.0279237401119858	False	full_mhn
primary::BRCA1+PIK3CA+RUNX1	1	9.120758847136082e-05	0.00012836658831808453	1.0380619120234174	False	full_mhn
primary::AKT1+GATA3+PTEN	2	0.0001824151769427	0.00012763426434906472	2.088035948387527	False	full_mhn
metastatic::ESR1+GATA3+PIK3CA+PTEN	1	9.120758847136082e-05	0.0001269720434529975	1.0494630351233178	False	full_mhn
metastatic::ESR1+MAP2K4+TP53	2	0.0001824151769427	0.00012682223879481643	2.10140535860314	False	full_mhn
primary::ATM+MAP3K1+PIK3CA+RUNX1	1	9.120758847136082e-05	0.00012593498162458082	1.0581052569379281	False	full_mhn
primary::BRCA1+BRCA2	2	0.0001824151769427	0.00012531120684118718	2.126744597599234	False	full_mhn
metastatic::AKT1+BRCA1	1	9.120758847136082e-05	0.00012463927247374095	1.0691049733656326	False	full_mhn
primary::CBFB+PIK3CA+PTEN+TP53	1	9.120758847136082e-05	0.00012343432006502124	1.079541459763549	False	full_mhn
primary::BRCA2+MAP2K4	1	9.120758847136082e-05	0.00012298239731605456	1.0835084448833714	False	full_mhn
metastatic::ATM+MAP3K1	1	9.120758847136082e-05	0.00012180043387981972	1.094022917725504	False	full_mhn
primary::MAP2K4+NF1	2	0.0001824151769427	0.00011928019605906152	2.234276442072944	False	full_mhn
primary::ATM+MAP2K4	2	0.0001824151769427	0.00011832089547609417	2.2523911010826803	False	full_mhn
metastatic::AKT1+CBFB+TP53	2	0.0001824151769427	0.00011830677088185431	2.252660013080415	False	full_mhn
primary::BRCA1+PIK3CA+PTEN+TP53	1	9.120758847136082e-05	0.00011728001041377419	1.1361907757437812	False	full_mhn
primary::BRCA2+GATA3+PTEN	1	9.120758847136082e-05	0.00011687537126361525	1.1401244296950894	False	full_mhn
primary::ATM+BRCA1+PIK3CA	1	9.120758847136082e-05	0.00011676820788974351	1.1411707725454374	False	full_mhn
metastatic::PTEN+RB1	1	9.120758847136082e-05	0.00011673354122456113	1.141509669012844	False	full_mhn
metastatic::BRCA2+NF1	2	0.0001824151769427	0.00011643275734818377	2.288917123288584	False	full_mhn
primary::BRCA1+BRCA2+PIK3CA	1	9.120758847136082e-05	0.0001151796486826224	1.1569098144909526	False	full_mhn
metastatic::ATM+MAP3K1+NF1+PIK3CA+TP53	1	9.120758847136082e-05	0.0001142863140004728	1.1659529589951723	False	full_mhn
primary::BRCA2+ESR1+GATA3	1	9.120758847136082e-05	0.00011385048252062907	1.1704163480633	False	full_mhn
primary::ESR1+NF1+PIK3CA+TP53	2	0.0001824151769427	0.00011309705808926683	2.356426740367571	False	full_mhn
unknown::ATM+TP53	2	0.0001824151769427	0.00011296798725894868	2.3591190602065857	False	full_mhn
primary::ATM+NF1	1	9.120758847136082e-05	0.00011032805807603831	1.2077840239681708	False	full_mhn
metastatic::BRCA1+MAP2K4+TP53	2	0.0001824151769427	0.00010994201213538204	2.424049975933284	False	full_mhn
metastatic::BRCA1+GATA3+PIK3CA	3	0.000273622765414	0.00010948522550936388	3.6512451422663545	False	full_mhn
primary::BRCA2+RB1	1	9.120758847136082e-05	0.00010687352637394094	1.2468238900847457	False	full_mhn
metastatic::ATM+ESR1+PIK3CA+TP53	2	0.0001824151769427	0.00010649851091451338	2.5024287147674307	False	full_mhn
metastatic::CBFB+GATA3+MAP3K1	1	9.120758847136082e-05	0.00010440244779787103	1.2763346902469674	False	full_mhn
metastatic::BRCA2+ESR1+PIK3CA+TP53	2	0.0001824151769427	0.00010252163547740009	2.599499417409593	False	full_mhn
metastatic::CBFB+GATA3+MAP2K4	1	9.120758847136082e-05	0.00010121271040750826	1.3165586149643507	False	full_mhn
metastatic::BRCA2+PIK3CA+PTEN	2	0.0001824151769427	0.00010107256045800554	2.6367683815513994	False	full_mhn
primary::CBFB+PIK3CA+RB1+TP53	1	9.120758847136082e-05	9.997608290732457e-05	1.3328434355458196	False	full_mhn
metastatic::AKT1+NF1+PIK3CA	1	9.120758847136082e-05	9.958927906590527e-05	1.3380201871052089	False	full_mhn
metastatic::ATM+BRCA2+GATA3	1	9.120758847136082e-05	9.667843895027786e-05	1.3783059306292895	False	full_mhn
metastatic::AKT1+PIK3CA+RUNX1+TP53	1	9.120758847136082e-05	9.665769000278498e-05	1.3786018035917724	False	full_mhn
metastatic::AKT1+ESR1+GATA3+MAP3K1	1	9.120758847136082e-05	9.632876627277267e-05	1.3833091704591909	False	full_mhn
primary::ESR1+GATA3+RUNX1	1	9.120758847136082e-05	9.433053569424157e-05	1.4126122019147809	False	full_mhn
metastatic::BRCA2+CBFB+GATA3	1	9.120758847136082e-05	9.415191194289556e-05	1.4152921909114589	False	full_mhn
metastatic::AKT1+MAP2K4+NF1+TP53	2	0.0001824151769427	9.33178899943256e-05	2.855882526439491	False	full_mhn
primary::CBFB+MAP3K1	1	9.120758847136082e-05	9.236246142911689e-05	1.4427123708370113	False	full_mhn
metastatic::NF1+PIK3CA+PTEN	2	0.0001824151769427	9.18722541530032e-05	2.900820643305694	False	full_mhn
metastatic::AKT1+ESR1+MAP2K4	1	9.120758847136082e-05	9.159578244290915e-05	1.4547882242910308	False	full_mhn
metastatic::BRCA2+PIK3CA+RUNX1	1	9.120758847136082e-05	9.145104005744982e-05	1.457090762517903	False	full_mhn
metastatic::AKT1+GATA3+RB1+TP53	1	9.120758847136082e-05	9.119003218997622e-05	1.461261307689742	False	full_mhn
metastatic::BRCA2+MAP3K1+PIK3CA+RB1+TP53	1	9.120758847136082e-05	9.034110627085623e-05	1.4749926270877405	False	full_mhn
primary::BRCA2+RUNX1	1	9.120758847136082e-05	8.990955268504859e-05	1.4820723903739574	False	full_mhn
metastatic::ESR1+GATA3+PIK3CA+RUNX1	1	9.120758847136082e-05	8.970220273809491e-05	1.485498255277152	False	full_mhn
metastatic::NF1+PIK3CA+RB1	1	9.120758847136082e-05	8.794993116299382e-05	1.5150945983733628	False	full_mhn
primary::MAP2K4+RB1	1	9.120758847136082e-05	8.470913149494962e-05	1.5730590459700453	False	full_mhn
primary::CBFB+PTEN	2	0.0001824151769427	8.411887389789388e-05	3.168194232487912	False	full_mhn
primary::BRCA1+GATA3+MAP3K1	1	9.120758847136082e-05	8.408913569571325e-05	1.5846573336773075	False	full_mhn
primary::ATM+BRCA1	1	9.120758847136082e-05	8.402988802276234e-05	1.585774641584492	False	full_mhn
unknown::RUNX1+TP53	2	0.0001824151769427	8.379293131115245e-05	3.180518057361373	False	full_mhn
metastatic::AKT1+ATM+ESR1	1	9.120758847136082e-05	8.35121291002819e-05	1.59560613515001	False	full_mhn
unknown::MAP2K4+TP53	1	9.120758847136082e-05	8.174237047049501e-05	1.6301517163048447	False	full_mhn
primary::ESR1+GATA3+NF1	1	9.120758847136082e-05	8.166156672993742e-05	1.6317647438282619	False	full_mhn
primary::ATM+GATA3+NF1	1	9.120758847136082e-05	8.141012409508026e-05	1.6368045988361744	False	full_mhn
metastatic::ATM+MAP2K4+TP53	1	9.120758847136082e-05	7.857004167623783e-05	1.6959704056232559	False	full_mhn
primary::BRCA2+GATA3+MAP3K1	1	9.120758847136082e-05	7.850699754391341e-05	1.6973323349372471	False	full_mhn
metastatic::BRCA2+RB1	1	9.120758847136082e-05	7.772374366829092e-05	1.7144370451546045	False	full_mhn
primary::AKT1+PIK3CA+RB1+TP53	1	9.120758847136082e-05	7.680128568850096e-05	1.7350290977274316	False	full_mhn
metastatic::AKT1+MAP3K1+NF1	2	0.0001824151769427	7.672327936487332e-05	3.473586283426108	False	full_mhn
metastatic::BRCA1+GATA3+PIK3CA+TP53	1	9.120758847136082e-05	7.588519172864161e-05	1.7559745499224604	False	full_mhn
metastatic::ATM+PIK3CA+RUNX1	1	9.120758847136082e-05	7.555949565134611e-05	1.7635436054096807	False	full_mhn
metastatic::ATM+GATA3+PTEN	1	9.120758847136082e-05	7.471115586239012e-05	1.7835685156487708	False	full_mhn
metastatic::AKT1+GATA3+RUNX1	1	9.120758847136082e-05	7.387912938277244e-05	1.803655057349297	False	full_mhn
primary::MAP2K4+RUNX1	1	9.120758847136082e-05	7.31231754311286e-05	1.8223014049856008	False	full_mhn
metastatic::ESR1+GATA3+RB1+TP53	1	9.120758847136082e-05	7.301324499801348e-05	1.8250451041593343	False	full_mhn
metastatic::CBFB+PIK3CA+PTEN+TP53	1	9.120758847136082e-05	7.284570423496194e-05	1.8292425986906604	False	full_mhn
primary::BRCA1+NF1	2	0.0001824151769427	7.215205983596257e-05	3.6936565803820565	False	full_mhn
metastatic::ATM+GATA3+MAP3K1	1	9.120758847136082e-05	7.074422450995164e-05	1.8835808320314553	False	full_mhn
metastatic::ATM+NF1	1	9.120758847136082e-05	7.050858087585082e-05	1.8898758647859655	False	full_mhn
primary::ATM+GATA3+RUNX1	1	9.120758847136082e-05	7.048575445944328e-05	1.8904878904806175	False	full_mhn
metastatic::ATM+PIK3CA+RB1	1	9.120758847136082e-05	6.968281085602978e-05	1.9122716721415574	False	full_mhn
unknown::CBFB+GATA3	1	9.120758847136082e-05	6.444078319033568e-05	2.0678281436469512	False	full_mhn
primary::BRCA1+CBFB+GATA3+MAP3K1+PIK3CA	1	9.120758847136082e-05	6.38979619875154e-05	2.085394602852847	False	full_mhn
primary::AKT1+PIK3CA+PTEN	1	9.120758847136082e-05	6.039044417430194e-05	2.2065157288186175	False	full_mhn
primary::BRCA2+MAP3K1+PTEN	1	9.120758847136082e-05	6.03089028224978e-05	2.2094990739617244	False	full_mhn
metastatic::AKT1+CBFB+NF1+TP53	1	9.120758847136082e-05	5.9824329558870226e-05	2.2273958756016214	False	full_mhn
metastatic::CBFB+ESR1	1	9.120758847136082e-05	5.859288359262723e-05	2.2742090285178214	False	full_mhn
metastatic::MAP2K4+NF1	1	9.120758847136082e-05	5.815478912003879e-05	2.291341209768031	False	full_mhn
primary::NF1+RB1	2	0.0001824151769427	5.682434792522556e-05	4.689977788316942	False	full_mhn
metastatic::BRCA2+ESR1+GATA3+PIK3CA	1	9.120758847136082e-05	5.6096237889699706e-05	2.375426049676268	False	full_mhn
primary::ATM+BRCA1+RUNX1+TP53	1	9.120758847136082e-05	5.6052029292207804e-05	2.3772995635089416	False	full_mhn
metastatic::ATM+BRCA1	1	9.120758847136082e-05	5.5858663685497543e-05	2.3855290472429003	False	full_mhn
unknown::BRCA2+PIK3CA	2	0.0001824151769427	5.4622586175493676e-05	4.879024375733827	False	full_mhn
metastatic::BRCA1+PTEN+RB1+TP53	1	9.120758847136082e-05	5.3947737212054766e-05	2.4700288012756757	False	full_mhn
metastatic::PTEN+RUNX1	1	9.120758847136082e-05	5.371062393758397e-05	2.480933098475499	False	full_mhn
primary::AKT1+MAP2K4+NF1+TP53	1	9.120758847136082e-05	5.313570323197771e-05	2.5077764390908865	False	full_mhn
metastatic::MAP3K1+RUNX1	1	9.120758847136082e-05	5.3124618446311417e-05	2.5082997024030007	False	full_mhn
primary::BRCA2+CBFB	1	9.120758847136082e-05	5.207492200368063e-05	2.558860569760946	False	full_mhn
metastatic::AKT1+ATM+MAP3K1	1	9.120758847136082e-05	5.1414938800191055e-05	2.591707150981833	False	full_mhn
primary::ESR1+GATA3+MAP2K4+PIK3CA	1	9.120758847136082e-05	5.08662484779858e-05	2.6196636967529012	False	full_mhn
metastatic::ATM+NF1+PIK3CA+PTEN	1	9.120758847136082e-05	5.049193707778747e-05	2.639084024506406	False	full_mhn
primary::NF1+RUNX1	1	9.120758847136082e-05	5.048548785991019e-05	2.6394211516345143	False	full_mhn
metastatic::BRCA1+NF1+PIK3CA+RB1+TP53	2	0.0001824151769427	5.0271727148499007e-05	5.301288499723811	False	full_mhn
primary::BRCA2+NF1+PTEN+TP53	1	9.120758847136082e-05	5.022411360227465e-05	2.6531571179040876	False	full_mhn
unknown::NF1+PIK3CA	1	9.120758847136082e-05	4.940264853817327e-05	2.697273696717255	False	full_mhn
metastatic::ATM+BRCA2+NF1+PIK3CA+TP53	2	0.0001824151769427	4.817140602820067e-05	5.5324299358509785	False	full_mhn
metastatic::BRCA1+NF1+RB1+TP53	1	9.120758847136082e-05	4.816144710850025e-05	2.7667869713397844	False	full_mhn
metastatic::GATA3+PTEN+RB1+TP53	1	9.120758847136082e-05	4.750391815497146e-05	2.8050836545243283	False	full_mhn
primary::CBFB+ESR1	1	9.120758847136082e-05	4.7322493463356174e-05	2.8158377671878365	False	full_mhn
metastatic::BRCA2+ESR1+PIK3CA+RB1	1	9.120758847136082e-05	4.676799798213034e-05	2.8492231878120386	False	full_mhn
primary::GATA3+NF1+PIK3CA+RUNX1+TP53	1	9.120758847136082e-05	4.6190227811432516e-05	2.88486267715726	False	full_mhn
primary::AKT1+MAP3K1+NF1+TP53	1	9.120758847136082e-05	4.524066923129796e-05	2.945413197156177	False	full_mhn
primary::MAP3K1+NF1+PTEN+TP53	1	9.120758847136082e-05	4.510200608621256e-05	2.9544686757009124	False	full_mhn
metastatic::BRCA1+MAP3K1+NF1+PIK3CA+RB1+TP53	1	9.120758847136082e-05	4.490192833406426e-05	2.967633443010329	False	full_mhn
primary::ATM+ESR1+GATA3+PIK3CA	1	9.120758847136082e-05	4.4670118578084124e-05	2.9830335894787123	False	full_mhn
metastatic::AKT1+ATM+PIK3CA+TP53	1	9.120758847136082e-05	4.2934834677320945e-05	3.1035979303361416	False	full_mhn
metastatic::ESR1+PTEN+RB1	1	9.120758847136082e-05	4.2708769170404e-05	3.120025854544411	False	full_mhn
metastatic::CBFB+PTEN	1	9.120758847136082e-05	4.2609818148524086e-05	3.127271361631	False	full_mhn
metastatic::ATM+ESR1+MAP2K4	1	9.120758847136082e-05	4.253458184887939e-05	3.132802962259832	False	full_mhn
metastatic::AKT1+RB1+RUNX1+TP53	1	9.120758847136082e-05	4.205223481003245e-05	3.168736800331206	False	full_mhn
metastatic::ATM+GATA3+NF1	1	9.120758847136082e-05	4.120616993487644e-05	3.233798824890867	False	full_mhn
metastatic::ATM+GATA3+MAP3K1+PIK3CA+TP53	1	9.120758847136082e-05	4.0393690045051804e-05	3.298843549574035	False	full_mhn
unknown::ATM+PIK3CA	1	9.120758847136082e-05	4.0317388027186744e-05	3.305086722198232	False	full_mhn
primary::ATM+CBFB+GATA3+MAP3K1+PIK3CA	1	9.120758847136082e-05	4.007773267029804e-05	3.324850358148125	False	full_mhn
metastatic::AKT1+ATM+MAP3K1+PIK3CA	1	9.120758847136082e-05	3.873850594457776e-05	3.4397935712415726	False	full_mhn
metastatic::CBFB+ESR1+PIK3CA+TP53	1	9.120758847136082e-05	3.83923462712421e-05	3.4708080286424354	False	full_mhn
metastatic::CBFB+MAP3K1	1	9.120758847136082e-05	3.826074987024603e-05	3.4827457411736553	False	full_mhn
metastatic::BRCA2+ESR1+RB1	1	9.120758847136082e-05	3.794212331748217e-05	3.5119927928246844	False	full_mhn
metastatic::BRCA1+ESR1+MAP3K1	1	9.120758847136082e-05	3.66440948284133e-05	3.636396645489983	False	full_mhn
metastatic::AKT1+ATM+NF1	1	9.120758847136082e-05	3.6316233864642674e-05	3.66922583368326	False	full_mhn
metastatic::AKT1+CBFB+ESR1	1	9.120758847136082e-05	3.582858023066434e-05	3.719166725848742	False	full_mhn
primary::BRCA1+BRCA2+PTEN	1	9.120758847136082e-05	3.543470271570556e-05	3.7605074453718297	False	full_mhn
metastatic::AKT1+MAP2K4+NF1	1	9.120758847136082e-05	3.5132834784983017e-05	3.7928184323911673	False	full_mhn
metastatic::BRCA1+GATA3+MAP3K1+PIK3CA	1	9.120758847136082e-05	3.446392332280619e-05	3.8664333724548303	False	full_mhn
primary::ATM+MAP2K4+PIK3CA+PTEN	1	9.120758847136082e-05	3.3549882281540876e-05	3.9717714076451354	False	full_mhn
metastatic::AKT1+BRCA2+PIK3CA	1	9.120758847136082e-05	3.2547907965780115e-05	4.0940407965240775	False	full_mhn
unknown::PIK3CA+PTEN	1	9.120758847136082e-05	3.253963195771736e-05	4.0950820594874715	False	full_mhn
primary::MAP3K1+PTEN+RUNX1	1	9.120758847136082e-05	3.108495950740985e-05	4.286718238412806	False	full_mhn
metastatic::ATM+MAP2K4+NF1+PIK3CA+TP53	1	9.120758847136082e-05	3.0259840001114737e-05	4.4036076442882415	False	full_mhn
primary::CBFB+RUNX1+TP53	1	9.120758847136082e-05	2.9146334103590722e-05	4.571842966666481	False	full_mhn
metastatic::CBFB+ESR1+GATA3+MAP3K1	1	9.120758847136082e-05	2.9067846142817113e-05	4.584187693459208	False	full_mhn
primary::ATM+MAP3K1+PTEN+TP53	1	9.120758847136082e-05	2.8862311038412727e-05	4.616832739182866	False	full_mhn
primary::AKT1+CBFB+PTEN	1	9.120758847136082e-05	2.852156218505569e-05	4.671990321248426	False	full_mhn
metastatic::AKT1+CBFB+NF1	1	9.120758847136082e-05	2.8486125181045168e-05	4.677802320349286	False	full_mhn
metastatic::ATM+BRCA1+NF1+PIK3CA	1	9.120758847136082e-05	2.828126756761863e-05	4.71168635271285	False	full_mhn
primary::BRCA1+NF1+PIK3CA+PTEN+TP53	1	9.120758847136082e-05	2.7693543878960932e-05	4.811679679501372	False	full_mhn
metastatic::AKT1+ESR1+RB1	1	9.120758847136082e-05	2.7186361994796816e-05	4.901445153695576	False	full_mhn
metastatic::ATM+BRCA1+NF1+PIK3CA+RB1+TP53	1	9.120758847136082e-05	2.7164232506154588e-05	4.905438142300782	False	full_mhn
primary::AKT1+ATM+RUNX1	1	9.120758847136082e-05	2.6981116311040482e-05	4.938730505905686	False	full_mhn
unknown::BRCA2+RB1+TP53	1	9.120758847136082e-05	2.596096924031442e-05	5.132799965254371	False	full_mhn
primary::AKT1+NF1+RUNX1	1	9.120758847136082e-05	2.5869239251259875e-05	5.151000410263923	False	full_mhn
metastatic::ATM+MAP3K1+RB1+TP53	2	0.0001824151769427	2.5850651441236263e-05	10.309408433721314	False	full_mhn
primary::NF1+PIK3CA+RB1+RUNX1+TP53	1	9.120758847136082e-05	2.5804528356609917e-05	5.163917748932807	False	full_mhn
metastatic::GATA3+MAP3K1+RUNX1	1	9.120758847136082e-05	2.514506296584876e-05	5.299348903165844	False	full_mhn
primary::BRCA2+MAP2K4+NF1+PIK3CA+TP53	1	9.120758847136082e-05	2.4679077298332755e-05	5.3994102023031285	False	full_mhn
primary::AKT1+BRCA2+ESR1	1	9.120758847136082e-05	2.3282495207533114e-05	5.723289545918251	False	full_mhn
primary::GATA3+MAP3K1+NF1+PIK3CA+RUNX1	1	9.120758847136082e-05	2.319230688044075e-05	5.745545800546834	False	full_mhn
unknown::AKT1+PIK3CA	1	9.120758847136082e-05	2.2127238426317257e-05	6.022100840512913	False	full_mhn
metastatic::CBFB+NF1+TP53	1	9.120758847136082e-05	2.166401263974357e-05	6.1508670259973535	False	full_mhn
primary::BRCA2+PTEN+RUNX1	1	9.120758847136082e-05	2.1155944707667214e-05	6.298582393277887	False	full_mhn
metastatic::CBFB+ESR1+GATA3+TP53	1	9.120758847136082e-05	2.110184360504963e-05	6.314730756550475	False	full_mhn
primary::BRCA2+GATA3+PTEN+TP53	1	9.120758847136082e-05	2.1051920663450762e-05	6.329705633419752	False	full_mhn
unknown::ESR1+GATA3+PIK3CA	1	9.120758847136082e-05	2.0891141081061422e-05	6.378419457893296	False	full_mhn
metastatic::AKT1+CBFB+RUNX1	1	9.120758847136082e-05	2.0448454472699777e-05	6.516505235584059	False	full_mhn
primary::AKT1+BRCA2+NF1	1	9.120758847136082e-05	2.0429046288052544e-05	6.522696103669271	False	full_mhn
metastatic::AKT1+GATA3+PTEN+TP53	1	9.120758847136082e-05	2.037795110639258e-05	6.539050953292516	False	full_mhn
metastatic::BRCA1+RB1+RUNX1+TP53	1	9.120758847136082e-05	1.9511748635392343e-05	6.829344863350907	False	full_mhn
primary::BRCA2+ESR1+MAP3K1	1	9.120758847136082e-05	1.886323848564591e-05	7.06413483478566	False	full_mhn
metastatic::AKT1+BRCA1+PIK3CA	1	9.120758847136082e-05	1.8531154510297927e-05	7.190726291914503	False	full_mhn
primary::ATM+BRCA1+GATA3+TP53	1	9.120758847136082e-05	1.842536927199597e-05	7.232010276069244	False	full_mhn
primary::CBFB+MAP3K1+PTEN	1	9.120758847136082e-05	1.839009593331067e-05	7.245881717245896	False	full_mhn
metastatic::ATM+GATA3+MAP3K1+NF1+PIK3CA+TP53	1	9.120758847136082e-05	1.8016554083262133e-05	7.396112438345705	False	full_mhn
metastatic::ATM+GATA3+RB1	1	9.120758847136082e-05	1.7711799412253557e-05	7.52337221772596	False	full_mhn
metastatic::AKT1+BRCA2+ESR1+GATA3	1	9.120758847136082e-05	1.737897971901471e-05	7.667450082481609	False	full_mhn
metastatic::ESR1+MAP2K4+PTEN+TP53	1	9.120758847136082e-05	1.721921871356907e-05	7.738589167455141	False	full_mhn
primary::ATM+GATA3+MAP3K1+TP53	1	9.120758847136082e-05	1.6988134408595833e-05	7.843854781145149	False	full_mhn
primary::ESR1+MAP3K1+PIK3CA+RB1+TP53	1	9.120758847136082e-05	1.6943986586422072e-05	7.864292066304181	False	full_mhn
metastatic::ATM+GATA3+NF1+TP53	1	9.120758847136082e-05	1.682472157103175e-05	7.920039488608585	False	full_mhn
metastatic::BRCA1+MAP3K1+PIK3CA+PTEN+TP53	1	9.120758847136082e-05	1.6130200821968995e-05	8.261053929651926	False	full_mhn
unknown::ESR1+GATA3+TP53	1	9.120758847136082e-05	1.5968795772758893e-05	8.344552757711243	False	full_mhn
metastatic::CBFB+RB1	2	0.0001824151769427	1.5948155579453502e-05	16.710704648976552	False	full_mhn
metastatic::GATA3+MAP3K1+NF1	1	9.120758847136082e-05	1.5882627058598942e-05	8.389824823437326	False	full_mhn
metastatic::BRCA2+NF1+PTEN+TP53	1	9.120758847136082e-05	1.5844423269629943e-05	8.41005421717149	False	full_mhn
metastatic::CBFB+MAP3K1+NF1+PIK3CA+TP53	1	9.120758847136082e-05	1.5518055624246064e-05	8.586930075977191	False	full_mhn
metastatic::BRCA2+MAP3K1+NF1	1	9.120758847136082e-05	1.5311641375334566e-05	8.702689357616608	False	full_mhn
metastatic::BRCA1+GATA3+PTEN+TP53	1	9.120758847136082e-05	1.4880598953983438e-05	8.954777869139935	False	full_mhn
metastatic::AKT1+BRCA2+PTEN+TP53	1	9.120758847136082e-05	1.4700739430733743e-05	9.064337117936903	False	full_mhn
primary::BRCA1+MAP3K1+NF1+TP53	2	0.0001824151769427	1.4495056117072241e-05	18.385918188690045	False	full_mhn
metastatic::NF1+PTEN+RUNX1+TP53	1	9.120758847136082e-05	1.4351030824860758e-05	9.285218566418203	False	full_mhn
primary::ATM+BRCA1+BRCA2+MAP3K1+NF1+PIK3CA+PTEN+RUNX1+TP53	1	9.120758847136082e-05	1.402174143603924e-05	9.503274486412247	False	full_mhn
metastatic::ATM+BRCA2+MAP3K1	1	9.120758847136082e-05	1.3805256630309442e-05	9.6522984732208	False	full_mhn
primary::NF1+PTEN+RB1	1	9.120758847136082e-05	1.3225064161472906e-05	10.075751273849678	False	full_mhn
metastatic::BRCA2+PTEN+RB1	1	9.120758847136082e-05	1.3029837344647443e-05	10.22671683430322	False	full_mhn
metastatic::AKT1+BRCA2+ESR1+RB1	1	9.120758847136082e-05	1.28113412528658e-05	10.401132411995945	False	full_mhn
primary::ATM+BRCA1+BRCA2+ESR1+MAP3K1+NF1+PIK3CA+RUNX1+TP53	1	9.120758847136082e-05	1.2593044535870678e-05	10.581432963764996	False	full_mhn
metastatic::ATM+ESR1+GATA3+NF1	1	9.120758847136082e-05	1.227657845466672e-05	10.854201501282354	False	full_mhn
metastatic::ATM+BRCA2+PIK3CA+RUNX1+TP53	1	9.120758847136082e-05	1.209177844062573e-05	11.020087473623322	False	full_mhn
primary::BRCA2+CBFB+MAP2K4+PIK3CA+TP53	1	9.120758847136082e-05	1.1534477644032165e-05	11.552534905112442	False	full_mhn
metastatic::BRCA2+GATA3+PTEN+TP53	1	9.120758847136082e-05	1.1357984415927878e-05	11.732051263297883	False	full_mhn
primary::ATM+GATA3+PIK3CA+RB1	1	9.120758847136082e-05	1.1247670574758816e-05	11.847115757406257	False	full_mhn
metastatic::AKT1+BRCA1+RUNX1	1	9.120758847136082e-05	1.0879021605270116e-05	12.248569745861564	False	full_mhn
primary::GATA3+MAP2K4+PIK3CA+PTEN+TP53	1	9.120758847136082e-05	1.0305252458259508e-05	12.930537583299879	False	full_mhn
metastatic::BRCA1+NF1+RUNX1+TP53	1	9.120758847136082e-05	1.0148547023599252e-05	13.130200186035745	False	full_mhn
metastatic::ATM+NF1+PTEN	1	9.120758847136082e-05	9.624335272945518e-06	13.845366929045781	False	full_mhn
metastatic::BRCA2+ESR1+GATA3+PIK3CA+RUNX1	1	9.120758847136082e-05	9.346717319263889e-06	14.256604574550833	False	full_mhn
metastatic::BRCA1+CBFB+GATA3+TP53	1	9.120758847136082e-05	8.955444849988516e-06	14.879490019765626	False	full_mhn
primary::GATA3+MAP2K4+NF1+PIK3CA+PTEN+TP53	1	9.120758847136082e-05	8.793764298472154e-06	15.153061586782076	False	full_mhn
primary::AKT1+BRCA2+MAP3K1+NF1+TP53	1	9.120758847136082e-05	8.7152171418908e-06	15.289630733046229	False	full_mhn
metastatic::GATA3+MAP3K1+RB1	1	9.120758847136082e-05	8.655664786109654e-06	15.394825821636399	False	full_mhn
metastatic::BRCA1+ESR1+NF1+PIK3CA+TP53	1	9.120758847136082e-05	8.604075712217567e-06	15.487131461559445	False	full_mhn
metastatic::MAP2K4+NF1+PTEN	1	9.120758847136082e-05	8.5726778899141e-06	15.54385377763646	False	full_mhn
metastatic::CBFB+RUNX1	1	9.120758847136082e-05	8.197333472336689e-06	16.255584982793973	False	full_mhn
metastatic::AKT1+BRCA1+ESR1+PIK3CA	1	9.120758847136082e-05	7.952716147901381e-06	16.755589903335014	False	full_mhn
unknown::PTEN+RB1+TP53	3	0.000273622765414	7.919064171102627e-06	50.480377772492226	False	full_mhn
metastatic::ATM+BRCA1+NF1	1	9.120758847136082e-05	7.813690070796339e-06	17.05371583546303	False	full_mhn
primary::BRCA2+CBFB+GATA3+PTEN	1	9.120758847136082e-05	7.633546156553483e-06	17.456166106612304	False	full_mhn
metastatic::BRCA2+MAP3K1+RB1	1	9.120758847136082e-05	7.019360600133755e-06	18.983559294753594	False	full_mhn
metastatic::AKT1+MAP3K1+NF1+PIK3CA+TP53	1	9.120758847136082e-05	6.762764573157997e-06	19.70384241564519	False	full_mhn
metastatic::ESR1+GATA3+MAP3K1+NF1+PIK3CA	1	9.120758847136082e-05	6.279720126131063e-06	21.21948801085574	False	full_mhn
primary::ATM+NF1+RUNX1+TP53	1	9.120758847136082e-05	6.260891489016151e-06	21.283302241849412	False	full_mhn
primary::ATM+CBFB+NF1+PIK3CA	1	9.120758847136082e-05	5.7340689226075865e-06	23.238723794086315	False	full_mhn
unknown::AKT1+ATM+PIK3CA	1	9.120758847136082e-05	5.7113090102932345e-06	23.331331499656073	False	full_mhn
primary::BRCA2+MAP3K1+NF1+PTEN	1	9.120758847136082e-05	5.6914526047606806e-06	23.41273010395711	False	full_mhn
metastatic::BRCA1+BRCA2+GATA3+PIK3CA	1	9.120758847136082e-05	5.578979128939071e-06	23.884735931618312	False	full_mhn
unknown::AKT1+ESR1+PIK3CA	1	9.120758847136082e-05	5.410370747257983e-06	24.629077884525948	False	full_mhn
metastatic::ATM+BRCA2+GATA3+RB1	1	9.120758847136082e-05	5.36766899110061e-06	24.825011106938963	False	full_mhn
primary::ESR1+MAP2K4+PIK3CA+PTEN+TP53	1	9.120758847136082e-05	5.027388355214308e-06	26.505300809703307	False	full_mhn
metastatic::BRCA1+CBFB+NF1+TP53	1	9.120758847136082e-05	4.831855743885058e-06	27.577901045202314	False	full_mhn
metastatic::ATM+CBFB+ESR1+GATA3+TP53	1	9.120758847136082e-05	4.5495482075015726e-06	29.289158347323916	False	full_mhn
primary::AKT1+BRCA1+BRCA2+ESR1	1	9.120758847136082e-05	4.282161967678317e-06	31.118028004361967	False	full_mhn
primary::ATM+BRCA1+RUNX1	1	9.120758847136082e-05	3.4380051108825e-06	38.75864755611243	False	full_mhn
metastatic::BRCA1+MAP2K4+NF1+RB1+TP53	1	9.120758847136082e-05	3.314283348235649e-06	40.20550234876263	False	full_mhn
primary::AKT1+ATM+BRCA2+PIK3CA+TP53	1	9.120758847136082e-05	3.195487667634857e-06	41.70018454363117	False	full_mhn
metastatic::AKT1+ESR1+GATA3+MAP3K1+NF1	1	9.120758847136082e-05	3.032655334876959e-06	43.93919139962885	False	full_mhn
metastatic::MAP3K1+NF1+PTEN	1	9.120758847136082e-05	2.8863574629603254e-06	46.16629183708124	False	full_mhn
primary::BRCA2+ESR1+MAP3K1+NF1	1	9.120758847136082e-05	2.7647778989311415e-06	48.196428003328144	False	full_mhn
primary::ATM+GATA3+MAP3K1+PTEN	1	9.120758847136082e-05	2.47678877997815e-06	53.80047520570404	False	full_mhn
metastatic::BRCA2+CBFB+RB1+TP53	1	9.120758847136082e-05	2.399561000254645e-06	55.53199589479858	False	full_mhn
unknown::ATM+ESR1+PIK3CA+TP53	1	9.120758847136082e-05	2.344946778440388e-06	56.825345268917296	False	full_mhn
primary::BRCA1+MAP2K4+RB1	1	9.120758847136082e-05	2.226963876440847e-06	59.83590875506791	False	full_mhn
unknown::BRCA1+CBFB+GATA3	1	9.120758847136082e-05	2.1775829021771435e-06	61.19280502314061	False	full_mhn
metastatic::MAP2K4+MAP3K1+NF1	1	9.120758847136082e-05	1.9372227840905016e-06	68.78527315315598	False	full_mhn
unknown::BRCA2+CBFB+TP53	1	9.120758847136082e-05	1.7581128243101433e-06	75.79285556197809	False	full_mhn
primary::BRCA2+GATA3+MAP3K1+NF1+PIK3CA+RUNX1	1	9.120758847136082e-05	1.5546923282827756e-06	85.70980830968033	False	full_mhn
primary::CBFB+NF1+RUNX1	1	9.120758847136082e-05	7.144731382121449e-07	186.50425539670084	False	full_mhn
primary::WT	1196	0.1090842758117475	0.0	159369950708.35684	False	full_mhn
metastatic::WT	596	0.054359722728931	0.0	79418470419.88347	False	full_mhn
unknown::WT	401	0.0365742429770156	0.0	53434239326.12958	False	full_mhn
unknown::MAP3K1+PTEN	2	0.0001824151769427	0.0	266504934.29487962	False	full_mhn
metastatic::AKT1+ATM+BRCA1+BRCA2+ESR1+MAP3K1+NF1+PIK3CA+PTEN+RUNX1+TP53	1	9.120758847136082e-05	0.0	133252467.1474556	False	full_mhn
metastatic::AKT1+ATM+BRCA1+BRCA2+MAP3K1+NF1+RUNX1+TP53	1	9.120758847136082e-05	0.0	133252467.1474556	False	full_mhn
metastatic::AKT1+ATM+BRCA2+PIK3CA+RB1	1	9.120758847136082e-05	0.0	133252467.1474556	False	full_mhn
metastatic::AKT1+BRCA1+BRCA2+MAP2K4+MAP3K1+NF1+RB1+RUNX1+TP53	1	9.120758847136082e-05	0.0	133252467.1474556	False	full_mhn
metastatic::AKT1+BRCA1+ESR1+RUNX1+TP53	1	9.120758847136082e-05	0.0	133252467.1474556	False	full_mhn
metastatic::AKT1+BRCA2+MAP2K4+NF1+PIK3CA+TP53	1	9.120758847136082e-05	0.0	133252467.1474556	False	full_mhn
metastatic::AKT1+BRCA2+NF1+RB1+TP53	1	9.120758847136082e-05	0.0	133252467.1474556	False	full_mhn
metastatic::AKT1+CBFB+GATA3+PIK3CA+RB1+TP53	1	9.120758847136082e-05	0.0	133252467.1474556	False	full_mhn
metastatic::ATM+BRCA1+BRCA2+ESR1+MAP3K1	1	9.120758847136082e-05	0.0	133252467.1474556	False	full_mhn
metastatic::ATM+BRCA1+BRCA2+ESR1+MAP3K1+PIK3CA+RUNX1+TP53	1	9.120758847136082e-05	0.0	133252467.1474556	False	full_mhn
metastatic::ATM+BRCA1+BRCA2+GATA3+PIK3CA+RB1+TP53	1	9.120758847136082e-05	0.0	133252467.1474556	False	full_mhn
metastatic::ATM+BRCA1+ESR1+MAP3K1+RUNX1	1	9.120758847136082e-05	0.0	133252467.1474556	False	full_mhn
metastatic::ATM+BRCA1+MAP3K1+PIK3CA+PTEN	1	9.120758847136082e-05	0.0	133252467.1474556	False	full_mhn
metastatic::ATM+BRCA2+ESR1+GATA3+MAP2K4	1	9.120758847136082e-05	0.0	133252467.1474556	False	full_mhn
metastatic::ATM+BRCA2+ESR1+NF1+RUNX1+TP53	1	9.120758847136082e-05	0.0	133252467.1474556	False	full_mhn
metastatic::ATM+NF1+RB1+RUNX1+TP53	1	9.120758847136082e-05	0.0	133252467.1474556	False	full_mhn
metastatic::BRCA1+BRCA2+ESR1+PIK3CA+RUNX1	1	9.120758847136082e-05	0.0	133252467.1474556	False	full_mhn
metastatic::BRCA1+BRCA2+MAP2K4+MAP3K1+PIK3CA+TP53	1	9.120758847136082e-05	0.0	133252467.1474556	False	full_mhn
metastatic::BRCA1+BRCA2+MAP3K1+NF1+RB1+RUNX1+TP53	1	9.120758847136082e-05	0.0	133252467.1474556	False	full_mhn
metastatic::BRCA1+BRCA2+NF1+PIK3CA+PTEN	1	9.120758847136082e-05	0.0	133252467.1474556	False	full_mhn
metastatic::BRCA2+ESR1+RUNX1+TP53	1	9.120758847136082e-05	0.0	133252467.1474556	False	full_mhn
metastatic::ESR1+MAP2K4+PIK3CA+RB1+RUNX1	1	9.120758847136082e-05	0.0	133252467.1474556	False	full_mhn
metastatic::ESR1+MAP3K1+PIK3CA+PTEN+RUNX1	1	9.120758847136082e-05	0.0	133252467.1474556	False	full_mhn
metastatic::ESR1+MAP3K1+PIK3CA+RB1+RUNX1	1	9.120758847136082e-05	0.0	133252467.1474556	False	full_mhn
metastatic::GATA3+NF1+PIK3CA+PTEN+RB1+TP53	1	9.120758847136082e-05	0.0	133252467.1474556	False	full_mhn
primary::AKT1+ATM+BRCA1+BRCA2+CBFB+MAP3K1+NF1+PIK3CA+PTEN+RUNX1	1	9.120758847136082e-05	0.0	133252467.1474556	False	full_mhn
primary::AKT1+ATM+BRCA1+BRCA2+MAP2K4+MAP3K1+NF1+RB1+RUNX1+TP53	1	9.120758847136082e-05	0.0	133252467.1474556	False	full_mhn
primary::AKT1+BRCA1+PTEN+RUNX1	1	9.120758847136082e-05	0.0	133252467.1474556	False	full_mhn
primary::AKT1+BRCA2+MAP3K1+RUNX1+TP53	1	9.120758847136082e-05	0.0	133252467.1474556	False	full_mhn
primary::AKT1+BRCA2+PTEN+RB1+TP53	1	9.120758847136082e-05	0.0	133252467.1474556	False	full_mhn
primary::AKT1+CBFB+MAP2K4+MAP3K1+RUNX1	1	9.120758847136082e-05	0.0	133252467.1474556	False	full_mhn
primary::AKT1+ESR1+GATA3+NF1+TP53	1	9.120758847136082e-05	0.0	133252467.1474556	False	full_mhn
primary::ATM+BRCA1+BRCA2+MAP3K1+NF1+PIK3CA+RUNX1+TP53	1	9.120758847136082e-05	0.0	133252467.1474556	False	full_mhn
primary::ATM+MAP2K4+MAP3K1+NF1+PIK3CA	1	9.120758847136082e-05	0.0	133252467.1474556	False	full_mhn
primary::BRCA2+GATA3+MAP3K1+NF1+TP53	1	9.120758847136082e-05	0.0	133252467.1474556	False	full_mhn
primary::CBFB+GATA3+MAP3K1+NF1+PIK3CA+TP53	1	9.120758847136082e-05	0.0	133252467.1474556	False	full_mhn
primary::ESR1+GATA3+PTEN+RB1	1	9.120758847136082e-05	0.0	133252467.1474556	False	full_mhn
primary::GATA3+MAP3K1+NF1+PTEN	1	9.120758847136082e-05	0.0	133252467.1474556	False	full_mhn
unknown::ATM+BRCA2+GATA3	1	9.120758847136082e-05	0.0	133252467.1474556	False	full_mhn
unknown::MAP2K4+PIK3CA+RB1+TP53	1	9.120758847136082e-05	0.0	133252467.1474556	False	full_mhn
primary::PIK3CA+TP53	452	0.041225829989055	0.014345650700995454	4.772479567639025	True	uniform_inflow
primary::GATA3+TP53	48	0.0043779642466253	0.011518215458383269	0.6312217199231942	True	uniform_inflow
primary::PTEN+TP53	85	0.0077526450200656	0.00986344921040287	1.305317041896129	True	uniform_inflow
primary::AKT1+TP53	57	0.0051988325428675	0.00986344921040287	0.8753302516244594	True	uniform_inflow
primary::MAP3K1+TP53	38	0.0034658883619117	0.009752697138687648	0.5901803611480376	True	uniform_inflow
primary::BRCA2+TP53	49	0.0044691718350966	0.00959634127273674	0.7734215891524467	True	uniform_inflow
primary::MAP2K4+TP53	24	0.0021889821233126	0.009583311617240834	0.37933378681326274	True	uniform_inflow
primary::NF1+TP53	59	0.0053812477198102	0.009537707823005155	0.9369877055931293	True	uniform_inflow
primary::ESR1+TP53	12	0.0010944910616563	0.009518163339761292	0.1909650925400106	True	uniform_inflow
primary::ATM+TP53	25	0.002280189711784	0.009511648512013334	0.39811643864289464	True	uniform_inflow
primary::RB1+TP53	78	0.0071141919007661	0.009472559545525606	1.247248969260889	True	uniform_inflow
primary::RUNX1+TP53	26	0.0023713973002553	0.009472559545525606	0.4157496564202846	True	uniform_inflow
primary::BRCA1+TP53	73	0.0066581539584093	0.009466044717777655	1.1681004826025696	True	uniform_inflow
primary::CBFB+TP53	6	0.0005472455308281	0.009407411268046062	0.09660664826890064	True	uniform_inflow
primary::TP53	1436	0.1309740970448741	0.007272285054116499	29.909519848571385	True	uniform_inflow
primary::PIK3CA	766	0.0698650127690623	0.007272285054116499	15.954521033430128	True	uniform_inflow
primary::GATA3	332	0.0302809193724917	0.007272285054116499	6.915014338249076	True	uniform_inflow
primary::AKT1	78	0.0071141919007661	0.007272285054116499	1.6246118023597178	True	uniform_inflow
primary::PTEN	78	0.0071141919007661	0.007272285054116499	1.6246118023597178	True	uniform_inflow
primary::MAP3K1	61	0.005563662896753	0.007272285054116499	1.2705297428710667	True	uniform_inflow
primary::BRCA2	37	0.0033746807734403	0.007272285054116499	0.7706491882988338	True	uniform_inflow
primary::MAP2K4	35	0.0031922655964976	0.007272285054116499	0.7289924754178201	True	uniform_inflow
primary::NF1	28	0.0025538124771981	0.007272285054116499	0.5831939803342605	True	uniform_inflow
primary::ESR1	25	0.002280189711784	0.007272285054116499	0.5207089110127285	True	uniform_inflow
primary::ATM	24	0.0021889821233126	0.007272285054116499	0.4998805545722103	True	uniform_inflow
primary::RB1	18	0.0016417365924844	0.007272285054116499	0.3749104159291463	True	uniform_inflow
primary::RUNX1	18	0.0016417365924844	0.007272285054116499	0.3749104159291463	True	uniform_inflow
primary::BRCA1	17	0.0015505290040131	0.007272285054116499	0.35408205948865085	True	uniform_inflow
primary::CBFB	8	0.0007296607077708	0.007272285054116499	0.16662685152405488	True	uniform_inflow
primary::GATA3+PIK3CA	115	0.0104888726742064	0.007153280867253857	2.435109291286891	True	uniform_inflow
metastatic::PIK3CA+TP53	264	0.0240788033564392	0.0066125501641736495	6.047290644470754	True	uniform_inflow
metastatic::GATA3+TP53	38	0.0034658883619117	0.005726533590451864	1.0051194545789774	True	uniform_inflow
primary::PIK3CA+PTEN	41	0.0037395111273257	0.005498514619273457	1.1294431286888469	True	uniform_inflow
primary::AKT1+PIK3CA	9	0.0008208682962422	0.005498514619273457	0.24792654044388512	True	uniform_inflow
primary::MAP3K1+PIK3CA	158	0.014410798978475	0.005387762547558236	4.441958890387107	True	uniform_inflow
primary::BRCA2+PIK3CA	21	0.0019153593578985	0.005231406681607328	0.6080323789659184	True	uniform_inflow
primary::MAP2K4+PIK3CA	51	0.0046515870120394	0.005218377026111421	1.4803370795898199	True	uniform_inflow
primary::NF1+PIK3CA	19	0.0017329441809558	0.005172773231875743	0.5563602018629594	True	uniform_inflow
primary::ESR1+PIK3CA	9	0.0008208682962422	0.005153228748631878	0.26453855895333644	True	uniform_inflow
primary::ATM+PIK3CA	20	0.0018241517694272	0.005146713920883921	0.588607595308152	True	uniform_inflow
metastatic::ESR1+TP53	28	0.0025538124771981	0.005120654609892107	0.828244275331014	True	uniform_inflow
primary::PIK3CA+RUNX1	27	0.0024626048887267	0.005107624954396192	0.800701531116334	True	uniform_inflow
primary::PIK3CA+RB1	13	0.0011856986501276	0.005107624954396192	0.3855229594263601	True	uniform_inflow
primary::BRCA1+PIK3CA	10	0.0009120758847136	0.005101110126648243	0.2969348660872491	True	uniform_inflow
primary::CBFB+PIK3CA	48	0.0043779642466253	0.00504247667691665	1.4418604660203864	True	uniform_inflow
metastatic::AKT1+TP53	38	0.0034658883619117	0.004905665294209614	1.1733067736375904	True	uniform_inflow
metastatic::PTEN+TP53	68	0.0062021160160525	0.004892635638713707	2.1051930772060548	True	uniform_inflow
metastatic::BRCA2+TP53	32	0.0029186428310835	0.004807942877990299	1.008130081923188	True	uniform_inflow
metastatic::MAP3K1+TP53	25	0.002280189711784	0.004775368739250528	0.7929740796153032	True	uniform_inflow
metastatic::MAP2K4+TP53	7	0.0006384531192995	0.004755824256006664	0.22294520561657497	True	uniform_inflow
metastatic::ATM+TP53	21	0.0019153593578985	0.0047493094282587064	0.6697530868314935	True	uniform_inflow
metastatic::RB1+TP53	37	0.0033746807734403	0.004716735289518935	1.1881906084635663	True	uniform_inflow
metastatic::BRCA1+TP53	29	0.0026450200656694	0.004697190806275078	0.9351595012662131	True	uniform_inflow
metastatic::NF1+TP53	23	0.0020977745348412	0.004697190806275078	0.741678225142152	True	uniform_inflow
metastatic::RUNX1+TP53	19	0.0017329441809558	0.0046646166675353064	0.6169692741199531	True	uniform_inflow
metastatic::CBFB+TP53	2	0.0001824151769427	0.0046581018397873495	0.06503496507467295	False	uniform_inflow
primary::MAP3K1+PIK3CA+TP53	32	0.0029186428310835	0.004546347486880131	1.0661375667829938	True	uniform_inflow
primary::GATA3+PIK3CA+TP53	21	0.0019153593578985	0.004314820531529747	0.7371951223887915	True	uniform_inflow
primary::PIK3CA+PTEN+TP53	31	0.0028274352426121	0.004055229702803562	1.1579028676992875	True	uniform_inflow
primary::PIK3CA+RB1+TP53	8	0.0007296607077708	0.0038096708107652854	0.3180741911813657	True	uniform_inflow
primary::BRCA1+PIK3CA+TP53	8	0.0007296607077708	0.0037535430640136852	0.32283044076785683	True	uniform_inflow
primary::NF1+PIK3CA+TP53	31	0.0028274352426121	0.0037184632222939237	1.2627695424815877	True	uniform_inflow
primary::MAP2K4+PIK3CA+TP53	14	0.001276906238599	0.0036974153172620776	0.5735294120829361	True	uniform_inflow
primary::BRCA2+PIK3CA+TP53	13	0.0011856986501276	0.0036623354755423157	0.5376642039093983	True	uniform_inflow
primary::AKT1+PIK3CA+TP53	3	0.000273622765414	0.003634271602166516	0.1250344733175159	False	uniform_inflow
metastatic::TP53	711	0.0648485954031375	0.0036239815152620666	29.71731185717101	True	uniform_inflow
metastatic::PIK3CA	304	0.0277271068952936	0.0036239815152620666	12.706136152714436	True	uniform_inflow
metastatic::GATA3	168	0.0153228748631886	0.0036239815152620666	7.021812084394834	True	uniform_inflow
metastatic::ESR1	75	0.006840569135352	0.0036239815152620666	3.1347375376762407	True	uniform_inflow
metastatic::AKT1	42	0.0038307187157971	0.0036239815152620666	1.7554530210986856	True	uniform_inflow
metastatic::PTEN	40	0.0036483035388544	0.0036239815152620666	1.671860020093995	True	uniform_inflow
metastatic::BRCA2	27	0.0024626048887267	0.0036239815152620666	1.1285055135634374	True	uniform_inflow
metastatic::MAP3K1	22	0.0020065669463699	0.0036239815152620666	0.9195230110516882	True	uniform_inflow
metastatic::MAP2K4	19	0.0017329441809558	0.0036239815152620666	0.7941335095446294	True	uniform_inflow
metastatic::ATM	18	0.0016417365924844	0.0036239815152620666	0.7523370090422611	True	uniform_inflow
metastatic::RB1	13	0.0011856986501276	0.0036239815152620666	0.5433545065305116	True	uniform_inflow
metastatic::BRCA1	10	0.0009120758847136	0.0036239815152620666	0.41796500502349876	True	uniform_inflow
metastatic::NF1	10	0.0009120758847136	0.0036239815152620666	0.41796500502349876	True	uniform_inflow
metastatic::RUNX1	5	0.0004560379423568	0.0036239815152620666	0.20898250251174938	True	uniform_inflow
metastatic::CBFB	4	0.0003648303538854	0.0036239815152620666	0.1671860020093812	False	uniform_inflow
primary::CBFB+PIK3CA+TP53	5	0.0004560379423568	0.0035500799820391083	0.2133328629053673	True	uniform_inflow
primary::PIK3CA+RUNX1+TP53	16	0.0014593214155417	0.0035430640136951542	0.6840169734973547	True	uniform_inflow
primary::ATM+PIK3CA+TP53	13	0.0011856986501276	0.0034869362669435544	0.5647096869956747	True	uniform_inflow
primary::ESR1+PIK3CA+TP53	5	0.0004560379423568	0.003318553026688731	0.22821655101055913	True	uniform_inflow
metastatic::GATA3+PIK3CA	42	0.0038307187157971	0.003074998697034443	2.0688559332381162	True	uniform_inflow
primary::AKT1+GATA3	27	0.0024626048887267	0.002671079376661271	1.5310975616660822	True	uniform_inflow
primary::GATA3+PTEN	18	0.0016417365924844	0.002671079376661271	1.0207317077773468	True	uniform_inflow
primary::GATA3+MAP3K1	17	0.0015505290040131	0.0025603273049460496	1.0057251912769491	True	uniform_inflow
metastatic::ESR1+PIK3CA	59	0.0053812477198102	0.0024691197164746857	3.6193931413630813	True	uniform_inflow
metastatic::ESR1+PIK3CA+TP53	13	0.0011856986501276	0.0024626048887267313	0.799603174938379	True	uniform_inflow
unknown::TP53	33	0.0030098504195549	0.0024382828651343734	2.0500089071568994	True	uniform_inflow
unknown::PIK3CA	12	0.0010944910616563	0.0024382828651343734	0.7454577844206722	True	uniform_inflow
unknown::GATA3	6	0.0005472455308281	0.0024382828651343734	0.37272889221030203	True	uniform_inflow
unknown::ESR1	5	0.0004560379423568	0.0024382828651343734	0.31060741017528576	True	uniform_inflow
unknown::BRCA1	1	9.120758847136082e-05	0.0024382828651343734	0.062121482035057705	False	uniform_inflow
unknown::BRCA2	1	9.120758847136082e-05	0.0024382828651343734	0.062121482035057705	False	uniform_inflow
metastatic::GATA3+PIK3CA+TP53	9	0.0008208682962422	0.0024134931103190773	0.5648359636872792	True	uniform_inflow
primary::BRCA2+GATA3	6	0.0005472455308281	0.0024039714389951427	0.3780487806425277	True	uniform_inflow
metastatic::PIK3CA+PTEN+TP53	20	0.0018241517694272	0.0023994611736311774	1.2625313288366637	True	uniform_inflow
primary::GATA3+MAP2K4	16	0.0014593214155417	0.0023909417834992353	1.0136239786142487	True	uniform_inflow
primary::GATA3+NF1	8	0.0007296607077708	0.0023453379892635568	0.5166666668727475	True	uniform_inflow
metastatic::MAP3K1+PIK3CA+TP53	23	0.0020977745348412	0.0023433334268795694	1.4866873401990557	True	uniform_inflow
primary::ESR1+GATA3	9	0.0008208682962422	0.0023257935060196928	0.5861344540132377	True	uniform_inflow
primary::ATM+GATA3	16	0.0014593214155417	0.0023192786782717354	1.044943820636579	True	uniform_inflow
primary::GATA3+RUNX1	7	0.0006384531192995	0.002280189711784007	0.4650000001798457	True	uniform_inflow
primary::GATA3+RB1	4	0.0003648303538854	0.002280189711784007	0.26571428581703394	False	uniform_inflow
primary::BRCA1+GATA3	6	0.0005472455308281	0.002273674884036057	0.3997134672027715	True	uniform_inflow
metastatic::AKT1+PIK3CA	5	0.0004560379423568	0.002254130400792193	0.33598265908779057	True	uniform_inflow
metastatic::PIK3CA+PTEN	10	0.0009120758847136	0.0022411007452962854	0.6758720932795096	True	uniform_inflow
primary::CBFB+GATA3	36	0.0032834731849689	0.002215041434304464	2.4617647068027555	True	uniform_inflow
metastatic::PIK3CA+RB1+TP53	11	0.0010032834731849	0.0021959980916566	0.7587288911980594	True	uniform_inflow
metastatic::BRCA2+PIK3CA+TP53	10	0.0009120758847136	0.0021679342182807926	0.6986823858299718	True	uniform_inflow
metastatic::BRCA2+PIK3CA	13	0.0011856986501276	0.0021564079845728785	0.9131419942878534	True	uniform_inflow
metastatic::AKT1+PIK3CA+TP53	3	0.000273622765414	0.0021539022815929	0.21097021878249037	False	uniform_inflow
metastatic::MAP3K1+PIK3CA	45	0.0041043414812112	0.002123833845833107	3.209355829358602	True	uniform_inflow
metastatic::MAP2K4+PIK3CA	15	0.0013681138270704	0.0021042893625892426	1.0797213626071511	True	uniform_inflow
metastatic::ATM+PIK3CA	8	0.0007296607077708	0.0020977745348412856	0.5776397517541323	True	uniform_inflow
metastatic::NF1+PIK3CA+TP53	30	0.0027362276541408	0.0020977745348412847	2.166149069078234	True	uniform_inflow
metastatic::BRCA1+PIK3CA+TP53	10	0.0009120758847136	0.002083742598153385	0.7269119771630892	True	uniform_inflow
metastatic::PIK3CA+RB1	12	0.0010944910616563	0.002065200396101514	0.8801261832655319	True	uniform_inflow
metastatic::ATM+PIK3CA+TP53	6	0.0005472455308281	0.002055678724777577	0.4421014140941977	True	uniform_inflow
metastatic::NF1+PIK3CA	12	0.0010944910616563	0.002045655912857657	0.8885350321461213	True	uniform_inflow
metastatic::BRCA1+PIK3CA	4	0.0003648303538854	0.002045655912857657	0.29617834404868004	False	uniform_inflow
primary::GATA3+MAP3K1+PIK3CA	20	0.0018241517694272	0.002034630819745731	1.488916256654734	True	uniform_inflow
metastatic::PIK3CA+RUNX1+TP53	12	0.0010944910616563	0.002020598883057831	0.8995535717258142	True	uniform_inflow
metastatic::PIK3CA+RUNX1	5	0.0004560379423568	0.0020130817741178856	0.37621359235663465	True	uniform_inflow
metastatic::MAP2K4+PIK3CA+TP53	14	0.001276906238599	0.002006566946369931	1.0568181821637177	True	uniform_inflow
metastatic::CBFB+PIK3CA	11	0.0010032834731849	0.0020065669463699286	0.8303571431286129	True	uniform_inflow
metastatic::CBFB+PIK3CA+TP53	2	0.0001824151769427	0.0019434232312743696	0.1558793192851502	False	uniform_inflow
metastatic::ESR1+GATA3	52	0.0047427946005107	0.0015831031427529	4.975308642938922	True	uniform_inflow
primary::MAP2K4+MAP3K1+PIK3CA	1	9.120758847136082e-05	0.0014663373838857232	0.10329801778651375	False	uniform_inflow
primary::CBFB+MAP3K1+PIK3CA	15	0.0013681138270704	0.00145230544719782	1.5644409940028223	True	uniform_inflow
primary::MAP3K1+PIK3CA+PTEN	8	0.0007296607077708	0.0014242415738220078	0.8508092893376866	True	uniform_inflow
primary::CBFB+GATA3+PIK3CA	41	0.0037395111273257	0.0013961777004462001	4.448043790865775	True	uniform_inflow
metastatic::AKT1+GATA3	13	0.0011856986501276	0.0013681138270704072	1.4392857144215156	True	uniform_inflow
metastatic::GATA3+PTEN	9	0.0008208682962422	0.0013550841715745002	1.0060096154724831	True	uniform_inflow
primary::MAP3K1+PIK3CA+RUNX1	8	0.0007296607077708	0.0013190020486627463	0.918693009180185	True	uniform_inflow
primary::GATA3+MAP2K4+PIK3CA	5	0.0004560379423568	0.0012769062385990385	0.5931122449229991	True	uniform_inflow
metastatic::BRCA2+GATA3	8	0.0007296607077708	0.001270391410851093	0.9538461538824812	True	uniform_inflow
primary::BRCA2+MAP3K1+PIK3CA	1	9.120758847136082e-05	0.0012698902702550925	0.11927782163040809	False	uniform_inflow
primary::ATM+MAP3K1+PIK3CA	4	0.0003648303538854	0.0012488423652232462	0.48515248797336336	False	uniform_inflow
primary::MAP3K1+NF1+PIK3CA	6	0.0005472455308281	0.0012488423652232431	0.7277287319600468	True	uniform_inflow
primary::AKT1+MAP3K1+PIK3CA	3	0.000273622765414	0.0012488423652232386	0.36386436597995825	False	uniform_inflow
metastatic::GATA3+MAP3K1	6	0.0005472455308281	0.0012378172721113215	0.7342105263285429	True	uniform_inflow
primary::GATA3+PIK3CA+PTEN	4	0.0003648303538854	0.001220778491847423	0.4963054187222439	False	uniform_inflow
metastatic::GATA3+MAP2K4	7	0.0006384531192995	0.0012182727888674573	0.8703208556188802	True	uniform_inflow
metastatic::ATM+GATA3	8	0.0007296607077708	0.0012117579611195001	1.0	True	uniform_inflow
primary::BRCA1+MAP3K1+PIK3CA	2	0.0001824151769427	0.0012067465551595386	0.25103820597920545	False	uniform_inflow
primary::MAP3K1+PIK3CA+RB1	1	9.120758847136082e-05	0.0011997305868155848	0.12625313283105064	False	uniform_inflow
metastatic::GATA3+RB1	1	9.120758847136082e-05	0.0011791838223797286	0.12845303867112007	False	uniform_inflow
primary::ESR1+MAP3K1+PIK3CA	1	9.120758847136082e-05	0.0011716667134397847	0.1292771599621472	False	uniform_inflow
metastatic::BRCA1+GATA3	2	0.0001824151769427	0.0011596393391358716	0.2612359550464893	False	uniform_inflow
metastatic::GATA3+NF1	2	0.0001824151769427	0.0011596393391358716	0.2612359550464893	False	uniform_inflow
primary::PTEN+RB1+TP53	12	0.0010944910616563	0.0011506188084079278	1.579703832683489	True	uniform_inflow
metastatic::CBFB+GATA3	7	0.0006384531192995	0.001120550372648143	0.9462209301690708	True	uniform_inflow
metastatic::ESR1+GATA3+PIK3CA	14	0.001276906238599	0.0010734431566244615	1.9754901958685396	True	uniform_inflow
primary::BRCA1+RB1+TP53	3	0.000273622765414	0.0010594112199365693	0.4289262061931064	False	uniform_inflow
primary::ATM+GATA3+PIK3CA	4	0.0003648303538854	0.0010594112199365617	0.5719016082575838	False	uniform_inflow
primary::AKT1+GATA3+PIK3CA	3	0.000273622765414	0.0010594112199365617	0.42892620619310945	False	uniform_inflow
primary::GATA3+PTEN+TP53	2	0.0001824151769427	0.0010594112199365615	0.285950804128792	False	uniform_inflow
primary::GATA3+PIK3CA+RUNX1	8	0.0007296607077708	0.0010453792832486616	1.159156279809408	True	uniform_inflow
primary::NF1+PTEN+TP53	5	0.0004560379423568	0.0010243313782168078	0.7393590996927488	True	uniform_inflow
primary::AKT1+PTEN	1	9.120758847136082e-05	0.0010163131286808713	0.14903846151482658	False	uniform_inflow
primary::AKT1+PTEN+TP53	2	0.0001824151769427	0.0010032834731849584	0.30194805189627516	False	uniform_inflow
primary::GATA3+NF1+PIK3CA	2	0.0001824151769427	0.000996267504841	0.304074446625807	False	uniform_inflow
primary::BRCA2+GATA3+PIK3CA	1	9.120758847136082e-05	0.000996267504841	0.15203722331292155	False	uniform_inflow
primary::NF1+RB1+TP53	2	0.0001824151769427	0.0009752195998091539	0.3106372044599204	False	uniform_inflow
primary::AKT1+RB1+TP53	4	0.0003648303538854	0.0009611876631212539	0.6303441083106934	False	uniform_inflow
primary::BRCA1+NF1+TP53	3	0.000273622765414	0.0009401397580894	0.48334221736868244	False	uniform_inflow
primary::ESR1+GATA3+PIK3CA	2	0.0001824151769427	0.0009331237897454462	0.32465091291677955	False	uniform_inflow
primary::AKT1+GATA3+TP53	2	0.0001824151769427	0.0009261078214015	0.3271103895271281	False	uniform_inflow
primary::GATA3+PIK3CA+RB1	1	9.120758847136082e-05	0.0009261078214014924	0.1635551947635848	False	uniform_inflow
primary::AKT1+BRCA1+TP53	1	9.120758847136082e-05	0.0009190918530575508	0.16480370769935132	False	uniform_inflow
primary::BRCA1+GATA3+PIK3CA	1	9.120758847136082e-05	0.0009190918530575463	0.16480370769935215	False	uniform_inflow
primary::GATA3+RB1+TP53	1	9.120758847136082e-05	0.0009120758847136	0.16607142852641796	False	uniform_inflow
primary::AKT1+MAP3K1	11	0.0010032834731849	0.0009055610569656499	1.83992805704063	True	uniform_inflow
primary::MAP3K1+PTEN	4	0.0003648303538854	0.0009055610569656499	0.6690647480147414	False	uniform_inflow
primary::BRCA2+RB1+TP53	7	0.0006384531192995	0.0008980439480256971	1.1806640621597306	True	uniform_inflow
primary::MAP3K1+PTEN+TP53	4	0.0003648303538854	0.0008910279796817462	0.6799775026101628	False	uniform_inflow
primary::BRCA1+BRCA2+TP53	6	0.0005472455308281	0.0008699800746498923	1.044642856804186	True	uniform_inflow
metastatic::ESR1+GATA3+TP53	6	0.0005472455308281	0.0008278842645861923	1.0977602901368424	True	uniform_inflow
primary::AKT1+NF1+TP53	3	0.000273622765414	0.0008278842645861846	0.5488801450683259	False	uniform_inflow
primary::MAP3K1+RB1+TP53	2	0.0001824151769427	0.0008138523278982924	0.37222906388922256	False	uniform_inflow
metastatic::ESR1+MAP3K1+PIK3CA	17	0.0015505290040131	0.0008138523278982847	3.1639470430587275	True	uniform_inflow
metastatic::GATA3+PTEN+TP53	2	0.0001824151769427	0.0008068363595543386	0.37546583835381425	False	uniform_inflow
primary::GATA3+NF1+TP53	2	0.0001824151769427	0.0008068363595543308	0.37546583835381786	False	uniform_inflow
primary::MAP2K4+PTEN+TP53	5	0.0004560379423568	0.0007928044228664308	0.9552781285342151	True	uniform_inflow
primary::PTEN+RUNX1+TP53	2	0.0001824151769427	0.0007928044228664307	0.3821112514136442	False	uniform_inflow
primary::ATM+PTEN+TP53	4	0.0003648303538854	0.0007857884545224846	0.7710459180224154	False	uniform_inflow
primary::BRCA2+NF1+TP53	4	0.0003648303538854	0.0007647405494906278	0.7922673652796909	False	uniform_inflow
metastatic::AKT1+ESR1	6	0.0005472455308281	0.00076223484651065	1.1923076917274202	True	uniform_inflow
metastatic::ESR1+PTEN+TP53	2	0.0001824151769427	0.0007577245811466847	0.3998015871038882	False	uniform_inflow
metastatic::ESR1+PTEN	12	0.0010944910616563	0.0007492051910147428	2.4260869552858746	True	uniform_inflow
primary::BRCA2+PTEN	6	0.0005472455308281	0.0007492051910147428	1.2130434776428265	True	uniform_inflow
primary::AKT1+BRCA2	1	9.120758847136082e-05	0.0007492051910147428	0.20217391294049503	False	uniform_inflow
metastatic::AKT1+PTEN+TP53	1	9.120758847136082e-05	0.0007436926444587847	0.20367250663278194	False	uniform_inflow
metastatic::PTEN+RB1+TP53	4	0.0003648303538854	0.0007436926444587817	0.8146900265310345	False	uniform_inflow
primary::AKT1+MAP3K1+TP53	1	9.120758847136082e-05	0.0007436926444587769	0.20367250663278408	False	uniform_inflow
primary::AKT1+MAP2K4	8	0.0007296607077708	0.0007361755355188356	1.6460176982375134	True	uniform_inflow
primary::MAP2K4+PTEN	4	0.0003648303538854	0.0007361755355188356	0.8230088491187567	False	uniform_inflow
primary::RB1+RUNX1+TP53	3	0.000273622765414	0.000729660707770877	0.6227678568031816	False	uniform_inflow
primary::ATM+RB1+TP53	5	0.0004560379423568	0.0007226447394269309	1.0480235777781168	True	uniform_inflow
primary::GATA3+MAP3K1+TP53	3	0.000273622765414	0.0007226447394269309	0.6288141466666862	False	uniform_inflow
primary::MAP2K4+RB1+TP53	1	9.120758847136082e-05	0.0007226447394269278	0.20960471555562613	False	uniform_inflow
primary::BRCA2+GATA3+TP53	4	0.0003648303538854	0.000722644739426923	0.8384188622224107	False	uniform_inflow
primary::CBFB+MAP2K4+PIK3CA	3	0.000273622765414	0.0006945808660511309	0.6542207788186579	False	uniform_inflow
primary::ATM+BRCA1+TP53	4	0.0003648303538854	0.0006945808660511277	0.8722943717583739	False	uniform_inflow
primary::BRCA1+RUNX1+TP53	1	9.120758847136082e-05	0.000694580866051123	0.2180735929396208	False	uniform_inflow
primary::AKT1+NF1	2	0.0001824151769427	0.0006905717412831571	0.4386792450097964	False	uniform_inflow
primary::NF1+PTEN	2	0.0001824151769427	0.0006905717412831571	0.4386792450097964	False	uniform_inflow
metastatic::BRCA1+PTEN+TP53	2	0.0001824151769427	0.0006805489293632231	0.4451399113480201	False	uniform_inflow
primary::BRCA1+MAP2K4+TP53	1	9.120758847136082e-05	0.0006805489293632231	0.22256995567403645	False	uniform_inflow
primary::MAP2K4+PIK3CA+PTEN	1	9.120758847136082e-05	0.0006735329610192693	0.22488839270886649	False	uniform_inflow
primary::AKT1+ESR1	2	0.0001824151769427	0.0006710272580392928	0.4514563103793911	False	uniform_inflow
metastatic::BRCA2+ESR1	10	0.0009120758847136	0.0006645124302913357	2.2794117631570194	True	uniform_inflow
primary::AKT1+ATM	3	0.000273622765414	0.0006645124302913357	0.6838235289469059	False	uniform_inflow
primary::ATM+PTEN	2	0.0001824151769427	0.0006645124302913357	0.45588235263135396	False	uniform_inflow
metastatic::MAP3K1+PTEN+TP53	2	0.0001824151769427	0.000659501024331374	0.4593465042418388	False	uniform_inflow
metastatic::GATA3+MAP3K1+PIK3CA	2	0.0001824151769427	0.0006524850559874154	0.4642857139573051	False	uniform_inflow
primary::BRCA2+MAP3K1	2	0.0001824151769427	0.0006384531192995214	0.47448979556675236	False	uniform_inflow
metastatic::NF1+PTEN+TP53	3	0.000273622765414	0.0006384531192995155	0.711734693350005	False	uniform_inflow
primary::CBFB+PIK3CA+PTEN	1	9.120758847136082e-05	0.0006384531192995155	0.23724489778340652	False	uniform_inflow
metastatic::ESR1+MAP3K1	12	0.0010944910616563	0.0006319382915515643	2.876288657616206	True	uniform_inflow
metastatic::ATM+PTEN+TP53	3	0.000273622765414	0.0006314371509555663	0.7196428565969237	False	uniform_inflow
primary::AKT1+RUNX1	3	0.000273622765414	0.0006254234638036071	0.726562499437755	False	uniform_inflow
primary::AKT1+RB1	2	0.0001824151769427	0.0006254234638036071	0.4843749996252585	False	uniform_inflow
primary::PTEN+RUNX1	2	0.0001824151769427	0.0006254234638036071	0.4843749996252585	False	uniform_inflow
primary::PTEN+RB1	1	9.120758847136082e-05	0.0006254234638036071	0.24218749981265797	False	uniform_inflow
metastatic::AKT1+GATA3+TP53	7	0.0006384531192995	0.0006244211826116154	1.6980337065472395	True	uniform_inflow
primary::ATM+GATA3+TP53	1	9.120758847136082e-05	0.0006244211826116154	0.24257624379247258	False	uniform_inflow
primary::BRCA2+MAP3K1+TP53	1	9.120758847136082e-05	0.0006244211826116154	0.24257624379247258	False	uniform_inflow
primary::AKT1+MAP2K4+TP53	2	0.0001824151769427	0.0006244211826116077	0.48515248758489354	False	uniform_inflow
primary::BRCA1+PTEN	3	0.000273622765414	0.0006189086360556571	0.7342105257352637	False	uniform_inflow
primary::AKT1+BRCA1	1	9.120758847136082e-05	0.0006189086360556571	0.24473684191182835	False	uniform_inflow
metastatic::PTEN+RUNX1+TP53	1	9.120758847136082e-05	0.0006174052142676662	0.24533279201292166	False	uniform_inflow
primary::GATA3+MAP2K4+TP53	3	0.000273622765414	0.0006174052142676616	0.7359983760385487	False	uniform_inflow
metastatic::ESR1+MAP2K4	7	0.0006384531192995	0.0006123938083077	1.7313829773251337	True	uniform_inflow
metastatic::ATM+ESR1	8	0.0007296607077708	0.0006058789805597429	1.9999999983495291	True	uniform_inflow
primary::NF1+RUNX1+TP53	1	9.120758847136082e-05	0.0006033732775797585	0.2510382057712108	False	uniform_inflow
primary::AKT1+RUNX1+TP53	2	0.0001824151769427	0.0006033732775797538	0.5020764115423659	False	uniform_inflow
primary::ATM+NF1+TP53	1	9.120758847136082e-05	0.0005963573092358124	0.25399159642238833	False	uniform_inflow
primary::AKT1+ATM+TP53	2	0.0001824151769427	0.0005963573092358077	0.5079831928447205	False	uniform_inflow
primary::MAP2K4+NF1+TP53	1	9.120758847136082e-05	0.0005963573092358077	0.25399159642239033	False	uniform_inflow
primary::CBFB+GATA3+MAP3K1+PIK3CA	4	0.0003648303538854	0.0005852486926912217	1.0352504629073347	False	uniform_inflow
primary::MAP3K1+NF1	1	9.120758847136082e-05	0.0005798196695679357	0.2612359548212469	False	uniform_inflow
primary::GATA3+MAP3K1+PIK3CA+TP53	4	0.0003648303538854	0.0005776480603186	1.0488721795009703	False	uniform_inflow
metastatic::BRCA2+ESR1+PIK3CA	3	0.000273622765414	0.0005753094042039539	0.7898519156550833	False	uniform_inflow
metastatic::ESR1+RB1	1	9.120758847136082e-05	0.0005733048418199714	0.2642045452117694	False	uniform_inflow
primary::MAP3K1+PIK3CA+PTEN+TP53	2	0.0001824151769427	0.0005700474279459833	0.5314285709348952	False	uniform_inflow
metastatic::ESR1+MAP2K4+PIK3CA	5	0.0004560379423568	0.0005682934358600077	1.33267195642686	True	uniform_inflow
metastatic::ESR1+PIK3CA+PTEN	1	9.120758847136082e-05	0.0005682934358600077	0.2665343912853744	False	uniform_inflow
primary::AKT1+CBFB	6	0.0005472455308281	0.0005602751863240642	1.6220930216992868	True	uniform_inflow
primary::CBFB+PTEN	2	0.0001824151769427	0.0005602751863240642	0.5406976738997622	False	uniform_inflow
primary::MAP2K4+PIK3CA+RUNX1	2	0.0001824151769427	0.0005542614991721124	0.5465641947633104	False	uniform_inflow
primary::ATM+BRCA2+TP53	4	0.0003648303538854	0.0005542614991721077	1.09312838952663	False	uniform_inflow
metastatic::BRCA1+ESR1	2	0.0001824151769427	0.0005537603585761143	0.5470588229929739	False	uniform_inflow
metastatic::BRCA2+GATA3+TP53	1	9.120758847136082e-05	0.0005472455308281539	0.2767857140083878	False	uniform_inflow
metastatic::MAP2K4+PTEN+TP53	1	9.120758847136082e-05	0.0005332135941402586	0.2840695485738924	False	uniform_inflow
metastatic::GATA3+RB1+TP53	4	0.0003648303538854	0.0005332135941402585	1.136278194295435	False	uniform_inflow
primary::BRCA2+RUNX1+TP53	2	0.0001824151769427	0.0005332135941402508	0.5681390971477257	False	uniform_inflow
metastatic::AKT1+RB1+TP53	2	0.0001824151769427	0.0005261976257963077	0.575714285095291	False	uniform_inflow
primary::CBFB+PIK3CA+RUNX1	1	9.120758847136082e-05	0.0005261976257963077	0.28785714254767963	False	uniform_inflow
metastatic::ATM+ESR1+PIK3CA	1	9.120758847136082e-05	0.0005261976257962923	0.28785714254768807	False	uniform_inflow
primary::MAP3K1+NF1+PIK3CA+TP53	3	0.000273622765414	0.0005244436337103083	0.8664596263919491	False	uniform_inflow
primary::NF1+PIK3CA+PTEN+TP53	2	0.0001824151769427	0.0005168430013376967	0.5861344531311645	False	uniform_inflow
primary::MAP3K1+RUNX1	3	0.000273622765414	0.0005146713920883857	0.8829113914180438	False	uniform_inflow
metastatic::CBFB+ESR1	1	9.120758847136082e-05	0.0005146713920883857	0.2943037971394366	False	uniform_inflow
primary::ATM+MAP2K4+PIK3CA	1	9.120758847136082e-05	0.0005121656891084078	0.2957436395883812	False	uniform_inflow
metastatic::ESR1+GATA3+PTEN	2	0.0001824151769427	0.0005121656891084001	0.5914872791767012	False	uniform_inflow
primary::BRCA1+MAP3K1	4	0.0003648303538854	0.0005081565643404357	1.1923076909453016	False	uniform_inflow
primary::MAP2K4+NF1+PIK3CA	3	0.000273622765414	0.0005051497207644539	0.8995535703899998	False	uniform_inflow
metastatic::ESR1+PIK3CA+RB1	2	0.0001824151769427	0.0005051497207644508	0.5997023802601132	False	uniform_inflow
metastatic::ESR1+NF1+PIK3CA	1	9.120758847136082e-05	0.0004981337524205	0.3040744463206294	False	uniform_inflow
metastatic::CBFB+ESR1+PIK3CA	3	0.000273622765414	0.000498133752420497	0.9122233389616189	False	uniform_inflow
metastatic::AKT1+ESR1+GATA3	4	0.0003648303538854	0.0004981337524204923	1.2162977852823924	False	uniform_inflow
metastatic::AKT1+BRCA2+TP53	2	0.0001824151769427	0.0004911177840765539	0.6168367339469366	False	uniform_inflow
metastatic::BRCA2+RB1+TP53	4	0.0003648303538854	0.0004911177840765509	1.2336734678938808	False	uniform_inflow
metastatic::AKT1+ESR1+PIK3CA	2	0.0001824151769427	0.0004911177840765462	0.6168367339469462	False	uniform_inflow
primary::ESR1+GATA3+TP53	2	0.0001824151769427	0.00048410181573260003	0.6257763967392993	False	uniform_inflow
metastatic::BRCA1+GATA3+TP53	1	9.120758847136082e-05	0.00048410181573260003	0.31288819836968673	False	uniform_inflow
primary::AKT1+CBFB+GATA3	10	0.0009120758847136	0.00048410181573259233	3.128881983696889	True	uniform_inflow
primary::AKT1+CBFB+TP53	1	9.120758847136082e-05	0.00048410181573259233	0.31288819836969173	False	uniform_inflow
metastatic::AKT1+MAP3K1+TP53	2	0.0001824151769427	0.00047708584738865385	0.6349789907896995	False	uniform_inflow
metastatic::AKT1+BRCA1+TP53	2	0.0001824151769427	0.00047708584738865087	0.6349789907897035	False	uniform_inflow
metastatic::ATM+ESR1+GATA3	1	9.120758847136082e-05	0.0004770858473886385	0.3174894953948976	False	uniform_inflow
primary::BRCA2+PIK3CA+PTEN	1	9.120758847136082e-05	0.0004770858473886385	0.3174894953948976	False	uniform_inflow
primary::MAP3K1+PIK3CA+RUNX1+TP53	1	9.120758847136082e-05	0.0004712392071020083	0.3214285710117888	False	uniform_inflow
primary::MAP3K1+RUNX1+TP53	6	0.0005472455308281	0.00047006987904469233	1.9333688674186453	True	uniform_inflow
metastatic::ATM+GATA3+TP53	1	9.120758847136082e-05	0.00047006987904469233	0.32222814456981236	False	uniform_inflow
primary::BRCA2+MAP2K4	1	9.120758847136082e-05	0.0004690675978527071	0.32291666624477045	False	uniform_inflow
metastatic::ESR1+RB1+TP53	2	0.0001824151769427	0.00046305391070075087	0.6542207783478353	False	uniform_inflow
metastatic::ESR1+GATA3+MAP2K4	4	0.0003648303538854	0.0004630539107007462	1.308441556695684	False	uniform_inflow
metastatic::BRCA1+RB1+TP53	2	0.0001824151769427	0.0004630539107007462	0.654220778347842	False	uniform_inflow
metastatic::AKT1+NF1+TP53	6	0.0005472455308281	0.00045603794235679233	1.9928571401318445	True	uniform_inflow
metastatic::BRCA1+ESR1+PIK3CA	1	9.120758847136082e-05	0.00045603794235679233	0.3321428566886801	False	uniform_inflow
primary::CBFB+MAP3K1	1	9.120758847136082e-05	0.00044952311460884283	0.33695652126765924	False	uniform_inflow
metastatic::GATA3+MAP2K4+PIK3CA	2	0.0001824151769427	0.00044902197401284615	0.674665177625679	False	uniform_inflow
metastatic::GATA3+NF1+TP53	2	0.0001824151769427	0.0004420060056688923	0.6853741486748792	False	uniform_inflow
primary::ATM+PIK3CA+PTEN	2	0.0001824151769427	0.0004420060056688923	0.6853741486748792	False	uniform_inflow
primary::AKT1+CBFB+PIK3CA	1	9.120758847136082e-05	0.0004420060056688923	0.34268707433748025	False	uniform_inflow
metastatic::BRCA2+PTEN	1	9.120758847136082e-05	0.00043649345911293575	0.34701492486454455	False	uniform_inflow
metastatic::MAP3K1+RB1+TP53	2	0.0001824151769427	0.0004349900373249462	0.6964285704022795	False	uniform_inflow
primary::NF1+PIK3CA+PTEN	1	9.120758847136082e-05	0.0004349900373249385	0.34821428520118725	False	uniform_inflow
metastatic::MAP3K1+NF1+PIK3CA+TP53	2	0.0001824151769427	0.00043323604523895	0.6992481192638105	False	uniform_inflow
metastatic::BRCA1+BRCA2+TP53	3	0.000273622765414	0.0004279740689809924	1.0617681482780281	False	uniform_inflow
metastatic::AKT1+ATM+TP53	1	9.120758847136082e-05	0.0004279740689809923	0.35392271609278275	False	uniform_inflow
primary::CBFB+PIK3CA+RB1	1	9.120758847136082e-05	0.0004279740689809923	0.35392271609278275	False	uniform_inflow
primary::GATA3+NF1+PIK3CA+TP53	3	0.000273622765414	0.0004256354128663333	1.0676020391889485	False	uniform_inflow
primary::BRCA2+NF1	1	9.120758847136082e-05	0.00042346380361702856	0.35769230714285355	False	uniform_inflow
metastatic::CBFB+ESR1+GATA3	3	0.000273622765414	0.00042095810063704316	1.0794642840406203	False	uniform_inflow
metastatic::NF1+RB1+TP53	2	0.0001824151769427	0.0004209581006370385	0.7196428560272198	False	uniform_inflow
metastatic::CBFB+GATA3+PIK3CA	7	0.0006384531192995	0.00042095810063703845	2.5187499960954667	True	uniform_inflow
metastatic::NF1+PIK3CA+PTEN+TP53	5	0.0004560379423568	0.000418034780493725	1.81168830884982	True	uniform_inflow
primary::AKT1+CBFB+GATA3+PIK3CA	2	0.0001824151769427	0.0004180347804937217	0.7246753235398542	False	uniform_inflow
metastatic::AKT1+MAP3K1	5	0.0004560379423568	0.0004169489758690714	1.8164062471427775	True	uniform_inflow
metastatic::AKT1+RUNX1+TP53	2	0.0001824151769427	0.0004139421322930923	0.7318401925405799	False	uniform_inflow
metastatic::BRCA1+ESR1+TP53	1	9.120758847136082e-05	0.0004139421322930923	0.3659200962703333	False	uniform_inflow
metastatic::BRCA2+MAP3K1+PIK3CA	5	0.0004560379423568	0.00041394213229308934	1.8296004813516635	True	uniform_inflow
primary::MAP2K4+NF1	2	0.0001824151769427	0.0004104341481211214	0.7380952369060206	False	uniform_inflow
metastatic::ATM+RB1+TP53	3	0.000273622765414	0.0004069261639491385	1.1166871902953843	False	uniform_inflow
metastatic::ATM+GATA3+PIK3CA	1	9.120758847136082e-05	0.0004069261639491308	0.3722290634319139	False	uniform_inflow
metastatic::MAP3K1+PTEN	1	9.120758847136082e-05	0.0004039193203731643	0.3749999993811112	False	uniform_inflow
primary::BRCA2+ESR1	1	9.120758847136082e-05	0.0004039193203731643	0.3749999993811112	False	uniform_inflow
metastatic::ESR1+MAP3K1+PIK3CA+TP53	2	0.0001824151769427	0.00040283351574849167	0.752021562096122	False	uniform_inflow
metastatic::MAP3K1+NF1+PIK3CA	4	0.0003648303538854	0.0003999101956051924	1.5150375914468082	False	uniform_inflow
metastatic::CBFB+MAP3K1+PIK3CA	3	0.000273622765414	0.00039991019560518934	1.136278193584907	False	uniform_inflow
primary::ATM+BRCA2	5	0.0004560379423568	0.00039740449262520714	1.9057377016955113	True	uniform_inflow
metastatic::AKT1+MAP2K4	2	0.0001824151769427	0.0003974044926252071	0.762295080678121	False	uniform_inflow
primary::CBFB+MAP3K1+PIK3CA+TP53	3	0.000273622765414	0.00039523288337589167	1.1497252727648983	False	uniform_inflow
metastatic::MAP3K1+PIK3CA+PTEN	6	0.0005472455308281	0.0003928942272612432	2.3131377511235254	True	uniform_inflow
metastatic::GATA3+NF1+PIK3CA	1	9.120758847136082e-05	0.0003928942272612385	0.3855229585206379	False	uniform_inflow
metastatic::RB1+RUNX1+TP53	1	9.120758847136082e-05	0.0003928942272612385	0.3855229585206379	False	uniform_inflow
primary::ESR1+MAP2K4	1	9.120758847136082e-05	0.00039088966487725715	0.38749999932850193	False	uniform_inflow
metastatic::AKT1+ATM	2	0.0001824151769427	0.00039088966487724994	0.7749999986569263	False	uniform_inflow
primary::MAP2K4+PIK3CA+PTEN+TP53	2	0.0001824151769427	0.0003876322510032717	0.781512603670858	False	uniform_inflow
primary::CBFB+GATA3+PIK3CA+RUNX1	1	9.120758847136082e-05	0.0003876322510032684	0.39075630183547866	False	uniform_inflow
primary::PIK3CA+PTEN+RB1+TP53	2	0.0001824151769427	0.0003876322510032666	0.7815126036708683	False	uniform_inflow
metastatic::GATA3+PIK3CA+RB1	3	0.000273622765414	0.0003858782589172893	1.1775974005172756	False	uniform_inflow
primary::AKT1+GATA3+MAP3K1	4	0.0003648303538854	0.0003858782589172846	1.5701298673566735	False	uniform_inflow
metastatic::MAP2K4+PTEN	1	9.120758847136082e-05	0.0003843748371293	0.394067795910206	False	uniform_inflow
primary::ATM+MAP2K4	2	0.0001824151769427	0.00038437483712929995	0.7881355918203188	False	uniform_inflow
primary::CBFB+GATA3+MAP2K4+PIK3CA	1	9.120758847136082e-05	0.000380031618630655	0.39857142785162414	False	uniform_inflow
primary::BRCA2+NF1+PIK3CA+TP53	2	0.0001824151769427	0.00038003161863065	0.7971428557031643	False	uniform_inflow
primary::ATM+PIK3CA+PTEN+TP53	1	9.120758847136082e-05	0.00038003161863065	0.3985714278516294	False	uniform_inflow
metastatic::ESR1+GATA3+RB1	2	0.0001824151769427	0.0003788622905733402	0.7996031731525121	False	uniform_inflow
metastatic::ATM+MAP3K1+PIK3CA	5	0.0004560379423568	0.0003788622905733355	1.9990079328815242	True	uniform_inflow
metastatic::ATM+BRCA2+TP53	1	9.120758847136082e-05	0.00037886229057333546	0.39980158657630843	False	uniform_inflow
primary::CBFB+GATA3+MAP3K1	1	9.120758847136082e-05	0.00037886229057333546	0.39980158657630843	False	uniform_inflow
metastatic::ATM+PTEN	1	9.120758847136082e-05	0.00037786000938134286	0.4008620682355077	False	uniform_inflow
primary::PIK3CA+PTEN+RUNX1+TP53	1	9.120758847136082e-05	0.00037243098625804164	0.406705538602266	False	uniform_inflow
primary::MAP2K4+NF1+PIK3CA+TP53	2	0.0001824151769427	0.0003724309862580384	0.8134110772044427	False	uniform_inflow
metastatic::GATA3+MAP2K4+TP53	1	9.120758847136082e-05	0.00036483035388543844	0.41517857063324404	False	uniform_inflow
metastatic::BRCA1+NF1+TP53	2	0.0001824151769427	0.0003648303538854308	0.830357141266407	False	uniform_inflow
primary::CBFB+GATA3+MAP2K4	1	9.120758847136082e-05	0.0003648303538854308	0.41517857063325275	False	uniform_inflow
primary::NF1+PIK3CA+RUNX1+TP53	1	9.120758847136082e-05	0.00036483035388543004	0.4151785706332536	False	uniform_inflow
primary::BRCA2+RB1	1	9.120758847136082e-05	0.0003583155261374786	0.42272727189642423	False	uniform_inflow
primary::BRCA2+RUNX1	1	9.120758847136082e-05	0.0003583155261374786	0.42272727189642423	False	uniform_inflow
metastatic::MAP3K1+PIK3CA+RUNX1	2	0.0001824151769427	0.00035781438554148933	0.8466386537947338	False	uniform_inflow
metastatic::ESR1+NF1+TP53	2	0.0001824151769427	0.0003578143855414846	0.846638653794745	False	uniform_inflow
primary::ATM+MAP2K4+TP53	1	9.120758847136082e-05	0.0003578143855414846	0.4233193268974227	False	uniform_inflow
metastatic::ATM+BRCA1+TP53	2	0.0001824151769427	0.00035781438554148163	0.846638653794752	False	uniform_inflow
primary::AKT1+PIK3CA+PTEN	1	9.120758847136082e-05	0.00035781438554148163	0.42331932689742624	False	uniform_inflow
primary::MAP2K4+MAP3K1+PIK3CA+TP53	3	0.000273622765414	0.00035722972151282174	1.2720364716528305	False	uniform_inflow
primary::BRCA2+MAP3K1+PIK3CA+TP53	2	0.0001824151769427	0.00035722972151281844	0.8480243144353833	False	uniform_inflow
primary::BRCA1+BRCA2	2	0.0001824151769427	0.0003518006983895286	0.8611111093740257	False	uniform_inflow
primary::ESR1+MAP3K1+TP53	2	0.0001824151769427	0.0003507984171975385	0.8635714268223594	False	uniform_inflow
primary::ESR1+PIK3CA+PTEN	2	0.0001824151769427	0.0003507984171975308	0.8635714268223784	False	uniform_inflow
metastatic::ESR1+NF1+PIK3CA+TP53	2	0.0001824151769427	0.00034962908914020505	0.8664596255660335	False	uniform_inflow
primary::ATM+NF1+PIK3CA+TP53	2	0.0001824151769427	0.00034962908914020174	0.8664596255660417	False	uniform_inflow
metastatic::PTEN+RB1	1	9.120758847136082e-05	0.00034528587064157145	0.4386792443746168	False	uniform_inflow
primary::MAP2K4+RB1	1	9.120758847136082e-05	0.0003452858706415714	0.4386792443746169	False	uniform_inflow
primary::MAP2K4+RUNX1	1	9.120758847136082e-05	0.0003452858706415714	0.4386792443746169	False	uniform_inflow
primary::BRCA2+PIK3CA+PTEN+TP53	1	9.120758847136082e-05	0.00034202845676758835	0.44285714192788206	False	uniform_inflow
primary::GATA3+PIK3CA+RUNX1+TP53	2	0.0001824151769427	0.0003420284567675833	0.8857142838556722	False	uniform_inflow
metastatic::AKT1+NF1	4	0.0003648303538854	0.0003387710428936214	1.7884615346582105	False	uniform_inflow
metastatic::AKT1+BRCA1	1	9.120758847136082e-05	0.0003387710428936214	0.4471153836646056	False	uniform_inflow
primary::ATM+NF1	1	9.120758847136082e-05	0.0003387710428936214	0.4471153836646056	False	uniform_inflow
metastatic::BRCA1+GATA3+PIK3CA	3	0.000273622765414	0.0003367664805096308	1.3493303542494457	False	uniform_inflow
metastatic::MAP2K4+NF1+PIK3CA+TP53	2	0.0001824151769427	0.0003344278243949833	0.905844153883074	False	uniform_inflow
metastatic::NF1+PIK3CA+RB1+TP53	1	9.120758847136082e-05	0.00033442782439498006	0.4529220769415951	False	uniform_inflow
metastatic::AKT1+MAP2K4+TP53	3	0.000273622765414	0.0003297505121656846	1.3780395106357561	False	uniform_inflow
metastatic::CBFB+GATA3+TP53	1	9.120758847136082e-05	0.0003297505121656846	0.4593465035453905	False	uniform_inflow
metastatic::GATA3+PIK3CA+RUNX1	1	9.120758847136082e-05	0.0003297505121656846	0.4593465035453905	False	uniform_inflow
metastatic::ATM+MAP3K1+TP53	1	9.120758847136082e-05	0.00032975051216568163	0.4593465035453947	False	uniform_inflow
primary::CBFB+GATA3+PIK3CA+RB1	1	9.120758847136082e-05	0.0003268271920223684	0.4634551484661459	False	uniform_inflow
primary::CBFB+GATA3+NF1+PIK3CA	2	0.0001824151769427	0.0003268271920223666	0.9269102969321871	False	uniform_inflow
primary::MAP3K1+PIK3CA+RB1+TP53	2	0.0001824151769427	0.0003268271920223634	0.9269102969321962	False	uniform_inflow
primary::GATA3+MAP2K4+PIK3CA+TP53	1	9.120758847136082e-05	0.0003268271920223583	0.46345514846616026	False	uniform_inflow
primary::ATM+BRCA2+PIK3CA	1	9.120758847136082e-05	0.0003227345438217308	0.4693322970697884	False	uniform_inflow
primary::AKT1+GATA3+PTEN	2	0.0001824151769427	0.00032273454382172775	0.9386645941394742	False	uniform_inflow
primary::CBFB+ESR1+GATA3	2	0.0001824151769427	0.00032273454382172775	0.9386645941394742	False	uniform_inflow
primary::AKT1+ATM+GATA3	1	9.120758847136082e-05	0.0003227345438217231	0.46933229706979956	False	uniform_inflow
metastatic::NF1+PIK3CA+RUNX1+TP53	1	9.120758847136082e-05	0.0003192265596497583	0.4744897948236255	False	uniform_inflow
metastatic::BRCA2+MAP3K1	1	9.120758847136082e-05	0.00031922655964975713	0.4744897948236273	False	uniform_inflow
primary::ATM+ESR1	1	9.120758847136082e-05	0.00031922655964975713	0.4744897948236273	False	uniform_inflow
primary::BRCA1+CBFB+GATA3+PIK3CA	2	0.0001824151769427	0.000319226559649755	0.9489795896471483	False	uniform_inflow
metastatic::ESR1+GATA3+PIK3CA+TP53	2	0.0001824151769427	0.0003192265596497416	0.9489795896471882	False	uniform_inflow
primary::BRCA1+NF1+PIK3CA+TP53	1	9.120758847136082e-05	0.0003192265596497416	0.47448979482365033	False	uniform_inflow
metastatic::MAP3K1+RUNX1+TP53	1	9.120758847136082e-05	0.00031571857547778163	0.47976190363830246	False	uniform_inflow
metastatic::BRCA2+NF1+PIK3CA+TP53	3	0.000273622765414	0.0003116259272771467	1.458188149833917	False	uniform_inflow
metastatic::MAP2K4+RB1+TP53	2	0.0001824151769427	0.0003087026071338308	0.9813311664621335	False	uniform_inflow
metastatic::AKT1+RUNX1	2	0.0001824151769427	0.00030619690415384994	0.9893616997130059	False	uniform_inflow
primary::ESR1+MAP3K1+PIK3CA+TP53	1	9.120758847136082e-05	0.0003040252949045301	0.498214284486775	False	uniform_inflow
primary::CBFB+GATA3+RUNX1	1	9.120758847136082e-05	0.0003016866387898769	0.5020764107103096	False	uniform_inflow
primary::NF1+RB1	2	0.0001824151769427	0.00029968207640589285	1.010869562678486	False	uniform_inflow
primary::NF1+RUNX1	1	9.120758847136082e-05	0.00029968207640589285	0.5054347813393029	False	uniform_inflow
metastatic::AKT1+CBFB	2	0.0001824151769427	0.0002996820764058928	1.010869562678486	False	uniform_inflow
primary::BRCA1+PIK3CA+PTEN+TP53	1	9.120758847136082e-05	0.0002964246625319083	0.5109890096869444	False	uniform_inflow
primary::AKT1+MAP3K1+PIK3CA+TP53	1	9.120758847136082e-05	0.0002964246625319051	0.5109890096869498	False	uniform_inflow
primary::ATM+GATA3+PIK3CA+TP53	1	9.120758847136082e-05	0.00029642466253190504	0.5109890096869498	False	uniform_inflow
primary::BRCA2+GATA3+PIK3CA+TP53	1	9.120758847136082e-05	0.00029642466253190504	0.5109890096869498	False	uniform_inflow
metastatic::AKT1+CBFB+TP53	2	0.0001824151769427	0.0002946706704459308	1.0280612218493606	False	uniform_inflow
metastatic::ESR1+MAP2K4+TP53	2	0.0001824151769427	0.0002946706704459308	1.0280612218493606	False	uniform_inflow
unknown::PIK3CA+TP53	11	0.0010032834731849	0.00029316724865794286	5.68333331863781	True	uniform_inflow
primary::BRCA1+NF1	2	0.0001824151769427	0.00029316724865794286	1.0333333306613686	False	uniform_inflow
metastatic::PTEN+RUNX1	1	9.120758847136082e-05	0.00029316724865794286	0.5166666653307456	False	uniform_inflow
metastatic::ATM+BRCA2	1	9.120758847136082e-05	0.0002931672486579357	0.5166666653307582	False	uniform_inflow
primary::BRCA2+CBFB	1	9.120758847136082e-05	0.0002931672486579357	0.5166666653307582	False	uniform_inflow
metastatic::BRCA2+MAP3K1+PIK3CA+TP53	4	0.0003648303538854	0.0002888240301593	2.097744355370414	False	uniform_inflow
primary::BRCA2+NF1+PIK3CA	2	0.0001824151769427	0.0002876547021019739	1.053135885709759	False	uniform_inflow
metastatic::CBFB+PTEN	1	9.120758847136082e-05	0.0002866524209099857	0.5284090895018492	False	uniform_inflow
metastatic::ATM+NF1+PIK3CA+TP53	1	9.120758847136082e-05	0.0002812233977866884	0.5386100371393607	False	uniform_inflow
primary::CBFB+PIK3CA+PTEN+TP53	1	9.120758847136082e-05	0.0002812233977866884	0.5386100371393607	False	uniform_inflow
primary::ATM+NF1+PIK3CA	1	9.120758847136082e-05	0.00028063873375802775	0.5397321413793991	False	uniform_inflow
primary::PIK3CA+RB1+RUNX1	1	9.120758847136082e-05	0.0002806387337580231	0.539732141379408	False	uniform_inflow
primary::ESR1+NF1+PIK3CA+TP53	2	0.0001824151769427	0.00027362276541407495	1.107142854010309	False	uniform_inflow
metastatic::MAP3K1+PIK3CA+RB1+TP53	2	0.0001824151769427	0.00027362276541406666	1.1071428540103425	False	uniform_inflow
primary::GATA3+MAP3K1+PIK3CA+RUNX1	1	9.120758847136082e-05	0.00027362276541406666	0.5535714270052369	False	uniform_inflow
primary::ATM+BRCA1	1	9.120758847136082e-05	0.00026710793766612144	0.5670731690767493	False	uniform_inflow
metastatic::PIK3CA+PTEN+RB1+TP53	1	9.120758847136082e-05	0.00026602213304145837	0.569387753431636	False	uniform_inflow
metastatic::ATM+MAP3K1+PIK3CA+TP53	3	0.000273622765414	0.00026602213304145506	1.708163260294414	False	uniform_inflow
metastatic::ATM+MAP3K1	1	9.120758847136082e-05	0.0002605931099181643	0.5812499982492726	False	uniform_inflow
metastatic::BRCA2+RB1	1	9.120758847136082e-05	0.00026059310991816424	0.5812499982492727	False	uniform_inflow
primary::BRCA1+PIK3CA+RUNX1	1	9.120758847136082e-05	0.00025959082872617696	0.5834942067280637	False	uniform_inflow
primary::AKT1+GATA3+RUNX1	2	0.0001824151769427	0.00025959082872616926	1.1669884134560238	False	uniform_inflow
metastatic::GATA3+MAP3K1+PIK3CA+TP53	1	9.120758847136082e-05	0.00025842150066884167	0.5861344519971825	False	uniform_inflow
unknown::GATA3+TP53	2	0.0001824151769427	0.0002540782821702143	1.192307688598979	False	uniform_inflow
metastatic::BRCA1+MAP2K4+TP53	2	0.0001824151769427	0.0002525748603822231	1.1994047581458824	False	uniform_inflow
metastatic::ESR1+GATA3+MAP3K1+PIK3CA	3	0.000273622765414	0.0002508208682962333	1.8116883059600875	False	uniform_inflow
unknown::ESR1+TP53	1	9.120758847136082e-05	0.00024756345442226426	0.6118421032966939	False	uniform_inflow
metastatic::BRCA2+PIK3CA+PTEN+TP53	3	0.000273622765414	0.000243220235923625	1.86830356528853	False	uniform_inflow
metastatic::BRCA1+PIK3CA+PTEN+TP53	1	9.120758847136082e-05	0.000243220235923625	0.6227678550963643	False	uniform_inflow
primary::GATA3+MAP3K1+PIK3CA+PTEN	3	0.000273622765414	0.00024322023592361665	1.8683035652885938	False	uniform_inflow
metastatic::BRCA2+NF1	2	0.0001824151769427	0.00024104862667430712	1.2567567525801964	False	uniform_inflow
primary::NF1+PIK3CA+RB1	1	9.120758847136082e-05	0.00023854292369431538	0.6349789894588523	False	uniform_inflow
metastatic::GATA3+PIK3CA+PTEN+TP53	1	9.120758847136082e-05	0.00023561960355100833	0.6428571406593818	False	uniform_inflow
primary::GATA3+PIK3CA+RB1+TP53	1	9.120758847136082e-05	0.00023561960355100177	0.6428571406593997	False	uniform_inflow
primary::BRCA2+PIK3CA+RUNX1+TP53	1	9.120758847136082e-05	0.00023561960355099999	0.6428571406594046	False	uniform_inflow
primary::ATM+BRCA2+PIK3CA+TP53	2	0.0001824151769427	0.0002356196035509967	1.2857142813186746	False	uniform_inflow
primary::ATM+GATA3+MAP3K1	1	9.120758847136082e-05	0.00023152695535036925	0.6542207769350911	False	uniform_inflow
primary::BRCA1+BRCA2+PIK3CA	1	9.120758847136082e-05	0.00023152695535036923	0.6542207769350912	False	uniform_inflow
primary::ESR1+GATA3+PIK3CA+TP53	1	9.120758847136082e-05	0.00022801897117839164	0.6642857119207277	False	uniform_inflow
primary::AKT1+GATA3+MAP3K1+PIK3CA	1	9.120758847136082e-05	0.00022801897117838332	0.6642857119207519	False	uniform_inflow
primary::CBFB+RUNX1+TP53	1	9.120758847136082e-05	0.0002245109870064154	0.6746651761232606	False	uniform_inflow
unknown::BRCA2+TP53	4	0.0003648303538854	0.0002215041434304472	2.735294107555615	False	uniform_inflow
primary::ATM+MAP2K4+PIK3CA+TP53	1	9.120758847136082e-05	0.00022041833880577679	0.6871921156761462	False	uniform_inflow
primary::ATM+PIK3CA+RUNX1+TP53	1	9.120758847136082e-05	0.000220418338805775	0.6871921156761519	False	uniform_inflow
primary::ATM+BRCA1+PIK3CA	1	9.120758847136082e-05	0.00021749501866247394	0.6964285688013375	False	uniform_inflow
unknown::ATM+TP53	2	0.0001824151769427	0.00021498931568249285	1.409090903699515	False	uniform_inflow
unknown::RUNX1+TP53	2	0.0001824151769427	0.00021498931568249285	1.409090903699515	False	uniform_inflow
unknown::MAP2K4+TP53	1	9.120758847136082e-05	0.00021498931568249285	0.704545451849841	False	uniform_inflow
unknown::PTEN+TP53	1	9.120758847136082e-05	0.00021498931568249285	0.704545451849841	False	uniform_inflow
primary::CBFB+ESR1	1	9.120758847136082e-05	0.0002149893156824857	0.7045454518498645	False	uniform_inflow
metastatic::ESR1+PIK3CA+RB1+TP53	1	9.120758847136082e-05	0.0002128177064331583	0.711734691120705	False	uniform_inflow
primary::BRCA2+PIK3CA+RB1+TP53	1	9.120758847136082e-05	0.0002128177064331583	0.711734691120705	False	uniform_inflow
primary::PIK3CA+RB1+RUNX1+TP53	1	9.120758847136082e-05	0.00021281770643315505	0.7117346911207159	False	uniform_inflow
primary::BRCA2+GATA3+PTEN	1	9.120758847136082e-05	0.0002104790503185077	0.7196428543178089	False	uniform_inflow
metastatic::CBFB+ESR1+GATA3+PIK3CA	1	9.120758847136082e-05	0.00020521707406054166	0.7380952351078486	False	uniform_inflow
metastatic::BRCA2+ESR1+PIK3CA+TP53	2	0.0001824151769427	0.0001976164416879333	1.5329670264749327	False	uniform_inflow
metastatic::ATM+MAP2K4+TP53	1	9.120758847136082e-05	0.00019644711363061537	0.7710459150788139	False	uniform_inflow
metastatic::BRCA2+PIK3CA+RB1+TP53	2	0.0001824151769427	0.000190015809315325	1.594285707211189	False	uniform_inflow
metastatic::ESR1+GATA3+MAP2K4+PIK3CA	1	9.120758847136082e-05	0.000190015809315325	0.797142853605689	False	uniform_inflow
metastatic::BRCA2+NF1+PIK3CA	1	9.120758847136082e-05	0.00018943114528666155	0.7996031710421052	False	uniform_inflow
primary::BRCA1+GATA3+MAP3K1	1	9.120758847136082e-05	0.00018943114528666155	0.7996031710421052	False	uniform_inflow
metastatic::MAP2K4+NF1	1	9.120758847136082e-05	0.00018893000469067143	0.8017241343492663	False	uniform_inflow
metastatic::MAP2K4+PIK3CA+PTEN	2	0.0001824151769427	0.0001824151769427201	1.6607142779807533	False	uniform_inflow
metastatic::ATM+BRCA1	1	9.120758847136082e-05	0.00018241517694271429	0.8303571389905017	False	uniform_inflow
metastatic::ATM+NF1	1	9.120758847136082e-05	0.00018241517694271429	0.8303571389905017	False	uniform_inflow
metastatic::PIK3CA+RB1+RUNX1+TP53	1	9.120758847136082e-05	0.0001824151769427134	0.8303571389905057	False	uniform_inflow
metastatic::MAP3K1+RUNX1	1	9.120758847136082e-05	0.0001759003491947643	0.8611111069264035	False	uniform_inflow
metastatic::CBFB+NF1+TP53	1	9.120758847136082e-05	0.00017539920859876155	0.8635714243607684	False	uniform_inflow
primary::BRCA2+GATA3+MAP3K1	1	9.120758847136082e-05	0.00017539920859876155	0.8635714243607684	False	uniform_inflow
primary::ATM+GATA3+NF1	1	9.120758847136082e-05	0.00017539920859875854	0.8635714243607834	False	uniform_inflow
metastatic::BRCA1+BRCA2+PIK3CA+TP53	1	9.120758847136082e-05	0.0001748145445701	0.8664596230879235	False	uniform_inflow
metastatic::BRCA1+PIK3CA+RB1+TP53	1	9.120758847136082e-05	0.00017481454457009998	0.8664596230879237	False	uniform_inflow
metastatic::BRCA1+GATA3+PIK3CA+TP53	1	9.120758847136082e-05	0.00017481454457009672	0.8664596230879399	False	uniform_inflow
primary::BRCA1+MAP2K4+PIK3CA+TP53	1	9.120758847136082e-05	0.00017481454457009672	0.8664596230879399	False	uniform_inflow
metastatic::CBFB+MAP3K1	1	9.120758847136082e-05	0.00016938552144680715	0.8942307646895983	False	uniform_inflow
metastatic::NF1+PIK3CA+RB1	1	9.120758847136082e-05	0.0001683832402548154	0.8995535668287523	False	uniform_inflow
metastatic::BRCA2+PIK3CA+PTEN	2	0.0001824151769427	0.0001683832402548124	1.7991071336573232	False	uniform_inflow
metastatic::AKT1+GATA3+MAP3K1	1	9.120758847136082e-05	0.0001683832402548077	0.8995535668287934	False	uniform_inflow
metastatic::CBFB+PIK3CA+PTEN+TP53	1	9.120758847136082e-05	0.00016721391219749166	0.9058441511745426	False	uniform_inflow
metastatic::GATA3+PIK3CA+RUNX1+TP53	1	9.120758847136082e-05	0.0001672139121974884	0.9058441511745604	False	uniform_inflow
primary::CBFB+MAP2K4+PIK3CA+TP53	2	0.0001824151769427	0.00016721391219748333	1.8116883023489607	False	uniform_inflow
metastatic::AKT1+ESR1+MAP3K1	2	0.0001824151769427	0.00016136727191086155	1.8773291824620304	False	uniform_inflow
primary::ATM+GATA3+RUNX1	1	9.120758847136082e-05	0.00016136727191086155	0.9386645912311266	False	uniform_inflow
metastatic::AKT1+ATM+GATA3	1	9.120758847136082e-05	0.00016136727191085385	0.9386645912311714	False	uniform_inflow
metastatic::AKT1+ESR1+MAP3K1+PIK3CA	2	0.0001824151769427	0.000159613279824875	1.8979591733488341	False	uniform_inflow
primary::CBFB+MAP3K1+NF1+PIK3CA	1	9.120758847136082e-05	0.000159613279824875	0.9489795866745296	False	uniform_inflow
metastatic::ESR1+GATA3+PIK3CA+RB1	1	9.120758847136082e-05	0.00015961327982486664	0.9489795866745793	False	uniform_inflow
metastatic::ATM+PIK3CA+RB1+TP53	2	0.0001824151769427	0.00015961327982486339	1.897959173348972	False	uniform_inflow
metastatic::NF1+PIK3CA+PTEN	2	0.0001824151769427	0.0001543513035669154	1.9626623265664902	False	uniform_inflow
metastatic::AKT1+CBFB+GATA3	1	9.120758847136082e-05	0.0001543513035669077	0.9813311632834103	False	uniform_inflow
metastatic::ATM+BRCA2+PIK3CA	2	0.0001824151769427	0.00015435130356690469	1.9626623265666263	False	uniform_inflow
primary::NF1+PTEN+RB1+TP53	1	9.120758847136082e-05	0.0001520126474522634	0.996428565696108	False	uniform_inflow
metastatic::ATM+ESR1+PIK3CA+TP53	2	0.0001824151769427	0.00015201264745225507	1.9928571313920889	False	uniform_inflow
metastatic::AKT1+NF1+PIK3CA	1	9.120758847136082e-05	0.00014733533522296154	1.0280612183606612	False	uniform_inflow
metastatic::ATM+NF1+PIK3CA	1	9.120758847136082e-05	0.00014733533522295853	1.028061218360682	False	uniform_inflow
metastatic::BRCA1+ESR1+MAP3K1+PIK3CA	1	9.120758847136082e-05	0.0001444120150796518	1.0488721740537916	False	uniform_inflow
metastatic::ATM+PIK3CA+RUNX1+TP53	2	0.0001824151769427	0.00014441201507964675	2.097744348107408	False	uniform_inflow
metastatic::CBFB+GATA3+PIK3CA+TP53	2	0.0001824151769427	0.00014441201507964672	2.0977443481074083	False	uniform_inflow
metastatic::MAP2K4+PIK3CA+RUNX1	2	0.0001824151769427	0.0001403193668790154	2.1589285578244066	False	uniform_inflow
metastatic::ATM+PIK3CA+RB1	1	9.120758847136082e-05	0.0001403193668790077	1.0794642789123905	False	uniform_inflow
metastatic::CBFB+ESR1+PIK3CA+TP53	1	9.120758847136082e-05	0.00013681138270702498	1.1071428499643035	False	uniform_inflow
metastatic::ATM+ESR1+GATA3+PIK3CA	1	9.120758847136082e-05	0.00012921075033442352	1.1722688994580737	False	uniform_inflow
metastatic::ESR1+GATA3+PIK3CA+PTEN	1	9.120758847136082e-05	0.00012921075033442173	1.1722688994580899	False	uniform_inflow
metastatic::ATM+GATA3+PIK3CA+TP53	1	9.120758847136082e-05	0.00012921075033441848	1.1722688994581194	False	uniform_inflow
metastatic::AKT1+PIK3CA+RUNX1+TP53	1	9.120758847136082e-05	0.00012921075033441666	1.1722688994581358	False	uniform_inflow
metastatic::BRCA2+ESR1+GATA3+PIK3CA	1	9.120758847136082e-05	0.00012921075033441666	1.1722688994581358	False	uniform_inflow
metastatic::AKT1+BRCA2+PIK3CA	1	9.120758847136082e-05	0.0001262874301911077	1.1994047533973513	False	uniform_inflow
metastatic::BRCA2+PIK3CA+RUNX1	1	9.120758847136082e-05	0.0001262874301911077	1.1994047533973513	False	uniform_inflow
primary::AKT1+CBFB+MAP3K1	2	0.0001824151769427	0.00012628743019110468	2.3988095067944752	False	uniform_inflow
metastatic::ATM+GATA3+PTEN	1	9.120758847136082e-05	0.00012628743019110468	1.1994047533973797	False	uniform_inflow
unknown::BRCA2+PIK3CA+TP53	1	9.120758847136082e-05	0.00011927146184715385	1.2699579735939324	False	uniform_inflow
primary::ESR1+GATA3+NF1	1	9.120758847136082e-05	0.00011927146184715384	1.2699579735939324	False	uniform_inflow
metastatic::ATM+BRCA2+GATA3	1	9.120758847136082e-05	0.00011927146184715083	1.2699579735939646	False	uniform_inflow
unknown::GATA3+PIK3CA	1	9.120758847136082e-05	0.00011726689946317142	1.2916666567180715	False	uniform_inflow
metastatic::ESR1+GATA3+PIK3CA+RUNX1	1	9.120758847136082e-05	0.00011400948558919673	1.328571418014862	False	uniform_inflow
primary::AKT1+PIK3CA+RB1+TP53	1	9.120758847136082e-05	0.00011400948558918332	1.3285714180150183	False	uniform_inflow
primary::ESR1+GATA3+RUNX1	1	9.120758847136082e-05	0.00011225549350320769	1.3493303462364352	False	uniform_inflow
primary::BRCA2+ESR1+GATA3	1	9.120758847136082e-05	0.00011225549350320468	1.3493303462364716	False	uniform_inflow
metastatic::AKT1+ATM+ESR1	1	9.120758847136082e-05	0.0001122554935032	1.3493303462365276	False	uniform_inflow
unknown::ESR1+PIK3CA	1	9.120758847136082e-05	0.00011075207171522142	1.3676470476036333	False	uniform_inflow
metastatic::CBFB+RB1	2	0.0001824151769427	0.00011075207171521428	2.7352940952071187	False	uniform_inflow
primary::CBFB+PIK3CA+RB1+TP53	1	9.120758847136082e-05	0.00010640885321658006	1.4234693755527188	False	uniform_inflow
metastatic::ESR1+GATA3+RB1+TP53	1	9.120758847136082e-05	0.000106408853216575	1.4234693755527863	False	uniform_inflow
primary::ATM+BRCA1+BRCA2+TP53	1	9.120758847136082e-05	0.000106408853216575	1.4234693755527863	False	uniform_inflow
primary::MAP3K1+NF1+PIK3CA+RUNX1	1	9.120758847136082e-05	0.000106408853216575	1.4234693755527863	False	uniform_inflow
metastatic::AKT1+ESR1+MAP2K4	1	9.120758847136082e-05	0.00010523952515925385	1.4392857017974758	False	uniform_inflow
metastatic::AKT1+GATA3+RUNX1	1	9.120758847136082e-05	0.00010523952515925385	1.4392857017974758	False	uniform_inflow
metastatic::ATM+ESR1+MAP2K4	1	9.120758847136082e-05	0.00010523952515925384	1.439285701797476	False	uniform_inflow
metastatic::BRCA2+CBFB+GATA3	1	9.120758847136082e-05	0.00010523952515925384	1.439285701797476	False	uniform_inflow
metastatic::ATM+GATA3+MAP3K1	1	9.120758847136082e-05	0.00010523952515925084	1.439285701797517	False	uniform_inflow
metastatic::BRCA2+NF1+PIK3CA+PTEN+TP53	1	9.120758847136082e-05	9.949918742328734e-05	1.5223214145282884	False	uniform_inflow
metastatic::AKT1+GATA3+RB1+TP53	1	9.120758847136082e-05	9.880822084396666e-05	1.5329670187178295	False	uniform_inflow
metastatic::CBFB+GATA3+MAP3K1+PIK3CA	2	0.0001824151769427	9.880822084396339e-05	3.065934037435397	False	uniform_inflow
metastatic::ESR1+PTEN+RB1	1	9.120758847136082e-05	9.822355681530937e-05	1.5420918223076931	False	uniform_inflow
metastatic::BRCA1+ESR1+MAP3K1	1	9.120758847136082e-05	9.82235568153077e-05	1.5420918223077194	False	uniform_inflow
metastatic::CBFB+GATA3+MAP2K4	1	9.120758847136082e-05	9.822355681530769e-05	1.5420918223077196	False	uniform_inflow
metastatic::CBFB+GATA3+MAP3K1	1	9.120758847136082e-05	9.822355681530468e-05	1.542091822307767	False	uniform_inflow
unknown::ATM+PIK3CA+TP53	1	9.120758847136082e-05	9.822355681530468e-05	1.542091822307767	False	uniform_inflow
unknown::GATA3+PIK3CA+TP53	1	9.120758847136082e-05	9.822355681530468e-05	1.542091822307767	False	uniform_inflow
primary::AKT1+CBFB+ESR1+GATA3	1	9.120758847136082e-05	9.120758847135834e-05	1.660714268876946	False	uniform_inflow
metastatic::ATM+PIK3CA+RUNX1	1	9.120758847136082e-05	9.120758847135385e-05	1.6607142688770278	False	uniform_inflow
unknown::PIK3CA+RUNX1+TP53	1	9.120758847136082e-05	9.120758847135385e-05	1.6607142688770278	False	uniform_inflow
primary::ATM+MAP3K1+PIK3CA+RUNX1	1	9.120758847136082e-05	9.120758847134999e-05	1.660714268877098	False	uniform_inflow
unknown::BRCA2+PIK3CA	2	0.0001824151769427	8.469276072340434e-05	3.576923037640884	False	uniform_inflow
metastatic::BRCA2+ESR1+RB1	1	9.120758847136082e-05	8.419162012740936e-05	1.7991071229728717	False	uniform_inflow
unknown::MAP3K1+PIK3CA+TP53	1	9.120758847136082e-05	8.419162012740468e-05	1.7991071229729718	False	uniform_inflow
primary::BRCA2+MAP3K1+PTEN	1	9.120758847136082e-05	8.419162012740001e-05	1.7991071229730715	False	uniform_inflow
primary::BRCA2+MAP3K1+PIK3CA+PTEN	1	9.120758847136082e-05	8.36069560987402e-05	1.8116882915146524	False	uniform_inflow
unknown::AKT1+PIK3CA	1	9.120758847136082e-05	7.817793297545e-05	1.9374999768159789	False	uniform_inflow
unknown::ATM+PIK3CA	1	9.120758847136082e-05	7.817793297545e-05	1.9374999768159789	False	uniform_inflow
unknown::MAP3K1+PIK3CA	1	9.120758847136082e-05	7.817793297545e-05	1.9374999768159789	False	uniform_inflow
unknown::NF1+PIK3CA	1	9.120758847136082e-05	7.817793297545e-05	1.9374999768159789	False	uniform_inflow
unknown::PIK3CA+PTEN	1	9.120758847136082e-05	7.817793297545e-05	1.9374999768159789	False	uniform_inflow
metastatic::ATM+GATA3+NF1	1	9.120758847136082e-05	7.717565178345084e-05	1.9626623138513435	False	uniform_inflow
primary::BRCA1+BRCA2+PTEN	1	9.120758847136082e-05	7.717565178344616e-05	1.9626623138514623	False	uniform_inflow
metastatic::AKT1+GATA3+PTEN+TP53	1	9.120758847136082e-05	7.600632372613007e-05	1.9928571182824475	False	uniform_inflow
metastatic::AKT1+CBFB+NF1+TP53	1	9.120758847136082e-05	7.60063237261268e-05	1.9928571182825332	False	uniform_inflow
metastatic::GATA3+PTEN+RB1+TP53	1	9.120758847136082e-05	7.6006323726125e-05	1.9928571182825803	False	uniform_inflow
metastatic::AKT1+MAP2K4+NF1+TP53	2	0.0001824151769427	7.600632372612173e-05	3.985714236564859	False	uniform_inflow
metastatic::AKT1+ATM+PIK3CA+TP53	1	9.120758847136082e-05	7.600632372612173e-05	1.992857118282666	False	uniform_inflow
metastatic::CBFB+ESR1+GATA3+TP53	1	9.120758847136082e-05	7.600632372612173e-05	1.992857118282666	False	uniform_inflow
metastatic::AKT1+BRCA1+PIK3CA	1	9.120758847136082e-05	7.015968343950469e-05	2.158928542438935	False	uniform_inflow
primary::BRCA2+NF1+PTEN+TP53	1	9.120758847136082e-05	6.840569135351666e-05	2.2142856837435194	False	uniform_inflow
primary::MAP3K1+NF1+PTEN+TP53	1	9.120758847136082e-05	6.840569135351666e-05	2.2142856837435194	False	uniform_inflow
metastatic::BRCA2+MAP3K1+PIK3CA+RB1+TP53	1	9.120758847136082e-05	6.633279161552728e-05	2.2834821103174727	False	uniform_inflow
metastatic::AKT1+MAP3K1+NF1	2	0.0001824151769427	6.314371509555385e-05	4.797618975599158	False	uniform_inflow
metastatic::AKT1+CBFB+ESR1	1	9.120758847136082e-05	6.314371509555084e-05	2.3988094877999773	False	uniform_inflow
metastatic::ATM+GATA3+RB1	1	9.120758847136082e-05	6.314371509555084e-05	2.3988094877999773	False	uniform_inflow
primary::AKT1+CBFB+PTEN	1	9.120758847136082e-05	6.314371509555084e-05	2.3988094877999773	False	uniform_inflow
primary::BRCA2+PTEN+RUNX1	1	9.120758847136082e-05	6.314371509555084e-05	2.3988094877999773	False	uniform_inflow
primary::MAP3K1+PTEN+RUNX1	1	9.120758847136082e-05	6.314371509554616e-05	2.398809487800155	False	uniform_inflow
metastatic::BRCA1+PTEN+RB1+TP53	1	9.120758847136082e-05	6.0805058980899996e-05	2.4910713896595933	False	uniform_inflow
primary::ATM+MAP3K1+PTEN+TP53	1	9.120758847136082e-05	6.0805058980899996e-05	2.4910713896595933	False	uniform_inflow
metastatic::CBFB+RUNX1	1	9.120758847136082e-05	5.863344973158572e-05	2.5833332914066243	False	uniform_inflow
metastatic::AKT1+ATM+MAP3K1	1	9.120758847136082e-05	5.6127746751604684e-05	2.6986606684324865	False	uniform_inflow
metastatic::GATA3+MAP3K1+NF1	1	9.120758847136082e-05	5.612774675160001e-05	2.6986606684327112	False	uniform_inflow
primary::ESR1+GATA3+MAP2K4+PIK3CA	1	9.120758847136082e-05	5.320442660829166e-05	2.8469387243506334	False	uniform_inflow
metastatic::AKT1+ESR1+GATA3+MAP3K1	1	9.120758847136082e-05	5.3204426608288396e-05	2.846938724350808	False	uniform_inflow
primary::BRCA2+GATA3+PTEN+TP53	1	9.120758847136082e-05	5.3204426608288396e-05	2.846938724350808	False	uniform_inflow
primary::BRCA1+CBFB+GATA3+MAP3K1+PIK3CA	1	9.120758847136082e-05	4.974959371164546e-05	3.0446427984567928	False	uniform_inflow
metastatic::ATM+MAP3K1+NF1+PIK3CA+TP53	1	9.120758847136082e-05	4.974959371164189e-05	3.044642798457011	False	uniform_inflow
primary::GATA3+NF1+PIK3CA+RUNX1+TP53	1	9.120758847136082e-05	4.974959371164189e-05	3.044642798457011	False	uniform_inflow
metastatic::AKT1+ESR1+RB1	1	9.120758847136082e-05	4.911177840765084e-05	3.084183613215995	False	uniform_inflow
metastatic::GATA3+MAP3K1+RB1	1	9.120758847136082e-05	4.911177840765084e-05	3.084183613215995	False	uniform_inflow
metastatic::GATA3+MAP3K1+RUNX1	1	9.120758847136082e-05	4.911177840765084e-05	3.084183613215995	False	uniform_inflow
metastatic::AKT1+ATM+NF1	1	9.120758847136082e-05	4.9111778407650834e-05	3.0841836132159957	False	uniform_inflow
metastatic::AKT1+MAP2K4+NF1	1	9.120758847136082e-05	4.9111778407650834e-05	3.0841836132159957	False	uniform_inflow
primary::CBFB+MAP3K1+PTEN	1	9.120758847136082e-05	4.9111778407650834e-05	3.0841836132159957	False	uniform_inflow
metastatic::AKT1+ATM+MAP3K1+PIK3CA	1	9.120758847136082e-05	4.560379423568007e-05	3.3214285013376843	False	uniform_inflow
primary::ATM+BRCA1+RUNX1+TP53	1	9.120758847136082e-05	4.56037942356768e-05	3.3214285013379223	False	uniform_inflow
metastatic::BRCA1+NF1+RB1+TP53	1	9.120758847136082e-05	4.5603794235674994e-05	3.321428501338054	False	uniform_inflow
primary::ATM+ESR1+GATA3+PIK3CA	1	9.120758847136082e-05	4.5603794235674994e-05	3.321428501338054	False	uniform_inflow
metastatic::ATM+MAP3K1+RB1+TP53	2	0.0001824151769427	4.560379423567173e-05	6.642857002675796	False	uniform_inflow
metastatic::BRCA2+ESR1+PIK3CA+RB1	1	9.120758847136082e-05	4.560379423567173e-05	3.321428501338292	False	uniform_inflow
primary::AKT1+MAP2K4+NF1+TP53	1	9.120758847136082e-05	4.560379423567173e-05	3.321428501338292	False	uniform_inflow
metastatic::AKT1+CBFB+NF1	1	9.120758847136082e-05	4.20958100637e-05	3.5982142032077546	False	uniform_inflow
primary::AKT1+NF1+RUNX1	1	9.120758847136082e-05	4.2095810063696984e-05	3.5982142032080127	False	uniform_inflow
primary::AKT1+ATM+RUNX1	1	9.120758847136082e-05	4.209581006369231e-05	3.5982142032084123	False	uniform_inflow
metastatic::ATM+GATA3+MAP3K1+PIK3CA+TP53	1	9.120758847136082e-05	4.1457994759701965e-05	3.6535713434605346	False	uniform_inflow
metastatic::ATM+MAP3K1+PIK3CA+RUNX1+TP53	1	9.120758847136082e-05	4.14579947597e-05	3.653571343460708	False	uniform_inflow
unknown::CBFB+GATA3	1	9.120758847136082e-05	3.908896648772143e-05	3.8749999040658967	False	uniform_inflow
metastatic::AKT1+RB1+RUNX1+TP53	1	9.120758847136082e-05	3.80031618630634e-05	3.9857141841258215	False	uniform_inflow
metastatic::BRCA1+GATA3+PTEN+TP53	1	9.120758847136082e-05	3.80031618630634e-05	3.9857141841258215	False	uniform_inflow
metastatic::ESR1+MAP2K4+PTEN+TP53	1	9.120758847136082e-05	3.80031618630634e-05	3.9857141841258215	False	uniform_inflow
primary::ATM+BRCA1+GATA3+TP53	1	9.120758847136082e-05	3.80031618630634e-05	3.9857141841258215	False	uniform_inflow
primary::ATM+GATA3+PIK3CA+RB1	1	9.120758847136082e-05	3.80031618630634e-05	3.9857141841258215	False	uniform_inflow
primary::ATM+GATA3+MAP3K1+TP53	1	9.120758847136082e-05	3.800316186306013e-05	3.985714184126165	False	uniform_inflow
metastatic::BRCA1+GATA3+MAP3K1+PIK3CA	1	9.120758847136082e-05	3.8003161863058325e-05	3.985714184126354	False	uniform_inflow
metastatic::AKT1+CBFB+RUNX1	1	9.120758847136082e-05	3.507984171975083e-05	4.317857023334777	False	uniform_inflow
primary::NF1+PTEN+RB1	1	9.120758847136082e-05	3.507984171975083e-05	4.317857023334777	False	uniform_inflow
primary::BRCA1+NF1+PIK3CA+PTEN+TP53	1	9.120758847136082e-05	3.3166395807765605e-05	4.566964151785407	False	uniform_inflow
primary::ATM+CBFB+GATA3+MAP3K1+PIK3CA	1	9.120758847136082e-05	3.316639580776364e-05	4.566964151785677	False	uniform_inflow
primary::BRCA2+MAP2K4+NF1+PIK3CA+TP53	1	9.120758847136082e-05	3.316639580776364e-05	4.566964151785677	False	uniform_inflow
metastatic::ATM+BRCA2+NF1+PIK3CA+TP53	2	0.0001824151769427	3.3166395807760076e-05	9.133928303571253	False	uniform_inflow
metastatic::AKT1+BRCA1+ESR1+PIK3CA	1	9.120758847136082e-05	3.04025294904518e-05	4.982142697382574	False	uniform_inflow
metastatic::ATM+GATA3+NF1+TP53	1	9.120758847136082e-05	3.04025294904518e-05	4.982142697382574	False	uniform_inflow
metastatic::ATM+NF1+PIK3CA+PTEN	1	9.120758847136082e-05	3.04025294904518e-05	4.982142697382574	False	uniform_inflow
primary::ATM+MAP2K4+PIK3CA+PTEN	1	9.120758847136082e-05	3.04025294904518e-05	4.982142697382574	False	uniform_inflow
metastatic::AKT1+BRCA2+ESR1+GATA3	1	9.120758847136082e-05	3.0402529490449998e-05	4.98214269738287	False	uniform_inflow
metastatic::BRCA2+CBFB+RB1+TP53	1	9.120758847136082e-05	3.0402529490449998e-05	4.98214269738287	False	uniform_inflow
metastatic::CBFB+ESR1+GATA3+MAP3K1	1	9.120758847136082e-05	3.0402529490446732e-05	4.982142697383405	False	uniform_inflow
metastatic::NF1+PTEN+RUNX1+TP53	1	9.120758847136082e-05	3.0402529490446732e-05	4.982142697383405	False	uniform_inflow
primary::AKT1+MAP3K1+NF1+TP53	1	9.120758847136082e-05	3.0402529490446732e-05	4.982142697383405	False	uniform_inflow
primary::AKT1+BRCA2+ESR1	1	9.120758847136082e-05	2.8063873375801665e-05	5.397321240703731	False	uniform_inflow
primary::AKT1+BRCA2+NF1	1	9.120758847136082e-05	2.8063873375801665e-05	5.397321240703731	False	uniform_inflow
unknown::BRCA2+CBFB+TP53	1	9.120758847136082e-05	2.80638733758e-05	5.397321240704051	False	uniform_inflow
unknown::BRCA2+RB1+TP53	1	9.120758847136082e-05	2.80638733758e-05	5.397321240704051	False	uniform_inflow
metastatic::BRCA1+NF1+PIK3CA+RB1+TP53	2	0.0001824151769427	2.4874796855825678e-05	12.178570949026893	False	uniform_inflow
metastatic::ATM+MAP2K4+NF1+PIK3CA+TP53	1	9.120758847136082e-05	2.4874796855823713e-05	6.08928547451465	False	uniform_inflow
primary::ESR1+MAP3K1+PIK3CA+RB1+TP53	1	9.120758847136082e-05	2.4874796855823713e-05	6.08928547451465	False	uniform_inflow
primary::GATA3+MAP2K4+PIK3CA+PTEN+TP53	1	9.120758847136082e-05	2.4874796855823713e-05	6.08928547451465	False	uniform_inflow
metastatic::ESR1+GATA3+MAP3K1+NF1+PIK3CA	1	9.120758847136082e-05	2.487479685581818e-05	6.0892854745160045	False	uniform_inflow
metastatic::AKT1+BRCA2+PTEN+TP53	1	9.120758847136082e-05	2.2801897117838398e-05	6.642856857011283	False	uniform_inflow
metastatic::BRCA1+CBFB+NF1+TP53	1	9.120758847136082e-05	2.2801897117838398e-05	6.642856857011283	False	uniform_inflow
metastatic::BRCA1+RB1+RUNX1+TP53	1	9.120758847136082e-05	2.2801897117838398e-05	6.642856857011283	False	uniform_inflow
metastatic::BRCA2+GATA3+PTEN+TP53	1	9.120758847136082e-05	2.2801897117838398e-05	6.642856857011283	False	uniform_inflow
primary::BRCA1+MAP3K1+NF1+TP53	2	0.0001824151769427	2.280189711783333e-05	13.285713714023947	False	uniform_inflow
metastatic::BRCA1+BRCA2+GATA3+PIK3CA	1	9.120758847136082e-05	2.280189711783333e-05	6.64285685701276	False	uniform_inflow
metastatic::BRCA2+NF1+PTEN+TP53	1	9.120758847136082e-05	2.280189711783333e-05	6.64285685701276	False	uniform_inflow
metastatic::ATM+BRCA2+MAP3K1	1	9.120758847136082e-05	2.1047905031852497e-05	7.196428235461109	False	uniform_inflow
metastatic::BRCA2+PTEN+RB1	1	9.120758847136082e-05	2.1047905031852497e-05	7.196428235461109	False	uniform_inflow
metastatic::AKT1+BRCA1+RUNX1	1	9.120758847136082e-05	2.1047905031850833e-05	7.196428235461677	False	uniform_inflow
metastatic::BRCA2+MAP3K1+NF1	1	9.120758847136082e-05	2.1047905031850833e-05	7.196428235461677	False	uniform_inflow
primary::BRCA2+ESR1+MAP3K1	1	9.120758847136082e-05	2.1047905031850833e-05	7.196428235461677	False	uniform_inflow
unknown::ESR1+GATA3+TP53	1	9.120758847136082e-05	2.1047905031850833e-05	7.196428235461677	False	uniform_inflow
metastatic::ATM+GATA3+MAP3K1+NF1+PIK3CA+TP53	1	9.120758847136082e-05	1.8241517694272162e-05	8.3035709802231	False	uniform_inflow
metastatic::ATM+BRCA1+NF1+PIK3CA+RB1+TP53	1	9.120758847136082e-05	1.824151769427e-05	8.303570980224084	False	uniform_inflow
metastatic::BRCA1+MAP3K1+NF1+PIK3CA+RB1+TP53	1	9.120758847136082e-05	1.824151769427e-05	8.303570980224084	False	uniform_inflow
metastatic::BRCA2+ESR1+GATA3+PIK3CA+RUNX1	1	9.120758847136082e-05	1.6583197903883785e-05	9.13392802817322	False	uniform_inflow
primary::GATA3+MAP3K1+NF1+PIK3CA+RUNX1	1	9.120758847136082e-05	1.6583197903883785e-05	9.13392802817322	False	uniform_inflow
primary::NF1+PIK3CA+RB1+RUNX1+TP53	1	9.120758847136082e-05	1.6583197903883785e-05	9.13392802817322	False	uniform_inflow
metastatic::AKT1+MAP3K1+NF1+PIK3CA+TP53	1	9.120758847136082e-05	1.658319790388182e-05	9.1339280281743	False	uniform_inflow
metastatic::ATM+BRCA2+PIK3CA+RUNX1+TP53	1	9.120758847136082e-05	1.658319790388182e-05	9.1339280281743	False	uniform_inflow
metastatic::BRCA1+ESR1+NF1+PIK3CA+TP53	1	9.120758847136082e-05	1.658319790388182e-05	9.1339280281743	False	uniform_inflow
metastatic::CBFB+MAP3K1+NF1+PIK3CA+TP53	1	9.120758847136082e-05	1.658319790388182e-05	9.1339280281743	False	uniform_inflow
primary::AKT1+ATM+BRCA2+PIK3CA+TP53	1	9.120758847136082e-05	1.658319790388182e-05	9.1339280281743	False	uniform_inflow
primary::BRCA2+CBFB+MAP2K4+PIK3CA+TP53	1	9.120758847136082e-05	1.658319790388182e-05	9.1339280281743	False	uniform_inflow
primary::ESR1+MAP2K4+PIK3CA+PTEN+TP53	1	9.120758847136082e-05	1.658319790388182e-05	9.1339280281743	False	uniform_inflow
metastatic::AKT1+BRCA2+ESR1+RB1	1	9.120758847136082e-05	1.5201264745226801e-05	9.964285067019304	False	uniform_inflow
metastatic::ATM+BRCA1+NF1+PIK3CA	1	9.120758847136082e-05	1.5201264745226801e-05	9.964285067019304	False	uniform_inflow
metastatic::ATM+BRCA2+GATA3+RB1	1	9.120758847136082e-05	1.5201264745226801e-05	9.964285067019304	False	uniform_inflow
metastatic::ATM+ESR1+GATA3+NF1	1	9.120758847136082e-05	1.5201264745226801e-05	9.964285067019304	False	uniform_inflow
metastatic::BRCA1+CBFB+GATA3+TP53	1	9.120758847136082e-05	1.5201264745226801e-05	9.964285067019304	False	uniform_inflow
primary::ATM+NF1+RUNX1+TP53	1	9.120758847136082e-05	1.5201264745226801e-05	9.964285067019304	False	uniform_inflow
metastatic::BRCA1+NF1+RUNX1+TP53	1	9.120758847136082e-05	1.5201264745224999e-05	9.964285067020485	False	uniform_inflow
metastatic::ATM+BRCA1+NF1	1	9.120758847136082e-05	1.4031936687901664e-05	10.794642096761354	False	uniform_inflow
metastatic::ATM+NF1+PTEN	1	9.120758847136082e-05	1.4031936687901664e-05	10.794642096761354	False	uniform_inflow
metastatic::BRCA2+MAP3K1+RB1	1	9.120758847136082e-05	1.4031936687901664e-05	10.794642096761354	False	uniform_inflow
metastatic::MAP2K4+NF1+PTEN	1	9.120758847136082e-05	1.4031936687901664e-05	10.794642096761354	False	uniform_inflow
unknown::AKT1+ATM+PIK3CA	1	9.120758847136082e-05	1.4031936687901664e-05	10.794642096761354	False	uniform_inflow
unknown::AKT1+ESR1+PIK3CA	1	9.120758847136082e-05	1.4031936687901664e-05	10.794642096761354	False	uniform_inflow
unknown::ESR1+GATA3+PIK3CA	1	9.120758847136082e-05	1.4031936687901664e-05	10.794642096761354	False	uniform_inflow
primary::ATM+BRCA1+BRCA2+ESR1+MAP3K1+NF1+PIK3CA+RUNX1+TP53	1	9.120758847136082e-05	1.3029655495908687e-05	11.624999117399373	False	uniform_inflow
primary::ATM+BRCA1+BRCA2+MAP3K1+NF1+PIK3CA+PTEN+RUNX1+TP53	1	9.120758847136082e-05	1.3029655495908687e-05	11.624999117399373	False	uniform_inflow
primary::BRCA2+GATA3+MAP3K1+NF1+PIK3CA+RUNX1	1	9.120758847136082e-05	9.120758847136081e-06	16.607141050042777	False	uniform_inflow
primary::GATA3+MAP2K4+NF1+PIK3CA+PTEN+TP53	1	9.120758847136082e-05	9.120758847136081e-06	16.607141050042777	False	uniform_inflow
metastatic::AKT1+ESR1+GATA3+MAP3K1+NF1	1	9.120758847136082e-05	8.291598951941893e-06	18.267854954758313	False	uniform_inflow
metastatic::ATM+CBFB+ESR1+GATA3+TP53	1	9.120758847136082e-05	8.291598951941893e-06	18.267854954758313	False	uniform_inflow
metastatic::BRCA1+MAP2K4+NF1+RB1+TP53	1	9.120758847136082e-05	8.291598951941893e-06	18.267854954758313	False	uniform_inflow
metastatic::BRCA1+MAP3K1+PIK3CA+PTEN+TP53	1	9.120758847136082e-05	8.291598951941893e-06	18.267854954758313	False	uniform_inflow
primary::AKT1+BRCA2+MAP3K1+NF1+TP53	1	9.120758847136082e-05	8.291598951941893e-06	18.267854954758313	False	uniform_inflow
primary::AKT1+BRCA1+BRCA2+ESR1	1	9.120758847136082e-05	7.600632372613401e-06	19.928568823057724	False	uniform_inflow
primary::ATM+CBFB+NF1+PIK3CA	1	9.120758847136082e-05	7.600632372613401e-06	19.928568823057724	False	uniform_inflow
primary::ATM+GATA3+MAP3K1+PTEN	1	9.120758847136082e-05	7.600632372613401e-06	19.928568823057724	False	uniform_inflow
primary::BRCA2+CBFB+GATA3+PTEN	1	9.120758847136082e-05	7.600632372613401e-06	19.928568823057724	False	uniform_inflow
primary::BRCA2+ESR1+MAP3K1+NF1	1	9.120758847136082e-05	7.600632372613401e-06	19.928568823057724	False	uniform_inflow
primary::BRCA2+MAP3K1+NF1+PTEN	1	9.120758847136082e-05	7.600632372613401e-06	19.928568823057724	False	uniform_inflow
unknown::ATM+ESR1+PIK3CA+TP53	1	9.120758847136082e-05	7.600632372613401e-06	19.928568823057724	False	uniform_inflow
unknown::PTEN+RB1+TP53	3	0.000273622765414	7.015968343950832e-06	64.76784796480348	False	uniform_inflow
metastatic::MAP2K4+MAP3K1+NF1	1	9.120758847136082e-05	7.015968343950832e-06	21.589282654940998	False	uniform_inflow
metastatic::MAP3K1+NF1+PTEN	1	9.120758847136082e-05	7.015968343950832e-06	21.589282654940998	False	uniform_inflow
primary::ATM+BRCA1+RUNX1	1	9.120758847136082e-05	7.015968343950832e-06	21.589282654940998	False	uniform_inflow
primary::BRCA1+MAP2K4+RB1	1	9.120758847136082e-05	7.015968343950832e-06	21.589282654940998	False	uniform_inflow
primary::CBFB+NF1+RUNX1	1	9.120758847136082e-05	7.015968343950832e-06	21.589282654940998	False	uniform_inflow
unknown::BRCA1+CBFB+GATA3	1	9.120758847136082e-05	7.015968343950832e-06	21.589282654940998	False	uniform_inflow
primary::WT	1196	0.1090842758117475	0.0	181157815336.8867	False	uniform_inflow
metastatic::WT	596	0.054359722728931	0.0	90275968177.91339	False	uniform_inflow
unknown::WT	401	0.0365742429770156	0.0	60739367851.24701	False	uniform_inflow
unknown::MAP3K1+PTEN	2	0.0001824151769427	0.0	302939490.52987504	False	uniform_inflow
metastatic::AKT1+ATM+BRCA1+BRCA2+ESR1+MAP3K1+NF1+PIK3CA+PTEN+RUNX1+TP53	1	9.120758847136082e-05	0.0	151469745.2649555	False	uniform_inflow
metastatic::AKT1+ATM+BRCA1+BRCA2+MAP3K1+NF1+RUNX1+TP53	1	9.120758847136082e-05	0.0	151469745.2649555	False	uniform_inflow
metastatic::AKT1+ATM+BRCA2+PIK3CA+RB1	1	9.120758847136082e-05	0.0	151469745.2649555	False	uniform_inflow
metastatic::AKT1+BRCA1+BRCA2+MAP2K4+MAP3K1+NF1+RB1+RUNX1+TP53	1	9.120758847136082e-05	0.0	151469745.2649555	False	uniform_inflow
metastatic::AKT1+BRCA1+ESR1+RUNX1+TP53	1	9.120758847136082e-05	0.0	151469745.2649555	False	uniform_inflow
metastatic::AKT1+BRCA2+MAP2K4+NF1+PIK3CA+TP53	1	9.120758847136082e-05	0.0	151469745.2649555	False	uniform_inflow
metastatic::AKT1+BRCA2+NF1+RB1+TP53	1	9.120758847136082e-05	0.0	151469745.2649555	False	uniform_inflow
metastatic::AKT1+CBFB+GATA3+PIK3CA+RB1+TP53	1	9.120758847136082e-05	0.0	151469745.2649555	False	uniform_inflow
metastatic::ATM+BRCA1+BRCA2+ESR1+MAP3K1	1	9.120758847136082e-05	0.0	151469745.2649555	False	uniform_inflow
metastatic::ATM+BRCA1+BRCA2+ESR1+MAP3K1+PIK3CA+RUNX1+TP53	1	9.120758847136082e-05	0.0	151469745.2649555	False	uniform_inflow
metastatic::ATM+BRCA1+BRCA2+GATA3+PIK3CA+RB1+TP53	1	9.120758847136082e-05	0.0	151469745.2649555	False	uniform_inflow
metastatic::ATM+BRCA1+ESR1+MAP3K1+RUNX1	1	9.120758847136082e-05	0.0	151469745.2649555	False	uniform_inflow
metastatic::ATM+BRCA1+MAP3K1+PIK3CA+PTEN	1	9.120758847136082e-05	0.0	151469745.2649555	False	uniform_inflow
metastatic::ATM+BRCA2+ESR1+GATA3+MAP2K4	1	9.120758847136082e-05	0.0	151469745.2649555	False	uniform_inflow
metastatic::ATM+BRCA2+ESR1+NF1+RUNX1+TP53	1	9.120758847136082e-05	0.0	151469745.2649555	False	uniform_inflow
metastatic::ATM+NF1+RB1+RUNX1+TP53	1	9.120758847136082e-05	0.0	151469745.2649555	False	uniform_inflow
metastatic::BRCA1+BRCA2+ESR1+PIK3CA+RUNX1	1	9.120758847136082e-05	0.0	151469745.2649555	False	uniform_inflow
metastatic::BRCA1+BRCA2+MAP2K4+MAP3K1+PIK3CA+TP53	1	9.120758847136082e-05	0.0	151469745.2649555	False	uniform_inflow
metastatic::BRCA1+BRCA2+MAP3K1+NF1+RB1+RUNX1+TP53	1	9.120758847136082e-05	0.0	151469745.2649555	False	uniform_inflow
metastatic::BRCA1+BRCA2+NF1+PIK3CA+PTEN	1	9.120758847136082e-05	0.0	151469745.2649555	False	uniform_inflow
metastatic::BRCA2+ESR1+RUNX1+TP53	1	9.120758847136082e-05	0.0	151469745.2649555	False	uniform_inflow
metastatic::ESR1+MAP2K4+PIK3CA+RB1+RUNX1	1	9.120758847136082e-05	0.0	151469745.2649555	False	uniform_inflow
metastatic::ESR1+MAP3K1+PIK3CA+PTEN+RUNX1	1	9.120758847136082e-05	0.0	151469745.2649555	False	uniform_inflow
metastatic::ESR1+MAP3K1+PIK3CA+RB1+RUNX1	1	9.120758847136082e-05	0.0	151469745.2649555	False	uniform_inflow
metastatic::GATA3+NF1+PIK3CA+PTEN+RB1+TP53	1	9.120758847136082e-05	0.0	151469745.2649555	False	uniform_inflow
primary::AKT1+ATM+BRCA1+BRCA2+CBFB+MAP3K1+NF1+PIK3CA+PTEN+RUNX1	1	9.120758847136082e-05	0.0	151469745.2649555	False	uniform_inflow
primary::AKT1+ATM+BRCA1+BRCA2+MAP2K4+MAP3K1+NF1+RB1+RUNX1+TP53	1	9.120758847136082e-05	0.0	151469745.2649555	False	uniform_inflow
primary::AKT1+BRCA1+PTEN+RUNX1	1	9.120758847136082e-05	0.0	151469745.2649555	False	uniform_inflow
primary::AKT1+BRCA2+MAP3K1+RUNX1+TP53	1	9.120758847136082e-05	0.0	151469745.2649555	False	uniform_inflow
primary::AKT1+BRCA2+PTEN+RB1+TP53	1	9.120758847136082e-05	0.0	151469745.2649555	False	uniform_inflow
primary::AKT1+CBFB+MAP2K4+MAP3K1+RUNX1	1	9.120758847136082e-05	0.0	151469745.2649555	False	uniform_inflow
primary::AKT1+ESR1+GATA3+NF1+TP53	1	9.120758847136082e-05	0.0	151469745.2649555	False	uniform_inflow
primary::ATM+BRCA1+BRCA2+MAP3K1+NF1+PIK3CA+RUNX1+TP53	1	9.120758847136082e-05	0.0	151469745.2649555	False	uniform_inflow
primary::ATM+MAP2K4+MAP3K1+NF1+PIK3CA	1	9.120758847136082e-05	0.0	151469745.2649555	False	uniform_inflow
primary::BRCA2+GATA3+MAP3K1+NF1+TP53	1	9.120758847136082e-05	0.0	151469745.2649555	False	uniform_inflow
primary::CBFB+GATA3+MAP3K1+NF1+PIK3CA+TP53	1	9.120758847136082e-05	0.0	151469745.2649555	False	uniform_inflow
primary::ESR1+GATA3+PTEN+RB1	1	9.120758847136082e-05	0.0	151469745.2649555	False	uniform_inflow
primary::GATA3+MAP3K1+NF1+PTEN	1	9.120758847136082e-05	0.0	151469745.2649555	False	uniform_inflow
unknown::ATM+BRCA2+GATA3	1	9.120758847136082e-05	0.0	151469745.2649555	False	uniform_inflow
unknown::MAP2K4+PIK3CA+RB1+TP53	1	9.120758847136082e-05	0.0	151469745.2649555	False	uniform_inflow
primary::PIK3CA+TP53	452	0.041225829989055	0.07422268608983078	0.7197419967576965	True	frequency_inflow
primary::TP53	1436	0.1309740970448741	0.03462688701105336	4.901353958902483	True	frequency_inflow
metastatic::PIK3CA+TP53	264	0.0240788033564392	0.03389874392190795	0.9204398171235403	True	frequency_inflow
primary::GATA3+TP53	48	0.0043779642466253	0.028891452666337844	0.19635724741143395	True	frequency_inflow
primary::PIK3CA	766	0.0698650127690623	0.02570113984834889	3.522503730209773	True	frequency_inflow
metastatic::TP53	711	0.0648485954031375	0.017255539012197153	4.869856315729875	True	frequency_inflow
primary::GATA3+PIK3CA	115	0.0104888726742064	0.01658659076174764	0.8194374111589158	True	frequency_inflow
primary::GATA3+PIK3CA+TP53	21	0.0019153593578985	0.015512690691659933	0.1599953049051072	True	frequency_inflow
metastatic::GATA3+TP53	38	0.0034658883619117	0.014420673795686	0.31143908908639895	True	frequency_inflow
metastatic::PIK3CA	304	0.0277271068952936	0.012807591429444758	2.8053121685790874	True	frequency_inflow
primary::MAP3K1+PIK3CA+TP53	32	0.0029186428310835	0.012459509543253961	0.30354571605602265	True	frequency_inflow
primary::MAP3K1+TP53	38	0.0034658883619117	0.0117414081816651	0.3825062072096852	True	frequency_inflow
unknown::TP53	33	0.0030098504195549	0.011609850912568873	0.3359405074342131	True	frequency_inflow
primary::PTEN+TP53	85	0.0077526450200656	0.010500469212654987	0.9567209774627685	True	frequency_inflow
primary::GATA3	332	0.0302809193724917	0.01038511787964542	3.778346037474645	True	frequency_inflow
primary::AKT1+TP53	57	0.0051988325428675	0.008780432701777046	0.7672449063640389	True	frequency_inflow
unknown::PIK3CA	12	0.0010944910616563	0.008617188193300906	0.16458518694149002	True	frequency_inflow
primary::PIK3CA+PTEN+TP53	31	0.0028274352426121	0.008411438313139206	0.4355785715430154	True	frequency_inflow
metastatic::GATA3+PIK3CA+TP53	9	0.0008208682962422	0.008336181873689062	0.127599920850024	True	frequency_inflow
primary::ESR1+TP53	12	0.0010944910616563	0.00770033316718624	0.1841818397843527	True	frequency_inflow
metastatic::GATA3+PIK3CA	42	0.0038307187157971	0.0074433853137478925	0.666889478999079	True	frequency_inflow
primary::BRCA2+TP53	49	0.0044691718350966	0.006547890190270344	0.8844428374836545	True	frequency_inflow
primary::NF1+TP53	59	0.0053812477198102	0.006514128090336974	1.0704608645623908	True	frequency_inflow
primary::MAP3K1+PIK3CA	158	0.014410798978475	0.006087835835645398	3.0673916496789784	True	frequency_inflow
metastatic::ESR1+TP53	28	0.0025538124771981	0.005693802816538348	0.581206797824888	True	frequency_inflow
primary::PIK3CA+PTEN	41	0.0037395111273257	0.005628738354598569	0.8608904140835382	True	frequency_inflow
primary::MAP3K1	61	0.005563662896753	0.005616366092469702	1.2836585062626793	True	frequency_inflow
metastatic::MAP3K1+TP53	25	0.002280189711784	0.005563092795444401	0.5311274912489288	True	frequency_inflow
metastatic::MAP3K1+PIK3CA+TP53	23	0.0020977745348412	0.005452513631161558	0.4985470522955704	True	frequency_inflow
primary::NF1+PIK3CA+TP53	31	0.0028274352426121	0.005420005611593012	0.6759849615251796	True	frequency_inflow
primary::MAP2K4+TP53	24	0.0021889821233126	0.005406200650358402	0.5246795749294478	True	frequency_inflow
primary::AKT1+PIK3CA+TP53	3	0.000273622765414	0.0053413244880697545	0.06638154697261385	False	frequency_inflow
primary::PIK3CA+RB1+TP53	8	0.0007296607077708	0.005305112975182393	0.17822574011602912	True	frequency_inflow
metastatic::PTEN+TP53	68	0.0062021160160525	0.005240779788350714	1.5335151750232732	True	frequency_inflow
metastatic::ESR1+PIK3CA+TP53	13	0.0011856986501276	0.005227811175600028	0.2938992895475247	True	frequency_inflow
primary::RB1+TP53	78	0.0071141919007661	0.00521459442595737	1.7678651855438259	True	frequency_inflow
primary::ATM+TP53	25	0.002280189711784	0.0052104488302437526	0.5670742802122868	True	frequency_inflow
metastatic::GATA3	168	0.0153228748631886	0.0051751925219637685	3.8367000512660425	True	frequency_inflow
primary::BRCA2+PIK3CA+TP53	13	0.0011856986501276	0.0050531659955121355	0.30405690051580864	True	frequency_inflow
metastatic::PIK3CA+PTEN+TP53	20	0.0018241517694272	0.004969713002531123	0.4756349541248915	True	frequency_inflow
primary::MAP2K4+PIK3CA+TP53	14	0.001276906238599	0.0048729043464019114	0.33955898444754684	True	frequency_inflow
primary::AKT1+PIK3CA	9	0.0008208682962422	0.0048036974395801214	0.2214327943337895	True	frequency_inflow
primary::PTEN	78	0.0071141919007661	0.004628711162822799	1.991634305506152	True	frequency_inflow
primary::BRCA1+PIK3CA+TP53	8	0.0007296607077708	0.004607800956337596	0.20519716353494025	True	frequency_inflow
metastatic::AKT1+TP53	38	0.0034658883619117	0.004448680454396046	1.0095491362622855	True	frequency_inflow
primary::BRCA1+TP53	73	0.0066581539584093	0.0043529214912079355	1.9820613938204588	True	frequency_inflow
primary::CBFB+TP53	6	0.0005472455308281	0.004242792889309593	0.16713772820588893	True	frequency_inflow
primary::ESR1+PIK3CA+TP53	5	0.0004560379423568	0.004097249030339531	0.14422904236282197	True	frequency_inflow
primary::RUNX1+TP53	26	0.0023713973002553	0.004083425786631609	0.7525298955329196	True	frequency_inflow
primary::CBFB+PIK3CA+TP53	5	0.0004560379423568	0.003989708851180216	0.14811664860937762	True	frequency_inflow
primary::ESR1	25	0.002280189711784	0.003950619718587612	0.7479108925393942	True	frequency_inflow
primary::ESR1+PIK3CA	9	0.0008208682962422	0.003867561702438786	0.2750301686088057	True	frequency_inflow
primary::ATM+PIK3CA+TP53	13	0.0011856986501276	0.0037591298912323943	0.4087249003728686	True	frequency_inflow
primary::AKT1	78	0.0071141919007661	0.0036631679107053047	2.516592241019396	True	frequency_inflow
primary::PIK3CA+RUNX1+TP53	16	0.0014593214155417	0.0035970339539887937	0.5257151855728132	True	frequency_inflow
metastatic::BRCA2+TP53	32	0.0029186428310835	0.003500682639864949	1.0803694976997267	True	frequency_inflow
unknown::GATA3	6	0.0005472455308281	0.0034819667807172282	0.20365810744027704	True	frequency_inflow
primary::BRCA2+PIK3CA	21	0.0019153593578985	0.003412093591038477	0.7274002339976717	True	frequency_inflow
primary::NF1+PIK3CA	19	0.0017329441809558	0.003324979246998284	0.6753668483729102	True	frequency_inflow
metastatic::AKT1+PIK3CA+TP53	3	0.000273622765414	0.0032654347267710186	0.10858137186198864	False	frequency_inflow
primary::NF1	28	0.0025538124771981	0.0032283049192936082	1.025081888090923	True	frequency_inflow
primary::GATA3+MAP3K1+PIK3CA	20	0.0018241517694272	0.0031595613648675923	0.7481320799728567	True	frequency_inflow
metastatic::NF1+TP53	23	0.0020977745348412	0.0031100413236889806	0.8740509578879648	True	frequency_inflow
primary::BRCA2	37	0.0033746807734403	0.0030956348541171593	1.4126256018861165	True	frequency_inflow
metastatic::BRCA2+PIK3CA+TP53	10	0.0009120758847136	0.003091345879706904	0.3823204047144466	True	frequency_inflow
metastatic::PIK3CA+RB1+TP53	11	0.0010032834731849	0.002991586395942162	0.43457647433328606	True	frequency_inflow
metastatic::ESR1+PIK3CA	59	0.0053812477198102	0.0029859423125868593	2.3353161100243374	True	frequency_inflow
primary::MAP2K4+PIK3CA	51	0.0046515870120394	0.002850839372246083	2.114328698596649	True	frequency_inflow
metastatic::NF1+PIK3CA+TP53	30	0.0027362276541408	0.0028240803215310844	1.2555074288732722	True	frequency_inflow
metastatic::MAP3K1	22	0.0020065669463699	0.0027987911296922584	0.929024716985612	True	frequency_inflow
metastatic::ATM+TP53	21	0.0019153593578985	0.0027611779262821084	0.8988764008097779	True	frequency_inflow
metastatic::MAP2K4+TP53	7	0.0006384531192995	0.002726241988376175	0.3034650735264421	True	frequency_inflow
metastatic::RB1+TP53	37	0.0033746807734403	0.0027031861847008833	1.6177106384907378	True	frequency_inflow
primary::ATM+PIK3CA	20	0.0018241517694272	0.0026710713125558164	0.8849517436888183	True	frequency_inflow
primary::RB1	18	0.0016417365924844	0.0026607718627054628	0.7995395335550468	True	frequency_inflow
primary::PIK3CA+RB1	13	0.0011856986501276	0.002625883242205509	0.585117405607021	True	frequency_inflow
primary::ATM	24	0.0021889821233126	0.0025575840342348904	1.109063483608085	True	frequency_inflow
primary::MAP2K4	35	0.0031922655964976	0.0024838784424701965	1.6653778447408705	True	frequency_inflow
metastatic::PIK3CA+PTEN	10	0.0009120758847136	0.002436829156861925	0.4850092196291623	True	frequency_inflow
metastatic::MAP3K1+PIK3CA	45	0.0041043414812112	0.002366016491164106	2.247862918379022	True	frequency_inflow
metastatic::ESR1+GATA3+TP53	6	0.0005472455308281	0.002323165978881949	0.30524326332054724	True	frequency_inflow
metastatic::PTEN	40	0.0036483035388544	0.0023066152617411263	2.049556555556088	True	frequency_inflow
primary::GATA3+MAP3K1	17	0.0015505290040131	0.0022815293245851825	0.8806390570788658	True	frequency_inflow
primary::CBFB	8	0.0007296607077708	0.0022775027855290527	0.41515105587213114	True	frequency_inflow
metastatic::ATM+PIK3CA+TP53	6	0.0005472455308281	0.00226034831090129	0.3137263231514784	True	frequency_inflow
primary::BRCA1+PIK3CA	10	0.0009120758847136	0.0022069633745412506	0.5355252476422938	True	frequency_inflow
metastatic::BRCA1+TP53	29	0.0026450200656694	0.0022020078668696444	1.556518218604763	True	frequency_inflow
metastatic::ESR1+GATA3+PIK3CA	14	0.001276906238599	0.0021973816030941774	0.7530045980319918	True	frequency_inflow
primary::BRCA1	17	0.0015505290040131	0.0021890560754114193	0.9178402762869645	True	frequency_inflow
metastatic::BRCA1+PIK3CA+TP53	10	0.0009120758847136	0.0021773399400002533	0.5428112468654078	True	frequency_inflow
metastatic::AKT1+PIK3CA	5	0.0004560379423568	0.0021520107035793573	0.2746000765026906	True	frequency_inflow
primary::GATA3+PTEN	18	0.0016417365924844	0.002127392293803458	1.0	True	frequency_inflow
metastatic::CBFB+TP53	2	0.0001824151769427	0.002101867439124846	0.1124604326287932	False	frequency_inflow
primary::PIK3CA+RUNX1	27	0.0024626048887267	0.0020862279760350913	1.5295971856059722	True	frequency_inflow
primary::CBFB+PIK3CA	48	0.0043779642466253	0.0020838524907520572	2.7223837301009817	True	frequency_inflow
primary::GATA3+PTEN+TP53	2	0.0001824151769427	0.00207358375688251	0.1139943929181796	False	frequency_inflow
primary::GATA3+MAP3K1+PIK3CA+TP53	4	0.0003648303538854	0.0020406786706588156	0.2316650092223187	False	frequency_inflow
metastatic::MAP2K4+PIK3CA+TP53	14	0.001276906238599	0.002040263261925695	0.8109926211880677	True	frequency_inflow
primary::RUNX1	18	0.0016417365924844	0.002019533214352623	1.053407925470541	True	frequency_inflow
metastatic::ESR1	75	0.006840569135352	0.0019687034718045278	4.502523962663638	True	frequency_inflow
primary::AKT1+GATA3+TP53	2	0.0001824151769427	0.0019102023346221641	0.12374444174670372	False	frequency_inflow
metastatic::RUNX1+TP53	19	0.0017329441809558	0.001906402450887396	1.1779153732218175	True	frequency_inflow
metastatic::AKT1	42	0.0038307187157971	0.0018254582565053181	2.7192708100185947	True	frequency_inflow
primary::AKT1+GATA3	27	0.0024626048887267	0.0018246853218589875	1.7488431579015475	True	frequency_inflow
metastatic::PIK3CA+RUNX1+TP53	12	0.0010944910616563	0.0018063030846704883	0.7851736184919186	True	frequency_inflow
primary::CBFB+GATA3+PIK3CA	41	0.0037395111273257	0.001763029314768886	2.7485231529493004	True	frequency_inflow
metastatic::BRCA2+PIK3CA	13	0.0011856986501276	0.001626536789362129	0.9446143485935447	True	frequency_inflow
metastatic::CBFB+PIK3CA+TP53	2	0.0001824151769427	0.0016180596836841213	0.14608665173618732	False	frequency_inflow
metastatic::NF1	10	0.0009120758847136	0.0016087539564372821	0.7346583999127643	True	frequency_inflow
primary::GATA3+PIK3CA+PTEN	4	0.0003648303538854	0.0016067460565085308	0.29423059174807936	False	frequency_inflow
metastatic::BRCA2	27	0.0024626048887267	0.0015426407801453395	2.068588151699245	True	frequency_inflow
unknown::PIK3CA+TP53	11	0.0010032834731849	0.0014934518648889168	0.8705155477325861	True	frequency_inflow
primary::GATA3+MAP3K1+TP53	3	0.000273622765414	0.001483408211216177	0.23902077630906754	False	frequency_inflow
metastatic::GATA3+PTEN+TP53	2	0.0001824151769427	0.0014749367518834702	0.16026241205441683	False	frequency_inflow
primary::ESR1+GATA3	9	0.0008208682962422	0.0014372883111269882	0.7400715210907167	True	frequency_inflow
primary::GATA3+MAP2K4+PIK3CA	5	0.0004560379423568	0.001343845768384467	0.43973967666153746	True	frequency_inflow
primary::GATA3+RB1+TP53	1	9.120758847136082e-05	0.00134238898079938	0.08804337820472696	False	frequency_inflow
metastatic::RB1	13	0.0011856986501276	0.0013259364800773034	1.1587659081851456	True	frequency_inflow
unknown::ESR1	5	0.0004560379423568	0.0013245806916000243	0.44613537507642337	True	frequency_inflow
primary::AKT1+GATA3+PIK3CA	3	0.000273622765414	0.0012992610948777913	0.2728977136251504	False	frequency_inflow
metastatic::NF1+PIK3CA	12	0.0010944910616563	0.001294943191929333	1.095230692445064	True	frequency_inflow
metastatic::ESR1+GATA3	52	0.0047427946005107	0.0012890393472187994	4.767736509562811	True	frequency_inflow
primary::BRCA2+GATA3	6	0.0005472455308281	0.0012804037218769595	0.5538337262415058	True	frequency_inflow
metastatic::ATM	18	0.0016417365924844	0.0012745151207391254	1.6691777590685224	True	frequency_inflow
primary::GATA3+NF1+TP53	2	0.0001824151769427	0.0012698099661442367	0.18615141459034115	False	frequency_inflow
metastatic::ATM+PIK3CA	8	0.0007296607077708	0.0012465578395409035	0.7584948374068102	True	frequency_inflow
metastatic::MAP2K4+PIK3CA	15	0.0013681138270704	0.0012437648713006706	1.4253714281679233	True	frequency_inflow
primary::GATA3+NF1	8	0.0007296607077708	0.0012409891451739033	0.7618984335957766	True	frequency_inflow
metastatic::MAP2K4	19	0.0017329441809558	0.0012377855783547126	1.8141920483486367	True	frequency_inflow
metastatic::ESR1+GATA3+PIK3CA+TP53	2	0.0001824151769427	0.0012336390957851532	0.19160946038497753	False	frequency_inflow
primary::MAP3K1+PIK3CA+PTEN	8	0.0007296607077708	0.0012192866132460264	0.77545974468352	True	frequency_inflow
metastatic::PIK3CA+RB1	12	0.0010944910616563	0.001171122004323096	1.211027991466813	True	frequency_inflow
primary::MAP3K1+PIK3CA+PTEN+TP53	2	0.0001824151769427	0.001164499814359764	0.2029857957270584	False	frequency_inflow
metastatic::AKT1+GATA3+TP53	7	0.0006384531192995	0.0011385956450622311	0.7266137268468852	True	frequency_inflow
metastatic::CBFB	4	0.0003648303538854	0.0011349428596783568	0.41654418003657295	False	frequency_inflow
metastatic::BRCA1	10	0.0009120758847136	0.0010908674088170613	1.0834356197536448	True	frequency_inflow
metastatic::GATA3+PTEN	9	0.0008208682962422	0.0010813188880345603	0.9837025489783449	True	frequency_inflow
metastatic::GATA3+MAP3K1	6	0.0005472455308281	0.001073331169468756	0.6606821682302809	True	frequency_inflow
primary::GATA3+MAP2K4	16	0.0014593214155417	0.0010730480757388291	1.7622839219895468	True	frequency_inflow
metastatic::ESR1+MAP3K1+PIK3CA+TP53	2	0.0001824151769427	0.0010680821474485145	0.22130968295666492	False	frequency_inflow
primary::BRCA2+GATA3+TP53	4	0.0003648303538854	0.001060117130676878	0.4459449141641862	False	frequency_inflow
unknown::BRCA2	1	9.120758847136082e-05	0.0010379177061044969	0.11387074332909712	False	frequency_inflow
primary::ATM+GATA3+TP53	1	9.120758847136082e-05	0.0010297010776578485	0.11477938915677595	False	frequency_inflow
primary::GATA3+MAP2K4+TP53	3	0.000273622765414	0.0010107645568014144	0.35078929086947497	False	frequency_inflow
metastatic::RUNX1	5	0.0004560379423568	0.0010063894613329119	0.5871904727045104	True	frequency_inflow
primary::ATM+GATA3	16	0.0014593214155417	0.000998067629128024	1.8946765891165909	True	frequency_inflow
primary::AKT1+MAP3K1+PIK3CA	3	0.000273622765414	0.000995004954829929	0.35634534319622085	False	frequency_inflow
metastatic::GATA3+MAP3K1+PIK3CA	2	0.0001824151769427	0.0009939317657881854	0.23782006928770197	False	frequency_inflow
primary::ATM+GATA3+PIK3CA	4	0.0003648303538854	0.0009919880323773144	0.476572123234284	False	frequency_inflow
primary::MAP3K1+PTEN+TP53	4	0.0003648303538854	0.0009844016643814689	0.4802448633672619	False	frequency_inflow
primary::GATA3+RB1	4	0.0003648303538854	0.0009765307605179891	0.48411566938735884	False	frequency_inflow
primary::GATA3+NF1+PIK3CA+TP53	3	0.000273622765414	0.0009736835053684622	0.36414849399018334	False	frequency_inflow
metastatic::BRCA1+PIK3CA	4	0.0003648303538854	0.0009472124279307751	0.4991001266983784	False	frequency_inflow
metastatic::AKT1+GATA3	13	0.0011856986501276	0.0009460677033900972	1.62403809321645	True	frequency_inflow
primary::AKT1+MAP3K1+TP53	1	9.120758847136082e-05	0.0009449548412180674	0.12507313105566029	False	frequency_inflow
primary::ESR1+GATA3+PIK3CA	2	0.0001824151769427	0.0008976402233193903	0.2633314720538958	False	frequency_inflow
metastatic::ESR1+PTEN+TP53	2	0.0001824151769427	0.0008956300415886335	0.26392250193128364	False	frequency_inflow
primary::GATA3+NF1+PIK3CA	2	0.0001824151769427	0.0008848191738522003	0.26714715092414054	False	frequency_inflow
metastatic::ESR1+MAP3K1+PIK3CA	17	0.0015505290040131	0.0008716524571918557	2.3050515318329756	True	frequency_inflow
metastatic::BRCA2+GATA3+TP53	1	9.120758847136082e-05	0.0008564748000673693	0.1379940900481024	False	frequency_inflow
primary::MAP3K1+PIK3CA+RUNX1+TP53	1	9.120758847136082e-05	0.0008560381164968035	0.13806448381997719	False	frequency_inflow
metastatic::CBFB+PIK3CA	11	0.0010032834731849	0.0008451200540762492	1.5383294494522992	True	frequency_inflow
primary::BRCA2+GATA3+PIK3CA	1	9.120758847136082e-05	0.0008396690846763545	0.1407559988078163	False	frequency_inflow
primary::CBFB+MAP3K1+PIK3CA+TP53	3	0.000273622765414	0.000836744676835798	0.4237438155976371	False	frequency_inflow
primary::BRCA1+GATA3	6	0.0005472455308281	0.0008222402765266292	0.8624373973354484	True	frequency_inflow
primary::MAP3K1+NF1+PIK3CA+TP53	3	0.000273622765414	0.0008214300774705746	0.4316440215183305	False	frequency_inflow
primary::ESR1+MAP3K1+PIK3CA	1	9.120758847136082e-05	0.0007901215769630243	0.1495826264194902	False	frequency_inflow
primary::PTEN+RB1+TP53	12	0.0010944910616563	0.0007850847976086924	1.8065074401929866	True	frequency_inflow
primary::MAP2K4+MAP3K1+PIK3CA	1	9.120758847136082e-05	0.000783215066049261	0.150901669023928	False	frequency_inflow
primary::GATA3+PIK3CA+RUNX1+TP53	2	0.0001824151769427	0.0007810417812293873	0.3026431197702453	False	frequency_inflow
metastatic::PIK3CA+RUNX1	5	0.0004560379423568	0.0007810213872850247	0.7566275558851188	True	frequency_inflow
primary::GATA3+RUNX1	7	0.0006384531192995	0.0007788391157379547	1.0622466283178114	True	frequency_inflow
primary::AKT1+PTEN+TP53	2	0.0001824151769427	0.0007779461310808013	0.30384741551779193	False	frequency_inflow
primary::GATA3+PIK3CA+RUNX1	8	0.0007296607077708	0.0007742289729588485	1.2212248809865804	True	frequency_inflow
primary::NF1+PTEN+TP53	5	0.0004560379423568	0.0007705095830527054	0.7669499722558651	True	frequency_inflow
primary::CBFB+GATA3	36	0.0032834731849689	0.000769685191716499	5.527954324534117	True	frequency_inflow
primary::BRCA2+MAP3K1+PIK3CA	1	9.120758847136082e-05	0.0007543400541106239	0.15667795978975135	False	frequency_inflow
primary::GATA3+MAP2K4+PIK3CA+TP53	1	9.120758847136082e-05	0.0007486963162823022	0.15785901185067164	False	frequency_inflow
primary::CBFB+MAP3K1+PIK3CA	15	0.0013681138270704	0.0007483682285393439	2.368923268465793	True	frequency_inflow
primary::MAP3K1+NF1+PIK3CA	6	0.0005472455308281	0.0007430414584687479	0.9543623116823788	True	frequency_inflow
unknown::BRCA1	1	9.120758847136082e-05	0.0007339560921738941	0.16102933393649083	False	frequency_inflow
primary::ESR1+GATA3+TP53	2	0.0001824151769427	0.0007311456409421307	0.323296629406051	False	frequency_inflow
metastatic::BRCA2+GATA3	8	0.0007296607077708	0.0007218861763963343	1.3097739175301437	True	frequency_inflow
metastatic::GATA3+MAP3K1+PIK3CA+TP53	1	9.120758847136082e-05	0.0007188917130879695	0.1644037043497745	False	frequency_inflow
primary::NF1+PIK3CA+PTEN+TP53	2	0.0001824151769427	0.0007121110388386174	0.3319382911103068	False	frequency_inflow
primary::MAP3K1+RB1+TP53	2	0.0001824151769427	0.0006904750905371526	0.3423395348246179	False	frequency_inflow
metastatic::MAP3K1+PTEN+TP53	2	0.0001824151769427	0.000684108182398032	0.3455256454771628	False	frequency_inflow
metastatic::ATM+GATA3+TP53	1	9.120758847136082e-05	0.0006777992633719654	0.17437088978243745	False	frequency_inflow
metastatic::GATA3+RB1+TP53	4	0.0003648303538854	0.0006649506078495822	0.7109608397945986	False	frequency_inflow
metastatic::MAP3K1+NF1+PIK3CA+TP53	2	0.0001824151769427	0.0006640091744655629	0.3559844206656951	False	frequency_inflow
primary::PIK3CA+PTEN+RB1+TP53	2	0.0001824151769427	0.0006625524187988927	0.3567671245039944	False	frequency_inflow
metastatic::ESR1+PIK3CA+PTEN	1	9.120758847136082e-05	0.0006392139895164558	0.18489654884889217	False	frequency_inflow
primary::GATA3+PIK3CA+RB1	1	9.120758847136082e-05	0.0006324948398756229	0.1868607507672341	False	frequency_inflow
primary::MAP3K1+PTEN	4	0.0003648303538854	0.0006314102726461112	0.7487268785787838	False	frequency_inflow
primary::BRCA2+GATA3+PIK3CA+TP53	1	9.120758847136082e-05	0.0006231544428214833	0.1896615870981078	False	frequency_inflow
primary::AKT1+RB1+TP53	4	0.0003648303538854	0.0006198403981484838	0.7627025342960577	False	frequency_inflow
primary::MAP3K1+PIK3CA+RUNX1	8	0.0007296607077708	0.0006135443376519786	1.5410584484515608	True	frequency_inflow
unknown::GATA3+TP53	2	0.0001824151769427	0.0006117975030166331	0.3863646387782384	False	frequency_inflow
primary::ATM+GATA3+PIK3CA+TP53	1	9.120758847136082e-05	0.0006116515140297343	0.19322842814617347	False	frequency_inflow
metastatic::GATA3+PIK3CA+PTEN+TP53	1	9.120758847136082e-05	0.0006071925730369047	0.19464740821293008	False	frequency_inflow
metastatic::NF1+PIK3CA+PTEN+TP53	5	0.0004560379423568	0.0006008617577341849	0.9834912865099263	True	frequency_inflow
primary::ATM+MAP3K1+PIK3CA	4	0.0003648303538854	0.0006006963561780331	0.7870096724250898	False	frequency_inflow
metastatic::GATA3+NF1	2	0.0001824151769427	0.0005906690178394563	0.40018506829636424	False	frequency_inflow
primary::NF1+RB1+TP53	2	0.0001824151769427	0.0005821128407802356	0.40606718264781627	False	frequency_inflow
primary::BRCA1+GATA3+PIK3CA	1	9.120758847136082e-05	0.000576932355686831	0.20485670365438688	False	frequency_inflow
primary::AKT1+MAP3K1	11	0.0010032834731849	0.0005759877763539437	2.257119196207613	True	frequency_inflow
primary::AKT1+NF1+TP53	3	0.000273622765414	0.0005756293000917345	0.6159613171092757	False	frequency_inflow
primary::MAP3K1+PIK3CA+RB1	1	9.120758847136082e-05	0.0005755586845201683	0.2053456298997675	False	frequency_inflow
primary::CBFB+GATA3+MAP3K1+PIK3CA	4	0.0003648303538854	0.0005726622823739199	0.8255368949816867	False	frequency_inflow
primary::BRCA2+MAP3K1+TP53	1	9.120758847136082e-05	0.0005705201771860162	0.20715912485024535	False	frequency_inflow
metastatic::BRCA1+GATA3+TP53	1	9.120758847136082e-05	0.0005639575098943791	0.20956979655255645	False	frequency_inflow
primary::AKT1+PTEN	1	9.120758847136082e-05	0.0005618505840459382	0.21035567812527559	False	frequency_inflow
primary::BRCA1+MAP3K1+PIK3CA	2	0.0001824151769427	0.0005613212382503512	0.421108101949781	False	frequency_inflow
metastatic::ATM+GATA3	8	0.0007296607077708	0.0005571108227223838	1.6971626583410573	True	frequency_inflow
metastatic::AKT1+MAP3K1+TP53	2	0.0001824151769427	0.00055451579680088	0.42627626224942	False	frequency_inflow
metastatic::GATA3+MAP2K4	7	0.0006384531192995	0.0005544430291803619	1.4921627303850955	True	frequency_inflow
metastatic::AKT1+PTEN+TP53	1	9.120758847136082e-05	0.0005519678903788685	0.2141219854784942	False	frequency_inflow
metastatic::GATA3+NF1+TP53	2	0.0001824151769427	0.0005466443918193649	0.4324144265446138	False	frequency_inflow
primary::MAP2K4+PTEN+TP53	5	0.0004560379423568	0.000540432676750307	1.0934614586446791	True	frequency_inflow
primary::AKT1+MAP2K4+TP53	2	0.0001824151769427	0.0005392656182034093	0.4383311548657317	False	frequency_inflow
primary::AKT1+BRCA1+TP53	1	9.120758847136082e-05	0.0005288400371114441	0.22348621947099048	False	frequency_inflow
metastatic::GATA3+RB1	1	9.120758847136082e-05	0.0005287842192067166	0.2235098104406708	False	frequency_inflow
primary::BRCA1+NF1+TP53	3	0.000273622765414	0.000523737218719408	0.676990996853565	False	frequency_inflow
primary::ATM+PIK3CA+PTEN+TP53	1	9.120758847136082e-05	0.0005049532950994391	0.23405820248205017	False	frequency_inflow
primary::BRCA2+RB1+TP53	7	0.0006384531192995	0.0005039419541697555	1.641695471610868	True	frequency_inflow
primary::MAP2K4+PIK3CA+PTEN+TP53	2	0.0001824151769427	0.0005023321516756897	0.47055901237009096	False	frequency_inflow
metastatic::BRCA2+ESR1+PIK3CA	3	0.000273622765414	0.0004977926619378979	0.7122752279524667	False	frequency_inflow
primary::BRCA2+NF1+PIK3CA+TP53	2	0.0001824151769427	0.0004956701048561004	0.4768835539043737	False	frequency_inflow
primary::ATM+PTEN+TP53	4	0.0003648303538854	0.000492733193470268	0.9594519886119729	False	frequency_inflow
metastatic::PTEN+RB1+TP53	4	0.0003648303538854	0.0004849175869597043	0.9749158517403859	False	frequency_inflow
primary::BRCA1+BRCA2+TP53	6	0.0005472455308281	0.000483150488420995	1.4677223359211773	True	frequency_inflow
metastatic::GATA3+MAP2K4+PIK3CA	2	0.0001824151769427	0.00047651703199702344	0.49605135866421546	False	frequency_inflow
primary::MAP2K4+PIK3CA+PTEN	1	9.120758847136082e-05	0.0004760390189741393	0.24827473350575696	False	frequency_inflow
metastatic::BRCA2+MAP3K1+PIK3CA+TP53	4	0.0003648303538854	0.00047419608596279057	0.9969585500327522	False	frequency_inflow
primary::ESR1+GATA3+PIK3CA+TP53	1	9.120758847136082e-05	0.0004723630457764262	0.250206830591388	False	frequency_inflow
primary::AKT1+CBFB+GATA3+PIK3CA	2	0.0001824151769427	0.00046763168723478246	0.505476697990871	False	frequency_inflow
primary::BRCA2+NF1+TP53	4	0.0003648303538854	0.00046678345786504126	1.012790479849273	False	frequency_inflow
primary::BRCA1+RB1+TP53	3	0.000273622765414	0.0004620490340224116	0.7673760912626049	False	frequency_inflow
metastatic::GATA3+MAP2K4+TP53	1	9.120758847136082e-05	0.000456257111699387	0.259039163517198	False	frequency_inflow
primary::AKT1+MAP3K1+PIK3CA+TP53	1	9.120758847136082e-05	0.0004457354846479402	0.26515380674845157	False	frequency_inflow
metastatic::ESR1+MAP3K1	12	0.0010944910616563	0.00044204630751942884	3.2084003475094733	True	frequency_inflow
metastatic::CBFB+GATA3+PIK3CA+TP53	2	0.0001824151769427	0.00044002085715100887	0.537194810805294	False	frequency_inflow
primary::ESR1+MAP3K1+PIK3CA+TP53	1	9.120758847136082e-05	0.00043947894223334553	0.2689286088495664	False	frequency_inflow
metastatic::ESR1+PTEN	12	0.0010944910616563	0.0004391518873667166	3.2295466954355594	True	frequency_inflow
primary::PTEN+RUNX1+TP53	2	0.0001824151769427	0.0004374088932656112	0.5404026409697954	False	frequency_inflow
metastatic::ATM+MAP3K1+PIK3CA+TP53	3	0.000273622765414	0.0004362256429152736	0.8128027029424765	False	frequency_inflow
metastatic::ESR1+NF1+PIK3CA+TP53	2	0.0001824151769427	0.00043399228547655934	0.5446569651361336	False	frequency_inflow
primary::BRCA2+MAP3K1+PIK3CA+TP53	2	0.0001824151769427	0.0004332300518471545	0.5456152455060848	False	frequency_inflow
metastatic::BRCA1+GATA3	2	0.0001824151769427	0.00042845748056253793	0.551692832583465	False	frequency_inflow
metastatic::NF1+PTEN+TP53	3	0.000273622765414	0.0004230555527090573	0.838105963527895	False	frequency_inflow
metastatic::ATM+GATA3+PIK3CA	1	9.120758847136082e-05	0.00042302434118919564	0.2793892668464027	False	frequency_inflow
metastatic::BRCA1+GATA3+PIK3CA+TP53	1	9.120758847136082e-05	0.00042192212993184065	0.28011913137003447	False	frequency_inflow
metastatic::CBFB+GATA3+PIK3CA	7	0.0006384531192995	0.0004181606774976768	1.9784720761627306	True	frequency_inflow
primary::ATM+BRCA2+TP53	4	0.0003648303538854	0.00041102043146494147	1.1501954792234148	False	frequency_inflow
metastatic::AKT1+ESR1+PIK3CA	2	0.0001824151769427	0.00040937515610566276	0.5774090526548578	False	frequency_inflow
primary::CBFB+PIK3CA+PTEN	1	9.120758847136082e-05	0.00040387760655218117	0.29263434915032066	False	frequency_inflow
primary::MAP2K4+NF1+PIK3CA+TP53	2	0.0001824151769427	0.0003994276301549812	0.5917891082329707	False	frequency_inflow
primary::BRCA2+PIK3CA+PTEN	1	9.120758847136082e-05	0.0003961756223881049	0.2983234046852004	False	frequency_inflow
primary::AKT1+ATM+TP53	2	0.0001824151769427	0.00039609941546872823	0.5967616002874775	False	frequency_inflow
metastatic::ESR1+MAP2K4+PIK3CA	5	0.0004560379423568	0.00039493739706407307	1.4962936075662006	True	frequency_inflow
metastatic::ATM+ESR1+PIK3CA	1	9.120758847136082e-05	0.00039175260722271296	0.30169157356376947	False	frequency_inflow
metastatic::AKT1+NF1+TP53	6	0.0005472455308281	0.0003895518268225362	1.8203759147999525	True	frequency_inflow
metastatic::CBFB+GATA3	7	0.0006384531192995	0.00038905186250564775	2.1265011258451527	True	frequency_inflow
metastatic::AKT1+ESR1	6	0.0005472455308281	0.00038190055049136355	1.8568466637851386	True	frequency_inflow
primary::MAP3K1+PIK3CA+RB1+TP53	2	0.0001824151769427	0.0003818101334086406	0.619095462227377	False	frequency_inflow
metastatic::ATM+PTEN+TP53	3	0.000273622765414	0.0003814617957043104	0.9294911981500403	False	frequency_inflow
primary::GATA3+PIK3CA+RB1+TP53	1	9.120758847136082e-05	0.0003802787163093385	0.3107943080766219	False	frequency_inflow
metastatic::ESR1+GATA3+PTEN	2	0.0001824151769427	0.000379264422482194	0.6232509748067944	False	frequency_inflow
primary::MAP3K1+RUNX1+TP53	6	0.0005472455308281	0.00037893321460816525	1.871387188363338	True	frequency_inflow
primary::AKT1+CBFB+TP53	1	9.120758847136082e-05	0.0003787420181474105	0.31205531693704397	False	frequency_inflow
metastatic::CBFB+GATA3+TP53	1	9.120758847136082e-05	0.0003787244018637512	0.31206983212259576	False	frequency_inflow
primary::MAP2K4+MAP3K1+PIK3CA+TP53	3	0.000273622765414	0.0003649852379999442	0.9714512933143874	False	frequency_inflow
metastatic::BRCA1+PTEN+TP53	2	0.0001824151769427	0.00036384062624984575	0.649671597785853	False	frequency_inflow
metastatic::GATA3+NF1+PIK3CA	1	9.120758847136082e-05	0.0003603245213746512	0.32800559907364135	False	frequency_inflow
primary::BRCA2+PIK3CA+PTEN+TP53	1	9.120758847136082e-05	0.00036029008947249786	0.3280369456385115	False	frequency_inflow
primary::AKT1+RUNX1+TP53	2	0.0001824151769427	0.0003598573681913552	0.6568628069948462	False	frequency_inflow
primary::BRCA2+PTEN	6	0.0005472455308281	0.000358213762619047	1.979630145335758	True	frequency_inflow
primary::AKT1+CBFB+PIK3CA	1	9.120758847136082e-05	0.0003575453602297191	0.3305551508651411	False	frequency_inflow
primary::MAP2K4+RB1+TP53	1	9.120758847136082e-05	0.0003574320990127074	0.33065989545488317	False	frequency_inflow
primary::BRCA2+PIK3CA+RB1+TP53	1	9.120758847136082e-05	0.0003569420834775521	0.331113830400276	False	frequency_inflow
metastatic::MAP3K1+RB1+TP53	2	0.0001824151769427	0.0003521194927279784	0.6712974596840177	False	frequency_inflow
metastatic::PIK3CA+PTEN+RB1+TP53	1	9.120758847136082e-05	0.00035033564642867883	0.3373577929904547	False	frequency_inflow
primary::MAP2K4+NF1+TP53	1	9.120758847136082e-05	0.00034694216122566144	0.3406575322648387	False	frequency_inflow
primary::AKT1+ESR1	2	0.0001824151769427	0.0003460504537146663	0.6830706864399799	False	frequency_inflow
primary::BRCA2+MAP3K1	2	0.0001824151769427	0.00034528329809930907	0.6845883431414632	False	frequency_inflow
primary::PIK3CA+PTEN+RUNX1+TP53	1	9.120758847136082e-05	0.0003430675108428518	0.34450496401582753	False	frequency_inflow
metastatic::ESR1+MAP2K4+TP53	2	0.0001824151769427	0.00034038235605822654	0.6944452811471046	False	frequency_inflow
metastatic::NF1+PIK3CA+RB1+TP53	1	9.120758847136082e-05	0.00033930579053993525	0.34832432504621935	False	frequency_inflow
primary::ATM+RB1+TP53	5	0.0004560379423568	0.00033780841028031324	1.7493415923907736	True	frequency_inflow
primary::ATM+BRCA1+TP53	4	0.0003648303538854	0.0003353246403842163	1.4098392570796647	False	frequency_inflow
metastatic::MAP3K1+PIK3CA+PTEN	6	0.0005472455308281	0.00033305346683363207	2.1291799468326515	True	frequency_inflow
metastatic::ESR1+GATA3+MAP3K1+PIK3CA	3	0.000273622765414	0.0003327019068206303	1.0657149061444926	False	frequency_inflow
primary::NF1+PTEN	2	0.0001824151769427	0.0003315405817481981	0.7129652716582823	False	frequency_inflow
metastatic::GATA3+PIK3CA+RUNX1+TP53	1	9.120758847136082e-05	0.00033090031673716993	0.3571724005302914	False	frequency_inflow
unknown::GATA3+PIK3CA+TP53	1	9.120758847136082e-05	0.0003301365193872904	0.35799874755986305	False	frequency_inflow
primary::ATM+NF1+TP53	1	9.120758847136082e-05	0.0003261760775468918	0.3623455814078963	False	frequency_inflow
primary::AKT1+BRCA2	1	9.120758847136082e-05	0.0003255398182696322	0.3630537766089075	False	frequency_inflow
primary::ATM+BRCA2+PIK3CA+TP53	2	0.0001824151769427	0.00032277433869180557	0.7323287280844999	False	frequency_inflow
metastatic::MAP3K1+PIK3CA+RB1+TP53	2	0.0001824151769427	0.00032246918841139557	0.7330217255058511	False	frequency_inflow
metastatic::PTEN+RUNX1+TP53	1	9.120758847136082e-05	0.00032093779823729536	0.3682597098356583	False	frequency_inflow
primary::ATM+NF1+PIK3CA+TP53	2	0.0001824151769427	0.0003165254194432579	0.7467865339655667	False	frequency_inflow
metastatic::ESR1+RB1+TP53	2	0.0001824151769427	0.00031288784056467686	0.7554685425382788	False	frequency_inflow
primary::AKT1+GATA3+MAP3K1	4	0.0003648303538854	0.0003109485149378452	1.520360506831061	False	frequency_inflow
unknown::ESR1+TP53	1	9.120758847136082e-05	0.00030989999531320586	0.3813761285204144	False	frequency_inflow
primary::MAP3K1+NF1	1	9.120758847136082e-05	0.000309088794109793	0.38237704728325345	False	frequency_inflow
primary::MAP2K4+PTEN	4	0.0003648303538854	0.0003077822060891062	1.5360012125482008	False	frequency_inflow
metastatic::ESR1+PIK3CA+RB1+TP53	1	9.120758847136082e-05	0.00030777672969453223	0.38400713580820683	False	frequency_inflow
primary::AKT1+NF1	2	0.0001824151769427	0.0003062327285302817	0.7718865387360244	False	frequency_inflow
metastatic::GATA3+PIK3CA+RB1	3	0.000273622765414	0.00030484653585675296	1.1630946709221317	False	frequency_inflow
metastatic::BRCA2+PIK3CA+PTEN+TP53	3	0.000273622765414	0.00030391317605463734	1.166666697059381	False	frequency_inflow
metastatic::AKT1+RB1+TP53	2	0.0001824151769427	0.00030244512337004967	0.7815530904561742	False	frequency_inflow
metastatic::AKT1+BRCA2+TP53	2	0.0001824151769427	0.0003013745334162876	0.7843294460915122	False	frequency_inflow
primary::NF1+PIK3CA+PTEN	1	9.120758847136082e-05	0.0002996771368178341	0.39438597713204543	False	frequency_inflow
primary::BRCA1+MAP2K4+TP53	1	9.120758847136082e-05	0.0002954195479925092	0.4000698708852812	False	frequency_inflow
metastatic::BRCA2+ESR1	10	0.0009120758847136	0.00029321000336322085	4.030846801393971	True	frequency_inflow
metastatic::MAP2K4+PTEN+TP53	1	9.120758847136082e-05	0.0002926471397531753	0.4038599540670168	False	frequency_inflow
metastatic::BRCA2+NF1+PIK3CA+TP53	3	0.000273622765414	0.00029151781516853736	1.216273458436479	False	frequency_inflow
primary::NF1+RUNX1+TP53	1	9.120758847136082e-05	0.0002886730890411241	0.40941973775797436	False	frequency_inflow
metastatic::AKT1+ESR1+GATA3	4	0.0003648303538854	0.00028866357999883735	1.6377328988083628	False	frequency_inflow
primary::BRCA1+NF1+PIK3CA+TP53	1	9.120758847136082e-05	0.0002883918522277462	0.4098189997381321	False	frequency_inflow
primary::RB1+RUNX1+TP53	3	0.000273622765414	0.0002872174123592757	1.2344842825516167	False	frequency_inflow
primary::ESR1+MAP3K1+TP53	2	0.0001824151769427	0.0002860829513815904	0.8262530838591322	False	frequency_inflow
metastatic::MAP3K1+PTEN	1	9.120758847136082e-05	0.000285927171697692	0.4133516227482887	False	frequency_inflow
metastatic::BRCA1+ESR1+TP53	1	9.120758847136082e-05	0.00028523997291968314	0.4143474674966148	False	frequency_inflow
metastatic::BRCA2+ESR1+PIK3CA+TP53	2	0.0001824151769427	0.0002849513584330358	0.8295342830268666	False	frequency_inflow
metastatic::BRCA2+RB1+TP53	4	0.0003648303538854	0.0002848939525753961	1.6594028667741314	False	frequency_inflow
primary::MAP2K4+NF1+PIK3CA	3	0.000273622765414	0.0002846775036154755	1.2454984209099391	False	frequency_inflow
metastatic::AKT1+ATM+TP53	1	9.120758847136082e-05	0.00028420269348739517	0.4158597476902634	False	frequency_inflow
unknown::GATA3+PIK3CA	1	9.120758847136082e-05	0.0002788176238569417	0.42389164201173574	False	frequency_inflow
primary::ESR1+NF1+PIK3CA+TP53	2	0.0001824151769427	0.0002782046310962778	0.849651279576868	False	frequency_inflow
primary::AKT1+MAP2K4	8	0.0007296607077708	0.00027731853878924155	3.4094643917346112	True	frequency_inflow
metastatic::AKT1+MAP3K1	5	0.0004560379423568	0.0002751238980672711	2.147913380536992	True	frequency_inflow
unknown::BRCA2+PIK3CA+TP53	1	9.120758847136082e-05	0.00027376837253399955	0.43170969420886457	False	frequency_inflow
metastatic::ESR1+NF1+PIK3CA	1	9.120758847136082e-05	0.00027264982299079945	0.4334807889933185	False	frequency_inflow
primary::ATM+PIK3CA+PTEN	2	0.0001824151769427	0.0002719171461345675	0.8692975935343831	False	frequency_inflow
metastatic::AKT1+BRCA1+TP53	2	0.0001824151769427	0.00027183555197334653	0.8695585219053045	False	frequency_inflow
metastatic::BRCA2+MAP3K1+PIK3CA	5	0.0004560379423568	0.00026967793811241746	2.1912890096129125	True	frequency_inflow
primary::ATM+PTEN	2	0.0001824151769427	0.00026930414658025005	0.8777321989605682	False	frequency_inflow
metastatic::ATM+MAP3K1+TP53	1	9.120758847136082e-05	0.0002656271007107888	0.4449412731653532	False	frequency_inflow
primary::CBFB+MAP2K4+PIK3CA	3	0.000273622765414	0.0002650291732545348	1.337835291018305	False	frequency_inflow
primary::AKT1+GATA3+MAP3K1+PIK3CA	1	9.120758847136082e-05	0.0002645399868622954	0.4467697370725798	False	frequency_inflow
metastatic::ATM+GATA3+PIK3CA+TP53	1	9.120758847136082e-05	0.00026067330567707214	0.45339686801470486	False	frequency_inflow
primary::NF1+PIK3CA+RUNX1+TP53	1	9.120758847136082e-05	0.00026009140282244223	0.45441125344959654	False	frequency_inflow
primary::GATA3+MAP3K1+PIK3CA+PTEN	3	0.000273622765414	0.00025888503291374886	1.3695862487952277	False	frequency_inflow
primary::BRCA2+RUNX1+TP53	2	0.0001824151769427	0.000258195716946858	0.9154951272021696	False	frequency_inflow
primary::BRCA1+RUNX1+TP53	1	9.120758847136082e-05	0.0002577247252789128	0.45858409679526124	False	frequency_inflow
metastatic::BRCA2+PIK3CA+RB1+TP53	2	0.0001824151769427	0.0002570103234279885	0.9197176112317796	False	frequency_inflow
metastatic::ESR1+PIK3CA+RB1	2	0.0001824151769427	0.00025669807271298524	0.9208363671209622	False	frequency_inflow
primary::PIK3CA+RB1+RUNX1+TP53	1	9.120758847136082e-05	0.0002559612689124494	0.4617435319915668	False	frequency_inflow
primary::PTEN+RB1	1	9.120758847136082e-05	0.000252622695186317	0.46784577398086796	False	frequency_inflow
metastatic::BRCA1+PIK3CA+PTEN+TP53	1	9.120758847136082e-05	0.0002504631915928127	0.47187955882429605	False	frequency_inflow
primary::ATM+MAP2K4+PIK3CA	1	9.120758847136082e-05	0.00024817697378528826	0.47622653521613995	False	frequency_inflow
primary::AKT1+ATM	3	0.000273622765414	0.00024786811991085966	1.43045979920374	False	frequency_inflow
metastatic::AKT1+RUNX1+TP53	2	0.0001824151769427	0.0002475921613933308	0.9547027634473352	False	frequency_inflow
metastatic::MAP3K1+NF1+PIK3CA	4	0.0003648303538854	0.00024707195945978334	1.9134257177943919	False	frequency_inflow
primary::AKT1+PIK3CA+PTEN	1	9.120758847136082e-05	0.0002448573523509678	0.48268291396997576	False	frequency_inflow
primary::ATM+BRCA2+PIK3CA	1	9.120758847136082e-05	0.00024419867677720263	0.48398485158978505	False	frequency_inflow
primary::AKT1+CBFB+GATA3	10	0.0009120758847136	0.00023885826064972286	4.948058317352208	True	frequency_inflow
primary::CBFB+GATA3+MAP3K1	1	9.120758847136082e-05	0.00023855380959808773	0.4954373209386435	False	frequency_inflow
metastatic::MAP2K4+NF1+PIK3CA+TP53	2	0.0001824151769427	0.0002383674789207992	0.9916492036722195	False	frequency_inflow
primary::AKT1+RB1	2	0.0001824151769427	0.00023606803103443298	1.0013084770848442	False	frequency_inflow
primary::ESR1+PIK3CA+PTEN	2	0.0001824151769427	0.00023542185690573228	1.0040568184601806	False	frequency_inflow
metastatic::ESR1+NF1+TP53	2	0.0001824151769427	0.00023328190550650854	1.0132672747091915	False	frequency_inflow
metastatic::ATM+NF1+PIK3CA+TP53	1	9.120758847136082e-05	0.00023265188029383032	0.5080056097769254	False	frequency_inflow
primary::CBFB+PIK3CA+PTEN+TP53	1	9.120758847136082e-05	0.00023264143575957833	0.5080284169004776	False	frequency_inflow
metastatic::MAP3K1+RUNX1+TP53	1	9.120758847136082e-05	0.000232384885098741	0.5085892753464292	False	frequency_inflow
metastatic::ATM+ESR1+GATA3	1	9.120758847136082e-05	0.00023188018553685694	0.5096962469608645	False	frequency_inflow
metastatic::NF1+RB1+TP53	2	0.0001824151769427	0.00023010375829542336	1.0272623201315758	False	frequency_inflow
metastatic::ATM+PIK3CA+RB1+TP53	2	0.0001824151769427	0.00022915686668999465	1.0315070371994566	False	frequency_inflow
metastatic::ATM+ESR1	8	0.0007296607077708	0.000227295361731238	4.159819519491291	True	frequency_inflow
metastatic::CBFB+ESR1+PIK3CA	3	0.000273622765414	0.00022595201747320064	1.5692065282842798	False	frequency_inflow
metastatic::ESR1+MAP2K4	7	0.0006384531192995	0.0002258377377424526	3.663334703773301	True	frequency_inflow
metastatic::ESR1+GATA3+MAP2K4+PIK3CA	1	9.120758847136082e-05	0.00021932918200309978	0.5388633614741126	False	frequency_inflow
metastatic::ATM+BRCA2+TP53	1	9.120758847136082e-05	0.0002176034747574414	0.5431368244970667	False	frequency_inflow
primary::ATM+MAP2K4+TP53	1	9.120758847136082e-05	0.00021726825065175159	0.5439748326039808	False	frequency_inflow
metastatic::ESR1+RB1	1	9.120758847136082e-05	0.00021713946203070366	0.5442974721076345	False	frequency_inflow
primary::BRCA2+PIK3CA+RUNX1+TP53	1	9.120758847136082e-05	0.00021671229372926764	0.5453703536759211	False	frequency_inflow
primary::BRCA1+PTEN	3	0.000273622765414	0.0002162308672674662	1.639753774787501	False	frequency_inflow
metastatic::BRCA2+PTEN	1	9.120758847136082e-05	0.00021566707062786974	0.5480134724801826	False	frequency_inflow
metastatic::AKT1+MAP2K4+TP53	3	0.000273622765414	0.00021546087832840317	1.6456137354138047	False	frequency_inflow
metastatic::ESR1+GATA3+MAP2K4	4	0.0003648303538854	0.00021514220884642375	2.1974016332132	False	frequency_inflow
primary::MAP2K4+PIK3CA+RUNX1	2	0.0001824151769427	0.00021371348012716847	1.1060459096829747	False	frequency_inflow
metastatic::CBFB+MAP3K1+PIK3CA	3	0.000273622765414	0.0002128416161369821	1.6658649151258935	False	frequency_inflow
primary::BRCA1+PIK3CA+PTEN+TP53	1	9.120758847136082e-05	0.0002127891572428411	0.5554252002235053	False	frequency_inflow
primary::GATA3+MAP3K1+PIK3CA+RUNX1	1	9.120758847136082e-05	0.00021244720367720273	0.5563192088217846	False	frequency_inflow
primary::AKT1+PIK3CA+RB1+TP53	1	9.120758847136082e-05	0.0002117514018902126	0.5581472387396587	False	frequency_inflow
metastatic::BRCA1+ESR1+PIK3CA	1	9.120758847136082e-05	0.00021159326178301827	0.5585643855949205	False	frequency_inflow
metastatic::BRCA1+GATA3+PIK3CA	3	0.000273622765414	0.00021011683082716498	1.687467773923082	False	frequency_inflow
metastatic::ATM+MAP3K1+PIK3CA	5	0.0004560379423568	0.0002089153069428612	2.828621367821091	True	frequency_inflow
primary::PTEN+RUNX1	2	0.0001824151769427	0.0002085219683252488	1.133582818202325	False	frequency_inflow
primary::ATM+MAP2K4+PIK3CA+TP53	1	9.120758847136082e-05	0.00020840998867236897	0.5670959487509183	False	frequency_inflow
primary::CBFB+MAP2K4+PIK3CA+TP53	2	0.0001824151769427	0.00020772984304597502	1.1379054498904793	False	frequency_inflow
primary::CBFB+GATA3+MAP2K4+PIK3CA	1	9.120758847136082e-05	0.00020716707688048913	0.5704982762299804	False	frequency_inflow
metastatic::BRCA1+BRCA2+PIK3CA+TP53	1	9.120758847136082e-05	0.00020602309891682306	0.5736660640002842	False	frequency_inflow
metastatic::BRCA1+BRCA2+TP53	3	0.000273622765414	0.0002028309671795264	1.7480830745398284	False	frequency_inflow
primary::AKT1+BRCA1	1	9.120758847136082e-05	0.00020086002688563358	0.588412050254796	False	frequency_inflow
metastatic::BRCA1+RB1+TP53	2	0.0001824151769427	0.00020027716287407768	1.180248996303113	False	frequency_inflow
primary::BRCA1+MAP3K1	4	0.0003648303538854	0.0001991757541522733	2.373551152991488	False	frequency_inflow
metastatic::CBFB+ESR1+PIK3CA+TP53	1	9.120758847136082e-05	0.0001985758205989616	0.595180520320905	False	frequency_inflow
metastatic::NF1+PIK3CA+RUNX1+TP53	1	9.120758847136082e-05	0.0001969750475396042	0.600017421996766	False	frequency_inflow
primary::MAP3K1+RUNX1	3	0.000273622765414	0.00019471573909482612	1.8209384731531415	False	frequency_inflow
primary::AKT1+GATA3+PTEN	2	0.0001824151769427	0.00019326863956700653	1.2230485036337908	False	frequency_inflow
primary::BRCA2+ESR1	1	9.120758847136082e-05	0.00019292745275145126	0.6126057153829623	False	frequency_inflow
primary::AKT1+RUNX1	3	0.000273622765414	0.00019245651164531393	1.8423142848930232	False	frequency_inflow
metastatic::ATM+RB1+TP53	3	0.000273622765414	0.00019109604986782734	1.8554301926019066	False	frequency_inflow
metastatic::CBFB+ESR1+GATA3+PIK3CA	1	9.120758847136082e-05	0.00019066357484443297	0.619879598391955	False	frequency_inflow
metastatic::BRCA2+MAP3K1	1	9.120758847136082e-05	0.00019052814261444378	0.6203202245101882	False	frequency_inflow
unknown::PTEN+TP53	1	9.120758847136082e-05	0.0001871100834963846	0.6316520092464862	False	frequency_inflow
primary::CBFB+PTEN	2	0.0001824151769427	0.00018673616768447618	1.2658336267154273	False	frequency_inflow
metastatic::BRCA1+NF1+TP53	2	0.0001824151769427	0.0001826260183142953	1.294322257761173	False	frequency_inflow
metastatic::ATM+BRCA1+TP53	2	0.0001824151769427	0.00018219180450788956	1.2974069881237238	False	frequency_inflow
metastatic::AKT1+CBFB+TP53	2	0.0001824151769427	0.0001819974436943247	1.2987925299820724	False	frequency_inflow
primary::AKT1+CBFB	6	0.0005472455308281	0.00017871928378306536	3.96784692706893	True	frequency_inflow
primary::CBFB+PIK3CA+RUNX1	1	9.120758847136082e-05	0.00017794388219972328	0.6641895113065902	False	frequency_inflow
primary::BRCA2+NF1	1	9.120758847136082e-05	0.00017747258123757256	0.6659533508348288	False	frequency_inflow
primary::CBFB+PIK3CA+RB1	1	9.120758847136082e-05	0.00017707793067444575	0.6674375496982216	False	frequency_inflow
primary::CBFB+GATA3+NF1+PIK3CA	2	0.0001824151769427	0.00017665870843896323	1.3380428420172745	False	frequency_inflow
metastatic::BRCA1+ESR1	2	0.0001824151769427	0.00017614031154951227	1.341980823261965	False	frequency_inflow
primary::ESR1+MAP2K4	1	9.120758847136082e-05	0.0001721771923562406	0.6864350528579306	False	frequency_inflow
primary::BRCA2+MAP2K4	1	9.120758847136082e-05	0.0001717889214666657	0.6879865076594488	False	frequency_inflow
metastatic::BRCA1+PIK3CA+RB1+TP53	1	9.120758847136082e-05	0.0001671130338124622	0.7072366374954219	False	frequency_inflow
primary::CBFB+GATA3+PIK3CA+RUNX1	1	9.120758847136082e-05	0.00016700855017597963	0.7076790978078964	False	frequency_inflow
primary::BRCA2+NF1+PIK3CA	2	0.0001824151769427	0.0001667544851666734	1.4175146173192146	False	frequency_inflow
metastatic::AKT1+PIK3CA+RUNX1+TP53	1	9.120758847136082e-05	0.000166207992016693	0.7110877081016854	False	frequency_inflow
metastatic::GATA3+PIK3CA+RUNX1	1	9.120758847136082e-05	0.00016418703310437533	0.7198404031544146	False	frequency_inflow
primary::CBFB+ESR1+GATA3	2	0.0001824151769427	0.0001634720241931498	1.445977814035912	False	frequency_inflow
unknown::ESR1+PIK3CA	1	9.120758847136082e-05	0.00016333978150289886	0.7235742512411122	False	frequency_inflow
metastatic::MAP2K4+PTEN	1	9.120758847136082e-05	0.00016200046080678784	0.729556320421977	False	frequency_inflow
metastatic::CBFB+ESR1	1	9.120758847136082e-05	0.00016168127290899892	0.7309965957402256	False	frequency_inflow
metastatic::MAP3K1+PIK3CA+RUNX1	2	0.0001824151769427	0.000161172165315775	1.4666113079456604	False	frequency_inflow
primary::CBFB+MAP3K1	1	9.120758847136082e-05	0.00016083432495356118	0.7348459983383556	False	frequency_inflow
metastatic::ATM+PTEN	1	9.120758847136082e-05	0.00016066374963375293	0.735626178003538	False	frequency_inflow
metastatic::AKT1+NF1+PIK3CA	1	9.120758847136082e-05	0.0001602405965144162	0.7375687725564566	False	frequency_inflow
metastatic::RB1+RUNX1+TP53	1	9.120758847136082e-05	0.00015857894173178715	0.7452973187134906	False	frequency_inflow
unknown::ATM+PIK3CA+TP53	1	9.120758847136082e-05	0.00015690919820198333	0.7532283729922143	False	frequency_inflow
primary::MAP2K4+NF1	2	0.0001824151769427	0.00015659956471716647	1.5094353586633389	False	frequency_inflow
unknown::MAP3K1+PIK3CA+TP53	1	9.120758847136082e-05	0.00015618260060049782	0.7567325656716711	False	frequency_inflow
primary::CBFB+GATA3+PIK3CA+RB1	1	9.120758847136082e-05	0.00015572250063403343	0.7589684187079028	False	frequency_inflow
metastatic::ATM+ESR1+PIK3CA+TP53	2	0.0001824151769427	0.00015556152954574628	1.519507559584614	False	frequency_inflow
unknown::BRCA2+TP53	4	0.0003648303538854	0.00015493517864577852	3.051300836714198	False	frequency_inflow
primary::ATM+NF1+PIK3CA	1	9.120758847136082e-05	0.00015084736239494369	0.7834970274752762	False	frequency_inflow
primary::NF1+PIK3CA+RB1	1	9.120758847136082e-05	0.000150376227827884	0.7859517541013482	False	frequency_inflow
metastatic::ESR1+GATA3+PIK3CA+PTEN	1	9.120758847136082e-05	0.00015028479906189178	0.7864299035813842	False	frequency_inflow
metastatic::AKT1+MAP2K4	2	0.0001824151769427	0.00014980755417538514	1.577870497706736	False	frequency_inflow
primary::AKT1+ATM+GATA3	1	9.120758847136082e-05	0.00014950077169517434	0.7905541803680329	False	frequency_inflow
metastatic::AKT1+ATM	2	0.0001824151769427	0.00014939063423903803	1.582274024516936	False	frequency_inflow
metastatic::CBFB+ESR1+GATA3	3	0.000273622765414	0.00014937206775563025	2.3737060443824913	False	frequency_inflow
metastatic::AKT1+NF1	4	0.0003648303538854	0.00014887046914949465	3.1756052279199	False	frequency_inflow
metastatic::ESR1+GATA3+RB1	2	0.0001824151769427	0.00014618466796453085	1.6169747711517342	False	frequency_inflow
primary::ATM+BRCA2	5	0.0004560379423568	0.0001450447220788154	4.074207537981166	True	frequency_inflow
metastatic::PTEN+RB1	1	9.120758847136082e-05	0.0001445023390234525	0.8178999786663618	False	frequency_inflow
metastatic::ESR1+GATA3+RB1+TP53	1	9.120758847136082e-05	0.0001442027472257068	0.8195992259275948	False	frequency_inflow
metastatic::MAP2K4+RB1+TP53	2	0.0001824151769427	0.0001403534061124341	1.68415520868302	False	frequency_inflow
metastatic::ESR1+GATA3+PIK3CA+RB1	1	9.120758847136082e-05	0.0001401614259200079	0.8432310045607125	False	frequency_inflow
metastatic::PIK3CA+RB1+RUNX1+TP53	1	9.120758847136082e-05	0.0001398610603689715	0.845041927078079	False	frequency_inflow
metastatic::AKT1+ESR1+MAP3K1+PIK3CA	2	0.0001824151769427	0.000139377860438096	1.6959430945911016	False	frequency_inflow
metastatic::AKT1+GATA3+MAP3K1	1	9.120758847136082e-05	0.00013906049659747293	0.8499067877962845	False	frequency_inflow
primary::ATM+ESR1	1	9.120758847136082e-05	0.00013665011425117285	0.8648983618139081	False	frequency_inflow
primary::BRCA2+GATA3+PTEN	1	9.120758847136082e-05	0.0001365905098515279	0.865275780034899	False	frequency_inflow
metastatic::ATM+MAP3K1	1	9.120758847136082e-05	0.0001361562190846143	0.8680357074320434	False	frequency_inflow
metastatic::BRCA2+NF1+PIK3CA	1	9.120758847136082e-05	0.00013556954273252395	0.8717921265236731	False	frequency_inflow
primary::BRCA1+MAP2K4+PIK3CA+TP53	1	9.120758847136082e-05	0.00013291894857997332	0.8891769096573452	False	frequency_inflow
primary::BRCA2+RB1	1	9.120758847136082e-05	0.00013247368593862041	0.8921655579585546	False	frequency_inflow
primary::BRCA1+BRCA2+PIK3CA	1	9.120758847136082e-05	0.00013216345711208313	0.894259748577324	False	frequency_inflow
primary::ATM+PIK3CA+RUNX1+TP53	1	9.120758847136082e-05	0.00013169053450939595	0.8974711839788103	False	frequency_inflow
metastatic::MAP2K4+PIK3CA+PTEN	2	0.0001824151769427	0.00013003224082409423	1.817833164520701	False	frequency_inflow
metastatic::CBFB+ESR1+GATA3+TP53	1	9.120758847136082e-05	0.0001290228641098209	0.9160272539431071	False	frequency_inflow
primary::ATM+NF1	1	9.120758847136082e-05	0.00012803999428439184	0.9230589282662088	False	frequency_inflow
primary::ATM+GATA3+MAP3K1	1	9.120758847136082e-05	0.00012785316905479017	0.9244077465718895	False	frequency_inflow
primary::ATM+MAP2K4	2	0.0001824151769427	0.00012763005888076197	1.8520474084682619	False	frequency_inflow
metastatic::BRCA2+PIK3CA+PTEN	2	0.0001824151769427	0.00012733579528743005	1.8563273528462492	False	frequency_inflow
metastatic::ATM+PIK3CA+RUNX1+TP53	2	0.0001824151769427	0.0001238924951642874	1.9079195993546463	False	frequency_inflow
metastatic::BRCA2+NF1+PIK3CA+PTEN+TP53	1	9.120758847136082e-05	0.00012280611809631646	0.962398793253342	False	frequency_inflow
metastatic::CBFB+GATA3+MAP3K1+PIK3CA	2	0.0001824151769427	0.00012032676956248492	1.964458287543463	False	frequency_inflow
primary::CBFB+GATA3+MAP2K4	1	9.120758847136082e-05	0.00011912765613794996	0.9921160514854984	False	frequency_inflow
primary::BRCA1+CBFB+GATA3+PIK3CA	2	0.0001824151769427	0.00011868501786257232	1.9916323383536694	False	frequency_inflow
primary::MAP2K4+RB1	1	9.120758847136082e-05	0.00011799714651801165	1.001621338383458	False	frequency_inflow
primary::NF1+PTEN+RB1+TP53	1	9.120758847136082e-05	0.00011517968680373915	1.0261224272790948	False	frequency_inflow
primary::BRCA1+BRCA2	2	0.0001824151769427	0.00011460218035569881	2.062586582982698	False	frequency_inflow
primary::NF1+RB1	2	0.0001824151769427	0.0001139933319528511	2.07360303907056	False	frequency_inflow
metastatic::CBFB+PIK3CA+PTEN+TP53	1	9.120758847136082e-05	0.00011231410990172072	1.0523028662519593	False	frequency_inflow
primary::BRCA2+RUNX1	1	9.120758847136082e-05	0.00011177061754443227	1.0574197616651606	False	frequency_inflow
metastatic::AKT1+BRCA1	1	9.120758847136082e-05	0.00011080011390550114	1.0666817532023443	False	frequency_inflow
metastatic::BRCA1+MAP2K4+TP53	2	0.0001824151769427	0.00011032830944973815	2.142486553825182	False	frequency_inflow
primary::PIK3CA+RB1+RUNX1	1	9.120758847136082e-05	0.00011019680888750262	1.0725216178497095	False	frequency_inflow
metastatic::ATM+BRCA2	1	9.120758847136082e-05	0.00010713286180252641	1.1031952076205886	False	frequency_inflow
unknown::PIK3CA+RUNX1+TP53	1	9.120758847136082e-05	0.0001062783975693653	1.1120647508184127	False	frequency_inflow
primary::BRCA1+GATA3+MAP3K1	1	9.120758847136082e-05	0.00010572063656881354	1.117931782671026	False	frequency_inflow
primary::AKT1+GATA3+RUNX1	2	0.0001824151769427	0.00010400291913924242	2.2727911997888652	False	frequency_inflow
unknown::ATM+TP53	2	0.0001824151769427	0.00010338725951153733	2.2863254183859163	False	frequency_inflow
primary::BRCA2+GATA3+MAP3K1	1	9.120758847136082e-05	0.00010258810987401348	1.1520678158072934	False	frequency_inflow
primary::CBFB+PIK3CA+RB1+TP53	1	9.120758847136082e-05	0.00010241875722954027	1.1539727962482997	False	frequency_inflow
metastatic::BRCA2+NF1	2	0.0001824151769427	0.0001016810097100104	2.3246909132222386	False	frequency_inflow
primary::ATM+BRCA1+PIK3CA	1	9.120758847136082e-05	0.00010060172207004137	1.1748154724957889	False	frequency_inflow
metastatic::NF1+PIK3CA+PTEN	2	0.0001824151769427	0.00010059156936056607	2.3498680932958056	False	frequency_inflow
unknown::MAP2K4+TP53	1	9.120758847136082e-05	0.00010040779958325097	1.1770844509678082	False	frequency_inflow
primary::BRCA1+NF1	2	0.0001824151769427	9.963872755750994e-05	2.372339802674029	False	frequency_inflow
primary::MAP2K4+RUNX1	1	9.120758847136082e-05	9.856506020113076e-05	1.19909082774521	False	frequency_inflow
primary::NF1+RUNX1	1	9.120758847136082e-05	9.822495151799851e-05	1.203242738150111	False	frequency_inflow
metastatic::BRCA2+RB1	1	9.120758847136082e-05	9.631146865459859e-05	1.2271483474011966	False	frequency_inflow
metastatic::CBFB+PTEN	1	9.120758847136082e-05	9.535673363320952e-05	1.2394348577164902	False	frequency_inflow
metastatic::AKT1+CBFB	2	0.0001824151769427	9.527094962508098e-05	2.481101742912449	False	frequency_inflow
metastatic::BRCA2+ESR1+GATA3+PIK3CA	1	9.120758847136082e-05	9.447267663011417e-05	1.2510332488421745	False	frequency_inflow
primary::BRCA2+CBFB	1	9.120758847136082e-05	9.366386747181935e-05	1.2618362101708465	False	frequency_inflow
metastatic::AKT1+ATM+PIK3CA+TP53	1	9.120758847136082e-05	9.326438429987745e-05	1.2672410850337366	False	frequency_inflow
metastatic::GATA3+PTEN+RB1+TP53	1	9.120758847136082e-05	9.207114336810292e-05	1.2836645143662004	False	frequency_inflow
metastatic::ATM+GATA3+MAP3K1+PIK3CA+TP53	1	9.120758847136082e-05	9.144592800778836e-05	1.2924409222454853	False	frequency_inflow
metastatic::PTEN+RUNX1	1	9.120758847136082e-05	9.025173591552874e-05	1.3095422300076047	False	frequency_inflow
metastatic::ATM+ESR1+GATA3+PIK3CA	1	9.120758847136082e-05	9.016153566673103e-05	1.3108523345080905	False	frequency_inflow
primary::CBFB+RUNX1+TP53	1	9.120758847136082e-05	8.98700593054076e-05	1.3151038334766714	False	frequency_inflow
metastatic::AKT1+RUNX1	2	0.0001824151769427	8.898750546729344e-05	2.6562933498051495	False	frequency_inflow
primary::BRCA1+PIK3CA+RUNX1	1	9.120758847136082e-05	8.894140972733464e-05	1.3288350146002117	False	frequency_inflow
metastatic::ATM+MAP2K4+TP53	1	9.120758847136082e-05	8.885622360007791e-05	1.3301089637148227	False	frequency_inflow
metastatic::AKT1+ESR1+MAP3K1	2	0.0001824151769427	8.862899227038065e-05	2.6670383237198547	False	frequency_inflow
metastatic::ATM+BRCA2+PIK3CA	2	0.0001824151769427	8.83807439167651e-05	2.674529637280479	False	frequency_inflow
metastatic::ATM+NF1+PIK3CA	1	9.120758847136082e-05	8.675980536160938e-05	1.3622490157460603	False	frequency_inflow
primary::CBFB+GATA3+RUNX1	1	9.120758847136082e-05	8.381189881651064e-05	1.4101632474764456	False	frequency_inflow
primary::ATM+BRCA1	1	9.120758847136082e-05	8.208028441407527e-05	1.4399128880484373	False	frequency_inflow
unknown::RUNX1+TP53	2	0.0001824151769427	8.163720203504679e-05	2.895455905603942	False	frequency_inflow
metastatic::NF1+PIK3CA+RB1	1	9.120758847136082e-05	8.010371874894132e-05	1.4754428532513084	False	frequency_inflow
metastatic::AKT1+ATM+GATA3	1	9.120758847136082e-05	7.812727469330714e-05	1.5127682332912307	False	frequency_inflow
primary::ATM+GATA3+NF1	1	9.120758847136082e-05	7.771861885054178e-05	1.5207225893834149	False	frequency_inflow
metastatic::AKT1+GATA3+RB1+TP53	1	9.120758847136082e-05	7.768749496654475e-05	1.5213318353486085	False	frequency_inflow
metastatic::BRCA1+ESR1+MAP3K1+PIK3CA	1	9.120758847136082e-05	7.669831716630143e-05	1.5409524439135491	False	frequency_inflow
primary::CBFB+ESR1	1	9.120758847136082e-05	7.63846220444224e-05	1.547280802232764	False	frequency_inflow
metastatic::CBFB+NF1+TP53	1	9.120758847136082e-05	7.523362069947228e-05	1.570952695784552	False	frequency_inflow
primary::CBFB+MAP3K1+NF1+PIK3CA	1	9.120758847136082e-05	7.522844430565412e-05	1.5710607914628563	False	frequency_inflow
metastatic::AKT1+GATA3+PTEN+TP53	1	9.120758847136082e-05	7.447687629799437e-05	1.5869148265914732	False	frequency_inflow
metastatic::MAP2K4+NF1	1	9.120758847136082e-05	7.388236773546825e-05	1.5996842392207056	False	frequency_inflow
unknown::MAP3K1+PIK3CA	1	9.120758847136082e-05	7.372069203412894e-05	1.6031924817595775	False	frequency_inflow
primary::BRCA2+GATA3+PTEN+TP53	1	9.120758847136082e-05	7.190921990487802e-05	1.6435786584138024	False	frequency_inflow
metastatic::AKT1+BRCA2+PIK3CA	1	9.120758847136082e-05	7.180682319811288e-05	1.645922405596754	False	frequency_inflow
metastatic::ATM+NF1	1	9.120758847136082e-05	7.178968341728998e-05	1.646315369425923	False	frequency_inflow
metastatic::AKT1+CBFB+GATA3	1	9.120758847136082e-05	7.103704832527047e-05	1.6637580240875407	False	frequency_inflow
primary::BRCA2+MAP3K1+PIK3CA+PTEN	1	9.120758847136082e-05	6.779143772473435e-05	1.7434127825833998	False	frequency_inflow
metastatic::ATM+GATA3+MAP3K1	1	9.120758847136082e-05	6.704800148381459e-05	1.762743951260172	False	frequency_inflow
metastatic::ATM+GATA3+PTEN	1	9.120758847136082e-05	6.674265152166318e-05	1.7708085662921447	False	frequency_inflow
metastatic::AKT1+MAP2K4+NF1+TP53	2	0.0001824151769427	6.472379376836095e-05	3.652086879188407	False	frequency_inflow
metastatic::AKT1+CBFB+NF1+TP53	1	9.120758847136082e-05	6.349601862502473e-05	1.861352278778768	False	frequency_inflow
metastatic::CBFB+MAP3K1	1	9.120758847136082e-05	6.335228634627487e-05	1.865575273966342	False	frequency_inflow
metastatic::MAP3K1+RUNX1	1	9.120758847136082e-05	6.308776075260356e-05	1.8733975899460986	False	frequency_inflow
unknown::BRCA2+PIK3CA	2	0.0001824151769427	6.275034110614472e-05	3.766942357779871	False	frequency_inflow
metastatic::BRCA2+MAP3K1+PIK3CA+RB1+TP53	1	9.120758847136082e-05	6.20175310357171e-05	1.90572660573391	False	frequency_inflow
unknown::PIK3CA+PTEN	1	9.120758847136082e-05	6.075668582340284e-05	1.945274948351795	False	frequency_inflow
metastatic::CBFB+GATA3+MAP3K1	1	9.120758847136082e-05	5.993891493586711e-05	1.9718151217295847	False	frequency_inflow
primary::BRCA2+ESR1+GATA3	1	9.120758847136082e-05	5.871613083190307e-05	2.012878865399034	False	frequency_inflow
metastatic::ATM+PIK3CA+RB1	1	9.120758847136082e-05	5.869792079471376e-05	2.0135033270132743	False	frequency_inflow
primary::ESR1+GATA3+NF1	1	9.120758847136082e-05	5.8162541968193675e-05	2.032037369601477	False	frequency_inflow
primary::ATM+BRCA1+GATA3+TP53	1	9.120758847136082e-05	5.759609286741419e-05	2.052022157865257	False	frequency_inflow
primary::GATA3+MAP2K4+PIK3CA+PTEN+TP53	1	9.120758847136082e-05	5.7254680633682015e-05	2.0642584579999266	False	frequency_inflow
primary::MAP3K1+NF1+PTEN+TP53	1	9.120758847136082e-05	5.679940484518146e-05	2.08080452715594	False	frequency_inflow
primary::AKT1+CBFB+MAP3K1	2	0.0001824151769427	5.599485820158299e-05	4.221403982709395	False	frequency_inflow
metastatic::ATM+BRCA1	1	9.120758847136082e-05	5.555905208192756e-05	2.127258372242955	False	frequency_inflow
primary::ATM+GATA3+MAP3K1+TP53	1	9.120758847136082e-05	5.5186912281978174e-05	2.1416030321996056	False	frequency_inflow
primary::GATA3+NF1+PIK3CA+RUNX1+TP53	1	9.120758847136082e-05	5.369455409036831e-05	2.2011256192272968	False	frequency_inflow
metastatic::ATM+BRCA2+GATA3	1	9.120758847136082e-05	5.2171813518256055e-05	2.2653699495359594	False	frequency_inflow
metastatic::AKT1+BRCA1+PIK3CA	1	9.120758847136082e-05	5.16897214099592e-05	2.286498269134629	False	frequency_inflow
primary::BRCA2+MAP3K1+PTEN	1	9.120758847136082e-05	5.0161551071556656e-05	2.356156377574252	False	frequency_inflow
unknown::AKT1+PIK3CA	1	9.120758847136082e-05	4.808291855769302e-05	2.458013404959966	False	frequency_inflow
metastatic::MAP2K4+PIK3CA+RUNX1	2	0.0001824151769427	4.8074971772035766e-05	4.916839428400257	False	frequency_inflow
primary::ATM+BRCA1+BRCA2+TP53	1	9.120758847136082e-05	4.804211612533568e-05	2.4601010091641617	False	frequency_inflow
primary::ATM+GATA3+RUNX1	1	9.120758847136082e-05	4.754403146131354e-05	2.485873719663783	False	frequency_inflow
metastatic::BRCA2+PIK3CA+RUNX1	1	9.120758847136082e-05	4.717563050697583e-05	2.5052862473064024	False	frequency_inflow
metastatic::AKT1+ATM+ESR1	1	9.120758847136082e-05	4.685678595850902e-05	2.5223338708024357	False	frequency_inflow
metastatic::BRCA1+NF1+PIK3CA+RB1+TP53	2	0.0001824151769427	4.667815469558577e-05	5.063973032404273	False	frequency_inflow
metastatic::ATM+GATA3+NF1+TP53	1	9.120758847136082e-05	4.64456554946301e-05	2.544661217913579	False	frequency_inflow
metastatic::AKT1+ATM+MAP3K1+PIK3CA	1	9.120758847136082e-05	4.63169231379548e-05	2.551733799731546	False	frequency_inflow
metastatic::AKT1+ESR1+GATA3+MAP3K1	1	9.120758847136082e-05	4.628861917822173e-05	2.5532941005233827	False	frequency_inflow
primary::AKT1+CBFB+ESR1+GATA3	1	9.120758847136082e-05	4.607189831607107e-05	2.565304721031849	False	frequency_inflow
primary::BRCA2+NF1+PTEN+TP53	1	9.120758847136082e-05	4.598208247880576e-05	2.570315476829079	False	frequency_inflow
primary::MAP3K1+NF1+PIK3CA+RUNX1	1	9.120758847136082e-05	4.592471446955424e-05	2.5735262508218284	False	frequency_inflow
metastatic::ATM+MAP3K1+NF1+PIK3CA+TP53	1	9.120758847136082e-05	4.537709935869397e-05	2.604583807430899	False	frequency_inflow
primary::ATM+MAP3K1+PTEN+TP53	1	9.120758847136082e-05	4.499039395485376e-05	2.626970955489922	False	frequency_inflow
primary::ATM+BRCA1+RUNX1+TP53	1	9.120758847136082e-05	4.475666786271685e-05	2.640689395024981	False	frequency_inflow
primary::ESR1+GATA3+RUNX1	1	9.120758847136082e-05	4.358564278287209e-05	2.711637377921806	False	frequency_inflow
metastatic::AKT1+GATA3+RUNX1	1	9.120758847136082e-05	4.351716050282271e-05	2.7159046394778055	False	frequency_inflow
metastatic::AKT1+ESR1+MAP2K4	1	9.120758847136082e-05	4.318071318553124e-05	2.73706591129109	False	frequency_inflow
metastatic::ESR1+GATA3+PIK3CA+RUNX1	1	9.120758847136082e-05	4.242415864892501e-05	2.7858762978565195	False	frequency_inflow
unknown::NF1+PIK3CA	1	9.120758847136082e-05	4.237488597237332e-05	2.7891156594582815	False	frequency_inflow
metastatic::BRCA1+GATA3+PTEN+TP53	1	9.120758847136082e-05	4.154698389554458e-05	2.8446940522775566	False	frequency_inflow
metastatic::BRCA2+ESR1+PIK3CA+RB1	1	9.120758847136082e-05	4.048103696089099e-05	2.919600553143025	False	frequency_inflow
metastatic::ATM+GATA3+NF1	1	9.120758847136082e-05	3.85573437955623e-05	3.06526451572526	False	frequency_inflow
metastatic::BRCA2+CBFB+GATA3	1	9.120758847136082e-05	3.787990357018835e-05	3.1200833836164406	False	frequency_inflow
metastatic::ATM+MAP3K1+PIK3CA+RUNX1+TP53	1	9.120758847136082e-05	3.6806451665072056e-05	3.211079913022359	False	frequency_inflow
metastatic::ESR1+PTEN+RB1	1	9.120758847136082e-05	3.663519001732607e-05	3.2260910217862837	False	frequency_inflow
metastatic::ATM+NF1+PIK3CA+PTEN	1	9.120758847136082e-05	3.537524419336879e-05	3.340993403052821	False	frequency_inflow
metastatic::ATM+GATA3+MAP3K1+NF1+PIK3CA+TP53	1	9.120758847136082e-05	3.510821193646067e-05	3.3664049217292904	False	frequency_inflow
metastatic::AKT1+MAP3K1+NF1	2	0.0001824151769427	3.4801637517672016e-05	6.792120478028177	False	frequency_inflow
metastatic::CBFB+RB1	2	0.0001824151769427	3.446305356142384e-05	6.858849996117359	False	frequency_inflow
primary::ATM+MAP3K1+PIK3CA+RUNX1	1	9.120758847136082e-05	3.443329057921472e-05	3.4323892779906147	False	frequency_inflow
metastatic::BRCA1+ESR1+MAP3K1	1	9.120758847136082e-05	3.402729256008445e-05	3.473342968453463	False	frequency_inflow
metastatic::ATM+ESR1+MAP2K4	1	9.120758847136082e-05	3.3576188567157824e-05	3.5200081470241007	False	frequency_inflow
unknown::ATM+PIK3CA	1	9.120758847136082e-05	3.357097130688023e-05	3.520555191015392	False	frequency_inflow
primary::AKT1+CBFB+PTEN	1	9.120758847136082e-05	3.315905540664445e-05	3.5642890247847467	False	frequency_inflow
metastatic::ATM+MAP3K1+RB1+TP53	2	0.0001824151769427	3.2905929212780056e-05	7.183414056868383	False	frequency_inflow
metastatic::ATM+PIK3CA+RUNX1	1	9.120758847136082e-05	3.2566636662976536e-05	3.6291269011410408	False	frequency_inflow
primary::ESR1+GATA3+MAP2K4+PIK3CA	1	9.120758847136082e-05	3.211206366369879e-05	3.680500212620329	False	frequency_inflow
metastatic::CBFB+GATA3+MAP2K4	1	9.120758847136082e-05	3.1559690601102326e-05	3.7449181163193943	False	frequency_inflow
metastatic::BRCA1+PTEN+RB1+TP53	1	9.120758847136082e-05	3.119597404965541e-05	3.7885804381590136	False	frequency_inflow
metastatic::BRCA2+ESR1+RB1	1	9.120758847136082e-05	3.002607790846432e-05	3.9361936396265165	False	frequency_inflow
primary::MAP3K1+PTEN+RUNX1	1	9.120758847136082e-05	2.994025283828062e-05	3.947476913883385	False	frequency_inflow
metastatic::GATA3+MAP3K1+NF1	1	9.120758847136082e-05	2.97107467150229e-05	3.977969923747847	False	frequency_inflow
primary::BRCA1+BRCA2+PTEN	1	9.120758847136082e-05	2.8235817721297294e-05	4.18576355051025	False	frequency_inflow
metastatic::BRCA1+GATA3+MAP3K1+PIK3CA	1	9.120758847136082e-05	2.7629180508373737e-05	4.277667826917026	False	frequency_inflow
primary::AKT1+MAP3K1+NF1+TP53	1	9.120758847136082e-05	2.7262263072975883e-05	4.335240114542695	False	frequency_inflow
primary::ATM+ESR1+GATA3+PIK3CA	1	9.120758847136082e-05	2.721818338656449e-05	4.342261009913712	False	frequency_inflow
primary::BRCA1+CBFB+GATA3+MAP3K1+PIK3CA	1	9.120758847136082e-05	2.7216513839432932e-05	4.342527377942695	False	frequency_inflow
primary::BRCA1+NF1+PIK3CA+PTEN+TP53	1	9.120758847136082e-05	2.6525555330129098e-05	4.455644939223258	False	frequency_inflow
metastatic::ATM+BRCA1+NF1+PIK3CA	1	9.120758847136082e-05	2.575721082066791e-05	4.588558018053229	False	frequency_inflow
metastatic::BRCA1+MAP3K1+NF1+PIK3CA+RB1+TP53	1	9.120758847136082e-05	2.518578815552408e-05	4.69266458527858	False	frequency_inflow
metastatic::AKT1+ATM+MAP3K1	1	9.120758847136082e-05	2.495721894826226e-05	4.735642073413328	False	frequency_inflow
unknown::ESR1+GATA3+TP53	1	9.120758847136082e-05	2.4681695195373642e-05	4.788506425444719	False	frequency_inflow
metastatic::ESR1+MAP2K4+PTEN+TP53	1	9.120758847136082e-05	2.4640979623218005e-05	4.796418723330267	False	frequency_inflow
primary::ESR1+MAP3K1+PIK3CA+RB1+TP53	1	9.120758847136082e-05	2.39956619632662e-05	4.925409270973265	False	frequency_inflow
primary::BRCA2+MAP2K4+NF1+PIK3CA+TP53	1	9.120758847136082e-05	2.3797015853666564e-05	4.966524230713022	False	frequency_inflow
primary::AKT1+MAP2K4+NF1+TP53	1	9.120758847136082e-05	2.353993354614566e-05	5.020764207765093	False	frequency_inflow
metastatic::ATM+BRCA2+NF1+PIK3CA+TP53	2	0.0001824151769427	2.3063162337940395e-05	10.249111025284158	False	frequency_inflow
metastatic::ATM+GATA3+RB1	1	9.120758847136082e-05	2.262270421693699e-05	5.224329260761297	False	frequency_inflow
primary::CBFB+MAP3K1+PTEN	1	9.120758847136082e-05	2.260539274039661e-05	5.228330113587642	False	frequency_inflow
metastatic::AKT1+CBFB+ESR1	1	9.120758847136082e-05	2.2518113533548306e-05	5.248594887744251	False	frequency_inflow
primary::BRCA1+MAP3K1+NF1+TP53	2	0.0001824151769427	2.225905276454233e-05	10.619360739464678	False	frequency_inflow
metastatic::BRCA1+NF1+RB1+TP53	1	9.120758847136082e-05	2.1314008079107275e-05	5.54510699436051	False	frequency_inflow
metastatic::GATA3+MAP3K1+RUNX1	1	9.120758847136082e-05	2.120987552423597e-05	5.572331394167727	False	frequency_inflow
metastatic::GATA3+MAP3K1+RB1	1	9.120758847136082e-05	2.0976873988125802e-05	5.634226303456692	False	frequency_inflow
metastatic::CBFB+ESR1+GATA3+MAP3K1	1	9.120758847136082e-05	2.0587008633706093e-05	5.740924151942739	False	frequency_inflow
primary::BRCA2+PTEN+RUNX1	1	9.120758847136082e-05	2.047671117593374e-05	5.771847541097341	False	frequency_inflow
metastatic::AKT1+ATM+NF1	1	9.120758847136082e-05	1.8090012104012486e-05	6.53335407458639	False	frequency_inflow
metastatic::AKT1+MAP2K4+NF1	1	9.120758847136082e-05	1.782047626642047e-05	6.632171465190012	False	frequency_inflow
metastatic::AKT1+ESR1+RB1	1	9.120758847136082e-05	1.761040063757214e-05	6.711287070833395	False	frequency_inflow
primary::GATA3+MAP3K1+NF1+PIK3CA+RUNX1	1	9.120758847136082e-05	1.756627867005028e-05	6.72814409438825	False	frequency_inflow
primary::ESR1+MAP2K4+PIK3CA+PTEN+TP53	1	9.120758847136082e-05	1.7305227405537558e-05	6.829638884431114	False	frequency_inflow
metastatic::AKT1+RB1+RUNX1+TP53	1	9.120758847136082e-05	1.7252493130956493e-05	6.850514477808357	False	frequency_inflow
primary::ATM+GATA3+PIK3CA+RB1	1	9.120758847136082e-05	1.709733404556812e-05	6.912683205155844	False	frequency_inflow
unknown::ESR1+GATA3+PIK3CA	1	9.120758847136082e-05	1.6860720664569176e-05	7.009691706777908	False	frequency_inflow
metastatic::AKT1+MAP3K1+NF1+PIK3CA+TP53	1	9.120758847136082e-05	1.6742445603051138e-05	7.059210856368061	False	frequency_inflow
metastatic::AKT1+BRCA2+PTEN+TP53	1	9.120758847136082e-05	1.6739412980093855e-05	7.060489749699021	False	frequency_inflow
metastatic::CBFB+RUNX1	1	9.120758847136082e-05	1.6599248400157948e-05	7.120108745477164	False	frequency_inflow
metastatic::BRCA2+GATA3+PTEN+TP53	1	9.120758847136082e-05	1.642314266446778e-05	7.196457830307317	False	frequency_inflow
metastatic::ATM+MAP2K4+NF1+PIK3CA+TP53	1	9.120758847136082e-05	1.6110915371177874e-05	7.335924170884413	False	frequency_inflow
primary::NF1+PTEN+RB1	1	9.120758847136082e-05	1.5869390082643335e-05	7.447573773116361	False	frequency_inflow
primary::AKT1+ATM+BRCA2+PIK3CA+TP53	1	9.120758847136082e-05	1.550279462047228e-05	7.62368696045679	False	frequency_inflow
primary::AKT1+NF1+RUNX1	1	9.120758847136082e-05	1.5365319100924347e-05	7.691897080316028	False	frequency_inflow
primary::ATM+MAP2K4+PIK3CA+PTEN	1	9.120758847136082e-05	1.4393747892935366e-05	8.211096476778856	False	frequency_inflow
primary::ATM+CBFB+GATA3+MAP3K1+PIK3CA	1	9.120758847136082e-05	1.4332178512196738e-05	8.246370394805782	False	frequency_inflow
metastatic::AKT1+BRCA1+ESR1+PIK3CA	1	9.120758847136082e-05	1.424308457699604e-05	8.297953430351281	False	frequency_inflow
primary::ATM+BRCA1+BRCA2+MAP3K1+NF1+PIK3CA+PTEN+RUNX1+TP53	1	9.120758847136082e-05	1.4049145342166935e-05	8.412501225621927	False	frequency_inflow
metastatic::ESR1+GATA3+MAP3K1+NF1+PIK3CA	1	9.120758847136082e-05	1.3925955292973738e-05	8.486918839609778	False	frequency_inflow
metastatic::AKT1+CBFB+NF1	1	9.120758847136082e-05	1.384016657817624e-05	8.539525273435686	False	frequency_inflow
unknown::BRCA2+RB1+TP53	1	9.120758847136082e-05	1.3602949571641125e-05	8.688443010946141	False	frequency_inflow
metastatic::BRCA2+MAP3K1+NF1	1	9.120758847136082e-05	1.2903439604827792e-05	9.159453237472277	False	frequency_inflow
primary::BRCA2+CBFB+MAP2K4+PIK3CA+TP53	1	9.120758847136082e-05	1.2835378508281792e-05	9.208022306326216	False	frequency_inflow
metastatic::ATM+BRCA2+PIK3CA+RUNX1+TP53	1	9.120758847136082e-05	1.278184423021922e-05	9.246588320675052	False	frequency_inflow
metastatic::BRCA2+NF1+PTEN+TP53	1	9.120758847136082e-05	1.2718189627476759e-05	9.29286753786213	False	frequency_inflow
metastatic::NF1+PTEN+RUNX1+TP53	1	9.120758847136082e-05	1.2639378982436581e-05	9.350811589385982	False	frequency_inflow
unknown::CBFB+GATA3	1	9.120758847136082e-05	1.262779994219124e-05	9.35938579990892	False	frequency_inflow
metastatic::AKT1+BRCA2+ESR1+GATA3	1	9.120758847136082e-05	1.239915428320667e-05	9.531976826074176	False	frequency_inflow
primary::AKT1+BRCA2+ESR1	1	9.120758847136082e-05	1.2360805419790114e-05	9.561549368914719	False	frequency_inflow
primary::NF1+PIK3CA+RB1+RUNX1+TP53	1	9.120758847136082e-05	1.2258253547715555e-05	9.64154075626099	False	frequency_inflow
metastatic::BRCA1+MAP3K1+PIK3CA+PTEN+TP53	1	9.120758847136082e-05	1.2214443306709482e-05	9.676122617997397	False	frequency_inflow
primary::BRCA2+ESR1+MAP3K1	1	9.120758847136082e-05	1.2200039899054455e-05	9.68754627958511	False	frequency_inflow
primary::AKT1+ATM+RUNX1	1	9.120758847136082e-05	1.213998849403071e-05	9.735466482943414	False	frequency_inflow
metastatic::BRCA2+CBFB+RB1+TP53	1	9.120758847136082e-05	1.2094472626390794e-05	9.772104555631719	False	frequency_inflow
primary::ATM+BRCA1+BRCA2+ESR1+MAP3K1+NF1+PIK3CA+RUNX1+TP53	1	9.120758847136082e-05	1.1990990292040569e-05	9.856437882735584	False	frequency_inflow
metastatic::BRCA1+BRCA2+GATA3+PIK3CA	1	9.120758847136082e-05	1.1962273495771835e-05	9.88009937944459	False	frequency_inflow
primary::AKT1+BRCA2+NF1	1	9.120758847136082e-05	1.1654621034963693e-05	10.140908943066325	False	frequency_inflow
unknown::BRCA2+CBFB+TP53	1	9.120758847136082e-05	1.1643521932512765e-05	10.150575689802428	False	frequency_inflow
metastatic::ATM+BRCA1+NF1+PIK3CA+RB1+TP53	1	9.120758847136082e-05	1.1469118753237341e-05	10.304928657586002	False	frequency_inflow
metastatic::AKT1+CBFB+RUNX1	1	9.120758847136082e-05	1.0777945633488271e-05	10.965767862980186	False	frequency_inflow
metastatic::CBFB+MAP3K1+NF1+PIK3CA+TP53	1	9.120758847136082e-05	1.0409287105317507e-05	11.354134848284724	False	frequency_inflow
metastatic::ATM+BRCA2+MAP3K1	1	9.120758847136082e-05	1.0074666673010071e-05	11.73125155671852	False	frequency_inflow
metastatic::BRCA1+ESR1+NF1+PIK3CA+TP53	1	9.120758847136082e-05	9.604202721500072e-06	12.305909396511783	False	frequency_inflow
primary::GATA3+MAP2K4+NF1+PIK3CA+PTEN+TP53	1	9.120758847136082e-05	9.419694352854523e-06	12.546951509063994	False	frequency_inflow
metastatic::BRCA2+PTEN+RB1	1	9.120758847136082e-05	9.253704606163538e-06	12.772014353223033	False	frequency_inflow
metastatic::BRCA1+CBFB+NF1+TP53	1	9.120758847136082e-05	8.913172953597293e-06	13.259974666456628	False	frequency_inflow
unknown::AKT1+ESR1+PIK3CA	1	9.120758847136082e-05	8.726098421292936e-06	13.544248709111006	False	frequency_inflow
metastatic::BRCA1+RB1+RUNX1+TP53	1	9.120758847136082e-05	8.153812006865789e-06	14.494870157422353	False	frequency_inflow
unknown::ATM+ESR1+PIK3CA+TP53	1	9.120758847136082e-05	7.799500226651147e-06	15.153335756723441	False	frequency_inflow
metastatic::BRCA2+MAP3K1+RB1	1	9.120758847136082e-05	7.3753955087213595e-06	16.024692459946262	False	frequency_inflow
metastatic::ATM+ESR1+GATA3+NF1	1	9.120758847136082e-05	7.071964970156566e-06	16.71224965181847	False	frequency_inflow
unknown::AKT1+ATM+PIK3CA	1	9.120758847136082e-05	7.059832602958092e-06	16.740969754995334	False	frequency_inflow
metastatic::BRCA2+ESR1+GATA3+PIK3CA+RUNX1	1	9.120758847136082e-05	7.005259507693075e-06	16.871386965927723	False	frequency_inflow
metastatic::ATM+NF1+PTEN	1	9.120758847136082e-05	6.976547706789706e-06	16.94082071087642	False	frequency_inflow
metastatic::MAP2K4+NF1+PTEN	1	9.120758847136082e-05	6.9715450461052525e-06	16.952977150376668	False	frequency_inflow
metastatic::BRCA1+CBFB+GATA3+TP53	1	9.120758847136082e-05	6.587728744849828e-06	17.940696628427848	False	frequency_inflow
metastatic::AKT1+BRCA2+ESR1+RB1	1	9.120758847136082e-05	6.219489987282656e-06	19.002915361415873	False	frequency_inflow
primary::ATM+NF1+RUNX1+TP53	1	9.120758847136082e-05	6.052792276885582e-06	19.526267529036463	False	frequency_inflow
metastatic::AKT1+BRCA1+RUNX1	1	9.120758847136082e-05	5.6461063261473426e-06	20.93273365086168	False	frequency_inflow
metastatic::ATM+BRCA2+GATA3+RB1	1	9.120758847136082e-05	5.628558740198326e-06	20.997993497046316	False	frequency_inflow
metastatic::BRCA1+NF1+RUNX1+TP53	1	9.120758847136082e-05	5.335940907686538e-06	22.14950291197289	False	frequency_inflow
metastatic::MAP2K4+MAP3K1+NF1	1	9.120758847136082e-05	4.955449726572331e-06	23.850193926591963	False	frequency_inflow
metastatic::ATM+BRCA1+NF1	1	9.120758847136082e-05	4.754881814934765e-06	24.856229989769506	False	frequency_inflow
primary::ATM+GATA3+MAP3K1+PTEN	1	9.120758847136082e-05	4.6636024719113014e-06	25.34273368957407	False	frequency_inflow
primary::AKT1+BRCA2+MAP3K1+NF1+TP53	1	9.120758847136082e-05	4.557666526825883e-06	25.93178640758197	False	frequency_inflow
primary::BRCA2+GATA3+MAP3K1+NF1+PIK3CA+RUNX1	1	9.120758847136082e-05	4.544150315299116e-06	26.008918414425963	False	frequency_inflow
metastatic::ATM+CBFB+ESR1+GATA3+TP53	1	9.120758847136082e-05	4.032751427059403e-06	29.30714517196426	False	frequency_inflow
unknown::PTEN+RB1+TP53	3	0.000273622765414	3.4753999829175903e-06	102.02143125640134	False	frequency_inflow
metastatic::AKT1+ESR1+GATA3+MAP3K1+NF1	1	9.120758847136082e-05	3.445060689070027e-06	34.30663119832998	False	frequency_inflow
metastatic::BRCA1+MAP2K4+NF1+RB1+TP53	1	9.120758847136082e-05	3.4129421846378633e-06	34.629483829207594	False	frequency_inflow
primary::BRCA2+MAP3K1+NF1+PTEN	1	9.120758847136082e-05	3.0753597960320272e-06	38.43076265227592	False	frequency_inflow
primary::BRCA2+ESR1+MAP3K1+NF1	1	9.120758847136082e-05	3.0537321319718723e-06	38.702943484162255	False	frequency_inflow
metastatic::MAP3K1+NF1+PTEN	1	9.120758847136082e-05	2.979039802420286e-06	39.67332730938105	False	frequency_inflow
primary::ATM+CBFB+NF1+PIK3CA	1	9.120758847136082e-05	2.6769704443057076e-06	44.15006408597467	False	frequency_inflow
primary::BRCA2+CBFB+GATA3+PTEN	1	9.120758847136082e-05	2.2833302145062376e-06	51.761417735437476	False	frequency_inflow
unknown::BRCA1+CBFB+GATA3	1	9.120758847136082e-05	2.0706813771590093e-06	57.07705929509892	False	frequency_inflow
primary::AKT1+BRCA1+BRCA2+ESR1	1	9.120758847136082e-05	2.029568725256175e-06	58.23325966665337	False	frequency_inflow
primary::CBFB+NF1+RUNX1	1	9.120758847136082e-05	2.0005071576980756e-06	59.07921963108466	False	frequency_inflow
primary::BRCA1+MAP2K4+RB1	1	9.120758847136082e-05	1.920908649552841e-06	61.52733984648037	False	frequency_inflow
primary::ATM+BRCA1+RUNX1	1	9.120758847136082e-05	1.7653912998836442e-06	66.94742059892913	False	frequency_inflow
primary::WT	1196	0.1090842758117475	0.0	141353399143.61566	False	frequency_inflow
metastatic::WT	596	0.054359722728931	0.0	70440322650.16295	False	frequency_inflow
unknown::WT	401	0.0365742429770156	0.0	47393572789.79077	False	frequency_inflow
unknown::MAP3K1+PTEN	2	0.0001824151769427	0.0	236376921.64481428	False	frequency_inflow
metastatic::AKT1+ATM+BRCA1+BRCA2+ESR1+MAP3K1+NF1+PIK3CA+PTEN+RUNX1+TP53	1	9.120758847136082e-05	0.0	118188460.82242116	False	frequency_inflow
metastatic::AKT1+ATM+BRCA1+BRCA2+MAP3K1+NF1+RUNX1+TP53	1	9.120758847136082e-05	0.0	118188460.82242116	False	frequency_inflow
metastatic::AKT1+ATM+BRCA2+PIK3CA+RB1	1	9.120758847136082e-05	0.0	118188460.82242116	False	frequency_inflow
metastatic::AKT1+BRCA1+BRCA2+MAP2K4+MAP3K1+NF1+RB1+RUNX1+TP53	1	9.120758847136082e-05	0.0	118188460.82242116	False	frequency_inflow
metastatic::AKT1+BRCA1+ESR1+RUNX1+TP53	1	9.120758847136082e-05	0.0	118188460.82242116	False	frequency_inflow
metastatic::AKT1+BRCA2+MAP2K4+NF1+PIK3CA+TP53	1	9.120758847136082e-05	0.0	118188460.82242116	False	frequency_inflow
metastatic::AKT1+BRCA2+NF1+RB1+TP53	1	9.120758847136082e-05	0.0	118188460.82242116	False	frequency_inflow
metastatic::AKT1+CBFB+GATA3+PIK3CA+RB1+TP53	1	9.120758847136082e-05	0.0	118188460.82242116	False	frequency_inflow
metastatic::ATM+BRCA1+BRCA2+ESR1+MAP3K1	1	9.120758847136082e-05	0.0	118188460.82242116	False	frequency_inflow
metastatic::ATM+BRCA1+BRCA2+ESR1+MAP3K1+PIK3CA+RUNX1+TP53	1	9.120758847136082e-05	0.0	118188460.82242116	False	frequency_inflow
metastatic::ATM+BRCA1+BRCA2+GATA3+PIK3CA+RB1+TP53	1	9.120758847136082e-05	0.0	118188460.82242116	False	frequency_inflow
metastatic::ATM+BRCA1+ESR1+MAP3K1+RUNX1	1	9.120758847136082e-05	0.0	118188460.82242116	False	frequency_inflow
metastatic::ATM+BRCA1+MAP3K1+PIK3CA+PTEN	1	9.120758847136082e-05	0.0	118188460.82242116	False	frequency_inflow
metastatic::ATM+BRCA2+ESR1+GATA3+MAP2K4	1	9.120758847136082e-05	0.0	118188460.82242116	False	frequency_inflow
metastatic::ATM+BRCA2+ESR1+NF1+RUNX1+TP53	1	9.120758847136082e-05	0.0	118188460.82242116	False	frequency_inflow
metastatic::ATM+NF1+RB1+RUNX1+TP53	1	9.120758847136082e-05	0.0	118188460.82242116	False	frequency_inflow
metastatic::BRCA1+BRCA2+ESR1+PIK3CA+RUNX1	1	9.120758847136082e-05	0.0	118188460.82242116	False	frequency_inflow
metastatic::BRCA1+BRCA2+MAP2K4+MAP3K1+PIK3CA+TP53	1	9.120758847136082e-05	0.0	118188460.82242116	False	frequency_inflow
metastatic::BRCA1+BRCA2+MAP3K1+NF1+RB1+RUNX1+TP53	1	9.120758847136082e-05	0.0	118188460.82242116	False	frequency_inflow
metastatic::BRCA1+BRCA2+NF1+PIK3CA+PTEN	1	9.120758847136082e-05	0.0	118188460.82242116	False	frequency_inflow
metastatic::BRCA2+ESR1+RUNX1+TP53	1	9.120758847136082e-05	0.0	118188460.82242116	False	frequency_inflow
metastatic::ESR1+MAP2K4+PIK3CA+RB1+RUNX1	1	9.120758847136082e-05	0.0	118188460.82242116	False	frequency_inflow
metastatic::ESR1+MAP3K1+PIK3CA+PTEN+RUNX1	1	9.120758847136082e-05	0.0	118188460.82242116	False	frequency_inflow
metastatic::ESR1+MAP3K1+PIK3CA+RB1+RUNX1	1	9.120758847136082e-05	0.0	118188460.82242116	False	frequency_inflow
metastatic::GATA3+NF1+PIK3CA+PTEN+RB1+TP53	1	9.120758847136082e-05	0.0	118188460.82242116	False	frequency_inflow
primary::AKT1+ATM+BRCA1+BRCA2+CBFB+MAP3K1+NF1+PIK3CA+PTEN+RUNX1	1	9.120758847136082e-05	0.0	118188460.82242116	False	frequency_inflow
primary::AKT1+ATM+BRCA1+BRCA2+MAP2K4+MAP3K1+NF1+RB1+RUNX1+TP53	1	9.120758847136082e-05	0.0	118188460.82242116	False	frequency_inflow
primary::AKT1+BRCA1+PTEN+RUNX1	1	9.120758847136082e-05	0.0	118188460.82242116	False	frequency_inflow
primary::AKT1+BRCA2+MAP3K1+RUNX1+TP53	1	9.120758847136082e-05	0.0	118188460.82242116	False	frequency_inflow
primary::AKT1+BRCA2+PTEN+RB1+TP53	1	9.120758847136082e-05	0.0	118188460.82242116	False	frequency_inflow
primary::AKT1+CBFB+MAP2K4+MAP3K1+RUNX1	1	9.120758847136082e-05	0.0	118188460.82242116	False	frequency_inflow
primary::AKT1+ESR1+GATA3+NF1+TP53	1	9.120758847136082e-05	0.0	118188460.82242116	False	frequency_inflow
primary::ATM+BRCA1+BRCA2+MAP3K1+NF1+PIK3CA+RUNX1+TP53	1	9.120758847136082e-05	0.0	118188460.82242116	False	frequency_inflow
primary::ATM+MAP2K4+MAP3K1+NF1+PIK3CA	1	9.120758847136082e-05	0.0	118188460.82242116	False	frequency_inflow
primary::BRCA2+GATA3+MAP3K1+NF1+TP53	1	9.120758847136082e-05	0.0	118188460.82242116	False	frequency_inflow
primary::CBFB+GATA3+MAP3K1+NF1+PIK3CA+TP53	1	9.120758847136082e-05	0.0	118188460.82242116	False	frequency_inflow
primary::ESR1+GATA3+PTEN+RB1	1	9.120758847136082e-05	0.0	118188460.82242116	False	frequency_inflow
primary::GATA3+MAP3K1+NF1+PTEN	1	9.120758847136082e-05	0.0	118188460.82242116	False	frequency_inflow
unknown::ATM+BRCA2+GATA3	1	9.120758847136082e-05	0.0	118188460.82242116	False	frequency_inflow
unknown::MAP2K4+PIK3CA+RB1+TP53	1	9.120758847136082e-05	0.0	118188460.82242116	False	frequency_inflow
primary::TP53	1436	0.1309740970448741		102.57142857143268	True	occupancy_only
primary::WT	1196	0.1090842758117475		85.42857142857484	True	occupancy_only
primary::PIK3CA	766	0.0698650127690623		54.71428571428786	True	occupancy_only
metastatic::TP53	711	0.0648485954031375		50.78571428571631	True	occupancy_only
metastatic::WT	596	0.054359722728931		42.57142857143025	True	occupancy_only
primary::PIK3CA+TP53	452	0.041225829989055		32.28571428571552	True	occupancy_only
unknown::WT	401	0.0365742429770156		28.64285714285823	True	occupancy_only
primary::GATA3	332	0.0302809193724917		23.7142857142866	True	occupancy_only
metastatic::PIK3CA	304	0.0277271068952936		21.71428571428652	True	occupancy_only
metastatic::PIK3CA+TP53	264	0.0240788033564392		18.857142857143575	True	occupancy_only
metastatic::GATA3	168	0.0153228748631886		12.00000000000047	True	occupancy_only
primary::MAP3K1+PIK3CA	158	0.014410798978475		11.285714285714734	True	occupancy_only
primary::GATA3+PIK3CA	115	0.0104888726742064		8.214285714285973	True	occupancy_only
primary::PTEN+TP53	85	0.0077526450200656		6.071428571428762	True	occupancy_only
primary::AKT1	78	0.0071141919007661		5.571428571428762	True	occupancy_only
primary::PTEN	78	0.0071141919007661		5.571428571428762	True	occupancy_only
primary::RB1+TP53	78	0.0071141919007661		5.571428571428762	True	occupancy_only
metastatic::ESR1	75	0.006840569135352		5.3571428571430255	True	occupancy_only
primary::BRCA1+TP53	73	0.0066581539584093		5.214285714285894	True	occupancy_only
metastatic::PTEN+TP53	68	0.0062021160160525		4.8571428571430255	True	occupancy_only
primary::MAP3K1	61	0.005563662896753		4.357142857143025	True	occupancy_only
metastatic::ESR1+PIK3CA	59	0.0053812477198102		4.214285714285815	True	occupancy_only
primary::NF1+TP53	59	0.0053812477198102		4.214285714285815	True	occupancy_only
primary::AKT1+TP53	57	0.0051988325428675		4.071428571428683	True	occupancy_only
metastatic::ESR1+GATA3	52	0.0047427946005107		3.714285714285815	True	occupancy_only
primary::MAP2K4+PIK3CA	51	0.0046515870120394		3.642857142857289	True	occupancy_only
primary::BRCA2+TP53	49	0.0044691718350966		3.500000000000078	True	occupancy_only
primary::CBFB+PIK3CA	48	0.0043779642466253		3.428571428571552	True	occupancy_only
primary::GATA3+TP53	48	0.0043779642466253		3.428571428571552	True	occupancy_only
metastatic::MAP3K1+PIK3CA	45	0.0041043414812112		3.2142857142858157	True	occupancy_only
metastatic::AKT1	42	0.0038307187157971		3.0000000000000786	True	occupancy_only
metastatic::GATA3+PIK3CA	42	0.0038307187157971		3.0000000000000786	True	occupancy_only
primary::CBFB+GATA3+PIK3CA	41	0.0037395111273257		2.9285714285714737	True	occupancy_only
primary::PIK3CA+PTEN	41	0.0037395111273257		2.9285714285714737	True	occupancy_only
metastatic::PTEN	40	0.0036483035388544		2.857142857142947	True	occupancy_only
metastatic::AKT1+TP53	38	0.0034658883619117		2.714285714285815	True	occupancy_only
metastatic::GATA3+TP53	38	0.0034658883619117		2.714285714285815	True	occupancy_only
primary::MAP3K1+TP53	38	0.0034658883619117		2.714285714285815	True	occupancy_only
metastatic::RB1+TP53	37	0.0033746807734403		2.6428571428572103	True	occupancy_only
primary::BRCA2	37	0.0033746807734403		2.6428571428572103	True	occupancy_only
primary::CBFB+GATA3	36	0.0032834731849689		2.571428571428605	True	occupancy_only
primary::MAP2K4	35	0.0031922655964976		2.5000000000000786	True	occupancy_only
unknown::TP53	33	0.0030098504195549		2.357142857142947	True	occupancy_only
metastatic::BRCA2+TP53	32	0.0029186428310835		2.285714285714342	True	occupancy_only
primary::MAP3K1+PIK3CA+TP53	32	0.0029186428310835		2.285714285714342	True	occupancy_only
primary::NF1+PIK3CA+TP53	31	0.0028274352426121		2.2142857142857366	True	occupancy_only
primary::PIK3CA+PTEN+TP53	31	0.0028274352426121		2.2142857142857366	True	occupancy_only
metastatic::NF1+PIK3CA+TP53	30	0.0027362276541408		2.1428571428572103	True	occupancy_only
metastatic::BRCA1+TP53	29	0.0026450200656694		2.0714285714286054	True	occupancy_only
metastatic::ESR1+TP53	28	0.0025538124771981		2.0000000000000786	True	occupancy_only
primary::NF1	28	0.0025538124771981		2.0000000000000786	True	occupancy_only
metastatic::BRCA2	27	0.0024626048887267		1.9285714285714735	True	occupancy_only
primary::AKT1+GATA3	27	0.0024626048887267		1.9285714285714735	True	occupancy_only
primary::PIK3CA+RUNX1	27	0.0024626048887267		1.9285714285714735	True	occupancy_only
primary::RUNX1+TP53	26	0.0023713973002553		1.8571428571428685	True	occupancy_only
metastatic::MAP3K1+TP53	25	0.002280189711784		1.7857142857143418	True	occupancy_only
primary::ATM+TP53	25	0.002280189711784		1.7857142857143418	True	occupancy_only
primary::ESR1	25	0.002280189711784		1.7857142857143418	True	occupancy_only
primary::ATM	24	0.0021889821233126		1.7142857142857368	True	occupancy_only
primary::MAP2K4+TP53	24	0.0021889821233126		1.7142857142857368	True	occupancy_only
metastatic::MAP3K1+PIK3CA+TP53	23	0.0020977745348412		1.642857142857132	True	occupancy_only
metastatic::NF1+TP53	23	0.0020977745348412		1.642857142857132	True	occupancy_only
metastatic::MAP3K1	22	0.0020065669463699		1.5714285714286051	True	occupancy_only
metastatic::ATM+TP53	21	0.0019153593578985		1.5000000000000002	True	occupancy_only
primary::BRCA2+PIK3CA	21	0.0019153593578985		1.5000000000000002	True	occupancy_only
primary::GATA3+PIK3CA+TP53	21	0.0019153593578985		1.5000000000000002	True	occupancy_only
metastatic::PIK3CA+PTEN+TP53	20	0.0018241517694272		1.4285714285714735	True	occupancy_only
primary::ATM+PIK3CA	20	0.0018241517694272		1.4285714285714735	True	occupancy_only
primary::GATA3+MAP3K1+PIK3CA	20	0.0018241517694272		1.4285714285714735	True	occupancy_only
metastatic::MAP2K4	19	0.0017329441809558		1.3571428571428685	True	occupancy_only
metastatic::RUNX1+TP53	19	0.0017329441809558		1.3571428571428685	True	occupancy_only
primary::NF1+PIK3CA	19	0.0017329441809558		1.3571428571428685	True	occupancy_only
metastatic::ATM	18	0.0016417365924844		1.2857142857142634	True	occupancy_only
primary::GATA3+PTEN	18	0.0016417365924844		1.2857142857142634	True	occupancy_only
primary::RB1	18	0.0016417365924844		1.2857142857142634	True	occupancy_only
primary::RUNX1	18	0.0016417365924844		1.2857142857142634	True	occupancy_only
metastatic::ESR1+MAP3K1+PIK3CA	17	0.0015505290040131		1.2142857142857366	True	occupancy_only
primary::BRCA1	17	0.0015505290040131		1.2142857142857366	True	occupancy_only
primary::GATA3+MAP3K1	17	0.0015505290040131		1.2142857142857366	True	occupancy_only
primary::ATM+GATA3	16	0.0014593214155417		1.1428571428571317	True	occupancy_only
primary::GATA3+MAP2K4	16	0.0014593214155417		1.1428571428571317	True	occupancy_only
primary::PIK3CA+RUNX1+TP53	16	0.0014593214155417		1.1428571428571317	True	occupancy_only
metastatic::MAP2K4+PIK3CA	15	0.0013681138270704		1.0714285714286051	True	occupancy_only
primary::CBFB+MAP3K1+PIK3CA	15	0.0013681138270704		1.0714285714286051	True	occupancy_only
metastatic::ESR1+GATA3+PIK3CA	14	0.001276906238599		1.0	True	occupancy_only
metastatic::MAP2K4+PIK3CA+TP53	14	0.001276906238599		1.0	True	occupancy_only
primary::MAP2K4+PIK3CA+TP53	14	0.001276906238599		1.0	True	occupancy_only
metastatic::AKT1+GATA3	13	0.0011856986501276		0.9285714285713951	True	occupancy_only
metastatic::BRCA2+PIK3CA	13	0.0011856986501276		0.9285714285713951	True	occupancy_only
metastatic::ESR1+PIK3CA+TP53	13	0.0011856986501276		0.9285714285713951	True	occupancy_only
metastatic::RB1	13	0.0011856986501276		0.9285714285713951	True	occupancy_only
primary::ATM+PIK3CA+TP53	13	0.0011856986501276		0.9285714285713951	True	occupancy_only
primary::BRCA2+PIK3CA+TP53	13	0.0011856986501276		0.9285714285713951	True	occupancy_only
primary::PIK3CA+RB1	13	0.0011856986501276		0.9285714285713951	True	occupancy_only
metastatic::ESR1+MAP3K1	12	0.0010944910616563		0.8571428571428684	True	occupancy_only
metastatic::ESR1+PTEN	12	0.0010944910616563		0.8571428571428684	True	occupancy_only
metastatic::NF1+PIK3CA	12	0.0010944910616563		0.8571428571428684	True	occupancy_only
metastatic::PIK3CA+RB1	12	0.0010944910616563		0.8571428571428684	True	occupancy_only
metastatic::PIK3CA+RUNX1+TP53	12	0.0010944910616563		0.8571428571428684	True	occupancy_only
primary::ESR1+TP53	12	0.0010944910616563		0.8571428571428684	True	occupancy_only
primary::PTEN+RB1+TP53	12	0.0010944910616563		0.8571428571428684	True	occupancy_only
unknown::PIK3CA	12	0.0010944910616563		0.8571428571428684	True	occupancy_only
metastatic::CBFB+PIK3CA	11	0.0010032834731849		0.7857142857142633	True	occupancy_only
metastatic::PIK3CA+RB1+TP53	11	0.0010032834731849		0.7857142857142633	True	occupancy_only
primary::AKT1+MAP3K1	11	0.0010032834731849		0.7857142857142633	True	occupancy_only
unknown::PIK3CA+TP53	11	0.0010032834731849		0.7857142857142633	True	occupancy_only
metastatic::BRCA1	10	0.0009120758847136		0.7142857142857367	True	occupancy_only
metastatic::BRCA1+PIK3CA+TP53	10	0.0009120758847136		0.7142857142857367	True	occupancy_only
metastatic::BRCA2+ESR1	10	0.0009120758847136		0.7142857142857367	True	occupancy_only
metastatic::BRCA2+PIK3CA+TP53	10	0.0009120758847136		0.7142857142857367	True	occupancy_only
metastatic::NF1	10	0.0009120758847136		0.7142857142857367	True	occupancy_only
metastatic::PIK3CA+PTEN	10	0.0009120758847136		0.7142857142857367	True	occupancy_only
primary::AKT1+CBFB+GATA3	10	0.0009120758847136		0.7142857142857367	True	occupancy_only
primary::BRCA1+PIK3CA	10	0.0009120758847136		0.7142857142857367	True	occupancy_only
metastatic::GATA3+PIK3CA+TP53	9	0.0008208682962422		0.6428571428571317	True	occupancy_only
metastatic::GATA3+PTEN	9	0.0008208682962422		0.6428571428571317	True	occupancy_only
primary::AKT1+PIK3CA	9	0.0008208682962422		0.6428571428571317	True	occupancy_only
primary::ESR1+GATA3	9	0.0008208682962422		0.6428571428571317	True	occupancy_only
primary::ESR1+PIK3CA	9	0.0008208682962422		0.6428571428571317	True	occupancy_only
metastatic::ATM+ESR1	8	0.0007296607077708		0.5714285714285268	True	occupancy_only
metastatic::ATM+GATA3	8	0.0007296607077708		0.5714285714285268	True	occupancy_only
metastatic::ATM+PIK3CA	8	0.0007296607077708		0.5714285714285268	True	occupancy_only
metastatic::BRCA2+GATA3	8	0.0007296607077708		0.5714285714285268	True	occupancy_only
primary::AKT1+MAP2K4	8	0.0007296607077708		0.5714285714285268	True	occupancy_only
primary::BRCA1+PIK3CA+TP53	8	0.0007296607077708		0.5714285714285268	True	occupancy_only
primary::CBFB	8	0.0007296607077708		0.5714285714285268	True	occupancy_only
primary::GATA3+NF1	8	0.0007296607077708		0.5714285714285268	True	occupancy_only
primary::GATA3+PIK3CA+RUNX1	8	0.0007296607077708		0.5714285714285268	True	occupancy_only
primary::MAP3K1+PIK3CA+PTEN	8	0.0007296607077708		0.5714285714285268	True	occupancy_only
primary::MAP3K1+PIK3CA+RUNX1	8	0.0007296607077708		0.5714285714285268	True	occupancy_only
primary::PIK3CA+RB1+TP53	8	0.0007296607077708		0.5714285714285268	True	occupancy_only
metastatic::AKT1+GATA3+TP53	7	0.0006384531192995		0.5	True	occupancy_only
metastatic::CBFB+GATA3	7	0.0006384531192995		0.5	True	occupancy_only
metastatic::CBFB+GATA3+PIK3CA	7	0.0006384531192995		0.5	True	occupancy_only
metastatic::ESR1+MAP2K4	7	0.0006384531192995		0.5	True	occupancy_only
metastatic::GATA3+MAP2K4	7	0.0006384531192995		0.5	True	occupancy_only
metastatic::MAP2K4+TP53	7	0.0006384531192995		0.5	True	occupancy_only
primary::BRCA2+RB1+TP53	7	0.0006384531192995		0.5	True	occupancy_only
primary::GATA3+RUNX1	7	0.0006384531192995		0.5	True	occupancy_only
metastatic::AKT1+ESR1	6	0.0005472455308281		0.4285714285713951	True	occupancy_only
metastatic::AKT1+NF1+TP53	6	0.0005472455308281		0.4285714285713951	True	occupancy_only
metastatic::ATM+PIK3CA+TP53	6	0.0005472455308281		0.4285714285713951	True	occupancy_only
metastatic::ESR1+GATA3+TP53	6	0.0005472455308281		0.4285714285713951	True	occupancy_only
metastatic::GATA3+MAP3K1	6	0.0005472455308281		0.4285714285713951	True	occupancy_only
metastatic::MAP3K1+PIK3CA+PTEN	6	0.0005472455308281		0.4285714285713951	True	occupancy_only
primary::AKT1+CBFB	6	0.0005472455308281		0.4285714285713951	True	occupancy_only
primary::BRCA1+BRCA2+TP53	6	0.0005472455308281		0.4285714285713951	True	occupancy_only
primary::BRCA1+GATA3	6	0.0005472455308281		0.4285714285713951	True	occupancy_only
primary::BRCA2+GATA3	6	0.0005472455308281		0.4285714285713951	True	occupancy_only
primary::BRCA2+PTEN	6	0.0005472455308281		0.4285714285713951	True	occupancy_only
primary::CBFB+TP53	6	0.0005472455308281		0.4285714285713951	True	occupancy_only
primary::MAP3K1+NF1+PIK3CA	6	0.0005472455308281		0.4285714285713951	True	occupancy_only
primary::MAP3K1+RUNX1+TP53	6	0.0005472455308281		0.4285714285713951	True	occupancy_only
unknown::GATA3	6	0.0005472455308281		0.4285714285713951	True	occupancy_only
metastatic::AKT1+MAP3K1	5	0.0004560379423568		0.35714285714286836	True	occupancy_only
metastatic::AKT1+PIK3CA	5	0.0004560379423568		0.35714285714286836	True	occupancy_only
metastatic::ATM+MAP3K1+PIK3CA	5	0.0004560379423568		0.35714285714286836	True	occupancy_only
metastatic::BRCA2+MAP3K1+PIK3CA	5	0.0004560379423568		0.35714285714286836	True	occupancy_only
metastatic::ESR1+MAP2K4+PIK3CA	5	0.0004560379423568		0.35714285714286836	True	occupancy_only
metastatic::NF1+PIK3CA+PTEN+TP53	5	0.0004560379423568		0.35714285714286836	True	occupancy_only
metastatic::PIK3CA+RUNX1	5	0.0004560379423568		0.35714285714286836	True	occupancy_only
metastatic::RUNX1	5	0.0004560379423568		0.35714285714286836	True	occupancy_only
primary::ATM+BRCA2	5	0.0004560379423568		0.35714285714286836	True	occupancy_only
primary::ATM+RB1+TP53	5	0.0004560379423568		0.35714285714286836	True	occupancy_only
primary::CBFB+PIK3CA+TP53	5	0.0004560379423568		0.35714285714286836	True	occupancy_only
primary::ESR1+PIK3CA+TP53	5	0.0004560379423568		0.35714285714286836	True	occupancy_only
primary::GATA3+MAP2K4+PIK3CA	5	0.0004560379423568		0.35714285714286836	True	occupancy_only
primary::MAP2K4+PTEN+TP53	5	0.0004560379423568		0.35714285714286836	True	occupancy_only
primary::NF1+PTEN+TP53	5	0.0004560379423568		0.35714285714286836	True	occupancy_only
unknown::ESR1	5	0.0004560379423568		0.35714285714286836	True	occupancy_only
metastatic::AKT1+ESR1+GATA3	4	0.0003648303538854		0.2857142857142634	False	occupancy_only
metastatic::AKT1+NF1	4	0.0003648303538854		0.2857142857142634	False	occupancy_only
metastatic::BRCA1+PIK3CA	4	0.0003648303538854		0.2857142857142634	False	occupancy_only
metastatic::BRCA2+MAP3K1+PIK3CA+TP53	4	0.0003648303538854		0.2857142857142634	False	occupancy_only
metastatic::BRCA2+RB1+TP53	4	0.0003648303538854		0.2857142857142634	False	occupancy_only
metastatic::CBFB	4	0.0003648303538854		0.2857142857142634	False	occupancy_only
metastatic::ESR1+GATA3+MAP2K4	4	0.0003648303538854		0.2857142857142634	False	occupancy_only
metastatic::GATA3+RB1+TP53	4	0.0003648303538854		0.2857142857142634	False	occupancy_only
metastatic::MAP3K1+NF1+PIK3CA	4	0.0003648303538854		0.2857142857142634	False	occupancy_only
metastatic::PTEN+RB1+TP53	4	0.0003648303538854		0.2857142857142634	False	occupancy_only
primary::AKT1+GATA3+MAP3K1	4	0.0003648303538854		0.2857142857142634	False	occupancy_only
primary::AKT1+RB1+TP53	4	0.0003648303538854		0.2857142857142634	False	occupancy_only
primary::ATM+BRCA1+TP53	4	0.0003648303538854		0.2857142857142634	False	occupancy_only
primary::ATM+BRCA2+TP53	4	0.0003648303538854		0.2857142857142634	False	occupancy_only
primary::ATM+GATA3+PIK3CA	4	0.0003648303538854		0.2857142857142634	False	occupancy_only
primary::ATM+MAP3K1+PIK3CA	4	0.0003648303538854		0.2857142857142634	False	occupancy_only
primary::ATM+PTEN+TP53	4	0.0003648303538854		0.2857142857142634	False	occupancy_only
primary::BRCA1+MAP3K1	4	0.0003648303538854		0.2857142857142634	False	occupancy_only
primary::BRCA2+GATA3+TP53	4	0.0003648303538854		0.2857142857142634	False	occupancy_only
primary::BRCA2+NF1+TP53	4	0.0003648303538854		0.2857142857142634	False	occupancy_only
primary::CBFB+GATA3+MAP3K1+PIK3CA	4	0.0003648303538854		0.2857142857142634	False	occupancy_only
primary::GATA3+MAP3K1+PIK3CA+TP53	4	0.0003648303538854		0.2857142857142634	False	occupancy_only
primary::GATA3+PIK3CA+PTEN	4	0.0003648303538854		0.2857142857142634	False	occupancy_only
primary::GATA3+RB1	4	0.0003648303538854		0.2857142857142634	False	occupancy_only
primary::MAP2K4+PTEN	4	0.0003648303538854		0.2857142857142634	False	occupancy_only
primary::MAP3K1+PTEN	4	0.0003648303538854		0.2857142857142634	False	occupancy_only
primary::MAP3K1+PTEN+TP53	4	0.0003648303538854		0.2857142857142634	False	occupancy_only
unknown::BRCA2+TP53	4	0.0003648303538854		0.2857142857142634	False	occupancy_only
metastatic::AKT1+MAP2K4+TP53	3	0.000273622765414		0.21428571428565835	False	occupancy_only
metastatic::AKT1+PIK3CA+TP53	3	0.000273622765414		0.21428571428565835	False	occupancy_only
metastatic::ATM+MAP3K1+PIK3CA+TP53	3	0.000273622765414		0.21428571428565835	False	occupancy_only
metastatic::ATM+PTEN+TP53	3	0.000273622765414		0.21428571428565835	False	occupancy_only
metastatic::ATM+RB1+TP53	3	0.000273622765414		0.21428571428565835	False	occupancy_only
metastatic::BRCA1+BRCA2+TP53	3	0.000273622765414		0.21428571428565835	False	occupancy_only
metastatic::BRCA1+GATA3+PIK3CA	3	0.000273622765414		0.21428571428565835	False	occupancy_only
metastatic::BRCA2+ESR1+PIK3CA	3	0.000273622765414		0.21428571428565835	False	occupancy_only
metastatic::BRCA2+NF1+PIK3CA+TP53	3	0.000273622765414		0.21428571428565835	False	occupancy_only
metastatic::BRCA2+PIK3CA+PTEN+TP53	3	0.000273622765414		0.21428571428565835	False	occupancy_only
metastatic::CBFB+ESR1+GATA3	3	0.000273622765414		0.21428571428565835	False	occupancy_only
metastatic::CBFB+ESR1+PIK3CA	3	0.000273622765414		0.21428571428565835	False	occupancy_only
metastatic::CBFB+MAP3K1+PIK3CA	3	0.000273622765414		0.21428571428565835	False	occupancy_only
metastatic::ESR1+GATA3+MAP3K1+PIK3CA	3	0.000273622765414		0.21428571428565835	False	occupancy_only
metastatic::GATA3+PIK3CA+RB1	3	0.000273622765414		0.21428571428565835	False	occupancy_only
metastatic::NF1+PTEN+TP53	3	0.000273622765414		0.21428571428565835	False	occupancy_only
primary::AKT1+ATM	3	0.000273622765414		0.21428571428565835	False	occupancy_only
primary::AKT1+GATA3+PIK3CA	3	0.000273622765414		0.21428571428565835	False	occupancy_only
primary::AKT1+MAP3K1+PIK3CA	3	0.000273622765414		0.21428571428565835	False	occupancy_only
primary::AKT1+NF1+TP53	3	0.000273622765414		0.21428571428565835	False	occupancy_only
primary::AKT1+PIK3CA+TP53	3	0.000273622765414		0.21428571428565835	False	occupancy_only
primary::AKT1+RUNX1	3	0.000273622765414		0.21428571428565835	False	occupancy_only
primary::BRCA1+NF1+TP53	3	0.000273622765414		0.21428571428565835	False	occupancy_only
primary::BRCA1+PTEN	3	0.000273622765414		0.21428571428565835	False	occupancy_only
primary::BRCA1+RB1+TP53	3	0.000273622765414		0.21428571428565835	False	occupancy_only
primary::CBFB+MAP2K4+PIK3CA	3	0.000273622765414		0.21428571428565835	False	occupancy_only
primary::CBFB+MAP3K1+PIK3CA+TP53	3	0.000273622765414		0.21428571428565835	False	occupancy_only
primary::GATA3+MAP2K4+TP53	3	0.000273622765414		0.21428571428565835	False	occupancy_only
primary::GATA3+MAP3K1+PIK3CA+PTEN	3	0.000273622765414		0.21428571428565835	False	occupancy_only
primary::GATA3+MAP3K1+TP53	3	0.000273622765414		0.21428571428565835	False	occupancy_only
primary::GATA3+NF1+PIK3CA+TP53	3	0.000273622765414		0.21428571428565835	False	occupancy_only
primary::MAP2K4+MAP3K1+PIK3CA+TP53	3	0.000273622765414		0.21428571428565835	False	occupancy_only
primary::MAP2K4+NF1+PIK3CA	3	0.000273622765414		0.21428571428565835	False	occupancy_only
primary::MAP3K1+NF1+PIK3CA+TP53	3	0.000273622765414		0.21428571428565835	False	occupancy_only
primary::MAP3K1+RUNX1	3	0.000273622765414		0.21428571428565835	False	occupancy_only
primary::RB1+RUNX1+TP53	3	0.000273622765414		0.21428571428565835	False	occupancy_only
unknown::PTEN+RB1+TP53	3	0.000273622765414		0.21428571428565835	False	occupancy_only
metastatic::AKT1+ATM	2	0.0001824151769427		0.1428571428571317	False	occupancy_only
metastatic::AKT1+BRCA1+TP53	2	0.0001824151769427		0.1428571428571317	False	occupancy_only
metastatic::AKT1+BRCA2+TP53	2	0.0001824151769427		0.1428571428571317	False	occupancy_only
metastatic::AKT1+CBFB	2	0.0001824151769427		0.1428571428571317	False	occupancy_only
metastatic::AKT1+CBFB+TP53	2	0.0001824151769427		0.1428571428571317	False	occupancy_only
metastatic::AKT1+ESR1+MAP3K1	2	0.0001824151769427		0.1428571428571317	False	occupancy_only
metastatic::AKT1+ESR1+MAP3K1+PIK3CA	2	0.0001824151769427		0.1428571428571317	False	occupancy_only
metastatic::AKT1+ESR1+PIK3CA	2	0.0001824151769427		0.1428571428571317	False	occupancy_only
metastatic::AKT1+MAP2K4	2	0.0001824151769427		0.1428571428571317	False	occupancy_only
metastatic::AKT1+MAP2K4+NF1+TP53	2	0.0001824151769427		0.1428571428571317	False	occupancy_only
metastatic::AKT1+MAP3K1+NF1	2	0.0001824151769427		0.1428571428571317	False	occupancy_only
metastatic::AKT1+MAP3K1+TP53	2	0.0001824151769427		0.1428571428571317	False	occupancy_only
metastatic::AKT1+RB1+TP53	2	0.0001824151769427		0.1428571428571317	False	occupancy_only
metastatic::AKT1+RUNX1	2	0.0001824151769427		0.1428571428571317	False	occupancy_only
metastatic::AKT1+RUNX1+TP53	2	0.0001824151769427		0.1428571428571317	False	occupancy_only
metastatic::ATM+BRCA1+TP53	2	0.0001824151769427		0.1428571428571317	False	occupancy_only
metastatic::ATM+BRCA2+NF1+PIK3CA+TP53	2	0.0001824151769427		0.1428571428571317	False	occupancy_only
metastatic::ATM+BRCA2+PIK3CA	2	0.0001824151769427		0.1428571428571317	False	occupancy_only
metastatic::ATM+ESR1+PIK3CA+TP53	2	0.0001824151769427		0.1428571428571317	False	occupancy_only
metastatic::ATM+MAP3K1+RB1+TP53	2	0.0001824151769427		0.1428571428571317	False	occupancy_only
metastatic::ATM+PIK3CA+RB1+TP53	2	0.0001824151769427		0.1428571428571317	False	occupancy_only
metastatic::ATM+PIK3CA+RUNX1+TP53	2	0.0001824151769427		0.1428571428571317	False	occupancy_only
metastatic::BRCA1+ESR1	2	0.0001824151769427		0.1428571428571317	False	occupancy_only
metastatic::BRCA1+GATA3	2	0.0001824151769427		0.1428571428571317	False	occupancy_only
metastatic::BRCA1+MAP2K4+TP53	2	0.0001824151769427		0.1428571428571317	False	occupancy_only
metastatic::BRCA1+NF1+PIK3CA+RB1+TP53	2	0.0001824151769427		0.1428571428571317	False	occupancy_only
metastatic::BRCA1+NF1+TP53	2	0.0001824151769427		0.1428571428571317	False	occupancy_only
metastatic::BRCA1+PTEN+TP53	2	0.0001824151769427		0.1428571428571317	False	occupancy_only
metastatic::BRCA1+RB1+TP53	2	0.0001824151769427		0.1428571428571317	False	occupancy_only
metastatic::BRCA2+ESR1+PIK3CA+TP53	2	0.0001824151769427		0.1428571428571317	False	occupancy_only
metastatic::BRCA2+NF1	2	0.0001824151769427		0.1428571428571317	False	occupancy_only
metastatic::BRCA2+PIK3CA+PTEN	2	0.0001824151769427		0.1428571428571317	False	occupancy_only
metastatic::BRCA2+PIK3CA+RB1+TP53	2	0.0001824151769427		0.1428571428571317	False	occupancy_only
metastatic::CBFB+GATA3+MAP3K1+PIK3CA	2	0.0001824151769427		0.1428571428571317	False	occupancy_only
metastatic::CBFB+GATA3+PIK3CA+TP53	2	0.0001824151769427		0.1428571428571317	False	occupancy_only
metastatic::CBFB+PIK3CA+TP53	2	0.0001824151769427		0.1428571428571317	False	occupancy_only
metastatic::CBFB+RB1	2	0.0001824151769427		0.1428571428571317	False	occupancy_only
metastatic::CBFB+TP53	2	0.0001824151769427		0.1428571428571317	False	occupancy_only
metastatic::ESR1+GATA3+PIK3CA+TP53	2	0.0001824151769427		0.1428571428571317	False	occupancy_only
metastatic::ESR1+GATA3+PTEN	2	0.0001824151769427		0.1428571428571317	False	occupancy_only
metastatic::ESR1+GATA3+RB1	2	0.0001824151769427		0.1428571428571317	False	occupancy_only
metastatic::ESR1+MAP2K4+TP53	2	0.0001824151769427		0.1428571428571317	False	occupancy_only
metastatic::ESR1+MAP3K1+PIK3CA+TP53	2	0.0001824151769427		0.1428571428571317	False	occupancy_only
metastatic::ESR1+NF1+PIK3CA+TP53	2	0.0001824151769427		0.1428571428571317	False	occupancy_only
metastatic::ESR1+NF1+TP53	2	0.0001824151769427		0.1428571428571317	False	occupancy_only
metastatic::ESR1+PIK3CA+RB1	2	0.0001824151769427		0.1428571428571317	False	occupancy_only
metastatic::ESR1+PTEN+TP53	2	0.0001824151769427		0.1428571428571317	False	occupancy_only
metastatic::ESR1+RB1+TP53	2	0.0001824151769427		0.1428571428571317	False	occupancy_only
metastatic::GATA3+MAP2K4+PIK3CA	2	0.0001824151769427		0.1428571428571317	False	occupancy_only
metastatic::GATA3+MAP3K1+PIK3CA	2	0.0001824151769427		0.1428571428571317	False	occupancy_only
metastatic::GATA3+NF1	2	0.0001824151769427		0.1428571428571317	False	occupancy_only
metastatic::GATA3+NF1+TP53	2	0.0001824151769427		0.1428571428571317	False	occupancy_only
metastatic::GATA3+PTEN+TP53	2	0.0001824151769427		0.1428571428571317	False	occupancy_only
metastatic::MAP2K4+NF1+PIK3CA+TP53	2	0.0001824151769427		0.1428571428571317	False	occupancy_only
metastatic::MAP2K4+PIK3CA+PTEN	2	0.0001824151769427		0.1428571428571317	False	occupancy_only
metastatic::MAP2K4+PIK3CA+RUNX1	2	0.0001824151769427		0.1428571428571317	False	occupancy_only
metastatic::MAP2K4+RB1+TP53	2	0.0001824151769427		0.1428571428571317	False	occupancy_only
metastatic::MAP3K1+NF1+PIK3CA+TP53	2	0.0001824151769427		0.1428571428571317	False	occupancy_only
metastatic::MAP3K1+PIK3CA+RB1+TP53	2	0.0001824151769427		0.1428571428571317	False	occupancy_only
metastatic::MAP3K1+PIK3CA+RUNX1	2	0.0001824151769427		0.1428571428571317	False	occupancy_only
metastatic::MAP3K1+PTEN+TP53	2	0.0001824151769427		0.1428571428571317	False	occupancy_only
metastatic::MAP3K1+RB1+TP53	2	0.0001824151769427		0.1428571428571317	False	occupancy_only
metastatic::NF1+PIK3CA+PTEN	2	0.0001824151769427		0.1428571428571317	False	occupancy_only
metastatic::NF1+RB1+TP53	2	0.0001824151769427		0.1428571428571317	False	occupancy_only
primary::AKT1+ATM+TP53	2	0.0001824151769427		0.1428571428571317	False	occupancy_only
primary::AKT1+CBFB+GATA3+PIK3CA	2	0.0001824151769427		0.1428571428571317	False	occupancy_only
primary::AKT1+CBFB+MAP3K1	2	0.0001824151769427		0.1428571428571317	False	occupancy_only
primary::AKT1+ESR1	2	0.0001824151769427		0.1428571428571317	False	occupancy_only
primary::AKT1+GATA3+PTEN	2	0.0001824151769427		0.1428571428571317	False	occupancy_only
primary::AKT1+GATA3+RUNX1	2	0.0001824151769427		0.1428571428571317	False	occupancy_only
primary::AKT1+GATA3+TP53	2	0.0001824151769427		0.1428571428571317	False	occupancy_only
primary::AKT1+MAP2K4+TP53	2	0.0001824151769427		0.1428571428571317	False	occupancy_only
primary::AKT1+NF1	2	0.0001824151769427		0.1428571428571317	False	occupancy_only
primary::AKT1+PTEN+TP53	2	0.0001824151769427		0.1428571428571317	False	occupancy_only
primary::AKT1+RB1	2	0.0001824151769427		0.1428571428571317	False	occupancy_only
primary::AKT1+RUNX1+TP53	2	0.0001824151769427		0.1428571428571317	False	occupancy_only
primary::ATM+BRCA2+PIK3CA+TP53	2	0.0001824151769427		0.1428571428571317	False	occupancy_only
primary::ATM+MAP2K4	2	0.0001824151769427		0.1428571428571317	False	occupancy_only
primary::ATM+NF1+PIK3CA+TP53	2	0.0001824151769427		0.1428571428571317	False	occupancy_only
primary::ATM+PIK3CA+PTEN	2	0.0001824151769427		0.1428571428571317	False	occupancy_only
primary::ATM+PTEN	2	0.0001824151769427		0.1428571428571317	False	occupancy_only
primary::BRCA1+BRCA2	2	0.0001824151769427		0.1428571428571317	False	occupancy_only
primary::BRCA1+CBFB+GATA3+PIK3CA	2	0.0001824151769427		0.1428571428571317	False	occupancy_only
primary::BRCA1+MAP3K1+NF1+TP53	2	0.0001824151769427		0.1428571428571317	False	occupancy_only
primary::BRCA1+MAP3K1+PIK3CA	2	0.0001824151769427		0.1428571428571317	False	occupancy_only
primary::BRCA1+NF1	2	0.0001824151769427		0.1428571428571317	False	occupancy_only
primary::BRCA2+MAP3K1	2	0.0001824151769427		0.1428571428571317	False	occupancy_only
primary::BRCA2+MAP3K1+PIK3CA+TP53	2	0.0001824151769427		0.1428571428571317	False	occupancy_only
primary::BRCA2+NF1+PIK3CA	2	0.0001824151769427		0.1428571428571317	False	occupancy_only
primary::BRCA2+NF1+PIK3CA+TP53	2	0.0001824151769427		0.1428571428571317	False	occupancy_only
primary::BRCA2+RUNX1+TP53	2	0.0001824151769427		0.1428571428571317	False	occupancy_only
primary::CBFB+ESR1+GATA3	2	0.0001824151769427		0.1428571428571317	False	occupancy_only
primary::CBFB+GATA3+NF1+PIK3CA	2	0.0001824151769427		0.1428571428571317	False	occupancy_only
primary::CBFB+MAP2K4+PIK3CA+TP53	2	0.0001824151769427		0.1428571428571317	False	occupancy_only
primary::CBFB+PTEN	2	0.0001824151769427		0.1428571428571317	False	occupancy_only
primary::ESR1+GATA3+PIK3CA	2	0.0001824151769427		0.1428571428571317	False	occupancy_only
primary::ESR1+GATA3+TP53	2	0.0001824151769427		0.1428571428571317	False	occupancy_only
primary::ESR1+MAP3K1+TP53	2	0.0001824151769427		0.1428571428571317	False	occupancy_only
primary::ESR1+NF1+PIK3CA+TP53	2	0.0001824151769427		0.1428571428571317	False	occupancy_only
primary::ESR1+PIK3CA+PTEN	2	0.0001824151769427		0.1428571428571317	False	occupancy_only
primary::GATA3+NF1+PIK3CA	2	0.0001824151769427		0.1428571428571317	False	occupancy_only
primary::GATA3+NF1+TP53	2	0.0001824151769427		0.1428571428571317	False	occupancy_only
primary::GATA3+PIK3CA+RUNX1+TP53	2	0.0001824151769427		0.1428571428571317	False	occupancy_only
primary::GATA3+PTEN+TP53	2	0.0001824151769427		0.1428571428571317	False	occupancy_only
primary::MAP2K4+NF1	2	0.0001824151769427		0.1428571428571317	False	occupancy_only
primary::MAP2K4+NF1+PIK3CA+TP53	2	0.0001824151769427		0.1428571428571317	False	occupancy_only
primary::MAP2K4+PIK3CA+PTEN+TP53	2	0.0001824151769427		0.1428571428571317	False	occupancy_only
primary::MAP2K4+PIK3CA+RUNX1	2	0.0001824151769427		0.1428571428571317	False	occupancy_only
primary::MAP3K1+PIK3CA+PTEN+TP53	2	0.0001824151769427		0.1428571428571317	False	occupancy_only
primary::MAP3K1+PIK3CA+RB1+TP53	2	0.0001824151769427		0.1428571428571317	False	occupancy_only
primary::MAP3K1+RB1+TP53	2	0.0001824151769427		0.1428571428571317	False	occupancy_only
primary::NF1+PIK3CA+PTEN+TP53	2	0.0001824151769427		0.1428571428571317	False	occupancy_only
primary::NF1+PTEN	2	0.0001824151769427		0.1428571428571317	False	occupancy_only
primary::NF1+RB1	2	0.0001824151769427		0.1428571428571317	False	occupancy_only
primary::NF1+RB1+TP53	2	0.0001824151769427		0.1428571428571317	False	occupancy_only
primary::PIK3CA+PTEN+RB1+TP53	2	0.0001824151769427		0.1428571428571317	False	occupancy_only
primary::PTEN+RUNX1	2	0.0001824151769427		0.1428571428571317	False	occupancy_only
primary::PTEN+RUNX1+TP53	2	0.0001824151769427		0.1428571428571317	False	occupancy_only
unknown::ATM+TP53	2	0.0001824151769427		0.1428571428571317	False	occupancy_only
unknown::BRCA2+PIK3CA	2	0.0001824151769427		0.1428571428571317	False	occupancy_only
unknown::GATA3+TP53	2	0.0001824151769427		0.1428571428571317	False	occupancy_only
unknown::MAP3K1+PTEN	2	0.0001824151769427		0.1428571428571317	False	occupancy_only
unknown::RUNX1+TP53	2	0.0001824151769427		0.1428571428571317	False	occupancy_only
metastatic::AKT1+ATM+BRCA1+BRCA2+ESR1+MAP3K1+NF1+PIK3CA+PTEN+RUNX1+TP53	1	9.120758847136082e-05		0.07142857142857431	False	occupancy_only
metastatic::AKT1+ATM+BRCA1+BRCA2+MAP3K1+NF1+RUNX1+TP53	1	9.120758847136082e-05		0.07142857142857431	False	occupancy_only
metastatic::AKT1+ATM+BRCA2+PIK3CA+RB1	1	9.120758847136082e-05		0.07142857142857431	False	occupancy_only
metastatic::AKT1+ATM+ESR1	1	9.120758847136082e-05		0.07142857142857431	False	occupancy_only
metastatic::AKT1+ATM+GATA3	1	9.120758847136082e-05		0.07142857142857431	False	occupancy_only
metastatic::AKT1+ATM+MAP3K1	1	9.120758847136082e-05		0.07142857142857431	False	occupancy_only
metastatic::AKT1+ATM+MAP3K1+PIK3CA	1	9.120758847136082e-05		0.07142857142857431	False	occupancy_only
metastatic::AKT1+ATM+NF1	1	9.120758847136082e-05		0.07142857142857431	False	occupancy_only
metastatic::AKT1+ATM+PIK3CA+TP53	1	9.120758847136082e-05		0.07142857142857431	False	occupancy_only
metastatic::AKT1+ATM+TP53	1	9.120758847136082e-05		0.07142857142857431	False	occupancy_only
metastatic::AKT1+BRCA1	1	9.120758847136082e-05		0.07142857142857431	False	occupancy_only
metastatic::AKT1+BRCA1+BRCA2+MAP2K4+MAP3K1+NF1+RB1+RUNX1+TP53	1	9.120758847136082e-05		0.07142857142857431	False	occupancy_only
metastatic::AKT1+BRCA1+ESR1+PIK3CA	1	9.120758847136082e-05		0.07142857142857431	False	occupancy_only
metastatic::AKT1+BRCA1+ESR1+RUNX1+TP53	1	9.120758847136082e-05		0.07142857142857431	False	occupancy_only
metastatic::AKT1+BRCA1+PIK3CA	1	9.120758847136082e-05		0.07142857142857431	False	occupancy_only
metastatic::AKT1+BRCA1+RUNX1	1	9.120758847136082e-05		0.07142857142857431	False	occupancy_only
metastatic::AKT1+BRCA2+ESR1+GATA3	1	9.120758847136082e-05		0.07142857142857431	False	occupancy_only
metastatic::AKT1+BRCA2+ESR1+RB1	1	9.120758847136082e-05		0.07142857142857431	False	occupancy_only
metastatic::AKT1+BRCA2+MAP2K4+NF1+PIK3CA+TP53	1	9.120758847136082e-05		0.07142857142857431	False	occupancy_only
metastatic::AKT1+BRCA2+NF1+RB1+TP53	1	9.120758847136082e-05		0.07142857142857431	False	occupancy_only
metastatic::AKT1+BRCA2+PIK3CA	1	9.120758847136082e-05		0.07142857142857431	False	occupancy_only
metastatic::AKT1+BRCA2+PTEN+TP53	1	9.120758847136082e-05		0.07142857142857431	False	occupancy_only
metastatic::AKT1+CBFB+ESR1	1	9.120758847136082e-05		0.07142857142857431	False	occupancy_only
metastatic::AKT1+CBFB+GATA3	1	9.120758847136082e-05		0.07142857142857431	False	occupancy_only
metastatic::AKT1+CBFB+GATA3+PIK3CA+RB1+TP53	1	9.120758847136082e-05		0.07142857142857431	False	occupancy_only
metastatic::AKT1+CBFB+NF1	1	9.120758847136082e-05		0.07142857142857431	False	occupancy_only
metastatic::AKT1+CBFB+NF1+TP53	1	9.120758847136082e-05		0.07142857142857431	False	occupancy_only
metastatic::AKT1+CBFB+RUNX1	1	9.120758847136082e-05		0.07142857142857431	False	occupancy_only
metastatic::AKT1+ESR1+GATA3+MAP3K1	1	9.120758847136082e-05		0.07142857142857431	False	occupancy_only
metastatic::AKT1+ESR1+GATA3+MAP3K1+NF1	1	9.120758847136082e-05		0.07142857142857431	False	occupancy_only
metastatic::AKT1+ESR1+MAP2K4	1	9.120758847136082e-05		0.07142857142857431	False	occupancy_only
metastatic::AKT1+ESR1+RB1	1	9.120758847136082e-05		0.07142857142857431	False	occupancy_only
metastatic::AKT1+GATA3+MAP3K1	1	9.120758847136082e-05		0.07142857142857431	False	occupancy_only
metastatic::AKT1+GATA3+PTEN+TP53	1	9.120758847136082e-05		0.07142857142857431	False	occupancy_only
metastatic::AKT1+GATA3+RB1+TP53	1	9.120758847136082e-05		0.07142857142857431	False	occupancy_only
metastatic::AKT1+GATA3+RUNX1	1	9.120758847136082e-05		0.07142857142857431	False	occupancy_only
metastatic::AKT1+MAP2K4+NF1	1	9.120758847136082e-05		0.07142857142857431	False	occupancy_only
metastatic::AKT1+MAP3K1+NF1+PIK3CA+TP53	1	9.120758847136082e-05		0.07142857142857431	False	occupancy_only
metastatic::AKT1+NF1+PIK3CA	1	9.120758847136082e-05		0.07142857142857431	False	occupancy_only
metastatic::AKT1+PIK3CA+RUNX1+TP53	1	9.120758847136082e-05		0.07142857142857431	False	occupancy_only
metastatic::AKT1+PTEN+TP53	1	9.120758847136082e-05		0.07142857142857431	False	occupancy_only
metastatic::AKT1+RB1+RUNX1+TP53	1	9.120758847136082e-05		0.07142857142857431	False	occupancy_only
metastatic::ATM+BRCA1	1	9.120758847136082e-05		0.07142857142857431	False	occupancy_only
metastatic::ATM+BRCA1+BRCA2+ESR1+MAP3K1	1	9.120758847136082e-05		0.07142857142857431	False	occupancy_only
metastatic::ATM+BRCA1+BRCA2+ESR1+MAP3K1+PIK3CA+RUNX1+TP53	1	9.120758847136082e-05		0.07142857142857431	False	occupancy_only
metastatic::ATM+BRCA1+BRCA2+GATA3+PIK3CA+RB1+TP53	1	9.120758847136082e-05		0.07142857142857431	False	occupancy_only
metastatic::ATM+BRCA1+ESR1+MAP3K1+RUNX1	1	9.120758847136082e-05		0.07142857142857431	False	occupancy_only
metastatic::ATM+BRCA1+MAP3K1+PIK3CA+PTEN	1	9.120758847136082e-05		0.07142857142857431	False	occupancy_only
metastatic::ATM+BRCA1+NF1	1	9.120758847136082e-05		0.07142857142857431	False	occupancy_only
metastatic::ATM+BRCA1+NF1+PIK3CA	1	9.120758847136082e-05		0.07142857142857431	False	occupancy_only
metastatic::ATM+BRCA1+NF1+PIK3CA+RB1+TP53	1	9.120758847136082e-05		0.07142857142857431	False	occupancy_only
metastatic::ATM+BRCA2	1	9.120758847136082e-05		0.07142857142857431	False	occupancy_only
metastatic::ATM+BRCA2+ESR1+GATA3+MAP2K4	1	9.120758847136082e-05		0.07142857142857431	False	occupancy_only
metastatic::ATM+BRCA2+ESR1+NF1+RUNX1+TP53	1	9.120758847136082e-05		0.07142857142857431	False	occupancy_only
metastatic::ATM+BRCA2+GATA3	1	9.120758847136082e-05		0.07142857142857431	False	occupancy_only
metastatic::ATM+BRCA2+GATA3+RB1	1	9.120758847136082e-05		0.07142857142857431	False	occupancy_only
metastatic::ATM+BRCA2+MAP3K1	1	9.120758847136082e-05		0.07142857142857431	False	occupancy_only
metastatic::ATM+BRCA2+PIK3CA+RUNX1+TP53	1	9.120758847136082e-05		0.07142857142857431	False	occupancy_only
metastatic::ATM+BRCA2+TP53	1	9.120758847136082e-05		0.07142857142857431	False	occupancy_only
metastatic::ATM+CBFB+ESR1+GATA3+TP53	1	9.120758847136082e-05		0.07142857142857431	False	occupancy_only
metastatic::ATM+ESR1+GATA3	1	9.120758847136082e-05		0.07142857142857431	False	occupancy_only
metastatic::ATM+ESR1+GATA3+NF1	1	9.120758847136082e-05		0.07142857142857431	False	occupancy_only
metastatic::ATM+ESR1+GATA3+PIK3CA	1	9.120758847136082e-05		0.07142857142857431	False	occupancy_only
metastatic::ATM+ESR1+MAP2K4	1	9.120758847136082e-05		0.07142857142857431	False	occupancy_only
metastatic::ATM+ESR1+PIK3CA	1	9.120758847136082e-05		0.07142857142857431	False	occupancy_only
metastatic::ATM+GATA3+MAP3K1	1	9.120758847136082e-05		0.07142857142857431	False	occupancy_only
metastatic::ATM+GATA3+MAP3K1+NF1+PIK3CA+TP53	1	9.120758847136082e-05		0.07142857142857431	False	occupancy_only
metastatic::ATM+GATA3+MAP3K1+PIK3CA+TP53	1	9.120758847136082e-05		0.07142857142857431	False	occupancy_only
metastatic::ATM+GATA3+NF1	1	9.120758847136082e-05		0.07142857142857431	False	occupancy_only
metastatic::ATM+GATA3+NF1+TP53	1	9.120758847136082e-05		0.07142857142857431	False	occupancy_only
metastatic::ATM+GATA3+PIK3CA	1	9.120758847136082e-05		0.07142857142857431	False	occupancy_only
metastatic::ATM+GATA3+PIK3CA+TP53	1	9.120758847136082e-05		0.07142857142857431	False	occupancy_only
metastatic::ATM+GATA3+PTEN	1	9.120758847136082e-05		0.07142857142857431	False	occupancy_only
metastatic::ATM+GATA3+RB1	1	9.120758847136082e-05		0.07142857142857431	False	occupancy_only
metastatic::ATM+GATA3+TP53	1	9.120758847136082e-05		0.07142857142857431	False	occupancy_only
metastatic::ATM+MAP2K4+NF1+PIK3CA+TP53	1	9.120758847136082e-05		0.07142857142857431	False	occupancy_only
metastatic::ATM+MAP2K4+TP53	1	9.120758847136082e-05		0.07142857142857431	False	occupancy_only
metastatic::ATM+MAP3K1	1	9.120758847136082e-05		0.07142857142857431	False	occupancy_only
metastatic::ATM+MAP3K1+NF1+PIK3CA+TP53	1	9.120758847136082e-05		0.07142857142857431	False	occupancy_only
metastatic::ATM+MAP3K1+PIK3CA+RUNX1+TP53	1	9.120758847136082e-05		0.07142857142857431	False	occupancy_only
metastatic::ATM+MAP3K1+TP53	1	9.120758847136082e-05		0.07142857142857431	False	occupancy_only
metastatic::ATM+NF1	1	9.120758847136082e-05		0.07142857142857431	False	occupancy_only
metastatic::ATM+NF1+PIK3CA	1	9.120758847136082e-05		0.07142857142857431	False	occupancy_only
metastatic::ATM+NF1+PIK3CA+PTEN	1	9.120758847136082e-05		0.07142857142857431	False	occupancy_only
metastatic::ATM+NF1+PIK3CA+TP53	1	9.120758847136082e-05		0.07142857142857431	False	occupancy_only
metastatic::ATM+NF1+PTEN	1	9.120758847136082e-05		0.07142857142857431	False	occupancy_only
metastatic::ATM+NF1+RB1+RUNX1+TP53	1	9.120758847136082e-05		0.07142857142857431	False	occupancy_only
metastatic::ATM+PIK3CA+RB1	1	9.120758847136082e-05		0.07142857142857431	False	occupancy_only
metastatic::ATM+PIK3CA+RUNX1	1	9.120758847136082e-05		0.07142857142857431	False	occupancy_only
metastatic::ATM+PTEN	1	9.120758847136082e-05		0.07142857142857431	False	occupancy_only
metastatic::BRCA1+BRCA2+ESR1+PIK3CA+RUNX1	1	9.120758847136082e-05		0.07142857142857431	False	occupancy_only
metastatic::BRCA1+BRCA2+GATA3+PIK3CA	1	9.120758847136082e-05		0.07142857142857431	False	occupancy_only
metastatic::BRCA1+BRCA2+MAP2K4+MAP3K1+PIK3CA+TP53	1	9.120758847136082e-05		0.07142857142857431	False	occupancy_only
metastatic::BRCA1+BRCA2+MAP3K1+NF1+RB1+RUNX1+TP53	1	9.120758847136082e-05		0.07142857142857431	False	occupancy_only
metastatic::BRCA1+BRCA2+NF1+PIK3CA+PTEN	1	9.120758847136082e-05		0.07142857142857431	False	occupancy_only
metastatic::BRCA1+BRCA2+PIK3CA+TP53	1	9.120758847136082e-05		0.07142857142857431	False	occupancy_only
metastatic::BRCA1+CBFB+GATA3+TP53	1	9.120758847136082e-05		0.07142857142857431	False	occupancy_only
metastatic::BRCA1+CBFB+NF1+TP53	1	9.120758847136082e-05		0.07142857142857431	False	occupancy_only
metastatic::BRCA1+ESR1+MAP3K1	1	9.120758847136082e-05		0.07142857142857431	False	occupancy_only
metastatic::BRCA1+ESR1+MAP3K1+PIK3CA	1	9.120758847136082e-05		0.07142857142857431	False	occupancy_only
metastatic::BRCA1+ESR1+NF1+PIK3CA+TP53	1	9.120758847136082e-05		0.07142857142857431	False	occupancy_only
metastatic::BRCA1+ESR1+PIK3CA	1	9.120758847136082e-05		0.07142857142857431	False	occupancy_only
metastatic::BRCA1+ESR1+TP53	1	9.120758847136082e-05		0.07142857142857431	False	occupancy_only
metastatic::BRCA1+GATA3+MAP3K1+PIK3CA	1	9.120758847136082e-05		0.07142857142857431	False	occupancy_only
metastatic::BRCA1+GATA3+PIK3CA+TP53	1	9.120758847136082e-05		0.07142857142857431	False	occupancy_only
metastatic::BRCA1+GATA3+PTEN+TP53	1	9.120758847136082e-05		0.07142857142857431	False	occupancy_only
metastatic::BRCA1+GATA3+TP53	1	9.120758847136082e-05		0.07142857142857431	False	occupancy_only
metastatic::BRCA1+MAP2K4+NF1+RB1+TP53	1	9.120758847136082e-05		0.07142857142857431	False	occupancy_only
metastatic::BRCA1+MAP3K1+NF1+PIK3CA+RB1+TP53	1	9.120758847136082e-05		0.07142857142857431	False	occupancy_only
metastatic::BRCA1+MAP3K1+PIK3CA+PTEN+TP53	1	9.120758847136082e-05		0.07142857142857431	False	occupancy_only
metastatic::BRCA1+NF1+RB1+TP53	1	9.120758847136082e-05		0.07142857142857431	False	occupancy_only
metastatic::BRCA1+NF1+RUNX1+TP53	1	9.120758847136082e-05		0.07142857142857431	False	occupancy_only
metastatic::BRCA1+PIK3CA+PTEN+TP53	1	9.120758847136082e-05		0.07142857142857431	False	occupancy_only
metastatic::BRCA1+PIK3CA+RB1+TP53	1	9.120758847136082e-05		0.07142857142857431	False	occupancy_only
metastatic::BRCA1+PTEN+RB1+TP53	1	9.120758847136082e-05		0.07142857142857431	False	occupancy_only
metastatic::BRCA1+RB1+RUNX1+TP53	1	9.120758847136082e-05		0.07142857142857431	False	occupancy_only
metastatic::BRCA2+CBFB+GATA3	1	9.120758847136082e-05		0.07142857142857431	False	occupancy_only
metastatic::BRCA2+CBFB+RB1+TP53	1	9.120758847136082e-05		0.07142857142857431	False	occupancy_only
metastatic::BRCA2+ESR1+GATA3+PIK3CA	1	9.120758847136082e-05		0.07142857142857431	False	occupancy_only
metastatic::BRCA2+ESR1+GATA3+PIK3CA+RUNX1	1	9.120758847136082e-05		0.07142857142857431	False	occupancy_only
metastatic::BRCA2+ESR1+PIK3CA+RB1	1	9.120758847136082e-05		0.07142857142857431	False	occupancy_only
metastatic::BRCA2+ESR1+RB1	1	9.120758847136082e-05		0.07142857142857431	False	occupancy_only
metastatic::BRCA2+ESR1+RUNX1+TP53	1	9.120758847136082e-05		0.07142857142857431	False	occupancy_only
metastatic::BRCA2+GATA3+PTEN+TP53	1	9.120758847136082e-05		0.07142857142857431	False	occupancy_only
metastatic::BRCA2+GATA3+TP53	1	9.120758847136082e-05		0.07142857142857431	False	occupancy_only
metastatic::BRCA2+MAP3K1	1	9.120758847136082e-05		0.07142857142857431	False	occupancy_only
metastatic::BRCA2+MAP3K1+NF1	1	9.120758847136082e-05		0.07142857142857431	False	occupancy_only
metastatic::BRCA2+MAP3K1+PIK3CA+RB1+TP53	1	9.120758847136082e-05		0.07142857142857431	False	occupancy_only
metastatic::BRCA2+MAP3K1+RB1	1	9.120758847136082e-05		0.07142857142857431	False	occupancy_only
metastatic::BRCA2+NF1+PIK3CA	1	9.120758847136082e-05		0.07142857142857431	False	occupancy_only
metastatic::BRCA2+NF1+PIK3CA+PTEN+TP53	1	9.120758847136082e-05		0.07142857142857431	False	occupancy_only
metastatic::BRCA2+NF1+PTEN+TP53	1	9.120758847136082e-05		0.07142857142857431	False	occupancy_only
metastatic::BRCA2+PIK3CA+RUNX1	1	9.120758847136082e-05		0.07142857142857431	False	occupancy_only
metastatic::BRCA2+PTEN	1	9.120758847136082e-05		0.07142857142857431	False	occupancy_only
metastatic::BRCA2+PTEN+RB1	1	9.120758847136082e-05		0.07142857142857431	False	occupancy_only
metastatic::BRCA2+RB1	1	9.120758847136082e-05		0.07142857142857431	False	occupancy_only
metastatic::CBFB+ESR1	1	9.120758847136082e-05		0.07142857142857431	False	occupancy_only
metastatic::CBFB+ESR1+GATA3+MAP3K1	1	9.120758847136082e-05		0.07142857142857431	False	occupancy_only
metastatic::CBFB+ESR1+GATA3+PIK3CA	1	9.120758847136082e-05		0.07142857142857431	False	occupancy_only
metastatic::CBFB+ESR1+GATA3+TP53	1	9.120758847136082e-05		0.07142857142857431	False	occupancy_only
metastatic::CBFB+ESR1+PIK3CA+TP53	1	9.120758847136082e-05		0.07142857142857431	False	occupancy_only
metastatic::CBFB+GATA3+MAP2K4	1	9.120758847136082e-05		0.07142857142857431	False	occupancy_only
metastatic::CBFB+GATA3+MAP3K1	1	9.120758847136082e-05		0.07142857142857431	False	occupancy_only
metastatic::CBFB+GATA3+TP53	1	9.120758847136082e-05		0.07142857142857431	False	occupancy_only
metastatic::CBFB+MAP3K1	1	9.120758847136082e-05		0.07142857142857431	False	occupancy_only
metastatic::CBFB+MAP3K1+NF1+PIK3CA+TP53	1	9.120758847136082e-05		0.07142857142857431	False	occupancy_only
metastatic::CBFB+NF1+TP53	1	9.120758847136082e-05		0.07142857142857431	False	occupancy_only
metastatic::CBFB+PIK3CA+PTEN+TP53	1	9.120758847136082e-05		0.07142857142857431	False	occupancy_only
metastatic::CBFB+PTEN	1	9.120758847136082e-05		0.07142857142857431	False	occupancy_only
metastatic::CBFB+RUNX1	1	9.120758847136082e-05		0.07142857142857431	False	occupancy_only
metastatic::ESR1+GATA3+MAP2K4+PIK3CA	1	9.120758847136082e-05		0.07142857142857431	False	occupancy_only
metastatic::ESR1+GATA3+MAP3K1+NF1+PIK3CA	1	9.120758847136082e-05		0.07142857142857431	False	occupancy_only
metastatic::ESR1+GATA3+PIK3CA+PTEN	1	9.120758847136082e-05		0.07142857142857431	False	occupancy_only
metastatic::ESR1+GATA3+PIK3CA+RB1	1	9.120758847136082e-05		0.07142857142857431	False	occupancy_only
metastatic::ESR1+GATA3+PIK3CA+RUNX1	1	9.120758847136082e-05		0.07142857142857431	False	occupancy_only
metastatic::ESR1+GATA3+RB1+TP53	1	9.120758847136082e-05		0.07142857142857431	False	occupancy_only
metastatic::ESR1+MAP2K4+PIK3CA+RB1+RUNX1	1	9.120758847136082e-05		0.07142857142857431	False	occupancy_only
metastatic::ESR1+MAP2K4+PTEN+TP53	1	9.120758847136082e-05		0.07142857142857431	False	occupancy_only
metastatic::ESR1+MAP3K1+PIK3CA+PTEN+RUNX1	1	9.120758847136082e-05		0.07142857142857431	False	occupancy_only
metastatic::ESR1+MAP3K1+PIK3CA+RB1+RUNX1	1	9.120758847136082e-05		0.07142857142857431	False	occupancy_only
metastatic::ESR1+NF1+PIK3CA	1	9.120758847136082e-05		0.07142857142857431	False	occupancy_only
metastatic::ESR1+PIK3CA+PTEN	1	9.120758847136082e-05		0.07142857142857431	False	occupancy_only
metastatic::ESR1+PIK3CA+RB1+TP53	1	9.120758847136082e-05		0.07142857142857431	False	occupancy_only
metastatic::ESR1+PTEN+RB1	1	9.120758847136082e-05		0.07142857142857431	False	occupancy_only
metastatic::ESR1+RB1	1	9.120758847136082e-05		0.07142857142857431	False	occupancy_only
metastatic::GATA3+MAP2K4+TP53	1	9.120758847136082e-05		0.07142857142857431	False	occupancy_only
metastatic::GATA3+MAP3K1+NF1	1	9.120758847136082e-05		0.07142857142857431	False	occupancy_only
metastatic::GATA3+MAP3K1+PIK3CA+TP53	1	9.120758847136082e-05		0.07142857142857431	False	occupancy_only
metastatic::GATA3+MAP3K1+RB1	1	9.120758847136082e-05		0.07142857142857431	False	occupancy_only
metastatic::GATA3+MAP3K1+RUNX1	1	9.120758847136082e-05		0.07142857142857431	False	occupancy_only
metastatic::GATA3+NF1+PIK3CA	1	9.120758847136082e-05		0.07142857142857431	False	occupancy_only
metastatic::GATA3+NF1+PIK3CA+PTEN+RB1+TP53	1	9.120758847136082e-05		0.07142857142857431	False	occupancy_only
metastatic::GATA3+PIK3CA+PTEN+TP53	1	9.120758847136082e-05		0.07142857142857431	False	occupancy_only
metastatic::GATA3+PIK3CA+RUNX1	1	9.120758847136082e-05		0.07142857142857431	False	occupancy_only
metastatic::GATA3+PIK3CA+RUNX1+TP53	1	9.120758847136082e-05		0.07142857142857431	False	occupancy_only
metastatic::GATA3+PTEN+RB1+TP53	1	9.120758847136082e-05		0.07142857142857431	False	occupancy_only
metastatic::GATA3+RB1	1	9.120758847136082e-05		0.07142857142857431	False	occupancy_only
metastatic::MAP2K4+MAP3K1+NF1	1	9.120758847136082e-05		0.07142857142857431	False	occupancy_only
metastatic::MAP2K4+NF1	1	9.120758847136082e-05		0.07142857142857431	False	occupancy_only
metastatic::MAP2K4+NF1+PTEN	1	9.120758847136082e-05		0.07142857142857431	False	occupancy_only
metastatic::MAP2K4+PTEN	1	9.120758847136082e-05		0.07142857142857431	False	occupancy_only
metastatic::MAP2K4+PTEN+TP53	1	9.120758847136082e-05		0.07142857142857431	False	occupancy_only
metastatic::MAP3K1+NF1+PTEN	1	9.120758847136082e-05		0.07142857142857431	False	occupancy_only
metastatic::MAP3K1+PTEN	1	9.120758847136082e-05		0.07142857142857431	False	occupancy_only
metastatic::MAP3K1+RUNX1	1	9.120758847136082e-05		0.07142857142857431	False	occupancy_only
metastatic::MAP3K1+RUNX1+TP53	1	9.120758847136082e-05		0.07142857142857431	False	occupancy_only
metastatic::NF1+PIK3CA+RB1	1	9.120758847136082e-05		0.07142857142857431	False	occupancy_only
metastatic::NF1+PIK3CA+RB1+TP53	1	9.120758847136082e-05		0.07142857142857431	False	occupancy_only
metastatic::NF1+PIK3CA+RUNX1+TP53	1	9.120758847136082e-05		0.07142857142857431	False	occupancy_only
metastatic::NF1+PTEN+RUNX1+TP53	1	9.120758847136082e-05		0.07142857142857431	False	occupancy_only
metastatic::PIK3CA+PTEN+RB1+TP53	1	9.120758847136082e-05		0.07142857142857431	False	occupancy_only
metastatic::PIK3CA+RB1+RUNX1+TP53	1	9.120758847136082e-05		0.07142857142857431	False	occupancy_only
metastatic::PTEN+RB1	1	9.120758847136082e-05		0.07142857142857431	False	occupancy_only
metastatic::PTEN+RUNX1	1	9.120758847136082e-05		0.07142857142857431	False	occupancy_only
metastatic::PTEN+RUNX1+TP53	1	9.120758847136082e-05		0.07142857142857431	False	occupancy_only
metastatic::RB1+RUNX1+TP53	1	9.120758847136082e-05		0.07142857142857431	False	occupancy_only
primary::AKT1+ATM+BRCA1+BRCA2+CBFB+MAP3K1+NF1+PIK3CA+PTEN+RUNX1	1	9.120758847136082e-05		0.07142857142857431	False	occupancy_only
primary::AKT1+ATM+BRCA1+BRCA2+MAP2K4+MAP3K1+NF1+RB1+RUNX1+TP53	1	9.120758847136082e-05		0.07142857142857431	False	occupancy_only
primary::AKT1+ATM+BRCA2+PIK3CA+TP53	1	9.120758847136082e-05		0.07142857142857431	False	occupancy_only
primary::AKT1+ATM+GATA3	1	9.120758847136082e-05		0.07142857142857431	False	occupancy_only
primary::AKT1+ATM+RUNX1	1	9.120758847136082e-05		0.07142857142857431	False	occupancy_only
primary::AKT1+BRCA1	1	9.120758847136082e-05		0.07142857142857431	False	occupancy_only
primary::AKT1+BRCA1+BRCA2+ESR1	1	9.120758847136082e-05		0.07142857142857431	False	occupancy_only
primary::AKT1+BRCA1+PTEN+RUNX1	1	9.120758847136082e-05		0.07142857142857431	False	occupancy_only
primary::AKT1+BRCA1+TP53	1	9.120758847136082e-05		0.07142857142857431	False	occupancy_only
primary::AKT1+BRCA2	1	9.120758847136082e-05		0.07142857142857431	False	occupancy_only
primary::AKT1+BRCA2+ESR1	1	9.120758847136082e-05		0.07142857142857431	False	occupancy_only
primary::AKT1+BRCA2+MAP3K1+NF1+TP53	1	9.120758847136082e-05		0.07142857142857431	False	occupancy_only
primary::AKT1+BRCA2+MAP3K1+RUNX1+TP53	1	9.120758847136082e-05		0.07142857142857431	False	occupancy_only
primary::AKT1+BRCA2+NF1	1	9.120758847136082e-05		0.07142857142857431	False	occupancy_only
primary::AKT1+BRCA2+PTEN+RB1+TP53	1	9.120758847136082e-05		0.07142857142857431	False	occupancy_only
primary::AKT1+CBFB+ESR1+GATA3	1	9.120758847136082e-05		0.07142857142857431	False	occupancy_only
primary::AKT1+CBFB+MAP2K4+MAP3K1+RUNX1	1	9.120758847136082e-05		0.07142857142857431	False	occupancy_only
primary::AKT1+CBFB+PIK3CA	1	9.120758847136082e-05		0.07142857142857431	False	occupancy_only
primary::AKT1+CBFB+PTEN	1	9.120758847136082e-05		0.07142857142857431	False	occupancy_only
primary::AKT1+CBFB+TP53	1	9.120758847136082e-05		0.07142857142857431	False	occupancy_only
primary::AKT1+ESR1+GATA3+NF1+TP53	1	9.120758847136082e-05		0.07142857142857431	False	occupancy_only
primary::AKT1+GATA3+MAP3K1+PIK3CA	1	9.120758847136082e-05		0.07142857142857431	False	occupancy_only
primary::AKT1+MAP2K4+NF1+TP53	1	9.120758847136082e-05		0.07142857142857431	False	occupancy_only
primary::AKT1+MAP3K1+NF1+TP53	1	9.120758847136082e-05		0.07142857142857431	False	occupancy_only
primary::AKT1+MAP3K1+PIK3CA+TP53	1	9.120758847136082e-05		0.07142857142857431	False	occupancy_only
primary::AKT1+MAP3K1+TP53	1	9.120758847136082e-05		0.07142857142857431	False	occupancy_only
primary::AKT1+NF1+RUNX1	1	9.120758847136082e-05		0.07142857142857431	False	occupancy_only
primary::AKT1+PIK3CA+PTEN	1	9.120758847136082e-05		0.07142857142857431	False	occupancy_only
primary::AKT1+PIK3CA+RB1+TP53	1	9.120758847136082e-05		0.07142857142857431	False	occupancy_only
primary::AKT1+PTEN	1	9.120758847136082e-05		0.07142857142857431	False	occupancy_only
primary::ATM+BRCA1	1	9.120758847136082e-05		0.07142857142857431	False	occupancy_only
primary::ATM+BRCA1+BRCA2+ESR1+MAP3K1+NF1+PIK3CA+RUNX1+TP53	1	9.120758847136082e-05		0.07142857142857431	False	occupancy_only
primary::ATM+BRCA1+BRCA2+MAP3K1+NF1+PIK3CA+PTEN+RUNX1+TP53	1	9.120758847136082e-05		0.07142857142857431	False	occupancy_only
primary::ATM+BRCA1+BRCA2+MAP3K1+NF1+PIK3CA+RUNX1+TP53	1	9.120758847136082e-05		0.07142857142857431	False	occupancy_only
primary::ATM+BRCA1+BRCA2+TP53	1	9.120758847136082e-05		0.07142857142857431	False	occupancy_only
primary::ATM+BRCA1+GATA3+TP53	1	9.120758847136082e-05		0.07142857142857431	False	occupancy_only
primary::ATM+BRCA1+PIK3CA	1	9.120758847136082e-05		0.07142857142857431	False	occupancy_only
primary::ATM+BRCA1+RUNX1	1	9.120758847136082e-05		0.07142857142857431	False	occupancy_only
primary::ATM+BRCA1+RUNX1+TP53	1	9.120758847136082e-05		0.07142857142857431	False	occupancy_only
primary::ATM+BRCA2+PIK3CA	1	9.120758847136082e-05		0.07142857142857431	False	occupancy_only
primary::ATM+CBFB+GATA3+MAP3K1+PIK3CA	1	9.120758847136082e-05		0.07142857142857431	False	occupancy_only
primary::ATM+CBFB+NF1+PIK3CA	1	9.120758847136082e-05		0.07142857142857431	False	occupancy_only
primary::ATM+ESR1	1	9.120758847136082e-05		0.07142857142857431	False	occupancy_only
primary::ATM+ESR1+GATA3+PIK3CA	1	9.120758847136082e-05		0.07142857142857431	False	occupancy_only
primary::ATM+GATA3+MAP3K1	1	9.120758847136082e-05		0.07142857142857431	False	occupancy_only
primary::ATM+GATA3+MAP3K1+PTEN	1	9.120758847136082e-05		0.07142857142857431	False	occupancy_only
primary::ATM+GATA3+MAP3K1+TP53	1	9.120758847136082e-05		0.07142857142857431	False	occupancy_only
primary::ATM+GATA3+NF1	1	9.120758847136082e-05		0.07142857142857431	False	occupancy_only
primary::ATM+GATA3+PIK3CA+RB1	1	9.120758847136082e-05		0.07142857142857431	False	occupancy_only
primary::ATM+GATA3+PIK3CA+TP53	1	9.120758847136082e-05		0.07142857142857431	False	occupancy_only
primary::ATM+GATA3+RUNX1	1	9.120758847136082e-05		0.07142857142857431	False	occupancy_only
primary::ATM+GATA3+TP53	1	9.120758847136082e-05		0.07142857142857431	False	occupancy_only
primary::ATM+MAP2K4+MAP3K1+NF1+PIK3CA	1	9.120758847136082e-05		0.07142857142857431	False	occupancy_only
primary::ATM+MAP2K4+PIK3CA	1	9.120758847136082e-05		0.07142857142857431	False	occupancy_only
primary::ATM+MAP2K4+PIK3CA+PTEN	1	9.120758847136082e-05		0.07142857142857431	False	occupancy_only
primary::ATM+MAP2K4+PIK3CA+TP53	1	9.120758847136082e-05		0.07142857142857431	False	occupancy_only
primary::ATM+MAP2K4+TP53	1	9.120758847136082e-05		0.07142857142857431	False	occupancy_only
primary::ATM+MAP3K1+PIK3CA+RUNX1	1	9.120758847136082e-05		0.07142857142857431	False	occupancy_only
primary::ATM+MAP3K1+PTEN+TP53	1	9.120758847136082e-05		0.07142857142857431	False	occupancy_only
primary::ATM+NF1	1	9.120758847136082e-05		0.07142857142857431	False	occupancy_only
primary::ATM+NF1+PIK3CA	1	9.120758847136082e-05		0.07142857142857431	False	occupancy_only
primary::ATM+NF1+RUNX1+TP53	1	9.120758847136082e-05		0.07142857142857431	False	occupancy_only
primary::ATM+NF1+TP53	1	9.120758847136082e-05		0.07142857142857431	False	occupancy_only
primary::ATM+PIK3CA+PTEN+TP53	1	9.120758847136082e-05		0.07142857142857431	False	occupancy_only
primary::ATM+PIK3CA+RUNX1+TP53	1	9.120758847136082e-05		0.07142857142857431	False	occupancy_only
primary::BRCA1+BRCA2+PIK3CA	1	9.120758847136082e-05		0.07142857142857431	False	occupancy_only
primary::BRCA1+BRCA2+PTEN	1	9.120758847136082e-05		0.07142857142857431	False	occupancy_only
primary::BRCA1+CBFB+GATA3+MAP3K1+PIK3CA	1	9.120758847136082e-05		0.07142857142857431	False	occupancy_only
primary::BRCA1+GATA3+MAP3K1	1	9.120758847136082e-05		0.07142857142857431	False	occupancy_only
primary::BRCA1+GATA3+PIK3CA	1	9.120758847136082e-05		0.07142857142857431	False	occupancy_only
primary::BRCA1+MAP2K4+PIK3CA+TP53	1	9.120758847136082e-05		0.07142857142857431	False	occupancy_only
primary::BRCA1+MAP2K4+RB1	1	9.120758847136082e-05		0.07142857142857431	False	occupancy_only
primary::BRCA1+MAP2K4+TP53	1	9.120758847136082e-05		0.07142857142857431	False	occupancy_only
primary::BRCA1+NF1+PIK3CA+PTEN+TP53	1	9.120758847136082e-05		0.07142857142857431	False	occupancy_only
primary::BRCA1+NF1+PIK3CA+TP53	1	9.120758847136082e-05		0.07142857142857431	False	occupancy_only
primary::BRCA1+PIK3CA+PTEN+TP53	1	9.120758847136082e-05		0.07142857142857431	False	occupancy_only
primary::BRCA1+PIK3CA+RUNX1	1	9.120758847136082e-05		0.07142857142857431	False	occupancy_only
primary::BRCA1+RUNX1+TP53	1	9.120758847136082e-05		0.07142857142857431	False	occupancy_only
primary::BRCA2+CBFB	1	9.120758847136082e-05		0.07142857142857431	False	occupancy_only
primary::BRCA2+CBFB+GATA3+PTEN	1	9.120758847136082e-05		0.07142857142857431	False	occupancy_only
primary::BRCA2+CBFB+MAP2K4+PIK3CA+TP53	1	9.120758847136082e-05		0.07142857142857431	False	occupancy_only
primary::BRCA2+ESR1	1	9.120758847136082e-05		0.07142857142857431	False	occupancy_only
primary::BRCA2+ESR1+GATA3	1	9.120758847136082e-05		0.07142857142857431	False	occupancy_only
primary::BRCA2+ESR1+MAP3K1	1	9.120758847136082e-05		0.07142857142857431	False	occupancy_only
primary::BRCA2+ESR1+MAP3K1+NF1	1	9.120758847136082e-05		0.07142857142857431	False	occupancy_only
primary::BRCA2+GATA3+MAP3K1	1	9.120758847136082e-05		0.07142857142857431	False	occupancy_only
primary::BRCA2+GATA3+MAP3K1+NF1+PIK3CA+RUNX1	1	9.120758847136082e-05		0.07142857142857431	False	occupancy_only
primary::BRCA2+GATA3+MAP3K1+NF1+TP53	1	9.120758847136082e-05		0.07142857142857431	False	occupancy_only
primary::BRCA2+GATA3+PIK3CA	1	9.120758847136082e-05		0.07142857142857431	False	occupancy_only
primary::BRCA2+GATA3+PIK3CA+TP53	1	9.120758847136082e-05		0.07142857142857431	False	occupancy_only
primary::BRCA2+GATA3+PTEN	1	9.120758847136082e-05		0.07142857142857431	False	occupancy_only
primary::BRCA2+GATA3+PTEN+TP53	1	9.120758847136082e-05		0.07142857142857431	False	occupancy_only
primary::BRCA2+MAP2K4	1	9.120758847136082e-05		0.07142857142857431	False	occupancy_only
primary::BRCA2+MAP2K4+NF1+PIK3CA+TP53	1	9.120758847136082e-05		0.07142857142857431	False	occupancy_only
primary::BRCA2+MAP3K1+NF1+PTEN	1	9.120758847136082e-05		0.07142857142857431	False	occupancy_only
primary::BRCA2+MAP3K1+PIK3CA	1	9.120758847136082e-05		0.07142857142857431	False	occupancy_only
primary::BRCA2+MAP3K1+PIK3CA+PTEN	1	9.120758847136082e-05		0.07142857142857431	False	occupancy_only
primary::BRCA2+MAP3K1+PTEN	1	9.120758847136082e-05		0.07142857142857431	False	occupancy_only
primary::BRCA2+MAP3K1+TP53	1	9.120758847136082e-05		0.07142857142857431	False	occupancy_only
primary::BRCA2+NF1	1	9.120758847136082e-05		0.07142857142857431	False	occupancy_only
primary::BRCA2+NF1+PTEN+TP53	1	9.120758847136082e-05		0.07142857142857431	False	occupancy_only
primary::BRCA2+PIK3CA+PTEN	1	9.120758847136082e-05		0.07142857142857431	False	occupancy_only
primary::BRCA2+PIK3CA+PTEN+TP53	1	9.120758847136082e-05		0.07142857142857431	False	occupancy_only
primary::BRCA2+PIK3CA+RB1+TP53	1	9.120758847136082e-05		0.07142857142857431	False	occupancy_only
primary::BRCA2+PIK3CA+RUNX1+TP53	1	9.120758847136082e-05		0.07142857142857431	False	occupancy_only
primary::BRCA2+PTEN+RUNX1	1	9.120758847136082e-05		0.07142857142857431	False	occupancy_only
primary::BRCA2+RB1	1	9.120758847136082e-05		0.07142857142857431	False	occupancy_only
primary::BRCA2+RUNX1	1	9.120758847136082e-05		0.07142857142857431	False	occupancy_only
primary::CBFB+ESR1	1	9.120758847136082e-05		0.07142857142857431	False	occupancy_only
primary::CBFB+GATA3+MAP2K4	1	9.120758847136082e-05		0.07142857142857431	False	occupancy_only
primary::CBFB+GATA3+MAP2K4+PIK3CA	1	9.120758847136082e-05		0.07142857142857431	False	occupancy_only
primary::CBFB+GATA3+MAP3K1	1	9.120758847136082e-05		0.07142857142857431	False	occupancy_only
primary::CBFB+GATA3+MAP3K1+NF1+PIK3CA+TP53	1	9.120758847136082e-05		0.07142857142857431	False	occupancy_only
primary::CBFB+GATA3+PIK3CA+RB1	1	9.120758847136082e-05		0.07142857142857431	False	occupancy_only
primary::CBFB+GATA3+PIK3CA+RUNX1	1	9.120758847136082e-05		0.07142857142857431	False	occupancy_only
primary::CBFB+GATA3+RUNX1	1	9.120758847136082e-05		0.07142857142857431	False	occupancy_only
primary::CBFB+MAP3K1	1	9.120758847136082e-05		0.07142857142857431	False	occupancy_only
primary::CBFB+MAP3K1+NF1+PIK3CA	1	9.120758847136082e-05		0.07142857142857431	False	occupancy_only
primary::CBFB+MAP3K1+PTEN	1	9.120758847136082e-05		0.07142857142857431	False	occupancy_only
primary::CBFB+NF1+RUNX1	1	9.120758847136082e-05		0.07142857142857431	False	occupancy_only
primary::CBFB+PIK3CA+PTEN	1	9.120758847136082e-05		0.07142857142857431	False	occupancy_only
primary::CBFB+PIK3CA+PTEN+TP53	1	9.120758847136082e-05		0.07142857142857431	False	occupancy_only
primary::CBFB+PIK3CA+RB1	1	9.120758847136082e-05		0.07142857142857431	False	occupancy_only
primary::CBFB+PIK3CA+RB1+TP53	1	9.120758847136082e-05		0.07142857142857431	False	occupancy_only
primary::CBFB+PIK3CA+RUNX1	1	9.120758847136082e-05		0.07142857142857431	False	occupancy_only
primary::CBFB+RUNX1+TP53	1	9.120758847136082e-05		0.07142857142857431	False	occupancy_only
primary::ESR1+GATA3+MAP2K4+PIK3CA	1	9.120758847136082e-05		0.07142857142857431	False	occupancy_only
primary::ESR1+GATA3+NF1	1	9.120758847136082e-05		0.07142857142857431	False	occupancy_only
primary::ESR1+GATA3+PIK3CA+TP53	1	9.120758847136082e-05		0.07142857142857431	False	occupancy_only
primary::ESR1+GATA3+PTEN+RB1	1	9.120758847136082e-05		0.07142857142857431	False	occupancy_only
primary::ESR1+GATA3+RUNX1	1	9.120758847136082e-05		0.07142857142857431	False	occupancy_only
primary::ESR1+MAP2K4	1	9.120758847136082e-05		0.07142857142857431	False	occupancy_only
primary::ESR1+MAP2K4+PIK3CA+PTEN+TP53	1	9.120758847136082e-05		0.07142857142857431	False	occupancy_only
primary::ESR1+MAP3K1+PIK3CA	1	9.120758847136082e-05		0.07142857142857431	False	occupancy_only
primary::ESR1+MAP3K1+PIK3CA+RB1+TP53	1	9.120758847136082e-05		0.07142857142857431	False	occupancy_only
primary::ESR1+MAP3K1+PIK3CA+TP53	1	9.120758847136082e-05		0.07142857142857431	False	occupancy_only
primary::GATA3+MAP2K4+NF1+PIK3CA+PTEN+TP53	1	9.120758847136082e-05		0.07142857142857431	False	occupancy_only
primary::GATA3+MAP2K4+PIK3CA+PTEN+TP53	1	9.120758847136082e-05		0.07142857142857431	False	occupancy_only
primary::GATA3+MAP2K4+PIK3CA+TP53	1	9.120758847136082e-05		0.07142857142857431	False	occupancy_only
primary::GATA3+MAP3K1+NF1+PIK3CA+RUNX1	1	9.120758847136082e-05		0.07142857142857431	False	occupancy_only
primary::GATA3+MAP3K1+NF1+PTEN	1	9.120758847136082e-05		0.07142857142857431	False	occupancy_only
primary::GATA3+MAP3K1+PIK3CA+RUNX1	1	9.120758847136082e-05		0.07142857142857431	False	occupancy_only
primary::GATA3+NF1+PIK3CA+RUNX1+TP53	1	9.120758847136082e-05		0.07142857142857431	False	occupancy_only
primary::GATA3+PIK3CA+RB1	1	9.120758847136082e-05		0.07142857142857431	False	occupancy_only
primary::GATA3+PIK3CA+RB1+TP53	1	9.120758847136082e-05		0.07142857142857431	False	occupancy_only
primary::GATA3+RB1+TP53	1	9.120758847136082e-05		0.07142857142857431	False	occupancy_only
primary::MAP2K4+MAP3K1+PIK3CA	1	9.120758847136082e-05		0.07142857142857431	False	occupancy_only
primary::MAP2K4+NF1+TP53	1	9.120758847136082e-05		0.07142857142857431	False	occupancy_only
primary::MAP2K4+PIK3CA+PTEN	1	9.120758847136082e-05		0.07142857142857431	False	occupancy_only
primary::MAP2K4+RB1	1	9.120758847136082e-05		0.07142857142857431	False	occupancy_only
primary::MAP2K4+RB1+TP53	1	9.120758847136082e-05		0.07142857142857431	False	occupancy_only
primary::MAP2K4+RUNX1	1	9.120758847136082e-05		0.07142857142857431	False	occupancy_only
primary::MAP3K1+NF1	1	9.120758847136082e-05		0.07142857142857431	False	occupancy_only
primary::MAP3K1+NF1+PIK3CA+RUNX1	1	9.120758847136082e-05		0.07142857142857431	False	occupancy_only
primary::MAP3K1+NF1+PTEN+TP53	1	9.120758847136082e-05		0.07142857142857431	False	occupancy_only
primary::MAP3K1+PIK3CA+RB1	1	9.120758847136082e-05		0.07142857142857431	False	occupancy_only
primary::MAP3K1+PIK3CA+RUNX1+TP53	1	9.120758847136082e-05		0.07142857142857431	False	occupancy_only
primary::MAP3K1+PTEN+RUNX1	1	9.120758847136082e-05		0.07142857142857431	False	occupancy_only
primary::NF1+PIK3CA+PTEN	1	9.120758847136082e-05		0.07142857142857431	False	occupancy_only
primary::NF1+PIK3CA+RB1	1	9.120758847136082e-05		0.07142857142857431	False	occupancy_only
primary::NF1+PIK3CA+RB1+RUNX1+TP53	1	9.120758847136082e-05		0.07142857142857431	False	occupancy_only
primary::NF1+PIK3CA+RUNX1+TP53	1	9.120758847136082e-05		0.07142857142857431	False	occupancy_only
primary::NF1+PTEN+RB1	1	9.120758847136082e-05		0.07142857142857431	False	occupancy_only
primary::NF1+PTEN+RB1+TP53	1	9.120758847136082e-05		0.07142857142857431	False	occupancy_only
primary::NF1+RUNX1	1	9.120758847136082e-05		0.07142857142857431	False	occupancy_only
primary::NF1+RUNX1+TP53	1	9.120758847136082e-05		0.07142857142857431	False	occupancy_only
primary::PIK3CA+PTEN+RUNX1+TP53	1	9.120758847136082e-05		0.07142857142857431	False	occupancy_only
primary::PIK3CA+RB1+RUNX1	1	9.120758847136082e-05		0.07142857142857431	False	occupancy_only
primary::PIK3CA+RB1+RUNX1+TP53	1	9.120758847136082e-05		0.07142857142857431	False	occupancy_only
primary::PTEN+RB1	1	9.120758847136082e-05		0.07142857142857431	False	occupancy_only
unknown::AKT1+ATM+PIK3CA	1	9.120758847136082e-05		0.07142857142857431	False	occupancy_only
unknown::AKT1+ESR1+PIK3CA	1	9.120758847136082e-05		0.07142857142857431	False	occupancy_only
unknown::AKT1+PIK3CA	1	9.120758847136082e-05		0.07142857142857431	False	occupancy_only
unknown::ATM+BRCA2+GATA3	1	9.120758847136082e-05		0.07142857142857431	False	occupancy_only
unknown::ATM+ESR1+PIK3CA+TP53	1	9.120758847136082e-05		0.07142857142857431	False	occupancy_only
unknown::ATM+PIK3CA	1	9.120758847136082e-05		0.07142857142857431	False	occupancy_only
unknown::ATM+PIK3CA+TP53	1	9.120758847136082e-05		0.07142857142857431	False	occupancy_only
unknown::BRCA1	1	9.120758847136082e-05		0.07142857142857431	False	occupancy_only
unknown::BRCA1+CBFB+GATA3	1	9.120758847136082e-05		0.07142857142857431	False	occupancy_only
unknown::BRCA2	1	9.120758847136082e-05		0.07142857142857431	False	occupancy_only
unknown::BRCA2+CBFB+TP53	1	9.120758847136082e-05		0.07142857142857431	False	occupancy_only
unknown::BRCA2+PIK3CA+TP53	1	9.120758847136082e-05		0.07142857142857431	False	occupancy_only
unknown::BRCA2+RB1+TP53	1	9.120758847136082e-05		0.07142857142857431	False	occupancy_only
unknown::CBFB+GATA3	1	9.120758847136082e-05		0.07142857142857431	False	occupancy_only
unknown::ESR1+GATA3+PIK3CA	1	9.120758847136082e-05		0.07142857142857431	False	occupancy_only
unknown::ESR1+GATA3+TP53	1	9.120758847136082e-05		0.07142857142857431	False	occupancy_only
unknown::ESR1+PIK3CA	1	9.120758847136082e-05		0.07142857142857431	False	occupancy_only
unknown::ESR1+TP53	1	9.120758847136082e-05		0.07142857142857431	False	occupancy_only
unknown::GATA3+PIK3CA	1	9.120758847136082e-05		0.07142857142857431	False	occupancy_only
unknown::GATA3+PIK3CA+TP53	1	9.120758847136082e-05		0.07142857142857431	False	occupancy_only
unknown::MAP2K4+PIK3CA+RB1+TP53	1	9.120758847136082e-05		0.07142857142857431	False	occupancy_only
unknown::MAP2K4+TP53	1	9.120758847136082e-05		0.07142857142857431	False	occupancy_only
unknown::MAP3K1+PIK3CA	1	9.120758847136082e-05		0.07142857142857431	False	occupancy_only
unknown::MAP3K1+PIK3CA+TP53	1	9.120758847136082e-05		0.07142857142857431	False	occupancy_only
unknown::NF1+PIK3CA	1	9.120758847136082e-05		0.07142857142857431	False	occupancy_only
unknown::PIK3CA+PTEN	1	9.120758847136082e-05		0.07142857142857431	False	occupancy_only
unknown::PIK3CA+RUNX1+TP53	1	9.120758847136082e-05		0.07142857142857431	False	occupancy_only
unknown::PTEN+TP53	1	9.120758847136082e-05		0.07142857142857431	False	occupancy_only
