state	stage	genotype	event_count	N_v	L_v	F_hat	n_predecessors	genotype_inflow	stage_inflow	dominant_predecessor	dominant_edge_probability	dominant_contribution	rule	count_eligible	inflow_eligible	stable_for_scoring	flags	eligible_relobstq	R_raw	R_star	log2_R_star	high_confidence_relobstq	direction_flag	R_star_bootstrap_median	R_star_ci_low	R_star_ci_high	top_bootstrap_stability	high_confidence_top_bootstrap_stability	bootstrap_replicates
primary::PIK3CA+TP53	primary	PIK3CA+TP53	2	452	0.041225829989055086	0.06306525979196309	2	0.06306525979196309	0.0	primary::TP53	0.42183962563328986	0.05525006406506788	rule_a_one_step	True	True	True	stable	True	0.6537011046080733	0.95504427236768	-0.06636048211085872	True	fast_passing	0.870661560644892	0.7556237725936624	0.9847994272385444	0.0	0.0	500
primary::TP53	primary	TP53	1	1436	0.13097409704487414	0.05210057055787009	1	0.05210057055787009	0.0	primary::WT	0.47761760501378564	0.05210057055787009	rule_a_one_step	True	True	True	stable	True	2.5138706858667192	3.672714919840095	1.8768469168442274	True	relative_bottleneck	3.309527204308004	2.9659413447423466	3.721610853191451	0.042	0.574	500
metastatic::PIK3CA+TP53	metastatic	PIK3CA+TP53	2	264	0.024078803356439256	0.030457299245532088	2	0.030457299245532088	0.0	metastatic::TP53	0.42183962563328986	0.027355707207704225	rule_a_one_step	True	True	True	stable	True	0.7905757881398793	1.1550154543309783	0.2079121553101643	True	relative_bottleneck	1.0450443343549383	0.893573752777122	1.2171909120942632	0.0	0.0	500
metastatic::TP53	metastatic	TP53	1	711	0.06484859540313755	0.025963160579005495	1	0.025963160579005495	0.0	metastatic::WT	0.47761760501378564	0.025963160579005495	rule_a_one_step	True	True	True	stable	True	2.4977157616580064	3.6491128978650584	1.8675457863486584	True	relative_bottleneck	3.2958662145024884	2.865064870084387	3.817490586632406	0.03	0.522	500
primary::MAP3K1+PIK3CA	primary	MAP3K1+PIK3CA	2	158	0.014410798978475008	0.021356662919357415	2	0.021356662919357415	0.0	primary::PIK3CA	0.2712121874694701	0.01894824294067987	rule_a_one_step	True	True	True	stable	True	0.6747682927906528	0.9858230140079095	-0.020599433813776852	True	fast_passing	0.9019264911156636	0.7360155688021983	1.0651217888285809	0.0	0.0	500
primary::GATA3+PIK3CA	primary	GATA3+PIK3CA	2	115	0.010488872674206494	0.0201215401791702	2	0.0201215401791702	0.0	primary::GATA3	0.3705118826851168	0.01121944044613816	rule_a_one_step	True	True	True	stable	True	0.5212758357604896	0.7615735964913385	-0.39294463314187705	True	fast_passing	0.6901789795811353	0.5511001626166652	0.8432109952074891	0.0	0.0	500
primary::PIK3CA	primary	PIK3CA	1	766	0.06986501276906239	0.019888108039507524	1	0.019888108039507524	0.0	primary::WT	0.1823187429307362	0.019888108039507524	rule_a_one_step	True	True	True	stable	True	3.5129039236293043	5.132282549303011	2.359600597796514	True	relative_bottleneck	4.643853398121509	4.098867622712996	5.24328898994341	0.978	1.0	500
unknown::TP53	unknown	TP53	1	33	0.003009850419554907	0.017468502335874502	1	0.017468502335874502	0.0	unknown::WT	0.47761760501378564	0.017468502335874502	rule_a_one_step	True	True	True	stable	True	0.17230157236784818	0.25172915977940424	-1.9900557499320835	True	fast_passing	0.2276127603521905	0.1458504541483027	0.32864700197895613	0.0	0.0	500
primary::MAP3K1+PIK3CA+TP53	primary	MAP3K1+PIK3CA+TP53	3	32	0.002918642831083546	0.012255389977173261	3	0.012255389977173261	0.0	primary::PIK3CA+TP53	0.23004635936318948	0.00948385210070792	rule_a_one_step	True	True	True	stable	True	0.23815177128444076	0.347934986672216	-1.5231103381467153	True	fast_passing	0.31973180672273044	0.20627256760898632	0.4530129229698085	0.0	0.0	500
primary::PTEN+TP53	primary	PTEN+TP53	2	85	0.0077526450200656695	0.011965491546796101	2	0.011965491546796101	0.0	primary::TP53	0.06533635677841977	0.008557370333255272	rule_a_one_step	True	True	True	stable	True	0.6479169693194604	0.9465937661056453	-0.07918267380209057	True	fast_passing	0.8564587286962446	0.6810227313271158	1.0818148549180462	0.0	0.0	500
primary::GATA3	primary	GATA3	1	332	0.03028091937249179	0.011571218649248156	1	0.011571218649248156	0.0	primary::WT	0.10607595423942875	0.011571218649248156	rule_a_one_step	True	True	True	stable	True	2.6169170497735244	3.8232636017128505	1.9348046727787545	True	relative_bottleneck	3.466426884147208	3.0006250970401767	4.034390123491573	0.16	0.802	500
primary::GATA3+TP53	primary	GATA3+TP53	2	48	0.004377964246625319	0.010728072895386985	2	0.010728072895386985	0.0	primary::TP53	0.06481740612205335	0.008489401239626835	rule_a_one_step	True	True	True	stable	True	0.40808487124465154	0.5962038555155491	-0.7461223899454367	True	fast_passing	0.5415712811854412	0.38890348793715324	0.6988827774203753	0.0	0.0	500
metastatic::PIK3CA	metastatic	PIK3CA	1	304	0.027727106895293688	0.009910796314002077	1	0.009910796314002077	0.0	metastatic::WT	0.1823187429307362	0.009910796314002077	rule_a_one_step	True	True	True	stable	True	2.7976669092999997	4.0873355404860305	2.0311606829780584	True	relative_bottleneck	3.711074910285876	3.147101008693704	4.318082180792978	0.422	0.944	500
primary::RB1+TP53	primary	RB1+TP53	2	78	0.007114191900766144	0.009242565367967612	2	0.009242565367967612	0.0	primary::TP53	0.06377337715174247	0.008352660487951679	rule_a_one_step	True	True	True	stable	True	0.769720485251033	1.1245462728777398	0.16934302641386284	True	relative_bottleneck	1.0199434175486242	0.7853767856011563	1.2574376626578758	0.0	0.0	500
metastatic::GATA3+PIK3CA	metastatic	GATA3+PIK3CA	2	42	0.0038307187157971545	0.009210255410629798	2	0.009210255410629798	0.0	metastatic::GATA3	0.3705118826851168	0.005677307213708466	rule_a_one_step	True	True	True	stable	True	0.41591883662206613	0.6076491226428125	-0.7186895921827146	True	fast_passing	0.5445686826463367	0.36707639859782937	0.7399741957703959	0.0	0.0	500
primary::NF1+TP53	primary	NF1+TP53	2	59	0.005381247719810288	0.009071968705718221	2	0.009071968705718221	0.0	primary::TP53	0.06067367431078064	0.007946679707249271	rule_a_one_step	True	True	True	stable	True	0.5931730910651423	0.8666140521271499	-0.20653846482063434	True	fast_passing	0.7770151098324333	0.5743631573906746	1.020572160867189	0.0	0.0	500
primary::BRCA2+TP53	primary	BRCA2+TP53	2	49	0.00446917183509668	0.008611828826168523	2	0.008611828826168523	0.0	primary::TP53	0.06023870499153405	0.007889709993418726	rule_a_one_step	True	True	True	stable	True	0.5189573463185166	0.7581863296709331	-0.3993756503726708	True	fast_passing	0.6985425605171143	0.4926818886335403	0.911284533893125	0.0	0.0	500
metastatic::MAP3K1+PIK3CA	metastatic	MAP3K1+PIK3CA	2	45	0.004104341481211237	0.008388539797385642	2	0.008388539797385642	0.0	metastatic::PIK3CA	0.2712121874694701	0.0075199293132724295	rule_a_one_step	True	True	True	stable	True	0.48927961002236753	0.7148277490188949	-0.4843324551989101	True	fast_passing	0.6442965457013965	0.43676016581827704	0.8890948797113276	0.0	0.0	500
primary::CBFB+GATA3+PIK3CA	primary	CBFB+GATA3+PIK3CA	3	41	0.0037395111273257936	0.008271159338842364	3	0.008271159338842364	0.0	primary::GATA3+PIK3CA	0.5826355427665642	0.006111190023545684	rule_a_one_step	True	True	True	stable	True	0.45211450700900935	0.6605302749674427	-0.5983034069286407	True	fast_passing	0.5913345171658209	0.3972948812645833	0.8402542043683655	0.0	0.0	500
primary::AKT1+TP53	primary	AKT1+TP53	2	57	0.0051988325428675665	0.008193533957861897	2	0.008193533957861897	0.0	primary::TP53	0.0465481685749011	0.006096604348190257	rule_a_one_step	True	True	True	stable	True	0.6345043016810413	0.9269981262712541	-0.10936167213353759	True	fast_passing	0.8418930489413998	0.6129437968109958	1.0758539435185774	0.0	0.0	500
primary::NF1+PIK3CA+TP53	primary	NF1+PIK3CA+TP53	3	31	0.0028274352426121852	0.007788005200192193	3	0.007788005200192193	0.0	primary::PIK3CA+TP53	0.11296155471024326	0.004656933849783833	rule_a_one_step	True	True	True	stable	True	0.36304999413448763	0.530408798512194	-0.9148233875653923	True	fast_passing	0.47166468041383264	0.31969193717091726	0.6770460218113885	0.0	0.0	500
primary::CBFB+PIK3CA	primary	CBFB+PIK3CA	2	48	0.004377964246625319	0.007198758508214845	2	0.007198758508214845	0.0	primary::PIK3CA	0.1003093895702819	0.007008116783184599	rule_a_one_step	True	True	True	stable	True	0.6081554536134613	0.888502984909185	-0.17055147191822012	True	fast_passing	0.8056407808113106	0.5576058828231871	1.0588270110638855	0.0	0.0	500
metastatic::MAP3K1+PIK3CA+TP53	metastatic	MAP3K1+PIK3CA+TP53	3	23	0.0020977745348412986	0.007094631976074138	3	0.007094631976074138	0.0	metastatic::PIK3CA+TP53	0.23004635936318948	0.005539241049970998	rule_a_one_step	True	True	True	stable	True	0.2956847573799637	0.4319895315634653	-1.210931743018216	True	fast_passing	0.38665404557080524	0.23107594024589692	0.5782656904081488	0.0	0.0	500
primary::BRCA1+TP53	primary	BRCA1+TP53	2	73	0.00665815395840934	0.0069236996364606535	2	0.0069236996364606535	0.0	primary::TP53	0.0467155147938018	0.006118522368104651	rule_a_one_step	True	True	True	stable	True	0.9616468516897266	1.4049468652761745	0.4905155691279655	True	relative_bottleneck	1.270600913376149	0.9291940534889923	1.6317429312733132	0.0	0.0	500
primary::MAP2K4+PIK3CA	primary	MAP2K4+PIK3CA	2	51	0.004651587012039402	0.0069070122549138475	2	0.0069070122549138475	0.0	primary::PIK3CA	0.08497921710443038	0.005937074088105953	rule_a_one_step	True	True	True	stable	True	0.6734586301127047	0.9839096229634536	-0.023402292016525654	True	fast_passing	0.8943189899963621	0.6443899813429991	1.1663351475003518	0.0	0.0	500
primary::MAP3K1+TP53	primary	MAP3K1+TP53	2	38	0.003465888361911711	0.006878340255751732	2	0.006878340255751732	0.0	primary::TP53	0.04515159486899379	0.005913689368102434	rule_a_one_step	True	True	True	stable	True	0.5038844012564831	0.7361650576435002	-0.4418988216131103	True	fast_passing	0.6721075892904458	0.47414956810933634	0.9188323572160114	0.0	0.0	500
primary::PIK3CA+RB1+TP53	primary	PIK3CA+RB1+TP53	3	8	0.0007296607077708865	0.006736468382151928	3	0.006736468382151928	0.0	primary::PIK3CA+TP53	0.104808053222463	0.004320798983633097	rule_a_one_step	True	True	True	stable	True	0.1083150200178755	0.15824608334031112	-2.6597583021243376	False	fast_passing	0.13326302366314166	0.054209349413493174	0.26340091192078097	0.0	0.0	500
unknown::PIK3CA	unknown	PIK3CA	1	12	0.0010944910616563297	0.006668170003212807	1	0.006668170003212807	0.0	unknown::WT	0.1823187429307362	0.006668170003212807	rule_a_one_step	True	True	True	stable	True	0.1641366463309804	0.2398003657314096	-2.0600942358079175	True	fast_passing	0.21900270785146705	0.10730121976513804	0.3570296366635767	0.0	0.0	500
metastatic::PTEN+TP53	metastatic	PTEN+TP53	2	68	0.006202116016052536	0.005984725434321264	2	0.005984725434321264	0.0	metastatic::TP53	0.06533635677841977	0.004236970965838787	rule_a_one_step	True	True	True	stable	True	1.0363242362712672	1.5140490343213973	0.598411929515702	True	relative_bottleneck	1.3878904133741	1.0247546463980015	1.7266873323590866	0.0	0.0	500
metastatic::GATA3	metastatic	GATA3	1	168	0.015322874863188618	0.005766259460662125	1	0.005766259460662125	0.0	metastatic::WT	0.10607595423942875	0.005766259460662125	rule_a_one_step	True	True	True	stable	True	2.6573335738818447	3.8823113371175566	1.956915817821017	True	relative_bottleneck	3.5047624806692954	2.9015905931067705	4.297725777160754	0.22	0.792	500
primary::PIK3CA+RUNX1+TP53	primary	PIK3CA+RUNX1+TP53	3	16	0.001459321415541773	0.005698096635967446	3	0.005698096635967446	0.0	primary::PIK3CA+TP53	0.10799075783798595	0.004452008623018027	rule_a_one_step	True	True	True	stable	True	0.256106821017067	0.37416695612483386	-1.4182459396753553	True	fast_passing	0.33363174071469803	0.19469678459937761	0.5336746850609941	0.0	0.0	500
primary::ATM+TP53	primary	ATM+TP53	2	25	0.0022801897117840204	0.005412780005646924	2	0.005412780005646924	0.0	primary::TP53	0.03753275794870049	0.00491581908193487	rule_a_one_step	True	True	True	stable	True	0.42126037063836597	0.6154529972759796	-0.7002794139471928	True	fast_passing	0.5698602604064986	0.3548885175726299	0.8027030788000321	0.0	0.0	500
metastatic::GATA3+TP53	metastatic	GATA3+TP53	2	38	0.003465888361911711	0.005336139546399844	2	0.005336139546399844	0.0	metastatic::TP53	0.06481740612205335	0.0042033177446898886	rule_a_one_step	True	True	True	stable	True	0.6495123171208189	0.9489245374159297	-0.07563473242978977	True	fast_passing	0.8654776924150709	0.6054056436075091	1.1089089134653174	0.0	0.0	500
primary::PIK3CA+PTEN+TP53	primary	PIK3CA+PTEN+TP53	3	31	0.0028274352426121852	0.005335611985522262	3	0.005335611985522262	0.0	primary::PTEN+TP53	0.46888895535197816	0.0036351296246733074	rule_a_one_step	True	True	True	stable	True	0.5299177019907514	0.7741991906468317	-0.3692232954596861	True	fast_passing	0.6898519494285795	0.4747494780763641	1.0384507561291685	0.0	0.0	500
primary::MAP2K4+PIK3CA+TP53	primary	MAP2K4+PIK3CA+TP53	3	14	0.0012769062385990515	0.005323121298996493	3	0.005323121298996493	0.0	primary::PIK3CA+TP53	0.09916874690269731	0.004088313900038232	rule_a_one_step	True	True	True	stable	True	0.23987922999235295	0.3504587693813371	-1.5126833702177056	True	fast_passing	0.31414492874820593	0.1653118225045913	0.501899019596144	0.0	0.0	500
primary::GATA3+MAP3K1+PIK3CA	primary	GATA3+MAP3K1+PIK3CA	3	20	0.0018241517694272164	0.0049642569681592925	3	0.0049642569681592925	0.0	primary::MAP3K1+PIK3CA	0.1920878415762508	0.0027681392711645042	rule_a_one_step	True	True	True	stable	True	0.36745716040886983	0.5368475805152384	-0.897415552389245	True	fast_passing	0.474392291732056	0.26996051414441147	0.7334873397097483	0.0	0.0	500
metastatic::RB1+TP53	metastatic	RB1+TP53	2	37	0.00337468077344035	0.004778323012416551	2	0.004778323012416551	0.0	metastatic::TP53	0.06377337715174247	0.004135613932405044	rule_a_one_step	True	True	True	stable	True	0.7062479376059212	1.0318141470579543	0.045183132326653934	True	relative_bottleneck	0.9363315486656965	0.6509764196394717	1.2571454010226293	0.0	0.0	500
metastatic::BRCA2+TP53	metastatic	BRCA2+TP53	2	32	0.002918642831083546	0.004433346988260212	2	0.004433346988260212	0.0	metastatic::TP53	0.06023870499153405	0.003906395407604954	rule_a_one_step	True	True	True	stable	True	0.6583384603447376	0.9618193565827938	-0.05616213419152227	True	fast_passing	0.8645650854817104	0.5829120946148318	1.1913936816315784	0.0	0.0	500
metastatic::NF1+TP53	metastatic	NF1+TP53	2	23	0.0020977745348412986	0.0043364914850261786	2	0.0043364914850261786	0.0	metastatic::TP53	0.06067367431078064	0.003934602557001554	rule_a_one_step	True	True	True	stable	True	0.4837492571128351	0.7067480137496888	-0.5007321713869791	True	fast_passing	0.638370927791972	0.38233053576360837	0.9229701253408399	0.0	0.0	500
primary::PTEN	primary	PTEN	1	78	0.007114191900766144	0.004314530217468483	1	0.004314530217468483	0.0	primary::WT	0.039552265304619104	0.004314530217468483	rule_a_one_step	True	True	True	stable	True	1.6488914297815367	2.4089974832047463	1.2684328863244416	True	relative_bottleneck	2.1533377253102923	1.7074662470401627	2.7081123164979393	0.0	0.0	500
primary::RUNX1+TP53	primary	RUNX1+TP53	2	26	0.0023713973002553812	0.0042939052034001645	2	0.0042939052034001645	0.0	primary::TP53	0.02783956663319629	0.0036462621019034912	rule_a_one_step	True	True	True	stable	True	0.5522705293599169	0.8068562254899108	-0.30961647374124485	True	fast_passing	0.7335515042950129	0.46888969107039374	1.0	0.0	0.0	500
primary::MAP2K4+TP53	primary	MAP2K4+TP53	2	24	0.0021889821233126595	0.004257102415591641	2	0.004257102415591641	0.0	primary::TP53	0.027158283328439677	0.0035570316362312456	rule_a_one_step	True	True	True	stable	True	0.5141953162276094	0.7512290987115481	-0.41267514830437874	True	fast_passing	0.6946756523188944	0.4369525624063331	0.9910903290496228	0.0	0.0	500
primary::BRCA2+PIK3CA+TP53	primary	BRCA2+PIK3CA+TP53	3	13	0.0011856986501276906	0.004213129921264321	3	0.004213129921264321	0.0	primary::PIK3CA+TP53	0.05652358529729506	0.00233023171783814	rule_a_one_step	True	True	True	stable	True	0.2814294056923941	0.4111627471449766	-1.282218537903851	True	fast_passing	0.3662658757328375	0.1811436962841628	0.6065575117525289	0.0	0.0	500
primary::ESR1+PIK3CA	primary	ESR1+PIK3CA	2	9	0.0008208682962422473	0.004185135245830789	2	0.004185135245830789	0.0	primary::PIK3CA	0.048875488062376175	0.003414686597572068	rule_a_one_step	True	True	True	stable	True	0.19613901291812566	0.2865551848617648	-1.8031150946145091	False	fast_passing	0.2593080912082368	0.11190862215770826	0.4287693667742026	0.0	0.0	500
primary::GATA3+PIK3CA+TP53	primary	GATA3+PIK3CA+TP53	3	21	0.0019153593578985773	0.004164784408306791	3	0.004164784408306791	0.0	primary::PIK3CA+TP53	0.04978834140977261	0.002052565698396317	rule_a_one_step	True	True	True	stable	True	0.45989399922321067	0.6718959578900017	-0.573690243813389	True	fast_passing	0.5994127156758867	0.35327595556059593	0.8909374981181156	0.0	0.0	500
metastatic::AKT1+TP53	metastatic	AKT1+TP53	2	38	0.003465888361911711	0.004147699294340147	2	0.004147699294340147	0.0	metastatic::TP53	0.0465481685749011	0.003018583350670803	rule_a_one_step	True	True	True	stable	True	0.835617077112018	1.2208198789367606	0.2878503592657376	True	relative_bottleneck	1.0927959424329943	0.8026182874182536	1.514694895548638	0.0	0.0	500
metastatic::NF1+PIK3CA+TP53	metastatic	NF1+PIK3CA+TP53	3	30	0.0027362276541408243	0.003987521487017398	3	0.003987521487017398	0.0	metastatic::PIK3CA+TP53	0.11296155471024326	0.002719979062705602	rule_a_one_step	True	True	True	stable	True	0.6861975947623749	1.002520996171789	0.003632451897868097	True	relative_bottleneck	0.9227505959650404	0.5790953331082129	1.3444360968163909	0.0	0.0	500
primary::CBFB+MAP3K1+PIK3CA	primary	CBFB+MAP3K1+PIK3CA	3	15	0.0013681138270704122	0.003976994965998674	3	0.003976994965998674	0.0	primary::MAP3K1+PIK3CA	0.17218929611112194	0.002481385332502487	rule_a_one_step	True	True	True	stable	True	0.34400692945882433	0.5025872609339096	-0.9925539911586327	True	fast_passing	0.45749449384576196	0.2338924518355589	0.7093591241978006	0.0	0.0	500
primary::ESR1+GATA3	primary	ESR1+GATA3	2	9	0.0008208682962422473	0.003919981486817044	2	0.003919981486817044	0.0	primary::GATA3	0.11455100378313628	0.0034687097095951517	rule_a_one_step	True	True	True	stable	True	0.20940616653252914	0.3059382316101024	-1.7086876901558972	False	fast_passing	0.2671796849418324	0.10682811755348678	0.4930092122164885	0.0	0.0	500
unknown::GATA3	unknown	GATA3	1	6	0.0005472455308281649	0.003879647724371665	1	0.003879647724371665	0.0	unknown::WT	0.10607595423942875	0.003879647724371665	rule_a_one_step	True	True	True	stable	True	0.1410554693534036	0.20607922664115869	-2.2787290103510123	False	fast_passing	0.18338275043030866	0.060561641012837834	0.3502737835540788	0.0	0.0	500
primary::PIK3CA+RUNX1	primary	PIK3CA+RUNX1	2	27	0.002462604888726742	0.0038586393751823085	2	0.0038586393751823085	0.0	primary::PIK3CA	0.05007251855858002	0.0034983171484743066	rule_a_one_step	True	True	True	stable	True	0.6382055042322234	0.9324055093588174	-0.10097056585906243	True	fast_passing	0.8253353810467041	0.5351518908878793	1.1829901955176974	0.0	0.0	500
primary::ESR1+TP53	primary	ESR1+TP53	2	12	0.0010944910616563297	0.0038175384685443675	2	0.0038175384685443675	0.0	primary::TP53	0.026653421023359592	0.003490907751691388	rule_a_one_step	True	True	True	stable	True	0.2867007288565608	0.4188640451238974	-1.2554460448860834	True	fast_passing	0.38397219119321946	0.18840905083992718	0.5968688080570689	0.0	0.0	500
primary::ATM+PIK3CA+TP53	primary	ATM+PIK3CA+TP53	3	13	0.0011856986501276906	0.0038106654693470018	3	0.0038106654693470018	0.0	primary::PIK3CA+TP53	0.06774437658643234	0.0027928181518667838	rule_a_one_step	True	True	True	stable	True	0.31115264757672895	0.4545878105535088	-1.1373690950469895	True	fast_passing	0.4091695594330734	0.2084763591110739	0.6546263900889246	0.0	0.0	500
primary::BRCA1+PIK3CA+TP53	primary	BRCA1+PIK3CA+TP53	3	8	0.0007296607077708865	0.0038055175684647714	3	0.0038055175684647714	0.0	primary::BRCA1+TP53	0.2998278037569149	0.0019962996784252817	rule_a_one_step	True	True	True	stable	True	0.1917375743120035	0.2801247708677802	-1.8358585312250624	False	fast_passing	0.24848390356641376	0.0930302639795833	0.4607346809625763	0.0	0.0	500
primary::NF1+PIK3CA	primary	NF1+PIK3CA	2	19	0.0017329441809558555	0.003800128175077267	2	0.003800128175077267	0.0	primary::PIK3CA	0.04513755321437887	0.003153535731686813	rule_a_one_step	True	True	True	stable	True	0.45602256046655515	0.6662398631024873	-0.5858864175791919	True	fast_passing	0.6093385671659057	0.36044795141820546	0.9193466635928472	0.0	0.0	500
metastatic::PIK3CA+PTEN+TP53	metastatic	PIK3CA+PTEN+TP53	3	20	0.0018241517694272164	0.003763276005860321	3	0.003763276005860321	0.0	metastatic::PTEN+TP53	0.46888895535197816	0.002908103699738646	rule_a_one_step	True	True	True	stable	True	0.4847244172635361	0.7081727032752274	-0.4978268591907633	True	fast_passing	0.6366304525520079	0.36619542058406085	0.997361087283333	0.0	0.0	500
metastatic::PIK3CA+RB1+TP53	metastatic	PIK3CA+RB1+TP53	3	11	0.001003283473184969	0.003735327572891583	3	0.003735327572891583	0.0	metastatic::PIK3CA+TP53	0.104808053222463	0.0025236525037149065	rule_a_one_step	True	True	True	stable	True	0.26859316976575537	0.39240926254157127	-1.3495689991378628	True	fast_passing	0.3444972925490174	0.1456071340551205	0.6139418050075612	0.0	0.0	500
primary::MAP3K1	primary	MAP3K1	1	61	0.00556366289675301	0.003713208458691375	1	0.003713208458691375	0.0	primary::WT	0.03403981399756876	0.003713208458691375	rule_a_one_step	True	True	True	stable	True	1.4983438062121177	2.1890504086243197	1.1303051767367596	True	relative_bottleneck	1.950342443604923	1.4629164646791466	2.604305712668978	0.0	0.0	500
primary::CBFB+GATA3	primary	CBFB+GATA3	2	36	0.003283473184968989	0.0036764157787865775	2	0.0036764157787865775	0.0	primary::GATA3	0.11775479114982068	0.00356572333653233	rule_a_one_step	True	True	True	stable	True	0.893118020823967	1.3048276105448602	0.3838592153465993	True	relative_bottleneck	1.1805370697274378	0.8302184600699557	1.5917007976737503	0.0	0.0	500
metastatic::ESR1+PIK3CA	metastatic	ESR1+PIK3CA	2	59	0.005381247719810288	0.0036665218268413183	2	0.0036665218268413183	0.0	metastatic::ESR1	0.3378879591803447	0.0023113459447761634	rule_a_one_step	True	True	True	stable	True	1.4676709896961182	2.144238035623125	1.1004650707914423	True	relative_bottleneck	1.9399310822533713	1.3604049574324315	2.5572028784328147	0.0	0.0	500
primary::PIK3CA+PTEN	primary	PIK3CA+PTEN	2	41	0.0037395111273257936	0.0036409790897223232	2	0.0036409790897223232	0.0	primary::PIK3CA	0.029730377065368543	0.0020771131733010127	rule_a_one_step	True	True	True	stable	True	1.0270619616724914	1.500517035916773	0.585459698471773	True	relative_bottleneck	1.3583645172827714	0.9870913954403151	1.8330631841077698	0.0	0.0	500
primary::AKT1+GATA3	primary	AKT1+GATA3	2	27	0.002462604888726742	0.003597816611981254	2	0.003597816611981254	0.0	primary::GATA3	0.08927836810993012	0.0027034310664444364	rule_a_one_step	True	True	True	stable	True	0.6844720433613644	1.0	0.0	True	neutral	0.900546686652695	0.562139457943396	1.2736372210286233	0.0	0.0	500
metastatic::ESR1+GATA3+PIK3CA	metastatic	ESR1+GATA3+PIK3CA	3	14	0.0012769062385990515	0.0035407897055584085	3	0.0035407897055584085	0.0	metastatic::ESR1+GATA3	0.5072158483022202	0.002405620586621256	rule_a_one_step	True	True	True	stable	True	0.36062752787433516	0.5268696236347863	-0.9244820905313499	True	fast_passing	0.47708162315454367	0.2431208022557053	0.7966790234701596	0.0	0.0	500
primary::ESR1	primary	ESR1	1	25	0.0022801897117840204	0.0035031863360759697	1	0.0035031863360759697	0.0	primary::WT	0.03211449413773991	0.0035031863360759697	rule_a_one_step	True	True	True	stable	True	0.6508902160446433	0.9509376202542845	-0.07257738881885491	True	fast_passing	0.8401411004938995	0.520250947518327	1.2012420734870337	0.0	0.0	500
metastatic::BRCA1+TP53	metastatic	BRCA1+TP53	2	29	0.002645020065669464	0.003503069205180776	2	0.003503069205180776	0.0	metastatic::TP53	0.0467155147938018	0.0030294355179125397	rule_a_one_step	True	True	True	stable	True	0.7550578963734488	1.1031245230491011	0.14159565461511966	True	relative_bottleneck	0.9934334670356325	0.6525282485082426	1.3766213171386326	0.0	0.0	500
metastatic::PIK3CA+RUNX1+TP53	metastatic	PIK3CA+RUNX1+TP53	3	12	0.0010944910616563297	0.003396360792525014	3	0.003396360792525014	0.0	metastatic::PIK3CA+TP53	0.10799075783798595	0.002600288222293715	rule_a_one_step	True	True	True	stable	True	0.32225406197802076	0.4708067555184105	-1.0867930734001592	True	fast_passing	0.42178084868342425	0.20740160932601107	0.6585833606172407	0.0	0.0	500
metastatic::MAP3K1+TP53	metastatic	MAP3K1+TP53	2	25	0.0022801897117840204	0.003275924384978621	2	0.003275924384978621	0.0	metastatic::TP53	0.04515159486899379	0.0029280175074657593	rule_a_one_step	True	True	True	stable	True	0.6960446710991031	1.0169073782486526	0.024188281922490267	True	relative_bottleneck	0.9128953737679968	0.5601387725099654	1.2892192089995764	0.0	0.0	500
primary::ATM+PIK3CA	primary	ATM+PIK3CA	2	20	0.0018241517694272164	0.0031605744195562537	2	0.0031605744195562537	0.0	primary::PIK3CA	0.03683665352750729	0.002573593269068824	rule_a_one_step	True	True	True	stable	True	0.5771583031119293	0.8432167664256535	-0.24602454124399706	True	fast_passing	0.7573251541739245	0.4256633944663519	1.1487175734073083	0.0	0.0	500
metastatic::ESR1+GATA3	metastatic	ESR1+GATA3	2	52	0.0047427946005107625	0.003109066028087318	2	0.003109066028087318	0.0	metastatic::GATA3	0.11455100378313628	0.001755250696421643	rule_a_one_step	True	True	True	stable	True	1.525472458976059	2.2286848290905166	1.1561926113678946	True	relative_bottleneck	2.0116195060567046	1.4218775822125995	2.7167287137184033	0.0	0.002	500
primary::AKT1	primary	AKT1	1	78	0.007114191900766144	0.003005796325235412	1	0.003005796325235412	0.0	primary::WT	0.027554808453077808	0.003005796325235412	rule_a_one_step	True	True	True	stable	True	2.366824338253238	3.4578831395801544	1.7898891133998007	True	relative_bottleneck	3.135374932900997	2.3775905183185473	3.9192810553503366	0.056	0.352	500
metastatic::MAP2K4+PIK3CA	metastatic	MAP2K4+PIK3CA	2	15	0.0013681138270704122	0.0028827656985143395	2	0.0028827656985143395	0.0	metastatic::PIK3CA	0.08497921710443038	0.002356227836532911	rule_a_one_step	True	True	True	stable	True	0.47458377463728624	0.6933574267060775	-0.5283288394911663	True	fast_passing	0.6399431197119425	0.34100294104196527	0.9552161796527786	0.0	0.0	500
metastatic::CBFB+PIK3CA	metastatic	CBFB+PIK3CA	2	11	0.001003283473184969	0.002876610029731987	2	0.002876610029731987	0.0	metastatic::PIK3CA	0.1003093895702819	0.002781289167216864	rule_a_one_step	True	True	True	stable	True	0.348772848062993	0.5095501729335931	-0.9727038863202143	True	fast_passing	0.45728826419381574	0.2212444381562605	0.8098664476171544	0.0	0.0	500
metastatic::ESR1+MAP3K1+PIK3CA	metastatic	ESR1+MAP3K1+PIK3CA	3	17	0.001550529004013134	0.0028656343533993525	3	0.0028656343533993525	0.0	metastatic::ESR1+PIK3CA	0.35430729357930313	0.0019066153156857793	rule_a_one_step	True	True	True	stable	True	0.5410770573826857	0.7905027862431281	-0.3391575473042734	True	fast_passing	0.7033835538977439	0.38371435286304134	1.148628101945273	0.0	0.0	500
primary::CBFB+GATA3+MAP3K1+PIK3CA	primary	CBFB+GATA3+MAP3K1+PIK3CA	4	4	0.00036483035388544326	0.0028537120600829686	4	0.0028537120600829686	0.0	primary::GATA3+MAP3K1+PIK3CA	0.6902192802595271	0.001259064721378196	rule_a_one_step	False	True	False	rare_state	False	0.12784413636566827	0.18677773271475084	-2.42060562494076	False	fast_passing	0.15809659816306282	0.03444534764066172	0.36806716768170744	0.0	0.0	500
metastatic::GATA3+PIK3CA+TP53	metastatic	GATA3+PIK3CA+TP53	3	9	0.0008208682962422473	0.002843107841957592	3	0.002843107841957592	0.0	metastatic::GATA3+TP53	0.46751722137667734	0.001620362496562727	rule_a_one_step	True	True	True	stable	True	0.2887221806501455	0.42181734586596653	-1.2453096723961772	False	fast_passing	0.37137138056478036	0.17656609521354705	0.7078065861832505	0.0	0.0	500
metastatic::ATM+TP53	metastatic	ATM+TP53	2	21	0.0019153593578985773	0.0028066673273632135	2	0.0028066673273632135	0.0	metastatic::TP53	0.03753275794870049	0.002433946634579173	rule_a_one_step	True	True	True	stable	True	0.6824319143714024	0.9970194122466374	-0.004306500314731021	True	fast_passing	0.9182100319805471	0.540187842433068	1.2881638964424023	0.0	0.0	500
primary::BRCA2+PIK3CA	primary	BRCA2+PIK3CA	2	21	0.0019153593578985773	0.0027947298810339426	2	0.0027947298810339426	0.0	primary::PIK3CA	0.0263440469783095	0.0018405271785283724	rule_a_one_step	True	True	True	stable	True	0.6853468631124454	1.0012780942035044	0.0018427228331831921	True	relative_bottleneck	0.9074080257568617	0.5261422967051868	1.37522619398391	0.0	0.0	500
metastatic::MAP2K4+PIK3CA+TP53	metastatic	MAP2K4+PIK3CA+TP53	3	14	0.0012769062385990515	0.0027485683044869806	3	0.0027485683044869806	0.0	metastatic::PIK3CA+TP53	0.09916874690269731	0.002387864755774543	rule_a_one_step	True	True	True	stable	True	0.4645714047018432	0.6787295539791309	-0.5590912610012259	True	fast_passing	0.6128858888696795	0.31600143918811513	1.0040190915653768	0.0	0.0	500
primary::MAP3K1+PIK3CA+RUNX1	primary	MAP3K1+PIK3CA+RUNX1	3	8	0.0007296607077708865	0.0027108182329910807	3	0.0027108182329910807	0.0	primary::MAP3K1+PIK3CA	0.12722837563415354	0.0018334625456216944	rule_a_one_step	True	True	True	stable	True	0.26916622391779566	0.39324648322515987	-1.3464942311060526	False	fast_passing	0.3479398044068391	0.13085967018696046	0.6629458849838156	0.0	0.0	500
metastatic::ESR1+TP53	metastatic	ESR1+TP53	2	28	0.002553812477198103	0.002708329066612264	2	0.002708329066612264	0.0	metastatic::TP53	0.026653421023359592	0.0017284369160533264	rule_a_one_step	True	True	True	stable	True	0.942947630602958	1.3776276763215185	0.46218603165308825	True	relative_bottleneck	1.2510073196724427	0.8072471245509778	1.7296342136427616	0.0	0.0	500
metastatic::CBFB+GATA3+PIK3CA	metastatic	CBFB+GATA3+PIK3CA	3	7	0.0006384531192995258	0.0026755705423809166	3	0.0026755705423809166	0.0	metastatic::GATA3+PIK3CA	0.5826355427665642	0.0022319128781645107	rule_a_one_step	True	True	True	stable	True	0.23862316801139571	0.3486236878858404	-1.5202574954915116	False	fast_passing	0.30526440952411693	0.1097094857059618	0.604682751434894	0.0	0.0	500
metastatic::BRCA2+PIK3CA+TP53	metastatic	BRCA2+PIK3CA+TP53	3	10	0.0009120758847136082	0.0025884682109336473	3	0.0025884682109336473	0.0	metastatic::PIK3CA+TP53	0.05652358529729506	0.0013610202953744889	rule_a_one_step	True	True	True	stable	True	0.35236124612566355	0.5147927509139125	-0.9579363565855135	True	fast_passing	0.4585270081024718	0.18646516039698785	0.7947239932507002	0.0	0.0	500
primary::CBFB+PIK3CA+TP53	primary	CBFB+PIK3CA+TP53	3	5	0.0004560379423568041	0.0025427653075133735	3	0.0025427653075133735	0.0	primary::PIK3CA+TP53	0.050237202055221	0.00207107035105435	rule_a_one_step	True	True	True	stable	True	0.17934724090735155	0.26202274095315514	-1.9322360661911009	False	fast_passing	0.2354365167477795	0.04987548672223298	0.47758010457586786	0.0	0.0	500
metastatic::ATM+PIK3CA+TP53	metastatic	ATM+PIK3CA+TP53	3	6	0.0005472455308281649	0.002454255747347483	3	0.002454255747347483	0.0	metastatic::PIK3CA+TP53	0.06774437658643234	0.001631203522329272	rule_a_one_step	True	True	True	stable	True	0.22297820070163432	0.32576670276643255	-1.6180889440892308	False	fast_passing	0.2905786067287005	0.09164003490273154	0.5654853949688556	0.0	0.0	500
primary::PIK3CA+RB1	primary	PIK3CA+RB1	2	13	0.0011856986501276906	0.002309594533545618	2	0.002309594533545618	0.0	primary::PIK3CA	0.030376307621783755	0.002122241119872889	rule_a_one_step	True	True	True	stable	True	0.5133795704798726	0.7500373104483916	-0.41496573093214456	True	fast_passing	0.6737439388324211	0.34482798118677904	1.0861272868342078	0.0	0.0	500
metastatic::PTEN	metastatic	PTEN	1	40	0.0036483035388544327	0.002150050175260214	1	0.002150050175260214	0.0	metastatic::WT	0.039552265304619104	0.002150050175260214	rule_a_one_step	True	True	True	stable	True	1.696845766269638	2.479057812115483	1.3097919157488747	True	relative_bottleneck	2.246573211709612	1.5394516027891056	3.090875484328485	0.0	0.006	500
metastatic::MAP2K4+TP53	metastatic	MAP2K4+TP53	2	7	0.0006384531192995258	0.002141214950491118	2	0.002141214950491118	0.0	metastatic::TP53	0.027158283328439677	0.0017611765274097603	rule_a_one_step	True	True	True	stable	True	0.29817329589208885	0.4356252366828508	-1.1988405600645056	False	fast_passing	0.3765088501844584	0.1582053699048149	0.7014458037666941	0.0	0.0	500
primary::GATA3+MAP3K1	primary	GATA3+MAP3K1	2	17	0.001550529004013134	0.002075410999387547	2	0.002075410999387547	0.0	primary::GATA3	0.044601941901744706	0.0013505878065832946	rule_a_one_step	True	True	True	stable	True	0.7470949145608266	1.0914907654839026	0.12629992451382882	True	relative_bottleneck	0.97633085708446	0.5087540568766785	1.4660392393271726	0.0	0.0	500
primary::AKT1+PIK3CA	primary	AKT1+PIK3CA	2	9	0.0008208682962422473	0.0020583186117973068	2	0.0020583186117973068	0.0	primary::PIK3CA	0.020216920175512416	0.00141245538621329	rule_a_one_step	True	True	True	stable	True	0.3988052632564337	0.5826465333747546	-0.7793071672022732	False	fast_passing	0.5054247610635842	0.20715672179138767	0.9022446273841465	0.0	0.0	500
primary::GATA3+MAP2K4+PIK3CA	primary	GATA3+MAP2K4+PIK3CA	3	5	0.0004560379423568041	0.0020205477517341247	3	0.0020205477517341247	0.0	primary::MAP2K4+PIK3CA	0.1824904888387193	0.0008488703877029081	rule_a_one_step	True	True	True	stable	True	0.22570015568288931	0.3297434246905126	-1.6005842034498736	False	fast_passing	0.29615144932664167	0.060044297555759914	0.589541717028705	0.0	0.0	500
primary::MAP3K1+PIK3CA+PTEN	primary	MAP3K1+PIK3CA+PTEN	3	8	0.0007296607077708865	0.00198703144378701	3	0.00198703144378701	0.0	primary::PIK3CA+PTEN	0.28624305315742393	0.0010704090824018955	rule_a_one_step	True	True	True	stable	True	0.36721145489929524	0.5364886096676229	-0.8983805538225784	False	fast_passing	0.465763625387117	0.16132648061678623	0.8970224579812973	0.0	0.0	500
metastatic::RUNX1+TP53	metastatic	RUNX1+TP53	2	19	0.0017329441809558555	0.0019852576543216882	2	0.0019852576543216882	0.0	metastatic::TP53	0.02783956663319629	0.0018053567927948343	rule_a_one_step	True	True	True	stable	True	0.8729064342406738	1.2752988857717689	0.3508354043292335	True	relative_bottleneck	1.1465330575394597	0.6090248008753552	1.7242839715649443	0.0	0.0	500
primary::BRCA2	primary	BRCA2	1	37	0.00337468077344035	0.0019584424611490832	1	0.0019584424611490832	0.0	primary::WT	0.01795348088966434	0.0019584424611490832	rule_a_one_step	True	True	True	stable	True	1.7231452231367408	2.517480793919019	1.3319807718274994	True	relative_bottleneck	2.2711947285203395	1.5756340417962107	3.069905985849549	0.0	0.006	500
metastatic::ESR1+PIK3CA+TP53	metastatic	ESR1+PIK3CA+TP53	3	13	0.0011856986501276906	0.0019293899987524005	3	0.0019293899987524005	0.0	metastatic::ESR1+TP53	0.4614894940008687	0.0011785576278752576	rule_a_one_step	True	True	True	stable	True	0.6145458669734226	0.8978392513380937	-0.15547092615341282	True	fast_passing	0.8077233189136781	0.393376632704448	1.335395716888571	0.0	0.0	500
metastatic::CBFB+GATA3	metastatic	CBFB+GATA3	2	7	0.0006384531192995258	0.0018596881504567367	2	0.0018596881504567367	0.0	metastatic::GATA3	0.11775479114982068	0.001804341929329613	rule_a_one_step	True	True	True	stable	True	0.34331192506625946	0.5015718733818457	-0.9954716464090049	False	fast_passing	0.4402881426617885	0.12838312552727585	0.8190121484090072	0.0	0.0	500
metastatic::MAP3K1	metastatic	MAP3K1	1	22	0.002006566946369938	0.0018503948506522236	1	0.0018503948506522236	0.0	metastatic::WT	0.03403981399756876	0.0018503948506522236	rule_a_one_step	True	True	True	stable	True	1.0843993348653493	1.5842857942597444	0.6638326111559759	True	relative_bottleneck	1.4012258016002719	0.8970399444880047	2.1076851873969416	0.0	0.0	500
metastatic::AKT1+GATA3	metastatic	AKT1+GATA3	2	13	0.0011856986501276906	0.0018495934793656657	2	0.0018495934793656657	0.0	metastatic::GATA3	0.08927836810993012	0.0013680012625381485	rule_a_one_step	True	True	True	stable	True	0.64105905579494	0.9365744912630353	-0.09453434985644685	True	fast_passing	0.8263792416113618	0.3828261689810067	1.3296247899355809	0.0	0.0	500
metastatic::BRCA1+PIK3CA+TP53	metastatic	BRCA1+PIK3CA+TP53	3	10	0.0009120758847136082	0.0018320132515050787	3	0.0018320132515050787	0.0	metastatic::PIK3CA+TP53	0.04154664665858128	0.0010003935350114427	rule_a_one_step	True	True	True	stable	True	0.497854414244244	0.7273553669180374	-0.45926769521649424	True	fast_passing	0.6535695299947474	0.2740281376879998	1.1440957563933944	0.0	0.0	500
metastatic::ESR1	metastatic	ESR1	1	75	0.0068405691353520615	0.001745734996907423	1	0.001745734996907423	0.0	metastatic::WT	0.03211449413773991	0.001745734996907423	rule_a_one_step	True	True	True	stable	True	3.918446467276942	5.724772114919255	2.517218265223657	True	relative_bottleneck	5.148957616914996	3.9562252466999075	6.602245658887319	0.964	0.998	500
primary::MAP3K1+NF1+PIK3CA	primary	MAP3K1+NF1+PIK3CA	3	6	0.0005472455308281649	0.001713899786367544	3	0.001713899786367544	0.0	primary::MAP3K1+PIK3CA	0.0782815735091849	0.001128100019559578	rule_a_one_step	True	True	True	stable	True	0.31929844140345215	0.4664886528241735	-1.1000861064435437	False	fast_passing	0.4146872324213593	0.12445218528091578	0.7544004588646644	0.0	0.0	500
primary::AKT1+PIK3CA+TP53	primary	AKT1+PIK3CA+TP53	3	3	0.00027362276541408243	0.00169159359106215	3	0.00169159359106215	0.0	primary::PIK3CA+TP53	0.021839387017675856	0.0009003468562558816	rule_a_one_step	False	True	False	rare_state	False	0.1617544348110946	0.23632000222644153	-2.0811863500799603	False	fast_passing	0.2052512890548055	0.0	0.48907658104705237	0.0	0.0	500
primary::NF1	primary	NF1	1	28	0.002553812477198103	0.0016911808307318156	1	0.0016911808307318156	0.0	primary::WT	0.015503433635571594	0.0016911808307318156	rule_a_one_step	True	True	True	stable	True	1.51007652717003	2.206191679873755	1.1415581416046707	True	relative_bottleneck	2.010458090819451	1.3236682851902104	2.7501972809132265	0.0	0.0	500
metastatic::PIK3CA+PTEN	metastatic	PIK3CA+PTEN	2	10	0.0009120758847136082	0.001626319864170559	2	0.001626319864170559	0.0	metastatic::PIK3CA	0.029730377065368543	0.0008243373429288615	rule_a_one_step	True	True	True	stable	True	0.5608219540612663	0.8193496863759892	-0.2874487906028041	True	fast_passing	0.7367031725789159	0.29327077959865633	1.2603927275997564	0.0	0.0	500
primary::MAP2K4	primary	MAP2K4	1	35	0.0031922655964976288	0.0016233890560873182	1	0.0016233890560873182	0.0	primary::WT	0.014881971246606486	0.0016233890560873182	rule_a_one_step	True	True	True	stable	True	1.9664205463015663	2.8729011876726163	1.5225083727847257	True	relative_bottleneck	2.587383856213633	1.7689579733685783	3.566291589278847	0.01	0.066	500
primary::ESR1+PIK3CA+TP53	primary	ESR1+PIK3CA+TP53	3	5	0.0004560379423568041	0.0015937341797988903	3	0.0015937341797988903	0.0	primary::PIK3CA+TP53	0.025939597172332417	0.0010693814230111503	rule_a_one_step	True	True	True	stable	True	0.28614429423117865	0.4180511052371936	-1.258248777544098	False	fast_passing	0.37063829308189156	0.07968534066572706	0.8235556744320283	0.0	0.0	500
metastatic::GATA3+MAP3K1+PIK3CA	metastatic	GATA3+MAP3K1+PIK3CA	3	2	0.00018241517694272163	0.001579983516458392	3	0.001579983516458392	0.0	metastatic::MAP3K1+PIK3CA	0.1920878415762508	0.0007883940962177386	rule_a_one_step	False	True	False	rare_state	False	0.11545384804783285	0.16867576867106526	-2.5676753585408743	False	fast_passing	0.14514841063165845	0.0	0.39247845821853694	0.0	0.0	500
primary::GATA3+PTEN	primary	GATA3+PTEN	2	18	0.0016417365924844946	0.001575703400894217	2	0.001575703400894217	0.0	primary::GATA3	0.02957807502954314	0.0008956513051631086	rule_a_one_step	True	True	True	stable	True	1.0419071193924545	1.5222055151818432	0.6061631523484305	True	relative_bottleneck	1.3647131625502062	0.7966104966156615	2.045855875559045	0.0	0.0	500
primary::ATM+GATA3	primary	ATM+GATA3	2	16	0.001459321415541773	0.0015409891404674658	2	0.0015409891404674658	0.0	primary::GATA3	0.03928477393924237	0.001189579072220765	rule_a_one_step	True	True	True	stable	True	0.9470030490624214	1.383552561784404	0.46837745362279487	True	relative_bottleneck	1.2116049253310657	0.661589933181227	1.9665311995482924	0.0	0.0	500
metastatic::AKT1	metastatic	AKT1	1	42	0.0038307187157971545	0.001497871747358115	1	0.001497871747358115	0.0	metastatic::WT	0.027554808453077808	0.001497871747358115	rule_a_one_step	True	True	True	stable	True	2.5574410626251405	3.736370371046622	1.901637470569064	True	relative_bottleneck	3.3230426961450075	2.301647192891047	4.479669661376382	0.212	0.528	500
primary::ESR1+MAP3K1+PIK3CA	primary	ESR1+MAP3K1+PIK3CA	3	1	9.120758847136082e-05	0.001497192685675375	2	0.001497192685675375	0.0	primary::MAP3K1+PIK3CA	0.0837117402755132	0.0012063530612487308	rule_a_one_step	False	True	False	rare_state	False	0.060919071595182506	0.08900154825318485	-3.490025756642166	False	fast_passing	0.07891114864447238	0.0	0.2848409561352553	0.0	0.0	500
metastatic::PIK3CA+RUNX1	metastatic	PIK3CA+RUNX1	2	5	0.0004560379423568041	0.0014884555820092148	2	0.0014884555820092148	0.0	metastatic::PIK3CA	0.05007251855858002	0.0013883660745903253	rule_a_one_step	True	True	True	stable	True	0.3063833060001904	0.44761989765948196	-1.1596539262749694	False	fast_passing	0.38631558509356423	0.08097978710800874	0.8566770625472144	0.0	0.0	500
metastatic::NF1+PIK3CA	metastatic	NF1+PIK3CA	2	12	0.0010944910616563297	0.001482459635606538	2	0.001482459635606538	0.0	metastatic::PIK3CA	0.04513755321437887	0.00125153376296709	rule_a_one_step	True	True	True	stable	True	0.7382940045246037	1.0786328115008552	0.10920382573060465	True	relative_bottleneck	0.955464850240453	0.43054388662262133	1.564597401752241	0.0	0.0	500
primary::ATM+MAP3K1+PIK3CA	primary	ATM+MAP3K1+PIK3CA	3	4	0.00036483035388544326	0.0014780037946298392	2	0.0014780037946298392	0.0	primary::MAP3K1+PIK3CA	0.06346201298711433	0.0009145383119266749	rule_a_one_step	False	True	False	rare_state	False	0.24683993029258344	0.3606282136526433	-1.4714158248378764	False	fast_passing	0.304990186212881	0.066998923504448	0.6735003804401104	0.0	0.0	500
metastatic::ATM+PIK3CA	metastatic	ATM+PIK3CA	2	8	0.0007296607077708865	0.0014616096928876641	2	0.0014616096928876641	0.0	metastatic::PIK3CA	0.03683665352750729	0.001021373830022092	rule_a_one_step	True	True	True	stable	True	0.49921720608605	0.7293463786109526	-0.45532395794395747	False	fast_passing	0.6317090988795844	0.2572472912974237	1.2087265665078755	0.0	0.0	500
metastatic::BRCA2+PIK3CA	metastatic	BRCA2+PIK3CA	2	13	0.0011856986501276906	0.0014267542868289934	2	0.0014267542868289934	0.0	metastatic::PIK3CA	0.0263440469783095	0.0007304442066222262	rule_a_one_step	True	True	True	stable	True	0.8310461445550636	1.2141418376620476	0.2799369689895554	True	relative_bottleneck	1.1054739106323346	0.5621028134770637	1.8893772836834284	0.0	0.0	500
primary::AKT1+CBFB+GATA3	primary	AKT1+CBFB+GATA3	3	10	0.0009120758847136082	0.0014261309997630393	3	0.0014261309997630393	0.0	primary::AKT1+GATA3	0.3981185278533355	0.0009804086329843176	rule_a_one_step	True	True	True	stable	True	0.6395456548000217	0.934363442602105	-0.09794426566985895	True	fast_passing	0.8441780015791713	0.34175561376843644	1.4838427468657727	0.0	0.0	500
primary::ATM	primary	ATM	1	24	0.0021889821233126595	0.0014236387340145163	1	0.0014236387340145163	0.0	primary::WT	0.013050815284059495	0.0014236387340145163	rule_a_one_step	True	True	True	stable	True	1.537596631416705	2.2463980031466924	1.1676135583247138	True	relative_bottleneck	2.0582455070988637	1.2433877564602804	2.8678240626177214	0.0	0.002	500
primary::MAP3K1+PIK3CA+RUNX1+TP53	primary	MAP3K1+PIK3CA+RUNX1+TP53	4	1	9.120758847136082e-05	0.0014124213260762477	4	0.0014124213260762477	0.0	primary::MAP3K1+PIK3CA+TP53	0.22731691963510156	0.0006634568978769838	rule_a_one_step	False	True	False	rare_state	False	0.06457534074493418	0.09434328453768838	-3.4059363609684046	False	fast_passing	0.08430107076863563	0.0	0.31288903034814197	0.0	0.0	500
unknown::PIK3CA+TP53	unknown	PIK3CA+TP53	2	11	0.001003283473184969	0.001392105438848342	2	0.001392105438848342	0.0	unknown::TP53	0.42183962563328986	0.0012696741741972423	rule_a_one_step	True	True	True	stable	True	0.7206950310418069	1.0529210623454475	0.0743972813478964	True	relative_bottleneck	0.9503197623913635	0.389554910555568	1.7557773058753956	0.0	0.0	500
primary::MAP2K4+MAP3K1+PIK3CA	primary	MAP2K4+MAP3K1+PIK3CA	3	1	9.120758847136082e-05	0.0013718039740033923	2	0.0013718039740033923	0.0	primary::MAP2K4+PIK3CA	0.15866958455508864	0.0007380653787221381	rule_a_one_step	False	True	False	rare_state	False	0.06648733356464817	0.09713666790266033	-3.3638401916028973	False	fast_passing	0.0848193855309235	0.0	0.2809151112878099	0.0	0.0	500
primary::BRCA2+MAP3K1+PIK3CA	primary	BRCA2+MAP3K1+PIK3CA	3	1	9.120758847136082e-05	0.0013688925889059078	3	0.0013688925889059078	0.0	primary::MAP3K1+PIK3CA	0.045228032084944525	0.0006517720785681535	rule_a_one_step	False	True	False	rare_state	False	0.0666287400077387	0.09734325989492944	-3.360775100431594	False	fast_passing	0.08383637450154074	0.0	0.3197832152357337	0.0	0.0	500
primary::BRCA1+PIK3CA	primary	BRCA1+PIK3CA	2	10	0.0009120758847136082	0.0013637665154220254	2	0.0013637665154220254	0.0	primary::PIK3CA	0.01662940929084914	0.0011618138924471399	rule_a_one_step	True	True	True	stable	True	0.6687918157035622	0.9770915002155554	-0.033434424478652615	True	fast_passing	0.8868944545867077	0.4122040732423164	1.5678475119624598	0.0	0.0	500
primary::PTEN+RB1+TP53	primary	PTEN+RB1+TP53	3	12	0.0010944910616563297	0.001359068727959247	3	0.001359068727959247	0.0	primary::PTEN+TP53	0.08682461957196923	0.0006731204545437234	rule_a_one_step	True	True	True	stable	True	0.8053242917997777	1.1765627239425611	0.2345782343817858	True	relative_bottleneck	1.0435414739717204	0.4868501530958937	1.7582999078862263	0.0	0.0	500
metastatic::CBFB+PIK3CA+TP53	metastatic	CBFB+PIK3CA+TP53	3	2	0.00018241517694272163	0.0013422861567760232	3	0.0013422861567760232	0.0	metastatic::PIK3CA+TP53	0.050237202055221	0.0012096517094653725	rule_a_one_step	False	True	False	rare_state	False	0.1358988736388056	0.19854554317722267	-2.3324581183527817	False	fast_passing	0.1742737262630673	0.0	0.46382119895518065	0.0	0.0	500
primary::BRCA1	primary	BRCA1	1	17	0.001550529004013134	0.0013043206917837855	1	0.0013043206917837855	0.0	primary::WT	0.011957000054111558	0.0013043206917837855	rule_a_one_step	True	True	True	stable	True	1.1887636319744885	1.7367599502480855	0.7963983628455945	True	relative_bottleneck	1.558811558136592	0.8911579589422556	2.4466393194285616	0.0	0.0	500
primary::MAP3K1+NF1+PIK3CA+TP53	primary	MAP3K1+NF1+PIK3CA+TP53	4	3	0.00027362276541408243	0.0013028766347022236	3	0.0013028766347022236	0.0	primary::NF1+PIK3CA+TP53	0.2828922061775671	0.0007998593936067658	rule_a_one_step	False	True	False	rare_state	False	0.2100143313005267	0.30682674820314093	-1.7045038368903267	False	fast_passing	0.2646563726474689	0.0	0.6628733717713502	0.0	0.0	500
primary::GATA3+MAP2K4	primary	GATA3+MAP2K4	2	16	0.001459321415541773	0.001294670285522772	2	0.001294670285522772	0.0	primary::GATA3	0.02574631886407717	0.0007796222056615853	rule_a_one_step	True	True	True	stable	True	1.127176108645562	1.6467818073476432	0.7196494158350257	True	relative_bottleneck	1.442965773186871	0.8027890399636264	2.2749850813697985	0.0	0.0	500
primary::ATM+GATA3+PIK3CA	primary	ATM+GATA3+PIK3CA	3	4	0.00036483035388544326	0.0012939233346022675	3	0.0012939233346022675	0.0	primary::ATM+GATA3	0.4190711953842326	0.0006115595700609013	rule_a_one_step	False	True	False	rare_state	False	0.2819567000974056	0.411933113751072	-1.2795179912005958	False	fast_passing	0.350508914322943	0.08379685271785207	0.8520839414926775	0.0	0.0	500
primary::RB1	primary	RB1	1	18	0.0016417365924844946	0.0012893242257026206	1	0.0012893242257026206	0.0	primary::WT	0.011819524089133388	0.0012893242257026206	rule_a_one_step	True	True	True	stable	True	1.273331066370443	1.8603112847637413	0.8955440468225345	True	relative_bottleneck	1.6892793963487558	0.9250171506548917	2.4774499521383144	0.0	0.0	500
primary::GATA3+PIK3CA+PTEN	primary	GATA3+PIK3CA+PTEN	3	4	0.00036483035388544326	0.0012211396535270654	3	0.0012211396535270654	0.0	primary::GATA3+PTEN	0.439683157815675	0.0007218439292851286	rule_a_one_step	False	True	False	rare_state	False	0.2987621870544678	0.4364855949225927	-1.195994052663038	False	fast_passing	0.3720625344997963	0.08348561267580522	0.8311479821519119	0.0	0.0	500
primary::ESR1+GATA3+PIK3CA	primary	ESR1+GATA3+PIK3CA	3	2	0.00018241517694272163	0.0012117464856359907	3	0.0012117464856359907	0.0	primary::GATA3+PIK3CA	0.06282256223092646	0.0006589378563076015	rule_a_one_step	False	True	False	rare_state	False	0.15053905990611652	0.21993456323918845	-2.184853749923999	False	fast_passing	0.19240996652064168	0.0	0.5602791251252544	0.0	0.0	500
unknown::ESR1	unknown	ESR1	1	5	0.0004560379423568041	0.0011745633116776455	1	0.0011745633116776455	0.0	unknown::WT	0.03211449413773991	0.0011745633116776455	rule_a_one_step	True	True	True	stable	True	0.38826169473757605	0.5672425901149549	-0.8179622367794911	False	fast_passing	0.4867025277688562	0.10249593274175897	0.9929941538948391	0.0	0.0	500
primary::CBFB+MAP2K4+PIK3CA	primary	CBFB+MAP2K4+PIK3CA	3	3	0.00027362276541408243	0.0011461355632496582	2	0.0011461355632496582	0.0	primary::MAP2K4+PIK3CA	0.14978195071364298	0.0006967237765775075	rule_a_one_step	False	True	False	rare_state	False	0.2387350798186036	0.34878718880350873	-1.519581044993515	False	fast_passing	0.30136492180461144	0.0	0.7581995220951468	0.0	0.0	500
metastatic::MAP3K1+NF1+PIK3CA+TP53	metastatic	MAP3K1+NF1+PIK3CA+TP53	4	2	0.00018241517694272163	0.001134073634045265	3	0.001134073634045265	0.0	metastatic::NF1+PIK3CA+TP53	0.2828922061775671	0.0007740574776839669	rule_a_one_step	False	True	False	rare_state	False	0.1608494998082208	0.23499791024087296	-2.0892801674525527	False	fast_passing	0.2041497172750965	0.0	0.575159883672276	0.0	0.0	500
metastatic::CBFB+MAP3K1+PIK3CA	metastatic	CBFB+MAP3K1+PIK3CA	3	3	0.00027362276541408243	0.0010841518866645072	3	0.0010841518866645072	0.0	metastatic::MAP3K1+PIK3CA	0.17218929611112194	0.0007067236706494425	rule_a_one_step	False	True	False	rare_state	False	0.25238416178338613	0.36872822525220494	-1.439370239418965	False	fast_passing	0.3259825021751046	0.0	0.7603639164285808	0.0	0.0	500
primary::BRCA2+GATA3	primary	BRCA2+GATA3	2	6	0.0005472455308281649	0.0010800832934900785	2	0.0010800832934900785	0.0	primary::GATA3	0.023934540826735767	0.0007247599009919987	rule_a_one_step	True	True	True	stable	True	0.5066697481757892	0.7402343939243913	-0.4339459249458264	False	fast_passing	0.6612203424719474	0.21335491120732805	1.276386156398363	0.0	0.0	500
metastatic::AKT1+PIK3CA+TP53	metastatic	AKT1+PIK3CA+TP53	3	3	0.00027362276541408243	0.0010509270291803139	3	0.0010509270291803139	0.0	metastatic::PIK3CA+TP53	0.021839387017675856	0.0005258663054237893	rule_a_one_step	False	True	False	rare_state	False	0.26036323888932167	0.38038549771983005	-1.3944658507039034	False	fast_passing	0.3259602228945904	0.0	0.8380461223228027	0.0	0.0	500
primary::AKT1+NF1+TP53	primary	AKT1+NF1+TP53	3	3	0.00027362276541408243	0.0010463727672533505	3	0.0010463727672533505	0.0	primary::AKT1+TP53	0.14915893434498345	0.0007754523219321467	rule_a_one_step	False	True	False	rare_state	False	0.26149645108867375	0.3820410981352787	-1.3882002501167454	False	fast_passing	0.3331509220762651	0.0	0.828920815665202	0.0	0.0	500
primary::BRCA1+NF1+TP53	primary	BRCA1+NF1+TP53	3	3	0.00027362276541408243	0.0010392375584395597	3	0.0010392375584395597	0.0	primary::BRCA1+TP53	0.10967249414974312	0.0007302163510517373	rule_a_one_step	False	True	False	rare_state	False	0.26329183633590164	0.3846641201631923	-1.3783288274485785	False	fast_passing	0.33072765531206966	0.0	0.8204693225199359	0.0	0.0	500
primary::BRCA1+BRCA2+TP53	primary	BRCA1+BRCA2+TP53	3	6	0.0005472455308281649	0.0010358011977655702	3	0.0010358011977655702	0.0	primary::BRCA1+TP53	0.11427139577362723	0.0007608365461031364	rule_a_one_step	True	True	True	stable	True	0.5283306598605524	0.7718805537564114	-0.37355048293279575	False	fast_passing	0.6956284971996054	0.20356002211071483	1.3745648196646767	0.0	0.0	500
primary::MAP3K1+PIK3CA+PTEN+TP53	primary	MAP3K1+PIK3CA+PTEN+TP53	4	2	0.00018241517694272163	0.0010287476212018942	4	0.0010287476212018942	0.0	primary::PIK3CA+PTEN+TP53	0.22112136332968868	0.0006252063355728155	rule_a_one_step	False	True	False	rare_state	False	0.17731771428281584	0.259057643044161	-1.9486549464692329	False	fast_passing	0.22949826371886622	0.0	0.6601654231283652	0.0	0.0	500
primary::NF1+PTEN+TP53	primary	NF1+PTEN+TP53	3	5	0.0004560379423568041	0.001026921087323591	3	0.001026921087323591	0.0	primary::PTEN+TP53	0.0827816452566907	0.000641776709852126	rule_a_one_step	True	True	True	stable	True	0.4440827513838171	0.6487960402341303	-0.6241630804370105	False	fast_passing	0.5586693707897759	0.11319707176923365	1.1880493446261104	0.0	0.0	500
primary::AKT1+RB1+TP53	primary	AKT1+RB1+TP53	3	4	0.00036483035388544326	0.0010108343642071175	3	0.0010108343642071175	0.0	primary::AKT1+TP53	0.09599651916501259	0.0004990698278370775	rule_a_one_step	False	True	False	rare_state	False	0.36092001463631523	0.5272969409588711	-0.923312467743423	False	fast_passing	0.4768104718090429	0.1053402519333181	0.9936300648982543	0.0	0.0	500
primary::GATA3+PIK3CA+RUNX1	primary	GATA3+PIK3CA+RUNX1	3	8	0.0007296607077708865	0.0009972848768466643	3	0.0009972848768466643	0.0	primary::GATA3+PIK3CA	0.04125755425950624	0.00043274523347712674	rule_a_one_step	True	True	True	stable	True	0.7316472193445555	1.0689219909574672	0.0961565702096069	False	relative_bottleneck	0.9458139916201025	0.37373306244214294	1.812336146402933	0.0	0.0	500
primary::NF1+RB1+TP53	primary	NF1+RB1+TP53	3	2	0.00018241517694272163	0.0009810021731299183	3	0.0009810021731299183	0.0	primary::RB1+TP53	0.08286974610779635	0.0005895512765786314	rule_a_one_step	False	True	False	rare_state	False	0.1859477804975421	0.27166599761236954	-1.8800940893046996	False	fast_passing	0.23881076426073491	0.0	0.6926693395343481	0.0	0.0	500
metastatic::PIK3CA+RB1	metastatic	PIK3CA+RB1	2	12	0.0010944910616563297	0.0009775579272771602	2	0.0009775579272771602	0.0	metastatic::PIK3CA	0.030376307621783755	0.0008422471285135226	rule_a_one_step	True	True	True	stable	True	1.1196176001408442	1.6357389772159714	0.7099425488172362	True	relative_bottleneck	1.4682015946029308	0.7419375631732354	2.478155219375848	0.0	0.0	500
metastatic::BRCA2	metastatic	BRCA2	1	27	0.002462604888726742	0.0009759462431813158	1	0.0009759462431813158	0.0	metastatic::WT	0.01795348088966434	0.0009759462431813158	rule_a_one_step	True	True	True	stable	True	2.52329972414877	3.686490556659016	1.8822480613563635	True	relative_bottleneck	3.2948698102206455	2.2077463592956756	4.678823615592192	0.26	0.506	500
primary::AKT1+MAP3K1+PIK3CA	primary	AKT1+MAP3K1+PIK3CA	3	3	0.00027362276541408243	0.0009740150642435287	3	0.0009740150642435287	0.0	primary::MAP3K1+PIK3CA	0.034704274735427615	0.0005001163269060164	rule_a_one_step	False	True	False	rare_state	False	0.28092251873503593	0.4104221954127701	-1.2848193416566418	False	fast_passing	0.37017565368377003	0.0	0.8935022922946684	0.0	0.0	500
metastatic::ESR1+MAP2K4+PIK3CA	metastatic	ESR1+MAP2K4+PIK3CA	3	5	0.0004560379423568041	0.0009737482099653765	3	0.0009737482099653765	0.0	metastatic::ESR1+PIK3CA	0.11115347715204281	0.0005981443954734153	rule_a_one_step	True	True	True	stable	True	0.4683325085698354	0.6842244516955107	-0.5474584331821298	False	fast_passing	0.6222498952230062	0.13685712645767986	1.3042627324713516	0.0	0.0	500
primary::BRCA2+RB1+TP53	primary	BRCA2+RB1+TP53	3	7	0.0006384531192995258	0.0009618149978911354	3	0.0009618149978911354	0.0	primary::RB1+TP53	0.087156010916584	0.0006200445869658475	rule_a_one_step	True	True	True	stable	True	0.6638003358604206	0.9697990477457233	-0.04424225774746579	False	fast_passing	0.8327926976505384	0.2890431949245959	1.6505696494914819	0.0	0.0	500
primary::CBFB+TP53	primary	CBFB+TP53	2	6	0.0005472455308281649	0.0009460803186868921	2	0.0009460803186868921	0.0	primary::TP53	0.00572154784078689	0.0007493745621461122	rule_a_one_step	True	True	True	stable	True	0.5784345360965518	0.8450813173550896	-0.24283792449796854	False	fast_passing	0.7453656605309604	0.22997195180245958	1.4384400375563104	0.0	0.0	500
metastatic::GATA3+MAP3K1	metastatic	GATA3+MAP3K1	2	6	0.0005472455308281649	0.0009448416177220947	2	0.0009448416177220947	0.0	metastatic::GATA3	0.044601941901744706	0.0006834299744156431	rule_a_one_step	True	True	True	stable	True	0.5791928721009544	0.8461892311285704	-0.24094776926904604	False	fast_passing	0.7352638338791717	0.23553878112763318	1.44164327821646	0.0	0.0	500
primary::AKT1+MAP3K1	primary	AKT1+MAP3K1	2	11	0.001003283473184969	0.000928603390434813	2	0.000928603390434813	0.0	primary::AKT1	0.10039215232365976	0.0007142090369614613	rule_a_one_step	True	True	True	stable	True	1.0804219351759696	1.5784748926634613	0.6585313132210662	True	relative_bottleneck	1.3319152215447363	0.6187775532064881	2.3190940738351142	0.0	0.0	500
primary::BRCA1+RB1+TP53	primary	BRCA1+RB1+TP53	3	3	0.00027362276541408243	0.0009137022084828442	2	0.0009137022084828442	0.0	primary::BRCA1+TP53	0.0689512533954305	0.000459088060732071	rule_a_one_step	False	True	False	rare_state	False	0.29946602139547523	0.437513882853172	-1.1925992987294742	False	fast_passing	0.3749591497143321	0.0	0.8955391368909996	0.0	0.0	500
metastatic::AKT1+PIK3CA	metastatic	AKT1+PIK3CA	2	5	0.0004560379423568041	0.0009083292128837538	2	0.0009083292128837538	0.0	metastatic::PIK3CA	0.020216920175512416	0.0005605567068000524	rule_a_one_step	True	True	True	stable	True	0.5020623969660927	0.7335031457245812	-0.44712494178825857	False	fast_passing	0.6678220120156446	0.1371441380750637	1.353344652822172	0.0	0.0	500
primary::CBFB+GATA3+MAP2K4+PIK3CA	primary	CBFB+GATA3+MAP2K4+PIK3CA	4	1	9.120758847136082e-05	0.0009031653973769334	4	0.0009031653973769334	0.0	primary::CBFB+GATA3+PIK3CA	0.1310917037192779	0.0004902188847583358	rule_a_one_step	False	True	False	rare_state	False	0.1009865841132408	0.14753938468736746	-2.760827970863064	False	fast_passing	0.1322965386917553	0.0	0.4992480762571553	0.0	0.0	500
primary::RUNX1	primary	RUNX1	1	18	0.0016417365924844946	0.0009004460902926077	1	0.0009004460902926077	0.0	primary::WT	0.00825459108191317	0.0009004460902926077	rule_a_one_step	True	True	True	stable	True	1.8232480637766446	2.663729047022696	1.413447339767589	True	relative_bottleneck	2.393724046141926	1.4232402636985622	3.5479561565203013	0.012	0.066	500
metastatic::PTEN+RB1+TP53	metastatic	PTEN+RB1+TP53	3	4	0.00036483035388544326	0.0008905776918992516	3	0.0008905776918992516	0.0	metastatic::PTEN+TP53	0.08682461957196923	0.0005384963636349789	rule_a_one_step	False	True	False	rare_state	False	0.4096558411403141	0.5984990111919559	-0.7405792312601724	False	fast_passing	0.5261827907275557	0.11764114710352462	1.1272167295354605	0.0	0.0	500
primary::CBFB+GATA3+PIK3CA+RUNX1	primary	CBFB+GATA3+PIK3CA+RUNX1	4	1	9.120758847136082e-05	0.0008822437851101766	4	0.0008822437851101766	0.0	primary::GATA3+PIK3CA+RUNX1	0.6030175798298638	0.0004399982340969455	rule_a_one_step	False	True	False	rare_state	False	0.10338138948362126	0.15103814755665843	-2.7270151192434766	False	fast_passing	0.12525227390007845	0.0	0.49113762055705534	0.0	0.0	500
metastatic::CBFB+ESR1+GATA3+PIK3CA	metastatic	CBFB+ESR1+GATA3+PIK3CA	4	1	9.120758847136082e-05	0.0008657328127164832	4	0.0008657328127164832	0.0	metastatic::ESR1+GATA3+PIK3CA	0.4396014298655928	0.0005613298082924389	rule_a_one_step	False	True	False	rare_state	False	0.10535304545038324	0.15391869758917606	-2.6997595982394476	False	fast_passing	0.12130572932017232	0.0	0.44675740940990805	0.0	0.0	500
metastatic::ATM+GATA3	metastatic	ATM+GATA3	2	8	0.0007296607077708865	0.0008655132262846898	2	0.0008655132262846898	0.0	metastatic::GATA3	0.03928477393924237	0.0006019556750996643	rule_a_one_step	True	True	True	stable	True	0.8430381937200391	1.2316619822483537	0.300606376613798	False	relative_bottleneck	1.0813375491805237	0.4319691615738502	1.9852157018582228	0.0	0.0	500
metastatic::NF1	metastatic	NF1	1	10	0.0009120758847136082	0.0008427623537760553	1	0.0008427623537760553	0.0	metastatic::WT	0.015503433635571594	0.0008427623537760553	rule_a_one_step	True	True	True	stable	True	1.0822456408318943	1.5811392902434833	0.6609644673115775	True	relative_bottleneck	1.3930521175471762	0.6126079571630807	2.365413578586167	0.0	0.0	500
primary::PIK3CA+PTEN+RB1+TP53	primary	PIK3CA+PTEN+RB1+TP53	4	2	0.00018241517694272163	0.0008239318609244256	3	0.0008239318609244256	0.0	primary::PTEN+RB1+TP53	0.37611174399808117	0.0004116509419898736	rule_a_one_step	False	True	False	rare_state	False	0.22139594955905892	0.32345506541334923	-1.628362788876735	False	fast_passing	0.27689851720054437	0.0	0.8245479202552288	0.0	0.0	500
metastatic::MAP2K4	metastatic	MAP2K4	1	19	0.0017329441809558555	0.0008089798306254529	1	0.0008089798306254529	0.0	metastatic::WT	0.014881971246606486	0.0008089798306254529	rule_a_one_step	True	True	True	stable	True	2.1421352093214927	3.1296168048028816	1.6459860221246303	True	relative_bottleneck	2.799317132850513	1.62512616348885	4.141617813286016	0.072	0.206	500
metastatic::GATA3+PTEN	metastatic	GATA3+PTEN	2	9	0.0008208682962422473	0.0008019658068491851	2	0.0008019658068491851	0.0	metastatic::GATA3	0.02957807502954314	0.00045322114237169355	rule_a_one_step	True	True	True	stable	True	1.0235701924047826	1.4954156306781294	0.5805465178555818	False	relative_bottleneck	1.3357606105066626	0.5296034304726335	2.346503790858774	0.0	0.0	500
primary::NF1+PIK3CA+PTEN+TP53	primary	NF1+PIK3CA+PTEN+TP53	4	2	0.00018241517694272163	0.0007997312529922489	4	0.0007997312529922489	0.0	primary::PIK3CA+PTEN+TP53	0.14724779595496762	0.0004163336076800434	rule_a_one_step	False	True	False	rare_state	False	0.22809559590438316	0.3332431150646148	-1.5853530259189348	False	fast_passing	0.28240433153093686	0.0	0.8986318665710094	0.0	0.0	500
primary::CBFB	primary	CBFB	1	8	0.0007296607077708865	0.0007969151378887814	1	0.0007969151378887814	0.0	primary::WT	0.007305499641983779	0.0007969151378887814	rule_a_one_step	True	True	True	stable	True	0.9156065334488759	1.3376828788396329	0.41973614038040963	False	relative_bottleneck	1.1691935848528563	0.4354906717909443	2.1039196498938217	0.0	0.0	500
metastatic::AKT1+ESR1+GATA3	metastatic	AKT1+ESR1+GATA3	3	4	0.00036483035388544326	0.0007730006581360742	3	0.0007730006581360742	0.0	metastatic::ESR1+GATA3	0.10852232594074282	0.0005146991015066242	rule_a_one_step	False	True	False	rare_state	False	0.47196642017509693	0.6895335240535516	-0.536307399841254	False	fast_passing	0.6117668877298251	0.0	1.417071903856348	0.0	0.0	500
primary::BRCA1+MAP3K1+PIK3CA	primary	BRCA1+MAP3K1+PIK3CA	3	2	0.00018241517694272163	0.0007695856763540902	3	0.0007695856763540902	0.0	primary::MAP3K1+PIK3CA	0.028539167807751974	0.000411272210290479	rule_a_one_step	False	True	False	rare_state	False	0.23703036882115922	0.3462966400455598	-1.529919705079984	False	fast_passing	0.2995974563736454	0.0	0.867797525070534	0.0	0.0	500
primary::MAP2K4+PIK3CA+PTEN	primary	MAP2K4+PIK3CA+PTEN	3	1	9.120758847136082e-05	0.0007641159021351406	3	0.0007641159021351406	0.0	primary::PIK3CA+PTEN	0.11412846909981877	0.00042678468014343033	rule_a_one_step	False	True	False	rare_state	False	0.11936355217466264	0.17438776840100265	-2.5196292421926194	False	fast_passing	0.1501208224778487	0.0	0.5740202888737154	0.0	0.0	500
primary::GATA3+RUNX1	primary	GATA3+RUNX1	2	7	0.0006384531192995258	0.0007614799972470842	2	0.0007614799972470842	0.0	primary::GATA3	0.01887438818995139	0.0005715338269850293	rule_a_one_step	True	True	True	stable	True	0.8384371497205908	1.2249399487568862	0.29271102453053166	False	relative_bottleneck	1.0530697973327552	0.3314823386725413	1.974034979682122	0.0	0.0	500
primary::GATA3+NF1	primary	GATA3+NF1	2	8	0.0007296607077708865	0.0007553138800216036	2	0.0007553138800216036	0.0	primary::GATA3	0.016622336139013014	0.0005033396204079096	rule_a_one_step	True	True	True	stable	True	0.966036406988814	1.4113599179956555	0.4970859437773522	False	relative_bottleneck	1.2392748643852887	0.4603569117623489	2.2777929113098665	0.0	0.0	500
primary::GATA3+NF1+PIK3CA	primary	GATA3+NF1+PIK3CA	3	2	0.00018241517694272163	0.0007505876142502213	3	0.0007505876142502213	0.0	primary::GATA3+NF1	0.4722816661654377	0.00034460537480148683	rule_a_one_step	False	True	False	rare_state	False	0.243029825214889	0.3550617261464722	-1.4938582413565729	False	fast_passing	0.31213918679245495	0.0	0.8903274084301915	0.0	0.0	500
primary::BRCA2+NF1+TP53	primary	BRCA2+NF1+TP53	3	4	0.00036483035388544326	0.0007462705940644666	3	0.0007462705940644666	0.0	primary::BRCA2+TP53	0.0999527912372727	0.0004467061994369174	rule_a_one_step	False	True	False	rare_state	False	0.48887140441856397	0.7142313687755194	-0.48553659694341456	False	fast_passing	0.6435617206885055	0.15432787764577716	1.4342796773474673	0.0	0.0	500
primary::GATA3+RB1+TP53	primary	GATA3+RB1+TP53	3	1	9.120758847136082e-05	0.0007450956489921995	3	0.0007450956489921995	0.0	primary::RB1+TP53	0.071781295649537	0.0005106659121364361	rule_a_one_step	False	True	False	rare_state	False	0.1224105770478135	0.17883941095193467	-2.483263395728895	False	fast_passing	0.15796682867755824	0.0	0.5155835275559082	0.0	0.0	500
primary::MAP3K1+PIK3CA+RB1	primary	MAP3K1+PIK3CA+RB1	3	1	9.120758847136082e-05	0.0007409877152830843	2	0.0007409877152830843	0.0	primary::MAP3K1+PIK3CA	0.030038059383687962	0.00043287243548182215	rule_a_one_step	False	True	False	rare_state	False	0.12308920440526736	0.17983087198242645	-2.4752873819733447	False	fast_passing	0.15427133440024257	0.0	0.5626446412634026	0.0	0.0	500
primary::AKT1+MAP3K1+TP53	primary	AKT1+MAP3K1+TP53	3	1	9.120758847136082e-05	0.0007302387191578511	3	0.0007302387191578511	0.0	primary::AKT1+TP53	0.09381057495882632	0.00048770546996106345	rule_a_one_step	False	True	False	rare_state	False	0.12490105763173588	0.1824779533994712	-2.45420592373072	False	fast_passing	0.16220461973303862	0.0	0.5521009215112003	0.0	0.0	500
primary::AKT1+BRCA1+TP53	primary	AKT1+BRCA1+TP53	3	1	9.120758847136082e-05	0.0007238202792085603	3	0.0007238202792085603	0.0	primary::AKT1+TP53	0.07003771991781586	0.00036411437753698504	rule_a_one_step	False	True	False	rare_state	False	0.12600861148167944	0.1840960674783231	-2.4414692856363533	False	fast_passing	0.16142208138295996	0.0	0.60954781603756	0.0	0.0	500
metastatic::GATA3+MAP2K4+PIK3CA	metastatic	GATA3+MAP2K4+PIK3CA	3	2	0.00018241517694272163	0.0007221107761721233	3	0.0007221107761721233	0.0	metastatic::GATA3+MAP2K4	0.4221137893953811	0.00026949986553882413	rule_a_one_step	False	True	False	rare_state	False	0.2526138408528985	0.3690637817906202	-1.4380579297634846	False	fast_passing	0.2956760744517787	0.0	0.9690607246515313	0.0	0.0	500
metastatic::ATM	metastatic	ATM	1	18	0.0016417365924844946	0.0007094387002279696	1	0.0007094387002279696	0.0	metastatic::WT	0.013050815284059495	0.0007094387002279696	rule_a_one_step	True	True	True	stable	True	2.3141345258481216	3.3809043748283276	1.7574092117616267	True	relative_bottleneck	2.9502666307851193	1.553158572622191	4.609393417211964	0.15	0.296	500
metastatic::AKT1+NF1+TP53	metastatic	AKT1+NF1+TP53	3	6	0.0005472455308281649	0.0007083080038136762	3	0.0007083080038136762	0.0	metastatic::AKT1+TP53	0.14915893434498345	0.0005169682146214311	rule_a_one_step	True	True	True	stable	True	0.7726095527779901	1.1287671428971628	0.1747478984790387	False	relative_bottleneck	0.9843680890554254	0.2901067872697572	1.9706554175685627	0.0	0.0	500
primary::AKT1+GATA3+TP53	primary	AKT1+GATA3+TP53	3	2	0.00018241517694272163	0.0007061911672867258	3	0.0007061911672867258	0.0	primary::GATA3+TP53	0.08224904472554236	0.0003600833771275112	rule_a_one_step	False	True	False	rare_state	False	0.25830849369764125	0.37738355598735285	-1.4058965341968999	False	fast_passing	0.33363640106391507	0.0	0.9234193462975281	0.0	0.0	500
metastatic::ESR1+GATA3+MAP3K1+PIK3CA	metastatic	ESR1+GATA3+MAP3K1+PIK3CA	4	3	0.00027362276541408243	0.0007046228626080025	3	0.0007046228626080025	0.0	metastatic::ESR1+MAP3K1+PIK3CA	0.2684748527790031	0.0004162780460820005	rule_a_one_step	False	True	False	rare_state	False	0.3883251304293539	0.567335268395088	-0.8177265429583213	False	fast_passing	0.5075323426476948	0.0	1.334215168110718	0.0	0.0	500
metastatic::MAP3K1+PIK3CA+RUNX1	metastatic	MAP3K1+PIK3CA+RUNX1	3	2	0.00018241517694272163	0.0007038545182842361	3	0.0007038545182842361	0.0	metastatic::MAP3K1+PIK3CA	0.12722837563415354	0.0005221886997023814	rule_a_one_step	False	True	False	rare_state	False	0.25916602358144025	0.3786363900396945	-1.4011150224434767	False	fast_passing	0.32201640284832933	0.0	1.0135568867060647	0.0	0.0	500
primary::BRCA1+GATA3	primary	BRCA1+GATA3	2	6	0.0005472455308281649	0.000695620179770984	2	0.000695620179770984	0.0	primary::GATA3	0.019716806026920695	0.0005970430135842457	rule_a_one_step	True	True	True	stable	True	0.7867016310849845	1.1493553881639669	0.20082495765843716	False	relative_bottleneck	1.0266207088232262	0.3320567089612009	1.9639311305021723	0.0	0.0	500
primary::ATM+BRCA1+TP53	primary	ATM+BRCA1+TP53	3	4	0.00036483035388544326	0.0006758750270355548	3	0.0006758750270355548	0.0	primary::BRCA1+TP53	0.081721433427829	0.000544113885464385	rule_a_one_step	False	True	False	rare_state	False	0.5397896634024643	0.7886219293217859	-0.34259426665832743	False	fast_passing	0.6918225708243266	0.15951725371718098	1.571647027799323	0.0	0.0	500
metastatic::GATA3+MAP2K4	metastatic	GATA3+MAP2K4	2	7	0.0006384531192995258	0.0006741051512095084	2	0.0006741051512095084	0.0	metastatic::GATA3	0.02574631886407717	0.000394507622142007	rule_a_one_step	True	True	True	stable	True	0.9471120599017434	1.383711824445866	0.46854351469978256	False	relative_bottleneck	1.295572838315242	0.4854489271926125	2.4326441923354336	0.0	0.004	500
metastatic::MAP3K1+NF1+PIK3CA	metastatic	MAP3K1+NF1+PIK3CA	3	4	0.00036483035388544326	0.0006599969896765768	2	0.0006599969896765768	0.0	metastatic::NF1+PIK3CA	0.30946134890838906	0.0003387026803083426	rule_a_one_step	False	True	False	rare_state	False	0.5527757838887234	0.8075943922765704	-0.3082972018787869	False	fast_passing	0.6689289443919333	0.05776971191902547	1.615408078321881	0.0	0.0	500
unknown::BRCA2	unknown	BRCA2	1	1	9.120758847136082e-05	0.0006566349723417914	1	0.0006566349723417914	0.0	unknown::WT	0.01795348088966434	0.0006566349723417914	rule_a_one_step	False	True	False	rare_state	False	0.13890150871370885	0.20293233311850012	-2.300929347518715	False	fast_passing	0.1779670851340715	0.0	0.6844134027730593	0.0	0.0	500
primary::GATA3+PTEN+TP53	primary	GATA3+PTEN+TP53	3	2	0.00018241517694272163	0.0006539414836964197	3	0.0006539414836964197	0.0	primary::PTEN+TP53	0.05384821564755407	0.0004174661008794323	rule_a_one_step	False	True	False	rare_state	False	0.27894724713389996	0.4075363630105647	-1.2949993032872005	False	fast_passing	0.35623418177334704	0.0	0.9022064053165617	0.0	0.0	500
metastatic::BRCA1	metastatic	BRCA1	1	10	0.0009120758847136082	0.0006499792076113179	1	0.0006499792076113179	0.0	metastatic::WT	0.011957000054111558	0.0006499792076113179	rule_a_one_step	True	True	True	stable	True	1.4032385538335304	2.0501035322675643	1.0356967691050485	True	relative_bottleneck	1.8404251791443436	0.8415800049525303	3.0926275126038307	0.0	0.006	500
metastatic::RB1	metastatic	RB1	1	13	0.0011856986501276906	0.0006425060522732123	1	0.0006425060522732123	0.0	metastatic::WT	0.011819524089133388	0.0006425060522732123	rule_a_one_step	True	True	True	stable	True	1.8454279832652363	2.6961334669018027	1.4308919161307936	True	relative_bottleneck	2.3990888120682863	1.2313469664470758	3.86492710742525	0.032	0.114	500
primary::MAP2K4+PIK3CA+PTEN+TP53	primary	MAP2K4+PIK3CA+PTEN+TP53	4	2	0.00018241517694272163	0.0006341155508496928	4	0.0006341155508496928	0.0	primary::PIK3CA+PTEN+TP53	0.12129577570877574	0.0003429559510189755	rule_a_one_step	False	True	False	rare_state	False	0.2876686692364238	0.42027818670827766	-1.2505835152579456	False	fast_passing	0.3409049983626693	0.0	1.1746190288689975	0.0	0.0	500
primary::GATA3+RB1	primary	GATA3+RB1	2	4	0.00036483035388544326	0.0006324846846030363	2	0.0006324846846030363	0.0	primary::GATA3	0.01561466481936316	0.00047282640642361994	rule_a_one_step	False	True	False	rare_state	False	0.5768208498797079	0.8427237539856359	-0.2468683036590679	False	fast_passing	0.7545486883001634	0.17230768656446294	1.6347917208390499	0.0	0.0	500
metastatic::NF1+PTEN+TP53	metastatic	NF1+PTEN+TP53	3	3	0.00027362276541408243	0.0006324638864534827	2	0.0006324638864534827	0.0	metastatic::PTEN+TP53	0.0827816452566907	0.0005134213678817008	rule_a_one_step	False	True	False	rare_state	False	0.43262986368404666	0.6320635997921121	-0.6618583616618593	False	fast_passing	0.5281319278215567	0.0	1.4074868804691654	0.0	0.0	500
primary::MAP2K4+PIK3CA+RUNX1	primary	MAP2K4+PIK3CA+RUNX1	3	2	0.00018241517694272163	0.0006270754378918119	3	0.0006270754378918119	0.0	primary::MAP2K4+PIK3CA	0.07840683711958045	0.0003647162252005293	rule_a_one_step	False	True	False	rare_state	False	0.2908982964874077	0.4249966076902707	-1.2344767691380951	False	fast_passing	0.3634055803799474	0.0	1.0833815640852658	0.0	0.0	500
metastatic::BRCA2+GATA3	metastatic	BRCA2+GATA3	2	8	0.0007296607077708865	0.0006260360171702257	2	0.0006260360171702257	0.0	metastatic::GATA3	0.023934540826735767	0.0003667459739959512	rule_a_one_step	True	True	True	stable	True	1.1655251241031377	1.7028089538608127	0.7679165813590074	False	relative_bottleneck	1.522740828166135	0.5709439517462953	2.7300546163592165	0.0	0.0	500
metastatic::BRCA2+ESR1+PIK3CA	metastatic	BRCA2+ESR1+PIK3CA	3	3	0.00027362276541408243	0.0006192453971560962	3	0.0006192453971560962	0.0	metastatic::BRCA2+ESR1	0.39844010033483085	0.00036340760701826963	rule_a_one_step	False	True	False	rare_state	False	0.44186483456936243	0.6455557080160856	-0.631386497091988	False	fast_passing	0.5325464150771255	0.0	1.4517195264424108	0.0	0.0	500
metastatic::BRCA2+MAP3K1+PIK3CA	metastatic	BRCA2+MAP3K1+PIK3CA	3	5	0.0004560379423568041	0.0006186248457738627	3	0.0006186248457738627	0.0	metastatic::BRCA2+PIK3CA	0.32643469102822376	0.0003870531725070147	rule_a_one_step	True	True	True	stable	True	0.7371801257822869	1.0770054568804288	0.10702555962621443	False	relative_bottleneck	0.9820014057850386	0.1791020231575068	2.036298148507558	0.0	0.0	500
primary::AKT1+CBFB+GATA3+PIK3CA	primary	AKT1+CBFB+GATA3+PIK3CA	4	2	0.00018241517694272163	0.0006087645855176282	4	0.0006087645855176282	0.0	primary::CBFB+GATA3+PIK3CA	0.05913446442040263	0.00022113398770854685	rule_a_one_step	False	True	False	rare_state	False	0.29964814146993646	0.4377799566486288	-1.1917221913177318	False	fast_passing	0.37154871016453395	0.0	1.1476120112211656	0.0	0.0	500
primary::GATA3+MAP3K1+PIK3CA+TP53	primary	GATA3+MAP3K1+PIK3CA+TP53	4	4	0.00036483035388544326	0.0006039661304617231	4	0.0006039661304617231	0.0	primary::GATA3+PIK3CA+TP53	0.1297127874176882	0.00024844660121957796	rule_a_one_step	False	True	False	rare_state	False	0.6040576364811687	0.8825161558311576	-0.18030540548468071	False	fast_passing	0.7987168080599667	0.15694540354773712	1.8618344262582387	0.0	0.002	500
primary::MAP3K1+PTEN+TP53	primary	MAP3K1+PTEN+TP53	3	4	0.00036483035388544326	0.0006002158296965885	3	0.0006002158296965885	0.0	primary::PTEN+TP53	0.04542595326611795	0.0003521712903703052	rule_a_one_step	False	True	False	rare_state	False	0.6078319418233846	0.8880303406380063	-0.17131912603696545	False	fast_passing	0.7694230041388215	0.177353330909346	1.6801434138924567	0.0	0.0	500
metastatic::ESR1+PIK3CA+PTEN	metastatic	ESR1+PIK3CA+PTEN	3	1	9.120758847136082e-05	0.0005971322658814522	3	0.0005971322658814522	0.0	metastatic::ESR1+PTEN	0.3946694645481025	0.0004319622012565879	rule_a_one_step	False	True	False	rare_state	False	0.15274268956808548	0.22315402221248293	-2.1638882843822635	False	fast_passing	0.18782029329645739	0.0	0.7488509848212361	0.0	0.0	500
primary::BRCA2+NF1+PIK3CA+TP53	primary	BRCA2+NF1+PIK3CA+TP53	4	2	0.00018241517694272163	0.0005812327673237253	4	0.0005812327673237253	0.0	primary::BRCA2+PIK3CA+TP53	0.1688144359965178	0.00020016304888313859	rule_a_one_step	False	True	False	rare_state	False	0.31384186660502095	0.45851670590339855	-1.124953795996333	False	fast_passing	0.3794736745760265	0.0	1.2182304692394448	0.0	0.0	500
metastatic::BRCA1+PIK3CA	metastatic	BRCA1+PIK3CA	2	4	0.00036483035388544326	0.0005798810695864261	2	0.0005798810695864261	0.0	metastatic::PIK3CA	0.01662940929084914	0.00046108540901296414	rule_a_one_step	False	True	False	rare_state	False	0.6291468585385881	0.919171008722167	-0.12159479976708212	False	fast_passing	0.8091077798854238	0.19292573304100974	1.8110179051165536	0.0	0.0	500
primary::MAP2K4+NF1+PIK3CA+TP53	primary	MAP2K4+NF1+PIK3CA+TP53	4	2	0.00018241517694272163	0.0005762190288291014	4	0.0005762190288291014	0.0	primary::NF1+PIK3CA+TP53	0.1084968728860272	0.00030676788211116775	rule_a_one_step	False	True	False	rare_state	False	0.3165726355771753	0.4625063048923417	-1.1124550622856217	False	fast_passing	0.4053288981181634	0.0	1.249157301595692	0.0	0.0	500
metastatic::ATM+ESR1+PIK3CA	metastatic	ATM+ESR1+PIK3CA	3	1	9.120758847136082e-05	0.0005725150980738648	3	0.0005725150980738648	0.0	metastatic::ATM+ESR1	0.3740906259024785	0.0002729592308664564	rule_a_one_step	False	True	False	rare_state	False	0.1593103633754005	0.23274926261859494	-2.1031514977506895	False	fast_passing	0.19067189875062623	0.0	0.8053542892904774	0.0	0.0	500
primary::NF1+PIK3CA+RUNX1+TP53	primary	NF1+PIK3CA+RUNX1+TP53	4	1	9.120758847136082e-05	0.0005723704249195574	3	0.0005723704249195574	0.0	primary::NF1+PIK3CA+TP53	0.11831169343039842	0.00033451865161823703	rule_a_one_step	False	True	False	rare_state	False	0.15935063088703222	0.23280809264974417	-2.1027868861998864	False	fast_passing	0.19976697883104264	0.0	0.7439801388750431	0.0	0.0	500
primary::AKT1+RUNX1+TP53	primary	AKT1+RUNX1+TP53	3	2	0.00018241517694272163	0.0005720180415521542	3	0.0005720180415521542	0.0	primary::AKT1+TP53	0.07564959597863942	0.000393289581428534	rule_a_one_step	False	True	False	rare_state	False	0.3188975930354326	0.46590302135550016	-1.101898408612567	False	fast_passing	0.3792552083037306	0.0	1.0626498251947025	0.0	0.0	500
metastatic::AKT1+CBFB+GATA3	metastatic	AKT1+CBFB+GATA3	3	1	9.120758847136082e-05	0.0005711923129721945	3	0.0005711923129721945	0.0	metastatic::AKT1+GATA3	0.3981185278533355	0.0004720486010665233	rule_a_one_step	False	True	False	rare_state	False	0.15967929931879438	0.23328827067154928	-2.099814321938941	False	fast_passing	0.21184214512950228	0.0	0.8439193021765852	0.0	0.0	500
primary::MAP3K1+PTEN	primary	MAP3K1+PTEN	2	4	0.00036483035388544326	0.000570049619052999	2	0.000570049619052999	0.0	primary::MAP3K1	0.054958395050608885	0.0003057699834081669	rule_a_one_step	False	True	False	rare_state	False	0.6399975389011294	0.9350236362586474	-0.09692525985272443	False	fast_passing	0.8360625542083542	0.19053212963776445	1.8548192883038088	0.0	0.0	500
metastatic::ATM+GATA3+PIK3CA	metastatic	ATM+GATA3+PIK3CA	3	1	9.120758847136082e-05	0.0005641477430675893	3	0.0005641477430675893	0.0	metastatic::ATM+GATA3	0.4190711953842326	0.00030577978503045064	rule_a_one_step	False	True	False	rare_state	False	0.16167323086987906	0.2362013648883601	-2.0819107935224057	False	fast_passing	0.20336128836492762	0.0	0.7967770107967578	0.0	0.0	500
primary::BRCA2+MAP3K1+PIK3CA+TP53	primary	BRCA2+MAP3K1+PIK3CA+TP53	4	2	0.00018241517694272163	0.0005631700298935263	4	0.0005631700298935263	0.0	primary::BRCA2+PIK3CA+TP53	0.2318248892672386	0.00027487445827016616	rule_a_one_step	False	True	False	rare_state	False	0.3239078199052983	0.4732228628573694	-1.0794083184747667	False	fast_passing	0.38303884210189465	0.0	1.165418632185238	0.0	0.0	500
primary::MAP2K4+NF1+PIK3CA	primary	MAP2K4+NF1+PIK3CA	3	3	0.00027362276541408243	0.0005576558113083857	3	0.0005576558113083857	0.0	primary::MAP2K4+PIK3CA	0.07192894258929186	0.0003345837351380778	rule_a_one_step	False	True	False	rare_state	False	0.4906660333753825	0.7168532858782332	-0.4802502136092845	False	fast_passing	0.6087582594725831	0.0	1.6425510424759993	0.0	0.0	500
primary::AKT1+GATA3+PIK3CA	primary	AKT1+GATA3+PIK3CA	3	3	0.00027362276541408243	0.0005574320255661411	3	0.0005574320255661411	0.0	primary::AKT1+GATA3	0.106337998577923	0.0002618684751554105	rule_a_one_step	False	True	False	rare_state	False	0.49086301535209015	0.717141072616374	-0.47967114786461956	False	fast_passing	0.6517578597289271	0.0	1.4841434649896532	0.0	0.0	500
metastatic::NF1+PIK3CA+PTEN+TP53	metastatic	NF1+PIK3CA+PTEN+TP53	4	5	0.0004560379423568041	0.000548405020659476	4	0.000548405020659476	0.0	metastatic::PIK3CA+PTEN+TP53	0.14724779595496762	0.0002686023275355119	rule_a_one_step	True	True	True	stable	True	0.8315714195629195	1.214909253969186	0.28084855766816014	False	relative_bottleneck	1.0405799900219153	0.21888897172584545	2.4902617141059284	0.002	0.004	500
metastatic::AKT1+RB1+TP53	metastatic	AKT1+RB1+TP53	3	2	0.00018241517694272163	0.0005469862634851746	2	0.0005469862634851746	0.0	metastatic::AKT1+TP53	0.09599651916501259	0.00033271321855805165	rule_a_one_step	False	True	False	rare_state	False	0.3334913301971329	0.4872241802008376	-1.0373423610885495	False	fast_passing	0.41047952950128275	0.0	1.1525006076621669	0.0	0.0	500
metastatic::AKT1+ESR1	metastatic	AKT1+ESR1	2	6	0.0005472455308281649	0.000544651710681511	2	0.000544651710681511	0.0	metastatic::ESR1	0.045344119200466534	0.00031017958227243616	rule_a_one_step	True	True	True	stable	True	1.0047623446158755	1.467937740278773	0.5537907803774182	False	relative_bottleneck	1.3033832428063903	0.3965937971140943	2.695954618981095	0.0	0.002	500
primary::AKT1+ESR1	primary	AKT1+ESR1	2	2	0.00018241517694272163	0.0005388414325648083	2	0.0005388414325648083	0.0	primary::AKT1	0.061208390854216595	0.0004354482384739962	rule_a_one_step	False	True	False	rare_state	False	0.3385322018314725	0.494588793092234	-1.0156985448753095	False	fast_passing	0.41730416347729776	0.0	1.1349704775418994	0.0	0.0	500
primary::ATM+BRCA2+TP53	primary	ATM+BRCA2+TP53	3	4	0.00036483035388544326	0.0005381910124916117	3	0.0005381910124916117	0.0	primary::BRCA2+TP53	0.08084101997674562	0.00036129240960055956	rule_a_one_step	False	True	False	rare_state	False	0.6778826564169852	0.9903730371338186	-0.013956057115109716	False	fast_passing	0.8709958670317698	0.2161410749611232	1.8716147768813352	0.0	0.0	500
metastatic::NF1+PIK3CA+RB1+TP53	metastatic	NF1+PIK3CA+RB1+TP53	4	1	9.120758847136082e-05	0.0005360858386348952	4	0.0005360858386348952	0.0	metastatic::NF1+PIK3CA+TP53	0.11398126278259016	0.00031187868327961553	rule_a_one_step	False	True	False	rare_state	False	0.17013616426331712	0.24856554173899897	-2.00830178324317	False	fast_passing	0.20692619505607368	0.0	0.8092558940592509	0.0	0.0	500
primary::CBFB+PIK3CA+RUNX1	primary	CBFB+PIK3CA+RUNX1	3	1	9.120758847136082e-05	0.0005340121679516753	2	0.0005340121679516753	0.0	primary::CBFB+PIK3CA	0.06105581011756484	0.0002673001537434433	rule_a_one_step	False	True	False	rare_state	False	0.1707968353051043	0.24953076895053372	-2.002710373611726	False	fast_passing	0.22122170797004803	0.0	0.841124628711069	0.0	0.0	500
primary::CBFB+ESR1+GATA3	primary	CBFB+ESR1+GATA3	3	2	0.00018241517694272163	0.0005339145082696247	3	0.0005339145082696247	0.0	primary::CBFB+GATA3	0.13825406852740973	0.00045395352672261496	rule_a_one_step	False	True	False	rare_state	False	0.3416561523908741	0.499152822536096	-1.0024465106663474	False	fast_passing	0.44688919332041943	0.0	1.3028548726146216	0.0	0.0	500
metastatic::ATM+MAP3K1+PIK3CA	metastatic	ATM+MAP3K1+PIK3CA	3	5	0.0004560379423568041	0.0005303854007134453	3	0.0005303854007134453	0.0	metastatic::MAP3K1+PIK3CA	0.06346201298711433	0.0002604697723841796	rule_a_one_step	True	True	True	stable	True	0.8598237072203406	1.2561852825980213	0.3290492720090176	False	relative_bottleneck	1.0997691772931826	0.22653404601332602	2.5060803730983503	0.0	0.002	500
metastatic::BRCA2+RB1+TP53	metastatic	BRCA2+RB1+TP53	3	4	0.00036483035388544326	0.0005255600059838917	3	0.0005255600059838917	0.0	metastatic::RB1+TP53	0.087156010916584	0.0002941237143299533	rule_a_one_step	False	True	False	rare_state	False	0.694174497749836	1.014175092295697	0.02030674798224313	False	relative_bottleneck	0.8773298688524626	0.190124209184817	1.968866243313613	0.0	0.0	500
metastatic::ESR1+MAP3K1	metastatic	ESR1+MAP3K1	2	12	0.0010944910616563297	0.0005249561706618532	2	0.0005249561706618532	0.0	metastatic::ESR1	0.06359706677827548	0.0004350401321023952	rule_a_one_step	True	True	True	stable	True	2.0849189336921223	3.0460249675842457	1.606927767321708	True	relative_bottleneck	2.7209834868684064	1.30841104171262	4.528296584602693	0.102	0.258	500
primary::AKT1+ATM+TP53	primary	AKT1+ATM+TP53	3	2	0.00018241517694272163	0.0005235575891939512	3	0.0005235575891939512	0.0	primary::AKT1+TP53	0.07395648762053353	0.00038448739459781203	rule_a_one_step	False	True	False	rare_state	False	0.34841473098526976	0.509026971027545	-0.9741859947026767	False	fast_passing	0.44471441487222185	0.0	1.2116226791913103	0.0	0.0	500
metastatic::ATM+ESR1+GATA3	metastatic	ATM+ESR1+GATA3	3	1	9.120758847136082e-05	0.0005192167498975883	3	0.0005192167498975883	0.0	metastatic::ESR1+GATA3	0.05424394816758805	0.00025726790447962226	rule_a_one_step	False	True	False	rare_state	False	0.1756638018971596	0.2566413100445924	-1.9621746836193097	False	fast_passing	0.21132347974908755	0.0	0.8798605582261916	0.0	0.0	500
primary::CBFB+PIK3CA+PTEN	primary	CBFB+PIK3CA+PTEN	3	1	9.120758847136082e-05	0.0005158295256292968	3	0.0005158295256292968	0.0	primary::PIK3CA+PTEN	0.08013072826670257	0.00029964974999405376	rule_a_one_step	False	True	False	rare_state	False	0.17681730836030168	0.2583265599745637	-1.9527321123928025	False	fast_passing	0.22398130478295042	0.0	0.7886662719996541	0.0	0.0	500
metastatic::MAP3K1+PIK3CA+PTEN	metastatic	MAP3K1+PIK3CA+PTEN	3	6	0.0005472455308281649	0.0005156681934301577	3	0.0005156681934301577	0.0	metastatic::PIK3CA+PTEN	0.28624305315742393	0.0002610753859516818	rule_a_one_step	True	True	True	stable	True	1.061235765050241	1.5504442808776133	0.63268168000022	False	relative_bottleneck	1.3630907303227802	0.4084653104188187	2.995737937368303	0.008	0.01	500
primary::ATM+RB1+TP53	primary	ATM+RB1+TP53	3	5	0.0004560379423568041	0.0005130746321572863	2	0.0005130746321572863	0.0	primary::RB1+TP53	0.051394523667923485	0.00036563050402207514	rule_a_one_step	True	True	True	stable	True	0.8888335397727658	1.298568069205289	0.3769216401472598	False	relative_bottleneck	1.1335302884310865	0.269781783198466	2.263084563503775	0.0	0.0	500
primary::MAP3K1+PIK3CA+RB1+TP53	primary	MAP3K1+PIK3CA+RB1+TP53	4	2	0.00018241517694272163	0.0005119431252133087	4	0.0005119431252133087	0.0	primary::MAP3K1+PIK3CA+TP53	0.08586025433172478	0.00025059541578029853	rule_a_one_step	False	True	False	rare_state	False	0.3563192229808661	0.5205752761369521	-0.9418212999367652	False	fast_passing	0.43574804620996577	0.0	1.498445892455241	0.0	0.0	500
primary::ATM+MAP2K4+PIK3CA	primary	ATM+MAP2K4+PIK3CA	3	1	9.120758847136082e-05	0.0005077448830936859	3	0.0005077448830936859	0.0	primary::MAP2K4+PIK3CA	0.05756174887456696	0.0002677534834552094	rule_a_one_step	False	True	False	rare_state	False	0.1796327079378938	0.2624398025896543	-1.9299415538795492	False	fast_passing	0.23749746008026607	0.0	0.9930517701907354	0.0	0.0	500
metastatic::AKT1+GATA3+TP53	metastatic	AKT1+GATA3+TP53	3	7	0.0006384531192995258	0.0005038122208417691	3	0.0005038122208417691	0.0	metastatic::GATA3+TP53	0.08224904472554236	0.00028506600689261305	rule_a_one_step	True	True	True	stable	True	1.2672442065132015	1.8514185039463544	0.8886310461122414	False	relative_bottleneck	1.6000377062582278	0.5056250818934342	3.1086976500059214	0.0	0.02	500
primary::GATA3+NF1+TP53	primary	GATA3+NF1+TP53	3	2	0.00018241517694272163	0.0005032445797408004	3	0.0005032445797408004	0.0	primary::NF1+TP53	0.05616702235140509	0.00030224866095703213	rule_a_one_step	False	True	False	rare_state	False	0.3624781744777016	0.5295733814015434	-0.9170974868757459	False	fast_passing	0.47077555725196213	0.0	1.431524840005241	0.0	0.0	500
primary::ATM+PTEN+TP53	primary	ATM+PTEN+TP53	3	4	0.00036483035388544326	0.0005026752948863257	3	0.0005026752948863257	0.0	primary::PTEN+TP53	0.04089467631363096	0.00031704190867006855	rule_a_one_step	False	True	False	rare_state	False	0.7257773693496676	1.06034625721959	0.08453545535587757	False	relative_bottleneck	0.9062998675538969	0.2136927814253616	2.1091954573236724	0.0	0.0	500
metastatic::MAP3K1+PIK3CA+RB1+TP53	metastatic	MAP3K1+PIK3CA+RB1+TP53	4	2	0.00018241517694272163	0.0005006636104027493	3	0.0005006636104027493	0.0	metastatic::PIK3CA+RB1+TP53	0.23420045746271198	0.0002349694483846983	rule_a_one_step	False	True	False	rare_state	False	0.364346784523913	0.5323033833999229	-0.9096793586093529	False	fast_passing	0.4723877649956022	0.0	1.3836742413343752	0.0	0.0	500
primary::BRCA2+GATA3+PIK3CA	primary	BRCA2+GATA3+PIK3CA	3	1	9.120758847136082e-05	0.0005004389032941712	3	0.0005004389032941712	0.0	primary::BRCA2+GATA3	0.37363980705701044	0.00020447271455144677	rule_a_one_step	False	True	False	rare_state	False	0.18225519177011584	0.2662711991494661	-1.9090317049843553	False	fast_passing	0.23258709300649597	0.0	0.8560630224472144	0.0	0.0	500
primary::BRCA1+RUNX1+TP53	primary	BRCA1+RUNX1+TP53	3	1	9.120758847136082e-05	0.0004997607276304827	2	0.0004997607276304827	0.0	primary::BRCA1+TP53	0.05782242752328536	0.0003849906246989996	rule_a_one_step	False	True	False	rare_state	False	0.18250251219478802	0.2666325293558214	-1.9070752939148365	False	fast_passing	0.23165154307483588	0.0	0.7838414376959486	0.0	0.0	500
metastatic::MAP2K4+NF1+PIK3CA+TP53	metastatic	MAP2K4+NF1+PIK3CA+TP53	4	2	0.00018241517694272163	0.0004984814186778019	2	0.0004984814186778019	0.0	metastatic::NF1+PIK3CA+TP53	0.1084968728860272	0.0002968721439785494	rule_a_one_step	False	True	False	rare_state	False	0.3659417778512735	0.5346336368307683	-0.9033774863330591	False	fast_passing	0.45208803778107776	0.0	1.3538637050994429	0.0	0.0	500
primary::MAP2K4+PTEN+TP53	primary	MAP2K4+PTEN+TP53	3	5	0.0004560379423568041	0.0004964230852676047	3	0.0004964230852676047	0.0	primary::PTEN+TP53	0.03476872630040614	0.0002695495928068699	rule_a_one_step	True	True	True	stable	True	0.9186477320899006	1.3421260093816632	0.4245201294931471	False	relative_bottleneck	1.1420513996941999	0.2617652910664589	2.469262641955265	0.0	0.0	500
primary::AKT1+MAP2K4+TP53	primary	AKT1+MAP2K4+TP53	3	2	0.00018241517694272163	0.000495409852364439	3	0.000495409852364439	0.0	primary::AKT1+TP53	0.05641631934225527	0.00029329899694532566	rule_a_one_step	False	True	False	rare_state	False	0.36821063550492467	0.5379483925985993	-0.8944603185985349	False	fast_passing	0.48424091564786653	0.0	1.3031384282358462	0.0	0.0	500
primary::MAP3K1+RB1+TP53	primary	MAP3K1+RB1+TP53	3	2	0.00018241517694272163	0.00048705992986573186	2	0.00048705992986573186	0.0	primary::RB1+TP53	0.05365882999122689	0.0003817392137281738	rule_a_one_step	False	True	False	rare_state	False	0.3745230625284348	0.5471707225457955	-0.8699370568565271	False	fast_passing	0.46761860149742307	0.0	1.2829208344597605	0.0	0.0	500
metastatic::GATA3+PTEN+TP53	metastatic	GATA3+PTEN+TP53	3	2	0.00018241517694272163	0.00048623508247806714	3	0.00048623508247806714	0.0	metastatic::PTEN+TP53	0.05384821564755407	0.0003339728807035459	rule_a_one_step	False	True	False	rare_state	False	0.3751584020591347	0.5480989409250003	-0.8674917478740871	False	fast_passing	0.4550917904509556	0.0	1.3552445651440395	0.0	0.0	500
metastatic::CBFB+TP53	metastatic	CBFB+TP53	2	2	0.00018241517694272163	0.00046938721927727416	2	0.00046938721927727416	0.0	metastatic::TP53	0.00572154784078689	0.00037103434100688426	rule_a_one_step	False	True	False	rare_state	False	0.38862408063637993	0.5677720286834379	-0.8166163185156139	False	fast_passing	0.4742255101754689	0.0	1.2989853200193011	0.0	0.0	500
primary::ATM+NF1+PIK3CA+TP53	primary	ATM+NF1+PIK3CA+TP53	4	2	0.00018241517694272163	0.0004681627467686247	4	0.0004681627467686247	0.0	primary::NF1+PIK3CA+TP53	0.0741093715250908	0.00020953944885788168	rule_a_one_step	False	True	False	rare_state	False	0.3896405209772795	0.5692570277433089	-0.812847897672877	False	fast_passing	0.461449637493489	0.0	1.4086232992534409	0.0	0.0	500
primary::AKT1+GATA3+MAP3K1	primary	AKT1+GATA3+MAP3K1	3	4	0.00036483035388544326	0.0004651746235441868	3	0.0004651746235441868	0.0	primary::AKT1+GATA3	0.07581742532950035	0.0001867083622671023	rule_a_one_step	False	True	False	rare_state	False	0.7842868777352839	1.1458274816948553	0.1963898451077624	False	relative_bottleneck	1.022572086156074	0.23681147283860815	2.327033620952073	0.0	0.0	500
metastatic::NF1+PIK3CA+RUNX1+TP53	metastatic	NF1+PIK3CA+RUNX1+TP53	4	1	9.120758847136082e-05	0.0004636191684869904	2	0.0004636191684869904	0.0	metastatic::NF1+PIK3CA+TP53	0.11831169343039842	0.00032372772737248744	rule_a_one_step	False	True	False	rare_state	False	0.19672954544197335	0.2874179410978671	-1.7987779748977568	False	fast_passing	0.24155572939270464	0.0	0.9477920598279711	0.0	0.0	500
metastatic::AKT1+MAP3K1+TP53	metastatic	AKT1+MAP3K1+TP53	3	2	0.00018241517694272163	0.00046251567130176915	3	0.00046251567130176915	0.0	metastatic::AKT1+TP53	0.09381057495882632	0.0003251369799740423	rule_a_one_step	False	True	False	rare_state	False	0.3943978288020142	0.576207359566026	-0.795340007555837	False	fast_passing	0.4636319470317726	0.0	1.3654735001844898	0.0	0.0	500
metastatic::AKT1+MAP3K1	metastatic	AKT1+MAP3K1	2	5	0.0004560379423568041	0.00046189665053710286	2	0.00046189665053710286	0.0	metastatic::AKT1	0.10039215232365976	0.00038457409682540224	rule_a_one_step	True	True	True	stable	True	0.9873159739071454	1.4424489407318215	0.5285202517950393	False	relative_bottleneck	1.2983298019591902	0.30019279885753763	2.933515913514934	0.01	0.016	500
primary::AKT1+MAP2K4	primary	AKT1+MAP2K4	2	8	0.0007296607077708865	0.00045878525178384634	2	0.00045878525178384634	0.0	primary::AKT1	0.043883047480494514	0.0003121924209666702	rule_a_one_step	True	True	True	stable	True	1.590418836140449	2.323570190434781	1.216343226455127	False	relative_bottleneck	2.056732127986112	0.6736514682212322	3.7420258497475385	0.03	0.078	500
primary::ATM+GATA3+TP53	primary	ATM+GATA3+TP53	3	1	9.120758847136082e-05	0.0004586303784848994	3	0.0004586303784848994	0.0	primary::GATA3+TP53	0.06161358948753318	0.0002697420918826699	rule_a_one_step	False	True	False	rare_state	False	0.19886948739374527	0.290544353597146	-1.7831696771087098	False	fast_passing	0.2610635411318256	0.0	0.9302144636613358	0.0	0.0	500
metastatic::CBFB+GATA3+MAP3K1+PIK3CA	metastatic	CBFB+GATA3+MAP3K1+PIK3CA	4	2	0.00018241517694272163	0.0004556670478009776	4	0.0004556670478009776	0.0	metastatic::CBFB+GATA3+PIK3CA	0.32047520950251057	0.0002046083971650469	rule_a_one_step	False	True	False	rare_state	False	0.4003255829507992	0.5848676901175478	-0.773817802500009	False	fast_passing	0.4842207057062885	0.0	1.8093284015289186	0.0	0.0	500
metastatic::CBFB+ESR1+GATA3	metastatic	CBFB+ESR1+GATA3	3	3	0.00027362276541408243	0.0004543741642722236	3	0.0004543741642722236	0.0	metastatic::ESR1+GATA3	0.07296017803970643	0.00034603513845902356	rule_a_one_step	False	True	False	rare_state	False	0.6021970136663695	0.8797978230185245	-0.18475606345549336	False	fast_passing	0.7521051822095056	0.0	1.8687197726942066	0.002	0.002	500
metastatic::BRCA1+BRCA2+TP53	metastatic	BRCA1+BRCA2+TP53	3	3	0.00027362276541408243	0.00045403461396406483	2	0.00045403461396406483	0.0	metastatic::BRCA1+TP53	0.11427139577362723	0.0003022501347533008	rule_a_one_step	False	True	False	rare_state	False	0.6026473673945293	0.8804557808307212	-0.18367754554773033	False	fast_passing	0.7182003784420465	0.0	1.9272919459257571	0.0	0.0	500
primary::AKT1+NF1	primary	AKT1+NF1	2	2	0.00018241517694272163	0.00045053132563047896	2	0.00045053132563047896	0.0	primary::AKT1	0.05410168045554247	0.0003848897369146582	rule_a_one_step	False	True	False	rare_state	False	0.4048889969694308	0.5915347469577676	-0.7574651794223438	False	fast_passing	0.5209118603042404	0.0	1.44979867341682	0.0	0.0	500
metastatic::RUNX1	metastatic	RUNX1	1	5	0.0004560379423568041	0.0004487172824535068	1	0.0004487172824535068	0.0	metastatic::WT	0.00825459108191317	0.0004487172824535068	rule_a_one_step	True	True	True	stable	True	1.0163146354581098	1.4848154067288186	0.5702835853356292	False	relative_bottleneck	1.2938534633444454	0.26308038104148807	2.560942405445708	0.002	0.002	500
metastatic::ESR1+GATA3+MAP2K4+PIK3CA	metastatic	ESR1+GATA3+MAP2K4+PIK3CA	4	1	9.120758847136082e-05	0.0004454592678380788	4	0.0004454592678380788	0.0	metastatic::ESR1+GATA3+MAP2K4	0.5646391725750183	0.0002059975091481278	rule_a_one_step	False	True	False	rare_state	False	0.20474955815660467	0.29913501967312334	-1.7411312785414588	False	fast_passing	0.24336126601592883	0.0	1.2356924734131742	0.0	0.0	500
primary::PTEN+RUNX1+TP53	primary	PTEN+RUNX1+TP53	3	2	0.00018241517694272163	0.0004439687613202045	3	0.0004439687613202045	0.0	primary::PTEN+TP53	0.027342204274139647	0.000211974403803527	rule_a_one_step	False	True	False	rare_state	False	0.41087390020282094	0.6002785711817622	-0.7362959275082682	False	fast_passing	0.5011347763107408	0.0	1.4606225474291035	0.0	0.0	500
metastatic::ESR1+GATA3+TP53	metastatic	ESR1+GATA3+TP53	3	6	0.0005472455308281649	0.0004396861358785717	3	0.0004396861358785717	0.0	metastatic::ESR1+TP53	0.0713863109405456	0.0001823072515811088	rule_a_one_step	True	True	True	stable	True	1.2446276671654488	1.8183761911636651	0.8626506995219281	False	relative_bottleneck	1.5945744291566146	0.5016728366928356	3.1363418184434746	0.01	0.02	500
unknown::BRCA1	unknown	BRCA1	1	1	9.120758847136082e-05	0.0004373182252552659	1	0.0004373182252552659	0.0	unknown::WT	0.011957000054111558	0.0004373182252552659	rule_a_one_step	False	True	False	rare_state	False	0.20856114151099267	0.30470366691205186	-1.7145212328544301	False	fast_passing	0.27188348830142806	0.0	0.885102923885269	0.0	0.0	500
metastatic::BRCA1+PTEN+TP53	metastatic	BRCA1+PTEN+TP53	3	2	0.00018241517694272163	0.00043163424250471577	2	0.00043163424250471577	0.0	metastatic::PTEN+TP53	0.041544983137772884	0.00025766680530541375	rule_a_one_step	False	True	False	rare_state	False	0.42261516477834477	0.6174323244860809	-0.6956470804231162	False	fast_passing	0.5414884893865759	0.0	1.355627494157047	0.0	0.0	500
primary::RB1+RUNX1+TP53	primary	RB1+RUNX1+TP53	3	3	0.00027362276541408243	0.0004279291445948873	2	0.0004279291445948873	0.0	primary::RB1+TP53	0.03812540533036308	0.0002712314498146954	rule_a_one_step	False	True	False	rare_state	False	0.6394113797360185	0.93416726941241	-0.09824719683084915	False	fast_passing	0.7737668915095568	0.0	1.9551979035263327	0.0	0.002	500
metastatic::AKT1+BRCA2+TP53	metastatic	AKT1+BRCA2+TP53	3	2	0.00018241517694272163	0.000427662708720775	2	0.000427662708720775	0.0	metastatic::AKT1+TP53	0.08898637392522403	0.0003084168377561577	rule_a_one_step	False	True	False	rare_state	False	0.4265398240165064	0.6231661733353168	-0.6823111716384316	False	fast_passing	0.5389057393924055	0.0	1.494420177203877	0.0	0.0	500
primary::PIK3CA+PTEN+RUNX1+TP53	primary	PIK3CA+PTEN+RUNX1+TP53	4	1	9.120758847136082e-05	0.0004263698034940677	3	0.0004263698034940677	0.0	primary::PIK3CA+PTEN+TP53	0.10133092945468127	0.00028650664110681495	rule_a_one_step	False	True	False	rare_state	False	0.2139166224015046	0.3125279176502	-1.6779430255717844	False	fast_passing	0.2823032615132987	0.0	1.0972667356796184	0.0	0.0	500
metastatic::PIK3CA+PTEN+RB1+TP53	metastatic	PIK3CA+PTEN+RB1+TP53	4	1	9.120758847136082e-05	0.00042278229594275307	3	0.00042278229594275307	0.0	metastatic::PIK3CA+PTEN+TP53	0.13632719896900858	0.0002486815012203732	rule_a_one_step	False	True	False	rare_state	False	0.21573180601672828	0.3151798646987741	-1.6657527238846597	False	fast_passing	0.26423715187492025	0.0	1.0688804291721148	0.0	0.0	500
metastatic::MAP3K1+PTEN+TP53	metastatic	MAP3K1+PTEN+TP53	3	2	0.00018241517694272163	0.0004196611455508336	3	0.0004196611455508336	0.0	metastatic::PTEN+TP53	0.04542595326611795	0.00028173703229624413	rule_a_one_step	False	True	False	rare_state	False	0.43467254102977976	0.6350479106424163	-0.6550626560123416	False	fast_passing	0.5408297425374533	0.0	1.5086872339160442	0.0	0.0	500
primary::MAP2K4+RB1+TP53	primary	MAP2K4+RB1+TP53	3	1	9.120758847136082e-05	0.0004170999138909639	3	0.0004170999138909639	0.0	primary::RB1+TP53	0.035205098260741065	0.0002504558249122403	rule_a_one_step	False	True	False	rare_state	False	0.21867083932444298	0.3194737337270568	-1.6462307733534516	False	fast_passing	0.2782093611853193	0.0	0.9655855768264581	0.0	0.0	500
metastatic::CBFB+ESR1+PIK3CA	metastatic	CBFB+ESR1+PIK3CA	3	3	0.00027362276541408243	0.0004105479741827179	3	0.0004105479741827179	0.0	metastatic::ESR1+PIK3CA	0.05883294572117443	0.0003165946550117924	rule_a_one_step	False	True	False	rare_state	False	0.6664818290537282	0.9737166558048328	-0.038426074874718344	False	fast_passing	0.8463841007493591	0.0	2.0849873580760097	0.0	0.0	500
metastatic::ESR1+PTEN	metastatic	ESR1+PTEN	2	12	0.0010944910616563297	0.00041052150590205035	2	0.00041052150590205035	0.0	metastatic::ESR1	0.04534054983282256	0.0003101551657662981	rule_a_one_step	True	True	True	stable	True	2.6660992012715017	3.8951177438578672	1.9616669395609814	True	relative_bottleneck	3.398882170622659	1.6035934207581193	6.047511017146768	0.366	0.526	500
primary::ATM+NF1+TP53	primary	ATM+NF1+TP53	3	1	9.120758847136082e-05	0.0004101790561727598	3	0.0004101790561727598	0.0	primary::ATM+TP53	0.09458378867892797	0.00021566898184724546	rule_a_one_step	False	True	False	rare_state	False	0.22236042254333302	0.3248641412019493	-1.6220915884166411	False	fast_passing	0.2748297302934874	0.0	1.0612581492247275	0.0	0.0	500
metastatic::GATA3+RB1+TP53	metastatic	GATA3+RB1+TP53	3	4	0.00036483035388544326	0.00040980356646751334	3	0.00040980356646751334	0.0	metastatic::RB1+TP53	0.071781295649537	0.00024223895832112998	rule_a_one_step	False	True	False	rare_state	False	0.8902566567197215	1.3006472146733303	0.3792297009796226	False	relative_bottleneck	1.1599195113544125	0.2457951048603392	2.5101572914211125	0.002	0.004	500
primary::ATM+PIK3CA+PTEN+TP53	primary	ATM+PIK3CA+PTEN+TP53	4	1	9.120758847136082e-05	0.0004078698767145161	4	0.0004078698767145161	0.0	primary::PIK3CA+PTEN+TP53	0.07052026438306458	0.00019939148083500564	rule_a_one_step	False	True	False	rare_state	False	0.22361932923911715	0.3267033787690554	-1.613946719670143	False	fast_passing	0.27891044478503535	0.0	1.1943849099809287	0.0	0.0	500
primary::BRCA2+MAP3K1+TP53	primary	BRCA2+MAP3K1+TP53	3	1	9.120758847136082e-05	0.0004075107285156817	3	0.0004075107285156817	0.0	primary::BRCA2+TP53	0.050157225045788144	0.00022416125750124218	rule_a_one_step	False	True	False	rare_state	False	0.22381640988878798	0.32699130966642703	-1.6126758006555957	False	fast_passing	0.2846843720538311	0.0	0.9475279981166171	0.0	0.0	500
metastatic::ESR1+MAP3K1+PIK3CA+TP53	metastatic	ESR1+MAP3K1+PIK3CA+TP53	4	2	0.00018241517694272163	0.00040588115289883576	3	0.00040588115289883576	0.0	metastatic::ESR1+PIK3CA+TP53	0.26255062600578166	0.00031130592284523545	rule_a_one_step	False	True	False	rare_state	False	0.44943002450463093	0.6566082995844961	-0.6068951090737595	False	fast_passing	0.584492858192869	0.0	1.8989782118279284	0.0	0.0	500
primary::AKT1+PTEN+TP53	primary	AKT1+PTEN+TP53	3	2	0.00018241517694272163	0.000404025525264563	3	0.000404025525264563	0.0	primary::PTEN+TP53	0.025663819190957525	0.0001989624800466426	rule_a_one_step	False	True	False	rare_state	False	0.45149418807581226	0.6596240013815257	-0.6002842005932999	False	fast_passing	0.5790684749837597	0.0	1.6240349598851216	0.0	0.0	500
metastatic::AKT1+BRCA1+TP53	metastatic	AKT1+BRCA1+TP53	3	2	0.00018241517694272163	0.0004015895052258042	3	0.0004015895052258042	0.0	metastatic::AKT1+TP53	0.07003771991781586	0.00024274291835799002	rule_a_one_step	False	True	False	rare_state	False	0.45423292719245983	0.6636252445925674	-0.591559326803688	False	fast_passing	0.5603728730731616	0.0	1.5798648922475407	0.0	0.0	500
primary::AKT1+BRCA2	primary	AKT1+BRCA2	2	1	9.120758847136082e-05	0.0003990764665444702	2	0.0003990764665444702	0.0	primary::AKT1	0.037647004992398744	0.0002678280180050257	rule_a_one_step	False	True	False	rare_state	False	0.2285466467931921	0.3339020914146113	-1.5825029650561488	False	fast_passing	0.28788687470057983	0.0	1.0818638585153735	0.0	0.0	500
metastatic::BRCA1+RB1+TP53	metastatic	BRCA1+RB1+TP53	3	2	0.00018241517694272163	0.00039802774964010944	2	0.00039802774964010944	0.0	metastatic::RB1+TP53	0.06390242969153177	0.00021565030085613605	rule_a_one_step	False	True	False	rare_state	False	0.4582976354019562	0.669563702194919	-0.5787067750080481	False	fast_passing	0.5745892140478048	0.0	1.5488843092680988	0.0	0.0	500
metastatic::CBFB	metastatic	CBFB	1	4	0.00036483035388544326	0.00039712493493454325	1	0.00039712493493454325	0.0	metastatic::WT	0.007305499641983779	0.00039712493493454325	rule_a_one_step	False	True	False	rare_state	False	0.9186790374341465	1.3421717458650586	0.4245692922938533	False	relative_bottleneck	1.1827565442249646	0.282244299825705	2.622915616191101	0.0	0.004	500
metastatic::ESR1+GATA3+MAP2K4	metastatic	ESR1+GATA3+MAP2K4	3	4	0.00036483035388544326	0.0003967866459205035	3	0.0003967866459205035	0.0	metastatic::ESR1+GATA3	0.03557572532508289	0.0001687283579810571	rule_a_one_step	False	True	False	rare_state	False	0.9194622770623058	1.3433160433360158	0.42579876903413394	False	relative_bottleneck	1.1677515143964527	0.24648046333108622	2.597156916394543	0.002	0.002	500
metastatic::ESR1+PTEN+TP53	metastatic	ESR1+PTEN+TP53	3	2	0.00018241517694272163	0.0003958016743101398	3	0.0003958016743101398	0.0	metastatic::ESR1+PTEN	0.13919170740657055	0.00015234407961317462	rule_a_one_step	False	True	False	rare_state	False	0.4608752017024332	0.6733294751369646	-0.570615474402574	False	fast_passing	0.5585801368306536	0.0	1.6726940027318042	0.0	0.0	500
metastatic::ATM+PTEN+TP53	metastatic	ATM+PTEN+TP53	3	3	0.00027362276541408243	0.00039548930764086494	3	0.00039548930764086494	0.0	metastatic::PTEN+TP53	0.04089467631363096	0.00025363352693605486	rule_a_one_step	False	True	False	rare_state	False	0.6918588175099145	1.0107919296634447	0.015486050716055268	False	relative_bottleneck	0.8448713026766219	0.0	2.0864050239284713	0.0	0.0	500
metastatic::NF1+RB1+TP53	metastatic	NF1+RB1+TP53	3	2	0.00018241517694272163	0.0003954584595999693	2	0.0003954584595999693	0.0	metastatic::RB1+TP53	0.08286974610779635	0.0002796589388898636	rule_a_one_step	False	True	False	rare_state	False	0.4612751909921732	0.6739138515094103	-0.5693639158596754	False	fast_passing	0.5911154737415396	0.0	1.720112847743175	0.0	0.0	500
metastatic::ESR1+GATA3+PIK3CA+TP53	metastatic	ESR1+GATA3+PIK3CA+TP53	4	2	0.00018241517694272163	0.00039119891077056556	4	0.00039119891077056556	0.0	metastatic::ESR1+GATA3+TP53	0.5282516007569988	0.00028908332766709163	rule_a_one_step	False	True	False	rare_state	False	0.4662977617118383	0.6812517271295743	-0.5537401125425634	False	fast_passing	0.6271107959536966	0.0	2.0289730359827227	0.0	0.0	500
primary::BRCA2+PTEN	primary	BRCA2+PTEN	2	6	0.0005472455308281649	0.0003902587077804054	2	0.0003902587077804054	0.0	primary::BRCA2	0.07024604133654282	0.0002370579651087271	rule_a_one_step	True	True	True	stable	True	1.4022634691186209	2.048678952952212	1.0346939183298343	False	relative_bottleneck	1.8171819936830553	0.5604934699340721	3.5791827571387302	0.018	0.036	500
metastatic::ATM+MAP3K1+PIK3CA+TP53	metastatic	ATM+MAP3K1+PIK3CA+TP53	4	3	0.00027362276541408243	0.000389084720809222	4	0.000389084720809222	0.0	metastatic::MAP3K1+PIK3CA+TP53	0.0966868813099306	0.0002028272774651955	rule_a_one_step	False	True	False	rare_state	False	0.7032472622974041	1.027430220296269	0.03904041410056702	False	relative_bottleneck	0.9198544443751686	0.0	2.330599841405952	0.0	0.0	500
metastatic::AKT1+RUNX1+TP53	metastatic	AKT1+RUNX1+TP53	3	2	0.00018241517694272163	0.00038868382946040343	3	0.00038868382946040343	0.0	metastatic::AKT1+TP53	0.07564959597863942	0.00026219305428568936	rule_a_one_step	False	True	False	rare_state	False	0.4693150644487767	0.6856599462324623	-0.5444348472345087	False	fast_passing	0.5755560487441616	0.0	1.4815918382235276	0.0	0.0	500
metastatic::ESR1+GATA3+PTEN	metastatic	ESR1+GATA3+PTEN	3	2	0.00018241517694272163	0.0003871694691925915	3	0.0003871694691925915	0.0	metastatic::ESR1+PTEN	0.17277664698459244	0.0001891024957875875	rule_a_one_step	False	True	False	rare_state	False	0.4711507259391656	0.6883418110481153	-0.5388029505315117	False	fast_passing	0.5891243353503286	0.0	1.8827153373940297	0.0	0.0	500
metastatic::BRCA2+MAP3K1+PIK3CA+TP53	metastatic	BRCA2+MAP3K1+PIK3CA+TP53	4	4	0.00036483035388544326	0.00038660766707185643	3	0.00038660766707185643	0.0	metastatic::BRCA2+PIK3CA+TP53	0.2318248892672386	0.00021144189097705088	rule_a_one_step	False	True	False	rare_state	False	0.9436707650031257	1.378684161253491	0.46329199189023923	False	relative_bottleneck	1.2084539595841357	0.2299305519555405	3.077366525815153	0.008	0.006	500
primary::GATA3+MAP3K1+PIK3CA+RUNX1	primary	GATA3+MAP3K1+PIK3CA+RUNX1	4	1	9.120758847136082e-05	0.0003849957835358714	3	0.0003849957835358714	0.0	primary::MAP3K1+PIK3CA+RUNX1	0.20933175853380462	0.0001527411590907002	rule_a_one_step	False	True	False	rare_state	False	0.23690542113679347	0.34611409397143217	-1.5306804047891045	False	fast_passing	0.2958815226237719	0.0	1.2693147535149936	0.0	0.0	500
primary::BRCA2+GATA3+TP53	primary	BRCA2+GATA3+TP53	3	4	0.00036483035388544326	0.0003823308757320702	3	0.0003823308757320702	0.0	primary::GATA3+TP53	0.0437957008288103	0.00019173601238443034	rule_a_one_step	False	True	False	rare_state	False	0.9542267603490184	1.3941062598596714	0.479340528731516	False	relative_bottleneck	1.2150227287155477	0.2616293745999228	2.689072515497633	0.0	0.0	500
primary::GATA3+PIK3CA+RB1	primary	GATA3+PIK3CA+RB1	3	1	9.120758847136082e-05	0.0003785534127488449	3	0.0003785534127488449	0.0	primary::GATA3+PIK3CA	0.014460868692687858	0.00015167821047602187	rule_a_one_step	False	True	False	rare_state	False	0.24093717071026977	0.3520043996640896	-1.506334633826222	False	fast_passing	0.31959243781518654	0.0	1.0566492994119445	0.0	0.0	500
metastatic::BRCA1+NF1+TP53	metastatic	BRCA1+NF1+TP53	3	2	0.00018241517694272163	0.00037523205037727524	2	0.00037523205037727524	0.0	metastatic::BRCA1+TP53	0.10967249414974312	0.0002900859476780874	rule_a_one_step	False	True	False	rare_state	False	0.48613964684832633	0.7102403254644993	-0.493620820002922	False	fast_passing	0.6189507868844096	0.0	1.741678393711064	0.0	0.0	500
primary::ATM+BRCA2+PIK3CA+TP53	primary	ATM+BRCA2+PIK3CA+TP53	4	2	0.00018241517694272163	0.0003734228401853765	4	0.0003734228401853765	0.0	primary::BRCA2+PIK3CA+TP53	0.13236673224294215	0.00015694705574226999	rule_a_one_step	False	True	False	rare_state	False	0.48849496287819777	0.7136813951951267	-0.48664793121579863	False	fast_passing	0.626443270066261	0.0	1.731816880047482	0.0	0.0	500
primary::BRCA2+PIK3CA+RB1+TP53	primary	BRCA2+PIK3CA+RB1+TP53	4	1	9.120758847136082e-05	0.00037319123102983473	3	0.00037319123102983473	0.0	primary::BRCA2+RB1+TP53	0.30743615977780253	0.00019628357519560542	rule_a_one_step	False	True	False	rare_state	False	0.2443990657960293	0.3570621593189012	-1.4857528465855183	False	fast_passing	0.30497258557354	0.0	1.1721345613202212	0.0	0.0	500
primary::ATM+BRCA2+PIK3CA	primary	ATM+BRCA2+PIK3CA	3	1	9.120758847136082e-05	0.00037199344916151716	3	0.00037199344916151716	0.0	primary::BRCA2+PIK3CA	0.08596628799863251	0.00016465633418198493	rule_a_one_step	False	True	False	rare_state	False	0.2451860064518853	0.358211863917487	-1.4811149749518715	False	fast_passing	0.3186352407426285	0.0	1.3693476474319195	0.0	0.0	500
metastatic::BRCA2+ESR1	metastatic	BRCA2+ESR1	2	10	0.0009120758847136082	0.0003719726728056363	2	0.0003719726728056363	0.0	metastatic::ESR1	0.03366978036892362	0.00023032046038574163	rule_a_one_step	True	True	True	stable	True	2.4519970119906906	3.582318716699096	1.8408936987270221	True	relative_bottleneck	3.2394007260133115	1.464409578508119	5.592182180519019	0.298	0.44	500
primary::BRCA2+PIK3CA+PTEN	primary	BRCA2+PIK3CA+PTEN	3	1	9.120758847136082e-05	0.00036851716796097413	3	0.00036851716796097413	0.0	primary::BRCA2+PTEN	0.3400609197625672	0.00018609681854938007	rule_a_one_step	False	True	False	rare_state	False	0.2474988851361215	0.3615909335327746	-1.4675695905614954	False	fast_passing	0.303705288886408	0.0	1.1475260174437156	0.0	0.0	500
metastatic::AKT1+ATM+TP53	metastatic	AKT1+ATM+TP53	3	1	9.120758847136082e-05	0.0003675114439038199	3	0.0003675114439038199	0.0	metastatic::AKT1+TP53	0.07395648762053353	0.0002563249297318747	rule_a_one_step	False	True	False	rare_state	False	0.24817618535724903	0.3625804556435702	-1.4636269340249033	False	fast_passing	0.3199515479183355	0.0	1.1355859907254975	0.0	0.0	500
primary::PIK3CA+RB1+RUNX1+TP53	primary	PIK3CA+RB1+RUNX1+TP53	4	1	9.120758847136082e-05	0.0003650476421355351	4	0.0003650476421355351	0.0	primary::PIK3CA+RUNX1+TP53	0.11818645066812417	0.00017247201848686488	rule_a_one_step	False	True	False	rare_state	False	0.24985119117040078	0.3650276057198918	-1.4539225209517546	False	fast_passing	0.29778534959433245	0.0	1.2738994088089493	0.0	0.0	500
metastatic::ATM+BRCA2+TP53	metastatic	ATM+BRCA2+TP53	3	1	9.120758847136082e-05	0.00036064745036557797	3	0.00036064745036557797	0.0	metastatic::BRCA2+TP53	0.08084101997674562	0.00023594606341261032	rule_a_one_step	False	True	False	rare_state	False	0.25289957859401674	0.36948123892987017	-1.4364269840748034	False	fast_passing	0.32329597309487	0.0	1.1970939955506492	0.0	0.0	500
primary::GATA3+NF1+PIK3CA+TP53	primary	GATA3+NF1+PIK3CA+TP53	4	3	0.00027362276541408243	0.00036032605570789756	4	0.00036032605570789756	0.0	primary::NF1+PIK3CA+TP53	0.05420604052766574	0.00015326406935038653	rule_a_one_step	False	True	False	rare_state	False	0.759375460975607	1.1094323987965973	0.14982176226931973	False	relative_bottleneck	0.9335937295994707	0.0	2.7248784647711357	0.004	0.0	500
primary::AKT1+CBFB+PIK3CA	primary	AKT1+CBFB+PIK3CA	3	1	9.120758847136082e-05	0.0003601957440004809	3	0.0003601957440004809	0.0	primary::AKT1+PIK3CA	0.22774923390401508	0.00018695212560526593	rule_a_one_step	False	True	False	rare_state	False	0.2532167293404286	0.3699445898431586	-1.4346188942670697	False	fast_passing	0.3061177026212179	0.0	1.2124003005290722	0.0	0.0	500
metastatic::BRCA1+GATA3	metastatic	BRCA1+GATA3	2	2	0.00018241517694272163	0.0003601047197974091	2	0.0003601047197974091	0.0	metastatic::GATA3	0.019716806026920695	0.00030211815145226895	rule_a_one_step	False	True	False	rare_state	False	0.5065614706155057	0.7400762025689755	-0.43425426818862845	False	fast_passing	0.6545707420597751	0.0	1.8296822512694395	0.0	0.0	500
primary::GATA3+MAP2K4+PIK3CA+TP53	primary	GATA3+MAP2K4+PIK3CA+TP53	4	1	9.120758847136082e-05	0.0003589941543391822	4	0.0003589941543391822	0.0	primary::GATA3+PIK3CA+TP53	0.07382957120602927	0.00014141016009910752	rule_a_one_step	False	True	False	rare_state	False	0.2540642712837114	0.37118283171366745	-1.4297981117234766	False	fast_passing	0.3072459529803967	0.0	1.320306530137457	0.0	0.0	500
metastatic::ATM+GATA3+TP53	metastatic	ATM+GATA3+TP53	3	1	9.120758847136082e-05	0.0003588033054107075	3	0.0003588033054107075	0.0	metastatic::GATA3+TP53	0.06161358948753318	0.00021354582274044697	rule_a_one_step	False	True	False	rare_state	False	0.2541994090961894	0.371380265361672	-1.4290309404144939	False	fast_passing	0.3278672875396506	0.0	1.082390895523736	0.0	0.0	500
primary::BRCA1+NF1+PIK3CA+TP53	primary	BRCA1+NF1+PIK3CA+TP53	4	1	9.120758847136082e-05	0.00035818589777826326	3	0.00035818589777826326	0.0	primary::NF1+PIK3CA+TP53	0.045353527968293894	0.00012823416335435158	rule_a_one_step	False	True	False	rare_state	False	0.254637574461923	0.3720204162195242	-1.4265462972894625	False	fast_passing	0.3190548853845148	0.0	1.0970405489068404	0.0	0.0	500
primary::CBFB+MAP3K1+PIK3CA+TP53	primary	CBFB+MAP3K1+PIK3CA+TP53	4	3	0.00027362276541408243	0.00035653162998177074	3	0.00035653162998177074	0.0	primary::MAP3K1+PIK3CA+TP53	0.07144151140243492	0.0002085122550964901	rule_a_one_step	False	True	False	rare_state	False	0.7674571949215709	1.12123965085948	0.16509466900396919	False	relative_bottleneck	0.9635575066126045	0.0	2.2544420290594083	0.004	0.002	500
metastatic::GATA3+RB1	metastatic	GATA3+RB1	2	1	9.120758847136082e-05	0.0003545703115206472	2	0.0003545703115206472	0.0	metastatic::GATA3	0.01561466481936316	0.0002392615550577354	rule_a_one_step	False	True	False	rare_state	False	0.2572341373505422	0.37581394279786007	-1.4119095027643473	False	fast_passing	0.323032018912458	0.0	1.2337580713796774	0.0	0.0	500
primary::CBFB+GATA3+MAP3K1	primary	CBFB+GATA3+MAP3K1	3	1	9.120758847136082e-05	0.0003507927151329543	3	0.0003507927151329543	0.0	primary::CBFB+GATA3	0.054093189240818136	0.00017761353636167938	rule_a_one_step	False	True	False	rare_state	False	0.2600042255061879	0.3798609863294587	-1.3964565474521766	False	fast_passing	0.3239237571866273	0.0	1.1358431246792366	0.0	0.0	500
primary::AKT1+ATM+GATA3	primary	AKT1+ATM+GATA3	3	1	9.120758847136082e-05	0.00035065911348156406	3	0.00035065911348156406	0.0	primary::AKT1+GATA3	0.06333249823938959	0.0001559629197795986	rule_a_one_step	False	True	False	rare_state	False	0.26010328750817646	0.3800057139380577	-1.3959069831518676	False	fast_passing	0.31789745439677797	0.0	1.4090151025345174	0.0	0.0	500
primary::AKT1+ATM	primary	AKT1+ATM	2	3	0.00027362276541408243	0.0003503390823714826	2	0.0003503390823714826	0.0	primary::AKT1	0.03650373698290581	0.00025969458999148604	rule_a_one_step	False	True	False	rare_state	False	0.7810226674708346	1.1410585356201273	0.1903728029173423	False	relative_bottleneck	0.9850323055580512	0.0	2.435185053468704	0.002	0.002	500
primary::NF1+PIK3CA+PTEN	primary	NF1+PIK3CA+PTEN	3	1	9.120758847136082e-05	0.0003488598344829095	3	0.0003488598344829095	0.0	primary::PIK3CA+PTEN	0.06460506542428501	0.0002415913610357247	rule_a_one_step	False	True	False	rare_state	False	0.26144479585936464	0.38196563087579005	-1.3884852639451153	False	fast_passing	0.3281559696345402	0.0	1.2270394916957648	0.0	0.0	500
metastatic::CBFB+GATA3+PIK3CA+TP53	metastatic	CBFB+GATA3+PIK3CA+TP53	4	2	0.00018241517694272163	0.0003457382862031199	4	0.0003457382862031199	0.0	metastatic::GATA3+PIK3CA+TP53	0.34846161435292833	0.0002860410916797113	rule_a_one_step	False	True	False	rare_state	False	0.5276105762494087	0.7708285259663391	-0.37551813260937333	False	fast_passing	0.6513643669354041	0.0	2.226918178606374	0.0	0.0	500
primary::BRCA2+MAP3K1	primary	BRCA2+MAP3K1	2	2	0.00018241517694272163	0.0003449115859890301	2	0.0003449115859890301	0.0	primary::BRCA2	0.06080676078067912	0.00020520340650174456	rule_a_one_step	False	True	False	rare_state	False	0.5288751779409584	0.7726760838086426	-0.37206435113962355	False	fast_passing	0.6912047079094026	0.0	1.8034127812152805	0.0	0.0	500
metastatic::GATA3+NF1	metastatic	GATA3+NF1	2	2	0.00018241517694272163	0.0003446927835968449	2	0.0003446927835968449	0.0	metastatic::GATA3	0.016622336139013014	0.00025470197659195425	rule_a_one_step	False	True	False	rare_state	False	0.5292108947278247	0.7731665593366387	-0.37114885480653914	False	fast_passing	0.667221319155474	0.0	1.8372754102542734	0.0	0.0	500
primary::ESR1+MAP3K1+PIK3CA+TP53	primary	ESR1+MAP3K1+PIK3CA+TP53	4	1	9.120758847136082e-05	0.0003446576312006583	4	0.0003446576312006583	0.0	primary::ESR1+PIK3CA+TP53	0.26255062600578166	0.00011973304724816748	rule_a_one_step	False	True	False	rare_state	False	0.2646324350602517	0.38662270815426136	-1.371001718643386	False	fast_passing	0.30956501065207825	0.0	1.3122784200589754	0.0	0.0	500
primary::MAP2K4+PTEN	primary	MAP2K4+PTEN	2	4	0.00036483035388544326	0.00034312583297990294	2	0.00034312583297990294	0.0	primary::MAP2K4	0.06142984813919625	0.00019610039081283006	rule_a_one_step	False	True	False	rare_state	False	1.0632552776740547	1.5533947485313337	0.6354244938472728	False	relative_bottleneck	1.3525824414265122	0.29132397630223783	3.0338138875275504	0.008	0.008	500
unknown::GATA3+PIK3CA	unknown	GATA3+PIK3CA	2	1	9.120758847136082e-05	0.0003422194533755805	2	0.0003422194533755805	0.0	unknown::GATA3	0.3705118826851168	0.0002027609719181595	rule_a_one_step	False	True	False	rare_state	False	0.2665178361580283	0.38937724154399284	-1.3607595315048953	False	fast_passing	0.3194544207076845	0.0	1.4037246321820052	0.0	0.0	500
primary::AKT1+CBFB	primary	AKT1+CBFB	2	6	0.0005472455308281649	0.0003336487937083292	2	0.0003336487937083292	0.0	primary::AKT1	0.042852982066804435	0.0003048643379433369	rule_a_one_step	True	True	True	stable	True	1.6401843480554419	2.396276610510903	1.2607944530260082	False	relative_bottleneck	2.130169283565058	0.6622571916346416	4.529175351970707	0.076	0.104	500
metastatic::ATM+BRCA1+TP53	metastatic	ATM+BRCA1+TP53	3	2	0.00018241517694272163	0.0003306237855091565	3	0.0003306237855091565	0.0	metastatic::BRCA1+TP53	0.081721433427829	0.000216154831211879	rule_a_one_step	False	True	False	rare_state	False	0.5517303484686505	0.8060670319844848	-0.31102827760998364	False	fast_passing	0.7269490054401477	0.0	2.033167493337232	0.0	0.0	500
primary::GATA3+MAP3K1+TP53	primary	GATA3+MAP3K1+TP53	3	3	0.00027362276541408243	0.0003304633290002385	3	0.0003304633290002385	0.0	primary::MAP3K1+TP53	0.04708490946838955	0.00016319103974815787	rule_a_one_step	False	True	False	rare_state	False	0.827997361806785	1.2096876268906238	0.27463455384961566	False	relative_bottleneck	1.029784668245754	0.0	2.4922383738803213	0.0	0.0	500
primary::AKT1+PTEN	primary	AKT1+PTEN	2	1	9.120758847136082e-05	0.00032790635703200963	2	0.00032790635703200963	0.0	primary::AKT1	0.029612664660782044	0.00021067017908983944	rule_a_one_step	False	True	False	rare_state	False	0.278151326551763	0.40637353891883365	-1.2991216310485503	False	fast_passing	0.3554993646195388	0.0	1.288559598821265	0.0	0.0	500
metastatic::BRCA2+NF1+PIK3CA+TP53	metastatic	BRCA2+NF1+PIK3CA+TP53	4	3	0.00027362276541408243	0.0003262162592798901	3	0.0003262162592798901	0.0	metastatic::NF1+PIK3CA+TP53	0.061789536272571104	0.0001690702378855466	rule_a_one_step	False	True	False	rare_state	False	0.8387772123293824	1.2254367734440152	0.2932960501028367	False	relative_bottleneck	1.0279338520031946	0.0	2.5980111894428637	0.0	0.0	500
metastatic::PTEN+RUNX1+TP53	metastatic	PTEN+RUNX1+TP53	3	1	9.120758847136082e-05	0.00032246520668914694	3	0.00032246520668914694	0.0	metastatic::PTEN+TP53	0.027342204274139647	0.0001695795230428216	rule_a_one_step	False	True	False	rare_state	False	0.28284474199549603	0.4132305252475728	-1.2749812651841637	False	fast_passing	0.35634942614577403	0.0	1.3437877093865407	0.0	0.0	500
metastatic::ESR1+RB1+TP53	metastatic	ESR1+RB1+TP53	3	2	0.00018241517694272163	0.00031879905064088616	3	0.00031879905064088616	0.0	metastatic::ESR1+TP53	0.07021372689587728	0.00017931269181727143	rule_a_one_step	False	True	False	rare_state	False	0.572194854419469	0.8359652669077399	-0.2584850931325512	False	fast_passing	0.7251840495511888	0.0	2.0469716195944225	0.0	0.0	500
primary::ESR1+GATA3+TP53	primary	ESR1+GATA3+TP53	3	2	0.00018241517694272163	0.00031856407912092674	3	0.00031856407912092674	0.0	primary::GATA3+TP53	0.0518477829559976	0.00022698774004814709	rule_a_one_step	False	True	False	rare_state	False	0.5726169029272759	0.8365818713576955	-0.2574213596184517	False	fast_passing	0.7519497891184985	0.0	1.9900800971491726	0.0	0.0	500
primary::BRCA2+RUNX1+TP53	primary	BRCA2+RUNX1+TP53	3	2	0.00018241517694272163	0.00031400498880588824	3	0.00031400498880588824	0.0	primary::BRCA2+TP53	0.03379484117605811	0.00015103495235560448	rule_a_one_step	False	True	False	rare_state	False	0.5809308223270182	0.8487283417364031	-0.2366252404556611	False	fast_passing	0.6886733763259483	0.0	1.9533054493300455	0.0	0.0	500
primary::NF1+RUNX1+TP53	primary	NF1+RUNX1+TP53	3	1	9.120758847136082e-05	0.0003129088690062065	3	0.0003129088690062065	0.0	primary::RUNX1+TP53	0.06308039357675922	0.00014958867502697372	rule_a_one_step	False	True	False	rare_state	False	0.291482911524853	0.4258507185967941	-1.2315803106430432	False	fast_passing	0.36880767901398215	0.0	1.328514537367104	0.0	0.0	500
primary::BRCA2+PIK3CA+RUNX1+TP53	primary	BRCA2+PIK3CA+RUNX1+TP53	4	1	9.120758847136082e-05	0.00031126955642566436	3	0.00031126955642566436	0.0	primary::BRCA2+PIK3CA+TP53	0.11892107289118298	0.00014100455559881237	rule_a_one_step	False	True	False	rare_state	False	0.2930180170065057	0.4280934770798345	-1.224002241731109	False	fast_passing	0.3646973990938521	0.0	1.3583107427023196	0.0	0.0	500
primary::MAP2K4+NF1+TP53	primary	MAP2K4+NF1+TP53	3	1	9.120758847136082e-05	0.0003100370523164837	3	0.0003100370523164837	0.0	primary::MAP2K4+TP53	0.06738131962055356	0.00014749650409460829	rule_a_one_step	False	True	False	rare_state	False	0.29418286458250115	0.4297952961494272	-1.2182784014632897	False	fast_passing	0.37586682040792113	0.0	1.2402028764311999	0.0	0.0	500
primary::BRCA1+GATA3+PIK3CA	primary	BRCA1+GATA3+PIK3CA	3	1	9.120758847136082e-05	0.00030643276971745604	3	0.00030643276971745604	0.0	primary::BRCA1+GATA3	0.2599249925882028	0.00014224279054443785	rule_a_one_step	False	True	False	rare_state	False	0.2976430629720673	0.43485057696494955	-1.201408346580581	False	fast_passing	0.3759791674862365	0.0	1.347494310350212	0.0	0.0	500
primary::BRCA1+MAP2K4+TP53	primary	BRCA1+MAP2K4+TP53	3	1	9.120758847136082e-05	0.00030638748323942204	2	0.00030638748323942204	0.0	primary::BRCA1+TP53	0.029270674278905732	0.00019488865581540664	rule_a_one_step	False	True	False	rare_state	False	0.2976870569559166	0.43491485129766483	-1.20119512067341	False	fast_passing	0.3780557055440052	0.0	1.4086517037258242	0.0	0.0	500
metastatic::ATM+NF1+PIK3CA+TP53	metastatic	ATM+NF1+PIK3CA+TP53	4	1	9.120758847136082e-05	0.00030082455564073394	3	0.00030082455564073394	0.0	metastatic::NF1+PIK3CA+TP53	0.0741093715250908	0.00020278011179795	rule_a_one_step	False	True	False	rare_state	False	0.303191965077131	0.44295741223876683	-1.1747600961193543	False	fast_passing	0.3891902096373884	0.0	1.4476934435915665	0.0	0.0	500
metastatic::ATM+RB1+TP53	metastatic	ATM+RB1+TP53	3	3	0.00027362276541408243	0.00029729317851584383	2	0.00029729317851584383	0.0	metastatic::RB1+TP53	0.051394523667923485	0.00017344011088226641	rule_a_one_step	False	True	False	rare_state	False	0.9203802315939108	1.3446571565933185	0.42723837982056445	False	relative_bottleneck	1.1723321509460045	0.0	3.169175034677824	0.008	0.0	500
unknown::MAP3K1+PIK3CA	unknown	MAP3K1+PIK3CA	2	1	9.120758847136082e-05	0.0002968393149975959	1	0.0002968393149975959	0.0	unknown::PIK3CA	0.2712121874694701	0.0002968393149975959	rule_a_one_step	False	True	False	rare_state	False	0.3072624937328029	0.44890437339686184	-1.1555199432825354	False	fast_passing	0.3525007562302067	0.0	1.5804976682942249	0.0	0.0	500
metastatic::GATA3+NF1+PIK3CA	metastatic	GATA3+NF1+PIK3CA	3	1	9.120758847136082e-05	0.00029383871322770654	3	0.00029383871322770654	0.0	metastatic::NF1+PIK3CA	0.12871949701540647	0.000140882338944261	rule_a_one_step	False	True	False	rare_state	False	0.3104001755217342	0.4534884638931259	-1.1408622437936857	False	fast_passing	0.39577159470700457	0.0	1.5243135207248242	0.0	0.0	500
metastatic::ESR1+PIK3CA+RB1	metastatic	ESR1+PIK3CA+RB1	3	2	0.00018241517694272163	0.00029382755743906353	3	0.00029382755743906353	0.0	metastatic::ESR1+PIK3CA	0.03961553525296037	0.00021318100874905707	rule_a_one_step	False	True	False	rare_state	False	0.6208239210501164	0.9070113630957384	-0.140807469845603	False	fast_passing	0.7111681933681653	0.0	2.387483041871238	0.0	0.0	500
primary::CBFB+PIK3CA+RB1	primary	CBFB+PIK3CA+RB1	3	1	9.120758847136082e-05	0.00029311816969354555	2	0.00029311816969354555	0.0	primary::CBFB+PIK3CA	0.0370420999627486	0.00016216898925683443	rule_a_one_step	False	True	False	rare_state	False	0.3111632017065164	0.4546032299265713	-1.137320160440152	False	fast_passing	0.36441652653186285	0.0	1.3378419305525833	0.0	0.0	500
primary::CBFB+GATA3+MAP2K4	primary	CBFB+GATA3+MAP2K4	3	1	9.120758847136082e-05	0.0002876622275395357	2	0.0002876622275395357	0.0	primary::GATA3+MAP2K4	0.12765400721058912	0.0001862882265021366	rule_a_one_step	False	True	False	rare_state	False	0.3170648747818674	0.4632254565501286	-1.1102135560907167	False	fast_passing	0.4028727255555107	0.0	1.441974283924589	0.0	0.0	500
primary::GATA3+MAP2K4+TP53	primary	GATA3+MAP2K4+TP53	3	3	0.00027362276541408243	0.00028765989919717717	3	0.00028765989919717717	0.0	primary::MAP2K4+TP53	0.06469529876733014	0.00014161685246405722	rule_a_one_step	False	True	False	rare_state	False	0.9512023233913627	1.3896876178026443	0.4747606218728273	False	relative_bottleneck	1.2174576122195075	0.0	2.873233616522301	0.002	0.0	500
metastatic::PIK3CA+RB1+RUNX1+TP53	metastatic	PIK3CA+RB1+RUNX1+TP53	4	1	9.120758847136082e-05	0.0002869476846485584	3	0.0002869476846485584	0.0	metastatic::PIK3CA+RUNX1+TP53	0.11818645066812417	0.00012935401386514865	rule_a_one_step	False	True	False	rare_state	False	0.317854414003074	0.46437895760084974	-1.1066254940290436	False	fast_passing	0.4049050043248624	0.0	1.5662790502092645	0.0	0.0	500
primary::ATM+PIK3CA+RUNX1+TP53	primary	ATM+PIK3CA+RUNX1+TP53	4	1	9.120758847136082e-05	0.00028580262713709864	2	0.00028580262713709864	0.0	primary::ATM+PIK3CA+TP53	0.14681057612618822	0.00017407310193728995	rule_a_one_step	False	True	False	rare_state	False	0.31912788579259954	0.4662394744793356	-1.1008569385015108	False	fast_passing	0.3882578118200093	0.0	1.5895638293141785	0.0	0.0	500
metastatic::BRCA2+GATA3+TP53	metastatic	BRCA2+GATA3+TP53	3	1	9.120758847136082e-05	0.00028427894370657285	3	0.00028427894370657285	0.0	metastatic::GATA3+TP53	0.0437957008288103	0.00015179100980434069	rule_a_one_step	False	True	False	rare_state	False	0.32083835320798554	0.46873843324905556	-1.0931450043917283	False	fast_passing	0.39203034197390924	0.0	1.516019500707313	0.0	0.0	500
metastatic::ESR1+MAP2K4	metastatic	ESR1+MAP2K4	2	7	0.0006384531192995258	0.00028331868109849554	2	0.00028331868109849554	0.0	metastatic::ESR1	0.02783875472676916	0.00019043292635057343	rule_a_one_step	True	True	True	stable	True	2.2534804784866536	3.2922900216933146	1.7190914300575078	False	relative_bottleneck	2.925828538168621	1.0116883773979088	5.588985006648819	0.246	0.164	500
primary::GATA3+PIK3CA+RUNX1+TP53	primary	GATA3+PIK3CA+RUNX1+TP53	4	2	0.00018241517694272163	0.0002810596833566103	3	0.0002810596833566103	0.0	primary::GATA3+PIK3CA+TP53	0.10625876059232107	0.00020352371145920673	rule_a_one_step	False	True	False	rare_state	False	0.6490264776333845	0.9482147356173808	-0.07671428161958178	False	fast_passing	0.8094131107662463	0.0	2.3232700836205544	0.004	0.0	500
primary::AKT1+RUNX1	primary	AKT1+RUNX1	2	3	0.00027362276541408243	0.0002810420269292442	2	0.0002810420269292442	0.0	primary::AKT1	0.031840038987466845	0.00022651614748471488	rule_a_one_step	False	True	False	rare_state	False	0.9736008789509957	1.4224114606197098	0.5083388533752385	False	relative_bottleneck	1.2541478206584067	0.0	2.777802185945376	0.002	0.0	500
metastatic::BRCA2+PIK3CA+RB1+TP53	metastatic	BRCA2+PIK3CA+RB1+TP53	4	2	0.00018241517694272163	0.00027921076608185405	3	0.00027921076608185405	0.0	metastatic::BRCA2+RB1+TP53	0.30743615977780253	0.00011216204296891738	rule_a_one_step	False	True	False	rare_state	False	0.6533242927886245	0.9544937578169346	-0.0671923321413343	False	fast_passing	0.8319225040312153	0.0	2.6845629208481494	0.006	0.0	500
metastatic::AKT1+PTEN+TP53	metastatic	AKT1+PTEN+TP53	3	1	9.120758847136082e-05	0.00027860776493744026	2	0.00027860776493744026	0.0	metastatic::PTEN+TP53	0.025663819190957525	0.00015916998403731408	rule_a_one_step	False	True	False	rare_state	False	0.3273691534206586	0.47827980206903103	-1.0640732278159588	False	fast_passing	0.4124337717096326	0.0	1.437512146051778	0.0	0.0	500
metastatic::MAP2K4+PTEN+TP53	metastatic	MAP2K4+PTEN+TP53	3	1	9.120758847136082e-05	0.0002784316060791451	3	0.0002784316060791451	0.0	metastatic::PTEN+TP53	0.03476872630040614	0.00021563967424549594	rule_a_one_step	False	True	False	rare_state	False	0.327576274217441	0.4785824014210298	-1.0631607482604581	False	fast_passing	0.41030701126053926	0.0	1.4051002353769617	0.0	0.0	500
primary::ATM+MAP2K4+PIK3CA+TP53	primary	ATM+MAP2K4+PIK3CA+TP53	4	1	9.120758847136082e-05	0.00027751948894450787	4	0.00027751948894450787	0.0	primary::MAP2K4+PIK3CA+TP53	0.09285007025399897	0.0001185608339616915	rule_a_one_step	False	True	False	rare_state	False	0.32865291187151746	0.48015534755450406	-1.0584268497050742	False	fast_passing	0.38995947211198645	0.0	1.5546530981692421	0.0	0.0	500
primary::MAP2K4+MAP3K1+PIK3CA+TP53	primary	MAP2K4+MAP3K1+PIK3CA+TP53	4	3	0.00027362276541408243	0.00027624842269015625	3	0.00027624842269015625	0.0	primary::MAP2K4+PIK3CA+TP53	0.11804701851886776	0.00015073497439476	rule_a_one_step	False	True	False	rare_state	False	0.9904953004219899	1.4470938733418244	0.5331585128937689	False	relative_bottleneck	1.270836964493844	0.0	3.3431616931017567	0.014	0.002	500
primary::ATM+PIK3CA+PTEN	primary	ATM+PIK3CA+PTEN	3	2	0.00018241517694272163	0.00027504339176231073	3	0.00027504339176231073	0.0	primary::PIK3CA+PTEN	0.04210476675567175	0.00015745124379629166	rule_a_one_step	False	True	False	rare_state	False	0.6632232649208291	0.9689559586156581	-0.045497001724556264	False	fast_passing	0.7404642684522579	0.0	2.2692601785670403	0.002	0.0	500
primary::ATM+GATA3+PIK3CA+TP53	primary	ATM+GATA3+PIK3CA+TP53	4	1	9.120758847136082e-05	0.00027192636214438466	4	0.00027192636214438466	0.0	primary::GATA3+PIK3CA+TP53	0.08775274370042904	0.00016807803882789218	rule_a_one_step	False	True	False	rare_state	False	0.3354128206500241	0.49003143941840177	-1.029053782316734	False	fast_passing	0.42407713131364866	0.0	1.5686907865646402	0.0	0.0	500
metastatic::ESR1+NF1+PIK3CA+TP53	metastatic	ESR1+NF1+PIK3CA+TP53	4	2	0.00018241517694272163	0.0002718420411079882	4	0.0002718420411079882	0.0	metastatic::ESR1+NF1+TP53	0.5758402768230688	0.0001050420059874259	rule_a_one_step	False	True	False	rare_state	False	0.6710337206422908	0.9803668786045966	-0.02860635087036159	False	fast_passing	0.7610849458319278	0.0	3.0060021336495084	0.006	0.0	500
primary::BRCA2+ESR1	primary	BRCA2+ESR1	2	1	9.120758847136082e-05	0.00027088948159288066	2	0.00027088948159288066	0.0	primary::BRCA2	0.057521290998952784	0.00019411599479763342	rule_a_one_step	False	True	False	rare_state	False	0.33669667643921247	0.49190712711323226	-1.023542136844972	False	fast_passing	0.4205564418985468	0.0	1.579295833390556	0.0	0.0	500
primary::CBFB+GATA3+NF1+PIK3CA	primary	CBFB+GATA3+NF1+PIK3CA	4	2	0.00018241517694272163	0.0002693933401206311	2	0.0002693933401206311	0.0	primary::CBFB+GATA3+PIK3CA	0.04359878955875318	0.00016303815869289314	rule_a_one_step	False	True	False	rare_state	False	0.6771332067225757	0.9892781060819541	-0.01555194613336607	False	fast_passing	0.8197568121366333	0.0	2.951300692896532	0.006	0.0	500
primary::MAP3K1+RUNX1+TP53	primary	MAP3K1+RUNX1+TP53	3	6	0.0005472455308281649	0.000265540908372	3	0.000265540908372	0.0	primary::MAP3K1+TP53	0.034085521684146365	0.00011813661291477215	rule_a_one_step	True	True	True	stable	True	2.0608708922568346	3.010891258810414	1.5901906047056116	False	relative_bottleneck	2.681886313068385	0.8397968963109697	5.276638228550734	0.174	0.084	500
metastatic::BRCA1+GATA3+TP53	metastatic	BRCA1+GATA3+TP53	3	1	9.120758847136082e-05	0.0002622332221619379	3	0.0002622332221619379	0.0	metastatic::GATA3+TP53	0.04201021351945778	0.00014560271011851474	rule_a_one_step	False	True	False	rare_state	False	0.3478109576338351	0.5081448702064953	-0.9766882322745892	False	fast_passing	0.4378631102586616	0.0	1.546841612559187	0.0	0.0	500
primary::NF1+PTEN	primary	NF1+PTEN	2	2	0.00018241517694272163	0.0002574019945781835	2	0.0002574019945781835	0.0	primary::PTEN	0.02294466086371384	0.0001632327204824589	rule_a_one_step	False	True	False	rare_state	False	0.7086781768454266	1.035364678103124	0.05013900600928864	False	relative_bottleneck	0.9171920432561611	0.0	2.5553975814348595	0.0	0.0	500
primary::BRCA2+GATA3+PIK3CA+TP53	primary	BRCA2+GATA3+PIK3CA+TP53	4	1	9.120758847136082e-05	0.0002540347895477949	4	0.0002540347895477949	0.0	primary::BRCA2+GATA3+TP53	0.43500750933669546	0.00015870394357413186	rule_a_one_step	False	True	False	rare_state	False	0.359035816608752	0.5245441652307199	-0.9308638458658217	False	fast_passing	0.37334738150997804	0.0	1.8592655688505029	0.0	0.0	500
metastatic::GATA3+NF1+TP53	metastatic	GATA3+NF1+TP53	3	2	0.00018241517694272163	0.00025220420802226837	3	0.00025220420802226837	0.0	metastatic::GATA3+TP53	0.03547675420336634	0.00012295846951184975	rule_a_one_step	False	True	False	rare_state	False	0.7232836345194195	1.0567029603830944	0.07956989156671171	False	relative_bottleneck	0.8899854040673061	0.0	2.7835217919691515	0.002	0.0	500
metastatic::BRCA2+PTEN	metastatic	BRCA2+PTEN	2	1	9.120758847136082e-05	0.00025155272823044464	2	0.00025155272823044464	0.0	metastatic::BRCA2	0.07024604133654282	0.00017298824480907116	rule_a_one_step	False	True	False	rare_state	False	0.3625784095063686	0.5297198227787175	-0.9166985977879235	False	fast_passing	0.46527273654940593	0.0	1.749666690606117	0.0	0.0	500
metastatic::AKT1+MAP2K4+TP53	metastatic	AKT1+MAP2K4+TP53	3	3	0.00027362276541408243	0.0002507033835454054	3	0.0002507033835454054	0.0	metastatic::AKT1+TP53	0.05641631934225527	0.0001955326646302171	rule_a_one_step	False	True	False	rare_state	False	1.091420308944916	1.594543297320187	0.6731432722411883	False	relative_bottleneck	1.3809645127451482	0.0	3.610375496816732	0.024	0.002	500
metastatic::MAP3K1+RB1+TP53	metastatic	MAP3K1+RB1+TP53	3	2	0.00018241517694272163	0.00025037136672403866	2	0.00025037136672403866	0.0	metastatic::RB1+TP53	0.05365882999122689	0.00018108142189669782	rule_a_one_step	False	True	False	rare_state	False	0.7285784257239075	1.0644385447007327	0.09009265827788539	False	relative_bottleneck	0.9027463573202712	0.0	2.801621951202055	0.0	0.0	500
metastatic::AKT1+MAP2K4	metastatic	AKT1+MAP2K4	2	2	0.00018241517694272163	0.00024768257659049827	2	0.00024768257659049827	0.0	metastatic::AKT1	0.043883047480494514	0.0001681036112897455	rule_a_one_step	False	True	False	rare_state	False	0.7364877203608348	1.0759938663733106	0.10566985393726128	False	relative_bottleneck	0.9326776320812444	0.0	2.590187382568171	0.0	0.0	500
metastatic::ATM+ESR1	metastatic	ATM+ESR1	2	8	0.0007296607077708865	0.0002468047683781029	2	0.0002468047683781029	0.0	metastatic::ESR1	0.024395818895022122	0.00016688128576492696	rule_a_one_step	True	True	True	stable	True	2.9564287173602075	4.3192833747329145	2.110791970379337	False	relative_bottleneck	3.8126392054185048	1.5892989979281638	7.27446940109857	0.504	0.328	500
metastatic::MAP3K1+PTEN	metastatic	MAP3K1+PTEN	2	1	9.120758847136082e-05	0.0002458057172134941	2	0.0002458057172134941	0.0	metastatic::PTEN	0.037148229810383834	0.00013552801827940107	rule_a_one_step	False	True	False	rare_state	False	0.3710556008796453	0.5421048302534511	-0.8833562332290424	False	fast_passing	0.446704529266557	0.0	1.7198935821173134	0.0	0.0	500
metastatic::RB1+RUNX1+TP53	metastatic	RB1+RUNX1+TP53	3	1	9.120758847136082e-05	0.00024317092622582907	2	0.00024317092622582907	0.0	metastatic::RB1+TP53	0.03812540533036308	0.0001286610723479965	rule_a_one_step	False	True	False	rare_state	False	0.37507604018245877	0.5479786118663124	-0.8678085103814467	False	fast_passing	0.47879478943982645	0.0	1.696239658854379	0.0	0.0	500
metastatic::ESR1+PIK3CA+RB1+TP53	metastatic	ESR1+PIK3CA+RB1+TP53	4	1	9.120758847136082e-05	0.0002428571000911109	4	0.0002428571000911109	0.0	metastatic::ESR1+PIK3CA+TP53	0.1194131081285882	0.000141587961115619	rule_a_one_step	False	True	False	rare_state	False	0.3755607229995846	0.5486867237926163	-0.8659454265887345	False	fast_passing	0.4404653577373324	0.0	1.896648861301809	0.0	0.0	500
primary::ATM+NF1+PIK3CA	primary	ATM+NF1+PIK3CA	3	1	9.120758847136082e-05	0.00024172912014852648	3	0.00024172912014852648	0.0	primary::ATM+PIK3CA	0.07881487975464298	0.00014377030236162528	rule_a_one_step	False	True	False	rare_state	False	0.37731320098301196	0.5512470591641256	-0.8592290407988807	False	fast_passing	0.45642443865894583	0.0	1.606308464951436	0.0	0.0	500
primary::CBFB+MAP3K1+NF1+PIK3CA	primary	CBFB+MAP3K1+NF1+PIK3CA	4	1	9.120758847136082e-05	0.00024013350496793722	2	0.00024013350496793722	0.0	primary::CBFB+MAP3K1+PIK3CA	0.10083033862923724	0.00013794738046685138	rule_a_one_step	False	True	False	rare_state	False	0.37982033412504673	0.5549099306668426	-0.8496744732001588	False	fast_passing	0.4595983143481959	0.0	1.6818389902121909	0.0	0.0	500
metastatic::GATA3+MAP3K1+PIK3CA+TP53	metastatic	GATA3+MAP3K1+PIK3CA+TP53	4	1	9.120758847136082e-05	0.00023726816331107718	3	0.00023726816331107718	0.0	metastatic::MAP3K1+PIK3CA+TP53	0.062180677535009915	0.0001304410418921222	rule_a_one_step	False	True	False	rare_state	False	0.38440719064096823	0.5616112365279204	-0.8323562940010575	False	fast_passing	0.4787268535530986	0.0	1.6794945385936535	0.0	0.0	500
metastatic::ESR1+NF1+PIK3CA	metastatic	ESR1+NF1+PIK3CA	3	1	9.120758847136082e-05	0.00023633837612737209	2	0.00023633837612737209	0.0	metastatic::ESR1+PIK3CA	0.033952830422674635	0.00018270859129312326	rule_a_one_step	False	True	False	rare_state	False	0.38591950059048363	0.5638206911932836	-0.8266916717250485	False	fast_passing	0.5074298321083852	0.0	1.7754819260910693	0.0	0.0	500
unknown::GATA3+TP53	unknown	GATA3+TP53	2	2	0.00018241517694272163	0.00023554861850056435	2	0.00023554861850056435	0.0	unknown::TP53	0.06481740612205335	0.00019509069701092308	rule_a_one_step	False	True	False	rare_state	False	0.7744268564574822	1.1314221873173373	0.1781373677850057	False	relative_bottleneck	0.9383306778647253	0.0	3.0263478344232286	0.002	0.0	500
primary::BRCA2+NF1+PIK3CA	primary	BRCA2+NF1+PIK3CA	3	2	0.00018241517694272163	0.00023547556886751507	3	0.00023547556886751507	0.0	primary::BRCA2+PIK3CA	0.08056739889614674	0.00015431552141728216	rule_a_one_step	False	True	False	rare_state	False	0.7746671004782082	1.131773179038703	0.1785848536957622	False	relative_bottleneck	0.9530141280756586	0.0	2.9731614661522396	0.012	0.0	500
unknown::MAP3K1+PIK3CA+TP53	unknown	MAP3K1+PIK3CA+TP53	3	1	9.120758847136082e-05	0.0002353479567189021	2	0.0002353479567189021	0.0	unknown::PIK3CA+TP53	0.23004635936318948	0.00023080171041545827	rule_a_one_step	False	True	False	rare_state	False	0.38754357316454174	0.5661934288234174	-0.820633089301211	False	fast_passing	0.5263569874739684	0.0	1.8969755365096888	0.0	0.0	500
primary::ATM+PTEN	primary	ATM+PTEN	2	2	0.00018241517694272163	0.00023518337512554556	2	0.00023518337512554556	0.0	primary::ATM	0.05730965286936952	0.00012544980562430395	rule_a_one_step	False	True	False	rare_state	False	0.7756295531931848	1.1331793032541642	0.18037615722994088	False	relative_bottleneck	0.965089294738755	0.0	2.972851835982374	0.006	0.0	500
primary::ESR1+MAP2K4	primary	ESR1+MAP2K4	2	1	9.120758847136082e-05	0.00023458297981039856	2	0.00023458297981039856	0.0	primary::MAP2K4	0.053599969213485164	0.00017110533769354076	rule_a_one_step	False	True	False	rare_state	False	0.38880735574367714	0.568039789958825	-0.8159361039502099	False	fast_passing	0.4975265848869874	0.0	1.7936007566193268	0.0	0.0	500
metastatic::BRCA1+ESR1+TP53	metastatic	BRCA1+ESR1+TP53	3	1	9.120758847136082e-05	0.00023251887066553828	3	0.00023251887066553828	0.0	metastatic::ESR1+TP53	0.04916145024100901	0.0001255491250226425	rule_a_one_step	False	True	False	rare_state	False	0.3922588640570921	0.5730823747464592	-0.8031855683019271	False	fast_passing	0.46790255251920176	0.0	1.723693891462906	0.0	0.0	500
primary::AKT1+CBFB+TP53	primary	AKT1+CBFB+TP53	3	1	9.120758847136082e-05	0.0002320019962032079	3	0.0002320019962032079	0.0	primary::AKT1+TP53	0.023643445990774236	0.0001229183164423688	rule_a_one_step	False	True	False	rare_state	False	0.39313277286778325	0.5743591380842276	-0.7999749804412248	False	fast_passing	0.5080158158476008	0.0	1.9362729673530088	0.0	0.0	500
primary::AKT1+RB1	primary	AKT1+RB1	2	2	0.00018241517694272163	0.00023075393261640488	2	0.00023075393261640488	0.0	primary::AKT1	0.025255149548072967	0.00017966998036753843	rule_a_one_step	False	True	False	rare_state	False	0.7905181683531365	1.154931272972073	0.20780700307643865	False	relative_bottleneck	1.0041129302450322	0.0	2.8963437990439234	0.002	0.0	500
metastatic::AKT1+NF1	metastatic	AKT1+NF1	2	4	0.00036483035388544326	0.00023069174441848821	2	0.00023069174441848821	0.0	metastatic::AKT1	0.05410168045554247	0.00020724831987712367	rule_a_one_step	False	True	False	rare_state	False	1.5814625409488312	2.3104852218396656	1.2081958618711162	False	relative_bottleneck	2.194201111713685	0.5000785147626201	4.710959402873237	0.08	0.016	500
primary::NF1+PTEN+RB1+TP53	primary	NF1+PTEN+RB1+TP53	4	1	9.120758847136082e-05	0.00022888205715352618	4	0.00022888205715352618	0.0	primary::PTEN+RB1+TP53	0.11995026526376874	0.00013128449317450063	rule_a_one_step	False	True	False	rare_state	False	0.39849164765104444	0.5821883472319735	-0.7804421313437003	False	fast_passing	0.5164739832418932	0.0	2.1124432226915033	0.0	0.0	500
primary::AKT1+BRCA1	primary	AKT1+BRCA1	2	1	9.120758847136082e-05	0.00022720475683247305	2	0.00022720475683247305	0.0	primary::AKT1	0.025446436686006237	0.00018103083377494405	rule_a_one_step	False	True	False	rare_state	False	0.4014334441825894	0.5864862532751454	-0.7698308017473052	False	fast_passing	0.5277855490368977	0.0	1.8019407626607304	0.0	0.0	500
metastatic::ATM+PIK3CA+RB1+TP53	metastatic	ATM+PIK3CA+RB1+TP53	4	2	0.00018241517694272163	0.00022622405518136606	4	0.00022622405518136606	0.0	metastatic::ATM+RB1+TP53	0.31254128100930506	8.55184096158259e-05	rule_a_one_step	False	True	False	rare_state	False	0.8063473886105091	1.1780574479720587	0.236409893908226	False	relative_bottleneck	1.0708630512516208	0.0	3.32919981513573	0.012	0.0	500
primary::AKT1+CBFB+ESR1+GATA3	primary	AKT1+CBFB+ESR1+GATA3	4	1	9.120758847136082e-05	0.00022443164786753247	2	0.00022443164786753247	0.0	primary::AKT1+CBFB+GATA3	0.22192605627326575	0.00020241340411644086	rule_a_one_step	False	True	False	rare_state	False	0.4063936121825437	0.5937329597667582	-0.7521138915463439	False	fast_passing	0.46091654902845325	0.0	2.2827691246903252	0.002	0.0	500
metastatic::AKT1+ESR1+PIK3CA	metastatic	AKT1+ESR1+PIK3CA	3	2	0.00018241517694272163	0.00021988085067840425	3	0.00021988085067840425	0.0	metastatic::ESR1+PIK3CA	0.023262669681145744	0.00012518218817836546	rule_a_one_step	False	True	False	rare_state	False	0.8296091976645625	1.2120424869223967	0.2774402719114438	False	relative_bottleneck	1.0614326887640155	0.0	3.1094792904779687	0.004	0.0	500
metastatic::GATA3+PIK3CA+RUNX1	metastatic	GATA3+PIK3CA+RUNX1	3	1	9.120758847136082e-05	0.00021652178170608288	2	0.00021652178170608288	0.0	metastatic::GATA3+PIK3CA	0.04125755425950624	0.00015804608526990717	rule_a_one_step	False	True	False	rare_state	False	0.42123978165822884	0.6154229171867535	-0.7003499269778807	False	fast_passing	0.5272245434577518	0.0	2.0338625547631097	0.0	0.0	500
primary::MAP3K1+NF1	primary	MAP3K1+NF1	2	1	9.120758847136082e-05	0.00021319985821394936	2	0.00021319985821394936	0.0	primary::MAP3K1	0.021904663701876746	0.00012187016470398409	rule_a_one_step	False	True	False	rare_state	False	0.4278032303006007	0.6250119847111764	-0.6780442409244657	False	fast_passing	0.554434693885078	0.0	2.034013795736364	0.0	0.0	500
primary::ATM+BRCA2	primary	ATM+BRCA2	2	5	0.0004560379423568041	0.00021230832301535752	2	0.00021230832301535752	0.0	primary::BRCA2	0.045202581095335835	0.00015254428133230807	rule_a_one_step	True	True	True	stable	True	2.1479984097270544	3.138182823623414	1.649929402991704	False	relative_bottleneck	2.5777852612442693	0.5360857104241772	5.588025266062301	0.228	0.022	500
unknown::BRCA2+PIK3CA+TP53	unknown	BRCA2+PIK3CA+TP53	3	1	9.120758847136082e-05	0.00021129511106782132	3	0.00021129511106782132	0.0	unknown::BRCA2+TP53	0.4068363182646428	0.00014842623796594044	rule_a_one_step	False	True	False	rare_state	False	0.4316597179119084	0.6306462361736158	-0.6650971490128327	False	fast_passing	0.5153986085658568	0.0	2.371564973440951	0.0	0.0	500
primary::BRCA2+PIK3CA+PTEN+TP53	primary	BRCA2+PIK3CA+PTEN+TP53	4	1	9.120758847136082e-05	0.000209082731969763	3	0.000209082731969763	0.0	primary::PIK3CA+PTEN+TP53	0.05971462727862551	0.00016883924166703672	rule_a_one_step	False	True	False	rare_state	False	0.4362272636093341	0.637319329314126	-0.6499116778486722	False	fast_passing	0.5542221376518561	0.0	2.0948951846453427	0.0	0.0	500
metastatic::CBFB+GATA3+TP53	metastatic	CBFB+GATA3+TP53	3	1	9.120758847136082e-05	0.0002089489855323374	3	0.0002089489855323374	0.0	metastatic::GATA3+TP53	0.050294629534752465	0.00017431557117115958	rule_a_one_step	False	True	False	rare_state	False	0.4365064889043878	0.6377272718996003	-0.6489885166645202	False	fast_passing	0.5534171718690978	0.0	2.205199565679759	0.0	0.0	500
metastatic::AKT1+ATM	metastatic	AKT1+ATM	2	2	0.00018241517694272163	0.0002078189177419514	2	0.0002078189177419514	0.0	metastatic::AKT1	0.03650373698290581	0.00013983554845695403	rule_a_one_step	False	True	False	rare_state	False	0.8777602060822307	1.2823901495985872	0.3588352488990407	False	relative_bottleneck	1.2039377812969168	0.0	3.281785850921389	0.004	0.0	500
unknown::ESR1+PIK3CA	unknown	ESR1+PIK3CA	2	1	9.120758847136082e-05	0.00020758351447010558	2	0.00020758351447010558	0.0	unknown::ESR1	0.3378879591803447	0.0001540897296517442	rule_a_one_step	False	True	False	rare_state	False	0.43937780061584786	0.641922201026814	-0.6395296370944693	False	fast_passing	0.546675001252159	0.0	2.7735980901228894	0.002	0.0	500
metastatic::AKT1+GATA3+MAP3K1	metastatic	AKT1+GATA3+MAP3K1	3	1	9.120758847136082e-05	0.0002041725352706206	3	0.0002041725352706206	0.0	metastatic::AKT1+GATA3	0.07581742532950035	8.989661886934555e-05	rule_a_one_step	False	True	False	rare_state	False	0.4467182028363975	0.6526463822285791	-0.6156265744613699	False	fast_passing	0.5290731838014666	0.0	2.3226550454924513	0.0	0.0	500
primary::CBFB+GATA3+PIK3CA+RB1	primary	CBFB+GATA3+PIK3CA+RB1	4	1	9.120758847136082e-05	0.0002029947591329645	3	0.0002029947591329645	0.0	primary::CBFB+GATA3+PIK3CA	0.036122396287651744	0.00013508010286334562	rule_a_one_step	False	True	False	rare_state	False	0.44931006303620113	0.6564330382723749	-0.6072802433723814	False	fast_passing	0.5278703507119858	0.0	2.1855798551841517	0.002	0.0	500
metastatic::GATA3+PIK3CA+RB1	metastatic	GATA3+PIK3CA+RB1	3	3	0.00027362276541408243	0.00020290745132118155	3	0.00020290745132118155	0.0	metastatic::PIK3CA+RB1	0.11376638648716988	0.0001245162931271469	rule_a_one_step	False	True	False	rare_state	False	1.3485101817796512	1.9701464725385585	0.9783028922956558	False	relative_bottleneck	1.844627156349223	0.0	4.95499794870719	0.072	0.0	500
primary::GATA3+MAP3K1+PIK3CA+PTEN	primary	GATA3+MAP3K1+PIK3CA+PTEN	4	3	0.00027362276541408243	0.00020194083415283286	3	0.00020194083415283286	0.0	primary::MAP3K1+PIK3CA+PTEN	0.17819675873090615	0.0001300231730980709	rule_a_one_step	False	True	False	rare_state	False	1.3549650084738891	1.9795768455637868	0.9851920727036614	False	relative_bottleneck	1.7855860516609168	0.0	5.921047735341426	0.082	0.004	500
unknown::BRCA2+TP53	unknown	BRCA2+TP53	2	4	0.00036483035388544326	0.00020082621670166703	2	0.00020082621670166703	0.0	unknown::TP53	0.06023870499153405	0.00018130949149221305	rule_a_one_step	False	True	False	rare_state	False	1.8166470397177372	2.6540850825643516	1.4082146202281338	False	relative_bottleneck	2.225111372898163	0.5392753662903214	5.9489847968066645	0.162	0.01	500
metastatic::BRCA2+MAP3K1	metastatic	BRCA2+MAP3K1	2	1	9.120758847136082e-05	0.00020012958290253598	2	0.00020012958290253598	0.0	metastatic::BRCA2	0.06080676078067912	0.00014974302636613793	rule_a_one_step	False	True	False	rare_state	False	0.45574265779605744	0.6658309308850031	-0.5867722030846175	False	fast_passing	0.571827690488137	0.0	1.9224624368642567	0.0	0.0	500
primary::AKT1+GATA3+RUNX1	primary	AKT1+GATA3+RUNX1	3	2	0.00018241517694272163	0.00019954198006101457	3	0.00019954198006101457	0.0	primary::AKT1+GATA3	0.0419617495650398	0.00010333520961839426	rule_a_one_step	False	True	False	rare_state	False	0.9141694192508993	1.335583283667098	0.4174699416691754	False	relative_bottleneck	1.1609248048870078	0.0	3.5460961550102366	0.014	0.0	500
primary::ESR1+GATA3+PIK3CA+TP53	primary	ESR1+GATA3+PIK3CA+TP53	4	1	9.120758847136082e-05	0.00019880861989449218	4	0.00019880861989449218	0.0	primary::ESR1+GATA3+TP53	0.5282516007569988	9.636110922236388e-05	rule_a_one_step	False	True	False	rare_state	False	0.4587707920360492	0.6702549745977615	-0.5772180730318006	False	fast_passing	0.5636946296968606	0.0	2.571352677951365	0.0	0.0	500
primary::PTEN+RB1	primary	PTEN+RB1	2	1	9.120758847136082e-05	0.0001976356914800003	2	0.0001976356914800003	0.0	primary::PTEN	0.01745514472883301	0.00012417924925656464	rule_a_one_step	False	True	False	rare_state	False	0.46149350518044985	0.6742328041830719	-0.5686812728442256	False	fast_passing	0.5797461184198189	0.0	2.3548011591310942	0.0	0.0	500
metastatic::MAP2K4+PIK3CA+PTEN	metastatic	MAP2K4+PIK3CA+PTEN	3	2	0.00018241517694272163	0.00019734935890980838	3	0.00019734935890980838	0.0	metastatic::PIK3CA+PTEN	0.11412846909981877	0.0001040938244252269	rule_a_one_step	False	True	False	rare_state	False	0.9243261646558576	1.3504220860746874	0.43341040454418434	False	relative_bottleneck	1.0749773660209967	0.0	3.8543029207450887	0.024	0.0	500
unknown::PTEN+TP53	unknown	PTEN+TP53	2	1	9.120758847136082e-05	0.00019665266086171584	1	0.00019665266086171584	0.0	unknown::TP53	0.06533635677841977	0.00019665266086171584	rule_a_one_step	False	True	False	rare_state	False	0.46380042664002724	0.6776031704119807	-0.5614874700299106	False	fast_passing	0.5628154877407621	0.0	2.1983057849168897	0.0	0.0	500
metastatic::BRCA2+NF1+PIK3CA	metastatic	BRCA2+NF1+PIK3CA	3	1	9.120758847136082e-05	0.0001944816786721683	3	0.0001944816786721683	0.0	metastatic::BRCA2+PIK3CA	0.08056739889614674	9.552865611546038e-05	rule_a_one_step	False	True	False	rare_state	False	0.4689777907364159	0.6851671960673796	-0.5454720141073308	False	fast_passing	0.5941159383656689	0.0	2.687287232752145	0.002	0.0	500
metastatic::ESR1+RB1	metastatic	ESR1+RB1	2	1	9.120758847136082e-05	0.00019381240080828543	2	0.00019381240080828543	0.0	metastatic::ESR1	0.022044972033725983	0.00015080015528360532	rule_a_one_step	False	True	False	rare_state	False	0.4705972766468328	0.6875332326734385	-0.5404986454290027	False	fast_passing	0.5869104916367924	0.0	2.299405613472304	0.0	0.0	500
metastatic::AKT1+ESR1+MAP3K1+PIK3CA	metastatic	AKT1+ESR1+MAP3K1+PIK3CA	4	2	0.00018241517694272163	0.00019264875109748525	3	0.00019264875109748525	0.0	metastatic::AKT1+ESR1+PIK3CA	0.39575252465876415	7.219126681115726e-05	rule_a_one_step	False	True	False	rare_state	False	0.9468796187707192	1.3833722325906856	0.4681894036733331	False	relative_bottleneck	1.14172408871203	0.0	4.475111054891588	0.026	0.0	500
metastatic::BRCA1+BRCA2+PIK3CA+TP53	metastatic	BRCA1+BRCA2+PIK3CA+TP53	4	1	9.120758847136082e-05	0.00018810542073636558	3	0.00018810542073636558	0.0	metastatic::BRCA1+BRCA2+TP53	0.2769140274973045	7.576998198576371e-05	rule_a_one_step	False	True	False	rare_state	False	0.48487485171581346	0.7083924850088079	-0.4973791875660739	False	fast_passing	0.5723649918246465	0.0	2.5684852245089216	0.0	0.0	500
unknown::PIK3CA+RUNX1+TP53	unknown	PIK3CA+RUNX1+TP53	3	1	9.120758847136082e-05	0.0001880504043788507	2	0.0001880504043788507	0.0	unknown::PIK3CA+TP53	0.10799075783798595	0.00010834534259557147	rule_a_one_step	False	True	False	rare_state	False	0.48501670755567844	0.708599733560799	-0.4969571718959769	False	fast_passing	0.5577292636943656	0.0	2.80726600323021	0.0	0.0	500
primary::AKT1+MAP3K1+PIK3CA+TP53	primary	AKT1+MAP3K1+PIK3CA+TP53	4	1	9.120758847136082e-05	0.0001831842283789961	4	0.0001831842283789961	0.0	primary::MAP3K1+PIK3CA+TP53	0.031057682660433787	9.064628284694283e-05	rule_a_one_step	False	True	False	rare_state	False	0.4979008770599915	0.7274232481649022	-0.4591330603830192	False	fast_passing	0.6142486873023394	0.0	2.369391490087391	0.002	0.0	500
metastatic::MAP2K4+PTEN	metastatic	MAP2K4+PTEN	2	1	9.120758847136082e-05	0.000181852160519603	2	0.000181852160519603	0.0	metastatic::MAP2K4	0.06142984813919625	0.00010645449786982202	rule_a_one_step	False	True	False	rare_state	False	0.5015480031098172	0.7327516265628206	-0.4486038294730432	False	fast_passing	0.6403710069402582	0.0	2.338984240081593	0.002	0.0	500
primary::BRCA2+NF1	primary	BRCA2+NF1	2	1	9.120758847136082e-05	0.00018141944666779028	2	0.00018141944666779028	0.0	primary::BRCA2	0.04107019925175564	0.000138598811776264	rule_a_one_step	False	True	False	rare_state	False	0.5027442738023178	0.73449935417873	-0.44516687261983456	False	fast_passing	0.6158936517575722	0.0	2.134427818602206	0.0	0.0	500
primary::GATA3+PIK3CA+RB1+TP53	primary	GATA3+PIK3CA+RB1+TP53	4	1	9.120758847136082e-05	0.0001809665660395665	4	0.0001809665660395665	0.0	primary::GATA3+PIK3CA+TP53	0.05958379603763923	0.00011412438131981247	rule_a_one_step	False	True	False	rare_state	False	0.504002424113064	0.7363374866823857	-0.44156094441024757	False	fast_passing	0.6031498863740881	0.0	2.533988003373949	0.0	0.0	500
metastatic::AKT1+ATM+GATA3	metastatic	AKT1+ATM+GATA3	3	1	9.120758847136082e-05	0.00017979597402246108	3	0.00017979597402246108	0.0	metastatic::ATM+GATA3	0.10317704866076288	7.528423835152345e-05	rule_a_one_step	False	True	False	rare_state	False	0.5072838168928235	0.7411315360691876	-0.43219848002988404	False	fast_passing	0.6375826021599543	0.0	2.49012404897894	0.0	0.0	500
metastatic::AKT1+CBFB	metastatic	AKT1+CBFB	2	2	0.00018241517694272163	0.00017854994831352372	2	0.00017854994831352372	0.0	metastatic::AKT1	0.042852982066804435	0.00016415772043102759	rule_a_one_step	False	True	False	rare_state	False	1.021647878613568	1.4926071685797007	0.5778345201184332	False	relative_bottleneck	1.1417951280974945	0.0	3.538850649357082	0.02	0.0	500
metastatic::BRCA1+ESR1	metastatic	BRCA1+ESR1	2	2	0.00018241517694272163	0.00017757979752040364	2	0.00017757979752040364	0.0	metastatic::ESR1	0.02131634449869984	0.00014581592825633783	rule_a_one_step	False	True	False	rare_state	False	1.0272293271115656	1.5007615534842873	0.5856947744717748	False	relative_bottleneck	1.3123451945024964	0.0	3.7650382485675906	0.016	0.0	500
metastatic::BRCA1+ESR1+PIK3CA	metastatic	BRCA1+ESR1+PIK3CA	3	1	9.120758847136082e-05	0.0001762609707169785	3	0.0001762609707169785	0.0	metastatic::ESR1+PIK3CA	0.020729475107236415	0.00011155044065368009	rule_a_one_step	False	True	False	rare_state	False	0.517457651474953	0.7559953054236918	-0.4035508192544905	False	fast_passing	0.6304083293659621	0.0	2.8194293918113935	0.004	0.0	500
metastatic::AKT1+ESR1+MAP3K1	metastatic	AKT1+ESR1+MAP3K1	3	2	0.00018241517694272163	0.00017546251356193498	3	0.00017546251356193498	0.0	metastatic::AKT1+ESR1	0.15941374592488153	8.723846000996799e-05	rule_a_one_step	False	True	False	rare_state	False	1.039624773406131	1.5188710532290728	0.6029993953413706	False	relative_bottleneck	1.2169486770388682	0.0	4.200170754735719	0.02	0.0	500
metastatic::GATA3+PIK3CA+PTEN+TP53	metastatic	GATA3+PIK3CA+PTEN+TP53	4	1	9.120758847136082e-05	0.00017447180139209577	3	0.00017447180139209577	0.0	metastatic::GATA3+PTEN+TP53	0.5157978222910542	9.408935101989314e-05	rule_a_one_step	False	True	False	rare_state	False	0.5227640639969273	0.7637478682543299	-0.388831646749054	False	fast_passing	0.6857225347288622	0.0	3.1680822347274153	0.0	0.0	500
metastatic::MAP3K1+RUNX1+TP53	metastatic	MAP3K1+RUNX1+TP53	3	1	9.120758847136082e-05	0.00017129061221459978	3	0.00017129061221459978	0.0	metastatic::RUNX1+TP53	0.04714632242769653	8.170194510454524e-05	rule_a_one_step	False	True	False	rare_state	False	0.5324727768771093	0.7779321040815576	-0.3622838489037319	False	fast_passing	0.66728663962409	0.0	2.4824154163005203	0.006	0.0	500
primary::ESR1+PIK3CA+PTEN	primary	ESR1+PIK3CA+PTEN	3	2	0.00018241517694272163	0.0001709796154594657	2	0.0001709796154594657	0.0	primary::PIK3CA+PTEN	0.04049132178318344	0.00015141774836834377	rule_a_one_step	False	True	False	rare_state	False	1.0668825952476444	1.558694187140654	0.6403379017537403	False	relative_bottleneck	1.3533665030908284	0.0	3.5039669512481972	0.012	0.0	500
primary::ATM+MAP2K4+TP53	primary	ATM+MAP2K4+TP53	3	1	9.120758847136082e-05	0.00016706407796773933	3	0.00016706407796773933	0.0	primary::MAP2K4+TP53	0.04087312494581316	8.947053983030972e-05	rule_a_one_step	False	True	False	rare_state	False	0.5459437422749227	0.7976129157793722	-0.3262393233408448	False	fast_passing	0.6824843112091887	0.0	2.6483082031158927	0.0	0.0	500
metastatic::ATM+PIK3CA+RUNX1+TP53	metastatic	ATM+PIK3CA+RUNX1+TP53	4	2	0.00018241517694272163	0.00016692188489345606	3	0.00016692188489345606	0.0	metastatic::PIK3CA+RUNX1+TP53	0.07656265714316891	8.379714389985652e-05	rule_a_one_step	False	True	False	rare_state	False	1.0928176132586636	1.5965847310460783	0.6749891190315589	False	relative_bottleneck	1.3365534845208142	0.0	4.588652395121351	0.03	0.0	500
metastatic::BRCA1+PIK3CA+RB1+TP53	metastatic	BRCA1+PIK3CA+RB1+TP53	4	1	9.120758847136082e-05	0.00016549053298331654	3	0.00016549053298331654	0.0	metastatic::BRCA1+PIK3CA+TP53	0.08582261901504695	7.827674116658788e-05	rule_a_one_step	False	True	False	rare_state	False	0.5511347765700947	0.8051969133224703	-0.3125864531086118	False	fast_passing	0.6692695147002081	0.0	3.0754668486641656	0.006	0.0	500
primary::AKT1+GATA3+MAP3K1+PIK3CA	primary	AKT1+GATA3+MAP3K1+PIK3CA	4	1	9.120758847136082e-05	0.0001651845705742122	4	0.0001651845705742122	0.0	primary::AKT1+GATA3+MAP3K1	0.18795485210379848	6.857163520751494e-05	rule_a_one_step	False	True	False	rare_state	False	0.5521556135791056	0.8066883358267376	-0.3099166992090223	False	fast_passing	0.6851216490150052	0.0	2.624130148677308	0.0	0.0	500
metastatic::ATM+MAP3K1+TP53	metastatic	ATM+MAP3K1+TP53	3	1	9.120758847136082e-05	0.00016474588115507582	3	0.00016474588115507582	0.0	metastatic::ATM+TP53	0.0459109678428262	8.793600188793782e-05	rule_a_one_step	False	True	False	rare_state	False	0.5536259072351613	0.8088364055255893	-0.30608016083979744	False	fast_passing	0.6640880768546008	0.0	2.52316264149476	0.0	0.0	500
primary::MAP3K1+RUNX1	primary	MAP3K1+RUNX1	2	3	0.00027362276541408243	0.00016288448554763635	2	0.00016288448554763635	0.0	primary::MAP3K1	0.017087057163683386	9.506662595628297e-05	rule_a_one_step	False	True	False	rare_state	False	1.6798577397612395	2.4542386443011597	1.2952755400400446	False	relative_bottleneck	2.19889112870774	0.271997186186605	5.7467479535900985	0.154	0.006	500
primary::BRCA1+MAP2K4+PIK3CA+TP53	primary	BRCA1+MAP2K4+PIK3CA+TP53	4	1	9.120758847136082e-05	0.00016231661226926846	3	0.00016231661226926846	0.0	primary::MAP2K4+PIK3CA+TP53	0.057014398122750824	7.280204065291057e-05	rule_a_one_step	False	True	False	rare_state	False	0.5619116037127743	0.8209416427781189	-0.28464842424475684	False	fast_passing	0.7134803603200669	0.0	2.5438860264312195	0.004	0.0	500
primary::ATM+ESR1	primary	ATM+ESR1	2	1	9.120758847136082e-05	0.00016219173873921022	2	0.00016219173873921022	0.0	primary::ATM	0.048682281298381154	0.00010656464348423456	rule_a_one_step	False	True	False	rare_state	False	0.5623442267652745	0.8215736964269074	-0.28353810193856405	False	fast_passing	0.7265064549022164	0.0	2.7024428913525678	0.004	0.0	500
metastatic::MAP2K4+RB1+TP53	metastatic	MAP2K4+RB1+TP53	3	2	0.00018241517694272163	0.00016022502426035602	2	0.00016022502426035602	0.0	metastatic::RB1+TP53	0.035205098260741065	0.00011880596822760117	rule_a_one_step	False	True	False	rare_state	False	1.138493669427157	1.6633165378620054	0.7340627471867526	False	relative_bottleneck	1.4996217224748847	0.0	4.123145473952551	0.04	0.0	500
metastatic::ATM+ESR1+GATA3+PIK3CA	metastatic	ATM+ESR1+GATA3+PIK3CA	4	1	9.120758847136082e-05	0.00015972980184405069	4	0.00015972980184405069	0.0	metastatic::ESR1+GATA3+PIK3CA	0.06718547101985765	8.578954708847202e-05	rule_a_one_step	False	True	False	rare_state	False	0.5710117138278178	0.8342367221072232	-0.2614712755445046	False	fast_passing	0.6156973215537291	0.0	2.9825292625403725	0.002	0.0	500
metastatic::ATM+BRCA2	metastatic	ATM+BRCA2	2	1	9.120758847136082e-05	0.00015613912845072813	2	0.00015613912845072813	0.0	metastatic::BRCA2	0.045202581095335835	0.00011131609718844104	rule_a_one_step	False	True	False	rare_state	False	0.5841430574911886	0.8534213532265371	-0.22866988661148294	False	fast_passing	0.7212906820863467	0.0	2.4167088779701373	0.002	0.0	500
metastatic::BRCA2+NF1+PIK3CA+PTEN+TP53	metastatic	BRCA2+NF1+PIK3CA+PTEN+TP53	5	1	9.120758847136082e-05	0.0001560301571915732	4	0.0001560301571915732	0.0	metastatic::BRCA2+PIK3CA+PTEN+TP53	0.2164411407845048	5.922322349083495e-05	rule_a_one_step	False	True	False	rare_state	False	0.5845510222413318	0.8540173815875199	-0.22766266195619836	False	fast_passing	0.7150167213334725	0.0	4.480886915070529	0.0	0.0	500
primary::ATM+BRCA1+BRCA2+TP53	primary	ATM+BRCA1+BRCA2+TP53	4	1	9.120758847136082e-05	0.00015437456787083487	3	0.00015437456787083487	0.0	primary::BRCA1+BRCA2+TP53	0.16856134662541958	9.224444361113804e-05	rule_a_one_step	False	True	False	rare_state	False	0.5908200368654902	0.8631762868853492	-0.21227286312772606	False	fast_passing	0.7129528003716483	0.0	2.9931803553923766	0.004	0.0	500
metastatic::ATM+BRCA2+PIK3CA	metastatic	ATM+BRCA2+PIK3CA	3	2	0.00018241517694272163	0.0001543360274050658	3	0.0001543360274050658	0.0	metastatic::BRCA2+PIK3CA	0.08596628799863251	0.00010193011163646686	rule_a_one_step	False	True	False	rare_state	False	1.1819351503847184	1.7267836748749728	0.7880873586438496	False	relative_bottleneck	1.4504825805855956	0.0	4.756190786364444	0.024	0.0	500
primary::CBFB+GATA3+RUNX1	primary	CBFB+GATA3+RUNX1	3	1	9.120758847136082e-05	0.00015187467518962245	2	0.00015187467518962245	0.0	primary::GATA3+RUNX1	0.12038306063946416	7.685894057608986e-05	rule_a_one_step	False	True	False	rare_state	False	0.6005450728170376	0.8773843703941933	-0.1887190882744944	False	fast_passing	0.750766445961857	0.0	3.2717954812180503	0.0	0.0	500
primary::BRCA1+MAP3K1	primary	BRCA1+MAP3K1	2	4	0.00036483035388544326	0.00015064315887809666	2	0.00015064315887809666	0.0	primary::MAP3K1	0.01671759793046291	9.301107932855139e-05	rule_a_one_step	False	True	False	rare_state	False	2.421818250365108	3.5382281480363083	1.8230270772619683	False	relative_bottleneck	3.2451405336609795	0.6902011131505152	6.915795573206623	0.33	0.004	500
metastatic::ATM+PTEN	metastatic	ATM+PTEN	2	1	9.120758847136082e-05	0.00015036097960348008	2	0.00015036097960348008	0.0	metastatic::ATM	0.05730965286936952	9.408735421822796e-05	rule_a_one_step	False	True	False	rare_state	False	0.6065908063734045	0.8862170665064799	-0.17426798480105415	False	fast_passing	0.7494741987587246	0.0	2.7218735717220666	0.002	0.0	500
metastatic::MAP2K4+PIK3CA+RUNX1	metastatic	MAP2K4+PIK3CA+RUNX1	3	2	0.00018241517694272163	0.00015015340624655564	2	0.00015015340624655564	0.0	metastatic::MAP2K4+PIK3CA	0.07840683711958045	0.00010726947800015566	rule_a_one_step	False	True	False	rare_state	False	1.214858725404688	1.7748843611473963	0.827725031922194	False	relative_bottleneck	1.4758273521382335	0.0	4.494695838986202	0.034	0.0	500
primary::PIK3CA+RB1+RUNX1	primary	PIK3CA+RB1+RUNX1	3	1	9.120758847136082e-05	0.00014866328593281074	2	0.00014866328593281074	0.0	primary::PIK3CA+RUNX1	0.03374925146819822	8.311107165645311e-05	rule_a_one_step	False	True	False	rare_state	False	0.6135179058201682	0.8963374206012148	-0.15788616685548845	False	fast_passing	0.728411917358871	0.0	2.8676373328694016	0.0	0.0	500
unknown::ATM+PIK3CA+TP53	unknown	ATM+PIK3CA+TP53	3	1	9.120758847136082e-05	0.0001472169041698148	3	0.0001472169041698148	0.0	unknown::ATM+TP53	0.4145521272325841	7.562059964111348e-05	rule_a_one_step	False	True	False	rare_state	False	0.619545617849749	0.9051437876224001	-0.14378110356199977	False	fast_passing	0.8139619855978848	0.0	3.710551994216893	0.006	0.0	500
metastatic::ESR1+NF1+TP53	metastatic	ESR1+NF1+TP53	3	2	0.00018241517694272163	0.00014647954730281706	2	0.00014647954730281706	0.0	metastatic::ESR1+TP53	0.038529230095504144	9.839642855473514e-05	rule_a_one_step	False	True	False	rare_state	False	1.245328641822508	1.8194003011530473	0.8634629970587114	False	relative_bottleneck	1.656968816722175	0.0	4.897981289737453	0.056	0.0	500
metastatic::BRCA1+PIK3CA+PTEN+TP53	metastatic	BRCA1+PIK3CA+PTEN+TP53	4	1	9.120758847136082e-05	0.00014566320603967147	3	0.00014566320603967147	0.0	metastatic::PIK3CA+PTEN+TP53	0.035300252241961025	6.439301758840026e-05	rule_a_one_step	False	True	False	rare_state	False	0.6261539226341514	0.9147983890754408	-0.1284742696656727	False	fast_passing	0.7223136843889284	0.0	3.4594539741120727	0.004	0.0	500
unknown::ESR1+TP53	unknown	ESR1+TP53	2	1	9.120758847136082e-05	0.00014554895382032829	2	0.00014554895382032829	0.0	unknown::TP53	0.026653421023359592	8.022281044973245e-05	rule_a_one_step	False	True	False	rare_state	False	0.6266454375021193	0.9155164824917243	-0.12734223508537632	False	fast_passing	0.7212088737777957	0.0	3.1188039938610683	0.0	0.0	500
metastatic::ESR1+GATA3+PIK3CA+RB1	metastatic	ESR1+GATA3+PIK3CA+RB1	4	1	9.120758847136082e-05	0.0001454938505019833	4	0.0001454938505019833	0.0	metastatic::ESR1+GATA3+RB1	0.37720511253653627	6.880793734705149e-05	rule_a_one_step	False	True	False	rare_state	False	0.6268827687891506	0.9158632187672715	-0.12679594235224026	False	fast_passing	0.7504909227193884	0.0	3.972592386451416	0.0	0.0	500
metastatic::GATA3+MAP2K4+TP53	metastatic	GATA3+MAP2K4+TP53	3	1	9.120758847136082e-05	0.00014492854185717694	3	0.00014492854185717694	0.0	metastatic::GATA3+TP53	0.025623379831393175	8.880777395046886e-05	rule_a_one_step	False	True	False	rare_state	False	0.6293279893198358	0.9194356371799755	-0.12117950901715956	False	fast_passing	0.7675376014529443	0.0	2.878014152461842	0.0	0.0	500
primary::MAP3K1+NF1+PIK3CA+RUNX1	primary	MAP3K1+NF1+PIK3CA+RUNX1	4	1	9.120758847136082e-05	0.00014490511044214845	2	0.00014490511044214845	0.0	primary::MAP3K1+NF1+PIK3CA	0.1387824932543965	7.594809919065843e-05	rule_a_one_step	False	True	False	rare_state	False	0.6294297527784194	0.9195843115627652	-0.12094624151468146	False	fast_passing	0.6994751066046285	0.0	3.1922142774150166	0.002	0.0	500
primary::BRCA1+PTEN	primary	BRCA1+PTEN	2	3	0.00027362276541408243	0.000144109859848685	2	0.000144109859848685	0.0	primary::PTEN	0.011534523813421259	8.205881589263574e-05	rule_a_one_step	False	True	False	rare_state	False	1.8987095248213839	2.7739767361381737	1.4719556885992142	False	relative_bottleneck	2.3906726226337325	0.0	5.732467548403821	0.16	0.002	500
metastatic::ATM+GATA3+PIK3CA+TP53	metastatic	ATM+GATA3+PIK3CA+TP53	4	1	9.120758847136082e-05	0.00014367030652473898	4	0.00014367030652473898	0.0	metastatic::GATA3+PIK3CA+TP53	0.08775274370042904	7.203344521195379e-05	rule_a_one_step	False	True	False	rare_state	False	0.6348395158523311	0.9274878674879202	-0.10859968499164935	False	fast_passing	0.7108093429602935	0.0	3.820144385011493	0.004	0.0	500
metastatic::BRCA2+PIK3CA+PTEN+TP53	metastatic	BRCA2+PIK3CA+PTEN+TP53	4	3	0.00027362276541408243	0.00014349723751013878	3	0.00014349723751013878	0.0	metastatic::PIK3CA+PTEN+TP53	0.05971462727862551	0.00010892854301099145	rule_a_one_step	False	True	False	rare_state	False	1.90681554749745	2.7858194735511703	1.4781017715605052	False	relative_bottleneck	2.336147964568384	0.0	6.515060223087417	0.106	0.004	500
metastatic::GATA3+PIK3CA+RUNX1+TP53	metastatic	GATA3+PIK3CA+RUNX1+TP53	4	1	9.120758847136082e-05	0.0001432978832027152	3	0.0001432978832027152	0.0	metastatic::GATA3+PIK3CA+TP53	0.10625876059232107	8.722444776823145e-05	rule_a_one_step	False	True	False	rare_state	False	0.6364894288483335	0.9298983574589932	-0.10485506383202697	False	fast_passing	0.7711997153930735	0.0	3.4533189671108317	0.0	0.0	500
primary::NF1+PIK3CA+RB1	primary	NF1+PIK3CA+RB1	3	1	9.120758847136082e-05	0.00014196964208752633	3	0.00014196964208752633	0.0	primary::PIK3CA+RB1	0.04970445672287556	5.893450724164377e-05	rule_a_one_step	False	True	False	rare_state	False	0.6424443034989531	0.9385983105226361	-0.09142023137054514	False	fast_passing	0.8053377318195041	0.0	3.004092834081427	0.002	0.0	500
primary::BRCA1+CBFB+GATA3+PIK3CA	primary	BRCA1+CBFB+GATA3+PIK3CA	4	2	0.00018241517694272163	0.00014108490656212437	2	0.00014108490656212437	0.0	primary::CBFB+GATA3+PIK3CA	0.024690401119221824	9.233002972346724e-05	rule_a_one_step	False	True	False	rare_state	False	1.2929460712330139	1.8889684155447792	0.9175985793769641	False	relative_bottleneck	1.6364958284913032	0.0	5.373694833038562	0.032	0.0	500
primary::PTEN+RUNX1	primary	PTEN+RUNX1	2	2	0.00018241517694272163	0.00014042097913626386	2	0.00014042097913626386	0.0	primary::RUNX1	0.0474246324350581	7.785875445376193e-05	rule_a_one_step	False	True	False	rare_state	False	1.2990592770802967	1.8978996873280087	0.9244037413479975	False	relative_bottleneck	1.6414732541661157	0.0	5.184330804369089	0.072	0.0	500
primary::CBFB+MAP2K4+PIK3CA+TP53	primary	CBFB+MAP2K4+PIK3CA+TP53	4	2	0.00018241517694272163	0.0001388315952769713	3	0.0001388315952769713	0.0	primary::MAP2K4+PIK3CA+TP53	0.06579585174167624	8.401513356288466e-05	rule_a_one_step	False	True	False	rare_state	False	1.3139312795827858	1.9196273862847906	0.9408263004627541	False	relative_bottleneck	1.7152240651641217	0.0	5.017501759554167	0.048	0.0	500
metastatic::AKT1+RUNX1	metastatic	AKT1+RUNX1	2	2	0.00018241517694272163	0.0001371163108844807	2	0.0001371163108844807	0.0	metastatic::AKT1	0.031840038987466845	0.00012197023326100033	rule_a_one_step	False	True	False	rare_state	False	1.3303681701736905	1.9436413555189247	0.9587620346080309	False	relative_bottleneck	1.7319097336038185	0.0	5.526268456093101	0.056	0.0	500
primary::AKT1+CBFB+MAP3K1	primary	AKT1+CBFB+MAP3K1	3	2	0.00018241517694272163	0.0001368265220190555	3	0.0001368265220190555	0.0	primary::AKT1+CBFB	0.131071818072918	7.172846665792667e-05	rule_a_one_step	False	True	False	rare_state	False	1.333185795544312	1.9477578499732264	0.9618143291872895	False	relative_bottleneck	1.553806408583117	0.0	5.606993694732553	0.048	0.0	500
unknown::GATA3+PIK3CA+TP53	unknown	GATA3+PIK3CA+TP53	3	1	9.120758847136082e-05	0.00013580314397266632	3	0.00013580314397266632	0.0	unknown::GATA3+TP53	0.46751722137667734	8.528223666119616e-05	rule_a_one_step	False	True	False	rare_state	False	0.6716161727308934	0.9812178294860119	-0.02735464587021004	False	fast_passing	0.7327946118542632	0.0	5.797628690081284	0.004	0.0	500
metastatic::ESR1+GATA3+RB1	metastatic	ESR1+GATA3+RB1	3	2	0.00018241517694272163	0.0001335609047528509	3	0.0001335609047528509	0.0	metastatic::ESR1+GATA3	0.021512530766879777	0.00010202951476447906	rule_a_one_step	False	True	False	rare_state	False	1.3657827184870521	1.9953813040775903	0.9966644622058732	False	relative_bottleneck	1.5569981851602033	0.0	5.025076499790997	0.054	0.0	500
metastatic::BRCA1+ESR1+MAP3K1+PIK3CA	metastatic	BRCA1+ESR1+MAP3K1+PIK3CA	4	1	9.120758847136082e-05	0.00013262076787313334	3	0.00013262076787313334	0.0	metastatic::ESR1+MAP3K1+PIK3CA	0.0381140672845898	5.909696678566459e-05	rule_a_one_step	False	True	False	rare_state	False	0.687732315581816	1.0047631926710123	0.006855520293987953	False	relative_bottleneck	0.834445513134549	0.0	3.986468575628743	0.002	0.0	500
metastatic::ATM+MAP3K1+PIK3CA+RUNX1+TP53	metastatic	ATM+MAP3K1+PIK3CA+RUNX1+TP53	5	1	9.120758847136082e-05	0.00013162985016213456	2	0.00013162985016213456	0.0	metastatic::ATM+MAP3K1+PIK3CA+TP53	0.2998775282660578	8.205331856969841e-05	rule_a_one_step	False	True	False	rare_state	False	0.6929096072517489	1.0123271125128042	0.017675542350068144	False	relative_bottleneck	0.7518436660472704	0.0	5.629820046527265	0.004	0.0	500
metastatic::ATM+NF1+PIK3CA	metastatic	ATM+NF1+PIK3CA	3	1	9.120758847136082e-05	0.0001315942872962997	3	0.0001315942872962997	0.0	metastatic::ATM+PIK3CA	0.07881487975464298	5.7508120944650114e-05	rule_a_one_step	False	True	False	rare_state	False	0.6930968634899748	1.0126006901410538	0.0180653726338522	False	relative_bottleneck	0.8643935724741022	0.0	3.467182758261742	0.0	0.0	500
primary::ESR1+MAP3K1+TP53	primary	ESR1+MAP3K1+TP53	3	2	0.00018241517694272163	0.00013074197412650857	2	0.00013074197412650857	0.0	primary::MAP3K1+TP53	0.02199738983770536	7.624049743093794e-05	rule_a_one_step	False	True	False	rare_state	False	1.395230389981588	2.0384037646443094	1.0274398471636115	False	relative_bottleneck	1.7767964260402596	0.0	5.41299065744022	0.056	0.0	500
primary::BRCA2+MAP3K1+PIK3CA+PTEN	primary	BRCA2+MAP3K1+PIK3CA+PTEN	4	1	9.120758847136082e-05	0.0001305220153765098	4	0.0001305220153765098	0.0	primary::BRCA2+MAP3K1+PTEN	0.5881573900117922	5.364441718458521e-05	rule_a_one_step	False	True	False	rare_state	False	0.6987908324083749	1.0209194651350442	0.02986906422466187	False	relative_bottleneck	0.7811289923980305	0.0	5.460864904396155	0.0	0.0	500
primary::ATM+GATA3+MAP3K1	primary	ATM+GATA3+MAP3K1	3	1	9.120758847136082e-05	0.0001296326380252877	2	0.0001296326380252877	0.0	primary::ATM+GATA3	0.05219765775081113	7.61731597968787e-05	rule_a_one_step	False	True	False	rare_state	False	0.7035850628140708	1.027923740111933	0.0397332374468492	False	relative_bottleneck	0.9094755014243183	0.0	3.144253727490281	0.002	0.0	500
primary::BRCA1+PIK3CA+RUNX1	primary	BRCA1+PIK3CA+RUNX1	3	1	9.120758847136082e-05	0.00012836658831808604	2	0.00012836658831808604	0.0	primary::BRCA1+PIK3CA	0.09086253492990982	8.287352693351863e-05	rule_a_one_step	False	True	False	rare_state	False	0.7105243580582556	1.0380619120233916	0.05389249138890701	False	relative_bottleneck	0.826371720203003	0.0	3.591806141711682	0.004	0.0	500
primary::AKT1+GATA3+PTEN	primary	AKT1+GATA3+PTEN	3	2	0.00018241517694272163	0.00012763426434907023	3	0.00012763426434907023	0.0	primary::GATA3+PTEN	0.052550879756134115	8.627470226289803e-05	rule_a_one_step	False	True	False	rare_state	False	1.4292022322048838	2.088035948387657	1.062146550085075	False	relative_bottleneck	1.8161841605508662	0.0	5.138617140166852	0.032	0.0	500
metastatic::ESR1+GATA3+PIK3CA+PTEN	metastatic	ESR1+GATA3+PIK3CA+PTEN	4	1	9.120758847136082e-05	0.00012697204345301022	3	0.00012697204345301022	0.0	metastatic::ESR1+GATA3+PTEN	0.5682287842463131	0.00010365355422223879	rule_a_one_step	False	True	False	rare_state	False	0.7183281080829954	1.049463035123199	0.06965135197200904	False	relative_bottleneck	0.7252601144492352	0.0	12.731240428125352	0.004	0.0	500
metastatic::ESR1+MAP2K4+TP53	metastatic	ESR1+MAP2K4+TP53	3	2	0.00018241517694272163	0.0001268222387948185	3	0.0001268222387948185	0.0	metastatic::ESR1+TP53	0.029989187950012493	7.65867623677809e-05	rule_a_one_step	False	True	False	rare_state	False	1.4383532197337399	2.1014053586033272	1.0713544830193873	False	relative_bottleneck	1.815379680860228	0.0	4.6424446385770946	0.026	0.0	500
primary::ATM+MAP3K1+PIK3CA+RUNX1	primary	ATM+MAP3K1+PIK3CA+RUNX1	4	1	9.120758847136082e-05	0.00012593498162459575	2	0.00012593498162459575	0.0	primary::ATM+MAP3K1+PIK3CA	0.19213640620323946	7.009719306940513e-05	rule_a_one_step	False	True	False	rare_state	False	0.7242434673076098	1.058105256937789	0.08148314929405366	False	relative_bottleneck	0.866676608975913	0.0	4.225560761017417	0.004	0.0	500
primary::BRCA1+BRCA2	primary	BRCA1+BRCA2	2	2	0.00018241517694272163	0.0001253112068411894	2	0.0001253112068411894	0.0	primary::BRCA2	0.021404830362914292	7.22344694844791e-05	rule_a_one_step	False	True	False	rare_state	False	1.455697220426618	2.1267445975994206	1.0886467893396519	False	relative_bottleneck	1.8430720271082837	0.0	5.544103646449865	0.066	0.0	500
metastatic::AKT1+BRCA1	metastatic	AKT1+BRCA1	2	1	9.120758847136082e-05	0.0001246392724737426	2	0.0001246392724737426	0.0	metastatic::AKT1	0.025446436686006237	9.747814126343142e-05	rule_a_one_step	False	True	False	rare_state	False	0.7317724656873522	1.0691049733656044	0.09640351547067154	False	relative_bottleneck	0.936580591818718	0.0	3.6198129734596236	0.004	0.0	500
primary::CBFB+PIK3CA+PTEN+TP53	primary	CBFB+PIK3CA+PTEN+TP53	4	1	9.120758847136082e-05	0.00012343432006502452	3	0.00012343432006502452	0.0	primary::PIK3CA+PTEN+TP53	0.03654875018481677	0.00010333922434597956	rule_a_one_step	False	True	False	rare_state	False	0.7389159488576371	1.079541459763506	0.11041865109234798	False	relative_bottleneck	0.9274370684164766	0.0	3.809227951782131	0.004	0.0	500
primary::BRCA2+MAP2K4	primary	BRCA2+MAP2K4	2	1	9.120758847136082e-05	0.00012298239731605592	2	0.00012298239731605592	0.0	primary::MAP2K4	0.022018212936160624	7.02879836524646e-05	rule_a_one_step	False	True	False	rare_state	False	0.7416312392685974	1.083508444883345	0.1157103978652217	False	relative_bottleneck	0.9177735409263748	0.0	3.3820492448346027	0.0	0.0	500
metastatic::ATM+MAP3K1	metastatic	ATM+MAP3K1	2	1	9.120758847136082e-05	0.00012180043387982534	2	0.00012180043387982534	0.0	metastatic::ATM	0.05180234006791957	8.504579726582928e-05	rule_a_one_step	False	True	False	rare_state	False	0.7488281019796931	1.094022917725439	0.12964296019859567	False	relative_bottleneck	0.9235455693562659	0.0	3.673553948068046	0.004	0.0	500
primary::MAP2K4+NF1	primary	MAP2K4+NF1	2	2	0.00018241517694272163	0.00011928019605906232	2	0.00011928019605906232	0.0	primary::MAP2K4	0.02623722156936176	8.375617976355908e-05	rule_a_one_step	False	True	False	rare_state	False	1.5292997617399782	2.2342764420731647	1.1598076983254235	False	relative_bottleneck	1.9203661827179324	0.0	5.471788387639172	0.036	0.0	500
primary::ATM+MAP2K4	primary	ATM+MAP2K4	2	2	0.00018241517694272163	0.00011832089547609613	2	0.00011832089547609613	0.0	primary::MAP2K4	0.02165786986859778	6.913767287494731e-05	rule_a_one_step	False	True	False	rare_state	False	1.5416987394071529	2.252391101082881	1.1714573561051569	False	relative_bottleneck	1.9400740516724955	0.0	5.30887629895267	0.042	0.0	500
metastatic::AKT1+CBFB+TP53	metastatic	AKT1+CBFB+TP53	3	2	0.00018241517694272163	0.00011830677088185889	3	0.00011830677088185889	0.0	metastatic::AKT1+TP53	0.023643445990774236	8.194554429491253e-05	rule_a_one_step	False	True	False	rare_state	False	1.5418828021516924	2.2526600130805656	1.1716295885598502	False	relative_bottleneck	1.889110096014588	0.0	6.168630754292126	0.056	0.0	500
primary::BRCA1+PIK3CA+PTEN+TP53	primary	BRCA1+PIK3CA+PTEN+TP53	4	1	9.120758847136082e-05	0.00011728001041377928	2	0.00011728001041377928	0.0	primary::PIK3CA+PTEN+TP53	0.035300252241961025	9.98091772620204e-05	rule_a_one_step	False	True	False	rare_state	False	0.7776908219216356	1.1361907757437169	0.18420509550395067	False	relative_bottleneck	0.980639344162962	0.0	3.8427221695757163	0.006	0.0	500
primary::BRCA2+GATA3+PTEN	primary	BRCA2+GATA3+PTEN	3	1	9.120758847136082e-05	0.00011687537126362624	3	0.00011687537126362624	0.0	primary::BRCA2+PTEN	0.09464483579495797	5.179396340475628e-05	rule_a_one_step	False	True	False	rare_state	False	0.7803832980795244	1.1401244296949673	0.18919128430905383	False	relative_bottleneck	0.9849230076921984	0.0	3.546622650670828	0.0	0.0	500
primary::ATM+BRCA1+PIK3CA	primary	ATM+BRCA1+PIK3CA	3	1	9.120758847136082e-05	0.00011676820788974438	3	0.00011676820788974438	0.0	primary::BRCA1+PIK3CA	0.0700740517740801	6.39128527673113e-05	rule_a_one_step	False	True	False	rare_state	False	0.7810994905084262	1.1411707725454139	0.19051470246710867	False	relative_bottleneck	0.9551079895788759	0.0	4.498458534741325	0.004	0.0	500
metastatic::PTEN+RB1	metastatic	PTEN+RB1	2	1	9.120758847136082e-05	0.00011673354122456576	2	0.00011673354122456576	0.0	metastatic::PTEN	0.01745514472883301	6.368166628541776e-05	rule_a_one_step	False	True	False	rare_state	False	0.7813314556659348	1.1415096690127837	0.19094307977962266	False	relative_bottleneck	0.9589813880022731	0.0	3.0763538440350966	0.002	0.0	500
metastatic::BRCA2+NF1	metastatic	BRCA2+NF1	2	2	0.00018241517694272163	0.00011643275734818563	2	0.00011643275734818563	0.0	metastatic::BRCA2	0.04107019925175564	0.00010113967345835482	rule_a_one_step	False	True	False	rare_state	False	1.566699780462293	2.2889171232887886	1.1946652269893387	False	relative_bottleneck	1.9241865780568324	0.0	6.257469047896422	0.046	0.0	500
primary::BRCA1+BRCA2+PIK3CA	primary	BRCA1+BRCA2+PIK3CA	3	1	9.120758847136082e-05	0.00011517964868262868	3	0.00011517964868262868	0.0	primary::BRCA1+PIK3CA	0.04366122938630162	3.982235442019484e-05	rule_a_one_step	False	True	False	rare_state	False	0.7918724247093859	1.1569098144908745	0.21027640527691974	False	relative_bottleneck	1.009357445429543	0.0	4.082258800997106	0.002	0.0	500
metastatic::ATM+MAP3K1+NF1+PIK3CA+TP53	metastatic	ATM+MAP3K1+NF1+PIK3CA+TP53	5	1	9.120758847136082e-05	0.00011428631400049509	3	0.00011428631400049509	0.0	metastatic::ATM+MAP3K1+PIK3CA+TP53	0.24024725759698368	6.57371190068361e-05	rule_a_one_step	False	True	False	rare_state	False	0.7980622043064886	1.1659529589949296	0.2215095833979661	False	relative_bottleneck	0.915468973893138	0.0	5.499315825299518	0.0	0.0	500
primary::BRCA2+ESR1+GATA3	primary	BRCA2+ESR1+GATA3	3	1	9.120758847136082e-05	0.00011385048252063928	3	0.00011385048252063928	0.0	primary::BRCA2+GATA3	0.13341381696257823	7.301011508349775e-05	rule_a_one_step	False	True	False	rare_state	False	0.8011172693423505	1.1704163480631797	0.22702182590906514	False	relative_bottleneck	0.9680579340742774	0.0	4.633248356209021	0.0	0.0	500
primary::ESR1+NF1+PIK3CA+TP53	primary	ESR1+NF1+PIK3CA+TP53	4	2	0.00018241517694272163	0.00011309705808926952	2	0.00011309705808926952	0.0	primary::NF1+PIK3CA+TP53	0.02802685462351369	7.924411650209087e-05	rule_a_one_step	False	True	False	rare_state	False	1.6129082260108822	2.3564267403677635	1.2366008296872175	False	relative_bottleneck	2.1145113209655584	0.0	5.745877495955505	0.042	0.0	500
unknown::ATM+TP53	unknown	ATM+TP53	2	2	0.00018241517694272163	0.00011296798725894895	1	0.00011296798725894895	0.0	unknown::TP53	0.03753275794870049	0.00011296798725894895	rule_a_one_step	False	True	False	rare_state	False	1.6147510436725097	2.3591190602068286	1.238248230461859	False	relative_bottleneck	2.176726428273504	0.0	6.198814644414734	0.064	0.0	500
primary::ATM+NF1	primary	ATM+NF1	2	1	9.120758847136082e-05	0.00011032805807604052	2	0.00011032805807604052	0.0	primary::ATM	0.036171219593875745	7.91781530694106e-05	rule_a_one_step	False	True	False	rare_state	False	0.8266943988246774	1.2077840239681306	0.2723624948885521	False	relative_bottleneck	1.0442883716426026	0.0	3.649632127366569	0.0	0.0	500
metastatic::BRCA1+MAP2K4+TP53	metastatic	BRCA1+MAP2K4+TP53	3	2	0.00018241517694272163	0.00010994201213538522	2	0.00010994201213538522	0.0	metastatic::BRCA1+TP53	0.029270674278905732	7.742152080338073e-05	rule_a_one_step	False	True	False	rare_state	False	1.6591944402372478	2.4240499759334693	1.2774194427416157	False	relative_bottleneck	2.176514931010055	0.0	6.407690957759443	0.062	0.0	500
metastatic::BRCA1+GATA3+PIK3CA	metastatic	BRCA1+GATA3+PIK3CA	3	3	0.00027362276541408243	0.00010948522550937292	3	0.00010948522550937292	0.0	metastatic::BRCA1+GATA3	0.2599249925882028	4.741426351481262e-05	rule_a_one_step	False	True	False	rare_state	False	2.499175223340821	3.6512451422671055	1.8683885336482728	False	relative_bottleneck	3.2689140071041063	0.0	10.901864132614886	0.168	0.006	500
primary::BRCA2+RB1	primary	BRCA2+RB1	2	1	9.120758847136082e-05	0.00010687352637394403	2	0.00010687352637394403	0.0	primary::BRCA2	0.021207759858823567	7.156941944331193e-05	rule_a_one_step	False	True	False	rare_state	False	0.8534160957580352	1.2468238900846933	0.318257703464203	False	relative_bottleneck	1.083556476947286	0.0	3.6592112313771787	0.002	0.0	500
metastatic::ATM+ESR1+PIK3CA+TP53	metastatic	ATM+ESR1+PIK3CA+TP53	4	2	0.00018241517694272163	0.00010649851091452207	3	0.00010649851091452207	0.0	metastatic::ESR1+PIK3CA+TP53	0.07735685315848832	9.172191636814559e-05	rule_a_one_step	False	True	False	rare_state	False	1.712842495763057	2.5024287147674906	1.3233289724314075	False	relative_bottleneck	2.0743899793359466	0.0	7.068605460247019	0.036	0.0	500
metastatic::CBFB+GATA3+MAP3K1	metastatic	CBFB+GATA3+MAP3K1	3	1	9.120758847136082e-05	0.00010440244779787911	3	0.00010440244779787911	0.0	metastatic::GATA3+MAP3K1	0.10297458209800349	5.6352379842030366e-05	rule_a_one_step	False	True	False	rare_state	False	0.8736154134462568	1.276334690246852	0.3520066932444288	False	relative_bottleneck	1.099127994940289	0.0	4.261234708046205	0.002	0.0	500
metastatic::BRCA2+ESR1+PIK3CA+TP53	metastatic	BRCA2+ESR1+PIK3CA+TP53	4	2	0.00018241517694272163	0.00010252163547740673	3	0.00010252163547740673	0.0	metastatic::ESR1+PIK3CA+TP53	0.0647543737034824	7.67791734900831e-05	rule_a_one_step	False	True	False	rare_state	False	1.7792846779510927	2.5994994174096986	1.3782338318877394	False	relative_bottleneck	2.041395048925165	0.0	6.914319559759645	0.048	0.0	500
metastatic::CBFB+GATA3+MAP2K4	metastatic	CBFB+GATA3+MAP2K4	3	1	9.120758847136082e-05	0.00010121271040751238	2	0.00010121271040751238	0.0	metastatic::GATA3+MAP2K4	0.12765400721058912	8.150109909468477e-05	rule_a_one_step	False	True	False	rare_state	False	0.9011475653896084	1.3165586149642798	0.3967717535418334	False	relative_bottleneck	1.0888400588779197	0.0	5.080565060569954	0.002	0.0	500
metastatic::BRCA2+PIK3CA+PTEN	metastatic	BRCA2+PIK3CA+PTEN	3	2	0.00018241517694272163	0.00010107256045800895	3	0.00010107256045800895	0.0	metastatic::BRCA2+PIK3CA	0.035577327701466224	4.218398943077899e-05	rule_a_one_step	False	True	False	rare_state	False	1.8047942419912535	2.6367683815515885	1.398770847856683	False	relative_bottleneck	2.3103791780583443	0.0	9.84953340499756	0.068	0.0	500
primary::CBFB+PIK3CA+RB1+TP53	primary	CBFB+PIK3CA+RB1+TP53	4	1	9.120758847136082e-05	9.997608290733012e-05	3	9.997608290733012e-05	0.0	primary::CBFB+PIK3CA+TP53	0.11299635247642299	5.1530624077172104e-05	rule_a_one_step	False	True	False	rare_state	False	0.9122940698087655	1.3328434355457282	0.414507322041592	False	relative_bottleneck	1.1879125360639846	0.0	5.014795947131806	0.002	0.0	500
metastatic::AKT1+NF1+PIK3CA	metastatic	AKT1+NF1+PIK3CA	3	1	9.120758847136082e-05	9.958927906591199e-05	3	9.958927906591199e-05	0.0	metastatic::AKT1+NF1	0.135318128516913	4.936816071394126e-05	rule_a_one_step	False	True	False	rare_state	False	0.9158374115265835	1.338020187105101	0.4200998825090585	False	relative_bottleneck	1.1881395617700024	0.0	4.703195467418153	0.008	0.0	500
metastatic::ATM+BRCA2+GATA3	metastatic	ATM+BRCA2+GATA3	3	1	9.120758847136082e-05	9.667843895028793e-05	3	9.667843895028793e-05	0.0	metastatic::BRCA2+GATA3	0.08847574343502612	6.455727357535653e-05	rule_a_one_step	False	True	False	rare_state	False	0.9434118767148061	1.3783059306291279	0.4628961461081952	False	relative_bottleneck	1.0647435479186576	0.0	5.1070931702503515	0.006	0.0	500
metastatic::AKT1+PIK3CA+RUNX1+TP53	metastatic	AKT1+PIK3CA+RUNX1+TP53	4	1	9.120758847136082e-05	9.665769000280132e-05	3	9.665769000280132e-05	0.0	metastatic::AKT1+PIK3CA+TP53	0.1472601043643598	4.029371699134252e-05	rule_a_one_step	False	True	False	rare_state	False	0.9436143934859509	1.3786018035915213	0.4632058078730185	False	relative_bottleneck	1.2420407152674229	0.0	5.93412733450472	0.004	0.0	500
metastatic::AKT1+ESR1+GATA3+MAP3K1	metastatic	AKT1+ESR1+GATA3+MAP3K1	4	1	9.120758847136082e-05	9.632876627278266e-05	3	9.632876627278266e-05	0.0	metastatic::AKT1+ESR1+GATA3	0.12438015282289214	4.537765517070125e-05	rule_a_one_step	False	True	False	rare_state	False	0.9468364545046056	1.3833091704590292	0.468123635764875	False	relative_bottleneck	1.1619670332033287	0.0	6.688396792182986	0.0	0.0	500
primary::ESR1+GATA3+RUNX1	primary	ESR1+GATA3+RUNX1	3	1	9.120758847136082e-05	9.433053569424572e-05	2	9.433053569424572e-05	0.0	primary::GATA3+RUNX1	0.11603986756257105	7.408601540842734e-05	rule_a_one_step	False	True	False	rare_state	False	0.966893560321751	1.4126122019147	0.4983654634337093	False	relative_bottleneck	1.2901442733164452	0.0	5.881742964529565	0.0	0.0	500
metastatic::BRCA2+CBFB+GATA3	metastatic	BRCA2+CBFB+GATA3	3	1	9.120758847136082e-05	9.415191194290528e-05	2	9.415191194290528e-05	0.0	metastatic::BRCA2+GATA3	0.10370494991223857	7.566942715230833e-05	rule_a_one_step	False	True	False	rare_state	False	0.9687279378664359	1.4152921909112943	0.5010999321111779	False	relative_bottleneck	1.0894319181235592	0.0	4.992343141451671	0.002	0.0	500
metastatic::AKT1+MAP2K4+NF1+TP53	metastatic	AKT1+MAP2K4+NF1+TP53	4	2	0.00018241517694272163	9.331788999434427e-05	3	9.331788999434427e-05	0.0	metastatic::AKT1+MAP2K4+TP53	0.17861799812571302	4.887395059988499e-05	rule_a_one_step	False	True	False	rare_state	False	1.9547717484718692	2.855882526439221	1.513936636926824	False	relative_bottleneck	2.3346005854710246	0.0	9.356919720326472	0.052	0.0	500
primary::CBFB+MAP3K1	primary	CBFB+MAP3K1	2	1	9.120758847136082e-05	9.23624614291212e-05	2	9.23624614291212e-05	0.0	primary::MAP3K1	0.010216488467886774	5.6841097823886646e-05	rule_a_one_step	False	True	False	rare_state	False	0.9874962844494686	1.4427123708369252	0.5287837027887747	False	relative_bottleneck	1.2362516049216818	0.0	4.62133061254884	0.002	0.0	500
metastatic::NF1+PIK3CA+PTEN	metastatic	NF1+PIK3CA+PTEN	3	2	0.00018241517694272163	9.187225415300461e-05	2	9.187225415300461e-05	0.0	metastatic::PIK3CA+PTEN	0.06460506542428501	5.892472220383529e-05	rule_a_one_step	False	True	False	rare_state	False	1.985530633148455	2.9008206433059556	1.5364610969794437	False	relative_bottleneck	2.4152430190463408	0.0	8.620970953215819	0.048	0.0	500
metastatic::AKT1+ESR1+MAP2K4	metastatic	AKT1+ESR1+MAP2K4	3	1	9.120758847136082e-05	9.159578244291719e-05	3	9.159578244291719e-05	0.0	metastatic::AKT1+ESR1	0.06976895494308895	3.818074878315703e-05	rule_a_one_step	False	True	False	rare_state	False	0.9957618685384323	1.454788224290884	0.5408091531319705	False	relative_bottleneck	1.2269155956440807	0.0	5.455929252880141	0.004	0.0	500
metastatic::BRCA2+PIK3CA+RUNX1	metastatic	BRCA2+PIK3CA+RUNX1	3	1	9.120758847136082e-05	9.145104005745593e-05	2	9.145104005745593e-05	0.0	metastatic::BRCA2+PIK3CA	0.06585883956989412	7.80887371769996e-05	rule_a_one_step	False	True	False	rare_state	False	0.9973378915835178	1.4570907625177865	0.543090746006407	False	relative_bottleneck	1.2231809087655945	0.0	4.8383488737330715	0.006	0.0	500
metastatic::AKT1+GATA3+RB1+TP53	metastatic	AKT1+GATA3+RB1+TP53	4	1	9.120758847136082e-05	9.11900321899838e-05	3	9.11900321899838e-05	0.0	metastatic::AKT1+GATA3+TP53	0.06430295935415252	4.1054424979849296e-05	rule_a_one_step	False	True	False	rare_state	False	1.0001925131592007	1.461261307689601	0.5472141888182432	False	relative_bottleneck	1.28393431859811	0.0	5.5775664959651525	0.008	0.0	500
metastatic::BRCA2+MAP3K1+PIK3CA+RB1+TP53	metastatic	BRCA2+MAP3K1+PIK3CA+RB1+TP53	5	1	9.120758847136082e-05	9.034110627086695e-05	3	9.034110627086695e-05	0.0	metastatic::BRCA2+PIK3CA+RB1+TP53	0.23558572002985584	4.297441080442463e-05	rule_a_one_step	False	True	False	rare_state	False	1.0095912174055597	1.4749926270875462	0.5607077430230764	False	relative_bottleneck	1.1312294892033636	0.0	7.010238636650642	0.0	0.0	500
primary::BRCA2+RUNX1	primary	BRCA2+RUNX1	2	1	9.120758847136082e-05	8.990955268505145e-05	2	8.990955268505145e-05	0.0	primary::BRCA2	0.016113422251827488	5.437765626756813e-05	rule_a_one_step	False	True	False	rare_state	False	1.0144371174486788	1.482072390373891	0.5676159163905835	False	relative_bottleneck	1.2917524632031254	0.0	4.4374098055684525	0.002	0.0	500
metastatic::ESR1+GATA3+PIK3CA+RUNX1	metastatic	ESR1+GATA3+PIK3CA+RUNX1	4	1	9.120758847136082e-05	8.97022027380983e-05	2	8.97022027380983e-05	0.0	metastatic::ESR1+GATA3+PIK3CA	0.06564768676207511	8.382594077609008e-05	rule_a_one_step	False	True	False	rare_state	False	1.0167820261992422	1.4854982552770766	0.5709469107239248	False	relative_bottleneck	1.262584868662488	0.0	4.708136712185742	0.006	0.0	500
metastatic::NF1+PIK3CA+RB1	metastatic	NF1+PIK3CA+RB1	3	1	9.120758847136082e-05	8.794993116299619e-05	2	8.794993116299619e-05	0.0	metastatic::PIK3CA+RB1	0.04970445672287556	5.4401083607671164e-05	rule_a_one_step	False	True	False	rare_state	False	1.0370398956343396	1.515094598373302	0.599407874452904	False	relative_bottleneck	1.3518347012220353	0.0	4.681069699678301	0.002	0.0	500
primary::MAP2K4+RB1	primary	MAP2K4+RB1	2	1	9.120758847136082e-05	8.470913149495165e-05	2	8.470913149495165e-05	0.0	primary::MAP2K4	0.018322405485265376	5.84899846756921e-05	rule_a_one_step	False	True	False	rare_state	False	1.0767149395231554	1.5730590459699871	0.6535728244276726	False	relative_bottleneck	1.3251352382675443	0.0	5.272574067045272	0.006	0.0	500
primary::CBFB+PTEN	primary	CBFB+PTEN	2	2	0.00018241517694272163	8.411887389789903e-05	2	8.411887389789903e-05	0.0	primary::PTEN	0.006034379472164494	4.292973356702212e-05	rule_a_one_step	False	True	False	rare_state	False	2.1685403800767866	3.1681942324880525	1.6636607854356562	False	relative_bottleneck	2.9224312654478943	0.0	7.685527625374137	0.046	0.0	500
primary::BRCA1+GATA3+MAP3K1	primary	BRCA1+GATA3+MAP3K1	3	1	9.120758847136082e-05	8.408913569572065e-05	3	8.408913569572065e-05	0.0	primary::BRCA1+MAP3K1	0.08548854436914177	3.118881589534541e-05	rule_a_one_step	False	True	False	rare_state	False	1.0846536432095686	1.5846573336771477	0.6641709056950689	False	relative_bottleneck	1.4256331767067563	0.0	5.863903339482367	0.0	0.0	500
primary::ATM+BRCA1	primary	ATM+BRCA1	2	1	9.120758847136082e-05	8.402988802276439e-05	2	8.402988802276439e-05	0.0	primary::BRCA1	0.028561229295772834	4.428501441336539e-05	rule_a_one_step	False	True	False	rare_state	False	1.0854184092359318	1.5857746415844327	0.6651877605945248	False	relative_bottleneck	1.3625948646954997	0.0	4.731465532958267	0.004	0.0	500
unknown::RUNX1+TP53	unknown	RUNX1+TP53	2	2	0.00018241517694272163	8.379293131115264e-05	1	8.379293131115264e-05	0.0	unknown::TP53	0.02783956663319629	8.379293131115264e-05	rule_a_one_step	False	True	False	rare_state	False	2.1769756936700806	3.180518057361701	1.6692617774320981	False	relative_bottleneck	2.7123207683065447	0.0	8.721638137012272	0.048	0.0	500
metastatic::AKT1+ATM+ESR1	metastatic	AKT1+ATM+ESR1	3	1	9.120758847136082e-05	8.35121291002918e-05	3	8.35121291002918e-05	0.0	metastatic::ATM+ESR1	0.05129514568432117	3.742805230523252e-05	rule_a_one_step	False	True	False	rare_state	False	1.0921477917259128	1.5956061351497999	0.6741045757507842	False	relative_bottleneck	1.344905710952624	0.0	5.643211179000294	0.002	0.0	500
unknown::MAP2K4+TP53	unknown	MAP2K4+TP53	2	1	9.120758847136082e-05	8.17423704704952e-05	1	8.17423704704952e-05	0.0	unknown::TP53	0.027158283328439677	8.17423704704952e-05	rule_a_one_step	False	True	False	rare_state	False	1.115793276248195	1.6301517163048196	0.7050062406372118	False	relative_bottleneck	1.3790722052147806	0.0	5.2804051632377345	0.004	0.0	500
primary::ESR1+GATA3+NF1	primary	ESR1+GATA3+NF1	3	1	9.120758847136082e-05	8.166156672994644e-05	2	8.166156672994644e-05	0.0	primary::GATA3+NF1	0.09705744967418808	7.081900742370527e-05	rule_a_one_step	False	True	False	rare_state	False	1.1168973484930258	1.6317647438280605	0.7064330748475444	False	relative_bottleneck	1.3129340630110393	0.0	5.702148482756377	0.002	0.0	500
primary::ATM+GATA3+NF1	primary	ATM+GATA3+NF1	3	1	9.120758847136082e-05	8.141012409508536e-05	3	8.141012409508536e-05	0.0	primary::ATM+GATA3	0.029823757930293477	4.352244863961106e-05	rule_a_one_step	False	True	False	rare_state	False	1.1203469883485897	1.6368045988360505	0.7108821036591266	False	relative_bottleneck	1.3486853285543126	0.0	5.532860022144515	0.006	0.0	500
metastatic::ATM+MAP2K4+TP53	metastatic	ATM+MAP2K4+TP53	3	1	9.120758847136082e-05	7.8570041676241e-05	2	7.8570041676241e-05	0.0	metastatic::ATM+TP53	0.027396669634172106	5.2474467559067336e-05	rule_a_one_step	False	True	False	rare_state	False	1.1608443290172898	1.6959704056231653	0.7621109953532281	False	relative_bottleneck	1.5256402974560261	0.0	5.848300064077246	0.006	0.0	500
primary::BRCA2+GATA3+MAP3K1	primary	BRCA2+GATA3+MAP3K1	3	1	9.120758847136082e-05	7.850699754391959e-05	3	7.850699754391959e-05	0.0	primary::GATA3+MAP3K1	0.02093327544486815	3.245765072626401e-05	rule_a_one_step	False	True	False	rare_state	False	1.1617765315577067	1.6973323349370915	0.7632690699035837	False	relative_bottleneck	1.3200776079783219	0.0	5.615360075540589	0.0	0.0	500
metastatic::BRCA2+RB1	metastatic	BRCA2+RB1	2	1	9.120758847136082e-05	7.772374366829375e-05	2	7.772374366829375e-05	0.0	metastatic::BRCA2	0.021207759858823567	5.222633310728168e-05	rule_a_one_step	False	True	False	rare_state	False	1.1734842275113335	1.7144370451545192	0.7777349288807716	False	relative_bottleneck	1.5434286921003328	0.0	5.698652176659817	0.004	0.0	500
primary::AKT1+PIK3CA+RB1+TP53	primary	AKT1+PIK3CA+RB1+TP53	4	1	9.120758847136082e-05	7.680128568851402e-05	3	7.680128568851402e-05	0.0	primary::AKT1+RB1+TP53	0.10009465132281797	3.651756706414373e-05	rule_a_one_step	False	True	False	rare_state	False	1.1875789118127018	1.7350290977271137	0.7949598580741963	False	relative_bottleneck	1.4325745024806293	0.0	6.3164257128908545	0.002	0.0	500
metastatic::AKT1+MAP3K1+NF1	metastatic	AKT1+MAP3K1+NF1	3	2	0.00018241517694272163	7.672327936487854e-05	2	7.672327936487854e-05	0.0	metastatic::AKT1+NF1	0.11320517528074744	4.130068415933872e-05	rule_a_one_step	False	True	False	rare_state	False	2.3775727012087646	3.473586283426238	1.7964259341310982	False	relative_bottleneck	2.826861432128182	0.0	11.638039846743355	0.056	0.0	500
metastatic::BRCA1+GATA3+PIK3CA+TP53	metastatic	BRCA1+GATA3+PIK3CA+TP53	4	1	9.120758847136082e-05	7.588519172864366e-05	4	7.588519172864366e-05	0.0	metastatic::BRCA1+GATA3+TP53	0.3246217060061843	2.9607962970283134e-05	rule_a_one_step	False	True	False	rare_state	False	1.2019154882759304	1.75597454992239	0.8122719354388565	False	relative_bottleneck	1.3554773796518855	0.0	7.055014929190156	0.004	0.0	500
metastatic::ATM+PIK3CA+RUNX1	metastatic	ATM+PIK3CA+RUNX1	3	1	9.120758847136082e-05	7.555949565135301e-05	2	7.555949565135301e-05	0.0	metastatic::ATM+PIK3CA	0.07791771046538176	5.685349176605747e-05	rule_a_one_step	False	True	False	rare_state	False	1.2070962951515056	1.7635436054094964	0.8184772483075623	False	relative_bottleneck	1.5596310709889392	0.0	6.45191035556351	0.002	0.0	500
metastatic::ATM+GATA3+PTEN	metastatic	ATM+GATA3+PTEN	3	1	9.120758847136082e-05	7.471115586239513e-05	3	7.471115586239513e-05	0.0	metastatic::GATA3+PTEN	0.04569783388009195	3.7511903039112326e-05	rule_a_one_step	False	True	False	rare_state	False	1.2208027863810118	1.7835685156486278	0.8347666378893175	False	relative_bottleneck	1.6138704676238531	0.0	6.928381919223182	0.002	0.0	500
metastatic::AKT1+GATA3+RUNX1	metastatic	AKT1+GATA3+RUNX1	3	1	9.120758847136082e-05	7.387912938277912e-05	2	7.387912938277912e-05	0.0	metastatic::AKT1+GATA3	0.0419617495650398	4.97539898162639e-05	rule_a_one_step	False	True	False	rare_state	False	1.2345514626228042	1.8036550573491101	0.8509234546490501	False	relative_bottleneck	1.6092877960709342	0.0	6.795534709484887	0.002	0.0	500
primary::MAP2K4+RUNX1	primary	MAP2K4+RUNX1	2	1	9.120758847136082e-05	7.312317543113069e-05	2	7.312317543113069e-05	0.0	primary::MAP2K4	0.013726959384120859	4.3820100186449296e-05	rule_a_one_step	False	True	False	rare_state	False	1.2473143662907271	1.8223014049855244	0.8657615977324313	False	relative_bottleneck	1.5750792626834995	0.0	5.594293088211685	0.002	0.0	500
metastatic::ESR1+GATA3+RB1+TP53	metastatic	ESR1+GATA3+RB1+TP53	4	1	9.120758847136082e-05	7.301324499802215e-05	4	7.301324499802215e-05	0.0	metastatic::ESR1+GATA3+TP53	0.052247183275558697	2.8592037545909537e-05	rule_a_one_step	False	True	False	rare_state	False	1.2491923516704289	1.8250451041590936	0.8679321191940533	False	relative_bottleneck	1.5093573835599283	0.0	7.196073663623387	0.002	0.0	500
metastatic::CBFB+PIK3CA+PTEN+TP53	metastatic	CBFB+PIK3CA+PTEN+TP53	4	1	9.120758847136082e-05	7.284570423496326e-05	2	7.284570423496326e-05	0.0	metastatic::PIK3CA+PTEN+TP53	0.03654875018481677	6.667046731998681e-05	rule_a_one_step	False	True	False	rare_state	False	1.2520654193294094	1.8292425986906033	0.8712464215700463	False	relative_bottleneck	1.53893326470794	0.0	6.85101025120114	0.004	0.0	500
primary::BRCA1+NF1	primary	BRCA1+NF1	2	2	0.00018241517694272163	7.215205983596357e-05	2	7.215205983596357e-05	0.0	primary::BRCA1	0.02816690143421302	4.367359762692643e-05	rule_a_one_step	False	True	False	rare_state	False	2.5282046670494873	3.693656580382395	1.8850497372432267	False	relative_bottleneck	2.997335099767736	0.0	10.725358626664555	0.062	0.0	500
metastatic::ATM+GATA3+MAP3K1	metastatic	ATM+GATA3+MAP3K1	3	1	9.120758847136082e-05	7.07442245099584e-05	3	7.07442245099584e-05	0.0	metastatic::ATM+GATA3	0.05219765775081113	3.808657989843935e-05	rule_a_one_step	False	True	False	rare_state	False	1.289258420936729	1.8835808320312508	0.9134779464620322	False	relative_bottleneck	1.5640125843393258	0.0	7.93049758132442	0.01	0.0	500
metastatic::ATM+NF1	metastatic	ATM+NF1	2	1	9.120758847136082e-05	7.050858087585434e-05	2	7.050858087585434e-05	0.0	metastatic::ATM	0.036171219593875745	5.938361480205795e-05	rule_a_one_step	False	True	False	rare_state	False	1.2935671948692937	1.8898758647858462	0.9182914751133274	False	relative_bottleneck	1.655487435284435	0.0	6.057974384683084	0.002	0.0	500
primary::ATM+GATA3+RUNX1	primary	ATM+GATA3+RUNX1	3	1	9.120758847136082e-05	7.048575445944656e-05	2	7.048575445944656e-05	0.0	primary::ATM+GATA3	0.030179339516517724	4.404135646336042e-05	rule_a_one_step	False	True	False	rare_state	False	1.2939861093471063	1.890487890480505	0.9187586081721845	False	relative_bottleneck	1.7104018366762532	0.0	6.454878559892731	0.002	0.0	500
metastatic::ATM+PIK3CA+RB1	metastatic	ATM+PIK3CA+RB1	3	1	9.120758847136082e-05	6.9682810856034e-05	2	6.9682810856034e-05	0.0	metastatic::PIK3CA+RB1	0.04066756243531968	4.4510283584808115e-05	rule_a_one_step	False	True	False	rare_state	False	1.3088964988926886	1.9122716721414168	0.9352874983232796	False	relative_bottleneck	1.5539587230681442	0.0	7.1927887948014995	0.002	0.0	500
unknown::CBFB+GATA3	unknown	CBFB+GATA3	2	1	9.120758847136082e-05	6.444078319034331e-05	1	6.444078319034331e-05	0.0	unknown::GATA3	0.11775479114982068	6.444078319034331e-05	rule_a_one_step	False	True	False	rare_state	False	1.4153705548019793	2.067828143646679	1.048116288838854	False	relative_bottleneck	1.5533719860302244	0.0	9.403579062847228	0.002	0.0	500
primary::BRCA1+CBFB+GATA3+MAP3K1+PIK3CA	primary	BRCA1+CBFB+GATA3+MAP3K1+PIK3CA	5	1	9.120758847136082e-05	6.389796198752298e-05	2	6.389796198752298e-05	0.0	primary::BRCA1+CBFB+GATA3+PIK3CA	0.2703742031011207	4.932035809943829e-05	rule_a_one_step	False	True	False	rare_state	False	1.4273943050292612	2.0853946028525727	1.0603203993600305	False	relative_bottleneck	1.869019927848977	0.0	22.93283781643144	0.006	0.0	500
primary::AKT1+PIK3CA+PTEN	primary	AKT1+PIK3CA+PTEN	3	1	9.120758847136082e-05	6.039044417430345e-05	3	6.039044417430345e-05	0.0	primary::PIK3CA+PTEN	0.011693068243208067	4.3726358808056435e-05	rule_a_one_step	False	True	False	rare_state	False	1.5102983296134116	2.206515728818533	1.141770031387146	False	relative_bottleneck	1.9826107665358412	0.0	8.121329902011562	0.008	0.0	500
primary::BRCA2+MAP3K1+PTEN	primary	BRCA2+MAP3K1+PTEN	3	1	9.120758847136082e-05	6.0308902822504953e-05	3	6.0308902822504953e-05	0.0	primary::BRCA2+PTEN	0.06619252882390682	3.622356557309749e-05	rule_a_one_step	False	True	False	rare_state	False	1.5123403459594247	2.2094990739614335	1.1437193264370649	False	relative_bottleneck	1.739939767842201	0.0	8.953223817117571	0.004	0.0	500
metastatic::AKT1+CBFB+NF1+TP53	metastatic	AKT1+CBFB+NF1+TP53	4	1	9.120758847136082e-05	5.9824329558875275e-05	4	5.9824329558875275e-05	0.0	metastatic::AKT1+CBFB+TP53	0.15668257096210245	2.8581278905892457e-05	rule_a_one_step	False	True	False	rare_state	False	1.5245902063475687	2.2273958756014047	1.155357991448833	False	relative_bottleneck	1.7208371294295568	0.0	12.483855650002361	0.008	0.0	500
metastatic::CBFB+ESR1	metastatic	CBFB+ESR1	2	1	9.120758847136082e-05	5.8592883592629576e-05	2	5.8592883592629576e-05	0.0	metastatic::ESR1	0.006127847464695197	4.191796423313934e-05	rule_a_one_step	False	True	False	rare_state	False	1.5566325007803739	2.2742090285177006	1.1853648622102306	False	relative_bottleneck	1.9391192597648748	0.0	7.043180031006036	0.008	0.0	500
metastatic::MAP2K4+NF1	metastatic	MAP2K4+NF1	2	1	9.120758847136082e-05	5.815478912004036e-05	2	5.815478912004036e-05	0.0	metastatic::MAP2K4	0.02623722156936176	4.546764044307492e-05	rule_a_one_step	False	True	False	rare_state	False	1.5683589998879617	2.2913412097679386	1.1961923102297933	False	relative_bottleneck	2.0134965216948935	0.0	7.311497981336944	0.002	0.0	500
primary::NF1+RB1	primary	NF1+RB1	2	2	0.00018241517694272163	5.6824347925227254e-05	2	5.6824347925227254e-05	0.0	primary::RB1	0.017529719907933936	2.8779182628859067e-05	rule_a_one_step	False	True	False	rare_state	False	3.2101586800889526	4.689977788317297	2.229581090169145	False	relative_bottleneck	3.8862722925682687	0.0	12.679948906071619	0.046	0.0	500
metastatic::BRCA2+ESR1+GATA3+PIK3CA	metastatic	BRCA2+ESR1+GATA3+PIK3CA	4	1	9.120758847136082e-05	5.60962378897095e-05	2	5.60962378897095e-05	0.0	metastatic::BRCA2+ESR1+PIK3CA	0.10538350437243856	2.8835325895413684e-05	rule_a_one_step	False	True	False	rare_state	False	1.6259127220754237	2.375426049675822	1.2481862943401625	False	relative_bottleneck	2.0133666703114264	0.0	8.419461520686623	0.0	0.0	500
primary::ATM+BRCA1+RUNX1+TP53	primary	ATM+BRCA1+RUNX1+TP53	4	1	9.120758847136082e-05	5.605202929221129e-05	3	5.605202929221129e-05	0.0	primary::ATM+BRCA1+TP53	0.08058486135068002	2.939980348437797e-05	rule_a_one_step	False	True	False	rare_state	False	1.6271950899169225	2.377299563508763	1.2493237087317386	False	relative_bottleneck	1.7169513023472471	0.0	11.226288160377441	0.0	0.0	500
metastatic::ATM+BRCA1	metastatic	ATM+BRCA1	2	1	9.120758847136082e-05	5.585866368549948e-05	2	5.585866368549948e-05	0.0	metastatic::ATM	0.018156783093893777	2.980865520704925e-05	rule_a_one_step	False	True	False	rare_state	False	1.6328279414641587	2.385529047242786	1.2543092533136173	False	relative_bottleneck	1.9972712119365978	0.0	7.362590083007092	0.0	0.0	500
unknown::BRCA2+PIK3CA	unknown	BRCA2+PIK3CA	2	2	0.00018241517694272163	5.462258617549446e-05	2	5.462258617549446e-05	0.0	unknown::PIK3CA	0.0263440469783095	2.883332394561419e-05	rule_a_one_step	False	True	False	rare_state	False	3.339555784068742	4.8790243757342715	2.2865926910243632	False	relative_bottleneck	4.433902429101316	0.0	21.033311897422582	0.044	0.0	500
metastatic::BRCA1+PTEN+RB1+TP53	metastatic	BRCA1+PTEN+RB1+TP53	4	1	9.120758847136082e-05	5.394773721206115e-05	3	5.394773721206115e-05	0.0	metastatic::PTEN+RB1+TP53	0.0602901363444698	2.199567177835454e-05	rule_a_one_step	False	True	False	rare_state	False	1.690665660770361	2.470028801275351	1.3045278641641507	False	relative_bottleneck	1.980090488314402	0.0	9.693432427162504	0.004	0.0	500
metastatic::PTEN+RUNX1	metastatic	PTEN+RUNX1	2	1	9.120758847136082e-05	5.371062393758444e-05	2	5.371062393758444e-05	0.0	metastatic::PTEN	0.008794002966909633	3.208319214487279e-05	rule_a_one_step	False	True	False	rare_state	False	1.6981293473563286	2.4809330984754445	1.3108828316434578	False	relative_bottleneck	2.1341049259049623	0.0	8.423007296261185	0.006	0.0	500
primary::AKT1+MAP2K4+NF1+TP53	primary	AKT1+MAP2K4+NF1+TP53	4	1	9.120758847136082e-05	5.3135703231986564e-05	3	5.3135703231986564e-05	0.0	primary::AKT1+MAP2K4+TP53	0.17861799812571302	3.258263373325666e-05	rule_a_one_step	False	True	False	rare_state	False	1.7165028635577164	2.5077764390904353	1.3264087418435206	False	relative_bottleneck	1.8861240771973211	0.0	12.714496547608919	0.0	0.0	500
metastatic::MAP3K1+RUNX1	metastatic	MAP3K1+RUNX1	2	1	9.120758847136082e-05	5.312461844631224e-05	2	5.312461844631224e-05	0.0	metastatic::MAP3K1	0.017087057163683386	3.4286324115380744e-05	rule_a_one_step	False	True	False	rare_state	False	1.716861022666435	2.5082997024029288	1.3267097378282136	False	relative_bottleneck	2.1338491522332714	0.0	7.600670543217569	0.0	0.0	500
primary::BRCA2+CBFB	primary	BRCA2+CBFB	2	1	9.120758847136082e-05	5.2074922003683325e-05	2	5.2074922003683325e-05	0.0	primary::BRCA2	0.009894559223090389	3.339097877183002e-05	rule_a_one_step	False	True	False	rare_state	False	1.7514685228609859	2.5588605697607796	1.3555015382351285	False	relative_bottleneck	2.1420620364885563	0.0	8.612022686041728	0.004	0.0	500
metastatic::AKT1+ATM+MAP3K1	metastatic	AKT1+ATM+MAP3K1	3	1	9.120758847136082e-05	5.141493880019407e-05	3	5.141493880019407e-05	0.0	metastatic::AKT1+MAP3K1	0.05206167197561685	2.37420977634152e-05	rule_a_one_step	False	True	False	rare_state	False	1.7739510894266677	2.5917071509816467	1.373902710624056	False	relative_bottleneck	2.1644856732637656	0.0	10.084200966680951	0.002	0.0	500
primary::ESR1+GATA3+MAP2K4+PIK3CA	primary	ESR1+GATA3+MAP2K4+PIK3CA	4	1	9.120758847136082e-05	5.086624847798803e-05	2	5.086624847798803e-05	0.0	primary::GATA3+MAP2K4+PIK3CA	0.0758822825836334	3.460520001077773e-05	rule_a_one_step	False	True	False	rare_state	False	1.7930865634359414	2.6196636967527516	1.3893816155151086	False	relative_bottleneck	1.8168291359307118	0.0	11.434699679945401	0.0	0.0	500
metastatic::ATM+NF1+PIK3CA+PTEN	metastatic	ATM+NF1+PIK3CA+PTEN	4	1	9.120758847136082e-05	5.0491937077788414e-05	3	5.0491937077788414e-05	0.0	metastatic::ATM+NF1+PTEN	0.4329897514423383	3.9491951061869604e-05	rule_a_one_step	False	True	False	rare_state	False	1.8063792348561751	2.639084024506322	1.400037284657665	False	relative_bottleneck	2.3794486530200407	0.0	43.63655308606021	0.004	0.0	500
primary::NF1+RUNX1	primary	NF1+RUNX1	2	1	9.120758847136082e-05	5.048548785991198e-05	2	5.048548785991198e-05	0.0	primary::RUNX1	0.018732713392207726	3.075418105251177e-05	rule_a_one_step	False	True	False	rare_state	False	1.8066099889503937	2.639421151634386	1.4002215685108539	False	relative_bottleneck	2.305720472494161	0.0	9.077431239772359	0.01	0.0	500
metastatic::BRCA1+NF1+PIK3CA+RB1+TP53	metastatic	BRCA1+NF1+PIK3CA+RB1+TP53	5	2	0.00018241517694272163	5.0271727148499e-05	3	5.0271727148499e-05	0.0	metastatic::BRCA1+NF1+RB1+TP53	0.32255794549952443	2.9419732351288256e-05	rule_a_one_step	False	True	False	rare_state	False	3.628583771854442	5.301288499724372	2.4063430551920924	False	relative_bottleneck	4.41829429573478	0.0	252074810.12533832	0.048	0.0	500
primary::BRCA2+NF1+PTEN+TP53	primary	BRCA2+NF1+PTEN+TP53	4	1	9.120758847136082e-05	5.022411360227769e-05	2	5.022411360227769e-05	0.0	primary::NF1+PTEN+TP53	0.05790608557609168	2.640737211605786e-05	rule_a_one_step	False	True	False	rare_state	False	1.8160118738504252	2.6531571179038917	1.407710113376236	False	relative_bottleneck	2.1953809213969997	0.0	10.75169100283418	0.004	0.0	500
unknown::NF1+PIK3CA	unknown	NF1+PIK3CA	2	1	9.120758847136082e-05	4.940264853817461e-05	1	4.940264853817461e-05	0.0	unknown::PIK3CA	0.04513755321437887	4.940264853817461e-05	rule_a_one_step	False	True	False	rare_state	False	1.846208438696846	2.6972736967171462	1.4315019215966052	False	relative_bottleneck	2.286906357463601	0.0	9.530963368777316	0.0	0.0	500
metastatic::ATM+BRCA2+NF1+PIK3CA+TP53	metastatic	ATM+BRCA2+NF1+PIK3CA+TP53	5	2	0.00018241517694272163	4.817140602821339e-05	2	4.817140602821339e-05	0.0	metastatic::BRCA2+NF1+PIK3CA+TP53	0.15415002439262013	4.217895596295698e-05	rule_a_one_step	False	True	False	rare_state	False	3.7867936229449004	5.532429935850101	2.4679132754719877	False	relative_bottleneck	4.629158578272646	0.0	43.93701497877942	0.062	0.0	500
metastatic::BRCA1+NF1+RB1+TP53	metastatic	BRCA1+NF1+RB1+TP53	4	1	9.120758847136082e-05	4.816144710850597e-05	3	4.816144710850597e-05	0.0	metastatic::BRCA1+RB1+TP53	0.13898348885298822	2.5352697711234627e-05	rule_a_one_step	False	True	False	rare_state	False	1.893788331818293	2.7667869713394193	1.4682115679726158	False	relative_bottleneck	2.3099445897489845	0.0	13.545384459237306	0.004	0.0	500
metastatic::GATA3+PTEN+RB1+TP53	metastatic	GATA3+PTEN+RB1+TP53	4	1	9.120758847136082e-05	4.750391815497709e-05	3	4.750391815497709e-05	0.0	metastatic::PTEN+RB1+TP53	0.06326483931766308	2.3080933716768728e-05	rule_a_one_step	False	True	False	rare_state	False	1.9200013408115777	2.8050836545239592	1.488043796205633	False	relative_bottleneck	2.23396152541749	0.0	10.900222697276163	0.006	0.0	500
primary::CBFB+ESR1	primary	CBFB+ESR1	2	1	9.120758847136082e-05	4.732249346336025e-05	2	4.732249346336025e-05	0.0	primary::CBFB	0.04570595396436273	3.3349838718980466e-05	rule_a_one_step	False	True	False	rare_state	False	1.927362230280969	2.815837767187557	1.493564216355804	False	relative_bottleneck	2.327043104911211	0.0	10.544969432451312	0.004	0.0	500
metastatic::BRCA2+ESR1+PIK3CA+RB1	metastatic	BRCA2+ESR1+PIK3CA+RB1	4	1	9.120758847136082e-05	4.6767997982134996e-05	3	4.6767997982134996e-05	0.0	metastatic::BRCA2+ESR1+RB1	0.29336446672285155	2.675706555297807e-05	rule_a_one_step	False	True	False	rare_state	False	1.950213617354067	2.849223187811718	1.5105686365222581	False	relative_bottleneck	2.2636113935744433	0.0	27.446426248474413	0.006	0.0	500
primary::GATA3+NF1+PIK3CA+RUNX1+TP53	primary	GATA3+NF1+PIK3CA+RUNX1+TP53	5	1	9.120758847136082e-05	4.6190227811442924e-05	3	4.6190227811442924e-05	0.0	primary::GATA3+NF1+PIK3CA+TP53	0.11066465355169985	3.0280368538407475e-05	rule_a_one_step	False	True	False	rare_state	False	1.9746078514502947	2.8848626771565717	1.5285026465309337	False	relative_bottleneck	2.360922275091231	0.0	15.236253319063731	0.002	0.0	500
primary::AKT1+MAP3K1+NF1+TP53	primary	AKT1+MAP3K1+NF1+TP53	4	1	9.120758847136082e-05	4.5240669231307294e-05	2	4.5240669231307294e-05	0.0	primary::AKT1+NF1+TP53	0.11304580131403026	3.093190477399588e-05	rule_a_one_step	False	True	False	rare_state	False	2.016052989600575	2.9454131971555304	1.5584700366608568	False	relative_bottleneck	2.5462918111550983	0.0	27.964902795718753	0.0	0.0	500
primary::MAP3K1+NF1+PTEN+TP53	primary	MAP3K1+NF1+PTEN+TP53	4	1	9.120758847136082e-05	4.5102006086215695e-05	2	4.5102006086215695e-05	0.0	primary::MAP3K1+PTEN+TP53	0.06809604178864974	2.4843503023951017e-05	rule_a_one_step	False	True	False	rare_state	False	2.022251211503981	2.9544686757006686	1.5628987030411003	False	relative_bottleneck	2.527050446541518	0.0	11.2443565599446	0.006	0.0	500
metastatic::BRCA1+MAP3K1+NF1+PIK3CA+RB1+TP53	metastatic	BRCA1+MAP3K1+NF1+PIK3CA+RB1+TP53	6	1	9.120758847136082e-05	4.4901928334069585e-05	1	4.4901928334069585e-05	0.0	metastatic::BRCA1+NF1+PIK3CA+RB1+TP53	0.24615237112736946	4.4901928334069585e-05	rule_a_one_step	False	True	False	rare_state	False	2.031262126684533	2.9676334430099374	1.5693129037476292	False	relative_bottleneck	2.5792426347739124	0.0	241851304.86736193	0.0	0.0	500
primary::ATM+ESR1+GATA3+PIK3CA	primary	ATM+ESR1+GATA3+PIK3CA	4	1	9.120758847136082e-05	4.467011857808942e-05	2	4.467011857808942e-05	0.0	primary::ATM+GATA3+PIK3CA	0.08884805951261428	3.241446899402199e-05	rule_a_one_step	False	True	False	rare_state	False	2.0418030964058107	2.9830335894783198	1.5767802227622862	False	relative_bottleneck	2.154623573433202	0.0	12.376104969600835	0.004	0.0	500
metastatic::AKT1+ATM+PIK3CA+TP53	metastatic	AKT1+ATM+PIK3CA+TP53	4	1	9.120758847136082e-05	4.293483467732786e-05	3	4.293483467732786e-05	0.0	metastatic::AKT1+PIK3CA+TP53	0.06698744637460238	1.8329290325046254e-05	rule_a_one_step	False	True	False	rare_state	False	2.12432601714891	3.1035979303356003	1.6339416691607354	False	relative_bottleneck	2.3590507095442357	0.0	14.592484041148403	0.006	0.0	500
metastatic::ESR1+PTEN+RB1	metastatic	ESR1+PTEN+RB1	3	1	9.120758847136082e-05	4.2708769170404945e-05	3	4.2708769170404945e-05	0.0	metastatic::ESR1+PTEN	0.03153923869629536	3.4519414844540704e-05	rule_a_one_step	False	True	False	rare_state	False	2.1355704720002247	3.120025854544301	1.64155798423762	False	relative_bottleneck	2.5942591178310606	0.0	11.946455765459241	0.01	0.0	500
metastatic::CBFB+PTEN	metastatic	CBFB+PTEN	2	1	9.120758847136082e-05	4.260981814852672e-05	2	4.260981814852672e-05	0.0	metastatic::PTEN	0.006034379472164494	2.2015247983088266e-05	rule_a_one_step	False	True	False	rare_state	False	2.1405298190408866	3.127271361630766	1.6449044111699247	False	relative_bottleneck	2.4148329096126524	0.0	10.782002418647206	0.002	0.0	500
metastatic::ATM+ESR1+MAP2K4	metastatic	ATM+ESR1+MAP2K4	3	1	9.120758847136082e-05	4.253458184888293e-05	2	4.253458184888293e-05	0.0	metastatic::ATM+ESR1	0.031638624740110366	2.308546132076641e-05	rule_a_one_step	False	True	False	rare_state	False	2.144316045026316	3.13280296225953	1.6474540342125428	False	relative_bottleneck	2.6010323902048142	0.0	12.143348150776461	0.002	0.0	500
metastatic::AKT1+RB1+RUNX1+TP53	metastatic	AKT1+RB1+RUNX1+TP53	4	1	9.120758847136082e-05	4.205223481003671e-05	3	4.205223481003671e-05	0.0	metastatic::AKT1+RUNX1+TP53	0.10453463700156734	1.906870430528408e-05	rule_a_one_step	False	True	False	rare_state	False	2.168911752596804	3.1687368003308434	1.6639078324475296	False	relative_bottleneck	2.8814052633901452	0.0	16.905273905308512	0.002	0.0	500
metastatic::ATM+GATA3+NF1	metastatic	ATM+GATA3+NF1	3	1	9.120758847136082e-05	4.120616993487975e-05	3	4.120616993487975e-05	0.0	metastatic::ATM+GATA3	0.029823757930293477	2.176122431980553e-05	rule_a_one_step	False	True	False	rare_state	False	2.2134448894924232	3.233798824890564	1.6932299313284864	False	relative_bottleneck	2.4576683091923526	0.0	13.623892901950203	0.004	0.0	500
metastatic::ATM+GATA3+MAP3K1+PIK3CA+TP53	metastatic	ATM+GATA3+MAP3K1+PIK3CA+TP53	5	1	9.120758847136082e-05	4.039369004505673e-05	3	4.039369004505673e-05	0.0	metastatic::ATM+MAP3K1+PIK3CA+TP53	0.059706394743602016	1.633702884264922e-05	rule_a_one_step	False	True	False	rare_state	False	2.257966185106091	3.2988435495735895	1.7219603585010577	False	relative_bottleneck	2.581377660677812	0.0	24.925296250604728	0.008	0.0	500
unknown::ATM+PIK3CA	unknown	ATM+PIK3CA	2	1	9.120758847136082e-05	4.031738802718784e-05	1	4.031738802718784e-05	0.0	unknown::PIK3CA	0.03683665352750729	4.031738802718784e-05	rule_a_one_step	False	True	False	rare_state	False	2.2622394622294464	3.3050867221980984	1.7246881271168362	False	relative_bottleneck	2.565309961504018	0.0	11.478722314041818	0.004	0.0	500
primary::ATM+CBFB+GATA3+MAP3K1+PIK3CA	primary	ATM+CBFB+GATA3+MAP3K1+PIK3CA	5	1	9.120758847136082e-05	4.00777326703028e-05	1	4.00777326703028e-05	0.0	primary::CBFB+GATA3+MAP3K1+PIK3CA	0.10985306524929998	4.00777326703028e-05	rule_a_one_step	False	True	False	rare_state	False	2.275767118512111	3.3248503581476863	1.7332894105637806	False	relative_bottleneck	2.7038653487020468	0.0	24.116403439510727	0.004	0.0	500
metastatic::AKT1+ATM+MAP3K1+PIK3CA	metastatic	AKT1+ATM+MAP3K1+PIK3CA	4	1	9.120758847136082e-05	3.87385059445779e-05	2	3.87385059445779e-05	0.0	metastatic::AKT1+ATM+MAP3K1	0.23532954924318192	2.1463840682522976e-05	rule_a_one_step	False	True	False	rare_state	False	2.354442534448965	3.4397935712415153	1.782321988566275	False	relative_bottleneck	2.7137178823750925	0.0	24.7494380079503	0.008	0.0	500
metastatic::CBFB+ESR1+PIK3CA+TP53	metastatic	CBFB+ESR1+PIK3CA+TP53	4	1	9.120758847136082e-05	3.839234627124588e-05	3	3.839234627124588e-05	0.0	metastatic::ESR1+PIK3CA+TP53	0.025741345997896597	3.0521479202175826e-05	rule_a_one_step	False	True	False	rare_state	False	2.375671063479652	3.4708080286420486	1.795271571509046	False	relative_bottleneck	3.0114700758528032	0.0	11.82784498698479	0.01	0.0	500
metastatic::CBFB+MAP3K1	metastatic	CBFB+MAP3K1	2	1	9.120758847136082e-05	3.8260749870248526e-05	2	3.8260749870248526e-05	0.0	metastatic::MAP3K1	0.010216488467886774	2.050006806763125e-05	rule_a_one_step	False	True	False	rare_state	False	2.383842093969035	3.482745741173383	1.800225152414225	False	relative_bottleneck	2.920563013316503	0.0	13.457517181772602	0.004	0.0	500
metastatic::BRCA2+ESR1+RB1	metastatic	BRCA2+ESR1+RB1	3	1	9.120758847136082e-05	3.7942123317482416e-05	3	3.7942123317482416e-05	0.0	metastatic::BRCA2+ESR1	0.030075860169237554	2.7431466772380112e-05	rule_a_one_step	False	True	False	rare_state	False	2.40386088317505	3.5119927928246164	1.8122898842335065	False	relative_bottleneck	2.8566936084303105	0.0	13.396337664188126	0.006	0.0	500
metastatic::BRCA1+ESR1+MAP3K1	metastatic	BRCA1+ESR1+MAP3K1	3	1	9.120758847136082e-05	3.664409482841556e-05	2	3.664409482841556e-05	0.0	metastatic::ESR1+MAP3K1	0.020889270742883156	2.286312011260469e-05	rule_a_one_step	False	True	False	rare_state	False	2.4890118424107532	3.636396645489711	1.8625095722688108	False	relative_bottleneck	3.169704588770829	0.0	14.459407257502333	0.008	0.0	500
metastatic::AKT1+ATM+NF1	metastatic	AKT1+ATM+NF1	3	1	9.120758847136082e-05	3.631623386464658e-05	3	3.631623386464658e-05	0.0	metastatic::AKT1+ATM	0.10699192708662172	1.9516951310948874e-05	rule_a_one_step	False	True	False	rare_state	False	2.511482503935184	3.6692258336828174	1.875475702380842	False	relative_bottleneck	3.0220296996818607	0.0	17.896953530979086	0.002	0.0	500
metastatic::AKT1+CBFB+ESR1	metastatic	AKT1+CBFB+ESR1	3	1	9.120758847136082e-05	3.582858023066804e-05	3	3.582858023066804e-05	0.0	metastatic::AKT1+ESR1	0.030550277963688543	1.6718503081186723e-05	rule_a_one_step	False	True	False	rare_state	False	2.5456656484429874	3.719166725848309	1.894979423713015	False	relative_bottleneck	2.878665141131936	0.0	15.191601739665929	0.002	0.0	500
primary::BRCA1+BRCA2+PTEN	primary	BRCA1+BRCA2+PTEN	3	1	9.120758847136082e-05	3.54347027157118e-05	3	3.54347027157118e-05	0.0	primary::BRCA1+BRCA2	0.07125192480636558	1.2997432471062674e-05	rule_a_one_step	False	True	False	rare_state	False	2.5739622152087938	3.7605074453711187	1.91092735326566	False	relative_bottleneck	2.963579237438662	0.0	13.66912888114987	0.002	0.0	500
metastatic::AKT1+MAP2K4+NF1	metastatic	AKT1+MAP2K4+NF1	3	1	9.120758847136082e-05	3.513283478498675e-05	3	3.513283478498675e-05	0.0	metastatic::AKT1+NF1	0.04402507186852194	1.6061682549624934e-05	rule_a_one_step	False	True	False	rare_state	False	2.596078182517119	3.7928184323907144	1.9232703094230066	False	relative_bottleneck	2.9780304781877645	0.0	16.749854569075538	0.006	0.0	500
metastatic::BRCA1+GATA3+MAP3K1+PIK3CA	metastatic	BRCA1+GATA3+MAP3K1+PIK3CA	4	1	9.120758847136082e-05	3.446392332281619e-05	2	3.446392332281619e-05	0.0	metastatic::BRCA1+GATA3+PIK3CA	0.11815195944036458	3.232906588116506e-05	rule_a_one_step	False	True	False	rare_state	False	2.646465550963926	3.8664333724536575	1.951003352305756	False	relative_bottleneck	2.745165716870067	0.0	25.744832530723208	0.002	0.0	500
primary::ATM+MAP2K4+PIK3CA+PTEN	primary	ATM+MAP2K4+PIK3CA+PTEN	4	1	9.120758847136082e-05	3.35498822815436e-05	3	3.35498822815436e-05	0.0	primary::ATM+PIK3CA+PTEN	0.12624462654158228	2.3028935888650544e-05	rule_a_one_step	False	True	False	rare_state	False	2.718566491154852	3.971771407644761	1.9897825920134449	False	relative_bottleneck	3.352743081771912	0.0	29.327227313911642	0.0	0.0	500
metastatic::AKT1+BRCA2+PIK3CA	metastatic	AKT1+BRCA2+PIK3CA	3	1	9.120758847136082e-05	3.254790796578193e-05	2	3.254790796578193e-05	0.0	metastatic::BRCA2+PIK3CA	0.019226555908908944	2.279690138779791e-05	rule_a_one_step	False	True	False	rare_state	False	2.80225646960143	4.094040796523796	2.0335254786801595	False	relative_bottleneck	3.283929999094539	0.0	15.148377848914556	0.0	0.0	500
unknown::PIK3CA+PTEN	unknown	PIK3CA+PTEN	2	1	9.120758847136082e-05	3.253963195771821e-05	1	3.253963195771821e-05	0.0	unknown::PIK3CA	0.029730377065368543	3.253963195771821e-05	rule_a_one_step	False	True	False	rare_state	False	2.802969184989743	4.09508205948731	2.033892361665855	False	relative_bottleneck	3.306553896428095	0.0	15.990555220500262	0.006	0.0	500
primary::MAP3K1+PTEN+RUNX1	primary	MAP3K1+PTEN+RUNX1	3	1	9.120758847136082e-05	3.108495950741653e-05	3	3.108495950741653e-05	0.0	primary::MAP3K1+RUNX1	0.0598719018290436	1.638231534906337e-05	rule_a_one_step	False	True	False	rare_state	False	2.9341387919601725	4.2867182384118285	2.0998735934075192	False	relative_bottleneck	3.140236903521857	0.0	15.704665676597736	0.0	0.0	500
metastatic::ATM+MAP2K4+NF1+PIK3CA+TP53	metastatic	ATM+MAP2K4+NF1+PIK3CA+TP53	5	1	9.120758847136082e-05	3.0259840001117085e-05	2	3.0259840001117085e-05	0.0	metastatic::MAP2K4+NF1+PIK3CA+TP53	0.10861658162207266	1.981331295550395e-05	rule_a_one_step	False	True	False	rare_state	False	3.014146322447423	4.403607644287842	2.1386859323771708	False	relative_bottleneck	3.13392645448707	0.0	111800170.21451107	0.004	0.0	500
primary::CBFB+RUNX1+TP53	primary	CBFB+RUNX1+TP53	3	1	9.120758847136082e-05	2.9146334103593023e-05	2	2.9146334103593023e-05	0.0	primary::CBFB+TP53	0.02829506652806963	1.5484348701971706e-05	rule_a_one_step	False	True	False	rare_state	False	3.1292986973212003	4.57184296666606	2.192775850817731	False	relative_bottleneck	3.59308906375156	0.0	16.06793886708829	0.0	0.0	500
metastatic::CBFB+ESR1+GATA3+MAP3K1	metastatic	CBFB+ESR1+GATA3+MAP3K1	4	1	9.120758847136082e-05	2.906784614282275e-05	2	2.906784614282275e-05	0.0	metastatic::CBFB+ESR1+GATA3	0.06839075354741024	1.871326711439536e-05	rule_a_one_step	False	True	False	rare_state	False	3.137748317693394	4.584187693458259	2.1966661145306614	False	relative_bottleneck	3.723309649516093	0.0	34.80109410187384	0.008	0.0	500
primary::ATM+MAP3K1+PTEN+TP53	primary	ATM+MAP3K1+PTEN+TP53	4	1	9.120758847136082e-05	2.8862311038416146e-05	2	2.8862311038416146e-05	0.0	primary::ATM+PTEN+TP53	0.045694650546627615	1.6670795529597815e-05	rule_a_one_step	False	True	False	rare_state	False	3.160092938845725	4.616832739182257	2.2069034666902207	False	relative_bottleneck	3.837189304048577	0.0	19.128669167203018	0.004	0.0	500
primary::AKT1+CBFB+PTEN	primary	AKT1+CBFB+PTEN	3	1	9.120758847136082e-05	2.8521562185058702e-05	3	2.8521562185058702e-05	0.0	primary::AKT1+CBFB	0.03858299720733482	2.1114372787669543e-05	rule_a_one_step	False	True	False	rare_state	False	3.1978467617490476	4.671990321247871	2.224037285454625	False	relative_bottleneck	3.803402544012828	0.0	19.164630949009087	0.002	0.0	500
metastatic::AKT1+CBFB+NF1	metastatic	AKT1+CBFB+NF1	3	1	9.120758847136082e-05	2.848612518104855e-05	2	2.848612518104855e-05	0.0	metastatic::AKT1+NF1	0.04279922258069859	1.5614455520138123e-05	rule_a_one_step	False	True	False	rare_state	False	3.2018249126495846	4.677802320348668	2.2258308960044615	False	relative_bottleneck	3.6503990185498267	0.0	24.251935250380004	0.002	0.0	500
metastatic::ATM+BRCA1+NF1+PIK3CA	metastatic	ATM+BRCA1+NF1+PIK3CA	4	1	9.120758847136082e-05	2.828126756761863e-05	2	2.828126756761863e-05	0.0	metastatic::ATM+BRCA1+NF1	0.2903722671621945	2.6484154246825472e-05	rule_a_one_step	False	True	False	rare_state	False	3.2250175855191765	4.711686352712789	2.2362435051177743	False	relative_bottleneck	3.9659135834195682	0.0	241018541.21486753	0.0	0.0	500
primary::BRCA1+NF1+PIK3CA+PTEN+TP53	primary	BRCA1+NF1+PIK3CA+PTEN+TP53	5	1	9.120758847136082e-05	2.7693543878961806e-05	3	2.7693543878961806e-05	0.0	primary::BRCA1+PIK3CA+PTEN+TP53	0.19594801237789408	1.7871945674744078e-05	rule_a_one_step	False	True	False	rare_state	False	3.293460222228512	4.811679679501157	2.2665406034082136	False	relative_bottleneck	4.056036083587431	0.0	93.94424392596264	0.002	0.0	500
metastatic::AKT1+ESR1+RB1	metastatic	AKT1+ESR1+RB1	3	1	9.120758847136082e-05	2.718636199479941e-05	2	2.718636199479941e-05	0.0	metastatic::AKT1+ESR1	0.040034609904898995	2.1908761348904956e-05	rule_a_one_step	False	True	False	rare_state	False	3.3549021797733034	4.901445153695044	2.2932071795703264	False	relative_bottleneck	3.788866905777077	0.0	23.11714128478763	0.006	0.0	500
metastatic::ATM+BRCA1+NF1+PIK3CA+RB1+TP53	metastatic	ATM+BRCA1+NF1+PIK3CA+RB1+TP53	6	1	9.120758847136082e-05	2.716423250615781e-05	1	2.716423250615781e-05	0.0	metastatic::BRCA1+NF1+PIK3CA+RB1+TP53	0.14891432259875712	2.716423250615781e-05	rule_a_one_step	False	True	False	rare_state	False	3.357635268842949	4.905438142300135	2.2943820003575954	False	relative_bottleneck	3.933909902017935	0.0	244329046.9436669	0.004	0.0	500
primary::AKT1+ATM+RUNX1	primary	AKT1+ATM+RUNX1	3	1	9.120758847136082e-05	2.698111631104862e-05	2	2.698111631104862e-05	0.0	primary::AKT1+ATM	0.05611518363561227	1.5354391728095293e-05	rule_a_one_step	False	True	False	rare_state	False	3.3804229609873055	4.9387305059041315	2.304140246626192	False	relative_bottleneck	4.031170685149862	0.0	25.43715464253786	0.006	0.0	500
unknown::BRCA2+RB1+TP53	unknown	BRCA2+RB1+TP53	3	1	9.120758847136082e-05	2.5960969240317504e-05	1	2.5960969240317504e-05	0.0	unknown::BRCA2+TP53	0.07115901668771028	2.5960969240317504e-05	rule_a_one_step	False	True	False	rare_state	False	3.513258080382336	5.132799965253694	2.3597460371391983	False	relative_bottleneck	4.315083197345135	0.0	37.44923316278756	0.004	0.0	500
primary::AKT1+NF1+RUNX1	primary	AKT1+NF1+RUNX1	3	1	9.120758847136082e-05	2.5869239251265767e-05	3	2.5869239251265767e-05	0.0	primary::AKT1+RUNX1	0.06304971132789206	1.7251836372097425e-05	rule_a_one_step	False	True	False	rare_state	False	3.5257157761677242	5.151000410262682	2.3648526549678066	False	relative_bottleneck	3.9102333428350384	0.0	27.46804800429904	0.002	0.0	500
metastatic::ATM+MAP3K1+RB1+TP53	metastatic	ATM+MAP3K1+RB1+TP53	4	2	0.00018241517694272163	2.5850651441241718e-05	3	2.5850651441241718e-05	0.0	metastatic::ATM+RB1+TP53	0.05440481615438283	1.4886396248006976e-05	rule_a_one_step	False	True	False	rare_state	False	7.056501856475366	10.309408433720225	3.3658896463883683	False	relative_bottleneck	9.806992181727377	0.0	55.46581387638664	0.064	0.0	500
primary::NF1+PIK3CA+RB1+RUNX1+TP53	primary	NF1+PIK3CA+RB1+RUNX1+TP53	5	1	9.120758847136082e-05	2.5804528356609917e-05	2	2.5804528356609917e-05	0.0	primary::PIK3CA+RB1+RUNX1+TP53	0.15278427478655313	1.3935085259627245e-05	rule_a_one_step	False	True	False	rare_state	False	3.5345573333620086	5.163917748932739	2.3684660215297133	False	relative_bottleneck	4.281849097133433	0.0	233066133.88140413	0.004	0.0	500
metastatic::GATA3+MAP3K1+RUNX1	metastatic	GATA3+MAP3K1+RUNX1	3	1	9.120758847136082e-05	2.5145062965850342e-05	2	2.5145062965850342e-05	0.0	metastatic::GATA3+MAP3K1	0.02443117292352043	1.3369850195286626e-05	rule_a_one_step	False	True	False	rare_state	False	3.6272561722344543	5.299348903165441	2.405815115925467	False	relative_bottleneck	4.911181296137961	0.0	37.353924658263395	0.0	0.0	500
primary::BRCA2+MAP2K4+NF1+PIK3CA+TP53	primary	BRCA2+MAP2K4+NF1+PIK3CA+TP53	5	1	9.120758847136082e-05	2.4679077298335683e-05	2	2.4679077298335683e-05	0.0	primary::BRCA2+NF1+PIK3CA+TP53	0.06836495236874665	1.2470804883025656e-05	rule_a_one_step	False	True	False	rare_state	False	3.695745334116133	5.399410202302417	2.432801824927008	False	relative_bottleneck	4.101261158250489	0.0	34.77905345395602	0.002	0.0	500
primary::AKT1+BRCA2+ESR1	primary	AKT1+BRCA2+ESR1	3	1	9.120758847136082e-05	2.3282495207534415e-05	3	2.3282495207534415e-05	0.0	primary::AKT1+ESR1	0.06000647919145141	1.0946092519418354e-05	rule_a_one_step	False	True	False	rare_state	False	3.9174316902431303	5.723289545917856	2.5168445958599834	False	relative_bottleneck	4.447508418195412	0.0	43.6931361044085	0.004	0.0	500
primary::GATA3+MAP3K1+NF1+PIK3CA+RUNX1	primary	GATA3+MAP3K1+NF1+PIK3CA+RUNX1	5	1	9.120758847136082e-05	2.3192306880440755e-05	2	2.3192306880440755e-05	0.0	primary::MAP3K1+NF1+PIK3CA+RUNX1	0.23113675266537526	2.1081425817710255e-05	rule_a_one_step	False	True	False	rare_state	False	3.9326654743265452	5.745545800546758	2.5224439488052637	False	relative_bottleneck	4.55060410320111	0.0	242157000.02637157	0.002	0.0	500
unknown::AKT1+PIK3CA	unknown	AKT1+PIK3CA	2	1	9.120758847136082e-05	2.2127238426317857e-05	1	2.2127238426317857e-05	0.0	unknown::PIK3CA	0.020216920175512416	2.2127238426317857e-05	rule_a_one_step	False	True	False	rare_state	False	4.121959667633897	6.02210084051267	2.5902668662973114	False	relative_bottleneck	4.904670550543111	0.0	23.16551575391386	0.006	0.0	500
metastatic::CBFB+NF1+TP53	metastatic	CBFB+NF1+TP53	3	1	9.120758847136082e-05	2.1664012639745392e-05	2	2.1664012639745392e-05	0.0	metastatic::CBFB+TP53	0.0617227060845675	1.1259158351799982e-05	rule_a_one_step	False	True	False	rare_state	False	4.210096521728037	6.150867025996755	2.620789787027735	False	relative_bottleneck	5.253070224157866	0.0	27.08694321466316	0.004	0.0	500
primary::BRCA2+PTEN+RUNX1	primary	BRCA2+PTEN+RUNX1	3	1	9.120758847136082e-05	2.1155944707668884e-05	3	2.1155944707668884e-05	0.0	primary::BRCA2+PTEN	0.01712320242945432	9.370596002984851e-06	rule_a_one_step	False	True	False	rare_state	False	4.311203561006431	6.298582393277307	2.6550271612597443	False	relative_bottleneck	4.910656962339814	0.0	35.67259534253123	0.0	0.0	500
metastatic::CBFB+ESR1+GATA3+TP53	metastatic	CBFB+ESR1+GATA3+TP53	4	1	9.120758847136082e-05	2.1101843605051893e-05	3	2.1101843605051893e-05	0.0	metastatic::ESR1+GATA3+TP53	0.025720620801801916	1.407549478391203e-05	rule_a_one_step	False	True	False	rare_state	False	4.322256664212437	6.314730756549714	2.6587212226159394	False	relative_bottleneck	4.336346486172459	0.0	28.74538266627463	0.004	0.0	500
primary::BRCA2+GATA3+PTEN+TP53	primary	BRCA2+GATA3+PTEN+TP53	4	1	9.120758847136082e-05	2.105192066345303e-05	3	2.105192066345303e-05	0.0	primary::BRCA2+GATA3+TP53	0.028392646919569654	1.0358499423411036e-05	rule_a_one_step	False	True	False	rare_state	False	4.332506548782233	6.329705633418987	2.6621384078555916	False	relative_bottleneck	5.224035678652027	0.0	27.693277094779663	0.006	0.0	500
unknown::ESR1+GATA3+PIK3CA	unknown	ESR1+GATA3+PIK3CA	3	1	9.120758847136082e-05	2.0891141081061422e-05	2	2.0891141081061422e-05	0.0	unknown::ESR1+PIK3CA	0.16622790858183098	1.5161246678386626e-05	rule_a_one_step	False	True	False	rare_state	False	4.365849799760053	6.378419457893212	2.67319897528287	False	relative_bottleneck	3.8329207740234876	0.0	237722016.15154722	0.0	0.0	500
metastatic::AKT1+CBFB+RUNX1	metastatic	AKT1+CBFB+RUNX1	3	1	9.120758847136082e-05	2.0448454472701722e-05	3	2.0448454472701722e-05	0.0	metastatic::AKT1+RUNX1	0.048367680438761954	8.822998985545778e-06	rule_a_one_step	False	True	False	rare_state	False	4.460365654174767	6.516505235583354	2.704098462766654	False	relative_bottleneck	4.712375782201994	0.0	32.80333113218767	0.002	0.0	500
primary::AKT1+BRCA2+NF1	primary	AKT1+BRCA2+NF1	3	1	9.120758847136082e-05	2.0429046288053364e-05	3	2.0429046288053364e-05	0.0	primary::AKT1+BRCA2	0.11320239778435562	1.0324917711086795e-05	rule_a_one_step	False	True	False	rare_state	False	4.464603130303478	6.522696103668923	2.7054684140580862	False	relative_bottleneck	5.177653812226007	0.0	74.05232966908079	0.006	0.0	500
metastatic::AKT1+GATA3+PTEN+TP53	metastatic	AKT1+GATA3+PTEN+TP53	4	1	9.120758847136082e-05	2.037795110639388e-05	3	2.037795110639388e-05	0.0	metastatic::AKT1+GATA3+TP53	0.013066777581089657	8.342524905839803e-06	rule_a_one_step	False	True	False	rare_state	False	4.475797567643861	6.539050953292012	2.709081265030258	False	relative_bottleneck	5.614696260077009	0.0	32.560531087022035	0.006	0.0	500
metastatic::BRCA1+RB1+RUNX1+TP53	metastatic	BRCA1+RB1+RUNX1+TP53	4	1	9.120758847136082e-05	1.9511748635393935e-05	2	1.9511748635393935e-05	0.0	metastatic::BRCA1+RB1+TP53	0.07347136295123405	1.3402291672972282e-05	rule_a_one_step	False	True	False	rare_state	False	4.6744956334367895	6.82934486335026	2.7717471879255	False	relative_bottleneck	5.0383978746020475	0.0	115392183.03326413	0.002	0.0	500
primary::BRCA2+ESR1+MAP3K1	primary	BRCA2+ESR1+MAP3K1	3	1	9.120758847136082e-05	1.8863238485647218e-05	2	1.8863238485647218e-05	0.0	primary::BRCA2+MAP3K1	0.06021804721154231	1.0984685737238655e-05	rule_a_one_step	False	True	False	rare_state	False	4.835202804945536	7.064134834785077	2.8205128803050767	False	relative_bottleneck	5.30761591133334	0.0	45.87278938671458	0.004	0.0	500
metastatic::AKT1+BRCA1+PIK3CA	metastatic	AKT1+BRCA1+PIK3CA	3	1	9.120758847136082e-05	1.8531154510298805e-05	3	1.8531154510298805e-05	0.0	metastatic::BRCA1+PIK3CA	0.018992069365367348	6.928883387583855e-06	rule_a_one_step	False	True	False	rare_state	False	4.921851118278708	7.190726291914067	2.84613749595303	False	relative_bottleneck	5.501842806583911	0.0	33.87131910916694	0.004	0.0	500
primary::ATM+BRCA1+GATA3+TP53	primary	ATM+BRCA1+GATA3+TP53	4	1	9.120758847136082e-05	1.8425369271997668e-05	2	1.8425369271997668e-05	0.0	primary::ATM+BRCA1+TP53	0.0392073744064802	1.4304040279635242e-05	rule_a_one_step	False	True	False	rare_state	False	4.950108851270978	7.232010276068482	2.854396727700903	False	relative_bottleneck	5.928272434708843	0.0	35.037688782047724	0.004	0.0	500
primary::CBFB+MAP3K1+PTEN	primary	CBFB+MAP3K1+PTEN	3	1	9.120758847136082e-05	1.839009593331217e-05	3	1.839009593331217e-05	0.0	primary::CBFB+PTEN	0.053149984334273065	9.695363796839304e-06	rule_a_one_step	False	True	False	rare_state	False	4.959603464957581	7.2458817172452115	2.8571612552341246	False	relative_bottleneck	6.0193391992153185	0.0	38.808544070143604	0.006	0.0	500
metastatic::ATM+GATA3+MAP3K1+NF1+PIK3CA+TP53	metastatic	ATM+GATA3+MAP3K1+NF1+PIK3CA+TP53	6	1	9.120758847136082e-05	1.8016554083262133e-05	2	1.8016554083262133e-05	0.0	metastatic::ATM+GATA3+MAP3K1+PIK3CA+TP53	0.119192800183047	1.087128786784449e-05	rule_a_one_step	False	True	False	rare_state	False	5.062432193604821	7.396112438345608	2.8867671572746385	False	relative_bottleneck	5.355022273779708	0.0	239306242.0569448	0.002	0.0	500
metastatic::ATM+GATA3+RB1	metastatic	ATM+GATA3+RB1	3	1	9.120758847136082e-05	1.7711799412255133e-05	2	1.7711799412255133e-05	0.0	metastatic::ATM+GATA3	0.018222319003955968	1.3296110181653389e-05	rule_a_one_step	False	True	False	rare_state	False	5.149537954834481	7.523372217725192	2.911379469254351	False	relative_bottleneck	6.489272238510396	0.0	31.98436760239112	0.002	0.0	500
metastatic::AKT1+BRCA2+ESR1+GATA3	metastatic	AKT1+BRCA2+ESR1+GATA3	4	1	9.120758847136082e-05	1.737897971901677e-05	1	1.737897971901677e-05	0.0	metastatic::AKT1+ESR1+GATA3	0.04763578340982497	1.737897971901677e-05	rule_a_one_step	False	True	False	rare_state	False	5.248155225326757	7.667450082480599	2.938746869122929	False	relative_bottleneck	6.009575841048154	0.0	79.07364085517064	0.006	0.0	500
metastatic::ESR1+MAP2K4+PTEN+TP53	metastatic	ESR1+MAP2K4+PTEN+TP53	4	1	9.120758847136082e-05	1.7219218713570867e-05	3	1.7219218713570867e-05	0.0	metastatic::ESR1+MAP2K4+TP53	0.045423723244664885	8.285976513072763e-06	rule_a_one_step	False	True	False	rare_state	False	5.296847940181517	7.738589167454231	2.952070570679197	False	relative_bottleneck	6.413130333964192	0.0	60.69594008285296	0.0	0.0	500
primary::ATM+GATA3+MAP3K1+TP53	primary	ATM+GATA3+MAP3K1+TP53	4	1	9.120758847136082e-05	1.6988134408599838e-05	3	1.6988134408599838e-05	0.0	primary::GATA3+MAP3K1+TP53	0.04855390698273246	1.3285454300273382e-05	rule_a_one_step	False	True	False	rare_state	False	5.368899309878891	7.843854781143197	2.971562826138946	False	relative_bottleneck	6.439383418230543	0.0	53.74880828126219	0.002	0.0	500
primary::ESR1+MAP3K1+PIK3CA+RB1+TP53	primary	ESR1+MAP3K1+PIK3CA+RB1+TP53	5	1	9.120758847136082e-05	1.6943986586422947e-05	2	1.6943986586422947e-05	0.0	primary::ESR1+MAP3K1+PIK3CA+TP53	0.10459199276827236	9.539583433808132e-06	rule_a_one_step	False	True	False	rare_state	False	5.38288806021344	7.864292066303671	2.9753169018900243	False	relative_bottleneck	5.85777602786702	0.0	65.00000420663366	0.006	0.0	500
metastatic::ATM+GATA3+NF1+TP53	metastatic	ATM+GATA3+NF1+TP53	4	1	9.120758847136082e-05	1.6824721571032864e-05	3	1.6824721571032864e-05	0.0	metastatic::GATA3+NF1+TP53	0.051591557453529814	9.41108308163623e-06	rule_a_one_step	False	True	False	rare_state	False	5.4210456122701824	7.920039488607955	2.985507623471153	False	relative_bottleneck	6.563415325317973	0.0	56.15398638216231	0.006	0.0	500
metastatic::BRCA1+MAP3K1+PIK3CA+PTEN+TP53	metastatic	BRCA1+MAP3K1+PIK3CA+PTEN+TP53	5	1	9.120758847136082e-05	1.6130200821968995e-05	1	1.6130200821968995e-05	0.0	metastatic::BRCA1+PIK3CA+PTEN+TP53	0.17685152181206806	1.6130200821968995e-05	rule_a_one_step	False	True	False	rare_state	False	5.654460463547208	8.261053929651817	3.04632584969397	False	relative_bottleneck	7.244220808366974	0.0	360625831.1437147	0.004	0.0	500
unknown::ESR1+GATA3+TP53	unknown	ESR1+GATA3+TP53	3	1	9.120758847136082e-05	1.5968795772760015e-05	2	1.5968795772760015e-05	0.0	unknown::GATA3+TP53	0.0518477829559976	9.457822502006129e-06	rule_a_one_step	False	True	False	rare_state	False	5.711613077006846	8.344552757710547	3.0608347276556938	False	relative_bottleneck	7.0631275776649085	0.0	172822459.06854686	0.004	0.0	500
metastatic::CBFB+RB1	metastatic	CBFB+RB1	2	2	0.00018241517694272163	1.5948155579454983e-05	2	1.5948155579454983e-05	0.0	metastatic::RB1	0.008258982770105245	9.792664721941645e-06	rule_a_one_step	False	True	False	rare_state	False	11.438010157093375	16.710704648976762	4.062700664441485	False	relative_bottleneck	13.371218079289214	0.0	47.67622937976087	0.05	0.0	500
metastatic::GATA3+MAP3K1+NF1	metastatic	GATA3+MAP3K1+NF1	3	1	9.120758847136082e-05	1.5882627058600826e-05	2	1.5882627058600826e-05	0.0	metastatic::GATA3+MAP3K1	0.014685897140495244	8.036791576338149e-06	rule_a_one_step	False	True	False	rare_state	False	5.7426005403412885	8.389824823436221	3.068640688019301	False	relative_bottleneck	7.530495625216292	0.0	36.08990352043738	0.008	0.0	500
metastatic::BRCA2+NF1+PTEN+TP53	metastatic	BRCA2+NF1+PTEN+TP53	4	1	9.120758847136082e-05	1.5844423269634714e-05	1	1.5844423269634714e-05	0.0	metastatic::NF1+PTEN+TP53	0.05790608557609168	1.5844423269634714e-05	rule_a_one_step	False	True	False	rare_state	False	5.756446994805421	8.410054217168847	3.072115101144926	False	relative_bottleneck	7.506779020531047	0.0	120532926.73572926	0.004	0.0	500
metastatic::CBFB+MAP3K1+NF1+PIK3CA+TP53	metastatic	CBFB+MAP3K1+NF1+PIK3CA+TP53	5	1	9.120758847136082e-05	1.5518055624247907e-05	1	1.5518055624247907e-05	0.0	metastatic::MAP3K1+NF1+PIK3CA+TP53	0.08506998093212702	1.5518055624247907e-05	rule_a_one_step	False	True	False	rare_state	False	5.877513575304489	8.58693007597606	3.102142443846492	False	relative_bottleneck	7.659266421110825	0.0	236087650.44164246	0.002	0.0	500
metastatic::BRCA2+MAP3K1+NF1	metastatic	BRCA2+MAP3K1+NF1	3	1	9.120758847136082e-05	1.5311641375335904e-05	2	1.5311641375335904e-05	0.0	metastatic::BRCA2+NF1	0.06217028777931102	1.1340804045842945e-05	rule_a_one_step	False	True	False	rare_state	False	5.95674756734644	8.702689357615732	3.1214613001952776	False	relative_bottleneck	7.023249444275081	0.0	172610125.96822348	0.0	0.0	500
metastatic::BRCA1+GATA3+PTEN+TP53	metastatic	BRCA1+GATA3+PTEN+TP53	4	1	9.120758847136082e-05	1.488059895398492e-05	3	1.488059895398492e-05	0.0	metastatic::GATA3+PTEN+TP53	0.03708272135528972	6.7644511775428164e-06	rule_a_one_step	False	True	False	rare_state	False	6.129295105936644	8.954777869138924	3.162657645380818	False	relative_bottleneck	8.276205835644678	0.0	63.13990241783567	0.004	0.0	500
metastatic::AKT1+BRCA2+PTEN+TP53	metastatic	AKT1+BRCA2+PTEN+TP53	4	1	9.120758847136082e-05	1.4700739430734495e-05	2	1.4700739430734495e-05	0.0	metastatic::AKT1+PTEN+TP53	0.09178298549002857	8.371304769247406e-06	rule_a_one_step	False	True	False	rare_state	False	6.204285348830134	9.064337117936322	3.180201518410257	False	relative_bottleneck	6.611829725931313	0.0	61050657.8662878	0.004	0.0	500
primary::BRCA1+MAP3K1+NF1+TP53	primary	BRCA1+MAP3K1+NF1+TP53	4	2	0.00018241517694272163	1.4495056117076609e-05	1	1.4495056117076609e-05	0.0	primary::BRCA1+NF1+TP53	0.05297459842254265	1.4495056117076609e-05	rule_a_one_step	False	True	False	rare_state	False	12.584646991685085	18.385918188686443	4.200529321098803	False	relative_bottleneck	13.381846138906784	0.0	239341660.1681158	0.06	0.0	500
metastatic::NF1+PTEN+RUNX1+TP53	metastatic	NF1+PTEN+RUNX1+TP53	4	1	9.120758847136082e-05	1.435103082486273e-05	2	1.435103082486273e-05	0.0	metastatic::PTEN+RUNX1+TP53	0.08587983884106198	7.83289299900237e-06	rule_a_one_step	False	True	False	rare_state	False	6.355472525212189	9.285218566416805	3.214935870416416	False	relative_bottleneck	6.863087858844293	0.0	97.18997025818511	0.002	0.0	500
primary::ATM+BRCA1+BRCA2+MAP3K1+NF1+PIK3CA+PTEN+RUNX1+TP53	primary	ATM+BRCA1+BRCA2+MAP3K1+NF1+PIK3CA+PTEN+RUNX1+TP53	9	1	9.120758847136082e-05	1.402174143603924e-05	1	1.402174143603924e-05	0.0	primary::ATM+BRCA1+BRCA2+MAP3K1+NF1+PIK3CA+RUNX1+TP53	0.15373437310473423	1.402174143603924e-05	rule_a_one_step	False	True	False	rare_state	False	6.504725706338426	9.503274486412122	3.24842469990041	False	relative_bottleneck	7.964025836488872	0.0	367233706.3358373	0.002	0.0	500
metastatic::ATM+BRCA2+MAP3K1	metastatic	ATM+BRCA2+MAP3K1	3	1	9.120758847136082e-05	1.3805256630309448e-05	3	1.3805256630309448e-05	0.0	metastatic::ATM+BRCA2	0.0744793906274215	6.793085609943588e-06	rule_a_one_step	False	True	False	rare_state	False	6.606728459099128	9.652298473220668	3.270872527983992	False	relative_bottleneck	7.12172935039276	0.0	118189452.39132118	0.002	0.0	500
primary::NF1+PTEN+RB1	primary	NF1+PTEN+RB1	3	1	9.120758847136082e-05	1.3225064161474181e-05	3	1.3225064161474181e-05	0.0	primary::NF1+RB1	0.04316693575175144	7.874304223230835e-06	rule_a_one_step	False	True	False	rare_state	False	6.896570062812002	10.075751273848573	3.332815508692419	False	relative_bottleneck	8.425902807926292	0.0	67.7949951013622	0.0	0.0	500
metastatic::BRCA2+PTEN+RB1	metastatic	BRCA2+PTEN+RB1	3	1	9.120758847136082e-05	1.3029837344647442e-05	3	1.3029837344647442e-05	0.0	metastatic::BRCA2+RB1	0.08520146208393778	7.77101989091005e-06	rule_a_one_step	False	True	False	rare_state	False	6.999901768453498	10.226716834303087	3.354271154232224	False	relative_bottleneck	7.914330332659475	0.0	117422474.65973403	0.002	0.0	500
metastatic::AKT1+BRCA2+ESR1+RB1	metastatic	AKT1+BRCA2+ESR1+RB1	4	1	9.120758847136082e-05	1.2811341252865799e-05	2	1.2811341252865799e-05	0.0	metastatic::AKT1+ESR1+RB1	0.07582374272494323	6.9157007228149605e-06	rule_a_one_step	False	True	False	rare_state	False	7.119284355310888	10.401132411995809	3.378668703660686	False	relative_bottleneck	6.845637318320469	0.0	259160263.50520793	0.0	0.0	500
primary::ATM+BRCA1+BRCA2+ESR1+MAP3K1+NF1+PIK3CA+RUNX1+TP53	primary	ATM+BRCA1+BRCA2+ESR1+MAP3K1+NF1+PIK3CA+RUNX1+TP53	9	1	9.120758847136082e-05	1.2593044535870678e-05	1	1.2593044535870678e-05	0.0	primary::ATM+BRCA1+BRCA2+MAP3K1+NF1+PIK3CA+RUNX1+TP53	0.13807014029128611	1.2593044535870678e-05	rule_a_one_step	False	True	False	rare_state	False	7.242695042399429	10.581432963764856	3.4034631088921903	False	relative_bottleneck	9.259261721155706	0.0	356758685.6664355	0.0	0.0	500
metastatic::ATM+ESR1+GATA3+NF1	metastatic	ATM+ESR1+GATA3+NF1	4	1	9.120758847136082e-05	1.227657845466672e-05	2	1.227657845466672e-05	0.0	metastatic::ATM+GATA3+NF1	0.11200517752333751	1.021572213821028e-05	rule_a_one_step	False	True	False	rare_state	False	7.429397480638624	10.854201501282212	3.4401816916361043	False	relative_bottleneck	7.290259137220566	0.0	236028031.17671612	0.0	0.0	500
metastatic::ATM+BRCA2+PIK3CA+RUNX1+TP53	metastatic	ATM+BRCA2+PIK3CA+RUNX1+TP53	5	1	9.120758847136082e-05	1.2091778440627164e-05	1	1.2091778440627164e-05	0.0	metastatic::ATM+PIK3CA+RUNX1+TP53	0.06628712941151811	1.2091778440627164e-05	rule_a_one_step	False	True	False	rare_state	False	7.542941791090937	11.020087473621869	3.4620637704533856	False	relative_bottleneck	9.156720685664581	0.0	250524843.34534895	0.002	0.0	500
primary::BRCA2+CBFB+MAP2K4+PIK3CA+TP53	primary	BRCA2+CBFB+MAP2K4+PIK3CA+TP53	5	1	9.120758847136082e-05	1.1534477644033532e-05	1	1.1534477644033532e-05	0.0	primary::CBFB+MAP2K4+PIK3CA+TP53	0.06323200644459183	1.1534477644033532e-05	rule_a_one_step	False	True	False	rare_state	False	7.907387172504757	11.552534905110921	3.530137543392403	False	relative_bottleneck	7.175486919979308	0.0	226208029.7178202	0.002	0.0	500
metastatic::BRCA2+GATA3+PTEN+TP53	metastatic	BRCA2+GATA3+PTEN+TP53	4	1	9.120758847136082e-05	1.1357984415928918e-05	2	1.1357984415928918e-05	0.0	metastatic::GATA3+PTEN+TP53	0.048068147108337504	8.768359560076159e-06	rule_a_one_step	False	True	False	rare_state	False	8.030261101008938	11.732051263296656	3.552383374976755	False	relative_bottleneck	9.701814816003028	0.0	118718385.86234945	0.002	0.0	500
primary::ATM+GATA3+PIK3CA+RB1	primary	ATM+GATA3+PIK3CA+RB1	4	1	9.120758847136082e-05	1.1247670574759702e-05	2	1.1247670574759702e-05	0.0	primary::ATM+GATA3+PIK3CA	0.02047353239077599	7.46936606741189e-06	rule_a_one_step	False	True	False	rare_state	False	8.109019530409732	11.847115757405167	3.566463965068628	False	relative_bottleneck	8.028379184107376	0.0	62.44891215036737	0.004	0.0	500
metastatic::AKT1+BRCA1+RUNX1	metastatic	AKT1+BRCA1+RUNX1	3	1	9.120758847136082e-05	1.0879021605270756e-05	2	1.0879021605270756e-05	0.0	metastatic::AKT1+BRCA1	0.06017608903828084	5.488515964819486e-06	rule_a_one_step	False	True	False	rare_state	False	8.38380356220345	12.248569745860685	3.61454139178695	False	relative_bottleneck	9.001647722153539	0.0	121813967.85886215	0.008	0.0	500
primary::GATA3+MAP2K4+PIK3CA+PTEN+TP53	primary	GATA3+MAP2K4+PIK3CA+PTEN+TP53	5	1	9.120758847136082e-05	1.0305252458260604e-05	2	1.0305252458260604e-05	0.0	primary::MAP2K4+PIK3CA+PTEN+TP53	0.050712833029518324	9.250790410346282e-06	rule_a_one_step	False	True	False	rare_state	False	8.850591481401128	12.930537583298333	3.692710350904542	False	relative_bottleneck	10.02253521332024	0.0	116233591.93320133	0.004	0.0	500
metastatic::BRCA1+NF1+RUNX1+TP53	metastatic	BRCA1+NF1+RUNX1+TP53	4	1	9.120758847136082e-05	1.0148547023600457e-05	1	1.0148547023600457e-05	0.0	metastatic::BRCA1+NF1+TP53	0.055634334783377704	1.0148547023600457e-05	rule_a_one_step	False	True	False	rare_state	False	8.98725495107847	13.130200186034015	3.7148170069442785	False	relative_bottleneck	11.356876729242597	0.0	241314622.57859454	0.002	0.0	500
metastatic::ATM+NF1+PTEN	metastatic	ATM+NF1+PTEN	3	1	9.120758847136082e-05	9.624335272945516e-06	2	9.624335272945516e-06	0.0	metastatic::ATM+PTEN	0.05335501580095598	4.866382324056547e-06	rule_a_one_step	False	True	False	rare_state	False	9.476766593011702	13.845366929045602	3.791331383312304	False	relative_bottleneck	11.9334214902922	0.0	246864315.27767584	0.0	0.0	500
metastatic::BRCA2+ESR1+GATA3+PIK3CA+RUNX1	metastatic	BRCA2+ESR1+GATA3+PIK3CA+RUNX1	5	1	9.120758847136082e-05	9.346717319263889e-06	2	9.346717319263889e-06	0.0	metastatic::BRCA2+ESR1+GATA3+PIK3CA	0.07932131976258275	7.234706289910867e-06	rule_a_one_step	False	True	False	rare_state	False	9.758247264537655	14.256604574550645	3.8335585179914227	False	relative_bottleneck	9.885033164312421	0.0	252771660.38262063	0.006	0.0	500
metastatic::BRCA1+CBFB+GATA3+TP53	metastatic	BRCA1+CBFB+GATA3+TP53	4	1	9.120758847136082e-05	8.955444849988516e-06	2	8.955444849988516e-06	0.0	metastatic::BRCA1+GATA3+TP53	0.053077711661025234	4.841090082180339e-06	rule_a_one_step	False	True	False	rare_state	False	10.184594938003872	14.87949001976543	3.895253175193272	False	relative_bottleneck	12.497730373915243	0.0	227599669.71501037	0.002	0.0	500
primary::GATA3+MAP2K4+NF1+PIK3CA+PTEN+TP53	primary	GATA3+MAP2K4+NF1+PIK3CA+PTEN+TP53	6	1	9.120758847136082e-05	8.793764298472163e-06	1	8.793764298472163e-06	0.0	primary::GATA3+MAP2K4+PIK3CA+PTEN+TP53	0.0964148317684488	8.793764298472163e-06	rule_a_one_step	False	True	False	rare_state	False	10.37184702748518	15.153061586781861	3.9215374060660797	False	relative_bottleneck	13.261872807828059	0.0	351273381.146022	0.002	0.0	500
primary::AKT1+BRCA2+MAP3K1+NF1+TP53	primary	AKT1+BRCA2+MAP3K1+NF1+TP53	5	1	9.120758847136082e-05	8.715217141890796e-06	1	8.715217141890796e-06	0.0	primary::AKT1+MAP3K1+NF1+TP53	0.09555364074369069	8.715217141890796e-06	rule_a_one_step	False	True	False	rare_state	False	10.465324790088735	15.289630733046035	3.9344816588106437	False	relative_bottleneck	13.182162507925941	0.0	254881694.86174786	0.004	0.0	500
metastatic::GATA3+MAP3K1+RB1	metastatic	GATA3+MAP3K1+RB1	3	1	9.120758847136082e-05	8.655664786110164e-06	2	8.655664786110164e-06	0.0	metastatic::GATA3+RB1	0.04770443683098973	4.351006642738939e-06	rule_a_one_step	False	True	False	rare_state	False	10.537327887327	15.394825821635289	3.944373639588408	False	relative_bottleneck	12.49006975668206	0.0	127.76739737514713	0.008	0.0	500
metastatic::BRCA1+ESR1+NF1+PIK3CA+TP53	metastatic	BRCA1+ESR1+NF1+PIK3CA+TP53	5	1	9.120758847136082e-05	8.604075712218588e-06	1	8.604075712218588e-06	0.0	metastatic::ESR1+NF1+PIK3CA+TP53	0.047167543054382303	8.604075712218588e-06	rule_a_one_step	False	True	False	rare_state	False	10.600508517298268	15.487131461557402	3.9529980466698906	False	relative_bottleneck	12.663352432116884	0.0	174100611.27484	0.002	0.0	500
metastatic::MAP2K4+NF1+PTEN	metastatic	MAP2K4+NF1+PTEN	3	1	9.120758847136082e-05	8.572677889914101e-06	2	8.572677889914101e-06	0.0	metastatic::MAP2K4+NF1	0.054745084204127444	4.993167110920052e-06	rule_a_one_step	False	True	False	rare_state	False	10.63933335688895	15.543853777636254	3.958272329431282	False	relative_bottleneck	11.422833386694073	0.0	236564424.1630323	0.002	0.0	500
metastatic::CBFB+RUNX1	metastatic	CBFB+RUNX1	2	1	9.120758847136082e-05	8.19733347233723e-06	2	8.19733347233723e-06	0.0	metastatic::CBFB	0.011782413082174634	4.298581934394248e-06	rule_a_one_step	False	True	False	rare_state	False	11.126493469206416	16.255584982792683	4.0228635694999655	False	relative_bottleneck	13.430865222561401	0.0	62.50514713808887	0.002	0.0	500
metastatic::AKT1+BRCA1+ESR1+PIK3CA	metastatic	AKT1+BRCA1+ESR1+PIK3CA	4	1	9.120758847136082e-05	7.95271614790174e-06	3	7.95271614790174e-06	0.0	metastatic::AKT1+ESR1+PIK3CA	0.01670798453559374	3.047789955416589e-06	rule_a_one_step	False	True	False	rare_state	False	11.468732858860093	16.755589903334037	4.066570574365183	False	relative_bottleneck	14.390201600916672	0.0	108.234953338734	0.006	0.0	500
unknown::PTEN+RB1+TP53	unknown	PTEN+RB1+TP53	3	3	0.00027362276541408243	7.919064171102629e-06	1	7.919064171102629e-06	0.0	unknown::PTEN+TP53	0.08682461957196923	7.919064171102629e-06	rule_a_one_step	False	True	False	rare_state	False	34.5524073236013	50.48037777250676	5.657650801730859	False	relative_bottleneck	58.50176053703008	0.0	738710741.4800608	0.092	0.002	500
metastatic::ATM+BRCA1+NF1	metastatic	ATM+BRCA1+NF1	3	1	9.120758847136082e-05	7.813690070796339e-06	2	7.813690070796339e-06	0.0	metastatic::ATM+BRCA1	0.06913610476150577	6.305737391600307e-06	rule_a_one_step	False	True	False	rare_state	False	11.672791724803284	17.053715835462807	4.092014217322621	False	relative_bottleneck	12.808171859853424	0.0	227241285.94227833	0.002	0.0	500
primary::BRCA2+CBFB+GATA3+PTEN	primary	BRCA2+CBFB+GATA3+PTEN	4	1	9.120758847136082e-05	7.633546156553483e-06	1	7.633546156553483e-06	0.0	primary::BRCA2+GATA3+PTEN	0.08369420006045239	7.633546156553483e-06	rule_a_one_step	False	True	False	rare_state	False	11.948257684248158	17.456166106612073	4.125664829895097	False	relative_bottleneck	14.645297923130922	0.0	338889602.375598	0.002	0.0	500
metastatic::BRCA2+MAP3K1+RB1	metastatic	BRCA2+MAP3K1+RB1	3	1	9.120758847136082e-05	7.019360600133753e-06	2	7.019360600133753e-06	0.0	metastatic::BRCA2+RB1	0.06414185053800087	5.850223507661516e-06	rule_a_one_step	False	True	False	rare_state	False	12.993715620751447	18.983559294753352	4.2466786086095105	False	relative_bottleneck	12.945908506711818	0.0	235162437.40018415	0.008	0.0	500
metastatic::AKT1+MAP3K1+NF1+PIK3CA+TP53	metastatic	AKT1+MAP3K1+NF1+PIK3CA+TP53	5	1	9.120758847136082e-05	6.762764573158799e-06	1	6.762764573158799e-06	0.0	metastatic::MAP3K1+NF1+PIK3CA+TP53	0.03707347539005654	6.762764573158799e-06	rule_a_one_step	False	True	False	rare_state	False	13.486729280305209	19.703842415642594	4.300405089718722	False	relative_bottleneck	17.828067258936944	0.0	232397175.6521313	0.002	0.0	500
metastatic::ESR1+GATA3+MAP3K1+NF1+PIK3CA	metastatic	ESR1+GATA3+MAP3K1+NF1+PIK3CA	5	1	9.120758847136082e-05	6.279720126132956e-06	1	6.279720126132956e-06	0.0	metastatic::ESR1+GATA3+MAP3K1+PIK3CA	0.022950283820973912	6.279720126132956e-06	rule_a_one_step	False	True	False	rare_state	False	14.524146317867833	21.219488010849066	4.407317941850687	False	relative_bottleneck	16.14752215847064	0.0	119922601.16810417	0.0	0.0	500
primary::ATM+NF1+RUNX1+TP53	primary	ATM+NF1+RUNX1+TP53	4	1	9.120758847136082e-05	6.260891489016151e-06	2	6.260891489016151e-06	0.0	primary::ATM+NF1+TP53	0.034858635093601986	3.179372044290586e-06	rule_a_one_step	False	True	False	rare_state	False	14.567825374955984	21.283302241849135	4.411650106550141	False	relative_bottleneck	17.832056424243603	0.0	234878992.58178338	0.004	0.0	500
primary::ATM+CBFB+NF1+PIK3CA	primary	ATM+CBFB+NF1+PIK3CA	4	1	9.120758847136082e-05	5.7340689226075865e-06	1	5.7340689226075865e-06	0.0	primary::ATM+NF1+PIK3CA	0.06286833166746958	5.7340689226075865e-06	rule_a_one_step	False	True	False	rare_state	False	15.906256760448409	23.23872379408601	4.538458937016273	False	relative_bottleneck	20.61725435729688	0.0	361070925.98834795	0.002	0.0	500
unknown::AKT1+ATM+PIK3CA	unknown	AKT1+ATM+PIK3CA	3	1	9.120758847136082e-05	5.7113090102932345e-06	2	5.7113090102932345e-06	0.0	unknown::AKT1+PIK3CA	0.03988081867207748	3.6374332973438052e-06	rule_a_one_step	False	True	False	rare_state	False	15.969644145910749	23.331331499655768	4.544196737963261	False	relative_bottleneck	17.971931050423688	0.0	234041539.12106755	0.002	0.0	500
primary::BRCA2+MAP3K1+NF1+PTEN	primary	BRCA2+MAP3K1+NF1+PTEN	4	1	9.120758847136082e-05	5.691452604760682e-06	1	5.691452604760682e-06	0.0	primary::BRCA2+MAP3K1+PTEN	0.06240108635859612	5.691452604760682e-06	rule_a_one_step	False	True	False	rare_state	False	16.025359214923437	23.412730103956797	4.549221268456848	False	relative_bottleneck	14.453434093158208	0.0	363666371.9088722	0.002	0.0	500
metastatic::BRCA1+BRCA2+GATA3+PIK3CA	metastatic	BRCA1+BRCA2+GATA3+PIK3CA	4	1	9.120758847136082e-05	5.578979128940749e-06	1	5.578979128940749e-06	0.0	metastatic::BRCA1+GATA3+PIK3CA	0.02038930905656879	5.578979128940749e-06	rule_a_one_step	False	True	False	rare_state	False	16.348434008256255	23.884735931610816	4.578017021423921	False	relative_bottleneck	17.482006402047524	0.0	201.68067827904838	0.002	0.0	500
unknown::AKT1+ESR1+PIK3CA	unknown	AKT1+ESR1+PIK3CA	3	1	9.120758847136082e-05	5.410370747257983e-06	2	5.410370747257983e-06	0.0	unknown::AKT1+PIK3CA	0.03605663519179079	3.28863874423484e-06	rule_a_one_step	False	True	False	rare_state	False	16.857915265727442	24.62907788452562	4.622290709069118	False	relative_bottleneck	15.50286548848229	0.0	232777992.87236762	0.008	0.0	500
metastatic::ATM+BRCA2+GATA3+RB1	metastatic	ATM+BRCA2+GATA3+RB1	4	1	9.120758847136082e-05	5.367668991100608e-06	2	5.367668991100608e-06	0.0	metastatic::ATM+GATA3+RB1	0.03762744070020117	3.431908126614481e-06	rule_a_one_step	False	True	False	rare_state	False	16.992026078834858	24.825011106938643	4.633722458116207	False	relative_bottleneck	17.790343722936992	0.0	239302078.85278904	0.0	0.0	500
primary::ESR1+MAP2K4+PIK3CA+PTEN+TP53	primary	ESR1+MAP2K4+PIK3CA+PTEN+TP53	5	1	9.120758847136082e-05	5.027388355214904e-06	1	5.027388355214904e-06	0.0	primary::MAP2K4+PIK3CA+PTEN+TP53	0.027560142963288105	5.027388355214904e-06	rule_a_one_step	False	True	False	rare_state	False	18.142137405122863	26.505300809699822	4.728209008793637	False	relative_bottleneck	23.156112630617752	0.0	258672772.48771542	0.004	0.0	500
metastatic::BRCA1+CBFB+NF1+TP53	metastatic	BRCA1+CBFB+NF1+TP53	4	1	9.120758847136082e-05	4.831855743885187e-06	2	4.831855743885187e-06	0.0	metastatic::CBFB+NF1+TP53	0.04115209326886569	3.753383187601759e-06	rule_a_one_step	False	True	False	rare_state	False	18.876302280026383	27.57790104520122	4.78544075235881	False	relative_bottleneck	18.80126072702263	0.0	684.241891353013	0.002	0.0	500
metastatic::ATM+CBFB+ESR1+GATA3+TP53	metastatic	ATM+CBFB+ESR1+GATA3+TP53	5	1	9.120758847136082e-05	4.5495482075015726e-06	1	4.5495482075015726e-06	0.0	metastatic::CBFB+ESR1+GATA3+TP53	0.049881246547047245	4.5495482075015726e-06	rule_a_one_step	False	True	False	rare_state	False	20.0476100623271	29.289158347323532	4.872294831444054	False	relative_bottleneck	26.364711490325597	0.0	352442202.3788588	0.0	0.0	500
primary::AKT1+BRCA1+BRCA2+ESR1	primary	AKT1+BRCA1+BRCA2+ESR1	4	1	9.120758847136082e-05	4.282161967678317e-06	1	4.282161967678317e-06	0.0	primary::AKT1+BRCA2+ESR1	0.046949623813625066	4.282161967678317e-06	rule_a_one_step	False	True	False	rare_state	False	21.299420213521515	31.11802800436156	4.959678732381393	False	relative_bottleneck	25.94823086694828	0.0	253040816.16316903	0.0	0.0	500
primary::ATM+BRCA1+RUNX1	primary	ATM+BRCA1+RUNX1	3	1	9.120758847136082e-05	3.4380051108825e-06	1	3.4380051108825e-06	0.0	primary::ATM+BRCA1	0.03769428803571573	3.4380051108825e-06	rule_a_one_step	False	True	False	rare_state	False	26.529210690654878	38.758647556111924	5.276446325131276	False	relative_bottleneck	33.169633264746196	0.0	347941213.76364297	0.004	0.0	500
metastatic::BRCA1+MAP2K4+NF1+RB1+TP53	metastatic	BRCA1+MAP2K4+NF1+RB1+TP53	5	1	9.120758847136082e-05	3.314283348235649e-06	1	3.314283348235649e-06	0.0	metastatic::BRCA1+NF1+RB1+TP53	0.036337802630055656	3.314283348235649e-06	rule_a_one_step	False	True	False	rare_state	False	27.51954234702733	40.2055023487621	5.32932105072075	False	relative_bottleneck	34.4170268212615	0.0	306393394.6653734	0.002	0.0	500
primary::AKT1+ATM+BRCA2+PIK3CA+TP53	primary	AKT1+ATM+BRCA2+PIK3CA+TP53	5	1	9.120758847136082e-05	3.1954876676352336e-06	1	3.1954876676352336e-06	0.0	primary::ATM+BRCA2+PIK3CA+TP53	0.01751766339397635	3.1954876676352336e-06	rule_a_one_step	False	True	False	rare_state	False	28.542610523121468	41.7001845436257	5.3819818631996155	False	relative_bottleneck	35.03694708113456	0.0	229281788.23962337	0.002	0.0	500
metastatic::AKT1+ESR1+GATA3+MAP3K1+NF1	metastatic	AKT1+ESR1+GATA3+MAP3K1+NF1	5	1	9.120758847136082e-05	3.032655334876959e-06	1	3.032655334876959e-06	0.0	metastatic::AKT1+ESR1+GATA3+MAP3K1	0.033250033091590976	3.032655334876959e-06	rule_a_one_step	False	True	False	rare_state	False	30.07514812094965	43.93919139962827	5.457436415388646	False	relative_bottleneck	36.941894973394554	0.0	371043904.46433926	0.004	0.0	500
metastatic::MAP3K1+NF1+PTEN	metastatic	MAP3K1+NF1+PTEN	3	1	9.120758847136082e-05	2.8863574629603254e-06	1	2.8863574629603254e-06	0.0	metastatic::MAP3K1+PTEN	0.03164602322389701	2.8863574629603254e-06	rule_a_one_step	False	True	False	rare_state	False	31.599536108143656	46.166291837080635	5.5287679519638395	False	relative_bottleneck	39.3937989298502	0.0	300659444.53589094	0.004	0.0	500
primary::BRCA2+ESR1+MAP3K1+NF1	primary	BRCA2+ESR1+MAP3K1+NF1	4	1	9.120758847136082e-05	2.764777898931144e-06	1	2.764777898931144e-06	0.0	primary::BRCA2+ESR1+MAP3K1	0.030313024883881063	2.764777898931144e-06	rule_a_one_step	False	True	False	rare_state	False	32.989107558156434	48.19642800332747	5.590854322403907	False	relative_bottleneck	31.06843111560243	0.0	253190999.46252084	0.008	0.0	500
primary::ATM+GATA3+MAP3K1+PTEN	primary	ATM+GATA3+MAP3K1+PTEN	4	1	9.120758847136082e-05	2.476788779978149e-06	1	2.476788779978149e-06	0.0	primary::ATM+GATA3+MAP3K1	0.027155512183680428	2.476788779978149e-06	rule_a_one_step	False	True	False	rare_state	False	36.82492119786019	53.80047520570335	5.749547010678255	False	relative_bottleneck	45.79301781080558	0.0	251462631.45963553	0.0	0.0	500
metastatic::BRCA2+CBFB+RB1+TP53	metastatic	BRCA2+CBFB+RB1+TP53	4	1	9.120758847136082e-05	2.399561000254929e-06	1	2.399561000254929e-06	0.0	metastatic::BRCA2+RB1+TP53	0.00657719670169876	2.399561000254929e-06	rule_a_one_step	False	True	False	rare_state	False	38.01009870204269	55.53199589479129	5.795247344153417	False	relative_bottleneck	41.52086757792903	0.0	385.8499399416821	0.004	0.0	500
unknown::ATM+ESR1+PIK3CA+TP53	unknown	ATM+ESR1+PIK3CA+TP53	4	1	9.120758847136082e-05	2.344946778440387e-06	1	2.344946778440387e-06	0.0	unknown::ATM+PIK3CA+TP53	0.025709996478820406	2.344946778440387e-06	rule_a_one_step	False	True	False	rare_state	False	38.89536019093036	56.825345268916564	5.828462639724422	False	relative_bottleneck	47.05097838150056	0.0	348016835.317117	0.004	0.0	500
primary::BRCA1+MAP2K4+RB1	primary	BRCA1+MAP2K4+RB1	3	1	9.120758847136082e-05	2.2269638764408475e-06	1	2.2269638764408475e-06	0.0	primary::MAP2K4+RB1	0.024416431941297452	2.2269638764408475e-06	rule_a_one_step	False	True	False	rare_state	False	40.95600673196494	59.835908755067116	5.902939630063474	False	relative_bottleneck	52.242465926963284	0.0	254341263.30612195	0.0	0.0	500
unknown::BRCA1+CBFB+GATA3	unknown	BRCA1+CBFB+GATA3	3	1	9.120758847136082e-05	2.1775829021771435e-06	1	2.1775829021771435e-06	0.0	unknown::CBFB+GATA3	0.023875018939470204	2.1775829021771435e-06	rule_a_one_step	False	True	False	rare_state	False	41.88476429320206	61.1928050231398	5.935290127418772	False	relative_bottleneck	51.11019018290469	0.0	344215981.91009736	0.002	0.0	500
metastatic::MAP2K4+MAP3K1+NF1	metastatic	MAP2K4+MAP3K1+NF1	3	1	9.120758847136082e-05	1.9372227840905016e-06	1	1.9372227840905016e-06	0.0	metastatic::MAP2K4+NF1	0.02123971060476826	1.9372227840905016e-06	rule_a_one_step	False	True	False	rare_state	False	47.081596468309655	68.78527315315507	6.104027813547903	False	relative_bottleneck	59.46902145536842	0.0	251606017.85181707	0.0	0.0	500
unknown::BRCA2+CBFB+TP53	unknown	BRCA2+CBFB+TP53	3	1	9.120758847136082e-05	1.758112824310352e-06	1	1.758112824310352e-06	0.0	unknown::BRCA2+TP53	0.004818987251434675	1.758112824310352e-06	rule_a_one_step	False	True	False	rare_state	False	51.87809071869305	75.7928555619681	6.243989957385344	False	relative_bottleneck	64.95167402113758	0.0	536.7133146879768	0.004	0.0	500
primary::BRCA2+GATA3+MAP3K1+NF1+PIK3CA+RUNX1	primary	BRCA2+GATA3+MAP3K1+NF1+PIK3CA+RUNX1	6	1	9.120758847136082e-05	1.5546923282827756e-06	1	1.5546923282827756e-06	0.0	primary::GATA3+MAP3K1+NF1+PIK3CA+RUNX1	0.017045646687292353	1.5546923282827756e-06	rule_a_one_step	False	True	False	rare_state	False	58.66596762983697	85.7098083096792	6.421388405293322	False	relative_bottleneck	75.52337608332323	0.0	354623344.3215452	0.002	0.0	500
primary::CBFB+NF1+RUNX1	primary	CBFB+NF1+RUNX1	3	1	9.120758847136082e-05	7.144731382121449e-07	1	7.144731382121449e-07	0.0	primary::NF1+RUNX1	0.007833483487357957	7.144731382121449e-07	rule_a_one_step	False	True	False	rare_state	False	127.65694878696792	186.5042553966984	7.5430647380551035	False	relative_bottleneck	159.8480168397242	0.0	305714418.5617188	0.004	0.0	500
primary::WT	primary	WT	0	1196	0.10908427581174754	0.0	0	0.0	0.0		0.0	0.0	rule_a_one_step	True	False	False	low_or_zero_inflow	False	109084275811.74754	159369950708.35483	37.213588677789495	False	relative_bottleneck	144831607774.90912	131320309051.94177	159365628419.70062	0.0	0.0	500
metastatic::WT	metastatic	WT	0	596	0.05435972272893105	0.0	0	0.0	0.0		0.0	0.0	rule_a_one_step	True	False	False	low_or_zero_inflow	False	54359722728.931046	79418470419.88249	36.20875552405355	False	relative_bottleneck	72145284760.21262	64067338231.226166	81041314282.71571	0.0	0.0	500
unknown::WT	unknown	WT	0	401	0.03657424297701569	0.0	0	0.0	0.0		0.0	0.0	rule_a_one_step	True	False	False	low_or_zero_inflow	False	36574242977.01569	53434239326.129005	35.637045430046314	False	relative_bottleneck	48305450996.178604	42620001062.901794	54775038351.60975	0.0	0.0	500
unknown::MAP3K1+PTEN	unknown	MAP3K1+PTEN	2	2	0.00018241517694272163	0.0	0	0.0	0.0		0.0	0.0	rule_a_one_step	False	False	False	rare_state	False	182415176.94272164	266504934.29490772	27.98958700359139	False	relative_bottleneck	233614696.8302344	0.0	629790907.741633	0.0	0.0	500
metastatic::AKT1+ATM+BRCA1+BRCA2+ESR1+MAP3K1+NF1+PIK3CA+PTEN+RUNX1+TP53	metastatic	AKT1+ATM+BRCA1+BRCA2+ESR1+MAP3K1+NF1+PIK3CA+PTEN+RUNX1+TP53	11	1	9.120758847136082e-05	0.0	0	0.0	0.0		0.0	0.0	rule_a_one_step	False	False	False	rare_state	False	91207588.47136082	133252467.14745386	26.98958700359139	False	relative_bottleneck	118333800.9046382	0.0	471941699.91472006	0.0	0.0	500
metastatic::AKT1+ATM+BRCA1+BRCA2+MAP3K1+NF1+RUNX1+TP53	metastatic	AKT1+ATM+BRCA1+BRCA2+MAP3K1+NF1+RUNX1+TP53	8	1	9.120758847136082e-05	0.0	0	0.0	0.0		0.0	0.0	rule_a_one_step	False	False	False	rare_state	False	91207588.47136082	133252467.14745386	26.98958700359139	False	relative_bottleneck	118570141.8850393	0.0	388502419.2897824	0.0	0.0	500
metastatic::AKT1+ATM+BRCA2+PIK3CA+RB1	metastatic	AKT1+ATM+BRCA2+PIK3CA+RB1	5	1	9.120758847136082e-05	0.0	0	0.0	0.0		0.0	0.0	rule_a_one_step	False	False	False	rare_state	False	91207588.47136082	133252467.14745386	26.98958700359139	False	relative_bottleneck	117984103.97888437	0.0	375663242.1652745	0.0	0.0	500
metastatic::AKT1+BRCA1+BRCA2+MAP2K4+MAP3K1+NF1+RB1+RUNX1+TP53	metastatic	AKT1+BRCA1+BRCA2+MAP2K4+MAP3K1+NF1+RB1+RUNX1+TP53	9	1	9.120758847136082e-05	0.0	0	0.0	0.0		0.0	0.0	rule_a_one_step	False	False	False	rare_state	False	91207588.47136082	133252467.14745386	26.98958700359139	False	relative_bottleneck	117589272.18840888	0.0	379447772.7931084	0.0	0.0	500
metastatic::AKT1+BRCA1+ESR1+RUNX1+TP53	metastatic	AKT1+BRCA1+ESR1+RUNX1+TP53	5	1	9.120758847136082e-05	0.0	0	0.0	0.0		0.0	0.0	rule_a_one_step	False	False	False	rare_state	False	91207588.47136082	133252467.14745386	26.98958700359139	False	relative_bottleneck	117536721.99963862	0.0	371514521.8698146	0.0	0.0	500
metastatic::AKT1+BRCA2+MAP2K4+NF1+PIK3CA+TP53	metastatic	AKT1+BRCA2+MAP2K4+NF1+PIK3CA+TP53	6	1	9.120758847136082e-05	0.0	0	0.0	0.0		0.0	0.0	rule_a_one_step	False	False	False	rare_state	False	91207588.47136082	133252467.14745386	26.98958700359139	False	relative_bottleneck	117533851.24064201	0.0	486018846.85167754	0.0	0.0	500
metastatic::AKT1+BRCA2+NF1+RB1+TP53	metastatic	AKT1+BRCA2+NF1+RB1+TP53	5	1	9.120758847136082e-05	0.0	0	0.0	0.0		0.0	0.0	rule_a_one_step	False	False	False	rare_state	False	91207588.47136082	133252467.14745386	26.98958700359139	False	relative_bottleneck	118637018.91802678	0.0	418640749.8563347	0.0	0.0	500
metastatic::AKT1+CBFB+GATA3+PIK3CA+RB1+TP53	metastatic	AKT1+CBFB+GATA3+PIK3CA+RB1+TP53	6	1	9.120758847136082e-05	0.0	0	0.0	0.0		0.0	0.0	rule_a_one_step	False	False	False	rare_state	False	91207588.47136082	133252467.14745386	26.98958700359139	False	relative_bottleneck	119157770.33081709	0.0	386563843.0365605	0.0	0.0	500
metastatic::ATM+BRCA1+BRCA2+ESR1+MAP3K1	metastatic	ATM+BRCA1+BRCA2+ESR1+MAP3K1	5	1	9.120758847136082e-05	0.0	0	0.0	0.0		0.0	0.0	rule_a_one_step	False	False	False	rare_state	False	91207588.47136082	133252467.14745386	26.98958700359139	False	relative_bottleneck	119218712.71462747	0.0	460912010.95242274	0.0	0.0	500
metastatic::ATM+BRCA1+BRCA2+ESR1+MAP3K1+PIK3CA+RUNX1+TP53	metastatic	ATM+BRCA1+BRCA2+ESR1+MAP3K1+PIK3CA+RUNX1+TP53	8	1	9.120758847136082e-05	0.0	0	0.0	0.0		0.0	0.0	rule_a_one_step	False	False	False	rare_state	False	91207588.47136082	133252467.14745386	26.98958700359139	False	relative_bottleneck	117647745.05223966	0.0	367441612.4703862	0.0	0.0	500
metastatic::ATM+BRCA1+BRCA2+GATA3+PIK3CA+RB1+TP53	metastatic	ATM+BRCA1+BRCA2+GATA3+PIK3CA+RB1+TP53	7	1	9.120758847136082e-05	0.0	0	0.0	0.0		0.0	0.0	rule_a_one_step	False	False	False	rare_state	False	91207588.47136082	133252467.14745386	26.98958700359139	False	relative_bottleneck	118836527.07141456	0.0	380642577.1712075	0.0	0.0	500
metastatic::ATM+BRCA1+ESR1+MAP3K1+RUNX1	metastatic	ATM+BRCA1+ESR1+MAP3K1+RUNX1	5	1	9.120758847136082e-05	0.0	0	0.0	0.0		0.0	0.0	rule_a_one_step	False	False	False	rare_state	False	91207588.47136082	133252467.14745386	26.98958700359139	False	relative_bottleneck	119099860.95243353	0.0	385383236.3115927	0.0	0.0	500
metastatic::ATM+BRCA1+MAP3K1+PIK3CA+PTEN	metastatic	ATM+BRCA1+MAP3K1+PIK3CA+PTEN	5	1	9.120758847136082e-05	0.0	0	0.0	0.0		0.0	0.0	rule_a_one_step	False	False	False	rare_state	False	91207588.47136082	133252467.14745386	26.98958700359139	False	relative_bottleneck	118539384.3823348	0.0	372542951.8253117	0.0	0.0	500
metastatic::ATM+BRCA2+ESR1+GATA3+MAP2K4	metastatic	ATM+BRCA2+ESR1+GATA3+MAP2K4	5	1	9.120758847136082e-05	0.0	0	0.0	0.0		0.0	0.0	rule_a_one_step	False	False	False	rare_state	False	91207588.47136082	133252467.14745386	26.98958700359139	False	relative_bottleneck	118462663.54055405	0.0	384867844.8910353	0.0	0.0	500
metastatic::ATM+BRCA2+ESR1+NF1+RUNX1+TP53	metastatic	ATM+BRCA2+ESR1+NF1+RUNX1+TP53	6	1	9.120758847136082e-05	0.0	0	0.0	0.0		0.0	0.0	rule_a_one_step	False	False	False	rare_state	False	91207588.47136082	133252467.14745386	26.98958700359139	False	relative_bottleneck	120029335.12695362	0.0	378223609.91257	0.0	0.0	500
metastatic::ATM+NF1+RB1+RUNX1+TP53	metastatic	ATM+NF1+RB1+RUNX1+TP53	5	1	9.120758847136082e-05	0.0	0	0.0	0.0		0.0	0.0	rule_a_one_step	False	False	False	rare_state	False	91207588.47136082	133252467.14745386	26.98958700359139	False	relative_bottleneck	119378000.06379744	0.0	379340869.4641773	0.0	0.0	500
metastatic::BRCA1+BRCA2+ESR1+PIK3CA+RUNX1	metastatic	BRCA1+BRCA2+ESR1+PIK3CA+RUNX1	5	1	9.120758847136082e-05	0.0	0	0.0	0.0		0.0	0.0	rule_a_one_step	False	False	False	rare_state	False	91207588.47136082	133252467.14745386	26.98958700359139	False	relative_bottleneck	117330068.73149894	0.0	381435555.971939	0.0	0.0	500
metastatic::BRCA1+BRCA2+MAP2K4+MAP3K1+PIK3CA+TP53	metastatic	BRCA1+BRCA2+MAP2K4+MAP3K1+PIK3CA+TP53	6	1	9.120758847136082e-05	0.0	0	0.0	0.0		0.0	0.0	rule_a_one_step	False	False	False	rare_state	False	91207588.47136082	133252467.14745386	26.98958700359139	False	relative_bottleneck	120281848.86498968	0.0	376222209.9933346	0.0	0.0	500
metastatic::BRCA1+BRCA2+MAP3K1+NF1+RB1+RUNX1+TP53	metastatic	BRCA1+BRCA2+MAP3K1+NF1+RB1+RUNX1+TP53	7	1	9.120758847136082e-05	0.0	0	0.0	0.0		0.0	0.0	rule_a_one_step	False	False	False	rare_state	False	91207588.47136082	133252467.14745386	26.98958700359139	False	relative_bottleneck	118526224.69372424	0.0	376521264.38488966	0.0	0.0	500
metastatic::BRCA1+BRCA2+NF1+PIK3CA+PTEN	metastatic	BRCA1+BRCA2+NF1+PIK3CA+PTEN	5	1	9.120758847136082e-05	0.0	0	0.0	0.0		0.0	0.0	rule_a_one_step	False	False	False	rare_state	False	91207588.47136082	133252467.14745386	26.98958700359139	False	relative_bottleneck	118546410.40442304	0.0	390119696.5661434	0.0	0.0	500
metastatic::BRCA2+ESR1+RUNX1+TP53	metastatic	BRCA2+ESR1+RUNX1+TP53	4	1	9.120758847136082e-05	0.0	0	0.0	0.0		0.0	0.0	rule_a_one_step	False	False	False	rare_state	False	91207588.47136082	133252467.14745386	26.98958700359139	False	relative_bottleneck	119085527.11542073	0.0	417608825.2481515	0.0	0.0	500
metastatic::ESR1+MAP2K4+PIK3CA+RB1+RUNX1	metastatic	ESR1+MAP2K4+PIK3CA+RB1+RUNX1	5	1	9.120758847136082e-05	0.0	0	0.0	0.0		0.0	0.0	rule_a_one_step	False	False	False	rare_state	False	91207588.47136082	133252467.14745386	26.98958700359139	False	relative_bottleneck	120386227.96713309	0.0	389338397.22603106	0.0	0.0	500
metastatic::ESR1+MAP3K1+PIK3CA+PTEN+RUNX1	metastatic	ESR1+MAP3K1+PIK3CA+PTEN+RUNX1	5	1	9.120758847136082e-05	0.0	0	0.0	0.0		0.0	0.0	rule_a_one_step	False	False	False	rare_state	False	91207588.47136082	133252467.14745386	26.98958700359139	False	relative_bottleneck	119893097.1198166	0.0	370371753.73688453	0.0	0.0	500
metastatic::ESR1+MAP3K1+PIK3CA+RB1+RUNX1	metastatic	ESR1+MAP3K1+PIK3CA+RB1+RUNX1	5	1	9.120758847136082e-05	0.0	0	0.0	0.0		0.0	0.0	rule_a_one_step	False	False	False	rare_state	False	91207588.47136082	133252467.14745386	26.98958700359139	False	relative_bottleneck	118173382.23389831	0.0	376259486.9573373	0.0	0.0	500
metastatic::GATA3+NF1+PIK3CA+PTEN+RB1+TP53	metastatic	GATA3+NF1+PIK3CA+PTEN+RB1+TP53	6	1	9.120758847136082e-05	0.0	0	0.0	0.0		0.0	0.0	rule_a_one_step	False	False	False	rare_state	False	91207588.47136082	133252467.14745386	26.98958700359139	False	relative_bottleneck	118243227.36959013	0.0	383943172.5427515	0.0	0.0	500
primary::AKT1+ATM+BRCA1+BRCA2+CBFB+MAP3K1+NF1+PIK3CA+PTEN+RUNX1	primary	AKT1+ATM+BRCA1+BRCA2+CBFB+MAP3K1+NF1+PIK3CA+PTEN+RUNX1	10	1	9.120758847136082e-05	0.0	0	0.0	0.0		0.0	0.0	rule_a_one_step	False	False	False	rare_state	False	91207588.47136082	133252467.14745386	26.98958700359139	False	relative_bottleneck	118713221.02490789	0.0	391867695.1321212	0.0	0.0	500
primary::AKT1+ATM+BRCA1+BRCA2+MAP2K4+MAP3K1+NF1+RB1+RUNX1+TP53	primary	AKT1+ATM+BRCA1+BRCA2+MAP2K4+MAP3K1+NF1+RB1+RUNX1+TP53	10	1	9.120758847136082e-05	0.0	0	0.0	0.0		0.0	0.0	rule_a_one_step	False	False	False	rare_state	False	91207588.47136082	133252467.14745386	26.98958700359139	False	relative_bottleneck	119103713.6583727	0.0	375066671.91213495	0.0	0.0	500
primary::AKT1+BRCA1+PTEN+RUNX1	primary	AKT1+BRCA1+PTEN+RUNX1	4	1	9.120758847136082e-05	0.0	0	0.0	0.0		0.0	0.0	rule_a_one_step	False	False	False	rare_state	False	91207588.47136082	133252467.14745386	26.98958700359139	False	relative_bottleneck	117641628.09210342	0.0	382356581.8734633	0.0	0.0	500
primary::AKT1+BRCA2+MAP3K1+RUNX1+TP53	primary	AKT1+BRCA2+MAP3K1+RUNX1+TP53	5	1	9.120758847136082e-05	0.0	0	0.0	0.0		0.0	0.0	rule_a_one_step	False	False	False	rare_state	False	91207588.47136082	133252467.14745386	26.98958700359139	False	relative_bottleneck	118400640.08517139	0.0	383196260.5957616	0.0	0.0	500
primary::AKT1+BRCA2+PTEN+RB1+TP53	primary	AKT1+BRCA2+PTEN+RB1+TP53	5	1	9.120758847136082e-05	0.0	0	0.0	0.0		0.0	0.0	rule_a_one_step	False	False	False	rare_state	False	91207588.47136082	133252467.14745386	26.98958700359139	False	relative_bottleneck	118985948.58594137	0.0	377965093.71022666	0.0	0.0	500
primary::AKT1+CBFB+MAP2K4+MAP3K1+RUNX1	primary	AKT1+CBFB+MAP2K4+MAP3K1+RUNX1	5	1	9.120758847136082e-05	0.0	0	0.0	0.0		0.0	0.0	rule_a_one_step	False	False	False	rare_state	False	91207588.47136082	133252467.14745386	26.98958700359139	False	relative_bottleneck	117270518.861749	0.0	391371268.5694953	0.0	0.0	500
primary::AKT1+ESR1+GATA3+NF1+TP53	primary	AKT1+ESR1+GATA3+NF1+TP53	5	1	9.120758847136082e-05	0.0	0	0.0	0.0		0.0	0.0	rule_a_one_step	False	False	False	rare_state	False	91207588.47136082	133252467.14745386	26.98958700359139	False	relative_bottleneck	119056143.11999702	0.0	379290819.9450998	0.0	0.0	500
primary::ATM+BRCA1+BRCA2+MAP3K1+NF1+PIK3CA+RUNX1+TP53	primary	ATM+BRCA1+BRCA2+MAP3K1+NF1+PIK3CA+RUNX1+TP53	8	1	9.120758847136082e-05	0.0	0	0.0	0.0		0.0	0.0	rule_a_one_step	False	False	False	rare_state	False	91207588.47136082	133252467.14745386	26.98958700359139	False	relative_bottleneck	117810913.07523757	0.0	371074456.8408175	0.0	0.0	500
primary::ATM+MAP2K4+MAP3K1+NF1+PIK3CA	primary	ATM+MAP2K4+MAP3K1+NF1+PIK3CA	5	1	9.120758847136082e-05	0.0	0	0.0	0.0		0.0	0.0	rule_a_one_step	False	False	False	rare_state	False	91207588.47136082	133252467.14745386	26.98958700359139	False	relative_bottleneck	119845909.81240249	0.0	452458021.8426106	0.0	0.0	500
primary::BRCA2+GATA3+MAP3K1+NF1+TP53	primary	BRCA2+GATA3+MAP3K1+NF1+TP53	5	1	9.120758847136082e-05	0.0	0	0.0	0.0		0.0	0.0	rule_a_one_step	False	False	False	rare_state	False	91207588.47136082	133252467.14745386	26.98958700359139	False	relative_bottleneck	117694889.17584431	0.0	389212886.6033039	0.0	0.0	500
primary::CBFB+GATA3+MAP3K1+NF1+PIK3CA+TP53	primary	CBFB+GATA3+MAP3K1+NF1+PIK3CA+TP53	6	1	9.120758847136082e-05	0.0	0	0.0	0.0		0.0	0.0	rule_a_one_step	False	False	False	rare_state	False	91207588.47136082	133252467.14745386	26.98958700359139	False	relative_bottleneck	118443292.33036782	0.0	375795500.552251	0.0	0.0	500
primary::ESR1+GATA3+PTEN+RB1	primary	ESR1+GATA3+PTEN+RB1	4	1	9.120758847136082e-05	0.0	0	0.0	0.0		0.0	0.0	rule_a_one_step	False	False	False	rare_state	False	91207588.47136082	133252467.14745386	26.98958700359139	False	relative_bottleneck	118243227.36959013	0.0	380067586.08535826	0.0	0.0	500
primary::GATA3+MAP3K1+NF1+PTEN	primary	GATA3+MAP3K1+NF1+PTEN	4	1	9.120758847136082e-05	0.0	0	0.0	0.0		0.0	0.0	rule_a_one_step	False	False	False	rare_state	False	91207588.47136082	133252467.14745386	26.98958700359139	False	relative_bottleneck	118781938.44238505	0.0	379421659.84159803	0.0	0.0	500
unknown::ATM+BRCA2+GATA3	unknown	ATM+BRCA2+GATA3	3	1	9.120758847136082e-05	0.0	0	0.0	0.0		0.0	0.0	rule_a_one_step	False	False	False	rare_state	False	91207588.47136082	133252467.14745386	26.98958700359139	False	relative_bottleneck	119239237.07318854	0.0	383316698.5765397	0.0	0.0	500
unknown::MAP2K4+PIK3CA+RB1+TP53	unknown	MAP2K4+PIK3CA+RB1+TP53	4	1	9.120758847136082e-05	0.0	0	0.0	0.0		0.0	0.0	rule_a_one_step	False	False	False	rare_state	False	91207588.47136082	133252467.14745386	26.98958700359139	False	relative_bottleneck	117384608.55365026	0.0	377243730.5313138	0.0	0.0	500
