rule	source_state	target_state	predecessor_type	event_added	step_distance	edge_probability	source_L	inflow_contribution
rule_a_one_step	primary::WT	primary::TP53	same_stage_one_event	TP53	1	0.47761760501378564	0.10908427581174754	0.05210057055787009
rule_a_one_step	primary::WT	primary::PIK3CA	same_stage_one_event	PIK3CA	1	0.1823187429307362	0.10908427581174754	0.019888108039507524
rule_a_one_step	metastatic::WT	metastatic::TP53	same_stage_one_event	TP53	1	0.47761760501378564	0.05435972272893105	0.025963160579005495
rule_a_one_step	primary::TP53	primary::PIK3CA+TP53	same_stage_one_event	PIK3CA	1	0.42183962563328986	0.13097409704487414	0.05525006406506788
rule_a_one_step	primary::PIK3CA	primary::PIK3CA+TP53	same_stage_one_event	TP53	1	0.11186136546955484	0.06986501276906239	0.007815195726895204
rule_a_one_step	primary::WT	primary::GATA3	same_stage_one_event	GATA3	1	0.10607595423942875	0.10908427581174754	0.011571218649248156
rule_a_one_step	metastatic::WT	metastatic::PIK3CA	same_stage_one_event	PIK3CA	1	0.1823187429307362	0.05435972272893105	0.009910796314002077
rule_a_one_step	metastatic::TP53	metastatic::PIK3CA+TP53	same_stage_one_event	PIK3CA	1	0.42183962563328986	0.06484859540313755	0.027355707207704225
rule_a_one_step	metastatic::PIK3CA	metastatic::PIK3CA+TP53	same_stage_one_event	TP53	1	0.11186136546955484	0.027727106895293688	0.0031015920378278613
rule_a_one_step	metastatic::WT	metastatic::GATA3	same_stage_one_event	GATA3	1	0.10607595423942875	0.05435972272893105	0.005766259460662125
rule_a_one_step	primary::PIK3CA	primary::MAP3K1+PIK3CA	same_stage_one_event	MAP3K1	1	0.2712121874694701	0.06986501276906239	0.01894824294067987
rule_a_one_step	primary::MAP3K1	primary::MAP3K1+PIK3CA	same_stage_one_event	PIK3CA	1	0.4328838794462393	0.00556366289675301	0.0024084199786775446
rule_a_one_step	primary::PIK3CA	primary::GATA3+PIK3CA	same_stage_one_event	GATA3	1	0.127418565891597	0.06986501276906239	0.008902099733032041
rule_a_one_step	primary::GATA3	primary::GATA3+PIK3CA	same_stage_one_event	PIK3CA	1	0.3705118826851168	0.03028091937249179	0.01121944044613816
rule_a_one_step	primary::TP53	primary::PTEN+TP53	same_stage_one_event	PTEN	1	0.06533635677841977	0.13097409704487414	0.008557370333255272
rule_a_one_step	primary::PTEN	primary::PTEN+TP53	same_stage_one_event	TP53	1	0.47905949981104684	0.007114191900766144	0.003408121213540829
rule_a_one_step	primary::WT	primary::AKT1	same_stage_one_event	AKT1	1	0.027554808453077808	0.10908427581174754	0.003005796325235412
rule_a_one_step	primary::WT	primary::PTEN	same_stage_one_event	PTEN	1	0.039552265304619104	0.10908427581174754	0.004314530217468483
rule_a_one_step	primary::TP53	primary::RB1+TP53	same_stage_one_event	RB1	1	0.06377337715174247	0.13097409704487414	0.008352660487951679
rule_a_one_step	primary::RB1	primary::RB1+TP53	same_stage_one_event	TP53	1	0.5420509502497058	0.0016417365924844946	0.0008899048800159344
rule_a_one_step	metastatic::WT	metastatic::ESR1	same_stage_one_event	ESR1	1	0.03211449413773991	0.05435972272893105	0.001745734996907423
rule_a_one_step	primary::TP53	primary::BRCA1+TP53	same_stage_one_event	BRCA1	1	0.0467155147938018	0.13097409704487414	0.006118522368104651
rule_a_one_step	primary::BRCA1	primary::BRCA1+TP53	same_stage_one_event	TP53	1	0.5192919747208943	0.001550529004013134	0.0008051772683560017
rule_a_one_step	metastatic::TP53	metastatic::PTEN+TP53	same_stage_one_event	PTEN	1	0.06533635677841977	0.06484859540313755	0.004236970965838787
rule_a_one_step	metastatic::PTEN	metastatic::PTEN+TP53	same_stage_one_event	TP53	1	0.47905949981104684	0.0036483035388544327	0.0017477544684824766
rule_a_one_step	primary::WT	primary::MAP3K1	same_stage_one_event	MAP3K1	1	0.03403981399756876	0.10908427581174754	0.003713208458691375
rule_a_one_step	metastatic::PIK3CA	metastatic::ESR1+PIK3CA	same_stage_one_event	ESR1	1	0.048875488062376175	0.027727106895293688	0.0013551758820651548
rule_a_one_step	metastatic::ESR1	metastatic::ESR1+PIK3CA	same_stage_one_event	PIK3CA	1	0.3378879591803447	0.0068405691353520615	0.0023113459447761634
rule_a_one_step	primary::TP53	primary::NF1+TP53	same_stage_one_event	NF1	1	0.06067367431078064	0.13097409704487414	0.007946679707249271
rule_a_one_step	primary::NF1	primary::NF1+TP53	same_stage_one_event	TP53	1	0.4406310206861988	0.002553812477198103	0.00112528899846895
rule_a_one_step	primary::TP53	primary::AKT1+TP53	same_stage_one_event	AKT1	1	0.0465481685749011	0.13097409704487414	0.006096604348190257
rule_a_one_step	primary::AKT1	primary::AKT1+TP53	same_stage_one_event	TP53	1	0.29475302872358783	0.007114191900766144	0.002096929609671639
rule_a_one_step	metastatic::GATA3	metastatic::ESR1+GATA3	same_stage_one_event	ESR1	1	0.11455100378313628	0.015322874863188618	0.001755250696421643
rule_a_one_step	metastatic::ESR1	metastatic::ESR1+GATA3	same_stage_one_event	GATA3	1	0.19790975061843277	0.0068405691353520615	0.0013538153316656747
rule_a_one_step	primary::PIK3CA	primary::MAP2K4+PIK3CA	same_stage_one_event	MAP2K4	1	0.08497921710443038	0.06986501276906239	0.005937074088105953
rule_a_one_step	primary::MAP2K4	primary::MAP2K4+PIK3CA	same_stage_one_event	PIK3CA	1	0.30384005888233595	0.0031922655964976288	0.0009699381668078948
rule_a_one_step	primary::TP53	primary::BRCA2+TP53	same_stage_one_event	BRCA2	1	0.06023870499153405	0.13097409704487414	0.007889709993418726
rule_a_one_step	primary::BRCA2	primary::BRCA2+TP53	same_stage_one_event	TP53	1	0.21398137519645352	0.00337468077344035	0.0007221188327497975
rule_a_one_step	primary::PIK3CA	primary::CBFB+PIK3CA	same_stage_one_event	CBFB	1	0.1003093895702819	0.06986501276906239	0.007008116783184599
rule_a_one_step	primary::CBFB	primary::CBFB+PIK3CA	same_stage_one_event	PIK3CA	1	0.2612744841539524	0.0007296607077708865	0.00019064172503024617
rule_a_one_step	primary::TP53	primary::GATA3+TP53	same_stage_one_event	GATA3	1	0.06481740612205335	0.13097409704487414	0.008489401239626835
rule_a_one_step	primary::GATA3	primary::GATA3+TP53	same_stage_one_event	TP53	1	0.07393010853540449	0.03028091937249179	0.0022386716557601504
rule_a_one_step	metastatic::PIK3CA	metastatic::MAP3K1+PIK3CA	same_stage_one_event	MAP3K1	1	0.2712121874694701	0.027727106895293688	0.0075199293132724295
rule_a_one_step	metastatic::MAP3K1	metastatic::MAP3K1+PIK3CA	same_stage_one_event	PIK3CA	1	0.4328838794462393	0.002006566946369938	0.0008686104841132129
rule_a_one_step	metastatic::WT	metastatic::AKT1	same_stage_one_event	AKT1	1	0.027554808453077808	0.05435972272893105	0.001497871747358115
rule_a_one_step	metastatic::PIK3CA	metastatic::GATA3+PIK3CA	same_stage_one_event	GATA3	1	0.127418565891597	0.027727106895293688	0.0035329481969213323
rule_a_one_step	metastatic::GATA3	metastatic::GATA3+PIK3CA	same_stage_one_event	PIK3CA	1	0.3705118826851168	0.015322874863188618	0.005677307213708466
rule_a_one_step	primary::GATA3+PIK3CA	primary::CBFB+GATA3+PIK3CA	same_stage_one_event	CBFB	1	0.5826355427665642	0.010488872674206494	0.006111190023545684
rule_a_one_step	primary::CBFB+PIK3CA	primary::CBFB+GATA3+PIK3CA	same_stage_one_event	GATA3	1	0.15566882810804333	0.004377964246625319	0.0006815125637710762
rule_a_one_step	primary::CBFB+GATA3	primary::CBFB+GATA3+PIK3CA	same_stage_one_event	PIK3CA	1	0.4502722173257421	0.003283473184968989	0.0014784567515256032
rule_a_one_step	primary::PTEN	primary::PIK3CA+PTEN	same_stage_one_event	PIK3CA	1	0.21982340907234932	0.007114191900766144	0.0015638659164213104
rule_a_one_step	primary::PIK3CA	primary::PIK3CA+PTEN	same_stage_one_event	PTEN	1	0.029730377065368543	0.06986501276906239	0.0020771131733010127
rule_a_one_step	metastatic::WT	metastatic::PTEN	same_stage_one_event	PTEN	1	0.039552265304619104	0.05435972272893105	0.002150050175260214
rule_a_one_step	metastatic::TP53	metastatic::AKT1+TP53	same_stage_one_event	AKT1	1	0.0465481685749011	0.06484859540313755	0.003018583350670803
rule_a_one_step	metastatic::AKT1	metastatic::AKT1+TP53	same_stage_one_event	TP53	1	0.29475302872358783	0.0038307187157971545	0.0011291159436693443
rule_a_one_step	metastatic::TP53	metastatic::GATA3+TP53	same_stage_one_event	GATA3	1	0.06481740612205335	0.06484859540313755	0.0042033177446898886
rule_a_one_step	metastatic::GATA3	metastatic::GATA3+TP53	same_stage_one_event	TP53	1	0.07393010853540449	0.015322874863188618	0.0011328218017099558
rule_a_one_step	primary::TP53	primary::MAP3K1+TP53	same_stage_one_event	MAP3K1	1	0.04515159486899379	0.13097409704487414	0.005913689368102434
rule_a_one_step	primary::MAP3K1	primary::MAP3K1+TP53	same_stage_one_event	TP53	1	0.17338413659322793	0.00556366289675301	0.0009646508876492981
rule_a_one_step	metastatic::TP53	metastatic::RB1+TP53	same_stage_one_event	RB1	1	0.06377337715174247	0.06484859540313755	0.004135613932405044
rule_a_one_step	metastatic::RB1	metastatic::RB1+TP53	same_stage_one_event	TP53	1	0.5420509502497058	0.0011856986501276906	0.0006427090800115081
rule_a_one_step	primary::WT	primary::BRCA2	same_stage_one_event	BRCA2	1	0.01795348088966434	0.10908427581174754	0.0019584424611490832
rule_a_one_step	primary::GATA3	primary::CBFB+GATA3	same_stage_one_event	CBFB	1	0.11775479114982068	0.03028091937249179	0.00356572333653233
rule_a_one_step	primary::CBFB	primary::CBFB+GATA3	same_stage_one_event	GATA3	1	0.15170399210944602	0.0007296607077708865	0.00011069244225424736
rule_a_one_step	primary::WT	primary::MAP2K4	same_stage_one_event	MAP2K4	1	0.014881971246606486	0.10908427581174754	0.0016233890560873182
rule_a_one_step	unknown::WT	unknown::TP53	same_stage_one_event	TP53	1	0.47761760501378564	0.03657424297701569	0.017468502335874502
rule_a_one_step	metastatic::TP53	metastatic::BRCA2+TP53	same_stage_one_event	BRCA2	1	0.06023870499153405	0.06484859540313755	0.003906395407604954
rule_a_one_step	metastatic::BRCA2	metastatic::BRCA2+TP53	same_stage_one_event	TP53	1	0.21398137519645352	0.002462604888726742	0.0005269515806552577
rule_a_one_step	primary::PIK3CA+TP53	primary::MAP3K1+PIK3CA+TP53	same_stage_one_event	MAP3K1	1	0.23004635936318948	0.041225829989055086	0.00948385210070792
rule_a_one_step	primary::MAP3K1+TP53	primary::MAP3K1+PIK3CA+TP53	same_stage_one_event	PIK3CA	1	0.5924111645040679	0.003465888361911711	0.002053230960521213
rule_a_one_step	primary::MAP3K1+PIK3CA	primary::MAP3K1+PIK3CA+TP53	same_stage_one_event	TP53	1	0.04984504447095829	0.014410798978475008	0.0007183069159441271
rule_a_one_step	primary::PIK3CA+TP53	primary::NF1+PIK3CA+TP53	same_stage_one_event	NF1	1	0.11296155471024326	0.041225829989055086	0.004656933849783833
rule_a_one_step	primary::NF1+TP53	primary::NF1+PIK3CA+TP53	same_stage_one_event	PIK3CA	1	0.5457543460058706	0.005381247719810288	0.0029368393300206463
rule_a_one_step	primary::NF1+PIK3CA	primary::NF1+PIK3CA+TP53	same_stage_one_event	TP53	1	0.11208209850162595	0.0017329441809558555	0.0001942320203877137
rule_a_one_step	primary::PTEN+TP53	primary::PIK3CA+PTEN+TP53	same_stage_one_event	PIK3CA	1	0.46888895535197816	0.0077526450200656695	0.0036351296246733074
rule_a_one_step	primary::PIK3CA+TP53	primary::PIK3CA+PTEN+TP53	same_stage_one_event	PTEN	1	0.0314053917661105	0.041225829989055086	0.0012947133416893418
rule_a_one_step	primary::PIK3CA+PTEN	primary::PIK3CA+PTEN+TP53	same_stage_one_event	TP53	1	0.10850857380648782	0.0037395111273257936	0.00040576901915961335
rule_a_one_step	metastatic::PIK3CA+TP53	metastatic::NF1+PIK3CA+TP53	same_stage_one_event	NF1	1	0.11296155471024326	0.024078803356439256	0.002719979062705602
rule_a_one_step	metastatic::NF1+TP53	metastatic::NF1+PIK3CA+TP53	same_stage_one_event	PIK3CA	1	0.5457543460058706	0.0020977745348412986	0.0011448695693300822
rule_a_one_step	metastatic::NF1+PIK3CA	metastatic::NF1+PIK3CA+TP53	same_stage_one_event	TP53	1	0.11208209850162595	0.0010944910616563297	0.00012267285498171392
rule_a_one_step	metastatic::TP53	metastatic::BRCA1+TP53	same_stage_one_event	BRCA1	1	0.0467155147938018	0.06484859540313755	0.0030294355179125397
rule_a_one_step	metastatic::BRCA1	metastatic::BRCA1+TP53	same_stage_one_event	TP53	1	0.5192919747208943	0.0009120758847136082	0.0004736336872682363
rule_a_one_step	metastatic::TP53	metastatic::ESR1+TP53	same_stage_one_event	ESR1	1	0.026653421023359592	0.06484859540313755	0.0017284369160533264
rule_a_one_step	metastatic::ESR1	metastatic::ESR1+TP53	same_stage_one_event	TP53	1	0.14324716718304256	0.0068405691353520615	0.0009798921505589377
rule_a_one_step	primary::WT	primary::NF1	same_stage_one_event	NF1	1	0.015503433635571594	0.10908427581174754	0.0016911808307318156
rule_a_one_step	metastatic::WT	metastatic::BRCA2	same_stage_one_event	BRCA2	1	0.01795348088966434	0.05435972272893105	0.0009759462431813158
rule_a_one_step	primary::GATA3	primary::AKT1+GATA3	same_stage_one_event	AKT1	1	0.08927836810993012	0.03028091937249179	0.0027034310664444364
rule_a_one_step	primary::AKT1	primary::AKT1+GATA3	same_stage_one_event	GATA3	1	0.12571850155468808	0.007114191900766144	0.0008943855455368178
rule_a_one_step	primary::RUNX1	primary::PIK3CA+RUNX1	same_stage_one_event	PIK3CA	1	0.2194762718681407	0.0016417365924844946	0.00036032222670800187
rule_a_one_step	primary::PIK3CA	primary::PIK3CA+RUNX1	same_stage_one_event	RUNX1	1	0.05007251855858002	0.06986501276906239	0.0034983171484743066
rule_a_one_step	primary::TP53	primary::RUNX1+TP53	same_stage_one_event	RUNX1	1	0.02783956663319629	0.13097409704487414	0.0036462621019034912
rule_a_one_step	primary::RUNX1	primary::RUNX1+TP53	same_stage_one_event	TP53	1	0.394486609156085	0.0016417365924844946	0.0006476431014966736
rule_a_one_step	metastatic::TP53	metastatic::MAP3K1+TP53	same_stage_one_event	MAP3K1	1	0.04515159486899379	0.06484859540313755	0.0029280175074657593
rule_a_one_step	metastatic::MAP3K1	metastatic::MAP3K1+TP53	same_stage_one_event	TP53	1	0.17338413659322793	0.002006566946369938	0.0003479068775128616
rule_a_one_step	primary::TP53	primary::ATM+TP53	same_stage_one_event	ATM	1	0.03753275794870049	0.13097409704487414	0.00491581908193487
rule_a_one_step	primary::ATM	primary::ATM+TP53	same_stage_one_event	TP53	1	0.22702831531578999	0.0021889821233126595	0.000496960923712054
rule_a_one_step	primary::WT	primary::ESR1	same_stage_one_event	ESR1	1	0.03211449413773991	0.10908427581174754	0.0035031863360759697
rule_a_one_step	primary::WT	primary::ATM	same_stage_one_event	ATM	1	0.013050815284059495	0.10908427581174754	0.0014236387340145163
rule_a_one_step	primary::TP53	primary::MAP2K4+TP53	same_stage_one_event	MAP2K4	1	0.027158283328439677	0.13097409704487414	0.0035570316362312456
rule_a_one_step	primary::MAP2K4	primary::MAP2K4+TP53	same_stage_one_event	TP53	1	0.21930217214021086	0.0031922655964976288	0.0007000707793603959
rule_a_one_step	metastatic::PIK3CA+TP53	metastatic::MAP3K1+PIK3CA+TP53	same_stage_one_event	MAP3K1	1	0.23004635936318948	0.024078803356439256	0.005539241049970998
rule_a_one_step	metastatic::MAP3K1+TP53	metastatic::MAP3K1+PIK3CA+TP53	same_stage_one_event	PIK3CA	1	0.5924111645040679	0.0022801897117840204	0.0013508098424481665
rule_a_one_step	metastatic::MAP3K1+PIK3CA	metastatic::MAP3K1+PIK3CA+TP53	same_stage_one_event	TP53	1	0.04984504447095829	0.004104341481211237	0.0002045810836549729
rule_a_one_step	metastatic::TP53	metastatic::NF1+TP53	same_stage_one_event	NF1	1	0.06067367431078064	0.06484859540313755	0.003934602557001554
rule_a_one_step	metastatic::NF1	metastatic::NF1+TP53	same_stage_one_event	TP53	1	0.4406310206861988	0.0009120758847136082	0.00040188892802462496
rule_a_one_step	metastatic::WT	metastatic::MAP3K1	same_stage_one_event	MAP3K1	1	0.03403981399756876	0.05435972272893105	0.0018503948506522236
rule_a_one_step	metastatic::TP53	metastatic::ATM+TP53	same_stage_one_event	ATM	1	0.03753275794870049	0.06484859540313755	0.002433946634579173
rule_a_one_step	metastatic::ATM	metastatic::ATM+TP53	same_stage_one_event	TP53	1	0.22702831531578999	0.0016417365924844946	0.00037272069278404047
rule_a_one_step	primary::PIK3CA	primary::BRCA2+PIK3CA	same_stage_one_event	BRCA2	1	0.0263440469783095	0.06986501276906239	0.0018405271785283724
rule_a_one_step	primary::BRCA2	primary::BRCA2+PIK3CA	same_stage_one_event	PIK3CA	1	0.2827534710884073	0.00337468077344035	0.00095420270250557
rule_a_one_step	primary::PIK3CA+TP53	primary::GATA3+PIK3CA+TP53	same_stage_one_event	GATA3	1	0.04978834140977261	0.041225829989055086	0.002052565698396317
rule_a_one_step	primary::GATA3+TP53	primary::GATA3+PIK3CA+TP53	same_stage_one_event	PIK3CA	1	0.46751722137667734	0.004377964246625319	0.0020467736798687078
rule_a_one_step	primary::GATA3+PIK3CA	primary::GATA3+PIK3CA+TP53	same_stage_one_event	TP53	1	0.006239472255460205	0.010488872674206494	6.544503004176611e-05
rule_a_one_step	metastatic::PTEN+TP53	metastatic::PIK3CA+PTEN+TP53	same_stage_one_event	PIK3CA	1	0.46888895535197816	0.006202116016052536	0.002908103699738646
rule_a_one_step	metastatic::PIK3CA+TP53	metastatic::PIK3CA+PTEN+TP53	same_stage_one_event	PTEN	1	0.0314053917661105	0.024078803356439256	0.0007562042526681113
rule_a_one_step	metastatic::PIK3CA+PTEN	metastatic::PIK3CA+PTEN+TP53	same_stage_one_event	TP53	1	0.10850857380648782	0.0009120758847136082	9.896805345356423e-05
rule_a_one_step	primary::PIK3CA	primary::ATM+PIK3CA	same_stage_one_event	ATM	1	0.03683665352750729	0.06986501276906239	0.002573593269068824
rule_a_one_step	primary::ATM	primary::ATM+PIK3CA	same_stage_one_event	PIK3CA	1	0.26815255558100737	0.0021889821233126595	0.0005869811504874295
rule_a_one_step	primary::MAP3K1+PIK3CA	primary::GATA3+MAP3K1+PIK3CA	same_stage_one_event	GATA3	1	0.1920878415762508	0.014410798978475008	0.0027681392711645042
rule_a_one_step	primary::GATA3+PIK3CA	primary::GATA3+MAP3K1+PIK3CA	same_stage_one_event	MAP3K1	1	0.12805676169623995	0.010488872674206494	0.001343171068503064
rule_a_one_step	primary::GATA3+MAP3K1	primary::GATA3+MAP3K1+PIK3CA	same_stage_one_event	PIK3CA	1	0.5501004020460744	0.001550529004013134	0.0008529466284917242
rule_a_one_step	metastatic::WT	metastatic::MAP2K4	same_stage_one_event	MAP2K4	1	0.014881971246606486	0.05435972272893105	0.0008089798306254529
rule_a_one_step	metastatic::TP53	metastatic::RUNX1+TP53	same_stage_one_event	RUNX1	1	0.02783956663319629	0.06484859540313755	0.0018053567927948343
rule_a_one_step	metastatic::RUNX1	metastatic::RUNX1+TP53	same_stage_one_event	TP53	1	0.394486609156085	0.0004560379423568041	0.0001799008615268538
rule_a_one_step	primary::PIK3CA	primary::NF1+PIK3CA	same_stage_one_event	NF1	1	0.04513755321437887	0.06986501276906239	0.003153535731686813
rule_a_one_step	primary::NF1	primary::NF1+PIK3CA	same_stage_one_event	PIK3CA	1	0.2531871267618907	0.002553812477198103	0.0006465924433904542
rule_a_one_step	metastatic::WT	metastatic::ATM	same_stage_one_event	ATM	1	0.013050815284059495	0.05435972272893105	0.0007094387002279696
rule_a_one_step	primary::PTEN	primary::GATA3+PTEN	same_stage_one_event	GATA3	1	0.09559091253328045	0.007114191900766144	0.0006800520957311086
rule_a_one_step	primary::GATA3	primary::GATA3+PTEN	same_stage_one_event	PTEN	1	0.02957807502954314	0.03028091937249179	0.0008956513051631086
rule_a_one_step	primary::WT	primary::RB1	same_stage_one_event	RB1	1	0.011819524089133388	0.10908427581174754	0.0012893242257026206
rule_a_one_step	primary::WT	primary::RUNX1	same_stage_one_event	RUNX1	1	0.00825459108191317	0.10908427581174754	0.0009004460902926077
rule_a_one_step	metastatic::MAP3K1+PIK3CA	metastatic::ESR1+MAP3K1+PIK3CA	same_stage_one_event	ESR1	1	0.0837117402755132	0.004104341481211237	0.0003435815680771702
rule_a_one_step	metastatic::ESR1+PIK3CA	metastatic::ESR1+MAP3K1+PIK3CA	same_stage_one_event	MAP3K1	1	0.35430729357930313	0.005381247719810288	0.0019066153156857793
rule_a_one_step	metastatic::ESR1+MAP3K1	metastatic::ESR1+MAP3K1+PIK3CA	same_stage_one_event	PIK3CA	1	0.5623047014244602	0.0010944910616563297	0.0006154374696364029
rule_a_one_step	primary::WT	primary::BRCA1	same_stage_one_event	BRCA1	1	0.011957000054111558	0.10908427581174754	0.0013043206917837855
rule_a_one_step	primary::MAP3K1	primary::GATA3+MAP3K1	same_stage_one_event	GATA3	1	0.13027805714599705	0.00556366289675301	0.0007248231928042521
rule_a_one_step	primary::GATA3	primary::GATA3+MAP3K1	same_stage_one_event	MAP3K1	1	0.044601941901744706	0.03028091937249179	0.0013505878065832946
rule_a_one_step	primary::GATA3	primary::ATM+GATA3	same_stage_one_event	ATM	1	0.03928477393924237	0.03028091937249179	0.001189579072220765
rule_a_one_step	primary::ATM	primary::ATM+GATA3	same_stage_one_event	GATA3	1	0.16053583284403447	0.0021889821233126595	0.00035141006824670074
rule_a_one_step	primary::MAP2K4	primary::GATA3+MAP2K4	same_stage_one_event	GATA3	1	0.1613424899313729	0.0031922655964976288	0.0005150480798611868
rule_a_one_step	primary::GATA3	primary::GATA3+MAP2K4	same_stage_one_event	MAP2K4	1	0.02574631886407717	0.03028091937249179	0.0007796222056615853
rule_a_one_step	primary::RUNX1+TP53	primary::PIK3CA+RUNX1+TP53	same_stage_one_event	PIK3CA	1	0.43694314869593687	0.0023713973002553812	0.0010361658031826303
rule_a_one_step	primary::PIK3CA+TP53	primary::PIK3CA+RUNX1+TP53	same_stage_one_event	RUNX1	1	0.10799075783798595	0.041225829989055086	0.004452008623018027
rule_a_one_step	primary::PIK3CA+RUNX1	primary::PIK3CA+RUNX1+TP53	same_stage_one_event	TP53	1	0.08524396695863215	0.002462604888726742	0.0002099222097667884
rule_a_one_step	metastatic::PIK3CA	metastatic::MAP2K4+PIK3CA	same_stage_one_event	MAP2K4	1	0.08497921710443038	0.027727106895293688	0.002356227836532911
rule_a_one_step	metastatic::MAP2K4	metastatic::MAP2K4+PIK3CA	same_stage_one_event	PIK3CA	1	0.30384005888233595	0.0017329441809558555	0.0005265378619814286
rule_a_one_step	primary::MAP3K1+PIK3CA	primary::CBFB+MAP3K1+PIK3CA	same_stage_one_event	CBFB	1	0.17218929611112194	0.014410798978475008	0.002481385332502487
rule_a_one_step	primary::CBFB+PIK3CA	primary::CBFB+MAP3K1+PIK3CA	same_stage_one_event	MAP3K1	1	0.33134435300710874	0.004377964246625319	0.0014506137307863205
rule_a_one_step	primary::CBFB+MAP3K1	primary::CBFB+MAP3K1+PIK3CA	same_stage_one_event	PIK3CA	1	0.4933350773109732	9.120758847136082e-05	4.499590270986621e-05
rule_a_one_step	metastatic::GATA3+PIK3CA	metastatic::ESR1+GATA3+PIK3CA	same_stage_one_event	ESR1	1	0.06282256223092646	0.0038307187157971545	0.00024065556491234143
rule_a_one_step	metastatic::ESR1+PIK3CA	metastatic::ESR1+GATA3+PIK3CA	same_stage_one_event	GATA3	1	0.16622790858183098	0.005381247719810288	0.000894513554024811
rule_a_one_step	metastatic::ESR1+GATA3	metastatic::ESR1+GATA3+PIK3CA	same_stage_one_event	PIK3CA	1	0.5072158483022202	0.0047427946005107625	0.002405620586621256
rule_a_one_step	metastatic::PIK3CA+TP53	metastatic::MAP2K4+PIK3CA+TP53	same_stage_one_event	MAP2K4	1	0.09916874690269731	0.024078803356439256	0.002387864755774543
rule_a_one_step	metastatic::MAP2K4+TP53	metastatic::MAP2K4+PIK3CA+TP53	same_stage_one_event	PIK3CA	1	0.46132857347803236	0.0006384531192995258	0.00029453666675905023
rule_a_one_step	metastatic::MAP2K4+PIK3CA	metastatic::MAP2K4+PIK3CA+TP53	same_stage_one_event	TP53	1	0.04836357958246265	0.0013681138270704122	6.616688195338743e-05
rule_a_one_step	primary::PIK3CA+TP53	primary::MAP2K4+PIK3CA+TP53	same_stage_one_event	MAP2K4	1	0.09916874690269731	0.041225829989055086	0.004088313900038232
rule_a_one_step	primary::MAP2K4+TP53	primary::MAP2K4+PIK3CA+TP53	same_stage_one_event	PIK3CA	1	0.46132857347803236	0.0021889821233126595	0.0010098400003167435
rule_a_one_step	primary::MAP2K4+PIK3CA	primary::MAP2K4+PIK3CA+TP53	same_stage_one_event	TP53	1	0.04836357958246265	0.004651587012039402	0.00022496739864151727
rule_a_one_step	metastatic::GATA3	metastatic::AKT1+GATA3	same_stage_one_event	AKT1	1	0.08927836810993012	0.015322874863188618	0.0013680012625381485
rule_a_one_step	metastatic::AKT1	metastatic::AKT1+GATA3	same_stage_one_event	GATA3	1	0.12571850155468808	0.0038307187157971545	0.0004815922168275173
rule_a_one_step	metastatic::PIK3CA	metastatic::BRCA2+PIK3CA	same_stage_one_event	BRCA2	1	0.0263440469783095	0.027727106895293688	0.0007304442066222262
rule_a_one_step	metastatic::BRCA2	metastatic::BRCA2+PIK3CA	same_stage_one_event	PIK3CA	1	0.2827534710884073	0.002462604888726742	0.0006963100802067673
rule_a_one_step	metastatic::PIK3CA+TP53	metastatic::ESR1+PIK3CA+TP53	same_stage_one_event	ESR1	1	0.025939597172332417	0.024078803356439256	0.0006245944594578401
rule_a_one_step	metastatic::ESR1+TP53	metastatic::ESR1+PIK3CA+TP53	same_stage_one_event	PIK3CA	1	0.4614894940008687	0.002553812477198103	0.0011785576278752576
rule_a_one_step	metastatic::ESR1+PIK3CA	metastatic::ESR1+PIK3CA+TP53	same_stage_one_event	TP53	1	0.023458855267817567	0.005381247719810288	0.00012623791141930284
rule_a_one_step	metastatic::WT	metastatic::RB1	same_stage_one_event	RB1	1	0.011819524089133388	0.05435972272893105	0.0006425060522732123
rule_a_one_step	primary::PIK3CA+TP53	primary::ATM+PIK3CA+TP53	same_stage_one_event	ATM	1	0.06774437658643234	0.041225829989055086	0.0027928181518667838
rule_a_one_step	primary::ATM+TP53	primary::ATM+PIK3CA+TP53	same_stage_one_event	PIK3CA	1	0.4145521272325841	0.0022801897117840204	0.0009452574955139185
rule_a_one_step	primary::ATM+PIK3CA	primary::ATM+PIK3CA+TP53	same_stage_one_event	TP53	1	0.03979374040192536	0.0018241517694272164	7.258982196629946e-05
rule_a_one_step	primary::PIK3CA+TP53	primary::BRCA2+PIK3CA+TP53	same_stage_one_event	BRCA2	1	0.05652358529729506	0.041225829989055086	0.00233023171783814
rule_a_one_step	primary::BRCA2+TP53	primary::BRCA2+PIK3CA+TP53	same_stage_one_event	PIK3CA	1	0.4068363182646428	0.00446917183509668	0.0018182214150827707
rule_a_one_step	primary::BRCA2+PIK3CA	primary::BRCA2+PIK3CA+TP53	same_stage_one_event	TP53	1	0.03376744320938818	0.0019153593578985773	6.467678834341042e-05
rule_a_one_step	primary::RB1	primary::PIK3CA+RB1	same_stage_one_event	PIK3CA	1	0.11411904597265568	0.0016417365924844946	0.00018735341367272912
rule_a_one_step	primary::PIK3CA	primary::PIK3CA+RB1	same_stage_one_event	RB1	1	0.030376307621783755	0.06986501276906239	0.002122241119872889
rule_a_one_step	metastatic::MAP3K1	metastatic::ESR1+MAP3K1	same_stage_one_event	ESR1	1	0.04481088394390442	0.002006566946369938	8.991603855945799e-05
rule_a_one_step	metastatic::ESR1	metastatic::ESR1+MAP3K1	same_stage_one_event	MAP3K1	1	0.06359706677827548	0.0068405691353520615	0.0004350401321023952
rule_a_one_step	metastatic::PTEN	metastatic::ESR1+PTEN	same_stage_one_event	ESR1	1	0.02751041383120969	0.0036483035388544327	0.00010036634013575224
rule_a_one_step	metastatic::ESR1	metastatic::ESR1+PTEN	same_stage_one_event	PTEN	1	0.04534054983282256	0.0068405691353520615	0.0003101551657662981
rule_a_one_step	metastatic::PIK3CA	metastatic::NF1+PIK3CA	same_stage_one_event	NF1	1	0.04513755321437887	0.027727106895293688	0.00125153376296709
rule_a_one_step	metastatic::NF1	metastatic::NF1+PIK3CA	same_stage_one_event	PIK3CA	1	0.2531871267618907	0.0009120758847136082	0.00023092587263944791
rule_a_one_step	metastatic::RB1	metastatic::PIK3CA+RB1	same_stage_one_event	PIK3CA	1	0.11411904597265568	0.0011856986501276906	0.0001353107987636377
rule_a_one_step	metastatic::PIK3CA	metastatic::PIK3CA+RB1	same_stage_one_event	RB1	1	0.030376307621783755	0.027727106895293688	0.0008422471285135226
rule_a_one_step	metastatic::RUNX1+TP53	metastatic::PIK3CA+RUNX1+TP53	same_stage_one_event	PIK3CA	1	0.43694314869593687	0.0017329441809558555	0.0007571980869411529
rule_a_one_step	metastatic::PIK3CA+TP53	metastatic::PIK3CA+RUNX1+TP53	same_stage_one_event	RUNX1	1	0.10799075783798595	0.024078803356439256	0.002600288222293715
rule_a_one_step	metastatic::PIK3CA+RUNX1	metastatic::PIK3CA+RUNX1+TP53	same_stage_one_event	TP53	1	0.08524396695863215	0.0004560379423568041	3.8874483290146e-05
rule_a_one_step	primary::TP53	primary::ESR1+TP53	same_stage_one_event	ESR1	1	0.026653421023359592	0.13097409704487414	0.003490907751691388
rule_a_one_step	primary::ESR1	primary::ESR1+TP53	same_stage_one_event	TP53	1	0.14324716718304256	0.0022801897117840204	0.0003266307168529792
rule_a_one_step	primary::RB1+TP53	primary::PTEN+RB1+TP53	same_stage_one_event	PTEN	1	0.0892809069911784	0.007114191900766144	0.0006351615054096967
rule_a_one_step	primary::PTEN+TP53	primary::PTEN+RB1+TP53	same_stage_one_event	RB1	1	0.08682461957196923	0.0077526450200656695	0.0006731204545437234
rule_a_one_step	primary::PTEN+RB1	primary::PTEN+RB1+TP53	same_stage_one_event	TP53	1	0.5568261244158855	9.120758847136082e-05	5.078676800582685e-05
rule_a_one_step	unknown::WT	unknown::PIK3CA	same_stage_one_event	PIK3CA	1	0.1823187429307362	0.03657424297701569	0.006668170003212807
rule_a_one_step	metastatic::PIK3CA	metastatic::CBFB+PIK3CA	same_stage_one_event	CBFB	1	0.1003093895702819	0.027727106895293688	0.002781289167216864
rule_a_one_step	metastatic::CBFB	metastatic::CBFB+PIK3CA	same_stage_one_event	PIK3CA	1	0.2612744841539524	0.00036483035388544326	9.532086251512309e-05
rule_a_one_step	metastatic::RB1+TP53	metastatic::PIK3CA+RB1+TP53	same_stage_one_event	PIK3CA	1	0.3189501548668912	0.00337468077344035	0.0010763549553151198
rule_a_one_step	metastatic::PIK3CA+TP53	metastatic::PIK3CA+RB1+TP53	same_stage_one_event	RB1	1	0.104808053222463	0.024078803356439256	0.0025236525037149065
rule_a_one_step	metastatic::PIK3CA+RB1	metastatic::PIK3CA+RB1+TP53	same_stage_one_event	TP53	1	0.12363747736484214	0.0010944910616563297	0.00013532011386155652
rule_a_one_step	primary::MAP3K1	primary::AKT1+MAP3K1	same_stage_one_event	AKT1	1	0.038534749040685705	0.00556366289675301	0.0002143943534733517
rule_a_one_step	primary::AKT1	primary::AKT1+MAP3K1	same_stage_one_event	MAP3K1	1	0.10039215232365976	0.007114191900766144	0.0007142090369614613
rule_a_one_step	unknown::TP53	unknown::PIK3CA+TP53	same_stage_one_event	PIK3CA	1	0.42183962563328986	0.003009850419554907	0.0012696741741972423
rule_a_one_step	unknown::PIK3CA	unknown::PIK3CA+TP53	same_stage_one_event	TP53	1	0.11186136546955484	0.0010944910616563297	0.00012243126465109978
rule_a_one_step	metastatic::WT	metastatic::BRCA1	same_stage_one_event	BRCA1	1	0.011957000054111558	0.05435972272893105	0.0006499792076113179
rule_a_one_step	metastatic::PIK3CA+TP53	metastatic::BRCA1+PIK3CA+TP53	same_stage_one_event	BRCA1	1	0.04154664665858128	0.024078803356439256	0.0010003935350114427
rule_a_one_step	metastatic::BRCA1+TP53	metastatic::BRCA1+PIK3CA+TP53	same_stage_one_event	PIK3CA	1	0.2998278037569149	0.002645020065669464	0.0007930505571826463
rule_a_one_step	metastatic::BRCA1+PIK3CA	metastatic::BRCA1+PIK3CA+TP53	same_stage_one_event	TP53	1	0.1057180656714227	0.00036483035388544326	3.8569159310989676e-05
rule_a_one_step	metastatic::ESR1	metastatic::BRCA2+ESR1	same_stage_one_event	BRCA2	1	0.03366978036892362	0.0068405691353520615	0.00023032046038574163
rule_a_one_step	metastatic::BRCA2	metastatic::BRCA2+ESR1	same_stage_one_event	ESR1	1	0.057521290998952784	0.002462604888726742	0.00014165221241989467
rule_a_one_step	metastatic::PIK3CA+TP53	metastatic::BRCA2+PIK3CA+TP53	same_stage_one_event	BRCA2	1	0.05652358529729506	0.024078803356439256	0.0013610202953744889
rule_a_one_step	metastatic::BRCA2+TP53	metastatic::BRCA2+PIK3CA+TP53	same_stage_one_event	PIK3CA	1	0.4068363182646428	0.002918642831083546	0.0011874099037275235
rule_a_one_step	metastatic::BRCA2+PIK3CA	metastatic::BRCA2+PIK3CA+TP53	same_stage_one_event	TP53	1	0.03376744320938818	0.0011856986501276906	4.003801183163502e-05
rule_a_one_step	metastatic::WT	metastatic::NF1	same_stage_one_event	NF1	1	0.015503433635571594	0.05435972272893105	0.0008427623537760553
rule_a_one_step	metastatic::PTEN	metastatic::PIK3CA+PTEN	same_stage_one_event	PIK3CA	1	0.21982340907234932	0.0036483035388544327	0.0008019825212416976
rule_a_one_step	metastatic::PIK3CA	metastatic::PIK3CA+PTEN	same_stage_one_event	PTEN	1	0.029730377065368543	0.027727106895293688	0.0008243373429288615
rule_a_one_step	primary::CBFB+GATA3	primary::AKT1+CBFB+GATA3	same_stage_one_event	AKT1	1	0.10839100382403793	0.003283473184968989	0.00035589895454809974
rule_a_one_step	primary::AKT1+GATA3	primary::AKT1+CBFB+GATA3	same_stage_one_event	CBFB	1	0.3981185278533355	0.002462604888726742	0.0009804086329843176
rule_a_one_step	primary::AKT1+CBFB	primary::AKT1+CBFB+GATA3	same_stage_one_event	GATA3	1	0.16413731528275657	0.0005472455308281649	8.982341223062198e-05
rule_a_one_step	primary::PIK3CA	primary::BRCA1+PIK3CA	same_stage_one_event	BRCA1	1	0.01662940929084914	0.06986501276906239	0.0011618138924471399
rule_a_one_step	primary::BRCA1	primary::BRCA1+PIK3CA	same_stage_one_event	PIK3CA	1	0.13024756225274373	0.001550529004013134	0.0002019526229748854
rule_a_one_step	metastatic::PIK3CA+TP53	metastatic::GATA3+PIK3CA+TP53	same_stage_one_event	GATA3	1	0.04978834140977261	0.024078803356439256	0.0011988436822491764
rule_a_one_step	metastatic::GATA3+TP53	metastatic::GATA3+PIK3CA+TP53	same_stage_one_event	PIK3CA	1	0.46751722137667734	0.003465888361911711	0.001620362496562727
rule_a_one_step	metastatic::GATA3+PIK3CA	metastatic::GATA3+PIK3CA+TP53	same_stage_one_event	TP53	1	0.006239472255460205	0.0038307187157971545	2.3901663145688492e-05
rule_a_one_step	metastatic::PTEN	metastatic::GATA3+PTEN	same_stage_one_event	GATA3	1	0.09559091253328045	0.0036483035388544327	0.0003487446644774916
rule_a_one_step	metastatic::GATA3	metastatic::GATA3+PTEN	same_stage_one_event	PTEN	1	0.02957807502954314	0.015322874863188618	0.00045322114237169355
rule_a_one_step	primary::PIK3CA	primary::AKT1+PIK3CA	same_stage_one_event	AKT1	1	0.020216920175512416	0.06986501276906239	0.00141245538621329
rule_a_one_step	primary::AKT1	primary::AKT1+PIK3CA	same_stage_one_event	PIK3CA	1	0.09078518468337385	0.007114191900766144	0.0006458632255840168
rule_a_one_step	primary::GATA3	primary::ESR1+GATA3	same_stage_one_event	ESR1	1	0.11455100378313628	0.03028091937249179	0.0034687097095951517
rule_a_one_step	primary::ESR1	primary::ESR1+GATA3	same_stage_one_event	GATA3	1	0.19790975061843277	0.0022801897117840204	0.00045127177722189155
rule_a_one_step	primary::PIK3CA	primary::ESR1+PIK3CA	same_stage_one_event	ESR1	1	0.048875488062376175	0.06986501276906239	0.003414686597572068
rule_a_one_step	primary::ESR1	primary::ESR1+PIK3CA	same_stage_one_event	PIK3CA	1	0.3378879591803447	0.0022801897117840204	0.000770448648258721
rule_a_one_step	metastatic::ESR1	metastatic::ATM+ESR1	same_stage_one_event	ATM	1	0.024395818895022122	0.0068405691353520615	0.00016688128576492696
rule_a_one_step	metastatic::ATM	metastatic::ATM+ESR1	same_stage_one_event	ESR1	1	0.048682281298381154	0.0016417365924844946	7.992348261317592e-05
rule_a_one_step	metastatic::GATA3	metastatic::ATM+GATA3	same_stage_one_event	ATM	1	0.03928477393924237	0.015322874863188618	0.0006019556750996643
rule_a_one_step	metastatic::ATM	metastatic::ATM+GATA3	same_stage_one_event	GATA3	1	0.16053583284403447	0.0016417365924844946	0.00026355755118502556
rule_a_one_step	metastatic::PIK3CA	metastatic::ATM+PIK3CA	same_stage_one_event	ATM	1	0.03683665352750729	0.027727106895293688	0.001021373830022092
rule_a_one_step	metastatic::ATM	metastatic::ATM+PIK3CA	same_stage_one_event	PIK3CA	1	0.26815255558100737	0.0016417365924844946	0.0004402358628655721
rule_a_one_step	metastatic::GATA3	metastatic::BRCA2+GATA3	same_stage_one_event	BRCA2	1	0.023934540826735767	0.015322874863188618	0.0003667459739959512
rule_a_one_step	metastatic::BRCA2	metastatic::BRCA2+GATA3	same_stage_one_event	GATA3	1	0.10529096419862018	0.002462604888726742	0.00025929004317427445
rule_a_one_step	primary::MAP2K4	primary::AKT1+MAP2K4	same_stage_one_event	AKT1	1	0.04592125134512911	0.0031922655964976288	0.00014659283081717612
rule_a_one_step	primary::AKT1	primary::AKT1+MAP2K4	same_stage_one_event	MAP2K4	1	0.043883047480494514	0.007114191900766144	0.0003121924209666702
rule_a_one_step	primary::PIK3CA+TP53	primary::BRCA1+PIK3CA+TP53	same_stage_one_event	BRCA1	1	0.04154664665858128	0.041225829989055086	0.0017127949917620153
rule_a_one_step	primary::BRCA1+TP53	primary::BRCA1+PIK3CA+TP53	same_stage_one_event	PIK3CA	1	0.2998278037569149	0.00665815395840934	0.0019962996784252817
rule_a_one_step	primary::BRCA1+PIK3CA	primary::BRCA1+PIK3CA+TP53	same_stage_one_event	TP53	1	0.1057180656714227	0.0009120758847136082	9.642289827747418e-05
rule_a_one_step	primary::WT	primary::CBFB	same_stage_one_event	CBFB	1	0.007305499641983779	0.10908427581174754	0.0007969151378887814
rule_a_one_step	primary::NF1	primary::GATA3+NF1	same_stage_one_event	GATA3	1	0.09866592080016215	0.002553812477198103	0.00025197425961369396
rule_a_one_step	primary::GATA3	primary::GATA3+NF1	same_stage_one_event	NF1	1	0.016622336139013014	0.03028091937249179	0.0005033396204079096
rule_a_one_step	primary::PIK3CA+RUNX1	primary::GATA3+PIK3CA+RUNX1	same_stage_one_event	GATA3	1	0.12822550714524608	0.002462604888726742	0.0003157687607553488
rule_a_one_step	primary::GATA3+RUNX1	primary::GATA3+PIK3CA+RUNX1	same_stage_one_event	PIK3CA	1	0.389646279568852	0.0006384531192995258	0.00024877088261418865
rule_a_one_step	primary::GATA3+PIK3CA	primary::GATA3+PIK3CA+RUNX1	same_stage_one_event	RUNX1	1	0.04125755425950624	0.010488872674206494	0.00043274523347712674
rule_a_one_step	primary::PIK3CA+PTEN	primary::MAP3K1+PIK3CA+PTEN	same_stage_one_event	MAP3K1	1	0.28624305315742393	0.0037395111273257936	0.0010704090824018955
rule_a_one_step	primary::MAP3K1+PTEN	primary::MAP3K1+PIK3CA+PTEN	same_stage_one_event	PIK3CA	1	0.50949841597883	0.00036483035388544326	0.00018588048740562934
rule_a_one_step	primary::MAP3K1+PIK3CA	primary::MAP3K1+PIK3CA+PTEN	same_stage_one_event	PTEN	1	0.050707936115892874	0.014410798978475008	0.0007307418739794851
rule_a_one_step	primary::PIK3CA+RUNX1	primary::MAP3K1+PIK3CA+RUNX1	same_stage_one_event	MAP3K1	1	0.3036646376269656	0.002462604888726742	0.0007478060211536001
rule_a_one_step	primary::MAP3K1+RUNX1	primary::MAP3K1+PIK3CA+RUNX1	same_stage_one_event	PIK3CA	1	0.4734608467966274	0.00027362276541408243	0.0001295496662157864
rule_a_one_step	primary::MAP3K1+PIK3CA	primary::MAP3K1+PIK3CA+RUNX1	same_stage_one_event	RUNX1	1	0.12722837563415354	0.014410798978475008	0.0018334625456216944
rule_a_one_step	primary::RB1+TP53	primary::PIK3CA+RB1+TP53	same_stage_one_event	PIK3CA	1	0.3189501548668912	0.007114191900766144	0.0022690726085021445
rule_a_one_step	primary::PIK3CA+TP53	primary::PIK3CA+RB1+TP53	same_stage_one_event	RB1	1	0.104808053222463	0.041225829989055086	0.004320798983633097
rule_a_one_step	primary::PIK3CA+RB1	primary::PIK3CA+RB1+TP53	same_stage_one_event	TP53	1	0.12363747736484214	0.0011856986501276906	0.00014659679001668622
rule_a_one_step	metastatic::GATA3+TP53	metastatic::AKT1+GATA3+TP53	same_stage_one_event	AKT1	1	0.08224904472554236	0.003465888361911711	0.00028506600689261305
rule_a_one_step	metastatic::AKT1+TP53	metastatic::AKT1+GATA3+TP53	same_stage_one_event	GATA3	1	0.05411778482795647	0.003465888361911711	0.0001875662006076565
rule_a_one_step	metastatic::AKT1+GATA3	metastatic::AKT1+GATA3+TP53	same_stage_one_event	TP53	1	0.026296743559707788	0.0011856986501276906	3.1180013341499566e-05
rule_a_one_step	metastatic::GATA3	metastatic::CBFB+GATA3	same_stage_one_event	CBFB	1	0.11775479114982068	0.015322874863188618	0.001804341929329613
rule_a_one_step	metastatic::CBFB	metastatic::CBFB+GATA3	same_stage_one_event	GATA3	1	0.15170399210944602	0.00036483035388544326	5.534622112712368e-05
rule_a_one_step	metastatic::GATA3+PIK3CA	metastatic::CBFB+GATA3+PIK3CA	same_stage_one_event	CBFB	1	0.5826355427665642	0.0038307187157971545	0.0022319128781645107
rule_a_one_step	metastatic::CBFB+PIK3CA	metastatic::CBFB+GATA3+PIK3CA	same_stage_one_event	GATA3	1	0.15566882810804333	0.001003283473184969	0.00015617996253087165
rule_a_one_step	metastatic::CBFB+GATA3	metastatic::CBFB+GATA3+PIK3CA	same_stage_one_event	PIK3CA	1	0.4502722173257421	0.0006384531192995258	0.000287477701685534
rule_a_one_step	metastatic::MAP2K4	metastatic::ESR1+MAP2K4	same_stage_one_event	ESR1	1	0.053599969213485164	0.0017329441809558555	9.288575474792212e-05
rule_a_one_step	metastatic::ESR1	metastatic::ESR1+MAP2K4	same_stage_one_event	MAP2K4	1	0.02783875472676916	0.0068405691353520615	0.00019043292635057343
rule_a_one_step	metastatic::MAP2K4	metastatic::GATA3+MAP2K4	same_stage_one_event	GATA3	1	0.1613424899313729	0.0017329441809558555	0.00027959752906750137
rule_a_one_step	metastatic::GATA3	metastatic::GATA3+MAP2K4	same_stage_one_event	MAP2K4	1	0.02574631886407717	0.015322874863188618	0.000394507622142007
rule_a_one_step	metastatic::TP53	metastatic::MAP2K4+TP53	same_stage_one_event	MAP2K4	1	0.027158283328439677	0.06484859540313755	0.0017611765274097603
rule_a_one_step	metastatic::MAP2K4	metastatic::MAP2K4+TP53	same_stage_one_event	TP53	1	0.21930217214021086	0.0017329441809558555	0.00038003842308135773
rule_a_one_step	primary::RB1+TP53	primary::BRCA2+RB1+TP53	same_stage_one_event	BRCA2	1	0.087156010916584	0.007114191900766144	0.0006200445869658475
rule_a_one_step	primary::BRCA2+TP53	primary::BRCA2+RB1+TP53	same_stage_one_event	RB1	1	0.07115901668771028	0.00446917183509668	0.00031802187319388946
rule_a_one_step	primary::BRCA2+RB1	primary::BRCA2+RB1+TP53	same_stage_one_event	TP53	1	0.26037896768705193	9.120758847136082e-05	2.3748537731398387e-05
rule_a_one_step	primary::RUNX1	primary::GATA3+RUNX1	same_stage_one_event	GATA3	1	0.11569832281962052	0.0016417365924844946	0.00018994617026205484
rule_a_one_step	primary::GATA3	primary::GATA3+RUNX1	same_stage_one_event	RUNX1	1	0.01887438818995139	0.03028091937249179	0.0005715338269850293
rule_a_one_step	metastatic::ESR1	metastatic::AKT1+ESR1	same_stage_one_event	AKT1	1	0.045344119200466534	0.0068405691353520615	0.00031017958227243616
rule_a_one_step	metastatic::AKT1	metastatic::AKT1+ESR1	same_stage_one_event	ESR1	1	0.061208390854216595	0.0038307187157971545	0.00023447212840907488
rule_a_one_step	metastatic::NF1+TP53	metastatic::AKT1+NF1+TP53	same_stage_one_event	AKT1	1	0.04045151659262717	0.0020977745348412986	8.485816140372354e-05
rule_a_one_step	metastatic::AKT1+TP53	metastatic::AKT1+NF1+TP53	same_stage_one_event	NF1	1	0.14915893434498345	0.003465888361911711	0.0005169682146214311
rule_a_one_step	metastatic::AKT1+NF1	metastatic::AKT1+NF1+TP53	same_stage_one_event	TP53	1	0.29186614176833764	0.00036483035388544326	0.00010648162778852158
rule_a_one_step	metastatic::PIK3CA+TP53	metastatic::ATM+PIK3CA+TP53	same_stage_one_event	ATM	1	0.06774437658643234	0.024078803356439256	0.001631203522329272
rule_a_one_step	metastatic::ATM+TP53	metastatic::ATM+PIK3CA+TP53	same_stage_one_event	PIK3CA	1	0.4145521272325841	0.0019153593578985773	0.0007940162962316916
rule_a_one_step	metastatic::ATM+PIK3CA	metastatic::ATM+PIK3CA+TP53	same_stage_one_event	TP53	1	0.03979374040192536	0.0007296607077708865	2.9035928786519783e-05
rule_a_one_step	metastatic::GATA3+TP53	metastatic::ESR1+GATA3+TP53	same_stage_one_event	ESR1	1	0.0518477829559976	0.003465888361911711	0.00017969862753811647
rule_a_one_step	metastatic::ESR1+TP53	metastatic::ESR1+GATA3+TP53	same_stage_one_event	GATA3	1	0.0713863109405456	0.002553812477198103	0.0001823072515811088
rule_a_one_step	metastatic::ESR1+GATA3	metastatic::ESR1+GATA3+TP53	same_stage_one_event	TP53	1	0.016378583367489884	0.0047427946005107625	7.768025675934641e-05
rule_a_one_step	metastatic::MAP3K1	metastatic::GATA3+MAP3K1	same_stage_one_event	GATA3	1	0.13027805714599705	0.002006566946369938	0.0002614116433064516
rule_a_one_step	metastatic::GATA3	metastatic::GATA3+MAP3K1	same_stage_one_event	MAP3K1	1	0.044601941901744706	0.015322874863188618	0.0006834299744156431
rule_a_one_step	metastatic::PIK3CA+PTEN	metastatic::MAP3K1+PIK3CA+PTEN	same_stage_one_event	MAP3K1	1	0.28624305315742393	0.0009120758847136082	0.0002610753859516818
rule_a_one_step	metastatic::MAP3K1+PTEN	metastatic::MAP3K1+PIK3CA+PTEN	same_stage_one_event	PIK3CA	1	0.50949841597883	9.120758847136082e-05	4.6470121851407335e-05
rule_a_one_step	metastatic::MAP3K1+PIK3CA	metastatic::MAP3K1+PIK3CA+PTEN	same_stage_one_event	PTEN	1	0.050707936115892874	0.004104341481211237	0.00020812268562706853
rule_a_one_step	primary::CBFB	primary::AKT1+CBFB	same_stage_one_event	AKT1	1	0.03944909662592188	0.0007296607077708865	2.8784455764992252e-05
rule_a_one_step	primary::AKT1	primary::AKT1+CBFB	same_stage_one_event	CBFB	1	0.042852982066804435	0.007114191900766144	0.0003048643379433369
rule_a_one_step	primary::BRCA2+TP53	primary::BRCA1+BRCA2+TP53	same_stage_one_event	BRCA1	1	0.05200515718958803	0.00446917183509668	0.00023241998379148245
rule_a_one_step	primary::BRCA1+TP53	primary::BRCA1+BRCA2+TP53	same_stage_one_event	BRCA2	1	0.11427139577362723	0.00665815395840934	0.0007608365461031364
rule_a_one_step	primary::BRCA1+BRCA2	primary::BRCA1+BRCA2+TP53	same_stage_one_event	TP53	1	0.23322986926855532	0.00018241517694272163	4.254466787095135e-05
rule_a_one_step	primary::GATA3	primary::BRCA1+GATA3	same_stage_one_event	BRCA1	1	0.019716806026920695	0.03028091937249179	0.0005970430135842457
rule_a_one_step	primary::BRCA1	primary::BRCA1+GATA3	same_stage_one_event	GATA3	1	0.06357647353361166	0.001550529004013134	9.857716618673827e-05
rule_a_one_step	primary::GATA3	primary::BRCA2+GATA3	same_stage_one_event	BRCA2	1	0.023934540826735767	0.03028091937249179	0.0007247599009919987
rule_a_one_step	primary::BRCA2	primary::BRCA2+GATA3	same_stage_one_event	GATA3	1	0.10529096419862018	0.00337468077344035	0.00035532339249807977
rule_a_one_step	primary::PTEN	primary::BRCA2+PTEN	same_stage_one_event	BRCA2	1	0.02153452490579847	0.007114191900766144	0.0001532007426716783
rule_a_one_step	primary::BRCA2	primary::BRCA2+PTEN	same_stage_one_event	PTEN	1	0.07024604133654282	0.00337468077344035	0.0002370579651087271
rule_a_one_step	primary::TP53	primary::CBFB+TP53	same_stage_one_event	CBFB	1	0.00572154784078689	0.13097409704487414	0.0007493745621461122
rule_a_one_step	primary::CBFB	primary::CBFB+TP53	same_stage_one_event	TP53	1	0.26958523933913875	0.0007296607077708865	0.00019670575654077982
rule_a_one_step	primary::NF1+PIK3CA	primary::MAP3K1+NF1+PIK3CA	same_stage_one_event	MAP3K1	1	0.30946134890838906	0.0017329441809558555	0.0005362792438215425
rule_a_one_step	primary::MAP3K1+PIK3CA	primary::MAP3K1+NF1+PIK3CA	same_stage_one_event	NF1	1	0.0782815735091849	0.014410798978475008	0.001128100019559578
rule_a_one_step	primary::MAP3K1+NF1	primary::MAP3K1+NF1+PIK3CA	same_stage_one_event	PIK3CA	1	0.5429430140231464	9.120758847136082e-05	4.952052298642342e-05
rule_a_one_step	primary::RUNX1+TP53	primary::MAP3K1+RUNX1+TP53	same_stage_one_event	MAP3K1	1	0.04714632242769653	0.0023713973002553812	0.00011180266172200928
rule_a_one_step	primary::MAP3K1+TP53	primary::MAP3K1+RUNX1+TP53	same_stage_one_event	RUNX1	1	0.034085521684146365	0.003465888361911711	0.00011813661291477215
rule_a_one_step	primary::MAP3K1+RUNX1	primary::MAP3K1+RUNX1+TP53	same_stage_one_event	TP53	1	0.13011210409097881	0.00027362276541408243	3.560163373521857e-05
rule_a_one_step	unknown::WT	unknown::GATA3	same_stage_one_event	GATA3	1	0.10607595423942875	0.03657424297701569	0.003879647724371665
rule_a_one_step	metastatic::MAP3K1	metastatic::AKT1+MAP3K1	same_stage_one_event	AKT1	1	0.038534749040685705	0.002006566946369938	7.732255371170061e-05
rule_a_one_step	metastatic::AKT1	metastatic::AKT1+MAP3K1	same_stage_one_event	MAP3K1	1	0.10039215232365976	0.0038307187157971545	0.00038457409682540224
rule_a_one_step	metastatic::PIK3CA	metastatic::AKT1+PIK3CA	same_stage_one_event	AKT1	1	0.020216920175512416	0.027727106895293688	0.0005605567068000524
rule_a_one_step	metastatic::AKT1	metastatic::AKT1+PIK3CA	same_stage_one_event	PIK3CA	1	0.09078518468337385	0.0038307187157971545	0.00034777250608370136
rule_a_one_step	metastatic::MAP3K1+PIK3CA	metastatic::ATM+MAP3K1+PIK3CA	same_stage_one_event	ATM	1	0.06346201298711433	0.004104341481211237	0.0002604697723841796
rule_a_one_step	metastatic::ATM+PIK3CA	metastatic::ATM+MAP3K1+PIK3CA	same_stage_one_event	MAP3K1	1	0.30889177761787473	0.0007296607077708865	0.00022538619308126577
rule_a_one_step	metastatic::ATM+MAP3K1	metastatic::ATM+MAP3K1+PIK3CA	same_stage_one_event	PIK3CA	1	0.4882207280590713	9.120758847136082e-05	4.4529435247999934e-05
rule_a_one_step	metastatic::MAP3K1+PIK3CA	metastatic::BRCA2+MAP3K1+PIK3CA	same_stage_one_event	BRCA2	1	0.045228032084944525	0.004104341481211237	0.00018563128819979054
rule_a_one_step	metastatic::BRCA2+PIK3CA	metastatic::BRCA2+MAP3K1+PIK3CA	same_stage_one_event	MAP3K1	1	0.32643469102822376	0.0011856986501276906	0.0003870531725070147
rule_a_one_step	metastatic::BRCA2+MAP3K1	metastatic::BRCA2+MAP3K1+PIK3CA	same_stage_one_event	PIK3CA	1	0.5036903818752192	9.120758847136082e-05	4.594038506705757e-05
rule_a_one_step	metastatic::MAP2K4+PIK3CA	metastatic::ESR1+MAP2K4+PIK3CA	same_stage_one_event	ESR1	1	0.07681221274892527	0.0013681138270704122	0.00010508785034967886
rule_a_one_step	metastatic::ESR1+PIK3CA	metastatic::ESR1+MAP2K4+PIK3CA	same_stage_one_event	MAP2K4	1	0.11115347715204281	0.005381247719810288	0.0005981443954734153
rule_a_one_step	metastatic::ESR1+MAP2K4	metastatic::ESR1+MAP2K4+PIK3CA	same_stage_one_event	PIK3CA	1	0.4237052901222835	0.0006384531192995258	0.00027051596414228243
rule_a_one_step	metastatic::PIK3CA+PTEN+TP53	metastatic::NF1+PIK3CA+PTEN+TP53	same_stage_one_event	NF1	1	0.14724779595496762	0.0018241517694272164	0.0002686023275355119
rule_a_one_step	metastatic::NF1+PTEN+TP53	metastatic::NF1+PIK3CA+PTEN+TP53	same_stage_one_event	PIK3CA	1	0.6061035285725853	0.00027362276541408243	0.0001658437236152641
rule_a_one_step	metastatic::NF1+PIK3CA+TP53	metastatic::NF1+PIK3CA+PTEN+TP53	same_stage_one_event	PTEN	1	0.03427069184333755	0.0027362276541408243	9.377241474827859e-05
rule_a_one_step	metastatic::NF1+PIK3CA+PTEN	metastatic::NF1+PIK3CA+PTEN+TP53	same_stage_one_event	TP53	1	0.11066269319663019	0.00018241517694272163	2.0186554760421414e-05
rule_a_one_step	metastatic::RUNX1	metastatic::PIK3CA+RUNX1	same_stage_one_event	PIK3CA	1	0.2194762718681407	0.0004560379423568041	0.00010008950741888941
rule_a_one_step	metastatic::PIK3CA	metastatic::PIK3CA+RUNX1	same_stage_one_event	RUNX1	1	0.05007251855858002	0.027727106895293688	0.0013883660745903253
rule_a_one_step	metastatic::WT	metastatic::RUNX1	same_stage_one_event	RUNX1	1	0.00825459108191317	0.05435972272893105	0.0004487172824535068
rule_a_one_step	primary::BRCA2	primary::ATM+BRCA2	same_stage_one_event	ATM	1	0.045202581095335835	0.00337468077344035	0.00015254428133230807
rule_a_one_step	primary::ATM	primary::ATM+BRCA2	same_stage_one_event	BRCA2	1	0.027302206375539755	0.0021889821233126595	5.976404168304944e-05
rule_a_one_step	primary::RB1+TP53	primary::ATM+RB1+TP53	same_stage_one_event	ATM	1	0.051394523667923485	0.007114191900766144	0.00036563050402207514
rule_a_one_step	primary::ATM+TP53	primary::ATM+RB1+TP53	same_stage_one_event	RB1	1	0.06466309683497821	0.0022801897117840204	0.00014744412813521117
rule_a_one_step	primary::PIK3CA+TP53	primary::CBFB+PIK3CA+TP53	same_stage_one_event	CBFB	1	0.050237202055221	0.041225829989055086	0.00207107035105435
rule_a_one_step	primary::CBFB+TP53	primary::CBFB+PIK3CA+TP53	same_stage_one_event	PIK3CA	1	0.43044991087622364	0.0005472455308281649	0.00023556178997239527
rule_a_one_step	primary::CBFB+PIK3CA	primary::CBFB+PIK3CA+TP53	same_stage_one_event	TP53	1	0.05393675077832069	0.004377964246625319	0.00023613316648662833
rule_a_one_step	primary::PIK3CA+TP53	primary::ESR1+PIK3CA+TP53	same_stage_one_event	ESR1	1	0.025939597172332417	0.041225829989055086	0.0010693814230111503
rule_a_one_step	primary::ESR1+TP53	primary::ESR1+PIK3CA+TP53	same_stage_one_event	PIK3CA	1	0.4614894940008687	0.0010944910616563297	0.0005050961262322532
rule_a_one_step	primary::ESR1+PIK3CA	primary::ESR1+PIK3CA+TP53	same_stage_one_event	TP53	1	0.023458855267817567	0.0008208682962422473	1.9256630555486873e-05
rule_a_one_step	primary::MAP2K4+PIK3CA	primary::GATA3+MAP2K4+PIK3CA	same_stage_one_event	GATA3	1	0.1824904888387193	0.004651587012039402	0.0008488703877029081
rule_a_one_step	primary::GATA3+PIK3CA	primary::GATA3+MAP2K4+PIK3CA	same_stage_one_event	MAP2K4	1	0.05297782599054053	0.010488872674206494	0.0005556776713710472
rule_a_one_step	primary::GATA3+MAP2K4	primary::GATA3+MAP2K4+PIK3CA	same_stage_one_event	PIK3CA	1	0.4221137893953811	0.001459321415541773	0.0006159996926601693
rule_a_one_step	primary::PTEN+TP53	primary::MAP2K4+PTEN+TP53	same_stage_one_event	MAP2K4	1	0.03476872630040614	0.0077526450200656695	0.0002695495928068699
rule_a_one_step	primary::MAP2K4+TP53	primary::MAP2K4+PTEN+TP53	same_stage_one_event	PTEN	1	0.06659049778925484	0.0021889821233126595	0.00014576540924317002
rule_a_one_step	primary::MAP2K4+PTEN	primary::MAP2K4+PTEN+TP53	same_stage_one_event	TP53	1	0.22231725609934508	0.00036483035388544326	8.110808321756478e-05
rule_a_one_step	primary::PTEN+TP53	primary::NF1+PTEN+TP53	same_stage_one_event	NF1	1	0.0827816452566907	0.0077526450200656695	0.000641776709852126
rule_a_one_step	primary::NF1+TP53	primary::NF1+PTEN+TP53	same_stage_one_event	PTEN	1	0.056747051027000735	0.005381247719810288	0.0003053699389450058
rule_a_one_step	primary::NF1+PTEN	primary::NF1+PTEN+TP53	same_stage_one_event	TP53	1	0.4373234720020492	0.00018241517694272163	7.977443852645918e-05
rule_a_one_step	unknown::WT	unknown::ESR1	same_stage_one_event	ESR1	1	0.03211449413773991	0.03657424297701569	0.0011745633116776455
rule_a_one_step	metastatic::ESR1+GATA3	metastatic::AKT1+ESR1+GATA3	same_stage_one_event	AKT1	1	0.10852232594074282	0.0047427946005107625	0.0005146991015066242
rule_a_one_step	metastatic::AKT1+GATA3	metastatic::AKT1+ESR1+GATA3	same_stage_one_event	ESR1	1	0.12583789751591568	0.0011856986501276906	0.00014920582521952788
rule_a_one_step	metastatic::AKT1+ESR1	metastatic::AKT1+ESR1+GATA3	same_stage_one_event	GATA3	1	0.19935426652973123	0.0005472455308281649	0.00010909573140992222
rule_a_one_step	metastatic::NF1	metastatic::AKT1+NF1	same_stage_one_event	AKT1	1	0.025703370667152097	0.0009120758847136082	2.3443424541364556e-05
rule_a_one_step	metastatic::AKT1	metastatic::AKT1+NF1	same_stage_one_event	NF1	1	0.05410168045554247	0.0038307187157971545	0.00020724831987712367
rule_a_one_step	metastatic::PIK3CA	metastatic::BRCA1+PIK3CA	same_stage_one_event	BRCA1	1	0.01662940929084914	0.027727106895293688	0.00046108540901296414
rule_a_one_step	metastatic::BRCA1	metastatic::BRCA1+PIK3CA	same_stage_one_event	PIK3CA	1	0.13024756225274373	0.0009120758847136082	0.000118795660573462
rule_a_one_step	metastatic::MAP3K1+PIK3CA+TP53	metastatic::BRCA2+MAP3K1+PIK3CA+TP53	same_stage_one_event	BRCA2	1	0.08039249882666803	0.0020977745348412986	0.00016864533683084317
rule_a_one_step	metastatic::BRCA2+PIK3CA+TP53	metastatic::BRCA2+MAP3K1+PIK3CA+TP53	same_stage_one_event	MAP3K1	1	0.2318248892672386	0.0009120758847136082	0.00021144189097705088
rule_a_one_step	metastatic::BRCA2+MAP3K1+PIK3CA	metastatic::BRCA2+MAP3K1+PIK3CA+TP53	same_stage_one_event	TP53	1	0.014298019218016695	0.0004560379423568041	6.520439263962375e-06
rule_a_one_step	metastatic::RB1+TP53	metastatic::BRCA2+RB1+TP53	same_stage_one_event	BRCA2	1	0.087156010916584	0.00337468077344035	0.0002941237143299533
rule_a_one_step	metastatic::BRCA2+TP53	metastatic::BRCA2+RB1+TP53	same_stage_one_event	RB1	1	0.07115901668771028	0.002918642831083546	0.00020768775392254003
rule_a_one_step	metastatic::BRCA2+RB1	metastatic::BRCA2+RB1+TP53	same_stage_one_event	TP53	1	0.26037896768705193	9.120758847136082e-05	2.3748537731398387e-05
rule_a_one_step	metastatic::WT	metastatic::CBFB	same_stage_one_event	CBFB	1	0.007305499641983779	0.05435972272893105	0.00039712493493454325
rule_a_one_step	metastatic::GATA3+MAP2K4	metastatic::ESR1+GATA3+MAP2K4	same_stage_one_event	ESR1	1	0.13070013586760115	0.0006384531192995258	8.344590943754178e-05
rule_a_one_step	metastatic::ESR1+MAP2K4	metastatic::ESR1+GATA3+MAP2K4	same_stage_one_event	GATA3	1	0.22650430255641163	0.0006384531192995258	0.00014461237850190456
rule_a_one_step	metastatic::ESR1+GATA3	metastatic::ESR1+GATA3+MAP2K4	same_stage_one_event	MAP2K4	1	0.03557572532508289	0.0047427946005107625	0.0001687283579810571
rule_a_one_step	metastatic::RB1+TP53	metastatic::GATA3+RB1+TP53	same_stage_one_event	GATA3	1	0.071781295649537	0.00337468077344035	0.00024223895832112998
rule_a_one_step	metastatic::GATA3+TP53	metastatic::GATA3+RB1+TP53	same_stage_one_event	RB1	1	0.04594640211520384	0.003465888361911711	0.0001592451003628006
rule_a_one_step	metastatic::GATA3+RB1	metastatic::GATA3+RB1+TP53	same_stage_one_event	TP53	1	0.09121508333920123	9.120758847136082e-05	8.319507783582746e-06
rule_a_one_step	metastatic::NF1+PIK3CA	metastatic::MAP3K1+NF1+PIK3CA	same_stage_one_event	MAP3K1	1	0.30946134890838906	0.0010944910616563297	0.0003387026803083426
rule_a_one_step	metastatic::MAP3K1+PIK3CA	metastatic::MAP3K1+NF1+PIK3CA	same_stage_one_event	NF1	1	0.0782815735091849	0.004104341481211237	0.00032129430936823423
rule_a_one_step	metastatic::RB1+TP53	metastatic::PTEN+RB1+TP53	same_stage_one_event	PTEN	1	0.0892809069911784	0.00337468077344035	0.0003012945602584459
rule_a_one_step	metastatic::PTEN+TP53	metastatic::PTEN+RB1+TP53	same_stage_one_event	RB1	1	0.08682461957196923	0.006202116016052536	0.0005384963636349789
rule_a_one_step	metastatic::PTEN+RB1	metastatic::PTEN+RB1+TP53	same_stage_one_event	TP53	1	0.5568261244158855	9.120758847136082e-05	5.078676800582685e-05
rule_a_one_step	primary::GATA3+MAP3K1	primary::AKT1+GATA3+MAP3K1	same_stage_one_event	AKT1	1	0.07807304323949447	0.001550529004013134	0.0001210545179744077
rule_a_one_step	primary::AKT1+MAP3K1	primary::AKT1+GATA3+MAP3K1	same_stage_one_event	GATA3	1	0.15689657759732256	0.001003283473184969	0.0001574117433026768
rule_a_one_step	primary::AKT1+GATA3	primary::AKT1+GATA3+MAP3K1	same_stage_one_event	MAP3K1	1	0.07581742532950035	0.002462604888726742	0.0001867083622671023
rule_a_one_step	primary::RB1+TP53	primary::AKT1+RB1+TP53	same_stage_one_event	AKT1	1	0.0634943152589453	0.007114191900766144	0.0004517107433598809
rule_a_one_step	primary::AKT1+TP53	primary::AKT1+RB1+TP53	same_stage_one_event	RB1	1	0.09599651916501259	0.0051988325428675665	0.0004990698278370775
rule_a_one_step	primary::AKT1+RB1	primary::AKT1+RB1+TP53	same_stage_one_event	TP53	1	0.3292148932816923	0.00018241517694272163	6.0053793010159115e-05
rule_a_one_step	primary::BRCA1+TP53	primary::ATM+BRCA1+TP53	same_stage_one_event	ATM	1	0.081721433427829	0.00665815395840934	0.000544113885464385
rule_a_one_step	primary::ATM+TP53	primary::ATM+BRCA1+TP53	same_stage_one_event	BRCA1	1	0.047397885317738864	0.0022801897117840204	0.00010807617046182703
rule_a_one_step	primary::ATM+BRCA1	primary::ATM+BRCA1+TP53	same_stage_one_event	TP53	1	0.2596820232428343	9.120758847136082e-05	2.3684971109342784e-05
rule_a_one_step	primary::BRCA2+TP53	primary::ATM+BRCA2+TP53	same_stage_one_event	ATM	1	0.08084101997674562	0.00446917183509668	0.00036129240960055956
rule_a_one_step	primary::ATM+TP53	primary::ATM+BRCA2+TP53	same_stage_one_event	BRCA2	1	0.06120767188330239	0.0022801897117840204	0.00013956510371055815
rule_a_one_step	primary::ATM+BRCA2	primary::ATM+BRCA2+TP53	same_stage_one_event	TP53	1	0.08186489700298726	0.0004560379423568041	3.733349918049401e-05
rule_a_one_step	primary::GATA3+PIK3CA	primary::ATM+GATA3+PIK3CA	same_stage_one_event	ATM	1	0.039957058463356815	0.010488872674206494	0.0004191044986579746
rule_a_one_step	primary::ATM+PIK3CA	primary::ATM+GATA3+PIK3CA	same_stage_one_event	GATA3	1	0.14431872955727523	0.0018241517694272164	0.00026325926588339154
rule_a_one_step	primary::ATM+GATA3	primary::ATM+GATA3+PIK3CA	same_stage_one_event	PIK3CA	1	0.4190711953842326	0.001459321415541773	0.0006115595700609013
rule_a_one_step	primary::MAP3K1+PIK3CA	primary::ATM+MAP3K1+PIK3CA	same_stage_one_event	ATM	1	0.06346201298711433	0.014410798978475008	0.0009145383119266749
rule_a_one_step	primary::ATM+PIK3CA	primary::ATM+MAP3K1+PIK3CA	same_stage_one_event	MAP3K1	1	0.30889177761787473	0.0018241517694272164	0.0005634654827031644
rule_a_one_step	primary::PTEN+TP53	primary::ATM+PTEN+TP53	same_stage_one_event	ATM	1	0.04089467631363096	0.0077526450200656695	0.00031704190867006855
rule_a_one_step	primary::ATM+TP53	primary::ATM+PTEN+TP53	same_stage_one_event	PTEN	1	0.06325465369529597	0.0022801897117840204	0.00014423261057847493
rule_a_one_step	primary::ATM+PTEN	primary::ATM+PTEN+TP53	same_stage_one_event	TP53	1	0.22695905204632225	0.00018241517694272163	4.140077563778224e-05
rule_a_one_step	primary::MAP3K1	primary::BRCA1+MAP3K1	same_stage_one_event	BRCA1	1	0.01671759793046291	0.00556366289675301	9.301107932855139e-05
rule_a_one_step	primary::BRCA1	primary::BRCA1+MAP3K1	same_stage_one_event	MAP3K1	1	0.03716930118713025	0.001550529004013134	5.763207954954526e-05
rule_a_one_step	primary::GATA3+TP53	primary::BRCA2+GATA3+TP53	same_stage_one_event	BRCA2	1	0.0437957008288103	0.004377964246625319	0.00019173601238443034
rule_a_one_step	primary::BRCA2+TP53	primary::BRCA2+GATA3+TP53	same_stage_one_event	GATA3	1	0.04000935205061872	0.00446917183509668	0.0001788086693250928
rule_a_one_step	primary::BRCA2+GATA3	primary::BRCA2+GATA3+TP53	same_stage_one_event	TP53	1	0.02153730521053432	0.0005472455308281649	1.1786194022547054e-05
rule_a_one_step	primary::NF1+TP53	primary::BRCA2+NF1+TP53	same_stage_one_event	BRCA2	1	0.0524119826009006	0.005381247719810288	0.00028204186186183284
rule_a_one_step	primary::BRCA2+TP53	primary::BRCA2+NF1+TP53	same_stage_one_event	NF1	1	0.0999527912372727	0.00446917183509668	0.0004467061994369174
rule_a_one_step	primary::BRCA2+NF1	primary::BRCA2+NF1+TP53	same_stage_one_event	TP53	1	0.19211704924331438	9.120758847136082e-05	1.752253276571638e-05
rule_a_one_step	primary::GATA3+MAP3K1+PIK3CA	primary::CBFB+GATA3+MAP3K1+PIK3CA	same_stage_one_event	CBFB	1	0.6902192802595271	0.0018241517694272164	0.001259064721378196
rule_a_one_step	primary::CBFB+MAP3K1+PIK3CA	primary::CBFB+GATA3+MAP3K1+PIK3CA	same_stage_one_event	GATA3	1	0.24767177890857528	0.0013681138270704122	0.00033884318529994793
rule_a_one_step	primary::CBFB+GATA3+PIK3CA	primary::CBFB+GATA3+MAP3K1+PIK3CA	same_stage_one_event	MAP3K1	1	0.32047520950251057	0.0037395111273257936	0.0011984206119667032
rule_a_one_step	primary::CBFB+GATA3+MAP3K1	primary::CBFB+GATA3+MAP3K1+PIK3CA	same_stage_one_event	PIK3CA	1	0.6291531483275647	9.120758847136082e-05	5.7383541438121554e-05
rule_a_one_step	primary::MAP3K1+PIK3CA+TP53	primary::GATA3+MAP3K1+PIK3CA+TP53	same_stage_one_event	GATA3	1	0.062180677535009915	0.002918642831083546	0.0001814831887194744
rule_a_one_step	primary::GATA3+PIK3CA+TP53	primary::GATA3+MAP3K1+PIK3CA+TP53	same_stage_one_event	MAP3K1	1	0.1297127874176882	0.0019153593578985773	0.00024844660121957796
rule_a_one_step	primary::GATA3+MAP3K1+TP53	primary::GATA3+MAP3K1+PIK3CA+TP53	same_stage_one_event	PIK3CA	1	0.6232532375694259	0.00027362276541408243	0.0001705362744170264
rule_a_one_step	primary::GATA3+MAP3K1+PIK3CA	primary::GATA3+MAP3K1+PIK3CA+TP53	same_stage_one_event	TP53	1	0.001918736239114235	0.0018241517694272164	3.5000661056443544e-06
rule_a_one_step	primary::PIK3CA+PTEN	primary::GATA3+PIK3CA+PTEN	same_stage_one_event	GATA3	1	0.1110470898586287	0.0037395111273257936	0.0004152618281834893
rule_a_one_step	primary::GATA3+PTEN	primary::GATA3+PIK3CA+PTEN	same_stage_one_event	PIK3CA	1	0.439683157815675	0.0016417365924844946	0.0007218439292851286
rule_a_one_step	primary::GATA3+PIK3CA	primary::GATA3+PIK3CA+PTEN	same_stage_one_event	PTEN	1	0.008011718577259283	0.010488872674206494	8.403389605844743e-05
rule_a_one_step	primary::RB1	primary::GATA3+RB1	same_stage_one_event	GATA3	1	0.09724963121995113	0.0016417365924844946	0.0001596582781794163
rule_a_one_step	primary::GATA3	primary::GATA3+RB1	same_stage_one_event	RB1	1	0.01561466481936316	0.03028091937249179	0.00047282640642361994
rule_a_one_step	primary::PTEN	primary::MAP2K4+PTEN	same_stage_one_event	MAP2K4	1	0.020666499332304963	0.007114191900766144	0.00014702544216707288
rule_a_one_step	primary::MAP2K4	primary::MAP2K4+PTEN	same_stage_one_event	PTEN	1	0.06142984813919625	0.0031922655964976288	0.00019610039081283006
rule_a_one_step	primary::PTEN	primary::MAP3K1+PTEN	same_stage_one_event	MAP3K1	1	0.037148229810383834	0.007114191900766144	0.0002642796356448321
rule_a_one_step	primary::MAP3K1	primary::MAP3K1+PTEN	same_stage_one_event	PTEN	1	0.054958395050608885	0.00556366289675301	0.0003057699834081669
rule_a_one_step	primary::PTEN+TP53	primary::MAP3K1+PTEN+TP53	same_stage_one_event	MAP3K1	1	0.04542595326611795	0.0077526450200656695	0.0003521712903703052
rule_a_one_step	primary::MAP3K1+TP53	primary::MAP3K1+PTEN+TP53	same_stage_one_event	PTEN	1	0.053697412608385564	0.003465888361911711	0.0001861092374241747
rule_a_one_step	primary::MAP3K1+PTEN	primary::MAP3K1+PTEN+TP53	same_stage_one_event	TP53	1	0.16976466251367972	0.00036483035388544326	6.193530190210861e-05
rule_a_one_step	unknown::TP53	unknown::BRCA2+TP53	same_stage_one_event	BRCA2	1	0.06023870499153405	0.003009850419554907	0.00018130949149221305
rule_a_one_step	unknown::BRCA2	unknown::BRCA2+TP53	same_stage_one_event	TP53	1	0.21398137519645352	9.120758847136082e-05	1.9516725209453986e-05
rule_a_one_step	metastatic::MAP2K4+TP53	metastatic::AKT1+MAP2K4+TP53	same_stage_one_event	AKT1	1	0.05090590748233479	0.0006384531192995258	3.2501035422869715e-05
rule_a_one_step	metastatic::AKT1+TP53	metastatic::AKT1+MAP2K4+TP53	same_stage_one_event	MAP2K4	1	0.05641631934225527	0.003465888361911711	0.0001955326646302171
rule_a_one_step	metastatic::AKT1+MAP2K4	metastatic::AKT1+MAP2K4+TP53	same_stage_one_event	TP53	1	0.12427520490489045	0.00018241517694272163	2.266968349231858e-05
rule_a_one_step	metastatic::PIK3CA+TP53	metastatic::AKT1+PIK3CA+TP53	same_stage_one_event	AKT1	1	0.021839387017675856	0.024078803356439256	0.0005258663054237893
rule_a_one_step	metastatic::AKT1+TP53	metastatic::AKT1+PIK3CA+TP53	same_stage_one_event	PIK3CA	1	0.1479779995670033	0.003465888361911711	0.0005128752265182529
rule_a_one_step	metastatic::AKT1+PIK3CA	metastatic::AKT1+PIK3CA+TP53	same_stage_one_event	TP53	1	0.026720358344082023	0.0004560379423568041	1.2185497238271627e-05
rule_a_one_step	metastatic::MAP3K1+PIK3CA+TP53	metastatic::ATM+MAP3K1+PIK3CA+TP53	same_stage_one_event	ATM	1	0.0966868813099306	0.0020977745348412986	0.0002028272774651955
rule_a_one_step	metastatic::ATM+PIK3CA+TP53	metastatic::ATM+MAP3K1+PIK3CA+TP53	same_stage_one_event	MAP3K1	1	0.22890038261281898	0.0005472455308281649	0.00012526471138972215
rule_a_one_step	metastatic::ATM+MAP3K1+TP53	metastatic::ATM+MAP3K1+PIK3CA+TP53	same_stage_one_event	PIK3CA	1	0.5826813075519545	9.120758847136082e-05	5.314495690915309e-05
rule_a_one_step	metastatic::ATM+MAP3K1+PIK3CA	metastatic::ATM+MAP3K1+PIK3CA+TP53	same_stage_one_event	TP53	1	0.017208601119007606	0.0004560379423568041	7.847775045151225e-06
rule_a_one_step	metastatic::PTEN+TP53	metastatic::ATM+PTEN+TP53	same_stage_one_event	ATM	1	0.04089467631363096	0.006202116016052536	0.00025363352693605486
rule_a_one_step	metastatic::ATM+TP53	metastatic::ATM+PTEN+TP53	same_stage_one_event	PTEN	1	0.06325465369529597	0.0019153593578985773	0.00012115539288591895
rule_a_one_step	metastatic::ATM+PTEN	metastatic::ATM+PTEN+TP53	same_stage_one_event	TP53	1	0.22695905204632225	9.120758847136082e-05	2.070038781889112e-05
rule_a_one_step	metastatic::RB1+TP53	metastatic::ATM+RB1+TP53	same_stage_one_event	ATM	1	0.051394523667923485	0.00337468077344035	0.00017344011088226641
rule_a_one_step	metastatic::ATM+TP53	metastatic::ATM+RB1+TP53	same_stage_one_event	RB1	1	0.06466309683497821	0.0019153593578985773	0.0001238530676335774
rule_a_one_step	metastatic::BRCA2+TP53	metastatic::BRCA1+BRCA2+TP53	same_stage_one_event	BRCA1	1	0.05200515718958803	0.002918642831083546	0.00015178447921076403
rule_a_one_step	metastatic::BRCA1+TP53	metastatic::BRCA1+BRCA2+TP53	same_stage_one_event	BRCA2	1	0.11427139577362723	0.002645020065669464	0.0003022501347533008
rule_a_one_step	metastatic::GATA3+PIK3CA	metastatic::BRCA1+GATA3+PIK3CA	same_stage_one_event	BRCA1	1	0.009881386338207373	0.0038307187157971545	3.7852811583793296e-05
rule_a_one_step	metastatic::BRCA1+PIK3CA	metastatic::BRCA1+GATA3+PIK3CA	same_stage_one_event	GATA3	1	0.06638195027591236	0.00036483035388544326	2.4218150410767003e-05
rule_a_one_step	metastatic::BRCA1+GATA3	metastatic::BRCA1+GATA3+PIK3CA	same_stage_one_event	PIK3CA	1	0.2599249925882028	0.00018241517694272163	4.741426351481262e-05
rule_a_one_step	metastatic::ESR1+PIK3CA	metastatic::BRCA2+ESR1+PIK3CA	same_stage_one_event	BRCA2	1	0.03454578737212829	0.005381247719810288	0.0001858994395253164
rule_a_one_step	metastatic::BRCA2+PIK3CA	metastatic::BRCA2+ESR1+PIK3CA	same_stage_one_event	ESR1	1	0.05898492893196636	0.0011856986501276906	6.993835061251028e-05
rule_a_one_step	metastatic::BRCA2+ESR1	metastatic::BRCA2+ESR1+PIK3CA	same_stage_one_event	PIK3CA	1	0.39844010033483085	0.0009120758847136082	0.00036340760701826963
rule_a_one_step	metastatic::NF1+PIK3CA+TP53	metastatic::BRCA2+NF1+PIK3CA+TP53	same_stage_one_event	BRCA2	1	0.061789536272571104	0.0027362276541408243	0.0001690702378855466
rule_a_one_step	metastatic::BRCA2+PIK3CA+TP53	metastatic::BRCA2+NF1+PIK3CA+TP53	same_stage_one_event	NF1	1	0.1688144359965178	0.0009120758847136082	0.00015397157606395276
rule_a_one_step	metastatic::BRCA2+NF1+PIK3CA	metastatic::BRCA2+NF1+PIK3CA+TP53	same_stage_one_event	TP53	1	0.03480461860240395	9.120758847136082e-05	3.1744453303907286e-06
rule_a_one_step	metastatic::PIK3CA+PTEN+TP53	metastatic::BRCA2+PIK3CA+PTEN+TP53	same_stage_one_event	BRCA2	1	0.05971462727862551	0.0018241517694272164	0.00010892854301099145
rule_a_one_step	metastatic::BRCA2+PIK3CA+TP53	metastatic::BRCA2+PIK3CA+PTEN+TP53	same_stage_one_event	PTEN	1	0.031465505554345644	0.0009120758847136082	2.8698928816440754e-05
rule_a_one_step	metastatic::BRCA2+PIK3CA+PTEN	metastatic::BRCA2+PIK3CA+PTEN+TP53	same_stage_one_event	TP53	1	0.03217805547259746	0.00018241517694272163	5.869765682706578e-06
rule_a_one_step	metastatic::ESR1+GATA3	metastatic::CBFB+ESR1+GATA3	same_stage_one_event	CBFB	1	0.07296017803970643	0.0047427946005107625	0.00034603513845902356
rule_a_one_step	metastatic::CBFB+GATA3	metastatic::CBFB+ESR1+GATA3	same_stage_one_event	ESR1	1	0.13825406852740973	0.0006384531192995258	8.826874130717514e-05
rule_a_one_step	metastatic::CBFB+ESR1	metastatic::CBFB+ESR1+GATA3	same_stage_one_event	GATA3	1	0.22005059932405718	9.120758847136082e-05	2.0070284506024916e-05
rule_a_one_step	metastatic::ESR1+PIK3CA	metastatic::CBFB+ESR1+PIK3CA	same_stage_one_event	CBFB	1	0.05883294572117443	0.005381247719810288	0.0003165946550117924
rule_a_one_step	metastatic::CBFB+PIK3CA	metastatic::CBFB+ESR1+PIK3CA	same_stage_one_event	ESR1	1	0.059422604179091405	0.001003283473184969	5.961771670649448e-05
rule_a_one_step	metastatic::CBFB+ESR1	metastatic::CBFB+ESR1+PIK3CA	same_stage_one_event	PIK3CA	1	0.3764555454200218	9.120758847136082e-05	3.433560246443103e-05
rule_a_one_step	metastatic::MAP3K1+PIK3CA	metastatic::CBFB+MAP3K1+PIK3CA	same_stage_one_event	CBFB	1	0.17218929611112194	0.004104341481211237	0.0007067236706494425
rule_a_one_step	metastatic::CBFB+PIK3CA	metastatic::CBFB+MAP3K1+PIK3CA	same_stage_one_event	MAP3K1	1	0.33134435300710874	0.001003283473184969	0.0003324323133051985
rule_a_one_step	metastatic::CBFB+MAP3K1	metastatic::CBFB+MAP3K1+PIK3CA	same_stage_one_event	PIK3CA	1	0.4933350773109732	9.120758847136082e-05	4.499590270986621e-05
rule_a_one_step	metastatic::GATA3+MAP3K1+PIK3CA	metastatic::ESR1+GATA3+MAP3K1+PIK3CA	same_stage_one_event	ESR1	1	0.07425683887742227	0.00018241517694272163	1.3545574403032152e-05
rule_a_one_step	metastatic::ESR1+MAP3K1+PIK3CA	metastatic::ESR1+GATA3+MAP3K1+PIK3CA	same_stage_one_event	GATA3	1	0.2684748527790031	0.001550529004013134	0.0004162780460820005
rule_a_one_step	metastatic::ESR1+GATA3+PIK3CA	metastatic::ESR1+GATA3+MAP3K1+PIK3CA	same_stage_one_event	MAP3K1	1	0.21520706361687442	0.0012769062385990515	0.0002747992421229699
rule_a_one_step	metastatic::PIK3CA+RB1	metastatic::GATA3+PIK3CA+RB1	same_stage_one_event	GATA3	1	0.11376638648716988	0.0010944910616563297	0.0001245162931271469
rule_a_one_step	metastatic::GATA3+RB1	metastatic::GATA3+PIK3CA+RB1	same_stage_one_event	PIK3CA	1	0.25212417334650566	9.120758847136082e-05	2.2995637846270125e-05
rule_a_one_step	metastatic::GATA3+PIK3CA	metastatic::GATA3+PIK3CA+RB1	same_stage_one_event	RB1	1	0.014460868692687858	0.0038307187157971545	5.539552034776451e-05
rule_a_one_step	metastatic::PTEN+TP53	metastatic::NF1+PTEN+TP53	same_stage_one_event	NF1	1	0.0827816452566907	0.006202116016052536	0.0005134213678817008
rule_a_one_step	metastatic::NF1+TP53	metastatic::NF1+PTEN+TP53	same_stage_one_event	PTEN	1	0.056747051027000735	0.0020977745348412986	0.0001190425185717819
rule_a_one_step	primary::ATM	primary::AKT1+ATM	same_stage_one_event	AKT1	1	0.041409425602261754	0.0021889821233126595	9.064449237999654e-05
rule_a_one_step	primary::AKT1	primary::AKT1+ATM	same_stage_one_event	ATM	1	0.03650373698290581	0.007114191900766144	0.00025969458999148604
rule_a_one_step	primary::GATA3+PIK3CA	primary::AKT1+GATA3+PIK3CA	same_stage_one_event	AKT1	1	0.023604269666787227	0.010488872674206494	0.0002475821791025658
rule_a_one_step	primary::AKT1+PIK3CA	primary::AKT1+GATA3+PIK3CA	same_stage_one_event	GATA3	1	0.05845197278030205	0.0008208682962422473	4.798137130816476e-05
rule_a_one_step	primary::AKT1+GATA3	primary::AKT1+GATA3+PIK3CA	same_stage_one_event	PIK3CA	1	0.106337998577923	0.002462604888726742	0.0002618684751554105
rule_a_one_step	primary::MAP3K1+PIK3CA	primary::AKT1+MAP3K1+PIK3CA	same_stage_one_event	AKT1	1	0.034704274735427615	0.014410798978475008	0.0005001163269060164
rule_a_one_step	primary::AKT1+PIK3CA	primary::AKT1+MAP3K1+PIK3CA	same_stage_one_event	MAP3K1	1	0.3096035989040246	0.0008208682962422473	0.0002541437787428148
rule_a_one_step	primary::AKT1+MAP3K1	primary::AKT1+MAP3K1+PIK3CA	same_stage_one_event	PIK3CA	1	0.21903576054838764	0.001003283473184969	0.00021975495859469758
rule_a_one_step	primary::NF1+TP53	primary::AKT1+NF1+TP53	same_stage_one_event	AKT1	1	0.04045151659262717	0.005381247719810288	0.00021767963142694299
rule_a_one_step	primary::AKT1+TP53	primary::AKT1+NF1+TP53	same_stage_one_event	NF1	1	0.14915893434498345	0.0051988325428675665	0.0007754523219321467
rule_a_one_step	primary::AKT1+NF1	primary::AKT1+NF1+TP53	same_stage_one_event	TP53	1	0.29186614176833764	0.00018241517694272163	5.324081389426079e-05
rule_a_one_step	primary::PIK3CA+TP53	primary::AKT1+PIK3CA+TP53	same_stage_one_event	AKT1	1	0.021839387017675856	0.041225829989055086	0.0009003468562558816
rule_a_one_step	primary::AKT1+TP53	primary::AKT1+PIK3CA+TP53	same_stage_one_event	PIK3CA	1	0.1479779995670033	0.0051988325428675665	0.0007693128397773794
rule_a_one_step	primary::AKT1+PIK3CA	primary::AKT1+PIK3CA+TP53	same_stage_one_event	TP53	1	0.026720358344082023	0.0008208682962422473	2.1933895028888926e-05
rule_a_one_step	primary::RUNX1	primary::AKT1+RUNX1	same_stage_one_event	AKT1	1	0.03321231901276778	0.0016417365924844946	5.4525879444529364e-05
rule_a_one_step	primary::AKT1	primary::AKT1+RUNX1	same_stage_one_event	RUNX1	1	0.031840038987466845	0.007114191900766144	0.00022651614748471488
rule_a_one_step	primary::NF1+TP53	primary::BRCA1+NF1+TP53	same_stage_one_event	BRCA1	1	0.040588776956256324	0.005381247719810288	0.00021841826344574271
rule_a_one_step	primary::BRCA1+TP53	primary::BRCA1+NF1+TP53	same_stage_one_event	NF1	1	0.10967249414974312	0.00665815395840934	0.0007302163510517373
rule_a_one_step	primary::BRCA1+NF1	primary::BRCA1+NF1+TP53	same_stage_one_event	TP53	1	0.4966853386904813	0.00018241517694272163	9.060294394207977e-05
rule_a_one_step	primary::PTEN	primary::BRCA1+PTEN	same_stage_one_event	BRCA1	1	0.011534523813421259	0.007114191900766144	8.205881589263574e-05
rule_a_one_step	primary::BRCA1	primary::BRCA1+PTEN	same_stage_one_event	PTEN	1	0.04001927329024259	0.001550529004013134	6.205104395604926e-05
rule_a_one_step	primary::RB1+TP53	primary::BRCA1+RB1+TP53	same_stage_one_event	BRCA1	1	0.06390242969153177	0.007114191900766144	0.0004546141477507733
rule_a_one_step	primary::BRCA1+TP53	primary::BRCA1+RB1+TP53	same_stage_one_event	RB1	1	0.0689512533954305	0.00665815395840934	0.000459088060732071
rule_a_one_step	primary::MAP2K4+PIK3CA	primary::CBFB+MAP2K4+PIK3CA	same_stage_one_event	CBFB	1	0.14978195071364298	0.004651587012039402	0.0006967237765775075
rule_a_one_step	primary::CBFB+PIK3CA	primary::CBFB+MAP2K4+PIK3CA	same_stage_one_event	MAP2K4	1	0.10265314227236376	0.004377964246625319	0.0004494117866721507
rule_a_one_step	primary::MAP3K1+PIK3CA+TP53	primary::CBFB+MAP3K1+PIK3CA+TP53	same_stage_one_event	CBFB	1	0.07144151140243492	0.002918642831083546	0.0002085122550964901
rule_a_one_step	primary::CBFB+PIK3CA+TP53	primary::CBFB+MAP3K1+PIK3CA+TP53	same_stage_one_event	MAP3K1	1	0.2484819748046516	0.0004560379423568041	0.00011331720850266855
rule_a_one_step	primary::CBFB+MAP3K1+PIK3CA	primary::CBFB+MAP3K1+PIK3CA+TP53	same_stage_one_event	TP53	1	0.025364970147930595	0.0013681138270704122	3.470216638261209e-05
rule_a_one_step	primary::MAP2K4+TP53	primary::GATA3+MAP2K4+TP53	same_stage_one_event	GATA3	1	0.06469529876733014	0.0021889821233126595	0.00014161685246405722
rule_a_one_step	primary::GATA3+TP53	primary::GATA3+MAP2K4+TP53	same_stage_one_event	MAP2K4	1	0.025623379831393175	0.004377964246625319	0.00011217824077953961
rule_a_one_step	primary::GATA3+MAP2K4	primary::GATA3+MAP2K4+TP53	same_stage_one_event	TP53	1	0.023205858279690923	0.001459321415541773	3.386480595358033e-05
rule_a_one_step	primary::MAP3K1+PIK3CA+PTEN	primary::GATA3+MAP3K1+PIK3CA+PTEN	same_stage_one_event	GATA3	1	0.17819675873090615	0.0007296607077708865	0.0001300231730980709
rule_a_one_step	primary::GATA3+PIK3CA+PTEN	primary::GATA3+MAP3K1+PIK3CA+PTEN	same_stage_one_event	MAP3K1	1	0.14997467402105472	0.00036483035388544326	5.471531339695539e-05
rule_a_one_step	primary::GATA3+MAP3K1+PIK3CA	primary::GATA3+MAP3K1+PIK3CA+PTEN	same_stage_one_event	PTEN	1	0.009430326986009565	0.0018241517694272164	1.7202347657806578e-05
rule_a_one_step	primary::MAP3K1+TP53	primary::GATA3+MAP3K1+TP53	same_stage_one_event	GATA3	1	0.04708490946838955	0.003465888361911711	0.00016319103974815787
rule_a_one_step	primary::GATA3+TP53	primary::GATA3+MAP3K1+TP53	same_stage_one_event	MAP3K1	1	0.03226406632670726	0.004377964246625319	0.00014125092882907227
rule_a_one_step	primary::GATA3+MAP3K1	primary::GATA3+MAP3K1+TP53	same_stage_one_event	TP53	1	0.01678224680458022	0.001550529004013134	2.6021360423008368e-05
rule_a_one_step	primary::NF1+PIK3CA+TP53	primary::GATA3+NF1+PIK3CA+TP53	same_stage_one_event	GATA3	1	0.05420604052766574	0.0028274352426121852	0.00015326406935038653
rule_a_one_step	primary::GATA3+PIK3CA+TP53	primary::GATA3+NF1+PIK3CA+TP53	same_stage_one_event	NF1	1	0.0521189508670522	0.0019153593578985773	9.98265202670646e-05
rule_a_one_step	primary::GATA3+NF1+TP53	primary::GATA3+NF1+PIK3CA+TP53	same_stage_one_event	PIK3CA	1	0.5816744184876184	0.00018241517694272163	0.00010610624197147361
rule_a_one_step	primary::GATA3+NF1+PIK3CA	primary::GATA3+NF1+PIK3CA+TP53	same_stage_one_event	TP53	1	0.006190406620209068	0.00018241517694272163	1.1292241189728325e-06
rule_a_one_step	primary::MAP3K1+PIK3CA+TP53	primary::MAP2K4+MAP3K1+PIK3CA+TP53	same_stage_one_event	MAP2K4	1	0.04251525847548265	0.002918642831083546	0.00012408685436113143
rule_a_one_step	primary::MAP2K4+PIK3CA+TP53	primary::MAP2K4+MAP3K1+PIK3CA+TP53	same_stage_one_event	MAP3K1	1	0.11804701851886776	0.0012769062385990515	0.00015073497439476
rule_a_one_step	primary::MAP2K4+MAP3K1+PIK3CA	primary::MAP2K4+MAP3K1+PIK3CA+TP53	same_stage_one_event	TP53	1	0.015641175895279164	9.120758847136082e-05	1.4265939342647906e-06
rule_a_one_step	primary::NF1+PIK3CA	primary::MAP2K4+NF1+PIK3CA	same_stage_one_event	MAP2K4	1	0.08626740137606775	0.0017329441809558555	0.00014949659122083977
rule_a_one_step	primary::MAP2K4+PIK3CA	primary::MAP2K4+NF1+PIK3CA	same_stage_one_event	NF1	1	0.07192894258929186	0.004651587012039402	0.0003345837351380778
rule_a_one_step	primary::MAP2K4+NF1	primary::MAP2K4+NF1+PIK3CA	same_stage_one_event	PIK3CA	1	0.403340808492984	0.00018241517694272163	7.357548494946807e-05
rule_a_one_step	primary::NF1+PIK3CA+TP53	primary::MAP3K1+NF1+PIK3CA+TP53	same_stage_one_event	MAP3K1	1	0.2828922061775671	0.0028274352426121852	0.0007998593936067658
rule_a_one_step	primary::MAP3K1+PIK3CA+TP53	primary::MAP3K1+NF1+PIK3CA+TP53	same_stage_one_event	NF1	1	0.16229787045892377	0.002918642831083546	0.0004736895161150639
rule_a_one_step	primary::MAP3K1+NF1+PIK3CA	primary::MAP3K1+NF1+PIK3CA+TP53	same_stage_one_event	TP53	1	0.05359152944750665	0.0005472455308281649	2.9327724980394005e-05
rule_a_one_step	primary::RUNX1	primary::MAP3K1+RUNX1	same_stage_one_event	MAP3K1	1	0.04130861180886659	0.0016417365924844946	6.781785959135338e-05
rule_a_one_step	primary::MAP3K1	primary::MAP3K1+RUNX1	same_stage_one_event	RUNX1	1	0.017087057163683386	0.00556366289675301	9.506662595628297e-05
rule_a_one_step	primary::RUNX1+TP53	primary::RB1+RUNX1+TP53	same_stage_one_event	RB1	1	0.066078212521924	0.0023713973002553812	0.0001566976947801919
rule_a_one_step	primary::RB1+TP53	primary::RB1+RUNX1+TP53	same_stage_one_event	RUNX1	1	0.03812540533036308	0.007114191900766144	0.0002712314498146954
rule_a_one_step	unknown::PTEN+TP53	unknown::PTEN+RB1+TP53	same_stage_one_event	RB1	1	0.08682461957196923	9.120758847136082e-05	7.919064171102629e-06
rule_a_one_step	metastatic::ATM	metastatic::AKT1+ATM	same_stage_one_event	AKT1	1	0.041409425602261754	0.0016417365924844946	6.79833692849974e-05
rule_a_one_step	metastatic::AKT1	metastatic::AKT1+ATM	same_stage_one_event	ATM	1	0.03650373698290581	0.0038307187157971545	0.00013983554845695403
rule_a_one_step	metastatic::BRCA1+TP53	metastatic::AKT1+BRCA1+TP53	same_stage_one_event	AKT1	1	0.050050489261555364	0.002645020065669464	0.00013238454839338798
rule_a_one_step	metastatic::AKT1+TP53	metastatic::AKT1+BRCA1+TP53	same_stage_one_event	BRCA1	1	0.07003771991781586	0.003465888361911711	0.00024274291835799002
rule_a_one_step	metastatic::AKT1+BRCA1	metastatic::AKT1+BRCA1+TP53	same_stage_one_event	TP53	1	0.29012978983360926	9.120758847136082e-05	2.6462038474426236e-05
rule_a_one_step	metastatic::BRCA2+TP53	metastatic::AKT1+BRCA2+TP53	same_stage_one_event	AKT1	1	0.04085661653925201	0.002918642831083546	0.00011924587096461732
rule_a_one_step	metastatic::AKT1+TP53	metastatic::AKT1+BRCA2+TP53	same_stage_one_event	BRCA2	1	0.08898637392522403	0.003465888361911711	0.0003084168377561577
rule_a_one_step	metastatic::CBFB	metastatic::AKT1+CBFB	same_stage_one_event	AKT1	1	0.03944909662592188	0.00036483035388544326	1.4392227882496126e-05
rule_a_one_step	metastatic::AKT1	metastatic::AKT1+CBFB	same_stage_one_event	CBFB	1	0.042852982066804435	0.0038307187157971545	0.00016415772043102759
rule_a_one_step	metastatic::CBFB+TP53	metastatic::AKT1+CBFB+TP53	same_stage_one_event	AKT1	1	0.04745170618438167	0.00018241517694272163	8.655911379858022e-06
rule_a_one_step	metastatic::AKT1+TP53	metastatic::AKT1+CBFB+TP53	same_stage_one_event	CBFB	1	0.023643445990774236	0.003465888361911711	8.194554429491253e-05
rule_a_one_step	metastatic::AKT1+CBFB	metastatic::AKT1+CBFB+TP53	same_stage_one_event	TP53	1	0.15188053796525827	0.00018241517694272163	2.770531520708834e-05
rule_a_one_step	metastatic::ESR1+MAP3K1	metastatic::AKT1+ESR1+MAP3K1	same_stage_one_event	AKT1	1	0.04444623851190657	0.0010944910616563297	4.864601077552707e-05
rule_a_one_step	metastatic::AKT1+MAP3K1	metastatic::AKT1+ESR1+MAP3K1	same_stage_one_event	ESR1	1	0.08678673220017749	0.0004560379423568041	3.9578042776439935e-05
rule_a_one_step	metastatic::AKT1+ESR1	metastatic::AKT1+ESR1+MAP3K1	same_stage_one_event	MAP3K1	1	0.15941374592488153	0.0005472455308281649	8.723846000996799e-05
rule_a_one_step	metastatic::ESR1+MAP3K1+PIK3CA	metastatic::AKT1+ESR1+MAP3K1+PIK3CA	same_stage_one_event	AKT1	1	0.04278189708940158	0.001550529004013134	6.633457228382222e-05
rule_a_one_step	metastatic::AKT1+ESR1+PIK3CA	metastatic::AKT1+ESR1+MAP3K1+PIK3CA	same_stage_one_event	MAP3K1	1	0.39575252465876415	0.00018241517694272163	7.219126681115726e-05
rule_a_one_step	metastatic::AKT1+ESR1+MAP3K1	metastatic::AKT1+ESR1+MAP3K1+PIK3CA	same_stage_one_event	PIK3CA	1	0.29670180359773657	0.00018241517694272163	5.4122912002505757e-05
rule_a_one_step	metastatic::ESR1+PIK3CA	metastatic::AKT1+ESR1+PIK3CA	same_stage_one_event	AKT1	1	0.023262669681145744	0.005381247719810288	0.00012518218817836546
rule_a_one_step	metastatic::AKT1+PIK3CA	metastatic::AKT1+ESR1+PIK3CA	same_stage_one_event	ESR1	1	0.03605663519179079	0.0004560379423568041	1.64431937211742e-05
rule_a_one_step	metastatic::AKT1+ESR1	metastatic::AKT1+ESR1+PIK3CA	same_stage_one_event	PIK3CA	1	0.14299882661524524	0.0005472455308281649	7.825546877886459e-05
rule_a_one_step	metastatic::MAP2K4	metastatic::AKT1+MAP2K4	same_stage_one_event	AKT1	1	0.04592125134512911	0.0017329441809558555	7.957896530075275e-05
rule_a_one_step	metastatic::AKT1	metastatic::AKT1+MAP2K4	same_stage_one_event	MAP2K4	1	0.043883047480494514	0.0038307187157971545	0.0001681036112897455
rule_a_one_step	metastatic::AKT1+NF1+TP53	metastatic::AKT1+MAP2K4+NF1+TP53	same_stage_one_event	MAP2K4	1	0.060484509830925244	0.0005472455308281649	3.309987768930604e-05
rule_a_one_step	metastatic::AKT1+MAP2K4+TP53	metastatic::AKT1+MAP2K4+NF1+TP53	same_stage_one_event	NF1	1	0.17861799812571302	0.00027362276541408243	4.887395059988499e-05
rule_a_one_step	metastatic::AKT1+MAP2K4+NF1	metastatic::AKT1+MAP2K4+NF1+TP53	same_stage_one_event	TP53	1	0.1243762925353	9.120758847136082e-05	1.1344061705153228e-05
rule_a_one_step	metastatic::AKT1+NF1	metastatic::AKT1+MAP3K1+NF1	same_stage_one_event	MAP3K1	1	0.11320517528074744	0.00036483035388544326	4.130068415933872e-05
rule_a_one_step	metastatic::AKT1+MAP3K1	metastatic::AKT1+MAP3K1+NF1	same_stage_one_event	NF1	1	0.0776746667667077	0.0004560379423568041	3.542259520553981e-05
rule_a_one_step	metastatic::MAP3K1+TP53	metastatic::AKT1+MAP3K1+TP53	same_stage_one_event	AKT1	1	0.0385029055049561	0.0022801897117840204	8.779392900619323e-05
rule_a_one_step	metastatic::AKT1+TP53	metastatic::AKT1+MAP3K1+TP53	same_stage_one_event	MAP3K1	1	0.09381057495882632	0.003465888361911711	0.0003251369799740423
rule_a_one_step	metastatic::AKT1+MAP3K1	metastatic::AKT1+MAP3K1+TP53	same_stage_one_event	TP53	1	0.10872946681865893	0.0004560379423568041	4.958476232153362e-05
rule_a_one_step	metastatic::RB1+TP53	metastatic::AKT1+RB1+TP53	same_stage_one_event	AKT1	1	0.0634943152589453	0.00337468077344035	0.00021427304492712296
rule_a_one_step	metastatic::AKT1+TP53	metastatic::AKT1+RB1+TP53	same_stage_one_event	RB1	1	0.09599651916501259	0.003465888361911711	0.00033271321855805165
rule_a_one_step	metastatic::RUNX1	metastatic::AKT1+RUNX1	same_stage_one_event	AKT1	1	0.03321231901276778	0.0004560379423568041	1.514607762348038e-05
rule_a_one_step	metastatic::AKT1	metastatic::AKT1+RUNX1	same_stage_one_event	RUNX1	1	0.031840038987466845	0.0038307187157971545	0.00012197023326100033
rule_a_one_step	metastatic::RUNX1+TP53	metastatic::AKT1+RUNX1+TP53	same_stage_one_event	AKT1	1	0.04827538069119044	0.0017329441809558555	8.365854005222713e-05
rule_a_one_step	metastatic::AKT1+TP53	metastatic::AKT1+RUNX1+TP53	same_stage_one_event	RUNX1	1	0.07564959597863942	0.003465888361911711	0.00026219305428568936
rule_a_one_step	metastatic::AKT1+RUNX1	metastatic::AKT1+RUNX1+TP53	same_stage_one_event	TP53	1	0.23480631294147342	0.00018241517694272163	4.283223512248694e-05
rule_a_one_step	metastatic::BRCA1+TP53	metastatic::ATM+BRCA1+TP53	same_stage_one_event	ATM	1	0.081721433427829	0.002645020065669464	0.000216154831211879
rule_a_one_step	metastatic::ATM+TP53	metastatic::ATM+BRCA1+TP53	same_stage_one_event	BRCA1	1	0.047397885317738864	0.0019153593578985773	9.078398318793471e-05
rule_a_one_step	metastatic::ATM+BRCA1	metastatic::ATM+BRCA1+TP53	same_stage_one_event	TP53	1	0.2596820232428343	9.120758847136082e-05	2.3684971109342784e-05
rule_a_one_step	metastatic::BRCA2+NF1+PIK3CA+TP53	metastatic::ATM+BRCA2+NF1+PIK3CA+TP53	same_stage_one_event	ATM	1	0.15415002439262013	0.00027362276541408243	4.217895596295698e-05
rule_a_one_step	metastatic::ATM+NF1+PIK3CA+TP53	metastatic::ATM+BRCA2+NF1+PIK3CA+TP53	same_stage_one_event	BRCA2	1	0.06570122251547121	9.120758847136082e-05	5.992450065256404e-06
rule_a_one_step	metastatic::BRCA2+PIK3CA	metastatic::ATM+BRCA2+PIK3CA	same_stage_one_event	ATM	1	0.08596628799863251	0.0011856986501276906	0.00010193011163646686
rule_a_one_step	metastatic::ATM+PIK3CA	metastatic::ATM+BRCA2+PIK3CA	same_stage_one_event	BRCA2	1	0.029982408689950134	0.0007296607077708865	2.1876985545384992e-05
rule_a_one_step	metastatic::ATM+BRCA2	metastatic::ATM+BRCA2+PIK3CA	same_stage_one_event	PIK3CA	1	0.3347191909673178	9.120758847136082e-05	3.052893022321395e-05
rule_a_one_step	metastatic::ESR1+PIK3CA+TP53	metastatic::ATM+ESR1+PIK3CA+TP53	same_stage_one_event	ATM	1	0.07735685315848832	0.0011856986501276906	9.172191636814559e-05
rule_a_one_step	metastatic::ATM+PIK3CA+TP53	metastatic::ATM+ESR1+PIK3CA+TP53	same_stage_one_event	ESR1	1	0.025709996478820406	0.0005472455308281649	1.4069680670642323e-05
rule_a_one_step	metastatic::ATM+ESR1+PIK3CA	metastatic::ATM+ESR1+PIK3CA+TP53	same_stage_one_event	TP53	1	0.0077506037335493055	9.120758847136082e-05	7.069138757341578e-07
rule_a_one_step	metastatic::MAP3K1+RB1+TP53	metastatic::ATM+MAP3K1+RB1+TP53	same_stage_one_event	ATM	1	0.044686827197551404	0.00018241517694272163	8.151555490250165e-06
rule_a_one_step	metastatic::ATM+RB1+TP53	metastatic::ATM+MAP3K1+RB1+TP53	same_stage_one_event	MAP3K1	1	0.05440481615438283	0.00027362276541408243	1.4886396248006976e-05
rule_a_one_step	metastatic::ATM+MAP3K1+TP53	metastatic::ATM+MAP3K1+RB1+TP53	same_stage_one_event	RB1	1	0.030838439543522896	9.120758847136082e-05	2.8126997029845764e-06
rule_a_one_step	metastatic::PIK3CA+RB1+TP53	metastatic::ATM+PIK3CA+RB1+TP53	same_stage_one_event	ATM	1	0.07946646399208769	0.001003283473184969	7.972738999571002e-05
rule_a_one_step	metastatic::ATM+RB1+TP53	metastatic::ATM+PIK3CA+RB1+TP53	same_stage_one_event	PIK3CA	1	0.31254128100930506	0.00027362276541408243	8.55184096158259e-05
rule_a_one_step	metastatic::ATM+PIK3CA+TP53	metastatic::ATM+PIK3CA+RB1+TP53	same_stage_one_event	RB1	1	0.10399190627287909	0.0005472455308281649	5.690910595013448e-05
rule_a_one_step	metastatic::ATM+PIK3CA+RB1	metastatic::ATM+PIK3CA+RB1+TP53	same_stage_one_event	TP53	1	0.0446141564303432	9.120758847136082e-05	4.069149619695658e-06
rule_a_one_step	metastatic::PIK3CA+RUNX1+TP53	metastatic::ATM+PIK3CA+RUNX1+TP53	same_stage_one_event	ATM	1	0.07656265714316891	0.0010944910616563297	8.379714389985652e-05
rule_a_one_step	metastatic::ATM+PIK3CA+TP53	metastatic::ATM+PIK3CA+RUNX1+TP53	same_stage_one_event	RUNX1	1	0.14681057612618822	0.0005472455308281649	8.034143166336458e-05
rule_a_one_step	metastatic::ATM+PIK3CA+RUNX1	metastatic::ATM+PIK3CA+RUNX1+TP53	same_stage_one_event	TP53	1	0.030516203496696242	9.120758847136082e-05	2.7833093302349727e-06
rule_a_one_step	metastatic::ESR1	metastatic::BRCA1+ESR1	same_stage_one_event	BRCA1	1	0.02131634449869984	0.0068405691353520615	0.00014581592825633783
rule_a_one_step	metastatic::BRCA1	metastatic::BRCA1+ESR1	same_stage_one_event	ESR1	1	0.034825906261121774	0.0009120758847136082	3.1763869264065826e-05
rule_a_one_step	metastatic::GATA3	metastatic::BRCA1+GATA3	same_stage_one_event	BRCA1	1	0.019716806026920695	0.015322874863188618	0.00030211815145226895
rule_a_one_step	metastatic::BRCA1	metastatic::BRCA1+GATA3	same_stage_one_event	GATA3	1	0.06357647353361166	0.0009120758847136082	5.798656834514015e-05
rule_a_one_step	metastatic::MAP2K4+TP53	metastatic::BRCA1+MAP2K4+TP53	same_stage_one_event	BRCA1	1	0.050936380994871036	0.0006384531192995258	3.2520491332004494e-05
rule_a_one_step	metastatic::BRCA1+TP53	metastatic::BRCA1+MAP2K4+TP53	same_stage_one_event	MAP2K4	1	0.029270674278905732	0.002645020065669464	7.742152080338073e-05
rule_a_one_step	metastatic::NF1+PIK3CA+RB1+TP53	metastatic::BRCA1+NF1+PIK3CA+RB1+TP53	same_stage_one_event	BRCA1	1	0.05422405368184851	9.120758847136082e-05	4.945645173463016e-06
rule_a_one_step	metastatic::BRCA1+PIK3CA+RB1+TP53	metastatic::BRCA1+NF1+PIK3CA+RB1+TP53	same_stage_one_event	NF1	1	0.17439721727477012	9.120758847136082e-05	1.590634962374773e-05
rule_a_one_step	metastatic::BRCA1+NF1+RB1+TP53	metastatic::BRCA1+NF1+PIK3CA+RB1+TP53	same_stage_one_event	PIK3CA	1	0.32255794549952443	9.120758847136082e-05	2.9419732351288256e-05
rule_a_one_step	metastatic::NF1+TP53	metastatic::BRCA1+NF1+TP53	same_stage_one_event	BRCA1	1	0.040588776956256324	0.0020977745348412986	8.514610269918783e-05
rule_a_one_step	metastatic::BRCA1+TP53	metastatic::BRCA1+NF1+TP53	same_stage_one_event	NF1	1	0.10967249414974312	0.002645020065669464	0.0002900859476780874
rule_a_one_step	metastatic::PTEN+TP53	metastatic::BRCA1+PTEN+TP53	same_stage_one_event	BRCA1	1	0.041544983137772884	0.006202116016052536	0.00025766680530541375
rule_a_one_step	metastatic::BRCA1+TP53	metastatic::BRCA1+PTEN+TP53	same_stage_one_event	PTEN	1	0.06577168901562576	0.002645020065669464	0.000173967437199302
rule_a_one_step	metastatic::RB1+TP53	metastatic::BRCA1+RB1+TP53	same_stage_one_event	BRCA1	1	0.06390242969153177	0.00337468077344035	0.00021565030085613605
rule_a_one_step	metastatic::BRCA1+TP53	metastatic::BRCA1+RB1+TP53	same_stage_one_event	RB1	1	0.0689512533954305	0.002645020065669464	0.00018237744878397342
rule_a_one_step	metastatic::ESR1+PIK3CA+TP53	metastatic::BRCA2+ESR1+PIK3CA+TP53	same_stage_one_event	BRCA2	1	0.0647543737034824	0.0011856986501276906	7.67791734900831e-05
rule_a_one_step	metastatic::BRCA2+PIK3CA+TP53	metastatic::BRCA2+ESR1+PIK3CA+TP53	same_stage_one_event	ESR1	1	0.02621022641143138	0.0009120758847136082	2.3905715442750256e-05
rule_a_one_step	metastatic::BRCA2+ESR1+PIK3CA	metastatic::BRCA2+ESR1+PIK3CA+TP53	same_stage_one_event	TP53	1	0.006712696371567469	0.00027362276541408243	1.836746544573368e-06
rule_a_one_step	metastatic::NF1	metastatic::BRCA2+NF1	same_stage_one_event	BRCA2	1	0.016767337176810504	0.0009120758847136082	1.5293083889830813e-05
rule_a_one_step	metastatic::BRCA2	metastatic::BRCA2+NF1	same_stage_one_event	NF1	1	0.04107019925175564	0.002462604888726742	0.00010113967345835482
rule_a_one_step	metastatic::PIK3CA+PTEN	metastatic::BRCA2+PIK3CA+PTEN	same_stage_one_event	BRCA2	1	0.030559337297998205	0.0009120758847136082	2.7872434602333278e-05
rule_a_one_step	metastatic::BRCA2+PTEN	metastatic::BRCA2+PIK3CA+PTEN	same_stage_one_event	PIK3CA	1	0.3400609197625672	9.120758847136082e-05	3.101613642489668e-05
rule_a_one_step	metastatic::BRCA2+PIK3CA	metastatic::BRCA2+PIK3CA+PTEN	same_stage_one_event	PTEN	1	0.035577327701466224	0.0011856986501276906	4.218398943077899e-05
rule_a_one_step	metastatic::PIK3CA+RB1+TP53	metastatic::BRCA2+PIK3CA+RB1+TP53	same_stage_one_event	BRCA2	1	0.07005767011219344	0.001003283473184969	7.028770259340823e-05
rule_a_one_step	metastatic::BRCA2+RB1+TP53	metastatic::BRCA2+PIK3CA+RB1+TP53	same_stage_one_event	PIK3CA	1	0.30743615977780253	0.00036483035388544326	0.00011216204296891738
rule_a_one_step	metastatic::BRCA2+PIK3CA+TP53	metastatic::BRCA2+PIK3CA+RB1+TP53	same_stage_one_event	RB1	1	0.10608878289761099	0.0009120758847136082	9.676102051952845e-05
rule_a_one_step	metastatic::GATA3+MAP3K1+PIK3CA	metastatic::CBFB+GATA3+MAP3K1+PIK3CA	same_stage_one_event	CBFB	1	0.6902192802595271	0.00018241517694272163	0.0001259064721378196
rule_a_one_step	metastatic::CBFB+MAP3K1+PIK3CA	metastatic::CBFB+GATA3+MAP3K1+PIK3CA	same_stage_one_event	GATA3	1	0.24767177890857528	0.00027362276541408243	6.776863705998958e-05
rule_a_one_step	metastatic::CBFB+GATA3+PIK3CA	metastatic::CBFB+GATA3+MAP3K1+PIK3CA	same_stage_one_event	MAP3K1	1	0.32047520950251057	0.0006384531192995258	0.0002046083971650469
rule_a_one_step	metastatic::CBFB+GATA3+MAP3K1	metastatic::CBFB+GATA3+MAP3K1+PIK3CA	same_stage_one_event	PIK3CA	1	0.6291531483275647	9.120758847136082e-05	5.7383541438121554e-05
rule_a_one_step	metastatic::GATA3+PIK3CA+TP53	metastatic::CBFB+GATA3+PIK3CA+TP53	same_stage_one_event	CBFB	1	0.34846161435292833	0.0008208682962422473	0.0002860410916797113
rule_a_one_step	metastatic::CBFB+PIK3CA+TP53	metastatic::CBFB+GATA3+PIK3CA+TP53	same_stage_one_event	GATA3	1	0.053778137297431486	0.00018241517694272163	9.809948430760942e-06
rule_a_one_step	metastatic::CBFB+GATA3+TP53	metastatic::CBFB+GATA3+PIK3CA+TP53	same_stage_one_event	PIK3CA	1	0.5038245633787682	9.120758847136082e-05	4.595262343841374e-05
rule_a_one_step	metastatic::CBFB+GATA3+PIK3CA	metastatic::CBFB+GATA3+PIK3CA+TP53	same_stage_one_event	TP53	1	0.006162743254431556	0.0006384531192995258	3.934622654233938e-06
rule_a_one_step	metastatic::PIK3CA+TP53	metastatic::CBFB+PIK3CA+TP53	same_stage_one_event	CBFB	1	0.050237202055221	0.024078803356439256	0.0012096517094653725
rule_a_one_step	metastatic::CBFB+TP53	metastatic::CBFB+PIK3CA+TP53	same_stage_one_event	PIK3CA	1	0.43044991087622364	0.00018241517694272163	7.85205966574651e-05
rule_a_one_step	metastatic::CBFB+PIK3CA	metastatic::CBFB+PIK3CA+TP53	same_stage_one_event	TP53	1	0.05393675077832069	0.001003283473184969	5.411385065318567e-05
rule_a_one_step	metastatic::RB1	metastatic::CBFB+RB1	same_stage_one_event	CBFB	1	0.008258982770105245	0.0011856986501276906	9.792664721941645e-06
rule_a_one_step	metastatic::CBFB	metastatic::CBFB+RB1	same_stage_one_event	RB1	1	0.016872200440444057	0.00036483035388544326	6.155490857513337e-06
rule_a_one_step	metastatic::TP53	metastatic::CBFB+TP53	same_stage_one_event	CBFB	1	0.00572154784078689	0.06484859540313755	0.00037103434100688426
rule_a_one_step	metastatic::CBFB	metastatic::CBFB+TP53	same_stage_one_event	TP53	1	0.26958523933913875	0.00036483035388544326	9.835287827038991e-05
rule_a_one_step	metastatic::GATA3+PIK3CA+TP53	metastatic::ESR1+GATA3+PIK3CA+TP53	same_stage_one_event	ESR1	1	0.03981638977513894	0.0008208682962422473	3.2684012037235535e-05
rule_a_one_step	metastatic::ESR1+PIK3CA+TP53	metastatic::ESR1+GATA3+PIK3CA+TP53	same_stage_one_event	GATA3	1	0.05674475031585634	0.0011856986501276906	6.72821738513437e-05
rule_a_one_step	metastatic::ESR1+GATA3+TP53	metastatic::ESR1+GATA3+PIK3CA+TP53	same_stage_one_event	PIK3CA	1	0.5282516007569988	0.0005472455308281649	0.00028908332766709163
rule_a_one_step	metastatic::ESR1+GATA3+PIK3CA	metastatic::ESR1+GATA3+PIK3CA+TP53	same_stage_one_event	TP53	1	0.001683285076007546	0.0012769062385990515	2.149397214894714e-06
rule_a_one_step	metastatic::GATA3+PTEN	metastatic::ESR1+GATA3+PTEN	same_stage_one_event	ESR1	1	0.09658062366603311	0.0008208682962422473	7.927997199875027e-05
rule_a_one_step	metastatic::ESR1+PTEN	metastatic::ESR1+GATA3+PTEN	same_stage_one_event	GATA3	1	0.17277664698459244	0.0010944910616563297	0.0001891024957875875
rule_a_one_step	metastatic::ESR1+GATA3	metastatic::ESR1+GATA3+PTEN	same_stage_one_event	PTEN	1	0.02504578237342626	0.0047427946005107625	0.00011878700140625371
rule_a_one_step	metastatic::GATA3+RB1	metastatic::ESR1+GATA3+RB1	same_stage_one_event	ESR1	1	0.14066988628212412	9.120758847136082e-05	1.2830161098333101e-05
rule_a_one_step	metastatic::ESR1+RB1	metastatic::ESR1+GATA3+RB1	same_stage_one_event	GATA3	1	0.2050402735503846	9.120758847136082e-05	1.8701228890038727e-05
rule_a_one_step	metastatic::ESR1+GATA3	metastatic::ESR1+GATA3+RB1	same_stage_one_event	RB1	1	0.021512530766879777	0.0047427946005107625	0.00010202951476447906
rule_a_one_step	metastatic::MAP2K4+TP53	metastatic::ESR1+MAP2K4+TP53	same_stage_one_event	ESR1	1	0.029192123127578327	0.0006384531192995258	1.863780206977821e-05
rule_a_one_step	metastatic::ESR1+TP53	metastatic::ESR1+MAP2K4+TP53	same_stage_one_event	MAP2K4	1	0.029989187950012493	0.002553812477198103	7.65867623677809e-05
rule_a_one_step	metastatic::ESR1+MAP2K4	metastatic::ESR1+MAP2K4+TP53	same_stage_one_event	TP53	1	0.04949098595042747	0.0006384531192995258	3.159767435725942e-05
rule_a_one_step	metastatic::MAP3K1+PIK3CA+TP53	metastatic::ESR1+MAP3K1+PIK3CA+TP53	same_stage_one_event	ESR1	1	0.03680604204648476	0.0020977745348412986	7.721077773341384e-05
rule_a_one_step	metastatic::ESR1+PIK3CA+TP53	metastatic::ESR1+MAP3K1+PIK3CA+TP53	same_stage_one_event	MAP3K1	1	0.26255062600578166	0.0011856986501276906	0.00031130592284523545
rule_a_one_step	metastatic::ESR1+MAP3K1+PIK3CA	metastatic::ESR1+MAP3K1+PIK3CA+TP53	same_stage_one_event	TP53	1	0.011199050308148493	0.001550529004013134	1.7364452320186465e-05
rule_a_one_step	metastatic::NF1+PIK3CA+TP53	metastatic::ESR1+NF1+PIK3CA+TP53	same_stage_one_event	ESR1	1	0.02802685462351369	0.0027362276541408243	7.668785467944277e-05
rule_a_one_step	metastatic::ESR1+PIK3CA+TP53	metastatic::ESR1+NF1+PIK3CA+TP53	same_stage_one_event	NF1	1	0.07423273031236534	0.0011856986501276906	8.801764812666449e-05
rule_a_one_step	metastatic::ESR1+NF1+TP53	metastatic::ESR1+NF1+PIK3CA+TP53	same_stage_one_event	PIK3CA	1	0.5758402768230688	0.00018241517694272163	0.0001050420059874259
rule_a_one_step	metastatic::ESR1+NF1+PIK3CA	metastatic::ESR1+NF1+PIK3CA+TP53	same_stage_one_event	TP53	1	0.02296445229568545	9.120758847136082e-05	2.094532314455076e-06
rule_a_one_step	metastatic::NF1+TP53	metastatic::ESR1+NF1+TP53	same_stage_one_event	ESR1	1	0.02292101365017262	0.0020977745348412986	4.8083118748081924e-05
rule_a_one_step	metastatic::ESR1+TP53	metastatic::ESR1+NF1+TP53	same_stage_one_event	NF1	1	0.038529230095504144	0.002553812477198103	9.839642855473514e-05
rule_a_one_step	metastatic::PIK3CA+RB1	metastatic::ESR1+PIK3CA+RB1	same_stage_one_event	ESR1	1	0.053767277667304866	0.0010944910616563297	5.884780481645917e-05
rule_a_one_step	metastatic::ESR1+RB1	metastatic::ESR1+PIK3CA+RB1	same_stage_one_event	PIK3CA	1	0.23900142782957245	9.120758847136082e-05	2.1798743873547287e-05
rule_a_one_step	metastatic::ESR1+PIK3CA	metastatic::ESR1+PIK3CA+RB1	same_stage_one_event	RB1	1	0.03961553525296037	0.005381247719810288	0.00021318100874905707
rule_a_one_step	metastatic::PTEN+TP53	metastatic::ESR1+PTEN+TP53	same_stage_one_event	ESR1	1	0.021048880703669556	0.006202116016052536	0.00013054760013220812
rule_a_one_step	metastatic::ESR1+TP53	metastatic::ESR1+PTEN+TP53	same_stage_one_event	PTEN	1	0.04421232787171414	0.002553812477198103	0.00011290999456475702
rule_a_one_step	metastatic::ESR1+PTEN	metastatic::ESR1+PTEN+TP53	same_stage_one_event	TP53	1	0.13919170740657055	0.0010944910616563297	0.00015234407961317462
rule_a_one_step	metastatic::RB1+TP53	metastatic::ESR1+RB1+TP53	same_stage_one_event	ESR1	1	0.03636790590662362	0.00337468077344035	0.00012273007283337048
rule_a_one_step	metastatic::ESR1+TP53	metastatic::ESR1+RB1+TP53	same_stage_one_event	RB1	1	0.07021372689587728	0.002553812477198103	0.00017931269181727143
rule_a_one_step	metastatic::ESR1+RB1	metastatic::ESR1+RB1+TP53	same_stage_one_event	TP53	1	0.18371591959703792	9.120758847136082e-05	1.6756285990244246e-05
rule_a_one_step	metastatic::MAP2K4+PIK3CA	metastatic::GATA3+MAP2K4+PIK3CA	same_stage_one_event	GATA3	1	0.1824904888387193	0.0013681138270704122	0.0002496677610890906
rule_a_one_step	metastatic::GATA3+PIK3CA	metastatic::GATA3+MAP2K4+PIK3CA	same_stage_one_event	MAP2K4	1	0.05297782599054053	0.0038307187157971545	0.00020294314954420853
rule_a_one_step	metastatic::GATA3+MAP2K4	metastatic::GATA3+MAP2K4+PIK3CA	same_stage_one_event	PIK3CA	1	0.4221137893953811	0.0006384531192995258	0.00026949986553882413
rule_a_one_step	metastatic::MAP3K1+PIK3CA	metastatic::GATA3+MAP3K1+PIK3CA	same_stage_one_event	GATA3	1	0.1920878415762508	0.004104341481211237	0.0007883940962177386
rule_a_one_step	metastatic::GATA3+PIK3CA	metastatic::GATA3+MAP3K1+PIK3CA	same_stage_one_event	MAP3K1	1	0.12805676169623995	0.0038307187157971545	0.0004905494337141625
rule_a_one_step	metastatic::GATA3+MAP3K1	metastatic::GATA3+MAP3K1+PIK3CA	same_stage_one_event	PIK3CA	1	0.5501004020460744	0.0005472455308281649	0.0003010399865264909
rule_a_one_step	metastatic::NF1	metastatic::GATA3+NF1	same_stage_one_event	GATA3	1	0.09866592080016215	0.0009120758847136082	8.999080700489069e-05
rule_a_one_step	metastatic::GATA3	metastatic::GATA3+NF1	same_stage_one_event	NF1	1	0.016622336139013014	0.015322874863188618	0.00025470197659195425
rule_a_one_step	metastatic::NF1+TP53	metastatic::GATA3+NF1+TP53	same_stage_one_event	GATA3	1	0.05616702235140509	0.0020977745348412986	0.00011782574918663964
rule_a_one_step	metastatic::GATA3+TP53	metastatic::GATA3+NF1+TP53	same_stage_one_event	NF1	1	0.03547675420336634	0.003465888361911711	0.00012295846951184975
rule_a_one_step	metastatic::GATA3+NF1	metastatic::GATA3+NF1+TP53	same_stage_one_event	TP53	1	0.06260438147295641	0.00018241517694272163	1.1419989323778987e-05
rule_a_one_step	metastatic::PTEN+TP53	metastatic::GATA3+PTEN+TP53	same_stage_one_event	GATA3	1	0.05384821564755407	0.006202116016052536	0.0003339728807035459
rule_a_one_step	metastatic::GATA3+TP53	metastatic::GATA3+PTEN+TP53	same_stage_one_event	PTEN	1	0.02664605226093756	0.003465888361911711	9.235224242207472e-05
rule_a_one_step	metastatic::GATA3+PTEN	metastatic::GATA3+PTEN+TP53	same_stage_one_event	TP53	1	0.07298364381558041	0.0008208682962422473	5.990995935244652e-05
rule_a_one_step	metastatic::NF1+PIK3CA+TP53	metastatic::MAP2K4+NF1+PIK3CA+TP53	same_stage_one_event	MAP2K4	1	0.1084968728860272	0.0027362276541408243	0.0002968721439785494
rule_a_one_step	metastatic::MAP2K4+PIK3CA+TP53	metastatic::MAP2K4+NF1+PIK3CA+TP53	same_stage_one_event	NF1	1	0.15788886341447173	0.0012769062385990515	0.0002016092746992525
rule_a_one_step	metastatic::PIK3CA+PTEN	metastatic::MAP2K4+PIK3CA+PTEN	same_stage_one_event	MAP2K4	1	0.11412846909981877	0.0009120758847136082	0.0001040938244252269
rule_a_one_step	metastatic::MAP2K4+PTEN	metastatic::MAP2K4+PIK3CA+PTEN	same_stage_one_event	PIK3CA	1	0.37026167602446053	9.120758847136082e-05	3.3770674573555317e-05
rule_a_one_step	metastatic::MAP2K4+PIK3CA	metastatic::MAP2K4+PIK3CA+PTEN	same_stage_one_event	PTEN	1	0.04347946693763272	0.0013681138270704122	5.9484859911026156e-05
rule_a_one_step	metastatic::PIK3CA+RUNX1	metastatic::MAP2K4+PIK3CA+RUNX1	same_stage_one_event	MAP2K4	1	0.09403587785870586	0.0004560379423568041	4.2883928246399975e-05
rule_a_one_step	metastatic::MAP2K4+PIK3CA	metastatic::MAP2K4+PIK3CA+RUNX1	same_stage_one_event	RUNX1	1	0.07840683711958045	0.0013681138270704122	0.00010726947800015566
rule_a_one_step	metastatic::RB1+TP53	metastatic::MAP2K4+RB1+TP53	same_stage_one_event	MAP2K4	1	0.035205098260741065	0.00337468077344035	0.00011880596822760117
rule_a_one_step	metastatic::MAP2K4+TP53	metastatic::MAP2K4+RB1+TP53	same_stage_one_event	RB1	1	0.06487407576330344	0.0006384531192995258	4.141905603275484e-05
rule_a_one_step	metastatic::NF1+PIK3CA+TP53	metastatic::MAP3K1+NF1+PIK3CA+TP53	same_stage_one_event	MAP3K1	1	0.2828922061775671	0.0027362276541408243	0.0007740574776839669
rule_a_one_step	metastatic::MAP3K1+PIK3CA+TP53	metastatic::MAP3K1+NF1+PIK3CA+TP53	same_stage_one_event	NF1	1	0.16229787045892377	0.0020977745348412986	0.00034046433970770214
rule_a_one_step	metastatic::MAP3K1+NF1+PIK3CA	metastatic::MAP3K1+NF1+PIK3CA+TP53	same_stage_one_event	TP53	1	0.05359152944750665	0.00036483035388544326	1.9551816653596004e-05
rule_a_one_step	metastatic::PIK3CA+RB1+TP53	metastatic::MAP3K1+PIK3CA+RB1+TP53	same_stage_one_event	MAP3K1	1	0.23420045746271198	0.001003283473184969	0.0002349694483846983
rule_a_one_step	metastatic::MAP3K1+RB1+TP53	metastatic::MAP3K1+PIK3CA+RB1+TP53	same_stage_one_event	PIK3CA	1	0.4691424713681209	0.00018241517694272163	8.557870692596148e-05
rule_a_one_step	metastatic::MAP3K1+PIK3CA+TP53	metastatic::MAP3K1+PIK3CA+RB1+TP53	same_stage_one_event	RB1	1	0.08586025433172478	0.0020977745348412986	0.00018011545509208956
rule_a_one_step	metastatic::PIK3CA+RUNX1	metastatic::MAP3K1+PIK3CA+RUNX1	same_stage_one_event	MAP3K1	1	0.3036646376269656	0.0004560379423568041	0.00013848259650992595
rule_a_one_step	metastatic::MAP3K1+RUNX1	metastatic::MAP3K1+PIK3CA+RUNX1	same_stage_one_event	PIK3CA	1	0.4734608467966274	9.120758847136082e-05	4.31832220719288e-05
rule_a_one_step	metastatic::MAP3K1+PIK3CA	metastatic::MAP3K1+PIK3CA+RUNX1	same_stage_one_event	RUNX1	1	0.12722837563415354	0.004104341481211237	0.0005221886997023814
rule_a_one_step	metastatic::PTEN+TP53	metastatic::MAP3K1+PTEN+TP53	same_stage_one_event	MAP3K1	1	0.04542595326611795	0.006202116016052536	0.00028173703229624413
rule_a_one_step	metastatic::MAP3K1+TP53	metastatic::MAP3K1+PTEN+TP53	same_stage_one_event	PTEN	1	0.053697412608385564	0.0022801897117840204	0.0001224402877790623
rule_a_one_step	metastatic::MAP3K1+PTEN	metastatic::MAP3K1+PTEN+TP53	same_stage_one_event	TP53	1	0.16976466251367972	9.120758847136082e-05	1.5483825475527154e-05
rule_a_one_step	metastatic::RB1+TP53	metastatic::MAP3K1+RB1+TP53	same_stage_one_event	MAP3K1	1	0.05365882999122689	0.00337468077344035	0.00018108142189669782
rule_a_one_step	metastatic::MAP3K1+TP53	metastatic::MAP3K1+RB1+TP53	same_stage_one_event	RB1	1	0.030387798203478596	0.0022801897117840204	6.928994482734083e-05
rule_a_one_step	metastatic::PIK3CA+PTEN	metastatic::NF1+PIK3CA+PTEN	same_stage_one_event	NF1	1	0.06460506542428501	0.0009120758847136082	5.892472220383529e-05
rule_a_one_step	metastatic::NF1+PIK3CA	metastatic::NF1+PIK3CA+PTEN	same_stage_one_event	PTEN	1	0.030103061690891036	0.0010944910616563297	3.294753194916932e-05
rule_a_one_step	metastatic::RB1+TP53	metastatic::NF1+RB1+TP53	same_stage_one_event	NF1	1	0.08286974610779635	0.00337468077344035	0.0002796589388898636
rule_a_one_step	metastatic::NF1+TP53	metastatic::NF1+RB1+TP53	same_stage_one_event	RB1	1	0.05520112804633039	0.0020977745348412986	0.0001157995207101057
rule_a_one_step	primary::ATM+TP53	primary::AKT1+ATM+TP53	same_stage_one_event	AKT1	1	0.04673966131072934	0.0022801897117840204	0.00010657529485299466
rule_a_one_step	primary::AKT1+TP53	primary::AKT1+ATM+TP53	same_stage_one_event	ATM	1	0.07395648762053353	0.0051988325428675665	0.00038448739459781203
rule_a_one_step	primary::AKT1+ATM	primary::AKT1+ATM+TP53	same_stage_one_event	TP53	1	0.11875802692794558	0.00027362276541408243	3.2494899743144536e-05
rule_a_one_step	primary::CBFB+GATA3+PIK3CA	primary::AKT1+CBFB+GATA3+PIK3CA	same_stage_one_event	AKT1	1	0.05913446442040263	0.0037395111273257936	0.00022113398770854685
rule_a_one_step	primary::AKT1+GATA3+PIK3CA	primary::AKT1+CBFB+GATA3+PIK3CA	same_stage_one_event	CBFB	1	0.7609405138306964	0.00027362276541408243	0.00020821064770996798
rule_a_one_step	primary::AKT1+CBFB+PIK3CA	primary::AKT1+CBFB+GATA3+PIK3CA	same_stage_one_event	GATA3	1	0.07882415831235297	9.120758847136082e-05	7.189361392954484e-06
rule_a_one_step	primary::AKT1+CBFB+GATA3	primary::AKT1+CBFB+GATA3+PIK3CA	same_stage_one_event	PIK3CA	1	0.18883361745743268	0.0009120758847136082	0.00017223058870615896
rule_a_one_step	primary::CBFB+MAP3K1	primary::AKT1+CBFB+MAP3K1	same_stage_one_event	AKT1	1	0.043872976826593336	9.120758847136082e-05	4.001548415413475e-06
rule_a_one_step	primary::AKT1+MAP3K1	primary::AKT1+CBFB+MAP3K1	same_stage_one_event	CBFB	1	0.060896554741165745	0.001003283473184969	6.109650694571536e-05
rule_a_one_step	primary::AKT1+CBFB	primary::AKT1+CBFB+MAP3K1	same_stage_one_event	MAP3K1	1	0.131071818072918	0.0005472455308281649	7.172846665792667e-05
rule_a_one_step	primary::ESR1	primary::AKT1+ESR1	same_stage_one_event	AKT1	1	0.045344119200466534	0.0022801897117840204	0.00010339319409081206
rule_a_one_step	primary::AKT1	primary::AKT1+ESR1	same_stage_one_event	ESR1	1	0.061208390854216595	0.007114191900766144	0.0004354482384739962
rule_a_one_step	primary::GATA3+PTEN	primary::AKT1+GATA3+PTEN	same_stage_one_event	AKT1	1	0.052550879756134115	0.0016417365924844946	8.627470226289803e-05
rule_a_one_step	primary::AKT1+PTEN	primary::AKT1+GATA3+PTEN	same_stage_one_event	GATA3	1	0.10884465453994961	9.120758847136082e-05	9.927458458587159e-06
rule_a_one_step	primary::AKT1+GATA3	primary::AKT1+GATA3+PTEN	same_stage_one_event	PTEN	1	0.012763762376771938	0.002462604888726742	3.1432103627585035e-05
rule_a_one_step	primary::GATA3+RUNX1	primary::AKT1+GATA3+RUNX1	same_stage_one_event	AKT1	1	0.09400699797456856	0.0006384531192995258	6.00190610928475e-05
rule_a_one_step	primary::AKT1+RUNX1	primary::AKT1+GATA3+RUNX1	same_stage_one_event	GATA3	1	0.13225401510363644	0.00027362276541408243	3.618770934977283e-05
rule_a_one_step	primary::AKT1+GATA3	primary::AKT1+GATA3+RUNX1	same_stage_one_event	RUNX1	1	0.0419617495650398	0.002462604888726742	0.00010333520961839426
rule_a_one_step	primary::GATA3+TP53	primary::AKT1+GATA3+TP53	same_stage_one_event	AKT1	1	0.08224904472554236	0.004377964246625319	0.0003600833771275112
rule_a_one_step	primary::AKT1+TP53	primary::AKT1+GATA3+TP53	same_stage_one_event	GATA3	1	0.05411778482795647	0.0051988325428675665	0.0002813493009114847
rule_a_one_step	primary::AKT1+GATA3	primary::AKT1+GATA3+TP53	same_stage_one_event	TP53	1	0.026296743559707788	0.002462604888726742	6.475848924772987e-05
rule_a_one_step	primary::MAP2K4+TP53	primary::AKT1+MAP2K4+TP53	same_stage_one_event	AKT1	1	0.05090590748233479	0.0021889821233126595	0.00011143212144983901
rule_a_one_step	primary::AKT1+TP53	primary::AKT1+MAP2K4+TP53	same_stage_one_event	MAP2K4	1	0.05641631934225527	0.0051988325428675665	0.00029329899694532566
rule_a_one_step	primary::AKT1+MAP2K4	primary::AKT1+MAP2K4+TP53	same_stage_one_event	TP53	1	0.12427520490489045	0.0007296607077708865	9.067873396927432e-05
rule_a_one_step	primary::NF1	primary::AKT1+NF1	same_stage_one_event	AKT1	1	0.025703370667152097	0.002553812477198103	6.564158871582075e-05
rule_a_one_step	primary::AKT1	primary::AKT1+NF1	same_stage_one_event	NF1	1	0.05410168045554247	0.007114191900766144	0.0003848897369146582
rule_a_one_step	primary::PTEN+TP53	primary::AKT1+PTEN+TP53	same_stage_one_event	AKT1	1	0.025663819190957525	0.0077526450200656695	0.0001989624800466426
rule_a_one_step	primary::AKT1+TP53	primary::AKT1+PTEN+TP53	same_stage_one_event	PTEN	1	0.03446094288918377	0.0051988325428675665	0.00017915667135018923
rule_a_one_step	primary::AKT1+PTEN	primary::AKT1+PTEN+TP53	same_stage_one_event	TP53	1	0.28403748308580423	9.120758847136082e-05	2.5906373867731142e-05
rule_a_one_step	primary::RB1	primary::AKT1+RB1	same_stage_one_event	AKT1	1	0.03111580291425399	0.0016417365924844946	5.1083952248866455e-05
rule_a_one_step	primary::AKT1	primary::AKT1+RB1	same_stage_one_event	RB1	1	0.025255149548072967	0.007114191900766144	0.00017966998036753843
rule_a_one_step	primary::RUNX1+TP53	primary::AKT1+RUNX1+TP53	same_stage_one_event	AKT1	1	0.04827538069119044	0.0023713973002553812	0.00011448010743988976
rule_a_one_step	primary::AKT1+TP53	primary::AKT1+RUNX1+TP53	same_stage_one_event	RUNX1	1	0.07564959597863942	0.0051988325428675665	0.000393289581428534
rule_a_one_step	primary::AKT1+RUNX1	primary::AKT1+RUNX1+TP53	same_stage_one_event	TP53	1	0.23480631294147342	0.00027362276541408243	6.42483526837304e-05
rule_a_one_step	primary::BRCA2+PIK3CA+TP53	primary::ATM+BRCA2+PIK3CA+TP53	same_stage_one_event	ATM	1	0.13236673224294215	0.0011856986501276906	0.00015694705574226999
rule_a_one_step	primary::ATM+PIK3CA+TP53	primary::ATM+BRCA2+PIK3CA+TP53	same_stage_one_event	BRCA2	1	0.05620147794455011	0.0011856986501276906	6.663801653403424e-05
rule_a_one_step	primary::ATM+BRCA2+TP53	primary::ATM+BRCA2+PIK3CA+TP53	same_stage_one_event	PIK3CA	1	0.40781253765544323	0.00036483035388544326	0.000148782392431756
rule_a_one_step	primary::ATM+BRCA2+PIK3CA	primary::ATM+BRCA2+PIK3CA+TP53	same_stage_one_event	TP53	1	0.011571136733295585	9.120758847136082e-05	1.05537547731627e-06
rule_a_one_step	primary::MAP2K4	primary::ATM+MAP2K4	same_stage_one_event	ATM	1	0.02165786986859778	0.0031922655964976288	6.913767287494731e-05
rule_a_one_step	primary::ATM	primary::ATM+MAP2K4	same_stage_one_event	MAP2K4	1	0.02246853552495815	0.0021889821233126595	4.918322260114881e-05
rule_a_one_step	primary::NF1+PIK3CA+TP53	primary::ATM+NF1+PIK3CA+TP53	same_stage_one_event	ATM	1	0.0741093715250908	0.0028274352426121852	0.00020953944885788168
rule_a_one_step	primary::ATM+PIK3CA+TP53	primary::ATM+NF1+PIK3CA+TP53	same_stage_one_event	NF1	1	0.17231967719388322	0.0011856986501276906	0.00020431920863922672
rule_a_one_step	primary::ATM+NF1+TP53	primary::ATM+NF1+PIK3CA+TP53	same_stage_one_event	PIK3CA	1	0.5543488156439202	9.120758847136082e-05	5.056081864683694e-05
rule_a_one_step	primary::ATM+NF1+PIK3CA	primary::ATM+NF1+PIK3CA+TP53	same_stage_one_event	TP53	1	0.04104121912898415	9.120758847136082e-05	3.7432706246793276e-06
rule_a_one_step	primary::PIK3CA+PTEN	primary::ATM+PIK3CA+PTEN	same_stage_one_event	ATM	1	0.04210476675567175	0.0037395111273257936	0.00015745124379629166
rule_a_one_step	primary::ATM+PTEN	primary::ATM+PIK3CA+PTEN	same_stage_one_event	PIK3CA	1	0.3222425707019153	0.00018241517694272163	5.878193555306737e-05
rule_a_one_step	primary::ATM+PIK3CA	primary::ATM+PIK3CA+PTEN	same_stage_one_event	PTEN	1	0.03223975844478013	0.0018241517694272164	5.881021241295172e-05
rule_a_one_step	primary::PTEN	primary::ATM+PTEN	same_stage_one_event	ATM	1	0.015424600718097602	0.007114191900766144	0.0001097335695012416
rule_a_one_step	primary::ATM	primary::ATM+PTEN	same_stage_one_event	PTEN	1	0.05730965286936952	0.0021889821233126595	0.00012544980562430395
rule_a_one_step	primary::BRCA2	primary::BRCA1+BRCA2	same_stage_one_event	BRCA1	1	0.021404830362914292	0.00337468077344035	7.22344694844791e-05
rule_a_one_step	primary::BRCA1	primary::BRCA1+BRCA2	same_stage_one_event	BRCA2	1	0.03423137343405717	0.001550529004013134	5.3076737356710315e-05
rule_a_one_step	primary::CBFB+GATA3+PIK3CA	primary::BRCA1+CBFB+GATA3+PIK3CA	same_stage_one_event	BRCA1	1	0.024690401119221824	0.0037395111273257936	9.233002972346724e-05
rule_a_one_step	primary::BRCA1+GATA3+PIK3CA	primary::BRCA1+CBFB+GATA3+PIK3CA	same_stage_one_event	CBFB	1	0.5345484696590368	9.120758847136082e-05	4.875487683865713e-05
rule_a_one_step	primary::BRCA1+NF1+TP53	primary::BRCA1+MAP3K1+NF1+TP53	same_stage_one_event	MAP3K1	1	0.05297459842254265	0.00027362276541408243	1.4495056117076609e-05
rule_a_one_step	primary::MAP3K1+PIK3CA	primary::BRCA1+MAP3K1+PIK3CA	same_stage_one_event	BRCA1	1	0.028539167807751974	0.014410798978475008	0.000411272210290479
rule_a_one_step	primary::BRCA1+PIK3CA	primary::BRCA1+MAP3K1+PIK3CA	same_stage_one_event	MAP3K1	1	0.2574211503626912	0.0009120758847136082	0.00023478762346104633
rule_a_one_step	primary::BRCA1+MAP3K1	primary::BRCA1+MAP3K1+PIK3CA	same_stage_one_event	PIK3CA	1	0.33858433457363035	0.00036483035388544326	0.00012352584260256488
rule_a_one_step	primary::NF1	primary::BRCA1+NF1	same_stage_one_event	BRCA1	1	0.011151352130710116	0.002553812477198103	2.8478462209037145e-05
rule_a_one_step	primary::BRCA1	primary::BRCA1+NF1	same_stage_one_event	NF1	1	0.02816690143421302	0.001550529004013134	4.367359762692643e-05
rule_a_one_step	primary::MAP3K1	primary::BRCA2+MAP3K1	same_stage_one_event	BRCA2	1	0.025110827539321284	0.00556366289675301	0.00013970817948728552
rule_a_one_step	primary::BRCA2	primary::BRCA2+MAP3K1	same_stage_one_event	MAP3K1	1	0.06080676078067912	0.00337468077344035	0.00020520340650174456
rule_a_one_step	primary::MAP3K1+PIK3CA+TP53	primary::BRCA2+MAP3K1+PIK3CA+TP53	same_stage_one_event	BRCA2	1	0.08039249882666803	0.002918642831083546	0.00023463699037334703
rule_a_one_step	primary::BRCA2+PIK3CA+TP53	primary::BRCA2+MAP3K1+PIK3CA+TP53	same_stage_one_event	MAP3K1	1	0.2318248892672386	0.0011856986501276906	0.00027487445827016616
rule_a_one_step	primary::BRCA2+MAP3K1+TP53	primary::BRCA2+MAP3K1+PIK3CA+TP53	same_stage_one_event	PIK3CA	1	0.574014665607128	9.120758847136082e-05	5.235449339722072e-05
rule_a_one_step	primary::BRCA2+MAP3K1+PIK3CA	primary::BRCA2+MAP3K1+PIK3CA+TP53	same_stage_one_event	TP53	1	0.014298019218016695	9.120758847136082e-05	1.3040878527924748e-06
rule_a_one_step	primary::NF1+PIK3CA	primary::BRCA2+NF1+PIK3CA	same_stage_one_event	BRCA2	1	0.0267214069683447	0.0017329441809558555	4.630670671274619e-05
rule_a_one_step	primary::BRCA2+PIK3CA	primary::BRCA2+NF1+PIK3CA	same_stage_one_event	NF1	1	0.08056739889614674	0.0019153593578985773	0.00015431552141728216
rule_a_one_step	primary::BRCA2+NF1	primary::BRCA2+NF1+PIK3CA	same_stage_one_event	PIK3CA	1	0.38213202784580463	9.120758847136082e-05	3.485334073748674e-05
rule_a_one_step	primary::NF1+PIK3CA+TP53	primary::BRCA2+NF1+PIK3CA+TP53	same_stage_one_event	BRCA2	1	0.061789536272571104	0.0028274352426121852	0.0001747059124817315
rule_a_one_step	primary::BRCA2+PIK3CA+TP53	primary::BRCA2+NF1+PIK3CA+TP53	same_stage_one_event	NF1	1	0.1688144359965178	0.0011856986501276906	0.00020016304888313859
rule_a_one_step	primary::BRCA2+NF1+TP53	primary::BRCA2+NF1+PIK3CA+TP53	same_stage_one_event	PIK3CA	1	0.5482408828320202	0.00036483035388544326	0.00020001491529807378
rule_a_one_step	primary::BRCA2+NF1+PIK3CA	primary::BRCA2+NF1+PIK3CA+TP53	same_stage_one_event	TP53	1	0.03480461860240395	0.00018241517694272163	6.348890660781457e-06
rule_a_one_step	primary::RUNX1+TP53	primary::BRCA2+RUNX1+TP53	same_stage_one_event	BRCA2	1	0.06248318753054719	0.0023713973002553812	0.0001481724622212903
rule_a_one_step	primary::BRCA2+TP53	primary::BRCA2+RUNX1+TP53	same_stage_one_event	RUNX1	1	0.03379484117605811	0.00446917183509668	0.00015103495235560448
rule_a_one_step	primary::BRCA2+RUNX1	primary::BRCA2+RUNX1+TP53	same_stage_one_event	TP53	1	0.1622406038466844	9.120758847136082e-05	1.479757422899347e-05
rule_a_one_step	primary::ESR1+GATA3	primary::CBFB+ESR1+GATA3	same_stage_one_event	CBFB	1	0.07296017803970643	0.0008208682962422473	5.9890697040984845e-05
rule_a_one_step	primary::CBFB+GATA3	primary::CBFB+ESR1+GATA3	same_stage_one_event	ESR1	1	0.13825406852740973	0.003283473184968989	0.00045395352672261496
rule_a_one_step	primary::CBFB+ESR1	primary::CBFB+ESR1+GATA3	same_stage_one_event	GATA3	1	0.22005059932405718	9.120758847136082e-05	2.0070284506024916e-05
rule_a_one_step	primary::GATA3+NF1+PIK3CA	primary::CBFB+GATA3+NF1+PIK3CA	same_stage_one_event	CBFB	1	0.5830391045868594	0.00018241517694272163	0.00010635518142773794
rule_a_one_step	primary::CBFB+GATA3+PIK3CA	primary::CBFB+GATA3+NF1+PIK3CA	same_stage_one_event	NF1	1	0.04359878955875318	0.0037395111273257936	0.00016303815869289314
rule_a_one_step	primary::MAP2K4+PIK3CA+TP53	primary::CBFB+MAP2K4+PIK3CA+TP53	same_stage_one_event	CBFB	1	0.06579585174167624	0.0012769062385990515	8.401513356288466e-05
rule_a_one_step	primary::CBFB+PIK3CA+TP53	primary::CBFB+MAP2K4+PIK3CA+TP53	same_stage_one_event	MAP2K4	1	0.10591159320860125	0.0004560379423568041	4.8299705038581376e-05
rule_a_one_step	primary::CBFB+MAP2K4+PIK3CA	primary::CBFB+MAP2K4+PIK3CA+TP53	same_stage_one_event	TP53	1	0.023816573396746577	0.00027362276541408243	6.516756675505265e-06
rule_a_one_step	primary::PTEN	primary::CBFB+PTEN	same_stage_one_event	CBFB	1	0.006034379472164494	0.007114191900766144	4.292973356702212e-05
rule_a_one_step	primary::CBFB	primary::CBFB+PTEN	same_stage_one_event	PTEN	1	0.05644971682346681	0.0007296607077708865	4.118914033087691e-05
rule_a_one_step	primary::GATA3+PIK3CA	primary::ESR1+GATA3+PIK3CA	same_stage_one_event	ESR1	1	0.06282256223092646	0.010488872674206494	0.0006589378563076015
rule_a_one_step	primary::ESR1+PIK3CA	primary::ESR1+GATA3+PIK3CA	same_stage_one_event	GATA3	1	0.16622790858183098	0.0008208682962422473	0.00013645122010547963
rule_a_one_step	primary::ESR1+GATA3	primary::ESR1+GATA3+PIK3CA	same_stage_one_event	PIK3CA	1	0.5072158483022202	0.0008208682962422473	0.0004163574092229097
rule_a_one_step	primary::GATA3+TP53	primary::ESR1+GATA3+TP53	same_stage_one_event	ESR1	1	0.0518477829559976	0.004377964246625319	0.00022698774004814709
rule_a_one_step	primary::ESR1+TP53	primary::ESR1+GATA3+TP53	same_stage_one_event	GATA3	1	0.0713863109405456	0.0010944910616563297	7.813167924904662e-05
rule_a_one_step	primary::ESR1+GATA3	primary::ESR1+GATA3+TP53	same_stage_one_event	TP53	1	0.016378583367489884	0.0008208682962422473	1.344465982373303e-05
rule_a_one_step	primary::MAP3K1+TP53	primary::ESR1+MAP3K1+TP53	same_stage_one_event	ESR1	1	0.02199738983770536	0.003465888361911711	7.624049743093794e-05
rule_a_one_step	primary::ESR1+TP53	primary::ESR1+MAP3K1+TP53	same_stage_one_event	MAP3K1	1	0.049796182540853044	0.0010944910616563297	5.4501476695570636e-05
rule_a_one_step	primary::NF1+PIK3CA+TP53	primary::ESR1+NF1+PIK3CA+TP53	same_stage_one_event	ESR1	1	0.02802685462351369	0.0028274352426121852	7.924411650209087e-05
rule_a_one_step	primary::ESR1+PIK3CA+TP53	primary::ESR1+NF1+PIK3CA+TP53	same_stage_one_event	NF1	1	0.07423273031236534	0.0004560379423568041	3.385294158717865e-05
rule_a_one_step	primary::PIK3CA+PTEN	primary::ESR1+PIK3CA+PTEN	same_stage_one_event	ESR1	1	0.04049132178318344	0.0037395111273257936	0.00015141774836834377
rule_a_one_step	primary::ESR1+PIK3CA	primary::ESR1+PIK3CA+PTEN	same_stage_one_event	PTEN	1	0.02383070119856233	0.0008208682962422473	1.956186709112194e-05
rule_a_one_step	primary::NF1+PIK3CA	primary::GATA3+NF1+PIK3CA	same_stage_one_event	GATA3	1	0.12871949701540647	0.0017329441809558555	0.00022306370332841324
rule_a_one_step	primary::GATA3+PIK3CA	primary::GATA3+NF1+PIK3CA	same_stage_one_event	NF1	1	0.0174392941741148	0.010488872674206494	0.00018291853612032125
rule_a_one_step	primary::GATA3+NF1	primary::GATA3+NF1+PIK3CA	same_stage_one_event	PIK3CA	1	0.4722816661654377	0.0007296607077708865	0.00034460537480148683
rule_a_one_step	primary::NF1+TP53	primary::GATA3+NF1+TP53	same_stage_one_event	GATA3	1	0.05616702235140509	0.005381247719810288	0.00030224866095703213
rule_a_one_step	primary::GATA3+TP53	primary::GATA3+NF1+TP53	same_stage_one_event	NF1	1	0.03547675420336634	0.004377964246625319	0.0001553159614886523
rule_a_one_step	primary::GATA3+NF1	primary::GATA3+NF1+TP53	same_stage_one_event	TP53	1	0.06260438147295641	0.0007296607077708865	4.567995729511595e-05
rule_a_one_step	primary::PIK3CA+RUNX1+TP53	primary::GATA3+PIK3CA+RUNX1+TP53	same_stage_one_event	GATA3	1	0.050852609661828814	0.001459321415541773	7.421030231569327e-05
rule_a_one_step	primary::GATA3+PIK3CA+TP53	primary::GATA3+PIK3CA+RUNX1+TP53	same_stage_one_event	RUNX1	1	0.10625876059232107	0.0019153593578985773	0.00020352371145920673
rule_a_one_step	primary::GATA3+PIK3CA+RUNX1	primary::GATA3+PIK3CA+RUNX1+TP53	same_stage_one_event	TP53	1	0.00455783016173398	0.0007296607077708865	3.3256695817103103e-06
rule_a_one_step	primary::PTEN+TP53	primary::GATA3+PTEN+TP53	same_stage_one_event	GATA3	1	0.05384821564755407	0.0077526450200656695	0.0004174661008794323
rule_a_one_step	primary::GATA3+TP53	primary::GATA3+PTEN+TP53	same_stage_one_event	PTEN	1	0.02664605226093756	0.004377964246625319	0.00011665546411209438
rule_a_one_step	primary::GATA3+PTEN	primary::GATA3+PTEN+TP53	same_stage_one_event	TP53	1	0.07298364381558041	0.0016417365924844946	0.00011981991870489304
rule_a_one_step	primary::NF1	primary::MAP2K4+NF1	same_stage_one_event	MAP2K4	1	0.013910189809424912	0.002553812477198103	3.5524016295503244e-05
rule_a_one_step	primary::MAP2K4	primary::MAP2K4+NF1	same_stage_one_event	NF1	1	0.02623722156936176	0.0031922655964976288	8.375617976355908e-05
rule_a_one_step	primary::NF1+PIK3CA+TP53	primary::MAP2K4+NF1+PIK3CA+TP53	same_stage_one_event	MAP2K4	1	0.1084968728860272	0.0028274352426121852	0.00030676788211116775
rule_a_one_step	primary::MAP2K4+PIK3CA+TP53	primary::MAP2K4+NF1+PIK3CA+TP53	same_stage_one_event	NF1	1	0.15788886341447173	0.0012769062385990515	0.0002016092746992525
rule_a_one_step	primary::MAP2K4+NF1+TP53	primary::MAP2K4+NF1+PIK3CA+TP53	same_stage_one_event	PIK3CA	1	0.5921457029083249	9.120758847136082e-05	5.400818158594718e-05
rule_a_one_step	primary::MAP2K4+NF1+PIK3CA	primary::MAP2K4+NF1+PIK3CA+TP53	same_stage_one_event	TP53	1	0.050557527301498435	0.00027362276541408243	1.3833690432733975e-05
rule_a_one_step	primary::PIK3CA+PTEN+TP53	primary::MAP2K4+PIK3CA+PTEN+TP53	same_stage_one_event	MAP2K4	1	0.12129577570877574	0.0028274352426121852	0.0003429559510189755
rule_a_one_step	primary::MAP2K4+PTEN+TP53	primary::MAP2K4+PIK3CA+PTEN+TP53	same_stage_one_event	PIK3CA	1	0.5157538691240372	0.0004560379423568041	0.00023520333323788636
rule_a_one_step	primary::MAP2K4+PIK3CA+TP53	primary::MAP2K4+PIK3CA+PTEN+TP53	same_stage_one_event	PTEN	1	0.040284982930141204	0.0012769062385990515	5.14401460253536e-05
rule_a_one_step	primary::MAP2K4+PIK3CA+PTEN	primary::MAP2K4+PIK3CA+PTEN+TP53	same_stage_one_event	TP53	1	0.049514745901821304	9.120758847136082e-05	4.516120567477317e-06
rule_a_one_step	primary::PIK3CA+RUNX1	primary::MAP2K4+PIK3CA+RUNX1	same_stage_one_event	MAP2K4	1	0.09403587785870586	0.002462604888726742	0.00023157321253055986
rule_a_one_step	primary::MAP2K4+RUNX1	primary::MAP2K4+PIK3CA+RUNX1	same_stage_one_event	PIK3CA	1	0.3375377057621641	9.120758847136082e-05	3.078600016072273e-05
rule_a_one_step	primary::MAP2K4+PIK3CA	primary::MAP2K4+PIK3CA+RUNX1	same_stage_one_event	RUNX1	1	0.07840683711958045	0.004651587012039402	0.0003647162252005293
rule_a_one_step	primary::PIK3CA+PTEN+TP53	primary::MAP3K1+PIK3CA+PTEN+TP53	same_stage_one_event	MAP3K1	1	0.22112136332968868	0.0028274352426121852	0.0006252063355728155
rule_a_one_step	primary::MAP3K1+PTEN+TP53	primary::MAP3K1+PIK3CA+PTEN+TP53	same_stage_one_event	PIK3CA	1	0.6481704352215758	0.00036483035388544326	0.00023647224925996927
rule_a_one_step	primary::MAP3K1+PIK3CA+TP53	primary::MAP3K1+PIK3CA+PTEN+TP53	same_stage_one_event	PTEN	1	0.04437520370664931	0.002918642831083546	0.00012951537017628402
rule_a_one_step	primary::MAP3K1+PIK3CA+PTEN	primary::MAP3K1+PIK3CA+PTEN+TP53	same_stage_one_event	TP53	1	0.05146729951726702	0.0007296607077708865	3.755366619282526e-05
rule_a_one_step	primary::PIK3CA+RB1+TP53	primary::MAP3K1+PIK3CA+RB1+TP53	same_stage_one_event	MAP3K1	1	0.23420045746271198	0.0007296607077708865	0.00017088687155250782
rule_a_one_step	primary::MAP3K1+RB1+TP53	primary::MAP3K1+PIK3CA+RB1+TP53	same_stage_one_event	PIK3CA	1	0.4691424713681209	0.00018241517694272163	8.557870692596148e-05
rule_a_one_step	primary::MAP3K1+PIK3CA+TP53	primary::MAP3K1+PIK3CA+RB1+TP53	same_stage_one_event	RB1	1	0.08586025433172478	0.002918642831083546	0.00025059541578029853
rule_a_one_step	primary::MAP3K1+PIK3CA+RB1	primary::MAP3K1+PIK3CA+RB1+TP53	same_stage_one_event	TP53	1	0.0535276837855871	9.120758847136082e-05	4.8821309545409615e-06
rule_a_one_step	primary::RB1+TP53	primary::MAP3K1+RB1+TP53	same_stage_one_event	MAP3K1	1	0.05365882999122689	0.007114191900766144	0.0003817392137281738
rule_a_one_step	primary::MAP3K1+TP53	primary::MAP3K1+RB1+TP53	same_stage_one_event	RB1	1	0.030387798203478596	0.003465888361911711	0.00010532071613755807
rule_a_one_step	primary::PIK3CA+PTEN+TP53	primary::NF1+PIK3CA+PTEN+TP53	same_stage_one_event	NF1	1	0.14724779595496762	0.0028274352426121852	0.0004163336076800434
rule_a_one_step	primary::NF1+PTEN+TP53	primary::NF1+PIK3CA+PTEN+TP53	same_stage_one_event	PIK3CA	1	0.6061035285725853	0.0004560379423568041	0.00027640620602544023
rule_a_one_step	primary::NF1+PIK3CA+TP53	primary::NF1+PIK3CA+PTEN+TP53	same_stage_one_event	PTEN	1	0.03427069184333755	0.0028274352426121852	9.689816190655455e-05
rule_a_one_step	primary::NF1+PIK3CA+PTEN	primary::NF1+PIK3CA+PTEN+TP53	same_stage_one_event	TP53	1	0.11066269319663019	9.120758847136082e-05	1.0093277380210707e-05
rule_a_one_step	primary::PTEN	primary::NF1+PTEN	same_stage_one_event	NF1	1	0.02294466086371384	0.007114191900766144	0.0001632327204824589
rule_a_one_step	primary::NF1	primary::NF1+PTEN	same_stage_one_event	PTEN	1	0.03687399718519731	0.002553812477198103	9.416927409572462e-05
rule_a_one_step	primary::RB1	primary::NF1+RB1	same_stage_one_event	NF1	1	0.017529719907933936	0.0016417365924844946	2.8779182628859067e-05
rule_a_one_step	primary::NF1	primary::NF1+RB1	same_stage_one_event	RB1	1	0.010981685439620742	0.002553812477198103	2.8045165296368186e-05
rule_a_one_step	primary::RB1+TP53	primary::NF1+RB1+TP53	same_stage_one_event	NF1	1	0.08286974610779635	0.007114191900766144	0.0005895512765786314
rule_a_one_step	primary::NF1+TP53	primary::NF1+RB1+TP53	same_stage_one_event	RB1	1	0.05520112804633039	0.005381247719810288	0.00029705094443027117
rule_a_one_step	primary::NF1+RB1	primary::NF1+RB1+TP53	same_stage_one_event	TP53	1	0.5175005375274083	0.00018241517694272163	9.439995212101574e-05
rule_a_one_step	primary::PTEN+RB1+TP53	primary::PIK3CA+PTEN+RB1+TP53	same_stage_one_event	PIK3CA	1	0.37611174399808117	0.0010944910616563297	0.0004116509419898736
rule_a_one_step	primary::PIK3CA+RB1+TP53	primary::PIK3CA+PTEN+RB1+TP53	same_stage_one_event	PTEN	1	0.036763103394895275	0.0007296607077708865	2.6824592042973568e-05
rule_a_one_step	primary::PIK3CA+PTEN+TP53	primary::PIK3CA+PTEN+RB1+TP53	same_stage_one_event	RB1	1	0.13632719896900858	0.0028274352426121852	0.0003854563268915784
rule_a_one_step	primary::RUNX1	primary::PTEN+RUNX1	same_stage_one_event	PTEN	1	0.0474246324350581	0.0016417365924844946	7.785875445376193e-05
rule_a_one_step	primary::PTEN	primary::PTEN+RUNX1	same_stage_one_event	RUNX1	1	0.008794002966909633	0.007114191900766144	6.256222468250195e-05
rule_a_one_step	primary::RUNX1+TP53	primary::PTEN+RUNX1+TP53	same_stage_one_event	PTEN	1	0.0674075945986475	0.0023713973002553812	0.00015985018784794188
rule_a_one_step	primary::PTEN+TP53	primary::PTEN+RUNX1+TP53	same_stage_one_event	RUNX1	1	0.027342204274139647	0.0077526450200656695	0.000211974403803527
rule_a_one_step	primary::PTEN+RUNX1	primary::PTEN+RUNX1+TP53	same_stage_one_event	TP53	1	0.39549433812400875	0.00018241517694272163	7.214416966873564e-05
rule_a_one_step	unknown::TP53	unknown::ATM+TP53	same_stage_one_event	ATM	1	0.03753275794870049	0.003009850419554907	0.00011296798725894895
rule_a_one_step	unknown::PIK3CA	unknown::BRCA2+PIK3CA	same_stage_one_event	BRCA2	1	0.0263440469783095	0.0010944910616563297	2.883332394561419e-05
rule_a_one_step	unknown::BRCA2	unknown::BRCA2+PIK3CA	same_stage_one_event	PIK3CA	1	0.2827534710884073	9.120758847136082e-05	2.5789262229880273e-05
rule_a_one_step	unknown::TP53	unknown::GATA3+TP53	same_stage_one_event	GATA3	1	0.06481740612205335	0.003009850419554907	0.00019509069701092308
rule_a_one_step	unknown::GATA3	unknown::GATA3+TP53	same_stage_one_event	TP53	1	0.07393010853540449	0.0005472455308281649	4.0457921489641275e-05
rule_a_one_step	unknown::TP53	unknown::RUNX1+TP53	same_stage_one_event	RUNX1	1	0.02783956663319629	0.003009850419554907	8.379293131115264e-05
rule_a_one_step	metastatic::ATM+ESR1	metastatic::AKT1+ATM+ESR1	same_stage_one_event	AKT1	1	0.05129514568432117	0.0007296607077708865	3.742805230523252e-05
rule_a_one_step	metastatic::AKT1+ESR1	metastatic::AKT1+ATM+ESR1	same_stage_one_event	ATM	1	0.05799508360801083	0.0005472455308281649	3.173755031448969e-05
rule_a_one_step	metastatic::AKT1+ATM	metastatic::AKT1+ATM+ESR1	same_stage_one_event	ESR1	1	0.07864765816648249	0.00018241517694272163	1.4346526480569589e-05
rule_a_one_step	metastatic::ATM+GATA3	metastatic::AKT1+ATM+GATA3	same_stage_one_event	AKT1	1	0.10317704866076288	0.0007296607077708865	7.528423835152345e-05
rule_a_one_step	metastatic::AKT1+GATA3	metastatic::AKT1+ATM+GATA3	same_stage_one_event	ATM	1	0.06333249823938959	0.0011856986501276906	7.509325767165858e-05
rule_a_one_step	metastatic::AKT1+ATM	metastatic::AKT1+ATM+GATA3	same_stage_one_event	GATA3	1	0.1612720963920478	0.00018241517694272163	2.9418477999279056e-05
rule_a_one_step	metastatic::ATM+MAP3K1	metastatic::AKT1+ATM+MAP3K1	same_stage_one_event	AKT1	1	0.0444067023341176	9.120758847136082e-05	4.050228231860416e-06
rule_a_one_step	metastatic::AKT1+MAP3K1	metastatic::AKT1+ATM+MAP3K1	same_stage_one_event	ATM	1	0.05206167197561685	0.0004560379423568041	2.37420977634152e-05
rule_a_one_step	metastatic::AKT1+ATM	metastatic::AKT1+ATM+MAP3K1	same_stage_one_event	MAP3K1	1	0.12949916339656298	0.00018241517694272163	2.3622612804918455e-05
rule_a_one_step	metastatic::ATM+MAP3K1+PIK3CA	metastatic::AKT1+ATM+MAP3K1+PIK3CA	same_stage_one_event	AKT1	1	0.03787988598663404	0.0004560379423568041	1.7274665262054925e-05
rule_a_one_step	metastatic::AKT1+ATM+MAP3K1	metastatic::AKT1+ATM+MAP3K1+PIK3CA	same_stage_one_event	PIK3CA	1	0.23532954924318192	9.120758847136082e-05	2.1463840682522976e-05
rule_a_one_step	metastatic::ATM+NF1	metastatic::AKT1+ATM+NF1	same_stage_one_event	AKT1	1	0.03771415878214963	9.120758847136082e-05	3.4398174737458615e-06
rule_a_one_step	metastatic::AKT1+NF1	metastatic::AKT1+ATM+NF1	same_stage_one_event	ATM	1	0.03661829378414801	0.00036483035388544326	1.3359465079951844e-05
rule_a_one_step	metastatic::AKT1+ATM	metastatic::AKT1+ATM+NF1	same_stage_one_event	NF1	1	0.10699192708662172	0.00018241517694272163	1.9516951310948874e-05
rule_a_one_step	metastatic::ATM+PIK3CA+TP53	metastatic::AKT1+ATM+PIK3CA+TP53	same_stage_one_event	AKT1	1	0.02145908540512906	0.0005472455308281649	1.1743388583616779e-05
rule_a_one_step	metastatic::AKT1+PIK3CA+TP53	metastatic::AKT1+ATM+PIK3CA+TP53	same_stage_one_event	ATM	1	0.06698744637460238	0.00027362276541408243	1.8329290325046254e-05
rule_a_one_step	metastatic::AKT1+ATM+TP53	metastatic::AKT1+ATM+PIK3CA+TP53	same_stage_one_event	PIK3CA	1	0.14102067584764114	9.120758847136082e-05	1.2862155768664824e-05
rule_a_one_step	metastatic::ATM+TP53	metastatic::AKT1+ATM+TP53	same_stage_one_event	AKT1	1	0.04673966131072934	0.0019153593578985773	8.952324767651552e-05
rule_a_one_step	metastatic::AKT1+TP53	metastatic::AKT1+ATM+TP53	same_stage_one_event	ATM	1	0.07395648762053353	0.003465888361911711	0.0002563249297318747
rule_a_one_step	metastatic::AKT1+ATM	metastatic::AKT1+ATM+TP53	same_stage_one_event	TP53	1	0.11875802692794558	0.00018241517694272163	2.1663266495429693e-05
rule_a_one_step	metastatic::BRCA1	metastatic::AKT1+BRCA1	same_stage_one_event	AKT1	1	0.029779464258985186	0.0009120758847136082	2.7161131210311187e-05
rule_a_one_step	metastatic::AKT1	metastatic::AKT1+BRCA1	same_stage_one_event	BRCA1	1	0.025446436686006237	0.0038307187157971545	9.747814126343142e-05
rule_a_one_step	metastatic::BRCA1+ESR1+PIK3CA	metastatic::AKT1+BRCA1+ESR1+PIK3CA	same_stage_one_event	AKT1	1	0.021845812435279992	9.120758847136082e-05	1.9925038704195543e-06
rule_a_one_step	metastatic::AKT1+ESR1+PIK3CA	metastatic::AKT1+BRCA1+ESR1+PIK3CA	same_stage_one_event	BRCA1	1	0.01670798453559374	0.00018241517694272163	3.047789955416589e-06
rule_a_one_step	metastatic::AKT1+BRCA1+PIK3CA	metastatic::AKT1+BRCA1+ESR1+PIK3CA	same_stage_one_event	ESR1	1	0.03193179833912721	9.120758847136082e-05	2.9124223220655973e-06
rule_a_one_step	metastatic::BRCA1+PIK3CA	metastatic::AKT1+BRCA1+PIK3CA	same_stage_one_event	AKT1	1	0.018992069365367348	0.00036483035388544326	6.928883387583855e-06
rule_a_one_step	metastatic::AKT1+PIK3CA	metastatic::AKT1+BRCA1+PIK3CA	same_stage_one_event	BRCA1	1	0.013698271795289856	0.0004560379423568041	6.246931683368231e-06
rule_a_one_step	metastatic::AKT1+BRCA1	metastatic::AKT1+BRCA1+PIK3CA	same_stage_one_event	PIK3CA	1	0.05871594161299742	9.120758847136082e-05	5.355339439346718e-06
rule_a_one_step	metastatic::AKT1+RUNX1	metastatic::AKT1+BRCA1+RUNX1	same_stage_one_event	BRCA1	1	0.029550751920953865	0.00018241517694272163	5.390505640451271e-06
rule_a_one_step	metastatic::AKT1+BRCA1	metastatic::AKT1+BRCA1+RUNX1	same_stage_one_event	RUNX1	1	0.06017608903828084	9.120758847136082e-05	5.488515964819486e-06
rule_a_one_step	metastatic::AKT1+ESR1+GATA3	metastatic::AKT1+BRCA2+ESR1+GATA3	same_stage_one_event	BRCA2	1	0.04763578340982497	0.00036483035388544326	1.737897971901677e-05
rule_a_one_step	metastatic::BRCA2+ESR1+RB1	metastatic::AKT1+BRCA2+ESR1+RB1	same_stage_one_event	AKT1	1	0.06463980277147739	9.120758847136082e-05	5.895640530050838e-06
rule_a_one_step	metastatic::AKT1+ESR1+RB1	metastatic::AKT1+BRCA2+ESR1+RB1	same_stage_one_event	BRCA2	1	0.07582374272494323	9.120758847136082e-05	6.9157007228149605e-06
rule_a_one_step	metastatic::BRCA2+PIK3CA	metastatic::AKT1+BRCA2+PIK3CA	same_stage_one_event	AKT1	1	0.019226555908908944	0.0011856986501276906	2.279690138779791e-05
rule_a_one_step	metastatic::AKT1+PIK3CA	metastatic::AKT1+BRCA2+PIK3CA	same_stage_one_event	BRCA2	1	0.021382007224203366	0.0004560379423568041	9.751006577984023e-06
rule_a_one_step	metastatic::AKT1+PTEN+TP53	metastatic::AKT1+BRCA2+PTEN+TP53	same_stage_one_event	BRCA2	1	0.09178298549002857	9.120758847136082e-05	8.371304769247406e-06
rule_a_one_step	metastatic::AKT1+BRCA2+TP53	metastatic::AKT1+BRCA2+PTEN+TP53	same_stage_one_event	PTEN	1	0.03469796081427222	0.00018241517694272163	6.329434661487088e-06
rule_a_one_step	metastatic::CBFB+ESR1	metastatic::AKT1+CBFB+ESR1	same_stage_one_event	AKT1	1	0.050470306052166715	9.120758847136082e-05	4.603274904429653e-06
rule_a_one_step	metastatic::AKT1+ESR1	metastatic::AKT1+CBFB+ESR1	same_stage_one_event	CBFB	1	0.030550277963688543	0.0005472455308281649	1.6718503081186723e-05
rule_a_one_step	metastatic::AKT1+CBFB	metastatic::AKT1+CBFB+ESR1	same_stage_one_event	ESR1	1	0.07952628990737322	0.00018241517694272163	1.4506802245051663e-05
rule_a_one_step	metastatic::CBFB+GATA3	metastatic::AKT1+CBFB+GATA3	same_stage_one_event	AKT1	1	0.10839100382403793	0.0006384531192995258	6.920257449546385e-05
rule_a_one_step	metastatic::AKT1+GATA3	metastatic::AKT1+CBFB+GATA3	same_stage_one_event	CBFB	1	0.3981185278533355	0.0011856986501276906	0.0004720486010665233
rule_a_one_step	metastatic::AKT1+CBFB	metastatic::AKT1+CBFB+GATA3	same_stage_one_event	GATA3	1	0.16413731528275657	0.00018241517694272163	2.9941137410207328e-05
rule_a_one_step	metastatic::AKT1+NF1	metastatic::AKT1+CBFB+NF1	same_stage_one_event	CBFB	1	0.04279922258069859	0.00036483035388544326	1.5614455520138123e-05
rule_a_one_step	metastatic::AKT1+CBFB	metastatic::AKT1+CBFB+NF1	same_stage_one_event	NF1	1	0.07056249308111096	0.00018241517694272163	1.2871669660910426e-05
rule_a_one_step	metastatic::CBFB+NF1+TP53	metastatic::AKT1+CBFB+NF1+TP53	same_stage_one_event	AKT1	1	0.04112071039952661	9.120758847136082e-05	3.7505208317700302e-06
rule_a_one_step	metastatic::AKT1+NF1+TP53	metastatic::AKT1+CBFB+NF1+TP53	same_stage_one_event	CBFB	1	0.02523490815643049	0.0005472455308281649	1.3809690709465791e-05
rule_a_one_step	metastatic::AKT1+CBFB+TP53	metastatic::AKT1+CBFB+NF1+TP53	same_stage_one_event	NF1	1	0.15668257096210245	0.00018241517694272163	2.8581278905892457e-05
rule_a_one_step	metastatic::AKT1+CBFB+NF1	metastatic::AKT1+CBFB+NF1+TP53	same_stage_one_event	TP53	1	0.1500186480211941	9.120758847136082e-05	1.3682839111746999e-05
rule_a_one_step	metastatic::CBFB+RUNX1	metastatic::AKT1+CBFB+RUNX1	same_stage_one_event	AKT1	1	0.04448208546746696	9.120758847136082e-05	4.057103745664626e-06
rule_a_one_step	metastatic::AKT1+RUNX1	metastatic::AKT1+CBFB+RUNX1	same_stage_one_event	CBFB	1	0.048367680438761954	0.00018241517694272163	8.822998985545778e-06
rule_a_one_step	metastatic::AKT1+CBFB	metastatic::AKT1+CBFB+RUNX1	same_stage_one_event	RUNX1	1	0.041489704246855406	0.00018241517694272163	7.5683517414913185e-06
rule_a_one_step	metastatic::AKT1+GATA3+MAP3K1	metastatic::AKT1+ESR1+GATA3+MAP3K1	same_stage_one_event	ESR1	1	0.13071301836548416	9.120758847136082e-05	1.1922019186928507e-05
rule_a_one_step	metastatic::AKT1+ESR1+MAP3K1	metastatic::AKT1+ESR1+GATA3+MAP3K1	same_stage_one_event	GATA3	1	0.2139574818788682	0.00018241517694272163	3.90290919151529e-05
rule_a_one_step	metastatic::AKT1+ESR1+GATA3	metastatic::AKT1+ESR1+GATA3+MAP3K1	same_stage_one_event	MAP3K1	1	0.12438015282289214	0.00036483035388544326	4.537765517070125e-05
rule_a_one_step	metastatic::AKT1+ESR1+GATA3+MAP3K1	metastatic::AKT1+ESR1+GATA3+MAP3K1+NF1	same_stage_one_event	NF1	1	0.033250033091590976	9.120758847136082e-05	3.032655334876959e-06
rule_a_one_step	metastatic::ESR1+MAP2K4	metastatic::AKT1+ESR1+MAP2K4	same_stage_one_event	AKT1	1	0.05686103292145584	0.0006384531192995258	3.630310383529651e-05
rule_a_one_step	metastatic::AKT1+MAP2K4	metastatic::AKT1+ESR1+MAP2K4	same_stage_one_event	ESR1	1	0.0938075992977097	0.00018241517694272163	1.7111929824463643e-05
rule_a_one_step	metastatic::AKT1+ESR1	metastatic::AKT1+ESR1+MAP2K4	same_stage_one_event	MAP2K4	1	0.06976895494308895	0.0005472455308281649	3.818074878315703e-05
rule_a_one_step	metastatic::ESR1+RB1	metastatic::AKT1+ESR1+RB1	same_stage_one_event	AKT1	1	0.05786361348158681	9.120758847136082e-05	5.2776006458944556e-06
rule_a_one_step	metastatic::AKT1+ESR1	metastatic::AKT1+ESR1+RB1	same_stage_one_event	RB1	1	0.040034609904898995	0.0005472455308281649	2.1908761348904956e-05
rule_a_one_step	metastatic::GATA3+MAP3K1	metastatic::AKT1+GATA3+MAP3K1	same_stage_one_event	AKT1	1	0.07807304323949447	0.0005472455308281649	4.2725123990967425e-05
rule_a_one_step	metastatic::AKT1+MAP3K1	metastatic::AKT1+GATA3+MAP3K1	same_stage_one_event	GATA3	1	0.15689657759732256	0.0004560379423568041	7.155079241030762e-05
rule_a_one_step	metastatic::AKT1+GATA3	metastatic::AKT1+GATA3+MAP3K1	same_stage_one_event	MAP3K1	1	0.07581742532950035	0.0011856986501276906	8.989661886934555e-05
rule_a_one_step	metastatic::GATA3+PTEN+TP53	metastatic::AKT1+GATA3+PTEN+TP53	same_stage_one_event	AKT1	1	0.045009979168584666	0.00018241517694272163	8.210503314225586e-06
rule_a_one_step	metastatic::AKT1+PTEN+TP53	metastatic::AKT1+GATA3+PTEN+TP53	same_stage_one_event	GATA3	1	0.04193645452570558	9.120758847136082e-05	3.824922886328492e-06
rule_a_one_step	metastatic::AKT1+GATA3+TP53	metastatic::AKT1+GATA3+PTEN+TP53	same_stage_one_event	PTEN	1	0.013066777581089657	0.0006384531192995258	8.342524905839803e-06
rule_a_one_step	metastatic::GATA3+RB1+TP53	metastatic::AKT1+GATA3+RB1+TP53	same_stage_one_event	AKT1	1	0.11061348199699475	0.00036483035388544326	4.03551557814647e-05
rule_a_one_step	metastatic::AKT1+RB1+TP53	metastatic::AKT1+GATA3+RB1+TP53	same_stage_one_event	GATA3	1	0.05361643473196788	0.00018241517694272163	9.780451428669807e-06
rule_a_one_step	metastatic::AKT1+GATA3+TP53	metastatic::AKT1+GATA3+RB1+TP53	same_stage_one_event	RB1	1	0.06430295935415252	0.0006384531192995258	4.1054424979849296e-05
rule_a_one_step	metastatic::AKT1+RUNX1	metastatic::AKT1+GATA3+RUNX1	same_stage_one_event	GATA3	1	0.13225401510363644	0.00018241517694272163	2.412513956651522e-05
rule_a_one_step	metastatic::AKT1+GATA3	metastatic::AKT1+GATA3+RUNX1	same_stage_one_event	RUNX1	1	0.0419617495650398	0.0011856986501276906	4.97539898162639e-05
rule_a_one_step	metastatic::MAP2K4+NF1	metastatic::AKT1+MAP2K4+NF1	same_stage_one_event	AKT1	1	0.04094710736494622	9.120758847136082e-05	3.7346869176346427e-06
rule_a_one_step	metastatic::AKT1+NF1	metastatic::AKT1+MAP2K4+NF1	same_stage_one_event	MAP2K4	1	0.04402507186852194	0.00036483035388544326	1.6061682549624934e-05
rule_a_one_step	metastatic::AKT1+MAP2K4	metastatic::AKT1+MAP2K4+NF1	same_stage_one_event	NF1	1	0.08407450287178037	0.00018241517694272163	1.5336465317727173e-05
rule_a_one_step	metastatic::MAP3K1+NF1+PIK3CA+TP53	metastatic::AKT1+MAP3K1+NF1+PIK3CA+TP53	same_stage_one_event	AKT1	1	0.03707347539005654	0.00018241517694272163	6.762764573158799e-06
rule_a_one_step	metastatic::NF1+PIK3CA	metastatic::AKT1+NF1+PIK3CA	same_stage_one_event	AKT1	1	0.020481844963893412	0.0010944910616563297	2.241719623921205e-05
rule_a_one_step	metastatic::AKT1+PIK3CA	metastatic::AKT1+NF1+PIK3CA	same_stage_one_event	NF1	1	0.06096844040885723	0.0004560379423568041	2.780392211275868e-05
rule_a_one_step	metastatic::AKT1+NF1	metastatic::AKT1+NF1+PIK3CA	same_stage_one_event	PIK3CA	1	0.135318128516913	0.00036483035388544326	4.936816071394126e-05
rule_a_one_step	metastatic::PIK3CA+RUNX1+TP53	metastatic::AKT1+PIK3CA+RUNX1+TP53	same_stage_one_event	AKT1	1	0.024650045139869788	0.0010944910616563297	2.6979254075012535e-05
rule_a_one_step	metastatic::AKT1+RUNX1+TP53	metastatic::AKT1+PIK3CA+RUNX1+TP53	same_stage_one_event	PIK3CA	1	0.16108702920959844	0.00018241517694272163	2.9384718936446266e-05
rule_a_one_step	metastatic::AKT1+PIK3CA+TP53	metastatic::AKT1+PIK3CA+RUNX1+TP53	same_stage_one_event	RUNX1	1	0.1472601043643598	0.00027362276541408243	4.029371699134252e-05
rule_a_one_step	metastatic::PTEN+TP53	metastatic::AKT1+PTEN+TP53	same_stage_one_event	AKT1	1	0.025663819190957525	0.006202116016052536	0.00015916998403731408
rule_a_one_step	metastatic::AKT1+TP53	metastatic::AKT1+PTEN+TP53	same_stage_one_event	PTEN	1	0.03446094288918377	0.003465888361911711	0.00011943778090012615
rule_a_one_step	metastatic::RB1+RUNX1+TP53	metastatic::AKT1+RB1+RUNX1+TP53	same_stage_one_event	AKT1	1	0.06662679265301563	9.120758847136082e-05	6.076869085462936e-06
rule_a_one_step	metastatic::AKT1+RUNX1+TP53	metastatic::AKT1+RB1+RUNX1+TP53	same_stage_one_event	RB1	1	0.10453463700156734	0.00018241517694272163	1.906870430528408e-05
rule_a_one_step	metastatic::AKT1+RB1+TP53	metastatic::AKT1+RB1+RUNX1+TP53	same_stage_one_event	RUNX1	1	0.09268231790054611	0.00018241517694272163	1.6906661419289696e-05
rule_a_one_step	metastatic::BRCA1	metastatic::ATM+BRCA1	same_stage_one_event	ATM	1	0.028561229295772834	0.0009120758847136082	2.605000847845023e-05
rule_a_one_step	metastatic::ATM	metastatic::ATM+BRCA1	same_stage_one_event	BRCA1	1	0.018156783093893777	0.0016417365924844946	2.980865520704925e-05
rule_a_one_step	metastatic::ATM+NF1	metastatic::ATM+BRCA1+NF1	same_stage_one_event	BRCA1	1	0.016533193174705297	9.120758847136082e-05	1.5079526791960322e-06
rule_a_one_step	metastatic::ATM+BRCA1	metastatic::ATM+BRCA1+NF1	same_stage_one_event	NF1	1	0.06913610476150577	9.120758847136082e-05	6.305737391600307e-06
rule_a_one_step	metastatic::ATM+NF1+PIK3CA	metastatic::ATM+BRCA1+NF1+PIK3CA	same_stage_one_event	BRCA1	1	0.019703550449176183	9.120758847136082e-05	1.7971133207931578e-06
rule_a_one_step	metastatic::ATM+BRCA1+NF1	metastatic::ATM+BRCA1+NF1+PIK3CA	same_stage_one_event	PIK3CA	1	0.2903722671621945	9.120758847136082e-05	2.6484154246825472e-05
rule_a_one_step	metastatic::BRCA1+NF1+PIK3CA+RB1+TP53	metastatic::ATM+BRCA1+NF1+PIK3CA+RB1+TP53	same_stage_one_event	ATM	1	0.14891432259875712	0.00018241517694272163	2.716423250615781e-05
rule_a_one_step	metastatic::BRCA2	metastatic::ATM+BRCA2	same_stage_one_event	ATM	1	0.045202581095335835	0.002462604888726742	0.00011131609718844104
rule_a_one_step	metastatic::ATM	metastatic::ATM+BRCA2	same_stage_one_event	BRCA2	1	0.027302206375539755	0.0016417365924844946	4.482303126228708e-05
rule_a_one_step	metastatic::BRCA2+GATA3	metastatic::ATM+BRCA2+GATA3	same_stage_one_event	ATM	1	0.08847574343502612	0.0007296607077708865	6.455727357535653e-05
rule_a_one_step	metastatic::ATM+GATA3	metastatic::ATM+BRCA2+GATA3	same_stage_one_event	BRCA2	1	0.02799040800828325	0.0007296607077708865	2.0423500918119847e-05
rule_a_one_step	metastatic::ATM+BRCA2	metastatic::ATM+BRCA2+GATA3	same_stage_one_event	GATA3	1	0.1282531931044818	9.120758847136082e-05	1.1697664456811546e-05
rule_a_one_step	metastatic::ATM+GATA3+RB1	metastatic::ATM+BRCA2+GATA3+RB1	same_stage_one_event	BRCA2	1	0.03762744070020117	9.120758847136082e-05	3.431908126614481e-06
rule_a_one_step	metastatic::ATM+BRCA2+GATA3	metastatic::ATM+BRCA2+GATA3+RB1	same_stage_one_event	RB1	1	0.0212236821182259	9.120758847136082e-05	1.935760864486127e-06
rule_a_one_step	metastatic::BRCA2+MAP3K1	metastatic::ATM+BRCA2+MAP3K1	same_stage_one_event	ATM	1	0.04759920378523061	9.120758847136082e-05	4.341408590407754e-06
rule_a_one_step	metastatic::ATM+MAP3K1	metastatic::ATM+BRCA2+MAP3K1	same_stage_one_event	BRCA2	1	0.029282239282060675	9.120758847136082e-05	2.670762429958106e-06
rule_a_one_step	metastatic::ATM+BRCA2	metastatic::ATM+BRCA2+MAP3K1	same_stage_one_event	MAP3K1	1	0.0744793906274215	9.120758847136082e-05	6.793085609943588e-06
rule_a_one_step	metastatic::ATM+PIK3CA+RUNX1+TP53	metastatic::ATM+BRCA2+PIK3CA+RUNX1+TP53	same_stage_one_event	BRCA2	1	0.06628712941151811	0.00018241517694272163	1.2091778440627164e-05
rule_a_one_step	metastatic::BRCA2+TP53	metastatic::ATM+BRCA2+TP53	same_stage_one_event	ATM	1	0.08084101997674562	0.002918642831083546	0.00023594606341261032
rule_a_one_step	metastatic::ATM+TP53	metastatic::ATM+BRCA2+TP53	same_stage_one_event	BRCA2	1	0.06120767188330239	0.0019153593578985773	0.00011723468711686886
rule_a_one_step	metastatic::ATM+BRCA2	metastatic::ATM+BRCA2+TP53	same_stage_one_event	TP53	1	0.08186489700298726	9.120758847136082e-05	7.466699836098801e-06
rule_a_one_step	metastatic::CBFB+ESR1+GATA3+TP53	metastatic::ATM+CBFB+ESR1+GATA3+TP53	same_stage_one_event	ATM	1	0.049881246547047245	9.120758847136082e-05	4.5495482075015726e-06
rule_a_one_step	metastatic::ESR1+GATA3	metastatic::ATM+ESR1+GATA3	same_stage_one_event	ATM	1	0.05424394816758805	0.0047427946005107625	0.00025726790447962226
rule_a_one_step	metastatic::ATM+GATA3	metastatic::ATM+ESR1+GATA3	same_stage_one_event	ESR1	1	0.13353766645401555	0.0007296607077708865	9.743718821890956e-05
rule_a_one_step	metastatic::ATM+ESR1	metastatic::ATM+ESR1+GATA3	same_stage_one_event	GATA3	1	0.22546322619130693	0.0007296607077708865	0.00016451165719905648
rule_a_one_step	metastatic::ATM+GATA3+NF1	metastatic::ATM+ESR1+GATA3+NF1	same_stage_one_event	ESR1	1	0.11200517752333751	9.120758847136082e-05	1.021572213821028e-05
rule_a_one_step	metastatic::ATM+ESR1+GATA3	metastatic::ATM+ESR1+GATA3+NF1	same_stage_one_event	NF1	1	0.02259522865362842	9.120758847136082e-05	2.060856316456441e-06
rule_a_one_step	metastatic::ESR1+GATA3+PIK3CA	metastatic::ATM+ESR1+GATA3+PIK3CA	same_stage_one_event	ATM	1	0.06718547101985765	0.0012769062385990515	8.578954708847202e-05
rule_a_one_step	metastatic::ATM+GATA3+PIK3CA	metastatic::ATM+ESR1+GATA3+PIK3CA	same_stage_one_event	ESR1	1	0.08884805951261428	9.120758847136082e-05	8.103617248505497e-06
rule_a_one_step	metastatic::ATM+ESR1+PIK3CA	metastatic::ATM+ESR1+GATA3+PIK3CA	same_stage_one_event	GATA3	1	0.17485900243578426	9.120758847136082e-05	1.5948467934675688e-05
rule_a_one_step	metastatic::ATM+ESR1+GATA3	metastatic::ATM+ESR1+GATA3+PIK3CA	same_stage_one_event	PIK3CA	1	0.5469738911917659	9.120758847136082e-05	4.988816957239747e-05
rule_a_one_step	metastatic::ESR1+MAP2K4	metastatic::ATM+ESR1+MAP2K4	same_stage_one_event	ATM	1	0.030462879638609927	0.0006384531192995258	1.944912052811652e-05
rule_a_one_step	metastatic::ATM+ESR1	metastatic::ATM+ESR1+MAP2K4	same_stage_one_event	MAP2K4	1	0.031638624740110366	0.0007296607077708865	2.308546132076641e-05
rule_a_one_step	metastatic::ESR1+PIK3CA	metastatic::ATM+ESR1+PIK3CA	same_stage_one_event	ATM	1	0.04814807305732294	0.005381247719810288	0.0002590967083529782
rule_a_one_step	metastatic::ATM+PIK3CA	metastatic::ATM+ESR1+PIK3CA	same_stage_one_event	ESR1	1	0.055449277209996616	0.0007296607077708865	4.045915885443022e-05
rule_a_one_step	metastatic::ATM+ESR1	metastatic::ATM+ESR1+PIK3CA	same_stage_one_event	PIK3CA	1	0.3740906259024785	0.0007296607077708865	0.0002729592308664564
rule_a_one_step	metastatic::GATA3+MAP3K1	metastatic::ATM+GATA3+MAP3K1	same_stage_one_event	ATM	1	0.03447821878213391	0.0005472455308281649	1.8868051139438475e-05
rule_a_one_step	metastatic::ATM+MAP3K1	metastatic::ATM+GATA3+MAP3K1	same_stage_one_event	GATA3	1	0.15118910282789136	9.120758847136082e-05	1.3789593472080569e-05
rule_a_one_step	metastatic::ATM+GATA3	metastatic::ATM+GATA3+MAP3K1	same_stage_one_event	MAP3K1	1	0.05219765775081113	0.0007296607077708865	3.808657989843935e-05
rule_a_one_step	metastatic::ATM+MAP3K1+NF1+PIK3CA+TP53	metastatic::ATM+GATA3+MAP3K1+NF1+PIK3CA+TP53	same_stage_one_event	GATA3	1	0.07834069878583903	9.120758847136082e-05	7.145266215417642e-06
rule_a_one_step	metastatic::ATM+GATA3+MAP3K1+PIK3CA+TP53	metastatic::ATM+GATA3+MAP3K1+NF1+PIK3CA+TP53	same_stage_one_event	NF1	1	0.119192800183047	9.120758847136082e-05	1.087128786784449e-05
rule_a_one_step	metastatic::GATA3+MAP3K1+PIK3CA+TP53	metastatic::ATM+GATA3+MAP3K1+PIK3CA+TP53	same_stage_one_event	ATM	1	0.10420302280450734	9.120758847136082e-05	9.504106421425331e-06
rule_a_one_step	metastatic::ATM+MAP3K1+PIK3CA+TP53	metastatic::ATM+GATA3+MAP3K1+PIK3CA+TP53	same_stage_one_event	GATA3	1	0.059706394743602016	0.00027362276541408243	1.633702884264922e-05
rule_a_one_step	metastatic::ATM+GATA3+PIK3CA+TP53	metastatic::ATM+GATA3+MAP3K1+PIK3CA+TP53	same_stage_one_event	MAP3K1	1	0.15955421061868857	9.120758847136082e-05	1.4552554780982176e-05
rule_a_one_step	metastatic::GATA3+NF1	metastatic::ATM+GATA3+NF1	same_stage_one_event	ATM	1	0.03370101499502441	0.00018241517694272163	6.147576613466693e-06
rule_a_one_step	metastatic::ATM+NF1	metastatic::ATM+GATA3+NF1	same_stage_one_event	GATA3	1	0.14579235373362495	9.120758847136082e-05	1.3297369001607529e-05
rule_a_one_step	metastatic::ATM+GATA3	metastatic::ATM+GATA3+NF1	same_stage_one_event	NF1	1	0.029823757930293477	0.0007296607077708865	2.176122431980553e-05
rule_a_one_step	metastatic::GATA3+NF1+TP53	metastatic::ATM+GATA3+NF1+TP53	same_stage_one_event	ATM	1	0.051591557453529814	0.00018241517694272163	9.41108308163623e-06
rule_a_one_step	metastatic::ATM+GATA3+TP53	metastatic::ATM+GATA3+NF1+TP53	same_stage_one_event	NF1	1	0.058629188727170614	9.120758847136082e-05	5.347426917837524e-06
rule_a_one_step	metastatic::ATM+GATA3+NF1	metastatic::ATM+GATA3+NF1+TP53	same_stage_one_event	TP53	1	0.02265394367057409	9.120758847136082e-05	2.0662115715591107e-06
rule_a_one_step	metastatic::GATA3+PIK3CA	metastatic::ATM+GATA3+PIK3CA	same_stage_one_event	ATM	1	0.039957058463356815	0.0038307187157971545	0.00015306425168378203
rule_a_one_step	metastatic::ATM+PIK3CA	metastatic::ATM+GATA3+PIK3CA	same_stage_one_event	GATA3	1	0.14431872955727523	0.0007296607077708865	0.0001053037063533566
rule_a_one_step	metastatic::ATM+GATA3	metastatic::ATM+GATA3+PIK3CA	same_stage_one_event	PIK3CA	1	0.4190711953842326	0.0007296607077708865	0.00030577978503045064
rule_a_one_step	metastatic::GATA3+PIK3CA+TP53	metastatic::ATM+GATA3+PIK3CA+TP53	same_stage_one_event	ATM	1	0.08775274370042904	0.0008208682962422473	7.203344521195379e-05
rule_a_one_step	metastatic::ATM+PIK3CA+TP53	metastatic::ATM+GATA3+PIK3CA+TP53	same_stage_one_event	GATA3	1	0.04926649326934024	0.0005472455308281649	2.6960868261222312e-05
rule_a_one_step	metastatic::ATM+GATA3+TP53	metastatic::ATM+GATA3+PIK3CA+TP53	same_stage_one_event	PIK3CA	1	0.48706058230958044	9.120758847136082e-05	4.4423621151913574e-05
rule_a_one_step	metastatic::ATM+GATA3+PIK3CA	metastatic::ATM+GATA3+PIK3CA+TP53	same_stage_one_event	TP53	1	0.0027670055077549825	9.120758847136082e-05	2.523718996493052e-07
rule_a_one_step	metastatic::GATA3+PTEN	metastatic::ATM+GATA3+PTEN	same_stage_one_event	ATM	1	0.04569783388009195	0.0008208682962422473	3.7511903039112326e-05
rule_a_one_step	metastatic::ATM+PTEN	metastatic::ATM+GATA3+PTEN	same_stage_one_event	GATA3	1	0.14418829218220242	9.120758847136082e-05	1.315106641574265e-05
rule_a_one_step	metastatic::ATM+GATA3	metastatic::ATM+GATA3+PTEN	same_stage_one_event	PTEN	1	0.032958039471533786	0.0007296607077708865	2.4048186407540158e-05
rule_a_one_step	metastatic::GATA3+RB1	metastatic::ATM+GATA3+RB1	same_stage_one_event	ATM	1	0.04841361672431752	9.120758847136082e-05	4.415689230601744e-06
rule_a_one_step	metastatic::ATM+GATA3	metastatic::ATM+GATA3+RB1	same_stage_one_event	RB1	1	0.018222319003955968	0.0007296607077708865	1.3296110181653389e-05
rule_a_one_step	metastatic::GATA3+TP53	metastatic::ATM+GATA3+TP53	same_stage_one_event	ATM	1	0.06161358948753318	0.003465888361911711	0.00021354582274044697
rule_a_one_step	metastatic::ATM+TP53	metastatic::ATM+GATA3+TP53	same_stage_one_event	GATA3	1	0.06554322974627226	0.0019153593578985773	0.00012553883844141896
rule_a_one_step	metastatic::ATM+GATA3	metastatic::ATM+GATA3+TP53	same_stage_one_event	TP53	1	0.027024401915627373	0.0007296607077708865	1.971864422884157e-05
rule_a_one_step	metastatic::MAP2K4+NF1+PIK3CA+TP53	metastatic::ATM+MAP2K4+NF1+PIK3CA+TP53	same_stage_one_event	ATM	1	0.10861658162207266	0.00018241517694272163	1.981331295550395e-05
rule_a_one_step	metastatic::ATM+NF1+PIK3CA+TP53	metastatic::ATM+MAP2K4+NF1+PIK3CA+TP53	same_stage_one_event	MAP2K4	1	0.1145357225281024	9.120758847136082e-05	1.0446527045613134e-05
rule_a_one_step	metastatic::MAP2K4+TP53	metastatic::ATM+MAP2K4+TP53	same_stage_one_event	ATM	1	0.04087312494581316	0.0006384531192995258	2.6095574117173673e-05
rule_a_one_step	metastatic::ATM+TP53	metastatic::ATM+MAP2K4+TP53	same_stage_one_event	MAP2K4	1	0.027396669634172106	0.0019153593578985773	5.2474467559067336e-05
rule_a_one_step	metastatic::MAP3K1	metastatic::ATM+MAP3K1	same_stage_one_event	ATM	1	0.01831717435617513	0.002006566946369938	3.6754636613996064e-05
rule_a_one_step	metastatic::ATM	metastatic::ATM+MAP3K1	same_stage_one_event	MAP3K1	1	0.05180234006791957	0.0016417365924844946	8.504579726582928e-05
rule_a_one_step	metastatic::MAP3K1+NF1+PIK3CA+TP53	metastatic::ATM+MAP3K1+NF1+PIK3CA+TP53	same_stage_one_event	ATM	1	0.1156376348592599	0.00018241517694272163	2.109405962408973e-05
rule_a_one_step	metastatic::ATM+NF1+PIK3CA+TP53	metastatic::ATM+MAP3K1+NF1+PIK3CA+TP53	same_stage_one_event	MAP3K1	1	0.30101810419195746	9.120758847136082e-05	2.7455135369569267e-05
rule_a_one_step	metastatic::ATM+MAP3K1+PIK3CA+TP53	metastatic::ATM+MAP3K1+NF1+PIK3CA+TP53	same_stage_one_event	NF1	1	0.24024725759698368	0.00027362276541408243	6.57371190068361e-05
rule_a_one_step	metastatic::ATM+PIK3CA+RUNX1+TP53	metastatic::ATM+MAP3K1+PIK3CA+RUNX1+TP53	same_stage_one_event	MAP3K1	1	0.27177854618973496	0.00018241517694272163	4.957653159243615e-05
rule_a_one_step	metastatic::ATM+MAP3K1+PIK3CA+TP53	metastatic::ATM+MAP3K1+PIK3CA+RUNX1+TP53	same_stage_one_event	RUNX1	1	0.2998775282660578	0.00027362276541408243	8.205331856969841e-05
rule_a_one_step	metastatic::MAP3K1+TP53	metastatic::ATM+MAP3K1+TP53	same_stage_one_event	ATM	1	0.03115782121061834	0.0022801897117840204	7.104574336605787e-05
rule_a_one_step	metastatic::ATM+TP53	metastatic::ATM+MAP3K1+TP53	same_stage_one_event	MAP3K1	1	0.0459109678428262	0.0019153593578985773	8.793600188793782e-05
rule_a_one_step	metastatic::ATM+MAP3K1	metastatic::ATM+MAP3K1+TP53	same_stage_one_event	TP53	1	0.06319798601944239	9.120758847136082e-05	5.764135901080116e-06
rule_a_one_step	metastatic::NF1	metastatic::ATM+NF1	same_stage_one_event	ATM	1	0.012197412803310374	0.0009120758847136082	1.1124966073796402e-05
rule_a_one_step	metastatic::ATM	metastatic::ATM+NF1	same_stage_one_event	NF1	1	0.036171219593875745	0.0016417365924844946	5.938361480205795e-05
rule_a_one_step	metastatic::NF1+PIK3CA	metastatic::ATM+NF1+PIK3CA	same_stage_one_event	ATM	1	0.03739139290515702	0.0010944910616563297	4.092454531757426e-05
rule_a_one_step	metastatic::ATM+PIK3CA	metastatic::ATM+NF1+PIK3CA	same_stage_one_event	NF1	1	0.07881487975464298	0.0007296607077708865	5.7508120944650114e-05
rule_a_one_step	metastatic::ATM+NF1	metastatic::ATM+NF1+PIK3CA	same_stage_one_event	PIK3CA	1	0.36358401301760174	9.120758847136082e-05	3.316162103407531e-05
rule_a_one_step	metastatic::NF1+PIK3CA+PTEN	metastatic::ATM+NF1+PIK3CA+PTEN	same_stage_one_event	ATM	1	0.04350145501471093	0.00018241517694272163	7.93532561377434e-06
rule_a_one_step	metastatic::ATM+NF1+PTEN	metastatic::ATM+NF1+PIK3CA+PTEN	same_stage_one_event	PIK3CA	1	0.4329897514423383	9.120758847136082e-05	3.9491951061869604e-05
rule_a_one_step	metastatic::ATM+NF1+PIK3CA	metastatic::ATM+NF1+PIK3CA+PTEN	same_stage_one_event	PTEN	1	0.03360093664911201	9.120758847136082e-05	3.064660402144474e-06
rule_a_one_step	metastatic::NF1+PIK3CA+TP53	metastatic::ATM+NF1+PIK3CA+TP53	same_stage_one_event	ATM	1	0.0741093715250908	0.0027362276541408243	0.00020278011179795
rule_a_one_step	metastatic::ATM+PIK3CA+TP53	metastatic::ATM+NF1+PIK3CA+TP53	same_stage_one_event	NF1	1	0.17231967719388322	0.0005472455308281649	9.430117321810463e-05
rule_a_one_step	metastatic::ATM+NF1+PIK3CA	metastatic::ATM+NF1+PIK3CA+TP53	same_stage_one_event	TP53	1	0.04104121912898415	9.120758847136082e-05	3.7432706246793276e-06
rule_a_one_step	metastatic::ATM+PTEN	metastatic::ATM+NF1+PTEN	same_stage_one_event	NF1	1	0.05335501580095598	9.120758847136082e-05	4.866382324056547e-06
rule_a_one_step	metastatic::ATM+NF1	metastatic::ATM+NF1+PTEN	same_stage_one_event	PTEN	1	0.052166196131618665	9.120758847136082e-05	4.7579529488889696e-06
rule_a_one_step	metastatic::PIK3CA+RB1	metastatic::ATM+PIK3CA+RB1	same_stage_one_event	ATM	1	0.04066756243531968	0.0010944910616563297	4.4510283584808115e-05
rule_a_one_step	metastatic::ATM+PIK3CA	metastatic::ATM+PIK3CA+RB1	same_stage_one_event	RB1	1	0.03449894862521507	0.0007296607077708865	2.517252727122588e-05
rule_a_one_step	metastatic::PIK3CA+RUNX1	metastatic::ATM+PIK3CA+RUNX1	same_stage_one_event	ATM	1	0.04101852531967607	0.0004560379423568041	1.8706003885295545e-05
rule_a_one_step	metastatic::ATM+PIK3CA	metastatic::ATM+PIK3CA+RUNX1	same_stage_one_event	RUNX1	1	0.07791771046538176	0.0007296607077708865	5.685349176605747e-05
rule_a_one_step	metastatic::PTEN	metastatic::ATM+PTEN	same_stage_one_event	ATM	1	0.015424600718097602	0.0036483035388544327	5.627362538525211e-05
rule_a_one_step	metastatic::ATM	metastatic::ATM+PTEN	same_stage_one_event	PTEN	1	0.05730965286936952	0.0016417365924844946	9.408735421822796e-05
rule_a_one_step	metastatic::BRCA1+GATA3+PIK3CA	metastatic::BRCA1+BRCA2+GATA3+PIK3CA	same_stage_one_event	BRCA2	1	0.02038930905656879	0.00027362276541408243	5.578979128940749e-06
rule_a_one_step	metastatic::BRCA2+PIK3CA+TP53	metastatic::BRCA1+BRCA2+PIK3CA+TP53	same_stage_one_event	BRCA1	1	0.04195710758371812	0.0009120758847136082	3.8268066019443744e-05
rule_a_one_step	metastatic::BRCA1+PIK3CA+TP53	metastatic::BRCA1+BRCA2+PIK3CA+TP53	same_stage_one_event	BRCA2	1	0.08120746746244176	0.0009120758847136082	7.406737273115812e-05
rule_a_one_step	metastatic::BRCA1+BRCA2+TP53	metastatic::BRCA1+BRCA2+PIK3CA+TP53	same_stage_one_event	PIK3CA	1	0.2769140274973045	0.00027362276541408243	7.576998198576371e-05
rule_a_one_step	metastatic::CBFB+GATA3+TP53	metastatic::BRCA1+CBFB+GATA3+TP53	same_stage_one_event	BRCA1	1	0.045109785674248865	9.120758847136082e-05	4.114354767808178e-06
rule_a_one_step	metastatic::BRCA1+GATA3+TP53	metastatic::BRCA1+CBFB+GATA3+TP53	same_stage_one_event	CBFB	1	0.053077711661025234	9.120758847136082e-05	4.841090082180339e-06
rule_a_one_step	metastatic::CBFB+NF1+TP53	metastatic::BRCA1+CBFB+NF1+TP53	same_stage_one_event	BRCA1	1	0.04115209326886569	9.120758847136082e-05	3.753383187601759e-06
rule_a_one_step	metastatic::BRCA1+NF1+TP53	metastatic::BRCA1+CBFB+NF1+TP53	same_stage_one_event	CBFB	1	0.005912186553545755	0.00018241517694272163	1.0784725562834286e-06
rule_a_one_step	metastatic::ESR1+MAP3K1	metastatic::BRCA1+ESR1+MAP3K1	same_stage_one_event	BRCA1	1	0.020889270742883156	0.0010944910616563297	2.286312011260469e-05
rule_a_one_step	metastatic::BRCA1+ESR1	metastatic::BRCA1+ESR1+MAP3K1	same_stage_one_event	MAP3K1	1	0.07554730339207515	0.00018241517694272163	1.3780974715810862e-05
rule_a_one_step	metastatic::ESR1+MAP3K1+PIK3CA	metastatic::BRCA1+ESR1+MAP3K1+PIK3CA	same_stage_one_event	BRCA1	1	0.0381140672845898	0.001550529004013134	5.909696678566459e-05
rule_a_one_step	metastatic::BRCA1+ESR1+PIK3CA	metastatic::BRCA1+ESR1+MAP3K1+PIK3CA	same_stage_one_event	MAP3K1	1	0.3361758200237309	9.120758847136082e-05	3.066178584674671e-05
rule_a_one_step	metastatic::BRCA1+ESR1+MAP3K1	metastatic::BRCA1+ESR1+MAP3K1+PIK3CA	same_stage_one_event	PIK3CA	1	0.46993913509927654	9.120758847136082e-05	4.2862015240722046e-05
rule_a_one_step	metastatic::ESR1+NF1+PIK3CA+TP53	metastatic::BRCA1+ESR1+NF1+PIK3CA+TP53	same_stage_one_event	BRCA1	1	0.047167543054382303	0.00018241517694272163	8.604075712218588e-06
rule_a_one_step	metastatic::ESR1+PIK3CA	metastatic::BRCA1+ESR1+PIK3CA	same_stage_one_event	BRCA1	1	0.020729475107236415	0.005381247719810288	0.00011155044065368009
rule_a_one_step	metastatic::BRCA1+PIK3CA	metastatic::BRCA1+ESR1+PIK3CA	same_stage_one_event	ESR1	1	0.04607127761090788	0.00036483035388544326	1.680820051474202e-05
rule_a_one_step	metastatic::BRCA1+ESR1	metastatic::BRCA1+ESR1+PIK3CA	same_stage_one_event	PIK3CA	1	0.2626005705851861	0.00018241517694272163	4.790232954855638e-05
rule_a_one_step	metastatic::ESR1+TP53	metastatic::BRCA1+ESR1+TP53	same_stage_one_event	BRCA1	1	0.04916145024100901	0.002553812477198103	0.0001255491250226425
rule_a_one_step	metastatic::BRCA1+TP53	metastatic::BRCA1+ESR1+TP53	same_stage_one_event	ESR1	1	0.02875679924439425	0.002645020065669464	7.606231102585126e-05
rule_a_one_step	metastatic::BRCA1+ESR1	metastatic::BRCA1+ESR1+TP53	same_stage_one_event	TP53	1	0.16943455657063808	0.00018241517694272163	3.090743461704452e-05
rule_a_one_step	metastatic::GATA3+MAP3K1+PIK3CA	metastatic::BRCA1+GATA3+MAP3K1+PIK3CA	same_stage_one_event	BRCA1	1	0.011703288495131494	0.00018241517694272163	2.1348574416511297e-06
rule_a_one_step	metastatic::BRCA1+GATA3+PIK3CA	metastatic::BRCA1+GATA3+MAP3K1+PIK3CA	same_stage_one_event	MAP3K1	1	0.11815195944036458	0.00027362276541408243	3.232906588116506e-05
rule_a_one_step	metastatic::GATA3+PIK3CA+TP53	metastatic::BRCA1+GATA3+PIK3CA+TP53	same_stage_one_event	BRCA1	1	0.029481606633671237	0.0008208682962422473	2.4200516207865846e-05
rule_a_one_step	metastatic::BRCA1+PIK3CA+TP53	metastatic::BRCA1+GATA3+PIK3CA+TP53	same_stage_one_event	GATA3	1	0.022485251588196045	0.0009120758847136082	2.0508255735311973e-05
rule_a_one_step	metastatic::BRCA1+GATA3+TP53	metastatic::BRCA1+GATA3+PIK3CA+TP53	same_stage_one_event	PIK3CA	1	0.3246217060061843	9.120758847136082e-05	2.9607962970283134e-05
rule_a_one_step	metastatic::BRCA1+GATA3+PIK3CA	metastatic::BRCA1+GATA3+PIK3CA+TP53	same_stage_one_event	TP53	1	0.005732186840554405	0.00027362276541408243	1.5684568151827082e-06
rule_a_one_step	metastatic::GATA3+PTEN+TP53	metastatic::BRCA1+GATA3+PTEN+TP53	same_stage_one_event	BRCA1	1	0.03708272135528972	0.00018241517694272163	6.7644511775428164e-06
rule_a_one_step	metastatic::BRCA1+PTEN+TP53	metastatic::BRCA1+GATA3+PTEN+TP53	same_stage_one_event	GATA3	1	0.03139057798904019	0.00018241517694272163	5.72611783820507e-06
rule_a_one_step	metastatic::BRCA1+GATA3+TP53	metastatic::BRCA1+GATA3+PTEN+TP53	same_stage_one_event	PTEN	1	0.026204288242830834	9.120758847136082e-05	2.3900299382370332e-06
rule_a_one_step	metastatic::GATA3+TP53	metastatic::BRCA1+GATA3+TP53	same_stage_one_event	BRCA1	1	0.04201021351945778	0.003465888361911711	0.00014560271011851474
rule_a_one_step	metastatic::BRCA1+TP53	metastatic::BRCA1+GATA3+TP53	same_stage_one_event	GATA3	1	0.03865070140200495	0.002645020065669464	0.00010223188076050198
rule_a_one_step	metastatic::BRCA1+GATA3	metastatic::BRCA1+GATA3+TP53	same_stage_one_event	TP53	1	0.07893329669297372	0.00018241517694272163	1.4398631282921145e-05
rule_a_one_step	metastatic::BRCA1+NF1+RB1+TP53	metastatic::BRCA1+MAP2K4+NF1+RB1+TP53	same_stage_one_event	MAP2K4	1	0.036337802630055656	9.120758847136082e-05	3.314283348235649e-06
rule_a_one_step	metastatic::BRCA1+NF1+PIK3CA+RB1+TP53	metastatic::BRCA1+MAP3K1+NF1+PIK3CA+RB1+TP53	same_stage_one_event	MAP3K1	1	0.24615237112736946	0.00018241517694272163	4.4901928334069585e-05
rule_a_one_step	metastatic::BRCA1+PIK3CA+PTEN+TP53	metastatic::BRCA1+MAP3K1+PIK3CA+PTEN+TP53	same_stage_one_event	MAP3K1	1	0.17685152181206806	9.120758847136082e-05	1.6130200821968995e-05
rule_a_one_step	metastatic::NF1+RB1+TP53	metastatic::BRCA1+NF1+RB1+TP53	same_stage_one_event	BRCA1	1	0.05918291014941154	0.00018241517694272163	1.0795861026890102e-05
rule_a_one_step	metastatic::BRCA1+RB1+TP53	metastatic::BRCA1+NF1+RB1+TP53	same_stage_one_event	NF1	1	0.13898348885298822	0.00018241517694272163	2.5352697711234627e-05
rule_a_one_step	metastatic::BRCA1+NF1+TP53	metastatic::BRCA1+NF1+RB1+TP53	same_stage_one_event	RB1	1	0.06585465404642997	0.00018241517694272163	1.2012888370381242e-05
rule_a_one_step	metastatic::BRCA1+NF1+TP53	metastatic::BRCA1+NF1+RUNX1+TP53	same_stage_one_event	RUNX1	1	0.055634334783377704	0.00018241517694272163	1.0148547023600457e-05
rule_a_one_step	metastatic::PIK3CA+PTEN+TP53	metastatic::BRCA1+PIK3CA+PTEN+TP53	same_stage_one_event	BRCA1	1	0.035300252241961025	0.0018241517694272164	6.439301758840026e-05
rule_a_one_step	metastatic::BRCA1+PTEN+TP53	metastatic::BRCA1+PIK3CA+PTEN+TP53	same_stage_one_event	PIK3CA	1	0.3258042889174411	0.00018241517694272163	5.943164701157262e-05
rule_a_one_step	metastatic::BRCA1+PIK3CA+TP53	metastatic::BRCA1+PIK3CA+PTEN+TP53	same_stage_one_event	PTEN	1	0.023943776834485536	0.0009120758847136082	2.183854143969859e-05
rule_a_one_step	metastatic::PIK3CA+RB1+TP53	metastatic::BRCA1+PIK3CA+RB1+TP53	same_stage_one_event	BRCA1	1	0.04868514630640371	0.001003283473184969	4.884500267880708e-05
rule_a_one_step	metastatic::BRCA1+RB1+TP53	metastatic::BRCA1+PIK3CA+RB1+TP53	same_stage_one_event	PIK3CA	1	0.2103377020540861	0.00018241517694272163	3.836878913792158e-05
rule_a_one_step	metastatic::BRCA1+PIK3CA+TP53	metastatic::BRCA1+PIK3CA+RB1+TP53	same_stage_one_event	RB1	1	0.08582261901504695	0.0009120758847136082	7.827674116658788e-05
rule_a_one_step	metastatic::PTEN+RB1+TP53	metastatic::BRCA1+PTEN+RB1+TP53	same_stage_one_event	BRCA1	1	0.0602901363444698	0.00036483035388544326	2.199567177835454e-05
rule_a_one_step	metastatic::BRCA1+RB1+TP53	metastatic::BRCA1+PTEN+RB1+TP53	same_stage_one_event	PTEN	1	0.08338970760177837	0.00018241517694272163	1.521154826738022e-05
rule_a_one_step	metastatic::BRCA1+PTEN+TP53	metastatic::BRCA1+PTEN+RB1+TP53	same_stage_one_event	RB1	1	0.09177151510580127	0.00018241517694272163	1.6740517166326388e-05
rule_a_one_step	metastatic::RB1+RUNX1+TP53	metastatic::BRCA1+RB1+RUNX1+TP53	same_stage_one_event	BRCA1	1	0.066984086135991	9.120758847136082e-05	6.109456962421652e-06
rule_a_one_step	metastatic::BRCA1+RB1+TP53	metastatic::BRCA1+RB1+RUNX1+TP53	same_stage_one_event	RUNX1	1	0.07347136295123405	0.00018241517694272163	1.3402291672972282e-05
rule_a_one_step	metastatic::CBFB+GATA3	metastatic::BRCA2+CBFB+GATA3	same_stage_one_event	BRCA2	1	0.028948851892014987	0.0006384531192995258	1.8482484790596945e-05
rule_a_one_step	metastatic::BRCA2+GATA3	metastatic::BRCA2+CBFB+GATA3	same_stage_one_event	CBFB	1	0.10370494991223857	0.0007296607077708865	7.566942715230833e-05
rule_a_one_step	metastatic::BRCA2+RB1+TP53	metastatic::BRCA2+CBFB+RB1+TP53	same_stage_one_event	CBFB	1	0.00657719670169876	0.00036483035388544326	2.399561000254929e-06
rule_a_one_step	metastatic::ESR1+GATA3+PIK3CA	metastatic::BRCA2+ESR1+GATA3+PIK3CA	same_stage_one_event	BRCA2	1	0.021349188507532806	0.0012769062385990515	2.7260911994295814e-05
rule_a_one_step	metastatic::BRCA2+ESR1+PIK3CA	metastatic::BRCA2+ESR1+GATA3+PIK3CA	same_stage_one_event	GATA3	1	0.10538350437243856	0.00027362276541408243	2.8835325895413684e-05
rule_a_one_step	metastatic::ESR1+GATA3+PIK3CA+RUNX1	metastatic::BRCA2+ESR1+GATA3+PIK3CA+RUNX1	same_stage_one_event	BRCA2	1	0.02315608892582654	9.120758847136082e-05	2.1120110293530225e-06
rule_a_one_step	metastatic::BRCA2+ESR1+GATA3+PIK3CA	metastatic::BRCA2+ESR1+GATA3+PIK3CA+RUNX1	same_stage_one_event	RUNX1	1	0.07932131976258275	9.120758847136082e-05	7.234706289910867e-06
rule_a_one_step	metastatic::ESR1+PIK3CA+RB1	metastatic::BRCA2+ESR1+PIK3CA+RB1	same_stage_one_event	BRCA2	1	0.04160008487830777	0.00018241517694272163	7.58848684390875e-06
rule_a_one_step	metastatic::BRCA2+ESR1+RB1	metastatic::BRCA2+ESR1+PIK3CA+RB1	same_stage_one_event	PIK3CA	1	0.29336446672285155	9.120758847136082e-05	2.675706555297807e-05
rule_a_one_step	metastatic::BRCA2+ESR1+PIK3CA	metastatic::BRCA2+ESR1+PIK3CA+RB1	same_stage_one_event	RB1	1	0.04539989779888702	0.00027362276541408243	1.242244558524818e-05
rule_a_one_step	metastatic::ESR1+RB1	metastatic::BRCA2+ESR1+RB1	same_stage_one_event	BRCA2	1	0.045573704969558364	9.120758847136082e-05	4.1566677279786905e-06
rule_a_one_step	metastatic::BRCA2+RB1	metastatic::BRCA2+ESR1+RB1	same_stage_one_event	ESR1	1	0.06966513339094331	9.120758847136082e-05	6.353988817123614e-06
rule_a_one_step	metastatic::BRCA2+ESR1	metastatic::BRCA2+ESR1+RB1	same_stage_one_event	RB1	1	0.030075860169237554	0.0009120758847136082	2.7431466772380112e-05
rule_a_one_step	metastatic::GATA3+PTEN+TP53	metastatic::BRCA2+GATA3+PTEN+TP53	same_stage_one_event	BRCA2	1	0.048068147108337504	0.00018241517694272163	8.768359560076159e-06
rule_a_one_step	metastatic::BRCA2+GATA3+TP53	metastatic::BRCA2+GATA3+PTEN+TP53	same_stage_one_event	PTEN	1	0.028392646919569654	9.120758847136082e-05	2.589624855852759e-06
rule_a_one_step	metastatic::GATA3+TP53	metastatic::BRCA2+GATA3+TP53	same_stage_one_event	BRCA2	1	0.0437957008288103	0.003465888361911711	0.00015179100980434069
rule_a_one_step	metastatic::BRCA2+TP53	metastatic::BRCA2+GATA3+TP53	same_stage_one_event	GATA3	1	0.04000935205061872	0.002918642831083546	0.0001167730085388361
rule_a_one_step	metastatic::BRCA2+GATA3	metastatic::BRCA2+GATA3+TP53	same_stage_one_event	TP53	1	0.02153730521053432	0.0007296607077708865	1.5714925363396073e-05
rule_a_one_step	metastatic::MAP3K1	metastatic::BRCA2+MAP3K1	same_stage_one_event	BRCA2	1	0.025110827539321284	0.002006566946369938	5.038655653639806e-05
rule_a_one_step	metastatic::BRCA2	metastatic::BRCA2+MAP3K1	same_stage_one_event	MAP3K1	1	0.06080676078067912	0.002462604888726742	0.00014974302636613793
rule_a_one_step	metastatic::BRCA2+NF1	metastatic::BRCA2+MAP3K1+NF1	same_stage_one_event	MAP3K1	1	0.06217028777931102	0.00018241517694272163	1.1340804045842945e-05
rule_a_one_step	metastatic::BRCA2+MAP3K1	metastatic::BRCA2+MAP3K1+NF1	same_stage_one_event	NF1	1	0.04353626048056081	9.120758847136082e-05	3.970837329492959e-06
rule_a_one_step	metastatic::MAP3K1+PIK3CA+RB1+TP53	metastatic::BRCA2+MAP3K1+PIK3CA+RB1+TP53	same_stage_one_event	BRCA2	1	0.09401169455509666	0.00018241517694272163	1.7149159896953057e-05
rule_a_one_step	metastatic::BRCA2+PIK3CA+RB1+TP53	metastatic::BRCA2+MAP3K1+PIK3CA+RB1+TP53	same_stage_one_event	MAP3K1	1	0.23558572002985584	0.00018241517694272163	4.297441080442463e-05
rule_a_one_step	metastatic::BRCA2+MAP3K1+PIK3CA+TP53	metastatic::BRCA2+MAP3K1+PIK3CA+RB1+TP53	same_stage_one_event	RB1	1	0.0828262649959701	0.00036483035388544326	3.0217535569489272e-05
rule_a_one_step	metastatic::BRCA2+RB1	metastatic::BRCA2+MAP3K1+RB1	same_stage_one_event	MAP3K1	1	0.06414185053800087	9.120758847136082e-05	5.850223507661516e-06
rule_a_one_step	metastatic::BRCA2+MAP3K1	metastatic::BRCA2+MAP3K1+RB1	same_stage_one_event	RB1	1	0.012818419081865607	9.120758847136082e-05	1.169137092472237e-06
rule_a_one_step	metastatic::NF1+PIK3CA	metastatic::BRCA2+NF1+PIK3CA	same_stage_one_event	BRCA2	1	0.0267214069683447	0.0010944910616563297	2.9246341081734438e-05
rule_a_one_step	metastatic::BRCA2+PIK3CA	metastatic::BRCA2+NF1+PIK3CA	same_stage_one_event	NF1	1	0.08056739889614674	0.0011856986501276906	9.552865611546038e-05
rule_a_one_step	metastatic::BRCA2+NF1	metastatic::BRCA2+NF1+PIK3CA	same_stage_one_event	PIK3CA	1	0.38213202784580463	0.00018241517694272163	6.970668147497348e-05
rule_a_one_step	metastatic::NF1+PIK3CA+PTEN+TP53	metastatic::BRCA2+NF1+PIK3CA+PTEN+TP53	same_stage_one_event	BRCA2	1	0.06789918910954391	0.0004560379423568041	3.096460648921193e-05
rule_a_one_step	metastatic::BRCA2+PIK3CA+PTEN+TP53	metastatic::BRCA2+NF1+PIK3CA+PTEN+TP53	same_stage_one_event	NF1	1	0.2164411407845048	0.00027362276541408243	5.922322349083495e-05
rule_a_one_step	metastatic::BRCA2+NF1+PTEN+TP53	metastatic::BRCA2+NF1+PIK3CA+PTEN+TP53	same_stage_one_event	PIK3CA	1	0.6122374838658002	9.120758847136082e-05	5.584070447517331e-05
rule_a_one_step	metastatic::BRCA2+NF1+PIK3CA+TP53	metastatic::BRCA2+NF1+PIK3CA+PTEN+TP53	same_stage_one_event	PTEN	1	0.03655259722712475	0.00027362276541408243	1.0001622736352995e-05
rule_a_one_step	metastatic::NF1+PTEN+TP53	metastatic::BRCA2+NF1+PTEN+TP53	same_stage_one_event	BRCA2	1	0.05790608557609168	0.00027362276541408243	1.5844423269634714e-05
rule_a_one_step	metastatic::PIK3CA+RUNX1	metastatic::BRCA2+PIK3CA+RUNX1	same_stage_one_event	BRCA2	1	0.029300857756264655	0.0004560379423568041	1.3362302880456337e-05
rule_a_one_step	metastatic::BRCA2+PIK3CA	metastatic::BRCA2+PIK3CA+RUNX1	same_stage_one_event	RUNX1	1	0.06585883956989412	0.0011856986501276906	7.80887371769996e-05
rule_a_one_step	metastatic::PTEN	metastatic::BRCA2+PTEN	same_stage_one_event	BRCA2	1	0.02153452490579847	0.0036483035388544327	7.856448342137348e-05
rule_a_one_step	metastatic::BRCA2	metastatic::BRCA2+PTEN	same_stage_one_event	PTEN	1	0.07024604133654282	0.002462604888726742	0.00017298824480907116
rule_a_one_step	metastatic::PTEN+RB1	metastatic::BRCA2+PTEN+RB1	same_stage_one_event	BRCA2	1	0.026416711006388812	9.120758847136082e-05	2.4094045062375786e-06
rule_a_one_step	metastatic::BRCA2+RB1	metastatic::BRCA2+PTEN+RB1	same_stage_one_event	PTEN	1	0.08520146208393778	9.120758847136082e-05	7.77101989091005e-06
rule_a_one_step	metastatic::BRCA2+PTEN	metastatic::BRCA2+PTEN+RB1	same_stage_one_event	RB1	1	0.031240963556387967	9.120758847136082e-05	2.8494129474998145e-06
rule_a_one_step	metastatic::RB1	metastatic::BRCA2+RB1	same_stage_one_event	BRCA2	1	0.0215041237993028	0.0011856986501276906	2.5497410561012078e-05
rule_a_one_step	metastatic::BRCA2	metastatic::BRCA2+RB1	same_stage_one_event	RB1	1	0.021207759858823567	0.002462604888726742	5.222633310728168e-05
rule_a_one_step	metastatic::ESR1	metastatic::CBFB+ESR1	same_stage_one_event	CBFB	1	0.006127847464695197	0.0068405691353520615	4.191796423313934e-05
rule_a_one_step	metastatic::CBFB	metastatic::CBFB+ESR1	same_stage_one_event	ESR1	1	0.04570595396436273	0.00036483035388544326	1.6674919359490233e-05
rule_a_one_step	metastatic::CBFB+GATA3+MAP3K1	metastatic::CBFB+ESR1+GATA3+MAP3K1	same_stage_one_event	ESR1	1	0.1135276044676779	9.120758847136082e-05	1.035457902842739e-05
rule_a_one_step	metastatic::CBFB+ESR1+GATA3	metastatic::CBFB+ESR1+GATA3+MAP3K1	same_stage_one_event	MAP3K1	1	0.06839075354741024	0.00027362276541408243	1.871326711439536e-05
rule_a_one_step	metastatic::ESR1+GATA3+PIK3CA	metastatic::CBFB+ESR1+GATA3+PIK3CA	same_stage_one_event	CBFB	1	0.4396014298655928	0.0012769062385990515	0.0005613298082924389
rule_a_one_step	metastatic::CBFB+GATA3+PIK3CA	metastatic::CBFB+ESR1+GATA3+PIK3CA	same_stage_one_event	ESR1	1	0.15645799905516183	0.0006384531192995258	9.989109753613032e-05
rule_a_one_step	metastatic::CBFB+ESR1+PIK3CA	metastatic::CBFB+ESR1+GATA3+PIK3CA	same_stage_one_event	GATA3	1	0.18271809599964145	0.00027362276541408243	4.9995830718617686e-05
rule_a_one_step	metastatic::CBFB+ESR1+GATA3	metastatic::CBFB+ESR1+GATA3+PIK3CA	same_stage_one_event	PIK3CA	1	0.564704753040055	0.00027362276541408243	0.00015451607616929632
rule_a_one_step	metastatic::ESR1+GATA3+TP53	metastatic::CBFB+ESR1+GATA3+TP53	same_stage_one_event	CBFB	1	0.025720620801801916	0.0005472455308281649	1.407549478391203e-05
rule_a_one_step	metastatic::CBFB+GATA3+TP53	metastatic::CBFB+ESR1+GATA3+TP53	same_stage_one_event	ESR1	1	0.055490408983111916	9.120758847136082e-05	5.061146386639175e-06
rule_a_one_step	metastatic::CBFB+ESR1+GATA3	metastatic::CBFB+ESR1+GATA3+TP53	same_stage_one_event	TP53	1	0.007182159830621854	0.00027362276541408243	1.9652024345006896e-06
rule_a_one_step	metastatic::ESR1+PIK3CA+TP53	metastatic::CBFB+ESR1+PIK3CA+TP53	same_stage_one_event	CBFB	1	0.025741345997896597	0.0011856986501276906	3.0521479202175826e-05
rule_a_one_step	metastatic::CBFB+PIK3CA+TP53	metastatic::CBFB+ESR1+PIK3CA+TP53	same_stage_one_event	ESR1	1	0.027882579831760193	0.00018241517694272163	5.086205733630097e-06
rule_a_one_step	metastatic::CBFB+ESR1+PIK3CA	metastatic::CBFB+ESR1+PIK3CA+TP53	same_stage_one_event	TP53	1	0.010177008960587899	0.00027362276541408243	2.7846613354399576e-06
rule_a_one_step	metastatic::GATA3+MAP2K4	metastatic::CBFB+GATA3+MAP2K4	same_stage_one_event	CBFB	1	0.12765400721058912	0.0006384531192995258	8.150109909468477e-05
rule_a_one_step	metastatic::CBFB+GATA3	metastatic::CBFB+GATA3+MAP2K4	same_stage_one_event	MAP2K4	1	0.030874015204834553	0.0006384531192995258	1.9711611312827607e-05
rule_a_one_step	metastatic::GATA3+MAP3K1	metastatic::CBFB+GATA3+MAP3K1	same_stage_one_event	CBFB	1	0.10297458209800349	0.0005472455308281649	5.6352379842030366e-05
rule_a_one_step	metastatic::CBFB+MAP3K1	metastatic::CBFB+GATA3+MAP3K1	same_stage_one_event	GATA3	1	0.14816862038219863	9.120758847136082e-05	1.3514102552188858e-05
rule_a_one_step	metastatic::CBFB+GATA3	metastatic::CBFB+GATA3+MAP3K1	same_stage_one_event	MAP3K1	1	0.054093189240818136	0.0006384531192995258	3.453596540365989e-05
rule_a_one_step	metastatic::GATA3+TP53	metastatic::CBFB+GATA3+TP53	same_stage_one_event	CBFB	1	0.050294629534752465	0.003465888361911711	0.00017431557117115958
rule_a_one_step	metastatic::CBFB+TP53	metastatic::CBFB+GATA3+TP53	same_stage_one_event	GATA3	1	0.06600567514580077	0.00018241517694272163	1.2040436910945052e-05
rule_a_one_step	metastatic::CBFB+GATA3	metastatic::CBFB+GATA3+TP53	same_stage_one_event	TP53	1	0.0353870578234789	0.0006384531192995258	2.2592977450232793e-05
rule_a_one_step	metastatic::MAP3K1	metastatic::CBFB+MAP3K1	same_stage_one_event	CBFB	1	0.010216488467886774	0.002006566946369938	2.050006806763125e-05
rule_a_one_step	metastatic::CBFB	metastatic::CBFB+MAP3K1	same_stage_one_event	MAP3K1	1	0.048682028820973965	0.00036483035388544326	1.776068180261728e-05
rule_a_one_step	metastatic::MAP3K1+NF1+PIK3CA+TP53	metastatic::CBFB+MAP3K1+NF1+PIK3CA+TP53	same_stage_one_event	CBFB	1	0.08506998093212702	0.00018241517694272163	1.5518055624247907e-05
rule_a_one_step	metastatic::NF1+TP53	metastatic::CBFB+NF1+TP53	same_stage_one_event	CBFB	1	0.004959948800566673	0.0020977745348412986	1.040485428794541e-05
rule_a_one_step	metastatic::CBFB+TP53	metastatic::CBFB+NF1+TP53	same_stage_one_event	NF1	1	0.0617227060845675	0.00018241517694272163	1.1259158351799982e-05
rule_a_one_step	metastatic::PIK3CA+PTEN+TP53	metastatic::CBFB+PIK3CA+PTEN+TP53	same_stage_one_event	CBFB	1	0.03654875018481677	0.0018241517694272164	6.667046731998681e-05
rule_a_one_step	metastatic::CBFB+PIK3CA+TP53	metastatic::CBFB+PIK3CA+PTEN+TP53	same_stage_one_event	PTEN	1	0.03385264876790092	0.00018241517694272163	6.175236914976454e-06
rule_a_one_step	metastatic::PTEN	metastatic::CBFB+PTEN	same_stage_one_event	CBFB	1	0.006034379472164494	0.0036483035388544327	2.2015247983088266e-05
rule_a_one_step	metastatic::CBFB	metastatic::CBFB+PTEN	same_stage_one_event	PTEN	1	0.05644971682346681	0.00036483035388544326	2.0594570165438456e-05
rule_a_one_step	metastatic::RUNX1	metastatic::CBFB+RUNX1	same_stage_one_event	CBFB	1	0.008549182372401373	0.0004560379423568041	3.898751537942983e-06
rule_a_one_step	metastatic::CBFB	metastatic::CBFB+RUNX1	same_stage_one_event	RUNX1	1	0.011782413082174634	0.00036483035388544326	4.298581934394248e-06
rule_a_one_step	metastatic::GATA3+MAP2K4+PIK3CA	metastatic::ESR1+GATA3+MAP2K4+PIK3CA	same_stage_one_event	ESR1	1	0.0758822825836334	0.00018241517694272163	1.384208000431109e-05
rule_a_one_step	metastatic::ESR1+MAP2K4+PIK3CA	metastatic::ESR1+GATA3+MAP2K4+PIK3CA	same_stage_one_event	GATA3	1	0.24513824186957997	0.0004560379423568041	0.00011179233941516781
rule_a_one_step	metastatic::ESR1+GATA3+PIK3CA	metastatic::ESR1+GATA3+MAP2K4+PIK3CA	same_stage_one_event	MAP2K4	1	0.08914306769724688	0.0012769062385990515	0.00011382733927047213
rule_a_one_step	metastatic::ESR1+GATA3+MAP2K4	metastatic::ESR1+GATA3+MAP2K4+PIK3CA	same_stage_one_event	PIK3CA	1	0.5646391725750183	0.00036483035388544326	0.0002059975091481278
rule_a_one_step	metastatic::ESR1+GATA3+MAP3K1+PIK3CA	metastatic::ESR1+GATA3+MAP3K1+NF1+PIK3CA	same_stage_one_event	NF1	1	0.022950283820973912	0.00027362276541408243	6.279720126132956e-06
rule_a_one_step	metastatic::ESR1+PIK3CA+PTEN	metastatic::ESR1+GATA3+PIK3CA+PTEN	same_stage_one_event	GATA3	1	0.14000656495676747	9.120758847136082e-05	1.2769661159865694e-05
rule_a_one_step	metastatic::ESR1+GATA3+PTEN	metastatic::ESR1+GATA3+PIK3CA+PTEN	same_stage_one_event	PIK3CA	1	0.5682287842463131	0.00018241517694272163	0.00010365355422223879
rule_a_one_step	metastatic::ESR1+GATA3+PIK3CA	metastatic::ESR1+GATA3+PIK3CA+PTEN	same_stage_one_event	PTEN	1	0.008261239354957898	0.0012769062385990515	1.0548828070905744e-05
rule_a_one_step	metastatic::GATA3+PIK3CA+RB1	metastatic::ESR1+GATA3+PIK3CA+RB1	same_stage_one_event	ESR1	1	0.0649003572284757	0.00027362276541408243	1.7758215221217355e-05
rule_a_one_step	metastatic::ESR1+PIK3CA+RB1	metastatic::ESR1+GATA3+PIK3CA+RB1	same_stage_one_event	GATA3	1	0.15321489569166685	0.00018241517694272163	2.7948722307856048e-05
rule_a_one_step	metastatic::ESR1+GATA3+RB1	metastatic::ESR1+GATA3+PIK3CA+RB1	same_stage_one_event	PIK3CA	1	0.37720511253653627	0.00018241517694272163	6.880793734705149e-05
rule_a_one_step	metastatic::ESR1+GATA3+PIK3CA	metastatic::ESR1+GATA3+PIK3CA+RB1	same_stage_one_event	RB1	1	0.02426096348299368	0.0012769062385990515	3.09789756258584e-05
rule_a_one_step	metastatic::GATA3+PIK3CA+RUNX1	metastatic::ESR1+GATA3+PIK3CA+RUNX1	same_stage_one_event	ESR1	1	0.06442733615145814	9.120758847136082e-05	5.876261962008221e-06
rule_a_one_step	metastatic::ESR1+GATA3+PIK3CA	metastatic::ESR1+GATA3+PIK3CA+RUNX1	same_stage_one_event	RUNX1	1	0.06564768676207511	0.0012769062385990515	8.382594077609008e-05
rule_a_one_step	metastatic::GATA3+RB1+TP53	metastatic::ESR1+GATA3+RB1+TP53	same_stage_one_event	ESR1	1	0.06974940081870463	0.00036483035388544326	2.544669858398564e-05
rule_a_one_step	metastatic::ESR1+RB1+TP53	metastatic::ESR1+GATA3+RB1+TP53	same_stage_one_event	GATA3	1	0.08193342763806818	0.00018241517694272163	1.4945900700121886e-05
rule_a_one_step	metastatic::ESR1+GATA3+TP53	metastatic::ESR1+GATA3+RB1+TP53	same_stage_one_event	RB1	1	0.052247183275558697	0.0005472455308281649	2.8592037545909537e-05
rule_a_one_step	metastatic::ESR1+GATA3+RB1	metastatic::ESR1+GATA3+RB1+TP53	same_stage_one_event	TP53	1	0.022084829977003898	0.00018241517694272163	4.028608168005089e-06
rule_a_one_step	metastatic::MAP2K4+PTEN+TP53	metastatic::ESR1+MAP2K4+PTEN+TP53	same_stage_one_event	ESR1	1	0.023187356503528777	9.120758847136082e-05	2.1148628697125844e-06
rule_a_one_step	metastatic::ESR1+PTEN+TP53	metastatic::ESR1+MAP2K4+PTEN+TP53	same_stage_one_event	MAP2K4	1	0.0373783554913662	0.00018241517694272163	6.818379330785516e-06
rule_a_one_step	metastatic::ESR1+MAP2K4+TP53	metastatic::ESR1+MAP2K4+PTEN+TP53	same_stage_one_event	PTEN	1	0.045423723244664885	0.00018241517694272163	8.285976513072763e-06
rule_a_one_step	metastatic::NF1+PIK3CA	metastatic::ESR1+NF1+PIK3CA	same_stage_one_event	ESR1	1	0.0489997467435587	0.0010944910616563297	5.3629784834248844e-05
rule_a_one_step	metastatic::ESR1+PIK3CA	metastatic::ESR1+NF1+PIK3CA	same_stage_one_event	NF1	1	0.033952830422674635	0.005381247719810288	0.00018270859129312326
rule_a_one_step	metastatic::PIK3CA+PTEN	metastatic::ESR1+PIK3CA+PTEN	same_stage_one_event	ESR1	1	0.04049132178318344	0.0009120758847136082	3.6931158138620426e-05
rule_a_one_step	metastatic::ESR1+PTEN	metastatic::ESR1+PIK3CA+PTEN	same_stage_one_event	PIK3CA	1	0.3946694645481025	0.0010944910616563297	0.0004319622012565879
rule_a_one_step	metastatic::ESR1+PIK3CA	metastatic::ESR1+PIK3CA+PTEN	same_stage_one_event	PTEN	1	0.02383070119856233	0.005381247719810288	0.00012823890648624384
rule_a_one_step	metastatic::PIK3CA+RB1+TP53	metastatic::ESR1+PIK3CA+RB1+TP53	same_stage_one_event	ESR1	1	0.030320253883641735	0.001003283473184969	3.0419809624230127e-05
rule_a_one_step	metastatic::ESR1+RB1+TP53	metastatic::ESR1+PIK3CA+RB1+TP53	same_stage_one_event	PIK3CA	1	0.3616294590179239	0.00018241517694272163	6.59667017544553e-05
rule_a_one_step	metastatic::ESR1+PIK3CA+TP53	metastatic::ESR1+PIK3CA+RB1+TP53	same_stage_one_event	RB1	1	0.1194131081285882	0.0011856986501276906	0.000141587961115619
rule_a_one_step	metastatic::ESR1+PIK3CA+RB1	metastatic::ESR1+PIK3CA+RB1+TP53	same_stage_one_event	TP53	1	0.02676656448569325	0.00018241517694272163	4.882627596806503e-06
rule_a_one_step	metastatic::PTEN+RB1	metastatic::ESR1+PTEN+RB1	same_stage_one_event	ESR1	1	0.03182615628973417	9.120758847136082e-05	2.9027869654992857e-06
rule_a_one_step	metastatic::ESR1+RB1	metastatic::ESR1+PTEN+RB1	same_stage_one_event	PTEN	1	0.057961924539041386	9.120758847136082e-05	5.2865673603649565e-06
rule_a_one_step	metastatic::ESR1+PTEN	metastatic::ESR1+PTEN+RB1	same_stage_one_event	RB1	1	0.03153923869629536	0.0010944910616563297	3.4519414844540704e-05
rule_a_one_step	metastatic::RB1	metastatic::ESR1+RB1	same_stage_one_event	ESR1	1	0.03627586614866098	0.0011856986501276906	4.301224552468012e-05
rule_a_one_step	metastatic::ESR1	metastatic::ESR1+RB1	same_stage_one_event	RB1	1	0.022044972033725983	0.0068405691353520615	0.00015080015528360532
rule_a_one_step	metastatic::MAP2K4+TP53	metastatic::GATA3+MAP2K4+TP53	same_stage_one_event	GATA3	1	0.06469529876733014	0.0006384531192995258	4.130491530201669e-05
rule_a_one_step	metastatic::GATA3+TP53	metastatic::GATA3+MAP2K4+TP53	same_stage_one_event	MAP2K4	1	0.025623379831393175	0.003465888361911711	8.880777395046886e-05
rule_a_one_step	metastatic::GATA3+MAP2K4	metastatic::GATA3+MAP2K4+TP53	same_stage_one_event	TP53	1	0.023205858279690923	0.0006384531192995258	1.4815852604691395e-05
rule_a_one_step	metastatic::GATA3+NF1	metastatic::GATA3+MAP3K1+NF1	same_stage_one_event	MAP3K1	1	0.043010870113763984	0.00018241517694272163	7.845835482262675e-06
rule_a_one_step	metastatic::GATA3+MAP3K1	metastatic::GATA3+MAP3K1+NF1	same_stage_one_event	NF1	1	0.014685897140495244	0.0005472455308281649	8.036791576338149e-06
rule_a_one_step	metastatic::MAP3K1+PIK3CA+TP53	metastatic::GATA3+MAP3K1+PIK3CA+TP53	same_stage_one_event	GATA3	1	0.062180677535009915	0.0020977745348412986	0.0001304410418921222
rule_a_one_step	metastatic::GATA3+PIK3CA+TP53	metastatic::GATA3+MAP3K1+PIK3CA+TP53	same_stage_one_event	MAP3K1	1	0.1297127874176882	0.0008208682962422473	0.00010647711480839054
rule_a_one_step	metastatic::GATA3+MAP3K1+PIK3CA	metastatic::GATA3+MAP3K1+PIK3CA+TP53	same_stage_one_event	TP53	1	0.001918736239114235	0.00018241517694272163	3.500066105644354e-07
rule_a_one_step	metastatic::GATA3+RB1	metastatic::GATA3+MAP3K1+RB1	same_stage_one_event	MAP3K1	1	0.04770443683098973	9.120758847136082e-05	4.351006642738939e-06
rule_a_one_step	metastatic::GATA3+MAP3K1	metastatic::GATA3+MAP3K1+RB1	same_stage_one_event	RB1	1	0.007866045313987019	0.0005472455308281649	4.304658143371225e-06
rule_a_one_step	metastatic::MAP3K1+RUNX1	metastatic::GATA3+MAP3K1+RUNX1	same_stage_one_event	GATA3	1	0.12910343281646058	9.120758847136082e-05	1.1775212770563716e-05
rule_a_one_step	metastatic::GATA3+MAP3K1	metastatic::GATA3+MAP3K1+RUNX1	same_stage_one_event	RUNX1	1	0.02443117292352043	0.0005472455308281649	1.3369850195286626e-05
rule_a_one_step	metastatic::NF1+PIK3CA	metastatic::GATA3+NF1+PIK3CA	same_stage_one_event	GATA3	1	0.12871949701540647	0.0010944910616563297	0.000140882338944261
rule_a_one_step	metastatic::GATA3+PIK3CA	metastatic::GATA3+NF1+PIK3CA	same_stage_one_event	NF1	1	0.0174392941741148	0.0038307187157971545	6.680503058307384e-05
rule_a_one_step	metastatic::GATA3+NF1	metastatic::GATA3+NF1+PIK3CA	same_stage_one_event	PIK3CA	1	0.4722816661654377	0.00018241517694272163	8.615134370037171e-05
rule_a_one_step	metastatic::PIK3CA+PTEN+TP53	metastatic::GATA3+PIK3CA+PTEN+TP53	same_stage_one_event	GATA3	1	0.03951770479257826	0.0018241517694272164	7.208629112108403e-05
rule_a_one_step	metastatic::GATA3+PTEN+TP53	metastatic::GATA3+PIK3CA+PTEN+TP53	same_stage_one_event	PIK3CA	1	0.5157978222910542	0.00018241517694272163	9.408935101989314e-05
rule_a_one_step	metastatic::GATA3+PIK3CA+TP53	metastatic::GATA3+PIK3CA+PTEN+TP53	same_stage_one_event	PTEN	1	0.01010656555880715	0.0008208682962422473	8.2961592511186e-06
rule_a_one_step	metastatic::PIK3CA+RUNX1	metastatic::GATA3+PIK3CA+RUNX1	same_stage_one_event	GATA3	1	0.12822550714524608	0.0004560379423568041	5.84756964361757e-05
rule_a_one_step	metastatic::GATA3+PIK3CA	metastatic::GATA3+PIK3CA+RUNX1	same_stage_one_event	RUNX1	1	0.04125755425950624	0.0038307187157971545	0.00015804608526990717
rule_a_one_step	metastatic::PIK3CA+RUNX1+TP53	metastatic::GATA3+PIK3CA+RUNX1+TP53	same_stage_one_event	GATA3	1	0.050852609661828814	0.0010944910616563297	5.565772673676995e-05
rule_a_one_step	metastatic::GATA3+PIK3CA+TP53	metastatic::GATA3+PIK3CA+RUNX1+TP53	same_stage_one_event	RUNX1	1	0.10625876059232107	0.0008208682962422473	8.722444776823145e-05
rule_a_one_step	metastatic::GATA3+PIK3CA+RUNX1	metastatic::GATA3+PIK3CA+RUNX1+TP53	same_stage_one_event	TP53	1	0.00455783016173398	9.120758847136082e-05	4.157086977137888e-07
rule_a_one_step	metastatic::PTEN+RB1+TP53	metastatic::GATA3+PTEN+RB1+TP53	same_stage_one_event	GATA3	1	0.06326483931766308	0.00036483035388544326	2.3080933716768728e-05
rule_a_one_step	metastatic::GATA3+RB1+TP53	metastatic::GATA3+PTEN+RB1+TP53	same_stage_one_event	PTEN	1	0.03589893050439567	0.00036483035388544326	1.3097019520027605e-05
rule_a_one_step	metastatic::GATA3+PTEN+TP53	metastatic::GATA3+PTEN+RB1+TP53	same_stage_one_event	RB1	1	0.06208893968146693	0.00018241517694272163	1.132596491818076e-05
rule_a_one_step	metastatic::RB1	metastatic::GATA3+RB1	same_stage_one_event	GATA3	1	0.09724963121995113	0.0011856986501276906	0.00011530875646291178
rule_a_one_step	metastatic::GATA3	metastatic::GATA3+RB1	same_stage_one_event	RB1	1	0.01561466481936316	0.015322874863188618	0.0002392615550577354
rule_a_one_step	metastatic::MAP2K4+NF1	metastatic::MAP2K4+MAP3K1+NF1	same_stage_one_event	MAP3K1	1	0.02123971060476826	9.120758847136082e-05	1.9372227840905016e-06
rule_a_one_step	metastatic::NF1	metastatic::MAP2K4+NF1	same_stage_one_event	MAP2K4	1	0.013910189809424912	0.0009120758847136082	1.2687148676965444e-05
rule_a_one_step	metastatic::MAP2K4	metastatic::MAP2K4+NF1	same_stage_one_event	NF1	1	0.02623722156936176	0.0017329441809558555	4.546764044307492e-05
rule_a_one_step	metastatic::MAP2K4+PTEN	metastatic::MAP2K4+NF1+PTEN	same_stage_one_event	NF1	1	0.03924575618089075	9.120758847136082e-05	3.5795107789940488e-06
rule_a_one_step	metastatic::MAP2K4+NF1	metastatic::MAP2K4+NF1+PTEN	same_stage_one_event	PTEN	1	0.054745084204127444	9.120758847136082e-05	4.993167110920052e-06
rule_a_one_step	metastatic::PTEN	metastatic::MAP2K4+PTEN	same_stage_one_event	MAP2K4	1	0.020666499332304963	0.0036483035388544327	7.539766264978096e-05
rule_a_one_step	metastatic::MAP2K4	metastatic::MAP2K4+PTEN	same_stage_one_event	PTEN	1	0.06142984813919625	0.0017329441809558555	0.00010645449786982202
rule_a_one_step	metastatic::PTEN+TP53	metastatic::MAP2K4+PTEN+TP53	same_stage_one_event	MAP2K4	1	0.03476872630040614	0.006202116016052536	0.00021563967424549594
rule_a_one_step	metastatic::MAP2K4+TP53	metastatic::MAP2K4+PTEN+TP53	same_stage_one_event	PTEN	1	0.06659049778925484	0.0006384531192995258	4.2514911029257926e-05
rule_a_one_step	metastatic::MAP2K4+PTEN	metastatic::MAP2K4+PTEN+TP53	same_stage_one_event	TP53	1	0.22231725609934508	9.120758847136082e-05	2.0277020804391195e-05
rule_a_one_step	metastatic::MAP3K1+PTEN	metastatic::MAP3K1+NF1+PTEN	same_stage_one_event	NF1	1	0.03164602322389701	9.120758847136082e-05	2.8863574629603254e-06
rule_a_one_step	metastatic::PTEN	metastatic::MAP3K1+PTEN	same_stage_one_event	MAP3K1	1	0.037148229810383834	0.0036483035388544327	0.00013552801827940107
rule_a_one_step	metastatic::MAP3K1	metastatic::MAP3K1+PTEN	same_stage_one_event	PTEN	1	0.054958395050608885	0.002006566946369938	0.00011027769893409299
rule_a_one_step	metastatic::RUNX1	metastatic::MAP3K1+RUNX1	same_stage_one_event	MAP3K1	1	0.04130861180886659	0.0004560379423568041	1.8838294330931496e-05
rule_a_one_step	metastatic::MAP3K1	metastatic::MAP3K1+RUNX1	same_stage_one_event	RUNX1	1	0.017087057163683386	0.002006566946369938	3.4286324115380744e-05
rule_a_one_step	metastatic::RUNX1+TP53	metastatic::MAP3K1+RUNX1+TP53	same_stage_one_event	MAP3K1	1	0.04714632242769653	0.0017329441809558555	8.170194510454524e-05
rule_a_one_step	metastatic::MAP3K1+TP53	metastatic::MAP3K1+RUNX1+TP53	same_stage_one_event	RUNX1	1	0.034085521684146365	0.0022801897117840204	7.772145586498168e-05
rule_a_one_step	metastatic::MAP3K1+RUNX1	metastatic::MAP3K1+RUNX1+TP53	same_stage_one_event	TP53	1	0.13011210409097881	9.120758847136082e-05	1.1867211245072858e-05
rule_a_one_step	metastatic::PIK3CA+RB1	metastatic::NF1+PIK3CA+RB1	same_stage_one_event	NF1	1	0.04970445672287556	0.0010944910616563297	5.4401083607671164e-05
rule_a_one_step	metastatic::NF1+PIK3CA	metastatic::NF1+PIK3CA+RB1	same_stage_one_event	RB1	1	0.030652463716381962	0.0010944910616563297	3.354884755532502e-05
rule_a_one_step	metastatic::PIK3CA+RB1+TP53	metastatic::NF1+PIK3CA+RB1+TP53	same_stage_one_event	NF1	1	0.13216931652315683	0.001003283473184969	0.0001326032909298363
rule_a_one_step	metastatic::NF1+RB1+TP53	metastatic::NF1+PIK3CA+RB1+TP53	same_stage_one_event	PIK3CA	1	0.43985219800970027	0.00018241517694272163	8.02357165285845e-05
rule_a_one_step	metastatic::NF1+PIK3CA+TP53	metastatic::NF1+PIK3CA+RB1+TP53	same_stage_one_event	RB1	1	0.11398126278259016	0.0027362276541408243	0.00031187868327961553
rule_a_one_step	metastatic::NF1+PIK3CA+RB1	metastatic::NF1+PIK3CA+RB1+TP53	same_stage_one_event	TP53	1	0.12464037354116021	9.120758847136082e-05	1.136814789685883e-05
rule_a_one_step	metastatic::PIK3CA+RUNX1+TP53	metastatic::NF1+PIK3CA+RUNX1+TP53	same_stage_one_event	NF1	1	0.12781414669828417	0.0010944910616563297	0.00013989144111450292
rule_a_one_step	metastatic::NF1+PIK3CA+TP53	metastatic::NF1+PIK3CA+RUNX1+TP53	same_stage_one_event	RUNX1	1	0.11831169343039842	0.0027362276541408243	0.00032372772737248744
rule_a_one_step	metastatic::PTEN+RUNX1+TP53	metastatic::NF1+PTEN+RUNX1+TP53	same_stage_one_event	NF1	1	0.08587983884106198	9.120758847136082e-05	7.83289299900237e-06
rule_a_one_step	metastatic::NF1+PTEN+TP53	metastatic::NF1+PTEN+RUNX1+TP53	same_stage_one_event	RUNX1	1	0.023821621040910998	0.00027362276541408243	6.51813782586036e-06
rule_a_one_step	metastatic::PTEN+RB1+TP53	metastatic::PIK3CA+PTEN+RB1+TP53	same_stage_one_event	PIK3CA	1	0.37611174399808117	0.00036483035388544326	0.0001372169806632912
rule_a_one_step	metastatic::PIK3CA+RB1+TP53	metastatic::PIK3CA+PTEN+RB1+TP53	same_stage_one_event	PTEN	1	0.036763103394895275	0.001003283473184969	3.688381405908866e-05
rule_a_one_step	metastatic::PIK3CA+PTEN+TP53	metastatic::PIK3CA+PTEN+RB1+TP53	same_stage_one_event	RB1	1	0.13632719896900858	0.0018241517694272164	0.0002486815012203732
rule_a_one_step	metastatic::RB1+RUNX1+TP53	metastatic::PIK3CA+RB1+RUNX1+TP53	same_stage_one_event	PIK3CA	1	0.33426532923565316	9.120758847136082e-05	3.0487534589169388e-05
rule_a_one_step	metastatic::PIK3CA+RUNX1+TP53	metastatic::PIK3CA+RB1+RUNX1+TP53	same_stage_one_event	RB1	1	0.11818645066812417	0.0010944910616563297	0.00012935401386514865
rule_a_one_step	metastatic::PIK3CA+RB1+TP53	metastatic::PIK3CA+RB1+RUNX1+TP53	same_stage_one_event	RUNX1	1	0.12669015247578647	0.001003283473184969	0.00012710613619424036
rule_a_one_step	metastatic::RB1	metastatic::PTEN+RB1	same_stage_one_event	PTEN	1	0.044743135140986046	0.0011856986501276906	5.305187493914799e-05
rule_a_one_step	metastatic::PTEN	metastatic::PTEN+RB1	same_stage_one_event	RB1	1	0.01745514472883301	0.0036483035388544327	6.368166628541776e-05
rule_a_one_step	metastatic::RUNX1	metastatic::PTEN+RUNX1	same_stage_one_event	PTEN	1	0.0474246324350581	0.0004560379423568041	2.1627431792711647e-05
rule_a_one_step	metastatic::PTEN	metastatic::PTEN+RUNX1	same_stage_one_event	RUNX1	1	0.008794002966909633	0.0036483035388544327	3.208319214487279e-05
rule_a_one_step	metastatic::RUNX1+TP53	metastatic::PTEN+RUNX1+TP53	same_stage_one_event	PTEN	1	0.0674075945986475	0.0017329441809558555	0.00011681359881195753
rule_a_one_step	metastatic::PTEN+TP53	metastatic::PTEN+RUNX1+TP53	same_stage_one_event	RUNX1	1	0.027342204274139647	0.006202116016052536	0.0001695795230428216
rule_a_one_step	metastatic::PTEN+RUNX1	metastatic::PTEN+RUNX1+TP53	same_stage_one_event	TP53	1	0.39549433812400875	9.120758847136082e-05	3.607208483436782e-05
rule_a_one_step	metastatic::RUNX1+TP53	metastatic::RB1+RUNX1+TP53	same_stage_one_event	RB1	1	0.066078212521924	0.0017329441809558555	0.00011450985387783255
rule_a_one_step	metastatic::RB1+TP53	metastatic::RB1+RUNX1+TP53	same_stage_one_event	RUNX1	1	0.03812540533036308	0.00337468077344035	0.0001286610723479965
rule_a_one_step	primary::ATM+BRCA2+PIK3CA+TP53	primary::AKT1+ATM+BRCA2+PIK3CA+TP53	same_stage_one_event	AKT1	1	0.01751766339397635	0.00018241517694272163	3.1954876676352336e-06
rule_a_one_step	primary::ATM+GATA3	primary::AKT1+ATM+GATA3	same_stage_one_event	AKT1	1	0.10317704866076288	0.001459321415541773	0.0001505684767030469
rule_a_one_step	primary::AKT1+GATA3	primary::AKT1+ATM+GATA3	same_stage_one_event	ATM	1	0.06333249823938959	0.002462604888726742	0.0001559629197795986
rule_a_one_step	primary::AKT1+ATM	primary::AKT1+ATM+GATA3	same_stage_one_event	GATA3	1	0.1612720963920478	0.00027362276541408243	4.4127716998918584e-05
rule_a_one_step	primary::AKT1+RUNX1	primary::AKT1+ATM+RUNX1	same_stage_one_event	ATM	1	0.04249180277583342	0.00027362276541408243	1.1626724582953325e-05
rule_a_one_step	primary::AKT1+ATM	primary::AKT1+ATM+RUNX1	same_stage_one_event	RUNX1	1	0.05611518363561227	0.00027362276541408243	1.5354391728095293e-05
rule_a_one_step	primary::BRCA1	primary::AKT1+BRCA1	same_stage_one_event	AKT1	1	0.029779464258985186	0.001550529004013134	4.617392305752902e-05
rule_a_one_step	primary::AKT1	primary::AKT1+BRCA1	same_stage_one_event	BRCA1	1	0.025446436686006237	0.007114191900766144	0.00018103083377494405
rule_a_one_step	primary::AKT1+BRCA2+ESR1	primary::AKT1+BRCA1+BRCA2+ESR1	same_stage_one_event	BRCA1	1	0.046949623813625066	9.120758847136082e-05	4.282161967678317e-06
rule_a_one_step	primary::BRCA1+TP53	primary::AKT1+BRCA1+TP53	same_stage_one_event	AKT1	1	0.050050489261555364	0.00665815395840934	0.000333243863197149
rule_a_one_step	primary::AKT1+TP53	primary::AKT1+BRCA1+TP53	same_stage_one_event	BRCA1	1	0.07003771991781586	0.0051988325428675665	0.00036411437753698504
rule_a_one_step	primary::AKT1+BRCA1	primary::AKT1+BRCA1+TP53	same_stage_one_event	TP53	1	0.29012978983360926	9.120758847136082e-05	2.6462038474426236e-05
rule_a_one_step	primary::BRCA2	primary::AKT1+BRCA2	same_stage_one_event	AKT1	1	0.03889210783206676	0.00337468077344035	0.00013124844853944453
rule_a_one_step	primary::AKT1	primary::AKT1+BRCA2	same_stage_one_event	BRCA2	1	0.037647004992398744	0.007114191900766144	0.0002678280180050257
rule_a_one_step	primary::BRCA2+ESR1	primary::AKT1+BRCA2+ESR1	same_stage_one_event	AKT1	1	0.04866298586312871	9.120758847136082e-05	4.4384335883918925e-06
rule_a_one_step	primary::AKT1+ESR1	primary::AKT1+BRCA2+ESR1	same_stage_one_event	BRCA2	1	0.06000647919145141	0.00018241517694272163	1.0946092519418354e-05
rule_a_one_step	primary::AKT1+BRCA2	primary::AKT1+BRCA2+ESR1	same_stage_one_event	ESR1	1	0.08659333320937579	9.120758847136082e-05	7.897969099724169e-06
rule_a_one_step	primary::AKT1+MAP3K1+NF1+TP53	primary::AKT1+BRCA2+MAP3K1+NF1+TP53	same_stage_one_event	BRCA2	1	0.09555364074369069	9.120758847136082e-05	8.715217141890796e-06
rule_a_one_step	primary::BRCA2+NF1	primary::AKT1+BRCA2+NF1	same_stage_one_event	AKT1	1	0.035306068171039304	9.120758847136082e-05	3.2201813362859636e-06
rule_a_one_step	primary::AKT1+NF1	primary::AKT1+BRCA2+NF1	same_stage_one_event	BRCA2	1	0.037737798773411074	0.00018241517694272163	6.883947240680604e-06
rule_a_one_step	primary::AKT1+BRCA2	primary::AKT1+BRCA2+NF1	same_stage_one_event	NF1	1	0.11320239778435562	9.120758847136082e-05	1.0324917711086795e-05
rule_a_one_step	primary::CBFB+ESR1+GATA3	primary::AKT1+CBFB+ESR1+GATA3	same_stage_one_event	AKT1	1	0.12070401224348425	0.00018241517694272163	2.2018243751091615e-05
rule_a_one_step	primary::AKT1+CBFB+GATA3	primary::AKT1+CBFB+ESR1+GATA3	same_stage_one_event	ESR1	1	0.22192605627326575	0.0009120758847136082	0.00020241340411644086
rule_a_one_step	primary::CBFB+PIK3CA	primary::AKT1+CBFB+PIK3CA	same_stage_one_event	AKT1	1	0.024725412369524913	0.004377964246625319	0.00010824697133684748
rule_a_one_step	primary::AKT1+PIK3CA	primary::AKT1+CBFB+PIK3CA	same_stage_one_event	CBFB	1	0.22774923390401508	0.0008208682962422473	0.00018695212560526593
rule_a_one_step	primary::AKT1+CBFB	primary::AKT1+CBFB+PIK3CA	same_stage_one_event	PIK3CA	1	0.11877053972465694	0.0005472455308281649	6.499664705836752e-05
rule_a_one_step	primary::CBFB+PTEN	primary::AKT1+CBFB+PTEN	same_stage_one_event	AKT1	1	0.0236025685752096	0.00018241517694272163	4.3054667229495806e-06
rule_a_one_step	primary::AKT1+PTEN	primary::AKT1+CBFB+PTEN	same_stage_one_event	CBFB	1	0.03400728740255553	9.120758847136082e-05	3.1017226744395772e-06
rule_a_one_step	primary::AKT1+CBFB	primary::AKT1+CBFB+PTEN	same_stage_one_event	PTEN	1	0.03858299720733482	0.0005472455308281649	2.1114372787669543e-05
rule_a_one_step	primary::CBFB+TP53	primary::AKT1+CBFB+TP53	same_stage_one_event	AKT1	1	0.04745170618438167	0.0005472455308281649	2.5967734139574064e-05
rule_a_one_step	primary::AKT1+TP53	primary::AKT1+CBFB+TP53	same_stage_one_event	CBFB	1	0.023643445990774236	0.0051988325428675665	0.0001229183164423688
rule_a_one_step	primary::AKT1+CBFB	primary::AKT1+CBFB+TP53	same_stage_one_event	TP53	1	0.15188053796525827	0.0005472455308281649	8.311594562126501e-05
rule_a_one_step	primary::GATA3+MAP3K1+PIK3CA	primary::AKT1+GATA3+MAP3K1+PIK3CA	same_stage_one_event	AKT1	1	0.027963021255668487	0.0018241517694272164	5.100879470205853e-05
rule_a_one_step	primary::AKT1+MAP3K1+PIK3CA	primary::AKT1+GATA3+MAP3K1+PIK3CA	same_stage_one_event	GATA3	1	0.08257921897312334	0.00027362276541408243	2.2595554261161073e-05
rule_a_one_step	primary::AKT1+GATA3+PIK3CA	primary::AKT1+GATA3+MAP3K1+PIK3CA	same_stage_one_event	MAP3K1	1	0.08408871377590968	0.00027362276541408243	2.3008586403477656e-05
rule_a_one_step	primary::AKT1+GATA3+MAP3K1	primary::AKT1+GATA3+MAP3K1+PIK3CA	same_stage_one_event	PIK3CA	1	0.18795485210379848	0.00036483035388544326	6.857163520751494e-05
rule_a_one_step	primary::MAP2K4+NF1+TP53	primary::AKT1+MAP2K4+NF1+TP53	same_stage_one_event	AKT1	1	0.04389032449129892	9.120758847136082e-05	4.00313065407688e-06
rule_a_one_step	primary::AKT1+NF1+TP53	primary::AKT1+MAP2K4+NF1+TP53	same_stage_one_event	MAP2K4	1	0.060484509830925244	0.00027362276541408243	1.654993884465302e-05
rule_a_one_step	primary::AKT1+MAP2K4+TP53	primary::AKT1+MAP2K4+NF1+TP53	same_stage_one_event	NF1	1	0.17861799812571302	0.00018241517694272163	3.258263373325666e-05
rule_a_one_step	primary::AKT1+NF1+TP53	primary::AKT1+MAP3K1+NF1+TP53	same_stage_one_event	MAP3K1	1	0.11304580131403026	0.00027362276541408243	3.093190477399588e-05
rule_a_one_step	primary::AKT1+MAP3K1+TP53	primary::AKT1+MAP3K1+NF1+TP53	same_stage_one_event	NF1	1	0.15688129350996236	9.120758847136082e-05	1.4308764457311415e-05
rule_a_one_step	primary::MAP3K1+PIK3CA+TP53	primary::AKT1+MAP3K1+PIK3CA+TP53	same_stage_one_event	AKT1	1	0.031057682660433787	0.002918642831083546	9.064628284694283e-05
rule_a_one_step	primary::AKT1+PIK3CA+TP53	primary::AKT1+MAP3K1+PIK3CA+TP53	same_stage_one_event	MAP3K1	1	0.23985481417160573	0.00027362276541408243	6.562973755151561e-05
rule_a_one_step	primary::AKT1+MAP3K1+TP53	primary::AKT1+MAP3K1+PIK3CA+TP53	same_stage_one_event	PIK3CA	1	0.26154742069965353	9.120758847136082e-05	2.3855109512919876e-05
rule_a_one_step	primary::AKT1+MAP3K1+PIK3CA	primary::AKT1+MAP3K1+PIK3CA+TP53	same_stage_one_event	TP53	1	0.011158057199653782	0.00027362276541408243	3.05309846761778e-06
rule_a_one_step	primary::MAP3K1+TP53	primary::AKT1+MAP3K1+TP53	same_stage_one_event	AKT1	1	0.0385029055049561	0.003465888361911711	0.0001334467720894137
rule_a_one_step	primary::AKT1+TP53	primary::AKT1+MAP3K1+TP53	same_stage_one_event	MAP3K1	1	0.09381057495882632	0.0051988325428675665	0.00048770546996106345
rule_a_one_step	primary::AKT1+MAP3K1	primary::AKT1+MAP3K1+TP53	same_stage_one_event	TP53	1	0.10872946681865893	0.001003283473184969	0.00010908647710737399
rule_a_one_step	primary::NF1+RUNX1	primary::AKT1+NF1+RUNX1	same_stage_one_event	AKT1	1	0.030506901641355198	9.120758847136082e-05	2.782460930441007e-06
rule_a_one_step	primary::AKT1+RUNX1	primary::AKT1+NF1+RUNX1	same_stage_one_event	NF1	1	0.06304971132789206	0.00027362276541408243	1.7251836372097425e-05
rule_a_one_step	primary::AKT1+NF1	primary::AKT1+NF1+RUNX1	same_stage_one_event	RUNX1	1	0.03198715176292325	0.00018241517694272163	5.834941948727335e-06
rule_a_one_step	primary::PIK3CA+PTEN	primary::AKT1+PIK3CA+PTEN	same_stage_one_event	AKT1	1	0.011693068243208067	0.0037395111273257936	4.3726358808056435e-05
rule_a_one_step	primary::AKT1+PTEN	primary::AKT1+PIK3CA+PTEN	same_stage_one_event	PIK3CA	1	0.10516369851029952	9.120758847136082e-05	9.59172733585366e-06
rule_a_one_step	primary::AKT1+PIK3CA	primary::AKT1+PIK3CA+PTEN	same_stage_one_event	PTEN	1	0.008615703716136966	0.0008208682962422473	7.07235803039335e-06
rule_a_one_step	primary::PIK3CA+RB1+TP53	primary::AKT1+PIK3CA+RB1+TP53	same_stage_one_event	AKT1	1	0.02551978204669433	0.0007296607077708865	1.8620782230349746e-05
rule_a_one_step	primary::AKT1+RB1+TP53	primary::AKT1+PIK3CA+RB1+TP53	same_stage_one_event	PIK3CA	1	0.10009465132281797	0.00036483035388544326	3.651756706414373e-05
rule_a_one_step	primary::AKT1+PIK3CA+TP53	primary::AKT1+PIK3CA+RB1+TP53	same_stage_one_event	RB1	1	0.0791708115413471	0.00027362276541408243	2.1662936394020548e-05
rule_a_one_step	primary::PTEN	primary::AKT1+PTEN	same_stage_one_event	AKT1	1	0.016479198140486588	0.007114191900766144	0.00011723617794217018
rule_a_one_step	primary::AKT1	primary::AKT1+PTEN	same_stage_one_event	PTEN	1	0.029612664660782044	0.007114191900766144	0.00021067017908983944
rule_a_one_step	primary::BRCA1	primary::ATM+BRCA1	same_stage_one_event	ATM	1	0.028561229295772834	0.001550529004013134	4.428501441336539e-05
rule_a_one_step	primary::ATM	primary::ATM+BRCA1	same_stage_one_event	BRCA1	1	0.018156783093893777	0.0021889821233126595	3.9744873609399e-05
rule_a_one_step	primary::ATM+BRCA1+BRCA2+MAP3K1+NF1+PIK3CA+RUNX1+TP53	primary::ATM+BRCA1+BRCA2+ESR1+MAP3K1+NF1+PIK3CA+RUNX1+TP53	same_stage_one_event	ESR1	1	0.13807014029128611	9.120758847136082e-05	1.2593044535870678e-05
rule_a_one_step	primary::ATM+BRCA1+BRCA2+MAP3K1+NF1+PIK3CA+RUNX1+TP53	primary::ATM+BRCA1+BRCA2+MAP3K1+NF1+PIK3CA+PTEN+RUNX1+TP53	same_stage_one_event	PTEN	1	0.15373437310473423	9.120758847136082e-05	1.402174143603924e-05
rule_a_one_step	primary::BRCA1+BRCA2+TP53	primary::ATM+BRCA1+BRCA2+TP53	same_stage_one_event	ATM	1	0.16856134662541958	0.0005472455308281649	9.224444361113804e-05
rule_a_one_step	primary::ATM+BRCA2+TP53	primary::ATM+BRCA1+BRCA2+TP53	same_stage_one_event	BRCA1	1	0.05382119337071575	0.00036483035388544326	1.96356050239751e-05
rule_a_one_step	primary::ATM+BRCA1+TP53	primary::ATM+BRCA1+BRCA2+TP53	same_stage_one_event	BRCA2	1	0.11647747722511329	0.00036483035388544326	4.249451923572174e-05
rule_a_one_step	primary::ATM+GATA3+TP53	primary::ATM+BRCA1+GATA3+TP53	same_stage_one_event	BRCA1	1	0.04518625107226163	9.120758847136082e-05	4.121328992362425e-06
rule_a_one_step	primary::ATM+BRCA1+TP53	primary::ATM+BRCA1+GATA3+TP53	same_stage_one_event	GATA3	1	0.0392073744064802	0.00036483035388544326	1.4304040279635242e-05
rule_a_one_step	primary::BRCA1+PIK3CA	primary::ATM+BRCA1+PIK3CA	same_stage_one_event	ATM	1	0.0700740517740801	0.0009120758847136082	6.39128527673113e-05
rule_a_one_step	primary::ATM+PIK3CA	primary::ATM+BRCA1+PIK3CA	same_stage_one_event	BRCA1	1	0.01889854821039968	0.0018241517694272164	3.447382015760613e-05
rule_a_one_step	primary::ATM+BRCA1	primary::ATM+BRCA1+PIK3CA	same_stage_one_event	PIK3CA	1	0.20153514935436279	9.120758847136082e-05	1.838153496482696e-05
rule_a_one_step	primary::ATM+BRCA1	primary::ATM+BRCA1+RUNX1	same_stage_one_event	RUNX1	1	0.03769428803571573	9.120758847136082e-05	3.4380051108825e-06
rule_a_one_step	primary::BRCA1+RUNX1+TP53	primary::ATM+BRCA1+RUNX1+TP53	same_stage_one_event	ATM	1	0.08732689718659636	9.120758847136082e-05	7.964875701075918e-06
rule_a_one_step	primary::ATM+BRCA1+TP53	primary::ATM+BRCA1+RUNX1+TP53	same_stage_one_event	RUNX1	1	0.08058486135068002	0.00036483035388544326	2.939980348437797e-05
rule_a_one_step	primary::ATM+BRCA1+RUNX1	primary::ATM+BRCA1+RUNX1+TP53	same_stage_one_event	TP53	1	0.20488810657048814	9.120758847136082e-05	1.86873501067574e-05
rule_a_one_step	primary::BRCA2+PIK3CA	primary::ATM+BRCA2+PIK3CA	same_stage_one_event	ATM	1	0.08596628799863251	0.0019153593578985773	0.00016465633418198493
rule_a_one_step	primary::ATM+PIK3CA	primary::ATM+BRCA2+PIK3CA	same_stage_one_event	BRCA2	1	0.029982408689950134	0.0018241517694272164	5.4692463863462484e-05
rule_a_one_step	primary::ATM+BRCA2	primary::ATM+BRCA2+PIK3CA	same_stage_one_event	PIK3CA	1	0.3347191909673178	0.0004560379423568041	0.00015264465111606976
rule_a_one_step	primary::CBFB+GATA3+MAP3K1+PIK3CA	primary::ATM+CBFB+GATA3+MAP3K1+PIK3CA	same_stage_one_event	ATM	1	0.10985306524929998	0.00036483035388544326	4.00777326703028e-05
rule_a_one_step	primary::ATM+NF1+PIK3CA	primary::ATM+CBFB+NF1+PIK3CA	same_stage_one_event	CBFB	1	0.06286833166746958	9.120758847136082e-05	5.7340689226075865e-06
rule_a_one_step	primary::ESR1	primary::ATM+ESR1	same_stage_one_event	ATM	1	0.024395818895022122	0.0022801897117840204	5.562709525497565e-05
rule_a_one_step	primary::ATM	primary::ATM+ESR1	same_stage_one_event	ESR1	1	0.048682281298381154	0.0021889821233126595	0.00010656464348423456
rule_a_one_step	primary::ESR1+GATA3+PIK3CA	primary::ATM+ESR1+GATA3+PIK3CA	same_stage_one_event	ATM	1	0.06718547101985765	0.00018241517694272163	1.2255649584067431e-05
rule_a_one_step	primary::ATM+GATA3+PIK3CA	primary::ATM+ESR1+GATA3+PIK3CA	same_stage_one_event	ESR1	1	0.08884805951261428	0.00036483035388544326	3.241446899402199e-05
rule_a_one_step	primary::GATA3+MAP3K1	primary::ATM+GATA3+MAP3K1	same_stage_one_event	ATM	1	0.03447821878213391	0.001550529004013134	5.345947822840902e-05
rule_a_one_step	primary::ATM+GATA3	primary::ATM+GATA3+MAP3K1	same_stage_one_event	MAP3K1	1	0.05219765775081113	0.001459321415541773	7.61731597968787e-05
rule_a_one_step	primary::ATM+GATA3+MAP3K1	primary::ATM+GATA3+MAP3K1+PTEN	same_stage_one_event	PTEN	1	0.027155512183680428	9.120758847136082e-05	2.476788779978149e-06
rule_a_one_step	primary::GATA3+MAP3K1+TP53	primary::ATM+GATA3+MAP3K1+TP53	same_stage_one_event	ATM	1	0.04855390698273246	0.00027362276541408243	1.3285454300273382e-05
rule_a_one_step	primary::ATM+GATA3+TP53	primary::ATM+GATA3+MAP3K1+TP53	same_stage_one_event	MAP3K1	1	0.03477891667611376	9.120758847136082e-05	3.172101119674732e-06
rule_a_one_step	primary::ATM+GATA3+MAP3K1	primary::ATM+GATA3+MAP3K1+TP53	same_stage_one_event	TP53	1	0.005817268031577493	9.120758847136082e-05	5.305789886517232e-07
rule_a_one_step	primary::GATA3+NF1	primary::ATM+GATA3+NF1	same_stage_one_event	ATM	1	0.03370101499502441	0.0007296607077708865	2.4590306453866772e-05
rule_a_one_step	primary::ATM+NF1	primary::ATM+GATA3+NF1	same_stage_one_event	GATA3	1	0.14579235373362495	9.120758847136082e-05	1.3297369001607529e-05
rule_a_one_step	primary::ATM+GATA3	primary::ATM+GATA3+NF1	same_stage_one_event	NF1	1	0.029823757930293477	0.001459321415541773	4.352244863961106e-05
rule_a_one_step	primary::GATA3+PIK3CA+RB1	primary::ATM+GATA3+PIK3CA+RB1	same_stage_one_event	ATM	1	0.04142533061856142	9.120758847136082e-05	3.7783045073478127e-06
rule_a_one_step	primary::ATM+GATA3+PIK3CA	primary::ATM+GATA3+PIK3CA+RB1	same_stage_one_event	RB1	1	0.02047353239077599	0.00036483035388544326	7.46936606741189e-06
rule_a_one_step	primary::GATA3+PIK3CA+TP53	primary::ATM+GATA3+PIK3CA+TP53	same_stage_one_event	ATM	1	0.08775274370042904	0.0019153593578985773	0.00016807803882789218
rule_a_one_step	primary::ATM+PIK3CA+TP53	primary::ATM+GATA3+PIK3CA+TP53	same_stage_one_event	GATA3	1	0.04926649326934024	0.0011856986501276906	5.841521456598168e-05
rule_a_one_step	primary::ATM+GATA3+TP53	primary::ATM+GATA3+PIK3CA+TP53	same_stage_one_event	PIK3CA	1	0.48706058230958044	9.120758847136082e-05	4.4423621151913574e-05
rule_a_one_step	primary::ATM+GATA3+PIK3CA	primary::ATM+GATA3+PIK3CA+TP53	same_stage_one_event	TP53	1	0.0027670055077549825	0.00036483035388544326	1.0094875985972208e-06
rule_a_one_step	primary::GATA3+RUNX1	primary::ATM+GATA3+RUNX1	same_stage_one_event	ATM	1	0.04141948280415549	0.0006384531192995258	2.6444397996086144e-05
rule_a_one_step	primary::ATM+GATA3	primary::ATM+GATA3+RUNX1	same_stage_one_event	RUNX1	1	0.030179339516517724	0.001459321415541773	4.404135646336042e-05
rule_a_one_step	primary::GATA3+TP53	primary::ATM+GATA3+TP53	same_stage_one_event	ATM	1	0.06161358948753318	0.004377964246625319	0.0002697420918826699
rule_a_one_step	primary::ATM+TP53	primary::ATM+GATA3+TP53	same_stage_one_event	GATA3	1	0.06554322974627226	0.0022801897117840204	0.00014945099814454637
rule_a_one_step	primary::ATM+GATA3	primary::ATM+GATA3+TP53	same_stage_one_event	TP53	1	0.027024401915627373	0.001459321415541773	3.943728845768314e-05
rule_a_one_step	primary::MAP2K4+PIK3CA	primary::ATM+MAP2K4+PIK3CA	same_stage_one_event	ATM	1	0.05756174887456696	0.004651587012039402	0.0002677534834552094
rule_a_one_step	primary::ATM+PIK3CA	primary::ATM+MAP2K4+PIK3CA	same_stage_one_event	MAP2K4	1	0.0960200609448642	0.0018241517694272164	0.0001751551640730832
rule_a_one_step	primary::ATM+MAP2K4	primary::ATM+MAP2K4+PIK3CA	same_stage_one_event	PIK3CA	1	0.3554322433694865	0.00018241517694272163	6.483623556539338e-05
rule_a_one_step	primary::MAP2K4+PIK3CA+PTEN	primary::ATM+MAP2K4+PIK3CA+PTEN	same_stage_one_event	ATM	1	0.06944120612918056	9.120758847136082e-05	6.333564951585239e-06
rule_a_one_step	primary::ATM+PIK3CA+PTEN	primary::ATM+MAP2K4+PIK3CA+PTEN	same_stage_one_event	MAP2K4	1	0.12624462654158228	0.00018241517694272163	2.3028935888650544e-05
rule_a_one_step	primary::ATM+MAP2K4+PIK3CA	primary::ATM+MAP2K4+PIK3CA+PTEN	same_stage_one_event	PTEN	1	0.045910450122498954	9.120758847136082e-05	4.187381441307821e-06
rule_a_one_step	primary::MAP2K4+PIK3CA+TP53	primary::ATM+MAP2K4+PIK3CA+TP53	same_stage_one_event	ATM	1	0.09285007025399897	0.0012769062385990515	0.0001185608339616915
rule_a_one_step	primary::ATM+PIK3CA+TP53	primary::ATM+MAP2K4+PIK3CA+TP53	same_stage_one_event	MAP2K4	1	0.09789445312612305	0.0011856986501276906	0.00011607332092663258
rule_a_one_step	primary::ATM+MAP2K4+TP53	primary::ATM+MAP2K4+PIK3CA+TP53	same_stage_one_event	PIK3CA	1	0.4534419386550429	9.120758847136082e-05	4.135734573650519e-05
rule_a_one_step	primary::ATM+MAP2K4+PIK3CA	primary::ATM+MAP2K4+PIK3CA+TP53	same_stage_one_event	TP53	1	0.016752863936956262	9.120758847136082e-05	1.5279883196786084e-06
rule_a_one_step	primary::MAP2K4+TP53	primary::ATM+MAP2K4+TP53	same_stage_one_event	ATM	1	0.04087312494581316	0.0021889821233126595	8.947053983030972e-05
rule_a_one_step	primary::ATM+TP53	primary::ATM+MAP2K4+TP53	same_stage_one_event	MAP2K4	1	0.027396669634172106	0.0022801897117840204	6.246960423698491e-05
rule_a_one_step	primary::ATM+MAP2K4	primary::ATM+MAP2K4+TP53	same_stage_one_event	TP53	1	0.08290940564223778	0.00018241517694272163	1.5123933900444688e-05
rule_a_one_step	primary::MAP3K1+PIK3CA+RUNX1	primary::ATM+MAP3K1+PIK3CA+RUNX1	same_stage_one_event	ATM	1	0.07652568921488877	0.0007296607077708865	5.5837788555190635e-05
rule_a_one_step	primary::ATM+MAP3K1+PIK3CA	primary::ATM+MAP3K1+PIK3CA+RUNX1	same_stage_one_event	RUNX1	1	0.19213640620323946	0.00036483035388544326	7.009719306940513e-05
rule_a_one_step	primary::MAP3K1+PTEN+TP53	primary::ATM+MAP3K1+PTEN+TP53	same_stage_one_event	ATM	1	0.033416944009671046	0.00036483035388544326	1.219151550881833e-05
rule_a_one_step	primary::ATM+PTEN+TP53	primary::ATM+MAP3K1+PTEN+TP53	same_stage_one_event	MAP3K1	1	0.045694650546627615	0.00036483035388544326	1.6670795529597815e-05
rule_a_one_step	primary::NF1	primary::ATM+NF1	same_stage_one_event	ATM	1	0.012197412803310374	0.002553812477198103	3.114990500662992e-05
rule_a_one_step	primary::ATM	primary::ATM+NF1	same_stage_one_event	NF1	1	0.036171219593875745	0.0021889821233126595	7.91781530694106e-05
rule_a_one_step	primary::NF1+PIK3CA	primary::ATM+NF1+PIK3CA	same_stage_one_event	ATM	1	0.03739139290515702	0.0017329441809558555	6.479719675282592e-05
rule_a_one_step	primary::ATM+PIK3CA	primary::ATM+NF1+PIK3CA	same_stage_one_event	NF1	1	0.07881487975464298	0.0018241517694272164	0.00014377030236162528
rule_a_one_step	primary::ATM+NF1	primary::ATM+NF1+PIK3CA	same_stage_one_event	PIK3CA	1	0.36358401301760174	9.120758847136082e-05	3.316162103407531e-05
rule_a_one_step	primary::NF1+RUNX1+TP53	primary::ATM+NF1+RUNX1+TP53	same_stage_one_event	ATM	1	0.0337857791919711	9.120758847136082e-05	3.0815194447255653e-06
rule_a_one_step	primary::ATM+NF1+TP53	primary::ATM+NF1+RUNX1+TP53	same_stage_one_event	RUNX1	1	0.034858635093601986	9.120758847136082e-05	3.179372044290586e-06
rule_a_one_step	primary::NF1+TP53	primary::ATM+NF1+TP53	same_stage_one_event	ATM	1	0.03267985226974797	0.005381247719810288	0.00017585838051031833
rule_a_one_step	primary::ATM+TP53	primary::ATM+NF1+TP53	same_stage_one_event	NF1	1	0.09458378867892797	0.0022801897117840204	0.00021566898184724546
rule_a_one_step	primary::ATM+NF1	primary::ATM+NF1+TP53	same_stage_one_event	TP53	1	0.20449717098980869	9.120758847136082e-05	1.8651693815195978e-05
rule_a_one_step	primary::PIK3CA+PTEN+TP53	primary::ATM+PIK3CA+PTEN+TP53	same_stage_one_event	ATM	1	0.07052026438306458	0.0028274352426121852	0.00019939148083500564
rule_a_one_step	primary::ATM+PTEN+TP53	primary::ATM+PIK3CA+PTEN+TP53	same_stage_one_event	PIK3CA	1	0.4558476664743441	0.00036483035388544326	0.00016630706547768846
rule_a_one_step	primary::ATM+PIK3CA+TP53	primary::ATM+PIK3CA+PTEN+TP53	same_stage_one_event	PTEN	1	0.029752919331677962	0.0011856986501276906	3.527799628892863e-05
rule_a_one_step	primary::ATM+PIK3CA+PTEN	primary::ATM+PIK3CA+PTEN+TP53	same_stage_one_event	TP53	1	0.03778925760688126	0.00018241517694272163	6.893334112893334e-06
rule_a_one_step	primary::PIK3CA+RUNX1+TP53	primary::ATM+PIK3CA+RUNX1+TP53	same_stage_one_event	ATM	1	0.07656265714316891	0.001459321415541773	0.0001117295251998087
rule_a_one_step	primary::ATM+PIK3CA+TP53	primary::ATM+PIK3CA+RUNX1+TP53	same_stage_one_event	RUNX1	1	0.14681057612618822	0.0011856986501276906	0.00017407310193728995
rule_a_one_step	primary::BRCA2+PIK3CA	primary::BRCA1+BRCA2+PIK3CA	same_stage_one_event	BRCA1	1	0.020058053975059137	0.0019153593578985773	3.841838138236427e-05
rule_a_one_step	primary::BRCA1+PIK3CA	primary::BRCA1+BRCA2+PIK3CA	same_stage_one_event	BRCA2	1	0.04366122938630162	0.0009120758847136082	3.982235442019484e-05
rule_a_one_step	primary::BRCA1+BRCA2	primary::BRCA1+BRCA2+PIK3CA	same_stage_one_event	PIK3CA	1	0.2024991204085414	0.00018241517694272163	3.693891288006957e-05
rule_a_one_step	primary::BRCA2+PTEN	primary::BRCA1+BRCA2+PTEN	same_stage_one_event	BRCA1	1	0.02059659304967688	0.0005472455308281649	1.1271393496722115e-05
rule_a_one_step	primary::BRCA1+PTEN	primary::BRCA1+BRCA2+PTEN	same_stage_one_event	BRCA2	1	0.04080755755475725	0.00027362276541408243	1.116587674792701e-05
rule_a_one_step	primary::BRCA1+BRCA2	primary::BRCA1+BRCA2+PTEN	same_stage_one_event	PTEN	1	0.07125192480636558	0.00018241517694272163	1.2997432471062674e-05
rule_a_one_step	primary::CBFB+GATA3+MAP3K1+PIK3CA	primary::BRCA1+CBFB+GATA3+MAP3K1+PIK3CA	same_stage_one_event	BRCA1	1	0.03995721225724016	0.00036483035388544326	1.4577603888084698e-05
rule_a_one_step	primary::BRCA1+CBFB+GATA3+PIK3CA	primary::BRCA1+CBFB+GATA3+MAP3K1+PIK3CA	same_stage_one_event	MAP3K1	1	0.2703742031011207	0.00018241517694272163	4.932035809943829e-05
rule_a_one_step	primary::GATA3+MAP3K1	primary::BRCA1+GATA3+MAP3K1	same_stage_one_event	BRCA1	1	0.017238042015896533	0.001550529004013134	2.6728084118044607e-05
rule_a_one_step	primary::BRCA1+MAP3K1	primary::BRCA1+GATA3+MAP3K1	same_stage_one_event	GATA3	1	0.08548854436914177	0.00036483035388544326	3.118881589534541e-05
rule_a_one_step	primary::BRCA1+GATA3	primary::BRCA1+GATA3+MAP3K1	same_stage_one_event	MAP3K1	1	0.04782539867017885	0.0005472455308281649	2.6172235682330635e-05
rule_a_one_step	primary::GATA3+PIK3CA	primary::BRCA1+GATA3+PIK3CA	same_stage_one_event	BRCA1	1	0.009881386338207373	0.010488872674206494	0.00010364460314610068
rule_a_one_step	primary::BRCA1+PIK3CA	primary::BRCA1+GATA3+PIK3CA	same_stage_one_event	GATA3	1	0.06638195027591236	0.0009120758847136082	6.0545376026917513e-05
rule_a_one_step	primary::BRCA1+GATA3	primary::BRCA1+GATA3+PIK3CA	same_stage_one_event	PIK3CA	1	0.2599249925882028	0.0005472455308281649	0.00014224279054443785
rule_a_one_step	primary::MAP2K4+PIK3CA+TP53	primary::BRCA1+MAP2K4+PIK3CA+TP53	same_stage_one_event	BRCA1	1	0.057014398122750824	0.0012769062385990515	7.280204065291057e-05
rule_a_one_step	primary::BRCA1+PIK3CA+TP53	primary::BRCA1+MAP2K4+PIK3CA+TP53	same_stage_one_event	MAP2K4	1	0.08094864766866121	0.0007296607077708865	5.906504755101146e-05
rule_a_one_step	primary::BRCA1+MAP2K4+TP53	primary::BRCA1+MAP2K4+PIK3CA+TP53	same_stage_one_event	PIK3CA	1	0.3338485818524582	9.120758847136082e-05	3.0449524065346423e-05
rule_a_one_step	primary::MAP2K4+RB1	primary::BRCA1+MAP2K4+RB1	same_stage_one_event	BRCA1	1	0.024416431941297452	9.120758847136082e-05	2.2269638764408475e-06
rule_a_one_step	primary::MAP2K4+TP53	primary::BRCA1+MAP2K4+TP53	same_stage_one_event	BRCA1	1	0.050936380994871036	0.0021889821233126595	0.0001114988274240154
rule_a_one_step	primary::BRCA1+TP53	primary::BRCA1+MAP2K4+TP53	same_stage_one_event	MAP2K4	1	0.029270674278905732	0.00665815395840934	0.00019488865581540664
rule_a_one_step	primary::NF1+PIK3CA+PTEN+TP53	primary::BRCA1+NF1+PIK3CA+PTEN+TP53	same_stage_one_event	BRCA1	1	0.0400821985734774	0.00018241517694272163	7.311601345034184e-06
rule_a_one_step	primary::BRCA1+PIK3CA+PTEN+TP53	primary::BRCA1+NF1+PIK3CA+PTEN+TP53	same_stage_one_event	NF1	1	0.19594801237789408	9.120758847136082e-05	1.7871945674744078e-05
rule_a_one_step	primary::BRCA1+NF1+PIK3CA+TP53	primary::BRCA1+NF1+PIK3CA+PTEN+TP53	same_stage_one_event	PTEN	1	0.027519605564088365	9.120758847136082e-05	2.509996859183543e-06
rule_a_one_step	primary::NF1+PIK3CA+TP53	primary::BRCA1+NF1+PIK3CA+TP53	same_stage_one_event	BRCA1	1	0.045353527968293894	0.0028274352426121852	0.00012823416335435158
rule_a_one_step	primary::BRCA1+PIK3CA+TP53	primary::BRCA1+NF1+PIK3CA+TP53	same_stage_one_event	NF1	1	0.15464377595442247	0.0007296607077708865	0.00011283748701526631
rule_a_one_step	primary::BRCA1+NF1+TP53	primary::BRCA1+NF1+PIK3CA+TP53	same_stage_one_event	PIK3CA	1	0.42801353619612925	0.00027362276541408243	0.00011711424740864536
rule_a_one_step	primary::PIK3CA+PTEN+TP53	primary::BRCA1+PIK3CA+PTEN+TP53	same_stage_one_event	BRCA1	1	0.035300252241961025	0.0028274352426121852	9.98091772620204e-05
rule_a_one_step	primary::BRCA1+PIK3CA+TP53	primary::BRCA1+PIK3CA+PTEN+TP53	same_stage_one_event	PTEN	1	0.023943776834485536	0.0007296607077708865	1.7470833151758874e-05
rule_a_one_step	primary::PIK3CA+RUNX1	primary::BRCA1+PIK3CA+RUNX1	same_stage_one_event	BRCA1	1	0.018473552778533225	0.002462604888726742	4.549306138456741e-05
rule_a_one_step	primary::BRCA1+PIK3CA	primary::BRCA1+PIK3CA+RUNX1	same_stage_one_event	RUNX1	1	0.09086253492990982	0.0009120758847136082	8.287352693351863e-05
rule_a_one_step	primary::RUNX1+TP53	primary::BRCA1+RUNX1+TP53	same_stage_one_event	BRCA1	1	0.04839766955926081	0.0023713973002553812	0.00011477010293148313
rule_a_one_step	primary::BRCA1+TP53	primary::BRCA1+RUNX1+TP53	same_stage_one_event	RUNX1	1	0.05782242752328536	0.00665815395840934	0.0003849906246989996
rule_a_one_step	primary::CBFB	primary::BRCA2+CBFB	same_stage_one_event	BRCA2	1	0.025606344199254956	0.0007296607077708865	1.8683943231853304e-05
rule_a_one_step	primary::BRCA2	primary::BRCA2+CBFB	same_stage_one_event	CBFB	1	0.009894559223090389	0.00337468077344035	3.339097877183002e-05
rule_a_one_step	primary::BRCA2+GATA3+PTEN	primary::BRCA2+CBFB+GATA3+PTEN	same_stage_one_event	CBFB	1	0.08369420006045239	9.120758847136082e-05	7.633546156553483e-06
rule_a_one_step	primary::CBFB+MAP2K4+PIK3CA+TP53	primary::BRCA2+CBFB+MAP2K4+PIK3CA+TP53	same_stage_one_event	BRCA2	1	0.06323200644459183	0.00018241517694272163	1.1534477644033532e-05
rule_a_one_step	primary::ESR1	primary::BRCA2+ESR1	same_stage_one_event	BRCA2	1	0.03366978036892362	0.0022801897117840204	7.677348679524721e-05
rule_a_one_step	primary::BRCA2	primary::BRCA2+ESR1	same_stage_one_event	ESR1	1	0.057521290998952784	0.00337468077344035	0.00019411599479763342
rule_a_one_step	primary::ESR1+GATA3	primary::BRCA2+ESR1+GATA3	same_stage_one_event	BRCA2	1	0.03315629507581598	0.0008208682962422473	2.721695144859028e-05
rule_a_one_step	primary::BRCA2+GATA3	primary::BRCA2+ESR1+GATA3	same_stage_one_event	ESR1	1	0.13341381696257823	0.0005472455308281649	7.301011508349775e-05
rule_a_one_step	primary::BRCA2+ESR1	primary::BRCA2+ESR1+GATA3	same_stage_one_event	GATA3	1	0.14936713289847592	9.120758847136082e-05	1.3623415988551251e-05
rule_a_one_step	primary::BRCA2+MAP3K1	primary::BRCA2+ESR1+MAP3K1	same_stage_one_event	ESR1	1	0.06021804721154231	0.00018241517694272163	1.0984685737238655e-05
rule_a_one_step	primary::BRCA2+ESR1	primary::BRCA2+ESR1+MAP3K1	same_stage_one_event	MAP3K1	1	0.0863804523335515	9.120758847136082e-05	7.878552748408564e-06
rule_a_one_step	primary::BRCA2+ESR1+MAP3K1	primary::BRCA2+ESR1+MAP3K1+NF1	same_stage_one_event	NF1	1	0.030313024883881063	9.120758847136082e-05	2.764777898931144e-06
rule_a_one_step	primary::GATA3+MAP3K1	primary::BRCA2+GATA3+MAP3K1	same_stage_one_event	BRCA2	1	0.02093327544486815	0.001550529004013134	3.245765072626401e-05
rule_a_one_step	primary::BRCA2+MAP3K1	primary::BRCA2+GATA3+MAP3K1	same_stage_one_event	GATA3	1	0.09701994997232462	0.00018241517694272163	1.7697911341175597e-05
rule_a_one_step	primary::BRCA2+GATA3	primary::BRCA2+GATA3+MAP3K1	same_stage_one_event	MAP3K1	1	0.05180752309402109	0.0005472455308281649	2.8351435476479984e-05
rule_a_one_step	primary::GATA3+MAP3K1+NF1+PIK3CA+RUNX1	primary::BRCA2+GATA3+MAP3K1+NF1+PIK3CA+RUNX1	same_stage_one_event	BRCA2	1	0.017045646687292353	9.120758847136082e-05	1.5546923282827756e-06
rule_a_one_step	primary::GATA3+PIK3CA	primary::BRCA2+GATA3+PIK3CA	same_stage_one_event	BRCA2	1	0.012655684888349164	0.010488872674206494	0.0001327438673987736
rule_a_one_step	primary::BRCA2+PIK3CA	primary::BRCA2+GATA3+PIK3CA	same_stage_one_event	GATA3	1	0.08521759672452744	0.0019153593578985773	0.00016322232134395077
rule_a_one_step	primary::BRCA2+GATA3	primary::BRCA2+GATA3+PIK3CA	same_stage_one_event	PIK3CA	1	0.37363980705701044	0.0005472455308281649	0.00020447271455144677
rule_a_one_step	primary::GATA3+PIK3CA+TP53	primary::BRCA2+GATA3+PIK3CA+TP53	same_stage_one_event	BRCA2	1	0.032427015254116974	0.0019153593578985773	6.210938711569285e-05
rule_a_one_step	primary::BRCA2+PIK3CA+TP53	primary::BRCA2+GATA3+PIK3CA+TP53	same_stage_one_event	GATA3	1	0.0278792971127078	0.0011856986501276906	3.305644495304646e-05
rule_a_one_step	primary::BRCA2+GATA3+TP53	primary::BRCA2+GATA3+PIK3CA+TP53	same_stage_one_event	PIK3CA	1	0.43500750933669546	0.00036483035388544326	0.00015870394357413186
rule_a_one_step	primary::BRCA2+GATA3+PIK3CA	primary::BRCA2+GATA3+PIK3CA+TP53	same_stage_one_event	TP53	1	0.0018092124535843718	9.120758847136082e-05	1.6501390492378437e-07
rule_a_one_step	primary::GATA3+PTEN	primary::BRCA2+GATA3+PTEN	same_stage_one_event	BRCA2	1	0.028255747413381514	0.0016417365924844946	4.638849447654754e-05
rule_a_one_step	primary::BRCA2+PTEN	primary::BRCA2+GATA3+PTEN	same_stage_one_event	GATA3	1	0.09464483579495797	0.0005472455308281649	5.179396340475628e-05
rule_a_one_step	primary::BRCA2+GATA3	primary::BRCA2+GATA3+PTEN	same_stage_one_event	PTEN	1	0.034158183720630494	0.0005472455308281649	1.8692913382322416e-05
rule_a_one_step	primary::GATA3+PTEN+TP53	primary::BRCA2+GATA3+PTEN+TP53	same_stage_one_event	BRCA2	1	0.048068147108337504	0.00018241517694272163	8.768359560076159e-06
rule_a_one_step	primary::BRCA2+GATA3+TP53	primary::BRCA2+GATA3+PTEN+TP53	same_stage_one_event	PTEN	1	0.028392646919569654	0.00036483035388544326	1.0358499423411036e-05
rule_a_one_step	primary::BRCA2+GATA3+PTEN	primary::BRCA2+GATA3+PTEN+TP53	same_stage_one_event	TP53	1	0.021106376259145403	9.120758847136082e-05	1.925061679965834e-06
rule_a_one_step	primary::MAP2K4	primary::BRCA2+MAP2K4	same_stage_one_event	BRCA2	1	0.022018212936160624	0.0031922655964976288	7.02879836524646e-05
rule_a_one_step	primary::BRCA2	primary::BRCA2+MAP2K4	same_stage_one_event	MAP2K4	1	0.015614636524530144	0.00337468077344035	5.269441366359133e-05
rule_a_one_step	primary::MAP2K4+NF1+PIK3CA+TP53	primary::BRCA2+MAP2K4+NF1+PIK3CA+TP53	same_stage_one_event	BRCA2	1	0.06692574938072957	0.00018241517694272163	1.2208272415310027e-05
rule_a_one_step	primary::BRCA2+NF1+PIK3CA+TP53	primary::BRCA2+MAP2K4+NF1+PIK3CA+TP53	same_stage_one_event	MAP2K4	1	0.06836495236874665	0.00018241517694272163	1.2470804883025656e-05
rule_a_one_step	primary::BRCA2+MAP3K1+PTEN	primary::BRCA2+MAP3K1+NF1+PTEN	same_stage_one_event	NF1	1	0.06240108635859612	9.120758847136082e-05	5.691452604760682e-06
rule_a_one_step	primary::MAP3K1+PIK3CA	primary::BRCA2+MAP3K1+PIK3CA	same_stage_one_event	BRCA2	1	0.045228032084944525	0.014410798978475008	0.0006517720785681535
rule_a_one_step	primary::BRCA2+PIK3CA	primary::BRCA2+MAP3K1+PIK3CA	same_stage_one_event	MAP3K1	1	0.32643469102822376	0.0019153593578985773	0.0006252397402036391
rule_a_one_step	primary::BRCA2+MAP3K1	primary::BRCA2+MAP3K1+PIK3CA	same_stage_one_event	PIK3CA	1	0.5036903818752192	0.00018241517694272163	9.188077013411514e-05
rule_a_one_step	primary::MAP3K1+PIK3CA+PTEN	primary::BRCA2+MAP3K1+PIK3CA+PTEN	same_stage_one_event	BRCA2	1	0.05584632329631712	0.0007296607077708865	4.07488677827925e-05
rule_a_one_step	primary::BRCA2+PIK3CA+PTEN	primary::BRCA2+MAP3K1+PIK3CA+PTEN	same_stage_one_event	MAP3K1	1	0.3384540685223573	9.120758847136082e-05	3.086957939824492e-05
rule_a_one_step	primary::BRCA2+MAP3K1+PTEN	primary::BRCA2+MAP3K1+PIK3CA+PTEN	same_stage_one_event	PIK3CA	1	0.5881573900117922	9.120758847136082e-05	5.364441718458521e-05
rule_a_one_step	primary::BRCA2+MAP3K1+PIK3CA	primary::BRCA2+MAP3K1+PIK3CA+PTEN	same_stage_one_event	PTEN	1	0.05766133168336683	9.120758847136082e-05	5.259151010887161e-06
rule_a_one_step	primary::MAP3K1+PTEN	primary::BRCA2+MAP3K1+PTEN	same_stage_one_event	BRCA2	1	0.029401972058549733	0.00036483035388544326	1.0726731871050614e-05
rule_a_one_step	primary::BRCA2+PTEN	primary::BRCA2+MAP3K1+PTEN	same_stage_one_event	MAP3K1	1	0.06619252882390682	0.0005472455308281649	3.622356557309749e-05
rule_a_one_step	primary::BRCA2+MAP3K1	primary::BRCA2+MAP3K1+PTEN	same_stage_one_event	PTEN	1	0.07323187468415224	0.00018241517694272163	1.3358605378356847e-05
rule_a_one_step	primary::MAP3K1+TP53	primary::BRCA2+MAP3K1+TP53	same_stage_one_event	BRCA2	1	0.04983377130775379	0.003465888361911711	0.0001727182880057136
rule_a_one_step	primary::BRCA2+TP53	primary::BRCA2+MAP3K1+TP53	same_stage_one_event	MAP3K1	1	0.050157225045788144	0.00446917183509668	0.00022416125750124218
rule_a_one_step	primary::BRCA2+MAP3K1	primary::BRCA2+MAP3K1+TP53	same_stage_one_event	TP53	1	0.05828014525383524	0.00018241517694272163	1.0631183008725874e-05
rule_a_one_step	primary::NF1	primary::BRCA2+NF1	same_stage_one_event	BRCA2	1	0.016767337176810504	0.002553812477198103	4.282063489152628e-05
rule_a_one_step	primary::BRCA2	primary::BRCA2+NF1	same_stage_one_event	NF1	1	0.04107019925175564	0.00337468077344035	0.000138598811776264
rule_a_one_step	primary::NF1+PTEN+TP53	primary::BRCA2+NF1+PTEN+TP53	same_stage_one_event	BRCA2	1	0.05790608557609168	0.0004560379423568041	2.640737211605786e-05
rule_a_one_step	primary::BRCA2+NF1+TP53	primary::BRCA2+NF1+PTEN+TP53	same_stage_one_event	PTEN	1	0.06528168841372854	0.00036483035388544326	2.3816741486219826e-05
rule_a_one_step	primary::PIK3CA+PTEN	primary::BRCA2+PIK3CA+PTEN	same_stage_one_event	BRCA2	1	0.030559337297998205	0.0037395111273257936	0.00011427698186956643
rule_a_one_step	primary::BRCA2+PTEN	primary::BRCA2+PIK3CA+PTEN	same_stage_one_event	PIK3CA	1	0.3400609197625672	0.0005472455308281649	0.00018609681854938007
rule_a_one_step	primary::BRCA2+PIK3CA	primary::BRCA2+PIK3CA+PTEN	same_stage_one_event	PTEN	1	0.035577327701466224	0.0019153593578985773	6.814336754202762e-05
rule_a_one_step	primary::PIK3CA+PTEN+TP53	primary::BRCA2+PIK3CA+PTEN+TP53	same_stage_one_event	BRCA2	1	0.05971462727862551	0.0028274352426121852	0.00016883924166703672
rule_a_one_step	primary::BRCA2+PIK3CA+TP53	primary::BRCA2+PIK3CA+PTEN+TP53	same_stage_one_event	PTEN	1	0.031465505554345644	0.0011856986501276906	3.730860746137298e-05
rule_a_one_step	primary::BRCA2+PIK3CA+PTEN	primary::BRCA2+PIK3CA+PTEN+TP53	same_stage_one_event	TP53	1	0.03217805547259746	9.120758847136082e-05	2.934882841353289e-06
rule_a_one_step	primary::PIK3CA+RB1+TP53	primary::BRCA2+PIK3CA+RB1+TP53	same_stage_one_event	BRCA2	1	0.07005767011219344	0.0007296607077708865	5.111832915884235e-05
rule_a_one_step	primary::BRCA2+RB1+TP53	primary::BRCA2+PIK3CA+RB1+TP53	same_stage_one_event	PIK3CA	1	0.30743615977780253	0.0006384531192995258	0.00019628357519560542
rule_a_one_step	primary::BRCA2+PIK3CA+TP53	primary::BRCA2+PIK3CA+RB1+TP53	same_stage_one_event	RB1	1	0.10608878289761099	0.0011856986501276906	0.00012578932667538698
rule_a_one_step	primary::PIK3CA+RUNX1+TP53	primary::BRCA2+PIK3CA+RUNX1+TP53	same_stage_one_event	BRCA2	1	0.06380745410305406	0.001459321415541773	9.311558424378557e-05
rule_a_one_step	primary::BRCA2+RUNX1+TP53	primary::BRCA2+PIK3CA+RUNX1+TP53	same_stage_one_event	PIK3CA	1	0.4229331017083701	0.00018241517694272163	7.714941658306643e-05
rule_a_one_step	primary::BRCA2+PIK3CA+TP53	primary::BRCA2+PIK3CA+RUNX1+TP53	same_stage_one_event	RUNX1	1	0.11892107289118298	0.0011856986501276906	0.00014100455559881237
rule_a_one_step	primary::PTEN+RUNX1	primary::BRCA2+PTEN+RUNX1	same_stage_one_event	BRCA2	1	0.02594779241691816	0.00018241517694272163	4.733271145005137e-06
rule_a_one_step	primary::BRCA2+RUNX1	primary::BRCA2+PTEN+RUNX1	same_stage_one_event	PTEN	1	0.0773189783643194	9.120758847136082e-05	7.052077559678895e-06
rule_a_one_step	primary::BRCA2+PTEN	primary::BRCA2+PTEN+RUNX1	same_stage_one_event	RUNX1	1	0.01712320242945432	0.0005472455308281649	9.370596002984851e-06
rule_a_one_step	primary::RB1	primary::BRCA2+RB1	same_stage_one_event	BRCA2	1	0.0215041237993028	0.0016417365924844946	3.530410693063211e-05
rule_a_one_step	primary::BRCA2	primary::BRCA2+RB1	same_stage_one_event	RB1	1	0.021207759858823567	0.00337468077344035	7.156941944331193e-05
rule_a_one_step	primary::RUNX1	primary::BRCA2+RUNX1	same_stage_one_event	BRCA2	1	0.021642872906738175	0.0016417365924844946	3.553189641748332e-05
rule_a_one_step	primary::BRCA2	primary::BRCA2+RUNX1	same_stage_one_event	RUNX1	1	0.016113422251827488	0.00337468077344035	5.437765626756813e-05
rule_a_one_step	primary::ESR1	primary::CBFB+ESR1	same_stage_one_event	CBFB	1	0.006127847464695197	0.0022801897117840204	1.3972654744379781e-05
rule_a_one_step	primary::CBFB	primary::CBFB+ESR1	same_stage_one_event	ESR1	1	0.04570595396436273	0.0007296607077708865	3.3349838718980466e-05
rule_a_one_step	primary::GATA3+MAP2K4	primary::CBFB+GATA3+MAP2K4	same_stage_one_event	CBFB	1	0.12765400721058912	0.001459321415541773	0.0001862882265021366
rule_a_one_step	primary::CBFB+GATA3	primary::CBFB+GATA3+MAP2K4	same_stage_one_event	MAP2K4	1	0.030874015204834553	0.003283473184968989	0.00010137400103739911
rule_a_one_step	primary::GATA3+MAP2K4+PIK3CA	primary::CBFB+GATA3+MAP2K4+PIK3CA	same_stage_one_event	CBFB	1	0.6686524520225552	0.0004560379423568041	0.0003049308883721977
rule_a_one_step	primary::CBFB+MAP2K4+PIK3CA	primary::CBFB+GATA3+MAP2K4+PIK3CA	same_stage_one_event	GATA3	1	0.22770121821495326	0.00027362276541408243	6.230423701613096e-05
rule_a_one_step	primary::CBFB+GATA3+PIK3CA	primary::CBFB+GATA3+MAP2K4+PIK3CA	same_stage_one_event	MAP2K4	1	0.1310917037192779	0.0037395111273257936	0.0004902188847583358
rule_a_one_step	primary::CBFB+GATA3+MAP2K4	primary::CBFB+GATA3+MAP2K4+PIK3CA	same_stage_one_event	PIK3CA	1	0.5011796495926683	9.120758847136082e-05	4.5711387230268904e-05
rule_a_one_step	primary::GATA3+MAP3K1	primary::CBFB+GATA3+MAP3K1	same_stage_one_event	CBFB	1	0.10297458209800349	0.001550529004013134	0.00015966507621908605
rule_a_one_step	primary::CBFB+MAP3K1	primary::CBFB+GATA3+MAP3K1	same_stage_one_event	GATA3	1	0.14816862038219863	9.120758847136082e-05	1.3514102552188858e-05
rule_a_one_step	primary::CBFB+GATA3	primary::CBFB+GATA3+MAP3K1	same_stage_one_event	MAP3K1	1	0.054093189240818136	0.003283473184968989	0.00017761353636167938
rule_a_one_step	primary::GATA3+PIK3CA+RB1	primary::CBFB+GATA3+PIK3CA+RB1	same_stage_one_event	CBFB	1	0.6024046944618703	9.120758847136082e-05	5.494387946569412e-05
rule_a_one_step	primary::CBFB+PIK3CA+RB1	primary::CBFB+GATA3+PIK3CA+RB1	same_stage_one_event	GATA3	1	0.14221159687823132	9.120758847136082e-05	1.2970776803924783e-05
rule_a_one_step	primary::CBFB+GATA3+PIK3CA	primary::CBFB+GATA3+PIK3CA+RB1	same_stage_one_event	RB1	1	0.036122396287651744	0.0037395111273257936	0.00013508010286334562
rule_a_one_step	primary::GATA3+PIK3CA+RUNX1	primary::CBFB+GATA3+PIK3CA+RUNX1	same_stage_one_event	CBFB	1	0.6030175798298638	0.0007296607077708865	0.0004399982340969455
rule_a_one_step	primary::CBFB+PIK3CA+RUNX1	primary::CBFB+GATA3+PIK3CA+RUNX1	same_stage_one_event	GATA3	1	0.15537997907775153	9.120758847136082e-05	1.4171833188412215e-05
rule_a_one_step	primary::CBFB+GATA3+RUNX1	primary::CBFB+GATA3+PIK3CA+RUNX1	same_stage_one_event	PIK3CA	1	0.4683055075676183	9.120758847136082e-05	4.271301601309908e-05
rule_a_one_step	primary::CBFB+GATA3+PIK3CA	primary::CBFB+GATA3+PIK3CA+RUNX1	same_stage_one_event	RUNX1	1	0.10305109108935845	0.0037395111273257936	0.00038536070181171986
rule_a_one_step	primary::GATA3+RUNX1	primary::CBFB+GATA3+RUNX1	same_stage_one_event	CBFB	1	0.12038306063946416	0.0006384531192995258	7.685894057608986e-05
rule_a_one_step	primary::CBFB+GATA3	primary::CBFB+GATA3+RUNX1	same_stage_one_event	RUNX1	1	0.02284645873063254	0.003283473184968989	7.50157346135326e-05
rule_a_one_step	primary::MAP3K1	primary::CBFB+MAP3K1	same_stage_one_event	CBFB	1	0.010216488467886774	0.00556366289675301	5.6841097823886646e-05
rule_a_one_step	primary::CBFB	primary::CBFB+MAP3K1	same_stage_one_event	MAP3K1	1	0.048682028820973965	0.0007296607077708865	3.552136360523456e-05
rule_a_one_step	primary::MAP3K1+NF1+PIK3CA	primary::CBFB+MAP3K1+NF1+PIK3CA	same_stage_one_event	CBFB	1	0.1867281115049842	0.0005472455308281649	0.00010218612450108583
rule_a_one_step	primary::CBFB+MAP3K1+PIK3CA	primary::CBFB+MAP3K1+NF1+PIK3CA	same_stage_one_event	NF1	1	0.10083033862923724	0.0013681138270704122	0.00013794738046685138
rule_a_one_step	primary::MAP3K1+PTEN	primary::CBFB+MAP3K1+PTEN	same_stage_one_event	CBFB	1	0.008237836096099443	0.00036483035388544326	3.005412658190238e-06
rule_a_one_step	primary::CBFB+PTEN	primary::CBFB+MAP3K1+PTEN	same_stage_one_event	MAP3K1	1	0.053149984334273065	0.00018241517694272163	9.695363796839304e-06
rule_a_one_step	primary::CBFB+MAP3K1	primary::CBFB+MAP3K1+PTEN	same_stage_one_event	PTEN	1	0.062377698759890715	9.120758847136082e-05	5.6893194782826266e-06
rule_a_one_step	primary::NF1+RUNX1	primary::CBFB+NF1+RUNX1	same_stage_one_event	CBFB	1	0.007833483487357957	9.120758847136082e-05	7.144731382121449e-07
rule_a_one_step	primary::PIK3CA+PTEN	primary::CBFB+PIK3CA+PTEN	same_stage_one_event	CBFB	1	0.08013072826670257	0.0037395111273257936	0.00029964974999405376
rule_a_one_step	primary::CBFB+PTEN	primary::CBFB+PIK3CA+PTEN	same_stage_one_event	PIK3CA	1	0.31515423420550326	0.00018241517694272163	5.748891539684481e-05
rule_a_one_step	primary::CBFB+PIK3CA	primary::CBFB+PIK3CA+PTEN	same_stage_one_event	PTEN	1	0.03624763732612078	0.004377964246625319	0.00015869086023839816
rule_a_one_step	primary::PIK3CA+PTEN+TP53	primary::CBFB+PIK3CA+PTEN+TP53	same_stage_one_event	CBFB	1	0.03654875018481677	0.0028274352426121852	0.00010333922434597956
rule_a_one_step	primary::CBFB+PIK3CA+TP53	primary::CBFB+PIK3CA+PTEN+TP53	same_stage_one_event	PTEN	1	0.03385264876790092	0.0004560379423568041	1.5438092287441137e-05
rule_a_one_step	primary::CBFB+PIK3CA+PTEN	primary::CBFB+PIK3CA+PTEN+TP53	same_stage_one_event	TP53	1	0.051059385624104225	9.120758847136082e-05	4.657003431603815e-06
rule_a_one_step	primary::PIK3CA+RB1	primary::CBFB+PIK3CA+RB1	same_stage_one_event	CBFB	1	0.1104405241775462	0.0011856986501276906	0.00013094918043671111
rule_a_one_step	primary::CBFB+PIK3CA	primary::CBFB+PIK3CA+RB1	same_stage_one_event	RB1	1	0.0370420999627486	0.004377964246625319	0.00016216898925683443
rule_a_one_step	primary::PIK3CA+RB1+TP53	primary::CBFB+PIK3CA+RB1+TP53	same_stage_one_event	CBFB	1	0.058769903898731886	0.0007296607077708865	4.288208967437569e-05
rule_a_one_step	primary::CBFB+PIK3CA+TP53	primary::CBFB+PIK3CA+RB1+TP53	same_stage_one_event	RB1	1	0.11299635247642299	0.0004560379423568041	5.1530624077172104e-05
rule_a_one_step	primary::CBFB+PIK3CA+RB1	primary::CBFB+PIK3CA+RB1+TP53	same_stage_one_event	TP53	1	0.060996779423997366	9.120758847136082e-05	5.5633691557823205e-06
rule_a_one_step	primary::PIK3CA+RUNX1	primary::CBFB+PIK3CA+RUNX1	same_stage_one_event	CBFB	1	0.1083048342140391	0.002462604888726742	0.000266712014208232
rule_a_one_step	primary::CBFB+PIK3CA	primary::CBFB+PIK3CA+RUNX1	same_stage_one_event	RUNX1	1	0.06105581011756484	0.004377964246625319	0.0002673001537434433
rule_a_one_step	primary::RUNX1+TP53	primary::CBFB+RUNX1+TP53	same_stage_one_event	CBFB	1	0.0057611541516683126	0.0023713973002553812	1.3661985401621317e-05
rule_a_one_step	primary::CBFB+TP53	primary::CBFB+RUNX1+TP53	same_stage_one_event	RUNX1	1	0.02829506652806963	0.0005472455308281649	1.5484348701971706e-05
rule_a_one_step	primary::GATA3+MAP2K4+PIK3CA	primary::ESR1+GATA3+MAP2K4+PIK3CA	same_stage_one_event	ESR1	1	0.0758822825836334	0.0004560379423568041	3.460520001077773e-05
rule_a_one_step	primary::ESR1+GATA3+PIK3CA	primary::ESR1+GATA3+MAP2K4+PIK3CA	same_stage_one_event	MAP2K4	1	0.08914306769724688	0.00018241517694272163	1.6261048467210303e-05
rule_a_one_step	primary::GATA3+NF1	primary::ESR1+GATA3+NF1	same_stage_one_event	ESR1	1	0.09705744967418808	0.0007296607077708865	7.081900742370527e-05
rule_a_one_step	primary::ESR1+GATA3	primary::ESR1+GATA3+NF1	same_stage_one_event	NF1	1	0.013208646692625343	0.0008208682962422473	1.084255930624116e-05
rule_a_one_step	primary::GATA3+PIK3CA+TP53	primary::ESR1+GATA3+PIK3CA+TP53	same_stage_one_event	ESR1	1	0.03981638977513894	0.0019153593578985773	7.62626947535496e-05
rule_a_one_step	primary::ESR1+PIK3CA+TP53	primary::ESR1+GATA3+PIK3CA+TP53	same_stage_one_event	GATA3	1	0.05674475031585634	0.0004560379423568041	2.5877759173593734e-05
rule_a_one_step	primary::ESR1+GATA3+TP53	primary::ESR1+GATA3+PIK3CA+TP53	same_stage_one_event	PIK3CA	1	0.5282516007569988	0.00018241517694272163	9.636110922236388e-05
rule_a_one_step	primary::ESR1+GATA3+PIK3CA	primary::ESR1+GATA3+PIK3CA+TP53	same_stage_one_event	TP53	1	0.001683285076007546	0.00018241517694272163	3.070567449849591e-07
rule_a_one_step	primary::GATA3+RUNX1	primary::ESR1+GATA3+RUNX1	same_stage_one_event	ESR1	1	0.11603986756257105	0.0006384531192995258	7.408601540842734e-05
rule_a_one_step	primary::ESR1+GATA3	primary::ESR1+GATA3+RUNX1	same_stage_one_event	RUNX1	1	0.02466232449041253	0.0008208682962422473	2.0244520285818383e-05
rule_a_one_step	primary::MAP2K4	primary::ESR1+MAP2K4	same_stage_one_event	ESR1	1	0.053599969213485164	0.0031922655964976288	0.00017110533769354076
rule_a_one_step	primary::ESR1	primary::ESR1+MAP2K4	same_stage_one_event	MAP2K4	1	0.02783875472676916	0.0022801897117840204	6.34776421168578e-05
rule_a_one_step	primary::MAP2K4+PIK3CA+PTEN+TP53	primary::ESR1+MAP2K4+PIK3CA+PTEN+TP53	same_stage_one_event	ESR1	1	0.027560142963288105	0.00018241517694272163	5.027388355214904e-06
rule_a_one_step	primary::MAP3K1+PIK3CA	primary::ESR1+MAP3K1+PIK3CA	same_stage_one_event	ESR1	1	0.0837117402755132	0.014410798978475008	0.0012063530612487308
rule_a_one_step	primary::ESR1+PIK3CA	primary::ESR1+MAP3K1+PIK3CA	same_stage_one_event	MAP3K1	1	0.35430729357930313	0.0008208682962422473	0.0002908396244266443
rule_a_one_step	primary::MAP3K1+PIK3CA+RB1+TP53	primary::ESR1+MAP3K1+PIK3CA+RB1+TP53	same_stage_one_event	ESR1	1	0.04059093808263442	0.00018241517694272163	7.404403152614816e-06
rule_a_one_step	primary::ESR1+MAP3K1+PIK3CA+TP53	primary::ESR1+MAP3K1+PIK3CA+RB1+TP53	same_stage_one_event	RB1	1	0.10459199276827236	9.120758847136082e-05	9.539583433808132e-06
rule_a_one_step	primary::MAP3K1+PIK3CA+TP53	primary::ESR1+MAP3K1+PIK3CA+TP53	same_stage_one_event	ESR1	1	0.03680604204648476	0.002918642831083546	0.0001074236907595323
rule_a_one_step	primary::ESR1+PIK3CA+TP53	primary::ESR1+MAP3K1+PIK3CA+TP53	same_stage_one_event	MAP3K1	1	0.26255062600578166	0.0004560379423568041	0.00011973304724816748
rule_a_one_step	primary::ESR1+MAP3K1+TP53	primary::ESR1+MAP3K1+PIK3CA+TP53	same_stage_one_event	PIK3CA	1	0.6385403713297243	0.00018241517694272163	0.00011647945482118284
rule_a_one_step	primary::ESR1+MAP3K1+PIK3CA	primary::ESR1+MAP3K1+PIK3CA+TP53	same_stage_one_event	TP53	1	0.011199050308148493	9.120758847136082e-05	1.0214383717756743e-06
rule_a_one_step	primary::GATA3+MAP2K4+PIK3CA+PTEN+TP53	primary::GATA3+MAP2K4+NF1+PIK3CA+PTEN+TP53	same_stage_one_event	NF1	1	0.0964148317684488	9.120758847136082e-05	8.793764298472163e-06
rule_a_one_step	primary::MAP2K4+PIK3CA+PTEN+TP53	primary::GATA3+MAP2K4+PIK3CA+PTEN+TP53	same_stage_one_event	GATA3	1	0.050712833029518324	0.00018241517694272163	9.250790410346282e-06
rule_a_one_step	primary::GATA3+MAP2K4+PIK3CA+TP53	primary::GATA3+MAP2K4+PIK3CA+PTEN+TP53	same_stage_one_event	PTEN	1	0.011561121893332624	9.120758847136082e-05	1.0544620479143218e-06
rule_a_one_step	primary::MAP2K4+PIK3CA+TP53	primary::GATA3+MAP2K4+PIK3CA+TP53	same_stage_one_event	GATA3	1	0.06254467723718171	0.0012769062385990515	7.986368855532142e-05
rule_a_one_step	primary::GATA3+PIK3CA+TP53	primary::GATA3+MAP2K4+PIK3CA+TP53	same_stage_one_event	MAP2K4	1	0.07382957120602927	0.0019153593578985773	0.00014141016009910752
rule_a_one_step	primary::GATA3+MAP2K4+TP53	primary::GATA3+MAP2K4+PIK3CA+TP53	same_stage_one_event	PIK3CA	1	0.49986623409941594	0.00027362276541408243	0.0001367747813114053
rule_a_one_step	primary::GATA3+MAP2K4+PIK3CA	primary::GATA3+MAP2K4+PIK3CA+TP53	same_stage_one_event	TP53	1	0.002073345845877333	0.0004560379423568041	9.455243733479264e-07
rule_a_one_step	primary::MAP3K1+NF1+PIK3CA+RUNX1	primary::GATA3+MAP3K1+NF1+PIK3CA+RUNX1	same_stage_one_event	GATA3	1	0.23113675266537526	9.120758847136082e-05	2.1081425817710255e-05
rule_a_one_step	primary::GATA3+MAP3K1+PIK3CA+RUNX1	primary::GATA3+MAP3K1+NF1+PIK3CA+RUNX1	same_stage_one_event	NF1	1	0.023143699971777194	9.120758847136082e-05	2.110881062730499e-06
rule_a_one_step	primary::MAP3K1+PIK3CA+RUNX1	primary::GATA3+MAP3K1+PIK3CA+RUNX1	same_stage_one_event	GATA3	1	0.20933175853380462	0.0007296607077708865	0.0001527411590907002
rule_a_one_step	primary::GATA3+PIK3CA+RUNX1	primary::GATA3+MAP3K1+PIK3CA+RUNX1	same_stage_one_event	MAP3K1	1	0.13744035822754863	0.0007296607077708865	0.00010028482906059732
rule_a_one_step	primary::GATA3+MAP3K1+PIK3CA	primary::GATA3+MAP3K1+PIK3CA+RUNX1	same_stage_one_event	RUNX1	1	0.0723458418298234	0.0018241517694272164	0.0001319697953845739
rule_a_one_step	primary::NF1+PIK3CA+RUNX1+TP53	primary::GATA3+NF1+PIK3CA+RUNX1+TP53	same_stage_one_event	GATA3	1	0.056056520997564294	9.120758847136082e-05	5.112780098282041e-06
rule_a_one_step	primary::GATA3+PIK3CA+RUNX1+TP53	primary::GATA3+NF1+PIK3CA+RUNX1+TP53	same_stage_one_event	NF1	1	0.059189588035998185	0.00018241517694272163	1.0797079174753408e-05
rule_a_one_step	primary::GATA3+NF1+PIK3CA+TP53	primary::GATA3+NF1+PIK3CA+RUNX1+TP53	same_stage_one_event	RUNX1	1	0.11066465355169985	0.00027362276541408243	3.0280368538407475e-05
rule_a_one_step	primary::PIK3CA+RB1	primary::GATA3+PIK3CA+RB1	same_stage_one_event	GATA3	1	0.11376638648716988	0.0011856986501276906	0.00013489265088774248
rule_a_one_step	primary::GATA3+RB1	primary::GATA3+PIK3CA+RB1	same_stage_one_event	PIK3CA	1	0.25212417334650566	0.00036483035388544326	9.19825513850805e-05
rule_a_one_step	primary::GATA3+PIK3CA	primary::GATA3+PIK3CA+RB1	same_stage_one_event	RB1	1	0.014460868692687858	0.010488872674206494	0.00015167821047602187
rule_a_one_step	primary::PIK3CA+RB1+TP53	primary::GATA3+PIK3CA+RB1+TP53	same_stage_one_event	GATA3	1	0.04723365743530841	0.0007296607077708865	3.446454391485473e-05
rule_a_one_step	primary::GATA3+RB1+TP53	primary::GATA3+PIK3CA+RB1+TP53	same_stage_one_event	PIK3CA	1	0.3485122220826893	9.120758847136082e-05	3.178695932895743e-05
rule_a_one_step	primary::GATA3+PIK3CA+TP53	primary::GATA3+PIK3CA+RB1+TP53	same_stage_one_event	RB1	1	0.05958379603763923	0.0019153593578985773	0.00011412438131981247
rule_a_one_step	primary::GATA3+PIK3CA+RB1	primary::GATA3+PIK3CA+RB1+TP53	same_stage_one_event	TP53	1	0.006476231702226557	9.120758847136082e-05	5.906814759418603e-07
rule_a_one_step	primary::RB1+TP53	primary::GATA3+RB1+TP53	same_stage_one_event	GATA3	1	0.071781295649537	0.007114191900766144	0.0005106659121364361
rule_a_one_step	primary::GATA3+TP53	primary::GATA3+RB1+TP53	same_stage_one_event	RB1	1	0.04594640211520384	0.004377964246625319	0.00020115170572143233
rule_a_one_step	primary::GATA3+RB1	primary::GATA3+RB1+TP53	same_stage_one_event	TP53	1	0.09121508333920123	0.00036483035388544326	3.327803113433098e-05
rule_a_one_step	primary::MAP3K1+PIK3CA	primary::MAP2K4+MAP3K1+PIK3CA	same_stage_one_event	MAP2K4	1	0.04397664530799792	0.014410798978475008	0.0006337385952812542
rule_a_one_step	primary::MAP2K4+PIK3CA	primary::MAP2K4+MAP3K1+PIK3CA	same_stage_one_event	MAP3K1	1	0.15866958455508864	0.004651587012039402	0.0007380653787221381
rule_a_one_step	primary::NF1+TP53	primary::MAP2K4+NF1+TP53	same_stage_one_event	MAP2K4	1	0.02364909016979147	0.005381247719810288	0.00012726161255177825
rule_a_one_step	primary::MAP2K4+TP53	primary::MAP2K4+NF1+TP53	same_stage_one_event	NF1	1	0.06738131962055356	0.0021889821233126595	0.00014749650409460829
rule_a_one_step	primary::MAP2K4+NF1	primary::MAP2K4+NF1+TP53	same_stage_one_event	TP53	1	0.19339912534347262	0.00018241517694272163	3.527893567009716e-05
rule_a_one_step	primary::PIK3CA+PTEN	primary::MAP2K4+PIK3CA+PTEN	same_stage_one_event	MAP2K4	1	0.11412846909981877	0.0037395111273257936	0.00042678468014343033
rule_a_one_step	primary::MAP2K4+PTEN	primary::MAP2K4+PIK3CA+PTEN	same_stage_one_event	PIK3CA	1	0.37026167602446053	0.00036483035388544326	0.00013508269829422127
rule_a_one_step	primary::MAP2K4+PIK3CA	primary::MAP2K4+PIK3CA+PTEN	same_stage_one_event	PTEN	1	0.04347946693763272	0.004651587012039402	0.00020224852369748897
rule_a_one_step	primary::RB1	primary::MAP2K4+RB1	same_stage_one_event	MAP2K4	1	0.015970373651464538	0.0016417365924844946	2.6219146819259547e-05
rule_a_one_step	primary::MAP2K4	primary::MAP2K4+RB1	same_stage_one_event	RB1	1	0.018322405485265376	0.0031922655964976288	5.84899846756921e-05
rule_a_one_step	primary::RB1+TP53	primary::MAP2K4+RB1+TP53	same_stage_one_event	MAP2K4	1	0.035205098260741065	0.007114191900766144	0.0002504558249122403
rule_a_one_step	primary::MAP2K4+TP53	primary::MAP2K4+RB1+TP53	same_stage_one_event	RB1	1	0.06487407576330344	0.0021889821233126595	0.0001420081921123023
rule_a_one_step	primary::MAP2K4+RB1	primary::MAP2K4+RB1+TP53	same_stage_one_event	TP53	1	0.270107973243443	9.120758847136082e-05	2.4635896866421286e-05
rule_a_one_step	primary::RUNX1	primary::MAP2K4+RUNX1	same_stage_one_event	MAP2K4	1	0.01784882872126038	0.0016417365924844946	2.9303075244681393e-05
rule_a_one_step	primary::MAP2K4	primary::MAP2K4+RUNX1	same_stage_one_event	RUNX1	1	0.013726959384120859	0.0031922655964976288	4.3820100186449296e-05
rule_a_one_step	primary::NF1	primary::MAP3K1+NF1	same_stage_one_event	MAP3K1	1	0.035762098558687824	0.002553812477198103	9.132969350996527e-05
rule_a_one_step	primary::MAP3K1	primary::MAP3K1+NF1	same_stage_one_event	NF1	1	0.021904663701876746	0.00556366289675301	0.00012187016470398409
rule_a_one_step	primary::MAP3K1+PIK3CA+RUNX1	primary::MAP3K1+NF1+PIK3CA+RUNX1	same_stage_one_event	NF1	1	0.09450558392016709	0.0007296607077708865	6.895701125149003e-05
rule_a_one_step	primary::MAP3K1+NF1+PIK3CA	primary::MAP3K1+NF1+PIK3CA+RUNX1	same_stage_one_event	RUNX1	1	0.1387824932543965	0.0005472455308281649	7.594809919065843e-05
rule_a_one_step	primary::NF1+PTEN+TP53	primary::MAP3K1+NF1+PTEN+TP53	same_stage_one_event	MAP3K1	1	0.04442284551493398	0.0004560379423568041	2.0258503062264674e-05
rule_a_one_step	primary::MAP3K1+PTEN+TP53	primary::MAP3K1+NF1+PTEN+TP53	same_stage_one_event	NF1	1	0.06809604178864974	0.00036483035388544326	2.4843503023951017e-05
rule_a_one_step	primary::PIK3CA+RB1	primary::MAP3K1+PIK3CA+RB1	same_stage_one_event	MAP3K1	1	0.2598596867493107	0.0011856986501276906	0.0003081152798012622
rule_a_one_step	primary::MAP3K1+PIK3CA	primary::MAP3K1+PIK3CA+RB1	same_stage_one_event	RB1	1	0.030038059383687962	0.014410798978475008	0.00043287243548182215
rule_a_one_step	primary::PIK3CA+RUNX1+TP53	primary::MAP3K1+PIK3CA+RUNX1+TP53	same_stage_one_event	MAP3K1	1	0.2614232785443604	0.001459321415541773	0.00038150058890092727
rule_a_one_step	primary::MAP3K1+RUNX1+TP53	primary::MAP3K1+PIK3CA+RUNX1+TP53	same_stage_one_event	PIK3CA	1	0.6166338273900788	0.0005472455308281649	0.00033745010619668663
rule_a_one_step	primary::MAP3K1+PIK3CA+TP53	primary::MAP3K1+PIK3CA+RUNX1+TP53	same_stage_one_event	RUNX1	1	0.22731691963510156	0.002918642831083546	0.0006634568978769838
rule_a_one_step	primary::MAP3K1+PIK3CA+RUNX1	primary::MAP3K1+PIK3CA+RUNX1+TP53	same_stage_one_event	TP53	1	0.041133821215811425	0.0007296607077708865	3.0013733101650073e-05
rule_a_one_step	primary::PTEN+RUNX1	primary::MAP3K1+PTEN+RUNX1	same_stage_one_event	MAP3K1	1	0.04505992043627749	0.00018241517694272163	8.219613359408516e-06
rule_a_one_step	primary::MAP3K1+RUNX1	primary::MAP3K1+PTEN+RUNX1	same_stage_one_event	PTEN	1	0.0598719018290436	0.00027362276541408243	1.638231534906337e-05
rule_a_one_step	primary::MAP3K1+PTEN	primary::MAP3K1+PTEN+RUNX1	same_stage_one_event	RUNX1	1	0.017769987419907263	0.00036483035388544326	6.483030798944641e-06
rule_a_one_step	primary::PIK3CA+PTEN	primary::NF1+PIK3CA+PTEN	same_stage_one_event	NF1	1	0.06460506542428501	0.0037395111273257936	0.0002415913610357247
rule_a_one_step	primary::NF1+PTEN	primary::NF1+PIK3CA+PTEN	same_stage_one_event	PIK3CA	1	0.30206668537400233	0.00018241517694272163	5.510154786100006e-05
rule_a_one_step	primary::NF1+PIK3CA	primary::NF1+PIK3CA+PTEN	same_stage_one_event	PTEN	1	0.030103061690891036	0.0017329441809558555	5.216692558618476e-05
rule_a_one_step	primary::PIK3CA+RB1	primary::NF1+PIK3CA+RB1	same_stage_one_event	NF1	1	0.04970445672287556	0.0011856986501276906	5.893450724164377e-05
rule_a_one_step	primary::NF1+RB1	primary::NF1+PIK3CA+RB1	same_stage_one_event	PIK3CA	1	0.1640002039194996	0.00018241517694272163	2.991612621661795e-05
rule_a_one_step	primary::NF1+PIK3CA	primary::NF1+PIK3CA+RB1	same_stage_one_event	RB1	1	0.030652463716381962	0.0017329441809558555	5.311900862926462e-05
rule_a_one_step	primary::PIK3CA+RB1+RUNX1+TP53	primary::NF1+PIK3CA+RB1+RUNX1+TP53	same_stage_one_event	NF1	1	0.15278427478655313	9.120758847136082e-05	1.3935085259627245e-05
rule_a_one_step	primary::NF1+PIK3CA+RUNX1+TP53	primary::NF1+PIK3CA+RB1+RUNX1+TP53	same_stage_one_event	RB1	1	0.130136574115318	9.120758847136082e-05	1.1869443096982672e-05
rule_a_one_step	primary::PIK3CA+RUNX1+TP53	primary::NF1+PIK3CA+RUNX1+TP53	same_stage_one_event	NF1	1	0.12781414669828417	0.001459321415541773	0.0001865219214860039
rule_a_one_step	primary::NF1+RUNX1+TP53	primary::NF1+PIK3CA+RUNX1+TP53	same_stage_one_event	PIK3CA	1	0.5627804953031302	9.120758847136082e-05	5.1329851815316514e-05
rule_a_one_step	primary::NF1+PIK3CA+TP53	primary::NF1+PIK3CA+RUNX1+TP53	same_stage_one_event	RUNX1	1	0.11831169343039842	0.0028274352426121852	0.00033451865161823703
rule_a_one_step	primary::PTEN+RB1	primary::NF1+PTEN+RB1	same_stage_one_event	NF1	1	0.026570460893263714	9.120758847136082e-05	2.423427662647183e-06
rule_a_one_step	primary::NF1+RB1	primary::NF1+PTEN+RB1	same_stage_one_event	PTEN	1	0.04316693575175144	0.00018241517694272163	7.874304223230835e-06
rule_a_one_step	primary::NF1+PTEN	primary::NF1+PTEN+RB1	same_stage_one_event	RB1	1	0.016047635534818167	0.00018241517694272163	2.927332275596163e-06
rule_a_one_step	primary::PTEN+RB1+TP53	primary::NF1+PTEN+RB1+TP53	same_stage_one_event	NF1	1	0.11995026526376874	0.0010944910616563297	0.00013128449317450063
rule_a_one_step	primary::NF1+RB1+TP53	primary::NF1+PTEN+RB1+TP53	same_stage_one_event	PTEN	1	0.08265727739725122	0.00018241517694272163	1.5077941882023206e-05
rule_a_one_step	primary::NF1+PTEN+TP53	primary::NF1+PTEN+RB1+TP53	same_stage_one_event	RB1	1	0.07508936043721395	0.0004560379423568041	3.424359742667546e-05
rule_a_one_step	primary::NF1+PTEN+RB1	primary::NF1+PTEN+RB1+TP53	same_stage_one_event	TP53	1	0.5292983344854639	9.120758847136082e-05	4.827602467032688e-05
rule_a_one_step	primary::RUNX1	primary::NF1+RUNX1	same_stage_one_event	NF1	1	0.018732713392207726	0.0016417365924844946	3.075418105251177e-05
rule_a_one_step	primary::NF1	primary::NF1+RUNX1	same_stage_one_event	RUNX1	1	0.007726215994154853	0.002553812477198103	1.973130680740021e-05
rule_a_one_step	primary::RUNX1+TP53	primary::NF1+RUNX1+TP53	same_stage_one_event	NF1	1	0.06308039357675922	0.0023713973002553812	0.00014958867502697372
rule_a_one_step	primary::NF1+TP53	primary::NF1+RUNX1+TP53	same_stage_one_event	RUNX1	1	0.024275784808758145	0.005381247719810288	0.000130634011648735
rule_a_one_step	primary::NF1+RUNX1	primary::NF1+RUNX1+TP53	same_stage_one_event	TP53	1	0.35837130307157766	9.120758847136082e-05	3.268618233049778e-05
rule_a_one_step	primary::PTEN+RUNX1+TP53	primary::PIK3CA+PTEN+RUNX1+TP53	same_stage_one_event	PIK3CA	1	0.4846303774441228	0.00018241517694272163	8.840393605328763e-05
rule_a_one_step	primary::PIK3CA+RUNX1+TP53	primary::PIK3CA+PTEN+RUNX1+TP53	same_stage_one_event	PTEN	1	0.03526243484534959	0.001459321415541773	5.145922633396511e-05
rule_a_one_step	primary::PIK3CA+PTEN+TP53	primary::PIK3CA+PTEN+RUNX1+TP53	same_stage_one_event	RUNX1	1	0.10133092945468127	0.0028274352426121852	0.00028650664110681495
rule_a_one_step	primary::PIK3CA+RUNX1	primary::PIK3CA+RB1+RUNX1	same_stage_one_event	RB1	1	0.03374925146819822	0.002462604888726742	8.311107165645311e-05
rule_a_one_step	primary::PIK3CA+RB1	primary::PIK3CA+RB1+RUNX1	same_stage_one_event	RUNX1	1	0.05528572902507579	0.0011856986501276906	6.555221427635764e-05
rule_a_one_step	primary::RB1+RUNX1+TP53	primary::PIK3CA+RB1+RUNX1+TP53	same_stage_one_event	PIK3CA	1	0.33426532923565316	0.00027362276541408243	9.146260376750816e-05
rule_a_one_step	primary::PIK3CA+RUNX1+TP53	primary::PIK3CA+RB1+RUNX1+TP53	same_stage_one_event	RB1	1	0.11818645066812417	0.001459321415541773	0.00017247201848686488
rule_a_one_step	primary::PIK3CA+RB1+TP53	primary::PIK3CA+RB1+RUNX1+TP53	same_stage_one_event	RUNX1	1	0.12669015247578647	0.0007296607077708865	9.244082632308388e-05
rule_a_one_step	primary::PIK3CA+RB1+RUNX1	primary::PIK3CA+RB1+RUNX1+TP53	same_stage_one_event	TP53	1	0.09508193017076888	9.120758847136082e-05	8.672193558078154e-06
rule_a_one_step	primary::RB1	primary::PTEN+RB1	same_stage_one_event	PTEN	1	0.044743135140986046	0.0016417365924844946	7.345644222343568e-05
rule_a_one_step	primary::PTEN	primary::PTEN+RB1	same_stage_one_event	RB1	1	0.01745514472883301	0.007114191900766144	0.00012417924925656464
rule_a_one_step	unknown::ATM+PIK3CA	unknown::AKT1+ATM+PIK3CA	same_stage_one_event	AKT1	1	0.02273797331677754	9.120758847136082e-05	2.073875712949429e-06
rule_a_one_step	unknown::AKT1+PIK3CA	unknown::AKT1+ATM+PIK3CA	same_stage_one_event	ATM	1	0.03988081867207748	9.120758847136082e-05	3.6374332973438052e-06
rule_a_one_step	unknown::ESR1+PIK3CA	unknown::AKT1+ESR1+PIK3CA	same_stage_one_event	AKT1	1	0.023262669681145744	9.120758847136082e-05	2.121732003023143e-06
rule_a_one_step	unknown::AKT1+PIK3CA	unknown::AKT1+ESR1+PIK3CA	same_stage_one_event	ESR1	1	0.03605663519179079	9.120758847136082e-05	3.28863874423484e-06
rule_a_one_step	unknown::PIK3CA	unknown::AKT1+PIK3CA	same_stage_one_event	AKT1	1	0.020216920175512416	0.0010944910616563297	2.2127238426317857e-05
rule_a_one_step	unknown::ATM+PIK3CA+TP53	unknown::ATM+ESR1+PIK3CA+TP53	same_stage_one_event	ESR1	1	0.025709996478820406	9.120758847136082e-05	2.344946778440387e-06
rule_a_one_step	unknown::PIK3CA	unknown::ATM+PIK3CA	same_stage_one_event	ATM	1	0.03683665352750729	0.0010944910616563297	4.031738802718784e-05
rule_a_one_step	unknown::PIK3CA+TP53	unknown::ATM+PIK3CA+TP53	same_stage_one_event	ATM	1	0.06774437658643234	0.001003283473184969	6.796681343038634e-05
rule_a_one_step	unknown::ATM+TP53	unknown::ATM+PIK3CA+TP53	same_stage_one_event	PIK3CA	1	0.4145521272325841	0.00018241517694272163	7.562059964111348e-05
rule_a_one_step	unknown::ATM+PIK3CA	unknown::ATM+PIK3CA+TP53	same_stage_one_event	TP53	1	0.03979374040192536	9.120758847136082e-05	3.629491098314973e-06
rule_a_one_step	unknown::WT	unknown::BRCA1	same_stage_one_event	BRCA1	1	0.011957000054111558	0.03657424297701569	0.0004373182252552659
rule_a_one_step	unknown::CBFB+GATA3	unknown::BRCA1+CBFB+GATA3	same_stage_one_event	BRCA1	1	0.023875018939470204	9.120758847136082e-05	2.1775829021771435e-06
rule_a_one_step	unknown::WT	unknown::BRCA2	same_stage_one_event	BRCA2	1	0.01795348088966434	0.03657424297701569	0.0006566349723417914
rule_a_one_step	unknown::BRCA2+TP53	unknown::BRCA2+CBFB+TP53	same_stage_one_event	CBFB	1	0.004818987251434675	0.00036483035388544326	1.758112824310352e-06
rule_a_one_step	unknown::PIK3CA+TP53	unknown::BRCA2+PIK3CA+TP53	same_stage_one_event	BRCA2	1	0.05652358529729506	0.001003283473184969	5.670917897393704e-05
rule_a_one_step	unknown::BRCA2+TP53	unknown::BRCA2+PIK3CA+TP53	same_stage_one_event	PIK3CA	1	0.4068363182646428	0.00036483035388544326	0.00014842623796594044
rule_a_one_step	unknown::BRCA2+PIK3CA	unknown::BRCA2+PIK3CA+TP53	same_stage_one_event	TP53	1	0.03376744320938818	0.00018241517694272163	6.159694127943849e-06
rule_a_one_step	unknown::BRCA2+TP53	unknown::BRCA2+RB1+TP53	same_stage_one_event	RB1	1	0.07115901668771028	0.00036483035388544326	2.5960969240317504e-05
rule_a_one_step	unknown::GATA3	unknown::CBFB+GATA3	same_stage_one_event	CBFB	1	0.11775479114982068	0.0005472455308281649	6.444078319034331e-05
rule_a_one_step	unknown::GATA3+PIK3CA	unknown::ESR1+GATA3+PIK3CA	same_stage_one_event	ESR1	1	0.06282256223092646	9.120758847136082e-05	5.729894402674795e-06
rule_a_one_step	unknown::ESR1+PIK3CA	unknown::ESR1+GATA3+PIK3CA	same_stage_one_event	GATA3	1	0.16622790858183098	9.120758847136082e-05	1.5161246678386626e-05
rule_a_one_step	unknown::GATA3+TP53	unknown::ESR1+GATA3+TP53	same_stage_one_event	ESR1	1	0.0518477829559976	0.00018241517694272163	9.457822502006129e-06
rule_a_one_step	unknown::ESR1+TP53	unknown::ESR1+GATA3+TP53	same_stage_one_event	GATA3	1	0.0713863109405456	9.120758847136082e-05	6.5109732707538845e-06
rule_a_one_step	unknown::PIK3CA	unknown::ESR1+PIK3CA	same_stage_one_event	ESR1	1	0.048875488062376175	0.0010944910616563297	5.349378481836137e-05
rule_a_one_step	unknown::ESR1	unknown::ESR1+PIK3CA	same_stage_one_event	PIK3CA	1	0.3378879591803447	0.0004560379423568041	0.0001540897296517442
rule_a_one_step	unknown::TP53	unknown::ESR1+TP53	same_stage_one_event	ESR1	1	0.026653421023359592	0.003009850419554907	8.022281044973245e-05
rule_a_one_step	unknown::ESR1	unknown::ESR1+TP53	same_stage_one_event	TP53	1	0.14324716718304256	0.0004560379423568041	6.532614337059584e-05
rule_a_one_step	unknown::PIK3CA	unknown::GATA3+PIK3CA	same_stage_one_event	GATA3	1	0.127418565891597	0.0010944910616563297	0.00013945848145742101
rule_a_one_step	unknown::GATA3	unknown::GATA3+PIK3CA	same_stage_one_event	PIK3CA	1	0.3705118826851168	0.0005472455308281649	0.0002027609719181595
rule_a_one_step	unknown::PIK3CA+TP53	unknown::GATA3+PIK3CA+TP53	same_stage_one_event	GATA3	1	0.04978834140977261	0.001003283473184969	4.9951820093715684e-05
rule_a_one_step	unknown::GATA3+TP53	unknown::GATA3+PIK3CA+TP53	same_stage_one_event	PIK3CA	1	0.46751722137667734	0.00018241517694272163	8.528223666119616e-05
rule_a_one_step	unknown::GATA3+PIK3CA	unknown::GATA3+PIK3CA+TP53	same_stage_one_event	TP53	1	0.006239472255460205	9.120758847136082e-05	5.690872177544879e-07
rule_a_one_step	unknown::TP53	unknown::MAP2K4+TP53	same_stage_one_event	MAP2K4	1	0.027158283328439677	0.003009850419554907	8.17423704704952e-05
rule_a_one_step	unknown::PIK3CA	unknown::MAP3K1+PIK3CA	same_stage_one_event	MAP3K1	1	0.2712121874694701	0.0010944910616563297	0.0002968393149975959
rule_a_one_step	unknown::PIK3CA+TP53	unknown::MAP3K1+PIK3CA+TP53	same_stage_one_event	MAP3K1	1	0.23004635936318948	0.001003283473184969	0.00023080171041545827
rule_a_one_step	unknown::MAP3K1+PIK3CA	unknown::MAP3K1+PIK3CA+TP53	same_stage_one_event	TP53	1	0.04984504447095829	9.120758847136082e-05	4.5462463034438424e-06
rule_a_one_step	unknown::PIK3CA	unknown::NF1+PIK3CA	same_stage_one_event	NF1	1	0.04513755321437887	0.0010944910616563297	4.940264853817461e-05
rule_a_one_step	unknown::PIK3CA	unknown::PIK3CA+PTEN	same_stage_one_event	PTEN	1	0.029730377065368543	0.0010944910616563297	3.253963195771821e-05
rule_a_one_step	unknown::RUNX1+TP53	unknown::PIK3CA+RUNX1+TP53	same_stage_one_event	PIK3CA	1	0.43694314869593687	0.00018241517694272163	7.970506178327925e-05
rule_a_one_step	unknown::PIK3CA+TP53	unknown::PIK3CA+RUNX1+TP53	same_stage_one_event	RUNX1	1	0.10799075783798595	0.001003283473184969	0.00010834534259557147
rule_a_one_step	unknown::TP53	unknown::PTEN+TP53	same_stage_one_event	PTEN	1	0.06533635677841977	0.003009850419554907	0.00019665266086171584
